
BEGIN;
CREATE TABLE IF NOT EXISTS competition (
  id VARCHAR(255) NOT NULL PRIMARY KEY,
  tenant_id BIGINT NOT NULL,
  title TEXT NOT NULL,
  finished_at BIGINT NULL,
  created_at BIGINT NOT NULL,
  updated_at BIGINT NOT NULL
);
INSERT INTO competition VALUES('954f1d45',10,'限界集落横浜PERFECTカップ',NULL,1651613699,1652469036);
INSERT INTO competition VALUES('2c18abeb2',10,'Dr.パエリア小屋カップ',NULL,1652546903,1653285431);
INSERT INTO competition VALUES('481af79ea',10,'ソラ土下座杯',NULL,1653298763,1653583889);
INSERT INTO competition VALUES('4ca764e37',10,'第6回 夏のココナッツラボ',NULL,1653420862,1653545226);
INSERT INTO competition VALUES('5256914c7',10,'コンテナBETTER',1653786470,1653573448,1653786470);
INSERT INTO competition VALUES('61785ac11',10,'GPU物語杯',1653986461,1653979644,1653986461);
CREATE TABLE IF NOT EXISTS player (
  id VARCHAR(255) NOT NULL PRIMARY KEY,
  tenant_id BIGINT NOT NULL,
  display_name TEXT NOT NULL,
  is_disqualified BOOLEAN NOT NULL,
  created_at BIGINT NOT NULL,
  updated_at BIGINT NOT NULL
);
INSERT INTO player VALUES('5ff1288f',10,'Ellie Kemmer',0,1651524164,1653548713);
INSERT INTO player VALUES('6cf47513',10,'Josianne Nader',0,1651545996,1653065430);
INSERT INTO player VALUES('6fc6f5f5',10,'Corine Jast MD',0,1651550731,1652055545);
INSERT INTO player VALUES('7f69573c',10,'Kaden Morar',0,1651576961,1652759217);
INSERT INTO player VALUES('8bcfeea8',10,'Valentine Walter',0,1651597766,1652878153);
INSERT INTO player VALUES('8bf3f15c',10,'Destiny White',0,1651598002,1653169984);
INSERT INTO player VALUES('8e39c297',10,'Gail Leffler',0,1651601815,1652325377);
INSERT INTO player VALUES('9e8d728a',10,'Margret Harris',0,1651629207,1652502379);
INSERT INTO player VALUES('b08d72ea',10,'Mr. Cory Armstrong',1,1651659406,1652633149);
INSERT INTO player VALUES('c250df98',10,'Emanuel Konopelski',0,1651689208,1653269750);
INSERT INTO player VALUES('c2b1282b',10,'Piper Schroeder',0,1651689839,1652660186);
INSERT INTO player VALUES('c5349ea1',10,'Ms. Madie Batz Sr.',1,1651694056,1652531572);
INSERT INTO player VALUES('cf32e8c1',10,'Mr. Bennie Grady',1,1651710822,1653283974);
INSERT INTO player VALUES('d54c301f',10,'Carey Lesch',0,1651721054,1652345461);
INSERT INTO player VALUES('dc19ac7d',10,'Carolina Erdman',0,1651732467,1653010714);
INSERT INTO player VALUES('ec327634',10,'Cruz Windler',0,1651759473,1652649328);
INSERT INTO player VALUES('edb2adbe',10,'Roberta Balistreri',0,1651761991,1652811876);
INSERT INTO player VALUES('118dc7b8e',10,'Clovis Veum PhD',1,1651834407,1653002749);
INSERT INTO player VALUES('11edc95d3',10,'Brianne Johns',0,1651844474,1653743794);
INSERT INTO player VALUES('126f09bb9',10,'Brown Sauer',0,1651858027,1652623971);
INSERT INTO player VALUES('12b28c729',10,'Alexie Shanahan',0,1651865106,1652454742);
INSERT INTO player VALUES('12e2e1801',10,'Bridie Leannon',0,1651870174,1653011113);
INSERT INTO player VALUES('12e36a370',10,'Ms. Elouise Zieme',0,1651870230,1653612980);
INSERT INTO player VALUES('130df0743',10,'Ms. Cecelia Bosco DVM',0,1651874689,1652503818);
INSERT INTO player VALUES('14f0d02e4',10,'Mr. Eugene Keeling',0,1651925322,1652413147);
INSERT INTO player VALUES('14fbc0760',10,'Ms. Rosalyn Medhurst',0,1651926469,1653692237);
INSERT INTO player VALUES('14ff789c5',10,'Jaquelin Stamm',1,1651926859,1652888482);
INSERT INTO player VALUES('151ffdcde',10,'Gaylord Kohler',0,1651930269,1653648631);
INSERT INTO player VALUES('15327e211',10,'Ms. Amalia Adams',0,1651932209,1653774086);
INSERT INTO player VALUES('157fa2ace',10,'Mr. Johan Nienow',0,1651940298,1654036086);
INSERT INTO player VALUES('168ab8b0e',10,'Ms. Katlyn Hansen MD',0,1651968304,1653203050);
INSERT INTO player VALUES('1715a23b6',10,'Gus Murphy',0,1651982870,1653466554);
INSERT INTO player VALUES('17415e855',10,'Ms. Ellie Parisian',0,1651987456,1652245358);
INSERT INTO player VALUES('1761c18a1',10,'Bella Schmitt',0,1651990852,1653772336);
INSERT INTO player VALUES('199b715e7',10,'Aniya Strosin',0,1652050588,1652520995);
INSERT INTO player VALUES('19fcd5057',10,'Mr. Quinten Dickinson MD',0,1652060800,1652706143);
INSERT INTO player VALUES('1a25a8ab7',10,'Bruce Hansen',0,1652065081,1652859007);
INSERT INTO player VALUES('1a6798908',10,'Birdie Reichert DVM',0,1652071995,1652884229);
INSERT INTO player VALUES('1b41592d8',10,'Ms. Aryanna Kuhn',0,1652094828,1653345276);
INSERT INTO player VALUES('1b860a9f8',10,'Aurelio Watsica',1,1652102031,1652492167);
INSERT INTO player VALUES('1ba43e904',10,'Mr. Jerod Frami MD',0,1652105198,1653328476);
INSERT INTO player VALUES('1bad812c4',10,'Mr. Berta Swift',0,1652106169,1652549214);
INSERT INTO player VALUES('1bb8f54d4',10,'Katarina Lubowitz',1,1652107370,1653325581);
INSERT INTO player VALUES('1bef42ac4',10,'Gay Waelchi',0,1652113064,1652777425);
INSERT INTO player VALUES('1c26ab3eb',10,'Ms. Colleen Zieme I',0,1652118874,1653565223);
INSERT INTO player VALUES('1c3082c26',10,'Wilfrid Kub',0,1652119906,1653306409);
INSERT INTO player VALUES('1c5cc2e6a',10,'Chaz Brekke',0,1652124546,1653868822);
INSERT INTO player VALUES('1c8704c3e',10,'Dimitri Kshlerin I',0,1652128977,1652554276);
INSERT INTO player VALUES('1ce35a768',10,'Tatyana Wuckert',0,1652138659,1653365798);
INSERT INTO player VALUES('1e078a41f',10,'Ms. Joy Kiehn',0,1652169297,1653696680);
INSERT INTO player VALUES('1ec113d5d',10,'Elissa Boyer',0,1652188752,1654023970);
INSERT INTO player VALUES('1f2d51ca2',10,'Rhea Stracke',0,1652200102,1653294963);
INSERT INTO player VALUES('1febee299',10,'Adolphus Lind Sr.',0,1652220089,1652516072);
INSERT INTO player VALUES('2010f898a',10,'Ms. Ciara Kub',1,1652223973,1652290996);
INSERT INTO player VALUES('21309bd61',10,'Ms. Lavonne Mraz Sr.',0,1652254134,1653881676);
INSERT INTO player VALUES('2136a05fe',10,'Melyna Bednar DDS',0,1652254765,1652850941);
INSERT INTO player VALUES('214dd1e02',10,'Palma Ratke',0,1652257197,1653416494);
INSERT INTO player VALUES('215b83b98',10,'Ms. Kaylie Simonis V',0,1652258633,1652534512);
INSERT INTO player VALUES('21e111323',10,'Janis Padberg',0,1652272637,1652546128);
INSERT INTO player VALUES('242ccc2a6',10,'Pat Welch',0,1652334265,1653045699);
INSERT INTO player VALUES('249f61ad0',10,'Hattie Corkery',0,1652346280,1652541051);
INSERT INTO player VALUES('24c7d3ae3',10,'Ms. Gertrude O"Hara Sr.',0,1652350521,1653607296);
INSERT INTO player VALUES('251b2b1da',10,'Brian Fahey',0,1652359260,1652462183);
INSERT INTO player VALUES('25c169b84',10,'Nyah Macejkovic',0,1652376692,1652664889);
INSERT INTO player VALUES('25f9f9b52',10,'Esmeralda Bailey',0,1652382623,1653306980);
INSERT INTO player VALUES('274284258',10,'Jorge Luettgen',0,1652417073,1653040455);
INSERT INTO player VALUES('2789fe7b6',10,'Eulalia Walsh I',0,1652424568,1652806168);
INSERT INTO player VALUES('28477fa9a',10,'Reymundo Denesik',0,1652444439,1652606397);
INSERT INTO player VALUES('2a24a8f91',10,'Dashawn Boyer',0,1652494473,1652733715);
INSERT INTO player VALUES('2a7d94a9f',10,'Annabell Orn',0,1652503797,1653291686);
INSERT INTO player VALUES('2a89b88f9',10,'Collin Jenkins V',1,1652505070,1652974782);
INSERT INTO player VALUES('2a970b37b',10,'Brandon Koelpin',0,1652506467,1653421375);
INSERT INTO player VALUES('2b1f68dfc',10,'Mr. August Wisozk',0,1652520766,1652832480);
INSERT INTO player VALUES('2c57edc24',10,'Henderson Sporer',0,1652553536,1653821369);
INSERT INTO player VALUES('2cd74abdd',10,'Earline Kiehn I',1,1652566891,1653696005);
INSERT INTO player VALUES('2e02b5255',10,'Ms. Dina Gutmann IV',0,1652598287,1653964559);
INSERT INTO player VALUES('2ea377e9f',10,'Mr. Maverick Prosacco',0,1652615144,1653176648);
INSERT INTO player VALUES('2ef5bb7a0',10,'Rhea Hammes IV',0,1652623770,1653745366);
INSERT INTO player VALUES('2f11eeb83',10,'Mr. Wendell Ondricka',0,1652626727,1653696285);
INSERT INTO player VALUES('2f39765b1',10,'Hilma Williamson',0,1652630872,1652981144);
INSERT INTO player VALUES('2fe0a6a4d',10,'Mia Dach',0,1652648403,1653776638);
INSERT INTO player VALUES('308181dbc',10,'Tito McClure',0,1652665270,1653537522);
INSERT INTO player VALUES('30993e7ff',10,'Mr. Warren Howe III',0,1652667759,1653693752);
INSERT INTO player VALUES('30c5f15f1',10,'Myah Sawayn',0,1652672446,1653094527);
INSERT INTO player VALUES('313a51de6',10,'Nayeli Cremin',0,1652684649,1653843989);
INSERT INTO player VALUES('318cfbf5b',10,'Maye Zieme IV',0,1652693317,1653607059);
INSERT INTO player VALUES('3233f68ca',10,'Mr. Garnet Jast',0,1652710826,1653623605);
INSERT INTO player VALUES('3326d3666',10,'Eldon Quitzon',0,1652736292,1653065118);
INSERT INTO player VALUES('332f9e61c',10,'Ford Rau',0,1652737214,1653741552);
INSERT INTO player VALUES('3587478de',10,'Raul Runolfsson',0,1652800093,1653353770);
INSERT INTO player VALUES('3589e20e1',10,'Ms. Myrtle Grimes',0,1652800366,1653153564);
INSERT INTO player VALUES('358b7275e',10,'Mr. Lucius Mitchell V',0,1652800530,1652845632);
INSERT INTO player VALUES('3611bbe30',10,'Stacy Jenkins',0,1652814611,1652962626);
INSERT INTO player VALUES('3615c49a3',10,'Mr. Harry Kling',0,1652815034,1653970070);
INSERT INTO player VALUES('37b7161e7',10,'Kayli King',0,1652858793,1653671171);
INSERT INTO player VALUES('387d5fd61',10,'Ms. Leann Greenfelder Sr.',0,1652879585,1653282894);
INSERT INTO player VALUES('389f1b17d',10,'Darrion Heathcote',0,1652883122,1653687958);
INSERT INTO player VALUES('3a13029c4',10,'Anais Murray',0,1652922119,1653980041);
INSERT INTO player VALUES('3c0304256',10,'Mr. Jovany Nolan I',0,1652974129,1653130943);
INSERT INTO player VALUES('3c2efd783',10,'Kathryn Swift',0,1652978740,1653821620);
INSERT INTO player VALUES('3c5728acd',10,'Leonor Cummerata',1,1652982952,1653065877);
INSERT INTO player VALUES('3c7c10e7a',10,'Benny Turner',0,1652986822,1653001301);
INSERT INTO player VALUES('3dc7c5e65',10,'Ms. Audrey Larkin',1,1653021604,1654032597);
INSERT INTO player VALUES('3e1896606',10,'Francisco Terry',1,1653030078,1653621366);
INSERT INTO player VALUES('3e37e09fc',10,'Susan Schneider',0,1653033359,1653527573);
INSERT INTO player VALUES('3e501eaf1',10,'Colleen Bernhard',0,1653035901,1653723833);
INSERT INTO player VALUES('3edcb104c',10,'Ms. Tia Padberg III',0,1653050641,1653165309);
INSERT INTO player VALUES('4054f4411',10,'Providenci Auer',0,1653090095,1653282153);
INSERT INTO player VALUES('4094ed345',10,'Gabrielle Aufderhar',0,1653096803,1653567410);
INSERT INTO player VALUES('40c74f2b4',10,'Mr. Jerome Bogisich',0,1653102086,1653492066);
INSERT INTO player VALUES('40e2a6af1',10,'Ms. Henriette Mueller V',0,1653104953,1653957197);
INSERT INTO player VALUES('41bc42ac4',10,'Anastacio Kihn',1,1653127771,1653855144);
INSERT INTO player VALUES('4243bfbc7',10,'Dina Stark',0,1653141978,1654010196);
INSERT INTO player VALUES('4258da917',10,'Anastasia Johnston',0,1653144191,1653558508);
INSERT INTO player VALUES('426693bf1',10,'Maegan Lang',0,1653145630,1653700351);
INSERT INTO player VALUES('43b6b801b',10,'Nannie Eichmann',0,1653180877,1653442757);
INSERT INTO player VALUES('4425b9f65',10,'Florine Willms IV',0,1653192517,1654016623);
INSERT INTO player VALUES('44571b944',10,'Mr. Deshawn Balistreri',0,1653197695,1653469542);
INSERT INTO player VALUES('44d42c2d0',10,'Earnestine Mitchell',0,1653210809,1653864179);
INSERT INTO player VALUES('45793c0a7',10,'Hardy Walker',0,1653228117,1653401159);
INSERT INTO player VALUES('457b9bf3d',10,'Gavin Gibson',0,1653228366,1653305839);
INSERT INTO player VALUES('45c5d2f88',10,'Bettie Flatley',0,1653236148,1653456220);
INSERT INTO player VALUES('469575438',10,'Zakary Murphy',0,1653257920,1653764917);
INSERT INTO player VALUES('49756fe75',10,'Ms. Marge Mosciski MD',0,1653335093,1653812189);
INSERT INTO player VALUES('4ae023779',10,'Mr. Eino Metz',0,1653373125,1653992780);
INSERT INTO player VALUES('4b42f072c',10,'Albertha Ullrich Jr.',0,1653383485,1653514548);
INSERT INTO player VALUES('4cb10e055',10,'Chauncey Torp',1,1653421875,1653578157);
INSERT INTO player VALUES('4d5e1e3a0',10,'Arnoldo Hoeger',0,1653440022,1653947656);
INSERT INTO player VALUES('4dc363851',10,'Hollie Mitchell',1,1653450641,1653811819);
INSERT INTO player VALUES('4ded6109e',10,'Logan Borer',0,1653455044,1653474547);
INSERT INTO player VALUES('4e07a98d8',10,'Josefina Stiedemann',0,1653457800,1653567596);
INSERT INTO player VALUES('4f8005308',10,'Adelle Nikolaus',0,1653497264,1653783809);
INSERT INTO player VALUES('4f945085d',10,'Ryleigh Swift',0,1653499392,1653903000);
INSERT INTO player VALUES('50156763d',10,'Elmira Batz',0,1653512928,1653720185);
INSERT INTO player VALUES('502a64ec3',10,'Elizabeth Rosenbaum',0,1653515129,1653598294);
INSERT INTO player VALUES('50d655079',10,'Marielle Bartoletti I',1,1653533158,1653971847);
INSERT INTO player VALUES('5218c9dcb',10,'Ms. Rebeca Johnston PhD',1,1653566970,1653870609);
INSERT INTO player VALUES('524276cc4',10,'Genesis Moore',0,1653571340,1653625589);
INSERT INTO player VALUES('52dd94491',10,'Mr. Kieran Bergstrom DDS',0,1653587605,1653959453);
INSERT INTO player VALUES('533c8e41e',10,'Jerald Kautzer',0,1653597564,1653948900);
INSERT INTO player VALUES('534f30bf1',10,'Mr. Ulices Reichel',0,1653599518,1653938103);
INSERT INTO player VALUES('53acc6435',10,'Lilly Kulas',0,1653609331,1653706019);
INSERT INTO player VALUES('5423dc1ff',10,'Elinore Glover',0,1653621818,1653834610);
INSERT INTO player VALUES('54c1cc3f6',10,'Cicero Wilderman',0,1653638379,1653899247);
INSERT INTO player VALUES('54da33cc7',10,'Julian Adams',0,1653640938,1653767881);
INSERT INTO player VALUES('55013799b',10,'Keeley Goldner',0,1653645029,1653829724);
INSERT INTO player VALUES('5587b1dcc',10,'Lauriane Emard',0,1653659130,1653962716);
INSERT INTO player VALUES('5593ac47c',10,'Ansley Homenick',0,1653660386,1653885449);
INSERT INTO player VALUES('562e71d8b',10,'Mr. Doug Hoppe',0,1653676615,1653930724);
INSERT INTO player VALUES('56807fb55',10,'Mr. Everett Haag',0,1653685219,1653742972);
INSERT INTO player VALUES('56dae83fb',10,'Juwan Kovacek',0,1653694699,1653854575);
INSERT INTO player VALUES('58c34637a',10,'Ms. Yadira Tillman',0,1653745908,1653901593);
INSERT INTO player VALUES('59d69249d',10,'George Purdy',0,1653774775,1653795888);
INSERT INTO player VALUES('5a9db066e',10,'Trinity Runte',0,1653795654,1653977189);
INSERT INTO player VALUES('5b42b40f7',10,'Viola Kuhlman',0,1653812957,1653838124);
INSERT INTO player VALUES('5bca42368',10,'Anibal Ward',0,1653827171,1653919485);
INSERT INTO player VALUES('5c5b9e20e',10,'Harmon Bosco',0,1653842413,1653983193);
INSERT INTO player VALUES('5c6d404b7',10,'Sherman Dicki',1,1653844262,1653845315);
INSERT INTO player VALUES('5dbc50aa3',10,'Rahsaan Davis',0,1653879396,1653906795);
INSERT INTO player VALUES('60d52485d',10,'Kyle Padberg II',0,1653962530,1653969026);
INSERT INTO player VALUES('6139510e7',10,'Karianne Aufderhar I',0,1653973034,1654034495);
INSERT INTO player VALUES('627288299',10,'Alfonzo Mayer',0,1654005877,1654015143);
INSERT INTO player VALUES('62f3e0f43',10,'Rubie Rohan PhD',0,1654019440,1654032079);
INSERT INTO player VALUES('637079ec9',10,'Ms. Electa West DVM',0,1654032505,1654033224);
INSERT INTO player VALUES('63bdc7f4d',10,'Ferne Waelchi',1,1654040611,1654041110);
CREATE TABLE IF NOT EXISTS IF NOT EXISTS player_score (
                              id VARCHAR(255) NOT NULL PRIMARY KEY,
                              tenant_id BIGINT NOT NULL,
                              player_id VARCHAR(255) NOT NULL,
                              competition_id VARCHAR(255) NOT NULL,
                              score BIGINT NOT NULL,
                              row_num BIGINT NOT NULL,
                              created_at BIGINT NOT NULL,
                              updated_at BIGINT NOT NULL
);
INSERT INTO player_score VALUES('6203cf6cb',10,'118dc7b8e','2c18abeb2',25830,2826,1653994267,1653994267);
INSERT INTO player_score VALUES('61c7d7df3',10,'118dc7b8e','481af79ea',146160,2906,1653987979,1653987979);
INSERT INTO player_score VALUES('637da7f3c',10,'118dc7b8e','4ca764e37',74646,3027,1654033887,1654033887);
INSERT INTO player_score VALUES('5987dd5c6',10,'118dc7b8e','5256914c7',72900,2658,1653766522,1653766522);
INSERT INTO player_score VALUES('61b761ff0',10,'118dc7b8e','61785ac11',25284,3045,1653986253,1653986253);
INSERT INTO player_score VALUES('623a464bd',10,'118dc7b8e','954f1d45',23373,3253,1653999978,1653999978);
INSERT INTO player_score VALUES('5ec43e8f6',10,'11edc95d3','2c18abeb2',30420,2656,1653907071,1653907071);
INSERT INTO player_score VALUES('63439d8e6',10,'11edc95d3','481af79ea',8704,3068,1654027801,1654027801);
INSERT INTO player_score VALUES('6369d9278',10,'11edc95d3','4ca764e37',102921,3015,1654031810,1654031810);
INSERT INTO player_score VALUES('61a6b3fae',10,'11edc95d3','61785ac11',686070,2228,1653984504,1653984504);
INSERT INTO player_score VALUES('60a399698',10,'11edc95d3','954f1d45',296496,3196,1653957335,1653957335);
INSERT INTO player_score VALUES('61b42b3f8',10,'126f09bb9','2c18abeb2',3096,2811,1653985916,1653985916);
INSERT INTO player_score VALUES('6257aab5d',10,'126f09bb9','481af79ea',139840,2970,1654003060,1654003060);
INSERT INTO player_score VALUES('5d64ff246',10,'126f09bb9','4ca764e37',222144,2221,1653870240,1653870240);
INSERT INTO player_score VALUES('5a30a7ce4',10,'126f09bb9','5256914c7',282720,2919,1653784221,1653784221);
INSERT INTO player_score VALUES('61b76e367',10,'126f09bb9','61785ac11',3600,3048,1653986258,1653986258);
INSERT INTO player_score VALUES('63714be28',10,'12b28c729','2c18abeb2',245718,2901,1654032591,1654032591);
INSERT INTO player_score VALUES('623c421d2',10,'12b28c729','481af79ea',139650,2961,1654000186,1654000186);
INSERT INTO player_score VALUES('63a93f9c1',10,'12b28c729','4ca764e37',103733,3048,1654038458,1654038458);
INSERT INTO player_score VALUES('5a2ad41ea',10,'12b28c729','5256914c7',43890,2911,1653783610,1653783610);
INSERT INTO player_score VALUES('61b864c83',10,'12b28c729','61785ac11',479400,3106,1653986359,1653986359);
INSERT INTO player_score VALUES('5eb3efc4d',10,'12e2e1801','2c18abeb2',88704,2653,1653905361,1653905361);
INSERT INTO player_score VALUES('61a64d72b',10,'12e2e1801','481af79ea',29601,2889,1653984462,1653984462);
INSERT INTO player_score VALUES('635f56b81',10,'12e2e1801','4ca764e37',60102,3010,1654030708,1654030708);
INSERT INTO player_score VALUES('58b7a6223',10,'12e2e1801','5256914c7',27648,2367,1653744689,1653744689);
INSERT INTO player_score VALUES('61b2fa111',10,'12e2e1801','61785ac11',219834,2829,1653985791,1653985791);
INSERT INTO player_score VALUES('5e45a0063',10,'12e2e1801','954f1d45',10736,3100,1653893794,1653893794);
INSERT INTO player_score VALUES('603020e08',10,'12e36a370','2c18abeb2',29106,2732,1653945227,1653945227);
INSERT INTO player_score VALUES('61e927b13',10,'12e36a370','481af79ea',60912,2916,1653991472,1653991472);
INSERT INTO player_score VALUES('63342ce9d',10,'12e36a370','4ca764e37',151704,2991,1654026182,1654026182);
INSERT INTO player_score VALUES('5a3fb9398',10,'12e36a370','5256914c7',8500,2940,1653785801,1653785801);
INSERT INTO player_score VALUES('61b905ec3',10,'12e36a370','61785ac11',293166,3131,1653986425,1653986425);
INSERT INTO player_score VALUES('5c4367643',10,'12e36a370','954f1d45',182160,3030,1653839874,1653839874);
INSERT INTO player_score VALUES('6223607d7',10,'130df0743','2c18abeb2',107502,2835,1653997577,1653997577);
INSERT INTO player_score VALUES('63b66b302',10,'130df0743','481af79ea',162498,3113,1654039839,1654039839);
INSERT INTO player_score VALUES('62c87a1c7',10,'130df0743','4ca764e37',26182,2927,1654014889,1654014889);
INSERT INTO player_score VALUES('59354457e',10,'130df0743','5256914c7',35955,2549,1653757861,1653757861);
INSERT INTO player_score VALUES('6299d7a20',10,'130df0743','954f1d45',24480,3277,1654009999,1654009999);
INSERT INTO player_score VALUES('607782cd4',10,'14f0d02e4','2c18abeb2',378432,2747,1653952712,1653952712);
INSERT INTO player_score VALUES('609ff4ccd',10,'14f0d02e4','481af79ea',0,2760,1653956953,1653956953);
INSERT INTO player_score VALUES('634e05225',10,'14f0d02e4','4ca764e37',102272,3002,1654028892,1654028892);
INSERT INTO player_score VALUES('5a1ef4923',10,'14f0d02e4','5256914c7',7696,2901,1653782365,1653782365);
INSERT INTO player_score VALUES('61b3371d9',10,'14f0d02e4','61785ac11',44770,2847,1653985816,1653985816);
INSERT INTO player_score VALUES('6201dd628',10,'14f0d02e4','954f1d45',32384,3239,1653994063,1653994063);
INSERT INTO player_score VALUES('638f209b6',10,'14fbc0760','2c18abeb2',56862,2905,1654035719,1654035719);
INSERT INTO player_score VALUES('633311b37',10,'14fbc0760','4ca764e37',137280,2990,1654026066,1654026066);
INSERT INTO player_score VALUES('5a226d3de',10,'14fbc0760','5256914c7',74256,2903,1653782729,1653782729);
INSERT INTO player_score VALUES('61a875366',10,'14fbc0760','61785ac11',32850,2307,1653984688,1653984688);
INSERT INTO player_score VALUES('635301fc1',10,'14fbc0760','954f1d45',160064,3309,1654029415,1654029415);
INSERT INTO player_score VALUES('5ff42bbe0',10,'14ff789c5','2c18abeb2',55552,2715,1653938940,1653938940);
INSERT INTO player_score VALUES('63ae96cf1',10,'14ff789c5','481af79ea',309632,3108,1654039018,1654039018);
INSERT INTO player_score VALUES('6313858c5',10,'14ff789c5','4ca764e37',179712,2967,1654022758,1654022758);
INSERT INTO player_score VALUES('59f1c04ce',10,'14ff789c5','5256914c7',12800,2833,1653777625,1653777625);
INSERT INTO player_score VALUES('61b811c80',10,'14ff789c5','61785ac11',29016,3082,1653986325,1653986325);
INSERT INTO player_score VALUES('60a98cd93',10,'14ff789c5','954f1d45',84175,3199,1653957959,1653957959);
INSERT INTO player_score VALUES('6177b4ba5',10,'151ffdcde','2c18abeb2',84480,2802,1653979576,1653979576);
INSERT INTO player_score VALUES('61eeaad48',10,'151ffdcde','481af79ea',434826,2922,1653992050,1653992050);
INSERT INTO player_score VALUES('62284c40c',10,'151ffdcde','4ca764e37',138240,2859,1653998093,1653998093);
INSERT INTO player_score VALUES('599efb581',10,'151ffdcde','5256914c7',176436,2697,1653768946,1653768946);
INSERT INTO player_score VALUES('5822d3fcc',10,'151ffdcde','954f1d45',369369,2889,1653729084,1653729084);
INSERT INTO player_score VALUES('60cf9a0f8',10,'15327e211','481af79ea',61380,2776,1653961949,1653961949);
INSERT INTO player_score VALUES('633c8c755',10,'15327e211','4ca764e37',30240,2994,1654027060,1654027060);
INSERT INTO player_score VALUES('59efc47d7',10,'15327e211','5256914c7',98078,2828,1653777417,1653777417);
INSERT INTO player_score VALUES('61b5fb1ed',10,'15327e211','61785ac11',2016,2965,1653986106,1653986106);
INSERT INTO player_score VALUES('5d47b5947',10,'15327e211','954f1d45',50544,3074,1653867169,1653867169);
INSERT INTO player_score VALUES('62830075c',10,'157fa2ace','2c18abeb2',28080,2852,1654007604,1654007604);
INSERT INTO player_score VALUES('62c0133be',10,'157fa2ace','481af79ea',178920,3014,1654014008,1654014008);
INSERT INTO player_score VALUES('5a07441c4',10,'157fa2ace','5256914c7',43384,2868,1653779881,1653779881);
INSERT INTO player_score VALUES('61b217072',10,'157fa2ace','61785ac11',8466,2788,1653985698,1653985698);
INSERT INTO player_score VALUES('622f2a10d',10,'157fa2ace','954f1d45',34650,3249,1653998813,1653998813);
INSERT INTO player_score VALUES('5e988e7fd',10,'168ab8b0e','2c18abeb2',28812,2649,1653902490,1653902490);
INSERT INTO player_score VALUES('635e90f3e',10,'168ab8b0e','481af79ea',97344,3083,1654030627,1654030627);
INSERT INTO player_score VALUES('639dae337',10,'168ab8b0e','4ca764e37',627456,3040,1654037245,1654037245);
INSERT INTO player_score VALUES('5a1c35736',10,'168ab8b0e','5256914c7',78045,2898,1653782077,1653782077);
INSERT INTO player_score VALUES('61b925a68',10,'168ab8b0e','61785ac11',140302,3138,1653986438,1653986438);
INSERT INTO player_score VALUES('634c290ed',10,'168ab8b0e','954f1d45',18768,3306,1654028697,1654028697);
INSERT INTO player_score VALUES('5ea946451',10,'1715a23b6','2c18abeb2',111000,2652,1653904243,1653904243);
INSERT INTO player_score VALUES('629b93f52',10,'1715a23b6','481af79ea',535350,3000,1654010181,1654010181);
INSERT INTO player_score VALUES('6318ba8de',10,'1715a23b6','4ca764e37',239932,2972,1654023304,1654023304);
INSERT INTO player_score VALUES('598b2c863',10,'1715a23b6','5256914c7',25872,2662,1653766869,1653766869);
INSERT INTO player_score VALUES('61b9037cd',10,'1715a23b6','61785ac11',122976,3130,1653986424,1653986424);
INSERT INTO player_score VALUES('62a72cb61',10,'17415e855','481af79ea',457856,3004,1654011397,1654011397);
INSERT INTO player_score VALUES('59edc63a0',10,'17415e855','5256914c7',0,2822,1653777208,1653777208);
INSERT INTO player_score VALUES('61b871012',10,'17415e855','61785ac11',149175,3109,1653986364,1653986364);
INSERT INTO player_score VALUES('62621c0cc',10,'17415e855','954f1d45',75164,3265,1654004155,1654004155);
INSERT INTO player_score VALUES('638b4b298',10,'1761c18a1','2c18abeb2',46930,2902,1654035317,1654035317);
INSERT INTO player_score VALUES('6391ff7a3',10,'1761c18a1','481af79ea',16184,3097,1654036020,1654036020);
INSERT INTO player_score VALUES('63979140e',10,'1761c18a1','4ca764e37',193440,3036,1654036604,1654036604);
INSERT INTO player_score VALUES('61b882150',10,'1761c18a1','61785ac11',13280,3113,1653986371,1653986371);
INSERT INTO player_score VALUES('5f97e997c',10,'1761c18a1','954f1d45',38493,3157,1653929266,1653929266);
INSERT INTO player_score VALUES('62dfe1549',10,'199b715e7','481af79ea',80400,3025,1654017343,1654017343);
INSERT INTO player_score VALUES('62b098d2e',10,'199b715e7','4ca764e37',2736,2914,1654012385,1654012385);
INSERT INTO player_score VALUES('59fa754ee',10,'199b715e7','5256914c7',47125,2845,1653778538,1653778538);
INSERT INTO player_score VALUES('61b92817d',10,'199b715e7','61785ac11',38665,3139,1653986439,1653986439);
INSERT INTO player_score VALUES('623a59d7a',10,'199b715e7','954f1d45',16464,3254,1653999986,1653999986);
INSERT INTO player_score VALUES('5cd201bc6',10,'19fcd5057','2c18abeb2',8640,2572,1653854827,1653854827);
INSERT INTO player_score VALUES('63020a72e',10,'19fcd5057','481af79ea',33120,3039,1654020925,1654020925);
INSERT INTO player_score VALUES('638e69824',10,'19fcd5057','4ca764e37',42944,3031,1654035644,1654035644);
INSERT INTO player_score VALUES('5a459e036',10,'19fcd5057','5256914c7',588,2947,1653786419,1653786419);
INSERT INTO player_score VALUES('61b83b49e',10,'19fcd5057','61785ac11',28652,3092,1653986342,1653986342);
INSERT INTO player_score VALUES('5ba6ecce3',10,'19fcd5057','954f1d45',3120,3009,1653823466,1653823466);
INSERT INTO player_score VALUES('63657d694',10,'1a25a8ab7','2c18abeb2',242550,2898,1654031353,1654031353);
INSERT INTO player_score VALUES('63656293a',10,'1a25a8ab7','481af79ea',270725,3088,1654031342,1654031342);
INSERT INTO player_score VALUES('62b0ac5a3',10,'1a25a8ab7','4ca764e37',51030,2915,1654012393,1654012393);
INSERT INTO player_score VALUES('59f60fd04',10,'1a25a8ab7','5256914c7',134420,2840,1653778077,1653778077);
INSERT INTO player_score VALUES('61b83b49f',10,'1a25a8ab7','61785ac11',82368,3091,1653986342,1653986342);
INSERT INTO player_score VALUES('607180b81',10,'1a25a8ab7','954f1d45',640872,3189,1653952082,1653952082);
INSERT INTO player_score VALUES('6035c8a1e',10,'1a6798908','2c18abeb2',25272,2733,1653945820,1653945820);
INSERT INTO player_score VALUES('633826fae',10,'1a6798908','481af79ea',267750,3058,1654026599,1654026599);
INSERT INTO player_score VALUES('63a7e010d',10,'1a6798908','4ca764e37',74340,3047,1654038314,1654038314);
INSERT INTO player_score VALUES('59ba81386',10,'1a6798908','5256914c7',10045,2744,1653771832,1653771832);
INSERT INTO player_score VALUES('61b92f6aa',10,'1a6798908','61785ac11',35640,3141,1653986442,1653986442);
INSERT INTO player_score VALUES('60e2e0225',10,'1a6798908','954f1d45',20160,3209,1653963970,1653963970);
INSERT INTO player_score VALUES('60b456139',10,'1b41592d8','2c18abeb2',8190,2765,1653959090,1653959090);
INSERT INTO player_score VALUES('604c2a990',10,'1b41592d8','481af79ea',75020,2730,1653948167,1653948167);
INSERT INTO player_score VALUES('637a0d1a6',10,'1b41592d8','4ca764e37',27720,3026,1654033509,1654033509);
INSERT INTO player_score VALUES('599508f3f',10,'1b41592d8','5256914c7',328099,2681,1653767903,1653767903);
INSERT INTO player_score VALUES('61b1ba3fa',10,'1b41592d8','61785ac11',58528,2771,1653985660,1653985660);
INSERT INTO player_score VALUES('61cb3a91a',10,'1b41592d8','954f1d45',456489,3233,1653988334,1653988334);
INSERT INTO player_score VALUES('63c492407',10,'1b860a9f8','2c18abeb2',121800,2922,1654041323,1654041323);
INSERT INTO player_score VALUES('6349f9f63',10,'1b860a9f8','481af79ea',30044,3070,1654028468,1654028468);
INSERT INTO player_score VALUES('63a021a54',10,'1b860a9f8','4ca764e37',37200,3042,1654037502,1654037502);
INSERT INTO player_score VALUES('5a3f774f5',10,'1b860a9f8','5256914c7',11368,2939,1653785774,1653785774);
INSERT INTO player_score VALUES('61b8c18fb',10,'1b860a9f8','61785ac11',70272,3119,1653986397,1653986397);
INSERT INTO player_score VALUES('624e2d81c',10,'1b860a9f8','954f1d45',75110,3261,1654002065,1654002065);
INSERT INTO player_score VALUES('62771c084',10,'1ba43e904','2c18abeb2',17160,2850,1654006357,1654006357);
INSERT INTO player_score VALUES('636d74026',10,'1ba43e904','481af79ea',250800,3089,1654032188,1654032188);
INSERT INTO player_score VALUES('6073c351c',10,'1ba43e904','4ca764e37',108290,2655,1653952319,1653952319);
INSERT INTO player_score VALUES('5a0052c32',10,'1ba43e904','5256914c7',162564,2859,1653779153,1653779153);
INSERT INTO player_score VALUES('61b94f2af',10,'1ba43e904','61785ac11',2208,3144,1653986455,1653986455);
INSERT INTO player_score VALUES('5a8d7793e',10,'1ba43e904','954f1d45',10098,2967,1653793953,1653793953);
INSERT INTO player_score VALUES('62c98b8e7',10,'1bad812c4','2c18abeb2',8052,2861,1654015001,1654015001);
INSERT INTO player_score VALUES('6389a258b',10,'1bad812c4','481af79ea',9504,3096,1654035143,1654035143);
INSERT INTO player_score VALUES('6328c28b5',10,'1bad812c4','4ca764e37',237096,2981,1654024985,1654024985);
INSERT INTO player_score VALUES('59a7e6095',10,'1bad812c4','5256914c7',100620,2713,1653769881,1653769881);
INSERT INTO player_score VALUES('61b34aa48',10,'1bad812c4','61785ac11',0,2853,1653985824,1653985824);
INSERT INTO player_score VALUES('633d43945',10,'1bad812c4','954f1d45',95040,3304,1654027135,1654027135);
INSERT INTO player_score VALUES('6357e6692',10,'1bb8f54d4','2c18abeb2',95976,2890,1654029928,1654029928);
INSERT INTO player_score VALUES('62ff6b0f2',10,'1bb8f54d4','481af79ea',415288,3037,1654020650,1654020650);
INSERT INTO player_score VALUES('61ede9f7e',10,'1bb8f54d4','4ca764e37',57456,2831,1653991971,1653991971);
INSERT INTO player_score VALUES('593f9fb83',10,'1bb8f54d4','5256914c7',162564,2564,1653758947,1653758947);
INSERT INTO player_score VALUES('61b761ff1',10,'1bb8f54d4','61785ac11',22016,3044,1653986253,1653986253);
INSERT INTO player_score VALUES('625922b39',10,'1bb8f54d4','954f1d45',117504,3263,1654003214,1654003214);
INSERT INTO player_score VALUES('63b54b1cb',10,'1bef42ac4','2c18abeb2',3780,2920,1654039721,1654039721);
INSERT INTO player_score VALUES('61880386c',10,'1bef42ac4','4ca764e37',654500,2789,1653981286,1653981286);
INSERT INTO player_score VALUES('5a33a8d99',10,'1bef42ac4','5256914c7',14760,2924,1653784536,1653784536);
INSERT INTO player_score VALUES('61b4cc5fb',10,'1bef42ac4','61785ac11',10710,2910,1653985982,1653985982);
INSERT INTO player_score VALUES('610a3bd74',10,'1c26ab3eb','2c18abeb2',216216,2784,1653968097,1653968097);
INSERT INTO player_score VALUES('619e14f53',10,'1c26ab3eb','481af79ea',61380,2888,1653983600,1653983600);
INSERT INTO player_score VALUES('6313439c9',10,'1c26ab3eb','4ca764e37',3300,2966,1654022731,1654022731);
INSERT INTO player_score VALUES('5a1086b49',10,'1c26ab3eb','5256914c7',174881,2885,1653780852,1653780852);
INSERT INTO player_score VALUES('61b7bec7f',10,'1c26ab3eb','61785ac11',1880,3069,1653986291,1653986291);
INSERT INTO player_score VALUES('60c6b1cb6',10,'1c26ab3eb','954f1d45',9450,3202,1653961015,1653961015);
INSERT INTO player_score VALUES('60e8e71b9',10,'1c3082c26','2c18abeb2',105300,2775,1653964602,1653964602);
INSERT INTO player_score VALUES('63a3e5fe0',10,'1c3082c26','481af79ea',4050,3106,1654037897,1654037897);
INSERT INTO player_score VALUES('61b931e08',10,'1c3082c26','4ca764e37',1254,2810,1653986443,1653986443);
INSERT INTO player_score VALUES('599bf2f69',10,'1c3082c26','5256914c7',105840,2688,1653768628,1653768628);
INSERT INTO player_score VALUES('5d2981a2c',10,'1c3082c26','954f1d45',9690,3066,1653864002,1653864002);
INSERT INTO player_score VALUES('620c0f3cd',10,'1c5cc2e6a','2c18abeb2',232155,2829,1653995132,1653995132);
INSERT INTO player_score VALUES('630718647',10,'1c5cc2e6a','481af79ea',27063,3043,1654021455,1654021455);
INSERT INTO player_score VALUES('621cd5ae8',10,'1c5cc2e6a','4ca764e37',54824,2855,1653996891,1653996891);
INSERT INTO player_score VALUES('5a0829997',10,'1c5cc2e6a','5256914c7',248540,2870,1653779975,1653779975);
INSERT INTO player_score VALUES('61b2fef5d',10,'1c5cc2e6a','61785ac11',40950,2832,1653985793,1653985793);
INSERT INTO player_score VALUES('639fa2b0a',10,'1c5cc2e6a','954f1d45',84480,3316,1654037450,1654037450);
INSERT INTO player_score VALUES('61d498057',10,'1c8704c3e','481af79ea',184080,2910,1653989316,1653989316);
INSERT INTO player_score VALUES('5a44dd266',10,'1c8704c3e','5256914c7',20400,2945,1653786340,1653786340);
INSERT INTO player_score VALUES('61b786a1f',10,'1c8704c3e','61785ac11',1782,3060,1653986268,1653986268);
INSERT INTO player_score VALUES('5ce3842ce',10,'1c8704c3e','954f1d45',54720,3054,1653856663,1653856663);
INSERT INTO player_score VALUES('5e3883172',10,'1ce35a768','2c18abeb2',270723,2640,1653892419,1653892419);
INSERT INTO player_score VALUES('61993a468',10,'1ce35a768','481af79ea',36270,2884,1653983091,1653983091);
INSERT INTO player_score VALUES('5a0c2d717',10,'1ce35a768','5256914c7',2900,2878,1653780396,1653780396);
INSERT INTO player_score VALUES('61b8ba3de',10,'1ce35a768','61785ac11',238576,3118,1653986394,1653986394);
INSERT INTO player_score VALUES('609ce51d4',10,'1ce35a768','954f1d45',42570,3195,1653956632,1653956632);
INSERT INTO player_score VALUES('5e22545fc',10,'1e078a41f','2c18abeb2',216000,2637,1653890093,1653890093);
INSERT INTO player_score VALUES('62ed27c1b',10,'1e078a41f','481af79ea',25056,3031,1654018735,1654018735);
INSERT INTO player_score VALUES('63a447a86',10,'1e078a41f','4ca764e37',245025,3045,1654037937,1654037937);
INSERT INTO player_score VALUES('5a3f41984',10,'1e078a41f','5256914c7',220100,2938,1653785752,1653785752);
INSERT INTO player_score VALUES('61b70c8f0',10,'1e078a41f','61785ac11',79380,3028,1653986218,1653986218);
INSERT INTO player_score VALUES('5dde8fbf3',10,'1e078a41f','954f1d45',51744,3092,1653882987,1653882987);
INSERT INTO player_score VALUES('61c7a70ab',10,'1ec113d5d','2c18abeb2',68432,2816,1653987959,1653987959);
INSERT INTO player_score VALUES('6211e564a',10,'1ec113d5d','481af79ea',48438,2940,1653995744,1653995744);
INSERT INTO player_score VALUES('639d564b7',10,'1ec113d5d','4ca764e37',232128,3039,1654037209,1654037209);
INSERT INTO player_score VALUES('5a244bbde',10,'1ec113d5d','5256914c7',108576,2905,1653782925,1653782925);
INSERT INTO player_score VALUES('61b925a69',10,'1ec113d5d','61785ac11',131040,3136,1653986438,1653986438);
INSERT INTO player_score VALUES('5d76f6bf0',10,'1ec113d5d','954f1d45',7888,3079,1653872124,1653872124);
INSERT INTO player_score VALUES('5fa002584',10,'1f2d51ca2','2c18abeb2',3960,2702,1653930115,1653930115);
INSERT INTO player_score VALUES('62d781c72',10,'1f2d51ca2','481af79ea',236500,3020,1654016465,1654016465);
INSERT INTO player_score VALUES('5a103b0b5',10,'1f2d51ca2','5256914c7',2310,2883,1653780821,1653780821);
INSERT INTO player_score VALUES('61aff425c',10,'1f2d51ca2','61785ac11',54600,2690,1653985474,1653985474);
INSERT INTO player_score VALUES('5f58f5d96',10,'1f2d51ca2','954f1d45',54600,3148,1653922665,1653922665);
INSERT INTO player_score VALUES('5886a8a23',10,'1febee299','2c18abeb2',74592,2335,1653739552,1653739552);
INSERT INTO player_score VALUES('6382df685',10,'1febee299','4ca764e37',799800,3030,1654034434,1654034434);
INSERT INTO player_score VALUES('5a3e573a3',10,'1febee299','5256914c7',18240,2936,1653785656,1653785656);
INSERT INTO player_score VALUES('61b694ed1',10,'1febee299','61785ac11',30960,2994,1653986169,1653986169);
INSERT INTO player_score VALUES('5d4090f7f',10,'1febee299','954f1d45',14973,3073,1653866420,1653866420);
INSERT INTO player_score VALUES('5f687eebe',10,'2010f898a','2c18abeb2',112640,2693,1653924294,1653924294);
INSERT INTO player_score VALUES('633130c33',10,'2010f898a','481af79ea',4128,3056,1654025869,1654025869);
INSERT INTO player_score VALUES('59e9a5182',10,'2010f898a','5256914c7',7800,2814,1653776775,1653776775);
INSERT INTO player_score VALUES('61b7fbcc2',10,'2010f898a','61785ac11',562875,3078,1653986316,1653986316);
INSERT INTO player_score VALUES('61fec8cc9',10,'2010f898a','954f1d45',69920,3238,1653993740,1653993740);
INSERT INTO player_score VALUES('61b699d09',10,'21309bd61','2c18abeb2',135751,2812,1653986171,1653986171);
INSERT INTO player_score VALUES('630ebe660',10,'21309bd61','4ca764e37',37506,2962,1654022257,1654022257);
INSERT INTO player_score VALUES('5a45db0de',10,'21309bd61','5256914c7',209352,2948,1653786444,1653786444);
INSERT INTO player_score VALUES('61b8e8a0a',10,'21309bd61','61785ac11',347256,3126,1653986413,1653986413);
INSERT INTO player_score VALUES('60d4e9efc',10,'21309bd61','954f1d45',245650,3206,1653962506,1653962506);
INSERT INTO player_score VALUES('63961462e',10,'2136a05fe','2c18abeb2',132430,2909,1654036448,1654036448);
INSERT INTO player_score VALUES('623415d63',10,'2136a05fe','481af79ea',73036,2957,1653999329,1653999329);
INSERT INTO player_score VALUES('62ab2e1b1',10,'2136a05fe','4ca764e37',3584,2910,1654011817,1654011817);
INSERT INTO player_score VALUES('5a2c50fac',10,'2136a05fe','5256914c7',8640,2915,1653783766,1653783766);
INSERT INTO player_score VALUES('61b71da14',10,'2136a05fe','61785ac11',57456,3030,1653986225,1653986225);
INSERT INTO player_score VALUES('636008f34',10,'2136a05fe','954f1d45',228780,3311,1654030781,1654030781);
INSERT INTO player_score VALUES('59f1acc67',10,'214dd1e02','2c18abeb2',19065,2418,1653777617,1653777617);
INSERT INTO player_score VALUES('62bd8eb08',10,'214dd1e02','481af79ea',102060,3013,1654013744,1654013744);
INSERT INTO player_score VALUES('62f9779cd',10,'214dd1e02','4ca764e37',10192,2948,1654020026,1654020026);
INSERT INTO player_score VALUES('59fae5994',10,'214dd1e02','5256914c7',50864,2846,1653778584,1653778584);
INSERT INTO player_score VALUES('61b24085f',10,'214dd1e02','61785ac11',301320,2797,1653985715,1653985715);
INSERT INTO player_score VALUES('632110531',10,'214dd1e02','954f1d45',33696,3297,1654024178,1654024178);
INSERT INTO player_score VALUES('6150ac10f',10,'215b83b98','2c18abeb2',893,2797,1653975483,1653975483);
INSERT INTO player_score VALUES('636519533',10,'215b83b98','481af79ea',156640,3085,1654031312,1654031312);
INSERT INTO player_score VALUES('626f64ee9',10,'215b83b98','4ca764e37',8866,2883,1654005548,1654005548);
INSERT INTO player_score VALUES('5a37350e3',10,'215b83b98','5256914c7',82460,2927,1653784908,1653784908);
INSERT INTO player_score VALUES('61ade25a2',10,'215b83b98','61785ac11',81972,2587,1653985257,1653985257);
INSERT INTO player_score VALUES('5e6bde121',10,'215b83b98','954f1d45',287640,3109,1653897804,1653897804);
INSERT INTO player_score VALUES('61d20c2a6',10,'21e111323','2c18abeb2',31556,2817,1653989049,1653989049);
INSERT INTO player_score VALUES('615c51007',10,'21e111323','481af79ea',277200,2851,1653976704,1653976704);
INSERT INTO player_score VALUES('63ad6a846',10,'21e111323','4ca764e37',0,3052,1654038895,1654038895);
INSERT INTO player_score VALUES('59f08f1e5',10,'21e111323','5256914c7',0,2831,1653777500,1653777500);
INSERT INTO player_score VALUES('61b87ac36',10,'21e111323','61785ac11',134232,3111,1653986368,1653986368);
INSERT INTO player_score VALUES('5dbf62c73',10,'21e111323','954f1d45',516460,3089,1653879718,1653879718);
INSERT INTO player_score VALUES('620846007',10,'242ccc2a6','481af79ea',92800,2935,1653994735,1653994735);
INSERT INTO player_score VALUES('638e6bf1c',10,'242ccc2a6','4ca764e37',76110,3032,1654035645,1654035645);
INSERT INTO player_score VALUES('5a25584d4',10,'242ccc2a6','5256914c7',4485,2906,1653783035,1653783035);
INSERT INTO player_score VALUES('61b7d4bd7',10,'242ccc2a6','61785ac11',71100,3075,1653986300,1653986300);
INSERT INTO player_score VALUES('4efde91aa',10,'242ccc2a6','954f1d45',2160,2519,1653483621,1653483621);
INSERT INTO player_score VALUES('601bd31ad',10,'249f61ad0','481af79ea',57240,2710,1653943098,1653943098);
INSERT INTO player_score VALUES('62c9b50c2',10,'249f61ad0','4ca764e37',17800,2930,1654015018,1654015018);
INSERT INTO player_score VALUES('5a2df0040',10,'249f61ad0','5256914c7',178416,2917,1653783936,1653783936);
INSERT INTO player_score VALUES('61b3c4b33',10,'249f61ad0','61785ac11',4760,2875,1653985874,1653985874);
INSERT INTO player_score VALUES('61acbaf25',10,'249f61ad0','954f1d45',181350,3230,1653985136,1653985136);
INSERT INTO player_score VALUES('608055173',10,'24c7d3ae3','2c18abeb2',234726,2748,1653953637,1653953637);
INSERT INTO player_score VALUES('62c9b50c1',10,'24c7d3ae3','481af79ea',120120,3016,1654015018,1654015018);
INSERT INTO player_score VALUES('61d896f9f',10,'24c7d3ae3','4ca764e37',369984,2823,1653989735,1653989735);
INSERT INTO player_score VALUES('59f846375',10,'24c7d3ae3','5256914c7',213300,2842,1653778309,1653778309);
INSERT INTO player_score VALUES('61b942f4e',10,'24c7d3ae3','61785ac11',2460,3143,1653986450,1653986450);
INSERT INTO player_score VALUES('6054fce84',10,'24c7d3ae3','954f1d45',224224,3182,1653949092,1653949092);
INSERT INTO player_score VALUES('5ead2f430',10,'251b2b1da','481af79ea',86400,2573,1653904653,1653904653);
INSERT INTO player_score VALUES('628567b5c',10,'251b2b1da','4ca764e37',62964,2893,1654007856,1654007856);
INSERT INTO player_score VALUES('61b92a8b2',10,'251b2b1da','61785ac11',12870,3140,1653986440,1653986440);
INSERT INTO player_score VALUES('5a43fa178',10,'251b2b1da','954f1d45',43065,2953,1653786247,1653786247);
INSERT INTO player_score VALUES('5999894a8',10,'25c169b84','2c18abeb2',99216,2400,1653768375,1653768375);
INSERT INTO player_score VALUES('63b7977db',10,'25c169b84','481af79ea',79380,3115,1654039962,1654039962);
INSERT INTO player_score VALUES('613c855f7',10,'25c169b84','4ca764e37',128340,2745,1653973370,1653973370);
INSERT INTO player_score VALUES('59b04599c',10,'25c169b84','5256914c7',39072,2727,1653770759,1653770759);
INSERT INTO player_score VALUES('61b568a19',10,'25c169b84','61785ac11',21824,2936,1653986046,1653986046);
INSERT INTO player_score VALUES('638387dbf',10,'25c169b84','954f1d45',3780,3314,1654034503,1654034503);
INSERT INTO player_score VALUES('621074b9f',10,'25f9f9b52','2c18abeb2',112112,2830,1653995593,1653995593);
INSERT INTO player_score VALUES('630b3710c',10,'25f9f9b52','481af79ea',175864,3044,1654021887,1654021887);
INSERT INTO player_score VALUES('630e3cfe0',10,'25f9f9b52','4ca764e37',3570,2961,1654022204,1654022204);
INSERT INTO player_score VALUES('59fcd053f',10,'25f9f9b52','5256914c7',25974,2849,1653778785,1653778785);
INSERT INTO player_score VALUES('590c4249a',10,'25f9f9b52','954f1d45',25783,2919,1653753561,1653753561);
INSERT INTO player_score VALUES('61bb41360',10,'274284258','2c18abeb2',106671,2813,1653986659,1653986659);
INSERT INTO player_score VALUES('63654c970',10,'274284258','481af79ea',310068,3087,1654031333,1654031333);
INSERT INTO player_score VALUES('5f961e987',10,'274284258','4ca764e37',0,2521,1653929078,1653929078);
INSERT INTO player_score VALUES('59d8bc7fb',10,'274284258','5256914c7',153468,2786,1653775002,1653775002);
INSERT INTO player_score VALUES('61b83183a',10,'274284258','61785ac11',31008,3088,1653986338,1653986338);
INSERT INTO player_score VALUES('61607e5ad',10,'274284258','954f1d45',177282,3224,1653977142,1653977142);
INSERT INTO player_score VALUES('6050c35a2',10,'2789fe7b6','2c18abeb2',0,2739,1653948649,1653948649);
INSERT INTO player_score VALUES('63c2150a4',10,'2789fe7b6','4ca764e37',4160,3058,1654041062,1654041062);
INSERT INTO player_score VALUES('5a0ddffee',10,'2789fe7b6','5256914c7',0,2881,1653780574,1653780574);
INSERT INTO player_score VALUES('61b8cdc84',10,'2789fe7b6','61785ac11',218612,3122,1653986402,1653986402);
INSERT INTO player_score VALUES('6372cda11',10,'2789fe7b6','954f1d45',608,3312,1654032749,1654032749);
INSERT INTO player_score VALUES('614abd7dc',10,'28477fa9a','2c18abeb2',79968,2796,1653974861,1653974861);
INSERT INTO player_score VALUES('63aefd5ba',10,'28477fa9a','481af79ea',160512,3109,1654039060,1654039060);
INSERT INTO player_score VALUES('5f00202a1',10,'28477fa9a','4ca764e37',3630,2452,1653913350,1653913350);
INSERT INTO player_score VALUES('59c43de76',10,'28477fa9a','5256914c7',30420,2760,1653772853,1653772853);
INSERT INTO player_score VALUES('61b8450fc',10,'28477fa9a','61785ac11',1820,3098,1653986346,1653986346);
INSERT INTO player_score VALUES('615762cca',10,'28477fa9a','954f1d45',457912,3222,1653976187,1653976187);
INSERT INTO player_score VALUES('624d51c9e',10,'2a24a8f91','2c18abeb2',210210,2841,1654001975,1654001975);
INSERT INTO player_score VALUES('60ca0d2b0',10,'2a24a8f91','481af79ea',86640,2773,1653961367,1653961367);
INSERT INTO player_score VALUES('611e7fcec',10,'2a24a8f91','4ca764e37',12432,2729,1653970222,1653970222);
INSERT INTO player_score VALUES('5a3ee9b93',10,'2a24a8f91','5256914c7',12104,2937,1653785716,1653785716);
INSERT INTO player_score VALUES('61b827c39',10,'2a24a8f91','61785ac11',302670,3087,1653986334,1653986334);
INSERT INTO player_score VALUES('56f8b5a55',10,'2a24a8f91','954f1d45',89216,2839,1653697824,1653697824);
INSERT INTO player_score VALUES('54771643f',10,'2a7d94a9f','2c18abeb2',34020,2132,1653630545,1653630545);
INSERT INTO player_score VALUES('613a25727',10,'2a7d94a9f','481af79ea',69058,2835,1653973121,1653973121);
INSERT INTO player_score VALUES('636e6820d',10,'2a7d94a9f','4ca764e37',58200,3020,1654032288,1654032288);
INSERT INTO player_score VALUES('58e4bd1e4',10,'2a7d94a9f','5256914c7',54464,2428,1653749417,1653749417);
INSERT INTO player_score VALUES('61b790633',10,'2a7d94a9f','61785ac11',222300,3062,1653986272,1653986272);
INSERT INTO player_score VALUES('5d93b2b13',10,'2a7d94a9f','954f1d45',2784,3083,1653875137,1653875137);
INSERT INTO player_score VALUES('6361094b5',10,'2a89b88f9','2c18abeb2',192372,2894,1654030886,1654030886);
INSERT INTO player_score VALUES('5d92a1450',10,'2a89b88f9','481af79ea',3432,2457,1653875025,1653875025);
INSERT INTO player_score VALUES('617e0c428',10,'2a89b88f9','4ca764e37',0,2782,1653980241,1653980241);
INSERT INTO player_score VALUES('59fdb0ed6',10,'2a89b88f9','5256914c7',539136,2851,1653778877,1653778877);
INSERT INTO player_score VALUES('61b8deda6',10,'2a89b88f9','61785ac11',9408,3124,1653986409,1653986409);
INSERT INTO player_score VALUES('5c04ce00f',10,'2a89b88f9','954f1d45',10856,3014,1653833310,1653833310);
INSERT INTO player_score VALUES('5f9266748',10,'2a970b37b','2c18abeb2',556100,2699,1653928688,1653928688);
INSERT INTO player_score VALUES('61fa3eb0a',10,'2a970b37b','481af79ea',75950,2927,1653993264,1653993264);
INSERT INTO player_score VALUES('61c145c00',10,'2a970b37b','4ca764e37',57275,2815,1653987290,1653987290);
INSERT INTO player_score VALUES('593cc82c8',10,'2a970b37b','5256914c7',43008,2559,1653758649,1653758649);
INSERT INTO player_score VALUES('61b6dbb74',10,'2a970b37b','61785ac11',211761,3008,1653986198,1653986198);
INSERT INTO player_score VALUES('60fef885a',10,'2a970b37b','954f1d45',216448,3212,1653966916,1653966916);
INSERT INTO player_score VALUES('62b3b99ca',10,'2b1f68dfc','2c18abeb2',12798,2857,1654012713,1654012713);
INSERT INTO player_score VALUES('621b62935',10,'2b1f68dfc','481af79ea',200499,2946,1653996739,1653996739);
INSERT INTO player_score VALUES('59e7eb328',10,'2b1f68dfc','5256914c7',39508,2809,1653776594,1653776594);
INSERT INTO player_score VALUES('5e87e55c2',10,'2b1f68dfc','954f1d45',19305,3115,1653900743,1653900743);
INSERT INTO player_score VALUES('60d8f0303',10,'2c57edc24','2c18abeb2',18480,2774,1653962928,1653962928);
INSERT INTO player_score VALUES('62f3de812',10,'2c57edc24','481af79ea',110352,3034,1654019439,1654019439);
INSERT INTO player_score VALUES('630f4bfb6',10,'2c57edc24','4ca764e37',32538,2964,1654022315,1654022315);
INSERT INTO player_score VALUES('5a3b2caf0',10,'2c57edc24','5256914c7',191012,2931,1653785324,1653785324);
INSERT INTO player_score VALUES('61b85b084',10,'2c57edc24','61785ac11',9720,3103,1653986355,1653986355);
INSERT INTO player_score VALUES('5e4305844',10,'2c57edc24','954f1d45',12474,3099,1653893521,1653893521);
INSERT INTO player_score VALUES('638f31b0a',10,'2cd74abdd','2c18abeb2',16500,2906,1654035726,1654035726);
INSERT INTO player_score VALUES('6392108d1',10,'2cd74abdd','481af79ea',8395,3098,1654036027,1654036027);
INSERT INTO player_score VALUES('63a97556c',10,'2cd74abdd','4ca764e37',19110,3049,1654038480,1654038480);
INSERT INTO player_score VALUES('593aa0676',10,'2cd74abdd','5256914c7',7056,2554,1653758423,1653758423);
INSERT INTO player_score VALUES('61b80ce5c',10,'2cd74abdd','61785ac11',6348,3081,1653986323,1653986323);
INSERT INTO player_score VALUES('629626cce',10,'2cd74abdd','954f1d45',30720,3275,1654009612,1654009612);
INSERT INTO player_score VALUES('6393d917a',10,'2e02b5255','481af79ea',39928,3099,1654036214,1654036214);
INSERT INTO player_score VALUES('59a496e1f',10,'2e02b5255','5256914c7',5346,2708,1653769534,1653769534);
INSERT INTO player_score VALUES('5e66a69bf',10,'2e02b5255','954f1d45',86768,3108,1653897257,1653897257);
INSERT INTO player_score VALUES('5bb27bcb3',10,'2ea377e9f','2c18abeb2',158400,2518,1653824678,1653824678);
INSERT INTO player_score VALUES('623b135e1',10,'2ea377e9f','481af79ea',36608,2960,1654000062,1654000062);
INSERT INTO player_score VALUES('632c7840a',10,'2ea377e9f','4ca764e37',33852,2984,1654025374,1654025374);
INSERT INTO player_score VALUES('59940d7a8',10,'2ea377e9f','5256914c7',276000,2679,1653767800,1653767800);
INSERT INTO player_score VALUES('61b729dae',10,'2ea377e9f','61785ac11',25536,3032,1653986230,1653986230);
INSERT INTO player_score VALUES('63ad82ee2',10,'2ef5bb7a0','2c18abeb2',65604,2917,1654038905,1654038905);
INSERT INTO player_score VALUES('614613a99',10,'2ef5bb7a0','481af79ea',349680,2839,1653974372,1653974372);
INSERT INTO player_score VALUES('61adcc64d',10,'2ef5bb7a0','4ca764e37',223560,2806,1653985248,1653985248);
INSERT INTO player_score VALUES('5a3347321',10,'2ef5bb7a0','5256914c7',10584,2923,1653784496,1653784496);
INSERT INTO player_score VALUES('61b912235',10,'2ef5bb7a0','61785ac11',4256,3133,1653986430,1653986430);
INSERT INTO player_score VALUES('6293c6e3d',10,'2ef5bb7a0','954f1d45',237820,3273,1654009363,1654009363);
INSERT INTO player_score VALUES('60cac1d21',10,'2f11eeb83','2c18abeb2',517608,2773,1653961441,1653961441);
INSERT INTO player_score VALUES('63a2e8140',10,'2f11eeb83','481af79ea',40404,3105,1654037793,1654037793);
INSERT INTO player_score VALUES('6380a4186',10,'2f11eeb83','4ca764e37',0,3029,1654034200,1654034200);
INSERT INTO player_score VALUES('5a1973de7',10,'2f11eeb83','5256914c7',9600,2894,1653781788,1653781788);
INSERT INTO player_score VALUES('6242fb4d1',10,'2f11eeb83','954f1d45',195054,3257,1654000891,1654000891);
INSERT INTO player_score VALUES('62bef595a',10,'2f39765b1','2c18abeb2',0,2858,1654013891,1654013891);
INSERT INTO player_score VALUES('63b8c3c95',10,'2f39765b1','481af79ea',77760,3116,1654040085,1654040085);
INSERT INTO player_score VALUES('639a3a68f',10,'2f39765b1','4ca764e37',540,3037,1654036883,1654036883);
INSERT INTO player_score VALUES('59d06e050',10,'2f39765b1','5256914c7',6762,2781,1653774131,1653774131);
INSERT INTO player_score VALUES('61b401bcc',10,'2f39765b1','61785ac11',39312,2885,1653985899,1653985899);
INSERT INTO player_score VALUES('5898b8a9f',10,'2f39765b1','954f1d45',89760,2906,1653741446,1653741446);
INSERT INTO player_score VALUES('6255b8a9c',10,'2fe0a6a4d','2c18abeb2',504896,2844,1654002856,1654002856);
INSERT INTO player_score VALUES('63768d19c',10,'2fe0a6a4d','481af79ea',323676,3090,1654033142,1654033142);
INSERT INTO player_score VALUES('626dc3766',10,'2fe0a6a4d','4ca764e37',107360,2881,1654005377,1654005377);
INSERT INTO player_score VALUES('59f23ccdd',10,'2fe0a6a4d','5256914c7',290224,2837,1653777676,1653777676);
INSERT INTO player_score VALUES('61b7cfdc8',10,'2fe0a6a4d','61785ac11',443718,3073,1653986298,1653986298);
INSERT INTO player_score VALUES('62ae626ad',10,'2fe0a6a4d','954f1d45',21204,3281,1654012153,1654012153);
INSERT INTO player_score VALUES('636ca47a3',10,'308181dbc','2c18abeb2',120250,2900,1654032103,1654032103);
INSERT INTO player_score VALUES('6302bca70',10,'308181dbc','481af79ea',305235,3040,1654020998,1654020998);
INSERT INTO player_score VALUES('62875ea19',10,'308181dbc','4ca764e37',282437,2896,1654008062,1654008062);
INSERT INTO player_score VALUES('59f05e497',10,'308181dbc','5256914c7',17250,2830,1653777480,1653777480);
INSERT INTO player_score VALUES('61b6a602f',10,'308181dbc','61785ac11',6390,2999,1653986176,1653986176);
INSERT INTO player_score VALUES('5e5a17496',10,'308181dbc','954f1d45',22816,3107,1653895940,1653895940);
INSERT INTO player_score VALUES('5f2531e76',10,'30993e7ff','2c18abeb2',76440,2674,1653917237,1653917237);
INSERT INTO player_score VALUES('60eb02a88',10,'30993e7ff','481af79ea',46872,2791,1653964823,1653964823);
INSERT INTO player_score VALUES('63aedd9c0',10,'30993e7ff','4ca764e37',89760,3053,1654039047,1654039047);
INSERT INTO player_score VALUES('597430be4',10,'30993e7ff','5256914c7',342171,2636,1653764459,1653764459);
INSERT INTO player_score VALUES('61b77586d',10,'30993e7ff','61785ac11',154496,3050,1653986261,1653986261);
INSERT INTO player_score VALUES('588c49116',10,'30993e7ff','954f1d45',179360,2904,1653740142,1653740142);
INSERT INTO player_score VALUES('626fdf018',10,'30c5f15f1','2c18abeb2',90816,2848,1654005598,1654005598);
INSERT INTO player_score VALUES('6232aef2b',10,'30c5f15f1','481af79ea',9280,2956,1653999182,1653999182);
INSERT INTO player_score VALUES('63c38342c',10,'30c5f15f1','4ca764e37',109445,3059,1654041212,1654041212);
INSERT INTO player_score VALUES('5991a15a6',10,'30c5f15f1','5256914c7',104940,2675,1653767546,1653767546);
INSERT INTO player_score VALUES('61b8e14fd',10,'30c5f15f1','61785ac11',42900,3125,1653986410,1653986410);
INSERT INTO player_score VALUES('63a4f9dee',10,'30c5f15f1','954f1d45',57420,3317,1654038010,1654038010);
INSERT INTO player_score VALUES('63414011b',10,'313a51de6','2c18abeb2',179172,2886,1654027553,1654027553);
INSERT INTO player_score VALUES('6330d18ba',10,'313a51de6','481af79ea',273637,3055,1654025830,1654025830);
INSERT INTO player_score VALUES('614b54db8',10,'313a51de6','4ca764e37',30240,2752,1653974923,1653974923);
INSERT INTO player_score VALUES('61b7b7744',10,'313a51de6','61785ac11',331080,3064,1653986288,1653986288);
INSERT INTO player_score VALUES('61bf93285',10,'313a51de6','954f1d45',9570,3231,1653987112,1653987112);
INSERT INTO player_score VALUES('6339ab26f',10,'318cfbf5b','2c18abeb2',13311,2883,1654026758,1654026758);
INSERT INTO player_score VALUES('63c2bd7cc',10,'318cfbf5b','481af79ea',14892,3120,1654041131,1654041131);
INSERT INTO player_score VALUES('61fd02b49',10,'318cfbf5b','4ca764e37',611226,2843,1653993554,1653993554);
INSERT INTO player_score VALUES('61b8e8a0b',10,'318cfbf5b','61785ac11',26880,3127,1653986413,1653986413);
INSERT INTO player_score VALUES('5cfde9fcc',10,'318cfbf5b','954f1d45',2688,3060,1653859431,1653859431);
INSERT INTO player_score VALUES('634b87eb0',10,'3233f68ca','2c18abeb2',35904,2889,1654028631,1654028631);
INSERT INTO player_score VALUES('6206ba835',10,'3233f68ca','481af79ea',121770,2934,1653994573,1653994573);
INSERT INTO player_score VALUES('612ac8572',10,'3233f68ca','4ca764e37',162750,2734,1653971510,1653971510);
INSERT INTO player_score VALUES('5a1055e09',10,'3233f68ca','5256914c7',186186,2884,1653780832,1653780832);
INSERT INTO player_score VALUES('61b8b0781',10,'3233f68ca','61785ac11',19800,3117,1653986390,1653986390);
INSERT INTO player_score VALUES('63ba8502a',10,'3233f68ca','954f1d45',29952,3320,1654040269,1654040269);
INSERT INTO player_score VALUES('5a76858e6',10,'3326d3666','2c18abeb2',183260,2447,1653791547,1653791547);
INSERT INTO player_score VALUES('62f1b1e13',10,'3326d3666','481af79ea',59200,3032,1654019211,1654019211);
INSERT INTO player_score VALUES('633cc22ed',10,'3326d3666','4ca764e37',32144,2995,1654027082,1654027082);
INSERT INTO player_score VALUES('59c2ad85c',10,'3326d3666','5256914c7',58400,2758,1653772689,1653772689);
INSERT INTO player_score VALUES('61b6b718d',10,'3326d3666','61785ac11',1088,3001,1653986183,1653986183);
INSERT INTO player_score VALUES('62d89a854',10,'3326d3666','954f1d45',14454,3288,1654016580,1654016580);
INSERT INTO player_score VALUES('5feaeb96a',10,'332f9e61c','2c18abeb2',328000,2711,1653937970,1653937970);
INSERT INTO player_score VALUES('62c5917d3',10,'332f9e61c','4ca764e37',60368,2925,1654014584,1654014584);
INSERT INTO player_score VALUES('5a3d3995d',10,'332f9e61c','5256914c7',258912,2934,1653785539,1653785539);
INSERT INTO player_score VALUES('630637c61',10,'3587478de','2c18abeb2',5440,2874,1654021363,1654021363);
INSERT INTO player_score VALUES('625fbe938',10,'3587478de','481af79ea',27864,2977,1654003907,1654003907);
INSERT INTO player_score VALUES('630f3d55f',10,'3587478de','4ca764e37',10032,2963,1654022309,1654022309);
INSERT INTO player_score VALUES('5a1b1f1b6',10,'3587478de','5256914c7',208593,2896,1653781963,1653781963);
INSERT INTO player_score VALUES('61b9567e0',10,'3587478de','61785ac11',95403,3145,1653986458,1653986458);
INSERT INTO player_score VALUES('62aa39f76',10,'3587478de','954f1d45',247254,3280,1654011717,1654011717);
INSERT INTO player_score VALUES('614301854',10,'3589e20e1','2c18abeb2',78336,2795,1653974050,1653974050);
INSERT INTO player_score VALUES('60caa216c',10,'3589e20e1','481af79ea',16008,2774,1653961428,1653961428);
INSERT INTO player_score VALUES('5f9ba910b',10,'3589e20e1','4ca764e37',21360,2523,1653929659,1653929659);
INSERT INTO player_score VALUES('5a2656369',10,'3589e20e1','5256914c7',17100,2907,1653783139,1653783139);
INSERT INTO player_score VALUES('61b919773',10,'3589e20e1','61785ac11',94563,3135,1653986433,1653986433);
INSERT INTO player_score VALUES('5f0a91830',10,'3589e20e1','954f1d45',65412,3132,1653914445,1653914445);
INSERT INTO player_score VALUES('5fa478e81',10,'358b7275e','2c18abeb2',276640,2703,1653930583,1653930583);
INSERT INTO player_score VALUES('5e1a95f30',10,'358b7275e','481af79ea',68432,2512,1653889281,1653889281);
INSERT INTO player_score VALUES('599659d98',10,'358b7275e','5256914c7',0,2682,1653768041,1653768041);
INSERT INTO player_score VALUES('61b884862',10,'358b7275e','61785ac11',118726,3114,1653986372,1653986372);
INSERT INTO player_score VALUES('638e9a519',10,'3611bbe30','2c18abeb2',37800,2904,1654035664,1654035664);
INSERT INTO player_score VALUES('61308133d',10,'3611bbe30','481af79ea',28764,2829,1653972110,1653972110);
INSERT INTO player_score VALUES('633ebdffe',10,'3611bbe30','4ca764e37',262848,2997,1654027290,1654027290);
INSERT INTO player_score VALUES('61b87854e',10,'3611bbe30','61785ac11',237452,3110,1653986367,1653986367);
INSERT INTO player_score VALUES('632104208',10,'3611bbe30','954f1d45',9744,3296,1654024173,1654024173);
INSERT INTO player_score VALUES('62cde265e',10,'3615c49a3','2c18abeb2',448800,2862,1654015456,1654015456);
INSERT INTO player_score VALUES('60e7125b7',10,'3615c49a3','481af79ea',158976,2790,1653964410,1653964410);
INSERT INTO player_score VALUES('5f6bdcbaf',10,'3615c49a3','4ca764e37',329472,2505,1653924647,1653924647);
INSERT INTO player_score VALUES('5a44ff556',10,'3615c49a3','5256914c7',1659,2946,1653786354,1653786354);
INSERT INTO player_score VALUES('61b6e57c6',10,'3615c49a3','61785ac11',5256,3011,1653986202,1653986202);
INSERT INTO player_score VALUES('6115de56e',10,'3615c49a3','954f1d45',2754,3214,1653969317,1653969317);
INSERT INTO player_score VALUES('615472d75',10,'37b7161e7','2c18abeb2',270382,2798,1653975879,1653975879);
INSERT INTO player_score VALUES('61b01da7b',10,'37b7161e7','4ca764e37',8964,2807,1653985491,1653985491);
INSERT INTO player_score VALUES('61b77cdca',10,'37b7161e7','61785ac11',5412,3054,1653986264,1653986264);
INSERT INTO player_score VALUES('6223ae9c1',10,'37b7161e7','954f1d45',0,3245,1653997609,1653997609);
INSERT INTO player_score VALUES('638e31574',10,'387d5fd61','2c18abeb2',177600,2903,1654035621,1654035621);
INSERT INTO player_score VALUES('606738e03',10,'387d5fd61','4ca764e37',498332,2647,1653951004,1653951004);
INSERT INTO player_score VALUES('5a1a26187',10,'387d5fd61','5256914c7',439992,2895,1653781861,1653781861);
INSERT INTO player_score VALUES('61b60753d',10,'387d5fd61','61785ac11',196080,2968,1653986111,1653986111);
INSERT INTO player_score VALUES('5f3419d4d',10,'387d5fd61','954f1d45',502848,3140,1653918800,1653918800);
INSERT INTO player_score VALUES('620bea9f4',10,'389f1b17d','2c18abeb2',115290,2828,1653995117,1653995117);
INSERT INTO player_score VALUES('5a279fcf4',10,'389f1b17d','5256914c7',7820,2910,1653783274,1653783274);
INSERT INTO player_score VALUES('639c86ca2',10,'389f1b17d','954f1d45',13440,3315,1654037124,1654037124);
INSERT INTO player_score VALUES('5f84de18c',10,'3a13029c4','2c18abeb2',306,2696,1653927269,1653927269);
INSERT INTO player_score VALUES('633d43946',10,'3a13029c4','481af79ea',70992,3064,1654027135,1654027135);
INSERT INTO player_score VALUES('63b7b25b3',10,'3a13029c4','4ca764e37',6042,3055,1654039973,1654039973);
INSERT INTO player_score VALUES('5996c2da6',10,'3a13029c4','5256914c7',47736,2683,1653768084,1653768084);
INSERT INTO player_score VALUES('61b85140f',10,'3a13029c4','61785ac11',2376,3099,1653986351,1653986351);
INSERT INTO player_score VALUES('534b51899',10,'3a13029c4','954f1d45',3105,2719,1653599112,1653599112);
INSERT INTO player_score VALUES('628aa8ea3',10,'3c0304256','2c18abeb2',51168,2853,1654008407,1654008407);
INSERT INTO player_score VALUES('635123744',10,'3c0304256','481af79ea',217350,3077,1654029219,1654029219);
INSERT INTO player_score VALUES('62e6ab975',10,'3c0304256','4ca764e37',64768,2942,1654018055,1654018055);
INSERT INTO player_score VALUES('5a274ccb3',10,'3c0304256','5256914c7',93060,2908,1653783240,1653783240);
INSERT INTO player_score VALUES('61a5f31db',10,'3c0304256','61785ac11',373500,2195,1653984425,1653984425);
INSERT INTO player_score VALUES('605ee3137',10,'3c0304256','954f1d45',299194,3184,1653950130,1653950130);
INSERT INTO player_score VALUES('5e2a3ec14',10,'3c2efd783','2c18abeb2',46512,2639,1653890923,1653890923);
INSERT INTO player_score VALUES('627f3e8ca',10,'3c2efd783','481af79ea',76076,2988,1654007210,1654007210);
INSERT INTO player_score VALUES('61a250ef4',10,'3c2efd783','4ca764e37',38665,2803,1653984044,1653984044);
INSERT INTO player_score VALUES('599c263b3',10,'3c2efd783','5256914c7',24843,2689,1653768649,1653768649);
INSERT INTO player_score VALUES('61b5db5fb',10,'3c2efd783','61785ac11',54144,2957,1653986093,1653986093);
INSERT INTO player_score VALUES('6279ec3cf',10,'3c2efd783','954f1d45',63920,3267,1654006652,1654006652);
INSERT INTO player_score VALUES('63bbebe1e',10,'3c5728acd','2c18abeb2',30600,2921,1654040416,1654040416);
INSERT INTO player_score VALUES('63b65c8e6',10,'3c5728acd','481af79ea',17064,3112,1654039833,1654039833);
INSERT INTO player_score VALUES('5a4356847',10,'3c5728acd','5256914c7',0,2943,1653786180,1653786180);
INSERT INTO player_score VALUES('61b925a6a',10,'3c5728acd','61785ac11',5162,3137,1653986438,1653986438);
INSERT INTO player_score VALUES('6235b74c3',10,'3c5728acd','954f1d45',46080,3250,1653999500,1653999500);
INSERT INTO player_score VALUES('63b1251c2',10,'3c7c10e7a','2c18abeb2',246620,2918,1654039286,1654039286);
INSERT INTO player_score VALUES('628977bdd',10,'3c7c10e7a','481af79ea',0,2991,1654008282,1654008282);
INSERT INTO player_score VALUES('630147200',10,'3c7c10e7a','4ca764e37',529125,2955,1654020845,1654020845);
INSERT INTO player_score VALUES('587a25814',10,'3c7c10e7a','5256914c7',61776,2269,1653738240,1653738240);
INSERT INTO player_score VALUES('61b6222ba',10,'3c7c10e7a','61785ac11',37638,2972,1653986122,1653986122);
INSERT INTO player_score VALUES('63c6f2298',10,'3c7c10e7a','954f1d45',31506,3321,1654041572,1654041572);
INSERT INTO player_score VALUES('62d79a302',10,'3dc7c5e65','2c18abeb2',70848,2864,1654016475,1654016475);
INSERT INTO player_score VALUES('6330688f7',10,'3dc7c5e65','481af79ea',39690,3054,1654025787,1654025787);
INSERT INTO player_score VALUES('605c65e31',10,'3dc7c5e65','4ca764e37',27094,2642,1653949869,1653949869);
INSERT INTO player_score VALUES('5a31615cb',10,'3dc7c5e65','5256914c7',799425,2920,1653784297,1653784297);
INSERT INTO player_score VALUES('61b592241',10,'3dc7c5e65','61785ac11',436392,2947,1653986063,1653986063);
INSERT INTO player_score VALUES('6016d3d22',10,'3dc7c5e65','954f1d45',346750,3172,1653942574,1653942574);
INSERT INTO player_score VALUES('61973c03c',10,'3e1896606','2c18abeb2',617700,2807,1653982882,1653982882);
INSERT INTO player_score VALUES('632e6cbbf',10,'3e1896606','481af79ea',27200,3052,1654025579,1654025579);
INSERT INTO player_score VALUES('631793245',10,'3e1896606','4ca764e37',12610,2970,1654023183,1654023183);
INSERT INTO player_score VALUES('5a1459b5c',10,'3e1896606','5256914c7',439875,2888,1653781253,1653781253);
INSERT INTO player_score VALUES('61b4c7819',10,'3e1896606','61785ac11',95232,2908,1653985980,1653985980);
INSERT INTO player_score VALUES('5e57beb23',10,'3e37e09fc','481af79ea',185136,2540,1653895694,1653895694);
INSERT INTO player_score VALUES('6331c0cbe',10,'3e37e09fc','4ca764e37',18768,2989,1654025928,1654025928);
INSERT INTO player_score VALUES('5a003ccaf',10,'3e37e09fc','5256914c7',80652,2858,1653779144,1653779144);
INSERT INTO player_score VALUES('61b8143ad',10,'3e37e09fc','61785ac11',307800,3083,1653986326,1653986326);
INSERT INTO player_score VALUES('61d37f42b',10,'3e37e09fc','954f1d45',198720,3234,1653989201,1653989201);
INSERT INTO player_score VALUES('635f14cb3',10,'3e501eaf1','2c18abeb2',260958,2893,1654030681,1654030681);
INSERT INTO player_score VALUES('6352682c4',10,'3e501eaf1','481af79ea',165816,3078,1654029352,1654029352);
INSERT INTO player_score VALUES('6316f471e',10,'3e501eaf1','4ca764e37',4424,2968,1654023118,1654023118);
INSERT INTO player_score VALUES('5a400c414',10,'3e501eaf1','5256914c7',27832,2941,1653785835,1653785835);
INSERT INTO player_score VALUES('61b5810d4',10,'3e501eaf1','61785ac11',49920,2944,1653986056,1653986056);
INSERT INTO player_score VALUES('62f26dda8',10,'3e501eaf1','954f1d45',543120,3290,1654019288,1654019288);
INSERT INTO player_score VALUES('6354de103',10,'3edcb104c','481af79ea',9540,3080,1654029610,1654029610);
INSERT INTO player_score VALUES('62486fcb8',10,'3edcb104c','4ca764e37',247008,2870,1654001463,1654001463);
INSERT INTO player_score VALUES('61b6c0e03',10,'3edcb104c','61785ac11',252582,3003,1653986187,1653986187);
INSERT INTO player_score VALUES('6284feb84',10,'3edcb104c','954f1d45',168480,3270,1654007813,1654007813);
INSERT INTO player_score VALUES('636a58195',10,'4054f4411','2c18abeb2',294,2899,1654031862,1654031862);
INSERT INTO player_score VALUES('63b9368a8',10,'4054f4411','481af79ea',231495,3117,1654040132,1654040132);
INSERT INTO player_score VALUES('61bf00ae6',10,'4054f4411','4ca764e37',88088,2814,1653987052,1653987052);
INSERT INTO player_score VALUES('5a1db9a1d',10,'4054f4411','5256914c7',46023,2900,1653782236,1653782236);
INSERT INTO player_score VALUES('61b67c819',10,'4054f4411','61785ac11',0,2987,1653986159,1653986159);
INSERT INTO player_score VALUES('5ce1a0c51',10,'4054f4411','954f1d45',37800,3053,1653856465,1653856465);
INSERT INTO player_score VALUES('635f396a5',10,'4094ed345','481af79ea',3760,3084,1654030696,1654030696);
INSERT INTO player_score VALUES('61f8ba81f',10,'4094ed345','4ca764e37',3780,2840,1653993105,1653993105);
INSERT INTO player_score VALUES('59d973971',10,'4094ed345','5256914c7',40128,2788,1653775077,1653775077);
INSERT INTO player_score VALUES('61b886fa8',10,'4094ed345','61785ac11',105732,3115,1653986373,1653986373);
INSERT INTO player_score VALUES('6012621e8',10,'40c74f2b4','2c18abeb2',5796,2723,1653942108,1653942108);
INSERT INTO player_score VALUES('624163954',10,'40c74f2b4','481af79ea',14784,2963,1654000724,1654000724);
INSERT INTO player_score VALUES('639413b20',10,'40c74f2b4','4ca764e37',10764,3034,1654036238,1654036238);
INSERT INTO player_score VALUES('59c3b5329',10,'40c74f2b4','5256914c7',80025,2759,1653772797,1653772797);
INSERT INTO player_score VALUES('61b90acb6',10,'40c74f2b4','61785ac11',59334,3132,1653986427,1653986427);
INSERT INTO player_score VALUES('57d45738d',10,'40c74f2b4','954f1d45',37700,2872,1653720854,1653720854);
INSERT INTO player_score VALUES('602c293c9',10,'40e2a6af1','2c18abeb2',8094,2730,1653944811,1653944811);
INSERT INTO player_score VALUES('63996fc7b',10,'40e2a6af1','481af79ea',3840,3102,1654036800,1654036800);
INSERT INTO player_score VALUES('61d7af0b6',10,'40e2a6af1','4ca764e37',233772,2820,1653989640,1653989640);
INSERT INTO player_score VALUES('5a09473d6',10,'40e2a6af1','5256914c7',6402,2872,1653780092,1653780092);
INSERT INTO player_score VALUES('61b36ccf5',10,'40e2a6af1','61785ac11',70448,2860,1653985838,1653985838);
INSERT INTO player_score VALUES('519f05fea',10,'40e2a6af1','954f1d45',51975,2632,1653554202,1653554202);
INSERT INTO player_score VALUES('63c2150a5',10,'41bc42ac4','4ca764e37',92736,3057,1654041062,1654041062);
INSERT INTO player_score VALUES('63569a63d',10,'41bc42ac4','954f1d45',0,3310,1654029792,1654029792);
INSERT INTO player_score VALUES('63482a1a8',10,'4243bfbc7','2c18abeb2',42336,2887,1654028278,1654028278);
INSERT INTO player_score VALUES('61ee15ea8',10,'4243bfbc7','481af79ea',16384,2920,1653991989,1653991989);
INSERT INTO player_score VALUES('62a63b06a',10,'4243bfbc7','4ca764e37',588,2908,1654011298,1654011298);
INSERT INTO player_score VALUES('5a3659555',10,'4243bfbc7','5256914c7',764400,2926,1653784818,1653784818);
INSERT INTO player_score VALUES('61b83db76',10,'4243bfbc7','61785ac11',51450,3095,1653986343,1653986343);
INSERT INTO player_score VALUES('605790160',10,'4243bfbc7','954f1d45',63840,3183,1653949362,1653949362);
INSERT INTO player_score VALUES('621746570',10,'4258da917','2c18abeb2',141642,2832,1653996308,1653996308);
INSERT INTO player_score VALUES('6377135d7',10,'4258da917','481af79ea',109120,3092,1654033197,1654033197);
INSERT INTO player_score VALUES('62c4122f9',10,'4258da917','4ca764e37',33516,2924,1654014427,1654014427);
INSERT INTO player_score VALUES('5a3a4c14c',10,'4258da917','5256914c7',231240,2930,1653785232,1653785232);
INSERT INTO player_score VALUES('61b348332',10,'4258da917','61785ac11',112908,2852,1653985823,1653985823);
INSERT INTO player_score VALUES('63ad2143c',10,'4258da917','954f1d45',9744,3319,1654038865,1654038865);
INSERT INTO player_score VALUES('5a374fe79',10,'426693bf1','2c18abeb2',162810,2436,1653784919,1653784919);
INSERT INTO player_score VALUES('63565877d',10,'426693bf1','481af79ea',292187,3081,1654029765,1654029765);
INSERT INTO player_score VALUES('635516317',10,'426693bf1','4ca764e37',320160,3005,1654029633,1654029633);
INSERT INTO player_score VALUES('58e4d5833',10,'426693bf1','5256914c7',282150,2429,1653749427,1653749427);
INSERT INTO player_score VALUES('61b555192',10,'426693bf1','61785ac11',22800,2932,1653986038,1653986038);
INSERT INTO player_score VALUES('634d889dc',10,'426693bf1','954f1d45',29040,3308,1654028841,1654028841);
INSERT INTO player_score VALUES('63497891d',10,'43b6b801b','2c18abeb2',90896,2888,1654028415,1654028415);
INSERT INTO player_score VALUES('63b33bc63',10,'43b6b801b','481af79ea',405751,3110,1654039505,1654039505);
INSERT INTO player_score VALUES('631d338e4',10,'43b6b801b','4ca764e37',57072,2975,1654023773,1654023773);
INSERT INTO player_score VALUES('59e8988f1',10,'43b6b801b','5256914c7',439560,2810,1653776665,1653776665);
INSERT INTO player_score VALUES('61aea5ae2',10,'43b6b801b','61785ac11',205200,2624,1653985337,1653985337);
INSERT INTO player_score VALUES('618058a6e',10,'43b6b801b','954f1d45',31500,3225,1653980482,1653980482);
INSERT INTO player_score VALUES('60510f098',10,'4425b9f65','2c18abeb2',19404,2740,1653948680,1653948680);
INSERT INTO player_score VALUES('618276a16',10,'4425b9f65','481af79ea',114750,2872,1653980704,1653980704);
INSERT INTO player_score VALUES('6194424c7',10,'4425b9f65','4ca764e37',67600,2795,1653982570,1653982570);
INSERT INTO player_score VALUES('5963ce68b',10,'4425b9f65','5256914c7',168000,2619,1653762741,1653762741);
INSERT INTO player_score VALUES('61b00c916',10,'4425b9f65','61785ac11',194400,2695,1653985484,1653985484);
INSERT INTO player_score VALUES('63248421e',10,'4425b9f65','954f1d45',21692,3299,1654024540,1654024540);
INSERT INTO player_score VALUES('551aabb30',10,'44571b944','2c18abeb2',13035,2163,1653647698,1653647698);
INSERT INTO player_score VALUES('61fbb439d',10,'44571b944','481af79ea',305797,2929,1653993417,1653993417);
INSERT INTO player_score VALUES('635a835fa',10,'44571b944','4ca764e37',344250,3009,1654030202,1654030202);
INSERT INTO player_score VALUES('596f6e79e',10,'44571b944','5256914c7',390096,2631,1653763960,1653763960);
INSERT INTO player_score VALUES('61b75f8ed',10,'44571b944','61785ac11',40800,3043,1653986252,1653986252);
INSERT INTO player_score VALUES('5d35d3f0d',10,'44571b944','954f1d45',414414,3070,1653865294,1653865294);
INSERT INTO player_score VALUES('63769bbe5',10,'44d42c2d0','481af79ea',20304,3091,1654033148,1654033148);
INSERT INTO player_score VALUES('62e4aae7a',10,'44d42c2d0','4ca764e37',214132,2940,1654017845,1654017845);
INSERT INTO player_score VALUES('5943110c9',10,'44d42c2d0','5256914c7',72716,2572,1653759308,1653759308);
INSERT INTO player_score VALUES('61b8f7478',10,'44d42c2d0','61785ac11',366244,3128,1653986419,1653986419);
INSERT INTO player_score VALUES('60134a0ce',10,'44d42c2d0','954f1d45',428040,3170,1653942203,1653942203);
INSERT INTO player_score VALUES('63b48a3ea',10,'45793c0a7','2c18abeb2',8019,2919,1654039642,1654039642);
INSERT INTO player_score VALUES('623f73fb8',10,'45793c0a7','481af79ea',129472,2962,1654000521,1654000521);
INSERT INTO player_score VALUES('61d79df43',10,'45793c0a7','4ca764e37',1305,2819,1653989633,1653989633);
INSERT INTO player_score VALUES('59ff12f0d',10,'45793c0a7','5256914c7',3100,2853,1653779022,1653779022);
INSERT INTO player_score VALUES('61b8d2aa3',10,'45793c0a7','61785ac11',290,3123,1653986404,1653986404);
INSERT INTO player_score VALUES('607d0faf7',10,'45793c0a7','954f1d45',202686,3191,1653953294,1653953294);
INSERT INTO player_score VALUES('63291a72b',10,'457b9bf3d','481af79ea',13572,3051,1654025021,1654025021);
INSERT INTO player_score VALUES('622da3711',10,'457b9bf3d','4ca764e37',4424,2862,1653998653,1653998653);
INSERT INTO player_score VALUES('5a42a44de',10,'457b9bf3d','5256914c7',47400,2942,1653786107,1653786107);
INSERT INTO player_score VALUES('61b83b4a0',10,'457b9bf3d','61785ac11',586628,3094,1653986342,1653986342);
INSERT INTO player_score VALUES('61837bdf0',10,'457b9bf3d','954f1d45',154882,3226,1653980811,1653980811);
INSERT INTO player_score VALUES('60415eeed',10,'45c5d2f88','481af79ea',33600,2724,1653947035,1653947035);
INSERT INTO player_score VALUES('63a3dc393',10,'45c5d2f88','4ca764e37',9120,3044,1654037893,1654037893);
INSERT INTO player_score VALUES('5a020ca63',10,'45c5d2f88','5256914c7',71400,2861,1653779334,1653779334);
INSERT INTO player_score VALUES('61b7bc522',10,'45c5d2f88','61785ac11',752463,3068,1653986290,1653986290);
INSERT INTO player_score VALUES('629844cae',10,'45c5d2f88','954f1d45',16575,3276,1654009834,1654009834);
INSERT INTO player_score VALUES('62f3c61aa',10,'469575438','2c18abeb2',77004,2867,1654019429,1654019429);
INSERT INTO player_score VALUES('61912db88',10,'469575438','481af79ea',51615,2878,1653982247,1653982247);
INSERT INTO player_score VALUES('61e32ceff',10,'469575438','4ca764e37',2623,2828,1653990845,1653990845);
INSERT INTO player_score VALUES('5a2b1ae8b',10,'469575438','5256914c7',0,2913,1653783639,1653783639);
INSERT INTO player_score VALUES('61b71da15',10,'469575438','61785ac11',102486,3029,1653986225,1653986225);
INSERT INTO player_score VALUES('5d858935a',10,'469575438','954f1d45',124872,3080,1653873652,1653873652);
INSERT INTO player_score VALUES('6391792e9',10,'49756fe75','2c18abeb2',69440,2907,1654035965,1654035965);
INSERT INTO player_score VALUES('625779e2b',10,'49756fe75','481af79ea',41013,2968,1654003040,1654003040);
INSERT INTO player_score VALUES('632a6b5aa',10,'49756fe75','4ca764e37',126672,2983,1654025159,1654025159);
INSERT INTO player_score VALUES('61b833f42',10,'49756fe75','61785ac11',72192,3089,1653986339,1653986339);
INSERT INTO player_score VALUES('631f036ca',10,'49756fe75','954f1d45',72072,3295,1654023963,1654023963);
INSERT INTO player_score VALUES('639413b1f',10,'4ae023779','2c18abeb2',106720,2908,1654036238,1654036238);
INSERT INTO player_score VALUES('61ee4e100',10,'4ae023779','481af79ea',7524,2921,1653992012,1653992012);
INSERT INTO player_score VALUES('6311603ad',10,'4ae023779','4ca764e37',22932,2965,1654022533,1654022533);
INSERT INTO player_score VALUES('59c95a7fb',10,'4ae023779','5256914c7',50764,2769,1653773389,1653773389);
INSERT INTO player_score VALUES('61b766e40',10,'4ae023779','61785ac11',40641,3046,1653986255,1653986255);
INSERT INTO player_score VALUES('6249183c8',10,'4ae023779','954f1d45',59040,3260,1654001532,1654001532);
INSERT INTO player_score VALUES('6359215de',10,'4b42f072c','2c18abeb2',115710,2891,1654030057,1654030057);
INSERT INTO player_score VALUES('61ba48319',10,'4b42f072c','481af79ea',14784,2899,1653986557,1653986557);
INSERT INTO player_score VALUES('5a06b40f8',10,'4b42f072c','5256914c7',112572,2867,1653779822,1653779822);
INSERT INTO player_score VALUES('61b6d9494',10,'4b42f072c','61785ac11',225148,3007,1653986197,1653986197);
INSERT INTO player_score VALUES('5f3cb8d8b',10,'4b42f072c','954f1d45',3290,3142,1653919704,1653919704);
INSERT INTO player_score VALUES('6208f83a7',10,'4cb10e055','2c18abeb2',1932,2827,1653994808,1653994808);
INSERT INTO player_score VALUES('62e7344fb',10,'4cb10e055','481af79ea',86640,3027,1654018111,1654018111);
INSERT INTO player_score VALUES('63a37f70d',10,'4cb10e055','4ca764e37',121423,3043,1654037855,1654037855);
INSERT INTO player_score VALUES('5a1f11dc0',10,'4cb10e055','5256914c7',78764,2902,1653782377,1653782377);
INSERT INTO player_score VALUES('61b7b9e1f',10,'4cb10e055','61785ac11',1024,3067,1653986289,1653986289);
INSERT INTO player_score VALUES('6195f270a',10,'4cb10e055','954f1d45',119475,3227,1653982747,1653982747);
INSERT INTO player_score VALUES('5bf6da3c5',10,'4d5e1e3a0','2c18abeb2',291384,2542,1653831847,1653831847);
INSERT INTO player_score VALUES('617a568ed',10,'4d5e1e3a0','4ca764e37',212160,2779,1653979852,1653979852);
INSERT INTO player_score VALUES('59aac27ab',10,'4d5e1e3a0','5256914c7',22116,2717,1653770181,1653770181);
INSERT INTO player_score VALUES('61b3a4f60',10,'4d5e1e3a0','61785ac11',5607,2869,1653985861,1653985861);
INSERT INTO player_score VALUES('634cc2db0',10,'4d5e1e3a0','954f1d45',265356,3307,1654028760,1654028760);
INSERT INTO player_score VALUES('60161560e',10,'4dc363851','2c18abeb2',51744,2724,1653942496,1653942496);
INSERT INTO player_score VALUES('5d43f88dd',10,'4dc363851','481af79ea',46740,2421,1653866777,1653866777);
INSERT INTO player_score VALUES('6360e4a75',10,'4dc363851','4ca764e37',166608,3011,1654030871,1654030871);
INSERT INTO player_score VALUES('61aecf303',10,'4dc363851','61785ac11',168350,2631,1653985354,1653985354);
INSERT INTO player_score VALUES('62365fc41',10,'4dc363851','954f1d45',321846,3251,1653999569,1653999569);
INSERT INTO player_score VALUES('60c6b6ab3',10,'4ded6109e','2c18abeb2',137200,2771,1653961017,1653961017);
INSERT INTO player_score VALUES('634f27a80',10,'4ded6109e','481af79ea',55440,3074,1654029011,1654029011);
INSERT INTO player_score VALUES('63a98dc18',10,'4ded6109e','4ca764e37',17100,3050,1654038490,1654038490);
INSERT INTO player_score VALUES('5a09ead4c',10,'4ded6109e','5256914c7',375487,2873,1653780159,1653780159);
INSERT INTO player_score VALUES('61b574d78',10,'4ded6109e','61785ac11',101500,2939,1653986051,1653986051);
INSERT INTO player_score VALUES('5e82cb367',10,'4ded6109e','954f1d45',34848,3113,1653900208,1653900208);
INSERT INTO player_score VALUES('5b0544849',10,'4e07a98d8','2c18abeb2',99000,2472,1653806515,1653806515);
INSERT INTO player_score VALUES('60ffa36f8',10,'4e07a98d8','481af79ea',146286,2805,1653966986,1653966986);
INSERT INTO player_score VALUES('636c2f4bc',10,'4e07a98d8','4ca764e37',5782,3018,1654032055,1654032055);
INSERT INTO player_score VALUES('5a447b7fa',10,'4e07a98d8','5256914c7',66612,2944,1653786300,1653786300);
INSERT INTO player_score VALUES('61b85d745',10,'4e07a98d8','61785ac11',47628,3104,1653986356,1653986356);
INSERT INTO player_score VALUES('5f8eb0bf9',10,'4e07a98d8','954f1d45',90880,3153,1653928299,1653928299);
INSERT INTO player_score VALUES('62ffaa861',10,'4f8005308','481af79ea',15375,3038,1654020676,1654020676);
INSERT INTO player_score VALUES('63029f5e2',10,'4f8005308','4ca764e37',68000,2956,1654020986,1654020986);
INSERT INTO player_score VALUES('59f1ca0e4',10,'4f8005308','5256914c7',62100,2834,1653777629,1653777629);
INSERT INTO player_score VALUES('61b86e8e1',10,'4f8005308','61785ac11',54740,3107,1653986363,1653986363);
INSERT INTO player_score VALUES('5c0a957fe',10,'4f8005308','954f1d45',122100,3019,1653833916,1653833916);
INSERT INTO player_score VALUES('6221cb36c',10,'4f945085d','2c18abeb2',11439,2834,1653997411,1653997411);
INSERT INTO player_score VALUES('63bcfd56d',10,'4f945085d','481af79ea',17480,3118,1654040528,1654040528);
INSERT INTO player_score VALUES('5f29f69ab',10,'4f945085d','4ca764e37',45936,2476,1653917737,1653917737);
INSERT INTO player_score VALUES('59f8526d8',10,'4f945085d','5256914c7',42108,2843,1653778314,1653778314);
INSERT INTO player_score VALUES('61b7c88ae',10,'4f945085d','61785ac11',64543,3071,1653986295,1653986295);
INSERT INTO player_score VALUES('6228698bf',10,'4f945085d','954f1d45',12005,3246,1653998105,1653998105);
INSERT INTO player_score VALUES('571ad01bb',10,'50156763d','2c18abeb2',37224,2266,1653701400,1653701400);
INSERT INTO player_score VALUES('60c1ed140',10,'50156763d','481af79ea',29808,2769,1653960515,1653960515);
INSERT INTO player_score VALUES('62e803d8a',10,'50156763d','4ca764e37',60214,2943,1654018196,1654018196);
INSERT INTO player_score VALUES('595b9105c',10,'50156763d','5256914c7',66300,2606,1653761877,1653761877);
INSERT INTO player_score VALUES('61b32fc67',10,'50156763d','61785ac11',29610,2845,1653985813,1653985813);
INSERT INTO player_score VALUES('630c831b4',10,'50156763d','954f1d45',3510,3293,1654022023,1654022023);
INSERT INTO player_score VALUES('5d5dce4ec',10,'502a64ec3','2c18abeb2',13209,2596,1653869486,1653869486);
INSERT INTO player_score VALUES('621830b96',10,'502a64ec3','481af79ea',251160,2944,1653996404,1653996404);
INSERT INTO player_score VALUES('635607e6f',10,'502a64ec3','4ca764e37',10400,3006,1654029732,1654029732);
INSERT INTO player_score VALUES('590747e14',10,'502a64ec3','5256914c7',6396,2485,1653753039,1653753039);
INSERT INTO player_score VALUES('61b851410',10,'502a64ec3','61785ac11',0,3100,1653986351,1653986351);
INSERT INTO player_score VALUES('6244d9d28',10,'502a64ec3','954f1d45',32364,3258,1654001087,1654001087);
INSERT INTO player_score VALUES('633f15df4',10,'50d655079','2c18abeb2',4307,2884,1654027326,1654027326);
INSERT INTO player_score VALUES('631cef31c',10,'50d655079','481af79ea',1152,3049,1654023745,1654023745);
INSERT INTO player_score VALUES('61b6f1b43',10,'50d655079','61785ac11',79040,3016,1653986207,1653986207);
INSERT INTO player_score VALUES('57f3053c8',10,'50d655079','954f1d45',1885,2876,1653724071,1653724071);
INSERT INTO player_score VALUES('60a51d978',10,'5218c9dcb','2c18abeb2',79716,2758,1653957494,1653957494);
INSERT INTO player_score VALUES('637d1302f',10,'5218c9dcb','481af79ea',0,3093,1654033826,1654033826);
INSERT INTO player_score VALUES('630b43489',10,'5218c9dcb','4ca764e37',26400,2959,1654021892,1654021892);
INSERT INTO player_score VALUES('598f06d95',10,'5218c9dcb','5256914c7',161280,2671,1653767273,1653767273);
INSERT INTO player_score VALUES('61b7053d4',10,'5218c9dcb','61785ac11',8037,3025,1653986215,1653986215);
INSERT INTO player_score VALUES('5c1356b7d',10,'5218c9dcb','954f1d45',84419,3021,1653834834,1653834834);
INSERT INTO player_score VALUES('63abfc4c3',10,'524276cc4','2c18abeb2',208116,2915,1654038745,1654038745);
INSERT INTO player_score VALUES('634ecfbf8',10,'524276cc4','481af79ea',84360,3073,1654028975,1654028975);
INSERT INTO player_score VALUES('635784c4c',10,'524276cc4','4ca764e37',671925,3007,1654029888,1654029888);
INSERT INTO player_score VALUES('5a32aaf1b',10,'524276cc4','5256914c7',93670,2922,1653784432,1653784432);
INSERT INTO player_score VALUES('61b74244f',10,'524276cc4','61785ac11',346032,3038,1653986240,1653986240);
INSERT INTO player_score VALUES('5d62b2c52',10,'524276cc4','954f1d45',264600,3077,1653869999,1653869999);
INSERT INTO player_score VALUES('5ebaf9853',10,'52dd94491','2c18abeb2',355810,2654,1653906099,1653906099);
INSERT INTO player_score VALUES('63c61b527',10,'52dd94491','4ca764e37',252,3061,1654041484,1654041484);
INSERT INTO player_score VALUES('5a0ebbbb0',10,'52dd94491','5256914c7',81840,2882,1653780664,1653780664);
INSERT INTO player_score VALUES('61b9567e1',10,'52dd94491','61785ac11',55380,3147,1653986458,1653986458);
INSERT INTO player_score VALUES('620d7b046',10,'52dd94491','954f1d45',131652,3244,1653995281,1653995281);
INSERT INTO player_score VALUES('63631b11f',10,'533c8e41e','2c18abeb2',26220,2897,1654031103,1654031103);
INSERT INTO player_score VALUES('5f22f1bf5',10,'533c8e41e','481af79ea',34200,2610,1653917001,1653917001);
INSERT INTO player_score VALUES('635486297',10,'533c8e41e','4ca764e37',38458,3004,1654029574,1654029574);
INSERT INTO player_score VALUES('5a187114c',10,'533c8e41e','5256914c7',387595,2892,1653781682,1653781682);
INSERT INTO player_score VALUES('61b6eccea',10,'533c8e41e','61785ac11',244400,3015,1653986205,1653986205);
INSERT INTO player_score VALUES('60340c498',10,'533c8e41e','954f1d45',348840,3176,1653945638,1653945638);
INSERT INTO player_score VALUES('633c7b5ea',10,'534f30bf1','481af79ea',76608,3063,1654027053,1654027053);
INSERT INTO player_score VALUES('636e60d2b',10,'534f30bf1','4ca764e37',207900,3019,1654032285,1654032285);
INSERT INTO player_score VALUES('63a886154',10,'534f30bf1','954f1d45',77572,3318,1654038382,1654038382);
INSERT INTO player_score VALUES('620309ae1',10,'53acc6435','2c18abeb2',37620,2825,1653994186,1653994186);
INSERT INTO player_score VALUES('6226702e6',10,'53acc6435','481af79ea',294408,2949,1653997898,1653997898);
INSERT INTO player_score VALUES('62fcb81fe',10,'53acc6435','4ca764e37',23256,2954,1654020367,1654020367);
INSERT INTO player_score VALUES('592aabf43',10,'53acc6435','5256914c7',37410,2535,1653756750,1653756750);
INSERT INTO player_score VALUES('61ac43523',10,'53acc6435','61785ac11',88400,2513,1653985087,1653985087);
INSERT INTO player_score VALUES('5f195e8f4',10,'53acc6435','954f1d45',9000,3134,1653915997,1653915997);
INSERT INTO player_score VALUES('62151743f',10,'5423dc1ff','2c18abeb2',257712,2831,1653996079,1653996079);
INSERT INTO player_score VALUES('5f065315c',10,'5423dc1ff','481af79ea',12528,2599,1653914000,1653914000);
INSERT INTO player_score VALUES('630d020d0',10,'5423dc1ff','4ca764e37',30932,2960,1654022075,1654022075);
INSERT INTO player_score VALUES('5a0ab305d',10,'5423dc1ff','5256914c7',22568,2874,1653780241,1653780241);
INSERT INTO player_score VALUES('61b44fdf8',10,'5423dc1ff','61785ac11',7854,2895,1653985931,1653985931);
INSERT INTO player_score VALUES('60cc08f82',10,'5423dc1ff','954f1d45',51800,3203,1653961575,1653961575);
INSERT INTO player_score VALUES('63629c205',10,'54c1cc3f6','2c18abeb2',105840,2896,1654031051,1654031051);
INSERT INTO player_score VALUES('630d9bde9',10,'54c1cc3f6','481af79ea',198528,3047,1654022138,1654022138);
INSERT INTO player_score VALUES('6254395d6',10,'54c1cc3f6','4ca764e37',774000,2875,1654002699,1654002699);
INSERT INTO player_score VALUES('5a1d55850',10,'54c1cc3f6','5256914c7',9648,2899,1653782195,1653782195);
INSERT INTO player_score VALUES('61b3f31a5',10,'54c1cc3f6','61785ac11',41800,2880,1653985893,1653985893);
INSERT INTO player_score VALUES('603c47375',10,'54c1cc3f6','954f1d45',795564,3178,1653946501,1653946501);
INSERT INTO player_score VALUES('5dd90a28f',10,'54da33cc7','2c18abeb2',255407,2622,1653882408,1653882408);
INSERT INTO player_score VALUES('61c99b8a6',10,'54da33cc7','481af79ea',5472,2907,1653988164,1653988164);
INSERT INTO player_score VALUES('62dd8169c',10,'54da33cc7','4ca764e37',129600,2936,1654017094,1654017094);
INSERT INTO player_score VALUES('599dc7b49',10,'54da33cc7','5256914c7',52682,2695,1653768820,1653768820);
INSERT INTO player_score VALUES('61aca4f72',10,'54da33cc7','61785ac11',102225,2529,1653985127,1653985127);
INSERT INTO player_score VALUES('61352feca',10,'54da33cc7','954f1d45',125552,3218,1653972601,1653972601);
INSERT INTO player_score VALUES('602f0f6cb',10,'55013799b','2c18abeb2',7344,2731,1653945115,1653945115);
INSERT INTO player_score VALUES('6367fa9e9',10,'55013799b','4ca764e37',93600,3014,1654031614,1654031614);
INSERT INTO player_score VALUES('599316e40',10,'55013799b','5256914c7',174720,2678,1653767699,1653767699);
INSERT INTO player_score VALUES('61b87fa61',10,'55013799b','61785ac11',117183,3112,1653986370,1653986370);
INSERT INTO player_score VALUES('5f502adf5',10,'5587b1dcc','2c18abeb2',4950,2687,1653921743,1653921743);
INSERT INTO player_score VALUES('62b8d6331',10,'5587b1dcc','481af79ea',92352,3012,1654013249,1654013249);
INSERT INTO player_score VALUES('62fc9ad42',10,'5587b1dcc','4ca764e37',340470,2953,1654020355,1654020355);
INSERT INTO player_score VALUES('594dae55c',10,'5587b1dcc','5256914c7',37632,2585,1653760421,1653760421);
INSERT INTO player_score VALUES('61b615f6a',10,'5587b1dcc','61785ac11',82620,2970,1653986117,1653986117);
INSERT INTO player_score VALUES('58025fe5b',10,'5587b1dcc','954f1d45',90090,2880,1653725681,1653725681);
INSERT INTO player_score VALUES('63a1e7b9d',10,'5593ac47c','2c18abeb2',142350,2912,1654037688,1654037688);
INSERT INTO player_score VALUES('6204b75d6',10,'5593ac47c','481af79ea',582120,2933,1653994362,1653994362);
INSERT INTO player_score VALUES('62fa7314d',10,'5593ac47c','4ca764e37',63308,2950,1654020129,1654020129);
INSERT INTO player_score VALUES('59728f460',10,'5593ac47c','5256914c7',35685,2635,1653764288,1653764288);
INSERT INTO player_score VALUES('6289d483a',10,'5593ac47c','954f1d45',43758,3271,1654008320,1654008320);
INSERT INTO player_score VALUES('632f2d9c4',10,'562e71d8b','4ca764e37',159500,2987,1654025658,1654025658);
INSERT INTO player_score VALUES('581d29cc4',10,'562e71d8b','5256914c7',329121,2149,1653728490,1653728490);
INSERT INTO player_score VALUES('61b5ea080',10,'562e71d8b','61785ac11',20184,2960,1653986099,1653986099);
INSERT INTO player_score VALUES('602c3cc70',10,'562e71d8b','954f1d45',95040,3174,1653944819,1653944819);
INSERT INTO player_score VALUES('63a16175f',10,'56807fb55','2c18abeb2',7744,2911,1654037633,1654037633);
INSERT INTO player_score VALUES('614795634',10,'56807fb55','4ca764e37',9246,2749,1653974530,1653974530);
INSERT INTO player_score VALUES('59d96c447',10,'56807fb55','5256914c7',820,2787,1653775074,1653775074);
INSERT INTO player_score VALUES('61b2763cb',10,'56807fb55','61785ac11',697500,2808,1653985737,1653985737);
INSERT INTO player_score VALUES('627b66aa0',10,'56807fb55','954f1d45',36603,3268,1654006807,1654006807);
INSERT INTO player_score VALUES('6315c5b3f',10,'56dae83fb','2c18abeb2',368220,2876,1654022994,1654022994);
INSERT INTO player_score VALUES('5effc0f55',10,'56dae83fb','481af79ea',75106,2596,1653913311,1653913311);
INSERT INTO player_score VALUES('61699501c',10,'56dae83fb','4ca764e37',47040,2772,1653978095,1653978095);
INSERT INTO player_score VALUES('59f0dd3f0',10,'56dae83fb','5256914c7',147000,2832,1653777532,1653777532);
INSERT INTO player_score VALUES('61b19f63e',10,'56dae83fb','61785ac11',308385,2764,1653985649,1653985649);
INSERT INTO player_score VALUES('547ba540d',10,'56dae83fb','954f1d45',244224,2767,1653631023,1653631023);
INSERT INTO player_score VALUES('6023f5a22',10,'58c34637a','2c18abeb2',227976,2726,1653943951,1653943951);
INSERT INTO player_score VALUES('636547b92',10,'58c34637a','481af79ea',137475,3086,1654031331,1654031331);
INSERT INTO player_score VALUES('618282dac',10,'58c34637a','4ca764e37',175175,2787,1653980709,1653980709);
INSERT INTO player_score VALUES('59e79aa76',10,'58c34637a','5256914c7',24010,2807,1653776561,1653776561);
INSERT INTO player_score VALUES('61b700584',10,'58c34637a','61785ac11',91450,3023,1653986213,1653986213);
INSERT INTO player_score VALUES('5a7838208',10,'58c34637a','954f1d45',314640,2961,1653791725,1653791725);
INSERT INTO player_score VALUES('59d10f294',10,'59d69249d','2c18abeb2',77050,2411,1653774197,1653774197);
INSERT INTO player_score VALUES('627b5ce6c',10,'59d69249d','481af79ea',36801,2986,1654006803,1654006803);
INSERT INTO player_score VALUES('62fbe1474',10,'59d69249d','4ca764e37',156780,2952,1654020279,1654020279);
INSERT INTO player_score VALUES('5a0425c77',10,'59d69249d','5256914c7',134750,2863,1653779554,1653779554);
INSERT INTO player_score VALUES('61b6f422f',10,'59d69249d','61785ac11',66836,3018,1653986208,1653986208);
INSERT INTO player_score VALUES('5dc94683b',10,'5a9db066e','2c18abeb2',302400,2616,1653880755,1653880755);
INSERT INTO player_score VALUES('63c276b33',10,'5a9db066e','481af79ea',340256,3119,1654041102,1654041102);
INSERT INTO player_score VALUES('6199ec7fd',10,'5a9db066e','4ca764e37',31720,2798,1653983164,1653983164);
INSERT INTO player_score VALUES('61b50bdc1',10,'5a9db066e','61785ac11',170079,2917,1653986008,1653986008);
INSERT INTO player_score VALUES('61f187414',10,'5a9db066e','954f1d45',42210,3237,1653992350,1653992350);
INSERT INTO player_score VALUES('639778d83',10,'5b42b40f7','2c18abeb2',361228,2910,1654036594,1654036594);
INSERT INTO player_score VALUES('63051a23f',10,'5b42b40f7','4ca764e37',89300,2958,1654021246,1654021246);
INSERT INTO player_score VALUES('61b9037ce',10,'5b42b40f7','61785ac11',74250,3129,1653986424,1653986424);
INSERT INTO player_score VALUES('62ca9a8b2',10,'5b42b40f7','954f1d45',109440,3285,1654015112,1654015112);
INSERT INTO player_score VALUES('63a9cd389',10,'5bca42368','2c18abeb2',151848,2913,1654038516,1654038516);
INSERT INTO player_score VALUES('62aabb5cb',10,'5bca42368','481af79ea',436020,3007,1654011770,1654011770);
INSERT INTO player_score VALUES('63c48d601',10,'5bca42368','4ca764e37',332640,3060,1654041321,1654041321);
INSERT INTO player_score VALUES('61b6dbb75',10,'5bca42368','61785ac11',247296,3009,1653986198,1653986198);
INSERT INTO player_score VALUES('624eee630',10,'5bca42368','954f1d45',4004,3262,1654002144,1654002144);
INSERT INTO player_score VALUES('4d4c32d4b',10,'5c5b9e20e','2c18abeb2',203320,1760,1653438143,1653438143);
INSERT INTO player_score VALUES('629d8d573',10,'5c5b9e20e','481af79ea',2624,3001,1654010388,1654010388);
INSERT INTO player_score VALUES('63957f751',10,'5c5b9e20e','4ca764e37',302940,3035,1654036387,1654036387);
INSERT INTO player_score VALUES('61b58acf1',10,'5c5b9e20e','61785ac11',99900,2945,1653986060,1653986060);
INSERT INTO player_score VALUES('5de0bc648',10,'5c5b9e20e','954f1d45',40326,3093,1653883215,1653883215);
INSERT INTO player_score VALUES('612b3153e',10,'5c6d404b7','2c18abeb2',1972,2789,1653971553,1653971553);
INSERT INTO player_score VALUES('63587dc67',10,'5c6d404b7','481af79ea',394128,3082,1654029990,1654029990);
INSERT INTO player_score VALUES('62ad1db7f',10,'5c6d404b7','4ca764e37',450300,2913,1654012020,1654012020);
INSERT INTO player_score VALUES('61b914906',10,'5c6d404b7','61785ac11',60520,3134,1653986431,1653986431);
INSERT INTO player_score VALUES('60691eb87',10,'5c6d404b7','954f1d45',1525,3187,1653951203,1653951203);
INSERT INTO player_score VALUES('620c70e4a',10,'5dbc50aa3','481af79ea',97356,2937,1653995172,1653995172);
INSERT INTO player_score VALUES('622aff296',10,'5dbc50aa3','4ca764e37',1314,2860,1653998376,1653998376);
INSERT INTO player_score VALUES('61b7cd6cc',10,'5dbc50aa3','61785ac11',141372,3072,1653986297,1653986297);
INSERT INTO player_score VALUES('63797f7e5',10,'5dbc50aa3','954f1d45',17920,3313,1654033451,1654033451);
INSERT INTO player_score VALUES('625cdfbab',10,'5ff1288f','2c18abeb2',200208,2845,1654003606,1654003606);
INSERT INTO player_score VALUES('635457c45',10,'5ff1288f','481af79ea',22204,3079,1654029555,1654029555);
INSERT INTO player_score VALUES('5a0ab305c',10,'5ff1288f','5256914c7',64220,2875,1653780241,1653780241);
INSERT INTO player_score VALUES('61b7b7742',10,'5ff1288f','61785ac11',34200,3066,1653986288,1653986288);
INSERT INTO player_score VALUES('5d3dcf63a',10,'5ff1288f','954f1d45',171000,3072,1653866131,1653866131);
INSERT INTO player_score VALUES('63599ddca',10,'60d52485d','2c18abeb2',4500,2892,1654030108,1654030108);
INSERT INTO player_score VALUES('633c54505',10,'60d52485d','481af79ea',156555,3062,1654027037,1654027037);
INSERT INTO player_score VALUES('61b219772',10,'60d52485d','61785ac11',273182,2789,1653985699,1653985699);
INSERT INTO player_score VALUES('61c8bfd01',10,'60d52485d','954f1d45',31416,3232,1653988074,1653988074);
INSERT INTO player_score VALUES('62b3298e6',10,'6139510e7','481af79ea',7200,3009,1654012654,1654012654);
INSERT INTO player_score VALUES('639c426d6',10,'6139510e7','4ca764e37',132840,3038,1654037096,1654037096);
INSERT INTO player_score VALUES('61b9567e2',10,'6139510e7','61785ac11',121176,3146,1653986458,1653986458);
INSERT INTO player_score VALUES('5e088d434',10,'6139510e7','954f1d45',22287,3097,1653887390,1653887390);
INSERT INTO player_score VALUES('61886ef4b',10,'627288299','2c18abeb2',181440,2805,1653981330,1653981330);
INSERT INTO player_score VALUES('63a73c78d',10,'627288299','481af79ea',7526,3107,1654038247,1654038247);
INSERT INTO player_score VALUES('5e6d27a85',10,'627288299','954f1d45',42240,3110,1653897939,1653897939);
INSERT INTO player_score VALUES('6361835d6',10,'62f3e0f43','2c18abeb2',35360,2895,1654030936,1654030936);
INSERT INTO player_score VALUES('630efb6f1',10,'62f3e0f43','481af79ea',266112,3048,1654022282,1654022282);
INSERT INTO player_score VALUES('6200c70e8',10,'62f3e0f43','4ca764e37',11440,2845,1653993949,1653993949);
INSERT INTO player_score VALUES('63242758f',10,'62f3e0f43','954f1d45',0,3298,1654024502,1654024502);
INSERT INTO player_score VALUES('62fbf9b58',10,'637079ec9','2c18abeb2',13110,2872,1654020289,1654020289);
INSERT INTO player_score VALUES('62dfb2ecc',10,'637079ec9','481af79ea',24662,3024,1654017324,1654017324);
INSERT INTO player_score VALUES('5f92cf6e7',10,'637079ec9','954f1d45',653600,3155,1653928731,1653928731);
INSERT INTO player_score VALUES('615bb253c',10,'63bdc7f4d','2c18abeb2',138942,2800,1653976639,1653976639);
INSERT INTO player_score VALUES('615860b6e',10,'63bdc7f4d','481af79ea',70520,2850,1653976291,1653976291);
INSERT INTO player_score VALUES('6154c3695',10,'63bdc7f4d','4ca764e37',182736,2761,1653975912,1653975912);
INSERT INTO player_score VALUES('620d36aa6',10,'63bdc7f4d','954f1d45',157176,3243,1653995253,1653995253);
INSERT INTO player_score VALUES('61e5c4fdb',10,'6cf47513','2c18abeb2',252315,2821,1653991117,1653991117);
INSERT INTO player_score VALUES('619176f87',10,'6cf47513','481af79ea',151050,2879,1653982277,1653982277);
INSERT INTO player_score VALUES('6243f1e1f',10,'6cf47513','4ca764e37',263032,2868,1654000992,1654000992);
INSERT INTO player_score VALUES('58b96c3f3',10,'6cf47513','5256914c7',198268,2372,1653744875,1653744875);
INSERT INTO player_score VALUES('53f0022d6',10,'6cf47513','954f1d45',542640,2744,1653616381,1653616381);
INSERT INTO player_score VALUES('60ba81af3',10,'6fc6f5f5','2c18abeb2',247660,2767,1653959737,1653959737);
INSERT INTO player_score VALUES('5f4e56240',10,'6fc6f5f5','481af79ea',19440,2629,1653921551,1653921551);
INSERT INTO player_score VALUES('6272d3d4c',10,'6fc6f5f5','4ca764e37',1170,2887,1654005908,1654005908);
INSERT INTO player_score VALUES('59c4b0a4a',10,'6fc6f5f5','5256914c7',303236,2761,1653772900,1653772900);
INSERT INTO player_score VALUES('61b81b8b2',10,'6fc6f5f5','61785ac11',105120,3084,1653986329,1653986329);
INSERT INTO player_score VALUES('5b57f8676',10,'6fc6f5f5','954f1d45',290763,2997,1653815187,1653815187);
INSERT INTO player_score VALUES('5b096f6bd',10,'7f69573c','2c18abeb2',145350,2475,1653806952,1653806952);
INSERT INTO player_score VALUES('6292982bb',10,'7f69573c','481af79ea',72864,2996,1654009239,1654009239);
INSERT INTO player_score VALUES('63a74d90e',10,'7f69573c','4ca764e37',2070,3046,1654038254,1654038254);
INSERT INTO player_score VALUES('59fd569b4',10,'7f69573c','5256914c7',77760,2850,1653778840,1653778840);
INSERT INTO player_score VALUES('61b537cd8',10,'7f69573c','61785ac11',6912,2924,1653986026,1653986026);
INSERT INTO player_score VALUES('633491022',10,'7f69573c','954f1d45',2232,3302,1654026223,1654026223);
INSERT INTO player_score VALUES('6271325d4',10,'8bcfeea8','481af79ea',48960,2982,1654005737,1654005737);
INSERT INTO player_score VALUES('63c6bc75d',10,'8bcfeea8','4ca764e37',40000,3062,1654041550,1654041550);
INSERT INTO player_score VALUES('588c3cda4',10,'8bcfeea8','5256914c7',2280,2298,1653740137,1653740137);
INSERT INTO player_score VALUES('61b6caa36',10,'8bcfeea8','61785ac11',330561,3005,1653986191,1653986191);
INSERT INTO player_score VALUES('6022e6a3f',10,'8bcfeea8','954f1d45',17080,3173,1653943840,1653943840);
INSERT INTO player_score VALUES('5bccce10e',10,'8bf3f15c','2c18abeb2',168130,2525,1653827438,1653827438);
INSERT INTO player_score VALUES('639d0a9f6',10,'8bf3f15c','481af79ea',154350,3103,1654037178,1654037178);
INSERT INTO player_score VALUES('62b67167b',10,'8bf3f15c','4ca764e37',456885,2918,1654012998,1654012998);
INSERT INTO player_score VALUES('59e15b847',10,'8bf3f15c','5256914c7',152928,2799,1653775906,1653775906);
INSERT INTO player_score VALUES('61b85140e',10,'8bf3f15c','61785ac11',180127,3101,1653986351,1653986351);
INSERT INTO player_score VALUES('62d838df4',10,'8bf3f15c','954f1d45',220374,3287,1654016540,1654016540);
INSERT INTO player_score VALUES('63b41c627',10,'8e39c297','481af79ea',155316,3111,1654039597,1654039597);
INSERT INTO player_score VALUES('62ac04f1d',10,'8e39c297','4ca764e37',169344,2912,1654011905,1654011905);
INSERT INTO player_score VALUES('58f6fb878',10,'8e39c297','5256914c7',340725,2452,1653751330,1653751330);
INSERT INTO player_score VALUES('61b6f6934',10,'8e39c297','61785ac11',372645,3019,1653986209,1653986209);
INSERT INTO player_score VALUES('6015ac69d',10,'8e39c297','954f1d45',7308,3171,1653942453,1653942453);
INSERT INTO player_score VALUES('63ad1c62f',10,'9e8d728a','2c18abeb2',96350,2916,1654038863,1654038863);
INSERT INTO player_score VALUES('62b8b8eae',10,'9e8d728a','481af79ea',425568,3011,1654013237,1654013237);
INSERT INTO player_score VALUES('63aca251e',10,'9e8d728a','4ca764e37',3290,3051,1654038813,1654038813);
INSERT INTO player_score VALUES('595db658e',10,'9e8d728a','5256914c7',37856,2609,1653762102,1653762102);
INSERT INTO player_score VALUES('61ae9be74',10,'9e8d728a','61785ac11',1620,2623,1653985333,1653985333);
INSERT INTO player_score VALUES('6049afd73',10,'b08d72ea','2c18abeb2',15624,2737,1653947907,1653947907);
INSERT INTO player_score VALUES('623719535',10,'b08d72ea','481af79ea',3325,2959,1653999645,1653999645);
INSERT INTO player_score VALUES('5a2d3404a',10,'b08d72ea','5256914c7',40300,2916,1653783859,1653783859);
INSERT INTO player_score VALUES('61b93e13e',10,'b08d72ea','61785ac11',101556,3142,1653986448,1653986448);
INSERT INTO player_score VALUES('62ba928c9',10,'b08d72ea','954f1d45',65520,3282,1654013431,1654013431);
INSERT INTO player_score VALUES('622b12b63',10,'c250df98','2c18abeb2',170016,2837,1653998384,1653998384);
INSERT INTO player_score VALUES('639f82f1d',10,'c250df98','481af79ea',71200,3104,1654037437,1654037437);
INSERT INTO player_score VALUES('61e986e8e',10,'c250df98','4ca764e37',87576,2830,1653991511,1653991511);
INSERT INTO player_score VALUES('59a360d40',10,'c250df98','5256914c7',14040,2706,1653769407,1653769407);
INSERT INTO player_score VALUES('61b39da29',10,'c250df98','61785ac11',122400,2866,1653985858,1653985858);
INSERT INTO player_score VALUES('62096afa4',10,'c250df98','954f1d45',52096,3242,1653994855,1653994855);
INSERT INTO player_score VALUES('6380bc860',10,'c2b1282b','481af79ea',1560,3095,1654034210,1654034210);
INSERT INTO player_score VALUES('59f210ddf',10,'c2b1282b','5256914c7',43550,2836,1653777658,1653777658);
INSERT INTO player_score VALUES('61b75f8ec',10,'c2b1282b','61785ac11',22512,3042,1653986252,1653986252);
INSERT INTO player_score VALUES('5f92e7d7e',10,'c2b1282b','954f1d45',286700,3156,1653928741,1653928741);
INSERT INTO player_score VALUES('619f2b43b',10,'c5349ea1','2c18abeb2',3264,2809,1653983714,1653983714);
INSERT INTO player_score VALUES('5ecf5fb23',10,'c5349ea1','481af79ea',46354,2578,1653908238,1653908238);
INSERT INTO player_score VALUES('639f45e66',10,'c5349ea1','4ca764e37',8170,3041,1654037412,1654037412);
INSERT INTO player_score VALUES('59e23740c',10,'c5349ea1','5256914c7',273910,2800,1653775996,1653775996);
INSERT INTO player_score VALUES('61b8c400b',10,'c5349ea1','61785ac11',30888,3121,1653986398,1653986398);
INSERT INTO player_score VALUES('628425721',10,'c5349ea1','954f1d45',200000,3269,1654007724,1654007724);
INSERT INTO player_score VALUES('6272acc7f',10,'cf32e8c1','2c18abeb2',2700,2849,1654005892,1654005892);
INSERT INTO player_score VALUES('6217046db',10,'cf32e8c1','481af79ea',132160,2942,1653996281,1653996281);
INSERT INTO player_score VALUES('59b121554',10,'cf32e8c1','5256914c7',147744,2730,1653770849,1653770849);
INSERT INTO player_score VALUES('61b720125',10,'cf32e8c1','61785ac11',225720,3031,1653986226,1653986226);
INSERT INTO player_score VALUES('630bf30d0',10,'cf32e8c1','954f1d45',324162,3292,1654021964,1654021964);
INSERT INTO player_score VALUES('6158a29f4',10,'d54c301f','2c18abeb2',4480,2799,1653976318,1653976318);
INSERT INTO player_score VALUES('62dc9498f',10,'d54c301f','481af79ea',473100,3021,1654016997,1654016997);
INSERT INTO player_score VALUES('62fb5fe41',10,'d54c301f','4ca764e37',251680,2951,1654020226,1654020226);
INSERT INTO player_score VALUES('5a3ddab54',10,'d54c301f','5256914c7',18942,2935,1653785605,1653785605);
INSERT INTO player_score VALUES('61b8c400c',10,'d54c301f','61785ac11',0,3120,1653986398,1653986398);
INSERT INTO player_score VALUES('61291f8a1',10,'d54c301f','954f1d45',356400,3216,1653971336,1653971336);
INSERT INTO player_score VALUES('5fe604b13',10,'dc19ac7d','2c18abeb2',431520,2710,1653937456,1653937456);
INSERT INTO player_score VALUES('617e11282',10,'dc19ac7d','481af79ea',30912,2868,1653980243,1653980243);
INSERT INTO player_score VALUES('636a2260a',10,'dc19ac7d','4ca764e37',106227,3016,1654031840,1654031840);
INSERT INTO player_score VALUES('593c7c7fd',10,'dc19ac7d','5256914c7',44044,2557,1653758618,1653758618);
INSERT INTO player_score VALUES('61b30d9a6',10,'dc19ac7d','61785ac11',54912,2838,1653985799,1653985799);
INSERT INTO player_score VALUES('613de00e3',10,'dc19ac7d','954f1d45',679830,3220,1653973512,1653973512);
INSERT INTO player_score VALUES('62fb5b017',10,'ec327634','2c18abeb2',256968,2871,1654020224,1654020224);
INSERT INTO player_score VALUES('634f9a682',10,'ec327634','481af79ea',41400,3075,1654029058,1654029058);
INSERT INTO player_score VALUES('6188dcd2d',10,'ec327634','4ca764e37',83496,2790,1653981375,1653981375);
INSERT INTO player_score VALUES('5a34b086a',10,'ec327634','5256914c7',172000,2925,1653784644,1653784644);
INSERT INTO player_score VALUES('61aff425b',10,'ec327634','61785ac11',41952,2689,1653985474,1653985474);
INSERT INTO player_score VALUES('62028845b',10,'ec327634','954f1d45',52866,3240,1653994133,1653994133);
INSERT INTO player_score VALUES('5f3f44b60',10,'edb2adbe','2c18abeb2',17388,2682,1653919971,1653919971);
INSERT INTO player_score VALUES('6257d91be',10,'edb2adbe','481af79ea',7920,2971,1654003079,1654003079);
INSERT INTO player_score VALUES('6133193fd',10,'edb2adbe','4ca764e37',19764,2738,1653972382,1653972382);
INSERT INTO player_score VALUES('5a37aa414',10,'edb2adbe','5256914c7',105570,2928,1653784956,1653784956);
INSERT INTO player_score VALUES('61b13dbe8',10,'edb2adbe','61785ac11',54332,2748,1653985609,1653985609);
INSERT INTO player_score VALUES('62ff63b84',10,'edb2adbe','954f1d45',27520,3291,1654020647,1654020647);
COMMIT;
