
BEGIN;
CREATE TABLE IF NOT EXISTS competition (
  id VARCHAR(255) NOT NULL PRIMARY KEY,
  tenant_id BIGINT NOT NULL,
  title TEXT NOT NULL,
  finished_at BIGINT NULL,
  created_at BIGINT NOT NULL,
  updated_at BIGINT NOT NULL
);
INSERT INTO competition VALUES('1bb54bcd1',11,'ベンチマーク同好会カップ',1653303323,1652106986,1653303323);
INSERT INTO competition VALUES('2fbac2f3e',11,'第3回 DJワイン日記',NULL,1652644430,1652945265);
INSERT INTO competition VALUES('2fe64bf4e',11,'スピリチュアルいちじく家族',NULL,1652648995,1653795829);
INSERT INTO competition VALUES('41aedc7f9',11,'ザ・青山一丁目卒杯',1653338053,1653126366,1653338053);
INSERT INTO competition VALUES('446076968',11,'ビーフ委員会',NULL,1653198676,1653761609);
INSERT INTO competition VALUES('44890854c',11,'海老名中毒 #7',1653255335,1653202930,1653255335);
INSERT INTO competition VALUES('48fa4ee69',11,'第8回 blazinglyMIX',1653824229,1653322182,1653824229);
INSERT INTO competition VALUES('498b7edee',11,'第8回 会えるつくばタウン',1653586816,1653337406,1653586816);
INSERT INTO competition VALUES('4d58c707e',11,'リゾットと俺 vol.2',1653743838,1653439462,1653743838);
INSERT INTO competition VALUES('5bf7fa4f5',11,'こんにちはボルダリング軒 #1',NULL,1653831965,1653959032);
CREATE TABLE IF NOT EXISTS player (
  id VARCHAR(255) NOT NULL PRIMARY KEY,
  tenant_id BIGINT NOT NULL,
  display_name TEXT NOT NULL,
  is_disqualified BOOLEAN NOT NULL,
  created_at BIGINT NOT NULL,
  updated_at BIGINT NOT NULL
);
INSERT INTO player VALUES('508148dd',11,'Valentine Boehm Jr.',0,1651498265,1652353576);
INSERT INTO player VALUES('57e893fb',11,'Kirstin Cummings Jr.',0,1651510686,1653772805);
INSERT INTO player VALUES('5c2d90f1',11,'Mr. Rosario Waters',0,1651517849,1653529819);
INSERT INTO player VALUES('609557ac',11,'Mustafa Renner',0,1651525240,1652112970);
INSERT INTO player VALUES('65dca93d',11,'Margie Blanda',0,1651534096,1653399290);
INSERT INTO player VALUES('682d0203',11,'Giovanni Halvorson',0,1651537978,1653965896);
INSERT INTO player VALUES('85be20f3',11,'Brisa Pfeffer',0,1651587583,1651599920);
INSERT INTO player VALUES('871c0381',11,'Evangeline Senger',0,1651589876,1653709021);
INSERT INTO player VALUES('8f9d7134',11,'Herbert Bosco',0,1651604146,1652566972);
INSERT INTO player VALUES('9134da00',11,'Cristopher McDermott',0,1651606816,1651807182);
INSERT INTO player VALUES('96389305',11,'Darren Leuschke',0,1651615229,1653800086);
INSERT INTO player VALUES('99082ddb',11,'Lorena Mraz',0,1651619945,1652164851);
INSERT INTO player VALUES('9cdf9ba0',11,'Mr. Hudson Lakin',0,1651626390,1652180425);
INSERT INTO player VALUES('9e60965c',11,'Ruth Torphy DVM',0,1651628913,1651722120);
INSERT INTO player VALUES('ad002dc1',11,'Laverne Marquardt',0,1651653447,1652186158);
INSERT INTO player VALUES('cc47fdc0',11,'Adaline Hickle',0,1651705927,1653068800);
INSERT INTO player VALUES('cc7c2d1b',11,'Mr. Cortez Rosenbaum',0,1651706269,1652026929);
INSERT INTO player VALUES('ce1fa3f3',11,'Jana Franecki',0,1651709018,1653537569);
INSERT INTO player VALUES('d18e16c4',11,'Ms. Verna Durgan Sr.',0,1651714775,1652397797);
INSERT INTO player VALUES('de358788',11,'Marjory Bogan',0,1651736005,1652473666);
INSERT INTO player VALUES('df0ef778',11,'Jairo Raynor',0,1651737430,1652925835);
INSERT INTO player VALUES('e303d84a',11,'Mr. Albin Crona I',0,1651744068,1653785169);
INSERT INTO player VALUES('efc931a3',11,'Mckayla Spencer',0,1651765494,1652655523);
INSERT INTO player VALUES('f1ee82ae',11,'Catharine Macejkovic',0,1651769094,1652656969);
INSERT INTO player VALUES('101014dfe',11,'Ms. Abbey Berge',0,1651794383,1652065525);
INSERT INTO player VALUES('1034cc4d6',11,'Devante Hessel',0,1651798233,1652374469);
INSERT INTO player VALUES('126316a6d',11,'Delbert Kemmer',0,1651856774,1652875819);
INSERT INTO player VALUES('1325ddf38',11,'Sigrid Barrows',1,1651877198,1652826137);
INSERT INTO player VALUES('133ac581d',11,'Dora Rolfson DVM',1,1651879390,1653919511);
INSERT INTO player VALUES('13a943a43',11,'Willy Jakubowski',0,1651890976,1653164416);
INSERT INTO player VALUES('13ee60807',11,'Ms. Dulce Adams III',0,1651898223,1652930897);
INSERT INTO player VALUES('152b4d4ff',11,'Ms. Winona Walker',0,1651931455,1652398123);
INSERT INTO player VALUES('15e16cdb1',11,'Paula Rippin',0,1651950552,1652637986);
INSERT INTO player VALUES('16107370b',11,'Ms. Sunny Altenwerth IV',0,1651955483,1652792409);
INSERT INTO player VALUES('1674173e8',11,'Mr. Jayce Strosin DVM',1,1651965931,1653869312);
INSERT INTO player VALUES('168da3c74',11,'Jensen Pfeffer',0,1651968610,1653349165);
INSERT INTO player VALUES('16f46faec',11,'Ms. Myrtice Reinger',0,1651979389,1653046480);
INSERT INTO player VALUES('171d5951e',11,'Tod Dietrich',0,1651983679,1652076264);
INSERT INTO player VALUES('17be36f60',11,'Taurean Kuphal IV',1,1652000547,1653577279);
INSERT INTO player VALUES('17c427f5e',11,'Mr. Edwin Anderson',0,1652001170,1652425379);
INSERT INTO player VALUES('18822f687',11,'Emily Kling',0,1652021096,1653629589);
INSERT INTO player VALUES('199c7b7de',11,'Mr. Tristian Nicolas DVM',0,1652050697,1652775083);
INSERT INTO player VALUES('1a49c8b7c',11,'Alana Gerhold',0,1652068869,1652193268);
INSERT INTO player VALUES('1a58c69bf',11,'Carrie Mueller',0,1652070441,1652162877);
INSERT INTO player VALUES('1acd70557',11,'Carmel Koch',0,1652082674,1653218347);
INSERT INTO player VALUES('1be1fc386',11,'Luigi Wehner',0,1652111672,1653614118);
INSERT INTO player VALUES('1be26052e',11,'Andre Jacobson',1,1652111713,1652914637);
INSERT INTO player VALUES('1c8b9b132',11,'Mr. Lexus Hirthe',0,1652129458,1653524621);
INSERT INTO player VALUES('1cbce6b88',11,'Jordyn Hammes',0,1652134627,1652733567);
INSERT INTO player VALUES('1cd282f25',11,'Maeve Zulauf',0,1652136893,1652979764);
INSERT INTO player VALUES('1cd49e7c2',11,'Alia Schmeler',0,1652137114,1653134993);
INSERT INTO player VALUES('1d313afd0',11,'Jazmyne Dickens',0,1652146825,1654038320);
INSERT INTO player VALUES('1e4235ccf',11,'Kraig Gutkowski',0,1652175449,1652396239);
INSERT INTO player VALUES('1ea46dd71',11,'Kraig Cartwright',0,1652185748,1652497455);
INSERT INTO player VALUES('20dd00076',11,'Newell Gibson',0,1652245367,1653076060);
INSERT INTO player VALUES('213b3e029',11,'Joanne Rath I',0,1652255249,1653883443);
INSERT INTO player VALUES('214417a6d',11,'Mr. Orlando Marvin I',0,1652256177,1652589305);
INSERT INTO player VALUES('2197543a3',11,'Ms. Georgiana Schaden',0,1652264905,1652933449);
INSERT INTO player VALUES('21b94c845',11,'Darron Deckow',0,1652268467,1653762989);
INSERT INTO player VALUES('22415c0f3',11,'Mr. Tomas Lind',0,1652282734,1653057696);
INSERT INTO player VALUES('22de24c62',11,'Sharon Thiel',0,1652299174,1653858764);
INSERT INTO player VALUES('230a1937f',11,'Ms. Eleanora Dicki',0,1652303783,1654026200);
INSERT INTO player VALUES('2382826bb',11,'Ms. Alaina Stanton',0,1652316409,1652851402);
INSERT INTO player VALUES('23d5d9e14',11,'Eda Schiller IV',0,1652325148,1653812385);
INSERT INTO player VALUES('23ee416b5',11,'Fannie Kshlerin DDS',0,1652327707,1653921154);
INSERT INTO player VALUES('243627305',11,'Kaylah Parisian',0,1652335246,1653241538);
INSERT INTO player VALUES('2543f2955',11,'Jaylan Ward MD',0,1652363536,1652783526);
INSERT INTO player VALUES('261ba8be0',11,'Ms. Ophelia Walker PhD',0,1652386155,1653102823);
INSERT INTO player VALUES('267684061',11,'Milo Ullrich',0,1652395682,1653247200);
INSERT INTO player VALUES('26b8c6e92',11,'Aliza Casper',1,1652402630,1653059399);
INSERT INTO player VALUES('26c2ea1d7',11,'Carolyne Donnelly',0,1652403693,1653205408);
INSERT INTO player VALUES('28ee46f9a',11,'Patrick Mertz',0,1652461927,1653968829);
INSERT INTO player VALUES('2a694bcae',11,'Ms. Estella O"Conner',0,1652501670,1653870871);
INSERT INTO player VALUES('2b0522cf3',11,'Mr. Jarred Herman Jr.',0,1652518011,1653562732);
INSERT INTO player VALUES('2bd83674b',11,'Ms. Catherine Rempel',0,1652540144,1653965573);
INSERT INTO player VALUES('2c3e158dc',11,'Edwin Senger',1,1652550826,1653977725);
INSERT INTO player VALUES('2cad373f5',11,'Sam Simonis',0,1652562479,1653851077);
INSERT INTO player VALUES('2cc9dd3e8',11,'Jettie Deckow',0,1652565483,1653153775);
INSERT INTO player VALUES('2d63608f7',11,'Mr. Dameon Lind PhD',1,1652581580,1653478779);
INSERT INTO player VALUES('2dc774ae7',11,'Addie Yost',0,1652592074,1653368469);
INSERT INTO player VALUES('2f1824171',11,'Nicolette Kovacek',0,1652627378,1653361715);
INSERT INTO player VALUES('2f9fde2a8',11,'Ms. Karolann Cummings',0,1652641610,1653875624);
INSERT INTO player VALUES('306d3dd96',11,'Mr. Geoffrey Haley DVM',0,1652663145,1653157927);
INSERT INTO player VALUES('308c9e162',11,'Mr. Nils Cummings IV',0,1652666435,1652729365);
INSERT INTO player VALUES('33522e0ae',11,'Perry Becker',0,1652740838,1652937990);
INSERT INTO player VALUES('358c4bbf8',11,'Raina Brown',0,1652800619,1653447083);
INSERT INTO player VALUES('35e8fbc6f',11,'Ms. Delia Swaniawski IV',0,1652810338,1652814157);
INSERT INTO player VALUES('35ea9fb00',11,'Shannon Borer PhD',0,1652810510,1653665384);
INSERT INTO player VALUES('36b7c4c87',11,'Caden Dietrich',0,1652832021,1653582192);
INSERT INTO player VALUES('37043e6c4',11,'Mitchell Towne PhD',0,1652840040,1653700870);
INSERT INTO player VALUES('37358eeb9',11,'Kaleb Gorczany',0,1652845211,1653981347);
INSERT INTO player VALUES('373e4db4a',11,'Cassandra Grimes',0,1652846128,1653689946);
INSERT INTO player VALUES('37562c8b1',11,'Ms. Hanna Reichert II',1,1652848631,1653233370);
INSERT INTO player VALUES('3787d9d38',11,'Kenton Roberts',0,1652853840,1653078359);
INSERT INTO player VALUES('381698c96',11,'Mayra Mueller',0,1652868808,1653745557);
INSERT INTO player VALUES('38493caa8',11,'Sylvester Howell',1,1652874118,1653902272);
INSERT INTO player VALUES('38a6b753f',11,'Devyn Kuhic',0,1652883920,1652988962);
INSERT INTO player VALUES('38d81dcc6',11,'Emilie Stark',1,1652889100,1653638034);
INSERT INTO player VALUES('38fd91383',11,'Mr. Johnathan Buckridge DDS',0,1652893027,1653325450);
INSERT INTO player VALUES('396dc6cc3',11,'Ms. Pamela Hand',0,1652904793,1653497097);
INSERT INTO player VALUES('398149ec1',11,'Ms. Marjorie Jerde',0,1652906839,1653809238);
INSERT INTO player VALUES('39e9bea14',11,'Lelah Frami PhD',0,1652917792,1653522048);
INSERT INTO player VALUES('3a0058c54',11,'Dessie Larkin',0,1652920162,1653233541);
INSERT INTO player VALUES('3b2321b2a',11,'Esperanza Heidenreich',1,1652950653,1654006977);
INSERT INTO player VALUES('3ce4d8a46',11,'Katelin Kihn',0,1652997809,1653787238);
INSERT INTO player VALUES('3e3ec8331',11,'Litzy Kub',0,1653034083,1653868494);
INSERT INTO player VALUES('3edba203c',11,'Mr. Gregg Grady MD',0,1653050530,1653558630);
INSERT INTO player VALUES('40ff7145e',11,'Patricia Beahan',0,1653107972,1653238643);
INSERT INTO player VALUES('421178a5b',11,'Bobbie Wyman',0,1653136706,1653862807);
INSERT INTO player VALUES('42f00a2ed',11,'Johnny Cormier',0,1653160044,1653175315);
INSERT INTO player VALUES('432626b9c',11,'Deangelo Macejkovic II',0,1653165718,1653217904);
INSERT INTO player VALUES('433d2c48e',11,'Kaycee Metz',0,1653168132,1653529306);
INSERT INTO player VALUES('44b9e3a8c',11,'Shany Mayert',0,1653208053,1653831756);
INSERT INTO player VALUES('450817330',11,'Ms. Helena Bechtelar',0,1653216253,1653324423);
INSERT INTO player VALUES('457d2c551',11,'Bettie Daugherty',0,1653228530,1653701820);
INSERT INTO player VALUES('46d25e857',11,'Mr. Jarrod Reichel',0,1653264307,1653670775);
INSERT INTO player VALUES('46f7d93e5',11,'Johnnie Brown',0,1653268237,1653521606);
INSERT INTO player VALUES('47807181a',11,'Raymundo Blanda',0,1653282560,1653311483);
INSERT INTO player VALUES('47997ca34',11,'Mr. Rene Kunde DDS',0,1653285186,1653963593);
INSERT INTO player VALUES('480453b73',11,'Mr. Darrick Marvin',0,1653296389,1653699680);
INSERT INTO player VALUES('481daf691',11,'Mr. Mavis DuBuque',0,1653299048,1653367445);
INSERT INTO player VALUES('48dc1af7b',11,'Mac Steuber MD',0,1653319015,1653533312);
INSERT INTO player VALUES('4921886ca',11,'Deron Hilpert I',0,1653326295,1653732573);
INSERT INTO player VALUES('498c49864',11,'Dominique Trantow DVM',0,1653337489,1654011691);
INSERT INTO player VALUES('498f9d92f',11,'Sydni Zemlak',0,1653337838,1653510728);
INSERT INTO player VALUES('4b3473f3f',11,'Mr. Lindsey Feil MD',0,1653381966,1653667487);
INSERT INTO player VALUES('4c7b161ad',11,'Mr. Americo Shields V',0,1653416216,1653500800);
INSERT INTO player VALUES('4cbbcfec4',11,'Candida McClure',0,1653423003,1653956141);
INSERT INTO player VALUES('4ce2a2e5c',11,'Keaton Quigley',0,1653427074,1653541220);
INSERT INTO player VALUES('4cf5f2c06',11,'Angela Stokes Jr.',0,1653429099,1653799454);
INSERT INTO player VALUES('4d2906e93',11,'Ila King PhD',0,1653434455,1654039994);
INSERT INTO player VALUES('4d87bef74',11,'Shayna Goldner Jr.',0,1653444387,1653978415);
INSERT INTO player VALUES('4e08965d7',11,'Sheridan Gorczany',0,1653457897,1653601364);
INSERT INTO player VALUES('4e51fddb4',11,'Mozelle Welch V',0,1653465594,1653512837);
INSERT INTO player VALUES('4e66ecc1b',11,'Tobin Koss',0,1653467789,1653533186);
INSERT INTO player VALUES('4efec745e',11,'Delpha Hackett',0,1653483712,1653845509);
INSERT INTO player VALUES('4fc8ae461',11,'Nella Bradtke',0,1653504883,1653866390);
INSERT INTO player VALUES('503e27825',11,'Zachariah O"Reilly V',0,1653517201,1653691928);
INSERT INTO player VALUES('5055fa274',11,'Mr. Emmet Wehner',0,1653519699,1653824141);
INSERT INTO player VALUES('51a3a8822',11,'Jimmy DuBuque',0,1653554688,1653864218);
INSERT INTO player VALUES('52510462c',11,'Mr. Davin Blanda',0,1653572866,1653688161);
INSERT INTO player VALUES('53a02fa03',11,'Clement Schultz',0,1653608011,1653847013);
INSERT INTO player VALUES('53e4f70bb',11,'Adelia Bauch',0,1653615223,1654010530);
INSERT INTO player VALUES('559b1f031',11,'Ms. Jane Kozey',1,1653661167,1653978245);
INSERT INTO player VALUES('567046e1b',11,'Mr. Merlin Eichmann',0,1653683518,1653814545);
INSERT INTO player VALUES('574b0f2c4',11,'Ms. Lilian Thompson',0,1653706459,1653998182);
INSERT INTO player VALUES('576f5b2ba',11,'Name Nitzsche MD',0,1653710265,1653743570);
INSERT INTO player VALUES('578dd3752',11,'Raul Hartmann',0,1653713460,1654001720);
INSERT INTO player VALUES('584abd479',11,'Annetta Mraz Jr.',0,1653733269,1653936229);
INSERT INTO player VALUES('59906dbda',11,'Ms. Cheyanne Schuppe',1,1653767420,1653799937);
INSERT INTO player VALUES('59c6214dd',11,'Eliane Boehm',0,1653773051,1654014298);
INSERT INTO player VALUES('59db8f243',11,'Shanie Carter',0,1653775298,1653785912);
INSERT INTO player VALUES('5a63b98c9',11,'Dixie Walker DDS',0,1653789576,1654037485);
INSERT INTO player VALUES('5a6f4fd78',11,'Kendra Schneider',0,1653790791,1653878987);
INSERT INTO player VALUES('5acb612f7',11,'Violet Terry',0,1653800445,1653936883);
INSERT INTO player VALUES('5ade32141',11,'Yasmin Sauer',0,1653802418,1653892818);
INSERT INTO player VALUES('5b3dc5dc5',11,'Ms. Nettie Barrows PhD',0,1653812440,1654036270);
INSERT INTO player VALUES('5b648f106',11,'Kavon Hegmann',0,1653816507,1653872002);
INSERT INTO player VALUES('5bdf841b6',11,'Abigale Bergnaum III',0,1653829400,1653830563);
INSERT INTO player VALUES('5c5bd8b83',11,'Mr. Antwon Macejkovic IV',0,1653842437,1653889648);
INSERT INTO player VALUES('5d1ac81a9',11,'Hardy Anderson MD',0,1653862458,1653907588);
INSERT INTO player VALUES('5d4963462',11,'Efren Halvorson',0,1653867345,1653885301);
INSERT INTO player VALUES('5e645ca9b',11,'Ms. Katelin VonRueden',0,1653897017,1653990337);
INSERT INTO player VALUES('5e6db2d0d',11,'Hayley Kessler',1,1653897996,1653937080);
INSERT INTO player VALUES('5eee71cb0',11,'Mr. Mohamed Grant',0,1653911496,1653954786);
INSERT INTO player VALUES('5f2bb7d41',11,'Mr. Elliot Hermiston',0,1653917921,1654014085);
INSERT INTO player VALUES('5fa3c9251',11,'Ms. Berneice Johnston DDS',0,1653930511,1654017173);
INSERT INTO player VALUES('5fb661e0d',11,'Rollin Gottlieb',0,1653932461,1653975499);
INSERT INTO player VALUES('5fbc3ce8e',11,'Evan Cormier',0,1653933075,1653988409);
INSERT INTO player VALUES('6079b4510',11,'Jonathan Schmidt',0,1653952942,1654025663);
INSERT INTO player VALUES('60dd3ad58',11,'Felton Kozey',0,1653963378,1654001437);
INSERT INTO player VALUES('614dd6f32',11,'Leopold Macejkovic',1,1653975186,1653986304);
INSERT INTO player VALUES('619486ac0',11,'Ollie Rogahn',1,1653982598,1653993501);
INSERT INTO player VALUES('637083b1c',11,'Eloise Windler',0,1654032509,1654033059);
CREATE TABLE IF NOT EXISTS player_score (
                              id VARCHAR(255) NOT NULL PRIMARY KEY,
                              tenant_id BIGINT NOT NULL,
                              player_id VARCHAR(255) NOT NULL,
                              competition_id VARCHAR(255) NOT NULL,
                              score BIGINT NOT NULL,
                              row_num BIGINT NOT NULL,
                              created_at BIGINT NOT NULL,
                              updated_at BIGINT NOT NULL
);
INSERT INTO player_score VALUES('4580742dd',11,'101014dfe','1bb54bcd1',53820,1909,1653228874,1653228874);
INSERT INTO player_score VALUES('625eea2d7',11,'101014dfe','2fbac2f3e',285246,3083,1654003820,1654003820);
INSERT INTO player_score VALUES('61c62f0f5',11,'101014dfe','2fe64bf4e',460404,3160,1653987805,1653987805);
INSERT INTO player_score VALUES('49549f06f',11,'101014dfe','41aedc7f9',6882,2225,1653331652,1653331652);
INSERT INTO player_score VALUES('463d9d772',11,'101014dfe','44890854c',6248,1915,1653248709,1653248709);
INSERT INTO player_score VALUES('5aac89b0c',11,'101014dfe','48fa4ee69',1120,2629,1653797211,1653797211);
INSERT INTO player_score VALUES('52c6d3167',11,'101014dfe','498b7edee',37275,2617,1653585219,1653585219);
INSERT INTO player_score VALUES('589ef2e70',11,'101014dfe','4d58c707e',3348,2566,1653742099,1653742099);
INSERT INTO player_score VALUES('63a9c373b',11,'101014dfe','5bf7fa4f5',11592,3317,1654038512,1654038512);
INSERT INTO player_score VALUES('44b51ef13',11,'1034cc4d6','1bb54bcd1',187488,1873,1653207553,1653207553);
INSERT INTO player_score VALUES('5e7e326e1',11,'1034cc4d6','2fbac2f3e',17556,2856,1653899726,1653899726);
INSERT INTO player_score VALUES('61e08fff1',11,'1034cc4d6','2fe64bf4e',2754,3173,1653990571,1653990571);
INSERT INTO player_score VALUES('4988bd4e3',11,'1034cc4d6','41aedc7f9',678600,2289,1653337117,1653337117);
INSERT INTO player_score VALUES('62117c66a',11,'1034cc4d6','446076968',45760,3055,1653995701,1653995701);
INSERT INTO player_score VALUES('466f5bdb3',11,'1034cc4d6','44890854c',134355,2137,1653253925,1653253925);
INSERT INTO player_score VALUES('5a4305f77',11,'1034cc4d6','48fa4ee69',91800,2549,1653786147,1653786147);
INSERT INTO player_score VALUES('523c2425a',11,'1034cc4d6','498b7edee',317520,2467,1653570677,1653570677);
INSERT INTO player_score VALUES('57bb47384',11,'1034cc4d6','4d58c707e',151335,2362,1653718226,1653718226);
INSERT INTO player_score VALUES('48207850f',11,'126316a6d','1bb54bcd1',693,2024,1653299340,1653299340);
INSERT INTO player_score VALUES('58b48f212',11,'126316a6d','2fbac2f3e',37468,2496,1653744365,1653744365);
INSERT INTO player_score VALUES('61d6dd136',11,'126316a6d','2fe64bf4e',52962,3170,1653989554,1653989554);
INSERT INTO player_score VALUES('48a14fb70',11,'126316a6d','41aedc7f9',84480,2037,1653312850,1653312850);
INSERT INTO player_score VALUES('638337476',11,'126316a6d','446076968',1888,3197,1654034470,1654034470);
INSERT INTO player_score VALUES('467520e6e',11,'126316a6d','44890854c',35742,2162,1653254530,1653254530);
INSERT INTO player_score VALUES('5b5bae1be',11,'126316a6d','48fa4ee69',236313,2746,1653815576,1653815576);
INSERT INTO player_score VALUES('5177378c5',11,'126316a6d','498b7edee',46368,2259,1653550028,1653550028);
INSERT INTO player_score VALUES('588a57067',11,'126316a6d','4d58c707e',293940,2547,1653739938,1653739938);
INSERT INTO player_score VALUES('62e8127f5',11,'126316a6d','5bf7fa4f5',27216,2978,1654018202,1654018202);
INSERT INTO player_score VALUES('61e7f4133',11,'1325ddf38','2fbac2f3e',539028,3055,1653991346,1653991346);
INSERT INTO player_score VALUES('62a005a85',11,'1325ddf38','2fe64bf4e',255915,3214,1654010647,1654010647);
INSERT INTO player_score VALUES('496370f6f',11,'1325ddf38','41aedc7f9',110656,2245,1653333206,1653333206);
INSERT INTO player_score VALUES('6354fdcc0',11,'1325ddf38','446076968',172125,3177,1654029623,1654029623);
INSERT INTO player_score VALUES('467ab51e4',11,'1325ddf38','44890854c',78624,2192,1653255115,1653255115);
INSERT INTO player_score VALUES('52c63e282',11,'1325ddf38','498b7edee',79380,2616,1653585158,1653585158);
INSERT INTO player_score VALUES('57efa76c4',11,'1325ddf38','4d58c707e',68724,2405,1653723718,1653723718);
INSERT INTO player_score VALUES('6339115c3',11,'1325ddf38','5bf7fa4f5',128412,3116,1654026695,1654026695);
INSERT INTO player_score VALUES('4750808e2',11,'133ac581d','1bb54bcd1',143500,1987,1653277533,1653277533);
INSERT INTO player_score VALUES('5f3340891',11,'133ac581d','2fbac2f3e',32032,2893,1653918711,1653918711);
INSERT INTO player_score VALUES('61257fd22',11,'133ac581d','2fe64bf4e',84000,3123,1653970956,1653970956);
INSERT INTO player_score VALUES('4955031ec',11,'133ac581d','41aedc7f9',74152,2227,1653331693,1653331693);
INSERT INTO player_score VALUES('632eff3ba',11,'133ac581d','446076968',143463,3148,1654025639,1654025639);
INSERT INTO player_score VALUES('45fe7679a',11,'133ac581d','44890854c',340256,1616,1653242087,1653242087);
INSERT INTO player_score VALUES('5a3f26c27',11,'133ac581d','48fa4ee69',109242,2544,1653785741,1653785741);
INSERT INTO player_score VALUES('5268951a8',11,'133ac581d','498b7edee',29835,2523,1653575337,1653575337);
INSERT INTO player_score VALUES('5898d115c',11,'133ac581d','4d58c707e',72600,2560,1653741456,1653741456);
INSERT INTO player_score VALUES('63aa4c2c4',11,'133ac581d','5bf7fa4f5',12540,3319,1654038568,1654038568);
INSERT INTO player_score VALUES('42489a688',11,'13a943a43','1bb54bcd1',8487,1772,1653142487,1653142487);
INSERT INTO player_score VALUES('6282ab051',11,'13a943a43','2fbac2f3e',694232,3096,1654007569,1654007569);
INSERT INTO player_score VALUES('62c6c2a54',11,'13a943a43','2fe64bf4e',12395,3225,1654014709,1654014709);
INSERT INTO player_score VALUES('630ed6d09',11,'13a943a43','446076968',106444,3133,1654022267,1654022267);
INSERT INTO player_score VALUES('46326db53',11,'13a943a43','44890854c',394740,1868,1653247536,1653247536);
INSERT INTO player_score VALUES('5b0f01344',11,'13a943a43','48fa4ee69',45936,2686,1653807536,1653807536);
INSERT INTO player_score VALUES('526e77739',11,'13a943a43','498b7edee',89375,2528,1653575954,1653575954);
INSERT INTO player_score VALUES('589e2d27a',11,'13a943a43','4d58c707e',142800,2565,1653742018,1653742018);
INSERT INTO player_score VALUES('63b05a77a',11,'13a943a43','5bf7fa4f5',171500,3330,1654039203,1654039203);
INSERT INTO player_score VALUES('45ccc6c14',11,'13ee60807','1bb54bcd1',105138,1924,1653236877,1653236877);
INSERT INTO player_score VALUES('6363c8686',11,'13ee60807','2fbac2f3e',0,3139,1654031174,1654031174);
INSERT INTO player_score VALUES('5ee6ae7ea',11,'13ee60807','2fe64bf4e',198990,2992,1653910682,1653910682);
INSERT INTO player_score VALUES('493866e8b',11,'13ee60807','41aedc7f9',244400,2199,1653328693,1653328693);
INSERT INTO player_score VALUES('6367ff865',11,'13ee60807','446076968',121545,3186,1654031616,1654031616);
INSERT INTO player_score VALUES('466c02e8a',11,'13ee60807','44890854c',24786,2124,1653253574,1653253574);
INSERT INTO player_score VALUES('5a4f90699',11,'13ee60807','48fa4ee69',35112,2559,1653787462,1653787462);
INSERT INTO player_score VALUES('529da0388',11,'13ee60807','498b7edee',44000,2571,1653580899,1653580899);
INSERT INTO player_score VALUES('57b6d3121',11,'13ee60807','4d58c707e',411768,2357,1653717759,1653717759);
INSERT INTO player_score VALUES('637105151',11,'13ee60807','5bf7fa4f5',637560,3215,1654032562,1654032562);
INSERT INTO player_score VALUES('3e0beea08',11,'152b4d4ff','1bb54bcd1',0,1600,1653028751,1653028751);
INSERT INTO player_score VALUES('62f51e583',11,'152b4d4ff','2fbac2f3e',173304,3116,1654019570,1654019570);
INSERT INTO player_score VALUES('622800900',11,'152b4d4ff','2fe64bf4e',84150,3187,1653998062,1653998062);
INSERT INTO player_score VALUES('497c0e3d2',11,'152b4d4ff','41aedc7f9',27216,2279,1653335787,1653335787);
INSERT INTO player_score VALUES('46678292c',11,'152b4d4ff','44890854c',31950,2099,1653253102,1653253102);
INSERT INTO player_score VALUES('5b5a4c1c8',11,'152b4d4ff','48fa4ee69',91854,2745,1653815431,1653815431);
INSERT INTO player_score VALUES('52a1f70c0',11,'152b4d4ff','498b7edee',444620,2578,1653581354,1653581354);
INSERT INTO player_score VALUES('58ac2f8fe',11,'152b4d4ff','4d58c707e',107406,2577,1653743487,1653743487);
INSERT INTO player_score VALUES('63b0cac20',11,'152b4d4ff','5bf7fa4f5',562020,3331,1654039249,1654039249);
INSERT INTO player_score VALUES('4845fa5be',11,'15e16cdb1','1bb54bcd1',249480,2034,1653303273,1653303273);
INSERT INTO player_score VALUES('62e544b8f',11,'15e16cdb1','2fbac2f3e',0,3113,1654017908,1654017908);
INSERT INTO player_score VALUES('5bbcb76b5',11,'15e16cdb1','2fe64bf4e',38775,2782,1653825751,1653825751);
INSERT INTO player_score VALUES('491720d54',11,'15e16cdb1','41aedc7f9',113646,2158,1653325204,1653325204);
INSERT INTO player_score VALUES('639860c50',11,'15e16cdb1','446076968',32760,3207,1654036689,1654036689);
INSERT INTO player_score VALUES('5b1acfa81',11,'15e16cdb1','48fa4ee69',88740,2698,1653808774,1653808774);
INSERT INTO player_score VALUES('58017cd73',11,'15e16cdb1','4d58c707e',258720,2424,1653725588,1653725588);
INSERT INTO player_score VALUES('61be339ad',11,'15e16cdb1','5bf7fa4f5',75460,2483,1653986968,1653986968);
INSERT INTO player_score VALUES('4605bad18',11,'16107370b','1bb54bcd1',45936,1934,1653242849,1653242849);
INSERT INTO player_score VALUES('6352a0509',11,'16107370b','2fbac2f3e',0,3133,1654029375,1654029375);
INSERT INTO player_score VALUES('626b9941b',11,'16107370b','2fe64bf4e',17100,3201,1654005150,1654005150);
INSERT INTO player_score VALUES('4984507e3',11,'16107370b','41aedc7f9',128898,2286,1653336653,1653336653);
INSERT INTO player_score VALUES('61acc7255',11,'16107370b','446076968',1552,3003,1653985141,1653985141);
INSERT INTO player_score VALUES('5ae074b50',11,'16107370b','48fa4ee69',4410,2661,1653802655,1653802655);
INSERT INTO player_score VALUES('52957b3e6',11,'16107370b','498b7edee',96100,2560,1653580045,1653580045);
INSERT INTO player_score VALUES('58923c811',11,'16107370b','4d58c707e',194287,2552,1653740766,1653740766);
INSERT INTO player_score VALUES('638173a0e',11,'16107370b','5bf7fa4f5',55200,3241,1654034285,1654034285);
INSERT INTO player_score VALUES('46523e3bb',11,'1674173e8','1bb54bcd1',322420,1956,1653250872,1653250872);
INSERT INTO player_score VALUES('5dd9584ba',11,'1674173e8','2fbac2f3e',355740,2816,1653882440,1653882440);
INSERT INTO player_score VALUES('6345cf0f6',11,'1674173e8','2fe64bf4e',253828,3259,1654028031,1654028031);
INSERT INTO player_score VALUES('496030767',11,'1674173e8','41aedc7f9',13095,2242,1653332865,1653332865);
INSERT INTO player_score VALUES('5e1b37171',11,'1674173e8','446076968',42021,2632,1653889347,1653889347);
INSERT INTO player_score VALUES('46492ee6d',11,'1674173e8','44890854c',28490,1968,1653249922,1653249922);
INSERT INTO player_score VALUES('5ad082a81',11,'1674173e8','48fa4ee69',30400,2652,1653800983,1653800983);
INSERT INTO player_score VALUES('52d2843d7',11,'1674173e8','498b7edee',7896,2630,1653586445,1653586445);
INSERT INTO player_score VALUES('589310e65',11,'1674173e8','4d58c707e',240312,2556,1653740853,1653740853);
INSERT INTO player_score VALUES('63b2f2865',11,'1674173e8','5bf7fa4f5',356900,3337,1654039475,1654039475);
INSERT INTO player_score VALUES('47514b31b',11,'168da3c74','1bb54bcd1',143988,1988,1653277616,1653277616);
INSERT INTO player_score VALUES('4977d723c',11,'168da3c74','41aedc7f9',354000,2275,1653335345,1653335345);
INSERT INTO player_score VALUES('5e8222bcf',11,'168da3c74','446076968',317772,2673,1653900139,1653900139);
INSERT INTO player_score VALUES('465db73f0',11,'168da3c74','44890854c',421465,2054,1653252075,1653252075);
INSERT INTO player_score VALUES('5984fe7e8',11,'168da3c74','48fa4ee69',902776,2426,1653766221,1653766221);
INSERT INTO player_score VALUES('529955971',11,'168da3c74','498b7edee',36720,2564,1653580449,1653580449);
INSERT INTO player_score VALUES('586560221',11,'168da3c74','4d58c707e',174440,2506,1653736062,1653736062);
INSERT INTO player_score VALUES('632883100',11,'168da3c74','5bf7fa4f5',174636,3091,1654024959,1654024959);
INSERT INTO player_score VALUES('47e572711',11,'16f46faec','1bb54bcd1',52785,2013,1653293151,1653293151);
INSERT INTO player_score VALUES('631d18b22',11,'16f46faec','2fbac2f3e',70818,3123,1654023762,1654023762);
INSERT INTO player_score VALUES('60326ace4',11,'16f46faec','2fe64bf4e',117852,3070,1653945467,1653945467);
INSERT INTO player_score VALUES('498c0a0c6',11,'16f46faec','41aedc7f9',7150,2298,1653337463,1653337463);
INSERT INTO player_score VALUES('62f01f08f',11,'16f46faec','446076968',19404,3125,1654019046,1654019046);
INSERT INTO player_score VALUES('465fd0592',11,'16f46faec','44890854c',41472,2067,1653252295,1653252295);
INSERT INTO player_score VALUES('5b6a40953',11,'16f46faec','48fa4ee69',37950,2752,1653817104,1653817104);
INSERT INTO player_score VALUES('52b312ee2',11,'16f46faec','498b7edee',5292,2591,1653583148,1653583148);
INSERT INTO player_score VALUES('57903ab26',11,'16f46faec','4d58c707e',177571,2325,1653713712,1653713712);
INSERT INTO player_score VALUES('635bad362',11,'16f46faec','5bf7fa4f5',78210,3177,1654030324,1654030324);
INSERT INTO player_score VALUES('4653066d2',11,'171d5951e','1bb54bcd1',128527,1957,1653250954,1653250954);
INSERT INTO player_score VALUES('61dd0d8b3',11,'171d5951e','2fbac2f3e',332605,3053,1653990203,1653990203);
INSERT INTO player_score VALUES('6290b2565',11,'171d5951e','2fe64bf4e',194028,3210,1654009040,1654009040);
INSERT INTO player_score VALUES('4988df7cd',11,'171d5951e','41aedc7f9',85914,2290,1653337131,1653337131);
INSERT INTO player_score VALUES('6339a6490',11,'171d5951e','446076968',446880,3157,1654026756,1654026756);
INSERT INTO player_score VALUES('466e3471e',11,'171d5951e','44890854c',33880,2131,1653253804,1653253804);
INSERT INTO player_score VALUES('5ae4eb434',11,'171d5951e','48fa4ee69',476000,2665,1653803123,1653803123);
INSERT INTO player_score VALUES('5139f3f62',11,'171d5951e','498b7edee',4788,2188,1653543604,1653543604);
INSERT INTO player_score VALUES('56a571b93',11,'171d5951e','4d58c707e',41013,2115,1653689093,1653689093);
INSERT INTO player_score VALUES('63904ce5a',11,'171d5951e','5bf7fa4f5',0,3269,1654035842,1654035842);
INSERT INTO player_score VALUES('4534e4e78',11,'17be36f60','1bb54bcd1',64600,1894,1653220951,1653220951);
INSERT INTO player_score VALUES('620272500',11,'17be36f60','2fbac2f3e',47600,3060,1653994124,1653994124);
INSERT INTO player_score VALUES('62626c9ef',11,'17be36f60','2fe64bf4e',118496,3198,1654004188,1654004188);
INSERT INTO player_score VALUES('48c60c03d',11,'17be36f60','41aedc7f9',225720,2070,1653316702,1653316702);
INSERT INTO player_score VALUES('60429ec3c',11,'17be36f60','446076968',18544,2869,1653947166,1653947166);
INSERT INTO player_score VALUES('4677c2baa',11,'17be36f60','44890854c',4636,2174,1653254806,1653254806);
INSERT INTO player_score VALUES('52729144f',11,'17be36f60','498b7edee',37050,2533,1653576384,1653576384);
INSERT INTO player_score VALUES('5869ca82d',11,'17be36f60','4d58c707e',24650,2511,1653736525,1653736525);
INSERT INTO player_score VALUES('6385cf5ba',11,'17be36f60','5bf7fa4f5',2871,3249,1654034742,1654034742);
INSERT INTO player_score VALUES('48316f8f5',11,'17c427f5e','1bb54bcd1',476532,2029,1653301119,1653301119);
INSERT INTO player_score VALUES('6351607e4',11,'17c427f5e','2fe64bf4e',93568,3261,1654029244,1654029244);
INSERT INTO player_score VALUES('4901bcc20',11,'17c427f5e','41aedc7f9',108834,2142,1653322961,1653322961);
INSERT INTO player_score VALUES('62026d6f0',11,'17c427f5e','446076968',237630,3049,1653994122,1653994122);
INSERT INTO player_score VALUES('467257ff8',11,'17c427f5e','44890854c',126635,2149,1653254238,1653254238);
INSERT INTO player_score VALUES('5b069f32c',11,'17c427f5e','48fa4ee69',81648,2682,1653806657,1653806657);
INSERT INTO player_score VALUES('51499a4f4',11,'17c427f5e','498b7edee',84672,2209,1653545245,1653545245);
INSERT INTO player_score VALUES('585bfdcc5',11,'17c427f5e','4d58c707e',238293,2497,1653735078,1653735078);
INSERT INTO player_score VALUES('6390f2e70',11,'17c427f5e','5bf7fa4f5',21560,3270,1654035910,1654035910);
INSERT INTO player_score VALUES('418efd565',11,'18822f687','1bb54bcd1',21,1741,1653123024,1653123024);
INSERT INTO player_score VALUES('636cf02be',11,'18822f687','2fbac2f3e',256473,3142,1654032134,1654032134);
INSERT INTO player_score VALUES('623b1ab30',11,'18822f687','2fe64bf4e',277536,3191,1654000065,1654000065);
INSERT INTO player_score VALUES('496d80a65',11,'18822f687','41aedc7f9',90300,2257,1653334261,1653334261);
INSERT INTO player_score VALUES('63340d2f1',11,'18822f687','446076968',9840,3152,1654026169,1654026169);
INSERT INTO player_score VALUES('466d0822e',11,'18822f687','44890854c',5824,2127,1653253681,1653253681);
INSERT INTO player_score VALUES('5b4863264',11,'18822f687','48fa4ee69',133056,2730,1653813553,1653813553);
INSERT INTO player_score VALUES('510bd5544',11,'18822f687','498b7edee',20720,2148,1653538768,1653538768);
INSERT INTO player_score VALUES('580a4cb08',11,'18822f687','4d58c707e',42612,2434,1653726512,1653726512);
INSERT INTO player_score VALUES('639ea4c60',11,'18822f687','5bf7fa4f5',0,3293,1654037346,1654037346);
INSERT INTO player_score VALUES('461a21003',11,'199c7b7de','1bb54bcd1',2736,1945,1653244988,1653244988);
INSERT INTO player_score VALUES('5d35a58fa',11,'199c7b7de','2fbac2f3e',254634,2780,1653865275,1653865275);
INSERT INTO player_score VALUES('6112c7531',11,'199c7b7de','2fe64bf4e',423522,3116,1653968993,1653968993);
INSERT INTO player_score VALUES('4921db6bc',11,'199c7b7de','41aedc7f9',61236,2173,1653326329,1653326329);
INSERT INTO player_score VALUES('46602f8ff',11,'199c7b7de','44890854c',24843,2070,1653252334,1653252334);
INSERT INTO player_score VALUES('5b6ad09c8',11,'199c7b7de','48fa4ee69',151956,2753,1653817163,1653817163);
INSERT INTO player_score VALUES('51e0b665c',11,'199c7b7de','498b7edee',87648,2368,1653561090,1653561090);
INSERT INTO player_score VALUES('586a92b3e',11,'199c7b7de','4d58c707e',53040,2514,1653736607,1653736607);
INSERT INTO player_score VALUES('6317f258d',11,'199c7b7de','5bf7fa4f5',18000,3062,1654023222,1654023222);
INSERT INTO player_score VALUES('43070ada7',11,'1a49c8b7c','1bb54bcd1',149850,1804,1653162456,1653162456);
INSERT INTO player_score VALUES('637094c8f',11,'1a49c8b7c','2fbac2f3e',331056,3143,1654032516,1654032516);
INSERT INTO player_score VALUES('629f5372a',11,'1a49c8b7c','2fe64bf4e',68229,3213,1654010574,1654010574);
INSERT INTO player_score VALUES('49706e2bb',11,'1a49c8b7c','41aedc7f9',7592,2261,1653334568,1653334568);
INSERT INTO player_score VALUES('5f0038923',11,'1a49c8b7c','446076968',6900,2729,1653913360,1653913360);
INSERT INTO player_score VALUES('467acff9e',11,'1a49c8b7c','44890854c',7440,2194,1653255126,1653255126);
INSERT INTO player_score VALUES('5223587ec',11,'1a49c8b7c','498b7edee',99064,2444,1653568077,1653568077);
INSERT INTO player_score VALUES('5888fec5c',11,'1a49c8b7c','4d58c707e',157920,2545,1653739797,1653739797);
INSERT INTO player_score VALUES('63b59bb08',11,'1a49c8b7c','5bf7fa4f5',100224,3341,1654039754,1654039754);
INSERT INTO player_score VALUES('460a2ef4c',11,'1a58c69bf','1bb54bcd1',648736,1936,1653243316,1653243316);
INSERT INTO player_score VALUES('62b023a59',11,'1a58c69bf','2fbac2f3e',190960,3102,1654012337,1654012337);
INSERT INTO player_score VALUES('631b550cd',11,'1a58c69bf','2fe64bf4e',41013,3247,1654023577,1654023577);
INSERT INTO player_score VALUES('48f199e6f',11,'1a58c69bf','41aedc7f9',44352,2123,1653321269,1653321269);
INSERT INTO player_score VALUES('5da1cd890',11,'1a58c69bf','446076968',139320,2583,1653876616,1653876616);
INSERT INTO player_score VALUES('5a8bbdac4',11,'1a58c69bf','48fa4ee69',198531,2599,1653793772,1653793772);
INSERT INTO player_score VALUES('52d2cff07',11,'1a58c69bf','498b7edee',134505,2631,1653586476,1653586476);
INSERT INTO player_score VALUES('58ababbd4',11,'1a58c69bf','4d58c707e',160740,2576,1653743433,1653743433);
INSERT INTO player_score VALUES('6371e340c',11,'1a58c69bf','5bf7fa4f5',17640,3219,1654032653,1654032653);
INSERT INTO player_score VALUES('6278680db',11,'1acd70557','2fbac2f3e',124740,3092,1654006493,1654006493);
INSERT INTO player_score VALUES('626831ac3',11,'1acd70557','2fe64bf4e',68250,3200,1654004793,1654004793);
INSERT INTO player_score VALUES('4962dc0d0',11,'1acd70557','41aedc7f9',431648,2243,1653333145,1653333145);
INSERT INTO player_score VALUES('6190b6187',11,'1acd70557','446076968',2304,2995,1653982198,1653982198);
INSERT INTO player_score VALUES('46635c8df',11,'1acd70557','44890854c',92106,2087,1653252667,1653252667);
INSERT INTO player_score VALUES('5b7a7bd65',11,'1acd70557','48fa4ee69',105435,2758,1653818806,1653818806);
INSERT INTO player_score VALUES('52c31af29',11,'1acd70557','498b7edee',80640,2609,1653584829,1653584829);
INSERT INTO player_score VALUES('58390a078',11,'1acd70557','4d58c707e',8670,2469,1653731413,1653731413);
INSERT INTO player_score VALUES('639faee54',11,'1acd70557','5bf7fa4f5',332640,3298,1654037455,1654037455);
INSERT INTO player_score VALUES('47fb3f809',11,'1be1fc386','1bb54bcd1',199155,2017,1653295437,1653295437);
INSERT INTO player_score VALUES('6247cc39a',11,'1be1fc386','2fbac2f3e',324368,3077,1654001396,1654001396);
INSERT INTO player_score VALUES('62c20c99e',11,'1be1fc386','2fe64bf4e',147250,3224,1654014215,1654014215);
INSERT INTO player_score VALUES('631f62a37',11,'1be1fc386','446076968',90972,3141,1654024002,1654024002);
INSERT INTO player_score VALUES('466f177e0',11,'1be1fc386','44890854c',49680,2134,1653253897,1653253897);
INSERT INTO player_score VALUES('591c45696',11,'1be1fc386','48fa4ee69',11242,2373,1653755240,1653755240);
INSERT INTO player_score VALUES('524f87895',11,'1be1fc386','498b7edee',101616,2495,1653572710,1653572710);
INSERT INTO player_score VALUES('575a19457',11,'1be1fc386','4d58c707e',42097,2279,1653708036,1653708036);
INSERT INTO player_score VALUES('63a5bfa0e',11,'1be1fc386','5bf7fa4f5',29160,3309,1654038091,1654038091);
INSERT INTO player_score VALUES('45625d8c4',11,'1be26052e','1bb54bcd1',131516,1904,1653225719,1653225719);
INSERT INTO player_score VALUES('635fff2ed',11,'1be26052e','2fbac2f3e',54027,3137,1654030777,1654030777);
INSERT INTO player_score VALUES('630cff9a5',11,'1be26052e','2fe64bf4e',5320,3242,1654022074,1654022074);
INSERT INTO player_score VALUES('492f6ff9f',11,'1be26052e','41aedc7f9',171402,2187,1653327753,1653327753);
INSERT INTO player_score VALUES('467afbe86',11,'1be26052e','44890854c',623700,2195,1653255144,1653255144);
INSERT INTO player_score VALUES('5b1531a9b',11,'1be26052e','48fa4ee69',258602,2692,1653808185,1653808185);
INSERT INTO player_score VALUES('51facba31',11,'1be26052e','498b7edee',118818,2399,1653563825,1653563825);
INSERT INTO player_score VALUES('5892a7edb',11,'1be26052e','4d58c707e',22278,2555,1653740810,1653740810);
INSERT INTO player_score VALUES('63a92253a',11,'1be26052e','5bf7fa4f5',177606,3316,1654038446,1654038446);
INSERT INTO player_score VALUES('5e53b3871',11,'1c8b9b132','2fbac2f3e',13888,2849,1653895270,1653895270);
INSERT INTO player_score VALUES('616b45232',11,'1c8b9b132','2fe64bf4e',85280,3135,1653978272,1653978272);
INSERT INTO player_score VALUES('492bcdcd3',11,'1c8b9b132','41aedc7f9',139062,2184,1653327372,1653327372);
INSERT INTO player_score VALUES('60969c38c',11,'1c8b9b132','446076968',279000,2897,1653955973,1653955973);
INSERT INTO player_score VALUES('467712f3b',11,'1c8b9b132','44890854c',110160,2171,1653254734,1653254734);
INSERT INTO player_score VALUES('59cc14c0c',11,'1c8b9b132','48fa4ee69',2975,2459,1653773675,1653773675);
INSERT INTO player_score VALUES('58a82bbe7',11,'1c8b9b132','4d58c707e',252000,2573,1653743066,1653743066);
INSERT INTO player_score VALUES('481249f15',11,'1cbce6b88','1bb54bcd1',20020,2021,1653297853,1653297853);
INSERT INTO player_score VALUES('5f33ae682',11,'1cbce6b88','2fbac2f3e',296296,2894,1653918756,1653918756);
INSERT INTO player_score VALUES('6024c2b44',11,'1cbce6b88','2fe64bf4e',245735,3066,1653944035,1653944035);
INSERT INTO player_score VALUES('496802694',11,'1cbce6b88','41aedc7f9',248976,2250,1653333685,1653333685);
INSERT INTO player_score VALUES('63c2dacaa',11,'1cbce6b88','446076968',18360,3226,1654041143,1654041143);
INSERT INTO player_score VALUES('467acd882',11,'1cbce6b88','44890854c',75600,2193,1653255125,1653255125);
INSERT INTO player_score VALUES('582d7ff0c',11,'1cbce6b88','4d58c707e',74844,2455,1653730203,1653730203);
INSERT INTO player_score VALUES('632b0eedb',11,'1cbce6b88','5bf7fa4f5',1536,3099,1654025226,1654025226);
INSERT INTO player_score VALUES('482b7e928',11,'1cd282f25','1bb54bcd1',25608,2028,1653300496,1653300496);
INSERT INTO player_score VALUES('61848d4e5',11,'1cd282f25','2fbac2f3e',50592,3036,1653980923,1653980923);
INSERT INTO player_score VALUES('61d944501',11,'1cd282f25','2fe64bf4e',40404,3171,1653989806,1653989806);
INSERT INTO player_score VALUES('498e873f3',11,'1cd282f25','41aedc7f9',537516,2300,1653337724,1653337724);
INSERT INTO player_score VALUES('6352a050a',11,'1cd282f25','446076968',301701,3175,1654029375,1654029375);
INSERT INTO player_score VALUES('46690e15d',11,'1cd282f25','44890854c',22680,2104,1653253264,1653253264);
INSERT INTO player_score VALUES('5a0c017ab',11,'1cd282f25','48fa4ee69',108108,2505,1653780378,1653780378);
INSERT INTO player_score VALUES('52b2c25c8',11,'1cd282f25','498b7edee',261360,2590,1653583115,1653583115);
INSERT INTO player_score VALUES('587cb3d02',11,'1cd282f25','4d58c707e',278070,2532,1653738508,1653738508);
INSERT INTO player_score VALUES('63388d872',11,'1cd49e7c2','2fbac2f3e',42000,3128,1654026641,1654026641);
INSERT INTO player_score VALUES('62af9126c',11,'1cd49e7c2','2fe64bf4e',108000,3216,1654012277,1654012277);
INSERT INTO player_score VALUES('49659b2c0',11,'1cd49e7c2','41aedc7f9',0,2247,1653333433,1653333433);
INSERT INTO player_score VALUES('61be6bc4d',11,'1cd49e7c2','446076968',20160,3015,1653986991,1653986991);
INSERT INTO player_score VALUES('466b81841',11,'1cd49e7c2','44890854c',42160,2120,1653253521,1653253521);
INSERT INTO player_score VALUES('5b1c31ac4',11,'1cd49e7c2','48fa4ee69',3381,2700,1653808919,1653808919);
INSERT INTO player_score VALUES('5225d341b',11,'1cd49e7c2','498b7edee',24300,2445,1653568337,1653568337);
INSERT INTO player_score VALUES('58a6d5ef2',11,'1cd49e7c2','4d58c707e',0,2572,1653742926,1653742926);
INSERT INTO player_score VALUES('63b2febef',11,'1cd49e7c2','5bf7fa4f5',209484,3338,1654039480,1654039480);
INSERT INTO player_score VALUES('60f883b4d',11,'1d313afd0','2fbac2f3e',30720,3002,1653966239,1653966239);
INSERT INTO player_score VALUES('604cb834b',11,'1d313afd0','2fe64bf4e',256074,3079,1653948225,1653948225);
INSERT INTO player_score VALUES('495221d3b',11,'1d313afd0','41aedc7f9',150696,2222,1653331391,1653331391);
INSERT INTO player_score VALUES('61b716510',11,'1d313afd0','446076968',94248,3007,1653986222,1653986222);
INSERT INTO player_score VALUES('466f3c1d7',11,'1d313afd0','44890854c',226200,2136,1653253912,1653253912);
INSERT INTO player_score VALUES('52b8da6a3',11,'1d313afd0','498b7edee',18915,2600,1653583754,1653583754);
INSERT INTO player_score VALUES('57f5603ec',11,'1d313afd0','4d58c707e',244992,2412,1653724318,1653724318);
INSERT INTO player_score VALUES('4774f8825',11,'1e4235ccf','1bb54bcd1',24592,1996,1653281357,1653281357);
INSERT INTO player_score VALUES('610de5576',11,'1e4235ccf','2fbac2f3e',3520,3009,1653968481,1653968481);
INSERT INTO player_score VALUES('49291d532',11,'1e4235ccf','41aedc7f9',12240,2181,1653327090,1653327090);
INSERT INTO player_score VALUES('622a0b05b',11,'1e4235ccf','446076968',134190,3061,1653998276,1653998276);
INSERT INTO player_score VALUES('4676d856a',11,'1e4235ccf','44890854c',665808,2168,1653254710,1653254710);
INSERT INTO player_score VALUES('5b123a653',11,'1e4235ccf','48fa4ee69',449920,2687,1653807874,1653807874);
INSERT INTO player_score VALUES('51d230239',11,'1e4235ccf','498b7edee',63661,2354,1653559567,1653559567);
INSERT INTO player_score VALUES('579a653b3',11,'1e4235ccf','4d58c707e',1248,2332,1653714778,1653714778);
INSERT INTO player_score VALUES('639c44dca',11,'1e4235ccf','5bf7fa4f5',104652,3290,1654037097,1654037097);
INSERT INTO player_score VALUES('4820cb530',11,'1ea46dd71','1bb54bcd1',4680,2025,1653299374,1653299374);
INSERT INTO player_score VALUES('636c3dee0',11,'1ea46dd71','2fbac2f3e',607959,3141,1654032061,1654032061);
INSERT INTO player_score VALUES('622764515',11,'1ea46dd71','2fe64bf4e',50652,3186,1653997998,1653997998);
INSERT INTO player_score VALUES('48c792a42',11,'1ea46dd71','41aedc7f9',266960,2072,1653316862,1653316862);
INSERT INTO player_score VALUES('608ca0104',11,'1ea46dd71','446076968',288000,2892,1653954926,1653954926);
INSERT INTO player_score VALUES('46781aa02',11,'1ea46dd71','44890854c',51688,2177,1653254842,1653254842);
INSERT INTO player_score VALUES('5a6bef990',11,'1ea46dd71','48fa4ee69',0,2577,1653790437,1653790437);
INSERT INTO player_score VALUES('5252a8510',11,'1ea46dd71','498b7edee',96096,2497,1653573038,1653573038);
INSERT INTO player_score VALUES('584e69385',11,'1ea46dd71','4d58c707e',69825,2487,1653733654,1653733654);
INSERT INTO player_score VALUES('47ab71cec',11,'20dd00076','1bb54bcd1',126672,2001,1653287069,1653287069);
INSERT INTO player_score VALUES('609b599bf',11,'20dd00076','2fbac2f3e',81432,2972,1653956470,1653956470);
INSERT INTO player_score VALUES('5bd3762d1',11,'20dd00076','2fe64bf4e',87360,2794,1653828136,1653828136);
INSERT INTO player_score VALUES('491586af0',11,'20dd00076','41aedc7f9',0,2155,1653325036,1653325036);
INSERT INTO player_score VALUES('6341f99da',11,'20dd00076','446076968',122960,3165,1654027629,1654027629);
INSERT INTO player_score VALUES('466a74f69',11,'20dd00076','44890854c',56800,2113,1653253411,1653253411);
INSERT INTO player_score VALUES('582d93758',11,'20dd00076','48fa4ee69',243552,2250,1653730211,1653730211);
INSERT INTO player_score VALUES('5280850ac',11,'20dd00076','498b7edee',142416,2542,1653577847,1653577847);
INSERT INTO player_score VALUES('582172009',11,'20dd00076','4d58c707e',136080,2447,1653728939,1653728939);
INSERT INTO player_score VALUES('63c6e8645',11,'20dd00076','5bf7fa4f5',43146,3366,1654041568,1654041568);
INSERT INTO player_score VALUES('47cad47da',11,'213b3e029','1bb54bcd1',134300,2007,1653290360,1653290360);
INSERT INTO player_score VALUES('60f9f93be',11,'213b3e029','2fe64bf4e',27324,3112,1653966392,1653966392);
INSERT INTO player_score VALUES('49759968a',11,'213b3e029','41aedc7f9',8064,2273,1653335110,1653335110);
INSERT INTO player_score VALUES('6218fb599',11,'213b3e029','446076968',33306,3057,1653996487,1653996487);
INSERT INTO player_score VALUES('4661102cd',11,'213b3e029','44890854c',217709,2075,1653252426,1653252426);
INSERT INTO player_score VALUES('63886c4ab',11,'213b3e029','5bf7fa4f5',68799,3253,1654035016,1654035016);
INSERT INTO player_score VALUES('44407c8d6',11,'214417a6d','1bb54bcd1',82170,1856,1653195323,1653195323);
INSERT INTO player_score VALUES('5f6e21c9b',11,'214417a6d','2fbac2f3e',212520,2906,1653924885,1653924885);
INSERT INTO player_score VALUES('5d31560bf',11,'214417a6d','2fe64bf4e',12768,2884,1653864823,1653864823);
INSERT INTO player_score VALUES('495e37122',11,'214417a6d','41aedc7f9',618240,2238,1653332658,1653332658);
INSERT INTO player_score VALUES('633759e93',11,'214417a6d','446076968',574200,3155,1654026515,1654026515);
INSERT INTO player_score VALUES('46700ba1d',11,'214417a6d','44890854c',37422,2138,1653253997,1653253997);
INSERT INTO player_score VALUES('5b282250d',11,'214417a6d','48fa4ee69',2772,2713,1653810171,1653810171);
INSERT INTO player_score VALUES('5259ca7e8',11,'214417a6d','498b7edee',262260,2509,1653573786,1653573786);
INSERT INTO player_score VALUES('635980945',11,'214417a6d','5bf7fa4f5',1560,3170,1654030096,1654030096);
INSERT INTO player_score VALUES('47b3610f9',11,'2197543a3','1bb54bcd1',466958,2002,1653287901,1653287901);
INSERT INTO player_score VALUES('60d1b32e8',11,'2197543a3','2fbac2f3e',220660,2992,1653962169,1653962169);
INSERT INTO player_score VALUES('494d07ac5',11,'2197543a3','41aedc7f9',12558,2220,1653330856,1653330856);
INSERT INTO player_score VALUES('467063868',11,'2197543a3','44890854c',100254,2139,1653254033,1653254033);
INSERT INTO player_score VALUES('5237449b0',11,'2197543a3','498b7edee',222222,2463,1653570166,1653570166);
INSERT INTO player_score VALUES('58925eacc',11,'2197543a3','4d58c707e',130,2553,1653740780,1653740780);
INSERT INTO player_score VALUES('63778d723',11,'2197543a3','5bf7fa4f5',86450,3228,1654033247,1654033247);
INSERT INTO player_score VALUES('47cb536f6',11,'21b94c845','1bb54bcd1',395760,2008,1653290412,1653290412);
INSERT INTO player_score VALUES('639310e76',11,'21b94c845','2fbac2f3e',109802,3152,1654036132,1654036132);
INSERT INTO player_score VALUES('60976bbd0',11,'21b94c845','2fe64bf4e',12810,3097,1653956058,1653956058);
INSERT INTO player_score VALUES('498b1fabf',11,'21b94c845','41aedc7f9',183960,2296,1653337367,1653337367);
INSERT INTO player_score VALUES('61ea31d0e',11,'21b94c845','446076968',369720,3030,1653991581,1653991581);
INSERT INTO player_score VALUES('467bc1abd',11,'21b94c845','44890854c',206610,2198,1653255225,1653255225);
INSERT INTO player_score VALUES('5161d5ee9',11,'21b94c845','498b7edee',145530,2236,1653547786,1653547786);
INSERT INTO player_score VALUES('587004baa',11,'21b94c845','4d58c707e',0,2519,1653737178,1653737178);
INSERT INTO player_score VALUES('636e91a6c',11,'21b94c845','5bf7fa4f5',509220,3211,1654032305,1654032305);
INSERT INTO player_score VALUES('470baa7c2',11,'22415c0f3','1bb54bcd1',6930,1982,1653270315,1653270315);
INSERT INTO player_score VALUES('6371bea2c',11,'22415c0f3','2fbac2f3e',7020,3144,1654032638,1654032638);
INSERT INTO player_score VALUES('6023fa841',11,'22415c0f3','2fe64bf4e',95760,3064,1653943953,1653943953);
INSERT INTO player_score VALUES('62728829a',11,'22415c0f3','446076968',87932,3085,1654005877,1654005877);
INSERT INTO player_score VALUES('4653fa91a',11,'22415c0f3','44890854c',22120,2019,1653251054,1653251054);
INSERT INTO player_score VALUES('5a9ba5f59',11,'22415c0f3','48fa4ee69',99360,2614,1653795440,1653795440);
INSERT INTO player_score VALUES('5205aad6c',11,'22415c0f3','498b7edee',6984,2410,1653564965,1653564965);
INSERT INTO player_score VALUES('57a0a1e92',11,'22415c0f3','4d58c707e',0,2337,1653715432,1653715432);
INSERT INTO player_score VALUES('6303a7088',11,'22415c0f3','5bf7fa4f5',12600,3028,1654021094,1654021094);
INSERT INTO player_score VALUES('606ff5341',11,'22de24c62','2fbac2f3e',10185,2958,1653951920,1653951920);
INSERT INTO player_score VALUES('6330cca6e',11,'22de24c62','2fe64bf4e',30272,3254,1654025828,1654025828);
INSERT INTO player_score VALUES('49694e6ec',11,'22de24c62','41aedc7f9',306180,2253,1653333821,1653333821);
INSERT INTO player_score VALUES('462d16843',11,'22de24c62','44890854c',0,1840,1653246976,1653246976);
INSERT INTO player_score VALUES('52b04eeb6',11,'22de24c62','498b7edee',256880,2588,1653582858,1653582858);
INSERT INTO player_score VALUES('56c45f337',11,'22de24c62','4d58c707e',4565,2145,1653692336,1653692336);
INSERT INTO player_score VALUES('63953b175',11,'22de24c62','5bf7fa4f5',15480,3279,1654036359,1654036359);
INSERT INTO player_score VALUES('45c9a3898',11,'230a1937f','1bb54bcd1',42688,1923,1653236548,1653236548);
INSERT INTO player_score VALUES('62b66c85c',11,'230a1937f','2fbac2f3e',65610,3104,1654012996,1654012996);
INSERT INTO player_score VALUES('6050de366',11,'230a1937f','2fe64bf4e',68172,3082,1653948660,1653948660);
INSERT INTO player_score VALUES('496d8f4bb',11,'230a1937f','41aedc7f9',8748,2258,1653334267,1653334267);
INSERT INTO player_score VALUES('467942091',11,'230a1937f','44890854c',90219,2182,1653254963,1653254963);
INSERT INTO player_score VALUES('5ba5689cb',11,'230a1937f','48fa4ee69',0,2772,1653823307,1653823307);
INSERT INTO player_score VALUES('517b786f6',11,'230a1937f','498b7edee',3528,2266,1653550474,1653550474);
INSERT INTO player_score VALUES('6371b74e0',11,'230a1937f','5bf7fa4f5',48735,3218,1654032635,1654032635);
INSERT INTO player_score VALUES('460cb8640',11,'2382826bb','1bb54bcd1',62568,1939,1653243582,1653243582);
INSERT INTO player_score VALUES('6381dc9a1',11,'2382826bb','2fe64bf4e',58344,3268,1654034328,1654034328);
INSERT INTO player_score VALUES('4955f2616',11,'2382826bb','41aedc7f9',17028,2229,1653331791,1653331791);
INSERT INTO player_score VALUES('63a9f6b6a',11,'2382826bb','446076968',76494,3215,1654038533,1654038533);
INSERT INTO player_score VALUES('4648a62b7',11,'2382826bb','44890854c',55484,1964,1653249866,1653249866);
INSERT INTO player_score VALUES('5294898e6',11,'2382826bb','498b7edee',407376,2557,1653579946,1653579946);
INSERT INTO player_score VALUES('58ab0826c',11,'2382826bb','4d58c707e',431460,2575,1653743366,1653743366);
INSERT INTO player_score VALUES('6390347c0',11,'2382826bb','5bf7fa4f5',9585,3268,1654035832,1654035832);
INSERT INTO player_score VALUES('40bd35b4a',11,'23d5d9e14','1bb54bcd1',267520,1711,1653101027,1653101027);
INSERT INTO player_score VALUES('6274d9689',11,'23d5d9e14','2fbac2f3e',152768,3091,1654006120,1654006120);
INSERT INTO player_score VALUES('63bfab5be',11,'23d5d9e14','2fe64bf4e',18056,3283,1654040809,1654040809);
INSERT INTO player_score VALUES('490657f42',11,'23d5d9e14','41aedc7f9',28609,2147,1653323444,1653323444);
INSERT INTO player_score VALUES('4677f5fe7',11,'23d5d9e14','44890854c',6120,2176,1653254827,1653254827);
INSERT INTO player_score VALUES('5a892cf08',11,'23d5d9e14','48fa4ee69',30039,2596,1653793503,1653793503);
INSERT INTO player_score VALUES('52bf9af06',11,'23d5d9e14','498b7edee',122400,2605,1653584462,1653584462);
INSERT INTO player_score VALUES('57576b3e1',11,'23d5d9e14','4d58c707e',75392,2274,1653707755,1653707755);
INSERT INTO player_score VALUES('635b63f9f',11,'23d5d9e14','5bf7fa4f5',8058,3175,1654030294,1654030294);
INSERT INTO player_score VALUES('435ab06e1',11,'23ee416b5','1bb54bcd1',93492,1822,1653171227,1653171227);
INSERT INTO player_score VALUES('63693803e',11,'23ee416b5','2fe64bf4e',44118,3263,1654031744,1654031744);
INSERT INTO player_score VALUES('48bc2ab5f',11,'23ee416b5','41aedc7f9',17384,2063,1653315666,1653315666);
INSERT INTO player_score VALUES('5f17b3539',11,'23ee416b5','446076968',721280,2737,1653915822,1653915822);
INSERT INTO player_score VALUES('5b8383dbe',11,'23ee416b5','48fa4ee69',45276,2762,1653819753,1653819753);
INSERT INTO player_score VALUES('575643d53',11,'23ee416b5','4d58c707e',67704,2273,1653707634,1653707634);
INSERT INTO player_score VALUES('638d6e07b',11,'23ee416b5','5bf7fa4f5',17325,3264,1654035541,1654035541);
INSERT INTO player_score VALUES('3bc8318e3',11,'243627305','1bb54bcd1',164619,1483,1652967961,1652967961);
INSERT INTO player_score VALUES('609cacf1b',11,'243627305','2fbac2f3e',14280,2973,1653956609,1653956609);
INSERT INTO player_score VALUES('5f05d1acc',11,'243627305','2fe64bf4e',313740,3003,1653913947,1653913947);
INSERT INTO player_score VALUES('495cc3fec',11,'243627305','41aedc7f9',83520,2235,1653332506,1653332506);
INSERT INTO player_score VALUES('6369247a8',11,'243627305','446076968',13800,3188,1654031736,1654031736);
INSERT INTO player_score VALUES('46666c3ff',11,'243627305','44890854c',14440,2094,1653252988,1653252988);
INSERT INTO player_score VALUES('5a756f3ce',11,'243627305','48fa4ee69',36344,2585,1653791433,1653791433);
INSERT INTO player_score VALUES('51f576e64',11,'243627305','498b7edee',0,2390,1653563266,1653563266);
INSERT INTO player_score VALUES('58306afe7',11,'243627305','4d58c707e',44044,2460,1653730509,1653730509);
INSERT INTO player_score VALUES('62b0ee451',11,'243627305','5bf7fa4f5',4386,2880,1654012420,1654012420);
INSERT INTO player_score VALUES('3c54894ac',11,'2543f2955','1bb54bcd1',150144,1517,1652982677,1652982677);
INSERT INTO player_score VALUES('6372056c1',11,'2543f2955','2fbac2f3e',118272,3145,1654032667,1654032667);
INSERT INTO player_score VALUES('5f840c226',11,'2543f2955','2fe64bf4e',126592,3022,1653927183,1653927183);
INSERT INTO player_score VALUES('49919bd4a',11,'2543f2955','41aedc7f9',521088,2304,1653338047,1653338047);
INSERT INTO player_score VALUES('634234383',11,'2543f2955','446076968',12673,3166,1654027653,1654027653);
INSERT INTO player_score VALUES('466ad42e4',11,'2543f2955','44890854c',69700,2117,1653253450,1653253450);
INSERT INTO player_score VALUES('5ac9e6c66',11,'2543f2955','48fa4ee69',1596,2647,1653800290,1653800290);
INSERT INTO player_score VALUES('52b3e003d',11,'2543f2955','498b7edee',93312,2594,1653583232,1653583232);
INSERT INTO player_score VALUES('586d432c6',11,'2543f2955','4d58c707e',12600,2517,1653736889,1653736889);
INSERT INTO player_score VALUES('633ee780d',11,'2543f2955','5bf7fa4f5',0,3122,1654027307,1654027307);
INSERT INTO player_score VALUES('478dfec2d',11,'261ba8be0','1bb54bcd1',113600,1997,1653283981,1653283981);
INSERT INTO player_score VALUES('600b2edac',11,'261ba8be0','2fbac2f3e',231404,2941,1653941353,1653941353);
INSERT INTO player_score VALUES('5f8d8bc76',11,'261ba8be0','2fe64bf4e',93600,3025,1653928179,1653928179);
INSERT INTO player_score VALUES('48bfd1c2a',11,'261ba8be0','41aedc7f9',2241,2065,1653316049,1653316049);
INSERT INTO player_score VALUES('62532cd1b',11,'261ba8be0','446076968',10830,3074,1654002589,1654002589);
INSERT INTO player_score VALUES('4638aa5e7',11,'261ba8be0','44890854c',10500,1893,1653248190,1653248190);
INSERT INTO player_score VALUES('5a174e909',11,'261ba8be0','48fa4ee69',44160,2516,1653781563,1653781563);
INSERT INTO player_score VALUES('52c752078',11,'261ba8be0','498b7edee',10248,2618,1653585271,1653585271);
INSERT INTO player_score VALUES('586c035b1',11,'261ba8be0','4d58c707e',163800,2515,1653736758,1653736758);
INSERT INTO player_score VALUES('6383e7104',11,'261ba8be0','5bf7fa4f5',36960,3246,1654034542,1654034542);
INSERT INTO player_score VALUES('47aae434e',11,'267684061','1bb54bcd1',582120,2000,1653287011,1653287011);
INSERT INTO player_score VALUES('63ae749fc',11,'267684061','2fbac2f3e',25585,3157,1654039004,1654039004);
INSERT INTO player_score VALUES('6281ddf0f',11,'267684061','2fe64bf4e',6336,3204,1654007485,1654007485);
INSERT INTO player_score VALUES('4942ce783',11,'267684061','41aedc7f9',20900,2207,1653329784,1653329784);
INSERT INTO player_score VALUES('5f126104f',11,'267684061','446076968',7560,2732,1653915264,1653915264);
INSERT INTO player_score VALUES('5a65206db',11,'267684061','48fa4ee69',104370,2571,1653789723,1653789723);
INSERT INTO player_score VALUES('5184f59dd',11,'267684061','498b7edee',253575,2276,1653551469,1653551469);
INSERT INTO player_score VALUES('57f894914',11,'267684061','4d58c707e',6528,2416,1653724654,1653724654);
INSERT INTO player_score VALUES('44031baa6',11,'26b8c6e92','1bb54bcd1',102492,1847,1653188887,1653188887);
INSERT INTO player_score VALUES('57d491ce3',11,'26b8c6e92','2fbac2f3e',0,2433,1653720878,1653720878);
INSERT INTO player_score VALUES('60a427071',11,'26b8c6e92','2fe64bf4e',71280,3098,1653957393,1653957393);
INSERT INTO player_score VALUES('621d34e4d',11,'26b8c6e92','446076968',0,3059,1653996930,1653996930);
INSERT INTO player_score VALUES('461615d98',11,'26b8c6e92','44890854c',836,1744,1653244564,1653244564);
INSERT INTO player_score VALUES('5b6c043e0',11,'26b8c6e92','48fa4ee69',32832,2754,1653817289,1653817289);
INSERT INTO player_score VALUES('589f4acc8',11,'26b8c6e92','4d58c707e',40296,2567,1653742135,1653742135);
INSERT INTO player_score VALUES('637cd1199',11,'26b8c6e92','5bf7fa4f5',3315,3235,1654033799,1654033799);
INSERT INTO player_score VALUES('464b2d276',11,'26c2ea1d7','1bb54bcd1',253368,1955,1653250131,1653250131);
INSERT INTO player_score VALUES('626d0c5c7',11,'26c2ea1d7','2fbac2f3e',357602,3087,1654005302,1654005302);
INSERT INTO player_score VALUES('495aa11ac',11,'26c2ea1d7','41aedc7f9',325360,2234,1653332282,1653332282);
INSERT INTO player_score VALUES('6229b0b11',11,'26c2ea1d7','446076968',30096,3060,1653998239,1653998239);
INSERT INTO player_score VALUES('464b20ee1',11,'26c2ea1d7','44890854c',47025,1979,1653250126,1653250126);
INSERT INTO player_score VALUES('580de9fbe',11,'26c2ea1d7','48fa4ee69',110700,2232,1653726891,1653726891);
INSERT INTO player_score VALUES('51eed61e1',11,'26c2ea1d7','498b7edee',13515,2382,1653562571,1653562571);
INSERT INTO player_score VALUES('58794c3b0',11,'26c2ea1d7','4d58c707e',253110,2527,1653738151,1653738151);
INSERT INTO player_score VALUES('424119057',11,'28ee46f9a','1bb54bcd1',0,1770,1653141700,1653141700);
INSERT INTO player_score VALUES('6289ad760',11,'28ee46f9a','2fbac2f3e',99528,3099,1654008304,1654008304);
INSERT INTO player_score VALUES('6318ce119',11,'28ee46f9a','2fe64bf4e',378359,3246,1654023312,1654023312);
INSERT INTO player_score VALUES('4971f73e8',11,'28ee46f9a','41aedc7f9',89964,2266,1653334729,1653334729);
INSERT INTO player_score VALUES('637b4cec2',11,'28ee46f9a','446076968',63426,3195,1654033640,1654033640);
INSERT INTO player_score VALUES('465e007ea',11,'28ee46f9a','44890854c',131544,2062,1653252105,1653252105);
INSERT INTO player_score VALUES('522a4ebba',11,'28ee46f9a','498b7edee',109440,2449,1653568807,1653568807);
INSERT INTO player_score VALUES('57da82d0a',11,'28ee46f9a','4d58c707e',516200,2384,1653721501,1653721501);
INSERT INTO player_score VALUES('638d3ac5c',11,'28ee46f9a','5bf7fa4f5',52041,3262,1654035520,1654035520);
INSERT INTO player_score VALUES('620544f5f',11,'2a694bcae','2fbac2f3e',70432,3062,1653994420,1653994420);
INSERT INTO player_score VALUES('61cc22802',11,'2a694bcae','2fe64bf4e',99072,3165,1653988429,1653988429);
INSERT INTO player_score VALUES('493a6a0b0',11,'2a694bcae','41aedc7f9',17360,2200,1653328904,1653328904);
INSERT INTO player_score VALUES('6339ab270',11,'2a694bcae','446076968',23400,3158,1654026758,1654026758);
INSERT INTO player_score VALUES('46604f4f0',11,'2a694bcae','44890854c',59160,2071,1653252347,1653252347);
INSERT INTO player_score VALUES('5aa1eed6d',11,'2a694bcae','48fa4ee69',15675,2623,1653796099,1653796099);
INSERT INTO player_score VALUES('52442bd20',11,'2a694bcae','498b7edee',32079,2481,1653571519,1653571519);
INSERT INTO player_score VALUES('57b94b647',11,'2a694bcae','4d58c707e',321048,2360,1653718018,1653718018);
INSERT INTO player_score VALUES('48025f395',11,'2b0522cf3','1bb54bcd1',1568,2018,1653296184,1653296184);
INSERT INTO player_score VALUES('61c4f420a',11,'2b0522cf3','2fbac2f3e',16856,3049,1653987676,1653987676);
INSERT INTO player_score VALUES('5eab70777',11,'2b0522cf3','2fe64bf4e',44488,2974,1653904470,1653904470);
INSERT INTO player_score VALUES('63018deb9',11,'2b0522cf3','446076968',431600,3131,1654020874,1654020874);
INSERT INTO player_score VALUES('466241595',11,'2b0522cf3','44890854c',38688,2079,1653252551,1653252551);
INSERT INTO player_score VALUES('5b3541af1',11,'2b0522cf3','48fa4ee69',37488,2721,1653811547,1653811547);
INSERT INTO player_score VALUES('525cf778c',11,'2b0522cf3','498b7edee',164934,2516,1653574119,1653574119);
INSERT INTO player_score VALUES('5814a8118',11,'2b0522cf3','4d58c707e',16775,2440,1653727598,1653727598);
INSERT INTO player_score VALUES('46a6fc91f',11,'2bd83674b','1bb54bcd1',1452,1968,1653259758,1653259758);
INSERT INTO player_score VALUES('6272ca154',11,'2bd83674b','2fbac2f3e',10912,3089,1654005904,1654005904);
INSERT INTO player_score VALUES('63b41510a',11,'2bd83674b','2fe64bf4e',120042,3277,1654039594,1654039594);
INSERT INTO player_score VALUES('477e9a53c',11,'2bd83674b','41aedc7f9',3795,1715,1653282367,1653282367);
INSERT INTO player_score VALUES('61a425b25',11,'2bd83674b','446076968',161700,3000,1653984236,1653984236);
INSERT INTO player_score VALUES('465ab6321',11,'2bd83674b','44890854c',38808,2044,1653251760,1653251760);
INSERT INTO player_score VALUES('523541761',11,'2bd83674b','498b7edee',210870,2460,1653569955,1653569955);
INSERT INTO player_score VALUES('57d2a4a90',11,'2bd83674b','4d58c707e',42532,2379,1653720676,1653720676);
INSERT INTO player_score VALUES('638326334',11,'2bd83674b','5bf7fa4f5',160524,3245,1654034463,1654034463);
INSERT INTO player_score VALUES('47c377b57',11,'2c3e158dc','1bb54bcd1',9408,2005,1653289588,1653289588);
INSERT INTO player_score VALUES('616879d05',11,'2c3e158dc','2fbac2f3e',120000,3024,1653977979,1653977979);
INSERT INTO player_score VALUES('62b84d7c3',11,'2c3e158dc','2fe64bf4e',0,3219,1654013193,1654013193);
INSERT INTO player_score VALUES('4971a1c96',11,'2c3e158dc','41aedc7f9',95220,2265,1653334694,1653334694);
INSERT INTO player_score VALUES('61826a6cd',11,'2c3e158dc','446076968',1870,2989,1653980699,1653980699);
INSERT INTO player_score VALUES('4660fca74',11,'2c3e158dc','44890854c',286926,2074,1653252418,1653252418);
INSERT INTO player_score VALUES('528f3e921',11,'2c3e158dc','498b7edee',49248,2552,1653579391,1653579391);
INSERT INTO player_score VALUES('636004103',11,'2c3e158dc','5bf7fa4f5',78246,3186,1654030779,1654030779);
INSERT INTO player_score VALUES('47ddcc712',11,'2cad373f5','1bb54bcd1',56784,2010,1653292349,1653292349);
INSERT INTO player_score VALUES('637bf55d8',11,'2cad373f5','2fbac2f3e',174960,3147,1654033709,1654033709);
INSERT INTO player_score VALUES('5ba0e848d',11,'2cad373f5','2fe64bf4e',83886,2770,1653822835,1653822835);
INSERT INTO player_score VALUES('495dba92a',11,'2cad373f5','41aedc7f9',45136,2237,1653332607,1653332607);
INSERT INTO player_score VALUES('63aa1b5a5',11,'2cad373f5','446076968',375,3216,1654038548,1654038548);
INSERT INTO player_score VALUES('4676436ea',11,'2cad373f5','44890854c',1680,2166,1653254649,1653254649);
INSERT INTO player_score VALUES('5a9bd4569',11,'2cad373f5','48fa4ee69',190080,2615,1653795459,1653795459);
INSERT INTO player_score VALUES('51de01070',11,'2cad373f5','498b7edee',236808,2365,1653560806,1653560806);
INSERT INTO player_score VALUES('586a70855',11,'2cad373f5','4d58c707e',33579,2513,1653736593,1653736593);
INSERT INTO player_score VALUES('633197497',11,'2cad373f5','5bf7fa4f5',140483,3109,1654025911,1654025911);
INSERT INTO player_score VALUES('47534975f',11,'2cc9dd3e8','1bb54bcd1',6300,1989,1653277825,1653277825);
INSERT INTO player_score VALUES('61a211775',11,'2cc9dd3e8','2fbac2f3e',186576,3044,1653984018,1653984018);
INSERT INTO player_score VALUES('5fe0f932d',11,'2cc9dd3e8','2fe64bf4e',1980,3051,1653936927,1653936927);
INSERT INTO player_score VALUES('63c6ab5a0',11,'2cc9dd3e8','446076968',11968,3227,1654041543,1654041543);
INSERT INTO player_score VALUES('4677e0047',11,'2cc9dd3e8','44890854c',160580,2175,1653254818,1653254818);
INSERT INTO player_score VALUES('511fed5d1',11,'2cc9dd3e8','498b7edee',93465,2165,1653540875,1653540875);
INSERT INTO player_score VALUES('5860c00bc',11,'2cc9dd3e8','4d58c707e',47242,2499,1653735577,1653735577);
INSERT INTO player_score VALUES('63bdad1a3',11,'2cc9dd3e8','5bf7fa4f5',194256,3354,1654040600,1654040600);
INSERT INTO player_score VALUES('480329db9',11,'2d63608f7','1bb54bcd1',1512,2019,1653296267,1653296267);
INSERT INTO player_score VALUES('617958a87',11,'2d63608f7','2fbac2f3e',52080,3031,1653979748,1653979748);
INSERT INTO player_score VALUES('6288d69de',11,'2d63608f7','2fe64bf4e',166430,3206,1654008216,1654008216);
INSERT INTO player_score VALUES('4952ca494',11,'2d63608f7','41aedc7f9',182160,2223,1653331460,1653331460);
INSERT INTO player_score VALUES('5f6fe573c',11,'2d63608f7','446076968',18468,2779,1653925070,1653925070);
INSERT INTO player_score VALUES('46123b839',11,'2d63608f7','44890854c',203280,1727,1653244160,1653244160);
INSERT INTO player_score VALUES('5b212e824',11,'2d63608f7','48fa4ee69',5202,2705,1653809442,1653809442);
INSERT INTO player_score VALUES('51ce2017a',11,'2d63608f7','498b7edee',35574,2346,1653559141,1653559141);
INSERT INTO player_score VALUES('5722c9210',11,'2d63608f7','4d58c707e',51408,2223,1653702236,1653702236);
INSERT INTO player_score VALUES('633f1372d',11,'2d63608f7','5bf7fa4f5',46464,3124,1654027325,1654027325);
INSERT INTO player_score VALUES('44344c6e2',11,'2dc774ae7','1bb54bcd1',131328,1854,1653194045,1653194045);
INSERT INTO player_score VALUES('62fcd7e16',11,'2dc774ae7','2fbac2f3e',70520,3119,1654020380,1654020380);
INSERT INTO player_score VALUES('624bbef4e',11,'2dc774ae7','2fe64bf4e',71820,3195,1654001810,1654001810);
INSERT INTO player_score VALUES('497caf627',11,'2dc774ae7','41aedc7f9',16896,2280,1653335853,1653335853);
INSERT INTO player_score VALUES('6360019cd',11,'2dc774ae7','446076968',9828,3182,1654030778,1654030778);
INSERT INTO player_score VALUES('4674bf3fe',11,'2dc774ae7','44890854c',118767,2160,1653254490,1653254490);
INSERT INTO player_score VALUES('5a68ffa29',11,'2dc774ae7','48fa4ee69',97200,2573,1653790129,1653790129);
INSERT INTO player_score VALUES('529be16d2',11,'2dc774ae7','498b7edee',29260,2568,1653580716,1653580716);
INSERT INTO player_score VALUES('63c6696f1',11,'2dc774ae7','5bf7fa4f5',169070,3364,1654041516,1654041516);
INSERT INTO player_score VALUES('465dafee2',11,'2f1824171','1bb54bcd1',92664,1960,1653252072,1653252072);
INSERT INTO player_score VALUES('60d26a454',11,'2f1824171','2fbac2f3e',252954,2993,1653962244,1653962244);
INSERT INTO player_score VALUES('619f4fe14',11,'2f1824171','2fe64bf4e',81592,3150,1653983729,1653983729);
INSERT INTO player_score VALUES('49667e3b3',11,'2f1824171','41aedc7f9',27135,2248,1653333526,1653333526);
INSERT INTO player_score VALUES('5fe01897e',11,'2f1824171','446076968',4096,2822,1653936835,1653936835);
INSERT INTO player_score VALUES('4676fa88c',11,'2f1824171','44890854c',191479,2169,1653254724,1653254724);
INSERT INTO player_score VALUES('5aa86afc1',11,'2f1824171','48fa4ee69',22848,2627,1653796779,1653796779);
INSERT INTO player_score VALUES('57a479cbf',11,'2f1824171','4d58c707e',1189,2341,1653715835,1653715835);
INSERT INTO player_score VALUES('636d60770',11,'2f1824171','5bf7fa4f5',114240,3207,1654032180,1654032180);
INSERT INTO player_score VALUES('453e585b7',11,'2f9fde2a8','1bb54bcd1',535990,1897,1653221942,1653221942);
INSERT INTO player_score VALUES('617deefae',11,'2f9fde2a8','2fbac2f3e',162000,3033,1653980229,1653980229);
INSERT INTO player_score VALUES('604d96621',11,'2f9fde2a8','2fe64bf4e',475580,3080,1653948316,1653948316);
INSERT INTO player_score VALUES('49437bd1e',11,'2f9fde2a8','41aedc7f9',371864,2208,1653329855,1653329855);
INSERT INTO player_score VALUES('63657afc8',11,'2f9fde2a8','446076968',16588,3185,1654031352,1654031352);
INSERT INTO player_score VALUES('46654e995',11,'2f9fde2a8','44890854c',197064,2091,1653252871,1653252871);
INSERT INTO player_score VALUES('59e10af1f',11,'2f9fde2a8','48fa4ee69',13350,2479,1653775873,1653775873);
INSERT INTO player_score VALUES('52533107e',11,'2f9fde2a8','498b7edee',398580,2500,1653573094,1653573094);
INSERT INTO player_score VALUES('58035dca3',11,'2f9fde2a8','4d58c707e',46256,2427,1653725785,1653725785);
INSERT INTO player_score VALUES('62a2ee493',11,'2f9fde2a8','5bf7fa4f5',7098,2858,1654010952,1654010952);
INSERT INTO player_score VALUES('454248a35',11,'306d3dd96','1bb54bcd1',218526,1898,1653222355,1653222355);
INSERT INTO player_score VALUES('62da08bd0',11,'306d3dd96','2fbac2f3e',32592,3111,1654016730,1654016730);
INSERT INTO player_score VALUES('63b6fdaca',11,'306d3dd96','2fe64bf4e',183330,3279,1654039899,1654039899);
INSERT INTO player_score VALUES('498ed2ecb',11,'306d3dd96','41aedc7f9',236844,2302,1653337755,1653337755);
INSERT INTO player_score VALUES('60c21b7bd',11,'306d3dd96','446076968',79950,2913,1653960534,1653960534);
INSERT INTO player_score VALUES('467a97cf3',11,'306d3dd96','44890854c',82944,2189,1653255103,1653255103);
INSERT INTO player_score VALUES('5989f1953',11,'306d3dd96','48fa4ee69',14720,2427,1653766740,1653766740);
INSERT INTO player_score VALUES('52cff112c',11,'306d3dd96','498b7edee',65856,2626,1653586175,1653586175);
INSERT INTO player_score VALUES('576566571',11,'306d3dd96','4d58c707e',32480,2293,1653709221,1653709221);
INSERT INTO player_score VALUES('63ae4b1c5',11,'306d3dd96','5bf7fa4f5',50160,3326,1654038987,1654038987);
INSERT INTO player_score VALUES('450a5c413',11,'308c9e162','1bb54bcd1',20910,1888,1653216491,1653216491);
INSERT INTO player_score VALUES('621f6dbbd',11,'308c9e162','2fbac2f3e',2688,3064,1653997163,1653997163);
INSERT INTO player_score VALUES('62be6319c',11,'308c9e162','2fe64bf4e',27824,3223,1654013831,1654013831);
INSERT INTO player_score VALUES('497195923',11,'308c9e162','41aedc7f9',12558,2264,1653334689,1653334689);
INSERT INTO player_score VALUES('60d83b87e',11,'308c9e162','446076968',10062,2924,1653962854,1653962854);
INSERT INTO player_score VALUES('4647c5926',11,'308c9e162','44890854c',6120,1961,1653249774,1653249774);
INSERT INTO player_score VALUES('5b69981cc',11,'308c9e162','48fa4ee69',7680,2750,1653817035,1653817035);
INSERT INTO player_score VALUES('52cb5fa2f',11,'308c9e162','498b7edee',291456,2619,1653585696,1653585696);
INSERT INTO player_score VALUES('587c28a4b',11,'308c9e162','4d58c707e',32490,2530,1653738451,1653738451);
INSERT INTO player_score VALUES('63c3881f5',11,'308c9e162','5bf7fa4f5',331632,3359,1654041214,1654041214);
INSERT INTO player_score VALUES('4727269d4',11,'33522e0ae','1bb54bcd1',31304,1984,1653273197,1653273197);
INSERT INTO player_score VALUES('62cddb0e3',11,'33522e0ae','2fbac2f3e',275975,3109,1654015453,1654015453);
INSERT INTO player_score VALUES('62e114ed9',11,'33522e0ae','2fe64bf4e',24864,3232,1654017469,1654017469);
INSERT INTO player_score VALUES('498ba5f33',11,'33522e0ae','41aedc7f9',265200,2297,1653337422,1653337422);
INSERT INTO player_score VALUES('63a94e457',11,'33522e0ae','446076968',127008,3214,1654038464,1654038464);
INSERT INTO player_score VALUES('4677a7ddb',11,'33522e0ae','44890854c',120120,2173,1653254795,1653254795);
INSERT INTO player_score VALUES('5b8179678',11,'33522e0ae','48fa4ee69',23715,2761,1653819539,1653819539);
INSERT INTO player_score VALUES('5227c7c35',11,'33522e0ae','498b7edee',105000,2448,1653568542,1653568542);
INSERT INTO player_score VALUES('577f98e29',11,'33522e0ae','4d58c707e',137953,2311,1653711968,1653711968);
INSERT INTO player_score VALUES('63b8f49df',11,'33522e0ae','5bf7fa4f5',125280,3344,1654040105,1654040105);
INSERT INTO player_score VALUES('46261dd7f',11,'358c4bbf8','1bb54bcd1',203680,1947,1653246245,1653246245);
INSERT INTO player_score VALUES('600e213fe',11,'358c4bbf8','2fbac2f3e',20210,2942,1653941662,1653941662);
INSERT INTO player_score VALUES('5f7b7e2fa',11,'358c4bbf8','2fe64bf4e',27600,3020,1653926286,1653926286);
INSERT INTO player_score VALUES('4924255c5',11,'358c4bbf8','41aedc7f9',2720,2176,1653326569,1653326569);
INSERT INTO player_score VALUES('6350f7812',11,'358c4bbf8','446076968',26100,3173,1654029201,1654029201);
INSERT INTO player_score VALUES('46587879f',11,'358c4bbf8','44890854c',258390,2036,1653251525,1653251525);
INSERT INTO player_score VALUES('5b1d12473',11,'358c4bbf8','48fa4ee69',77517,2702,1653809011,1653809011);
INSERT INTO player_score VALUES('525e7937b',11,'358c4bbf8','498b7edee',1632,2518,1653574277,1653574277);
INSERT INTO player_score VALUES('57c73cb8d',11,'358c4bbf8','4d58c707e',160050,2375,1653719480,1653719480);
INSERT INTO player_score VALUES('63b755901',11,'358c4bbf8','5bf7fa4f5',285120,3342,1654039935,1654039935);
INSERT INTO player_score VALUES('4638b1b3f',11,'35e8fbc6f','1bb54bcd1',25620,1948,1653248193,1653248193);
INSERT INTO player_score VALUES('625ddb2e3',11,'35e8fbc6f','2fbac2f3e',840,3082,1654003709,1654003709);
INSERT INTO player_score VALUES('6221400bc',11,'35e8fbc6f','2fe64bf4e',36960,3182,1653997354,1653997354);
INSERT INTO player_score VALUES('48fe9e6a6',11,'35e8fbc6f','41aedc7f9',130036,2139,1653322634,1653322634);
INSERT INTO player_score VALUES('63577b017',11,'35e8fbc6f','446076968',98000,3180,1654029884,1654029884);
INSERT INTO player_score VALUES('4666e6533',11,'35e8fbc6f','44890854c',93184,2098,1653253038,1653253038);
INSERT INTO player_score VALUES('58a42092e',11,'35e8fbc6f','4d58c707e',94094,2569,1653742642,1653742642);
INSERT INTO player_score VALUES('63b03ab8c',11,'35e8fbc6f','5bf7fa4f5',54912,3329,1654039190,1654039190);
INSERT INTO player_score VALUES('5f61137c2',11,'35ea9fb00','2fbac2f3e',23166,2900,1653923516,1653923516);
INSERT INTO player_score VALUES('62cacb5eb',11,'35ea9fb00','2fe64bf4e',0,3226,1654015132,1654015132);
INSERT INTO player_score VALUES('497029cda',11,'35ea9fb00','41aedc7f9',107200,2260,1653334540,1653334540);
INSERT INTO player_score VALUES('62dcccc1c',11,'35ea9fb00','446076968',23040,3116,1654017020,1654017020);
INSERT INTO player_score VALUES('464b6a2fe',11,'35ea9fb00','44890854c',131274,1980,1653250156,1653250156);
INSERT INTO player_score VALUES('5b02dfbda',11,'35ea9fb00','48fa4ee69',396924,2680,1653806264,1653806264);
INSERT INTO player_score VALUES('583519bb2',11,'35ea9fb00','4d58c707e',8544,2464,1653731000,1653731000);
INSERT INTO player_score VALUES('6389c6f9a',11,'35ea9fb00','5bf7fa4f5',48600,3256,1654035158,1654035158);
INSERT INTO player_score VALUES('472b3439a',11,'36b7c4c87','1bb54bcd1',46904,1985,1653273622,1653273622);
INSERT INTO player_score VALUES('5f87c6b8e',11,'36b7c4c87','2fbac2f3e',2709,2911,1653927574,1653927574);
INSERT INTO player_score VALUES('618efc340',11,'36b7c4c87','2fe64bf4e',175398,3144,1653982017,1653982017);
INSERT INTO player_score VALUES('62b438926',11,'36b7c4c87','446076968',7956,3104,1654012765,1654012765);
INSERT INTO player_score VALUES('46788aec0',11,'36b7c4c87','44890854c',43990,2181,1653254888,1653254888);
INSERT INTO player_score VALUES('583ef3b20',11,'36b7c4c87','48fa4ee69',71,2265,1653732033,1653732033);
INSERT INTO player_score VALUES('517eb8ef1',11,'36b7c4c87','498b7edee',3240,2269,1653550815,1653550815);
INSERT INTO player_score VALUES('56aaa6b7d',11,'36b7c4c87','4d58c707e',29988,2120,1653689639,1653689639);
INSERT INTO player_score VALUES('639f3e970',11,'36b7c4c87','5bf7fa4f5',307100,3295,1654037409,1654037409);
INSERT INTO player_score VALUES('46d39be7a',11,'37043e6c4','1bb54bcd1',242970,1977,1653264437,1653264437);
INSERT INTO player_score VALUES('633d65c2d',11,'37043e6c4','2fbac2f3e',169920,3130,1654027149,1654027149);
INSERT INTO player_score VALUES('498fee20c',11,'37043e6c4','41aedc7f9',5544,2303,1653337871,1653337871);
INSERT INTO player_score VALUES('63558b618',11,'37043e6c4','446076968',46200,3178,1654029681,1654029681);
INSERT INTO player_score VALUES('467b05af6',11,'37043e6c4','44890854c',328860,2196,1653255148,1653255148);
INSERT INTO player_score VALUES('5b88154e2',11,'37043e6c4','48fa4ee69',57456,2763,1653820232,1653820232);
INSERT INTO player_score VALUES('52c4696bd',11,'37043e6c4','498b7edee',6825,2613,1653584966,1653584966);
INSERT INTO player_score VALUES('57ca00be3',11,'37043e6c4','4d58c707e',287584,2376,1653719770,1653719770);
INSERT INTO player_score VALUES('637a51746',11,'37043e6c4','5bf7fa4f5',13275,3231,1654033537,1654033537);
INSERT INTO player_score VALUES('46ade4277',11,'37358eeb9','1bb54bcd1',11616,1970,1653260482,1653260482);
INSERT INTO player_score VALUES('60c53c3fa',11,'37358eeb9','2fbac2f3e',30976,2987,1653960862,1653960862);
INSERT INTO player_score VALUES('632416405',11,'37358eeb9','2fe64bf4e',35856,3249,1654024495,1654024495);
INSERT INTO player_score VALUES('493cced35',11,'37358eeb9','41aedc7f9',169725,2201,1653329155,1653329155);
INSERT INTO player_score VALUES('63b5c79f8',11,'37358eeb9','446076968',102921,3219,1654039772,1654039772);
INSERT INTO player_score VALUES('46575ad05',11,'37358eeb9','44890854c',140231,2034,1653251408,1653251408);
INSERT INTO player_score VALUES('57329dd9b',11,'37358eeb9','48fa4ee69',378148,2113,1653703896,1653703896);
INSERT INTO player_score VALUES('51fac6c18',11,'37358eeb9','498b7edee',448,2398,1653563823,1653563823);
INSERT INTO player_score VALUES('57fd741e9',11,'37358eeb9','4d58c707e',232218,2420,1653725165,1653725165);
INSERT INTO player_score VALUES('63b0dbdc7',11,'373e4db4a','2fbac2f3e',177612,3159,1654039256,1654039256);
INSERT INTO player_score VALUES('63327f37b',11,'373e4db4a','2fe64bf4e',276,3256,1654026006,1654026006);
INSERT INTO player_score VALUES('497bc9dfa',11,'373e4db4a','41aedc7f9',68204,2278,1653335759,1653335759);
INSERT INTO player_score VALUES('62e483d57',11,'373e4db4a','446076968',119196,3117,1654017829,1654017829);
INSERT INTO player_score VALUES('467c409f8',11,'373e4db4a','44890854c',273024,2201,1653255277,1653255277);
INSERT INTO player_score VALUES('5b4f9b4a3',11,'373e4db4a','48fa4ee69',53550,2736,1653814310,1653814310);
INSERT INTO player_score VALUES('5180e5954',11,'373e4db4a','498b7edee',43524,2271,1653551043,1653551043);
INSERT INTO player_score VALUES('588914c29',11,'373e4db4a','4d58c707e',498180,2546,1653739806,1653739806);
INSERT INTO player_score VALUES('63aad756c',11,'373e4db4a','5bf7fa4f5',541728,3321,1654038625,1654038625);
INSERT INTO player_score VALUES('46c6ecd91',11,'37562c8b1','1bb54bcd1',4250,1973,1653263107,1653263107);
INSERT INTO player_score VALUES('5f13b93f5',11,'37562c8b1','2fbac2f3e',8944,2884,1653915405,1653915405);
INSERT INTO player_score VALUES('638278db7',11,'37562c8b1','2fe64bf4e',507496,3269,1654034392,1654034392);
INSERT INTO player_score VALUES('498b15e3f',11,'37562c8b1','41aedc7f9',38192,2295,1653337363,1653337363);
INSERT INTO player_score VALUES('633b084ae',11,'37562c8b1','446076968',408177,3160,1654026901,1654026901);
INSERT INTO player_score VALUES('46733b0e4',11,'37562c8b1','44890854c',135300,2153,1653254331,1653254331);
INSERT INTO player_score VALUES('5ba74e748',11,'37562c8b1','48fa4ee69',174200,2773,1653823506,1653823506);
INSERT INTO player_score VALUES('52be8e660',11,'37562c8b1','498b7edee',397062,2603,1653584352,1653584352);
INSERT INTO player_score VALUES('5880d9d1b',11,'37562c8b1','4d58c707e',55692,2533,1653738943,1653738943);
INSERT INTO player_score VALUES('6393490f0',11,'37562c8b1','5bf7fa4f5',59136,3272,1654036155,1654036155);
INSERT INTO player_score VALUES('476f13b51',11,'3787d9d38','1bb54bcd1',26112,1994,1653280739,1653280739);
INSERT INTO player_score VALUES('5f9787eca',11,'3787d9d38','2fbac2f3e',98325,2914,1653929226,1653929226);
INSERT INTO player_score VALUES('6153ad1bb',11,'3787d9d38','2fe64bf4e',30528,3129,1653975798,1653975798);
INSERT INTO player_score VALUES('48fcaed0c',11,'3787d9d38','41aedc7f9',54910,2135,1653322431,1653322431);
INSERT INTO player_score VALUES('5f7d92694',11,'3787d9d38','446076968',172215,2784,1653926504,1653926504);
INSERT INTO player_score VALUES('4671812a4',11,'3787d9d38','44890854c',88110,2145,1653254150,1653254150);
INSERT INTO player_score VALUES('5b478018c',11,'3787d9d38','48fa4ee69',38280,2729,1653813460,1653813460);
INSERT INTO player_score VALUES('52496a972',11,'3787d9d38','498b7edee',158400,2490,1653572069,1653572069);
INSERT INTO player_score VALUES('583d87f0a',11,'3787d9d38','4d58c707e',40040,2474,1653731884,1653731884);
INSERT INTO player_score VALUES('63b1eadd2',11,'3787d9d38','5bf7fa4f5',16640,3336,1654039367,1654039367);
INSERT INTO player_score VALUES('447e32e46',11,'381698c96','1bb54bcd1',113256,1865,1653201794,1653201794);
INSERT INTO player_score VALUES('627d58b3a',11,'381698c96','2fbac2f3e',19116,3094,1654007011,1654007011);
INSERT INTO player_score VALUES('606a2db22',11,'381698c96','2fe64bf4e',21375,3085,1653951314,1653951314);
INSERT INTO player_score VALUES('4967fb141',11,'381698c96','41aedc7f9',279,2249,1653333682,1653333682);
INSERT INTO player_score VALUES('60d14ca04',11,'381698c96','446076968',1512,2922,1653962127,1653962127);
INSERT INTO player_score VALUES('4671aaac0',11,'381698c96','44890854c',205065,2146,1653254167,1653254167);
INSERT INTO player_score VALUES('5ba9e8f42',11,'381698c96','48fa4ee69',19926,2776,1653823779,1653823779);
INSERT INTO player_score VALUES('529a8e136',11,'381698c96','498b7edee',132,2567,1653580577,1653580577);
INSERT INTO player_score VALUES('5772f3933',11,'381698c96','4d58c707e',1378,2304,1653710642,1653710642);
INSERT INTO player_score VALUES('44823e0f5',11,'38493caa8','1bb54bcd1',32708,1866,1653202218,1653202218);
INSERT INTO player_score VALUES('61ff69f3a',11,'38493caa8','2fbac2f3e',9672,3058,1653993806,1653993806);
INSERT INTO player_score VALUES('63be13a57',11,'38493caa8','2fe64bf4e',69840,3282,1654040642,1654040642);
INSERT INTO player_score VALUES('498806355',11,'38493caa8','41aedc7f9',107100,2287,1653337042,1653337042);
INSERT INTO player_score VALUES('6393c3233',11,'38493caa8','446076968',40774,3206,1654036205,1654036205);
INSERT INTO player_score VALUES('4676a784c',11,'38493caa8','44890854c',55384,2167,1653254690,1653254690);
INSERT INTO player_score VALUES('5b317602b',11,'38493caa8','48fa4ee69',41760,2718,1653811149,1653811149);
INSERT INTO player_score VALUES('52988d619',11,'38493caa8','498b7edee',30885,2563,1653580367,1653580367);
INSERT INTO player_score VALUES('5899c0556',11,'38493caa8','4d58c707e',155232,2561,1653741554,1653741554);
INSERT INTO player_score VALUES('63c0f280c',11,'38493caa8','5bf7fa4f5',31850,3356,1654040943,1654040943);
INSERT INTO player_score VALUES('45c8aa846',11,'38a6b753f','1bb54bcd1',149600,1921,1653236446,1653236446);
INSERT INTO player_score VALUES('5ec7161a5',11,'38a6b753f','2fbac2f3e',79856,2870,1653907369,1653907369);
INSERT INTO player_score VALUES('628bbccac',11,'38a6b753f','2fe64bf4e',50830,3209,1654008520,1654008520);
INSERT INTO player_score VALUES('4958ec179',11,'38a6b753f','41aedc7f9',317226,2233,1653332103,1653332103);
INSERT INTO player_score VALUES('61f049dee',11,'38a6b753f','446076968',34362,3033,1653992220,1653992220);
INSERT INTO player_score VALUES('466ad90cf',11,'38a6b753f','44890854c',38665,2118,1653253452,1653253452);
INSERT INTO player_score VALUES('5ae395795',11,'38a6b753f','48fa4ee69',50778,2663,1653802983,1653802983);
INSERT INTO player_score VALUES('5196b7889',11,'38a6b753f','498b7edee',92664,2290,1653553331,1653553331);
INSERT INTO player_score VALUES('58903e40c',11,'38a6b753f','4d58c707e',342720,2550,1653740557,1653740557);
INSERT INTO player_score VALUES('62813f426',11,'38a6b753f','5bf7fa4f5',11200,2795,1654007420,1654007420);
INSERT INTO player_score VALUES('46c6f6982',11,'38d81dcc6','1bb54bcd1',381300,1974,1653263111,1653263111);
INSERT INTO player_score VALUES('60a18ef11',11,'38d81dcc6','2fbac2f3e',19110,2975,1653957121,1653957121);
INSERT INTO player_score VALUES('63288f481',11,'38d81dcc6','2fe64bf4e',26220,3251,1654024964,1654024964);
INSERT INTO player_score VALUES('49630f4e3',11,'38d81dcc6','41aedc7f9',116522,2244,1653333166,1653333166);
INSERT INTO player_score VALUES('63a2818d2',11,'38d81dcc6','446076968',2400,3210,1654037751,1654037751);
INSERT INTO player_score VALUES('4670c0479',11,'38d81dcc6','44890854c',145800,2141,1653254071,1653254071);
INSERT INTO player_score VALUES('5b9d5e833',11,'38d81dcc6','48fa4ee69',7238,2768,1653822464,1653822464);
INSERT INTO player_score VALUES('52197c143',11,'38d81dcc6','498b7edee',110700,2430,1653567043,1653567043);
INSERT INTO player_score VALUES('63a3ed4f4',11,'38d81dcc6','5bf7fa4f5',7616,3306,1654037900,1654037900);
INSERT INTO player_score VALUES('44ab19086',11,'38fd91383','1bb54bcd1',58752,1871,1653206502,1653206502);
INSERT INTO player_score VALUES('630a4a420',11,'38fd91383','2fbac2f3e',22632,3120,1654021790,1654021790);
INSERT INTO player_score VALUES('61dee731f',11,'38fd91383','2fe64bf4e',30600,3172,1653990397,1653990397);
INSERT INTO player_score VALUES('4975836e2',11,'38fd91383','41aedc7f9',309504,2272,1653335101,1653335101);
INSERT INTO player_score VALUES('6251ecfd8',11,'38fd91383','446076968',117180,3072,1654002458,1654002458);
INSERT INTO player_score VALUES('463b81e8e',11,'38fd91383','44890854c',23010,1905,1653248488,1653248488);
INSERT INTO player_score VALUES('5951619c1',11,'38fd91383','48fa4ee69',42630,2399,1653760809,1653760809);
INSERT INTO player_score VALUES('529258086',11,'38fd91383','498b7edee',186912,2553,1653579716,1653579716);
INSERT INTO player_score VALUES('5871d97cd',11,'38fd91383','4d58c707e',210748,2521,1653737370,1653737370);
INSERT INTO player_score VALUES('637576c63',11,'38fd91383','5bf7fa4f5',61488,3222,1654033028,1654033028);
INSERT INTO player_score VALUES('484493774',11,'396dc6cc3','1bb54bcd1',466908,2033,1653303126,1653303126);
INSERT INTO player_score VALUES('60f61a026',11,'396dc6cc3','2fbac2f3e',129030,2999,1653965986,1653965986);
INSERT INTO player_score VALUES('490bca038',11,'396dc6cc3','41aedc7f9',42828,2149,1653324015,1653324015);
INSERT INTO player_score VALUES('61df577ff',11,'396dc6cc3','446076968',0,3027,1653990443,1653990443);
INSERT INTO player_score VALUES('466954e10',11,'396dc6cc3','44890854c',42336,2107,1653253293,1653253293);
INSERT INTO player_score VALUES('5b2591938',11,'396dc6cc3','48fa4ee69',421515,2710,1653809902,1653809902);
INSERT INTO player_score VALUES('52a6e7b30',11,'396dc6cc3','498b7edee',21824,2582,1653581872,1653581872);
INSERT INTO player_score VALUES('62d9715d2',11,'396dc6cc3','5bf7fa4f5',33600,2949,1654016668,1654016668);
INSERT INTO player_score VALUES('44bf1d8e3',11,'398149ec1','1bb54bcd1',34425,1875,1653208601,1653208601);
INSERT INTO player_score VALUES('62282c816',11,'398149ec1','2fe64bf4e',83160,3188,1653998080,1653998080);
INSERT INTO player_score VALUES('486c7f330',11,'398149ec1','41aedc7f9',689634,1974,1653307312,1653307312);
INSERT INTO player_score VALUES('464227962',11,'398149ec1','44890854c',157194,1936,1653249185,1653249185);
INSERT INTO player_score VALUES('5ac1edbfe',11,'398149ec1','48fa4ee69',173160,2640,1653799454,1653799454);
INSERT INTO player_score VALUES('52a746eaa',11,'398149ec1','498b7edee',8526,2583,1653581911,1653581911);
INSERT INTO player_score VALUES('638dfe12c',11,'398149ec1','5bf7fa4f5',32200,3265,1654035600,1654035600);
INSERT INTO player_score VALUES('43508fa6e',11,'39e9bea14','1bb54bcd1',111720,1818,1653170165,1653170165);
INSERT INTO player_score VALUES('60df8e86e',11,'39e9bea14','2fbac2f3e',27225,2996,1653963622,1653963622);
INSERT INTO player_score VALUES('63151d404',11,'39e9bea14','2fe64bf4e',20292,3244,1654022925,1654022925);
INSERT INTO player_score VALUES('498a96f4a',11,'39e9bea14','41aedc7f9',35360,2294,1653337311,1653337311);
INSERT INTO player_score VALUES('6174ee478',11,'39e9bea14','446076968',408,2979,1653979285,1653979285);
INSERT INTO player_score VALUES('4651034ac',11,'39e9bea14','44890854c',122264,2007,1653250743,1653250743);
INSERT INTO player_score VALUES('5b12db865',11,'39e9bea14','48fa4ee69',133200,2688,1653807940,1653807940);
INSERT INTO player_score VALUES('5246a6970',11,'39e9bea14','498b7edee',187850,2487,1653571779,1653571779);
INSERT INTO player_score VALUES('586199536',11,'39e9bea14','4d58c707e',0,2500,1653735666,1653735666);
INSERT INTO player_score VALUES('629b93f53',11,'39e9bea14','5bf7fa4f5',270720,2844,1654010181,1654010181);
INSERT INTO player_score VALUES('46176e13d',11,'3a0058c54','1bb54bcd1',6399,1944,1653244705,1653244705);
INSERT INTO player_score VALUES('610e8b56e',11,'3a0058c54','2fbac2f3e',13717,3010,1653968549,1653968549);
INSERT INTO player_score VALUES('62cc34b1b',11,'3a0058c54','2fe64bf4e',16254,3227,1654015280,1654015280);
INSERT INTO player_score VALUES('498ec92ce',11,'3a0058c54','41aedc7f9',92400,2301,1653337751,1653337751);
INSERT INTO player_score VALUES('5eedf0684',11,'3a0058c54','446076968',117180,2717,1653911443,1653911443);
INSERT INTO player_score VALUES('461e4be47',11,'3a0058c54','44890854c',43659,1782,1653245425,1653245425);
INSERT INTO player_score VALUES('5a946dcbb',11,'3a0058c54','48fa4ee69',189504,2608,1653794683,1653794683);
INSERT INTO player_score VALUES('526a84b6a',11,'3a0058c54','498b7edee',30240,2525,1653575540,1653575540);
INSERT INTO player_score VALUES('5880dc443',11,'3a0058c54','4d58c707e',678304,2534,1653738944,1653738944);
INSERT INTO player_score VALUES('63c4f1787',11,'3a0058c54','5bf7fa4f5',12008,3361,1654041362,1654041362);
INSERT INTO player_score VALUES('475deb9f1',11,'3b2321b2a','1bb54bcd1',12480,1993,1653278940,1653278940);
INSERT INTO player_score VALUES('605d09758',11,'3b2321b2a','2fbac2f3e',31920,2955,1653949936,1653949936);
INSERT INTO player_score VALUES('62e3be142',11,'3b2321b2a','2fe64bf4e',511920,3234,1654017748,1654017748);
INSERT INTO player_score VALUES('49693d594',11,'3b2321b2a','41aedc7f9',19355,2252,1653333814,1653333814);
INSERT INTO player_score VALUES('62e8c246d',11,'3b2321b2a','446076968',75998,3120,1654018274,1654018274);
INSERT INTO player_score VALUES('466ab46da',11,'3b2321b2a','44890854c',8050,2115,1653253437,1653253437);
INSERT INTO player_score VALUES('5b9db6646',11,'3b2321b2a','48fa4ee69',43758,2769,1653822500,1653822500);
INSERT INTO player_score VALUES('527edead7',11,'3b2321b2a','498b7edee',312930,2540,1653577674,1653577674);
INSERT INTO player_score VALUES('5871d22d5',11,'3b2321b2a','4d58c707e',62000,2520,1653737367,1653737367);
INSERT INTO player_score VALUES('47e42b4c7',11,'3ce4d8a46','1bb54bcd1',29736,2012,1653293017,1653293017);
INSERT INTO player_score VALUES('606e38dc7',11,'3ce4d8a46','2fbac2f3e',42050,2957,1653951738,1653951738);
INSERT INTO player_score VALUES('5edf9617b',11,'3ce4d8a46','2fe64bf4e',22572,2988,1653909938,1653909938);
INSERT INTO player_score VALUES('4937a60bb',11,'3ce4d8a46','41aedc7f9',9856,2197,1653328614,1653328614);
INSERT INTO player_score VALUES('62ec73162',11,'3ce4d8a46','446076968',10824,3123,1654018661,1654018661);
INSERT INTO player_score VALUES('46540ba69',11,'3ce4d8a46','44890854c',102336,2020,1653251061,1653251061);
INSERT INTO player_score VALUES('57611e24f',11,'3ce4d8a46','48fa4ee69',12816,2138,1653708772,1653708772);
INSERT INTO player_score VALUES('5262ed599',11,'3ce4d8a46','498b7edee',116250,2520,1653574744,1653574744);
INSERT INTO player_score VALUES('639f76bd4',11,'3ce4d8a46','5bf7fa4f5',98496,3297,1654037432,1654037432);
INSERT INTO player_score VALUES('47aadce1d',11,'3e3ec8331','1bb54bcd1',188600,1999,1653287008,1653287008);
INSERT INTO player_score VALUES('62f1096ad',11,'3e3ec8331','2fe64bf4e',6305,3236,1654019142,1654019142);
INSERT INTO player_score VALUES('48e2c5856',11,'3e3ec8331','41aedc7f9',435,2108,1653319714,1653319714);
INSERT INTO player_score VALUES('62a44b697',11,'3e3ec8331','446076968',62275,3097,1654011095,1654011095);
INSERT INTO player_score VALUES('467a9f241',11,'3e3ec8331','44890854c',72756,2190,1653255106,1653255106);
INSERT INTO player_score VALUES('5b27a83b9',11,'3e3ec8331','48fa4ee69',43456,2712,1653810121,1653810121);
INSERT INTO player_score VALUES('525d3483d',11,'3e3ec8331','498b7edee',86241,2517,1653574144,1653574144);
INSERT INTO player_score VALUES('579657a5f',11,'3e3ec8331','4d58c707e',31500,2330,1653714353,1653714353);
INSERT INTO player_score VALUES('6344c282b',11,'3e3ec8331','5bf7fa4f5',676800,3132,1654027921,1654027921);
INSERT INTO player_score VALUES('43f6542e9',11,'3edba203c','1bb54bcd1',21714,1846,1653187547,1653187547);
INSERT INTO player_score VALUES('63c07871b',11,'3edba203c','2fbac2f3e',62700,3162,1654040893,1654040893);
INSERT INTO player_score VALUES('62ba1ae8a',11,'3edba203c','2fe64bf4e',48412,3221,1654013382,1654013382);
INSERT INTO player_score VALUES('4974d8894',11,'3edba203c','41aedc7f9',324825,2271,1653335031,1653335031);
INSERT INTO player_score VALUES('63a35fb49',11,'3edba203c','446076968',563436,3212,1654037842,1654037842);
INSERT INTO player_score VALUES('46140dd10',11,'3edba203c','44890854c',684,1734,1653244351,1653244351);
INSERT INTO player_score VALUES('5b970968f',11,'3edba203c','48fa4ee69',0,2767,1653821800,1653821800);
INSERT INTO player_score VALUES('528424c50',11,'3edba203c','498b7edee',128700,2546,1653578227,1653578227);
INSERT INTO player_score VALUES('57f22710f',11,'3edba203c','4d58c707e',4992,2408,1653723980,1653723980);
INSERT INTO player_score VALUES('639f71dc8',11,'3edba203c','5bf7fa4f5',44814,3296,1654037430,1654037430);
INSERT INTO player_score VALUES('623a30537',11,'40ff7145e','2fbac2f3e',295488,3072,1653999969,1653999969);
INSERT INTO player_score VALUES('5eeacf9d5',11,'40ff7145e','2fe64bf4e',131820,2993,1653911115,1653911115);
INSERT INTO player_score VALUES('4989bb36a',11,'40ff7145e','41aedc7f9',33630,2293,1653337221,1653337221);
INSERT INTO player_score VALUES('6352c4f15',11,'40ff7145e','446076968',245640,3176,1654029390,1654029390);
INSERT INTO player_score VALUES('46721d679',11,'40ff7145e','44890854c',138516,2148,1653254214,1653254214);
INSERT INTO player_score VALUES('5b509ba16',11,'40ff7145e','48fa4ee69',50600,2737,1653814415,1653814415);
INSERT INTO player_score VALUES('529ff3e7a',11,'40ff7145e','498b7edee',114072,2573,1653581143,1653581143);
INSERT INTO player_score VALUES('5887908f3',11,'40ff7145e','4d58c707e',11376,2544,1653739647,1653739647);
INSERT INTO player_score VALUES('47f92664b',11,'421178a5b','1bb54bcd1',59940,2016,1653295217,1653295217);
INSERT INTO player_score VALUES('5d86fec13',11,'421178a5b','2fbac2f3e',75702,2796,1653873805,1653873805);
INSERT INTO player_score VALUES('6161af881',11,'421178a5b','2fe64bf4e',40320,3134,1653977267,1653977267);
INSERT INTO player_score VALUES('496ac8da0',11,'421178a5b','41aedc7f9',7424,2254,1653333976,1653333976);
INSERT INTO player_score VALUES('6364e60b3',11,'421178a5b','446076968',24840,3184,1654031291,1654031291);
INSERT INTO player_score VALUES('46725f52e',11,'421178a5b','44890854c',13020,2150,1653254241,1653254241);
INSERT INTO player_score VALUES('58f84039b',11,'421178a5b','48fa4ee69',26144,2352,1653751463,1653751463);
INSERT INTO player_score VALUES('52704c34c',11,'421178a5b','498b7edee',165726,2531,1653576146,1653576146);
INSERT INTO player_score VALUES('583b9fa58',11,'421178a5b','4d58c707e',200408,2472,1653731684,1653731684);
INSERT INTO player_score VALUES('636e5e60b',11,'421178a5b','5bf7fa4f5',76950,3210,1654032284,1654032284);
INSERT INTO player_score VALUES('427387302',11,'42f00a2ed','1bb54bcd1',304384,1781,1653146988,1653146988);
INSERT INTO player_score VALUES('639bde542',11,'42f00a2ed','2fbac2f3e',686565,3153,1654037055,1654037055);
INSERT INTO player_score VALUES('5e22ff492',11,'42f00a2ed','2fe64bf4e',153600,2947,1653890163,1653890163);
INSERT INTO player_score VALUES('498960e0c',11,'42f00a2ed','41aedc7f9',252450,2291,1653337184,1653337184);
INSERT INTO player_score VALUES('63b7f443a',11,'42f00a2ed','446076968',207612,3223,1654040000,1654040000);
INSERT INTO player_score VALUES('467ccbc67',11,'42f00a2ed','44890854c',251193,2203,1653255334,1653255334);
INSERT INTO player_score VALUES('59e03419f',11,'42f00a2ed','48fa4ee69',183260,2477,1653775785,1653775785);
INSERT INTO player_score VALUES('52b494ad3',11,'42f00a2ed','498b7edee',50176,2596,1653583306,1653583306);
INSERT INTO player_score VALUES('57f857865',11,'42f00a2ed','4d58c707e',349272,2415,1653724629,1653724629);
INSERT INTO player_score VALUES('63ba4cd83',11,'42f00a2ed','5bf7fa4f5',213840,3347,1654040246,1654040246);
INSERT INTO player_score VALUES('43ca27983',11,'432626b9c','1bb54bcd1',17325,1840,1653182915,1653182915);
INSERT INTO player_score VALUES('612df5541',11,'432626b9c','2fbac2f3e',28677,3015,1653971843,1653971843);
INSERT INTO player_score VALUES('63b6357c7',11,'432626b9c','2fe64bf4e',172900,3278,1654039817,1654039817);
INSERT INTO player_score VALUES('63acd807f',11,'432626b9c','446076968',0,3217,1654038835,1654038835);
INSERT INTO player_score VALUES('465be00dd',11,'432626b9c','44890854c',0,2050,1653251882,1653251882);
INSERT INTO player_score VALUES('5b2331a98',11,'432626b9c','48fa4ee69',22776,2708,1653809653,1653809653);
INSERT INTO player_score VALUES('51fa7b12f',11,'432626b9c','498b7edee',10260,2397,1653563792,1653563792);
INSERT INTO player_score VALUES('63af94b66',11,'432626b9c','5bf7fa4f5',45408,3327,1654039122,1654039122);
INSERT INTO player_score VALUES('63afb6e64',11,'433d2c48e','2fbac2f3e',191520,3158,1654039136,1654039136);
INSERT INTO player_score VALUES('629d0e62e',11,'433d2c48e','2fe64bf4e',664608,3212,1654010336,1654010336);
INSERT INTO player_score VALUES('494033faf',11,'433d2c48e','41aedc7f9',291456,2204,1653329511,1653329511);
INSERT INTO player_score VALUES('63747dc27',11,'433d2c48e','446076968',2660,3192,1654032926,1654032926);
INSERT INTO player_score VALUES('4675828ae',11,'433d2c48e','44890854c',255640,2164,1653254570,1653254570);
INSERT INTO player_score VALUES('5b3a5e45d',11,'433d2c48e','48fa4ee69',12474,2725,1653812083,1653812083);
INSERT INTO player_score VALUES('52d229ed9',11,'433d2c48e','498b7edee',186960,2629,1653586408,1653586408);
INSERT INTO player_score VALUES('56cf40d69',11,'433d2c48e','4d58c707e',195510,2152,1653693477,1653693477);
INSERT INTO player_score VALUES('639d58bcf',11,'433d2c48e','5bf7fa4f5',76544,3292,1654037210,1654037210);
INSERT INTO player_score VALUES('5f3889150',11,'44b9e3a8c','2fbac2f3e',26400,2895,1653919265,1653919265);
INSERT INTO player_score VALUES('5c6b9c5c7',11,'44b9e3a8c','2fe64bf4e',59290,2833,1653844090,1653844090);
INSERT INTO player_score VALUES('634ed713e',11,'44b9e3a8c','446076968',144900,3171,1654028978,1654028978);
INSERT INTO player_score VALUES('46787c445',11,'44b9e3a8c','44890854c',11088,2180,1653254882,1653254882);
INSERT INTO player_score VALUES('5b4bfb8ec',11,'44b9e3a8c','48fa4ee69',101520,2733,1653813930,1653813930);
INSERT INTO player_score VALUES('52b28ca82',11,'44b9e3a8c','498b7edee',67620,2589,1653583093,1653583093);
INSERT INTO player_score VALUES('58922ddc9',11,'44b9e3a8c','4d58c707e',0,2551,1653740760,1653740760);
INSERT INTO player_score VALUES('630674d17',11,'44b9e3a8c','5bf7fa4f5',10773,3031,1654021388,1654021388);
INSERT INTO player_score VALUES('482b55153',11,'450817330','1bb54bcd1',26180,2027,1653300479,1653300479);
INSERT INTO player_score VALUES('633f8b10b',11,'450817330','2fe64bf4e',46860,3258,1654027374,1654027374);
INSERT INTO player_score VALUES('49382770f',11,'450817330','41aedc7f9',121770,2198,1653328667,1653328667);
INSERT INTO player_score VALUES('5feb34d15',11,'450817330','446076968',95542,2833,1653938000,1653938000);
INSERT INTO player_score VALUES('4679531d7',11,'450817330','44890854c',210924,2184,1653254970,1653254970);
INSERT INTO player_score VALUES('5b0767640',11,'450817330','48fa4ee69',250976,2683,1653806739,1653806739);
INSERT INTO player_score VALUES('52954317e',11,'450817330','498b7edee',185472,2559,1653580022,1653580022);
INSERT INTO player_score VALUES('5893cf562',11,'450817330','4d58c707e',84550,2557,1653740931,1653740931);
INSERT INTO player_score VALUES('62f54f279',11,'450817330','5bf7fa4f5',77486,3003,1654019590,1654019590);
INSERT INTO player_score VALUES('44081d68d',11,'457d2c551','1bb54bcd1',29580,1851,1653189412,1653189412);
INSERT INTO player_score VALUES('6391f8264',11,'457d2c551','2fe64bf4e',58410,3273,1654036017,1654036017);
INSERT INTO player_score VALUES('491e9125f',11,'457d2c551','41aedc7f9',98136,2166,1653325984,1653325984);
INSERT INTO player_score VALUES('61f8c44a4',11,'457d2c551','446076968',11280,3043,1653993109,1653993109);
INSERT INTO player_score VALUES('466a50599',11,'457d2c551','44890854c',369000,2112,1653253396,1653253396);
INSERT INTO player_score VALUES('57decd753',11,'457d2c551','48fa4ee69',6125,2204,1653721951,1653721951);
INSERT INTO player_score VALUES('52aa346cc',11,'457d2c551','498b7edee',13260,2584,1653582218,1653582218);
INSERT INTO player_score VALUES('58a573f33',11,'457d2c551','4d58c707e',17328,2571,1653742781,1653742781);
INSERT INTO player_score VALUES('63c4bbc26',11,'457d2c551','5bf7fa4f5',25578,3360,1654041340,1654041340);
INSERT INTO player_score VALUES('481563625',11,'46d25e857','1bb54bcd1',744,2022,1653298178,1653298178);
INSERT INTO player_score VALUES('636b204ab',11,'46d25e857','2fbac2f3e',30184,3140,1654031944,1654031944);
INSERT INTO player_score VALUES('6328daf8f',11,'46d25e857','2fe64bf4e',16704,3252,1654024995,1654024995);
INSERT INTO player_score VALUES('4891b3208',11,'46d25e857','41aedc7f9',191394,2022,1653311213,1653311213);
INSERT INTO player_score VALUES('632fd611f',11,'46d25e857','446076968',91509,3149,1654025727,1654025727);
INSERT INTO player_score VALUES('5ac2df75b',11,'46d25e857','48fa4ee69',66976,2641,1653799553,1653799553);
INSERT INTO player_score VALUES('525ce17ea',11,'46d25e857','498b7edee',32076,2514,1653574110,1653574110);
INSERT INTO player_score VALUES('5824c126b',11,'46d25e857','4d58c707e',140448,2449,1653729286,1653729286);
INSERT INTO player_score VALUES('46ba14414',11,'46f7d93e5','1bb54bcd1',223440,1971,1653261760,1653261760);
INSERT INTO player_score VALUES('5f58cec9c',11,'46f7d93e5','2fbac2f3e',16640,2898,1653922649,1653922649);
INSERT INTO player_score VALUES('5d7387d96',11,'46f7d93e5','2fe64bf4e',404415,2903,1653871764,1653871764);
INSERT INTO player_score VALUES('4989746c9',11,'46f7d93e5','41aedc7f9',104566,2292,1653337192,1653337192);
INSERT INTO player_score VALUES('57706f0f9',11,'46f7d93e5','48fa4ee69',157294,2150,1653710378,1653710378);
INSERT INTO player_score VALUES('5220a8030',11,'46f7d93e5','498b7edee',7260,2441,1653567795,1653567795);
INSERT INTO player_score VALUES('5865d7c17',11,'46f7d93e5','4d58c707e',129654,2509,1653736111,1653736111);
INSERT INTO player_score VALUES('63bc01e03',11,'46f7d93e5','5bf7fa4f5',81374,3351,1654040425,1654040425);
INSERT INTO player_score VALUES('409aa39b7',11,'47807181a','1bb54bcd1',85500,1701,1653097402,1653097402);
INSERT INTO player_score VALUES('5befd2ec2',11,'47807181a','2fbac2f3e',28560,2704,1653831110,1653831110);
INSERT INTO player_score VALUES('5ff3bb6f1',11,'47807181a','2fe64bf4e',23808,3055,1653938894,1653938894);
INSERT INTO player_score VALUES('48bcf7cc0',11,'47807181a','41aedc7f9',133760,2064,1653315750,1653315750);
INSERT INTO player_score VALUES('632e1c2ec',11,'47807181a','446076968',16170,3147,1654025546,1654025546);
INSERT INTO player_score VALUES('5b69a454f',11,'47807181a','48fa4ee69',42688,2751,1653817040,1653817040);
INSERT INTO player_score VALUES('52422640e',11,'47807181a','498b7edee',53400,2478,1653571307,1653571307);
INSERT INTO player_score VALUES('58451cdad',11,'47807181a','4d58c707e',14040,2477,1653732679,1653732679);
INSERT INTO player_score VALUES('63b0d2195',11,'47807181a','5bf7fa4f5',132240,3332,1654039252,1654039252);
INSERT INTO player_score VALUES('3f2dc5d95',11,'47997ca34','1bb54bcd1',94668,1645,1653059143,1653059143);
INSERT INTO player_score VALUES('61b53cb25',11,'47997ca34','2fbac2f3e',148410,3046,1653986028,1653986028);
INSERT INTO player_score VALUES('62da91726',11,'47997ca34','2fe64bf4e',171011,3231,1654016786,1654016786);
INSERT INTO player_score VALUES('495e96496',11,'47997ca34','41aedc7f9',320,2239,1653332697,1653332697);
INSERT INTO player_score VALUES('61936de71',11,'47997ca34','446076968',18900,2997,1653982483,1653982483);
INSERT INTO player_score VALUES('5b38479ae',11,'47997ca34','48fa4ee69',130950,2722,1653811864,1653811864);
INSERT INTO player_score VALUES('526835e71',11,'47997ca34','498b7edee',15810,2522,1653575298,1653575298);
INSERT INTO player_score VALUES('5852b8ba9',11,'47997ca34','4d58c707e',228690,2490,1653734106,1653734106);
INSERT INTO player_score VALUES('63a2818d3',11,'47997ca34','5bf7fa4f5',354236,3303,1654037751,1654037751);
INSERT INTO player_score VALUES('45c2f68e8',11,'480453b73','1bb54bcd1',42300,1920,1653235848,1653235848);
INSERT INTO player_score VALUES('592290c0f',11,'480453b73','2fbac2f3e',100345,2524,1653755900,1653755900);
INSERT INTO player_score VALUES('639c3d874',11,'480453b73','2fe64bf4e',61776,3275,1654037094,1654037094);
INSERT INTO player_score VALUES('48d60a3e0',11,'480453b73','41aedc7f9',17172,2089,1653318379,1653318379);
INSERT INTO player_score VALUES('637bdcf65',11,'480453b73','446076968',11760,3196,1654033699,1654033699);
INSERT INTO player_score VALUES('5b4941503',11,'480453b73','48fa4ee69',187110,2731,1653813644,1653813644);
INSERT INTO player_score VALUES('52cc67501',11,'480453b73','498b7edee',339306,2620,1653585804,1653585804);
INSERT INTO player_score VALUES('57de31306',11,'480453b73','4d58c707e',279180,2392,1653721887,1653721887);
INSERT INTO player_score VALUES('62f946c8e',11,'480453b73','5bf7fa4f5',5280,3013,1654020006,1654020006);
INSERT INTO player_score VALUES('4670cef02',11,'481daf691','1bb54bcd1',210912,1962,1653254077,1653254077);
INSERT INTO player_score VALUES('60498da6a',11,'481daf691','2fbac2f3e',26640,2950,1653947893,1653947893);
INSERT INTO player_score VALUES('622170e13',11,'481daf691','2fe64bf4e',612000,3183,1653997374,1653997374);
INSERT INTO player_score VALUES('48ccf3946',11,'481daf691','41aedc7f9',398475,2081,1653317426,1653317426);
INSERT INTO player_score VALUES('61db2f085',11,'481daf691','446076968',29155,3025,1653990007,1653990007);
INSERT INTO player_score VALUES('5ba942f08',11,'481daf691','48fa4ee69',0,2775,1653823711,1653823711);
INSERT INTO player_score VALUES('52c13517e',11,'481daf691','498b7edee',22800,2608,1653584630,1653584630);
INSERT INTO player_score VALUES('5578af17d',11,'481daf691','4d58c707e',62656,1845,1653657556,1653657556);
INSERT INTO player_score VALUES('62d050f20',11,'481daf691','5bf7fa4f5',85470,2937,1654015711,1654015711);
INSERT INTO player_score VALUES('61e478f5e',11,'48dc1af7b','2fbac2f3e',284544,3054,1653990981,1653990981);
INSERT INTO player_score VALUES('6310d50f3',11,'48dc1af7b','2fe64bf4e',537768,3243,1654022476,1654022476);
INSERT INTO player_score VALUES('48ee59624',11,'48dc1af7b','41aedc7f9',62964,2120,1653320928,1653320928);
INSERT INTO player_score VALUES('61bd779e8',11,'48dc1af7b','446076968',364320,3013,1653986891,1653986891);
INSERT INTO player_score VALUES('5a7c211b4',11,'48dc1af7b','48fa4ee69',7224,2588,1653792135,1653792135);
INSERT INTO player_score VALUES('52c42780a',11,'48dc1af7b','498b7edee',17748,2611,1653584939,1653584939);
INSERT INTO player_score VALUES('6275b2b20',11,'48dc1af7b','5bf7fa4f5',3996,2776,1654006209,1654006209);
INSERT INTO player_score VALUES('5fcb72f35',11,'4921886ca','2fbac2f3e',220719,2925,1653934670,1653934670);
INSERT INTO player_score VALUES('62915d380',11,'4921886ca','2fe64bf4e',16524,3211,1654009110,1654009110);
INSERT INTO player_score VALUES('492015530',11,'4921886ca','41aedc7f9',171000,2169,1653326143,1653326143);
INSERT INTO player_score VALUES('634c305ce',11,'4921886ca','446076968',2040,3170,1654028700,1654028700);
INSERT INTO player_score VALUES('5b1f8a9b5',11,'4921886ca','48fa4ee69',142450,2703,1653809270,1653809270);
INSERT INTO player_score VALUES('5275be432',11,'4921886ca','498b7edee',3696,2535,1653576717,1653576717);
INSERT INTO player_score VALUES('589dd53fd',11,'4921886ca','4d58c707e',270300,2564,1653741982,1653741982);
INSERT INTO player_score VALUES('633cdd077',11,'4921886ca','5bf7fa4f5',4329,3118,1654027093,1654027093);
INSERT INTO player_score VALUES('627f2fe96',11,'498c49864','2fbac2f3e',278964,3095,1654007204,1654007204);
INSERT INTO player_score VALUES('612006736',11,'498c49864','2fe64bf4e',222607,3120,1653970382,1653970382);
INSERT INTO player_score VALUES('4897d9d60',11,'498c49864','41aedc7f9',204820,2026,1653311858,1653311858);
INSERT INTO player_score VALUES('63bce009c',11,'498c49864','446076968',124000,3224,1654040516,1654040516);
INSERT INTO player_score VALUES('5b16431a6',11,'498c49864','48fa4ee69',111600,2694,1653808297,1653808297);
INSERT INTO player_score VALUES('511340be1',11,'498c49864','498b7edee',264320,2155,1653539546,1653539546);
INSERT INTO player_score VALUES('58a2f1d7d',11,'498c49864','4d58c707e',168000,2568,1653742518,1653742518);
INSERT INTO player_score VALUES('638adada2',11,'498c49864','5bf7fa4f5',78000,3258,1654035271,1654035271);
INSERT INTO player_score VALUES('5fb690406',11,'498f9d92f','2fbac2f3e',23166,2918,1653932480,1653932480);
INSERT INTO player_score VALUES('61b35946d',11,'498f9d92f','2fe64bf4e',276450,3156,1653985830,1653985830);
INSERT INTO player_score VALUES('49287c30a',11,'498f9d92f','41aedc7f9',9120,2180,1653327024,1653327024);
INSERT INTO player_score VALUES('6375b3cec',11,'498f9d92f','446076968',279552,3193,1654033053,1654033053);
INSERT INTO player_score VALUES('5a2bc843e',11,'498f9d92f','48fa4ee69',57200,2530,1653783710,1653783710);
INSERT INTO player_score VALUES('51f685e62',11,'498f9d92f','498b7edee',106875,2391,1653563377,1653563377);
INSERT INTO player_score VALUES('5730a47d0',11,'498f9d92f','4d58c707e',3675,2237,1653703689,1653703689);
INSERT INTO player_score VALUES('618056329',11,'4b3473f3f','2fbac2f3e',127710,3035,1653980481,1653980481);
INSERT INTO player_score VALUES('5fc449740',11,'4b3473f3f','2fe64bf4e',948,3044,1653933919,1653933919);
INSERT INTO player_score VALUES('62eddc6c6',11,'4b3473f3f','446076968',38640,3124,1654018809,1654018809);
INSERT INTO player_score VALUES('5a5cecd29',11,'4b3473f3f','48fa4ee69',366912,2568,1653788863,1653788863);
INSERT INTO player_score VALUES('52cc822ce',11,'4b3473f3f','498b7edee',139638,2621,1653585815,1653585815);
INSERT INTO player_score VALUES('586d9b10c',11,'4b3473f3f','4d58c707e',44785,2518,1653736925,1653736925);
INSERT INTO player_score VALUES('6393ef143',11,'4b3473f3f','5bf7fa4f5',76076,3274,1654036223,1654036223);
INSERT INTO player_score VALUES('5b5603e82',11,'4c7b161ad','2fe64bf4e',562870,2749,1653814982,1653814982);
INSERT INTO player_score VALUES('62d91e5f9',11,'4c7b161ad','446076968',119600,3114,1654016634,1654016634);
INSERT INTO player_score VALUES('5b5f579b5',11,'4c7b161ad','48fa4ee69',651035,2748,1653815960,1653815960);
INSERT INTO player_score VALUES('52a01af81',11,'4c7b161ad','498b7edee',366036,2574,1653581159,1653581159);
INSERT INTO player_score VALUES('57ecb0243',11,'4c7b161ad','4d58c707e',511434,2402,1653723407,1653723407);
INSERT INTO player_score VALUES('634893175',11,'4c7b161ad','5bf7fa4f5',104160,3140,1654028321,1654028321);
INSERT INTO player_score VALUES('60ed761c1',11,'4cbbcfec4','2fbac2f3e',200475,2997,1653965080,1653965080);
INSERT INTO player_score VALUES('636af6c7b',11,'4cbbcfec4','2fe64bf4e',66045,3264,1654031927,1654031927);
INSERT INTO player_score VALUES('6295044a6',11,'4cbbcfec4','446076968',7252,3093,1654009493,1654009493);
INSERT INTO player_score VALUES('5a8f3dabc',11,'4cbbcfec4','48fa4ee69',36864,2603,1653794139,1653794139);
INSERT INTO player_score VALUES('525e7e1ae',11,'4cbbcfec4','498b7edee',12857,2519,1653574279,1653574279);
INSERT INTO player_score VALUES('57daebcdc',11,'4cbbcfec4','4d58c707e',238095,2386,1653721544,1653721544);
INSERT INTO player_score VALUES('639f1787f',11,'4cbbcfec4','5bf7fa4f5',29400,3294,1654037393,1654037393);
INSERT INTO player_score VALUES('5f6601b3a',11,'4ce2a2e5c','2fbac2f3e',47040,2903,1653924033,1653924033);
INSERT INTO player_score VALUES('61ee2e4fe',11,'4ce2a2e5c','2fe64bf4e',102524,3175,1653991999,1653991999);
INSERT INTO player_score VALUES('636cae3e9',11,'4ce2a2e5c','446076968',105264,3189,1654032107,1654032107);
INSERT INTO player_score VALUES('5b6e7efd2',11,'4ce2a2e5c','48fa4ee69',334707,2755,1653817549,1653817549);
INSERT INTO player_score VALUES('52c4cff2a',11,'4ce2a2e5c','498b7edee',130790,2615,1653585008,1653585008);
INSERT INTO player_score VALUES('583063ac9',11,'4ce2a2e5c','4d58c707e',27664,2459,1653730506,1653730506);
INSERT INTO player_score VALUES('63c2b62d4',11,'4ce2a2e5c','5bf7fa4f5',42660,3357,1654041128,1654041128);
INSERT INTO player_score VALUES('625844867',11,'4cf5f2c06','2fbac2f3e',145926,3081,1654003123,1654003123);
INSERT INTO player_score VALUES('6073641ae',11,'4cf5f2c06','2fe64bf4e',526320,3089,1653952280,1653952280);
INSERT INTO player_score VALUES('631aa2d09',11,'4cf5f2c06','446076968',177786,3139,1654023504,1654023504);
INSERT INTO player_score VALUES('5906c8f0c',11,'4cf5f2c06','48fa4ee69',45360,2363,1653752987,1653752987);
INSERT INTO player_score VALUES('52af0a360',11,'4cf5f2c06','498b7edee',26390,2587,1653582725,1653582725);
INSERT INTO player_score VALUES('57bedabdc',11,'4cf5f2c06','4d58c707e',5040,2367,1653718601,1653718601);
INSERT INTO player_score VALUES('63a0f60b1',11,'4cf5f2c06','5bf7fa4f5',81984,3300,1654037589,1654037589);
INSERT INTO player_score VALUES('616f6d96e',11,'4d2906e93','2fbac2f3e',182700,3026,1653978708,1653978708);
INSERT INTO player_score VALUES('61784253e',11,'4d2906e93','2fe64bf4e',3844,3139,1653979634,1653979634);
INSERT INTO player_score VALUES('5b9447dce',11,'4d2906e93','48fa4ee69',145728,2766,1653821511,1653821511);
INSERT INTO player_score VALUES('517a4c241',11,'4d2906e93','498b7edee',249100,2262,1653550351,1653550351);
INSERT INTO player_score VALUES('58771d235',11,'4d2906e93','4d58c707e',4914,2526,1653737922,1653737922);
INSERT INTO player_score VALUES('637f55a55',11,'4d2906e93','5bf7fa4f5',257094,3239,1654034063,1654034063);
INSERT INTO player_score VALUES('612faf3b2',11,'4d87bef74','2fbac2f3e',13720,3016,1653972024,1653972024);
INSERT INTO player_score VALUES('5cc19f67e',11,'4d87bef74','2fe64bf4e',29376,2852,1653853109,1653853109);
INSERT INTO player_score VALUES('613c6f623',11,'4d87bef74','446076968',22770,2961,1653973361,1653973361);
INSERT INTO player_score VALUES('5b1af1d6e',11,'4d87bef74','48fa4ee69',80990,2699,1653808788,1653808788);
INSERT INTO player_score VALUES('52a60e682',11,'4d87bef74','498b7edee',37200,2580,1653581783,1653581783);
INSERT INTO player_score VALUES('5803f2bb3',11,'4d87bef74','4d58c707e',2262,2430,1653725846,1653725846);
INSERT INTO player_score VALUES('63a1bbc8c',11,'4d87bef74','5bf7fa4f5',288,3301,1654037670,1654037670);
INSERT INTO player_score VALUES('633179ff1',11,'4e08965d7','2fbac2f3e',454410,3126,1654025899,1654025899);
INSERT INTO player_score VALUES('53c51f2f2',11,'4e08965d7','2fe64bf4e',62016,2280,1653611884,1653611884);
INSERT INTO player_score VALUES('600bb5223',11,'4e08965d7','446076968',96064,2846,1653941408,1653941408);
INSERT INTO player_score VALUES('5a7451985',11,'4e08965d7','48fa4ee69',0,2583,1653791316,1653791316);
INSERT INTO player_score VALUES('527cb47aa',11,'4e08965d7','498b7edee',12166,2538,1653577447,1653577447);
INSERT INTO player_score VALUES('6370e2e89',11,'4e08965d7','5bf7fa4f5',220881,3214,1654032548,1654032548);
INSERT INTO player_score VALUES('60e9e7757',11,'4e51fddb4','2fe64bf4e',124320,3109,1653964707,1653964707);
INSERT INTO player_score VALUES('634234384',11,'4e51fddb4','446076968',66176,3167,1654027653,1654027653);
INSERT INTO player_score VALUES('51f45bb1d',11,'4e51fddb4','498b7edee',287280,2388,1653563150,1653563150);
INSERT INTO player_score VALUES('5845d8d46',11,'4e51fddb4','4d58c707e',366366,2479,1653732756,1653732756);
INSERT INTO player_score VALUES('635c4be57',11,'4e51fddb4','5bf7fa4f5',6900,3178,1654030389,1654030389);
INSERT INTO player_score VALUES('618742acb',11,'4e66ecc1b','2fbac2f3e',29952,3037,1653981207,1653981207);
INSERT INTO player_score VALUES('5f84cf728',11,'4e66ecc1b','2fe64bf4e',120960,3023,1653927263,1653927263);
INSERT INTO player_score VALUES('637233d0f',11,'4e66ecc1b','446076968',13568,3191,1654032686,1654032686);
INSERT INTO player_score VALUES('5b1acac52',11,'4e66ecc1b','48fa4ee69',114400,2697,1653808772,1653808772);
INSERT INTO player_score VALUES('55cfd98a8',11,'4e66ecc1b','4d58c707e',218790,1924,1653666696,1653666696);
INSERT INTO player_score VALUES('634edbf8f',11,'4efec745e','2fbac2f3e',0,3132,1654028980,1654028980);
INSERT INTO player_score VALUES('622356b7f',11,'4efec745e','2fe64bf4e',360360,3184,1653997573,1653997573);
INSERT INTO player_score VALUES('624372ee2',11,'4efec745e','446076968',4611,3066,1654000940,1654000940);
INSERT INTO player_score VALUES('5b58dde6e',11,'4efec745e','48fa4ee69',117120,2743,1653815281,1653815281);
INSERT INTO player_score VALUES('52a1a19b7',11,'4efec745e','498b7edee',293664,2576,1653581319,1653581319);
INSERT INTO player_score VALUES('585bd44b6',11,'4efec745e','4d58c707e',146370,2496,1653735061,1653735061);
INSERT INTO player_score VALUES('624aaff74',11,'4fc8ae461','2fe64bf4e',29450,3194,1654001699,1654001699);
INSERT INTO player_score VALUES('6368d3eb4',11,'4fc8ae461','446076968',131328,3187,1654031703,1654031703);
INSERT INTO player_score VALUES('5b8ae09ea',11,'4fc8ae461','48fa4ee69',33396,2764,1653820525,1653820525);
INSERT INTO player_score VALUES('52d1642cf',11,'4fc8ae461','498b7edee',90048,2628,1653586327,1653586327);
INSERT INTO player_score VALUES('589aca6fc',11,'4fc8ae461','4d58c707e',405270,2562,1653741663,1653741663);
INSERT INTO player_score VALUES('63aa1192e',11,'4fc8ae461','5bf7fa4f5',356730,3318,1654038544,1654038544);
INSERT INTO player_score VALUES('61b50e4aa',11,'503e27825','2fbac2f3e',9900,3045,1653986009,1653986009);
INSERT INTO player_score VALUES('6330158e1',11,'503e27825','2fe64bf4e',1188,3253,1654025753,1654025753);
INSERT INTO player_score VALUES('6361094b6',11,'503e27825','446076968',36708,3183,1654030886,1654030886);
INSERT INTO player_score VALUES('5b0987d44',11,'503e27825','48fa4ee69',71100,2684,1653806962,1653806962);
INSERT INTO player_score VALUES('51efa0c2a',11,'503e27825','498b7edee',349680,2384,1653562654,1653562654);
INSERT INTO player_score VALUES('63a37340a',11,'503e27825','5bf7fa4f5',45066,3305,1654037850,1654037850);
INSERT INTO player_score VALUES('62399dd8e',11,'5055fa274','2fbac2f3e',14664,3071,1653999909,1653999909);
INSERT INTO player_score VALUES('63b884516',11,'5055fa274','2fe64bf4e',36036,3280,1654040059,1654040059);
INSERT INTO player_score VALUES('617bd84eb',11,'5055fa274','446076968',253980,2983,1653980010,1653980010);
INSERT INTO player_score VALUES('51c013e59',11,'5055fa274','498b7edee',26488,2330,1653557668,1653557668);
INSERT INTO player_score VALUES('580c60ea4',11,'5055fa274','4d58c707e',6032,2436,1653726730,1653726730);
INSERT INTO player_score VALUES('63523274e',11,'5055fa274','5bf7fa4f5',34560,3158,1654029330,1654029330);
INSERT INTO player_score VALUES('5ff2f822d',11,'508148dd','2fbac2f3e',29512,2932,1653938814,1653938814);
INSERT INTO player_score VALUES('5e986c517',11,'508148dd','2fe64bf4e',126084,2970,1653902476,1653902476);
INSERT INTO player_score VALUES('488f70854',11,'508148dd','41aedc7f9',205824,2018,1653310976,1653310976);
INSERT INTO player_score VALUES('63486c02a',11,'508148dd','446076968',3648,3168,1654028305,1654028305);
INSERT INTO player_score VALUES('5a8b3767d',11,'508148dd','48fa4ee69',13120,2598,1653793717,1653793717);
INSERT INTO player_score VALUES('52cdfa23c',11,'508148dd','498b7edee',57024,2623,1653585969,1653585969);
INSERT INTO player_score VALUES('6302e3b79',11,'508148dd','5bf7fa4f5',244992,3027,1654021014,1654021014);
INSERT INTO player_score VALUES('6373fc5c2',11,'51a3a8822','2fbac2f3e',321930,3146,1654032873,1654032873);
INSERT INTO player_score VALUES('635b8145c',11,'51a3a8822','2fe64bf4e',57820,3262,1654030306,1654030306);
INSERT INTO player_score VALUES('5b29a8ede',11,'51a3a8822','48fa4ee69',39424,2714,1653810331,1653810331);
INSERT INTO player_score VALUES('52bbe059e',11,'51a3a8822','498b7edee',6720,2602,1653584071,1653584071);
INSERT INTO player_score VALUES('58472c329',11,'51a3a8822','4d58c707e',6048,2480,1653732895,1653732895);
INSERT INTO player_score VALUES('63a0a57b8',11,'51a3a8822','5bf7fa4f5',695604,3299,1654037556,1654037556);
INSERT INTO player_score VALUES('63c0256f4',11,'52510462c','2fe64bf4e',49476,3284,1654040859,1654040859);
INSERT INTO player_score VALUES('63b650590',11,'52510462c','446076968',10080,3220,1654039828,1654039828);
INSERT INTO player_score VALUES('5b394f491',11,'52510462c','48fa4ee69',276644,2724,1653811972,1653811972);
INSERT INTO player_score VALUES('52bf6a201',11,'52510462c','498b7edee',21437,2604,1653584442,1653584442);
INSERT INTO player_score VALUES('638e7d065',11,'52510462c','5bf7fa4f5',46550,3266,1654035652,1654035652);
INSERT INTO player_score VALUES('63ad2feb5',11,'53a02fa03','2fbac2f3e',452466,3156,1654038871,1654038871);
INSERT INTO player_score VALUES('5fe013b2b',11,'53a02fa03','2fe64bf4e',0,3050,1653936833,1653936833);
INSERT INTO player_score VALUES('6388edb19',11,'53a02fa03','446076968',7360,3200,1654035069,1654035069);
INSERT INTO player_score VALUES('5ac63d44c',11,'53a02fa03','48fa4ee69',62100,2644,1653799906,1653799906);
INSERT INTO player_score VALUES('5887845f3',11,'53a02fa03','4d58c707e',98670,2543,1653739642,1653739642);
INSERT INTO player_score VALUES('637bc6fd1',11,'53a02fa03','5bf7fa4f5',22080,3232,1654033690,1654033690);
INSERT INTO player_score VALUES('5e8fd70c3',11,'53e4f70bb','2fbac2f3e',89760,2860,1653901576,1653901576);
INSERT INTO player_score VALUES('638153e31',11,'53e4f70bb','2fe64bf4e',53568,3267,1654034272,1654034272);
INSERT INTO player_score VALUES('5b7ca8804',11,'53e4f70bb','48fa4ee69',280500,2759,1653819034,1653819034);
INSERT INTO player_score VALUES('5845c54e4',11,'53e4f70bb','4d58c707e',17500,2478,1653732748,1653732748);
INSERT INTO player_score VALUES('635b750ff',11,'53e4f70bb','5bf7fa4f5',6760,3176,1654030301,1654030301);
INSERT INTO player_score VALUES('60b8ddbe6',11,'559b1f031','2fbac2f3e',9204,2982,1653959565,1653959565);
INSERT INTO player_score VALUES('62d8ab9e0',11,'559b1f031','2fe64bf4e',26048,3230,1654016587,1654016587);
INSERT INTO player_score VALUES('626509935',11,'559b1f031','446076968',14280,3080,1654004462,1654004462);
INSERT INTO player_score VALUES('5b42f5fb1',11,'559b1f031','48fa4ee69',282366,2728,1653812984,1653812984);
INSERT INTO player_score VALUES('580db4470',11,'559b1f031','4d58c707e',50700,2437,1653726869,1653726869);
INSERT INTO player_score VALUES('63b4b3c0b',11,'559b1f031','5bf7fa4f5',13500,3339,1654039659,1654039659);
INSERT INTO player_score VALUES('616f998ae',11,'567046e1b','2fbac2f3e',7650,3027,1653978726,1653978726);
INSERT INTO player_score VALUES('628964385',11,'567046e1b','2fe64bf4e',29760,3207,1654008274,1654008274);
INSERT INTO player_score VALUES('6327e6cf8',11,'567046e1b','446076968',17280,3144,1654024895,1654024895);
INSERT INTO player_score VALUES('5a442fcff',11,'567046e1b','48fa4ee69',57620,2551,1653786269,1653786269);
INSERT INTO player_score VALUES('5856ab7e5',11,'567046e1b','4d58c707e',26910,2493,1653734520,1653734520);
INSERT INTO player_score VALUES('62b00175e',11,'567046e1b','5bf7fa4f5',170190,2877,1654012323,1654012323);
INSERT INTO player_score VALUES('5a90566f6',11,'574b0f2c4','2fbac2f3e',13132,2611,1653794254,1653794254);
INSERT INTO player_score VALUES('5da64b6ff',11,'574b0f2c4','2fe64bf4e',307622,2917,1653877087,1653877087);
INSERT INTO player_score VALUES('60207cf70',11,'574b0f2c4','446076968',45225,2856,1653943587,1653943587);
INSERT INTO player_score VALUES('5b5a388fe',11,'574b0f2c4','48fa4ee69',6006,2744,1653815423,1653815423);
INSERT INTO player_score VALUES('586c872cc',11,'574b0f2c4','4d58c707e',102660,2516,1653736812,1653736812);
INSERT INTO player_score VALUES('63c69cb5a',11,'574b0f2c4','5bf7fa4f5',22528,3365,1654041537,1654041537);
INSERT INTO player_score VALUES('616759bac',11,'576f5b2ba','2fbac2f3e',21385,3023,1653977861,1653977861);
INSERT INTO player_score VALUES('59e04ef9f',11,'576f5b2ba','2fe64bf4e',29524,2662,1653775796,1653775796);
INSERT INTO player_score VALUES('61f92fb6f',11,'576f5b2ba','446076968',26000,3044,1653993153,1653993153);
INSERT INTO player_score VALUES('59d133c85',11,'576f5b2ba','48fa4ee69',5610,2466,1653774212,1653774212);
INSERT INTO player_score VALUES('63c0a6d12',11,'576f5b2ba','5bf7fa4f5',18768,3355,1654040912,1654040912);
INSERT INTO player_score VALUES('635ba3761',11,'578dd3752','2fbac2f3e',496860,3135,1654030320,1654030320);
INSERT INTO player_score VALUES('622df674f',11,'578dd3752','2fe64bf4e',357504,3189,1653998687,1653998687);
INSERT INTO player_score VALUES('63910dc13',11,'578dd3752','446076968',13083,3204,1654035921,1654035921);
INSERT INTO player_score VALUES('5889df667',11,'578dd3752','48fa4ee69',3360,2306,1653739889,1653739889);
INSERT INTO player_score VALUES('58ac7db26',11,'578dd3752','4d58c707e',97006,2578,1653743519,1653743519);
INSERT INTO player_score VALUES('639734790',11,'578dd3752','5bf7fa4f5',15903,3285,1654036566,1654036566);
INSERT INTO player_score VALUES('46c013e57',11,'57e893fb','1bb54bcd1',44032,1972,1653262389,1653262389);
INSERT INTO player_score VALUES('63ba4313c',11,'57e893fb','2fbac2f3e',138600,3160,1654040242,1654040242);
INSERT INTO player_score VALUES('613fa1434',11,'57e893fb','2fe64bf4e',99840,3126,1653973696,1653973696);
INSERT INTO player_score VALUES('497a74174',11,'57e893fb','41aedc7f9',14630,2277,1653335619,1653335619);
INSERT INTO player_score VALUES('625166b43',11,'57e893fb','446076968',60912,3071,1654002403,1654002403);
INSERT INTO player_score VALUES('464fb2618',11,'57e893fb','44890854c',741468,2000,1653250605,1653250605);
INSERT INTO player_score VALUES('5a0200755',11,'57e893fb','48fa4ee69',382720,2500,1653779329,1653779329);
INSERT INTO player_score VALUES('52b79a985',11,'57e893fb','498b7edee',531846,2598,1653583623,1653583623);
INSERT INTO player_score VALUES('582e91612',11,'57e893fb','4d58c707e',103200,2456,1653730315,1653730315);
INSERT INTO player_score VALUES('635c4703c',11,'584abd479','2fbac2f3e',227920,3136,1654030387,1654030387);
INSERT INTO player_score VALUES('60cc91b02',11,'584abd479','2fe64bf4e',34884,3105,1653961631,1653961631);
INSERT INTO player_score VALUES('61629506b',11,'584abd479','446076968',222740,2972,1653977361,1653977361);
INSERT INTO player_score VALUES('57b6716bb',11,'584abd479','4d58c707e',13754,2355,1653717719,1653717719);
INSERT INTO player_score VALUES('626a0dc13',11,'584abd479','5bf7fa4f5',190,2752,1654004988,1654004988);
INSERT INTO player_score VALUES('612a0ecab',11,'59906dbda','2fbac2f3e',493551,3014,1653971434,1653971434);
INSERT INTO player_score VALUES('5e4300a3f',11,'59906dbda','2fe64bf4e',312480,2952,1653893519,1653893519);
INSERT INTO player_score VALUES('61ddac419',11,'59906dbda','446076968',9180,3026,1653990268,1653990268);
INSERT INTO player_score VALUES('5b4c7cef8',11,'59906dbda','48fa4ee69',86904,2734,1653813983,1653813983);
INSERT INTO player_score VALUES('63a4a6dcc',11,'59906dbda','5bf7fa4f5',193752,3307,1654037976,1654037976);
INSERT INTO player_score VALUES('62eb4bb01',11,'59c6214dd','2fbac2f3e',198144,3114,1654018540,1654018540);
INSERT INTO player_score VALUES('5f74cec4a',11,'59c6214dd','2fe64bf4e',5880,3019,1653925585,1653925585);
INSERT INTO player_score VALUES('63ad373f0',11,'59c6214dd','446076968',52540,3218,1654038874,1654038874);
INSERT INTO player_score VALUES('587c34da9',11,'59c6214dd','48fa4ee69',50337,2299,1653738456,1653738456);
INSERT INTO player_score VALUES('63aca251f',11,'59c6214dd','5bf7fa4f5',138128,3324,1654038813,1654038813);
INSERT INTO player_score VALUES('627cfbefa',11,'59db8f243','2fbac2f3e',1674,3093,1654006973,1654006973);
INSERT INTO player_score VALUES('63bcdb261',11,'59db8f243','2fe64bf4e',126984,3281,1654040514,1654040514);
INSERT INTO player_score VALUES('5ff3a309d',11,'59db8f243','446076968',282188,2836,1653938884,1653938884);
INSERT INTO player_score VALUES('5a440b314',11,'59db8f243','48fa4ee69',70470,2550,1653786254,1653786254);
INSERT INTO player_score VALUES('632a1d3d3',11,'59db8f243','5bf7fa4f5',820224,3094,1654025127,1654025127);
INSERT INTO player_score VALUES('6188827b0',11,'5a63b98c9','2fbac2f3e',137984,3038,1653981338,1653981338);
INSERT INTO player_score VALUES('627f2b054',11,'5a63b98c9','2fe64bf4e',177008,3203,1654007202,1654007202);
INSERT INTO player_score VALUES('63a3fe656',11,'5a63b98c9','446076968',22200,3213,1654037907,1654037907);
INSERT INTO player_score VALUES('5ad28aad0',11,'5a63b98c9','48fa4ee69',10200,2653,1653801196,1653801196);
INSERT INTO player_score VALUES('621779991',11,'5a63b98c9','5bf7fa4f5',42978,2613,1653996329,1653996329);
INSERT INTO player_score VALUES('62bb1b435',11,'5a6f4fd78','2fe64bf4e',39690,3222,1654013487,1654013487);
INSERT INTO player_score VALUES('6020e3826',11,'5a6f4fd78','446076968',69888,2857,1653943629,1653943629);
INSERT INTO player_score VALUES('63adc2648',11,'5a6f4fd78','5bf7fa4f5',81092,3325,1654038931,1654038931);
INSERT INTO player_score VALUES('63596d0e2',11,'5acb612f7','2fbac2f3e',335400,3134,1654030088,1654030088);
INSERT INTO player_score VALUES('615ced40e',11,'5acb612f7','2fe64bf4e',5490,3132,1653976768,1653976768);
INSERT INTO player_score VALUES('6338751cb',11,'5acb612f7','446076968',5400,3156,1654026631,1654026631);
INSERT INTO player_score VALUES('5a767bc75',11,'5acb612f7','48fa4ee69',246960,2586,1653791543,1653791543);
INSERT INTO player_score VALUES('63a29eda1',11,'5acb612f7','5bf7fa4f5',38976,3304,1654037763,1654037763);
INSERT INTO player_score VALUES('623f73fb9',11,'5ade32141','2fbac2f3e',107900,3073,1654000521,1654000521);
INSERT INTO player_score VALUES('60449cfff',11,'5ade32141','2fe64bf4e',25308,3077,1653947375,1653947375);
INSERT INTO player_score VALUES('5b56ff5f9',11,'5ade32141','48fa4ee69',363350,2742,1653815085,1653815085);
INSERT INTO player_score VALUES('6383214f7',11,'5ade32141','5bf7fa4f5',22050,3244,1654034461,1654034461);
INSERT INTO player_score VALUES('60a3fff53',11,'5b3dc5dc5','2fbac2f3e',311296,2977,1653957377,1653957377);
INSERT INTO player_score VALUES('63269fadb',11,'5b3dc5dc5','2fe64bf4e',9600,3250,1654024761,1654024761);
INSERT INTO player_score VALUES('633322ca7',11,'5b3dc5dc5','446076968',403260,3151,1654026073,1654026073);
INSERT INTO player_score VALUES('5b2f7c9e5',11,'5b3dc5dc5','48fa4ee69',81270,2717,1653810942,1653810942);
INSERT INTO player_score VALUES('636603b1b',11,'5b3dc5dc5','5bf7fa4f5',36000,3194,1654031408,1654031408);
INSERT INTO player_score VALUES('60f61a027',11,'5b648f106','2fbac2f3e',75735,2998,1653965986,1653965986);
INSERT INTO player_score VALUES('63184cabc',11,'5b648f106','2fe64bf4e',31042,3245,1654023259,1654023259);
INSERT INTO player_score VALUES('63a71088c',11,'5b648f106','5bf7fa4f5',70432,3311,1654038229,1654038229);
INSERT INTO player_score VALUES('63ba9d694',11,'5bdf841b6','2fbac2f3e',261144,3161,1654040279,1654040279);
INSERT INTO player_score VALUES('5bf6b3295',11,'5bdf841b6','2fe64bf4e',57420,2802,1653831831,1653831831);
INSERT INTO player_score VALUES('6182f806d',11,'5bdf841b6','446076968',210781,2990,1653980757,1653980757);
INSERT INTO player_score VALUES('63c4f3ea8',11,'5bdf841b6','5bf7fa4f5',53592,3362,1654041363,1654041363);
INSERT INTO player_score VALUES('412035f4c',11,'5c2d90f1','1bb54bcd1',256215,1726,1653111408,1653111408);
INSERT INTO player_score VALUES('5e38f0f49',11,'5c2d90f1','2fbac2f3e',7830,2842,1653892464,1653892464);
INSERT INTO player_score VALUES('63875fbbe',11,'5c2d90f1','2fe64bf4e',200640,3271,1654034906,1654034906);
INSERT INTO player_score VALUES('497cf62c4',11,'5c2d90f1','41aedc7f9',0,2281,1653335882,1653335882);
INSERT INTO player_score VALUES('6200d3463',11,'5c2d90f1','446076968',1274,3048,1653993954,1653993954);
INSERT INTO player_score VALUES('467a6e53e',11,'5c2d90f1','44890854c',309514,2188,1653255086,1653255086);
INSERT INTO player_score VALUES('5b64baff0',11,'5c2d90f1','48fa4ee69',118104,2749,1653816525,1653816525);
INSERT INTO player_score VALUES('528337f50',11,'5c2d90f1','498b7edee',102600,2545,1653578130,1653578130);
INSERT INTO player_score VALUES('58aaadd26',11,'5c2d90f1','4d58c707e',144760,2574,1653743329,1653743329);
INSERT INTO player_score VALUES('62b4f48a4',11,'5c2d90f1','5bf7fa4f5',507892,2884,1654012842,1654012842);
INSERT INTO player_score VALUES('5ee6087b8',11,'5c5bd8b83','2fbac2f3e',60680,2877,1653910614,1653910614);
INSERT INTO player_score VALUES('5cd4b71bb',11,'5c5bd8b83','2fe64bf4e',580725,2857,1653855111,1653855111);
INSERT INTO player_score VALUES('6265553f6',11,'5c5bd8b83','446076968',89964,3081,1654004493,1654004493);
INSERT INTO player_score VALUES('63c627825',11,'5c5bd8b83','5bf7fa4f5',7144,3363,1654041489,1654041489);
INSERT INTO player_score VALUES('61a90a20d',11,'5d1ac81a9','2fe64bf4e',53592,3151,1653984749,1653984749);
INSERT INTO player_score VALUES('6315b97d4',11,'5d1ac81a9','446076968',379088,3137,1654022989,1654022989);
INSERT INTO player_score VALUES('62db99212',11,'5d1ac81a9','5bf7fa4f5',5544,2953,1654016894,1654016894);
INSERT INTO player_score VALUES('62260e831',11,'5d4963462','2fbac2f3e',79360,3065,1653997858,1653997858);
INSERT INTO player_score VALUES('5d28862ff',11,'5d4963462','2fe64bf4e',283504,2880,1653863899,1653863899);
INSERT INTO player_score VALUES('63b733659',11,'5d4963462','446076968',14504,3222,1654039921,1654039921);
INSERT INTO player_score VALUES('63b18ba45',11,'5d4963462','5bf7fa4f5',162288,3335,1654039328,1654039328);
INSERT INTO player_score VALUES('6257b6ea2',11,'5e645ca9b','2fbac2f3e',105339,3080,1654003065,1654003065);
INSERT INTO player_score VALUES('62e74a4cf',11,'5e645ca9b','2fe64bf4e',196992,3235,1654018120,1654018120);
INSERT INTO player_score VALUES('639c5ad50',11,'5e645ca9b','5bf7fa4f5',0,3291,1654037106,1654037106);
INSERT INTO player_score VALUES('61530bf5f',11,'5e6db2d0d','2fbac2f3e',120681,3021,1653975732,1653975732);
INSERT INTO player_score VALUES('62fef0fa5',11,'5e6db2d0d','2fe64bf4e',6612,3240,1654020600,1654020600);
INSERT INTO player_score VALUES('638d5f5f4',11,'5e6db2d0d','446076968',48,3203,1654035535,1654035535);
INSERT INTO player_score VALUES('62c273241',11,'5e6db2d0d','5bf7fa4f5',46200,2912,1654014257,1654014257);
INSERT INTO player_score VALUES('63814c8d9',11,'5eee71cb0','2fbac2f3e',245700,3148,1654034269,1654034269);
INSERT INTO player_score VALUES('63883b745',11,'5eee71cb0','446076968',112,3199,1654034996,1654034996);
INSERT INTO player_score VALUES('63c2ebdf2',11,'5eee71cb0','5bf7fa4f5',141900,3358,1654041150,1654041150);
INSERT INTO player_score VALUES('62b90be9f',11,'5f2bb7d41','2fbac2f3e',482300,3105,1654013271,1654013271);
INSERT INTO player_score VALUES('632051ea5',11,'5f2bb7d41','2fe64bf4e',236160,3248,1654024100,1654024100);
INSERT INTO player_score VALUES('6298a1968',11,'5f2bb7d41','446076968',33534,3094,1654009872,1654009872);
INSERT INTO player_score VALUES('63ba4f49d',11,'5f2bb7d41','5bf7fa4f5',92106,3348,1654040247,1654040247);
INSERT INTO player_score VALUES('63aa7f73d',11,'5fa3c9251','2fbac2f3e',26544,3155,1654038589,1654038589);
INSERT INTO player_score VALUES('6386c5ec1',11,'5fa3c9251','2fe64bf4e',104832,3270,1654034843,1654034843);
INSERT INTO player_score VALUES('638c2951c',11,'5fa3c9251','446076968',13200,3202,1654035408,1654035408);
INSERT INTO player_score VALUES('63b1251c3',11,'5fa3c9251','5bf7fa4f5',168168,3333,1654039286,1654039286);
INSERT INTO player_score VALUES('5f790d326',11,'5fb661e0d','2fbac2f3e',25920,2908,1653926030,1653926030);
INSERT INTO player_score VALUES('62b85c21a',11,'5fb661e0d','2fe64bf4e',124098,3220,1654013199,1654013199);
INSERT INTO player_score VALUES('63932bc39',11,'5fb661e0d','446076968',390816,3205,1654036143,1654036143);
INSERT INTO player_score VALUES('63bc0ba47',11,'5fb661e0d','5bf7fa4f5',544,3352,1654040429,1654040429);
INSERT INTO player_score VALUES('638945960',11,'5fbc3ce8e','2fbac2f3e',882,3149,1654035105,1654035105);
INSERT INTO player_score VALUES('5c4bff1a4',11,'5fbc3ce8e','2fe64bf4e',108528,2823,1653840775,1653840775);
INSERT INTO player_score VALUES('61bdc5bbd',11,'5fbc3ce8e','446076968',252252,3014,1653986923,1653986923);
INSERT INTO player_score VALUES('636e103ef',11,'5fbc3ce8e','5bf7fa4f5',165300,3208,1654032252,1654032252);
INSERT INTO player_score VALUES('617922f31',11,'6079b4510','2fbac2f3e',277884,3030,1653979726,1653979726);
INSERT INTO player_score VALUES('5ef48ebe0',11,'6079b4510','2fe64bf4e',9000,2997,1653912137,1653912137);
INSERT INTO player_score VALUES('63410f3e9',11,'6079b4510','446076968',665,3164,1654027533,1654027533);
INSERT INTO player_score VALUES('63633ace0',11,'6079b4510','5bf7fa4f5',11340,3188,1654031116,1654031116);
INSERT INTO player_score VALUES('479927341',11,'609557ac','1bb54bcd1',132405,1998,1653285151,1653285151);
INSERT INTO player_score VALUES('588448b81',11,'609557ac','2fbac2f3e',74400,2486,1653739303,1653739303);
INSERT INTO player_score VALUES('5bb70ac52',11,'609557ac','2fe64bf4e',69426,2780,1653825156,1653825156);
INSERT INTO player_score VALUES('497e92c42',11,'609557ac','41aedc7f9',50400,2283,1653336051,1653336051);
INSERT INTO player_score VALUES('6332cae87',11,'609557ac','446076968',56448,3150,1654026037,1654026037);
INSERT INTO player_score VALUES('46743687c',11,'609557ac','44890854c',17664,2156,1653254434,1653254434);
INSERT INTO player_score VALUES('59e7eb329',11,'609557ac','48fa4ee69',19800,2490,1653776594,1653776594);
INSERT INTO player_score VALUES('521bc879f',11,'609557ac','498b7edee',157680,2433,1653567284,1653567284);
INSERT INTO player_score VALUES('57ef48345',11,'609557ac','4d58c707e',21870,2403,1653723679,1653723679);
INSERT INTO player_score VALUES('638459cfd',11,'609557ac','5bf7fa4f5',280350,3248,1654034589,1654034589);
INSERT INTO player_score VALUES('60fdaef13',11,'60dd3ad58','2fbac2f3e',92625,3007,1653966781,1653966781);
INSERT INTO player_score VALUES('628b6ea9c',11,'60dd3ad58','2fe64bf4e',543685,3208,1654008488,1654008488);
INSERT INTO player_score VALUES('63a333c6c',11,'60dd3ad58','446076968',29106,3211,1654037824,1654037824);
INSERT INTO player_score VALUES('62cd043a5',11,'60dd3ad58','5bf7fa4f5',12432,2932,1654015365,1654015365);
INSERT INTO player_score VALUES('633c80433',11,'614dd6f32','2fbac2f3e',151060,3129,1654027055,1654027055);
INSERT INTO player_score VALUES('6082cd6d2',11,'614dd6f32','446076968',27440,2887,1653953896,1653953896);
INSERT INTO player_score VALUES('639444872',11,'614dd6f32','5bf7fa4f5',55328,3275,1654036258,1654036258);
INSERT INTO player_score VALUES('62652bc0d',11,'619486ac0','2fbac2f3e',31152,3085,1654004476,1654004476);
INSERT INTO player_score VALUES('6224a2c06',11,'619486ac0','2fe64bf4e',4650,3185,1653997709,1653997709);
INSERT INTO player_score VALUES('633ea0af5',11,'619486ac0','446076968',809600,3162,1654027278,1654027278);
INSERT INTO player_score VALUES('5cb270b16',11,'637083b1c','2fbac2f3e',4464,2745,1653851517,1653851517);
INSERT INTO player_score VALUES('61ce05e36',11,'637083b1c','446076968',8424,3020,1653988627,1653988627);
INSERT INTO player_score VALUES('6379f23e8',11,'637083b1c','5bf7fa4f5',5304,3230,1654033498,1654033498);
INSERT INTO player_score VALUES('61f727ae2',11,'65dca93d','2fbac2f3e',193752,3056,1653992940,1653992940);
INSERT INTO player_score VALUES('62afc6e11',11,'65dca93d','2fe64bf4e',405108,3217,1654012299,1654012299);
INSERT INTO player_score VALUES('4946c1397',11,'65dca93d','41aedc7f9',47250,2214,1653330198,1653330198);
INSERT INTO player_score VALUES('62c7e79dd',11,'65dca93d','446076968',115046,3108,1654014829,1654014829);
INSERT INTO player_score VALUES('465784556',11,'65dca93d','44890854c',410130,2035,1653251425,1653251425);
INSERT INTO player_score VALUES('5b7901703',11,'65dca93d','48fa4ee69',167854,2757,1653818651,1653818651);
INSERT INTO player_score VALUES('528c510fb',11,'65dca93d','498b7edee',2352,2549,1653579084,1653579084);
INSERT INTO player_score VALUES('573fb5eb0',11,'65dca93d','4d58c707e',107325,2250,1653705269,1653705269);
INSERT INTO player_score VALUES('63a90c57a',11,'65dca93d','5bf7fa4f5',419710,3315,1654038437,1654038437);
INSERT INTO player_score VALUES('47d4df46d',11,'682d0203','1bb54bcd1',266910,2009,1653291413,1653291413);
INSERT INTO player_score VALUES('62d7d2527',11,'682d0203','2fe64bf4e',116160,3229,1654016498,1654016498);
INSERT INTO player_score VALUES('48efb19d6',11,'682d0203','41aedc7f9',40250,2122,1653321069,1653321069);
INSERT INTO player_score VALUES('5d3e9a090',11,'682d0203','446076968',285936,2537,1653866214,1653866214);
INSERT INTO player_score VALUES('466df0148',11,'682d0203','44890854c',334170,2130,1653253776,1653253776);
INSERT INTO player_score VALUES('5b52928d0',11,'682d0203','48fa4ee69',0,2739,1653814621,1653814621);
INSERT INTO player_score VALUES('5280850ab',11,'682d0203','498b7edee',101430,2541,1653577847,1653577847);
INSERT INTO player_score VALUES('638fd0632',11,'682d0203','5bf7fa4f5',98560,3267,1654035791,1654035791);
INSERT INTO player_score VALUES('47e0ed357',11,'85be20f3','1bb54bcd1',21300,2011,1653292677,1653292677);
INSERT INTO player_score VALUES('5e77d608d',11,'85be20f3','2fbac2f3e',37312,2854,1653899059,1653899059);
INSERT INTO player_score VALUES('624d2d2be',11,'85be20f3','2fe64bf4e',166842,3196,1654001960,1654001960);
INSERT INTO player_score VALUES('618ad62fb',11,'85be20f3','446076968',265734,2992,1653981582,1653981582);
INSERT INTO player_score VALUES('46678c523',11,'85be20f3','44890854c',11248,2100,1653253106,1653253106);
INSERT INTO player_score VALUES('5a9125f40',11,'85be20f3','48fa4ee69',23520,2606,1653794339,1653794339);
INSERT INTO player_score VALUES('52637fd4d',11,'85be20f3','498b7edee',430760,2521,1653574804,1653574804);
INSERT INTO player_score VALUES('586584c13',11,'85be20f3','4d58c707e',92274,2507,1653736077,1653736077);
INSERT INTO player_score VALUES('635ddebe2',11,'85be20f3','5bf7fa4f5',29568,3183,1654030554,1654030554);
INSERT INTO player_score VALUES('47c553c7c',11,'871c0381','1bb54bcd1',3330,2006,1653289783,1653289783);
INSERT INTO player_score VALUES('63322ea88',11,'871c0381','2fbac2f3e',19040,3127,1654025973,1654025973);
INSERT INTO player_score VALUES('60b8ca3a7',11,'871c0381','2fe64bf4e',36000,3100,1653959557,1653959557);
INSERT INTO player_score VALUES('47f9ced81',11,'871c0381','41aedc7f9',275,1858,1653295286,1653295286);
INSERT INTO player_score VALUES('618162c20',11,'871c0381','446076968',133560,2988,1653980591,1653980591);
INSERT INTO player_score VALUES('466344238',11,'871c0381','44890854c',120960,2086,1653252657,1653252657);
INSERT INTO player_score VALUES('5b9e83790',11,'871c0381','48fa4ee69',12300,2770,1653822584,1653822584);
INSERT INTO player_score VALUES('51f978473',11,'871c0381','498b7edee',298116,2395,1653563686,1653563686);
INSERT INTO player_score VALUES('5802ae031',11,'871c0381','4d58c707e',14256,2425,1653725713,1653725713);
INSERT INTO player_score VALUES('6367d8711',11,'871c0381','5bf7fa4f5',87120,3199,1654031600,1654031600);
INSERT INTO player_score VALUES('4832d6752',11,'8f9d7134','1bb54bcd1',19836,2030,1653301266,1653301266);
INSERT INTO player_score VALUES('5ca33350e',11,'8f9d7134','2fbac2f3e',213934,2742,1653849919,1653849919);
INSERT INTO player_score VALUES('5a7f297b6',11,'8f9d7134','2fe64bf4e',49500,2689,1653792453,1653792453);
INSERT INTO player_score VALUES('494778558',11,'8f9d7134','41aedc7f9',61336,2215,1653330273,1653330273);
INSERT INTO player_score VALUES('6311f7953',11,'8f9d7134','446076968',440448,3134,1654022595,1654022595);
INSERT INTO player_score VALUES('466067ba7',11,'8f9d7134','44890854c',39858,2072,1653252357,1653252357);
INSERT INTO player_score VALUES('5a29cc70c',11,'8f9d7134','48fa4ee69',43344,2526,1653783502,1653783502);
INSERT INTO player_score VALUES('584d889f8',11,'8f9d7134','4d58c707e',23040,2485,1653733562,1653733562);
INSERT INTO player_score VALUES('63a4abbf8',11,'8f9d7134','5bf7fa4f5',104754,3308,1654037978,1654037978);
INSERT INTO player_score VALUES('481e975a6',11,'9134da00','1bb54bcd1',4000,2023,1653299143,1653299143);
INSERT INTO player_score VALUES('6377295a0',11,'9134da00','2fe64bf4e',251328,3266,1654033206,1654033206);
INSERT INTO player_score VALUES('62c877a8b',11,'9134da00','446076968',3400,3109,1654014888,1654014888);
INSERT INTO player_score VALUES('4662b1a6e',11,'9134da00','44890854c',51450,2082,1653252597,1653252597);
INSERT INTO player_score VALUES('5b9442f9e',11,'9134da00','48fa4ee69',214132,2765,1653821509,1653821509);
INSERT INTO player_score VALUES('52a1b0402',11,'9134da00','498b7edee',92510,2577,1653581325,1653581325);
INSERT INTO player_score VALUES('5868e2919',11,'9134da00','4d58c707e',176985,2510,1653736430,1653736430);
INSERT INTO player_score VALUES('63a8d434c',11,'9134da00','5bf7fa4f5',253692,3314,1654038414,1654038414);
INSERT INTO player_score VALUES('5e7facdca',11,'96389305','2fbac2f3e',133980,2858,1653899881,1653899881);
INSERT INTO player_score VALUES('611ca6306',11,'96389305','2fe64bf4e',712712,3119,1653970028,1653970028);
INSERT INTO player_score VALUES('4956b8234',11,'96389305','41aedc7f9',5236,2230,1653331872,1653331872);
INSERT INTO player_score VALUES('61bbf0fd0',11,'96389305','446076968',18225,3010,1653986731,1653986731);
INSERT INTO player_score VALUES('462f2f9e0',11,'96389305','44890854c',57013,1851,1653247196,1653247196);
INSERT INTO player_score VALUES('5b32828f5',11,'96389305','48fa4ee69',693792,2720,1653811259,1653811259);
INSERT INTO player_score VALUES('5276029f3',11,'96389305','498b7edee',15680,2537,1653576745,1653576745);
INSERT INTO player_score VALUES('57f1f8a9b',11,'96389305','4d58c707e',1040,2407,1653723961,1653723961);
INSERT INTO player_score VALUES('63a82bbc3',11,'96389305','5bf7fa4f5',446208,3313,1654038345,1654038345);
INSERT INTO player_score VALUES('48413a8c9',11,'99082ddb','1bb54bcd1',405450,2032,1653302775,1653302775);
INSERT INTO player_score VALUES('60c7507d1',11,'99082ddb','2fbac2f3e',489600,2989,1653961080,1653961080);
INSERT INTO player_score VALUES('62fb70f95',11,'99082ddb','2fe64bf4e',756500,3239,1654020233,1654020233);
INSERT INTO player_score VALUES('4955cdc35',11,'99082ddb','41aedc7f9',17200,2228,1653331776,1653331776);
INSERT INTO player_score VALUES('5fe19a522',11,'99082ddb','446076968',74844,2823,1653936993,1653936993);
INSERT INTO player_score VALUES('4674a9473',11,'99082ddb','44890854c',192400,2159,1653254481,1653254481);
INSERT INTO player_score VALUES('5ac34d545',11,'99082ddb','48fa4ee69',35672,2642,1653799598,1653799598);
INSERT INTO player_score VALUES('5293d2723',11,'99082ddb','498b7edee',15876,2555,1653579871,1653579871);
INSERT INTO player_score VALUES('63999460c',11,'99082ddb','5bf7fa4f5',113364,3286,1654036815,1654036815);
INSERT INTO player_score VALUES('4643257b5',11,'9cdf9ba0','1bb54bcd1',67562,1953,1653249289,1653249289);
INSERT INTO player_score VALUES('6243c37f1',11,'9cdf9ba0','2fbac2f3e',26460,3075,1654000973,1654000973);
INSERT INTO player_score VALUES('626fda21d',11,'9cdf9ba0','2fe64bf4e',110495,3202,1654005596,1654005596);
INSERT INTO player_score VALUES('49732fbc1',11,'9cdf9ba0','41aedc7f9',24354,2268,1653334857,1653334857);
INSERT INTO player_score VALUES('63c0abb75',11,'9cdf9ba0','446076968',747600,3225,1654040914,1654040914);
INSERT INTO player_score VALUES('467b16c69',11,'9cdf9ba0','44890854c',6900,2197,1653255155,1653255155);
INSERT INTO player_score VALUES('56d42f0db',11,'9cdf9ba0','48fa4ee69',55680,2057,1653693994,1653693994);
INSERT INTO player_score VALUES('51dec6ca7',11,'9cdf9ba0','498b7edee',60800,2366,1653560887,1653560887);
INSERT INTO player_score VALUES('587bcbe32',11,'9cdf9ba0','4d58c707e',30566,2529,1653738413,1653738413);
INSERT INTO player_score VALUES('6365eb496',11,'9cdf9ba0','5bf7fa4f5',169136,3193,1654031398,1654031398);
INSERT INTO player_score VALUES('4284268f3',11,'9e60965c','1bb54bcd1',55040,1786,1653148731,1653148731);
INSERT INTO player_score VALUES('610095210',11,'9e60965c','2fbac2f3e',6370,3008,1653967085,1653967085);
INSERT INTO player_score VALUES('61c9b6600',11,'9e60965c','2fe64bf4e',254600,3163,1653988175,1653988175);
INSERT INTO player_score VALUES('48d9aedb0',11,'9e60965c','41aedc7f9',263262,2093,1653318761,1653318761);
INSERT INTO player_score VALUES('62a7d52c2',11,'9e60965c','446076968',3276,3098,1654011466,1654011466);
INSERT INTO player_score VALUES('466405027',11,'9e60965c','44890854c',1988,2089,1653252736,1653252736);
INSERT INTO player_score VALUES('5ba8450b8',11,'9e60965c','48fa4ee69',312825,2774,1653823607,1653823607);
INSERT INTO player_score VALUES('52b86f01f',11,'9e60965c','498b7edee',14208,2599,1653583710,1653583710);
INSERT INTO player_score VALUES('636e4fb9b',11,'9e60965c','5bf7fa4f5',21700,3209,1654032278,1654032278);
INSERT INTO player_score VALUES('471553a3f',11,'ad002dc1','1bb54bcd1',36540,1983,1653271328,1653271328);
INSERT INTO player_score VALUES('5cd789c43',11,'ad002dc1','2fbac2f3e',196710,2755,1653855407,1653855407);
INSERT INTO player_score VALUES('63986cf86',11,'ad002dc1','2fe64bf4e',558558,3274,1654036694,1654036694);
INSERT INTO player_score VALUES('48a488e4e',11,'ad002dc1','41aedc7f9',102336,2041,1653313188,1653313188);
INSERT INTO player_score VALUES('62f40a76c',11,'ad002dc1','446076968',4410,3128,1654019457,1654019457);
INSERT INTO player_score VALUES('466b8db79',11,'ad002dc1','44890854c',3960,2121,1653253526,1653253526);
INSERT INTO player_score VALUES('59eb10dcd',11,'ad002dc1','48fa4ee69',30912,2492,1653776924,1653776924);
INSERT INTO player_score VALUES('52c49caf4',11,'ad002dc1','498b7edee',9360,2614,1653584987,1653584987);
INSERT INTO player_score VALUES('584a6a45d',11,'ad002dc1','4d58c707e',154230,2483,1653733235,1653733235);
INSERT INTO player_score VALUES('63594adc3',11,'ad002dc1','5bf7fa4f5',39780,3169,1654030074,1654030074);
INSERT INTO player_score VALUES('461234335',11,'cc47fdc0','1bb54bcd1',62062,1940,1653244157,1653244157);
INSERT INTO player_score VALUES('60702aeb7',11,'cc47fdc0','2fbac2f3e',588,2959,1653951942,1653951942);
INSERT INTO player_score VALUES('5e7c40647',11,'cc47fdc0','2fe64bf4e',98700,2964,1653899522,1653899522);
INSERT INTO player_score VALUES('627c18e21',11,'cc47fdc0','446076968',336105,3089,1654006880,1654006880);
INSERT INTO player_score VALUES('467bfc45e',11,'cc47fdc0','44890854c',267900,2200,1653255249,1653255249);
INSERT INTO player_score VALUES('59c3a41a9',11,'cc47fdc0','48fa4ee69',18720,2454,1653772790,1653772790);
INSERT INTO player_score VALUES('57f3adb06',11,'cc47fdc0','4d58c707e',277290,2410,1653724140,1653724140);
INSERT INTO player_score VALUES('63bb6f605',11,'cc47fdc0','5bf7fa4f5',87780,3350,1654040365,1654040365);
INSERT INTO player_score VALUES('480b2a36b',11,'cc7c2d1b','1bb54bcd1',451632,2020,1653297106,1653297106);
INSERT INTO player_score VALUES('5b7f6529d',11,'cc7c2d1b','2fbac2f3e',24300,2666,1653819321,1653819321);
INSERT INTO player_score VALUES('639f289b6',11,'cc7c2d1b','2fe64bf4e',34408,3276,1654037400,1654037400);
INSERT INTO player_score VALUES('49818c7ba',11,'cc7c2d1b','41aedc7f9',23199,2285,1653336363,1653336363);
INSERT INTO player_score VALUES('62fbf9b59',11,'cc7c2d1b','446076968',2072,3129,1654020289,1654020289);
INSERT INTO player_score VALUES('4678664dc',11,'cc7c2d1b','44890854c',628140,2179,1653254873,1653254873);
INSERT INTO player_score VALUES('5b7031938',11,'cc7c2d1b','48fa4ee69',121500,2756,1653817727,1653817727);
INSERT INTO player_score VALUES('5242cc41e',11,'cc7c2d1b','498b7edee',175617,2480,1653571375,1653571375);
INSERT INTO player_score VALUES('5841ab836',11,'cc7c2d1b','4d58c707e',431730,2475,1653732318,1653732318);
INSERT INTO player_score VALUES('6375a79d6',11,'cc7c2d1b','5bf7fa4f5',0,3223,1654033048,1654033048);
INSERT INTO player_score VALUES('4333488c7',11,'ce1fa3f3','1bb54bcd1',391902,1814,1653167095,1653167095);
INSERT INTO player_score VALUES('61d29271f',11,'ce1fa3f3','2fbac2f3e',54925,3051,1653989104,1653989104);
INSERT INTO player_score VALUES('5ef021e9c',11,'ce1fa3f3','2fe64bf4e',129438,2995,1653911673,1653911673);
INSERT INTO player_score VALUES('635125e67',11,'ce1fa3f3','446076968',210600,3174,1654029220,1654029220);
INSERT INTO player_score VALUES('466eb5d67',11,'ce1fa3f3','44890854c',39732,2133,1653253857,1653253857);
INSERT INTO player_score VALUES('5b19553de',11,'ce1fa3f3','48fa4ee69',22701,2696,1653808619,1653808619);
INSERT INTO player_score VALUES('5885135d5',11,'ce1fa3f3','4d58c707e',32670,2542,1653739386,1653739386);
INSERT INTO player_score VALUES('638b59ce7',11,'ce1fa3f3','5bf7fa4f5',37120,3259,1654035323,1654035323);
INSERT INTO player_score VALUES('4250454c5',11,'d18e16c4','1bb54bcd1',277200,1775,1653143291,1653143291);
INSERT INTO player_score VALUES('6325fc199',11,'d18e16c4','2fbac2f3e',288271,3124,1654024694,1654024694);
INSERT INTO player_score VALUES('498862f89',11,'d18e16c4','41aedc7f9',49470,2288,1653337080,1653337080);
INSERT INTO player_score VALUES('639f9406d',11,'d18e16c4','446076968',189504,3209,1654037444,1654037444);
INSERT INTO player_score VALUES('465b722f1',11,'d18e16c4','44890854c',15936,2047,1653251837,1653251837);
INSERT INTO player_score VALUES('5b2ed1bbc',11,'d18e16c4','48fa4ee69',196416,2716,1653810872,1653810872);
INSERT INTO player_score VALUES('52c436271',11,'d18e16c4','498b7edee',41040,2612,1653584945,1653584945);
INSERT INTO player_score VALUES('5824ef8ee',11,'d18e16c4','4d58c707e',74205,2450,1653729305,1653729305);
INSERT INTO player_score VALUES('63387c6b2',11,'d18e16c4','5bf7fa4f5',191100,3114,1654026634,1654026634);
INSERT INTO player_score VALUES('40d493289',11,'de358788','1bb54bcd1',94860,1716,1653103477,1653103477);
INSERT INTO player_score VALUES('62b0631b4',11,'de358788','2fbac2f3e',346752,3103,1654012363,1654012363);
INSERT INTO player_score VALUES('6035b5180',11,'de358788','2fe64bf4e',814,3073,1653945812,1653945812);
INSERT INTO player_score VALUES('637781400',11,'de358788','446076968',52374,3194,1654033242,1654033242);
INSERT INTO player_score VALUES('463f94639',11,'de358788','44890854c',40698,1925,1653248915,1653248915);
INSERT INTO player_score VALUES('5b38f4f3d',11,'de358788','48fa4ee69',310200,2723,1653811935,1653811935);
INSERT INTO player_score VALUES('526e57bae',11,'de358788','498b7edee',237728,2527,1653575941,1653575941);
INSERT INTO player_score VALUES('58929bb9f',11,'de358788','4d58c707e',1260,2554,1653740805,1653740805);
INSERT INTO player_score VALUES('63ba36e0e',11,'de358788','5bf7fa4f5',60300,3346,1654040237,1654040237);
INSERT INTO player_score VALUES('608fad500',11,'df0ef778','2fbac2f3e',296400,2969,1653955246,1653955246);
INSERT INTO player_score VALUES('4970a8c46',11,'df0ef778','41aedc7f9',36936,2262,1653334592,1653334592);
INSERT INTO player_score VALUES('464f866eb',11,'df0ef778','44890854c',13800,1999,1653250587,1653250587);
INSERT INTO player_score VALUES('5ab18ddd8',11,'df0ef778','48fa4ee69',96720,2632,1653797737,1653797737);
INSERT INTO player_score VALUES('5253b4de2',11,'df0ef778','498b7edee',3120,2502,1653573148,1653573148);
INSERT INTO player_score VALUES('5856a698a',11,'df0ef778','4d58c707e',15903,2492,1653734518,1653734518);
INSERT INTO player_score VALUES('63b7dbdc0',11,'df0ef778','5bf7fa4f5',23450,3343,1654039990,1654039990);
INSERT INTO player_score VALUES('46ca21250',11,'e303d84a','1bb54bcd1',60078,1975,1653263443,1653263443);
INSERT INTO player_score VALUES('63a58c5c2',11,'e303d84a','2fbac2f3e',23296,3154,1654038070,1654038070);
INSERT INTO player_score VALUES('63c221423',11,'e303d84a','2fe64bf4e',151263,3285,1654041067,1654041067);
INSERT INTO player_score VALUES('49200438f',11,'e303d84a','41aedc7f9',381128,2168,1653326136,1653326136);
INSERT INTO player_score VALUES('5f6902be1',11,'e303d84a','446076968',256060,2775,1653924348,1653924348);
INSERT INTO player_score VALUES('467c6f011',11,'e303d84a','44890854c',278784,2202,1653255296,1653255296);
INSERT INTO player_score VALUES('5b172b0ca',11,'e303d84a','48fa4ee69',760760,2695,1653808392,1653808392);
INSERT INTO player_score VALUES('5280b36a4',11,'e303d84a','498b7edee',132,2543,1653577866,1653577866);
INSERT INTO player_score VALUES('58a54800d',11,'e303d84a','4d58c707e',561735,2570,1653742763,1653742763);
INSERT INTO player_score VALUES('63a68cb4c',11,'e303d84a','5bf7fa4f5',21330,3310,1654038175,1654038175);
INSERT INTO player_score VALUES('46a3dbc9a',11,'efc931a3','1bb54bcd1',78400,1967,1653259430,1653259430);
INSERT INTO player_score VALUES('626df446f',11,'efc931a3','2fbac2f3e',564655,3088,1654005397,1654005397);
INSERT INTO player_score VALUES('5b7069b88',11,'efc931a3','2fe64bf4e',1045,2759,1653817750,1653817750);
INSERT INTO player_score VALUES('48c6d4362',11,'efc931a3','41aedc7f9',132000,2071,1653316784,1653316784);
INSERT INTO player_score VALUES('638406cf1',11,'efc931a3','446076968',8294,3198,1654034555,1654034555);
INSERT INTO player_score VALUES('467a4c23f',11,'efc931a3','44890854c',19360,2187,1653255072,1653255072);
INSERT INTO player_score VALUES('5b7d2ec55',11,'efc931a3','48fa4ee69',44574,2760,1653819089,1653819089);
INSERT INTO player_score VALUES('52cfa0843',11,'efc931a3','498b7edee',70218,2625,1653586142,1653586142);
INSERT INTO player_score VALUES('5864a9049',11,'efc931a3','4d58c707e',103500,2505,1653735987,1653735987);
INSERT INTO player_score VALUES('633f09aad',11,'efc931a3','5bf7fa4f5',12636,3123,1654027321,1654027321);
INSERT INTO player_score VALUES('44e1b4854',11,'f1ee82ae','1bb54bcd1',45322,1881,1653212228,1653212228);
INSERT INTO player_score VALUES('5b946c789',11,'f1ee82ae','2fbac2f3e',109824,2675,1653821526,1653821526);
INSERT INTO player_score VALUES('5b9a625a3',11,'f1ee82ae','2fe64bf4e',5125,2767,1653822151,1653822151);
INSERT INTO player_score VALUES('48b3fbfb5',11,'f1ee82ae','41aedc7f9',132660,2053,1653314808,1653314808);
INSERT INTO player_score VALUES('463d36f0d',11,'f1ee82ae','44890854c',335240,1913,1653248667,1653248667);
INSERT INTO player_score VALUES('5b05532ec',11,'f1ee82ae','48fa4ee69',32103,2681,1653806521,1653806521);
INSERT INTO player_score VALUES('52b3e7541',11,'f1ee82ae','498b7edee',148716,2595,1653583235,1653583235);
INSERT INTO player_score VALUES('582f15366',11,'f1ee82ae','4d58c707e',268804,2457,1653730369,1653730369);
INSERT INTO player_score VALUES('63bc526c2',11,'f1ee82ae','5bf7fa4f5',292032,3353,1654040458,1654040458);
COMMIT;
