
BEGIN;
CREATE TABLE IF NOT EXISTS competition (
  id VARCHAR(255) NOT NULL PRIMARY KEY,
  tenant_id BIGINT NOT NULL,
  title TEXT NOT NULL,
  finished_at BIGINT NULL,
  created_at BIGINT NOT NULL,
  updated_at BIGINT NOT NULL
);
INSERT INTO competition VALUES('ca59c23b',13,'リキュール激アツ杯',1653110110,1651702688,1653110110);
INSERT INTO competition VALUES('ecd71ada',13,'ラーメンゲート大会',NULL,1651760552,1652057089);
INSERT INTO competition VALUES('18dd69e9d',13,'イスレンジャー',NULL,1652030662,1652528265);
INSERT INTO competition VALUES('19f77b605',13,'多重レタス部',1652600642,1652060239,1652600642);
INSERT INTO competition VALUES('1e0a1fe5c',13,'第4回 子供用みかん絵本',NULL,1652169568,1653397781);
INSERT INTO competition VALUES('2619aa7b2',13,'新卒サービス中毒 #0',1653183691,1652385946,1653183691);
INSERT INTO competition VALUES('262491035',13,'ウィスキー効果大会',1654024023,1652387089,1654024023);
INSERT INTO competition VALUES('2aa57defe',13,'もやしだもの杯',NULL,1652507982,1653346926);
INSERT INTO competition VALUES('30e52cfbb',13,'第1回 炎のうどんIS',1654037307,1652675721,1654037307);
INSERT INTO competition VALUES('3bcab6174',13,'第8回 俺のドイツビール人',NULL,1652968225,1653310957);
INSERT INTO competition VALUES('3ffefafb6',13,'第9回 バナナ文庫',1653226326,1653081080,1653226326);
INSERT INTO competition VALUES('4362280c6',13,'がんばれレンコン爆弾 #7',1653195035,1653172010,1653195035);
INSERT INTO competition VALUES('44e44a286',13,'ほうれん草BETTER',1653470227,1653212499,1653470227);
INSERT INTO competition VALUES('45d66fe6b',13,'チューリップ.js大会',1653755598,1653237890,1653755598);
INSERT INTO competition VALUES('47b8c9579',13,'第5回 データベース堂',1653773679,1653288468,1653773679);
INSERT INTO competition VALUES('4d8a2d82e',13,'全二重つくば事務所',1653805904,1653444642,1653805904);
INSERT INTO competition VALUES('4f1b462fa',13,'のびるダッシュの会',1653687673,1653486700,1653687673);
INSERT INTO competition VALUES('5d5d3e442',13,'私とオンコール無双カップ',1653944741,1653869427,1653944741);
INSERT INTO competition VALUES('606011d35',13,'餃子党カップ',1653981323,1653950254,1653981323);
INSERT INTO competition VALUES('637113bde',13,'細麺計画カップ',NULL,1654032568,1654039474);
CREATE TABLE IF NOT EXISTS player (
  id VARCHAR(255) NOT NULL PRIMARY KEY,
  tenant_id BIGINT NOT NULL,
  display_name TEXT NOT NULL,
  is_disqualified BOOLEAN NOT NULL,
  created_at BIGINT NOT NULL,
  updated_at BIGINT NOT NULL
);
INSERT INTO player VALUES('63444aeb',13,'Chester Stehr',0,1651529742,1652224078);
INSERT INTO player VALUES('6e3fb9c1',13,'Ms. Ramona Kuhlman DDS',0,1651548167,1652471720);
INSERT INTO player VALUES('70504a03',13,'Mr. Rashawn Friesen',0,1651551631,1652262293);
INSERT INTO player VALUES('a71bffd0',13,'Mr. Braeden Kuhn Sr.',0,1651643563,1653508998);
INSERT INTO player VALUES('ae682228',13,'Garrick Jones',0,1651655806,1651950119);
INSERT INTO player VALUES('bca32b66',13,'Mr. Wilhelm Klocko PhD',0,1651679681,1653727918);
INSERT INTO player VALUES('df417953',13,'Joey Bartoletti',0,1651737761,1652048931);
INSERT INTO player VALUES('f39aabc2',13,'Jairo Greenfelder V',0,1651771900,1652399815);
INSERT INTO player VALUES('f6119f30',13,'Bertha Armstrong',0,1651776035,1652528399);
INSERT INTO player VALUES('11ec05b36',13,'Jarod Sanford',0,1651844289,1652534968);
INSERT INTO player VALUES('1352a93b5',13,'Ms. Destinee Ferry Jr.',0,1651881895,1653707075);
INSERT INTO player VALUES('1425e8d31',13,'Ms. Melissa Sporer MD',0,1651904046,1654030487);
INSERT INTO player VALUES('1a47be40b',13,'Mr. Colin Franecki I',0,1652068655,1653321869);
INSERT INTO player VALUES('1b2cac34c',13,'Dean Kilback',0,1652092660,1653823144);
INSERT INTO player VALUES('1c55ec695',13,'Hope Kassulke',0,1652123829,1652155934);
INSERT INTO player VALUES('1e838e524',13,'Lisa Hoppe',0,1652182301,1652352946);
INSERT INTO player VALUES('210211c6b',13,'Anjali Nienow',0,1652249254,1652793932);
INSERT INTO player VALUES('22a7adea9',13,'Isidro O"Hara',0,1652293463,1653094610);
INSERT INTO player VALUES('240a59d0d',13,'Ms. Leanne Hamill DDS',0,1652330653,1653244374);
INSERT INTO player VALUES('25fb7ddeb',13,'Hellen Hartmann',0,1652382782,1653419575);
INSERT INTO player VALUES('27beceff7',13,'Ms. Sadie Gulgowski',0,1652430106,1653477564);
INSERT INTO player VALUES('28e8e606e',13,'Mr. Carter Schowalter IV',0,1652461363,1653858654);
INSERT INTO player VALUES('292773376',13,'Turner Lubowitz V',0,1652467922,1653657478);
INSERT INTO player VALUES('2be620772',13,'Isabel Herzog',1,1652541603,1653375328);
INSERT INTO player VALUES('2c037b1e2',13,'Mr. Cornelius Kuhn Sr.',0,1652544681,1652637547);
INSERT INTO player VALUES('2ee5459ff',13,'Nya Jenkins',0,1652622044,1653038216);
INSERT INTO player VALUES('32a7ff238',13,'Mr. Eugene Pfeffer DVM',0,1652722993,1653899801);
INSERT INTO player VALUES('339b8e365',13,'Oda Mayer',0,1652748532,1652923169);
INSERT INTO player VALUES('34c081559',13,'Barry Rodriguez',0,1652779250,1653364875);
INSERT INTO player VALUES('352527f09',13,'Taurean Goyette',1,1652789804,1653158533);
INSERT INTO player VALUES('356ef5fb1',13,'Enola Tillman III',0,1652797543,1653193431);
INSERT INTO player VALUES('37ffae160',13,'Mr. Eusebio Dickens',0,1652866405,1653802054);
INSERT INTO player VALUES('3a1cdc94a',13,'Ivory Towne',0,1652923152,1653954436);
INSERT INTO player VALUES('3c0967e0c',13,'Mr. Oda Aufderhar',0,1652974799,1653390801);
INSERT INTO player VALUES('3cf114f78',13,'Beryl Fay',0,1652999092,1653352568);
INSERT INTO player VALUES('3f60e639f',13,'Ms. Mable Cassin Jr.',1,1653064504,1653792439);
INSERT INTO player VALUES('403211994',13,'Ms. Olga Krajcik III',0,1653086437,1653437958);
INSERT INTO player VALUES('41892c106',13,'Luciano Larkin',0,1653122414,1653791176);
INSERT INTO player VALUES('426eb8ba0',13,'Delilah Stamm DDS',0,1653146484,1653412209);
INSERT INTO player VALUES('481122854',13,'Kamren Von V',0,1653297732,1653348274);
INSERT INTO player VALUES('48b23ac43',13,'Ms. Kailyn McKenzie DDS',0,1653314624,1653766819);
INSERT INTO player VALUES('49dd2634e',13,'Mr. Lawson Osinski PhD',0,1653345968,1653561631);
INSERT INTO player VALUES('4a3ef5429',13,'Nona Gibson',0,1653356224,1653695751);
INSERT INTO player VALUES('4ad42df00',13,'Mr. Cicero Gorczany I',0,1653371871,1653634900);
INSERT INTO player VALUES('4b86efa7f',13,'Jevon Marquardt I',0,1653390615,1653912199);
INSERT INTO player VALUES('4bca9be3f',13,'Mr. Brant Turner',0,1653397711,1653416968);
INSERT INTO player VALUES('4cf3053e2',13,'Vicenta Bednar',1,1653428792,1653517443);
INSERT INTO player VALUES('4d45d1884',13,'Trisha Zulauf',0,1653437474,1653702755);
INSERT INTO player VALUES('4da86b36e',13,'Ms. Millie West',1,1653447813,1653494367);
INSERT INTO player VALUES('4ef475a7e',13,'Loyce Roob PhD',0,1653482630,1653992768);
INSERT INTO player VALUES('5074c302e',13,'Joey Wisozk',0,1653522927,1653767392);
INSERT INTO player VALUES('50be08555',13,'Abbey Okuneva',0,1653530610,1653902627);
INSERT INTO player VALUES('53752f532',13,'Max Nader',0,1653603502,1654029709);
INSERT INTO player VALUES('5652e0084',13,'Gaston Konopelski',0,1653680435,1653979479);
INSERT INTO player VALUES('58faff5c7',13,'Ms. Mariam Schiller',0,1653751751,1654018133);
INSERT INTO player VALUES('59c875041',13,'Arne Kshlerin',0,1653773295,1653793248);
INSERT INTO player VALUES('5a8fa91ca',13,'Kory Langworth',0,1653794183,1653896780);
INSERT INTO player VALUES('5b974dc5d',13,'Nadia Cummings',0,1653821828,1654037729);
INSERT INTO player VALUES('5c5c3a5e6',13,'Ephraim Ritchie',0,1653842477,1653864185);
INSERT INTO player VALUES('5e5f539cf',13,'Mr. Orrin Ryan',0,1653896489,1653975592);
INSERT INTO player VALUES('611497323',13,'Rex Ryan III',0,1653969183,1654026488);
INSERT INTO player VALUES('627d5164e',13,'Nyah Balistreri DVM',0,1654007008,1654041414);
CREATE TABLE IF NOT EXISTS player_score (
                              id VARCHAR(255) NOT NULL PRIMARY KEY,
                              tenant_id BIGINT NOT NULL,
                              player_id VARCHAR(255) NOT NULL,
                              competition_id VARCHAR(255) NOT NULL,
                              score BIGINT NOT NULL,
                              row_num BIGINT NOT NULL,
                              created_at BIGINT NOT NULL,
                              updated_at BIGINT NOT NULL
);
INSERT INTO player_score VALUES('636c899ed',13,'11ec05b36','18dd69e9d',1720,1119,1654032092,1654032092);
INSERT INTO player_score VALUES('2de03691a',13,'11ec05b36','19f77b605',162081,437,1652594670,1652594670);
INSERT INTO player_score VALUES('5e532d453',13,'11ec05b36','1e0a1fe5c',252724,1074,1653895215,1653895215);
INSERT INTO player_score VALUES('409806a92',13,'11ec05b36','2619aa7b2',5616,621,1653097128,1653097128);
INSERT INTO player_score VALUES('62120c747',13,'11ec05b36','262491035',16464,1017,1653995760,1653995760);
INSERT INTO player_score VALUES('5b9286a51',13,'11ec05b36','2aa57defe',94080,1115,1653821327,1653821327);
INSERT INTO player_score VALUES('5ec4521ba',13,'11ec05b36','3bcab6174',77000,1023,1653907079,1653907079);
INSERT INTO player_score VALUES('4554f9d0f',13,'11ec05b36','3ffefafb6',32130,684,1653224315,1653224315);
INSERT INTO player_score VALUES('4432705bc',13,'11ec05b36','4362280c6',100800,738,1653193850,1653193850);
INSERT INTO player_score VALUES('4dd9727ac',13,'11ec05b36','44e44a286',40077,898,1653452954,1653452954);
INSERT INTO player_score VALUES('58662fa3b',13,'11ec05b36','45d66fe6b',290228,1014,1653736147,1653736147);
INSERT INTO player_score VALUES('57822e805',13,'11ec05b36','47b8c9579',127092,858,1653712239,1653712239);
INSERT INTO player_score VALUES('5a6b9545c',13,'11ec05b36','4d8a2d82e',156156,1062,1653790400,1653790400);
INSERT INTO player_score VALUES('6018fe057',13,'11ec05b36','5d5d3e442',72270,1176,1653942801,1653942801);
INSERT INTO player_score VALUES('61884cc4e',13,'11ec05b36','606011d35',216200,1103,1653981316,1653981316);
INSERT INTO player_score VALUES('63c3bddb0',13,'11ec05b36','637113bde',100800,1021,1654041236,1654041236);
INSERT INTO player_score VALUES('3eee7a3f0',13,'11ec05b36','ca59c23b',28028,616,1653052506,1653052506);
INSERT INTO player_score VALUES('60bec4fd5',13,'11ec05b36','ecd71ada',158301,1077,1653960184,1653960184);
INSERT INTO player_score VALUES('5d03b8cd1',13,'1352a93b5','18dd69e9d',371850,1028,1653860040,1653860040);
INSERT INTO player_score VALUES('27d1babf8',13,'1352a93b5','19f77b605',171039,301,1652432090,1652432090);
INSERT INTO player_score VALUES('56af222f6',13,'1352a93b5','1e0a1fe5c',23584,945,1653690109,1653690109);
INSERT INTO player_score VALUES('4336dc0e3',13,'1352a93b5','2619aa7b2',57564,692,1653167470,1653167470);
INSERT INTO player_score VALUES('61bf3182b',13,'1352a93b5','262491035',0,1014,1653987072,1653987072);
INSERT INTO player_score VALUES('62b9ea14d',13,'1352a93b5','2aa57defe',236075,1272,1654013362,1654013362);
INSERT INTO player_score VALUES('635ca63ff',13,'1352a93b5','30e52cfbb',11560,1097,1654030426,1654030426);
INSERT INTO player_score VALUES('635354fec',13,'1352a93b5','3bcab6174',67536,1172,1654029449,1654029449);
INSERT INTO player_score VALUES('44390eb49',13,'1352a93b5','4362280c6',17160,759,1653194544,1653194544);
INSERT INTO player_score VALUES('4dbe5ce67',13,'1352a93b5','44e44a286',135124,886,1653450114,1653450114);
INSERT INTO player_score VALUES('57191d864',13,'1352a93b5','45d66fe6b',0,936,1653701222,1653701222);
INSERT INTO player_score VALUES('59abf8856',13,'1352a93b5','47b8c9579',145152,946,1653770308,1653770308);
INSERT INTO player_score VALUES('5a1650a75',13,'1352a93b5','4d8a2d82e',13320,1044,1653781459,1653781459);
INSERT INTO player_score VALUES('56004970e',13,'1352a93b5','4f1b462fa',2520,985,1653671775,1653671775);
INSERT INTO player_score VALUES('60026b363',13,'1352a93b5','5d5d3e442',540540,1124,1653940434,1653940434);
INSERT INTO player_score VALUES('61746f516',13,'1352a93b5','606011d35',74124,1019,1653979233,1653979233);
INSERT INTO player_score VALUES('63c5ea7c8',13,'1352a93b5','637113bde',118260,1054,1654041464,1654041464);
INSERT INTO player_score VALUES('3fccc286f',13,'1352a93b5','ca59c23b',195426,629,1653075814,1653075814);
INSERT INTO player_score VALUES('5ccd4bafe',13,'1352a93b5','ecd71ada',45815,1028,1653854333,1653854333);
INSERT INTO player_score VALUES('639a1d195',13,'1425e8d31','18dd69e9d',201240,1123,1654036871,1654036871);
INSERT INTO player_score VALUES('2dfd1996a',13,'1425e8d31','19f77b605',395395,441,1652597699,1652597699);
INSERT INTO player_score VALUES('5eaa55450',13,'1425e8d31','1e0a1fe5c',11725,1081,1653904354,1653904354);
INSERT INTO player_score VALUES('3ffd23cad',13,'1425e8d31','2619aa7b2',10720,602,1653080887,1653080887);
INSERT INTO player_score VALUES('60aa0bcb8',13,'1425e8d31','262491035',19200,996,1653958011,1653958011);
INSERT INTO player_score VALUES('60b8417f7',13,'1425e8d31','2aa57defe',122400,1222,1653959501,1653959501);
INSERT INTO player_score VALUES('635ba855a',13,'1425e8d31','30e52cfbb',228904,1096,1654030322,1654030322);
INSERT INTO player_score VALUES('5e437d22e',13,'1425e8d31','3bcab6174',5346,1006,1653893570,1653893570);
INSERT INTO player_score VALUES('44c3d398f',13,'1425e8d31','3ffefafb6',166848,611,1653209095,1653209095);
INSERT INTO player_score VALUES('441f2cb83',13,'1425e8d31','4362280c6',5888,669,1653191830,1653191830);
INSERT INTO player_score VALUES('4c3a06d47',13,'1425e8d31','44e44a286',143500,730,1653409394,1653409394);
INSERT INTO player_score VALUES('58ee070ca',13,'1425e8d31','45d66fe6b',63798,1042,1653750391,1653750391);
INSERT INTO player_score VALUES('572354487',13,'1425e8d31','47b8c9579',553224,838,1653702293,1653702293);
INSERT INTO player_score VALUES('59ddfdb57',13,'1425e8d31','4d8a2d82e',143172,1024,1653775553,1653775553);
INSERT INTO player_score VALUES('6007aedf3',13,'1425e8d31','5d5d3e442',71610,1137,1653940986,1653940986);
INSERT INTO player_score VALUES('61876747b',13,'1425e8d31','606011d35',241488,1094,1653981222,1653981222);
INSERT INTO player_score VALUES('63c4616c9',13,'1425e8d31','637113bde',47712,1034,1654041303,1654041303);
INSERT INTO player_score VALUES('6356d288e',13,'1425e8d31','ecd71ada',6650,1104,1654029815,1654029815);
INSERT INTO player_score VALUES('2c8d46fa8',13,'1a47be40b','19f77b605',242688,410,1652559130,1652559130);
INSERT INTO player_score VALUES('62540afb6',13,'1a47be40b','1e0a1fe5c',239382,1141,1654002680,1654002680);
INSERT INTO player_score VALUES('43cf6dacb',13,'1a47be40b','2619aa7b2',90880,708,1653183468,1653183468);
INSERT INTO player_score VALUES('603f63205',13,'1a47be40b','262491035',38016,993,1653946827,1653946827);
INSERT INTO player_score VALUES('623185182',13,'1a47be40b','2aa57defe',396000,1257,1653999060,1653999060);
INSERT INTO player_score VALUES('5ab62b834',13,'1a47be40b','30e52cfbb',505758,921,1653798221,1653798221);
INSERT INTO player_score VALUES('62d00f072',13,'1a47be40b','3bcab6174',15120,1155,1654015684,1654015684);
INSERT INTO player_score VALUES('44c9b1111',13,'1a47be40b','3ffefafb6',48450,616,1653209710,1653209710);
INSERT INTO player_score VALUES('44398655e',13,'1a47be40b','4362280c6',243648,760,1653194593,1653194593);
INSERT INTO player_score VALUES('4e6d46b90',13,'1a47be40b','44e44a286',61712,954,1653468455,1653468455);
INSERT INTO player_score VALUES('588c7021f',13,'1a47be40b','45d66fe6b',14784,1020,1653740158,1653740158);
INSERT INTO player_score VALUES('5874d5a3d',13,'1a47be40b','47b8c9579',41650,896,1653737683,1653737683);
INSERT INTO player_score VALUES('5af092ab7',13,'1a47be40b','4d8a2d82e',47712,1098,1653804345,1653804345);
INSERT INTO player_score VALUES('566e59b43',13,'1a47be40b','4f1b462fa',167508,1043,1653683316,1653683316);
INSERT INTO player_score VALUES('60258fcbc',13,'1a47be40b','5d5d3e442',33320,1197,1653944119,1653944119);
INSERT INTO player_score VALUES('61817d9c0',13,'1a47be40b','606011d35',121824,1071,1653980602,1653980602);
INSERT INTO player_score VALUES('63bdb46ff',13,'1a47be40b','637113bde',4648,925,1654040603,1654040603);
INSERT INTO player_score VALUES('3ae9c9803',13,'1a47be40b','ca59c23b',418,576,1652944640,1652944640);
INSERT INTO player_score VALUES('631243429',13,'1a47be40b','ecd71ada',10816,1100,1654022626,1654022626);
INSERT INTO player_score VALUES('5d0d75792',13,'1b2cac34c','18dd69e9d',116788,1029,1653861061,1653861061);
INSERT INTO player_score VALUES('2e0431fb6',13,'1b2cac34c','19f77b605',292824,443,1652598443,1652598443);
INSERT INTO player_score VALUES('60370874e',13,'1b2cac34c','1e0a1fe5c',54,1103,1653945951,1653945951);
INSERT INTO player_score VALUES('4315b34a2',13,'1b2cac34c','2619aa7b2',43432,686,1653163993,1653163993);
INSERT INTO player_score VALUES('589d2f3d9',13,'1b2cac34c','262491035',120428,865,1653741914,1653741914);
INSERT INTO player_score VALUES('62d9f0527',13,'1b2cac34c','2aa57defe',1290,1274,1654016720,1654016720);
INSERT INTO player_score VALUES('62206454a',13,'1b2cac34c','30e52cfbb',85410,1069,1653997264,1653997264);
INSERT INTO player_score VALUES('60c1f94a2',13,'1b2cac34c','3bcab6174',20736,1081,1653960520,1653960520);
INSERT INTO player_score VALUES('44a667dd3',13,'1b2cac34c','3ffefafb6',12138,595,1653206010,1653206010);
INSERT INTO player_score VALUES('44354578c',13,'1b2cac34c','4362280c6',75600,748,1653194147,1653194147);
INSERT INTO player_score VALUES('4df4d1552',13,'1b2cac34c','44e44a286',341760,908,1653455824,1653455824);
INSERT INTO player_score VALUES('592eef3e7',13,'1b2cac34c','47b8c9579',282282,923,1653757197,1653757197);
INSERT INTO player_score VALUES('5a0cee4ba',13,'1b2cac34c','4d8a2d82e',0,1041,1653780475,1653780475);
INSERT INTO player_score VALUES('56342d23a',13,'1b2cac34c','4f1b462fa',373230,1014,1653677216,1653677216);
INSERT INTO player_score VALUES('601f57fd5',13,'1b2cac34c','5d5d3e442',111744,1188,1653943467,1653943467);
INSERT INTO player_score VALUES('63c57a2c7',13,'1b2cac34c','637113bde',418000,1047,1654041418,1654041418);
INSERT INTO player_score VALUES('3eacceba0',13,'1b2cac34c','ca59c23b',98230,611,1653045620,1653045620);
INSERT INTO player_score VALUES('5c8922f5c',13,'1c55ec695','18dd69e9d',73440,1020,1653847186,1653847186);
INSERT INTO player_score VALUES('2e151f7fd',13,'1c55ec695','19f77b605',217152,444,1652600218,1652600218);
INSERT INTO player_score VALUES('5e9334df6',13,'1c55ec695','1e0a1fe5c',93696,1079,1653901929,1653901929);
INSERT INTO player_score VALUES('3c996b8ef',13,'1c55ec695','2619aa7b2',20010,531,1652989900,1652989900);
INSERT INTO player_score VALUES('5d3b8f3bc',13,'1c55ec695','262491035',18981,952,1653865895,1653865895);
INSERT INTO player_score VALUES('608c01628',13,'1c55ec695','2aa57defe',269568,1215,1653954861,1653954861);
INSERT INTO player_score VALUES('638b59ce8',13,'1c55ec695','30e52cfbb',21840,1101,1654035323,1654035323);
INSERT INTO player_score VALUES('62df402ed',13,'1c55ec695','3bcab6174',2520,1159,1654017277,1654017277);
INSERT INTO player_score VALUES('44e6ebfa5',13,'1c55ec695','3ffefafb6',589760,630,1653212775,1653212775);
INSERT INTO player_score VALUES('44241d5f0',13,'1c55ec695','4362280c6',199206,683,1653192348,1653192348);
INSERT INTO player_score VALUES('4df87fb62',13,'1c55ec695','44e44a286',573118,909,1653456210,1653456210);
INSERT INTO player_score VALUES('57b1685b0',13,'1c55ec695','45d66fe6b',6992,968,1653717191,1653717191);
INSERT INTO player_score VALUES('576925d00',13,'1c55ec695','47b8c9579',56376,850,1653709614,1653709614);
INSERT INTO player_score VALUES('5a2e7d9fb',13,'1c55ec695','4d8a2d82e',119232,1047,1653783994,1653783994);
INSERT INTO player_score VALUES('55c6e29ec',13,'1c55ec695','4f1b462fa',0,958,1653665756,1653665756);
INSERT INTO player_score VALUES('5fffdce88',13,'1c55ec695','5d5d3e442',117390,1120,1653940166,1653940166);
INSERT INTO player_score VALUES('6185f69fc',13,'1c55ec695','606011d35',19520,1085,1653981071,1653981071);
INSERT INTO player_score VALUES('63b9e3dee',13,'1c55ec695','637113bde',660000,863,1654040203,1654040203);
INSERT INTO player_score VALUES('3c5eebfc5',13,'1c55ec695','ca59c23b',357200,591,1652983766,1652983766);
INSERT INTO player_score VALUES('636b8bb77',13,'1c55ec695','ecd71ada',68040,1106,1654031988,1654031988);
INSERT INTO player_score VALUES('6107e5b0d',13,'1e838e524','18dd69e9d',21641,1081,1653967852,1653967852);
INSERT INTO player_score VALUES('2de8431cf',13,'1e838e524','19f77b605',3444,439,1652595514,1652595514);
INSERT INTO player_score VALUES('61df9bd73',13,'1e838e524','1e0a1fe5c',274626,1132,1653990471,1653990471);
INSERT INTO player_score VALUES('43b0ff297',13,'1e838e524','2619aa7b2',99900,703,1653180277,1653180277);
INSERT INTO player_score VALUES('5c113b26f',13,'1e838e524','262491035',22960,920,1653834613,1653834613);
INSERT INTO player_score VALUES('6292c1a89',13,'1e838e524','2aa57defe',348,1271,1654009256,1654009256);
INSERT INTO player_score VALUES('635932703',13,'1e838e524','30e52cfbb',83028,1095,1654030064,1654030064);
INSERT INTO player_score VALUES('62460890f',13,'1e838e524','3bcab6174',197964,1141,1654001211,1654001211);
INSERT INTO player_score VALUES('453138fb6',13,'1e838e524','3ffefafb6',41580,666,1653220566,1653220566);
INSERT INTO player_score VALUES('443a695e1',13,'1e838e524','4362280c6',129456,762,1653194686,1653194686);
INSERT INTO player_score VALUES('4d7bc7001',13,'1e838e524','44e44a286',57330,871,1653443132,1653443132);
INSERT INTO player_score VALUES('56af68fde',13,'1e838e524','45d66fe6b',352800,911,1653690138,1653690138);
INSERT INTO player_score VALUES('55ef6826f',13,'1e838e524','47b8c9579',99000,778,1653670005,1653670005);
INSERT INTO player_score VALUES('5af189423',13,'1e838e524','4d8a2d82e',127458,1099,1653804446,1653804446);
INSERT INTO player_score VALUES('55a50c825',13,'1e838e524','4f1b462fa',90270,946,1653662208,1653662208);
INSERT INTO player_score VALUES('6006e1ca1',13,'1e838e524','5d5d3e442',176,1134,1653940902,1653940902);
INSERT INTO player_score VALUES('61871b9b2',13,'1e838e524','606011d35',536176,1091,1653981191,1653981191);
INSERT INTO player_score VALUES('3bae176c9',13,'1e838e524','ca59c23b',561150,586,1652965224,1652965224);
INSERT INTO player_score VALUES('5ff2bff78',13,'1e838e524','ecd71ada',37791,1068,1653938791,1653938791);
INSERT INTO player_score VALUES('2ca2978a4',13,'210211c6b','19f77b605',338,412,1652561365,1652561365);
INSERT INTO player_score VALUES('42c7abb5b',13,'210211c6b','2619aa7b2',20196,675,1653155811,1653155811);
INSERT INTO player_score VALUES('5d2b42de7',13,'210211c6b','262491035',58696,950,1653864186,1653864186);
INSERT INTO player_score VALUES('6382c488c',13,'210211c6b','2aa57defe',192984,1285,1654034423,1654034423);
INSERT INTO player_score VALUES('60406aca3',13,'210211c6b','30e52cfbb',66528,1031,1653946935,1653946935);
INSERT INTO player_score VALUES('639285be7',13,'210211c6b','3bcab6174',33390,1178,1654036075,1654036075);
INSERT INTO player_score VALUES('4553ab54f',13,'210211c6b','3ffefafb6',208413,679,1653224178,1653224178);
INSERT INTO player_score VALUES('4436e20cb',13,'210211c6b','4362280c6',120064,756,1653194316,1653194316);
INSERT INTO player_score VALUES('4e43d1ed1',13,'210211c6b','44e44a286',22407,943,1653464108,1653464108);
INSERT INTO player_score VALUES('58457c131',13,'210211c6b','45d66fe6b',608000,1006,1653732718,1653732718);
INSERT INTO player_score VALUES('59c3622d4',13,'210211c6b','4d8a2d82e',17600,1019,1653772763,1653772763);
INSERT INTO player_score VALUES('563ff9299',13,'210211c6b','4f1b462fa',276822,1019,1653678453,1653678453);
INSERT INTO player_score VALUES('601fb2529',13,'210211c6b','5d5d3e442',88179,1190,1653943504,1653943504);
INSERT INTO player_score VALUES('61787a7f2',13,'210211c6b','606011d35',29412,1038,1653979657,1653979657);
INSERT INTO player_score VALUES('63c210268',13,'210211c6b','637113bde',42504,998,1654041060,1654041060);
INSERT INTO player_score VALUES('4052fd55b',13,'210211c6b','ca59c23b',17028,632,1653089889,1653089889);
INSERT INTO player_score VALUES('620f682d3',13,'22a7adea9','18dd69e9d',65968,1095,1653995483,1653995483);
INSERT INTO player_score VALUES('2bdec3b1b',13,'22a7adea9','19f77b605',64614,395,1652540831,1652540831);
INSERT INTO player_score VALUES('6364204c6',13,'22a7adea9','1e0a1fe5c',60357,1160,1654031210,1654031210);
INSERT INTO player_score VALUES('405ffa869',13,'22a7adea9','2619aa7b2',137940,616,1653091251,1653091251);
INSERT INTO player_score VALUES('580802c50',13,'22a7adea9','262491035',106176,854,1653726272,1653726272);
INSERT INTO player_score VALUES('61dfc55d7',13,'22a7adea9','2aa57defe',6960,1248,1653990488,1653990488);
INSERT INTO player_score VALUES('62bb81c96',13,'22a7adea9','30e52cfbb',89700,1083,1654013529,1654013529);
INSERT INTO player_score VALUES('63375c564',13,'22a7adea9','3bcab6174',148580,1169,1654026516,1654026516);
INSERT INTO player_score VALUES('4563df48e',13,'22a7adea9','3ffefafb6',111780,693,1653225877,1653225877);
INSERT INTO player_score VALUES('4436b3ad8',13,'22a7adea9','4362280c6',376915,755,1653194297,1653194297);
INSERT INTO player_score VALUES('57d1d7948',13,'22a7adea9','45d66fe6b',498750,979,1653720592,1653720592);
INSERT INTO player_score VALUES('591fb9354',13,'22a7adea9','47b8c9579',11682,921,1653755602,1653755602);
INSERT INTO player_score VALUES('5aa5b0bd9',13,'22a7adea9','4d8a2d82e',241468,1083,1653796493,1653796493);
INSERT INTO player_score VALUES('567fb9f47',13,'22a7adea9','4f1b462fa',165000,1053,1653685138,1653685138);
INSERT INTO player_score VALUES('602b17ce9',13,'22a7adea9','5d5d3e442',56730,1203,1653944699,1653944699);
INSERT INTO player_score VALUES('410fbda18',13,'22a7adea9','ca59c23b',366660,639,1653109681,1653109681);
INSERT INTO player_score VALUES('5fd61ee31',13,'22a7adea9','ecd71ada',14630,1067,1653935789,1653935789);
INSERT INTO player_score VALUES('5668022ff',13,'240a59d0d','18dd69e9d',0,927,1653682651,1653682651);
INSERT INTO player_score VALUES('2c353bf01',13,'240a59d0d','19f77b605',194040,400,1652549898,1652549898);
INSERT INTO player_score VALUES('6201d12ec',13,'240a59d0d','1e0a1fe5c',108188,1134,1653994058,1653994058);
INSERT INTO player_score VALUES('42aabeef4',13,'240a59d0d','2619aa7b2',5600,673,1653152778,1653152778);
INSERT INTO player_score VALUES('628fbe318',13,'240a59d0d','2aa57defe',35280,1270,1654008940,1654008940);
INSERT INTO player_score VALUES('630f6bbba',13,'240a59d0d','30e52cfbb',80410,1089,1654022328,1654022328);
INSERT INTO player_score VALUES('5fc70890d',13,'240a59d0d','3bcab6174',14640,1051,1653934207,1653934207);
INSERT INTO player_score VALUES('453e55e6c',13,'240a59d0d','3ffefafb6',30744,670,1653221941,1653221941);
INSERT INTO player_score VALUES('44281c4f5',13,'240a59d0d','4362280c6',0,702,1653192767,1653192767);
INSERT INTO player_score VALUES('4e17f375f',13,'240a59d0d','44e44a286',25920,926,1653459508,1653459508);
INSERT INTO player_score VALUES('58a709388',13,'240a59d0d','45d66fe6b',36570,1026,1653742947,1653742947);
INSERT INTO player_score VALUES('589cc6444',13,'240a59d0d','47b8c9579',94068,899,1653741871,1653741871);
INSERT INTO player_score VALUES('59ae427a0',13,'240a59d0d','4d8a2d82e',61425,1011,1653770548,1653770548);
INSERT INTO player_score VALUES('561747b04',13,'240a59d0d','4f1b462fa',45384,1000,1653674186,1653674186);
INSERT INTO player_score VALUES('60090e6f8',13,'240a59d0d','5d5d3e442',2610,1143,1653941130,1653941130);
INSERT INTO player_score VALUES('617bf5993',13,'240a59d0d','606011d35',1980,1048,1653980022,1653980022);
INSERT INTO player_score VALUES('63c686bab',13,'240a59d0d','637113bde',49742,1060,1654041528,1654041528);
INSERT INTO player_score VALUES('3c11e72b5',13,'240a59d0d','ca59c23b',292744,589,1652975690,1652975690);
INSERT INTO player_score VALUES('56843569e',13,'240a59d0d','ecd71ada',4050,943,1653685608,1653685608);
INSERT INTO player_score VALUES('594338220',13,'25fb7ddeb','18dd69e9d',129398,977,1653759324,1653759324);
INSERT INTO player_score VALUES('2baadd8ef',13,'25fb7ddeb','19f77b605',23760,389,1652535389,1652535389);
INSERT INTO player_score VALUES('5911c2fcc',13,'25fb7ddeb','1e0a1fe5c',4960,993,1653754138,1653754138);
INSERT INTO player_score VALUES('616fec8e1',13,'25fb7ddeb','2aa57defe',44436,1236,1653978760,1653978760);
INSERT INTO player_score VALUES('6363fbadc',13,'25fb7ddeb','30e52cfbb',145152,1098,1654031195,1654031195);
INSERT INTO player_score VALUES('60bf6d6da',13,'25fb7ddeb','3bcab6174',0,1080,1653960253,1653960253);
INSERT INTO player_score VALUES('4561b2a2b',13,'25fb7ddeb','3ffefafb6',494100,692,1653225649,1653225649);
INSERT INTO player_score VALUES('443cfc906',13,'25fb7ddeb','4362280c6',427720,765,1653194956,1653194956);
INSERT INTO player_score VALUES('4e6fd505d',13,'25fb7ddeb','44e44a286',113367,956,1653468723,1653468723);
INSERT INTO player_score VALUES('55bdaea9c',13,'25fb7ddeb','45d66fe6b',281718,856,1653664791,1653664791);
INSERT INTO player_score VALUES('58caaf2d6',13,'25fb7ddeb','47b8c9579',2844,908,1653746685,1653746685);
INSERT INTO player_score VALUES('5ae0639e6',13,'25fb7ddeb','4d8a2d82e',2772,1094,1653802648,1653802648);
INSERT INTO player_score VALUES('55ecf9997',13,'25fb7ddeb','4f1b462fa',196272,976,1653669750,1653669750);
INSERT INTO player_score VALUES('5fbcc0bd0',13,'25fb7ddeb','5d5d3e442',10220,1004,1653933129,1653933129);
INSERT INTO player_score VALUES('63c6f9796',13,'25fb7ddeb','637113bde',5488,1066,1654041575,1654041575);
INSERT INTO player_score VALUES('3ee75a822',13,'25fb7ddeb','ca59c23b',0,615,1653051759,1653051759);
INSERT INTO player_score VALUES('615e8c4d6',13,'25fb7ddeb','ecd71ada',102168,1083,1653976938,1653976938);
INSERT INTO player_score VALUES('516a74f5c',13,'27beceff7','18dd69e9d',24843,865,1653548690,1653548690);
INSERT INTO player_score VALUES('2d38c6ca3',13,'27beceff7','19f77b605',14440,425,1652577113,1652577113);
INSERT INTO player_score VALUES('628288d4e',13,'27beceff7','1e0a1fe5c',14640,1146,1654007555,1654007555);
INSERT INTO player_score VALUES('4320b71d0',13,'27beceff7','2619aa7b2',11730,687,1653165148,1653165148);
INSERT INTO player_score VALUES('5f3e3825f',13,'27beceff7','262491035',234240,973,1653919861,1653919861);
INSERT INTO player_score VALUES('6377554b3',13,'27beceff7','2aa57defe',129720,1283,1654033224,1654033224);
INSERT INTO player_score VALUES('63046f3a4',13,'27beceff7','30e52cfbb',20064,1087,1654021176,1654021176);
INSERT INTO player_score VALUES('63159ea4b',13,'27beceff7','3bcab6174',96096,1165,1654022978,1654022978);
INSERT INTO player_score VALUES('455250a87',13,'27beceff7','3ffefafb6',623220,677,1653224036,1653224036);
INSERT INTO player_score VALUES('443d67f8b',13,'27beceff7','4362280c6',103950,766,1653195000,1653195000);
INSERT INTO player_score VALUES('4e6bf840f',13,'27beceff7','44e44a286',0,950,1653468318,1653468318);
INSERT INTO player_score VALUES('5949466d3',13,'27beceff7','47b8c9579',11792,927,1653759959,1653759959);
INSERT INTO player_score VALUES('5ad14fbdd',13,'27beceff7','4d8a2d82e',798,1089,1653801067,1653801067);
INSERT INTO player_score VALUES('5613d3e46',13,'27beceff7','4f1b462fa',501600,997,1653673824,1653673824);
INSERT INTO player_score VALUES('600266534',13,'27beceff7','5d5d3e442',594363,1123,1653940432,1653940432);
INSERT INTO player_score VALUES('618415aef',13,'27beceff7','606011d35',130560,1079,1653980874,1653980874);
INSERT INTO player_score VALUES('63c607c77',13,'27beceff7','637113bde',247860,1055,1654041476,1654041476);
INSERT INTO player_score VALUES('3f8587aad',13,'27beceff7','ca59c23b',603720,623,1653068345,1653068345);
INSERT INTO player_score VALUES('5f5d5dcbf',13,'27beceff7','ecd71ada',76700,1059,1653923127,1653923127);
INSERT INTO player_score VALUES('6113045b4',13,'28e8e606e','18dd69e9d',277992,1082,1653969018,1653969018);
INSERT INTO player_score VALUES('2c7eb2152',13,'28e8e606e','19f77b605',30315,407,1652557601,1652557601);
INSERT INTO player_score VALUES('63542e454',13,'28e8e606e','1e0a1fe5c',380701,1159,1654029538,1654029538);
INSERT INTO player_score VALUES('43c0771d2',13,'28e8e606e','2619aa7b2',2480,705,1653181899,1653181899);
INSERT INTO player_score VALUES('622ba2bba',13,'28e8e606e','2aa57defe',9204,1255,1653998443,1653998443);
INSERT INTO player_score VALUES('61c6317fc',13,'28e8e606e','30e52cfbb',261360,1065,1653987806,1653987806);
INSERT INTO player_score VALUES('632f7469f',13,'28e8e606e','3bcab6174',306600,1168,1654025687,1654025687);
INSERT INTO player_score VALUES('454e03914',13,'28e8e606e','3ffefafb6',166400,674,1653223585,1653223585);
INSERT INTO player_score VALUES('4436260fa',13,'28e8e606e','4362280c6',52080,754,1653194239,1653194239);
INSERT INTO player_score VALUES('4e287cdb4',13,'28e8e606e','44e44a286',71668,933,1653461242,1653461242);
INSERT INTO player_score VALUES('58c82f8cc',13,'28e8e606e','45d66fe6b',34916,1033,1653746423,1653746423);
INSERT INTO player_score VALUES('5940657a0',13,'28e8e606e','47b8c9579',20592,926,1653759028,1653759028);
INSERT INTO player_score VALUES('5a8dde1d7',13,'28e8e606e','4d8a2d82e',234612,1073,1653793995,1653793995);
INSERT INTO player_score VALUES('55f23fb47',13,'28e8e606e','4f1b462fa',506688,980,1653670303,1653670303);
INSERT INTO player_score VALUES('5fd5bac4f',13,'28e8e606e','5d5d3e442',314640,1052,1653935748,1653935748);
INSERT INTO player_score VALUES('6183329fe',13,'28e8e606e','606011d35',3016,1076,1653980781,1653980781);
INSERT INTO player_score VALUES('63c6a8ec6',13,'28e8e606e','637113bde',14520,1064,1654041542,1654041542);
INSERT INTO player_score VALUES('5941c7776',13,'28e8e606e','ecd71ada',27104,977,1653759173,1653759173);
INSERT INTO player_score VALUES('638bfd641',13,'292773376','18dd69e9d',343476,1121,1654035390,1654035390);
INSERT INTO player_score VALUES('2de48fd88',13,'292773376','19f77b605',912,438,1652595126,1652595126);
INSERT INTO player_score VALUES('5e7877256',13,'292773376','1e0a1fe5c',16368,1076,1653899125,1653899125);
INSERT INTO player_score VALUES('437bdba2c',13,'292773376','2619aa7b2',7252,699,1653174705,1653174705);
INSERT INTO player_score VALUES('5ff287d35',13,'292773376','262491035',393660,990,1653938768,1653938768);
INSERT INTO player_score VALUES('62ced4149',13,'292773376','2aa57defe',8928,1273,1654015555,1654015555);
INSERT INTO player_score VALUES('4556ff613',13,'292773376','3ffefafb6',84630,687,1653224527,1653224527);
INSERT INTO player_score VALUES('443850458',13,'292773376','4362280c6',119520,758,1653194466,1653194466);
INSERT INTO player_score VALUES('4e5a8e3e5',13,'292773376','44e44a286',237274,948,1653466492,1653466492);
INSERT INTO player_score VALUES('5712b276a',13,'292773376','45d66fe6b',12540,932,1653700549,1653700549);
INSERT INTO player_score VALUES('59ec58049',13,'292773376','4d8a2d82e',268128,1031,1653777058,1653777058);
INSERT INTO player_score VALUES('5686a8d93',13,'292773376','4f1b462fa',82280,1056,1653685865,1653685865);
INSERT INTO player_score VALUES('6022590b8',13,'292773376','5d5d3e442',3465,1194,1653943782,1653943782);
INSERT INTO player_score VALUES('61878be63',13,'292773376','606011d35',150479,1096,1653981237,1653981237);
INSERT INTO player_score VALUES('63c201837',13,'292773376','637113bde',15504,997,1654041054,1654041054);
INSERT INTO player_score VALUES('408aacb21',13,'292773376','ca59c23b',236698,634,1653095728,1653095728);
INSERT INTO player_score VALUES('62fc7b1c0',13,'292773376','ecd71ada',10098,1098,1654020342,1654020342);
INSERT INTO player_score VALUES('631dd7247',13,'2be620772','18dd69e9d',268804,1115,1654023840,1654023840);
INSERT INTO player_score VALUES('2b4e6d04e',13,'2be620772','19f77b605',212976,381,1652525696,1652525696);
INSERT INTO player_score VALUES('5f862c8e1',13,'2be620772','1e0a1fe5c',382200,1091,1653927406,1653927406);
INSERT INTO player_score VALUES('4391533e7',13,'2be620772','2619aa7b2',48412,700,1653176956,1653176956);
INSERT INTO player_score VALUES('5d24c4459',13,'2be620772','262491035',67620,949,1653863505,1653863505);
INSERT INTO player_score VALUES('6260c6406',13,'2be620772','2aa57defe',960,1265,1654004015,1654004015);
INSERT INTO player_score VALUES('5d819b5e5',13,'2be620772','30e52cfbb',178710,973,1653873240,1653873240);
INSERT INTO player_score VALUES('617b06598',13,'2be620772','3bcab6174',95040,1115,1653979924,1653979924);
INSERT INTO player_score VALUES('44a968e60',13,'2be620772','3ffefafb6',10800,597,1653206325,1653206325);
INSERT INTO player_score VALUES('442d42b0b',13,'2be620772','4362280c6',0,721,1653193307,1653193307);
INSERT INTO player_score VALUES('4d471d8df',13,'2be620772','44e44a286',21600,848,1653437610,1653437610);
INSERT INTO player_score VALUES('58a73c799',13,'2be620772','45d66fe6b',411280,1027,1653742968,1653742968);
INSERT INTO player_score VALUES('59cb739d4',13,'2be620772','47b8c9579',6174,952,1653773609,1653773609);
INSERT INTO player_score VALUES('5ac075c9f',13,'2be620772','4d8a2d82e',36757,1085,1653799300,1653799300);
INSERT INTO player_score VALUES('5643f339f',13,'2be620772','4f1b462fa',381300,1022,1653678870,1653678870);
INSERT INTO player_score VALUES('601e3cc73',13,'2be620772','5d5d3e442',0,1183,1653943351,1653943351);
INSERT INTO player_score VALUES('617b19dd6',13,'2be620772','606011d35',612000,1044,1653979932,1653979932);
INSERT INTO player_score VALUES('63c483970',13,'2be620772','637113bde',573300,1036,1654041317,1654041317);
INSERT INTO player_score VALUES('5d3fab79f',13,'2be620772','ecd71ada',90558,1038,1653866326,1653866326);
INSERT INTO player_score VALUES('63c1d31e1',13,'2c037b1e2','1e0a1fe5c',2585,1163,1654041035,1654041035);
INSERT INTO player_score VALUES('43cf490e1',13,'2c037b1e2','2619aa7b2',7140,707,1653183453,1653183453);
INSERT INTO player_score VALUES('62d2c6d61',13,'2c037b1e2','262491035',47138,1028,1654015969,1654015969);
INSERT INTO player_score VALUES('60395262b',13,'2c037b1e2','2aa57defe',123480,1208,1653946191,1653946191);
INSERT INTO player_score VALUES('62c73a47b',13,'2c037b1e2','30e52cfbb',138516,1084,1654014758,1654014758);
INSERT INTO player_score VALUES('45243955e',13,'2c037b1e2','3ffefafb6',98900,662,1653219203,1653219203);
INSERT INTO player_score VALUES('44337ced0',13,'2c037b1e2','4362280c6',72090,742,1653193960,1653193960);
INSERT INTO player_score VALUES('4e0d4edad',13,'2c037b1e2','44e44a286',26000,919,1653458392,1653458392);
INSERT INTO player_score VALUES('5967ad9f3',13,'2c037b1e2','47b8c9579',30082,934,1653763147,1653763147);
INSERT INTO player_score VALUES('5ac7b53c7',13,'2c037b1e2','4d8a2d82e',81420,1087,1653800060,1653800060);
INSERT INTO player_score VALUES('56978541a',13,'2c037b1e2','4f1b462fa',5772,1064,1653687633,1653687633);
INSERT INTO player_score VALUES('5f8d7f912',13,'2c037b1e2','5d5d3e442',445312,918,1653928174,1653928174);
INSERT INTO player_score VALUES('617ef9161',13,'2c037b1e2','606011d35',347648,1061,1653980338,1653980338);
INSERT INTO player_score VALUES('63c51887e',13,'2c037b1e2','637113bde',83160,1044,1654041378,1654041378);
INSERT INTO player_score VALUES('401c22591',13,'2c037b1e2','ca59c23b',15484,631,1653084137,1653084137);
INSERT INTO player_score VALUES('61c1e1fe8',13,'2c037b1e2','ecd71ada',25380,1086,1653987354,1653987354);
INSERT INTO player_score VALUES('61b1fc2a8',13,'2ee5459ff','18dd69e9d',81432,1093,1653985687,1653985687);
INSERT INTO player_score VALUES('61e15d10f',13,'2ee5459ff','1e0a1fe5c',88638,1133,1653990655,1653990655);
INSERT INTO player_score VALUES('43aa45f6f',13,'2ee5459ff','2619aa7b2',84656,702,1653179572,1653179572);
INSERT INTO player_score VALUES('60f774b01',13,'2ee5459ff','262491035',251160,1001,1653966128,1653966128);
INSERT INTO player_score VALUES('5f7563ae3',13,'2ee5459ff','2aa57defe',91140,1195,1653925646,1653925646);
INSERT INTO player_score VALUES('6305c0267',13,'2ee5459ff','30e52cfbb',308495,1088,1654021314,1654021314);
INSERT INTO player_score VALUES('6208634dc',13,'2ee5459ff','3bcab6174',230,1134,1653994747,1653994747);
INSERT INTO player_score VALUES('4461e9b02',13,'2ee5459ff','3ffefafb6',264480,559,1653198828,1653198828);
INSERT INTO player_score VALUES('441cb1f5d',13,'2ee5459ff','4362280c6',367040,661,1653191570,1653191570);
INSERT INTO player_score VALUES('4dc75b22d',13,'2ee5459ff','44e44a286',103680,889,1653451057,1653451057);
INSERT INTO player_score VALUES('57c9388d4',13,'2ee5459ff','45d66fe6b',2240,974,1653719688,1653719688);
INSERT INTO player_score VALUES('590e25b21',13,'2ee5459ff','47b8c9579',126720,918,1653753759,1653753759);
INSERT INTO player_score VALUES('56945aba3',13,'2ee5459ff','4f1b462fa',1534,1062,1653687301,1653687301);
INSERT INTO player_score VALUES('6016e7584',13,'2ee5459ff','5d5d3e442',32120,1174,1653942582,1653942582);
INSERT INTO player_score VALUES('617a89d48',13,'2ee5459ff','606011d35',47530,1042,1653979873,1653979873);
INSERT INTO player_score VALUES('40a78383e',13,'2ee5459ff','ca59c23b',202825,635,1653098752,1653098752);
INSERT INTO player_score VALUES('637ce984c',13,'2ee5459ff','ecd71ada',91200,1108,1654033809,1654033809);
INSERT INTO player_score VALUES('6314a0bde',13,'32a7ff238','18dd69e9d',599169,1113,1654022874,1654022874);
INSERT INTO player_score VALUES('633b8e91a',13,'32a7ff238','1e0a1fe5c',18480,1155,1654026956,1654026956);
INSERT INTO player_score VALUES('432554c13',13,'32a7ff238','2619aa7b2',1036,689,1653165632,1653165632);
INSERT INTO player_score VALUES('5decb45aa',13,'32a7ff238','262491035',48438,957,1653884470,1653884470);
INSERT INTO player_score VALUES('603e0fc18',13,'32a7ff238','2aa57defe',26163,1210,1653946688,1653946688);
INSERT INTO player_score VALUES('616aadc35',13,'32a7ff238','30e52cfbb',99072,1056,1653978210,1653978210);
INSERT INTO player_score VALUES('6207ff32b',13,'32a7ff238','3bcab6174',58016,1133,1653994706,1653994706);
INSERT INTO player_score VALUES('44f646a48',13,'32a7ff238','3ffefafb6',205276,639,1653214385,1653214385);
INSERT INTO player_score VALUES('4426626e2',13,'32a7ff238','4362280c6',118500,692,1653192586,1653192586);
INSERT INTO player_score VALUES('4e0ce370c',13,'32a7ff238','44e44a286',19125,918,1653458348,1653458348);
INSERT INTO player_score VALUES('58ae0e172',13,'32a7ff238','45d66fe6b',93440,1030,1653743683,1653743683);
INSERT INTO player_score VALUES('58430ff0a',13,'32a7ff238','4d8a2d82e',174944,900,1653732464,1653732464);
INSERT INTO player_score VALUES('55c270eb2',13,'32a7ff238','4f1b462fa',45144,957,1653665290,1653665290);
INSERT INTO player_score VALUES('600f59be4',13,'32a7ff238','5d5d3e442',48840,1160,1653941790,1653941790);
INSERT INTO player_score VALUES('6186e8584',13,'32a7ff238','606011d35',3192,1089,1653981170,1653981170);
INSERT INTO player_score VALUES('63c455373',13,'32a7ff238','637113bde',24583,1033,1654041298,1654041298);
INSERT INTO player_score VALUES('3fa2b17fc',13,'32a7ff238','ca59c23b',491040,626,1653071403,1653071403);
INSERT INTO player_score VALUES('554c14a51',13,'32a7ff238','ecd71ada',127008,927,1653652879,1653652879);
INSERT INTO player_score VALUES('627575aba',13,'339b8e365','18dd69e9d',233200,1101,1654006184,1654006184);
INSERT INTO player_score VALUES('626bf87ae',13,'339b8e365','1e0a1fe5c',41580,1144,1654005189,1654005189);
INSERT INTO player_score VALUES('40ac96581',13,'339b8e365','2619aa7b2',107648,623,1653099284,1653099284);
INSERT INTO player_score VALUES('5cb23af7c',13,'339b8e365','262491035',178118,935,1653851495,1653851495);
INSERT INTO player_score VALUES('5617cb815',13,'339b8e365','30e52cfbb',17920,817,1653674240,1653674240);
INSERT INTO player_score VALUES('638173a0f',13,'339b8e365','3bcab6174',135720,1175,1654034285,1654034285);
INSERT INTO player_score VALUES('4554367ea',13,'339b8e365','3ffefafb6',285600,680,1653224235,1653224235);
INSERT INTO player_score VALUES('442f4ab2e',13,'339b8e365','4362280c6',55056,726,1653193520,1653193520);
INSERT INTO player_score VALUES('4e74555cf',13,'339b8e365','44e44a286',10164,958,1653469195,1653469195);
INSERT INTO player_score VALUES('591e7bd54',13,'339b8e365','45d66fe6b',39930,1050,1653755472,1653755472);
INSERT INTO player_score VALUES('59bdba6bd',13,'339b8e365','47b8c9579',204624,949,1653772170,1653772170);
INSERT INTO player_score VALUES('576abb193',13,'339b8e365','4d8a2d82e',0,828,1653709780,1653709780);
INSERT INTO player_score VALUES('563015c76',13,'339b8e365','4f1b462fa',264000,1013,1653676787,1653676787);
INSERT INTO player_score VALUES('6026d6f2e',13,'339b8e365','5d5d3e442',62608,1198,1653944253,1653944253);
INSERT INTO player_score VALUES('617568579',13,'339b8e365','606011d35',52866,1022,1653979335,1653979335);
INSERT INTO player_score VALUES('63c1801dd',13,'339b8e365','637113bde',117600,992,1654041001,1654041001);
INSERT INTO player_score VALUES('333a0110f',13,'339b8e365','ca59c23b',154521,484,1652738303,1652738303);
INSERT INTO player_score VALUES('6259fbfa1',13,'339b8e365','ecd71ada',36630,1088,1654003303,1654003303);
INSERT INTO player_score VALUES('5ef088759',13,'34c081559','18dd69e9d',75981,1056,1653911715,1653911715);
INSERT INTO player_score VALUES('62b8091ff',13,'34c081559','1e0a1fe5c',222456,1149,1654013165,1654013165);
INSERT INTO player_score VALUES('61e4370ad',13,'34c081559','2aa57defe',9016,1249,1653990954,1653990954);
INSERT INTO player_score VALUES('6058d73df',13,'34c081559','30e52cfbb',66429,1033,1653949496,1653949496);
INSERT INTO player_score VALUES('6205ba271',13,'34c081559','3bcab6174',175296,1132,1653994468,1653994468);
INSERT INTO player_score VALUES('452cf5a96',13,'34c081559','3ffefafb6',10773,664,1653220119,1653220119);
INSERT INTO player_score VALUES('44287433a',13,'34c081559','4362280c6',9000,703,1653192803,1653192803);
INSERT INTO player_score VALUES('4e09c2a6e',13,'34c081559','44e44a286',269876,915,1653458020,1653458020);
INSERT INTO player_score VALUES('58cbaf87e',13,'34c081559','45d66fe6b',201066,1034,1653746790,1653746790);
INSERT INTO player_score VALUES('599c32738',13,'34c081559','47b8c9579',312294,943,1653768654,1653768654);
INSERT INTO player_score VALUES('5a57b7d19',13,'34c081559','4d8a2d82e',12348,1056,1653788317,1653788317);
INSERT INTO player_score VALUES('5659eea7e',13,'34c081559','4f1b462fa',98124,1033,1653681175,1653681175);
INSERT INTO player_score VALUES('60189027f',13,'34c081559','5d5d3e442',30800,1175,1653942756,1653942756);
INSERT INTO player_score VALUES('61736ef86',13,'34c081559','606011d35',17765,1016,1653979128,1653979128);
INSERT INTO player_score VALUES('63c455374',13,'34c081559','637113bde',30492,1032,1654041298,1654041298);
INSERT INTO player_score VALUES('628b9d107',13,'34c081559','ecd71ada',25200,1093,1654008507,1654008507);
INSERT INTO player_score VALUES('638df44f6',13,'352527f09','18dd69e9d',6188,1122,1654035596,1654035596);
INSERT INTO player_score VALUES('611f1730d',13,'352527f09','1e0a1fe5c',660,1118,1653970284,1653970284);
INSERT INTO player_score VALUES('428f9f923',13,'352527f09','2619aa7b2',36,670,1653149934,1653149934);
INSERT INTO player_score VALUES('5cebae027',13,'352527f09','262491035',484160,942,1653857519,1653857519);
INSERT INTO player_score VALUES('6260670e0',13,'352527f09','2aa57defe',0,1264,1654003976,1654003976);
INSERT INTO player_score VALUES('6229899f6',13,'352527f09','30e52cfbb',71978,1071,1653998223,1653998223);
INSERT INTO player_score VALUES('625cf8220',13,'352527f09','3bcab6174',265200,1144,1654003616,1654003616);
INSERT INTO player_score VALUES('454df00c8',13,'352527f09','3ffefafb6',176644,673,1653223577,1653223577);
INSERT INTO player_score VALUES('442bef535',13,'352527f09','4362280c6',117096,719,1653193168,1653193168);
INSERT INTO player_score VALUES('580663b6c',13,'352527f09','45d66fe6b',613360,991,1653726102,1653726102);
INSERT INTO player_score VALUES('597d5aee7',13,'352527f09','47b8c9579',116883,940,1653765420,1653765420);
INSERT INTO player_score VALUES('5aec0fe61',13,'352527f09','4d8a2d82e',41760,1097,1653803872,1653803872);
INSERT INTO player_score VALUES('561156b0b',13,'352527f09','4f1b462fa',267840,993,1653673563,1653673563);
INSERT INTO player_score VALUES('6023f8160',13,'352527f09','5d5d3e442',68172,1195,1653943952,1653943952);
INSERT INTO player_score VALUES('618790cc4',13,'352527f09','606011d35',244118,1097,1653981239,1653981239);
INSERT INTO player_score VALUES('63c599e96',13,'352527f09','637113bde',23100,1049,1654041431,1654041431);
INSERT INTO player_score VALUES('557130230',13,'352527f09','ecd71ada',262548,931,1653656770,1653656770);
INSERT INTO player_score VALUES('5e48a8606',13,'356ef5fb1','18dd69e9d',119556,1042,1653894112,1653894112);
INSERT INTO player_score VALUES('586ed86f6',13,'356ef5fb1','1e0a1fe5c',17940,981,1653737055,1653737055);
INSERT INTO player_score VALUES('4283e2319',13,'356ef5fb1','2619aa7b2',435833,668,1653148703,1653148703);
INSERT INTO player_score VALUES('5d1237b8e',13,'356ef5fb1','262491035',124000,947,1653861560,1653861560);
INSERT INTO player_score VALUES('6395c3d20',13,'356ef5fb1','2aa57defe',35244,1288,1654036415,1654036415);
INSERT INTO player_score VALUES('6272cc827',13,'356ef5fb1','30e52cfbb',90132,1077,1654005905,1654005905);
INSERT INTO player_score VALUES('6272aa542',13,'356ef5fb1','3bcab6174',198528,1146,1654005891,1654005891);
INSERT INTO player_score VALUES('4522d0034',13,'356ef5fb1','3ffefafb6',8294,660,1653219055,1653219055);
INSERT INTO player_score VALUES('4427f2d29',13,'356ef5fb1','4362280c6',139725,701,1653192750,1653192750);
INSERT INTO player_score VALUES('4e253ec66',13,'356ef5fb1','44e44a286',9108,932,1653460902,1653460902);
INSERT INTO player_score VALUES('575842157',13,'356ef5fb1','45d66fe6b',26840,955,1653707843,1653707843);
INSERT INTO player_score VALUES('59c353861',13,'356ef5fb1','47b8c9579',85120,951,1653772757,1653772757);
INSERT INTO player_score VALUES('5a34e63dd',13,'356ef5fb1','4d8a2d82e',46020,1048,1653784666,1653784666);
INSERT INTO player_score VALUES('565e394ac',13,'356ef5fb1','4f1b462fa',139638,1035,1653681625,1653681625);
INSERT INTO player_score VALUES('6014c478b',13,'356ef5fb1','5d5d3e442',145350,1169,1653942358,1653942358);
INSERT INTO player_score VALUES('617f361f5',13,'356ef5fb1','606011d35',209250,1062,1653980363,1653980363);
INSERT INTO player_score VALUES('63c221424',13,'356ef5fb1','637113bde',20736,1000,1654041067,1654041067);
INSERT INTO player_score VALUES('40d7328a7',13,'356ef5fb1','ca59c23b',502500,637,1653103752,1653103752);
INSERT INTO player_score VALUES('5d7203aa6',13,'356ef5fb1','ecd71ada',1128,1041,1653871605,1653871605);
INSERT INTO player_score VALUES('600fa7dee',13,'37ffae160','18dd69e9d',40600,1068,1653941822,1653941822);
INSERT INTO player_score VALUES('5bbc36067',13,'37ffae160','1e0a1fe5c',29216,1031,1653825698,1653825698);
INSERT INTO player_score VALUES('42f749aa2',13,'37ffae160','2619aa7b2',61880,679,1653160804,1653160804);
INSERT INTO player_score VALUES('6292c41b1',13,'37ffae160','262491035',34680,1025,1654009257,1654009257);
INSERT INTO player_score VALUES('6131f4467',13,'37ffae160','2aa57defe',179256,1231,1653972262,1653972262);
INSERT INTO player_score VALUES('5ae0d17b4',13,'37ffae160','30e52cfbb',195300,924,1653802693,1653802693);
INSERT INTO player_score VALUES('60e82d8e3',13,'37ffae160','3bcab6174',91630,1088,1653964526,1653964526);
INSERT INTO player_score VALUES('44c4e7791',13,'37ffae160','3ffefafb6',2916,613,1653209208,1653209208);
INSERT INTO player_score VALUES('44236d951',13,'37ffae160','4362280c6',11730,680,1653192276,1653192276);
INSERT INTO player_score VALUES('4e7812666',13,'37ffae160','44e44a286',283531,960,1653469587,1653469587);
INSERT INTO player_score VALUES('58e3870c4',13,'37ffae160','45d66fe6b',93480,1040,1653749290,1653749290);
INSERT INTO player_score VALUES('59bddf0d7',13,'37ffae160','47b8c9579',126360,950,1653772185,1653772185);
INSERT INTO player_score VALUES('5afc80e0c',13,'37ffae160','4d8a2d82e',77775,1101,1653805596,1653805596);
INSERT INTO player_score VALUES('5666aed24',13,'37ffae160','4f1b462fa',256500,1041,1653682512,1653682512);
INSERT INTO player_score VALUES('600dac0ec',13,'37ffae160','5d5d3e442',95030,1156,1653941614,1653941614);
INSERT INTO player_score VALUES('617ae908c',13,'37ffae160','606011d35',13034,1043,1653979912,1653979912);
INSERT INTO player_score VALUES('63c6b9ff2',13,'37ffae160','637113bde',105600,1065,1654041549,1654041549);
INSERT INTO player_score VALUES('3b3880e37',13,'37ffae160','ca59c23b',72680,580,1652952894,1652952894);
INSERT INTO player_score VALUES('6014b3607',13,'37ffae160','ecd71ada',10640,1071,1653942351,1653942351);
INSERT INTO player_score VALUES('61f4613c3',13,'3a1cdc94a','18dd69e9d',7744,1094,1653992649,1653992649);
INSERT INTO player_score VALUES('5ff0c6989',13,'3a1cdc94a','1e0a1fe5c',366168,1100,1653938584,1653938584);
INSERT INTO player_score VALUES('41aec6860',13,'3a1cdc94a','2619aa7b2',49920,648,1653126357,1653126357);
INSERT INTO player_score VALUES('613fbe90e',13,'3a1cdc94a','262491035',87780,1005,1653973708,1653973708);
INSERT INTO player_score VALUES('639fc26df',13,'3a1cdc94a','2aa57defe',228072,1289,1654037463,1654037463);
INSERT INTO player_score VALUES('6197742a5',13,'3a1cdc94a','30e52cfbb',420112,1059,1653982905,1653982905);
INSERT INTO player_score VALUES('63512d386',13,'3a1cdc94a','3bcab6174',703638,1171,1654029223,1654029223);
INSERT INTO player_score VALUES('4559a61a3',13,'3a1cdc94a','3ffefafb6',62568,688,1653224805,1653224805);
INSERT INTO player_score VALUES('44306ac8a',13,'3a1cdc94a','4362280c6',7120,732,1653193638,1653193638);
INSERT INTO player_score VALUES('4e714f705',13,'3a1cdc94a','44e44a286',29614,957,1653468878,1653468878);
INSERT INTO player_score VALUES('58c1f7bca',13,'3a1cdc94a','45d66fe6b',161403,1032,1653745771,1653745771);
INSERT INTO player_score VALUES('5672cb68f',13,'3a1cdc94a','4f1b462fa',264355,1047,1653683782,1653683782);
INSERT INTO player_score VALUES('5ff02f3bd',13,'3a1cdc94a','5d5d3e442',82410,1091,1653938522,1653938522);
INSERT INTO player_score VALUES('61840e5cb',13,'3a1cdc94a','606011d35',149688,1078,1653980871,1653980871);
INSERT INTO player_score VALUES('63c69a415',13,'3a1cdc94a','637113bde',152082,1062,1654041536,1654041536);
INSERT INTO player_score VALUES('3e5af41ef',13,'3a1cdc94a','ca59c23b',158928,609,1653037037,1653037037);
INSERT INTO player_score VALUES('638e25264',13,'3a1cdc94a','ecd71ada',3240,1111,1654035616,1654035616);
INSERT INTO player_score VALUES('61bb6f9a4',13,'3c0967e0c','1e0a1fe5c',1674,1126,1653986678,1653986678);
INSERT INTO player_score VALUES('418272e2b',13,'3c0967e0c','2619aa7b2',23712,645,1653121709,1653121709);
INSERT INTO player_score VALUES('5eba02f3c',13,'3c0967e0c','262491035',16632,966,1653905998,1653905998);
INSERT INTO player_score VALUES('5dc304f8c',13,'3c0967e0c','2aa57defe',40352,1164,1653880099,1653880099);
INSERT INTO player_score VALUES('6393fdbb6',13,'3c0967e0c','30e52cfbb',43142,1102,1654036229,1654036229);
INSERT INTO player_score VALUES('617a23484',13,'3c0967e0c','3bcab6174',201066,1114,1653979831,1653979831);
INSERT INTO player_score VALUES('4567642a5',13,'3c0967e0c','3ffefafb6',27639,695,1653226246,1653226246);
INSERT INTO player_score VALUES('44291078f',13,'3c0967e0c','4362280c6',57120,705,1653192867,1653192867);
INSERT INTO player_score VALUES('4e6ca595c',13,'3c0967e0c','44e44a286',201348,952,1653468389,1653468389);
INSERT INTO player_score VALUES('58e4541fa',13,'3c0967e0c','45d66fe6b',42624,1041,1653749374,1653749374);
INSERT INTO player_score VALUES('597da90e5',13,'3c0967e0c','47b8c9579',2220,941,1653765452,1653765452);
INSERT INTO player_score VALUES('5625cb81d',13,'3c0967e0c','4f1b462fa',9900,1010,1653675708,1653675708);
INSERT INTO player_score VALUES('5fee336d9',13,'3c0967e0c','5d5d3e442',94905,1084,1653938314,1653938314);
INSERT INTO player_score VALUES('616ec5204',13,'3c0967e0c','606011d35',13440,1005,1653978639,1653978639);
INSERT INTO player_score VALUES('63c492408',13,'3c0967e0c','637113bde',18816,1037,1654041323,1654041323);
INSERT INTO player_score VALUES('3fa02a882',13,'3c0967e0c','ca59c23b',87120,625,1653071138,1653071138);
INSERT INTO player_score VALUES('62af14a77',13,'3cf114f78','18dd69e9d',4929,1104,1654012226,1654012226);
INSERT INTO player_score VALUES('5f003b057',13,'3cf114f78','1e0a1fe5c',3036,1087,1653913361,1653913361);
INSERT INTO player_score VALUES('429651715',13,'3cf114f78','2619aa7b2',135090,672,1653150636,1653150636);
INSERT INTO player_score VALUES('62a62c610',13,'3cf114f78','262491035',35464,1027,1654011292,1654011292);
INSERT INTO player_score VALUES('60a5757c8',13,'3cf114f78','2aa57defe',115920,1219,1653957530,1653957530);
INSERT INTO player_score VALUES('622b3751e',13,'3cf114f78','30e52cfbb',5964,1072,1653998399,1653998399);
INSERT INTO player_score VALUES('60dc99b62',13,'3cf114f78','3bcab6174',87360,1087,1653963312,1653963312);
INSERT INTO player_score VALUES('453caf883',13,'3cf114f78','3ffefafb6',238080,668,1653221768,1653221768);
INSERT INTO player_score VALUES('443c3e203',13,'3cf114f78','4362280c6',138012,764,1653194878,1653194878);
INSERT INTO player_score VALUES('4db170c93',13,'3cf114f78','44e44a286',61600,881,1653448759,1653448759);
INSERT INTO player_score VALUES('58088b7c4',13,'3cf114f78','45d66fe6b',53280,994,1653726328,1653726328);
INSERT INTO player_score VALUES('59b1f34d4',13,'3cf114f78','47b8c9579',68432,947,1653770935,1653770935);
INSERT INTO player_score VALUES('5a07db7a1',13,'3cf114f78','4d8a2d82e',117000,1040,1653779943,1653779943);
INSERT INTO player_score VALUES('567edbcac',13,'3cf114f78','4f1b462fa',35904,1052,1653685047,1653685047);
INSERT INTO player_score VALUES('6028eb2bd',13,'3cf114f78','5d5d3e442',163344,1199,1653944471,1653944471);
INSERT INTO player_score VALUES('618790cc5',13,'3cf114f78','606011d35',15840,1098,1653981239,1653981239);
INSERT INTO player_score VALUES('63c321959',13,'3cf114f78','637113bde',184800,1013,1654041172,1654041172);
INSERT INTO player_score VALUES('39ee2b742',13,'3cf114f78','ca59c23b',44550,562,1652918256,1652918256);
INSERT INTO player_score VALUES('61379c07d',13,'3f60e639f','18dd69e9d',41580,1089,1653972855,1653972855);
INSERT INTO player_score VALUES('5d4324245',13,'3f60e639f','1e0a1fe5c',127800,1058,1653866690,1653866690);
INSERT INTO player_score VALUES('42850c0d8',13,'3f60e639f','2619aa7b2',72930,669,1653148825,1653148825);
INSERT INTO player_score VALUES('5f528d3b9',13,'3f60e639f','262491035',12880,975,1653921993,1653921993);
INSERT INTO player_score VALUES('62f9b4a50',13,'3f60e639f','2aa57defe',76680,1275,1654020051,1654020051);
INSERT INTO player_score VALUES('5f003fe39',13,'3f60e639f','30e52cfbb',1638,1009,1653913363,1653913363);
INSERT INTO player_score VALUES('62cb4f323',13,'3f60e639f','3bcab6174',11025,1154,1654015186,1654015186);
INSERT INTO player_score VALUES('44f35e05f',13,'3f60e639f','3ffefafb6',92460,638,1653214080,1653214080);
INSERT INTO player_score VALUES('442b33574',13,'3f60e639f','4362280c6',7644,716,1653193091,1653193091);
INSERT INTO player_score VALUES('4e7cbeb06',13,'3f60e639f','44e44a286',73718,963,1653470077,1653470077);
INSERT INTO player_score VALUES('583113736',13,'3f60e639f','45d66fe6b',1386,1002,1653730578,1653730578);
INSERT INTO player_score VALUES('571521074',13,'3f60e639f','47b8c9579',39732,837,1653700804,1653700804);
INSERT INTO player_score VALUES('580e15eec',13,'3f60e639f','4d8a2d82e',1408,876,1653726909,1653726909);
INSERT INTO player_score VALUES('560b0dce3',13,'3f60e639f','4f1b462fa',6000,991,1653672904,1653672904);
INSERT INTO player_score VALUES('601f8db15',13,'3f60e639f','5d5d3e442',79560,1189,1653943489,1653943489);
INSERT INTO player_score VALUES('618234baa',13,'3f60e639f','606011d35',18200,1073,1653980677,1653980677);
INSERT INTO player_score VALUES('63b86be80',13,'3f60e639f','637113bde',145600,846,1654040049,1654040049);
INSERT INTO player_score VALUES('3de7966d0',13,'3f60e639f','ca59c23b',34272,604,1653024940,1653024940);
INSERT INTO player_score VALUES('5994fa4b0',13,'3f60e639f','ecd71ada',303236,982,1653767897,1653767897);
INSERT INTO player_score VALUES('62fdb87cf',13,'403211994','18dd69e9d',203931,1111,1654020472,1654020472);
INSERT INTO player_score VALUES('5805831e4',13,'403211994','1e0a1fe5c',61600,975,1653726010,1653726010);
INSERT INTO player_score VALUES('43431fb69',13,'403211994','2619aa7b2',63375,694,1653168756,1653168756);
INSERT INTO player_score VALUES('630342edf',13,'403211994','262491035',29602,1033,1654021053,1654021053);
INSERT INTO player_score VALUES('6068e6912',13,'403211994','2aa57defe',56144,1213,1653951180,1653951180);
INSERT INTO player_score VALUES('62a716c0f',13,'403211994','30e52cfbb',2304,1081,1654011388,1654011388);
INSERT INTO player_score VALUES('613109e8b',13,'403211994','3bcab6174',48642,1103,1653972166,1653972166);
INSERT INTO player_score VALUES('4439f1c2f',13,'403211994','4362280c6',106425,761,1653194637,1653194637);
INSERT INTO player_score VALUES('4e652915b',13,'403211994','44e44a286',5742,949,1653467604,1653467604);
INSERT INTO player_score VALUES('597a417a7',13,'403211994','47b8c9579',292744,939,1653765095,1653765095);
INSERT INTO player_score VALUES('5a47e0a3f',13,'403211994','4d8a2d82e',884,1052,1653786656,1653786656);
INSERT INTO player_score VALUES('569117c24',13,'403211994','4f1b462fa',4500,1061,1653686959,1653686959);
INSERT INTO player_score VALUES('601033099',13,'403211994','5d5d3e442',176222,1161,1653941879,1653941879);
INSERT INTO player_score VALUES('618820d44',13,'403211994','606011d35',297183,1102,1653981298,1653981298);
INSERT INTO player_score VALUES('63c689305',13,'403211994','637113bde',69825,1061,1654041529,1654041529);
INSERT INTO player_score VALUES('3fa5c39d1',13,'403211994','ca59c23b',6970,627,1653071725,1653071725);
INSERT INTO player_score VALUES('636082ff5',13,'403211994','ecd71ada',59752,1105,1654030831,1654030831);
INSERT INTO player_score VALUES('5a6994907',13,'41892c106','1e0a1fe5c',142428,1006,1653790190,1653790190);
INSERT INTO player_score VALUES('5e5fa69d4',13,'41892c106','262491035',0,963,1653896523,1653896523);
INSERT INTO player_score VALUES('62920f72b',13,'41892c106','30e52cfbb',22419,1079,1654009183,1654009183);
INSERT INTO player_score VALUES('63a5c6efc',13,'41892c106','3bcab6174',20532,1181,1654038094,1654038094);
INSERT INTO player_score VALUES('45549a943',13,'41892c106','3ffefafb6',240405,682,1653224276,1653224276);
INSERT INTO player_score VALUES('443b00c1a',13,'41892c106','4362280c6',12032,763,1653194748,1653194748);
INSERT INTO player_score VALUES('4e5489ba7',13,'41892c106','44e44a286',135200,946,1653465861,1653465861);
INSERT INTO player_score VALUES('57490c0be',13,'41892c106','45d66fe6b',0,951,1653706248,1653706248);
INSERT INTO player_score VALUES('56e31966b',13,'41892c106','47b8c9579',303242,825,1653695558,1653695558);
INSERT INTO player_score VALUES('5aa350d81',13,'41892c106','4d8a2d82e',571200,1081,1653796244,1653796244);
INSERT INTO player_score VALUES('561845954',13,'41892c106','4f1b462fa',3420,1001,1653674290,1653674290);
INSERT INTO player_score VALUES('600c98323',13,'41892c106','5d5d3e442',168960,1155,1653941501,1653941501);
INSERT INTO player_score VALUES('616cd5886',13,'41892c106','606011d35',23808,998,1653978436,1653978436);
INSERT INTO player_score VALUES('63c6a67c4',13,'41892c106','637113bde',840,1063,1654041541,1654041541);
INSERT INTO player_score VALUES('5d6c1c6e3',13,'41892c106','ecd71ada',4680,1040,1653870986,1653870986);
INSERT INTO player_score VALUES('62f2026ca',13,'426eb8ba0','18dd69e9d',330240,1108,1654019244,1654019244);
INSERT INTO player_score VALUES('6278bb143',13,'426eb8ba0','1e0a1fe5c',15015,1145,1654006527,1654006527);
INSERT INTO player_score VALUES('43ce4d98d',13,'426eb8ba0','2619aa7b2',256080,706,1653183350,1653183350);
INSERT INTO player_score VALUES('62191d8ac',13,'426eb8ba0','262491035',77910,1018,1653996501,1653996501);
INSERT INTO player_score VALUES('60eaa8575',13,'426eb8ba0','2aa57defe',54120,1225,1653964786,1653964786);
INSERT INTO player_score VALUES('623fe4490',13,'426eb8ba0','30e52cfbb',52762,1073,1654000567,1654000567);
INSERT INTO player_score VALUES('62eeda572',13,'426eb8ba0','3bcab6174',125904,1160,1654018913,1654018913);
INSERT INTO player_score VALUES('451c47a4b',13,'426eb8ba0','3ffefafb6',27768,656,1653218370,1653218370);
INSERT INTO player_score VALUES('443006af2',13,'426eb8ba0','4362280c6',3286,731,1653193597,1653193597);
INSERT INTO player_score VALUES('4e3c508da',13,'426eb8ba0','44e44a286',9360,940,1653463321,1653463321);
INSERT INTO player_score VALUES('58ac1e7c5',13,'426eb8ba0','45d66fe6b',26568,1028,1653743480,1653743480);
INSERT INTO player_score VALUES('58bc3521b',13,'426eb8ba0','47b8c9579',24990,905,1653745167,1653745167);
INSERT INTO player_score VALUES('5676e7a6d',13,'426eb8ba0','4f1b462fa',25900,1048,1653684213,1653684213);
INSERT INTO player_score VALUES('6012cd8d1',13,'426eb8ba0','5d5d3e442',86580,1167,1653942152,1653942152);
INSERT INTO player_score VALUES('61574cd52',13,'426eb8ba0','606011d35',31350,923,1653976178,1653976178);
INSERT INTO player_score VALUES('5dc112eba',13,'426eb8ba0','ecd71ada',0,1046,1653879895,1653879895);
INSERT INTO player_score VALUES('5cfaa9786',13,'481122854','262491035',87024,945,1653859090,1653859090);
INSERT INTO player_score VALUES('6228475ee',13,'481122854','2aa57defe',3180,1254,1653998091,1653998091);
INSERT INTO player_score VALUES('627abbc1d',13,'481122854','3bcab6174',5824,1147,1654006737,1654006737);
INSERT INTO player_score VALUES('4dda46e6f',13,'481122854','44e44a286',95040,900,1653453041,1653453041);
INSERT INTO player_score VALUES('5910cc66b',13,'481122854','45d66fe6b',1176,1047,1653754037,1653754037);
INSERT INTO player_score VALUES('5863819d8',13,'481122854','47b8c9579',102564,891,1653735866,1653735866);
INSERT INTO player_score VALUES('58501475f',13,'481122854','4d8a2d82e',0,904,1653733829,1653733829);
INSERT INTO player_score VALUES('5695589fc',13,'481122854','4f1b462fa',291264,1063,1653687405,1653687405);
INSERT INTO player_score VALUES('602066fad',13,'481122854','5d5d3e442',65604,1191,1653943578,1653943578);
INSERT INTO player_score VALUES('6185e58a4',13,'481122854','606011d35',24750,1084,1653981064,1653981064);
INSERT INTO player_score VALUES('5a39b245b',13,'481122854','ecd71ada',151632,994,1653785169,1653785169);
INSERT INTO player_score VALUES('60d67f363',13,'48b23ac43','18dd69e9d',6201,1077,1653962672,1653962672);
INSERT INTO player_score VALUES('621d9b6cf',13,'48b23ac43','1e0a1fe5c',325975,1137,1653996972,1653996972);
INSERT INTO player_score VALUES('63429d30b',13,'48b23ac43','2aa57defe',49324,1280,1654027696,1654027696);
INSERT INTO player_score VALUES('638aebf02',13,'48b23ac43','30e52cfbb',39468,1100,1654035278,1654035278);
INSERT INTO player_score VALUES('63412efd3',13,'48b23ac43','3bcab6174',264330,1170,1654027546,1654027546);
INSERT INTO player_score VALUES('58ff4edfd',13,'48b23ac43','45d66fe6b',38750,1046,1653752203,1653752203);
INSERT INTO player_score VALUES('598774651',13,'48b23ac43','47b8c9579',176472,942,1653766479,1653766479);
INSERT INTO player_score VALUES('5aebbce43',13,'48b23ac43','4d8a2d82e',595080,1096,1653803838,1653803838);
INSERT INTO player_score VALUES('56412f39d',13,'48b23ac43','4f1b462fa',211050,1020,1653678580,1653678580);
INSERT INTO player_score VALUES('5fefc6439',13,'48b23ac43','5d5d3e442',89760,1088,1653938479,1653938479);
INSERT INTO player_score VALUES('63c0e64fa',13,'48b23ac43','637113bde',32130,982,1654040938,1654040938);
INSERT INTO player_score VALUES('6215321b7',13,'48b23ac43','ecd71ada',5824,1087,1653996090,1653996090);
INSERT INTO player_score VALUES('60cd1cdb5',13,'49dd2634e','18dd69e9d',643200,1076,1653961688,1653961688);
INSERT INTO player_score VALUES('614dd965d',13,'49dd2634e','262491035',46624,1008,1653975187,1653975187);
INSERT INTO player_score VALUES('5ffe3b701',13,'49dd2634e','2aa57defe',87360,1202,1653939995,1653939995);
INSERT INTO player_score VALUES('62471c6c4',13,'49dd2634e','30e52cfbb',126825,1075,1654001324,1654001324);
INSERT INTO player_score VALUES('63199647d',13,'49dd2634e','3bcab6174',286440,1166,1654023394,1654023394);
INSERT INTO player_score VALUES('4e1c5684d',13,'49dd2634e','44e44a286',28080,930,1653459968,1653459968);
INSERT INTO player_score VALUES('58f7dc1fc',13,'49dd2634e','45d66fe6b',194400,1045,1653751422,1653751422);
INSERT INTO player_score VALUES('560766b96',13,'49dd2634e','47b8c9579',59850,785,1653672521,1653672521);
INSERT INTO player_score VALUES('5a36a5029',13,'49dd2634e','4d8a2d82e',253022,1049,1653784849,1653784849);
INSERT INTO player_score VALUES('54f998ea7',13,'49dd2634e','4f1b462fa',342144,856,1653644230,1653644230);
INSERT INTO player_score VALUES('6008e9cfd',13,'49dd2634e','5d5d3e442',138012,1141,1653941115,1653941115);
INSERT INTO player_score VALUES('63bf4264a',13,'49dd2634e','637113bde',94500,953,1654040766,1654040766);
INSERT INTO player_score VALUES('5e2380a86',13,'49dd2634e','ecd71ada',54180,1055,1653890216,1653890216);
INSERT INTO player_score VALUES('5b13c3755',13,'4a3ef5429','18dd69e9d',57904,1000,1653808035,1653808035);
INSERT INTO player_score VALUES('6349195a7',13,'4a3ef5429','1e0a1fe5c',30856,1156,1654028376,1654028376);
INSERT INTO player_score VALUES('62f57fffc',13,'4a3ef5429','262491035',32568,1031,1654019610,1654019610);
INSERT INTO player_score VALUES('631d3603d',13,'4a3ef5429','2aa57defe',25080,1278,1654023774,1654023774);
INSERT INTO player_score VALUES('608c67eac',13,'4a3ef5429','30e52cfbb',490,1037,1653954903,1653954903);
INSERT INTO player_score VALUES('623c2e932',13,'4a3ef5429','3bcab6174',72675,1138,1654000178,1654000178);
INSERT INTO player_score VALUES('572ef4591',13,'4a3ef5429','45d66fe6b',23920,941,1653703512,1653703512);
INSERT INTO player_score VALUES('57566fc95',13,'4a3ef5429','47b8c9579',29200,848,1653707652,1653707652);
INSERT INTO player_score VALUES('5a88e3b5f',13,'4a3ef5429','4d8a2d82e',1746,1071,1653793473,1653793473);
INSERT INTO player_score VALUES('5647d4e29',13,'4a3ef5429','4f1b462fa',180438,1026,1653679277,1653679277);
INSERT INTO player_score VALUES('602b04490',13,'4a3ef5429','5d5d3e442',28674,1202,1653944691,1653944691);
INSERT INTO player_score VALUES('6184c0931',13,'4a3ef5429','606011d35',194465,1080,1653980944,1653980944);
INSERT INTO player_score VALUES('5ec186c2d',13,'4a3ef5429','ecd71ada',0,1057,1653906786,1653906786);
INSERT INTO player_score VALUES('5cacbf28d',13,'4ad42df00','18dd69e9d',176640,1022,1653850920,1653850920);
INSERT INTO player_score VALUES('6266b4d0f',13,'4ad42df00','1e0a1fe5c',0,1142,1654004637,1654004637);
INSERT INTO player_score VALUES('5cb428243',13,'4ad42df00','262491035',291200,936,1653851697,1653851697);
INSERT INTO player_score VALUES('61b049963',13,'4ad42df00','2aa57defe',214200,1240,1653985509,1653985509);
INSERT INTO player_score VALUES('63479c820',13,'4ad42df00','30e52cfbb',140760,1093,1654028220,1654028220);
INSERT INTO player_score VALUES('6103e6bea',13,'4ad42df00','3bcab6174',21825,1094,1653967433,1653967433);
INSERT INTO player_score VALUES('4e14b7d2f',13,'4ad42df00','44e44a286',349044,924,1653459169,1653459169);
INSERT INTO player_score VALUES('57cd880e3',13,'4ad42df00','45d66fe6b',362544,977,1653720140,1653720140);
INSERT INTO player_score VALUES('573d4eac2',13,'4ad42df00','47b8c9579',34580,845,1653705017,1653705017);
INSERT INTO player_score VALUES('5afda5d68',13,'4ad42df00','4d8a2d82e',19908,1102,1653805716,1653805716);
INSERT INTO player_score VALUES('6187a6c33',13,'4ad42df00','606011d35',2040,1100,1653981248,1653981248);
INSERT INTO player_score VALUES('630f18b7f',13,'4ad42df00','ecd71ada',71820,1099,1654022294,1654022294);
INSERT INTO player_score VALUES('579940472',13,'4b86efa7f','18dd69e9d',244118,948,1653714658,1653714658);
INSERT INTO player_score VALUES('5f8a465f3',13,'4b86efa7f','1e0a1fe5c',85536,1092,1653927836,1653927836);
INSERT INTO player_score VALUES('62f667ebe',13,'4b86efa7f','262491035',89936,1032,1654019705,1654019705);
INSERT INTO player_score VALUES('6266818dd',13,'4b86efa7f','2aa57defe',5940,1266,1654004616,1654004616);
INSERT INTO player_score VALUES('6243e0cdd',13,'4b86efa7f','30e52cfbb',3456,1074,1654000985,1654000985);
INSERT INTO player_score VALUES('4e6f958a4',13,'4b86efa7f','44e44a286',32592,955,1653468697,1653468697);
INSERT INTO player_score VALUES('58e026cd1',13,'4b86efa7f','45d66fe6b',1392,1037,1653748936,1653748936);
INSERT INTO player_score VALUES('596a71a17',13,'4b86efa7f','47b8c9579',179280,936,1653763437,1653763437);
INSERT INTO player_score VALUES('5ab419b81',13,'4b86efa7f','4d8a2d82e',98982,1084,1653798004,1653798004);
INSERT INTO player_score VALUES('564fcb74e',13,'4b86efa7f','4f1b462fa',0,1031,1653680112,1653680112);
INSERT INTO player_score VALUES('602535772',13,'4b86efa7f','5d5d3e442',277932,1196,1653944082,1653944082);
INSERT INTO player_score VALUES('616b05a9a',13,'4b86efa7f','606011d35',282744,988,1653978246,1653978246);
INSERT INTO player_score VALUES('63c0b7ea6',13,'4b86efa7f','637113bde',35100,977,1654040919,1654040919);
INSERT INTO player_score VALUES('638afd0a3',13,'4b86efa7f','ecd71ada',58880,1110,1654035285,1654035285);
INSERT INTO player_score VALUES('6360a52d5',13,'4bca9be3f','18dd69e9d',2052,1118,1654030845,1654030845);
INSERT INTO player_score VALUES('61b2c1edd',13,'4bca9be3f','1e0a1fe5c',195228,1125,1653985768,1653985768);
INSERT INTO player_score VALUES('62e97e40c',13,'4bca9be3f','262491035',109340,1029,1654018351,1654018351);
INSERT INTO player_score VALUES('6248db375',13,'4bca9be3f','2aa57defe',168192,1261,1654001507,1654001507);
INSERT INTO player_score VALUES('6222b324b',13,'4bca9be3f','30e52cfbb',43860,1070,1653997506,1653997506);
INSERT INTO player_score VALUES('613875510',13,'4bca9be3f','3bcab6174',237062,1104,1653972944,1653972944);
INSERT INTO player_score VALUES('4e0f790f8',13,'4bca9be3f','44e44a286',94640,921,1653458619,1653458619);
INSERT INTO player_score VALUES('58ad4fa61',13,'4bca9be3f','45d66fe6b',484056,1029,1653743605,1653743605);
INSERT INTO player_score VALUES('591e30217',13,'4bca9be3f','47b8c9579',131040,920,1653755441,1653755441);
INSERT INTO player_score VALUES('5ad586da5',13,'4bca9be3f','4d8a2d82e',20240,1091,1653801509,1653801509);
INSERT INTO player_score VALUES('564577681',13,'4bca9be3f','4f1b462fa',20398,1024,1653679029,1653679029);
INSERT INTO player_score VALUES('5fdc01375',13,'4bca9be3f','5d5d3e442',437410,1059,1653936406,1653936406);
INSERT INTO player_score VALUES('6174a9eec',13,'4bca9be3f','606011d35',113520,1020,1653979257,1653979257);
INSERT INTO player_score VALUES('63c5b9a61',13,'4bca9be3f','637113bde',14100,1053,1654041444,1654041444);
INSERT INTO player_score VALUES('628b7add5',13,'4bca9be3f','ecd71ada',1120,1092,1654008493,1654008493);
INSERT INTO player_score VALUES('614c99949',13,'4cf3053e2','18dd69e9d',90816,1090,1653975056,1653975056);
INSERT INTO player_score VALUES('61cd7aba6',13,'4cf3053e2','1e0a1fe5c',2054,1128,1653988570,1653988570);
INSERT INTO player_score VALUES('61954519c',13,'4cf3053e2','2aa57defe',174158,1238,1653982676,1653982676);
INSERT INTO player_score VALUES('63941b070',13,'4cf3053e2','3bcab6174',65331,1179,1654036241,1654036241);
INSERT INTO player_score VALUES('4e53d50db',13,'4cf3053e2','44e44a286',171564,945,1653465787,1653465787);
INSERT INTO player_score VALUES('57dfc8e63',13,'4cf3053e2','45d66fe6b',196560,985,1653722054,1653722054);
INSERT INTO player_score VALUES('57cad2b0a',13,'4cf3053e2','47b8c9579',141372,864,1653719856,1653719856);
INSERT INTO player_score VALUES('5a1646e2d',13,'4cf3053e2','4d8a2d82e',313020,1043,1653781455,1653781455);
INSERT INTO player_score VALUES('565efa2cf',13,'4cf3053e2','4f1b462fa',119700,1036,1653681704,1653681704);
INSERT INTO player_score VALUES('600ef8168',13,'4cf3053e2','5d5d3e442',0,1158,1653941750,1653941750);
INSERT INTO player_score VALUES('61885b6be',13,'4cf3053e2','606011d35',8091,1104,1653981322,1653981322);
INSERT INTO player_score VALUES('63c2b62d5',13,'4cf3053e2','637113bde',68552,1009,1654041128,1654041128);
INSERT INTO player_score VALUES('605c2184e',13,'4cf3053e2','ecd71ada',119364,1074,1653949841,1653949841);
INSERT INTO player_score VALUES('62f87c26c',13,'4d45d1884','18dd69e9d',36400,1109,1654019923,1654019923);
INSERT INTO player_score VALUES('61d69d9cd',13,'4d45d1884','1e0a1fe5c',22344,1129,1653989528,1653989528);
INSERT INTO player_score VALUES('6295f86c8',13,'4d45d1884','262491035',158950,1026,1654009593,1654009593);
INSERT INTO player_score VALUES('615d2087e',13,'4d45d1884','2aa57defe',303360,1233,1653976789,1653976789);
INSERT INTO player_score VALUES('61edb9234',13,'4d45d1884','30e52cfbb',31620,1067,1653991951,1653991951);
INSERT INTO player_score VALUES('635795dcc',13,'4d45d1884','3bcab6174',57915,1173,1654029895,1654029895);
INSERT INTO player_score VALUES('4e79523ad',13,'4d45d1884','44e44a286',263552,961,1653469718,1653469718);
INSERT INTO player_score VALUES('58f1c8f21',13,'4d45d1884','45d66fe6b',147840,1044,1653750785,1653750785);
INSERT INTO player_score VALUES('58dac5d99',13,'4d45d1884','4d8a2d82e',124384,941,1653748372,1653748372);
INSERT INTO player_score VALUES('5690e47e4',13,'4d45d1884','4f1b462fa',361350,1060,1653686938,1653686938);
INSERT INTO player_score VALUES('601297d31',13,'4d45d1884','5d5d3e442',11712,1166,1653942130,1653942130);
INSERT INTO player_score VALUES('6186584af',13,'4d45d1884','606011d35',3520,1087,1653981111,1653981111);
INSERT INTO player_score VALUES('63c415bde',13,'4d45d1884','637113bde',54782,1028,1654041272,1654041272);
INSERT INTO player_score VALUES('5c2c05100',13,'4d45d1884','ecd71ada',727818,1019,1653837422,1653837422);
INSERT INTO player_score VALUES('5c2aaa60d',13,'4da86b36e','1e0a1fe5c',258336,1039,1653837280,1653837280);
INSERT INTO player_score VALUES('565b977a0',13,'4da86b36e','262491035',193536,823,1653681349,1653681349);
INSERT INTO player_score VALUES('6338332db',13,'4da86b36e','2aa57defe',662340,1279,1654026604,1654026604);
INSERT INTO player_score VALUES('628b5643c',13,'4da86b36e','3bcab6174',221760,1148,1654008478,1654008478);
INSERT INTO player_score VALUES('4ce7a2301',13,'4da86b36e','44e44a286',190464,814,1653427598,1653427598);
INSERT INTO player_score VALUES('58dbcb134',13,'4da86b36e','45d66fe6b',161980,1036,1653748479,1653748479);
INSERT INTO player_score VALUES('591b53bb2',13,'4da86b36e','4d8a2d82e',121680,965,1653755141,1653755141);
INSERT INTO player_score VALUES('5620c4de3',13,'4da86b36e','4f1b462fa',169534,1006,1653675181,1653675181);
INSERT INTO player_score VALUES('5fbc1aba2',13,'4da86b36e','5d5d3e442',73500,1003,1653933061,1653933061);
INSERT INTO player_score VALUES('615d7d4f4',13,'4da86b36e','606011d35',5244,945,1653976827,1653976827);
INSERT INTO player_score VALUES('63c2436ed',13,'4da86b36e','637113bde',360,1004,1654041081,1654041081);
INSERT INTO player_score VALUES('59fb1b541',13,'4da86b36e','ecd71ada',149940,991,1653778606,1653778606);
INSERT INTO player_score VALUES('628a0a38c',13,'4ef475a7e','1e0a1fe5c',185368,1147,1654008342,1654008342);
INSERT INTO player_score VALUES('614a1ecea',13,'4ef475a7e','262491035',17408,1007,1653974796,1653974796);
INSERT INTO player_score VALUES('5c31e2868',13,'4ef475a7e','2aa57defe',152048,1128,1653838037,1653838037);
INSERT INTO player_score VALUES('60f1247b6',13,'4ef475a7e','30e52cfbb',81840,1047,1653965466,1653965466);
INSERT INTO player_score VALUES('62f27c80e',13,'4ef475a7e','3bcab6174',127585,1161,1654019294,1654019294);
INSERT INTO player_score VALUES('5911e2ba9',13,'4ef475a7e','45d66fe6b',153816,1048,1653754151,1653754151);
INSERT INTO player_score VALUES('57c71a8f4',13,'4ef475a7e','47b8c9579',18960,863,1653719466,1653719466);
INSERT INTO player_score VALUES('5a381f70e',13,'4ef475a7e','4d8a2d82e',304590,1051,1653785004,1653785004);
INSERT INTO player_score VALUES('56709ec76',13,'4ef475a7e','4f1b462fa',102816,1045,1653683554,1653683554);
INSERT INTO player_score VALUES('5fc9946fa',13,'4ef475a7e','5d5d3e442',10602,1036,1653934474,1653934474);
INSERT INTO player_score VALUES('617b2d6a1',13,'4ef475a7e','606011d35',14763,1045,1653979940,1653979940);
INSERT INTO player_score VALUES('63badf563',13,'4ef475a7e','637113bde',14196,885,1654040306,1654040306);
INSERT INTO player_score VALUES('5fc959d63',13,'4ef475a7e','ecd71ada',0,1066,1653934450,1653934450);
INSERT INTO player_score VALUES('6133da1da',13,'5074c302e','18dd69e9d',14384,1088,1653972461,1653972461);
INSERT INTO player_score VALUES('636723c8b',13,'5074c302e','1e0a1fe5c',160056,1161,1654031526,1654031526);
INSERT INTO player_score VALUES('617a1e68e',13,'5074c302e','262491035',45144,1011,1653979829,1653979829);
INSERT INTO player_score VALUES('62310d78f',13,'5074c302e','2aa57defe',6225,1256,1653999011,1653999011);
INSERT INTO player_score VALUES('62d958f54',13,'5074c302e','3bcab6174',0,1158,1654016658,1654016658);
INSERT INTO player_score VALUES('578f48ff2',13,'5074c302e','45d66fe6b',63000,962,1653713613,1653713613);
INSERT INTO player_score VALUES('5950bb99e',13,'5074c302e','47b8c9579',15840,929,1653760741,1653760741);
INSERT INTO player_score VALUES('5af32abb2',13,'5074c302e','4d8a2d82e',124903,1100,1653804617,1653804617);
INSERT INTO player_score VALUES('5641711fe',13,'5074c302e','4f1b462fa',218855,1021,1653678607,1653678607);
INSERT INTO player_score VALUES('63c0934b9',13,'5074c302e','637113bde',36234,973,1654040904,1654040904);
INSERT INTO player_score VALUES('5db1430da',13,'5074c302e','ecd71ada',27000,1045,1653878237,1653878237);
INSERT INTO player_score VALUES('61171464c',13,'50be08555','18dd69e9d',35770,1083,1653969444,1653969444);
INSERT INTO player_score VALUES('61d8306d8',13,'50be08555','1e0a1fe5c',216600,1131,1653989693,1653989693);
INSERT INTO player_score VALUES('5f08e6419',13,'50be08555','262491035',92736,969,1653914270,1653914270);
INSERT INTO player_score VALUES('5ed7cb745',13,'50be08555','2aa57defe',109392,1183,1653909121,1653909121);
INSERT INTO player_score VALUES('638319fb2',13,'50be08555','30e52cfbb',77367,1099,1654034458,1654034458);
INSERT INTO player_score VALUES('58d569c48',13,'50be08555','45d66fe6b',48070,1035,1653747810,1653747810);
INSERT INTO player_score VALUES('57c0ad0cb',13,'50be08555','47b8c9579',26928,861,1653718792,1653718792);
INSERT INTO player_score VALUES('5a508be17',13,'50be08555','4d8a2d82e',468468,1053,1653787565,1653787565);
INSERT INTO player_score VALUES('5661cf46a',13,'50be08555','4f1b462fa',90396,1037,1653682001,1653682001);
INSERT INTO player_score VALUES('602a4847c',13,'50be08555','5d5d3e442',202635,1201,1653944614,1653944614);
INSERT INTO player_score VALUES('618016b86',13,'50be08555','606011d35',129888,1065,1653980455,1653980455);
INSERT INTO player_score VALUES('63c5a621f',13,'50be08555','637113bde',54450,1052,1654041436,1654041436);
INSERT INTO player_score VALUES('6118df657',13,'50be08555','ecd71ada',495720,1079,1653969632,1653969632);
INSERT INTO player_score VALUES('5ff162d95',13,'53752f532','18dd69e9d',411348,1067,1653938648,1653938648);
INSERT INTO player_score VALUES('633b14802',13,'53752f532','1e0a1fe5c',370832,1154,1654026906,1654026906);
INSERT INTO player_score VALUES('6281d69ea',13,'53752f532','262491035',54825,1024,1654007482,1654007482);
INSERT INTO player_score VALUES('598fe295e',13,'53752f532','2aa57defe',250040,1076,1653767363,1653767363);
INSERT INTO player_score VALUES('5fc6b5902',13,'53752f532','30e52cfbb',276,1018,1653934173,1653934173);
INSERT INTO player_score VALUES('58ef000db',13,'53752f532','45d66fe6b',98982,1043,1653750493,1653750493);
INSERT INTO player_score VALUES('592fab3ac',13,'53752f532','47b8c9579',226980,924,1653757274,1653757274);
INSERT INTO player_score VALUES('5a059dc22',13,'53752f532','4d8a2d82e',164268,1039,1653779708,1653779708);
INSERT INTO player_score VALUES('568d2773f',13,'53752f532','4f1b462fa',59220,1059,1653686546,1653686546);
INSERT INTO player_score VALUES('60148ec61',13,'53752f532','5d5d3e442',8030,1168,1653942336,1653942336);
INSERT INTO player_score VALUES('618409774',13,'53752f532','606011d35',37386,1077,1653980869,1653980869);
INSERT INTO player_score VALUES('63c221425',13,'53752f532','637113bde',140616,1001,1654041067,1654041067);
INSERT INTO player_score VALUES('6388df0cd',13,'5652e0084','18dd69e9d',30316,1120,1654035063,1654035063);
INSERT INTO player_score VALUES('620c2c8a4',13,'5652e0084','1e0a1fe5c',146328,1136,1653995144,1653995144);
INSERT INTO player_score VALUES('6388c6a1a',13,'5652e0084','2aa57defe',130095,1287,1654035053,1654035053);
INSERT INTO player_score VALUES('60f06d61a',13,'5652e0084','30e52cfbb',16720,1046,1653965391,1653965391);
INSERT INTO player_score VALUES('5895f715e',13,'5652e0084','45d66fe6b',34272,1023,1653741157,1653741157);
INSERT INTO player_score VALUES('5733d17af',13,'5652e0084','47b8c9579',101568,844,1653704022,1653704022);
INSERT INTO player_score VALUES('5a8044aed',13,'5652e0084','4d8a2d82e',3000,1066,1653792569,1653792569);
INSERT INTO player_score VALUES('553b9ec67',13,'5652e0084','4f1b462fa',285572,888,1653651153,1653651153);
INSERT INTO player_score VALUES('5ffef4fa7',13,'5652e0084','5d5d3e442',120060,1118,1653940071,1653940071);
INSERT INTO player_score VALUES('618112322',13,'5652e0084','606011d35',632,1068,1653980558,1653980558);
INSERT INTO player_score VALUES('63c644d0c',13,'5652e0084','637113bde',60352,1057,1654041501,1654041501);
INSERT INTO player_score VALUES('57e4de30a',13,'5652e0084','ecd71ada',1260,962,1653722587,1653722587);
INSERT INTO player_score VALUES('633b98505',13,'58faff5c7','18dd69e9d',551544,1116,1654026960,1654026960);
INSERT INTO player_score VALUES('6321f8441',13,'58faff5c7','1e0a1fe5c',114750,1153,1654024273,1654024273);
INSERT INTO player_score VALUES('5eddd2696',13,'58faff5c7','2aa57defe',9440,1185,1653909753,1653909753);
INSERT INTO player_score VALUES('619badb55',13,'58faff5c7','30e52cfbb',151902,1061,1653983348,1653983348);
INSERT INTO player_score VALUES('616780c94',13,'58faff5c7','3bcab6174',346484,1108,1653977877,1653977877);
INSERT INTO player_score VALUES('58e037e53',13,'58faff5c7','45d66fe6b',1518,1038,1653748943,1653748943);
INSERT INTO player_score VALUES('593448e25',13,'58faff5c7','47b8c9579',107019,925,1653757758,1653757758);
INSERT INTO player_score VALUES('600a77c24',13,'58faff5c7','5d5d3e442',63342,1147,1653941278,1653941278);
INSERT INTO player_score VALUES('6184f165d',13,'58faff5c7','606011d35',173628,1081,1653980964,1653980964);
INSERT INTO player_score VALUES('63c3107ff',13,'58faff5c7','637113bde',185250,1011,1654041165,1654041165);
INSERT INTO player_score VALUES('60cfcae2a',13,'58faff5c7','ecd71ada',20295,1078,1653961969,1653961969);
INSERT INTO player_score VALUES('610580e22',13,'59c875041','18dd69e9d',1872,1080,1653967601,1653967601);
INSERT INTO player_score VALUES('62a5de3ec',13,'59c875041','1e0a1fe5c',11890,1148,1654011260,1654011260);
INSERT INTO player_score VALUES('603321e9e',13,'59c875041','262491035',54000,992,1653945542,1653945542);
INSERT INTO player_score VALUES('5b92a65ce',13,'59c875041','2aa57defe',123840,1116,1653821340,1653821340);
INSERT INTO player_score VALUES('622f02fd1',13,'59c875041','3bcab6174',101250,1137,1653998797,1653998797);
INSERT INTO player_score VALUES('59a5506a7',13,'59c875041','47b8c9579',192855,945,1653769610,1653769610);
INSERT INTO player_score VALUES('589285c0b',13,'59c875041','4d8a2d82e',4047,922,1653740796,1653740796);
INSERT INTO player_score VALUES('601d351c2',13,'59c875041','5d5d3e442',2960,1181,1653943243,1653943243);
INSERT INTO player_score VALUES('617fa18b1',13,'59c875041','606011d35',6270,1063,1653980407,1653980407);
INSERT INTO player_score VALUES('63c326798',13,'59c875041','637113bde',404700,1014,1654041174,1654041174);
INSERT INTO player_score VALUES('5dd864280',13,'59c875041','ecd71ada',306033,1050,1653882340,1653882340);
INSERT INTO player_score VALUES('62fd3bf74',13,'5a8fa91ca','18dd69e9d',233840,1110,1654020421,1654020421);
INSERT INTO player_score VALUES('5f1df270e',13,'5a8fa91ca','1e0a1fe5c',577344,1088,1653916477,1653916477);
INSERT INTO player_score VALUES('5c7b5b22a',13,'5a8fa91ca','262491035',8910,930,1653845741,1653845741);
INSERT INTO player_score VALUES('61c35516a',13,'5a8fa91ca','2aa57defe',223600,1246,1653987506,1653987506);
INSERT INTO player_score VALUES('62f65bb5d',13,'5a8fa91ca','30e52cfbb',6400,1086,1654019700,1654019700);
INSERT INTO player_score VALUES('63b39afe3',13,'5a8fa91ca','3bcab6174',58344,1182,1654039544,1654039544);
INSERT INTO player_score VALUES('59c0bde75',13,'5a8fa91ca','4d8a2d82e',187680,1018,1653772486,1653772486);
INSERT INTO player_score VALUES('60069afad',13,'5a8fa91ca','5d5d3e442',94600,1133,1653940873,1653940873);
INSERT INTO player_score VALUES('5f7629723',13,'5a8fa91ca','ecd71ada',14280,1061,1653925727,1653925727);
INSERT INTO player_score VALUES('62a8939c3',13,'5b974dc5d','18dd69e9d',92352,1103,1654011544,1654011544);
INSERT INTO player_score VALUES('634a6f275',13,'5b974dc5d','1e0a1fe5c',220248,1158,1654028516,1654028516);
INSERT INTO player_score VALUES('63b1118f6',13,'5b974dc5d','2aa57defe',5040,1290,1654039278,1654039278);
INSERT INTO player_score VALUES('5b5645d3c',13,'5b974dc5d','30e52cfbb',47880,930,1653815009,1653815009);
INSERT INTO player_score VALUES('62d308bf6',13,'5b974dc5d','3bcab6174',48300,1157,1654015996,1654015996);
INSERT INTO player_score VALUES('5ffabddda',13,'5b974dc5d','5d5d3e442',188292,1110,1653939629,1653939629);
INSERT INTO player_score VALUES('615ae2cc2',13,'5b974dc5d','606011d35',657657,937,1653976554,1653976554);
INSERT INTO player_score VALUES('63c566a33',13,'5b974dc5d','637113bde',154652,1046,1654041410,1654041410);
INSERT INTO player_score VALUES('633dc7675',13,'5b974dc5d','ecd71ada',61920,1103,1654027189,1654027189);
INSERT INTO player_score VALUES('5fb2eba44',13,'5c5c3a5e6','18dd69e9d',162855,1064,1653932098,1653932098);
INSERT INTO player_score VALUES('5fde527bc',13,'5c5c3a5e6','1e0a1fe5c',504390,1098,1653936649,1653936649);
INSERT INTO player_score VALUES('621d57137',13,'5c5c3a5e6','262491035',15785,1019,1653996944,1653996944);
INSERT INTO player_score VALUES('63860ed30',13,'5c5c3a5e6','2aa57defe',426888,1286,1654034768,1654034768);
INSERT INTO player_score VALUES('61bdd943e',13,'5c5c3a5e6','30e52cfbb',261300,1064,1653986931,1653986931);
INSERT INTO player_score VALUES('612bdc377',13,'5c5c3a5e6','3bcab6174',2610,1099,1653971623,1653971623);
INSERT INTO player_score VALUES('6029c4762',13,'5c5c3a5e6','5d5d3e442',10366,1200,1653944560,1653944560);
INSERT INTO player_score VALUES('6170ea738',13,'5c5c3a5e6','606011d35',2176,1009,1653978864,1653978864);
INSERT INTO player_score VALUES('6386532dc',13,'5c5c3a5e6','ecd71ada',0,1109,1654034796,1654034796);
INSERT INTO player_score VALUES('5f8f4cff3',13,'5e5f539cf','18dd69e9d',8217,1061,1653928363,1653928363);
INSERT INTO player_score VALUES('50bc2eb61',13,'5e5f539cf','1e0a1fe5c',267003,839,1653530416,1653530416);
INSERT INTO player_score VALUES('62ea32ec3',13,'5e5f539cf','262491035',48384,1030,1654018425,1654018425);
INSERT INTO player_score VALUES('638251cb2',13,'5e5f539cf','2aa57defe',0,1284,1654034376,1654034376);
INSERT INTO player_score VALUES('601e700da',13,'5e5f539cf','5d5d3e442',239232,1185,1653943372,1653943372);
INSERT INTO player_score VALUES('61685ef0f',13,'5e5f539cf','606011d35',0,980,1653977968,1653977968);
INSERT INTO player_score VALUES('63c649b14',13,'5e5f539cf','637113bde',3608,1058,1654041503,1654041503);
INSERT INTO player_score VALUES('6087ea03f',13,'5e5f539cf','ecd71ada',366792,1076,1653954432,1653954432);
INSERT INTO player_score VALUES('5fc7a262f',13,'611497323','18dd69e9d',0,1066,1653934270,1653934270);
INSERT INTO player_score VALUES('5ac66e1c5',13,'611497323','1e0a1fe5c',77700,1013,1653799926,1653799926);
INSERT INTO player_score VALUES('6090fbc74',13,'611497323','262491035',69825,995,1653955383,1653955383);
INSERT INTO player_score VALUES('6287acc36',13,'611497323','2aa57defe',4240,1269,1654008094,1654008094);
INSERT INTO player_score VALUES('6088333f1',13,'611497323','3bcab6174',369600,1073,1653954462,1653954462);
INSERT INTO player_score VALUES('616e96be5',13,'611497323','606011d35',278640,1004,1653978620,1653978620);
INSERT INTO player_score VALUES('63bd8fce2',13,'611497323','637113bde',109593,922,1654040588,1654040588);
INSERT INTO player_score VALUES('5bb62f0fb',13,'611497323','ecd71ada',454425,1009,1653825066,1653825066);
INSERT INTO player_score VALUES('6350cb934',13,'627d5164e','18dd69e9d',5220,1117,1654029183,1654029183);
INSERT INTO player_score VALUES('622ae1e22',13,'627d5164e','262491035',156948,1020,1653998364,1653998364);
INSERT INTO player_score VALUES('608dd3ad8',13,'627d5164e','2aa57defe',244530,1216,1653955052,1653955052);
INSERT INTO player_score VALUES('634404136',13,'627d5164e','30e52cfbb',11440,1092,1654027843,1654027843);
INSERT INTO player_score VALUES('629ec5d58',13,'627d5164e','3bcab6174',56544,1151,1654010516,1654010516);
INSERT INTO player_score VALUES('63c09f81a',13,'627d5164e','637113bde',116508,974,1654040909,1654040909);
INSERT INTO player_score VALUES('631d6948f',13,'627d5164e','ecd71ada',289562,1101,1654023795,1654023795);
INSERT INTO player_score VALUES('63ae3c789',13,'63444aeb','18dd69e9d',81000,1124,1654038981,1654038981);
INSERT INTO player_score VALUES('2d3056250',13,'63444aeb','19f77b605',195750,422,1652576228,1652576228);
INSERT INTO player_score VALUES('54c6824e4',13,'63444aeb','1e0a1fe5c',83936,909,1653638873,1653638873);
INSERT INTO player_score VALUES('42b4f81fb',13,'63444aeb','2619aa7b2',116640,674,1653153850,1653153850);
INSERT INTO player_score VALUES('613f09e2b',13,'63444aeb','262491035',52488,1004,1653973634,1653973634);
INSERT INTO player_score VALUES('5e8dfaf87',13,'63444aeb','2aa57defe',538560,1179,1653901381,1653901381);
INSERT INTO player_score VALUES('5dabbb0d5',13,'63444aeb','30e52cfbb',4680,982,1653877657,1653877657);
INSERT INTO player_score VALUES('63bc415a2',13,'63444aeb','3bcab6174',15624,1183,1654040451,1654040451);
INSERT INTO player_score VALUES('44c15db6e',13,'63444aeb','3ffefafb6',94990,609,1653208837,1653208837);
INSERT INTO player_score VALUES('44355b6e8',13,'63444aeb','4362280c6',165126,749,1653194156,1653194156);
INSERT INTO player_score VALUES('57f62fc6a',13,'63444aeb','45d66fe6b',30240,987,1653724403,1653724403);
INSERT INTO player_score VALUES('58e1d6ed6',13,'63444aeb','4d8a2d82e',14,946,1653749113,1653749113);
INSERT INTO player_score VALUES('566da9f03',13,'63444aeb','4f1b462fa',49742,1042,1653683244,1653683244);
INSERT INTO player_score VALUES('601e94ae3',13,'63444aeb','5d5d3e442',169320,1186,1653943387,1653943387);
INSERT INTO player_score VALUES('61763cc15',13,'63444aeb','606011d35',3078,1027,1653979422,1653979422);
INSERT INTO player_score VALUES('63c0f7626',13,'63444aeb','637113bde',23490,983,1654040945,1654040945);
INSERT INTO player_score VALUES('3f7c03291',13,'63444aeb','ca59c23b',23688,622,1653067347,1653067347);
INSERT INTO player_score VALUES('616fb1f37',13,'63444aeb','ecd71ada',34320,1084,1653978736,1653978736);
INSERT INTO player_score VALUES('5addc1c68',13,'6e3fb9c1','18dd69e9d',92259,995,1653802372,1653802372);
INSERT INTO player_score VALUES('2d3de5d4b',13,'6e3fb9c1','19f77b605',39732,426,1652577650,1652577650);
INSERT INTO player_score VALUES('63b2cdeae',13,'6e3fb9c1','1e0a1fe5c',98072,1162,1654039460,1654039460);
INSERT INTO player_score VALUES('430c731f9',13,'6e3fb9c1','2619aa7b2',27404,684,1653163023,1653163023);
INSERT INTO player_score VALUES('61c41fbac',13,'6e3fb9c1','262491035',321300,1015,1653987589,1653987589);
INSERT INTO player_score VALUES('6259a6850',13,'6e3fb9c1','2aa57defe',77688,1263,1654003268,1654003268);
INSERT INTO player_score VALUES('612f2410f',13,'6e3fb9c1','30e52cfbb',26432,1052,1653971967,1653971967);
INSERT INTO player_score VALUES('6246b376a',13,'6e3fb9c1','3bcab6174',28560,1142,1654001281,1654001281);
INSERT INTO player_score VALUES('44961b7e8',13,'6e3fb9c1','3ffefafb6',0,586,1653204301,1653204301);
INSERT INTO player_score VALUES('442d00c06',13,'6e3fb9c1','4362280c6',217152,720,1653193280,1653193280);
INSERT INTO player_score VALUES('4d97e9238',13,'6e3fb9c1','44e44a286',577920,877,1653446082,1653446082);
INSERT INTO player_score VALUES('5769172d7',13,'6e3fb9c1','45d66fe6b',605070,956,1653709608,1653709608);
INSERT INTO player_score VALUES('5959227bf',13,'6e3fb9c1','47b8c9579',231702,931,1653761622,1653761622);
INSERT INTO player_score VALUES('5a67f3136',13,'6e3fb9c1','4d8a2d82e',114168,1060,1653790019,1653790019);
INSERT INTO player_score VALUES('5680c6835',13,'6e3fb9c1','4f1b462fa',27135,1055,1653685248,1653685248);
INSERT INTO player_score VALUES('618666ed9',13,'6e3fb9c1','606011d35',287040,1088,1653981117,1653981117);
INSERT INTO player_score VALUES('63c670c2a',13,'6e3fb9c1','637113bde',358492,1059,1654041519,1654041519);
INSERT INTO player_score VALUES('3c8901e87',13,'6e3fb9c1','ca59c23b',84134,593,1652988179,1652988179);
INSERT INTO player_score VALUES('6289950c1',13,'6e3fb9c1','ecd71ada',271656,1091,1654008294,1654008294);
INSERT INTO player_score VALUES('5e853c319',13,'70504a03','18dd69e9d',16800,1048,1653900464,1653900464);
INSERT INTO player_score VALUES('2d36c3a69',13,'70504a03','19f77b605',7843,424,1652576902,1652576902);
INSERT INTO player_score VALUES('43282286e',13,'70504a03','2619aa7b2',6864,691,1653165926,1653165926);
INSERT INTO player_score VALUES('5cf48530e',13,'70504a03','262491035',30260,944,1653858446,1653858446);
INSERT INTO player_score VALUES('610fdeb20',13,'70504a03','2aa57defe',9120,1228,1653968688,1653968688);
INSERT INTO player_score VALUES('63a2559b3',13,'70504a03','3bcab6174',57600,1180,1654037733,1654037733);
INSERT INTO player_score VALUES('455209d9b',13,'70504a03','3ffefafb6',49632,675,1653224007,1653224007);
INSERT INTO player_score VALUES('442dc8f80',13,'70504a03','4362280c6',2100,722,1653193362,1653193362);
INSERT INTO player_score VALUES('4e7b30bb5',13,'70504a03','44e44a286',158844,962,1653469914,1653469914);
INSERT INTO player_score VALUES('5757cce51',13,'70504a03','45d66fe6b',20475,954,1653707795,1653707795);
INSERT INTO player_score VALUES('57bbcb0a3',13,'70504a03','47b8c9579',128772,860,1653718280,1653718280);
INSERT INTO player_score VALUES('5a754a9b2',13,'70504a03','4d8a2d82e',329522,1063,1653791418,1653791418);
INSERT INTO player_score VALUES('55f47afec',13,'70504a03','4f1b462fa',62496,981,1653670537,1653670537);
INSERT INTO player_score VALUES('5fffff182',13,'70504a03','5d5d3e442',288990,1121,1653940180,1653940180);
INSERT INTO player_score VALUES('617ec0eb7',13,'70504a03','606011d35',28500,1060,1653980315,1653980315);
INSERT INTO player_score VALUES('63c256f6f',13,'70504a03','637113bde',701765,1006,1654041089,1654041089);
INSERT INTO player_score VALUES('4001e87f8',13,'70504a03','ca59c23b',87780,630,1653081387,1653081387);
INSERT INTO player_score VALUES('629abaadf',13,'70504a03','ecd71ada',27456,1094,1654010092,1654010092);
INSERT INTO player_score VALUES('63c3881f6',13,'a71bffd0','18dd69e9d',2214,1125,1654041214,1654041214);
INSERT INTO player_score VALUES('2d2d159f5',13,'a71bffd0','19f77b605',552900,421,1652575887,1652575887);
INSERT INTO player_score VALUES('6244d761a',13,'a71bffd0','1e0a1fe5c',37843,1140,1654001086,1654001086);
INSERT INTO player_score VALUES('420e88b15',13,'a71bffd0','2619aa7b2',147840,656,1653136398,1653136398);
INSERT INTO player_score VALUES('6118ac1ef',13,'a71bffd0','262491035',22050,1002,1653969611,1653969611);
INSERT INTO player_score VALUES('6202e29cd',13,'a71bffd0','2aa57defe',194040,1252,1653994170,1653994170);
INSERT INTO player_score VALUES('61ba85396',13,'a71bffd0','30e52cfbb',370,1063,1653986582,1653986582);
INSERT INTO player_score VALUES('6386a3bfb',13,'a71bffd0','3bcab6174',782,1176,1654034829,1654034829);
INSERT INTO player_score VALUES('443799280',13,'a71bffd0','4362280c6',10416,757,1653194391,1653194391);
INSERT INTO player_score VALUES('4e6cb9224',13,'a71bffd0','44e44a286',118188,953,1653468397,1653468397);
INSERT INTO player_score VALUES('591b8e4ec',13,'a71bffd0','45d66fe6b',282720,1049,1653755165,1653755165);
INSERT INTO player_score VALUES('59a20144f',13,'a71bffd0','47b8c9579',302400,944,1653769263,1653769263);
INSERT INTO player_score VALUES('5adb6ba1f',13,'a71bffd0','4d8a2d82e',7280,1093,1653802127,1653802127);
INSERT INTO player_score VALUES('567fc6274',13,'a71bffd0','4f1b462fa',44928,1054,1653685143,1653685143);
INSERT INTO player_score VALUES('6020f7090',13,'a71bffd0','5d5d3e442',81400,1192,1653943637,1653943637);
INSERT INTO player_score VALUES('618541fb2',13,'a71bffd0','606011d35',10640,1082,1653980997,1653980997);
INSERT INTO player_score VALUES('63c4f8cbf',13,'a71bffd0','637113bde',1320,1042,1654041365,1654041365);
INSERT INTO player_score VALUES('6269b36c5',13,'a71bffd0','ecd71ada',620928,1089,1654004951,1654004951);
INSERT INTO player_score VALUES('621369925',13,'ae682228','18dd69e9d',2145,1096,1653995903,1653995903);
INSERT INTO player_score VALUES('2c4d66705',13,'ae682228','19f77b605',137214,404,1652552432,1652552432);
INSERT INTO player_score VALUES('606b06ffe',13,'ae682228','1e0a1fe5c',93610,1106,1653951403,1653951403);
INSERT INTO player_score VALUES('413a2695d',13,'ae682228','2619aa7b2',360,634,1653114128,1653114128);
INSERT INTO player_score VALUES('623ae4ff5',13,'ae682228','262491035',33575,1022,1654000043,1654000043);
INSERT INTO player_score VALUES('616bbf332',13,'ae682228','2aa57defe',380000,1235,1653978322,1653978322);
INSERT INTO player_score VALUES('61e72491f',13,'ae682228','30e52cfbb',16800,1066,1653991261,1653991261);
INSERT INTO player_score VALUES('625ee54aa',13,'ae682228','3bcab6174',22594,1145,1654003818,1654003818);
INSERT INTO player_score VALUES('455fe0567',13,'ae682228','3ffefafb6',40950,691,1653225458,1653225458);
INSERT INTO player_score VALUES('442fd36c6',13,'ae682228','4362280c6',82880,728,1653193576,1653193576);
INSERT INTO player_score VALUES('4e38df318',13,'ae682228','44e44a286',536928,939,1653462960,1653462960);
INSERT INTO player_score VALUES('54ec2416d',13,'ae682228','45d66fe6b',42920,807,1653642819,1653642819);
INSERT INTO player_score VALUES('595bb0c7f',13,'ae682228','47b8c9579',387504,932,1653761890,1653761890);
INSERT INTO player_score VALUES('5ac2607ec',13,'ae682228','4d8a2d82e',62403,1086,1653799501,1653799501);
INSERT INTO player_score VALUES('567bc253f',13,'ae682228','4f1b462fa',402560,1050,1653684722,1653684722);
INSERT INTO player_score VALUES('6015dd3c4',13,'ae682228','5d5d3e442',126224,1171,1653942473,1653942473);
INSERT INTO player_score VALUES('6181ede98',13,'ae682228','606011d35',42000,1072,1653980648,1653980648);
INSERT INTO player_score VALUES('63c5a3b16',13,'ae682228','637113bde',56823,1050,1654041435,1654041435);
INSERT INTO player_score VALUES('40ef004c8',13,'ae682228','ca59c23b',59200,638,1653106248,1653106248);
INSERT INTO player_score VALUES('60777b7a6',13,'ae682228','ecd71ada',295750,1075,1653952709,1653952709);
INSERT INTO player_score VALUES('612aa149e',13,'bca32b66','18dd69e9d',7380,1086,1653971494,1653971494);
INSERT INTO player_score VALUES('2d5d8a688',13,'bca32b66','19f77b605',11115,430,1652580968,1652580968);
INSERT INTO player_score VALUES('416d0ecd6',13,'bca32b66','2619aa7b2',21432,643,1653119466,1653119466);
INSERT INTO player_score VALUES('602869c34',13,'bca32b66','262491035',58377,991,1653944418,1653944418);
INSERT INTO player_score VALUES('627c0558e',13,'bca32b66','2aa57defe',106950,1268,1654006872,1654006872);
INSERT INTO player_score VALUES('61328ba9d',13,'bca32b66','30e52cfbb',133280,1053,1653972324,1653972324);
INSERT INTO player_score VALUES('628d659b6',13,'bca32b66','3bcab6174',9030,1149,1654008694,1654008694);
INSERT INTO player_score VALUES('44ffb5312',13,'bca32b66','3ffefafb6',224070,646,1653215374,1653215374);
INSERT INTO player_score VALUES('43f75bdc1',13,'bca32b66','4362280c6',151032,529,1653187655,1653187655);
INSERT INTO player_score VALUES('4e1a906a7',13,'bca32b66','44e44a286',40362,929,1653459782,1653459782);
INSERT INTO player_score VALUES('585f607e7',13,'bca32b66','47b8c9579',17888,889,1653735433,1653735433);
INSERT INTO player_score VALUES('5a6449933',13,'bca32b66','4d8a2d82e',53900,1059,1653789635,1653789635);
INSERT INTO player_score VALUES('56881e66f',13,'bca32b66','4f1b462fa',43605,1057,1653686018,1653686018);
INSERT INTO player_score VALUES('61879f70d',13,'bca32b66','606011d35',29700,1099,1653981245,1653981245);
INSERT INTO player_score VALUES('63c0ba5bd',13,'bca32b66','637113bde',146692,978,1654040920,1654040920);
INSERT INTO player_score VALUES('3ec2d65aa',13,'bca32b66','ca59c23b',11232,613,1653047930,1653047930);
INSERT INTO player_score VALUES('5a767e3c0',13,'bca32b66','ecd71ada',4620,995,1653791544,1653791544);
INSERT INTO player_score VALUES('625f0ecba',13,'df417953','18dd69e9d',75225,1100,1654003835,1654003835);
INSERT INTO player_score VALUES('2ddb485bb',13,'df417953','19f77b605',2178,436,1652594153,1652594153);
INSERT INTO player_score VALUES('62d195a46',13,'df417953','1e0a1fe5c',298350,1151,1654015844,1654015844);
INSERT INTO player_score VALUES('434e6f384',13,'df417953','2619aa7b2',30378,696,1653169942,1653169942);
INSERT INTO player_score VALUES('60e70628f',13,'df417953','2aa57defe',432160,1224,1653964405,1653964405);
INSERT INTO player_score VALUES('61991334a',13,'df417953','3bcab6174',165750,1118,1653983075,1653983075);
INSERT INTO player_score VALUES('455490d1e',13,'df417953','3ffefafb6',16800,681,1653224272,1653224272);
INSERT INTO player_score VALUES('441adac51',13,'df417953','4362280c6',106950,656,1653191377,1653191377);
INSERT INTO player_score VALUES('4e33ced2a',13,'df417953','44e44a286',0,938,1653462429,1653462429);
INSERT INTO player_score VALUES('5873872dc',13,'df417953','45d66fe6b',7644,1016,1653737546,1653737546);
INSERT INTO player_score VALUES('5961ab86a',13,'df417953','47b8c9579',230112,933,1653762517,1653762517);
INSERT INTO player_score VALUES('5afe532c7',13,'df417953','4d8a2d82e',14060,1103,1653805787,1653805787);
INSERT INTO player_score VALUES('567d41a52',13,'df417953','4f1b462fa',0,1051,1653684879,1653684879);
INSERT INTO player_score VALUES('61873b5a0',13,'df417953','606011d35',840,1092,1653981204,1653981204);
INSERT INTO player_score VALUES('63c60f1a7',13,'df417953','637113bde',50400,1056,1654041479,1654041479);
INSERT INTO player_score VALUES('40a9499ba',13,'df417953','ca59c23b',117504,636,1653098938,1653098938);
INSERT INTO player_score VALUES('636b97ec7',13,'df417953','ecd71ada',131625,1107,1654031993,1654031993);
INSERT INTO player_score VALUES('62af67a87',13,'f39aabc2','18dd69e9d',183696,1105,1654012260,1654012260);
INSERT INTO player_score VALUES('2df0f0cc8',13,'f39aabc2','19f77b605',0,440,1652596424,1652596424);
INSERT INTO player_score VALUES('5fc0d5a88',13,'f39aabc2','1e0a1fe5c',245520,1096,1653933557,1653933557);
INSERT INTO player_score VALUES('42237a07b',13,'f39aabc2','2619aa7b2',0,659,1653138594,1653138594);
INSERT INTO player_score VALUES('5d12d18c9',13,'f39aabc2','262491035',85376,948,1653861623,1653861623);
INSERT INTO player_score VALUES('6311b81f3',13,'f39aabc2','2aa57defe',468,1277,1654022569,1654022569);
INSERT INTO player_score VALUES('634144f56',13,'f39aabc2','30e52cfbb',137214,1091,1654027555,1654027555);
INSERT INTO player_score VALUES('5dbe90d4b',13,'f39aabc2','3bcab6174',359924,994,1653879632,1653879632);
INSERT INTO player_score VALUES('4565aa466',13,'f39aabc2','3ffefafb6',390,694,1653226065,1653226065);
INSERT INTO player_score VALUES('44337a7c8',13,'f39aabc2','4362280c6',101992,741,1653193959,1653193959);
INSERT INTO player_score VALUES('4e1826be2',13,'f39aabc2','44e44a286',18300,927,1653459529,1653459529);
INSERT INTO player_score VALUES('587d7720b',13,'f39aabc2','45d66fe6b',132678,1017,1653738588,1653738588);
INSERT INTO player_score VALUES('5a0545db4',13,'f39aabc2','4d8a2d82e',46575,1038,1653779672,1653779672);
INSERT INTO player_score VALUES('563b12433',13,'f39aabc2','4f1b462fa',241428,1017,1653677939,1653677939);
INSERT INTO player_score VALUES('601cb89b6',13,'f39aabc2','5d5d3e442',88920,1180,1653943192,1653943192);
INSERT INTO player_score VALUES('617ca2edd',13,'f39aabc2','606011d35',109968,1049,1653980093,1653980093);
INSERT INTO player_score VALUES('63c4c3163',13,'f39aabc2','637113bde',66096,1040,1654041343,1654041343);
INSERT INTO player_score VALUES('39f5eec30',13,'f39aabc2','ca59c23b',107184,563,1652919070,1652919070);
INSERT INTO player_score VALUES('5ff68ba70',13,'f39aabc2','ecd71ada',136010,1069,1653939189,1653939189);
INSERT INTO player_score VALUES('2d4071b15',13,'f6119f30','19f77b605',340200,428,1652577917,1652577917);
INSERT INTO player_score VALUES('61cccfd5e',13,'f6119f30','1e0a1fe5c',336336,1127,1653988500,1653988500);
INSERT INTO player_score VALUES('5f1525053',13,'f6119f30','262491035',294000,970,1653915554,1653915554);
INSERT INTO player_score VALUES('61ded61a4',13,'f6119f30','2aa57defe',34048,1247,1653990390,1653990390);
INSERT INTO player_score VALUES('634d07356',13,'f6119f30','30e52cfbb',89040,1094,1654028788,1654028788);
INSERT INTO player_score VALUES('6369ea3a5',13,'f6119f30','3bcab6174',61152,1174,1654031817,1654031817);
INSERT INTO player_score VALUES('455dd84dd',13,'f6119f30','3ffefafb6',138000,690,1653225245,1653225245);
INSERT INTO player_score VALUES('44145c2b0',13,'f6119f30','4362280c6',760760,631,1653190696,1653190696);
INSERT INTO player_score VALUES('4e3e11c61',13,'f6119f30','44e44a286',20580,941,1653463505,1653463505);
INSERT INTO player_score VALUES('5743644ab',13,'f6119f30','45d66fe6b',108864,949,1653705655,1653705655);
INSERT INTO player_score VALUES('572c5285d',13,'f6119f30','47b8c9579',3572,840,1653703236,1653703236);
INSERT INTO player_score VALUES('5a8a238a1',13,'f6119f30','4d8a2d82e',10512,1072,1653793604,1653793604);
INSERT INTO player_score VALUES('55b99c2da',13,'f6119f30','4f1b462fa',307272,956,1653664364,1653664364);
INSERT INTO player_score VALUES('5ffdb2b71',13,'f6119f30','5d5d3e442',28560,1115,1653939939,1653939939);
INSERT INTO player_score VALUES('6187f7557',13,'f6119f30','606011d35',40664,1101,1653981281,1653981281);
INSERT INTO player_score VALUES('63c185000',13,'f6119f30','637113bde',53508,994,1654041003,1654041003);
INSERT INTO player_score VALUES('3ca00ec67',13,'f6119f30','ca59c23b',27000,595,1652990596,1652990596);
COMMIT;
