
BEGIN;
CREATE TABLE IF NOT EXISTS competition (
  id VARCHAR(255) NOT NULL PRIMARY KEY,
  tenant_id BIGINT NOT NULL,
  title TEXT NOT NULL,
  finished_at BIGINT NULL,
  created_at BIGINT NOT NULL,
  updated_at BIGINT NOT NULL
);
INSERT INTO competition VALUES('1109b4b19',15,'ミニトマト騎士団',1653516935,1651820558,1653516935);
INSERT INTO competition VALUES('12339ae82',15,'箱出しモリスメランコリー',1651863417,1651851795,1651863417);
INSERT INTO competition VALUES('125ca9262',15,'三軒茶屋オペレーションズカップ',NULL,1651856100,1653396097);
INSERT INTO competition VALUES('16df8a920',15,'赤ボルダリング工房 #6',NULL,1651977198,1652564058);
INSERT INTO competition VALUES('18bc2b289',15,'第5回 赤羽から始めるXSUCON',1652742843,1652027176,1652742843);
INSERT INTO competition VALUES('1ac0b9ee7',15,'バンバンジーはバランスいい大会',NULL,1652081341,1653396080);
INSERT INTO competition VALUES('2c2c1b828',15,'いい感じに目黒堂 #7',1653348495,1652548941,1653348495);
INSERT INTO competition VALUES('338e34410',15,'特殊ソフトウェア氏カップ',NULL,1652747132,1653217890);
INSERT INTO competition VALUES('36aaec331',15,'モンゴのオタク vol.5',NULL,1652830674,1653689871);
INSERT INTO competition VALUES('3771f6ca2',15,'よしなにベルギービールボックスカップ',1653126356,1652851545,1653126356);
INSERT INTO competition VALUES('394f66ea7',15,'だいたい腹筋のお茶会大会',NULL,1652901608,1653036023);
INSERT INTO competition VALUES('3967ff4cb',15,'プロファイリングチャンプルー vol.7',NULL,1652904187,1653587304);
INSERT INTO competition VALUES('3a1faf3b0',15,'第3回 エンジョイラガー通信社',1653983617,1652923448,1653983617);
INSERT INTO competition VALUES('3dbc01378',15,'第5回 冬の川崎株式会社',1653534419,1653020370,1653534419);
INSERT INTO competition VALUES('4233decf3',15,'第4回 そば_all',NULL,1653140313,1653394495);
INSERT INTO competition VALUES('44424eda0',15,'実質りんご田中杯',1653342690,1653195514,1653342690);
INSERT INTO competition VALUES('4c1d8a5a8',15,'ロージー.dev大会',NULL,1653406407,1653753890);
INSERT INTO competition VALUES('552385534',15,'トーフテーマパーク #6',1653980629,1653648626,1653980629);
INSERT INTO competition VALUES('55c0ad459',15,'そば委員会カップ',1653779158,1653665105,1653779158);
INSERT INTO competition VALUES('5a3cf059f',15,'フカヒレ乗り過ごし vol.7',1653797804,1653785509,1653797804);
CREATE TABLE IF NOT EXISTS player (
  id VARCHAR(255) NOT NULL PRIMARY KEY,
  tenant_id BIGINT NOT NULL,
  display_name TEXT NOT NULL,
  is_disqualified BOOLEAN NOT NULL,
  created_at BIGINT NOT NULL,
  updated_at BIGINT NOT NULL
);
INSERT INTO player VALUES('8467e006',15,'Fidel Willms',0,1651585340,1651779753);
INSERT INTO player VALUES('8e31371f',15,'Sunny Heaney',0,1651601759,1653771204);
INSERT INTO player VALUES('987f27a0',15,'Mr. Bobby Emmerich',0,1651619047,1653085991);
INSERT INTO player VALUES('a62a73eb',15,'Lorenzo Wiza',0,1651641980,1653910040);
INSERT INTO player VALUES('ad2f7b08',15,'Giovani Jaskolski',0,1651653757,1653760629);
INSERT INTO player VALUES('c3b3cb23',15,'Russell Hessel IV',0,1651691534,1652295493);
INSERT INTO player VALUES('110b11cfb',15,'Trevion Kohler',0,1651820701,1652226705);
INSERT INTO player VALUES('17c478893',15,'Ms. Kari Dach',0,1652001203,1652267208);
INSERT INTO player VALUES('17d1eae9a',15,'Marian Kemmer',0,1652002613,1653274133);
INSERT INTO player VALUES('18150233c',15,'Gilda Effertz',0,1652009648,1653156537);
INSERT INTO player VALUES('1a2640073',15,'Edison Veum II',0,1652065143,1653311948);
INSERT INTO player VALUES('1a9e2f29a',15,'Mr. Jennings Heidenreich I',0,1652077719,1652631840);
INSERT INTO player VALUES('1a9ff546f',15,'Mr. Kory Murphy',0,1652077905,1652790328);
INSERT INTO player VALUES('1b1673bfd',15,'Dudley Adams',0,1652090330,1652805204);
INSERT INTO player VALUES('1d8d5617a',15,'Mr. Demario Mohr III',1,1652156483,1653099199);
INSERT INTO player VALUES('1dd224d75',15,'Tia Kassulke III',0,1652163698,1653674614);
INSERT INTO player VALUES('1f2785663',15,'Elsa Hessel',0,1652199494,1652636557);
INSERT INTO player VALUES('1fecdd6c1',15,'Jaycee Considine',0,1652220187,1653633946);
INSERT INTO player VALUES('20373b85c',15,'Mr. Robbie Powlowski II',0,1652227985,1653462404);
INSERT INTO player VALUES('226412cbf',15,'Lou Nienow',0,1652286374,1653637727);
INSERT INTO player VALUES('23b7f411d',15,'Jewell Hand',0,1652322013,1652791960);
INSERT INTO player VALUES('23c82a770',15,'Erich O"Kon',0,1652323713,1652430395);
INSERT INTO player VALUES('2427f6603',15,'Dorris Romaguera',0,1652333758,1653743746);
INSERT INTO player VALUES('26445a386',15,'Mr. Chase O"Connell I',0,1652390422,1652394097);
INSERT INTO player VALUES('26c9db75b',15,'Ms. Donna Fahey V',0,1652404421,1652644289);
INSERT INTO player VALUES('2741d6ccd',15,'Reilly Wyman I',0,1652417002,1653459708);
INSERT INTO player VALUES('277a00410',15,'Antonina Hammes Jr.',0,1652422891,1653604045);
INSERT INTO player VALUES('2998206c8',15,'Mr. Fern Kautzer IV',0,1652479737,1653731715);
INSERT INTO player VALUES('29d13b917',15,'Sydnee Stanton',0,1652485725,1652542973);
INSERT INTO player VALUES('2ae9d9f3a',15,'Stewart Connelly',0,1652515150,1653705072);
INSERT INTO player VALUES('2ba256f22',15,'Jess Bogan DVM',0,1652534495,1653636743);
INSERT INTO player VALUES('2d2f62005',15,'Michel Senger DVM',0,1652576128,1653283148);
INSERT INTO player VALUES('2d45959bd',15,'Maggie Ankunding',0,1652578456,1653484832);
INSERT INTO player VALUES('2df2b6e28',15,'Kaitlin Douglas IV',0,1652596610,1653678330);
INSERT INTO player VALUES('2e215e401',15,'Cydney Parisian',0,1652601502,1653090660);
INSERT INTO player VALUES('2e29b67e8',15,'Daphnee Langworth II',0,1652602377,1653251328);
INSERT INTO player VALUES('2e953d599',15,'Gino Little',0,1652613652,1653137393);
INSERT INTO player VALUES('31b191341',15,'Lurline Paucek',0,1652697153,1653696171);
INSERT INTO player VALUES('33c9af4eb',15,'Blanca Harris II',0,1652753369,1652882638);
INSERT INTO player VALUES('3610465cf',15,'Kylie Robel',0,1652814458,1653584003);
INSERT INTO player VALUES('370916a7f',15,'Kitty Farrell DDS',0,1652840548,1653116912);
INSERT INTO player VALUES('3725b54fb',15,'Israel Howell DDS',0,1652843549,1653551287);
INSERT INTO player VALUES('373c01504',15,'Benjamin Wintheiser',0,1652845887,1653628940);
INSERT INTO player VALUES('378b06d0c',15,'Jacey Jacobs',0,1652854173,1653318428);
INSERT INTO player VALUES('38bc6bf61',15,'Meghan Padberg',1,1652886196,1653574624);
INSERT INTO player VALUES('395516011',15,'Mr. Kristoffer Klocko',0,1652902204,1653153151);
INSERT INTO player VALUES('39b5b16f6',15,'Mr. Ayden Lesch V',0,1652912334,1653243994);
INSERT INTO player VALUES('3a2615684',15,'Easton Simonis',0,1652924119,1653854332);
INSERT INTO player VALUES('3b07353d4',15,'Destini Schultz',0,1652947725,1653237715);
INSERT INTO player VALUES('3b78b46a9',15,'Melyna Larkin II',0,1652959626,1654018350);
INSERT INTO player VALUES('3bd564743',15,'Ms. Earline Batz PhD',0,1652969345,1653789569);
INSERT INTO player VALUES('3cb38f756',15,'Mr. Benton Halvorson',0,1652992641,1653943842);
INSERT INTO player VALUES('3e8e53fb8',15,'Vivian Koepp',0,1653042424,1653370803);
INSERT INTO player VALUES('3eba34e26',15,'Alisa Dietrich',0,1653047025,1653105173);
INSERT INTO player VALUES('3edca4d11',15,'Mr. Soledad Runte DDS',0,1653050636,1653773270);
INSERT INTO player VALUES('3ef8c4829',15,'Karson Gottlieb',0,1653053585,1653410671);
INSERT INTO player VALUES('3f8a11c69',15,'Makenzie Mraz',0,1653068821,1653816997);
INSERT INTO player VALUES('3fd22d402',15,'Rylee Emard IV',0,1653076382,1653483535);
INSERT INTO player VALUES('3ffb47b50',15,'Ms. Anastasia Haag',0,1653080692,1653701681);
INSERT INTO player VALUES('40ced08a3',15,'Abigayle Purdy',0,1653102873,1653557166);
INSERT INTO player VALUES('416751116',15,'Janis Sawayn',0,1653118864,1653892719);
INSERT INTO player VALUES('43746676d',15,'Hosea Lebsack',0,1653173923,1653786347);
INSERT INTO player VALUES('43c31dd2e',15,'Rosemarie Murray Sr.',0,1653182177,1653487197);
INSERT INTO player VALUES('440984475',15,'Imelda Emmerich',0,1653189559,1653523590);
INSERT INTO player VALUES('459353b51',15,'Jovan Larson',0,1653230853,1653535618);
INSERT INTO player VALUES('464e55439',15,'Ms. Michaela Goodwin',1,1653250462,1653935170);
INSERT INTO player VALUES('47c28ae63',15,'Marlin Murazik Jr.',0,1653289491,1653541398);
INSERT INTO player VALUES('49291d533',15,'Rachael Runolfsson',0,1653327090,1653350625);
INSERT INTO player VALUES('4947848c3',15,'Mr. Frederik Lehner V',0,1653330278,1653774735);
INSERT INTO player VALUES('49f22b0e0',15,'Van Hansen',0,1653348172,1653527598);
INSERT INTO player VALUES('4a1824be5',15,'Nathan Rau',0,1653352154,1653882404);
INSERT INTO player VALUES('4b907430f',15,'Rudolph Hagenes',0,1653391613,1653743186);
INSERT INTO player VALUES('4c56723bf',15,'Lillian Connelly DVM',0,1653412374,1653505975);
INSERT INTO player VALUES('4d5819b0d',15,'Bernita Emard',0,1653439391,1653700133);
INSERT INTO player VALUES('4eeddea73',15,'Serenity Ritchie',0,1653481939,1654034477);
INSERT INTO player VALUES('4f59d5d02',15,'Neal Boehm',0,1653493260,1653831955);
INSERT INTO player VALUES('4fede2329',15,'Maurine Hamill',0,1653508784,1653599258);
INSERT INTO player VALUES('501af6bb3',15,'Talia Schimmel',0,1653513511,1653603939);
INSERT INTO player VALUES('50e0d2974',15,'Ms. Else Satterfield',0,1653534258,1654020137);
INSERT INTO player VALUES('523c54fc2',15,'Julie McDermott Sr.',0,1653570697,1653584602);
INSERT INTO player VALUES('561644e22',15,'Ms. Ivory Keeling',0,1653674080,1653991168);
INSERT INTO player VALUES('569828d6e',15,'Arvel Kuhn',0,1653687700,1653848357);
INSERT INTO player VALUES('5a4dca4c6',15,'Ola Kihn PhD',0,1653787276,1654014259);
INSERT INTO player VALUES('5b87aebf9',15,'Kendall Friesen',0,1653820190,1653873267);
INSERT INTO player VALUES('5c34bc830',15,'Mr. Nigel Emard',0,1653838336,1653968448);
INSERT INTO player VALUES('5c718d5d8',15,'Arturo Johnston',0,1653844713,1653879747);
INSERT INTO player VALUES('5d3a25e81',15,'Reynold Brown',0,1653865747,1653942815);
INSERT INTO player VALUES('5d98330cd',15,'Ms. Jessika Davis MD',0,1653875609,1654010601);
INSERT INTO player VALUES('5e6bea440',15,'Yasmeen Jakubowski',0,1653897809,1654021638);
INSERT INTO player VALUES('60b22be15',15,'Hilda Schultz',0,1653958863,1653984789);
INSERT INTO player VALUES('60b536b2e',15,'Sandra Heidenreich',0,1653959182,1654037964);
INSERT INTO player VALUES('6172c8f5f',15,'Alana Larson',1,1653979060,1653994042);
INSERT INTO player VALUES('62386077d',15,'Jacinthe Bechtelar',0,1653999779,1654030440);
INSERT INTO player VALUES('62447a986',15,'Kip Bogisich',1,1654001048,1654019825);
INSERT INTO player VALUES('62c51014a',15,'Delores Lynch',0,1654014531,1654015055);
INSERT INTO player VALUES('62d3c24c7',15,'Ms. Fae Cummerata',0,1654016072,1654039945);
INSERT INTO player VALUES('632558880',15,'Heber Lynch Jr.',0,1654024627,1654030308);
INSERT INTO player VALUES('6360f5bf3',15,'Lonny Runolfsdottir',0,1654030878,1654032641);
CREATE TABLE IF NOT EXISTS player_score (
                              id VARCHAR(255) NOT NULL PRIMARY KEY,
                              tenant_id BIGINT NOT NULL,
                              player_id VARCHAR(255) NOT NULL,
                              competition_id VARCHAR(255) NOT NULL,
                              score BIGINT NOT NULL,
                              row_num BIGINT NOT NULL,
                              created_at BIGINT NOT NULL,
                              updated_at BIGINT NOT NULL
);
INSERT INTO player_score VALUES('4ea3a7a2c',15,'110b11cfb','1109b4b19',3500,1412,1653474157,1653474157);
INSERT INTO player_score VALUES('129f131cb',15,'110b11cfb','12339ae82',63000,129,1651863064,1651863064);
INSERT INTO player_score VALUES('627cf49b2',15,'110b11cfb','125ca9262',117600,1731,1654006970,1654006970);
INSERT INTO player_score VALUES('63c189e28',15,'110b11cfb','16df8a920',51150,1713,1654041005,1654041005);
INSERT INTO player_score VALUES('2f8590c7d',15,'110b11cfb','18bc2b289',91260,577,1652638852,1652638852);
INSERT INTO player_score VALUES('5cc66de1f',15,'110b11cfb','1ac0b9ee7',4752,1627,1653853613,1653853613);
INSERT INTO player_score VALUES('45baec710',15,'110b11cfb','2c2c1b828',117800,1090,1653235005,1653235005);
INSERT INTO player_score VALUES('63abc90a7',15,'110b11cfb','338e34410',52272,1806,1654038724,1654038724);
INSERT INTO player_score VALUES('61c502c62',15,'110b11cfb','36aaec331',14625,1711,1653987682,1653987682);
INSERT INTO player_score VALUES('41972c100',15,'110b11cfb','3771f6ca2',213192,1154,1653123882,1653123882);
INSERT INTO player_score VALUES('627a0989f',15,'110b11cfb','394f66ea7',302176,1748,1654006664,1654006664);
INSERT INTO player_score VALUES('586469897',15,'110b11cfb','3a1faf3b0',225504,1302,1653735961,1653735961);
INSERT INTO player_score VALUES('50e147c65',15,'110b11cfb','3dbc01378',19278,1472,1653534306,1653534306);
INSERT INTO player_score VALUES('627720ea6',15,'110b11cfb','4233decf3',539000,1729,1654006359,1654006359);
INSERT INTO player_score VALUES('499957cc0',15,'110b11cfb','44424eda0',258628,1228,1653338858,1653338858);
INSERT INTO player_score VALUES('62f2afc51',15,'110b11cfb','4c1d8a5a8',2475,1908,1654019315,1654019315);
INSERT INTO player_score VALUES('60d9348d7',15,'110b11cfb','552385534',41860,1771,1653962956,1653962956);
INSERT INTO player_score VALUES('59abc53fc',15,'110b11cfb','55c0ad459',7221,1471,1653770287,1653770287);
INSERT INTO player_score VALUES('63656770d',15,'17c478893','125ca9262',240264,1756,1654031344,1654031344);
INSERT INTO player_score VALUES('31955b883',15,'17c478893','18bc2b289',6750,638,1652694195,1652694195);
INSERT INTO player_score VALUES('6333efdf8',15,'17c478893','1ac0b9ee7',11376,1781,1654026157,1654026157);
INSERT INTO player_score VALUES('460ff8e35',15,'17c478893','2c2c1b828',84864,1102,1653243923,1653243923);
INSERT INTO player_score VALUES('605a98741',15,'17c478893','338e34410',31200,1669,1653949680,1653949680);
INSERT INTO player_score VALUES('60f90c6be',15,'17c478893','36aaec331',46930,1683,1653966295,1653966295);
INSERT INTO player_score VALUES('3fc9d9e6d',15,'17c478893','3771f6ca2',191487,938,1653075509,1653075509);
INSERT INTO player_score VALUES('62a1d7fbc',15,'17c478893','394f66ea7',284400,1755,1654010838,1654010838);
INSERT INTO player_score VALUES('6289be8a1',15,'17c478893','3967ff4cb',67200,1793,1654008311,1654008311);
INSERT INTO player_score VALUES('6130f3edb',15,'17c478893','3a1faf3b0',174720,1681,1653972157,1653972157);
INSERT INTO player_score VALUES('4f15ca5e0',15,'17c478893','3dbc01378',13968,1332,1653486125,1653486125);
INSERT INTO player_score VALUES('6361e5016',15,'17c478893','4233decf3',0,1778,1654030976,1654030976);
INSERT INTO player_score VALUES('49aae8dd9',15,'17c478893','44424eda0',15080,1239,1653340700,1653340700);
INSERT INTO player_score VALUES('636de44ce',15,'17c478893','4c1d8a5a8',250648,1954,1654032234,1654032234);
INSERT INTO player_score VALUES('59f1993aa',15,'17c478893','55c0ad459',23520,1580,1653777609,1653777609);
INSERT INTO player_score VALUES('5ab192bb2',15,'17c478893','5a3cf059f',11025,1617,1653797739,1653797739);
INSERT INTO player_score VALUES('4d02ab912',15,'17d1eae9a','1109b4b19',74620,1386,1653430433,1653430433);
INSERT INTO player_score VALUES('5da15d3d9',15,'17d1eae9a','125ca9262',70356,1627,1653876570,1653876570);
INSERT INTO player_score VALUES('5d17d0d63',15,'17d1eae9a','16df8a920',4466,1552,1653862147,1653862147);
INSERT INTO player_score VALUES('32e72d724',15,'17d1eae9a','18bc2b289',1936,666,1652729618,1652729618);
INSERT INTO player_score VALUES('6136a3055',15,'17d1eae9a','1ac0b9ee7',63425,1727,1653972753,1653972753);
INSERT INTO player_score VALUES('43960bbc4',15,'17d1eae9a','2c2c1b828',186480,1012,1653177451,1653177451);
INSERT INTO player_score VALUES('637aae3d4',15,'17d1eae9a','338e34410',403104,1798,1654033575,1654033575);
INSERT INTO player_score VALUES('63b83150a',15,'17d1eae9a','36aaec331',145236,1783,1654040025,1654040025);
INSERT INTO player_score VALUES('415b36efa',15,'17d1eae9a','3771f6ca2',472934,1133,1653117595,1653117595);
INSERT INTO player_score VALUES('639c81e43',15,'17d1eae9a','394f66ea7',222750,1795,1654037122,1654037122);
INSERT INTO player_score VALUES('628983f50',15,'17d1eae9a','3967ff4cb',306600,1792,1654008287,1654008287);
INSERT INTO player_score VALUES('615ae2cc3',15,'17d1eae9a','3a1faf3b0',14212,1687,1653976554,1653976554);
INSERT INTO player_score VALUES('50a4524d4',15,'17d1eae9a','3dbc01378',4788,1449,1653527914,1653527914);
INSERT INTO player_score VALUES('622db6f78',15,'17d1eae9a','4233decf3',87584,1711,1653998661,1653998661);
INSERT INTO player_score VALUES('62f619cb5',15,'17d1eae9a','4c1d8a5a8',96162,1909,1654019673,1654019673);
INSERT INTO player_score VALUES('60313e84f',15,'17d1eae9a','552385534',26460,1678,1653945344,1653945344);
INSERT INTO player_score VALUES('59f88d064',15,'17d1eae9a','55c0ad459',136620,1587,1653778338,1653778338);
INSERT INTO player_score VALUES('4c65e2dec',15,'18150233c','1109b4b19',86742,1379,1653413993,1653413993);
INSERT INTO player_score VALUES('5c130892e',15,'18150233c','125ca9262',379566,1599,1653834802,1653834802);
INSERT INTO player_score VALUES('618e9339e',15,'18150233c','16df8a920',19040,1653,1653981974,1653981974);
INSERT INTO player_score VALUES('3303288a2',15,'18150233c','18bc2b289',7968,671,1652732552,1652732552);
INSERT INTO player_score VALUES('5c076af2d',15,'18150233c','1ac0b9ee7',165375,1603,1653833584,1653833584);
INSERT INTO player_score VALUES('49004c1af',15,'18150233c','2c2c1b828',3744,1223,1653322810,1653322810);
INSERT INTO player_score VALUES('6343ebad3',15,'18150233c','338e34410',96162,1789,1654027833,1654027833);
INSERT INTO player_score VALUES('632c5d63a',15,'18150233c','36aaec331',0,1762,1654025363,1654025363);
INSERT INTO player_score VALUES('41ace3207',15,'18150233c','3771f6ca2',229152,1165,1653126159,1653126159);
INSERT INTO player_score VALUES('629735d06',15,'18150233c','394f66ea7',45920,1754,1654009723,1654009723);
INSERT INTO player_score VALUES('6060aba29',15,'18150233c','3967ff4cb',5226,1688,1653950317,1653950317);
INSERT INTO player_score VALUES('616edb1da',15,'18150233c','3a1faf3b0',0,1692,1653978648,1653978648);
INSERT INTO player_score VALUES('4f8c9968d',15,'18150233c','3dbc01378',125244,1370,1653498583,1653498583);
INSERT INTO player_score VALUES('6315f68b5',15,'18150233c','4233decf3',108576,1761,1654023014,1654023014);
INSERT INTO player_score VALUES('499a3388e',15,'18150233c','44424eda0',115536,1230,1653338948,1653338948);
INSERT INTO player_score VALUES('62eb1add9',15,'18150233c','4c1d8a5a8',162864,1906,1654018520,1654018520);
INSERT INTO player_score VALUES('60eef7da5',15,'18150233c','552385534',13524,1789,1653965238,1653965238);
INSERT INTO player_score VALUES('59ecfe061',15,'18150233c','55c0ad459',220500,1577,1653777126,1653777126);
INSERT INTO player_score VALUES('5aaaf1f8d',15,'18150233c','5a3cf059f',0,1515,1653797044,1653797044);
INSERT INTO player_score VALUES('4890d0128',15,'1a2640073','1109b4b19',43142,1281,1653311120,1653311120);
INSERT INTO player_score VALUES('6242f66e6',15,'1a2640073','16df8a920',228096,1671,1654000889,1654000889);
INSERT INTO player_score VALUES('630abf71f',15,'1a2640073','1ac0b9ee7',68432,1779,1654021838,1654021838);
INSERT INTO player_score VALUES('5f931ffd0',15,'1a2640073','338e34410',55860,1646,1653928764,1653928764);
INSERT INTO player_score VALUES('5d94a9494',15,'1a2640073','36aaec331',17520,1545,1653875238,1653875238);
INSERT INTO player_score VALUES('40acb886b',15,'1a2640073','3771f6ca2',0,1037,1653099298,1653099298);
INSERT INTO player_score VALUES('62ba705b0',15,'1a2640073','394f66ea7',89440,1759,1654013417,1654013417);
INSERT INTO player_score VALUES('622c43e30',15,'1a2640073','3967ff4cb',124,1777,1653998509,1653998509);
INSERT INTO player_score VALUES('61036a385',15,'1a2640073','3a1faf3b0',9460,1675,1653967382,1653967382);
INSERT INTO player_score VALUES('501979dc6',15,'1a2640073','3dbc01378',331968,1414,1653513355,1653513355);
INSERT INTO player_score VALUES('5f6718057',15,'1a2640073','4233decf3',254800,1570,1653924147,1653924147);
INSERT INTO player_score VALUES('49bc15d9c',15,'1a2640073','44424eda0',2880,1258,1653342501,1653342501);
INSERT INTO player_score VALUES('62cedb697',15,'1a2640073','4c1d8a5a8',89001,1895,1654015558,1654015558);
INSERT INTO player_score VALUES('59fc16c79',15,'1a2640073','55c0ad459',228,1593,1653778709,1653778709);
INSERT INTO player_score VALUES('5ab046b8b',15,'1a2640073','5a3cf059f',217056,1597,1653797603,1653797603);
INSERT INTO player_score VALUES('4d1a487e2',15,'1a9e2f29a','1109b4b19',23520,1387,1653432909,1653432909);
INSERT INTO player_score VALUES('63bfc6389',15,'1a9e2f29a','125ca9262',12025,1765,1654040820,1654040820);
INSERT INTO player_score VALUES('6085d0e92',15,'1a9e2f29a','16df8a920',66600,1632,1653954212,1653954212);
INSERT INTO player_score VALUES('2eefb6f67',15,'1a9e2f29a','18bc2b289',225318,560,1652623139,1652623139);
INSERT INTO player_score VALUES('6234cf62e',15,'1a9e2f29a','1ac0b9ee7',1440,1751,1653999405,1653999405);
INSERT INTO player_score VALUES('491ae2c1d',15,'1a9e2f29a','2c2c1b828',144609,1227,1653325598,1653325598);
INSERT INTO player_score VALUES('634cbdf8a',15,'1a9e2f29a','338e34410',46800,1792,1654028758,1654028758);
INSERT INTO player_score VALUES('41a9d8500',15,'1a9e2f29a','3771f6ca2',29600,1164,1653125840,1653125840);
INSERT INTO player_score VALUES('622b3ea78',15,'1a9e2f29a','394f66ea7',98022,1735,1653998402,1653998402);
INSERT INTO player_score VALUES('63c193a4f',15,'1a9e2f29a','3967ff4cb',3619,1841,1654041009,1654041009);
INSERT INTO player_score VALUES('6195aba18',15,'1a9e2f29a','3a1faf3b0',0,1698,1653982718,1653982718);
INSERT INTO player_score VALUES('4f8a8a14d',15,'1a9e2f29a','3dbc01378',58590,1368,1653498367,1653498367);
INSERT INTO player_score VALUES('62913b0c6',15,'1a9e2f29a','4233decf3',97104,1734,1654009096,1654009096);
INSERT INTO player_score VALUES('49ab51dbc',15,'1a9e2f29a','44424eda0',366048,1240,1653340743,1653340743);
INSERT INTO player_score VALUES('6167d1583',15,'1a9e2f29a','4c1d8a5a8',26568,1776,1653977910,1653977910);
INSERT INTO player_score VALUES('5fa184132',15,'1a9e2f29a','552385534',9504,1596,1653930273,1653930273);
INSERT INTO player_score VALUES('593399165',15,'1a9e2f29a','55c0ad459',224280,1322,1653757686,1653757686);
INSERT INTO player_score VALUES('5aa8f3b81',15,'1a9e2f29a','5a3cf059f',593560,1489,1653796835,1653796835);
INSERT INTO player_score VALUES('4ea64e57b',15,'1a9ff546f','1109b4b19',79350,1414,1653474435,1653474435);
INSERT INTO player_score VALUES('606f25ac8',15,'1a9ff546f','125ca9262',149544,1690,1653951835,1653951835);
INSERT INTO player_score VALUES('4f4abd102',15,'1a9ff546f','16df8a920',44064,1236,1653491677,1653491677);
INSERT INTO player_score VALUES('31e9d30fa',15,'1a9ff546f','18bc2b289',323361,645,1652703052,1652703052);
INSERT INTO player_score VALUES('4975aa7d7',15,'1a9ff546f','2c2c1b828',3234,1239,1653335117,1653335117);
INSERT INTO player_score VALUES('628b00cf1',15,'1a9ff546f','338e34410',33276,1760,1654008443,1654008443);
INSERT INTO player_score VALUES('5fca1362b',15,'1a9ff546f','36aaec331',103428,1642,1653934526,1653934526);
INSERT INTO player_score VALUES('412d0c178',15,'1a9ff546f','3771f6ca2',2976,1107,1653112754,1653112754);
INSERT INTO player_score VALUES('5febbd8da',15,'1a9ff546f','394f66ea7',14240,1630,1653938056,1653938056);
INSERT INTO player_score VALUES('639ef5551',15,'1a9ff546f','3967ff4cb',70950,1836,1654037379,1654037379);
INSERT INTO player_score VALUES('5ec0420df',15,'1a9ff546f','3a1faf3b0',267034,1570,1653906653,1653906653);
INSERT INTO player_score VALUES('50b0e1a50',15,'1a9ff546f','3dbc01378',521930,1455,1653529231,1653529231);
INSERT INTO player_score VALUES('62b394fdf',15,'1a9ff546f','4233decf3',215380,1743,1654012698,1654012698);
INSERT INTO player_score VALUES('49b3c762e',15,'1a9ff546f','44424eda0',72900,1251,1653341630,1653341630);
INSERT INTO player_score VALUES('638770d38',15,'1a9ff546f','4c1d8a5a8',130650,1961,1654034913,1654034913);
INSERT INTO player_score VALUES('60f4390e8',15,'1a9ff546f','552385534',559360,1792,1653965789,1653965789);
INSERT INTO player_score VALUES('59bb84022',15,'1a9ff546f','55c0ad459',180728,1502,1653771938,1653771938);
INSERT INTO player_score VALUES('5ab129c59',15,'1a9ff546f','5a3cf059f',83655,1611,1653797696,1653797696);
INSERT INTO player_score VALUES('4c098847d',15,'1b1673bfd','1109b4b19',105792,1366,1653404309,1653404309);
INSERT INTO player_score VALUES('6295526b2',15,'1b1673bfd','125ca9262',5016,1733,1654009525,1654009525);
INSERT INTO player_score VALUES('6176838f7',15,'1b1673bfd','16df8a920',14280,1648,1653979451,1653979451);
INSERT INTO player_score VALUES('32ca08876',15,'1b1673bfd','18bc2b289',14472,663,1652726562,1652726562);
INSERT INTO player_score VALUES('6363644d7',15,'1b1673bfd','1ac0b9ee7',651840,1783,1654031133,1654031133);
INSERT INTO player_score VALUES('5dd93fded',15,'1b1673bfd','338e34410',183456,1566,1653882430,1653882430);
INSERT INTO player_score VALUES('63ac2f900',15,'1b1673bfd','36aaec331',95040,1780,1654038766,1654038766);
INSERT INTO player_score VALUES('416363342',15,'1b1673bfd','3771f6ca2',120120,1137,1653118452,1653118452);
INSERT INTO player_score VALUES('624486d26',15,'1b1673bfd','394f66ea7',150480,1741,1654001053,1654001053);
INSERT INTO player_score VALUES('5ef7f6507',15,'1b1673bfd','3967ff4cb',14256,1612,1653912494,1653912494);
INSERT INTO player_score VALUES('60f10e869',15,'1b1673bfd','3a1faf3b0',179193,1670,1653965457,1653965457);
INSERT INTO player_score VALUES('500bf6682',15,'1b1673bfd','3dbc01378',7095,1410,1653511938,1653511938);
INSERT INTO player_score VALUES('635575683',15,'1b1673bfd','4233decf3',19440,1774,1654029672,1654029672);
INSERT INTO player_score VALUES('49ade9ea8',15,'1b1673bfd','44424eda0',609615,1243,1653341015,1653341015);
INSERT INTO player_score VALUES('634b1a0bf',15,'1b1673bfd','4c1d8a5a8',20202,1946,1654028586,1654028586);
INSERT INTO player_score VALUES('5ab046b8c',15,'1b1673bfd','5a3cf059f',46926,1596,1653797603,1653797603);
INSERT INTO player_score VALUES('4f8f3dad7',15,'1d8d5617a','1109b4b19',52364,1428,1653498860,1653498860);
INSERT INTO player_score VALUES('5ecc63865',15,'1d8d5617a','125ca9262',59000,1650,1653907925,1653907925);
INSERT INTO player_score VALUES('5e90efcd7',15,'1d8d5617a','16df8a920',2538,1594,1653901691,1653901691);
INSERT INTO player_score VALUES('3039b20ef',15,'1d8d5617a','18bc2b289',7954,595,1652657740,1652657740);
INSERT INTO player_score VALUES('60d1ce093',15,'1d8d5617a','1ac0b9ee7',0,1718,1653962180,1653962180);
INSERT INTO player_score VALUES('48f95101d',15,'1d8d5617a','2c2c1b828',101640,1222,1653322078,1653322078);
INSERT INTO player_score VALUES('63350ff60',15,'1d8d5617a','338e34410',29120,1787,1654026275,1654026275);
INSERT INTO player_score VALUES('5c4539b3a',15,'1d8d5617a','36aaec331',84280,1501,1653840065,1653840065);
INSERT INTO player_score VALUES('419e92950',15,'1d8d5617a','3771f6ca2',147436,1158,1653124658,1653124658);
INSERT INTO player_score VALUES('630870a0a',15,'1d8d5617a','394f66ea7',55536,1768,1654021596,1654021596);
INSERT INTO player_score VALUES('63b33bc65',15,'1d8d5617a','3967ff4cb',69836,1839,1654039505,1654039505);
INSERT INTO player_score VALUES('6165f5467',15,'1d8d5617a','3a1faf3b0',36946,1689,1653977715,1653977715);
INSERT INTO player_score VALUES('5086875ac',15,'1d8d5617a','3dbc01378',3542,1441,1653524790,1653524790);
INSERT INTO player_score VALUES('5f5c70f80',15,'1d8d5617a','4233decf3',41400,1567,1653923030,1653923030);
INSERT INTO player_score VALUES('63086e314',15,'1d8d5617a','4c1d8a5a8',14421,1919,1654021595,1654021595);
INSERT INTO player_score VALUES('61003faa2',15,'1d8d5617a','552385534',231840,1803,1653967050,1653967050);
INSERT INTO player_score VALUES('599b21034',15,'1d8d5617a','55c0ad459',10800,1451,1653768542,1653768542);
INSERT INTO player_score VALUES('5a9ec44c5',15,'1d8d5617a','5a3cf059f',132928,1356,1653795767,1653795767);
INSERT INTO player_score VALUES('4c636a89e',15,'1dd224d75','1109b4b19',4662,1377,1653413734,1653413734);
INSERT INTO player_score VALUES('608c45ba6',15,'1dd224d75','125ca9262',172260,1692,1653954889,1653954889);
INSERT INTO player_score VALUES('5d30e34c7',15,'1dd224d75','16df8a920',132440,1556,1653864776,1653864776);
INSERT INTO player_score VALUES('63248b742',15,'1dd224d75','1ac0b9ee7',67680,1780,1654024543,1654024543);
INSERT INTO player_score VALUES('48dc929d4',15,'1dd224d75','2c2c1b828',374808,1216,1653319064,1653319064);
INSERT INTO player_score VALUES('623eabc91',15,'1dd224d75','338e34410',247800,1746,1654000439,1654000439);
INSERT INTO player_score VALUES('61cce0ef0',15,'1dd224d75','36aaec331',4599,1712,1653988507,1653988507);
INSERT INTO player_score VALUES('416c7c4f7',15,'1dd224d75','3771f6ca2',3960,1140,1653119406,1653119406);
INSERT INTO player_score VALUES('63abfc4c8',15,'1dd224d75','394f66ea7',475020,1798,1654038745,1654038745);
INSERT INTO player_score VALUES('6219e0d7e',15,'1dd224d75','3967ff4cb',55614,1771,1653996581,1653996581);
INSERT INTO player_score VALUES('60fe5285b',15,'1dd224d75','3a1faf3b0',39508,1674,1653966848,1653966848);
INSERT INTO player_score VALUES('4f7b76354',15,'1dd224d75','3dbc01378',50592,1365,1653496786,1653496786);
INSERT INTO player_score VALUES('6310b2e2e',15,'1dd224d75','4233decf3',66248,1760,1654022462,1654022462);
INSERT INTO player_score VALUES('496e243a3',15,'1dd224d75','44424eda0',39600,1187,1653334328,1653334328);
INSERT INTO player_score VALUES('62ee010a1',15,'1dd224d75','4c1d8a5a8',248430,1907,1654018824,1654018824);
INSERT INTO player_score VALUES('611a4644a',15,'1dd224d75','552385534',59598,1823,1653969779,1653969779);
INSERT INTO player_score VALUES('59d35b86f',15,'1dd224d75','55c0ad459',9628,1541,1653774438,1653774438);
INSERT INTO player_score VALUES('5aafc7c0c',15,'1dd224d75','5a3cf059f',214406,1586,1653797551,1653797551);
INSERT INTO player_score VALUES('503a63267',15,'1f2785663','1109b4b19',53754,1443,1653516806,1653516806);
INSERT INTO player_score VALUES('62d24cc2c',15,'1f2785663','125ca9262',42966,1740,1654015919,1654015919);
INSERT INTO player_score VALUES('5cc4aca7c',15,'1f2785663','16df8a920',105792,1542,1653853429,1653853429);
INSERT INTO player_score VALUES('333ea395d',15,'1f2785663','18bc2b289',12936,676,1652738789,1652738789);
INSERT INTO player_score VALUES('5f34d35da',15,'1f2785663','1ac0b9ee7',219219,1691,1653918876,1653918876);
INSERT INTO player_score VALUES('47fc228ab',15,'1f2785663','2c2c1b828',123840,1174,1653295530,1653295530);
INSERT INTO player_score VALUES('6280e4e77',15,'1f2785663','36aaec331',403690,1732,1654007383,1654007383);
INSERT INTO player_score VALUES('631b59eda',15,'1f2785663','394f66ea7',315210,1776,1654023579,1654023579);
INSERT INTO player_score VALUES('5f6519c3c',15,'1f2785663','3967ff4cb',18400,1635,1653923938,1653923938);
INSERT INTO player_score VALUES('6185187a2',15,'1f2785663','3a1faf3b0',408480,1695,1653980980,1653980980);
INSERT INTO player_score VALUES('63590dd47',15,'1f2785663','4233decf3',7920,1775,1654030049,1654030049);
INSERT INTO player_score VALUES('49a41264a',15,'1f2785663','44424eda0',475300,1237,1653339983,1653339983);
INSERT INTO player_score VALUES('62d1cdce5',15,'1f2785663','4c1d8a5a8',537115,1897,1654015867,1654015867);
INSERT INTO player_score VALUES('5fd8cce88',15,'1f2785663','552385534',7200,1626,1653936070,1653936070);
INSERT INTO player_score VALUES('5972ee7c9',15,'1f2785663','55c0ad459',66600,1393,1653764327,1653764327);
INSERT INTO player_score VALUES('5aa82b839',15,'1f2785663','5a3cf059f',253980,1478,1653796753,1653796753);
INSERT INTO player_score VALUES('4e0c6e418',15,'1fecdd6c1','1109b4b19',28908,1402,1653458300,1653458300);
INSERT INTO player_score VALUES('618d7f573',15,'1fecdd6c1','125ca9262',544,1719,1653981861,1653981861);
INSERT INTO player_score VALUES('5b24a4c0e',15,'1fecdd6c1','16df8a920',255360,1508,1653809805,1653809805);
INSERT INTO player_score VALUES('3327091be',15,'1fecdd6c1','18bc2b289',31941,673,1652736314,1652736314);
INSERT INTO player_score VALUES('62678e171',15,'1fecdd6c1','1ac0b9ee7',49200,1757,1654004726,1654004726);
INSERT INTO player_score VALUES('4981e461e',15,'1fecdd6c1','2c2c1b828',1496,1243,1653336399,1653336399);
INSERT INTO player_score VALUES('60d0a1ba1',15,'1fecdd6c1','338e34410',89936,1692,1653962057,1653962057);
INSERT INTO player_score VALUES('632665113',15,'1fecdd6c1','36aaec331',14053,1759,1654024737,1654024737);
INSERT INTO player_score VALUES('417d0a98c',15,'1fecdd6c1','3771f6ca2',54180,1145,1653121142,1653121142);
INSERT INTO player_score VALUES('639f2148a',15,'1fecdd6c1','394f66ea7',12740,1796,1654037397,1654037397);
INSERT INTO player_score VALUES('636a3d3d1',15,'1fecdd6c1','3967ff4cb',33408,1826,1654031851,1654031851);
INSERT INTO player_score VALUES('60d82f538',15,'1fecdd6c1','3a1faf3b0',415400,1662,1653962849,1653962849);
INSERT INTO player_score VALUES('4dc5f1cd3',15,'1fecdd6c1','3dbc01378',148896,1244,1653450909,1653450909);
INSERT INTO player_score VALUES('497ecaecd',15,'1fecdd6c1','44424eda0',216876,1207,1653336074,1653336074);
INSERT INTO player_score VALUES('629b59606',15,'1fecdd6c1','4c1d8a5a8',60996,1880,1654010157,1654010157);
INSERT INTO player_score VALUES('61288d0d5',15,'1fecdd6c1','552385534',549486,1833,1653971276,1653971276);
INSERT INTO player_score VALUES('59ac57c16',15,'1fecdd6c1','55c0ad459',19880,1474,1653770347,1653770347);
INSERT INTO player_score VALUES('5a99c01b9',15,'1fecdd6c1','5a3cf059f',167265,1284,1653795241,1653795241);
INSERT INTO player_score VALUES('5e06fa6b8',15,'20373b85c','125ca9262',18368,1639,1653887225,1653887225);
INSERT INTO player_score VALUES('5d4a0bbb2',15,'20373b85c','16df8a920',60270,1559,1653867414,1653867414);
INSERT INTO player_score VALUES('3079ef5ea',15,'20373b85c','18bc2b289',175392,604,1652664476,1652664476);
INSERT INTO player_score VALUES('49dffdbe4',15,'20373b85c','2c2c1b828',4266,1251,1653346266,1653346266);
INSERT INTO player_score VALUES('5dd322f27',15,'20373b85c','338e34410',19110,1563,1653881789,1653881789);
INSERT INTO player_score VALUES('62c877a8c',15,'20373b85c','36aaec331',54288,1743,1654014888,1654014888);
INSERT INTO player_score VALUES('414ea79b1',15,'20373b85c','3771f6ca2',255936,1126,1653116278,1653116278);
INSERT INTO player_score VALUES('636d1c1cf',15,'20373b85c','394f66ea7',97088,1787,1654032152,1654032152);
INSERT INTO player_score VALUES('63701ab5d',15,'20373b85c','3967ff4cb',216,1828,1654032466,1654032466);
INSERT INTO player_score VALUES('6052478af',15,'20373b85c','3a1faf3b0',86112,1643,1653948808,1653948808);
INSERT INTO player_score VALUES('50c5d2f91',15,'20373b85c','3dbc01378',387150,1459,1653531427,1653531427);
INSERT INTO player_score VALUES('63b548af0',15,'20373b85c','4233decf3',0,1802,1654039720,1654039720);
INSERT INTO player_score VALUES('49a730b77',15,'20373b85c','44424eda0',546546,1238,1653340310,1653340310);
INSERT INTO player_score VALUES('63ab1bb1f',15,'20373b85c','4c1d8a5a8',448539,1977,1654038653,1654038653);
INSERT INTO player_score VALUES('6168d4268',15,'20373b85c','552385534',223820,1869,1653978016,1653978016);
INSERT INTO player_score VALUES('59dc85b8e',15,'20373b85c','55c0ad459',372600,1551,1653775399,1653775399);
INSERT INTO player_score VALUES('5aaf995f5',15,'20373b85c','5a3cf059f',533,1581,1653797532,1653797532);
INSERT INTO player_score VALUES('4a6f604ac',15,'226412cbf','1109b4b19',179634,1329,1653361301,1653361301);
INSERT INTO player_score VALUES('5313d5707',15,'226412cbf','125ca9262',37772,1415,1653593294,1653593294);
INSERT INTO player_score VALUES('514e9e7f6',15,'226412cbf','16df8a920',0,1286,1653545771,1653545771);
INSERT INTO player_score VALUES('2ffca42b7',15,'226412cbf','18bc2b289',16638,589,1652651338,1652651338);
INSERT INTO player_score VALUES('636b9a5e7',15,'226412cbf','1ac0b9ee7',21648,1785,1654031994,1654031994);
INSERT INTO player_score VALUES('48176b69a',15,'226412cbf','2c2c1b828',209920,1181,1653298391,1653298391);
INSERT INTO player_score VALUES('616d82dc9',15,'226412cbf','338e34410',8232,1717,1653978507,1653978507);
INSERT INTO player_score VALUES('41a9743b2',15,'226412cbf','3771f6ca2',173280,1163,1653125799,1653125799);
INSERT INTO player_score VALUES('63b663e10',15,'226412cbf','394f66ea7',23040,1800,1654039836,1654039836);
INSERT INTO player_score VALUES('637630516',15,'226412cbf','3967ff4cb',28512,1830,1654033104,1654033104);
INSERT INTO player_score VALUES('60d3d60ec',15,'226412cbf','3a1faf3b0',2208,1660,1653962393,1653962393);
INSERT INTO player_score VALUES('50d37d7f4',15,'226412cbf','3dbc01378',108186,1465,1653532860,1653532860);
INSERT INTO player_score VALUES('62b39c532',15,'226412cbf','4233decf3',198555,1744,1654012701,1654012701);
INSERT INTO player_score VALUES('49ba37549',15,'226412cbf','44424eda0',142884,1256,1653342305,1653342305);
INSERT INTO player_score VALUES('63a272e33',15,'226412cbf','4c1d8a5a8',114810,1972,1654037745,1654037745);
INSERT INTO player_score VALUES('614b06bca',15,'226412cbf','552385534',810,1856,1653974891,1653974891);
INSERT INTO player_score VALUES('5a0010d95',15,'226412cbf','55c0ad459',436082,1601,1653779126,1653779126);
INSERT INTO player_score VALUES('5aaf30652',15,'226412cbf','5a3cf059f',122877,1572,1653797489,1653797489);
INSERT INTO player_score VALUES('4a7c5147c',15,'23b7f411d','1109b4b19',13158,1330,1653362658,1653362658);
INSERT INTO player_score VALUES('5f36f15e6',15,'23b7f411d','125ca9262',2520,1666,1653919098,1653919098);
INSERT INTO player_score VALUES('63246bb4b',15,'23b7f411d','16df8a920',359766,1698,1654024530,1654024530);
INSERT INTO player_score VALUES('31aec84e9',15,'23b7f411d','18bc2b289',127270,641,1652696861,1652696861);
INSERT INTO player_score VALUES('5ffa6fc10',15,'23b7f411d','1ac0b9ee7',316540,1700,1653939597,1653939597);
INSERT INTO player_score VALUES('4774e4f5b',15,'23b7f411d','2c2c1b828',0,1152,1653281349,1653281349);
INSERT INTO player_score VALUES('63b4632ec',15,'23b7f411d','338e34410',2772,1807,1654039626,1654039626);
INSERT INTO player_score VALUES('3f80132d1',15,'23b7f411d','3771f6ca2',22632,901,1653067773,1653067773);
INSERT INTO player_score VALUES('5a3a13eed',15,'23b7f411d','394f66ea7',238950,1381,1653785209,1653785209);
INSERT INTO player_score VALUES('6099651c1',15,'23b7f411d','3a1faf3b0',158000,1650,1653956265,1653956265);
INSERT INTO player_score VALUES('4fc1b0b89',15,'23b7f411d','3dbc01378',4320,1386,1653504150,1653504150);
INSERT INTO player_score VALUES('48ce0ec9f',15,'23b7f411d','44424eda0',266475,1063,1653317542,1653317542);
INSERT INTO player_score VALUES('6377c3268',15,'23b7f411d','4c1d8a5a8',29640,1957,1654033269,1654033269);
INSERT INTO player_score VALUES('60fb23139',15,'23b7f411d','552385534',1728,1798,1653966514,1653966514);
INSERT INTO player_score VALUES('59db37426',15,'23b7f411d','55c0ad459',31500,1549,1653775262,1653775262);
INSERT INTO player_score VALUES('5ab1c874d',15,'23b7f411d','5a3cf059f',30705,1620,1653797761,1653797761);
INSERT INTO player_score VALUES('4bb5fd8f5',15,'23c82a770','1109b4b19',20286,1360,1653395549,1653395549);
INSERT INTO player_score VALUES('5dfe82733',15,'23c82a770','125ca9262',111392,1638,1653886337,1653886337);
INSERT INTO player_score VALUES('5ffe0a9cb',15,'23c82a770','16df8a920',232560,1621,1653939975,1653939975);
INSERT INTO player_score VALUES('2d116158f',15,'23c82a770','18bc2b289',41323,519,1652572982,1652572982);
INSERT INTO player_score VALUES('487a55aff',15,'23c82a770','2c2c1b828',3075,1198,1653308763,1653308763);
INSERT INTO player_score VALUES('629ad5880',15,'23c82a770','338e34410',401280,1763,1654010103,1654010103);
INSERT INTO player_score VALUES('60707b7ad',15,'23c82a770','36aaec331',0,1660,1653951975,1653951975);
INSERT INTO player_score VALUES('4145bce54',15,'23c82a770','3771f6ca2',6061,1121,1653115343,1653115343);
INSERT INTO player_score VALUES('6164cb69f',15,'23c82a770','394f66ea7',34960,1700,1653977593,1653977593);
INSERT INTO player_score VALUES('5b8309c72',15,'23c82a770','3967ff4cb',153920,1466,1653819703,1653819703);
INSERT INTO player_score VALUES('5f253bac9',15,'23c82a770','3a1faf3b0',10496,1590,1653917241,1653917241);
INSERT INTO player_score VALUES('50d911b9c',15,'23c82a770','3dbc01378',254016,1467,1653533445,1653533445);
INSERT INTO player_score VALUES('62c52aef7',15,'23c82a770','4233decf3',6624,1747,1654014542,1654014542);
INSERT INTO player_score VALUES('49b105ce1',15,'23c82a770','44424eda0',13872,1248,1653341341,1653341341);
INSERT INTO player_score VALUES('63acb5d99',15,'23c82a770','4c1d8a5a8',423000,1979,1654038821,1654038821);
INSERT INTO player_score VALUES('6170dbcf2',15,'23c82a770','552385534',115752,1873,1653978858,1653978858);
INSERT INTO player_score VALUES('59e4e7b67',15,'23c82a770','55c0ad459',1360,1561,1653776278,1653776278);
INSERT INTO player_score VALUES('5aabcdaf5',15,'23c82a770','5a3cf059f',33120,1526,1653797134,1653797134);
INSERT INTO player_score VALUES('4aa8322fb',15,'2427f6603','1109b4b19',105300,1335,1653367259,1653367259);
INSERT INTO player_score VALUES('54df63ecd',15,'2427f6603','125ca9262',212721,1448,1653641482,1653641482);
INSERT INTO player_score VALUES('62e28807d',15,'2427f6603','16df8a920',142042,1692,1654017621,1654017621);
INSERT INTO player_score VALUES('5cb6acae5',15,'2427f6603','1ac0b9ee7',6664,1625,1653851961,1653851961);
INSERT INTO player_score VALUES('62522523c',15,'2427f6603','338e34410',18972,1750,1654002481,1654002481);
INSERT INTO player_score VALUES('5e440d2f8',15,'2427f6603','36aaec331',252,1575,1653893629,1653893629);
INSERT INTO player_score VALUES('622925872',15,'2427f6603','3967ff4cb',249849,1775,1653998182,1653998182);
INSERT INTO player_score VALUES('61189d7ae',15,'2427f6603','3a1faf3b0',396,1677,1653969605,1653969605);
INSERT INTO player_score VALUES('50b8e1f88',15,'2427f6603','3dbc01378',3080,1457,1653530070,1653530070);
INSERT INTO player_score VALUES('49212ba27',15,'2427f6603','44424eda0',151632,1127,1653326257,1653326257);
INSERT INTO player_score VALUES('634abad50',15,'2427f6603','4c1d8a5a8',12852,1945,1654028547,1654028547);
INSERT INTO player_score VALUES('60dd337fd',15,'2427f6603','552385534',113400,1774,1653963375,1653963375);
INSERT INTO player_score VALUES('59f30502b',15,'2427f6603','55c0ad459',163215,1582,1653777758,1653777758);
INSERT INTO player_score VALUES('5ab004ca7',15,'2427f6603','5a3cf059f',102258,1589,1653797576,1653797576);
INSERT INTO player_score VALUES('4b0131628',15,'26445a386','1109b4b19',230256,1341,1653376591,1653376591);
INSERT INTO player_score VALUES('63a5b36ab',15,'26445a386','125ca9262',138996,1760,1654038086,1654038086);
INSERT INTO player_score VALUES('3192d21e9',15,'26445a386','18bc2b289',211068,636,1652693929,1652693929);
INSERT INTO player_score VALUES('5cd415f7d',15,'26445a386','1ac0b9ee7',0,1630,1653855045,1653855045);
INSERT INTO player_score VALUES('46e85ed67',15,'26445a386','2c2c1b828',315315,1133,1653266614,1653266614);
INSERT INTO player_score VALUES('60015ea68',15,'26445a386','338e34410',1380,1659,1653940324,1653940324);
INSERT INTO player_score VALUES('630ae8f4b',15,'26445a386','36aaec331',5900,1756,1654021855,1654021855);
INSERT INTO player_score VALUES('41419e347',15,'26445a386','3771f6ca2',138744,1117,1653114911,1653114911);
INSERT INTO player_score VALUES('60ba44a36',15,'26445a386','394f66ea7',205842,1671,1653959712,1653959712);
INSERT INTO player_score VALUES('639a7502e',15,'26445a386','3967ff4cb',105825,1834,1654036907,1654036907);
INSERT INTO player_score VALUES('5f75a80b2',15,'26445a386','3a1faf3b0',193492,1608,1653925674,1653925674);
INSERT INTO player_score VALUES('500aaa5ff',15,'26445a386','3dbc01378',254016,1408,1653511802,1653511802);
INSERT INTO player_score VALUES('6180f9c98',15,'26445a386','4233decf3',100016,1678,1653980548,1653980548);
INSERT INTO player_score VALUES('482ffa09d',15,'26445a386','44424eda0',53760,929,1653300966,1653300966);
INSERT INTO player_score VALUES('621d12b7d',15,'26445a386','4c1d8a5a8',422928,1832,1653996916,1653996916);
INSERT INTO player_score VALUES('6166fcf33',15,'26445a386','552385534',234175,1867,1653977823,1653977823);
INSERT INTO player_score VALUES('59fdc4772',15,'26445a386','55c0ad459',29145,1594,1653778885,1653778885);
INSERT INTO player_score VALUES('5aa99267b',15,'26445a386','5a3cf059f',56658,1497,1653796900,1653796900);
INSERT INTO player_score VALUES('4e656893d',15,'26c9db75b','1109b4b19',15000,1406,1653467630,1653467630);
INSERT INTO player_score VALUES('5d0770eea',15,'26c9db75b','125ca9262',176400,1620,1653860430,1653860430);
INSERT INTO player_score VALUES('63a652191',15,'26c9db75b','16df8a920',191268,1710,1654038151,1654038151);
INSERT INTO player_score VALUES('636b07e11',15,'26c9db75b','1ac0b9ee7',214020,1784,1654031934,1654031934);
INSERT INTO player_score VALUES('495aa38d1',15,'26c9db75b','2c2c1b828',0,1237,1653332283,1653332283);
INSERT INTO player_score VALUES('61c3c07f0',15,'26c9db75b','338e34410',150975,1732,1653987550,1653987550);
INSERT INTO player_score VALUES('63298f9e8',15,'26c9db75b','36aaec331',7800,1761,1654025069,1654025069);
INSERT INTO player_score VALUES('41035a3e5',15,'26c9db75b','3771f6ca2',134550,1085,1653108382,1653108382);
INSERT INTO player_score VALUES('61f494823',15,'26c9db75b','394f66ea7',57970,1726,1653992670,1653992670);
INSERT INTO player_score VALUES('626a0b4d7',15,'26c9db75b','3967ff4cb',6480,1787,1654004987,1654004987);
INSERT INTO player_score VALUES('60a3d8e44',15,'26c9db75b','3a1faf3b0',1520,1653,1653957361,1653957361);
INSERT INTO player_score VALUES('4de81fd23',15,'26c9db75b','3dbc01378',4745,1254,1653454493,1653454493);
INSERT INTO player_score VALUES('627014b55',15,'26c9db75b','4233decf3',4928,1725,1654005620,1654005620);
INSERT INTO player_score VALUES('49b4883f3',15,'26c9db75b','44424eda0',63365,1252,1653341709,1653341709);
INSERT INTO player_score VALUES('63c1b846e',15,'26c9db75b','4c1d8a5a8',331890,1984,1654041024,1654041024);
INSERT INTO player_score VALUES('6172897cd',15,'26c9db75b','552385534',54464,1874,1653979034,1653979034);
INSERT INTO player_score VALUES('599af02c6',15,'26c9db75b','55c0ad459',11220,1449,1653768522,1653768522);
INSERT INTO player_score VALUES('5aac5b491',15,'26c9db75b','5a3cf059f',353760,1532,1653797192,1653797192);
INSERT INTO player_score VALUES('502fa8922',15,'2741d6ccd','1109b4b19',206435,1442,1653515681,1653515681);
INSERT INTO player_score VALUES('6389dcf0f',15,'2741d6ccd','125ca9262',19118,1759,1654035167,1654035167);
INSERT INTO player_score VALUES('5e542b2a2',15,'2741d6ccd','16df8a920',124410,1586,1653895319,1653895319);
INSERT INTO player_score VALUES('314a21b59',15,'2741d6ccd','18bc2b289',12558,626,1652686307,1652686307);
INSERT INTO player_score VALUES('62ee73caf',15,'2741d6ccd','1ac0b9ee7',373500,1775,1654018871,1654018871);
INSERT INTO player_score VALUES('456942ad8',15,'2741d6ccd','2c2c1b828',94164,1080,1653226442,1653226442);
INSERT INTO player_score VALUES('62491d223',15,'2741d6ccd','338e34410',57728,1749,1654001534,1654001534);
INSERT INTO player_score VALUES('5f54ada99',15,'2741d6ccd','36aaec331',22932,1619,1653922216,1653922216);
INSERT INTO player_score VALUES('40b9fc845',15,'2741d6ccd','3771f6ca2',23940,1043,1653100689,1653100689);
INSERT INTO player_score VALUES('62879456c',15,'2741d6ccd','394f66ea7',93873,1751,1654008084,1654008084);
INSERT INTO player_score VALUES('60b2a3810',15,'2741d6ccd','3a1faf3b0',294567,1656,1653958912,1653958912);
INSERT INTO player_score VALUES('508fdd7a2',15,'2741d6ccd','3dbc01378',118575,1442,1653525769,1653525769);
INSERT INTO player_score VALUES('61c93c523',15,'2741d6ccd','4233decf3',39312,1696,1653988125,1653988125);
INSERT INTO player_score VALUES('63048ef80',15,'2741d6ccd','4c1d8a5a8',183768,1916,1654021189,1654021189);
INSERT INTO player_score VALUES('6172c8f60',15,'2741d6ccd','552385534',5046,1875,1653979060,1653979060);
INSERT INTO player_score VALUES('59d947a52',15,'2741d6ccd','55c0ad459',376680,1546,1653775059,1653775059);
INSERT INTO player_score VALUES('5e36b0c52',15,'277a00410','125ca9262',124250,1642,1653892228,1653892228);
INSERT INTO player_score VALUES('32d466564',15,'277a00410','18bc2b289',35696,664,1652727649,1652727649);
INSERT INTO player_score VALUES('62e455732',15,'277a00410','1ac0b9ee7',0,1773,1654017810,1654017810);
INSERT INTO player_score VALUES('49c4ab1ea',15,'277a00410','2c2c1b828',78948,1249,1653343401,1653343401);
INSERT INTO player_score VALUES('620a75190',15,'277a00410','338e34410',327600,1742,1653994964,1653994964);
INSERT INTO player_score VALUES('5fdf0726e',15,'277a00410','36aaec331',133500,1645,1653936723,1653936723);
INSERT INTO player_score VALUES('41497c5b8',15,'277a00410','3771f6ca2',456489,1124,1653115736,1653115736);
INSERT INTO player_score VALUES('616ad743c',15,'277a00410','394f66ea7',21750,1705,1653978227,1653978227);
INSERT INTO player_score VALUES('5ce2b4a57',15,'277a00410','3967ff4cb',22320,1520,1653856578,1653856578);
INSERT INTO player_score VALUES('602e29ee6',15,'277a00410','3a1faf3b0',7705,1639,1653945021,1653945021);
INSERT INTO player_score VALUES('4f6a752fe',15,'277a00410','3dbc01378',2464,1363,1653495003,1653495003);
INSERT INTO player_score VALUES('6149df567',15,'277a00410','4233decf3',233920,1675,1653974770,1653974770);
INSERT INTO player_score VALUES('498f174a2',15,'277a00410','44424eda0',152500,1221,1653337783,1653337783);
INSERT INTO player_score VALUES('632f4fca1',15,'277a00410','4c1d8a5a8',3060,1937,1654025672,1654025672);
INSERT INTO player_score VALUES('611e73997',15,'277a00410','552385534',28560,1824,1653970217,1653970217);
INSERT INTO player_score VALUES('59370a754',15,'277a00410','55c0ad459',173745,1323,1653758047,1653758047);
INSERT INTO player_score VALUES('5ab0f40f5',15,'277a00410','5a3cf059f',211140,1609,1653797674,1653797674);
INSERT INTO player_score VALUES('4fd363fb3',15,'2998206c8','1109b4b19',79808,1437,1653506006,1653506006);
INSERT INTO player_score VALUES('5f6dfab87',15,'2998206c8','125ca9262',51175,1670,1653924869,1653924869);
INSERT INTO player_score VALUES('62290aac9',15,'2998206c8','16df8a920',642528,1669,1653998171,1653998171);
INSERT INTO player_score VALUES('31e26a187',15,'2998206c8','18bc2b289',3588,644,1652702275,1652702275);
INSERT INTO player_score VALUES('62004337c',15,'2998206c8','1ac0b9ee7',179095,1747,1653993895,1653993895);
INSERT INTO player_score VALUES('461fe60ad',15,'2998206c8','2c2c1b828',130065,1105,1653245593,1653245593);
INSERT INTO player_score VALUES('63957d081',15,'2998206c8','338e34410',234728,1801,1654036386,1654036386);
INSERT INTO player_score VALUES('6211bbe0f',15,'2998206c8','36aaec331',283528,1720,1653995727,1653995727);
INSERT INTO player_score VALUES('416245949',15,'2998206c8','3771f6ca2',84065,1135,1653118335,1653118335);
INSERT INTO player_score VALUES('6320c7156',15,'2998206c8','394f66ea7',21840,1777,1654024148,1654024148);
INSERT INTO player_score VALUES('607f94398',15,'2998206c8','3967ff4cb',18522,1692,1653953558,1653953558);
INSERT INTO player_score VALUES('616ed3c66',15,'2998206c8','3a1faf3b0',49980,1691,1653978645,1653978645);
INSERT INTO player_score VALUES('5036c0fbb',15,'2998206c8','3dbc01378',6150,1420,1653516425,1653516425);
INSERT INTO player_score VALUES('61c6254f0',15,'2998206c8','4233decf3',134064,1694,1653987801,1653987801);
INSERT INTO player_score VALUES('6350b327c',15,'2998206c8','4c1d8a5a8',44460,1947,1654029173,1654029173);
INSERT INTO player_score VALUES('6098cb4d0',15,'2998206c8','552385534',311550,1734,1653956202,1653956202);
INSERT INTO player_score VALUES('5aa4931b3',15,'2998206c8','5a3cf059f',518154,1420,1653796376,1653796376);
INSERT INTO player_score VALUES('4e7703660',15,'29d13b917','1109b4b19',207200,1407,1653469476,1653469476);
INSERT INTO player_score VALUES('582f969a0',15,'29d13b917','125ca9262',0,1517,1653730422,1653730422);
INSERT INTO player_score VALUES('5cc5292d1',15,'29d13b917','16df8a920',143360,1543,1653853480,1653853480);
INSERT INTO player_score VALUES('30704b1ea',15,'29d13b917','18bc2b289',119340,602,1652663465,1652663465);
INSERT INTO player_score VALUES('4993f9479',15,'29d13b917','2c2c1b828',403704,1245,1653338295,1653338295);
INSERT INTO player_score VALUES('5e0be14c2',15,'29d13b917','338e34410',101640,1574,1653887739,1653887739);
INSERT INTO player_score VALUES('41820ec46',15,'29d13b917','3771f6ca2',792000,1147,1653121668,1653121668);
INSERT INTO player_score VALUES('5a3dac559',15,'29d13b917','394f66ea7',46332,1382,1653785586,1653785586);
INSERT INTO player_score VALUES('60ec38b97',15,'29d13b917','3a1faf3b0',2664,1669,1653964950,1653964950);
INSERT INTO player_score VALUES('4f4632f6a',15,'29d13b917','3dbc01378',121186,1354,1653491201,1653491201);
INSERT INTO player_score VALUES('624810952',15,'29d13b917','4233decf3',80640,1718,1654001424,1654001424);
INSERT INTO player_score VALUES('49375ccd6',15,'29d13b917','44424eda0',22100,1144,1653328584,1653328584);
INSERT INTO player_score VALUES('6247178b2',15,'29d13b917','4c1d8a5a8',184437,1846,1654001322,1654001322);
INSERT INTO player_score VALUES('60cb5e12a',15,'29d13b917','552385534',7452,1762,1653961505,1653961505);
INSERT INTO player_score VALUES('59bc70d89',15,'29d13b917','55c0ad459',13770,1509,1653772035,1653772035);
INSERT INTO player_score VALUES('5aadd3429',15,'29d13b917','5a3cf059f',464645,1555,1653797346,1653797346);
INSERT INTO player_score VALUES('4f057e025',15,'2ae9d9f3a','1109b4b19',19684,1419,1653484416,1653484416);
INSERT INTO player_score VALUES('617579728',15,'2ae9d9f3a','125ca9262',160325,1715,1653979342,1653979342);
INSERT INTO player_score VALUES('639eb84c0',15,'2ae9d9f3a','16df8a920',47376,1709,1654037354,1654037354);
INSERT INTO player_score VALUES('31f0b34f2',15,'2ae9d9f3a','18bc2b289',65450,646,1652703773,1652703773);
INSERT INTO player_score VALUES('5e43cdb45',15,'2ae9d9f3a','1ac0b9ee7',153216,1667,1653893603,1653893603);
INSERT INTO player_score VALUES('4839e9fbc',15,'2ae9d9f3a','2c2c1b828',145800,1187,1653302008,1653302008);
INSERT INTO player_score VALUES('610278874',15,'2ae9d9f3a','338e34410',207207,1700,1653967283,1653967283);
INSERT INTO player_score VALUES('62eeb8264',15,'2ae9d9f3a','36aaec331',207480,1751,1654018899,1654018899);
INSERT INTO player_score VALUES('4169e1ce0',15,'2ae9d9f3a','3771f6ca2',8658,1139,1653119133,1653119133);
INSERT INTO player_score VALUES('63164bf9c',15,'2ae9d9f3a','394f66ea7',52500,1773,1654023049,1654023049);
INSERT INTO player_score VALUES('633fa10b4',15,'2ae9d9f3a','3967ff4cb',420036,1821,1654027383,1654027383);
INSERT INTO player_score VALUES('600c60080',15,'2ae9d9f3a','3a1faf3b0',322080,1633,1653941478,1653941478);
INSERT INTO player_score VALUES('50d7d1e68',15,'2ae9d9f3a','3dbc01378',69445,1466,1653533314,1653533314);
INSERT INTO player_score VALUES('49b48ab35',15,'2ae9d9f3a','44424eda0',101388,1253,1653341710,1653341710);
INSERT INTO player_score VALUES('62b330e66',15,'2ae9d9f3a','4c1d8a5a8',31407,1889,1654012657,1654012657);
INSERT INTO player_score VALUES('6139bc7b2',15,'2ae9d9f3a','552385534',2014,1840,1653973078,1653973078);
INSERT INTO player_score VALUES('59c381ebc',15,'2ae9d9f3a','55c0ad459',603288,1520,1653772776,1653772776);
INSERT INTO player_score VALUES('5aa71ef77',15,'2ae9d9f3a','5a3cf059f',5390,1453,1653796643,1653796643);
INSERT INTO player_score VALUES('45fac0c32',15,'2ba256f22','1109b4b19',595584,1223,1653241698,1653241698);
INSERT INTO player_score VALUES('63a5d80a9',15,'2ba256f22','125ca9262',95542,1761,1654038101,1654038101);
INSERT INTO player_score VALUES('61df020d9',15,'2ba256f22','16df8a920',441180,1660,1653990408,1653990408);
INSERT INTO player_score VALUES('322a6845e',15,'2ba256f22','18bc2b289',21294,652,1652709824,1652709824);
INSERT INTO player_score VALUES('624f0bb1e',15,'2ba256f22','1ac0b9ee7',66378,1754,1654002156,1654002156);
INSERT INTO player_score VALUES('48c51cbf3',15,'2ba256f22','2c2c1b828',99528,1212,1653316604,1653316604);
INSERT INTO player_score VALUES('625750618',15,'2ba256f22','338e34410',44082,1752,1654003023,1654003023);
INSERT INTO player_score VALUES('5fc9ffd7f',15,'2ba256f22','36aaec331',98685,1641,1653934518,1653934518);
INSERT INTO player_score VALUES('40cc0a183',15,'2ba256f22','3771f6ca2',251920,1050,1653102582,1653102582);
INSERT INTO player_score VALUES('61c68bd78',15,'2ba256f22','3967ff4cb',29700,1757,1653987843,1653987843);
INSERT INTO player_score VALUES('613041b54',15,'2ba256f22','3a1faf3b0',205425,1680,1653972084,1653972084);
INSERT INTO player_score VALUES('4f436eefc',15,'2ba256f22','3dbc01378',4620,1351,1653490911,1653490911);
INSERT INTO player_score VALUES('62628ecef',15,'2ba256f22','4233decf3',29260,1724,1654004202,1654004202);
INSERT INTO player_score VALUES('496a1df7e',15,'2ba256f22','44424eda0',157500,1184,1653333906,1653333906);
INSERT INTO player_score VALUES('632b18b0c',15,'2ba256f22','4c1d8a5a8',48960,1935,1654025230,1654025230);
INSERT INTO player_score VALUES('6178780a9',15,'2ba256f22','552385534',21850,1879,1653979656,1653979656);
INSERT INTO player_score VALUES('59f8d1618',15,'2ba256f22','55c0ad459',48640,1588,1653778366,1653778366);
INSERT INTO player_score VALUES('5aafa8032',15,'2ba256f22','5a3cf059f',172482,1583,1653797538,1653797538);
INSERT INTO player_score VALUES('4f9f8eeed',15,'2d2f62005','1109b4b19',96288,1430,1653500571,1653500571);
INSERT INTO player_score VALUES('5f9874bc3',15,'2d2f62005','125ca9262',5780,1673,1653929323,1653929323);
INSERT INTO player_score VALUES('5e4b73b59',15,'2d2f62005','16df8a920',311148,1585,1653894405,1653894405);
INSERT INTO player_score VALUES('328c9b6b4',15,'2d2f62005','18bc2b289',26550,659,1652720121,1652720121);
INSERT INTO player_score VALUES('604ec78cd',15,'2d2f62005','1ac0b9ee7',27880,1705,1653948441,1653948441);
INSERT INTO player_score VALUES('6279a3042',15,'2d2f62005','338e34410',20196,1756,1654006622,1654006622);
INSERT INTO player_score VALUES('6148e8c03',15,'2d2f62005','36aaec331',205632,1697,1653974669,1653974669);
INSERT INTO player_score VALUES('417e6548f',15,'2d2f62005','3771f6ca2',99528,1146,1653121284,1653121284);
INSERT INTO player_score VALUES('60f1d927e',15,'2d2f62005','394f66ea7',166518,1677,1653965540,1653965540);
INSERT INTO player_score VALUES('6092b8202',15,'2d2f62005','3a1faf3b0',250746,1648,1653955565,1653955565);
INSERT INTO player_score VALUES('4ea06bfcb',15,'2d2f62005','3dbc01378',338,1301,1653473818,1653473818);
INSERT INTO player_score VALUES('62e8657f3',15,'2d2f62005','4233decf3',407484,1753,1654018236,1654018236);
INSERT INTO player_score VALUES('49bdd97eb',15,'2d2f62005','44424eda0',42320,1259,1653342686,1653342686);
INSERT INTO player_score VALUES('6376faf39',15,'2d2f62005','4c1d8a5a8',10625,1956,1654033187,1654033187);
INSERT INTO player_score VALUES('6059785ef',15,'2d2f62005','552385534',202475,1702,1653949562,1653949562);
INSERT INTO player_score VALUES('5aaf83653',15,'2d2f62005','5a3cf059f',165385,1579,1653797523,1653797523);
INSERT INTO player_score VALUES('4f462e0f1',15,'2d45959bd','1109b4b19',2240,1423,1653491199,1653491199);
INSERT INTO player_score VALUES('62acd6e87',15,'2d45959bd','125ca9262',88560,1737,1654011991,1654011991);
INSERT INTO player_score VALUES('6329417e1',15,'2d45959bd','16df8a920',424175,1699,1654025037,1654025037);
INSERT INTO player_score VALUES('32b1813b5',15,'2d45959bd','18bc2b289',6048,662,1652723990,1652723990);
INSERT INTO player_score VALUES('588142cd6',15,'2d45959bd','1ac0b9ee7',258720,1505,1653738986,1653738986);
INSERT INTO player_score VALUES('48bdee60e',15,'2d45959bd','2c2c1b828',50388,1211,1653315851,1653315851);
INSERT INTO player_score VALUES('616e7e52e',15,'2d45959bd','338e34410',208680,1718,1653978610,1653978610);
INSERT INTO player_score VALUES('5ea048094',15,'2d45959bd','36aaec331',20090,1591,1653903300,1653903300);
INSERT INTO player_score VALUES('4007bc305',15,'2d45959bd','3771f6ca2',130975,972,1653081998,1653081998);
INSERT INTO player_score VALUES('5d415b9c9',15,'2d45959bd','394f66ea7',150822,1519,1653866503,1653866503);
INSERT INTO player_score VALUES('5d416f227',15,'2d45959bd','3a1faf3b0',64614,1497,1653866511,1653866511);
INSERT INTO player_score VALUES('503a60b63',15,'2d45959bd','3dbc01378',439824,1421,1653516805,1653516805);
INSERT INTO player_score VALUES('497c41837',15,'2d45959bd','44424eda0',36600,1206,1653335808,1653335808);
INSERT INTO player_score VALUES('60f04b327',15,'2d45959bd','4c1d8a5a8',17600,1733,1653965377,1653965377);
INSERT INTO player_score VALUES('617f25090',15,'2d45959bd','552385534',20672,1886,1653980356,1653980356);
INSERT INTO player_score VALUES('59bb88e6f',15,'2d45959bd','55c0ad459',640,1503,1653771940,1653771940);
INSERT INTO player_score VALUES('5aa344a39',15,'2d45959bd','5a3cf059f',65184,1408,1653796239,1653796239);
INSERT INTO player_score VALUES('4a214a0a6',15,'2df2b6e28','1109b4b19',19656,1321,1653353113,1653353113);
INSERT INTO player_score VALUES('6313fd2a0',15,'2df2b6e28','125ca9262',296088,1744,1654022807,1654022807);
INSERT INTO player_score VALUES('63a99ed69',15,'2df2b6e28','16df8a920',15300,1711,1654038497,1654038497);
INSERT INTO player_score VALUES('32e311365',15,'2df2b6e28','18bc2b289',48180,665,1652729187,1652729187);
INSERT INTO player_score VALUES('600d1726a',15,'2df2b6e28','1ac0b9ee7',125952,1702,1653941553,1653941553);
INSERT INTO player_score VALUES('49efaddc4',15,'2df2b6e28','2c2c1b828',3040,1254,1653347911,1653347911);
INSERT INTO player_score VALUES('61edc2e43',15,'2df2b6e28','338e34410',279864,1738,1653991955,1653991955);
INSERT INTO player_score VALUES('5614b2109',15,'2df2b6e28','36aaec331',0,1252,1653673915,1653673915);
INSERT INTO player_score VALUES('4106f51b8',15,'2df2b6e28','3771f6ca2',3290,1087,1653108760,1653108760);
INSERT INTO player_score VALUES('5dcbab51c',15,'2df2b6e28','394f66ea7',18620,1533,1653881006,1653881006);
INSERT INTO player_score VALUES('6316c39b5',15,'2df2b6e28','3967ff4cb',62160,1815,1654023098,1654023098);
INSERT INTO player_score VALUES('61973c03d',15,'2df2b6e28','3a1faf3b0',81345,1699,1653982882,1653982882);
INSERT INTO player_score VALUES('504eff0d4',15,'2df2b6e28','3dbc01378',597520,1427,1653518967,1653518967);
INSERT INTO player_score VALUES('623aca24f',15,'2df2b6e28','4233decf3',125496,1714,1654000032,1654000032);
INSERT INTO player_score VALUES('49ad96e87',15,'2df2b6e28','44424eda0',50830,1242,1653340981,1653340981);
INSERT INTO player_score VALUES('63ad807da',15,'2df2b6e28','4c1d8a5a8',78850,1980,1654038904,1654038904);
INSERT INTO player_score VALUES('6041b1ed6',15,'2df2b6e28','552385534',92160,1687,1653947069,1653947069);
INSERT INTO player_score VALUES('59fe5e496',15,'2df2b6e28','55c0ad459',44022,1596,1653778948,1653778948);
INSERT INTO player_score VALUES('5aafaf569',15,'2df2b6e28','5a3cf059f',6048,1584,1653797541,1653797541);
INSERT INTO player_score VALUES('61c798618',15,'2e215e401','16df8a920',5472,1658,1653987953,1653987953);
INSERT INTO player_score VALUES('332a9552d',15,'2e215e401','18bc2b289',47376,674,1652736686,1652736686);
INSERT INTO player_score VALUES('433873c53',15,'2e215e401','2c2c1b828',248248,999,1653167637,1653167637);
INSERT INTO player_score VALUES('62200c6cc',15,'2e215e401','338e34410',50625,1743,1653997228,1653997228);
INSERT INTO player_score VALUES('62c281cb0',15,'2e215e401','36aaec331',255960,1741,1654014263,1654014263);
INSERT INTO player_score VALUES('41213b2b2',15,'2e215e401','3771f6ca2',2352,1103,1653111515,1653111515);
INSERT INTO player_score VALUES('628589e16',15,'2e215e401','394f66ea7',1000,1750,1654007870,1654007870);
INSERT INTO player_score VALUES('6329158fc',15,'2e215e401','3967ff4cb',0,1817,1654025019,1654025019);
INSERT INTO player_score VALUES('609351ee4',15,'2e215e401','3a1faf3b0',198594,1649,1653955628,1653955628);
INSERT INTO player_score VALUES('4edfc8b40',15,'2e215e401','3dbc01378',284700,1313,1653480462,1653480462);
INSERT INTO player_score VALUES('498cc6074',15,'2e215e401','44424eda0',205114,1216,1653337540,1653337540);
INSERT INTO player_score VALUES('63681097b',15,'2e215e401','4c1d8a5a8',265824,1952,1654031623,1654031623);
INSERT INTO player_score VALUES('6176ca5cf',15,'2e215e401','552385534',91512,1877,1653979480,1653979480);
INSERT INTO player_score VALUES('59fadbd9a',15,'2e215e401','55c0ad459',104400,1590,1653778580,1653778580);
INSERT INTO player_score VALUES('5ab083bdc',15,'2e215e401','5a3cf059f',20608,1602,1653797628,1653797628);
INSERT INTO player_score VALUES('4de8e8044',15,'2e29b67e8','1109b4b19',165300,1399,1653454575,1653454575);
INSERT INTO player_score VALUES('63b953d3b',15,'2e29b67e8','125ca9262',104517,1764,1654040144,1654040144);
INSERT INTO player_score VALUES('5de9f7ac7',15,'2e29b67e8','16df8a920',65800,1569,1653884183,1653884183);
INSERT INTO player_score VALUES('3301b7e24',15,'2e29b67e8','18bc2b289',407592,670,1652732401,1652732401);
INSERT INTO player_score VALUES('63a562dbb',15,'2e29b67e8','1ac0b9ee7',7695,1791,1654038053,1654038053);
INSERT INTO player_score VALUES('485a45a9b',15,'2e29b67e8','2c2c1b828',408900,1194,1653305401,1653305401);
INSERT INTO player_score VALUES('612346f42',15,'2e29b67e8','36aaec331',15015,1691,1653970723,1653970723);
INSERT INTO player_score VALUES('6362e2ee0',15,'2e29b67e8','394f66ea7',21360,1785,1654031080,1654031080);
INSERT INTO player_score VALUES('61c2c50af',15,'2e29b67e8','3967ff4cb',132192,1756,1653987447,1653987447);
INSERT INTO player_score VALUES('61395ad13',15,'2e29b67e8','3a1faf3b0',105092,1683,1653973038,1653973038);
INSERT INTO player_score VALUES('63b401836',15,'2e29b67e8','4233decf3',18860,1801,1654039586,1654039586);
INSERT INTO player_score VALUES('6175f5f54',15,'2e29b67e8','552385534',23085,1876,1653979393,1653979393);
INSERT INTO player_score VALUES('59ec3845c',15,'2e29b67e8','55c0ad459',6156,1576,1653777045,1653777045);
INSERT INTO player_score VALUES('5ab0ad429',15,'2e29b67e8','5a3cf059f',141312,1605,1653797645,1653797645);
INSERT INTO player_score VALUES('4c11c0c3c',15,'2e953d599','1109b4b19',253080,1368,1653405171,1653405171);
INSERT INTO player_score VALUES('61c2e2593',15,'2e953d599','125ca9262',7182,1723,1653987459,1653987459);
INSERT INTO player_score VALUES('63759dd90',15,'2e953d599','16df8a920',210210,1705,1654033044,1654033044);
INSERT INTO player_score VALUES('32f1de46d',15,'2e953d599','18bc2b289',286528,668,1652730739,1652730739);
INSERT INTO player_score VALUES('6170d207a',15,'2e953d599','1ac0b9ee7',67704,1733,1653978854,1653978854);
INSERT INTO player_score VALUES('48e66a231',15,'2e953d599','2c2c1b828',191232,1218,1653320096,1653320096);
INSERT INTO player_score VALUES('5dd4ce304',15,'2e953d599','36aaec331',262400,1555,1653881964,1653881964);
INSERT INTO player_score VALUES('41ae897fc',15,'2e953d599','3771f6ca2',469278,1167,1653126332,1653126332);
INSERT INTO player_score VALUES('566bb7e34',15,'2e953d599','394f66ea7',5720,1230,1653683040,1653683040);
INSERT INTO player_score VALUES('5cdcf95c7',15,'2e953d599','3a1faf3b0',85680,1475,1653855977,1653855977);
INSERT INTO player_score VALUES('5085059c1',15,'2e953d599','3dbc01378',207400,1440,1653524632,1653524632);
INSERT INTO player_score VALUES('636c03557',15,'2e953d599','4233decf3',141726,1782,1654032037,1654032037);
INSERT INTO player_score VALUES('497f84782',15,'2e953d599','44424eda0',83160,1208,1653336150,1653336150);
INSERT INTO player_score VALUES('61099f91c',15,'2e953d599','552385534',28224,1808,1653968033,1653968033);
INSERT INTO player_score VALUES('59e136e89',15,'2e953d599','55c0ad459',31525,1559,1653775891,1653775891);
INSERT INTO player_score VALUES('5ab01ac42',15,'2e953d599','5a3cf059f',102340,1590,1653797585,1653797585);
INSERT INTO player_score VALUES('4f7244b32',15,'31b191341','1109b4b19',312543,1427,1653495822,1653495822);
INSERT INTO player_score VALUES('5da53c747',15,'31b191341','125ca9262',531864,1628,1653876976,1653876976);
INSERT INTO player_score VALUES('58ad82ed3',15,'31b191341','16df8a920',225990,1449,1653743626,1653743626);
INSERT INTO player_score VALUES('31c5eb2b1',15,'31b191341','18bc2b289',198387,643,1652699287,1652699287);
INSERT INTO player_score VALUES('5f7367e3b',15,'31b191341','1ac0b9ee7',0,1695,1653925438,1653925438);
INSERT INTO player_score VALUES('49779efbe',15,'31b191341','2c2c1b828',54180,1240,1653335322,1653335322);
INSERT INTO player_score VALUES('60d6708e4',15,'31b191341','338e34410',63591,1694,1653962666,1653962666);
INSERT INTO player_score VALUES('624012aaa',15,'31b191341','36aaec331',542619,1725,1654000586,1654000586);
INSERT INTO player_score VALUES('415b395e1',15,'31b191341','3771f6ca2',136701,1134,1653117596,1653117596);
INSERT INTO player_score VALUES('5098f1b23',15,'31b191341','3dbc01378',57618,1448,1653526721,1653526721);
INSERT INTO player_score VALUES('62347eced',15,'31b191341','4233decf3',64296,1713,1653999372,1653999372);
INSERT INTO player_score VALUES('49b09584b',15,'31b191341','44424eda0',514892,1246,1653341295,1653341295);
INSERT INTO player_score VALUES('63129163a',15,'31b191341','4c1d8a5a8',332100,1924,1654022658,1654022658);
INSERT INTO player_score VALUES('60a291bc5',15,'31b191341','552385534',43680,1739,1653957227,1653957227);
INSERT INTO player_score VALUES('5aae8f432',15,'31b191341','5a3cf059f',153792,1564,1653797423,1653797423);
INSERT INTO player_score VALUES('4b8450443',15,'33c9af4eb','1109b4b19',111800,1357,1653390340,1653390340);
INSERT INTO player_score VALUES('6383a0416',15,'33c9af4eb','16df8a920',255024,1708,1654034513,1654034513);
INSERT INTO player_score VALUES('62c71cffd',15,'33c9af4eb','1ac0b9ee7',22000,1770,1654014746,1654014746);
INSERT INTO player_score VALUES('462c0c694',15,'33c9af4eb','2c2c1b828',544480,1107,1653246867,1653246867);
INSERT INTO player_score VALUES('5ebe5c3ae',15,'33c9af4eb','338e34410',8932,1607,1653906454,1653906454);
INSERT INTO player_score VALUES('5f3d837c4',15,'33c9af4eb','36aaec331',44352,1613,1653919787,1653919787);
INSERT INTO player_score VALUES('410304cfe',15,'33c9af4eb','3771f6ca2',199800,1084,1653108347,1653108347);
INSERT INTO player_score VALUES('617002824',15,'33c9af4eb','394f66ea7',311751,1706,1653978769,1653978769);
INSERT INTO player_score VALUES('620cb2d24',15,'33c9af4eb','3967ff4cb',154000,1763,1653995199,1653995199);
INSERT INTO player_score VALUES('4e517c78e',15,'33c9af4eb','3dbc01378',78200,1278,1653465541,1653465541);
INSERT INTO player_score VALUES('5c7b4a0a5',15,'33c9af4eb','4233decf3',37500,1430,1653845734,1653845734);
INSERT INTO player_score VALUES('49659b2c1',15,'33c9af4eb','44424eda0',101520,1178,1653333433,1653333433);
INSERT INTO player_score VALUES('633d4fc70',15,'33c9af4eb','4c1d8a5a8',20064,1943,1654027140,1654027140);
INSERT INTO player_score VALUES('6107e81e3',15,'33c9af4eb','552385534',3996,1807,1653967853,1653967853);
INSERT INTO player_score VALUES('59deea867',15,'33c9af4eb','55c0ad459',142013,1555,1653775650,1653775650);
INSERT INTO player_score VALUES('4ea454f88',15,'3610465cf','1109b4b19',56550,1413,1653474228,1653474228);
INSERT INTO player_score VALUES('61034f5f8',15,'3610465cf','125ca9262',6528,1706,1653967371,1653967371);
INSERT INTO player_score VALUES('5e0bba3e0',15,'3610465cf','16df8a920',257103,1577,1653887723,1653887723);
INSERT INTO player_score VALUES('58af44258',15,'3610465cf','1ac0b9ee7',242556,1508,1653743810,1653743810);
INSERT INTO player_score VALUES('466411378',15,'3610465cf','2c2c1b828',276276,1112,1653252741,1653252741);
INSERT INTO player_score VALUES('60bc2f5d0',15,'3610465cf','338e34410',442224,1685,1653959913,1653959913);
INSERT INTO player_score VALUES('60c2ab861',15,'3610465cf','36aaec331',49487,1675,1653960593,1653960593);
INSERT INTO player_score VALUES('417121462',15,'3610465cf','3771f6ca2',6664,1141,1653119893,1653119893);
INSERT INTO player_score VALUES('628abc707',15,'3610465cf','394f66ea7',569511,1753,1654008415,1654008415);
INSERT INTO player_score VALUES('624ca2044',15,'3610465cf','3967ff4cb',94392,1782,1654001903,1654001903);
INSERT INTO player_score VALUES('547742332',15,'3610465cf','3a1faf3b0',291460,1135,1653630563,1653630563);
INSERT INTO player_score VALUES('639b88e38',15,'3610465cf','4233decf3',59787,1793,1654037020,1654037020);
INSERT INTO player_score VALUES('4861e93d7',15,'3610465cf','44424eda0',34848,972,1653306202,1653306202);
INSERT INTO player_score VALUES('63b5aa54b',15,'3610465cf','4c1d8a5a8',138736,1982,1654039760,1654039760);
INSERT INTO player_score VALUES('5ce07476d',15,'3610465cf','552385534',81600,1162,1653856342,1653856342);
INSERT INTO player_score VALUES('59bbb4d9d',15,'3610465cf','55c0ad459',139564,1505,1653771958,1653771958);
INSERT INTO player_score VALUES('5ab05a3cb',15,'3610465cf','5a3cf059f',117183,1599,1653797611,1653797611);
INSERT INTO player_score VALUES('4d6bd9d6f',15,'370916a7f','1109b4b19',5922,1390,1653441462,1653441462);
INSERT INTO player_score VALUES('618bc0927',15,'370916a7f','125ca9262',117624,1718,1653981678,1653981678);
INSERT INTO player_score VALUES('5d109d933',15,'370916a7f','16df8a920',875037,1550,1653861392,1653861392);
INSERT INTO player_score VALUES('48500044f',15,'370916a7f','2c2c1b828',62640,1193,1653304324,1653304324);
INSERT INTO player_score VALUES('632d05de7',15,'370916a7f','338e34410',52785,1784,1654025432,1654025432);
INSERT INTO player_score VALUES('5d480d79a',15,'370916a7f','36aaec331',15228,1534,1653867205,1653867205);
INSERT INTO player_score VALUES('416345ecf',15,'370916a7f','3771f6ca2',480624,1136,1653118440,1653118440);
INSERT INTO player_score VALUES('6263a03fe',15,'370916a7f','394f66ea7',25080,1744,1654004314,1654004314);
INSERT INTO player_score VALUES('636f5283b',15,'370916a7f','3967ff4cb',4590,1827,1654032384,1654032384);
INSERT INTO player_score VALUES('6187cb61d',15,'370916a7f','3a1faf3b0',126582,1696,1653981263,1653981263);
INSERT INTO player_score VALUES('506cfad40',15,'370916a7f','3dbc01378',77875,1436,1653522111,1653522111);
INSERT INTO player_score VALUES('6062a76e7',15,'370916a7f','4233decf3',126776,1627,1653950525,1653950525);
INSERT INTO player_score VALUES('499ba1bb3',15,'370916a7f','44424eda0',91884,1231,1653339098,1653339098);
INSERT INTO player_score VALUES('62558a476',15,'370916a7f','4c1d8a5a8',24360,1851,1654002837,1654002837);
INSERT INTO player_score VALUES('61559f239',15,'370916a7f','552385534',5320,1860,1653976002,1653976002);
INSERT INTO player_score VALUES('59f99991a',15,'370916a7f','55c0ad459',331500,1589,1653778448,1653778448);
INSERT INTO player_score VALUES('5aadb3861',15,'370916a7f','5a3cf059f',51030,1551,1653797333,1653797333);
INSERT INTO player_score VALUES('4fad43393',15,'3725b54fb','1109b4b19',594,1433,1653502008,1653502008);
INSERT INTO player_score VALUES('60dd756c5',15,'3725b54fb','125ca9262',480600,1701,1653963402,1653963402);
INSERT INTO player_score VALUES('62f935afb',15,'3725b54fb','16df8a920',598080,1694,1654019999,1654019999);
INSERT INTO player_score VALUES('5f08deed1',15,'3725b54fb','1ac0b9ee7',69204,1684,1653914267,1653914267);
INSERT INTO player_score VALUES('49e2a6e1a',15,'3725b54fb','2c2c1b828',77832,1253,1653346545,1653346545);
INSERT INTO player_score VALUES('5a9182bc6',15,'3725b54fb','338e34410',189696,1432,1653794377,1653794377);
INSERT INTO player_score VALUES('60a59efee',15,'3725b54fb','36aaec331',228501,1669,1653957547,1653957547);
INSERT INTO player_score VALUES('40857542e',15,'3725b54fb','3771f6ca2',9000,1027,1653095181,1653095181);
INSERT INTO player_score VALUES('639c474c6',15,'3725b54fb','3967ff4cb',5180,1835,1654037098,1654037098);
INSERT INTO player_score VALUES('58edf10ec',15,'3725b54fb','3a1faf3b0',39600,1332,1653750382,1653750382);
INSERT INTO player_score VALUES('50a92f6a3',15,'3725b54fb','3dbc01378',5742,1451,1653528424,1653528424);
INSERT INTO player_score VALUES('63aa1677b',15,'3725b54fb','4233decf3',202884,1799,1654038546,1654038546);
INSERT INTO player_score VALUES('4994fc173',15,'3725b54fb','44424eda0',530955,1225,1653338401,1653338401);
INSERT INTO player_score VALUES('632854b0c',15,'3725b54fb','4c1d8a5a8',29928,1933,1654024940,1654024940);
INSERT INTO player_score VALUES('61603039d',15,'3725b54fb','552385534',24864,1864,1653977110,1653977110);
INSERT INTO player_score VALUES('59fb7cfbf',15,'3725b54fb','55c0ad459',16884,1592,1653778646,1653778646);
INSERT INTO player_score VALUES('4c3dcb32e',15,'373c01504','1109b4b19',0,1373,1653409789,1653409789);
INSERT INTO player_score VALUES('51178dce6',15,'373c01504','125ca9262',463512,1371,1653539997,1653539997);
INSERT INTO player_score VALUES('5d145d0b4',15,'373c01504','16df8a920',174375,1551,1653861785,1653861785);
INSERT INTO player_score VALUES('5d6b19a4e',15,'373c01504','1ac0b9ee7',489462,1649,1653870880,1653870880);
INSERT INTO player_score VALUES('49612be90',15,'373c01504','2c2c1b828',58548,1238,1653332968,1653332968);
INSERT INTO player_score VALUES('634bd8789',15,'373c01504','338e34410',260400,1791,1654028664,1654028664);
INSERT INTO player_score VALUES('60471a341',15,'373c01504','36aaec331',297724,1654,1653947636,1653947636);
INSERT INTO player_score VALUES('418c28391',15,'373c01504','3771f6ca2',118680,1150,1653122727,1653122727);
INSERT INTO player_score VALUES('5de3fa745',15,'373c01504','394f66ea7',113386,1538,1653883555,1653883555);
INSERT INTO player_score VALUES('6110f9e51',15,'373c01504','3967ff4cb',122500,1720,1653968804,1653968804);
INSERT INTO player_score VALUES('5b998b7fe',15,'373c01504','3a1faf3b0',63687,1442,1653822063,1653822063);
INSERT INTO player_score VALUES('4fbdb1c79',15,'373c01504','3dbc01378',27900,1384,1653503731,1653503731);
INSERT INTO player_score VALUES('5fc553903',15,'373c01504','4233decf3',265320,1589,1653934028,1653934028);
INSERT INTO player_score VALUES('4983fb0d5',15,'373c01504','44424eda0',147668,1211,1653336618,1653336618);
INSERT INTO player_score VALUES('6269e6ad7',15,'373c01504','4c1d8a5a8',428400,1859,1654004972,1654004972);
INSERT INTO player_score VALUES('611415cbc',15,'373c01504','552385534',192720,1816,1653969130,1653969130);
INSERT INTO player_score VALUES('5ab0c33a6',15,'373c01504','5a3cf059f',115600,1607,1653797654,1653797654);
INSERT INTO player_score VALUES('4c098abbb',15,'378b06d0c','1109b4b19',74037,1367,1653404310,1653404310);
INSERT INTO player_score VALUES('60c5a05a6',15,'378b06d0c','125ca9262',180180,1698,1653960903,1653960903);
INSERT INTO player_score VALUES('6137d1c1f',15,'378b06d0c','16df8a920',92736,1641,1653972877,1653972877);
INSERT INTO player_score VALUES('5eaffd05c',15,'378b06d0c','1ac0b9ee7',60480,1680,1653904947,1653904947);
INSERT INTO player_score VALUES('46f0074b5',15,'378b06d0c','2c2c1b828',506825,1134,1653267417,1653267417);
INSERT INTO player_score VALUES('63c4f3eaa',15,'378b06d0c','338e34410',6052,1812,1654041363,1654041363);
INSERT INTO player_score VALUES('5f8ecb967',15,'378b06d0c','36aaec331',0,1629,1653928310,1653928310);
INSERT INTO player_score VALUES('4193c475f',15,'378b06d0c','3771f6ca2',16055,1153,1653123525,1653123525);
INSERT INTO player_score VALUES('61677702d',15,'378b06d0c','394f66ea7',68340,1703,1653977873,1653977873);
INSERT INTO player_score VALUES('62c593eda',15,'378b06d0c','3967ff4cb',302808,1802,1654014585,1654014585);
INSERT INTO player_score VALUES('5f2fd4117',15,'378b06d0c','3a1faf3b0',86394,1594,1653918352,1653918352);
INSERT INTO player_score VALUES('61e64dba1',15,'378b06d0c','4233decf3',20400,1701,1653991173,1653991173);
INSERT INTO player_score VALUES('498dbc9b0',15,'378b06d0c','44424eda0',1974,1218,1653337641,1653337641);
INSERT INTO player_score VALUES('62640454f',15,'378b06d0c','4c1d8a5a8',156600,1856,1654004355,1654004355);
INSERT INTO player_score VALUES('610eb9bd2',15,'378b06d0c','552385534',20160,1812,1653968568,1653968568);
INSERT INTO player_score VALUES('5950291f0',15,'378b06d0c','55c0ad459',95370,1348,1653760681,1653760681);
INSERT INTO player_score VALUES('5ab138669',15,'378b06d0c','5a3cf059f',241776,1613,1653797702,1653797702);
INSERT INTO player_score VALUES('4eb4496e1',15,'38bc6bf61','1109b4b19',85425,1415,1653475901,1653475901);
INSERT INTO player_score VALUES('5364555ba',15,'38bc6bf61','125ca9262',108900,1423,1653601735,1653601735);
INSERT INTO player_score VALUES('6277e1c84',15,'38bc6bf61','16df8a920',16464,1677,1654006438,1654006438);
INSERT INTO player_score VALUES('629edbd35',15,'38bc6bf61','1ac0b9ee7',108000,1766,1654010525,1654010525);
INSERT INTO player_score VALUES('446c7851b',15,'38bc6bf61','2c2c1b828',155232,1034,1653199935,1653199935);
INSERT INTO player_score VALUES('60f7f1342',15,'38bc6bf61','338e34410',103984,1699,1653966179,1653966179);
INSERT INTO player_score VALUES('636392b13',15,'38bc6bf61','36aaec331',18600,1772,1654031152,1654031152);
INSERT INTO player_score VALUES('4193bd225',15,'38bc6bf61','3771f6ca2',89424,1152,1653123522,1653123522);
INSERT INTO player_score VALUES('60b671a3a',15,'38bc6bf61','394f66ea7',165464,1670,1653959311,1653959311);
INSERT INTO player_score VALUES('62ce88644',15,'38bc6bf61','3967ff4cb',289100,1807,1654015524,1654015524);
INSERT INTO player_score VALUES('5f8f8a062',15,'38bc6bf61','3a1faf3b0',69498,1614,1653928388,1653928388);
INSERT INTO player_score VALUES('5097b451b',15,'38bc6bf61','3dbc01378',231192,1447,1653526591,1653526591);
INSERT INTO player_score VALUES('605790161',15,'38bc6bf61','4233decf3',45760,1624,1653949362,1653949362);
INSERT INTO player_score VALUES('49af952ad',15,'38bc6bf61','44424eda0',16320,1244,1653341190,1653341190);
INSERT INTO player_score VALUES('6346d1df0',15,'38bc6bf61','4c1d8a5a8',628144,1944,1654028137,1654028137);
INSERT INTO player_score VALUES('614142be6',15,'38bc6bf61','552385534',27540,1845,1653973867,1653973867);
INSERT INTO player_score VALUES('59d953da1',15,'38bc6bf61','55c0ad459',394496,1547,1653775064,1653775064);
INSERT INTO player_score VALUES('5aae9424c',15,'38bc6bf61','5a3cf059f',152295,1565,1653797425,1653797425);
INSERT INTO player_score VALUES('4ed8eae25',15,'395516011','1109b4b19',307914,1418,1653479742,1653479742);
INSERT INTO player_score VALUES('6315a118f',15,'395516011','125ca9262',2288,1745,1654022979,1654022979);
INSERT INTO player_score VALUES('5ab7e2f5a',15,'395516011','16df8a920',32718,1496,1653798401,1653798401);
INSERT INTO player_score VALUES('5b68313a3',15,'395516011','1ac0b9ee7',0,1582,1653816888,1653816888);
INSERT INTO player_score VALUES('480628777',15,'395516011','2c2c1b828',6500,1177,1653296581,1653296581);
INSERT INTO player_score VALUES('60cc0ddb5',15,'395516011','338e34410',13680,1690,1653961577,1653961577);
INSERT INTO player_score VALUES('62df8e4dc',15,'395516011','36aaec331',168960,1747,1654017309,1654017309);
INSERT INTO player_score VALUES('40d7f0f87',15,'395516011','3771f6ca2',960,1058,1653103830,1653103830);
INSERT INTO player_score VALUES('6384e9ddc',15,'395516011','394f66ea7',121040,1791,1654034648,1654034648);
INSERT INTO player_score VALUES('612e5e50f',15,'395516011','3967ff4cb',75460,1728,1653971886,1653971886);
INSERT INTO player_score VALUES('5ef3bf381',15,'395516011','3a1faf3b0',456000,1579,1653912052,1653912052);
INSERT INTO player_score VALUES('50cae3592',15,'395516011','3dbc01378',215136,1463,1653531958,1653531958);
INSERT INTO player_score VALUES('5fc2e01f5',15,'395516011','4233decf3',124800,1588,1653933771,1653933771);
INSERT INTO player_score VALUES('498f56c49',15,'395516011','44424eda0',11136,1223,1653337809,1653337809);
INSERT INTO player_score VALUES('6322b6b13',15,'395516011','4c1d8a5a8',347760,1930,1654024351,1654024351);
INSERT INTO player_score VALUES('60487c353',15,'395516011','552385534',3717,1691,1653947781,1653947781);
INSERT INTO player_score VALUES('59e692fa7',15,'395516011','55c0ad459',4320,1565,1653776453,1653776453);
INSERT INTO player_score VALUES('5aad544f9',15,'395516011','5a3cf059f',276920,1546,1653797294,1653797294);
INSERT INTO player_score VALUES('5e4975768',15,'39b5b16f6','16df8a920',352110,1584,1653894196,1653894196);
INSERT INTO player_score VALUES('5b83e0a0e',15,'39b5b16f6','1ac0b9ee7',33264,1586,1653819791,1653819791);
INSERT INTO player_score VALUES('47ee81ca9',15,'39b5b16f6','2c2c1b828',226204,1173,1653294101,1653294101);
INSERT INTO player_score VALUES('63172f096',15,'39b5b16f6','338e34410',227360,1778,1654023142,1654023142);
INSERT INTO player_score VALUES('62c2620ed',15,'39b5b16f6','36aaec331',108864,1740,1654014250,1654014250);
INSERT INTO player_score VALUES('4142247b1',15,'39b5b16f6','3771f6ca2',75166,1118,1653114966,1653114966);
INSERT INTO player_score VALUES('63526346e',15,'39b5b16f6','394f66ea7',183750,1782,1654029350,1654029350);
INSERT INTO player_score VALUES('5f7f53a4b',15,'39b5b16f6','3967ff4cb',255420,1640,1653926688,1653926688);
INSERT INTO player_score VALUES('5e60d5579',15,'39b5b16f6','3a1faf3b0',5054,1542,1653896647,1653896647);
INSERT INTO player_score VALUES('50df5d0f0',15,'39b5b16f6','3dbc01378',147420,1470,1653534105,1653534105);
INSERT INTO player_score VALUES('63a990316',15,'39b5b16f6','4c1d8a5a8',19440,1976,1654038491,1654038491);
INSERT INTO player_score VALUES('617d99827',15,'39b5b16f6','552385534',73549,1884,1653980194,1653980194);
INSERT INTO player_score VALUES('59e923b74',15,'39b5b16f6','55c0ad459',27521,1567,1653776722,1653776722);
INSERT INTO player_score VALUES('5aaf947ea',15,'39b5b16f6','5a3cf059f',184110,1580,1653797530,1653797530);
INSERT INTO player_score VALUES('43f54c825',15,'3a2615684','1109b4b19',111552,1181,1653187439,1653187439);
INSERT INTO player_score VALUES('5bcbbf0f4',15,'3a2615684','125ca9262',78694,1592,1653827327,1653827327);
INSERT INTO player_score VALUES('5485b00ed',15,'3a2615684','16df8a920',65518,1352,1653632076,1653632076);
INSERT INTO player_score VALUES('5c2b331b3',15,'3a2615684','1ac0b9ee7',600,1607,1653837336,1653837336);
INSERT INTO player_score VALUES('46e233444',15,'3a2615684','2c2c1b828',23760,1129,1653265967,1653265967);
INSERT INTO player_score VALUES('638e97e22',15,'3a2615684','338e34410',166320,1799,1654035663,1654035663);
INSERT INTO player_score VALUES('5e0f77466',15,'3a2615684','36aaec331',17199,1568,1653888115,1653888115);
INSERT INTO player_score VALUES('3ff6f0e16',15,'3a2615684','3771f6ca2',435744,964,1653080237,1653080237);
INSERT INTO player_score VALUES('6307e3028',15,'3a2615684','394f66ea7',402,1767,1654021538,1654021538);
INSERT INTO player_score VALUES('626fb09b5',15,'3a2615684','3967ff4cb',140715,1789,1654005579,1654005579);
INSERT INTO player_score VALUES('60cccc4bf',15,'3a2615684','3a1faf3b0',552096,1658,1653961655,1653961655);
INSERT INTO player_score VALUES('50c603c79',15,'3a2615684','3dbc01378',522720,1460,1653531447,1653531447);
INSERT INTO player_score VALUES('62623bc9e',15,'3a2615684','4233decf3',42453,1723,1654004168,1654004168);
INSERT INTO player_score VALUES('4931b02ad',15,'3a2615684','44424eda0',57344,1141,1653327989,1653327989);
INSERT INTO player_score VALUES('63527e232',15,'3a2615684','4c1d8a5a8',60760,1948,1654029361,1654029361);
INSERT INTO player_score VALUES('61580660b',15,'3a2615684','552385534',81120,1862,1653976254,1653976254);
INSERT INTO player_score VALUES('59e3219e0',15,'3a2615684','55c0ad459',189344,1560,1653776092,1653776092);
INSERT INTO player_score VALUES('5aad740eb',15,'3a2615684','5a3cf059f',70686,1550,1653797307,1653797307);
INSERT INTO player_score VALUES('4cc242515',15,'3b07353d4','1109b4b19',22932,1381,1653423679,1653423679);
INSERT INTO player_score VALUES('60b9b70a5',15,'3b07353d4','125ca9262',16146,1697,1653959654,1653959654);
INSERT INTO player_score VALUES('5f3072c35',15,'3b07353d4','16df8a920',16284,1604,1653918417,1653918417);
INSERT INTO player_score VALUES('62f625ffd',15,'3b07353d4','1ac0b9ee7',137598,1776,1654019678,1654019678);
INSERT INTO player_score VALUES('63b9711f6',15,'3b07353d4','338e34410',210240,1808,1654040156,1654040156);
INSERT INTO player_score VALUES('60ff358ec',15,'3b07353d4','36aaec331',47610,1686,1653966941,1653966941);
INSERT INTO player_score VALUES('414f4b2b2',15,'3b07353d4','3771f6ca2',29348,1127,1653116345,1653116345);
INSERT INTO player_score VALUES('62b902285',15,'3b07353d4','394f66ea7',0,1758,1654013267,1654013267);
INSERT INTO player_score VALUES('6121a57bf',15,'3b07353d4','3967ff4cb',55760,1724,1653970552,1653970552);
INSERT INTO player_score VALUES('5fc623164',15,'3b07353d4','3a1faf3b0',48246,1624,1653934113,1653934113);
INSERT INTO player_score VALUES('50dff94be',15,'3b07353d4','3dbc01378',136080,1471,1653534169,1653534169);
INSERT INTO player_score VALUES('632823d89',15,'3b07353d4','4233decf3',133952,1766,1654024920,1654024920);
INSERT INTO player_score VALUES('4967c55dc',15,'3b07353d4','44424eda0',4824,1179,1653333660,1653333660);
INSERT INTO player_score VALUES('631efc1b3',15,'3b07353d4','4c1d8a5a8',396304,1928,1654023960,1654023960);
INSERT INTO player_score VALUES('59feb14ac',15,'3b07353d4','55c0ad459',7140,1598,1653778982,1653778982);
INSERT INTO player_score VALUES('5ab1422ce',15,'3b07353d4','5a3cf059f',8118,1614,1653797706,1653797706);
INSERT INTO player_score VALUES('5c1321004',15,'3b78b46a9','1ac0b9ee7',98260,1605,1653834812,1653834812);
INSERT INTO player_score VALUES('60df31c1e',15,'3b78b46a9','338e34410',113400,1695,1653963584,1653963584);
INSERT INTO player_score VALUES('417c02ed9',15,'3b78b46a9','3771f6ca2',0,1143,1653121034,1653121034);
INSERT INTO player_score VALUES('6138691e7',15,'3b78b46a9','394f66ea7',14040,1689,1653972939,1653972939);
INSERT INTO player_score VALUES('632c7361f',15,'3b78b46a9','3967ff4cb',37440,1820,1654025372,1654025372);
INSERT INTO player_score VALUES('4fe3056e5',15,'3b78b46a9','3dbc01378',54600,1398,1653507645,1653507645);
INSERT INTO player_score VALUES('636da261f',15,'3b78b46a9','4233decf3',120666,1783,1654032207,1654032207);
INSERT INTO player_score VALUES('49ba7baeb',15,'3b78b46a9','44424eda0',304128,1257,1653342333,1653342333);
INSERT INTO player_score VALUES('63122ad9b',15,'3b78b46a9','4c1d8a5a8',234300,1923,1654022616,1654022616);
INSERT INTO player_score VALUES('5f8da1bfd',15,'3b78b46a9','552385534',380550,1581,1653928188,1653928188);
INSERT INTO player_score VALUES('59af7af6d',15,'3b78b46a9','55c0ad459',198594,1477,1653770676,1653770676);
INSERT INTO player_score VALUES('4ecbf5005',15,'3bd564743','1109b4b19',11970,1416,1653478383,1653478383);
INSERT INTO player_score VALUES('634ce9ed9',15,'3bd564743','125ca9262',21805,1752,1654028776,1654028776);
INSERT INTO player_score VALUES('5e9b3a12c',15,'3bd564743','1ac0b9ee7',189200,1679,1653902770,1653902770);
INSERT INTO player_score VALUES('49320599a',15,'3bd564743','2c2c1b828',97055,1232,1653328024,1653328024);
INSERT INTO player_score VALUES('631ad88a6',15,'3bd564743','338e34410',59241,1779,1654023526,1654023526);
INSERT INTO player_score VALUES('62cda7c91',15,'3bd564743','36aaec331',18228,1745,1654015432,1654015432);
INSERT INTO player_score VALUES('41526e62a',15,'3bd564743','3771f6ca2',20976,1130,1653116674,1653116674);
INSERT INTO player_score VALUES('619b6e3c1',15,'3bd564743','394f66ea7',45056,1710,1653983322,1653983322);
INSERT INTO player_score VALUES('6152fd4fd',15,'3bd564743','3967ff4cb',70889,1735,1653975726,1653975726);
INSERT INTO player_score VALUES('5ff1f5580',15,'3bd564743','3a1faf3b0',29952,1630,1653938708,1653938708);
INSERT INTO player_score VALUES('5073f37e5',15,'3bd564743','3dbc01378',43435,1437,1653522842,1653522842);
INSERT INTO player_score VALUES('623af3a68',15,'3bd564743','4233decf3',1548,1715,1654000049,1654000049);
INSERT INTO player_score VALUES('497a0ffcd',15,'3bd564743','44424eda0',599420,1205,1653335578,1653335578);
INSERT INTO player_score VALUES('6353d6632',15,'3bd564743','4c1d8a5a8',25536,1950,1654029502,1654029502);
INSERT INTO player_score VALUES('612255427',15,'3bd564743','552385534',79920,1828,1653970624,1653970624);
INSERT INTO player_score VALUES('59fb118d5',15,'3bd564743','55c0ad459',660480,1591,1653778602,1653778602);
INSERT INTO player_score VALUES('5aa8aa792',15,'3bd564743','5a3cf059f',91512,1486,1653796805,1653796805);
INSERT INTO player_score VALUES('4e1fb6c26',15,'3cb38f756','1109b4b19',147420,1404,1653460322,1653460322);
INSERT INTO player_score VALUES('609a87a2d',15,'3cb38f756','125ca9262',146880,1694,1653956384,1653956384);
INSERT INTO player_score VALUES('5f02716a7',15,'3cb38f756','16df8a920',33264,1601,1653913593,1653913593);
INSERT INTO player_score VALUES('62caf26e0',15,'3cb38f756','1ac0b9ee7',410504,1771,1654015148,1654015148);
INSERT INTO player_score VALUES('49b7698eb',15,'3cb38f756','2c2c1b828',8134,1248,1653342011,1653342011);
INSERT INTO player_score VALUES('5c9b552a1',15,'3cb38f756','338e34410',57834,1516,1653849094,1653849094);
INSERT INTO player_score VALUES('633e09561',15,'3cb38f756','36aaec331',33000,1765,1654027216,1654027216);
INSERT INTO player_score VALUES('414c935ce',15,'3cb38f756','3771f6ca2',20540,1125,1653116060,1653116060);
INSERT INTO player_score VALUES('6184c5725',15,'3cb38f756','394f66ea7',33200,1708,1653980946,1653980946);
INSERT INTO player_score VALUES('625e37f92',15,'3cb38f756','3967ff4cb',96768,1785,1654003747,1654003747);
INSERT INTO player_score VALUES('5ef207c3f',15,'3cb38f756','3a1faf3b0',31772,1578,1653911872,1653911872);
INSERT INTO player_score VALUES('4f499337c',15,'3cb38f756','3dbc01378',38250,1355,1653491555,1653491555);
INSERT INTO player_score VALUES('63ac14b4d',15,'3cb38f756','4233decf3',62790,1800,1654038755,1654038755);
INSERT INTO player_score VALUES('49b251d8d',15,'3cb38f756','44424eda0',2760,1250,1653341477,1653341477);
INSERT INTO player_score VALUES('635c49763',15,'3cb38f756','4c1d8a5a8',138744,1951,1654030388,1654030388);
INSERT INTO player_score VALUES('5ff1a2578',15,'3cb38f756','552385534',175864,1638,1653938674,1653938674);
INSERT INTO player_score VALUES('59fdf7c02',15,'3cb38f756','55c0ad459',275616,1595,1653778906,1653778906);
INSERT INTO player_score VALUES('5aa877313',15,'3cb38f756','5a3cf059f',9735,1482,1653796784,1653796784);
INSERT INTO player_score VALUES('4bbe3aef9',15,'3e8e53fb8','1109b4b19',88935,1361,1653396413,1653396413);
INSERT INTO player_score VALUES('637ce2302',15,'3e8e53fb8','125ca9262',8316,1758,1654033806,1654033806);
INSERT INTO player_score VALUES('5e7732737',15,'3e8e53fb8','16df8a920',294624,1592,1653898992,1653898992);
INSERT INTO player_score VALUES('6171adc5c',15,'3e8e53fb8','1ac0b9ee7',12090,1734,1653978944,1653978944);
INSERT INTO player_score VALUES('49801e45c',15,'3e8e53fb8','2c2c1b828',30856,1242,1653336213,1653336213);
INSERT INTO player_score VALUES('62ea355d6',15,'3e8e53fb8','338e34410',129426,1769,1654018426,1654018426);
INSERT INTO player_score VALUES('638fd7b7d',15,'3e8e53fb8','36aaec331',82350,1775,1654035794,1654035794);
INSERT INTO player_score VALUES('41112e486',15,'3e8e53fb8','3771f6ca2',454608,1094,1653109832,1653109832);
INSERT INTO player_score VALUES('638948054',15,'3e8e53fb8','394f66ea7',12420,1794,1654035106,1654035106);
INSERT INTO player_score VALUES('6200c4a07',15,'3e8e53fb8','3967ff4cb',283611,1760,1653993948,1653993948);
INSERT INTO player_score VALUES('60d9a4de2',15,'3e8e53fb8','3a1faf3b0',71400,1663,1653963002,1653963002);
INSERT INTO player_score VALUES('5049c5235',15,'3e8e53fb8','3dbc01378',681206,1426,1653518419,1653518419);
INSERT INTO player_score VALUES('62811aa2d',15,'3e8e53fb8','4233decf3',6900,1731,1654007405,1654007405);
INSERT INTO player_score VALUES('49a2f99e8',15,'3e8e53fb8','44424eda0',17028,1235,1653339868,1653339868);
INSERT INTO player_score VALUES('63254ec2b',15,'3e8e53fb8','4c1d8a5a8',64800,1932,1654024623,1654024623);
INSERT INTO player_score VALUES('616746328',15,'3e8e53fb8','552385534',13056,1868,1653977853,1653977853);
INSERT INTO player_score VALUES('59b658c89',15,'3e8e53fb8','55c0ad459',284580,1486,1653771396,1653771396);
INSERT INTO player_score VALUES('5aac93731',15,'3e8e53fb8','5a3cf059f',620540,1537,1653797215,1653797215);
INSERT INTO player_score VALUES('4b1b5548a',15,'3eba34e26','1109b4b19',49104,1344,1653379332,1653379332);
INSERT INTO player_score VALUES('601bd31ae',15,'3eba34e26','125ca9262',53802,1684,1653943098,1653943098);
INSERT INTO player_score VALUES('627e087b7',15,'3eba34e26','16df8a920',30429,1679,1654007083,1654007083);
INSERT INTO player_score VALUES('5b51c30db',15,'3eba34e26','1ac0b9ee7',88320,1579,1653814536,1653814536);
INSERT INTO player_score VALUES('491c7f5c2',15,'3eba34e26','2c2c1b828',13536,1228,1653325767,1653325767);
INSERT INTO player_score VALUES('61e9401da',15,'3eba34e26','338e34410',21728,1737,1653991482,1653991482);
INSERT INTO player_score VALUES('5fee3fa07',15,'3eba34e26','36aaec331',299115,1647,1653938319,1653938319);
INSERT INTO player_score VALUES('411c6cb4e',15,'3eba34e26','3771f6ca2',164736,1100,1653111011,1653111011);
INSERT INTO player_score VALUES('6354f8e6c',15,'3eba34e26','3967ff4cb',202048,1822,1654029621,1654029621);
INSERT INTO player_score VALUES('4e17a0765',15,'3eba34e26','3dbc01378',21384,1262,1653459474,1653459474);
INSERT INTO player_score VALUES('62e215478',15,'3eba34e26','4233decf3',42880,1752,1654017574,1654017574);
INSERT INTO player_score VALUES('63340abd8',15,'3eba34e26','4c1d8a5a8',6840,1940,1654026168,1654026168);
INSERT INTO player_score VALUES('5fed3cd56',15,'3eba34e26','552385534',7680,1636,1653938213,1653938213);
INSERT INTO player_score VALUES('59ccd59f3',15,'3eba34e26','55c0ad459',0,1532,1653773754,1653773754);
INSERT INTO player_score VALUES('5ab17091f',15,'3eba34e26','5a3cf059f',204680,1615,1653797725,1653797725);
INSERT INTO player_score VALUES('498bd4553',15,'3edca4d11','1109b4b19',459900,1303,1653337441,1653337441);
INSERT INTO player_score VALUES('6343da967',15,'3edca4d11','125ca9262',176880,1751,1654027826,1654027826);
INSERT INTO player_score VALUES('61464e415',15,'3edca4d11','16df8a920',472812,1642,1653974396,1653974396);
INSERT INTO player_score VALUES('614635d60',15,'3edca4d11','1ac0b9ee7',320320,1728,1653974386,1653974386);
INSERT INTO player_score VALUES('49d9cfb84',15,'3edca4d11','2c2c1b828',59724,1250,1653345618,1653345618);
INSERT INTO player_score VALUES('63c20b495',15,'3edca4d11','338e34410',3780,1811,1654041058,1654041058);
INSERT INTO player_score VALUES('57643c7b7',15,'3edca4d11','36aaec331',550088,1312,1653709099,1653709099);
INSERT INTO player_score VALUES('4146bfa9a',15,'3edca4d11','3771f6ca2',51800,1123,1653115449,1653115449);
INSERT INTO player_score VALUES('61f4fb0c3',15,'3edca4d11','394f66ea7',148614,1727,1653992712,1653992712);
INSERT INTO player_score VALUES('635ccaddc',15,'3edca4d11','3967ff4cb',393669,1824,1654030441,1654030441);
INSERT INTO player_score VALUES('5f1e875f0',15,'3edca4d11','3a1faf3b0',209000,1589,1653916538,1653916538);
INSERT INTO player_score VALUES('4fcf1201f',15,'3edca4d11','3dbc01378',494000,1391,1653505553,1653505553);
INSERT INTO player_score VALUES('63beea7d6',15,'3edca4d11','4233decf3',38502,1804,1654040730,1654040730);
INSERT INTO player_score VALUES('63c44903e',15,'3edca4d11','4c1d8a5a8',448074,1985,1654041293,1654041293);
INSERT INTO player_score VALUES('6086a2dbe',15,'3edca4d11','552385534',69120,1727,1653954298,1653954298);
INSERT INTO player_score VALUES('598640c36',15,'3edca4d11','55c0ad459',3024,1426,1653766353,1653766353);
INSERT INTO player_score VALUES('5aad3be64',15,'3edca4d11','5a3cf059f',57720,1544,1653797284,1653797284);
INSERT INTO player_score VALUES('4fa500fa7',15,'3ef8c4829','1109b4b19',24820,1431,1653501142,1653501142);
INSERT INTO player_score VALUES('617d10cf3',15,'3ef8c4829','125ca9262',321165,1717,1653980138,1653980138);
INSERT INTO player_score VALUES('62d836706',15,'3ef8c4829','16df8a920',65424,1690,1654016539,1654016539);
INSERT INTO player_score VALUES('6306b6bce',15,'3ef8c4829','1ac0b9ee7',204624,1777,1654021415,1654021415);
INSERT INTO player_score VALUES('49e1e391a',15,'3ef8c4829','2c2c1b828',212160,1252,1653346465,1653346465);
INSERT INTO player_score VALUES('412f0f35d',15,'3ef8c4829','3771f6ca2',391600,1109,1653112965,1653112965);
INSERT INTO player_score VALUES('62e0e1a97',15,'3ef8c4829','3967ff4cb',406296,1809,1654017448,1654017448);
INSERT INTO player_score VALUES('5f014ee42',15,'3ef8c4829','3a1faf3b0',14520,1583,1653913474,1653913474);
INSERT INTO player_score VALUES('4f56d9a42',15,'3ef8c4829','3dbc01378',33810,1358,1653492947,1653492947);
INSERT INTO player_score VALUES('63842ddf2',15,'3ef8c4829','4233decf3',13272,1789,1654034571,1654034571);
INSERT INTO player_score VALUES('49b97190f',15,'3ef8c4829','44424eda0',16497,1255,1653342224,1653342224);
INSERT INTO player_score VALUES('612d98916',15,'3ef8c4829','4c1d8a5a8',88360,1757,1653971805,1653971805);
INSERT INTO player_score VALUES('6026dbd0a',15,'3ef8c4829','552385534',65780,1672,1653944255,1653944255);
INSERT INTO player_score VALUES('59b26606f',15,'3ef8c4829','55c0ad459',8664,1481,1653770982,1653770982);
INSERT INTO player_score VALUES('5aa5f78e5',15,'3ef8c4829','5a3cf059f',85680,1433,1653796522,1653796522);
INSERT INTO player_score VALUES('4ae505799',15,'3f8a11c69','1109b4b19',418500,1338,1653373637,1653373637);
INSERT INTO player_score VALUES('60d77f899',15,'3f8a11c69','125ca9262',64680,1699,1653962777,1653962777);
INSERT INTO player_score VALUES('60c395e3a',15,'3f8a11c69','1ac0b9ee7',63261,1714,1653960689,1653960689);
INSERT INTO player_score VALUES('47bdfe595',15,'3f8a11c69','2c2c1b828',175861,1163,1653289014,1653289014);
INSERT INTO player_score VALUES('631c83cac',15,'3f8a11c69','338e34410',6264,1781,1654023701,1654023701);
INSERT INTO player_score VALUES('628ee4e67',15,'3f8a11c69','36aaec331',55080,1734,1654008851,1654008851);
INSERT INTO player_score VALUES('419f0f167',15,'3f8a11c69','3771f6ca2',217300,1159,1653124709,1653124709);
INSERT INTO player_score VALUES('6157f067c',15,'3f8a11c69','394f66ea7',405328,1696,1653976245,1653976245);
INSERT INTO player_score VALUES('6204d4a6c',15,'3f8a11c69','3967ff4cb',19110,1761,1653994374,1653994374);
INSERT INTO player_score VALUES('5f89375f1',15,'3f8a11c69','3a1faf3b0',26520,1611,1653927725,1653927725);
INSERT INTO player_score VALUES('6274c370c',15,'3f8a11c69','4233decf3',312732,1727,1654006111,1654006111);
INSERT INTO player_score VALUES('49689c360',15,'3f8a11c69','44424eda0',211554,1181,1653333748,1653333748);
INSERT INTO player_score VALUES('600154e63',15,'3f8a11c69','4c1d8a5a8',82836,1655,1653940320,1653940320);
INSERT INTO player_score VALUES('60ceb4932',15,'3f8a11c69','552385534',81600,1766,1653961855,1653961855);
INSERT INTO player_score VALUES('5994b5f1e',15,'3f8a11c69','55c0ad459',171100,1441,1653767869,1653767869);
INSERT INTO player_score VALUES('5ab046b8d',15,'3f8a11c69','5a3cf059f',106600,1595,1653797603,1653797603);
INSERT INTO player_score VALUES('4ff03d3c3',15,'3fd22d402','1109b4b19',10695,1438,1653509031,1653509031);
INSERT INTO player_score VALUES('5b1a49622',15,'3fd22d402','125ca9262',238650,1577,1653808719,1653808719);
INSERT INTO player_score VALUES('5b5d372eb',15,'3fd22d402','16df8a920',128656,1513,1653815737,1653815737);
INSERT INTO player_score VALUES('62e3fb20d',15,'3fd22d402','1ac0b9ee7',16720,1772,1654017773,1654017773);
INSERT INTO player_score VALUES('494e1dfd3',15,'3fd22d402','2c2c1b828',111860,1236,1653330970,1653330970);
INSERT INTO player_score VALUES('6193334b5',15,'3fd22d402','338e34410',81224,1725,1653982459,1653982459);
INSERT INTO player_score VALUES('5ba31eafe',15,'3fd22d402','36aaec331',331712,1480,1653823067,1653823067);
INSERT INTO player_score VALUES('41ad054f6',15,'3fd22d402','3771f6ca2',249642,1166,1653126173,1653126173);
INSERT INTO player_score VALUES('616904f96',15,'3fd22d402','394f66ea7',10710,1704,1653978036,1653978036);
INSERT INTO player_score VALUES('63aca4c26',15,'3fd22d402','3967ff4cb',51832,1837,1654038814,1654038814);
INSERT INTO player_score VALUES('60d3179d9',15,'3fd22d402','3a1faf3b0',0,1659,1653962315,1653962315);
INSERT INTO player_score VALUES('507f71618',15,'3fd22d402','3dbc01378',25728,1438,1653524047,1653524047);
INSERT INTO player_score VALUES('6365899e6',15,'3fd22d402','4233decf3',159988,1780,1654031358,1654031358);
INSERT INTO player_score VALUES('62da0b305',15,'3fd22d402','4c1d8a5a8',105825,1901,1654016731,1654016731);
INSERT INTO player_score VALUES('60df984f7',15,'3fd22d402','552385534',728376,1777,1653963626,1653963626);
INSERT INTO player_score VALUES('59fea786f',15,'3fd22d402','55c0ad459',1836,1597,1653778978,1653778978);
INSERT INTO player_score VALUES('5ab0b2232',15,'3fd22d402','5a3cf059f',420,1606,1653797647,1653797647);
INSERT INTO player_score VALUES('63b802e7f',15,'3ffb47b50','125ca9262',39744,1763,1654040006,1654040006);
INSERT INTO player_score VALUES('59f55d993',15,'3ffb47b50','1ac0b9ee7',13160,1550,1653778004,1653778004);
INSERT INTO player_score VALUES('498d0581a',15,'3ffb47b50','2c2c1b828',0,1244,1653337566,1653337566);
INSERT INTO player_score VALUES('635f4cf5c',15,'3ffb47b50','338e34410',46458,1794,1654030704,1654030704);
INSERT INTO player_score VALUES('616d065cb',15,'3ffb47b50','36aaec331',31160,1699,1653978456,1653978456);
INSERT INTO player_score VALUES('41a80fc93',15,'3ffb47b50','3771f6ca2',120960,1162,1653125653,1653125653);
INSERT INTO player_score VALUES('60125d3d0',15,'3ffb47b50','394f66ea7',50116,1642,1653942106,1653942106);
INSERT INTO player_score VALUES('61ddebb94',15,'3ffb47b50','3967ff4cb',216,1759,1653990294,1653990294);
INSERT INTO player_score VALUES('5f94d5035',15,'3ffb47b50','3a1faf3b0',296000,1615,1653928943,1653928943);
INSERT INTO player_score VALUES('4fa381ad1',15,'3ffb47b50','3dbc01378',461100,1379,1653500985,1653500985);
INSERT INTO player_score VALUES('63a6d10f6',15,'3ffb47b50','4233decf3',11214,1798,1654038203,1654038203);
INSERT INTO player_score VALUES('4960418a2',15,'3ffb47b50','44424eda0',17010,1171,1653332872,1653332872);
INSERT INTO player_score VALUES('63a07e673',15,'3ffb47b50','4c1d8a5a8',552916,1971,1654037540,1654037540);
INSERT INTO player_score VALUES('5fa6b1c52',15,'3ffb47b50','552385534',74052,1601,1653930816,1653930816);
INSERT INTO player_score VALUES('59f660642',15,'3ffb47b50','55c0ad459',207792,1584,1653778110,1653778110);
INSERT INTO player_score VALUES('5aa73eb4c',15,'3ffb47b50','5a3cf059f',29184,1456,1653796656,1653796656);
INSERT INTO player_score VALUES('4fc5c3335',15,'40ced08a3','1109b4b19',99330,1436,1653504577,1653504577);
INSERT INTO player_score VALUES('6027eacf4',15,'40ced08a3','16df8a920',41418,1624,1653944366,1653944366);
INSERT INTO player_score VALUES('634ad81fa',15,'40ced08a3','1ac0b9ee7',56000,1782,1654028559,1654028559);
INSERT INTO player_score VALUES('46f9f73fc',15,'40ced08a3','2c2c1b828',136416,1138,1653268459,1653268459);
INSERT INTO player_score VALUES('63327cc78',15,'40ced08a3','338e34410',37620,1786,1654026005,1654026005);
INSERT INTO player_score VALUES('63b5b8fdb',15,'40ced08a3','36aaec331',122472,1781,1654039766,1654039766);
INSERT INTO player_score VALUES('40f8a48e7',15,'40ced08a3','3771f6ca2',74222,1075,1653107259,1653107259);
INSERT INTO player_score VALUES('632ab97b4',15,'40ced08a3','3967ff4cb',423470,1819,1654025191,1654025191);
INSERT INTO player_score VALUES('6129e2d89',15,'40ced08a3','3a1faf3b0',6156,1678,1653971416,1653971416);
INSERT INTO player_score VALUES('4e9c28add',15,'40ced08a3','3dbc01378',2368,1298,1653473371,1653473371);
INSERT INTO player_score VALUES('62f174d7e',15,'40ced08a3','4233decf3',247968,1756,1654019186,1654019186);
INSERT INTO player_score VALUES('496977f40',15,'40ced08a3','44424eda0',261,1183,1653333838,1653333838);
INSERT INTO player_score VALUES('625a53e00',15,'40ced08a3','4c1d8a5a8',144480,1852,1654003339,1654003339);
INSERT INTO player_score VALUES('617a0fc28',15,'40ced08a3','552385534',33840,1881,1653979823,1653979823);
INSERT INTO player_score VALUES('58d7ebdb1',15,'40ced08a3','55c0ad459',234432,1204,1653748073,1653748073);
INSERT INTO player_score VALUES('5ab1beb0c',15,'40ced08a3','5a3cf059f',126140,1619,1653797757,1653797757);
INSERT INTO player_score VALUES('4f5b44040',15,'416751116','1109b4b19',275480,1425,1653493410,1653493410);
INSERT INTO player_score VALUES('5fea73f38',15,'416751116','125ca9262',74520,1679,1653937921,1653937921);
INSERT INTO player_score VALUES('6111f07e6',15,'416751116','16df8a920',114810,1638,1653968905,1653968905);
INSERT INTO player_score VALUES('6286d858b',15,'416751116','1ac0b9ee7',350811,1760,1654008007,1654008007);
INSERT INTO player_score VALUES('48c7cfa9e',15,'416751116','2c2c1b828',9660,1213,1653316887,1653316887);
INSERT INTO player_score VALUES('61f240cfd',15,'416751116','338e34410',344223,1739,1653992426,1653992426);
INSERT INTO player_score VALUES('5eea95045',15,'416751116','36aaec331',4440,1601,1653911091,1653911091);
INSERT INTO player_score VALUES('412153974',15,'416751116','3771f6ca2',438074,1104,1653111525,1653111525);
INSERT INTO player_score VALUES('63a06d4f0',15,'416751116','394f66ea7',29232,1797,1654037533,1654037533);
INSERT INTO player_score VALUES('6183bdcad',15,'416751116','3a1faf3b0',331650,1694,1653980838,1653980838);
INSERT INTO player_score VALUES('50b2c299b',15,'416751116','3dbc01378',49590,1456,1653529428,1653529428);
INSERT INTO player_score VALUES('5f96ebacb',15,'416751116','4233decf3',294117,1578,1653929162,1653929162);
INSERT INTO player_score VALUES('4967ca429',15,'416751116','44424eda0',297891,1180,1653333662,1653333662);
INSERT INTO player_score VALUES('63913c254',15,'416751116','4c1d8a5a8',257868,1966,1654035940,1654035940);
INSERT INTO player_score VALUES('61369bb04',15,'416751116','552385534',181632,1838,1653972750,1653972750);
INSERT INTO player_score VALUES('5a001f822',15,'416751116','55c0ad459',81648,1602,1653779132,1653779132);
INSERT INTO player_score VALUES('4c5244e2c',15,'43746676d','1109b4b19',33060,1376,1653411936,1653411936);
INSERT INTO player_score VALUES('5eed93a23',15,'43746676d','125ca9262',66248,1654,1653911405,1653911405);
INSERT INTO player_score VALUES('5d2188a2c',15,'43746676d','16df8a920',26136,1553,1653863166,1653863166);
INSERT INTO player_score VALUES('5c3e967b0',15,'43746676d','1ac0b9ee7',520696,1610,1653839369,1653839369);
INSERT INTO player_score VALUES('4949ac4da',15,'43746676d','2c2c1b828',521360,1235,1653330504,1653330504);
INSERT INTO player_score VALUES('5fbaee6c9',15,'43746676d','338e34410',12236,1650,1653932938,1653932938);
INSERT INTO player_score VALUES('6393fb485',15,'43746676d','36aaec331',30100,1776,1654036228,1654036228);
INSERT INTO player_score VALUES('5fd32527a',15,'43746676d','394f66ea7',38106,1623,1653935477,1653935477);
INSERT INTO player_score VALUES('62cbe1aef',15,'43746676d','3967ff4cb',0,1806,1654015246,1654015246);
INSERT INTO player_score VALUES('5e50386e0',15,'43746676d','3a1faf3b0',715792,1540,1653894905,1653894905);
INSERT INTO player_score VALUES('61a2cfe02',15,'43746676d','4233decf3',11648,1685,1653984096,1653984096);
INSERT INTO player_score VALUES('49b0ab7e3',15,'43746676d','44424eda0',170800,1247,1653341304,1653341304);
INSERT INTO player_score VALUES('597627a99',15,'43746676d','55c0ad459',89460,1399,1653764665,1653764665);
INSERT INTO player_score VALUES('4f19b0eaa',15,'43c31dd2e','1109b4b19',91728,1420,1653486534,1653486534);
INSERT INTO player_score VALUES('5ad6e3f96',15,'43c31dd2e','125ca9262',277326,1573,1653801652,1653801652);
INSERT INTO player_score VALUES('60c685d8b',15,'43c31dd2e','1ac0b9ee7',95760,1716,1653960997,1653960997);
INSERT INTO player_score VALUES('489e6713c',15,'43c31dd2e','2c2c1b828',82080,1207,1653312545,1653312545);
INSERT INTO player_score VALUES('614e7cfa9',15,'43c31dd2e','338e34410',173900,1711,1653975254,1653975254);
INSERT INTO player_score VALUES('6235a153d',15,'43c31dd2e','36aaec331',53200,1723,1653999491,1653999491);
INSERT INTO player_score VALUES('636534301',15,'43c31dd2e','394f66ea7',232730,1786,1654031323,1654031323);
INSERT INTO player_score VALUES('638018f38',15,'43c31dd2e','3967ff4cb',4018,1832,1654034143,1654034143);
INSERT INTO player_score VALUES('612bc8b55',15,'43c31dd2e','3a1faf3b0',337722,1679,1653971615,1653971615);
INSERT INTO player_score VALUES('5093932f0',15,'43c31dd2e','3dbc01378',326592,1444,1653526158,1653526158);
INSERT INTO player_score VALUES('61d422d94',15,'43c31dd2e','4233decf3',744,1698,1653989268,1653989268);
INSERT INTO player_score VALUES('498a4b429',15,'43c31dd2e','44424eda0',5626,1215,1653337280,1653337280);
INSERT INTO player_score VALUES('62926c390',15,'43c31dd2e','4c1d8a5a8',512,1878,1654009221,1654009221);
INSERT INTO player_score VALUES('6128d64bb',15,'43c31dd2e','552385534',11880,1834,1653971306,1653971306);
INSERT INTO player_score VALUES('59dca7e6c',15,'43c31dd2e','55c0ad459',38592,1552,1653775413,1653775413);
INSERT INTO player_score VALUES('5ab057ccc',15,'43c31dd2e','5a3cf059f',335340,1598,1653797610,1653797610);
INSERT INTO player_score VALUES('4da706c76',15,'440984475','1109b4b19',41536,1395,1653447667,1653447667);
INSERT INTO player_score VALUES('59679ef83',15,'440984475','125ca9262',131040,1550,1653763141,1653763141);
INSERT INTO player_score VALUES('5f09bf893',15,'440984475','1ac0b9ee7',60160,1685,1653914359,1653914359);
INSERT INTO player_score VALUES('61ad88076',15,'440984475','338e34410',190820,1727,1653985220,1653985220);
INSERT INTO player_score VALUES('62561a50c',15,'440984475','36aaec331',89376,1727,1654002896,1654002896);
INSERT INTO player_score VALUES('638387dc0',15,'440984475','394f66ea7',8586,1790,1654034503,1654034503);
INSERT INTO player_score VALUES('621899b1e',15,'440984475','3967ff4cb',83968,1770,1653996447,1653996447);
INSERT INTO player_score VALUES('60b35d0eb',15,'440984475','3a1faf3b0',501840,1657,1653958988,1653958988);
INSERT INTO player_score VALUES('4fe61c721',15,'440984475','3dbc01378',450000,1400,1653507969,1653507969);
INSERT INTO player_score VALUES('63849e2bb',15,'440984475','4233decf3',90720,1790,1654034617,1654034617);
INSERT INTO player_score VALUES('49b59e92a',15,'440984475','44424eda0',4752,1254,1653341823,1653341823);
INSERT INTO player_score VALUES('62904e3c7',15,'440984475','4c1d8a5a8',119799,1876,1654008999,1654008999);
INSERT INTO player_score VALUES('617a6a183',15,'440984475','552385534',41492,1882,1653979860,1653979860);
INSERT INTO player_score VALUES('59eb2bb8b',15,'440984475','55c0ad459',528264,1574,1653776935,1653776935);
INSERT INTO player_score VALUES('5ab17a526',15,'440984475','5a3cf059f',306,1616,1653797729,1653797729);
INSERT INTO player_score VALUES('4beb8a108',15,'459353b51','1109b4b19',14616,1364,1653401164,1653401164);
INSERT INTO player_score VALUES('62b6038a7',15,'459353b51','125ca9262',26180,1738,1654012953,1654012953);
INSERT INTO player_score VALUES('612438a9a',15,'459353b51','16df8a920',142272,1639,1653970822,1653970822);
INSERT INTO player_score VALUES('60c42ad14',15,'459353b51','1ac0b9ee7',28644,1715,1653960750,1653960750);
INSERT INTO player_score VALUES('49a72e481',15,'459353b51','2c2c1b828',182070,1246,1653340309,1653340309);
INSERT INTO player_score VALUES('624536974',15,'459353b51','338e34410',60480,1747,1654001125,1654001125);
INSERT INTO player_score VALUES('63588ee1f',15,'459353b51','36aaec331',140868,1770,1654029997,1654029997);
INSERT INTO player_score VALUES('62b5e3ce9',15,'459353b51','394f66ea7',290628,1757,1654012940,1654012940);
INSERT INTO player_score VALUES('5ed65aca7',15,'459353b51','3967ff4cb',28880,1605,1653908970,1653908970);
INSERT INTO player_score VALUES('60f4df14d',15,'459353b51','3a1faf3b0',36456,1672,1653965857,1653965857);
INSERT INTO player_score VALUES('5fdb9aae4',15,'459353b51','4233decf3',18522,1597,1653936364,1653936364);
INSERT INTO player_score VALUES('495590bc5',15,'459353b51','44424eda0',304440,1162,1653331751,1653331751);
INSERT INTO player_score VALUES('621fc8131',15,'459353b51','4c1d8a5a8',51000,1833,1653997200,1653997200);
INSERT INTO player_score VALUES('60f900361',15,'459353b51','552385534',172020,1795,1653966290,1653966290);
INSERT INTO player_score VALUES('59ffd8b43',15,'459353b51','55c0ad459',48875,1600,1653779103,1653779103);
INSERT INTO player_score VALUES('5aad56c51',15,'459353b51','5a3cf059f',22932,1547,1653797295,1653797295);
INSERT INTO player_score VALUES('44755947b',15,'464e55439','1109b4b19',501642,1193,1653200866,1653200866);
INSERT INTO player_score VALUES('63b82edc4',15,'464e55439','16df8a920',10836,1712,1654040024,1654040024);
INSERT INTO player_score VALUES('47cc7d467',15,'464e55439','2c2c1b828',43992,1167,1653290534,1653290534);
INSERT INTO player_score VALUES('5d54debaf',15,'464e55439','338e34410',446208,1543,1653868549,1653868549);
INSERT INTO player_score VALUES('605526674',15,'464e55439','36aaec331',7304,1656,1653949109,1653949109);
INSERT INTO player_score VALUES('62ec92d49',15,'464e55439','394f66ea7',8624,1764,1654018674,1654018674);
INSERT INTO player_score VALUES('612e9dca2',15,'464e55439','3967ff4cb',340136,1729,1653971912,1653971912);
INSERT INTO player_score VALUES('5f7066d4b',15,'464e55439','3a1faf3b0',484344,1607,1653925123,1653925123);
INSERT INTO player_score VALUES('50c27798e',15,'464e55439','3dbc01378',67680,1458,1653531075,1653531075);
INSERT INTO player_score VALUES('6361b42fd',15,'464e55439','4233decf3',127890,1777,1654030956,1654030956);
INSERT INTO player_score VALUES('4996fcc86',15,'464e55439','44424eda0',69597,1227,1653338611,1653338611);
INSERT INTO player_score VALUES('62286718b',15,'464e55439','4c1d8a5a8',49068,1836,1653998104,1653998104);
INSERT INTO player_score VALUES('615145dd8',15,'464e55439','552385534',31164,1857,1653975546,1653975546);
INSERT INTO player_score VALUES('59da012f2',15,'464e55439','55c0ad459',375972,1548,1653775135,1653775135);
INSERT INTO player_score VALUES('5aaa9ef2e',15,'464e55439','5a3cf059f',39050,1510,1653797010,1653797010);
INSERT INTO player_score VALUES('5022fe625',15,'47c28ae63','1109b4b19',20520,1441,1653514353,1653514353);
INSERT INTO player_score VALUES('6098b7c3a',15,'47c28ae63','125ca9262',864000,1693,1653956194,1653956194);
INSERT INTO player_score VALUES('60595d84c',15,'47c28ae63','16df8a920',31104,1630,1653949551,1653949551);
INSERT INTO player_score VALUES('625353dd7',15,'47c28ae63','1ac0b9ee7',47520,1755,1654002605,1654002605);
INSERT INTO player_score VALUES('46085a3a2',15,'47c28ae63','2c2c1b828',119288,1098,1653243124,1653243124);
INSERT INTO player_score VALUES('590d9cfcd',15,'47c28ae63','338e34410',271754,1379,1653753703,1653753703);
INSERT INTO player_score VALUES('61766d971',15,'47c28ae63','36aaec331',171990,1701,1653979442,1653979442);
INSERT INTO player_score VALUES('63b7d21a0',15,'47c28ae63','394f66ea7',201894,1802,1654039986,1654039986);
INSERT INTO player_score VALUES('592d41919',15,'47c28ae63','3967ff4cb',40500,1367,1653757021,1653757021);
INSERT INTO player_score VALUES('6194954ec',15,'47c28ae63','3a1faf3b0',0,1697,1653982604,1653982604);
INSERT INTO player_score VALUES('50922c4b2',15,'47c28ae63','3dbc01378',50778,1443,1653526011,1653526011);
INSERT INTO player_score VALUES('60b3a3dce',15,'47c28ae63','4233decf3',149084,1648,1653959017,1653959017);
INSERT INTO player_score VALUES('4995936f1',15,'47c28ae63','44424eda0',125580,1226,1653338463,1653338463);
INSERT INTO player_score VALUES('62e20df35',15,'47c28ae63','4c1d8a5a8',3990,1903,1654017571,1654017571);
INSERT INTO player_score VALUES('615430f00',15,'47c28ae63','552385534',118404,1859,1653975852,1653975852);
INSERT INTO player_score VALUES('5aafb1c69',15,'47c28ae63','5a3cf059f',396244,1585,1653797542,1653797542);
INSERT INTO player_score VALUES('4beaae569',15,'49291d533','1109b4b19',3600,1363,1653401074,1653401074);
INSERT INTO player_score VALUES('6104bd93c',15,'49291d533','125ca9262',162486,1707,1653967521,1653967521);
INSERT INTO player_score VALUES('5f7dc5ae8',15,'49291d533','16df8a920',53592,1611,1653926525,1653926525);
INSERT INTO player_score VALUES('62e5f20ee',15,'49291d533','1ac0b9ee7',36801,1774,1654017979,1654017979);
INSERT INTO player_score VALUES('485a963d5',15,'49291d533','2c2c1b828',260304,1195,1653305434,1653305434);
INSERT INTO player_score VALUES('62000632b',15,'49291d533','338e34410',40250,1740,1653993870,1653993870);
INSERT INTO player_score VALUES('638e86ce4',15,'49291d533','36aaec331',295,1774,1654035656,1654035656);
INSERT INTO player_score VALUES('5f3c28d01',15,'49291d533','394f66ea7',5850,1590,1653919645,1653919645);
INSERT INTO player_score VALUES('611cf4514',15,'49291d533','3967ff4cb',94395,1723,1653970060,1653970060);
INSERT INTO player_score VALUES('5f683a8c8',15,'49291d533','3a1faf3b0',51850,1605,1653924266,1653924266);
INSERT INTO player_score VALUES('50dc21690',15,'49291d533','3dbc01378',446880,1468,1653533766,1653533766);
INSERT INTO player_score VALUES('639ced4fc',15,'49291d533','4233decf3',17952,1794,1654037166,1654037166);
INSERT INTO player_score VALUES('49afad905',15,'49291d533','44424eda0',80560,1245,1653341200,1653341200);
INSERT INTO player_score VALUES('63ab8e724',15,'49291d533','4c1d8a5a8',1632,1978,1654038700,1654038700);
INSERT INTO player_score VALUES('6141e3df9',15,'49291d533','552385534',126616,1846,1653973933,1653973933);
INSERT INTO player_score VALUES('59f667b43',15,'49291d533','55c0ad459',299915,1585,1653778113,1653778113);
INSERT INTO player_score VALUES('5aacc4462',15,'49291d533','5a3cf059f',177828,1541,1653797235,1653797235);
INSERT INTO player_score VALUES('62e430d81',15,'4947848c3','125ca9262',38016,1741,1654017795,1654017795);
INSERT INTO player_score VALUES('5e3d65158',15,'4947848c3','16df8a920',7696,1583,1653892931,1653892931);
INSERT INTO player_score VALUES('5e288ea01',15,'4947848c3','1ac0b9ee7',112299,1665,1653890746,1653890746);
INSERT INTO player_score VALUES('48cd098b7',15,'4947848c3','2c2c1b828',38180,1214,1653317435,1653317435);
INSERT INTO player_score VALUES('63b9cb747',15,'4947848c3','338e34410',10080,1809,1654040193,1654040193);
INSERT INTO player_score VALUES('62bced943',15,'4947848c3','36aaec331',29574,1738,1654013678,1654013678);
INSERT INTO player_score VALUES('627de3dec',15,'4947848c3','394f66ea7',128331,1749,1654007068,1654007068);
INSERT INTO player_score VALUES('60c2fe845',15,'4947848c3','3967ff4cb',15444,1704,1653960627,1653960627);
INSERT INTO player_score VALUES('5f97104ce',15,'4947848c3','3a1faf3b0',181888,1616,1653929177,1653929177);
INSERT INTO player_score VALUES('50a6afc55',15,'4947848c3','3dbc01378',14400,1450,1653528162,1653528162);
INSERT INTO player_score VALUES('62ce21de8',15,'4947848c3','4233decf3',18326,1751,1654015482,1654015482);
INSERT INTO player_score VALUES('4988e1f04',15,'4947848c3','44424eda0',45792,1214,1653337132,1653337132);
INSERT INTO player_score VALUES('626e44d97',15,'4947848c3','4c1d8a5a8',60264,1862,1654005430,1654005430);
INSERT INTO player_score VALUES('6135018bc',15,'4947848c3','552385534',44800,1837,1653972582,1653972582);
INSERT INTO player_score VALUES('59280c8b5',15,'4947848c3','55c0ad459',112320,1302,1653756475,1653756475);
INSERT INTO player_score VALUES('5ab044423',15,'4947848c3','5a3cf059f',454300,1594,1653797602,1653797602);
INSERT INTO player_score VALUES('4b2eff77a',15,'49f22b0e0','1109b4b19',24990,1346,1653381394,1653381394);
INSERT INTO player_score VALUES('62380b01a',15,'49f22b0e0','125ca9262',1422,1727,1653999744,1653999744);
INSERT INTO player_score VALUES('61c14f82b',15,'49f22b0e0','16df8a920',12834,1657,1653987294,1653987294);
INSERT INTO player_score VALUES('5dd8a6144',15,'49f22b0e0','1ac0b9ee7',664785,1655,1653882367,1653882367);
INSERT INTO player_score VALUES('4928be1c4',15,'49f22b0e0','2c2c1b828',142290,1229,1653327051,1653327051);
INSERT INTO player_score VALUES('63643643d',15,'49f22b0e0','338e34410',584000,1795,1654031219,1654031219);
INSERT INTO player_score VALUES('63a78a9d8',15,'49f22b0e0','36aaec331',0,1779,1654038279,1654038279);
INSERT INTO player_score VALUES('637ef8dec',15,'49f22b0e0','394f66ea7',16744,1789,1654034025,1654034025);
INSERT INTO player_score VALUES('6215c97ab',15,'49f22b0e0','3967ff4cb',74844,1767,1653996152,1653996152);
INSERT INTO player_score VALUES('60e55393b',15,'49f22b0e0','3a1faf3b0',127400,1665,1653964227,1653964227);
INSERT INTO player_score VALUES('50adbe673',15,'49f22b0e0','3dbc01378',236816,1453,1653528902,1653528902);
INSERT INTO player_score VALUES('6379ab6df',15,'49f22b0e0','4233decf3',95200,1786,1654033469,1654033469);
INSERT INTO player_score VALUES('617df64bc',15,'49f22b0e0','4c1d8a5a8',5280,1781,1653980232,1653980232);
INSERT INTO player_score VALUES('6145a5cbb',15,'49f22b0e0','552385534',94185,1850,1653974327,1653974327);
INSERT INTO player_score VALUES('59d822ac5',15,'49f22b0e0','55c0ad459',19344,1545,1653774939,1653774939);
INSERT INTO player_score VALUES('5aacf7889',15,'49f22b0e0','5a3cf059f',21714,1543,1653797256,1653797256);
INSERT INTO player_score VALUES('48738b637',15,'4a1824be5','1109b4b19',693120,1277,1653308051,1653308051);
INSERT INTO player_score VALUES('5a12960cb',15,'4a1824be5','16df8a920',623700,1479,1653781068,1653781068);
INSERT INTO player_score VALUES('5b051d776',15,'4a1824be5','1ac0b9ee7',126126,1575,1653806499,1653806499);
INSERT INTO player_score VALUES('6076f533a',15,'4a1824be5','338e34410',6240,1674,1653952654,1653952654);
INSERT INTO player_score VALUES('5e465c031',15,'4a1824be5','36aaec331',16146,1576,1653893871,1653893871);
INSERT INTO player_score VALUES('638557b53',15,'4a1824be5','394f66ea7',9660,1792,1654034693,1654034693);
INSERT INTO player_score VALUES('616a33b4c',15,'4a1824be5','3967ff4cb',157500,1741,1653978160,1653978160);
INSERT INTO player_score VALUES('5fc6cb8b3',15,'4a1824be5','3a1faf3b0',22504,1625,1653934182,1653934182);
INSERT INTO player_score VALUES('4f3dbafc3',15,'4a1824be5','3dbc01378',191828,1346,1653490313,1653490313);
INSERT INTO player_score VALUES('630c3019e',15,'4a1824be5','4233decf3',229500,1759,1654021989,1654021989);
INSERT INTO player_score VALUES('6300fb704',15,'4a1824be5','4c1d8a5a8',902,1914,1654020814,1654020814);
INSERT INTO player_score VALUES('6149087bf',15,'4a1824be5','552385534',47040,1855,1653974682,1653974682);
INSERT INTO player_score VALUES('59df733cd',15,'4a1824be5','55c0ad459',25326,1556,1653775706,1653775706);
INSERT INTO player_score VALUES('5ab026f9a',15,'4a1824be5','5a3cf059f',94600,1591,1653797590,1653797590);
INSERT INTO player_score VALUES('4fb5c4f71',15,'4b907430f','1109b4b19',196224,1434,1653502900,1653502900);
INSERT INTO player_score VALUES('563ffb99b',15,'4b907430f','16df8a920',0,1404,1653678454,1653678454);
INSERT INTO player_score VALUES('61106c4f2',15,'4b907430f','338e34410',355446,1705,1653968746,1653968746);
INSERT INTO player_score VALUES('63052da72',15,'4b907430f','36aaec331',301950,1755,1654021254,1654021254);
INSERT INTO player_score VALUES('63ae1f2d3',15,'4b907430f','394f66ea7',161634,1799,1654038969,1654038969);
INSERT INTO player_score VALUES('62b53676e',15,'4b907430f','3967ff4cb',404416,1799,1654012869,1654012869);
INSERT INTO player_score VALUES('5f513772d',15,'4b907430f','3a1faf3b0',37332,1602,1653921853,1653921853);
INSERT INTO player_score VALUES('50cf10b21',15,'4b907430f','3dbc01378',77616,1464,1653532396,1653532396);
INSERT INTO player_score VALUES('60c5e9967',15,'4b907430f','4233decf3',18048,1651,1653960933,1653960933);
INSERT INTO player_score VALUES('62d758412',15,'4b907430f','4c1d8a5a8',131040,1899,1654016448,1654016448);
INSERT INTO player_score VALUES('5f7ce2a10',15,'4b907430f','552385534',70560,1565,1653926432,1653926432);
INSERT INTO player_score VALUES('59c24bdc5',15,'4b907430f','55c0ad459',7392,1517,1653772649,1653772649);
INSERT INTO player_score VALUES('5ab131143',15,'4b907430f','5a3cf059f',33840,1612,1653797699,1653797699);
INSERT INTO player_score VALUES('4a91bcab3',15,'4c56723bf','1109b4b19',828630,1334,1653364904,1653364904);
INSERT INTO player_score VALUES('58bec1000',15,'4c56723bf','125ca9262',607425,1532,1653745434,1653745434);
INSERT INTO player_score VALUES('5f57d0e3b',15,'4c56723bf','16df8a920',111456,1607,1653922545,1653922545);
INSERT INTO player_score VALUES('623fee0cc',15,'4c56723bf','1ac0b9ee7',354240,1752,1654000571,1654000571);
INSERT INTO player_score VALUES('62942fe23',15,'4c56723bf','338e34410',536900,1762,1654009406,1654009406);
INSERT INTO player_score VALUES('620dd2e5d',15,'4c56723bf','36aaec331',1120,1719,1653995317,1653995317);
INSERT INTO player_score VALUES('6311678c2',15,'4c56723bf','394f66ea7',50388,1772,1654022536,1654022536);
INSERT INTO player_score VALUES('6305f0f65',15,'4c56723bf','3967ff4cb',157320,1814,1654021334,1654021334);
INSERT INTO player_score VALUES('5d549097c',15,'4c56723bf','3a1faf3b0',8120,1502,1653868517,1653868517);
INSERT INTO player_score VALUES('4dc391e50',15,'4c56723bf','3dbc01378',44384,1242,1653450660,1653450660);
INSERT INTO player_score VALUES('6377a5da0',15,'4c56723bf','4233decf3',150000,1784,1654033257,1654033257);
INSERT INTO player_score VALUES('638ed27ad',15,'4c56723bf','4c1d8a5a8',5400,1964,1654035687,1654035687);
INSERT INTO player_score VALUES('6161971cb',15,'4c56723bf','552385534',18096,1865,1653977257,1653977257);
INSERT INTO player_score VALUES('59b80b59e',15,'4c56723bf','55c0ad459',56144,1493,1653771574,1653771574);
INSERT INTO player_score VALUES('5aa449dbc',15,'4c56723bf','5a3cf059f',220416,1418,1653796346,1653796346);
INSERT INTO player_score VALUES('4d6ad7115',15,'4d5819b0d','1109b4b19',3630,1389,1653441356,1653441356);
INSERT INTO player_score VALUES('62bd20d50',15,'4d5819b0d','125ca9262',153450,1739,1654013699,1654013699);
INSERT INTO player_score VALUES('63127ddeb',15,'4d5819b0d','16df8a920',46592,1696,1654022650,1654022650);
INSERT INTO player_score VALUES('628f182e5',15,'4d5819b0d','1ac0b9ee7',352800,1761,1654008872,1654008872);
INSERT INTO player_score VALUES('63374b40e',15,'4d5819b0d','36aaec331',60639,1763,1654026509,1654026509);
INSERT INTO player_score VALUES('62c08d4a6',15,'4d5819b0d','394f66ea7',19712,1761,1654014058,1654014058);
INSERT INTO player_score VALUES('5fe2d7b42',15,'4d5819b0d','3967ff4cb',143716,1668,1653937123,1653937123);
INSERT INTO player_score VALUES('614459c2c',15,'4d5819b0d','3a1faf3b0',213840,1686,1653974191,1653974191);
INSERT INTO player_score VALUES('4f85a32e1',15,'4d5819b0d','3dbc01378',6118,1367,1653497853,1653497853);
INSERT INTO player_score VALUES('632315eb0',15,'4d5819b0d','4233decf3',4640,1765,1654024390,1654024390);
INSERT INTO player_score VALUES('6253edb00',15,'4d5819b0d','4c1d8a5a8',4320,1850,1654002668,1654002668);
INSERT INTO player_score VALUES('617f117e4',15,'4d5819b0d','552385534',104576,1885,1653980348,1653980348);
INSERT INTO player_score VALUES('59cb5b319',15,'4d5819b0d','55c0ad459',91200,1528,1653773599,1653773599);
INSERT INTO player_score VALUES('5aaea2caa',15,'4d5819b0d','5a3cf059f',25696,1566,1653797431,1653797431);
INSERT INTO player_score VALUES('48d354e51',15,'4eeddea73','1109b4b19',1280,1286,1653318095,1653318095);
INSERT INTO player_score VALUES('60e87e226',15,'4eeddea73','125ca9262',0,1704,1653964559,1653964559);
INSERT INTO player_score VALUES('616b20847',15,'4eeddea73','16df8a920',50220,1646,1653978257,1653978257);
INSERT INTO player_score VALUES('5d0b3a2c2',15,'4eeddea73','1ac0b9ee7',149760,1634,1653860827,1653860827);
INSERT INTO player_score VALUES('639a246d4',15,'4eeddea73','338e34410',144144,1802,1654036874,1654036874);
INSERT INTO player_score VALUES('63530e2e1',15,'4eeddea73','36aaec331',676800,1768,1654029420,1654029420);
INSERT INTO player_score VALUES('5c13962d9',15,'4eeddea73','3967ff4cb',204972,1487,1653834860,1653834860);
INSERT INTO player_score VALUES('50de5f270',15,'4eeddea73','3dbc01378',24864,1469,1653534001,1653534001);
INSERT INTO player_score VALUES('638853e11',15,'4eeddea73','4233decf3',157356,1791,1654035006,1654035006);
INSERT INTO player_score VALUES('61073d3ab',15,'4eeddea73','4c1d8a5a8',15015,1739,1653967783,1653967783);
INSERT INTO player_score VALUES('6143aeda9',15,'4eeddea73','552385534',384800,1848,1653974121,1653974121);
INSERT INTO player_score VALUES('59b63697c',15,'4eeddea73','55c0ad459',10664,1485,1653771382,1653771382);
INSERT INTO player_score VALUES('5aac391aa',15,'4eeddea73','5a3cf059f',371925,1530,1653797178,1653797178);
INSERT INTO player_score VALUES('4c9c91e01',15,'4f59d5d02','1109b4b19',746856,1380,1653419727,1653419727);
INSERT INTO player_score VALUES('63a95327a',15,'4f59d5d02','125ca9262',28835,1762,1654038466,1654038466);
INSERT INTO player_score VALUES('637ac916f',15,'4f59d5d02','16df8a920',435750,1707,1654033586,1654033586);
INSERT INTO player_score VALUES('63a9cd38b',15,'4f59d5d02','1ac0b9ee7',14720,1793,1654038516,1654038516);
INSERT INTO player_score VALUES('5d1a0c1ef',15,'4f59d5d02','36aaec331',28431,1528,1653862381,1653862381);
INSERT INTO player_score VALUES('61b59704e',15,'4f59d5d02','394f66ea7',69350,1715,1653986065,1653986065);
INSERT INTO player_score VALUES('621cdf6ff',15,'4f59d5d02','3967ff4cb',432124,1772,1653996895,1653996895);
INSERT INTO player_score VALUES('6183a07cb',15,'4f59d5d02','3a1faf3b0',430920,1693,1653980826,1653980826);
INSERT INTO player_score VALUES('5061dc229',15,'4f59d5d02','3dbc01378',207834,1434,1653520945,1653520945);
INSERT INTO player_score VALUES('632e0ffb2',15,'4f59d5d02','4233decf3',330786,1769,1654025541,1654025541);
INSERT INTO player_score VALUES('609c99699',15,'4f59d5d02','4c1d8a5a8',284889,1699,1653956601,1653956601);
INSERT INTO player_score VALUES('615f82e2a',15,'4f59d5d02','552385534',61864,1863,1653977039,1653977039);
INSERT INTO player_score VALUES('59f128ed1',15,'4f59d5d02','55c0ad459',301750,1578,1653777563,1653777563);
INSERT INTO player_score VALUES('5aaf10a91',15,'4f59d5d02','5a3cf059f',76942,1569,1653797476,1653797476);
INSERT INTO player_score VALUES('471743400',15,'4fede2329','1109b4b19',64960,1248,1653271531,1653271531);
INSERT INTO player_score VALUES('62ef3bfec',15,'4fede2329','125ca9262',64296,1742,1654018953,1654018953);
INSERT INTO player_score VALUES('6391e2289',15,'4fede2329','1ac0b9ee7',14027,1789,1654036008,1654036008);
INSERT INTO player_score VALUES('62588671f',15,'4fede2329','338e34410',388388,1753,1654003150,1654003150);
INSERT INTO player_score VALUES('6135d8608',15,'4fede2329','36aaec331',594594,1695,1653972670,1653972670);
INSERT INTO player_score VALUES('61f05af8d',15,'4fede2329','394f66ea7',176960,1724,1653992227,1653992227);
INSERT INTO player_score VALUES('615f791ce',15,'4fede2329','3967ff4cb',91205,1737,1653977035,1653977035);
INSERT INTO player_score VALUES('5fcd42cec',15,'4fede2329','3a1faf3b0',109824,1627,1653934860,1653934860);
INSERT INTO player_score VALUES('5096b1886',15,'4fede2329','3dbc01378',40392,1446,1653526485,1653526485);
INSERT INTO player_score VALUES('639e7662a',15,'4fede2329','4233decf3',52377,1795,1654037327,1654037327);
INSERT INTO player_score VALUES('5f7fa1c07',15,'4fede2329','4c1d8a5a8',82000,1607,1653926720,1653926720);
INSERT INTO player_score VALUES('61156448e',15,'4fede2329','552385534',243846,1818,1653969267,1653969267);
INSERT INTO player_score VALUES('59ff96c54',15,'4fede2329','55c0ad459',224840,1599,1653779076,1653779076);
INSERT INTO player_score VALUES('5aa5c1da3',15,'4fede2329','5a3cf059f',326592,1430,1653796500,1653796500);
INSERT INTO player_score VALUES('4a2cb1f59',15,'501af6bb3','1109b4b19',217560,1323,1653354309,1653354309);
INSERT INTO player_score VALUES('632df51b3',15,'501af6bb3','125ca9262',355224,1748,1654025530,1654025530);
INSERT INTO player_score VALUES('635e517b9',15,'501af6bb3','16df8a920',17253,1702,1654030601,1654030601);
INSERT INTO player_score VALUES('5983cfc2f',15,'501af6bb3','1ac0b9ee7',208080,1532,1653766097,1653766097);
INSERT INTO player_score VALUES('62cdd89d5',15,'501af6bb3','338e34410',90168,1768,1654015452,1654015452);
INSERT INTO player_score VALUES('611e983d1',15,'501af6bb3','36aaec331',387688,1690,1653970232,1653970232);
INSERT INTO player_score VALUES('6223089a9',15,'501af6bb3','394f66ea7',0,1734,1653997541,1653997541);
INSERT INTO player_score VALUES('61125e57d',15,'501af6bb3','3967ff4cb',159800,1721,1653968950,1653968950);
INSERT INTO player_score VALUES('603893f6e',15,'501af6bb3','3a1faf3b0',35112,1641,1653946113,1653946113);
INSERT INTO player_score VALUES('4fea95765',15,'501af6bb3','3dbc01378',11484,1401,1653508438,1653508438);
INSERT INTO player_score VALUES('60328a8c5',15,'501af6bb3','4233decf3',400530,1617,1653945480,1653945480);
INSERT INTO player_score VALUES('62e3b1e55',15,'501af6bb3','4c1d8a5a8',18900,1904,1654017743,1654017743);
INSERT INTO player_score VALUES('611876659',15,'501af6bb3','552385534',22800,1820,1653969589,1653969589);
INSERT INTO player_score VALUES('5aac650ec',15,'501af6bb3','5a3cf059f',449680,1533,1653797196,1653797196);
INSERT INTO player_score VALUES('60e3f4042',15,'50e0d2974','125ca9262',147108,1703,1653964083,1653964083);
INSERT INTO player_score VALUES('5b7368514',15,'50e0d2974','1ac0b9ee7',49476,1584,1653818064,1653818064);
INSERT INTO player_score VALUES('61b624a0d',15,'50e0d2974','338e34410',276000,1729,1653986123,1653986123);
INSERT INTO player_score VALUES('6246fcb24',15,'50e0d2974','36aaec331',308085,1726,1654001311,1654001311);
INSERT INTO player_score VALUES('638811f3c',15,'50e0d2974','394f66ea7',95850,1793,1654034979,1654034979);
INSERT INTO player_score VALUES('5f96e1ec3',15,'50e0d2974','3967ff4cb',44880,1644,1653929158,1653929158);
INSERT INTO player_score VALUES('5f3b74244',15,'50e0d2974','3a1faf3b0',167832,1599,1653919571,1653919571);
INSERT INTO player_score VALUES('50ae53586',15,'50e0d2974','3dbc01378',10450,1454,1653528963,1653528963);
INSERT INTO player_score VALUES('62c5e6ece',15,'50e0d2974','4233decf3',16800,1748,1654014619,1654014619);
INSERT INTO player_score VALUES('628aa677c',15,'50e0d2974','4c1d8a5a8',53196,1872,1654008406,1654008406);
INSERT INTO player_score VALUES('60ffa84df',15,'50e0d2974','552385534',266400,1802,1653966988,1653966988);
INSERT INTO player_score VALUES('59f5e8c2b',15,'50e0d2974','55c0ad459',20000,1583,1653778061,1653778061);
INSERT INTO player_score VALUES('5aadb5f92',15,'50e0d2974','5a3cf059f',14790,1552,1653797334,1653797334);
INSERT INTO player_score VALUES('635335417',15,'523c54fc2','125ca9262',98900,1754,1654029436,1654029436);
INSERT INTO player_score VALUES('5dead3634',15,'523c54fc2','16df8a920',176046,1571,1653884273,1653884273);
INSERT INTO player_score VALUES('629aedf1c',15,'523c54fc2','1ac0b9ee7',4560,1764,1654010113,1654010113);
INSERT INTO player_score VALUES('615a68ba2',15,'523c54fc2','338e34410',7800,1714,1653976504,1653976504);
INSERT INTO player_score VALUES('61267dba1',15,'523c54fc2','36aaec331',2844,1692,1653971060,1653971060);
INSERT INTO player_score VALUES('5f03dd302',15,'523c54fc2','394f66ea7',26600,1585,1653913742,1653913742);
INSERT INTO player_score VALUES('61ba916d7',15,'523c54fc2','3967ff4cb',36113,1754,1653986587,1653986587);
INSERT INTO player_score VALUES('5d2f22145',15,'523c54fc2','3a1faf3b0',69920,1493,1653864592,1653864592);
INSERT INTO player_score VALUES('6300afbf7',15,'523c54fc2','4233decf3',85120,1757,1654020783,1654020783);
INSERT INTO player_score VALUES('6284c68e7',15,'523c54fc2','4c1d8a5a8',119784,1870,1654007790,1654007790);
INSERT INTO player_score VALUES('6118f2eaf',15,'523c54fc2','552385534',205884,1821,1653969640,1653969640);
INSERT INTO player_score VALUES('59769cd9a',15,'523c54fc2','55c0ad459',266760,1400,1653764713,1653764713);
INSERT INTO player_score VALUES('5aaef0ea4',15,'523c54fc2','5a3cf059f',103740,1568,1653797463,1653797463);
INSERT INTO player_score VALUES('5bbf6f36f',15,'561644e22','125ca9262',21896,1590,1653826036,1653826036);
INSERT INTO player_score VALUES('622548c1e',15,'561644e22','16df8a920',71891,1668,1653997777,1653997777);
INSERT INTO player_score VALUES('61c18c8b6',15,'561644e22','1ac0b9ee7',49126,1739,1653987319,1653987319);
INSERT INTO player_score VALUES('628f2e239',15,'561644e22','338e34410',42900,1761,1654008881,1654008881);
INSERT INTO player_score VALUES('635de12cc',15,'561644e22','36aaec331',122958,1771,1654030555,1654030555);
INSERT INTO player_score VALUES('61f0dc5ad',15,'561644e22','394f66ea7',243432,1725,1653992280,1653992280);
INSERT INTO player_score VALUES('622f5fc87',15,'561644e22','3967ff4cb',34272,1778,1653998835,1653998835);
INSERT INTO player_score VALUES('639898eb9',15,'561644e22','4233decf3',10017,1792,1654036712,1654036712);
INSERT INTO player_score VALUES('63a8ad1fb',15,'561644e22','4c1d8a5a8',379200,1974,1654038398,1654038398);
INSERT INTO player_score VALUES('6170ad6aa',15,'561644e22','552385534',84018,1872,1653978839,1653978839);
INSERT INTO player_score VALUES('59802d98d',15,'561644e22','55c0ad459',15096,1421,1653765716,1653765716);
INSERT INTO player_score VALUES('5aae041b3',15,'561644e22','5a3cf059f',15120,1558,1653797366,1653797366);
INSERT INTO player_score VALUES('617a3e26d',15,'569828d6e','16df8a920',585000,1650,1653979842,1653979842);
INSERT INTO player_score VALUES('63b4dd408',15,'569828d6e','1ac0b9ee7',150696,1794,1654039676,1654039676);
INSERT INTO player_score VALUES('586505ccc',15,'569828d6e','338e34410',350592,1347,1653736025,1653736025);
INSERT INTO player_score VALUES('62cb08673',15,'569828d6e','36aaec331',38760,1744,1654015157,1654015157);
INSERT INTO player_score VALUES('63588c703',15,'569828d6e','3967ff4cb',217626,1823,1654029996,1654029996);
INSERT INTO player_score VALUES('60870e4ac',15,'569828d6e','4c1d8a5a8',123540,1692,1653954342,1653954342);
INSERT INTO player_score VALUES('6146b25ae',15,'569828d6e','552385534',11200,1851,1653974437,1653974437);
INSERT INTO player_score VALUES('592bbfd3d',15,'569828d6e','55c0ad459',117079,1308,1653756863,1653756863);
INSERT INTO player_score VALUES('5aaf1f4ad',15,'569828d6e','5a3cf059f',0,1571,1653797482,1653797482);
INSERT INTO player_score VALUES('60db8d26f',15,'5a4dca4c6','125ca9262',92000,1700,1653963202,1653963202);
INSERT INTO player_score VALUES('5f72bf6b0',15,'5a4dca4c6','16df8a920',225,1608,1653925369,1653925369);
INSERT INTO player_score VALUES('594372b53',15,'5a4dca4c6','1ac0b9ee7',54694,1527,1653759348,1653759348);
INSERT INTO player_score VALUES('5f9305220',15,'5a4dca4c6','338e34410',78400,1645,1653928753,1653928753);
INSERT INTO player_score VALUES('5f3f0c8fa',15,'5a4dca4c6','394f66ea7',55614,1591,1653919948,1653919948);
INSERT INTO player_score VALUES('638914c0b',15,'5a4dca4c6','3967ff4cb',38665,1833,1654035085,1654035085);
INSERT INTO player_score VALUES('5dc651af4',15,'5a4dca4c6','3a1faf3b0',13818,1525,1653880445,1653880445);
INSERT INTO player_score VALUES('63bbdd3f9',15,'5a4dca4c6','4233decf3',2430,1803,1654040410,1654040410);
INSERT INTO player_score VALUES('6353799d9',15,'5a4dca4c6','4c1d8a5a8',22344,1949,1654029464,1654029464);
INSERT INTO player_score VALUES('612023ba7',15,'5a4dca4c6','552385534',43524,1826,1653970394,1653970394);
INSERT INTO player_score VALUES('5aaf80f79',15,'5a4dca4c6','5a3cf059f',0,1578,1653797522,1653797522);
INSERT INTO player_score VALUES('60ae1215e',15,'5b87aebf9','125ca9262',38745,1695,1653958433,1653958433);
INSERT INTO player_score VALUES('623b2477f',15,'5b87aebf9','16df8a920',419328,1670,1654000069,1654000069);
INSERT INTO player_score VALUES('62401c72a',15,'5b87aebf9','1ac0b9ee7',41184,1753,1654000590,1654000590);
INSERT INTO player_score VALUES('60ee396cf',15,'5b87aebf9','338e34410',236640,1696,1653965160,1653965160);
INSERT INTO player_score VALUES('623dade20',15,'5b87aebf9','36aaec331',79900,1724,1654000335,1654000335);
INSERT INTO player_score VALUES('624d4a77e',15,'5b87aebf9','394f66ea7',62790,1742,1654001972,1654001972);
INSERT INTO player_score VALUES('5dc06a725',15,'5b87aebf9','3967ff4cb',58212,1562,1653879826,1653879826);
INSERT INTO player_score VALUES('5b2150b5e',15,'5b87aebf9','3a1faf3b0',56760,1429,1653809456,1653809456);
INSERT INTO player_score VALUES('6093f7f56',15,'5b87aebf9','4233decf3',0,1642,1653955696,1653955696);
INSERT INTO player_score VALUES('6166a9f2a',15,'5b87aebf9','552385534',62370,1866,1653977789,1653977789);
INSERT INTO player_score VALUES('6255018d6',15,'5c34bc830','16df8a920',64170,1673,1654002781,1654002781);
INSERT INTO player_score VALUES('5d15e890e',15,'5c34bc830','1ac0b9ee7',1330,1637,1653861947,1653861947);
INSERT INTO player_score VALUES('6391ac75a',15,'5c34bc830','338e34410',16992,1800,1654035986,1654035986);
INSERT INTO player_score VALUES('5e8dfaf88',15,'5c34bc830','36aaec331',313728,1587,1653901381,1653901381);
INSERT INTO player_score VALUES('63b7afe5a',15,'5c34bc830','3967ff4cb',2700,1840,1654039972,1654039972);
INSERT INTO player_score VALUES('61382c13b',15,'5c34bc830','3a1faf3b0',19800,1682,1653972914,1653972914);
INSERT INTO player_score VALUES('625df126d',15,'5c34bc830','4233decf3',13338,1722,1654003718,1654003718);
INSERT INTO player_score VALUES('63338bc60',15,'5c34bc830','4c1d8a5a8',20240,1939,1654026116,1654026116);
INSERT INTO player_score VALUES('61789556c',15,'5c34bc830','552385534',12012,1880,1653979668,1653979668);
INSERT INTO player_score VALUES('5d7dad7ea',15,'5c718d5d8','125ca9262',21000,1624,1653872828,1653872828);
INSERT INTO player_score VALUES('61fc2219b',15,'5c718d5d8','16df8a920',44880,1665,1653993462,1653993462);
INSERT INTO player_score VALUES('6382543ab',15,'5c718d5d8','1ac0b9ee7',28800,1788,1654034377,1654034377);
INSERT INTO player_score VALUES('635b2bd29',15,'5c718d5d8','338e34410',128800,1793,1654030271,1654030271);
INSERT INTO player_score VALUES('617e83e5c',15,'5c718d5d8','36aaec331',0,1702,1653980290,1653980290);
INSERT INTO player_score VALUES('63094775e',15,'5c718d5d8','394f66ea7',142911,1769,1654021684,1654021684);
INSERT INTO player_score VALUES('5fbc3ce8f',15,'5c718d5d8','3967ff4cb',23902,1656,1653933075,1653933075);
INSERT INTO player_score VALUES('615ee4329',15,'5c718d5d8','3a1faf3b0',198122,1688,1653976974,1653976974);
INSERT INTO player_score VALUES('632a1facb',15,'5c718d5d8','4233decf3',420375,1767,1654025128,1654025128);
INSERT INTO player_score VALUES('639b273ac',15,'5c718d5d8','4c1d8a5a8',0,1968,1654036980,1654036980);
INSERT INTO player_score VALUES('60c0d1e0d',15,'5c718d5d8','552385534',474281,1754,1653960399,1653960399);
INSERT INTO player_score VALUES('6298cff71',15,'5d3a25e81','125ca9262',7238,1734,1654009891,1654009891);
INSERT INTO player_score VALUES('5f896aa44',15,'5d3a25e81','16df8a920',226527,1612,1653927746,1653927746);
INSERT INTO player_score VALUES('639a728da',15,'5d3a25e81','338e34410',173250,1803,1654036906,1654036906);
INSERT INTO player_score VALUES('62700d637',15,'5d3a25e81','36aaec331',44286,1729,1654005617,1654005617);
INSERT INTO player_score VALUES('5f7991044',15,'5d3a25e81','394f66ea7',0,1602,1653926084,1653926084);
INSERT INTO player_score VALUES('61cd4c597',15,'5d3a25e81','3967ff4cb',564060,1758,1653988551,1653988551);
INSERT INTO player_score VALUES('62b97273a',15,'5d3a25e81','4233decf3',196882,1745,1654013313,1654013313);
INSERT INTO player_score VALUES('6045e908b',15,'5d3a25e81','4c1d8a5a8',233244,1678,1653947511,1653947511);
INSERT INTO player_score VALUES('6079d19c2',15,'5d3a25e81','552385534',0,1716,1653952954,1653952954);
INSERT INTO player_score VALUES('5fa94eb24',15,'5d98330cd','125ca9262',80920,1676,1653931090,1653931090);
INSERT INTO player_score VALUES('60ac6e26d',15,'5d98330cd','16df8a920',280623,1634,1653958261,1653958261);
INSERT INTO player_score VALUES('5ce1c2f40',15,'5d98330cd','1ac0b9ee7',601344,1631,1653856479,1653856479);
INSERT INTO player_score VALUES('631240d53',15,'5d98330cd','338e34410',95040,1776,1654022625,1654022625);
INSERT INTO player_score VALUES('6387893b6',15,'5d98330cd','36aaec331',35640,1773,1654034923,1654034923);
INSERT INTO player_score VALUES('635de60fe',15,'5d98330cd','394f66ea7',1872,1784,1654030557,1654030557);
INSERT INTO player_score VALUES('60a00fa7c',15,'5d98330cd','3967ff4cb',2444,1701,1653956964,1653956964);
INSERT INTO player_score VALUES('60dbcf12b',15,'5d98330cd','3a1faf3b0',78400,1664,1653963229,1653963229);
INSERT INTO player_score VALUES('639f08de3',15,'5d98330cd','4233decf3',63232,1796,1654037387,1654037387);
INSERT INTO player_score VALUES('624ee49c8',15,'5d98330cd','4c1d8a5a8',185504,1849,1654002140,1654002140);
INSERT INTO player_score VALUES('60e213125',15,'5d98330cd','552385534',319713,1779,1653963886,1653963886);
INSERT INTO player_score VALUES('62a0515c3',15,'5e6bea440','125ca9262',0,1735,1654010678,1654010678);
INSERT INTO player_score VALUES('62bab99be',15,'5e6bea440','1ac0b9ee7',16200,1769,1654013447,1654013447);
INSERT INTO player_score VALUES('60bce4047',15,'5e6bea440','338e34410',188160,1686,1653959987,1653959987);
INSERT INTO player_score VALUES('63023b467',15,'5e6bea440','36aaec331',81900,1754,1654020945,1654020945);
INSERT INTO player_score VALUES('5f3f4c07f',15,'5e6bea440','394f66ea7',729729,1592,1653919974,1653919974);
INSERT INTO player_score VALUES('5da61d10c',15,'5e6bea440','3a1faf3b0',167936,1517,1653877068,1653877068);
INSERT INTO player_score VALUES('62eebf78c',15,'5e6bea440','4233decf3',53824,1755,1654018902,1654018902);
INSERT INTO player_score VALUES('63b16be54',15,'5e6bea440','4c1d8a5a8',194298,1981,1654039315,1654039315);
INSERT INTO player_score VALUES('60f0db3f7',15,'5e6bea440','552385534',430612,1791,1653965436,1653965436);
INSERT INTO player_score VALUES('63659f9b7',15,'60b22be15','16df8a920',0,1703,1654031367,1654031367);
INSERT INTO player_score VALUES('6371867aa',15,'60b22be15','1ac0b9ee7',456885,1786,1654032615,1654032615);
INSERT INTO player_score VALUES('62a178bf7',15,'60b22be15','338e34410',71200,1764,1654010799,1654010799);
INSERT INTO player_score VALUES('6326762b5',15,'60b22be15','36aaec331',4690,1760,1654024744,1654024744);
INSERT INTO player_score VALUES('625fcfad4',15,'60b22be15','394f66ea7',281300,1743,1654003914,1654003914);
INSERT INTO player_score VALUES('63747dc28',15,'60b22be15','3967ff4cb',99789,1829,1654032926,1654032926);
INSERT INTO player_score VALUES('608303212',15,'60b22be15','3a1faf3b0',30914,1646,1653953918,1653953918);
INSERT INTO player_score VALUES('5f82cebd9',15,'60b22be15','4233decf3',11776,1575,1653927053,1653927053);
INSERT INTO player_score VALUES('61bd83d5f',15,'60b22be15','4c1d8a5a8',101332,1803,1653986896,1653986896);
INSERT INTO player_score VALUES('6148f4f5c',15,'60b22be15','552385534',258400,1854,1653974674,1653974674);
INSERT INTO player_score VALUES('62685b2ef',15,'60b536b2e','125ca9262',25984,1729,1654004810,1654004810);
INSERT INTO player_score VALUES('5f941de4e',15,'60b536b2e','16df8a920',10512,1614,1653928868,1653928868);
INSERT INTO player_score VALUES('629d92383',15,'60b536b2e','1ac0b9ee7',86632,1765,1654010390,1654010390);
INSERT INTO player_score VALUES('61ae774c4',15,'60b536b2e','338e34410',178600,1728,1653985318,1653985318);
INSERT INTO player_score VALUES('5d60d43eb',15,'60b536b2e','36aaec331',13530,1536,1653869803,1653869803);
INSERT INTO player_score VALUES('6305a7bd2',15,'60b536b2e','394f66ea7',244776,1765,1654021304,1654021304);
INSERT INTO player_score VALUES('63b33956e',15,'60b536b2e','3967ff4cb',28520,1838,1654039504,1654039504);
INSERT INTO player_score VALUES('60e789fc5',15,'60b536b2e','3a1faf3b0',414004,1666,1653964459,1653964459);
INSERT INTO player_score VALUES('630982108',15,'60b536b2e','4c1d8a5a8',19872,1920,1654021708,1654021708);
INSERT INTO player_score VALUES('601506628',15,'60b536b2e','552385534',10692,1660,1653942385,1653942385);
INSERT INTO player_score VALUES('610a62e4d',15,'6172c8f5f','125ca9262',46992,1708,1653968113,1653968113);
INSERT INTO player_score VALUES('6198b66e3',15,'6172c8f5f','16df8a920',78750,1654,1653983037,1653983037);
INSERT INTO player_score VALUES('5a5b59ff3',15,'6172c8f5f','1ac0b9ee7',18720,1558,1653788698,1653788698);
INSERT INTO player_score VALUES('63a2c3751',15,'6172c8f5f','338e34410',12760,1805,1654037778,1654037778);
INSERT INTO player_score VALUES('633d5e6ea',15,'6172c8f5f','36aaec331',5934,1764,1654027146,1654027146);
INSERT INTO player_score VALUES('630caa2b6',15,'6172c8f5f','394f66ea7',110160,1770,1654022039,1654022039);
INSERT INTO player_score VALUES('637be44b9',15,'6172c8f5f','3967ff4cb',282408,1831,1654033702,1654033702);
INSERT INTO player_score VALUES('5d00c6662',15,'6172c8f5f','3a1faf3b0',3600,1485,1653859731,1653859731);
INSERT INTO player_score VALUES('6362b4874',15,'6172c8f5f','4233decf3',8575,1779,1654031061,1654031061);
INSERT INTO player_score VALUES('62c94c129',15,'6172c8f5f','4c1d8a5a8',0,1894,1654014975,1654014975);
INSERT INTO player_score VALUES('614254315',15,'6172c8f5f','552385534',2760,1847,1653973979,1653973979);
INSERT INTO player_score VALUES('6221909cf',15,'62386077d','125ca9262',502164,1725,1653997387,1653997387);
INSERT INTO player_score VALUES('62fe91c2c',15,'62386077d','16df8a920',92106,1695,1654020561,1654020561);
INSERT INTO player_score VALUES('63c10d5e6',15,'62386077d','1ac0b9ee7',51450,1795,1654040954,1654040954);
INSERT INTO player_score VALUES('62faeab81',15,'62386077d','338e34410',67914,1771,1654020178,1654020178);
INSERT INTO player_score VALUES('5e37df826',15,'62386077d','394f66ea7',335800,1548,1653892352,1653892352);
INSERT INTO player_score VALUES('5d9741582',15,'62386077d','3967ff4cb',121856,1554,1653875510,1653875510);
INSERT INTO player_score VALUES('6333e61c7',15,'62386077d','4233decf3',114996,1770,1654026153,1654026153);
INSERT INTO player_score VALUES('63a5cbd67',15,'62386077d','4c1d8a5a8',0,1973,1654038096,1654038096);
INSERT INTO player_score VALUES('627a44206',15,'62447a986','16df8a920',207207,1678,1654006688,1654006688);
INSERT INTO player_score VALUES('6227f6cc9',15,'62447a986','1ac0b9ee7',32076,1749,1653998058,1653998058);
INSERT INTO player_score VALUES('6308e35df',15,'62447a986','338e34410',244398,1774,1654021643,1654021643);
INSERT INTO player_score VALUES('5f9cdf1f1',15,'62447a986','36aaec331',6624,1635,1653929786,1653929786);
INSERT INTO player_score VALUES('6237edba6',15,'62447a986','394f66ea7',271656,1737,1653999732,1653999732);
INSERT INTO player_score VALUES('5d7ae97da',15,'62447a986','3967ff4cb',2592,1547,1653872538,1653872538);
INSERT INTO player_score VALUES('5fb690407',15,'62447a986','4233decf3',572908,1587,1653932480,1653932480);
INSERT INTO player_score VALUES('623d0089c',15,'62447a986','4c1d8a5a8',121968,1843,1654000264,1654000264);
INSERT INTO player_score VALUES('5edfda72a',15,'62c51014a','125ca9262',97188,1653,1653909966,1653909966);
INSERT INTO player_score VALUES('6286f815b',15,'62c51014a','16df8a920',10320,1680,1654008020,1654008020);
INSERT INTO player_score VALUES('63a6e705b',15,'62c51014a','1ac0b9ee7',641410,1792,1654038212,1654038212);
INSERT INTO player_score VALUES('631b0e3e1',15,'62c51014a','338e34410',23424,1780,1654023548,1654023548);
INSERT INTO player_score VALUES('6348dc542',15,'62c51014a','36aaec331',18444,1767,1654028351,1654028351);
INSERT INTO player_score VALUES('6120ee5eb',15,'62c51014a','394f66ea7',62640,1682,1653970477,1653970477);
INSERT INTO player_score VALUES('62b582296',15,'62c51014a','3967ff4cb',61659,1800,1654012900,1654012900);
INSERT INTO player_score VALUES('61c1d3571',15,'62c51014a','4233decf3',81225,1692,1653987348,1653987348);
INSERT INTO player_score VALUES('6312f57ed',15,'62c51014a','4c1d8a5a8',29070,1926,1654022699,1654022699);
INSERT INTO player_score VALUES('61bc21d2e',15,'62d3c24c7','125ca9262',111860,1722,1653986751,1653986751);
INSERT INTO player_score VALUES('629524051',15,'62d3c24c7','16df8a920',37620,1684,1654009506,1654009506);
INSERT INTO player_score VALUES('637989450',15,'62d3c24c7','338e34410',101175,1796,1654033455,1654033455);
INSERT INTO player_score VALUES('62c0e532c',15,'62d3c24c7','36aaec331',151200,1739,1654014094,1654014094);
INSERT INTO player_score VALUES('61ce45633',15,'62d3c24c7','394f66ea7',184212,1719,1653988653,1653988653);
INSERT INTO player_score VALUES('61529457b',15,'62d3c24c7','3967ff4cb',18000,1734,1653975683,1653975683);
INSERT INTO player_score VALUES('6319fcd03',15,'62d3c24c7','4233decf3',38610,1762,1654023436,1654023436);
INSERT INTO player_score VALUES('62e9720c1',15,'62d3c24c7','4c1d8a5a8',75152,1905,1654018346,1654018346);
INSERT INTO player_score VALUES('6042ea725',15,'632558880','125ca9262',262656,1688,1653947197,1653947197);
INSERT INTO player_score VALUES('6205a90d4',15,'632558880','16df8a920',0,1666,1653994461,1653994461);
INSERT INTO player_score VALUES('60583af89',15,'632558880','1ac0b9ee7',13455,1707,1653949432,1653949432);
INSERT INTO player_score VALUES('639a924cb',15,'632558880','36aaec331',25025,1778,1654036919,1654036919);
INSERT INTO player_score VALUES('6133bcd63',15,'632558880','394f66ea7',57876,1688,1653972449,1653972449);
INSERT INTO player_score VALUES('62f2caa00',15,'632558880','3967ff4cb',14784,1812,1654019326,1654019326);
INSERT INTO player_score VALUES('62c6c2a55',15,'632558880','4233decf3',54144,1749,1654014709,1654014709);
INSERT INTO player_score VALUES('63b69e7ac',15,'632558880','4c1d8a5a8',38394,1983,1654039860,1654039860);
INSERT INTO player_score VALUES('635060269',15,'6360f5bf3','125ca9262',67584,1753,1654029139,1654029139);
INSERT INTO player_score VALUES('6378b4d9e',15,'6360f5bf3','16df8a920',1960,1706,1654033368,1654033368);
INSERT INTO player_score VALUES('54ad7e7d2',15,'6360f5bf3','1ac0b9ee7',72160,1424,1653636250,1653636250);
INSERT INTO player_score VALUES('63131a1fe',15,'6360f5bf3','338e34410',69160,1777,1654022714,1654022714);
INSERT INTO player_score VALUES('639593003',15,'6360f5bf3','36aaec331',156750,1777,1654036395,1654036395);
INSERT INTO player_score VALUES('57bfa07a7',15,'6360f5bf3','394f66ea7',70122,1279,1653718682,1653718682);
INSERT INTO player_score VALUES('62c857f02',15,'6360f5bf3','3967ff4cb',284000,1804,1654014875,1654014875);
INSERT INTO player_score VALUES('6113c2ca2',15,'6360f5bf3','4233decf3',23040,1660,1653969096,1653969096);
INSERT INTO player_score VALUES('5f10a71e7',15,'6360f5bf3','4c1d8a5a8',12810,1556,1653915083,1653915083);
INSERT INTO player_score VALUES('5010a5211',15,'8467e006','1109b4b19',49115,1439,1653512429,1653512429);
INSERT INTO player_score VALUES('129305288',15,'8467e006','12339ae82',33810,119,1651861800,1651861800);
INSERT INTO player_score VALUES('61e2476f6',15,'8467e006','16df8a920',102396,1661,1653990751,1653990751);
INSERT INTO player_score VALUES('30ec1be39',15,'8467e006','18bc2b289',1900,616,1652676448,1652676448);
INSERT INTO player_score VALUES('61f9ac3a3',15,'8467e006','1ac0b9ee7',260400,1745,1653993204,1653993204);
INSERT INTO player_score VALUES('488f1d83e',15,'8467e006','2c2c1b828',49248,1202,1653310942,1653310942);
INSERT INTO player_score VALUES('63bffbee0',15,'8467e006','338e34410',107520,1810,1654040842,1654040842);
INSERT INTO player_score VALUES('60da682f2',15,'8467e006','36aaec331',0,1678,1653963082,1653963082);
INSERT INTO player_score VALUES('3fa4b9812',15,'8467e006','3771f6ca2',19264,924,1653071616,1653071616);
INSERT INTO player_score VALUES('63066d7f0',15,'8467e006','394f66ea7',22425,1766,1654021385,1654021385);
INSERT INTO player_score VALUES('6214d2e52',15,'8467e006','3967ff4cb',143350,1766,1653996051,1653996051);
INSERT INTO player_score VALUES('505110d10',15,'8467e006','3dbc01378',153824,1428,1653519184,1653519184);
INSERT INTO player_score VALUES('6348560c1',15,'8467e006','4233decf3',12780,1772,1654028296,1654028296);
INSERT INTO player_score VALUES('496a4293d',15,'8467e006','44424eda0',292581,1185,1653333921,1653333921);
INSERT INTO player_score VALUES('6235a153e',15,'8467e006','4c1d8a5a8',59829,1840,1653999491,1653999491);
INSERT INTO player_score VALUES('61269fe68',15,'8467e006','552385534',26040,1831,1653971074,1653971074);
INSERT INTO player_score VALUES('59be4f58b',15,'8467e006','55c0ad459',12920,1510,1653772231,1653772231);
INSERT INTO player_score VALUES('5aa964026',15,'8467e006','5a3cf059f',369920,1493,1653796881,1653796881);
INSERT INTO player_score VALUES('12a0b708d',15,'8e31371f','12339ae82',329004,131,1651863236,1651863236);
INSERT INTO player_score VALUES('62350ed9d',15,'8e31371f','125ca9262',180960,1726,1653999431,1653999431);
INSERT INTO player_score VALUES('5c021ff82',15,'8e31371f','16df8a920',174240,1526,1653833029,1653833029);
INSERT INTO player_score VALUES('332ef107e',15,'8e31371f','18bc2b289',1216,675,1652737143,1652737143);
INSERT INTO player_score VALUES('6126b5e0d',15,'8e31371f','1ac0b9ee7',80730,1725,1653971083,1653971083);
INSERT INTO player_score VALUES('492cb0df4',15,'8e31371f','2c2c1b828',423752,1230,1653327465,1653327465);
INSERT INTO player_score VALUES('5b968a76c',15,'8e31371f','338e34410',79920,1474,1653821748,1653821748);
INSERT INTO player_score VALUES('61115b8d6',15,'8e31371f','36aaec331',269568,1688,1653968844,1653968844);
INSERT INTO player_score VALUES('417c18e31',15,'8e31371f','3771f6ca2',208560,1144,1653121043,1653121043);
INSERT INTO player_score VALUES('61d3646a8',15,'8e31371f','394f66ea7',28320,1720,1653989190,1653989190);
INSERT INTO player_score VALUES('60fe639a9',15,'8e31371f','3967ff4cb',717784,1716,1653966855,1653966855);
INSERT INTO player_score VALUES('5ce0e253c',15,'8e31371f','3a1faf3b0',89300,1476,1653856387,1653856387);
INSERT INTO player_score VALUES('4fdd3b802',15,'8e31371f','3dbc01378',15360,1396,1653507038,1653507038);
INSERT INTO player_score VALUES('49788e3dc',15,'8e31371f','44424eda0',231570,1201,1653335420,1653335420);
INSERT INTO player_score VALUES('637ad7b91',15,'8e31371f','4c1d8a5a8',248430,1959,1654033592,1654033592);
INSERT INTO player_score VALUES('6124f9897',15,'8e31371f','552385534',2244,1830,1653970901,1653970901);
INSERT INTO player_score VALUES('59ead1665',15,'8e31371f','55c0ad459',503496,1573,1653776898,1653776898);
INSERT INTO player_score VALUES('5aaf63a70',15,'8e31371f','5a3cf059f',110976,1575,1653797510,1653797510);
INSERT INTO player_score VALUES('4f3961b16',15,'987f27a0','1109b4b19',25632,1422,1653489857,1653489857);
INSERT INTO player_score VALUES('128fc98a2',15,'987f27a0','12339ae82',68640,114,1651861461,1651861461);
INSERT INTO player_score VALUES('58af6da37',15,'987f27a0','125ca9262',280908,1529,1653743827,1653743827);
INSERT INTO player_score VALUES('62f746197',15,'987f27a0','16df8a920',13200,1693,1654019796,1654019796);
INSERT INTO player_score VALUES('30e475e35',15,'987f27a0','18bc2b289',32604,614,1652675646,1652675646);
INSERT INTO player_score VALUES('62aa06b28',15,'987f27a0','1ac0b9ee7',627628,1768,1654011696,1654011696);
INSERT INTO player_score VALUES('48f024621',15,'987f27a0','2c2c1b828',22050,1221,1653321116,1653321116);
INSERT INTO player_score VALUES('617b5bcaa',15,'987f27a0','338e34410',140525,1719,1653979959,1653979959);
INSERT INTO player_score VALUES('63c0a9484',15,'987f27a0','36aaec331',421572,1784,1654040913,1654040913);
INSERT INTO player_score VALUES('63b70502a',15,'987f27a0','394f66ea7',122472,1801,1654039902,1654039902);
INSERT INTO player_score VALUES('6125f01c8',15,'987f27a0','3967ff4cb',175500,1725,1653971002,1653971002);
INSERT INTO player_score VALUES('60d81e3ff',15,'987f27a0','3a1faf3b0',54144,1661,1653962842,1653962842);
INSERT INTO player_score VALUES('50aa7420c',15,'987f27a0','3dbc01378',17595,1452,1653528557,1653528557);
INSERT INTO player_score VALUES('5ff670cf1',15,'987f27a0','4233decf3',176800,1605,1653939178,1653939178);
INSERT INTO player_score VALUES('498787444',15,'987f27a0','44424eda0',264264,1212,1653336990,1653336990);
INSERT INTO player_score VALUES('6113c2ca3',15,'987f27a0','4c1d8a5a8',84099,1743,1653969096,1653969096);
INSERT INTO player_score VALUES('59ea30410',15,'987f27a0','55c0ad459',82782,1571,1653776832,1653776832);
INSERT INTO player_score VALUES('5aafe02a7',15,'987f27a0','5a3cf059f',8892,1587,1653797561,1653797561);
INSERT INTO player_score VALUES('4c3d5fc1c',15,'a62a73eb','1109b4b19',135800,1372,1653409745,1653409745);
INSERT INTO player_score VALUES('12a0dba56',15,'a62a73eb','12339ae82',77080,132,1651863251,1651863251);
INSERT INTO player_score VALUES('6333a1bf3',15,'a62a73eb','125ca9262',77891,1749,1654026125,1654026125);
INSERT INTO player_score VALUES('6321c9df2',15,'a62a73eb','16df8a920',195840,1697,1654024254,1654024254);
INSERT INTO player_score VALUES('3349398bc',15,'a62a73eb','18bc2b289',11766,677,1652739899,1652739899);
INSERT INTO player_score VALUES('615776582',15,'a62a73eb','1ac0b9ee7',11550,1729,1653976195,1653976195);
INSERT INTO player_score VALUES('48e12b5e0',15,'a62a73eb','2c2c1b828',3816,1217,1653319546,1653319546);
INSERT INTO player_score VALUES('613c8cb0d',15,'a62a73eb','338e34410',100936,1708,1653973373,1653973373);
INSERT INTO player_score VALUES('413160789',15,'a62a73eb','3771f6ca2',9288,1112,1653113208,1653113208);
INSERT INTO player_score VALUES('61a75a021',15,'a62a73eb','394f66ea7',10080,1712,1653984572,1653984572);
INSERT INTO player_score VALUES('62b18cfa2',15,'a62a73eb','3967ff4cb',6900,1798,1654012485,1654012485);
INSERT INTO player_score VALUES('6024a08ad',15,'a62a73eb','3a1faf3b0',54600,1637,1653944021,1653944021);
INSERT INTO player_score VALUES('4d70c32ac',15,'a62a73eb','3dbc01378',43008,1208,1653441977,1653441977);
INSERT INTO player_score VALUES('5fecf87da',15,'a62a73eb','4233decf3',69090,1601,1653938185,1653938185);
INSERT INTO player_score VALUES('49712f091',15,'a62a73eb','44424eda0',315840,1190,1653334647,1653334647);
INSERT INTO player_score VALUES('6378d49a3',15,'a62a73eb','4c1d8a5a8',10608,1958,1654033381,1654033381);
INSERT INTO player_score VALUES('6176d1b14',15,'a62a73eb','552385534',64584,1878,1653979483,1653979483);
INSERT INTO player_score VALUES('5992364a8',15,'a62a73eb','55c0ad459',27060,1440,1653767607,1653767607);
INSERT INTO player_score VALUES('5aa8c2e0e',15,'a62a73eb','5a3cf059f',206016,1488,1653796815,1653796815);
INSERT INTO player_score VALUES('4b4e166f2',15,'ad2f7b08','1109b4b19',18693,1353,1653384654,1653384654);
INSERT INTO player_score VALUES('129500f84',15,'ad2f7b08','12339ae82',126665,122,1651862008,1651862008);
INSERT INTO player_score VALUES('5dcbfbe14',15,'ad2f7b08','125ca9262',488343,1635,1653881039,1653881039);
INSERT INTO player_score VALUES('5d8e62d87',15,'ad2f7b08','16df8a920',93840,1565,1653874580,1653874580);
INSERT INTO player_score VALUES('32ea2e7f2',15,'ad2f7b08','18bc2b289',166496,667,1652729933,1652729933);
INSERT INTO player_score VALUES('6374c21cb',15,'ad2f7b08','1ac0b9ee7',318500,1787,1654032954,1654032954);
INSERT INTO player_score VALUES('4507d7b8f',15,'ad2f7b08','2c2c1b828',520200,1063,1653216227,1653216227);
INSERT INTO player_score VALUES('637a3699c',15,'ad2f7b08','338e34410',1476,1797,1654033526,1654033526);
INSERT INTO player_score VALUES('41a5aafee',15,'ad2f7b08','3771f6ca2',273735,1160,1653125402,1653125402);
INSERT INTO player_score VALUES('6361f618c',15,'ad2f7b08','3967ff4cb',183260,1825,1654030983,1654030983);
INSERT INTO player_score VALUES('6143e222a',15,'ad2f7b08','3a1faf3b0',148770,1685,1653974142,1653974142);
INSERT INTO player_score VALUES('62a13e2b2',15,'ad2f7b08','4233decf3',17952,1739,1654010775,1654010775);
INSERT INTO player_score VALUES('4968c3469',15,'ad2f7b08','44424eda0',639730,1182,1653333764,1653333764);
INSERT INTO player_score VALUES('62f776ebc',15,'ad2f7b08','4c1d8a5a8',107100,1910,1654019816,1654019816);
INSERT INTO player_score VALUES('5f9e71f00',15,'ad2f7b08','552385534',21924,1591,1653929951,1653929951);
INSERT INTO player_score VALUES('59e9f337f',15,'ad2f7b08','55c0ad459',216876,1569,1653776807,1653776807);
INSERT INTO player_score VALUES('5ab1b9d08',15,'ad2f7b08','5a3cf059f',6612,1618,1653797755,1653797755);
INSERT INTO player_score VALUES('5013336e7',15,'c3b3cb23','1109b4b19',8372,1440,1653512697,1653512697);
INSERT INTO player_score VALUES('12a133877',15,'c3b3cb23','12339ae82',51330,133,1651863287,1651863287);
INSERT INTO player_score VALUES('5f441f60e',15,'c3b3cb23','125ca9262',7791,1667,1653920480,1653920480);
INSERT INTO player_score VALUES('5e85a5308',15,'c3b3cb23','16df8a920',350946,1593,1653900507,1653900507);
INSERT INTO player_score VALUES('3214100d9',15,'c3b3cb23','18bc2b289',34816,649,1652707481,1652707481);
INSERT INTO player_score VALUES('5d5ea2b6d',15,'c3b3cb23','1ac0b9ee7',679776,1647,1653869573,1653869573);
INSERT INTO player_score VALUES('48410744b',15,'c3b3cb23','2c2c1b828',236964,1190,1653302754,1653302754);
INSERT INTO player_score VALUES('62f628732',15,'c3b3cb23','338e34410',81700,1770,1654019679,1654019679);
INSERT INTO player_score VALUES('6229d06ed',15,'c3b3cb23','36aaec331',36288,1721,1653998252,1653998252);
INSERT INTO player_score VALUES('419caa4e3',15,'c3b3cb23','3771f6ca2',59856,1156,1653124458,1653124458);
INSERT INTO player_score VALUES('630066820',15,'c3b3cb23','3967ff4cb',21904,1813,1654020753,1654020753);
INSERT INTO player_score VALUES('5ea5fbfeb',15,'c3b3cb23','3a1faf3b0',0,1560,1653903898,1653903898);
INSERT INTO player_score VALUES('50c70423d',15,'c3b3cb23','3dbc01378',67551,1461,1653531552,1653531552);
INSERT INTO player_score VALUES('621f491ea',15,'c3b3cb23','4233decf3',187572,1710,1653997148,1653997148);
INSERT INTO player_score VALUES('49b12f4f0',15,'c3b3cb23','44424eda0',8712,1249,1653341358,1653341358);
INSERT INTO player_score VALUES('639cd4e94',15,'c3b3cb23','4c1d8a5a8',42160,1970,1654037156,1654037156);
INSERT INTO player_score VALUES('613aba608',15,'c3b3cb23','552385534',61740,1841,1653973182,1653973182);
INSERT INTO player_score VALUES('59e996721',15,'c3b3cb23','55c0ad459',57024,1568,1653776769,1653776769);
INSERT INTO player_score VALUES('5ab0332c2',15,'c3b3cb23','5a3cf059f',16830,1592,1653797595,1653797595);
COMMIT;
