
BEGIN;
CREATE TABLE IF NOT EXISTS competition (
  id VARCHAR(255) NOT NULL PRIMARY KEY,
  tenant_id BIGINT NOT NULL,
  title TEXT NOT NULL,
  finished_at BIGINT NULL,
  created_at BIGINT NOT NULL,
  updated_at BIGINT NOT NULL
);
INSERT INTO competition VALUES('ed0cf7d7',16,'海のフィッシュ出張所杯',NULL,1651760905,1652408492);
INSERT INTO competition VALUES('22cc62e27',16,'データベース海岸大会',NULL,1652297312,1653533022);
INSERT INTO competition VALUES('243d99ed1',16,'第4回 川口効果',1653630969,1652336027,1653630969);
INSERT INTO competition VALUES('2d0f76a1b',16,'第9回 fast無双',NULL,1652572781,1653112627);
INSERT INTO competition VALUES('30942e1cd',16,'春のカルボナーラテーマパーク大会',1653943579,1652667228,1653943579);
INSERT INTO competition VALUES('3408fae84',16,'ウルトラカレー人生 #3',1653015092,1652760006,1653015092);
INSERT INTO competition VALUES('371a32875',16,'聖なるたまプラーザ企画杯',1653019948,1652842342,1653019948);
INSERT INTO competition VALUES('3860423a0',16,'多重上野戦線杯',1653600110,1652876532,1653600110);
INSERT INTO competition VALUES('45d84bf92',16,'レタスず',NULL,1653238085,1653738864);
INSERT INTO competition VALUES('473a8c733',16,'第1回 肉のカレータウン',NULL,1653275231,1653718708);
INSERT INTO competition VALUES('4a0ae0bb1',16,'第4回 究極の赤羽ちゃん',1653760969,1653350763,1653760969);
INSERT INTO competition VALUES('4d7fb26cc',16,'スイカづくしカップ',1653949104,1653443543,1653949104);
INSERT INTO competition VALUES('55d0bf080',16,'第4回 あのIPA堂',1653976310,1653666790,1653976310);
INSERT INTO competition VALUES('5af22a60a',16,'ぶどう工場 vol.7',NULL,1653804512,1653930983);
CREATE TABLE IF NOT EXISTS player (
  id VARCHAR(255) NOT NULL PRIMARY KEY,
  tenant_id BIGINT NOT NULL,
  display_name TEXT NOT NULL,
  is_disqualified BOOLEAN NOT NULL,
  created_at BIGINT NOT NULL,
  updated_at BIGINT NOT NULL
);
INSERT INTO player VALUES('7b0a1bdb',16,'Mr. Salvatore Durgan V',0,1651569626,1652004100);
INSERT INTO player VALUES('85c59b04',16,'Caitlyn Koepp',0,1651587632,1652133073);
INSERT INTO player VALUES('aa6e3838',16,'Shawn Brekke',0,1651649135,1653752494);
INSERT INTO player VALUES('bdceda22',16,'Mr. Emile Powlowski Jr.',0,1651681645,1653426325);
INSERT INTO player VALUES('cee6c431',16,'Tad Schmitt',0,1651710323,1653769329);
INSERT INTO player VALUES('d439d5d7',16,'Rodrigo Kerluke',0,1651719256,1653070647);
INSERT INTO player VALUES('e791c50e',16,'Raleigh Braun',0,1651751709,1652776650);
INSERT INTO player VALUES('ede6b607',16,'Estel Kassulke',1,1651762332,1653029820);
INSERT INTO player VALUES('f1d491ff',16,'Mr. Emile Greenfelder',0,1651768924,1652755519);
INSERT INTO player VALUES('f453c2d7',16,'Ms. Yesenia Mann MD',0,1651773113,1652751557);
INSERT INTO player VALUES('fe9222c7',16,'Ms. Lorine Welch',0,1651790299,1653845713);
INSERT INTO player VALUES('118244f07',16,'Maeve Koelpin IV',0,1651833200,1652446812);
INSERT INTO player VALUES('12479cf5b',16,'Bernhard Windler III',1,1651853893,1653208958);
INSERT INTO player VALUES('12765a4c3',16,'Ms. Allene Heaney Sr.',0,1651858794,1653972901);
INSERT INTO player VALUES('12f95e56a',16,'Kelton McClure',0,1651872532,1651941569);
INSERT INTO player VALUES('138b4568d',16,'Luna Heathcote',0,1651887831,1653126851);
INSERT INTO player VALUES('14773f8ff',16,'Arielle Smith',0,1651912575,1654025065);
INSERT INTO player VALUES('1b297f383',16,'Javonte Satterfield DVM',0,1652092327,1653123290);
INSERT INTO player VALUES('1cab002ee',16,'Vada Carroll',0,1652132750,1653643297);
INSERT INTO player VALUES('1cc4dfbb8',16,'Juston Doyle',0,1652135463,1653462620);
INSERT INTO player VALUES('1df7034df',16,'Libbie Daniel',0,1652167564,1652855282);
INSERT INTO player VALUES('1efc2d38d',16,'Audie Abbott DDS',0,1652194949,1652347149);
INSERT INTO player VALUES('1f264a771',16,'Waldo Krajcik',0,1652199365,1652364250);
INSERT INTO player VALUES('1f3ccc2d7',16,'Brant Nolan',0,1652201725,1653012363);
INSERT INTO player VALUES('203201a0c',16,'Daphne Christiansen',0,1652227437,1652610104);
INSERT INTO player VALUES('2073a8471',16,'Mr. Roscoe Funk Sr.',0,1652234321,1653757039);
INSERT INTO player VALUES('20e991d0e',16,'Alexandria Emard',0,1652246685,1652279331);
INSERT INTO player VALUES('211eba33f',16,'Roel Lehner',0,1652252259,1652410923);
INSERT INTO player VALUES('21afaab36',16,'Domenico Schultz',0,1652267457,1653891706);
INSERT INTO player VALUES('23de2371b',16,'Ms. Thea Bode',0,1652326017,1653490687);
INSERT INTO player VALUES('2400c432b',16,'Lurline Hoeger',0,1652329648,1653182776);
INSERT INTO player VALUES('25076af90',16,'Mary Zieme',0,1652357189,1652563206);
INSERT INTO player VALUES('26017b133',16,'Misael Pagac',0,1652383410,1653157042);
INSERT INTO player VALUES('261bd71e9',16,'Dallin Casper',0,1652386174,1653839921);
INSERT INTO player VALUES('27f2c1545',16,'Luisa Ortiz',0,1652435553,1652959164);
INSERT INTO player VALUES('281f67fda',16,'Mr. Leopold Gerhold',0,1652440235,1652817059);
INSERT INTO player VALUES('29af0b219',16,'Ms. Verla Ebert Sr.',0,1652482140,1653469728);
INSERT INTO player VALUES('2a392792e',16,'Zora White',0,1652496622,1652651530);
INSERT INTO player VALUES('2ba4ec92e',16,'Mr. Brendon Lockman',0,1652534766,1653410289);
INSERT INTO player VALUES('2c2880a8e',16,'Sonya Larson',0,1652548563,1652774721);
INSERT INTO player VALUES('2d49b6b9e',16,'Makayla Dickinson',0,1652578889,1653192159);
INSERT INTO player VALUES('2eed5e613',16,'Paris Tremblay',0,1652622893,1652688715);
INSERT INTO player VALUES('2fa4e2590',16,'Ms. Drew Rippin',0,1652642136,1653313447);
INSERT INTO player VALUES('2fed1fff4',16,'Shanon Tromp',0,1652649711,1653524597);
INSERT INTO player VALUES('315c872f5',16,'Joany Yost',0,1652688236,1653191859);
INSERT INTO player VALUES('31a02c14a',16,'D"angelo Rutherford',0,1652695329,1653192126);
INSERT INTO player VALUES('325f27b10',16,'Kole Kutch',0,1652715355,1652798026);
INSERT INTO player VALUES('32d564395',16,'Bettye Bernier',0,1652727753,1654003648);
INSERT INTO player VALUES('3827e7f37',16,'Ms. Brigitte Beatty III',0,1652870623,1652997201);
INSERT INTO player VALUES('386b94286',16,'Aida Marvin',0,1652877719,1653684691);
INSERT INTO player VALUES('38af95d7d',16,'Filiberto Huels',1,1652884850,1653407391);
INSERT INTO player VALUES('394a20d3f',16,'Agustin Harris',0,1652901055,1653589935);
INSERT INTO player VALUES('3a08d59f6',16,'Anabel Greenfelder',0,1652921052,1653391892);
INSERT INTO player VALUES('3bd1f7fb8',16,'Tyreek Schuster',0,1652968986,1653497125);
INSERT INTO player VALUES('3ddf123f2',16,'Shania Satterfield',0,1653024047,1653422905);
INSERT INTO player VALUES('3fdaec076',16,'Kellie Smith',0,1653077299,1653868295);
INSERT INTO player VALUES('40a362613',16,'Jade Legros',1,1653098319,1653296090);
INSERT INTO player VALUES('40ee3cfd1',16,'Ms. Muriel Keeling I',0,1653106168,1653722573);
INSERT INTO player VALUES('4202fe97f',16,'Mr. Wiley Witting',0,1653135188,1653414882);
INSERT INTO player VALUES('4240a8b7c',16,'Mr. Edmund Johnson',0,1653141654,1653596401);
INSERT INTO player VALUES('45501f21f',16,'Buster Labadie Jr.',0,1653223806,1653644566);
INSERT INTO player VALUES('457798197',16,'Mr. Dayne Aufderhar Jr.',0,1653227945,1653536158);
INSERT INTO player VALUES('46cd99d29',16,'Hulda Jast',0,1653263807,1653468834);
INSERT INTO player VALUES('47e2a98b2',16,'Consuelo Ferry',0,1653292859,1653878036);
INSERT INTO player VALUES('4adae4b35',16,'Mr. Ernest Ledner',0,1653372575,1653720738);
INSERT INTO player VALUES('4bfa10513',16,'Aaliyah Kassulke',0,1653402687,1653664301);
INSERT INTO player VALUES('4c3d70dcb',16,'Esteban Ruecker',0,1653409752,1653433192);
INSERT INTO player VALUES('4c570723e',16,'Bo Roberts',0,1653412435,1653945351);
INSERT INTO player VALUES('4c7c47467',16,'Ms. Carmella Wehner',0,1653416341,1654024576);
INSERT INTO player VALUES('4caa0926d',16,'Providenci Weimann',0,1653421139,1653906189);
INSERT INTO player VALUES('4fb35db93',16,'Tevin Gottlieb',0,1653502648,1653868160);
INSERT INTO player VALUES('51435b30e',16,'Bruce Schaden',0,1653544590,1653902074);
INSERT INTO player VALUES('51a455dac',16,'Marcellus Pagac',0,1653554759,1653961960);
INSERT INTO player VALUES('51bff428b',16,'Ms. Natasha Mueller',0,1653557655,1653607846);
INSERT INTO player VALUES('524577dc7',16,'Bartholome Bednar II',0,1653571655,1653946561);
INSERT INTO player VALUES('527758679',16,'Nedra Frami',0,1653576885,1653626711);
INSERT INTO player VALUES('55b821c4d',16,'Darby Langworth',0,1653664209,1653941864);
INSERT INTO player VALUES('569b18cc1',16,'Melyssa Muller',0,1653688008,1653959157);
INSERT INTO player VALUES('56ffc9285',16,'Myrtle Cruickshank',0,1653698566,1653717289);
INSERT INTO player VALUES('5833030dd',16,'Ms. Jacklyn Lowe',0,1653730781,1654012662);
INSERT INTO player VALUES('58623ceaa',16,'Alicia Considine',0,1653735733,1653982080);
INSERT INTO player VALUES('59e1f2e1c',16,'Donnie Aufderhar',0,1653775968,1653894939);
INSERT INTO player VALUES('5b29585d9',16,'Mr. Rico Romaguera IV',1,1653810298,1653924831);
INSERT INTO player VALUES('5b2e2462a',16,'Annamae Cruickshank',0,1653810801,1654030943);
INSERT INTO player VALUES('5c03427f3',16,'Gregg Greenholt',0,1653833148,1653946441);
INSERT INTO player VALUES('5d599e884',16,'Sophie Terry',0,1653869047,1653957505);
INSERT INTO player VALUES('5d767f209',16,'Mr. Jasmin Casper',0,1653872075,1653884448);
INSERT INTO player VALUES('5dac8a923',16,'Joanie Murazik',0,1653877742,1653991094);
INSERT INTO player VALUES('6102390b8',16,'Eldridge Gutmann',1,1653967257,1653990048);
INSERT INTO player VALUES('61ce20c1d',16,'Larissa Keebler',0,1653988638,1654005717);
INSERT INTO player VALUES('62ef5468f',16,'Stephan Hodkiewicz',0,1654018963,1654022915);
CREATE TABLE IF NOT EXISTS player_score (
                              id VARCHAR(255) NOT NULL PRIMARY KEY,
                              tenant_id BIGINT NOT NULL,
                              player_id VARCHAR(255) NOT NULL,
                              competition_id VARCHAR(255) NOT NULL,
                              score BIGINT NOT NULL,
                              row_num BIGINT NOT NULL,
                              created_at BIGINT NOT NULL,
                              updated_at BIGINT NOT NULL
);
INSERT INTO player_score VALUES('5a779bdf9',16,'118244f07','22cc62e27',77616,1428,1653791661,1653791661);
INSERT INTO player_score VALUES('54700ef19',16,'118244f07','243d99ed1',2457,1353,1653629808,1653629808);
INSERT INTO player_score VALUES('63bcb4175',16,'118244f07','2d0f76a1b',152064,1649,1654040498,1654040498);
INSERT INTO player_score VALUES('5ca62d0bd',16,'118244f07','30942e1cd',86710,1404,1653850231,1653850231);
INSERT INTO player_score VALUES('3cbcd211e',16,'118244f07','3408fae84',384648,918,1652993612,1652993612);
INSERT INTO player_score VALUES('51b672154',16,'118244f07','3860423a0',101430,1283,1653556658,1653556658);
INSERT INTO player_score VALUES('5f1f56e44',16,'118244f07','45d84bf92',396704,1390,1653916623,1653916623);
INSERT INTO player_score VALUES('6364beff4',16,'118244f07','473a8c733',204732,1578,1654031275,1654031275);
INSERT INTO player_score VALUES('58ff87078',16,'118244f07','4a0ae0bb1',216,1428,1653752226,1653752226);
INSERT INTO player_score VALUES('5f9bd9e0e',16,'118244f07','4d7fb26cc',145700,1590,1653929679,1653929679);
INSERT INTO player_score VALUES('5fa7729fe',16,'118244f07','55d0bf080',0,1380,1653930895,1653930895);
INSERT INTO player_score VALUES('62facfd7f',16,'118244f07','5af22a60a',118580,1543,1654020167,1654020167);
INSERT INTO player_score VALUES('5b0a5c3a7',16,'118244f07','ed0cf7d7',8060,1398,1653807049,1653807049);
INSERT INTO player_score VALUES('603a50485',16,'12479cf5b','22cc62e27',1664,1591,1653946295,1653946295);
INSERT INTO player_score VALUES('51f5f8472',16,'12479cf5b','243d99ed1',13230,1284,1653563319,1653563319);
INSERT INTO player_score VALUES('5e16921e1',16,'12479cf5b','2d0f76a1b',5698,1470,1653888860,1653888860);
INSERT INTO player_score VALUES('5e98712fc',16,'12479cf5b','30942e1cd',34272,1457,1653902478,1653902478);
INSERT INTO player_score VALUES('3d195b08d',16,'12479cf5b','3408fae84',16150,958,1653003315,1653003315);
INSERT INTO player_score VALUES('3d207fa3f',16,'12479cf5b','371a32875',8424,913,1653004064,1653004064);
INSERT INTO player_score VALUES('5227a31f3',16,'12479cf5b','3860423a0',240120,1305,1653568527,1653568527);
INSERT INTO player_score VALUES('639fcc2fb',16,'12479cf5b','473a8c733',27300,1593,1654037467,1654037467);
INSERT INTO player_score VALUES('57464f5ab',16,'12479cf5b','4a0ae0bb1',122342,1249,1653705961,1653705961);
INSERT INTO player_score VALUES('5f1cc145a',16,'12479cf5b','4d7fb26cc',15128,1550,1653916352,1653916352);
INSERT INTO player_score VALUES('614c2464f',16,'12479cf5b','55d0bf080',686952,1615,1653975008,1653975008);
INSERT INTO player_score VALUES('62be372ab',16,'12479cf5b','5af22a60a',102951,1499,1654013813,1654013813);
INSERT INTO player_score VALUES('5dec5c739',16,'12765a4c3','22cc62e27',147840,1527,1653884434,1653884434);
INSERT INTO player_score VALUES('53ed9d641',16,'12765a4c3','243d99ed1',16646,1342,1653616130,1653616130);
INSERT INTO player_score VALUES('5f797d7dd',16,'12765a4c3','2d0f76a1b',666000,1504,1653926076,1653926076);
INSERT INTO player_score VALUES('5dacd1611',16,'12765a4c3','30942e1cd',504889,1433,1653877771,1653877771);
INSERT INTO player_score VALUES('3d88bea80',16,'12765a4c3','3408fae84',39060,1010,1653014995,1653014995);
INSERT INTO player_score VALUES('3d81cadb1',16,'12765a4c3','371a32875',194649,956,1653014266,1653014266);
INSERT INTO player_score VALUES('52ff65847',16,'12765a4c3','3860423a0',148010,1343,1653591151,1653591151);
INSERT INTO player_score VALUES('63bd2466a',16,'12765a4c3','45d84bf92',125580,1656,1654040544,1654040544);
INSERT INTO player_score VALUES('622e2c273',16,'12765a4c3','473a8c733',49302,1507,1653998709,1653998709);
INSERT INTO player_score VALUES('5943b9842',16,'12765a4c3','4a0ae0bb1',83720,1456,1653759377,1653759377);
INSERT INTO player_score VALUES('5ffcd21ce',16,'12765a4c3','4d7fb26cc',187245,1631,1653939847,1653939847);
INSERT INTO player_score VALUES('611298eec',16,'12765a4c3','55d0bf080',224576,1576,1653968974,1653968974);
INSERT INTO player_score VALUES('63ba2aacd',16,'12765a4c3','5af22a60a',15741,1677,1654040232,1654040232);
INSERT INTO player_score VALUES('6226a1039',16,'12765a4c3','ed0cf7d7',351912,1531,1653997918,1653997918);
INSERT INTO player_score VALUES('634f4c444',16,'12f95e56a','22cc62e27',80724,1665,1654029026,1654029026);
INSERT INTO player_score VALUES('52e5a345a',16,'12f95e56a','243d99ed1',2117,1310,1653588450,1653588450);
INSERT INTO player_score VALUES('6339f1f6d',16,'12f95e56a','2d0f76a1b',1590,1628,1654026787,1654026787);
INSERT INTO player_score VALUES('3d6845a6f',16,'12f95e56a','3408fae84',91840,995,1653011590,1653011590);
INSERT INTO player_score VALUES('3daf5e573',16,'12f95e56a','371a32875',62976,989,1653019045,1653019045);
INSERT INTO player_score VALUES('510acda42',16,'12f95e56a','3860423a0',250980,1251,1653538660,1653538660);
INSERT INTO player_score VALUES('63c087171',16,'12f95e56a','45d84bf92',38766,1657,1654040899,1654040899);
INSERT INTO player_score VALUES('60a915367',16,'12f95e56a','473a8c733',225280,1423,1653957910,1653957910);
INSERT INTO player_score VALUES('585836fb8',16,'12f95e56a','4a0ae0bb1',101626,1369,1653734682,1653734682);
INSERT INTO player_score VALUES('60c63c973',16,'12f95e56a','55d0bf080',58344,1549,1653960967,1653960967);
INSERT INTO player_score VALUES('63b2a466f',16,'12f95e56a','5af22a60a',13680,1671,1654039443,1654039443);
INSERT INTO player_score VALUES('6151b89d9',16,'12f95e56a','ed0cf7d7',183180,1513,1653975593,1653975593);
INSERT INTO player_score VALUES('61426064a',16,'138b4568d','22cc62e27',147420,1617,1653973984,1653973984);
INSERT INTO player_score VALUES('4f7f88adc',16,'138b4568d','243d99ed1',16416,1226,1653497213,1653497213);
INSERT INTO player_score VALUES('62c225064',16,'138b4568d','2d0f76a1b',935,1608,1654014225,1654014225);
INSERT INTO player_score VALUES('5f9f13139',16,'138b4568d','30942e1cd',2520,1488,1653930017,1653930017);
INSERT INTO player_score VALUES('3d7ab4e7f',16,'138b4568d','3408fae84',769824,1004,1653013523,1653013523);
INSERT INTO player_score VALUES('3db0a57f7',16,'138b4568d','371a32875',96768,991,1653019179,1653019179);
INSERT INTO player_score VALUES('53108646c',16,'138b4568d','3860423a0',30723,1345,1653592947,1653592947);
INSERT INTO player_score VALUES('63867f22b',16,'138b4568d','45d84bf92',470400,1644,1654034814,1654034814);
INSERT INTO player_score VALUES('58d8e0031',16,'138b4568d','4a0ae0bb1',82720,1411,1653748173,1653748173);
INSERT INTO player_score VALUES('5fb33270d',16,'138b4568d','4d7fb26cc',119886,1603,1653932127,1653932127);
INSERT INTO player_score VALUES('61337877e',16,'138b4568d','55d0bf080',167765,1594,1653972421,1653972421);
INSERT INTO player_score VALUES('636316308',16,'138b4568d','5af22a60a',155232,1615,1654031101,1654031101);
INSERT INTO player_score VALUES('5fa1e82dc',16,'138b4568d','ed0cf7d7',118818,1474,1653930314,1653930314);
INSERT INTO player_score VALUES('5b4fc9a9b',16,'14773f8ff','22cc62e27',415030,1466,1653814329,1653814329);
INSERT INTO player_score VALUES('541867fde',16,'14773f8ff','243d99ed1',28125,1347,1653620617,1653620617);
INSERT INTO player_score VALUES('625478da3',16,'14773f8ff','2d0f76a1b',5112,1592,1654002725,1654002725);
INSERT INTO player_score VALUES('5c7bbcc55',16,'14773f8ff','30942e1cd',183540,1402,1653845781,1653845781);
INSERT INTO player_score VALUES('3b908e639',16,'14773f8ff','3408fae84',14703,796,1652962127,1652962127);
INSERT INTO player_score VALUES('3d89ade9b',16,'14773f8ff','371a32875',378624,962,1653015093,1653015093);
INSERT INTO player_score VALUES('52522e3ed',16,'14773f8ff','3860423a0',19800,1312,1653572988,1653572988);
INSERT INTO player_score VALUES('62d43ecfb',16,'14773f8ff','45d84bf92',246768,1598,1654016123,1654016123);
INSERT INTO player_score VALUES('61a99065e',16,'14773f8ff','473a8c733',67584,1475,1653984804,1653984804);
INSERT INTO player_score VALUES('5ecc28f07',16,'14773f8ff','4d7fb26cc',299520,1524,1653907901,1653907901);
INSERT INTO player_score VALUES('613f1d6d5',16,'14773f8ff','55d0bf080',218080,1602,1653973642,1653973642);
INSERT INTO player_score VALUES('5ff6f4a21',16,'14773f8ff','ed0cf7d7',48360,1485,1653939232,1653939232);
INSERT INTO player_score VALUES('6207e4575',16,'1b297f383','22cc62e27',386694,1638,1653994695,1653994695);
INSERT INTO player_score VALUES('58897184a',16,'1b297f383','2d0f76a1b',80444,1300,1653739844,1653739844);
INSERT INTO player_score VALUES('5c5081e41',16,'1b297f383','30942e1cd',224808,1398,1653841248,1653841248);
INSERT INTO player_score VALUES('3dafe9831',16,'1b297f383','371a32875',408960,990,1653019102,1653019102);
INSERT INTO player_score VALUES('5341a5f80',16,'1b297f383','3860423a0',195510,1356,1653598098,1653598098);
INSERT INTO player_score VALUES('62f2ea5ba',16,'1b297f383','45d84bf92',196980,1604,1654019339,1654019339);
INSERT INTO player_score VALUES('632f12c1d',16,'1b297f383','473a8c733',24030,1562,1654025647,1654025647);
INSERT INTO player_score VALUES('5932fcd86',16,'1b297f383','4a0ae0bb1',654120,1452,1653757622,1653757622);
INSERT INTO player_score VALUES('5f7aa0090',16,'1b297f383','4d7fb26cc',85932,1579,1653926195,1653926195);
INSERT INTO player_score VALUES('6036e6471',16,'1b297f383','55d0bf080',223138,1464,1653945937,1653945937);
INSERT INTO player_score VALUES('63342a77c',16,'1b297f383','5af22a60a',178360,1581,1654026181,1654026181);
INSERT INTO player_score VALUES('5f6e21c9c',16,'1b297f383','ed0cf7d7',2100,1469,1653924885,1653924885);
INSERT INTO player_score VALUES('605a604dd',16,'1cab002ee','22cc62e27',22365,1594,1653949657,1653949657);
INSERT INTO player_score VALUES('539c888f7',16,'1cab002ee','243d99ed1',199500,1330,1653607628,1653607628);
INSERT INTO player_score VALUES('62e7519ff',16,'1cab002ee','2d0f76a1b',145860,1617,1654018123,1654018123);
INSERT INTO player_score VALUES('5d75924f0',16,'1cab002ee','30942e1cd',7546,1425,1653871978,1653871978);
INSERT INTO player_score VALUES('3d872bd03',16,'1cab002ee','3408fae84',10400,1009,1653014830,1653014830);
INSERT INTO player_score VALUES('3d78094f0',16,'1cab002ee','371a32875',151800,955,1653013243,1653013243);
INSERT INTO player_score VALUES('50cc9d40f',16,'1cab002ee','3860423a0',225225,1243,1653532139,1653532139);
INSERT INTO player_score VALUES('626baf3a3',16,'1cab002ee','45d84bf92',378672,1570,1654005159,1654005159);
INSERT INTO player_score VALUES('5dc5192d3',16,'1cab002ee','473a8c733',8400,1260,1653880317,1653880317);
INSERT INTO player_score VALUES('58f9abff7',16,'1cab002ee','4a0ae0bb1',56316,1425,1653751612,1653751612);
INSERT INTO player_score VALUES('5e85ac80c',16,'1cab002ee','4d7fb26cc',179095,1502,1653900510,1653900510);
INSERT INTO player_score VALUES('61197930e',16,'1cab002ee','55d0bf080',9215,1583,1653969695,1653969695);
INSERT INTO player_score VALUES('63a4760a4',16,'1cab002ee','5af22a60a',488,1661,1654037956,1654037956);
INSERT INTO player_score VALUES('609385337',16,'1cab002ee','ed0cf7d7',0,1496,1653955649,1653955649);
INSERT INTO player_score VALUES('6377ca795',16,'1cc4dfbb8','22cc62e27',168100,1669,1654033272,1654033272);
INSERT INTO player_score VALUES('4fca23d11',16,'1cc4dfbb8','243d99ed1',21460,1235,1653505036,1653505036);
INSERT INTO player_score VALUES('61fa8a61e',16,'1cc4dfbb8','2d0f76a1b',157584,1574,1653993295,1653993295);
INSERT INTO player_score VALUES('5f46b7733',16,'1cc4dfbb8','30942e1cd',46920,1482,1653920752,1653920752);
INSERT INTO player_score VALUES('3d75df1c8',16,'1cc4dfbb8','3408fae84',884446,1003,1653013016,1653013016);
INSERT INTO player_score VALUES('3d10111b0',16,'1cc4dfbb8','371a32875',58254,904,1653002341,1653002341);
INSERT INTO player_score VALUES('52faf3ce9',16,'1cc4dfbb8','3860423a0',85173,1342,1653590685,1653590685);
INSERT INTO player_score VALUES('63b65efc1',16,'1cc4dfbb8','45d84bf92',10816,1654,1654039834,1654039834);
INSERT INTO player_score VALUES('635eb3213',16,'1cc4dfbb8','473a8c733',4590,1576,1654030641,1654030641);
INSERT INTO player_score VALUES('56fac9db1',16,'1cc4dfbb8','4a0ae0bb1',1680,1217,1653698042,1653698042);
INSERT INTO player_score VALUES('600af1d10',16,'1cc4dfbb8','4d7fb26cc',818583,1634,1653941328,1653941328);
INSERT INTO player_score VALUES('5c8cf115f',16,'1cc4dfbb8','ed0cf7d7',69564,1419,1653847585,1653847585);
INSERT INTO player_score VALUES('62ad02ddb',16,'1df7034df','22cc62e27',190350,1652,1654012009,1654012009);
INSERT INTO player_score VALUES('537ba1b41',16,'1df7034df','243d99ed1',273861,1325,1653604178,1653604178);
INSERT INTO player_score VALUES('60a607fa4',16,'1df7034df','2d0f76a1b',447702,1536,1653957590,1653957590);
INSERT INTO player_score VALUES('5fa9b7b28',16,'1df7034df','30942e1cd',0,1489,1653931133,1653931133);
INSERT INTO player_score VALUES('3d5e84172',16,'1df7034df','3408fae84',74000,992,1653010567,1653010567);
INSERT INTO player_score VALUES('3d834a2b3',16,'1df7034df','371a32875',148050,958,1653014423,1653014423);
INSERT INTO player_score VALUES('529b38fa4',16,'1df7034df','3860423a0',273000,1322,1653580647,1653580647);
INSERT INTO player_score VALUES('626c3a61c',16,'1df7034df','45d84bf92',145000,1571,1654005216,1654005216);
INSERT INTO player_score VALUES('62f1c0851',16,'1df7034df','473a8c733',320320,1551,1654019217,1654019217);
INSERT INTO player_score VALUES('5ff6510ec',16,'1df7034df','4d7fb26cc',0,1627,1653939165,1653939165);
INSERT INTO player_score VALUES('60d189add',16,'1df7034df','55d0bf080',145782,1551,1653962152,1653962152);
INSERT INTO player_score VALUES('635f0d79c',16,'1df7034df','5af22a60a',704000,1608,1654030678,1654030678);
INSERT INTO player_score VALUES('6121e4f32',16,'1df7034df','ed0cf7d7',47502,1509,1653970578,1653970578);
INSERT INTO player_score VALUES('6299dc85a',16,'1efc2d38d','22cc62e27',31920,1648,1654010001,1654010001);
INSERT INTO player_score VALUES('62cea5b40',16,'1efc2d38d','2d0f76a1b',11340,1609,1654015536,1654015536);
INSERT INTO player_score VALUES('58e15cdb8',16,'1efc2d38d','30942e1cd',177786,1282,1653749063,1653749063);
INSERT INTO player_score VALUES('3d0c715a8',16,'1efc2d38d','3408fae84',13464,954,1653001961,1653001961);
INSERT INTO player_score VALUES('3db6dfbc8',16,'1efc2d38d','371a32875',29614,999,1653019832,1653019832);
INSERT INTO player_score VALUES('5318b4fd6',16,'1efc2d38d','3860423a0',490680,1347,1653593805,1653593805);
INSERT INTO player_score VALUES('62f98d932',16,'1efc2d38d','45d84bf92',54600,1606,1654020035,1654020035);
INSERT INTO player_score VALUES('6367c9cc6',16,'1efc2d38d','473a8c733',54696,1579,1654031594,1654031594);
INSERT INTO player_score VALUES('601b14ac6',16,'1efc2d38d','4d7fb26cc',198800,1640,1653943020,1653943020);
INSERT INTO player_score VALUES('61007cb39',16,'1efc2d38d','55d0bf080',144336,1571,1653967075,1653967075);
INSERT INTO player_score VALUES('6287f5ff9',16,'1efc2d38d','5af22a60a',13272,1463,1654008124,1654008124);
INSERT INTO player_score VALUES('61ce874c7',16,'1efc2d38d','ed0cf7d7',0,1525,1653988680,1653988680);
INSERT INTO player_score VALUES('6094d61fa',16,'1f264a771','22cc62e27',25376,1600,1653955787,1653955787);
INSERT INTO player_score VALUES('5453d1f32',16,'1f264a771','243d99ed1',200640,1351,1653626847,1653626847);
INSERT INTO player_score VALUES('636cb31ec',16,'1f264a771','2d0f76a1b',18886,1634,1654032109,1654032109);
INSERT INTO player_score VALUES('5f20091d7',16,'1f264a771','30942e1cd',60630,1474,1653916696,1653916696);
INSERT INTO player_score VALUES('3d5611035',16,'1f264a771','3408fae84',11931,988,1653009681,1653009681);
INSERT INTO player_score VALUES('3d0207597',16,'1f264a771','371a32875',240189,898,1653000869,1653000869);
INSERT INTO player_score VALUES('5341b2277',16,'1f264a771','3860423a0',3318,1357,1653598103,1653598103);
INSERT INTO player_score VALUES('634b1eeed',16,'1f264a771','45d84bf92',82350,1631,1654028588,1654028588);
INSERT INTO player_score VALUES('5d27ec5d5',16,'1f264a771','4d7fb26cc',258300,1376,1653863836,1653863836);
INSERT INTO player_score VALUES('612057005',16,'1f264a771','55d0bf080',76916,1588,1653970415,1653970415);
INSERT INTO player_score VALUES('62e7f532c',16,'1f264a771','5af22a60a',59532,1529,1654018190,1654018190);
INSERT INTO player_score VALUES('5ce70698f',16,'1f264a771','ed0cf7d7',44304,1422,1653857031,1653857031);
INSERT INTO player_score VALUES('57bdbd14a',16,'1f3ccc2d7','22cc62e27',302304,1363,1653718484,1653718484);
INSERT INTO player_score VALUES('510e1cd16',16,'1f3ccc2d7','243d99ed1',157680,1254,1653539007,1653539007);
INSERT INTO player_score VALUES('63097d2bd',16,'1f3ccc2d7','2d0f76a1b',193752,1623,1654021706,1654021706);
INSERT INTO player_score VALUES('5f19091b6',16,'1f3ccc2d7','30942e1cd',123120,1471,1653915962,1653915962);
INSERT INTO player_score VALUES('3ca7c5dec',16,'1f3ccc2d7','3408fae84',28152,906,1652991405,1652991405);
INSERT INTO player_score VALUES('3d2075e0d',16,'1f3ccc2d7','371a32875',329511,912,1653004060,1653004060);
INSERT INTO player_score VALUES('63aff65e7',16,'1f3ccc2d7','45d84bf92',27900,1652,1654039162,1654039162);
INSERT INTO player_score VALUES('6379f71fe',16,'1f3ccc2d7','473a8c733',11223,1586,1654033500,1654033500);
INSERT INTO player_score VALUES('572f25320',16,'1f3ccc2d7','4a0ae0bb1',103740,1244,1653703532,1653703532);
INSERT INTO player_score VALUES('61355e4f6',16,'1f3ccc2d7','55d0bf080',45828,1596,1653972620,1653972620);
INSERT INTO player_score VALUES('63bc65f3c',16,'1f3ccc2d7','5af22a60a',245916,1680,1654040466,1654040466);
INSERT INTO player_score VALUES('617958a88',16,'1f3ccc2d7','ed0cf7d7',88200,1518,1653979748,1653979748);
INSERT INTO player_score VALUES('623790ee9',16,'203201a0c','2d0f76a1b',156600,1586,1653999694,1653999694);
INSERT INTO player_score VALUES('6016526b8',16,'203201a0c','30942e1cd',727260,1500,1653942521,1653942521);
INSERT INTO player_score VALUES('3d46daf89',16,'203201a0c','3408fae84',93600,981,1653008086,1653008086);
INSERT INTO player_score VALUES('3db344e08',16,'203201a0c','371a32875',11960,994,1653019454,1653019454);
INSERT INTO player_score VALUES('5319736ff',16,'203201a0c','3860423a0',6006,1348,1653593883,1653593883);
INSERT INTO player_score VALUES('5e9a7ba9c',16,'203201a0c','45d84bf92',54560,1354,1653902692,1653902692);
INSERT INTO player_score VALUES('63affdb1a',16,'203201a0c','473a8c733',561000,1596,1654039165,1654039165);
INSERT INTO player_score VALUES('5913dc1a6',16,'203201a0c','4a0ae0bb1',91264,1441,1653754358,1653754358);
INSERT INTO player_score VALUES('5ff7d7adf',16,'203201a0c','4d7fb26cc',107163,1629,1653939325,1653939325);
INSERT INTO player_score VALUES('62011a111',16,'203201a0c','ed0cf7d7',277200,1529,1653993983,1653993983);
INSERT INTO player_score VALUES('61a785f38',16,'2073a8471','22cc62e27',15048,1631,1653984590,1653984590);
INSERT INTO player_score VALUES('541547355',16,'2073a8471','243d99ed1',167620,1346,1653620289,1653620289);
INSERT INTO player_score VALUES('62e7e8fa2',16,'2073a8471','2d0f76a1b',154050,1618,1654018185,1654018185);
INSERT INTO player_score VALUES('5d05e08d7',16,'2073a8471','30942e1cd',6936,1414,1653860266,1653860266);
INSERT INTO player_score VALUES('3d4e5ecbd',16,'2073a8471','3408fae84',231336,985,1653008874,1653008874);
INSERT INTO player_score VALUES('3da5f71c7',16,'2073a8471','371a32875',749616,983,1653018059,1653018059);
INSERT INTO player_score VALUES('4fc169e9e',16,'2073a8471','3860423a0',182240,1190,1653504121,1653504121);
INSERT INTO player_score VALUES('63a582988',16,'2073a8471','45d84bf92',5600,1648,1654038066,1654038066);
INSERT INTO player_score VALUES('638e31576',16,'2073a8471','473a8c733',56203,1589,1654035621,1654035621);
INSERT INTO player_score VALUES('593aec178',16,'2073a8471','4a0ae0bb1',3000,1454,1653758454,1653758454);
INSERT INTO player_score VALUES('5fe1d27df',16,'2073a8471','4d7fb26cc',55242,1620,1653937016,1653937016);
INSERT INTO player_score VALUES('60de2053f',16,'2073a8471','55d0bf080',0,1559,1653963472,1653963472);
INSERT INTO player_score VALUES('634eb7572',16,'2073a8471','5af22a60a',177008,1600,1654028965,1654028965);
INSERT INTO player_score VALUES('61d4b2e01',16,'2073a8471','ed0cf7d7',8424,1527,1653989327,1653989327);
INSERT INTO player_score VALUES('4eea8a99e',16,'20e991d0e','243d99ed1',521400,1214,1653481590,1653481590);
INSERT INTO player_score VALUES('6177b729a',16,'20e991d0e','2d0f76a1b',441084,1560,1653979577,1653979577);
INSERT INTO player_score VALUES('3d5c48d25',16,'20e991d0e','3408fae84',12720,990,1653010333,1653010333);
INSERT INTO player_score VALUES('3d56aad64',16,'20e991d0e','371a32875',52920,935,1653009744,1653009744);
INSERT INTO player_score VALUES('51113d98b',16,'20e991d0e','3860423a0',227392,1252,1653539335,1653539335);
INSERT INTO player_score VALUES('61e51055a',16,'20e991d0e','45d84bf92',3564,1538,1653991043,1653991043);
INSERT INTO player_score VALUES('6311678c3',16,'20e991d0e','473a8c733',295840,1557,1654022536,1654022536);
INSERT INTO player_score VALUES('584995dd5',16,'20e991d0e','4a0ae0bb1',129375,1363,1653733148,1653733148);
INSERT INTO player_score VALUES('5fbf9f970',16,'20e991d0e','4d7fb26cc',3825,1606,1653933430,1653933430);
INSERT INTO player_score VALUES('611736968',16,'20e991d0e','55d0bf080',12376,1581,1653969458,1653969458);
INSERT INTO player_score VALUES('63b7977dd',16,'20e991d0e','5af22a60a',8208,1676,1654039962,1654039962);
INSERT INTO player_score VALUES('5a4933fbc',16,'20e991d0e','ed0cf7d7',2296,1385,1653786795,1653786795);
INSERT INTO player_score VALUES('63b8ab5fb',16,'211eba33f','22cc62e27',25578,1675,1654040075,1654040075);
INSERT INTO player_score VALUES('51e505e9d',16,'211eba33f','243d99ed1',42140,1278,1653561542,1653561542);
INSERT INTO player_score VALUES('5d8720f08',16,'211eba33f','30942e1cd',239400,1427,1653873819,1653873819);
INSERT INTO player_score VALUES('3d0ad252a',16,'211eba33f','3408fae84',2784,952,1653001791,1653001791);
INSERT INTO player_score VALUES('3d996f1d9',16,'211eba33f','371a32875',85860,973,1653016745,1653016745);
INSERT INTO player_score VALUES('53236d268',16,'211eba33f','3860423a0',44180,1349,1653594929,1653594929);
INSERT INTO player_score VALUES('6295e2762',16,'211eba33f','45d84bf92',48950,1582,1654009584,1654009584);
INSERT INTO player_score VALUES('636174b29',16,'211eba33f','473a8c733',526680,1577,1654030930,1654030930);
INSERT INTO player_score VALUES('590b5f412',16,'211eba33f','4a0ae0bb1',35530,1436,1653753468,1653753468);
INSERT INTO player_score VALUES('60548062c',16,'211eba33f','4d7fb26cc',59800,1658,1653949041,1653949041);
INSERT INTO player_score VALUES('611090eed',16,'211eba33f','55d0bf080',0,1574,1653968761,1653968761);
INSERT INTO player_score VALUES('63a79bb40',16,'211eba33f','5af22a60a',294,1663,1654038286,1654038286);
INSERT INTO player_score VALUES('6210a321e',16,'211eba33f','ed0cf7d7',246477,1530,1653995612,1653995612);
INSERT INTO player_score VALUES('62dfd9fce',16,'21afaab36','22cc62e27',17940,1656,1654017340,1654017340);
INSERT INTO player_score VALUES('515c2e2b8',16,'21afaab36','243d99ed1',71610,1266,1653547193,1653547193);
INSERT INTO player_score VALUES('62b25c7f6',16,'21afaab36','2d0f76a1b',191400,1603,1654012570,1654012570);
INSERT INTO player_score VALUES('5dd02938d',16,'21afaab36','30942e1cd',18998,1437,1653881477,1653881477);
INSERT INTO player_score VALUES('3d8601f8b',16,'21afaab36','3408fae84',40800,1008,1653014708,1653014708);
INSERT INTO player_score VALUES('3d1515494',16,'21afaab36','371a32875',290080,905,1653002867,1653002867);
INSERT INTO player_score VALUES('51aaa8840',16,'21afaab36','3860423a0',294294,1282,1653555422,1653555422);
INSERT INTO player_score VALUES('5ff590328',16,'21afaab36','45d84bf92',20672,1427,1653939086,1653939086);
INSERT INTO player_score VALUES('6202c0706',16,'21afaab36','473a8c733',786048,1493,1653994156,1653994156);
INSERT INTO player_score VALUES('59307abf6',16,'21afaab36','4a0ae0bb1',30600,1450,1653757359,1653757359);
INSERT INTO player_score VALUES('614853d04',16,'21afaab36','55d0bf080',41616,1612,1653974608,1653974608);
INSERT INTO player_score VALUES('639ff5b18',16,'21afaab36','5af22a60a',69888,1659,1654037484,1654037484);
INSERT INTO player_score VALUES('5d0adfd6f',16,'23de2371b','22cc62e27',374440,1506,1653860790,1653860790);
INSERT INTO player_score VALUES('4daeaf3ba',16,'23de2371b','243d99ed1',2016,1175,1653448470,1653448470);
INSERT INTO player_score VALUES('5c2d2526b',16,'23de2371b','2d0f76a1b',240240,1418,1653837540,1653837540);
INSERT INTO player_score VALUES('3d74a90d4',16,'23de2371b','3408fae84',0,1000,1653012889,1653012889);
INSERT INTO player_score VALUES('3db414648',16,'23de2371b','371a32875',110449,996,1653019539,1653019539);
INSERT INTO player_score VALUES('521dda3d7',16,'23de2371b','3860423a0',180180,1301,1653567501,1653567501);
INSERT INTO player_score VALUES('63b5d6479',16,'23de2371b','45d84bf92',0,1653,1654039778,1654039778);
INSERT INTO player_score VALUES('62d354707',16,'23de2371b','473a8c733',230724,1543,1654016027,1654016027);
INSERT INTO player_score VALUES('594b97ac1',16,'23de2371b','4a0ae0bb1',245245,1459,1653760202,1653760202);
INSERT INTO player_score VALUES('6048d1a9d',16,'23de2371b','4d7fb26cc',0,1652,1653947816,1653947816);
INSERT INTO player_score VALUES('6116cb281',16,'23de2371b','55d0bf080',2160,1580,1653969414,1653969414);
INSERT INTO player_score VALUES('6381f0227',16,'23de2371b','5af22a60a',19552,1642,1654034336,1654034336);
INSERT INTO player_score VALUES('636a49743',16,'23de2371b','ed0cf7d7',0,1547,1654031856,1654031856);
INSERT INTO player_score VALUES('616904f97',16,'2400c432b','22cc62e27',227920,1622,1653978036,1653978036);
INSERT INTO player_score VALUES('4f0057a4b',16,'2400c432b','243d99ed1',30555,1215,1653483876,1653483876);
INSERT INTO player_score VALUES('544c27102',16,'2400c432b','2d0f76a1b',11160,1179,1653626043,1653626043);
INSERT INTO player_score VALUES('5e8238b48',16,'2400c432b','30942e1cd',0,1454,1653900148,1653900148);
INSERT INTO player_score VALUES('3d895394d',16,'2400c432b','3408fae84',13392,1011,1653015056,1653015056);
INSERT INTO player_score VALUES('3d2ffa07c',16,'2400c432b','371a32875',42900,922,1653005687,1653005687);
INSERT INTO player_score VALUES('534b084d5',16,'2400c432b','3860423a0',124200,1363,1653599082,1653599082);
INSERT INTO player_score VALUES('6383aeea1',16,'2400c432b','45d84bf92',85618,1643,1654034519,1654034519);
INSERT INTO player_score VALUES('62daa7713',16,'2400c432b','473a8c733',265512,1546,1654016795,1654016795);
INSERT INTO player_score VALUES('59165bbdc',16,'2400c432b','4a0ae0bb1',73834,1442,1653754620,1653754620);
INSERT INTO player_score VALUES('60084ffe4',16,'2400c432b','4d7fb26cc',330220,1633,1653941052,1653941052);
INSERT INTO player_score VALUES('614a918c5',16,'2400c432b','55d0bf080',42687,1614,1653974843,1653974843);
INSERT INTO player_score VALUES('62eec93be',16,'2400c432b','5af22a60a',25920,1532,1654018906,1654018906);
INSERT INTO player_score VALUES('63140bd32',16,'2400c432b','ed0cf7d7',34030,1543,1654022813,1654022813);
INSERT INTO player_score VALUES('520c5a421',16,'25076af90','243d99ed1',65360,1286,1653565666,1653565666);
INSERT INTO player_score VALUES('5f72b5a9e',16,'25076af90','2d0f76a1b',18944,1503,1653925365,1653925365);
INSERT INTO player_score VALUES('59253294d',16,'25076af90','30942e1cd',16038,1286,1653756176,1653756176);
INSERT INTO player_score VALUES('3d4172b36',16,'25076af90','3408fae84',194768,977,1653007519,1653007519);
INSERT INTO player_score VALUES('3d2e53ac0',16,'25076af90','371a32875',72522,921,1653005514,1653005514);
INSERT INTO player_score VALUES('52e32d65b',16,'25076af90','3860423a0',13600,1338,1653588192,1653588192);
INSERT INTO player_score VALUES('6309fe925',16,'25076af90','45d84bf92',21204,1615,1654021759,1654021759);
INSERT INTO player_score VALUES('6132956cd',16,'25076af90','473a8c733',110880,1450,1653972328,1653972328);
INSERT INTO player_score VALUES('5f186316e',16,'25076af90','4d7fb26cc',342720,1546,1653915894,1653915894);
INSERT INTO player_score VALUES('61167a953',16,'25076af90','55d0bf080',237237,1579,1653969381,1653969381);
INSERT INTO player_score VALUES('63c6362a0',16,'25076af90','5af22a60a',59976,1687,1654041495,1654041495);
INSERT INTO player_score VALUES('6162c3683',16,'25076af90','ed0cf7d7',100594,1514,1653977380,1653977380);
INSERT INTO player_score VALUES('62f2dbba8',16,'26017b133','22cc62e27',14144,1659,1654019333,1654019333);
INSERT INTO player_score VALUES('542791d1c',16,'26017b133','243d99ed1',39928,1349,1653622207,1653622207);
INSERT INTO player_score VALUES('60d1c6b2c',16,'26017b133','2d0f76a1b',2340,1541,1653962177,1653962177);
INSERT INTO player_score VALUES('5f0e20246',16,'26017b133','30942e1cd',184500,1470,1653914818,1653914818);
INSERT INTO player_score VALUES('3d33863fb',16,'26017b133','3408fae84',384560,968,1653006059,1653006059);
INSERT INTO player_score VALUES('3dae2ab7b',16,'26017b133','371a32875',9048,987,1653018919,1653018919);
INSERT INTO player_score VALUES('534df360a',16,'26017b133','3860423a0',357068,1365,1653599388,1653599388);
INSERT INTO player_score VALUES('63755708a',16,'26017b133','45d84bf92',2331,1640,1654033015,1654033015);
INSERT INTO player_score VALUES('623073a99',16,'26017b133','473a8c733',11242,1508,1653998948,1653998948);
INSERT INTO player_score VALUES('604172738',16,'26017b133','4d7fb26cc',149240,1650,1653947043,1653947043);
INSERT INTO player_score VALUES('600cfebc7',16,'26017b133','55d0bf080',16224,1434,1653941543,1653941543);
INSERT INTO player_score VALUES('6294a50f9',16,'26017b133','5af22a60a',458810,1471,1654009454,1654009454);
INSERT INTO player_score VALUES('632ffaaed',16,'261bd71e9','22cc62e27',1950,1663,1654025742,1654025742);
INSERT INTO player_score VALUES('53f56a74a',16,'261bd71e9','243d99ed1',34800,1343,1653616948,1653616948);
INSERT INTO player_score VALUES('634a36ffd',16,'261bd71e9','2d0f76a1b',945,1630,1654028493,1654028493);
INSERT INTO player_score VALUES('5fb308ef0',16,'261bd71e9','30942e1cd',7560,1491,1653932110,1653932110);
INSERT INTO player_score VALUES('3d20e3baa',16,'261bd71e9','3408fae84',53703,961,1653004105,1653004105);
INSERT INTO player_score VALUES('3db3649d1',16,'261bd71e9','371a32875',301938,995,1653019467,1653019467);
INSERT INTO player_score VALUES('534612c4d',16,'261bd71e9','3860423a0',6375,1362,1653598562,1653598562);
INSERT INTO player_score VALUES('6274ad7b0',16,'261bd71e9','45d84bf92',0,1574,1654006102,1654006102);
INSERT INTO player_score VALUES('586640bc4',16,'261bd71e9','4a0ae0bb1',358900,1374,1653736154,1653736154);
INSERT INTO player_score VALUES('5fc6bce0f',16,'261bd71e9','4d7fb26cc',0,1609,1653934176,1653934176);
INSERT INTO player_score VALUES('63a1fb420',16,'261bd71e9','5af22a60a',37830,1660,1654037696,1654037696);
INSERT INTO player_score VALUES('5f65482a1',16,'261bd71e9','ed0cf7d7',18544,1466,1653923957,1653923957);
INSERT INTO player_score VALUES('62317b503',16,'27f2c1545','22cc62e27',10075,1644,1653999056,1653999056);
INSERT INTO player_score VALUES('538393641',16,'27f2c1545','243d99ed1',188328,1327,1653605011,1653605011);
INSERT INTO player_score VALUES('60094693e',16,'27f2c1545','2d0f76a1b',456688,1523,1653941153,1653941153);
INSERT INTO player_score VALUES('5f8ae9f06',16,'27f2c1545','30942e1cd',248640,1486,1653927903,1653927903);
INSERT INTO player_score VALUES('3d159b8de',16,'27f2c1545','3408fae84',3680,957,1653002922,1653002922);
INSERT INTO player_score VALUES('3cdce2123',16,'27f2c1545','371a32875',0,872,1652996974,1652996974);
INSERT INTO player_score VALUES('5344789f0',16,'27f2c1545','3860423a0',0,1360,1653598394,1653598394);
INSERT INTO player_score VALUES('62fd3234e',16,'27f2c1545','45d84bf92',29670,1609,1654020417,1654020417);
INSERT INTO player_score VALUES('61b56ff75',16,'27f2c1545','473a8c733',372000,1480,1653986049,1653986049);
INSERT INTO player_score VALUES('58e9e85a1',16,'27f2c1545','4a0ae0bb1',69696,1419,1653749959,1653749959);
INSERT INTO player_score VALUES('5e55e02dd',16,'27f2c1545','4d7fb26cc',3780,1490,1653895498,1653895498);
INSERT INTO player_score VALUES('60af8a0ed',16,'27f2c1545','55d0bf080',9750,1527,1653958587,1653958587);
INSERT INTO player_score VALUES('5fe1e876e',16,'27f2c1545','ed0cf7d7',129030,1482,1653937025,1653937025);
INSERT INTO player_score VALUES('62f97eeeb',16,'281f67fda','22cc62e27',106920,1660,1654020029,1654020029);
INSERT INTO player_score VALUES('5e9fa471d',16,'281f67fda','2d0f76a1b',5040,1490,1653903233,1653903233);
INSERT INTO player_score VALUES('5ab4a9c4c',16,'281f67fda','30942e1cd',24948,1340,1653798063,1653798063);
INSERT INTO player_score VALUES('3d5947c6c',16,'281f67fda','3408fae84',53592,989,1653010018,1653010018);
INSERT INTO player_score VALUES('3da1c4e71',16,'281f67fda','371a32875',147840,980,1653017619,1653017619);
INSERT INTO player_score VALUES('528fe2256',16,'281f67fda','3860423a0',57456,1320,1653579458,1653579458);
INSERT INTO player_score VALUES('63c23258d',16,'281f67fda','45d84bf92',410130,1659,1654041074,1654041074);
INSERT INTO player_score VALUES('631ee13f1',16,'281f67fda','473a8c733',564300,1560,1654023949,1654023949);
INSERT INTO player_score VALUES('58fc55289',16,'281f67fda','4a0ae0bb1',18860,1427,1653751891,1653751891);
INSERT INTO player_score VALUES('600ec2656',16,'281f67fda','4d7fb26cc',60760,1636,1653941728,1653941728);
INSERT INTO player_score VALUES('6120aa045',16,'281f67fda','55d0bf080',160854,1589,1653970449,1653970449);
INSERT INTO player_score VALUES('62d73d66f',16,'281f67fda','5af22a60a',6942,1521,1654016437,1654016437);
INSERT INTO player_score VALUES('5608e3953',16,'281f67fda','ed0cf7d7',1620,1301,1653672677,1653672677);
INSERT INTO player_score VALUES('61f47250b',16,'29af0b219','22cc62e27',64800,1637,1653992656,1653992656);
INSERT INTO player_score VALUES('5355fb06a',16,'29af0b219','243d99ed1',1210,1319,1653600230,1653600230);
INSERT INTO player_score VALUES('63a67b9e7',16,'29af0b219','2d0f76a1b',91640,1643,1654038168,1654038168);
INSERT INTO player_score VALUES('5e115838b',16,'29af0b219','30942e1cd',0,1443,1653888312,1653888312);
INSERT INTO player_score VALUES('3d72666cc',16,'29af0b219','3408fae84',5022,999,1653012652,1653012652);
INSERT INTO player_score VALUES('3d5d26f84',16,'29af0b219','371a32875',119136,939,1653010424,1653010424);
INSERT INTO player_score VALUES('5265a2b76',16,'29af0b219','3860423a0',10395,1316,1653575028,1653575028);
INSERT INTO player_score VALUES('63672ffef',16,'29af0b219','45d84bf92',4830,1638,1654031531,1654031531);
INSERT INTO player_score VALUES('574d36eef',16,'29af0b219','4a0ae0bb1',6496,1254,1653706685,1653706685);
INSERT INTO player_score VALUES('5c1b151e4',16,'29af0b219','4d7fb26cc',133200,1275,1653835646,1653835646);
INSERT INTO player_score VALUES('6158213a1',16,'29af0b219','55d0bf080',243936,1624,1653976265,1653976265);
INSERT INTO player_score VALUES('632b3fc2e',16,'29af0b219','5af22a60a',57720,1573,1654025246,1654025246);
INSERT INTO player_score VALUES('5e06805a0',16,'29af0b219','ed0cf7d7',97524,1441,1653887175,1653887175);
INSERT INTO player_score VALUES('60fe3534f',16,'2a392792e','22cc62e27',144072,1609,1653966836,1653966836);
INSERT INTO player_score VALUES('50a34aa3c',16,'2a392792e','243d99ed1',13120,1245,1653527806,1653527806);
INSERT INTO player_score VALUES('638c3317a',16,'2a392792e','2d0f76a1b',3450,1638,1654035412,1654035412);
INSERT INTO player_score VALUES('5f0c097a7',16,'2a392792e','30942e1cd',71280,1469,1653914599,1653914599);
INSERT INTO player_score VALUES('3d7eb3d7a',16,'2a392792e','3408fae84',103180,1005,1653013942,1653013942);
INSERT INTO player_score VALUES('3d36bf712',16,'2a392792e','371a32875',176715,928,1653006397,1653006397);
INSERT INTO player_score VALUES('52e694fae',16,'2a392792e','3860423a0',198,1339,1653588549,1653588549);
INSERT INTO player_score VALUES('62940b3fd',16,'2a392792e','45d84bf92',12870,1581,1654009391,1654009391);
INSERT INTO player_score VALUES('622ac4946',16,'2a392792e','473a8c733',35696,1505,1653998352,1653998352);
INSERT INTO player_score VALUES('5905a8d6b',16,'2a392792e','4a0ae0bb1',13500,1434,1653752869,1653752869);
INSERT INTO player_score VALUES('60516bce9',16,'2a392792e','4d7fb26cc',96140,1657,1653948718,1653948718);
INSERT INTO player_score VALUES('613fc8524',16,'2a392792e','55d0bf080',154413,1603,1653973712,1653973712);
INSERT INTO player_score VALUES('633c1e9d4',16,'2a392792e','5af22a60a',7215,1587,1654027015,1654027015);
INSERT INTO player_score VALUES('617afc948',16,'2ba4ec92e','22cc62e27',11310,1627,1653979920,1653979920);
INSERT INTO player_score VALUES('524878e45',16,'2ba4ec92e','243d99ed1',100640,1294,1653571970,1653571970);
INSERT INTO player_score VALUES('613d7e613',16,'2ba4ec92e','2d0f76a1b',23328,1551,1653973472,1653973472);
INSERT INTO player_score VALUES('5f251bec0',16,'2ba4ec92e','30942e1cd',87300,1476,1653917228,1653917228);
INSERT INTO player_score VALUES('3d8539c44',16,'2ba4ec92e','3408fae84',340704,1007,1653014626,1653014626);
INSERT INTO player_score VALUES('3da9e769d',16,'2ba4ec92e','371a32875',18500,985,1653018472,1653018472);
INSERT INTO player_score VALUES('52ae977b8',16,'2ba4ec92e','3860423a0',45100,1327,1653582678,1653582678);
INSERT INTO player_score VALUES('62f791c4b',16,'2ba4ec92e','45d84bf92',54340,1605,1654019827,1654019827);
INSERT INTO player_score VALUES('633dc015c',16,'2ba4ec92e','473a8c733',508728,1565,1654027186,1654027186);
INSERT INTO player_score VALUES('58c8f54db',16,'2ba4ec92e','4a0ae0bb1',29260,1405,1653746504,1653746504);
INSERT INTO player_score VALUES('5fcfe2348',16,'2ba4ec92e','4d7fb26cc',67200,1612,1653935135,1653935135);
INSERT INTO player_score VALUES('613c4ac38',16,'2ba4ec92e','55d0bf080',4392,1600,1653973346,1653973346);
INSERT INTO player_score VALUES('63b04e437',16,'2ba4ec92e','5af22a60a',50220,1670,1654039198,1654039198);
INSERT INTO player_score VALUES('6112103bc',16,'2ba4ec92e','ed0cf7d7',52650,1506,1653968918,1653968918);
INSERT INTO player_score VALUES('602d77b78',16,'2c2880a8e','22cc62e27',17850,1589,1653944948,1653944948);
INSERT INTO player_score VALUES('4f6b312e3',16,'2c2880a8e','243d99ed1',166000,1223,1653495080,1653495080);
INSERT INTO player_score VALUES('5b47bd207',16,'2c2880a8e','30942e1cd',4680,1358,1653813485,1653813485);
INSERT INTO player_score VALUES('3d7ed3975',16,'2c2880a8e','3408fae84',499408,1006,1653013955,1653013955);
INSERT INTO player_score VALUES('3d9db4da5',16,'2c2880a8e','371a32875',466830,979,1653017193,1653017193);
INSERT INTO player_score VALUES('62e502cc2',16,'2c2880a8e','45d84bf92',86086,1600,1654017881,1654017881);
INSERT INTO player_score VALUES('63729ccc6',16,'2c2880a8e','473a8c733',325600,1583,1654032729,1654032729);
INSERT INTO player_score VALUES('592cdb071',16,'2c2880a8e','4a0ae0bb1',663228,1448,1653756979,1653756979);
INSERT INTO player_score VALUES('5f90300cd',16,'2c2880a8e','4d7fb26cc',47740,1585,1653928456,1653928456);
INSERT INTO player_score VALUES('60cc06884',16,'2c2880a8e','55d0bf080',76608,1550,1653961574,1653961574);
INSERT INTO player_score VALUES('63b6812ed',16,'2c2880a8e','5af22a60a',46200,1674,1654039848,1654039848);
INSERT INTO player_score VALUES('5cf688511',16,'2c2880a8e','ed0cf7d7',27508,1426,1653858657,1653858657);
INSERT INTO player_score VALUES('62c997be2',16,'2d49b6b9e','22cc62e27',280896,1655,1654015006,1654015006);
INSERT INTO player_score VALUES('49438a7b1',16,'2d49b6b9e','243d99ed1',22869,1055,1653329861,1653329861);
INSERT INTO player_score VALUES('63b5219c9',16,'2d49b6b9e','2d0f76a1b',1335,1645,1654039704,1654039704);
INSERT INTO player_score VALUES('5c0eb6a23',16,'2d49b6b9e','30942e1cd',14260,1386,1653834349,1653834349);
INSERT INTO player_score VALUES('3d052a945',16,'2d49b6b9e','3408fae84',0,948,1653001198,1653001198);
INSERT INTO player_score VALUES('5325493a3',16,'2d49b6b9e','3860423a0',4560,1350,1653595124,1653595124);
INSERT INTO player_score VALUES('63098e42b',16,'2d49b6b9e','45d84bf92',0,1614,1654021713,1654021713);
INSERT INTO player_score VALUES('636abc313',16,'2d49b6b9e','473a8c733',198720,1580,1654031903,1654031903);
INSERT INTO player_score VALUES('603c8e07e',16,'2d49b6b9e','4d7fb26cc',1536,1646,1653946530,1653946530);
INSERT INTO player_score VALUES('614f6c3bc',16,'2d49b6b9e','55d0bf080',61920,1617,1653975352,1653975352);
INSERT INTO player_score VALUES('631a969cc',16,'2d49b6b9e','5af22a60a',11070,1562,1654023499,1654023499);
INSERT INTO player_score VALUES('614326237',16,'2d49b6b9e','ed0cf7d7',0,1511,1653974065,1653974065);
INSERT INTO player_score VALUES('63811e2cd',16,'2eed5e613','22cc62e27',145485,1672,1654034250,1654034250);
INSERT INTO player_score VALUES('537c42d7e',16,'2eed5e613','243d99ed1',186048,1326,1653604244,1653604244);
INSERT INTO player_score VALUES('6177a8866',16,'2eed5e613','2d0f76a1b',404558,1559,1653979571,1653979571);
INSERT INTO player_score VALUES('5c31ec4a8',16,'2eed5e613','30942e1cd',7584,1393,1653838041,1653838041);
INSERT INTO player_score VALUES('3d4453ff3',16,'2eed5e613','3408fae84',241870,978,1653007821,1653007821);
INSERT INTO player_score VALUES('3d0effa8d',16,'2eed5e613','371a32875',672,903,1653002229,1653002229);
INSERT INTO player_score VALUES('4e411f057',16,'2eed5e613','3860423a0',306240,1117,1653463825,1653463825);
INSERT INTO player_score VALUES('617f44c21',16,'2eed5e613','473a8c733',300960,1465,1653980369,1653980369);
INSERT INTO player_score VALUES('5930a4413',16,'2eed5e613','4a0ae0bb1',27755,1451,1653757376,1653757376);
INSERT INTO player_score VALUES('5f910e348',16,'2eed5e613','4d7fb26cc',36210,1586,1653928547,1653928547);
INSERT INTO player_score VALUES('6020314a3',16,'2eed5e613','55d0bf080',677160,1446,1653943556,1653943556);
INSERT INTO player_score VALUES('542723f6a',16,'2fa4e2590','243d99ed1',8928,1348,1653622162,1653622162);
INSERT INTO player_score VALUES('629777b9d',16,'2fa4e2590','2d0f76a1b',21580,1599,1654009750,1654009750);
INSERT INTO player_score VALUES('3d560e92d',16,'2fa4e2590','3408fae84',34874,987,1653009680,1653009680);
INSERT INTO player_score VALUES('3da5d00d6',16,'2fa4e2590','371a32875',138105,982,1653018043,1653018043);
INSERT INTO player_score VALUES('521efa56e',16,'2fa4e2590','3860423a0',95680,1302,1653567619,1653567619);
INSERT INTO player_score VALUES('58e5a50ce',16,'2fa4e2590','4a0ae0bb1',26190,1417,1653749512,1653749512);
INSERT INTO player_score VALUES('604c25b90',16,'2fa4e2590','4d7fb26cc',187880,1654,1653948165,1653948165);
INSERT INTO player_score VALUES('6042afd91',16,'2fa4e2590','55d0bf080',0,1471,1653947173,1653947173);
INSERT INTO player_score VALUES('637726e5a',16,'2fa4e2590','5af22a60a',139840,1633,1654033205,1654033205);
INSERT INTO player_score VALUES('63796987c',16,'2fa4e2590','ed0cf7d7',28490,1548,1654033442,1654033442);
INSERT INTO player_score VALUES('5eafb8a9e',16,'2fed1fff4','22cc62e27',351482,1551,1653904919,1653904919);
INSERT INTO player_score VALUES('5164c5dee',16,'2fed1fff4','243d99ed1',75164,1269,1653548094,1653548094);
INSERT INTO player_score VALUES('6283621dd',16,'2fed1fff4','2d0f76a1b',57408,1595,1654007644,1654007644);
INSERT INTO player_score VALUES('5f922488e',16,'2fed1fff4','30942e1cd',322218,1487,1653928661,1653928661);
INSERT INTO player_score VALUES('3c4a4da46',16,'2fed1fff4','3408fae84',168300,878,1652981604,1652981604);
INSERT INTO player_score VALUES('3d3cb7c33',16,'2fed1fff4','371a32875',20352,930,1653007023,1653007023);
INSERT INTO player_score VALUES('4fdffa9fe',16,'2fed1fff4','3860423a0',183540,1196,1653507326,1653507326);
INSERT INTO player_score VALUES('5fb736480',16,'2fed1fff4','473a8c733',293020,1367,1653932548,1653932548);
INSERT INTO player_score VALUES('57ff4400c',16,'2fed1fff4','4a0ae0bb1',166896,1333,1653725355,1653725355);
INSERT INTO player_score VALUES('5d3f734fe',16,'2fed1fff4','4d7fb26cc',4512,1387,1653866303,1653866303);
INSERT INTO player_score VALUES('6150bd242',16,'2fed1fff4','55d0bf080',494586,1621,1653975490,1653975490);
INSERT INTO player_score VALUES('63ae3c78a',16,'2fed1fff4','5af22a60a',213408,1668,1654038981,1654038981);
INSERT INTO player_score VALUES('637d9e2e1',16,'2fed1fff4','ed0cf7d7',0,1549,1654033883,1654033883);
INSERT INTO player_score VALUES('60ea2bd05',16,'315c872f5','22cc62e27',79662,1606,1653964735,1653964735);
INSERT INTO player_score VALUES('53a52ee89',16,'315c872f5','243d99ed1',50160,1331,1653608535,1653608535);
INSERT INTO player_score VALUES('5c91c6e06',16,'315c872f5','30942e1cd',78057,1403,1653848092,1653848092);
INSERT INTO player_score VALUES('3d2e75ddf',16,'315c872f5','3408fae84',28842,965,1653005528,1653005528);
INSERT INTO player_score VALUES('3d96f4590',16,'315c872f5','371a32875',11421,969,1653016485,1653016485);
INSERT INTO player_score VALUES('52a591e8f',16,'315c872f5','3860423a0',39788,1323,1653581732,1653581732);
INSERT INTO player_score VALUES('63af2bb87',16,'315c872f5','45d84bf92',378675,1651,1654039079,1654039079);
INSERT INTO player_score VALUES('63ad4fab2',16,'315c872f5','473a8c733',19824,1595,1654038884,1654038884);
INSERT INTO player_score VALUES('58c9e96e2',16,'315c872f5','4a0ae0bb1',36992,1406,1653746604,1653746604);
INSERT INTO player_score VALUES('63607e1dc',16,'315c872f5','5af22a60a',65205,1610,1654030829,1654030829);
INSERT INTO player_score VALUES('621079a03',16,'31a02c14a','22cc62e27',336798,1639,1653995595,1653995595);
INSERT INTO player_score VALUES('5373bc3a9',16,'31a02c14a','243d99ed1',580450,1324,1653603350,1653603350);
INSERT INTO player_score VALUES('63192d4cc',16,'31a02c14a','2d0f76a1b',135622,1625,1654023351,1654023351);
INSERT INTO player_score VALUES('3ce8451cd',16,'31a02c14a','3408fae84',77616,931,1652998168,1652998168);
INSERT INTO player_score VALUES('3d96a1557',16,'31a02c14a','371a32875',179006,968,1653016451,1653016451);
INSERT INTO player_score VALUES('50b07d87b',16,'31a02c14a','3860423a0',172200,1236,1653529190,1653529190);
INSERT INTO player_score VALUES('6334391fd',16,'31a02c14a','45d84bf92',4209,1624,1654026187,1654026187);
INSERT INTO player_score VALUES('628a892de',16,'31a02c14a','473a8c733',4200,1523,1654008394,1654008394);
INSERT INTO player_score VALUES('5fda6bf02',16,'31a02c14a','4d7fb26cc',232870,1617,1653936240,1653936240);
INSERT INTO player_score VALUES('614fc1ad3',16,'31a02c14a','55d0bf080',160952,1619,1653975387,1653975387);
INSERT INTO player_score VALUES('63b419f1d',16,'31a02c14a','5af22a60a',106140,1673,1654039596,1654039596);
INSERT INTO player_score VALUES('5da875a81',16,'31a02c14a','ed0cf7d7',158688,1436,1653877314,1653877314);
INSERT INTO player_score VALUES('639728445',16,'325f27b10','22cc62e27',299700,1674,1654036561,1654036561);
INSERT INTO player_score VALUES('5303d4c42',16,'325f27b10','243d99ed1',299376,1314,1653591616,1653591616);
INSERT INTO player_score VALUES('5fdf0726f',16,'325f27b10','30942e1cd',201066,1496,1653936723,1653936723);
INSERT INTO player_score VALUES('3d3f5244d',16,'325f27b10','3408fae84',758016,975,1653007296,1653007296);
INSERT INTO player_score VALUES('3db322b44',16,'325f27b10','371a32875',136160,993,1653019440,1653019440);
INSERT INTO player_score VALUES('51de1be4b',16,'325f27b10','3860423a0',201407,1289,1653560817,1653560817);
INSERT INTO player_score VALUES('625c19f6e',16,'325f27b10','45d84bf92',66000,1564,1654003525,1654003525);
INSERT INTO player_score VALUES('6215df76a',16,'325f27b10','473a8c733',232128,1497,1653996161,1653996161);
INSERT INTO player_score VALUES('577dbf42e',16,'325f27b10','4a0ae0bb1',206080,1272,1653711774,1653711774);
INSERT INTO player_score VALUES('5fbf90f04',16,'325f27b10','4d7fb26cc',482112,1605,1653933424,1653933424);
INSERT INTO player_score VALUES('6129ad252',16,'325f27b10','55d0bf080',52920,1591,1653971394,1653971394);
INSERT INTO player_score VALUES('63c07adf5',16,'325f27b10','5af22a60a',92004,1683,1654040894,1654040894);
INSERT INTO player_score VALUES('5e4e0e3b6',16,'325f27b10','ed0cf7d7',669750,1445,1653894678,1653894678);
INSERT INTO player_score VALUES('536374bb9',16,'32d564395','243d99ed1',336072,1322,1653601643,1653601643);
INSERT INTO player_score VALUES('6348d28d8',16,'32d564395','2d0f76a1b',300150,1629,1654028347,1654028347);
INSERT INTO player_score VALUES('5faf2e9ec',16,'32d564395','30942e1cd',154816,1490,1653931706,1653931706);
INSERT INTO player_score VALUES('3d064d162',16,'32d564395','3408fae84',79980,950,1653001317,1653001317);
INSERT INTO player_score VALUES('3d8f5cf91',16,'32d564395','371a32875',65600,964,1653015689,1653015689);
INSERT INTO player_score VALUES('6325c3f1b',16,'32d564395','45d84bf92',170660,1623,1654024671,1654024671);
INSERT INTO player_score VALUES('617fcd7f3',16,'32d564395','473a8c733',61446,1466,1653980425,1653980425);
INSERT INTO player_score VALUES('5809d5108',16,'32d564395','4a0ae0bb1',49140,1339,1653726463,1653726463);
INSERT INTO player_score VALUES('5fe3f07bf',16,'32d564395','4d7fb26cc',276120,1621,1653937238,1653937238);
INSERT INTO player_score VALUES('612e9678e',16,'32d564395','55d0bf080',126759,1592,1653971909,1653971909);
INSERT INTO player_score VALUES('63b2d7aae',16,'32d564395','5af22a60a',34452,1672,1654039464,1654039464);
INSERT INTO player_score VALUES('5f6c6a553',16,'3827e7f37','22cc62e27',227700,1571,1653924705,1653924705);
INSERT INTO player_score VALUES('5354aefe2',16,'3827e7f37','243d99ed1',71079,1318,1653600094,1653600094);
INSERT INTO player_score VALUES('628a696e2',16,'3827e7f37','2d0f76a1b',19008,1596,1654008381,1654008381);
INSERT INTO player_score VALUES('5ed6b2b12',16,'3827e7f37','30942e1cd',54400,1463,1653909006,1653909006);
INSERT INTO player_score VALUES('3cb5de43f',16,'3827e7f37','3408fae84',180359,913,1652992883,1652992883);
INSERT INTO player_score VALUES('3d32fff8c',16,'3827e7f37','371a32875',28917,925,1653006004,1653006004);
INSERT INTO player_score VALUES('5215d9e7c',16,'3827e7f37','3860423a0',82764,1299,1653566662,1653566662);
INSERT INTO player_score VALUES('6318b33a3',16,'3827e7f37','45d84bf92',11280,1621,1654023301,1654023301);
INSERT INTO player_score VALUES('593ae2558',16,'3827e7f37','4a0ae0bb1',49200,1453,1653758450,1653758450);
INSERT INTO player_score VALUES('602ed262d',16,'3827e7f37','55d0bf080',19350,1456,1653945090,1653945090);
INSERT INTO player_score VALUES('62ab44155',16,'3827e7f37','5af22a60a',10260,1489,1654011826,1654011826);
INSERT INTO player_score VALUES('63bf362ee',16,'3827e7f37','ed0cf7d7',123240,1553,1654040761,1654040761);
INSERT INTO player_score VALUES('6233a0a59',16,'386b94286','22cc62e27',690,1645,1653999281,1653999281);
INSERT INTO player_score VALUES('53af289d5',16,'386b94286','243d99ed1',0,1333,1653609581,1653609581);
INSERT INTO player_score VALUES('5fe9eb3ed',16,'386b94286','2d0f76a1b',337851,1520,1653937865,1653937865);
INSERT INTO player_score VALUES('5f09bd16a',16,'386b94286','30942e1cd',422928,1468,1653914358,1653914358);
INSERT INTO player_score VALUES('3d75650a6',16,'386b94286','3408fae84',583128,1002,1653012966,1653012966);
INSERT INTO player_score VALUES('61387f151',16,'386b94286','45d84bf92',16800,1495,1653972948,1653972948);
INSERT INTO player_score VALUES('60f141c7f',16,'386b94286','473a8c733',0,1440,1653965478,1653965478);
INSERT INTO player_score VALUES('5942c7d33',16,'386b94286','4a0ae0bb1',259860,1455,1653759278,1653759278);
INSERT INTO player_score VALUES('5e41974e9',16,'386b94286','4d7fb26cc',80080,1483,1653893371,1653893371);
INSERT INTO player_score VALUES('6143325a5',16,'386b94286','55d0bf080',10560,1606,1653974070,1653974070);
INSERT INTO player_score VALUES('62c517668',16,'386b94286','5af22a60a',306900,1507,1654014534,1654014534);
INSERT INTO player_score VALUES('616b53c66',16,'386b94286','ed0cf7d7',32292,1515,1653978278,1653978278);
INSERT INTO player_score VALUES('616a95589',16,'38af95d7d','22cc62e27',82368,1623,1653978200,1653978200);
INSERT INTO player_score VALUES('53b288e19',16,'38af95d7d','243d99ed1',34344,1334,1653609935,1653609935);
INSERT INTO player_score VALUES('639fdd480',16,'38af95d7d','2d0f76a1b',621,1640,1654037474,1654037474);
INSERT INTO player_score VALUES('5ec48f252',16,'38af95d7d','30942e1cd',6396,1461,1653907104,1653907104);
INSERT INTO player_score VALUES('3d4c54599',16,'38af95d7d','3408fae84',2356,984,1653008660,1653008660);
INSERT INTO player_score VALUES('52c2245b2',16,'38af95d7d','3860423a0',11844,1331,1653584728,1653584728);
INSERT INTO player_score VALUES('62d220d12',16,'38af95d7d','45d84bf92',32340,1597,1654015901,1654015901);
INSERT INTO player_score VALUES('62554d3cd',16,'38af95d7d','473a8c733',123120,1515,1654002812,1654002812);
INSERT INTO player_score VALUES('58c022ff9',16,'38af95d7d','4a0ae0bb1',21300,1403,1653745579,1653745579);
INSERT INTO player_score VALUES('5f399cf2c',16,'38af95d7d','4d7fb26cc',56406,1557,1653919378,1653919378);
INSERT INTO player_score VALUES('5f39e6314',16,'38af95d7d','55d0bf080',1612,1329,1653919408,1653919408);
INSERT INTO player_score VALUES('635103b87',16,'38af95d7d','5af22a60a',287640,1602,1654029206,1654029206);
INSERT INTO player_score VALUES('627280d66',16,'38af95d7d','ed0cf7d7',23760,1534,1654005874,1654005874);
INSERT INTO player_score VALUES('5f5a2227b',16,'394a20d3f','22cc62e27',40768,1570,1653922788,1653922788);
INSERT INTO player_score VALUES('51e4eb0c0',16,'394a20d3f','243d99ed1',187408,1277,1653561531,1653561531);
INSERT INTO player_score VALUES('62429e85d',16,'394a20d3f','2d0f76a1b',602112,1587,1654000853,1654000853);
INSERT INTO player_score VALUES('3d686085c',16,'394a20d3f','3408fae84',176700,996,1653011601,1653011601);
INSERT INTO player_score VALUES('3d31599a6',16,'394a20d3f','371a32875',105105,923,1653005831,1653005831);
INSERT INTO player_score VALUES('51e68a1a5',16,'394a20d3f','3860423a0',24087,1291,1653561701,1653561701);
INSERT INTO player_score VALUES('5d3be23ad',16,'394a20d3f','45d84bf92',4320,1278,1653865929,1653865929);
INSERT INTO player_score VALUES('58d933046',16,'394a20d3f','4a0ae0bb1',36800,1412,1653748207,1653748207);
INSERT INTO player_score VALUES('603d626a5',16,'394a20d3f','4d7fb26cc',324950,1648,1653946617,1653946617);
INSERT INTO player_score VALUES('6145f3e72',16,'394a20d3f','55d0bf080',257796,1609,1653974359,1653974359);
INSERT INTO player_score VALUES('636eb8b19',16,'394a20d3f','5af22a60a',137200,1627,1654032321,1654032321);
INSERT INTO player_score VALUES('5f54cd695',16,'394a20d3f','ed0cf7d7',78880,1465,1653922229,1653922229);
INSERT INTO player_score VALUES('5da5a56b7',16,'3a08d59f6','22cc62e27',21560,1523,1653877019,1653877019);
INSERT INTO player_score VALUES('5456a226a',16,'3a08d59f6','243d99ed1',627456,1352,1653627142,1653627142);
INSERT INTO player_score VALUES('62eaddd0f',16,'3a08d59f6','2d0f76a1b',0,1619,1654018495,1654018495);
INSERT INTO player_score VALUES('60192c665',16,'3a08d59f6','30942e1cd',490212,1501,1653942820,1653942820);
INSERT INTO player_score VALUES('3d71d1840',16,'3a08d59f6','3408fae84',150416,998,1653012591,1653012591);
INSERT INTO player_score VALUES('3cf6eb190',16,'3a08d59f6','371a32875',53475,892,1652999704,1652999704);
INSERT INTO player_score VALUES('520530c92',16,'3a08d59f6','3860423a0',265650,1298,1653564915,1653564915);
INSERT INTO player_score VALUES('60e3f4043',16,'3a08d59f6','473a8c733',12300,1435,1653964083,1653964083);
INSERT INTO player_score VALUES('58b3da78a',16,'3a08d59f6','4a0ae0bb1',424080,1398,1653744291,1653744291);
INSERT INTO player_score VALUES('604c8c436',16,'3a08d59f6','4d7fb26cc',114595,1655,1653948207,1653948207);
INSERT INTO player_score VALUES('6123a14cf',16,'3a08d59f6','55d0bf080',193545,1590,1653970760,1653970760);
INSERT INTO player_score VALUES('62fd93dc1',16,'3a08d59f6','5af22a60a',483840,1547,1654020457,1654020457);
INSERT INTO player_score VALUES('616dd5e06',16,'3a08d59f6','ed0cf7d7',23920,1516,1653978541,1653978541);
INSERT INTO player_score VALUES('62fe4d672',16,'3bd1f7fb8','22cc62e27',1152,1661,1654020533,1654020533);
INSERT INTO player_score VALUES('53b8b9593',16,'3bd1f7fb8','243d99ed1',171585,1337,1653610584,1653610584);
INSERT INTO player_score VALUES('62835107b',16,'3bd1f7fb8','2d0f76a1b',54000,1594,1654007637,1654007637);
INSERT INTO player_score VALUES('5ed36d47e',16,'3bd1f7fb8','30942e1cd',48840,1462,1653908663,1653908663);
INSERT INTO player_score VALUES('3bb6e9ba0',16,'3bd1f7fb8','3408fae84',484500,809,1652966149,1652966149);
INSERT INTO player_score VALUES('52f26ac06',16,'3bd1f7fb8','3860423a0',171532,1340,1653589790,1653589790);
INSERT INTO player_score VALUES('6212708b3',16,'3bd1f7fb8','45d84bf92',56862,1544,1653995801,1653995801);
INSERT INTO player_score VALUES('6256f12b6',16,'3bd1f7fb8','473a8c733',91872,1516,1654002984,1654002984);
INSERT INTO player_score VALUES('592735b3b',16,'3bd1f7fb8','4a0ae0bb1',53664,1447,1653756387,1653756387);
INSERT INTO player_score VALUES('5ff17db32',16,'3bd1f7fb8','4d7fb26cc',118755,1624,1653938659,1653938659);
INSERT INTO player_score VALUES('614f8235b',16,'3bd1f7fb8','55d0bf080',12480,1618,1653975361,1653975361);
INSERT INTO player_score VALUES('61d5abe5d',16,'3bd1f7fb8','5af22a60a',17280,1325,1653989429,1653989429);
INSERT INTO player_score VALUES('6066c61e6',16,'3ddf123f2','22cc62e27',47348,1597,1653950957,1653950957);
INSERT INTO player_score VALUES('538598f88',16,'3ddf123f2','243d99ed1',322500,1328,1653605223,1653605223);
INSERT INTO player_score VALUES('63b9d538c',16,'3ddf123f2','2d0f76a1b',129600,1648,1654040197,1654040197);
INSERT INTO player_score VALUES('5c1d7025a',16,'3ddf123f2','30942e1cd',32000,1389,1653835893,1653835893);
INSERT INTO player_score VALUES('52f994428',16,'3ddf123f2','3860423a0',257372,1341,1653590541,1653590541);
INSERT INTO player_score VALUES('63174293a',16,'3ddf123f2','45d84bf92',30096,1620,1654023150,1654023150);
INSERT INTO player_score VALUES('63a261d13',16,'3ddf123f2','473a8c733',15456,1594,1654037738,1654037738);
INSERT INTO player_score VALUES('590302200',16,'3ddf123f2','4a0ae0bb1',64064,1431,1653752591,1653752591);
INSERT INTO player_score VALUES('5f53b714a',16,'3ddf123f2','4d7fb26cc',73872,1567,1653922115,1653922115);
INSERT INTO player_score VALUES('60da91acd',16,'3ddf123f2','55d0bf080',183136,1556,1653963099,1653963099);
INSERT INTO player_score VALUES('62f47d31d',16,'3ddf123f2','5af22a60a',151470,1540,1654019504,1654019504);
INSERT INTO player_score VALUES('6073fdea0',16,'3ddf123f2','ed0cf7d7',33449,1492,1653952343,1653952343);
INSERT INTO player_score VALUES('5e0b00b45',16,'3fdaec076','22cc62e27',334407,1530,1653887647,1653887647);
INSERT INTO player_score VALUES('53f665ecf',16,'3fdaec076','243d99ed1',98040,1344,1653617051,1653617051);
INSERT INTO player_score VALUES('62d762043',16,'3fdaec076','2d0f76a1b',0,1611,1654016452,1654016452);
INSERT INTO player_score VALUES('4fe8de036',16,'3fdaec076','3860423a0',1540,1198,1653508258,1653508258);
INSERT INTO player_score VALUES('62697db1e',16,'3fdaec076','45d84bf92',250712,1568,1654004929,1654004929);
INSERT INTO player_score VALUES('633bcb962',16,'3fdaec076','473a8c733',312294,1564,1654026981,1654026981);
INSERT INTO player_score VALUES('57005ba40',16,'3fdaec076','4a0ae0bb1',216000,1221,1653698626,1653698626);
INSERT INTO player_score VALUES('6051388bf',16,'3fdaec076','4d7fb26cc',231472,1656,1653948697,1653948697);
INSERT INTO player_score VALUES('6097f2011',16,'3fdaec076','55d0bf080',42458,1515,1653956113,1653956113);
INSERT INTO player_score VALUES('638086ce3',16,'3fdaec076','5af22a60a',184005,1640,1654034188,1654034188);
INSERT INTO player_score VALUES('601249b3f',16,'3fdaec076','ed0cf7d7',23240,1488,1653942098,1653942098);
INSERT INTO player_score VALUES('629ea8886',16,'40a362613','22cc62e27',30800,1649,1654010504,1654010504);
INSERT INTO player_score VALUES('51dcb5043',16,'40a362613','3860423a0',182336,1288,1653560670,1653560670);
INSERT INTO player_score VALUES('633f8d817',16,'40a362613','473a8c733',401580,1567,1654027375,1654027375);
INSERT INTO player_score VALUES('583c481ec',16,'40a362613','4a0ae0bb1',85320,1356,1653731753,1653731753);
INSERT INTO player_score VALUES('5df8287d6',16,'40a362613','4d7fb26cc',262675,1454,1653885671,1653885671);
INSERT INTO player_score VALUES('60059aa17',16,'40a362613','55d0bf080',13824,1427,1653940768,1653940768);
INSERT INTO player_score VALUES('62563c7f3',16,'40a362613','5af22a60a',206610,1417,1654002910,1654002910);
INSERT INTO player_score VALUES('6170a1331',16,'40a362613','ed0cf7d7',66748,1517,1653978834,1653978834);
INSERT INTO player_score VALUES('637bb8549',16,'40ee3cfd1','22cc62e27',48256,1670,1654033684,1654033684);
INSERT INTO player_score VALUES('53db30960',16,'40ee3cfd1','243d99ed1',90090,1339,1653614198,1653614198);
INSERT INTO player_score VALUES('619fe741f',16,'40ee3cfd1','2d0f76a1b',7200,1564,1653983791,1653983791);
INSERT INTO player_score VALUES('5f3da5ad6',16,'40ee3cfd1','30942e1cd',91728,1480,1653919801,1653919801);
INSERT INTO player_score VALUES('524db53b2',16,'40ee3cfd1','3860423a0',68544,1311,1653572519,1653572519);
INSERT INTO player_score VALUES('61fd7f384',16,'40ee3cfd1','45d84bf92',579040,1542,1653993605,1653993605);
INSERT INTO player_score VALUES('637545f4f',16,'40ee3cfd1','473a8c733',6936,1585,1654033008,1654033008);
INSERT INTO player_score VALUES('585ffa4c0',16,'40ee3cfd1','4a0ae0bb1',4860,1372,1653735496,1653735496);
INSERT INTO player_score VALUES('5de158a4c',16,'40ee3cfd1','4d7fb26cc',1736,1447,1653883279,1653883279);
INSERT INTO player_score VALUES('60c2783c7',16,'40ee3cfd1','55d0bf080',16632,1544,1653960572,1653960572);
INSERT INTO player_score VALUES('63ac431c8',16,'40ee3cfd1','5af22a60a',837312,1665,1654038774,1654038774);
INSERT INTO player_score VALUES('5fac3c392',16,'40ee3cfd1','ed0cf7d7',1575,1476,1653931397,1653931397);
INSERT INTO player_score VALUES('60dbb6a6f',16,'4202fe97f','22cc62e27',1480,1605,1653963219,1653963219);
INSERT INTO player_score VALUES('51f56f94d',16,'4202fe97f','243d99ed1',348270,1283,1653563263,1653563263);
INSERT INTO player_score VALUES('615660033',16,'4202fe97f','2d0f76a1b',5544,1556,1653976081,1653976081);
INSERT INTO player_score VALUES('5fe99f8e5',16,'4202fe97f','30942e1cd',51336,1498,1653937834,1653937834);
INSERT INTO player_score VALUES('5f9ff6203',16,'4202fe97f','45d84bf92',175380,1412,1653930110,1653930110);
INSERT INTO player_score VALUES('5e49868f6',16,'4202fe97f','473a8c733',17325,1291,1653894203,1653894203);
INSERT INTO player_score VALUES('589d64f02',16,'4202fe97f','4a0ae0bb1',91840,1393,1653741936,1653741936);
INSERT INTO player_score VALUES('5f3cb6692',16,'4202fe97f','4d7fb26cc',279942,1559,1653919703,1653919703);
INSERT INTO player_score VALUES('5f059e6a1',16,'4202fe97f','55d0bf080',189924,1298,1653913926,1653913926);
INSERT INTO player_score VALUES('63adbd842',16,'4202fe97f','5af22a60a',154224,1667,1654038929,1654038929);
INSERT INTO player_score VALUES('5d42486b8',16,'4240a8b7c','22cc62e27',56576,1508,1653866600,1653866600);
INSERT INTO player_score VALUES('52ce9db67',16,'4240a8b7c','243d99ed1',285190,1307,1653586036,1653586036);
INSERT INTO player_score VALUES('62d50be4c',16,'4240a8b7c','2d0f76a1b',187941,1610,1654016207,1654016207);
INSERT INTO player_score VALUES('5c7861685',16,'4240a8b7c','30942e1cd',30008,1401,1653845429,1653845429);
INSERT INTO player_score VALUES('52e1192ae',16,'4240a8b7c','3860423a0',10560,1337,1653587974,1653587974);
INSERT INTO player_score VALUES('6201e995c',16,'4240a8b7c','45d84bf92',37800,1543,1653994068,1653994068);
INSERT INTO player_score VALUES('62386caa7',16,'4240a8b7c','473a8c733',0,1509,1653999784,1653999784);
INSERT INTO player_score VALUES('57ca4edd9',16,'4240a8b7c','4a0ae0bb1',270144,1302,1653719802,1653719802);
INSERT INTO player_score VALUES('5fadd180e',16,'4240a8b7c','4d7fb26cc',213342,1600,1653931563,1653931563);
INSERT INTO player_score VALUES('600f01dd9',16,'4240a8b7c','55d0bf080',0,1435,1653941754,1653941754);
INSERT INTO player_score VALUES('6381c9148',16,'4240a8b7c','5af22a60a',208560,1641,1654034320,1654034320);
INSERT INTO player_score VALUES('612e744b6',16,'4240a8b7c','ed0cf7d7',3009,1510,1653971895,1653971895);
INSERT INTO player_score VALUES('5af0692da',16,'45501f21f','22cc62e27',37845,1456,1653804328,1653804328);
INSERT INTO player_score VALUES('53b7bb75b',16,'45501f21f','243d99ed1',100980,1336,1653610480,1653610480);
INSERT INTO player_score VALUES('5cce50ead',16,'45501f21f','30942e1cd',22776,1407,1653854440,1653854440);
INSERT INTO player_score VALUES('50cf15931',16,'45501f21f','3860423a0',785700,1244,1653532398,1653532398);
INSERT INTO player_score VALUES('63554e5dd',16,'45501f21f','45d84bf92',3588,1633,1654029656,1654029656);
INSERT INTO player_score VALUES('62b8f5f09',16,'45501f21f','473a8c733',105952,1538,1654013262,1654013262);
INSERT INTO player_score VALUES('57035f1ef',16,'45501f21f','4a0ae0bb1',11544,1225,1653698942,1653698942);
INSERT INTO player_score VALUES('5ff6eae1a',16,'45501f21f','4d7fb26cc',7952,1628,1653939228,1653939228);
INSERT INTO player_score VALUES('6134cbd47',16,'45501f21f','55d0bf080',865536,1595,1653972560,1653972560);
INSERT INTO player_score VALUES('63bbcc2ab',16,'45501f21f','5af22a60a',3910,1679,1654040403,1654040403);
INSERT INTO player_score VALUES('6113aa604',16,'45501f21f','ed0cf7d7',155520,1507,1653969086,1653969086);
INSERT INTO player_score VALUES('5ed878cd3',16,'457798197','22cc62e27',255528,1558,1653909192,1653909192);
INSERT INTO player_score VALUES('53ed6c911',16,'457798197','243d99ed1',141120,1341,1653616110,1653616110);
INSERT INTO player_score VALUES('6384eec02',16,'457798197','2d0f76a1b',176204,1636,1654034650,1654034650);
INSERT INTO player_score VALUES('5f622eb5f',16,'457798197','30942e1cd',29484,1483,1653923632,1653923632);
INSERT INTO player_score VALUES('638bd8c0b',16,'457798197','45d84bf92',403200,1646,1654035375,1654035375);
INSERT INTO player_score VALUES('626a8a412',16,'457798197','473a8c733',5340,1519,1654005039,1654005039);
INSERT INTO player_score VALUES('5949502e1',16,'457798197','4a0ae0bb1',276012,1458,1653759963,1653759963);
INSERT INTO player_score VALUES('6022801b9',16,'457798197','4d7fb26cc',60760,1642,1653943798,1653943798);
INSERT INTO player_score VALUES('60c57bbad',16,'457798197','55d0bf080',16932,1548,1653960888,1653960888);
INSERT INTO player_score VALUES('638485c3f',16,'457798197','5af22a60a',39520,1644,1654034607,1654034607);
INSERT INTO player_score VALUES('608a2ca23',16,'457798197','ed0cf7d7',331056,1494,1653954669,1653954669);
INSERT INTO player_score VALUES('5f712c973',16,'46cd99d29','22cc62e27',98592,1572,1653925204,1653925204);
INSERT INTO player_score VALUES('52b47c45f',16,'46cd99d29','243d99ed1',73920,1304,1653583296,1653583296);
INSERT INTO player_score VALUES('60c831155',16,'46cd99d29','2d0f76a1b',127296,1540,1653961172,1653961172);
INSERT INTO player_score VALUES('5dcd086fd',16,'46cd99d29','30942e1cd',143640,1435,1653881149,1653881149);
INSERT INTO player_score VALUES('51554b7a3',16,'46cd99d29','3860423a0',168264,1267,1653546471,1653546471);
INSERT INTO player_score VALUES('6260deaab',16,'46cd99d29','45d84bf92',52560,1565,1654004025,1654004025);
INSERT INTO player_score VALUES('582d91081',16,'46cd99d29','4a0ae0bb1',2250,1349,1653730210,1653730210);
INSERT INTO player_score VALUES('603ccfef1',16,'46cd99d29','4d7fb26cc',447200,1647,1653946557,1653946557);
INSERT INTO player_score VALUES('6078943aa',16,'46cd99d29','55d0bf080',0,1502,1653952824,1653952824);
INSERT INTO player_score VALUES('63c2c9b25',16,'46cd99d29','5af22a60a',149940,1684,1654041136,1654041136);
INSERT INTO player_score VALUES('63967fd00',16,'46cd99d29','ed0cf7d7',3256,1551,1654036492,1654036492);
INSERT INTO player_score VALUES('616eb19ba',16,'47e2a98b2','22cc62e27',25515,1624,1653978631,1653978631);
INSERT INTO player_score VALUES('5367d076b',16,'47e2a98b2','243d99ed1',797049,1323,1653602100,1653602100);
INSERT INTO player_score VALUES('60e154a35',16,'47e2a98b2','2d0f76a1b',30780,1544,1653963808,1653963808);
INSERT INTO player_score VALUES('534df0ec3',16,'47e2a98b2','3860423a0',69300,1364,1653599387,1653599387);
INSERT INTO player_score VALUES('63c22fe32',16,'47e2a98b2','45d84bf92',18183,1658,1654041073,1654041073);
INSERT INTO player_score VALUES('62e8b612b',16,'47e2a98b2','473a8c733',9720,1549,1654018269,1654018269);
INSERT INTO player_score VALUES('58f8deec2',16,'47e2a98b2','4a0ae0bb1',26163,1424,1653751528,1653751528);
INSERT INTO player_score VALUES('6000f81fa',16,'47e2a98b2','4d7fb26cc',68211,1632,1653940282,1653940282);
INSERT INTO player_score VALUES('60c4df794',16,'47e2a98b2','55d0bf080',197730,1546,1653960824,1653960824);
INSERT INTO player_score VALUES('5ee43fecd',16,'47e2a98b2','ed0cf7d7',86400,1457,1653910427,1653910427);
INSERT INTO player_score VALUES('5a85a0c14',16,'4adae4b35','22cc62e27',436978,1431,1653793131,1653793131);
INSERT INTO player_score VALUES('52d048f66',16,'4adae4b35','243d99ed1',42750,1308,1653586211,1653586211);
INSERT INTO player_score VALUES('636ade600',16,'4adae4b35','2d0f76a1b',77112,1633,1654031917,1654031917);
INSERT INTO player_score VALUES('5ef90ca1b',16,'4adae4b35','30942e1cd',224910,1467,1653912608,1653912608);
INSERT INTO player_score VALUES('51397ec6a',16,'4adae4b35','3860423a0',50730,1263,1653543556,1653543556);
INSERT INTO player_score VALUES('63418e359',16,'4adae4b35','45d84bf92',26784,1628,1654027585,1654027585);
INSERT INTO player_score VALUES('636e96894',16,'4adae4b35','473a8c733',93863,1581,1654032307,1654032307);
INSERT INTO player_score VALUES('57cbe4201',16,'4adae4b35','4a0ae0bb1',35856,1304,1653719968,1653719968);
INSERT INTO player_score VALUES('63bca5723',16,'4adae4b35','5af22a60a',465696,1681,1654040492,1654040492);
INSERT INTO player_score VALUES('62b2ec850',16,'4bfa10513','22cc62e27',30030,1653,1654012629,1654012629);
INSERT INTO player_score VALUES('63a3d004d',16,'4bfa10513','2d0f76a1b',29880,1642,1654037888,1654037888);
INSERT INTO player_score VALUES('512921531',16,'4bfa10513','3860423a0',92400,1259,1653541840,1653541840);
INSERT INTO player_score VALUES('6034b24fb',16,'4bfa10513','45d84bf92',18720,1442,1653945706,1653945706);
INSERT INTO player_score VALUES('5804b8783',16,'4bfa10513','4a0ae0bb1',87108,1337,1653725927,1653725927);
INSERT INTO player_score VALUES('5e19cdc40',16,'4bfa10513','4d7fb26cc',19080,1469,1653889199,1653889199);
INSERT INTO player_score VALUES('6035d4d36',16,'4bfa10513','55d0bf080',50160,1463,1653945825,1653945825);
INSERT INTO player_score VALUES('633788480',16,'4bfa10513','5af22a60a',11400,1582,1654026534,1654026534);
INSERT INTO player_score VALUES('6138dbddb',16,'4c3d70dcb','22cc62e27',1652,1616,1653972986,1653972986);
INSERT INTO player_score VALUES('4de96e4c5',16,'4c3d70dcb','243d99ed1',48024,1184,1653454630,1653454630);
INSERT INTO player_score VALUES('62fa70a3c',16,'4c3d70dcb','2d0f76a1b',129444,1620,1654020128,1654020128);
INSERT INTO player_score VALUES('554a05489',16,'4c3d70dcb','30942e1cd',1008,1155,1653652663,1653652663);
INSERT INTO player_score VALUES('51f9058cf',16,'4c3d70dcb','3860423a0',38940,1297,1653563639,1653563639);
INSERT INTO player_score VALUES('60072feb6',16,'4c3d70dcb','45d84bf92',15504,1430,1653940934,1653940934);
INSERT INTO player_score VALUES('6028f27aa',16,'4c3d70dcb','473a8c733',290709,1392,1653944474,1653944474);
INSERT INTO player_score VALUES('572002abc',16,'4c3d70dcb','4a0ae0bb1',32500,1237,1653701945,1653701945);
INSERT INTO player_score VALUES('5ef9536e5',16,'4c3d70dcb','4d7fb26cc',116400,1537,1653912637,1653912637);
INSERT INTO player_score VALUES('60ec75c29',16,'4c3d70dcb','55d0bf080',3417,1565,1653964975,1653964975);
INSERT INTO player_score VALUES('6375d8704',16,'4c3d70dcb','5af22a60a',66300,1631,1654033068,1654033068);
INSERT INTO player_score VALUES('622ee5b70',16,'4c3d70dcb','ed0cf7d7',74777,1532,1653998785,1653998785);
INSERT INTO player_score VALUES('5259554a4',16,'4c570723e','243d99ed1',152334,1295,1653573738,1653573738);
INSERT INTO player_score VALUES('63b59e1ec',16,'4c570723e','2d0f76a1b',327520,1646,1654039755,1654039755);
INSERT INTO player_score VALUES('5f1ee4237',16,'4c570723e','30942e1cd',81600,1472,1653916576,1653916576);
INSERT INTO player_score VALUES('51a0e6f1b',16,'4c570723e','3860423a0',187308,1279,1653554399,1653554399);
INSERT INTO player_score VALUES('6199b4568',16,'4c570723e','45d84bf92',84084,1521,1653983141,1653983141);
INSERT INTO player_score VALUES('62f69b2eb',16,'4c570723e','473a8c733',216315,1553,1654019726,1654019726);
INSERT INTO player_score VALUES('58ba2aab1',16,'4c570723e','4a0ae0bb1',19908,1400,1653744953,1653744953);
INSERT INTO player_score VALUES('5e4ce4614',16,'4c570723e','4d7fb26cc',129168,1488,1653894556,1653894556);
INSERT INTO player_score VALUES('6143a5162',16,'4c570723e','55d0bf080',864,1607,1653974117,1653974117);
INSERT INTO player_score VALUES('6318edcd7',16,'4c570723e','5af22a60a',137280,1561,1654023325,1654023325);
INSERT INTO player_score VALUES('6060143fa',16,'4c570723e','ed0cf7d7',156604,1490,1653950255,1653950255);
INSERT INTO player_score VALUES('624539084',16,'4c7c47467','22cc62e27',27645,1646,1654001126,1654001126);
INSERT INTO player_score VALUES('4f6c959bb',16,'4c7c47467','243d99ed1',135546,1224,1653495226,1653495226);
INSERT INTO player_score VALUES('60becc504',16,'4c7c47467','2d0f76a1b',2220,1538,1653960187,1653960187);
INSERT INTO player_score VALUES('5cdbfde28',16,'4c7c47467','30942e1cd',250880,1410,1653855874,1653855874);
INSERT INTO player_score VALUES('5338f5d37',16,'4c7c47467','3860423a0',16348,1354,1653597187,1653597187);
INSERT INTO player_score VALUES('6372efcdb',16,'4c7c47467','45d84bf92',32186,1639,1654032763,1654032763);
INSERT INTO player_score VALUES('6228bc912',16,'4c7c47467','473a8c733',250746,1502,1653998139,1653998139);
INSERT INTO player_score VALUES('58f0ab4f9',16,'4c7c47467','4a0ae0bb1',63360,1422,1653750668,1653750668);
INSERT INTO player_score VALUES('602131a24',16,'4c7c47467','4d7fb26cc',90944,1641,1653943661,1653943661);
INSERT INTO player_score VALUES('60ad476fe',16,'4c7c47467','55d0bf080',228960,1523,1653958350,1653958350);
INSERT INTO player_score VALUES('63ba36e10',16,'4c7c47467','5af22a60a',205578,1678,1654040237,1654040237);
INSERT INTO player_score VALUES('622d0e819',16,'4caa0926d','22cc62e27',13156,1643,1653998592,1653998592);
INSERT INTO player_score VALUES('52394f0c3',16,'4caa0926d','243d99ed1',13662,1291,1653570380,1653570380);
INSERT INTO player_score VALUES('5a8d5a45d',16,'4caa0926d','2d0f76a1b',194250,1365,1653793941,1653793941);
INSERT INTO player_score VALUES('5fc352de7',16,'4caa0926d','30942e1cd',11951,1492,1653933818,1653933818);
INSERT INTO player_score VALUES('635f08967',16,'4caa0926d','45d84bf92',17520,1636,1654030676,1654030676);
INSERT INTO player_score VALUES('57866ced5',16,'4caa0926d','4a0ae0bb1',268320,1276,1653712684,1653712684);
INSERT INTO player_score VALUES('5f8656134',16,'4caa0926d','4d7fb26cc',59940,1582,1653927423,1653927423);
INSERT INTO player_score VALUES('63aca9a55',16,'4caa0926d','5af22a60a',1274,1666,1654038816,1654038816);
INSERT INTO player_score VALUES('6097905eb',16,'4caa0926d','ed0cf7d7',37788,1497,1653956073,1653956073);
INSERT INTO player_score VALUES('6377072df',16,'4fb35db93','22cc62e27',1602,1668,1654033192,1654033192);
INSERT INTO player_score VALUES('544a6f99c',16,'4fb35db93','243d99ed1',342504,1350,1653625863,1653625863);
INSERT INTO player_score VALUES('5f3d5c6cc',16,'4fb35db93','30942e1cd',3168,1479,1653919771,1653919771);
INSERT INTO player_score VALUES('533330c9c',16,'4fb35db93','3860423a0',23736,1353,1653596582,1653596582);
INSERT INTO player_score VALUES('5c8f70bd2',16,'4fb35db93','45d84bf92',40040,1232,1653847847,1653847847);
INSERT INTO player_score VALUES('6349edc45',16,'4fb35db93','473a8c733',4648,1570,1654028463,1654028463);
INSERT INTO player_score VALUES('630b74195',16,'4fb35db93','5af22a60a',48,1557,1654021912,1654021912);
INSERT INTO player_score VALUES('61c9cc5a9',16,'51435b30e','22cc62e27',23760,1633,1653988184,1653988184);
INSERT INTO player_score VALUES('5246fe77b',16,'51435b30e','243d99ed1',217080,1293,1653571815,1653571815);
INSERT INTO player_score VALUES('5c457e108',16,'51435b30e','30942e1cd',6144,1397,1653840093,1653840093);
INSERT INTO player_score VALUES('50baacf60',16,'51435b30e','3860423a0',473,1240,1653530258,1653530258);
INSERT INTO player_score VALUES('63b7f443c',16,'51435b30e','45d84bf92',209300,1655,1654040000,1654040000);
INSERT INTO player_score VALUES('6161cf42c',16,'51435b30e','473a8c733',50740,1458,1653977280,1653977280);
INSERT INTO player_score VALUES('58d86acf2',16,'51435b30e','4a0ae0bb1',11692,1410,1653748125,1653748125);
INSERT INTO player_score VALUES('60c264b88',16,'51435b30e','55d0bf080',66880,1543,1653960564,1653960564);
INSERT INTO player_score VALUES('6330a3238',16,'51435b30e','5af22a60a',487296,1577,1654025811,1654025811);
INSERT INTO player_score VALUES('61c9c2955',16,'51435b30e','ed0cf7d7',1638,1524,1653988180,1653988180);
INSERT INTO player_score VALUES('5fabe6c3b',16,'51a455dac','22cc62e27',72956,1575,1653931362,1653931362);
INSERT INTO player_score VALUES('51ec9381d',16,'51a455dac','243d99ed1',91168,1281,1653562334,1653562334);
INSERT INTO player_score VALUES('629788ce5',16,'51a455dac','2d0f76a1b',186010,1600,1654009757,1654009757);
INSERT INTO player_score VALUES('5f4602c7e',16,'51a455dac','30942e1cd',101460,1481,1653920678,1653920678);
INSERT INTO player_score VALUES('629e865cb',16,'51a455dac','45d84bf92',57834,1585,1654010490,1654010490);
INSERT INTO player_score VALUES('63ba40a45',16,'51a455dac','473a8c733',0,1598,1654040241,1654040241);
INSERT INTO player_score VALUES('58dc2f2ad',16,'51a455dac','4a0ae0bb1',209440,1414,1653748520,1653748520);
INSERT INTO player_score VALUES('5f9926f43',16,'51a455dac','4d7fb26cc',14600,1589,1653929396,1653929396);
INSERT INTO player_score VALUES('614a45e26',16,'51a455dac','55d0bf080',532000,1613,1653974812,1653974812);
INSERT INTO player_score VALUES('6307fde06',16,'51a455dac','5af22a60a',97014,1554,1654021549,1654021549);
INSERT INTO player_score VALUES('60006cf32',16,'51a455dac','ed0cf7d7',0,1486,1653940225,1653940225);
INSERT INTO player_score VALUES('617b6f54e',16,'51bff428b','22cc62e27',437472,1628,1653979967,1653979967);
INSERT INTO player_score VALUES('51619dc6d',16,'51bff428b','243d99ed1',34892,1268,1653547763,1653547763);
INSERT INTO player_score VALUES('62284eb01',16,'51bff428b','2d0f76a1b',92752,1584,1653998094,1653998094);
INSERT INTO player_score VALUES('5fe4c4dee',16,'51bff428b','30942e1cd',14652,1497,1653937325,1653937325);
INSERT INTO player_score VALUES('52d52af49',16,'51bff428b','3860423a0',10626,1335,1653586723,1653586723);
INSERT INTO player_score VALUES('63a1728ca',16,'51bff428b','45d84bf92',28080,1647,1654037640,1654037640);
INSERT INTO player_score VALUES('637443286',16,'51bff428b','473a8c733',22484,1584,1654032902,1654032902);
INSERT INTO player_score VALUES('5907c6d5b',16,'51bff428b','4a0ae0bb1',17808,1435,1653753091,1653753091);
INSERT INTO player_score VALUES('5eb5a7380',16,'51bff428b','4d7fb26cc',101556,1515,1653905541,1653905541);
INSERT INTO player_score VALUES('60b86fe50',16,'51bff428b','55d0bf080',192618,1533,1653959520,1653959520);
INSERT INTO player_score VALUES('638e0a46a',16,'51bff428b','5af22a60a',304164,1648,1654035605,1654035605);
INSERT INTO player_score VALUES('5ce9f1aec',16,'51bff428b','ed0cf7d7',8568,1423,1653857337,1653857337);
INSERT INTO player_score VALUES('6066c3b0d',16,'524577dc7','22cc62e27',37440,1596,1653950956,1653950956);
INSERT INTO player_score VALUES('5203aa24b',16,'524577dc7','243d99ed1',543348,1285,1653564755,1653564755);
INSERT INTO player_score VALUES('5f2e01c6c',16,'524577dc7','30942e1cd',24843,1478,1653918161,1653918161);
INSERT INTO player_score VALUES('5344dcb7d',16,'524577dc7','3860423a0',14805,1361,1653598435,1653598435);
INSERT INTO player_score VALUES('634663ff3',16,'524577dc7','45d84bf92',26068,1630,1654028092,1654028092);
INSERT INTO player_score VALUES('5d66af468',16,'524577dc7','473a8c733',90440,1232,1653870417,1653870417);
INSERT INTO player_score VALUES('5863fbb0e',16,'524577dc7','4a0ae0bb1',74214,1373,1653735916,1653735916);
INSERT INTO player_score VALUES('5fb3c75e4',16,'524577dc7','4d7fb26cc',42000,1604,1653932188,1653932188);
INSERT INTO player_score VALUES('61480a979',16,'524577dc7','55d0bf080',225492,1611,1653974578,1653974578);
INSERT INTO player_score VALUES('63af3cd45',16,'524577dc7','5af22a60a',441750,1669,1654039086,1654039086);
INSERT INTO player_score VALUES('630c4af19',16,'524577dc7','ed0cf7d7',8245,1542,1654022000,1654022000);
INSERT INTO player_score VALUES('625c5e572',16,'527758679','22cc62e27',59409,1647,1654003553,1654003553);
INSERT INTO player_score VALUES('52c682843',16,'527758679','243d99ed1',65360,1306,1653585186,1653585186);
INSERT INTO player_score VALUES('5a64c6166',16,'527758679','2d0f76a1b',30184,1359,1653789686,1653789686);
INSERT INTO player_score VALUES('590b4bb88',16,'527758679','30942e1cd',1155,1285,1653753460,1653753460);
INSERT INTO player_score VALUES('52d3f4e47',16,'527758679','3860423a0',124740,1334,1653586596,1653586596);
INSERT INTO player_score VALUES('63667b571',16,'527758679','45d84bf92',264960,1637,1654031457,1654031457);
INSERT INTO player_score VALUES('6276c6925',16,'527758679','473a8c733',1332,1521,1654006322,1654006322);
INSERT INTO player_score VALUES('589e1e7d1',16,'527758679','4a0ae0bb1',52682,1394,1653742012,1653742012);
INSERT INTO player_score VALUES('601049037',16,'527758679','4d7fb26cc',18018,1638,1653941888,1653941888);
INSERT INTO player_score VALUES('612f8f7e5',16,'527758679','55d0bf080',88504,1593,1653972011,1653972011);
INSERT INTO player_score VALUES('63c51af5d',16,'527758679','5af22a60a',297540,1686,1654041379,1654041379);
INSERT INTO player_score VALUES('629b5bd32',16,'527758679','ed0cf7d7',20790,1537,1654010158,1654010158);
INSERT INTO player_score VALUES('5e4440746',16,'55b821c4d','2d0f76a1b',33449,1477,1653893650,1653893650);
INSERT INTO player_score VALUES('62ef76976',16,'55b821c4d','45d84bf92',27280,1603,1654018977,1654018977);
INSERT INTO player_score VALUES('639640570',16,'55b821c4d','473a8c733',5880,1591,1654036466,1654036466);
INSERT INTO player_score VALUES('590ccd785',16,'55b821c4d','4a0ae0bb1',12064,1439,1653753618,1653753618);
INSERT INTO player_score VALUES('5f5f01b70',16,'55b821c4d','4d7fb26cc',52488,1572,1653923299,1653923299);
INSERT INTO player_score VALUES('5e3eb5ff9',16,'55b821c4d','55d0bf080',52650,1188,1653893069,1653893069);
INSERT INTO player_score VALUES('637b9148b',16,'55b821c4d','5af22a60a',50320,1638,1654033668,1654033668);
INSERT INTO player_score VALUES('614d8180b',16,'55b821c4d','ed0cf7d7',0,1512,1653975151,1653975151);
INSERT INTO player_score VALUES('6213587e2',16,'569b18cc1','22cc62e27',125488,1640,1653995896,1653995896);
INSERT INTO player_score VALUES('6291d4d77',16,'569b18cc1','2d0f76a1b',90666,1598,1654009159,1654009159);
INSERT INTO player_score VALUES('5ae0639e7',16,'569b18cc1','30942e1cd',53592,1347,1653802648,1653802648);
INSERT INTO player_score VALUES('62c674853',16,'569b18cc1','45d84bf92',27720,1595,1654014677,1654014677);
INSERT INTO player_score VALUES('62abd41d7',16,'569b18cc1','473a8c733',77280,1533,1654011885,1654011885);
INSERT INTO player_score VALUES('57e6a6bb3',16,'569b18cc1','4a0ae0bb1',0,1319,1653722774,1653722774);
INSERT INTO player_score VALUES('5fe03ac2f',16,'569b18cc1','4d7fb26cc',47040,1619,1653936849,1653936849);
INSERT INTO player_score VALUES('614312995',16,'569b18cc1','55d0bf080',282240,1605,1653974057,1653974057);
INSERT INTO player_score VALUES('63bf02eaa',16,'569b18cc1','5af22a60a',88088,1682,1654040740,1654040740);
INSERT INTO player_score VALUES('5a0f88d03',16,'569b18cc1','ed0cf7d7',197370,1378,1653780748,1653780748);
INSERT INTO player_score VALUES('6323c0cfd',16,'56ffc9285','22cc62e27',711,1662,1654024460,1654024460);
INSERT INTO player_score VALUES('61982b47f',16,'56ffc9285','2d0f76a1b',328176,1563,1653982980,1653982980);
INSERT INTO player_score VALUES('5fffeb915',16,'56ffc9285','30942e1cd',119105,1499,1653940172,1653940172);
INSERT INTO player_score VALUES('613f420d9',16,'56ffc9285','45d84bf92',241080,1500,1653973657,1653973657);
INSERT INTO player_score VALUES('634f8bbc5',16,'56ffc9285','473a8c733',566475,1572,1654029052,1654029052);
INSERT INTO player_score VALUES('594812c95',16,'56ffc9285','4a0ae0bb1',30240,1457,1653759833,1653759833);
INSERT INTO player_score VALUES('5fafd49e5',16,'56ffc9285','4d7fb26cc',168300,1602,1653931774,1653931774);
INSERT INTO player_score VALUES('63303068d',16,'56ffc9285','5af22a60a',258152,1576,1654025764,1654025764);
INSERT INTO player_score VALUES('61a95f935',16,'56ffc9285','ed0cf7d7',2808,1521,1653984784,1653984784);
INSERT INTO player_score VALUES('61eede1a1',16,'5833030dd','22cc62e27',1728,1636,1653992071,1653992071);
INSERT INTO player_score VALUES('635d9cd51',16,'5833030dd','2d0f76a1b',200640,1632,1654030527,1654030527);
INSERT INTO player_score VALUES('624f17e30',16,'5833030dd','45d84bf92',284928,1561,1654002161,1654002161);
INSERT INTO player_score VALUES('6345e7794',16,'5833030dd','473a8c733',20424,1568,1654028041,1654028041);
INSERT INTO player_score VALUES('58d983960',16,'5833030dd','4a0ae0bb1',0,1413,1653748240,1653748240);
INSERT INTO player_score VALUES('5f178eb3b',16,'5833030dd','4d7fb26cc',22525,1545,1653915807,1653915807);
INSERT INTO player_score VALUES('6152e7555',16,'5833030dd','55d0bf080',48312,1622,1653975717,1653975717);
INSERT INTO player_score VALUES('637a8c0a7',16,'5833030dd','5af22a60a',63360,1636,1654033561,1654033561);
INSERT INTO player_score VALUES('6184a5b87',16,'5833030dd','ed0cf7d7',31376,1520,1653980933,1653980933);
INSERT INTO player_score VALUES('5fd2fe187',16,'58623ceaa','22cc62e27',0,1582,1653935461,1653935461);
INSERT INTO player_score VALUES('61cfbaec2',16,'58623ceaa','2d0f76a1b',132055,1569,1653988806,1653988806);
INSERT INTO player_score VALUES('5dcd3e264',16,'58623ceaa','30942e1cd',75460,1436,1653881171,1653881171);
INSERT INTO player_score VALUES('62b04841c',16,'58623ceaa','45d84bf92',22800,1589,1654012352,1654012352);
INSERT INTO player_score VALUES('59007163c',16,'58623ceaa','4a0ae0bb1',16100,1430,1653752322,1653752322);
INSERT INTO player_score VALUES('5f5ea763f',16,'58623ceaa','4d7fb26cc',209440,1571,1653923262,1653923262);
INSERT INTO player_score VALUES('60ecfe78c',16,'58623ceaa','55d0bf080',130560,1566,1653965031,1653965031);
INSERT INTO player_score VALUES('6344e4b12',16,'58623ceaa','5af22a60a',309741,1593,1654027935,1654027935);
INSERT INTO player_score VALUES('63a4ba651',16,'58623ceaa','ed0cf7d7',13328,1552,1654037984,1654037984);
INSERT INTO player_score VALUES('63537729c',16,'59e1f2e1c','22cc62e27',70315,1666,1654029463,1654029463);
INSERT INTO player_score VALUES('5fc082a7f',16,'59e1f2e1c','2d0f76a1b',77760,1514,1653933523,1653933523);
INSERT INTO player_score VALUES('5e9fd7baa',16,'59e1f2e1c','30942e1cd',68904,1458,1653903254,1653903254);
INSERT INTO player_score VALUES('5fc9a3107',16,'59e1f2e1c','473a8c733',8970,1371,1653934480,1653934480);
INSERT INTO player_score VALUES('5e9f7af06',16,'59e1f2e1c','4d7fb26cc',204204,1509,1653903216,1653903216);
INSERT INTO player_score VALUES('631a9df3e',16,'59e1f2e1c','5af22a60a',6728,1563,1654023502,1654023502);
INSERT INTO player_score VALUES('55999fb3c',16,'59e1f2e1c','ed0cf7d7',39936,1294,1653661010,1653661010);
INSERT INTO player_score VALUES('55fde98a9',16,'5b29585d9','22cc62e27',263410,1318,1653671526,1653671526);
INSERT INTO player_score VALUES('5fd652225',16,'5b29585d9','2d0f76a1b',109744,1517,1653935810,1653935810);
INSERT INTO player_score VALUES('5f236e3cf',16,'5b29585d9','30942e1cd',16380,1475,1653917052,1653917052);
INSERT INTO player_score VALUES('63088dee0',16,'5b29585d9','45d84bf92',7298,1613,1654021608,1654021608);
INSERT INTO player_score VALUES('6394f92dd',16,'5b29585d9','473a8c733',139536,1590,1654036332,1654036332);
INSERT INTO player_score VALUES('5ecb80791',16,'5b29585d9','4d7fb26cc',7392,1522,1653907832,1653907832);
INSERT INTO player_score VALUES('613774f8b',16,'5b29585d9','55d0bf080',5580,1597,1653972839,1653972839);
INSERT INTO player_score VALUES('633ac8cb7',16,'5b29585d9','5af22a60a',424908,1585,1654026875,1654026875);
INSERT INTO player_score VALUES('632d3b919',16,'5b29585d9','ed0cf7d7',84134,1545,1654025454,1654025454);
INSERT INTO player_score VALUES('5f3b4aa41',16,'5b2e2462a','22cc62e27',37570,1568,1653919554,1653919554);
INSERT INTO player_score VALUES('63968e745',16,'5b2e2462a','2d0f76a1b',6696,1639,1654036498,1654036498);
INSERT INTO player_score VALUES('5ed6f49f5',16,'5b2e2462a','30942e1cd',4625,1464,1653909033,1653909033);
INSERT INTO player_score VALUES('619d0d470',16,'5b2e2462a','45d84bf92',271852,1524,1653983492,1653983492);
INSERT INTO player_score VALUES('63b900d02',16,'5b2e2462a','473a8c733',536550,1597,1654040110,1654040110);
INSERT INTO player_score VALUES('5cfe9750d',16,'5b2e2462a','4d7fb26cc',262774,1359,1653859502,1653859502);
INSERT INTO player_score VALUES('614cec940',16,'5b2e2462a','55d0bf080',76038,1616,1653975090,1653975090);
INSERT INTO player_score VALUES('57d236ccf',16,'5b2e2462a','ed0cf7d7',11468,1340,1653720631,1653720631);
INSERT INTO player_score VALUES('60a36141e',16,'5c03427f3','22cc62e27',15975,1601,1653957312,1653957312);
INSERT INTO player_score VALUES('5f8a8abde',16,'5c03427f3','2d0f76a1b',13916,1508,1653927864,1653927864);
INSERT INTO player_score VALUES('635c756a4',16,'5c03427f3','45d84bf92',279360,1634,1654030406,1654030406);
INSERT INTO player_score VALUES('6173b0e44',16,'5c03427f3','473a8c733',74304,1461,1653979155,1653979155);
INSERT INTO player_score VALUES('5f4e70fbd',16,'5c03427f3','55d0bf080',25578,1340,1653921562,1653921562);
INSERT INTO player_score VALUES('632a974c5',16,'5c03427f3','5af22a60a',76608,1570,1654025177,1654025177);
INSERT INTO player_score VALUES('5fc5d282a',16,'5c03427f3','ed0cf7d7',220248,1479,1653934080,1653934080);
INSERT INTO player_score VALUES('61c6a43ea',16,'5d599e884','22cc62e27',190015,1632,1653987853,1653987853);
INSERT INTO player_score VALUES('5d17e9427',16,'5d599e884','2d0f76a1b',1368,1443,1653862157,1653862157);
INSERT INTO player_score VALUES('5fc860ce5',16,'5d599e884','30942e1cd',203040,1494,1653934348,1653934348);
INSERT INTO player_score VALUES('63abd05a5',16,'5d599e884','45d84bf92',30800,1650,1654038727,1654038727);
INSERT INTO player_score VALUES('635762963',16,'5d599e884','473a8c733',61200,1574,1654029874,1654029874);
INSERT INTO player_score VALUES('6029f2d6d',16,'5d599e884','4d7fb26cc',497700,1643,1653944579,1653944579);
INSERT INTO player_score VALUES('612034d71',16,'5d599e884','55d0bf080',3096,1587,1653970401,1653970401);
INSERT INTO player_score VALUES('625d6fc1f',16,'5d599e884','5af22a60a',82584,1426,1654003665,1654003665);
INSERT INTO player_score VALUES('5e94268f4',16,'5d599e884','ed0cf7d7',90909,1449,1653902028,1653902028);
INSERT INTO player_score VALUES('62e5c1380',16,'5d767f209','2d0f76a1b',195300,1615,1654017959,1654017959);
INSERT INTO player_score VALUES('5e33b22f8',16,'5d767f209','30942e1cd',181300,1446,1653891914,1653891914);
INSERT INTO player_score VALUES('5e87b483c',16,'5d767f209','45d84bf92',46926,1351,1653900723,1653900723);
INSERT INTO player_score VALUES('637d17ea2',16,'5d767f209','473a8c733',41300,1587,1654033828,1654033828);
INSERT INTO player_score VALUES('5eac8e1d6',16,'5d767f209','4d7fb26cc',12390,1513,1653904587,1653904587);
INSERT INTO player_score VALUES('6111f7d23',16,'5d767f209','55d0bf080',6003,1575,1653968908,1653968908);
INSERT INTO player_score VALUES('61ec0de56',16,'5d767f209','5af22a60a',543816,1344,1653991776,1653991776);
INSERT INTO player_score VALUES('5fe48a460',16,'5d767f209','ed0cf7d7',65360,1483,1653937301,1653937301);
INSERT INTO player_score VALUES('61000033d',16,'5dac8a923','2d0f76a1b',50840,1548,1653967024,1653967024);
INSERT INTO player_score VALUES('5d8e54303',16,'5dac8a923','30942e1cd',372960,1429,1653874574,1653874574);
INSERT INTO player_score VALUES('6339eaa0e',16,'5dac8a923','45d84bf92',9052,1625,1654026784,1654026784);
INSERT INTO player_score VALUES('5e95358f8',16,'5dac8a923','473a8c733',12696,1306,1653902139,1653902139);
INSERT INTO player_score VALUES('5faa95dcd',16,'5dac8a923','4d7fb26cc',280280,1597,1653931224,1653931224);
INSERT INTO player_score VALUES('6342b810a',16,'5dac8a923','5af22a60a',32340,1590,1654027707,1654027707);
INSERT INTO player_score VALUES('5a8d88ace',16,'5dac8a923','ed0cf7d7',36278,1389,1653793960,1653793960);
INSERT INTO player_score VALUES('635f459e2',16,'6102390b8','22cc62e27',563760,1667,1654030701,1654030701);
INSERT INTO player_score VALUES('6290bc14a',16,'6102390b8','2d0f76a1b',32708,1597,1654009044,1654009044);
INSERT INTO player_score VALUES('637dc53d2',16,'6102390b8','45d84bf92',6664,1642,1654033899,1654033899);
INSERT INTO player_score VALUES('6293605b7',16,'6102390b8','473a8c733',248419,1525,1654009321,1654009321);
INSERT INTO player_score VALUES('60c3f2a92',16,'6102390b8','55d0bf080',134160,1545,1653960727,1653960727);
INSERT INTO player_score VALUES('63546dbfc',16,'6102390b8','5af22a60a',68640,1604,1654029564,1654029564);
INSERT INTO player_score VALUES('5eb79bb6a',16,'6102390b8','ed0cf7d7',17640,1454,1653905746,1653905746);
INSERT INTO player_score VALUES('637c940f7',16,'61ce20c1d','22cc62e27',84800,1671,1654033774,1654033774);
INSERT INTO player_score VALUES('61ff7143a',16,'61ce20c1d','2d0f76a1b',23712,1577,1653993809,1653993809);
INSERT INTO player_score VALUES('6304b6082',16,'61ce20c1d','45d84bf92',348480,1612,1654021205,1654021205);
INSERT INTO player_score VALUES('606bad04f',16,'61ce20c1d','473a8c733',73100,1410,1653951471,1653951471);
INSERT INTO player_score VALUES('6222d2df3',16,'61ce20c1d','5af22a60a',167994,1386,1653997519,1653997519);
INSERT INTO player_score VALUES('61111e869',16,'62ef5468f','22cc62e27',38626,1610,1653968819,1653968819);
INSERT INTO player_score VALUES('63b60719b',16,'62ef5468f','2d0f76a1b',22862,1647,1654039798,1654039798);
INSERT INTO player_score VALUES('63449690a',16,'62ef5468f','45d84bf92',48050,1629,1654027903,1654027903);
INSERT INTO player_score VALUES('62fca70b1',16,'62ef5468f','473a8c733',94050,1556,1654020360,1654020360);
INSERT INTO player_score VALUES('6377fb517',16,'62ef5468f','5af22a60a',104000,1635,1654033292,1654033292);
INSERT INTO player_score VALUES('5926acfd3',16,'62ef5468f','ed0cf7d7',370,1360,1653756331,1653756331);
INSERT INTO player_score VALUES('617ba5089',16,'7b0a1bdb','22cc62e27',34560,1629,1653979989,1653979989);
INSERT INTO player_score VALUES('58f4d1523',16,'7b0a1bdb','30942e1cd',26235,1283,1653751103,1653751103);
INSERT INTO player_score VALUES('3cfff8016',16,'7b0a1bdb','3408fae84',14112,943,1653000653,1653000653);
INSERT INTO player_score VALUES('3d836291b',16,'7b0a1bdb','371a32875',148614,959,1653014433,1653014433);
INSERT INTO player_score VALUES('62c4122fa',16,'7b0a1bdb','45d84bf92',72240,1594,1654014427,1654014427);
INSERT INTO player_score VALUES('638da14da',16,'7b0a1bdb','473a8c733',112752,1588,1654035562,1654035562);
INSERT INTO player_score VALUES('590036cfa',16,'7b0a1bdb','4a0ae0bb1',378378,1429,1653752298,1653752298);
INSERT INTO player_score VALUES('5fd54a798',16,'7b0a1bdb','4d7fb26cc',99008,1615,1653935702,1653935702);
INSERT INTO player_score VALUES('60aedcb71',16,'7b0a1bdb','55d0bf080',113900,1525,1653958516,1653958516);
INSERT INTO player_score VALUES('63761a574',16,'7b0a1bdb','5af22a60a',317608,1632,1654033095,1654033095);
INSERT INTO player_score VALUES('5ef69ba5d',16,'7b0a1bdb','ed0cf7d7',636120,1459,1653912352,1653912352);
INSERT INTO player_score VALUES('5fe314bcb',16,'85c59b04','22cc62e27',346196,1583,1653937148,1653937148);
INSERT INTO player_score VALUES('52bcd47e4',16,'85c59b04','243d99ed1',22464,1305,1653584171,1653584171);
INSERT INTO player_score VALUES('62ff725d4',16,'85c59b04','2d0f76a1b',219765,1621,1654020653,1654020653);
INSERT INTO player_score VALUES('56996b1bf',16,'85c59b04','30942e1cd',226320,1198,1653687832,1653687832);
INSERT INTO player_score VALUES('3cfba6093',16,'85c59b04','3408fae84',0,940,1653000200,1653000200);
INSERT INTO player_score VALUES('3da8d5fac',16,'85c59b04','371a32875',299136,984,1653018360,1653018360);
INSERT INTO player_score VALUES('5341c8237',16,'85c59b04','3860423a0',18522,1358,1653598112,1653598112);
INSERT INTO player_score VALUES('600a9ed18',16,'85c59b04','473a8c733',242112,1383,1653941294,1653941294);
INSERT INTO player_score VALUES('592432380',16,'85c59b04','4a0ae0bb1',289562,1446,1653756071,1653756071);
INSERT INTO player_score VALUES('5ecbb3be7',16,'85c59b04','4d7fb26cc',66975,1523,1653907853,1653907853);
INSERT INTO player_score VALUES('6049d2024',16,'85c59b04','55d0bf080',82992,1474,1653947921,1653947921);
INSERT INTO player_score VALUES('62c28b90f',16,'85c59b04','5af22a60a',115843,1505,1654014267,1654014267);
INSERT INTO player_score VALUES('5afd3317a',16,'85c59b04','ed0cf7d7',399588,1397,1653805669,1653805669);
INSERT INTO player_score VALUES('638dcacc2',16,'aa6e3838','22cc62e27',95128,1673,1654035579,1654035579);
INSERT INTO player_score VALUES('53f97f638',16,'aa6e3838','243d99ed1',5880,1345,1653617376,1653617376);
INSERT INTO player_score VALUES('614db2539',16,'aa6e3838','2d0f76a1b',152650,1553,1653975171,1653975171);
INSERT INTO player_score VALUES('541f176bb',16,'aa6e3838','30942e1cd',318864,1116,1653621318,1653621318);
INSERT INTO player_score VALUES('3cfe9fc32',16,'aa6e3838','3408fae84',219336,941,1653000512,1653000512);
INSERT INTO player_score VALUES('3d9406d74',16,'aa6e3838','371a32875',0,965,1653016178,1653016178);
INSERT INTO player_score VALUES('527448b78',16,'aa6e3838','3860423a0',5916,1317,1653576564,1653576564);
INSERT INTO player_score VALUES('631c29721',16,'aa6e3838','45d84bf92',53436,1622,1654023664,1654023664);
INSERT INTO player_score VALUES('62a136d51',16,'aa6e3838','473a8c733',180096,1530,1654010772,1654010772);
INSERT INTO player_score VALUES('5701aeff0',16,'aa6e3838','4a0ae0bb1',51600,1223,1653698765,1653698765);
INSERT INTO player_score VALUES('5fd8a3680',16,'aa6e3838','4d7fb26cc',126936,1616,1653936053,1653936053);
INSERT INTO player_score VALUES('6155b7911',16,'aa6e3838','55d0bf080',219960,1623,1653976012,1653976012);
INSERT INTO player_score VALUES('63b6a5cb2',16,'aa6e3838','5af22a60a',635460,1675,1654039863,1654039863);
INSERT INTO player_score VALUES('6332e351c',16,'aa6e3838','ed0cf7d7',48800,1546,1654026047,1654026047);
INSERT INTO player_score VALUES('62ec5aacf',16,'bdceda22','22cc62e27',79800,1658,1654018651,1654018651);
INSERT INTO player_score VALUES('52972680f',16,'bdceda22','243d99ed1',225792,1301,1653580220,1653580220);
INSERT INTO player_score VALUES('637099ab1',16,'bdceda22','2d0f76a1b',117216,1635,1654032518,1654032518);
INSERT INTO player_score VALUES('5c2ef506d',16,'bdceda22','30942e1cd',3936,1391,1653837730,1653837730);
INSERT INTO player_score VALUES('3b106e18e',16,'bdceda22','3408fae84',43120,743,1652948692,1652948692);
INSERT INTO player_score VALUES('3d97e129d',16,'bdceda22','371a32875',166005,971,1653016582,1653016582);
INSERT INTO player_score VALUES('5068a18c8',16,'bdceda22','3860423a0',12544,1221,1653521655,1653521655);
INSERT INTO player_score VALUES('629c91e14',16,'bdceda22','45d84bf92',5488,1584,1654010285,1654010285);
INSERT INTO player_score VALUES('615cc14f9',16,'bdceda22','473a8c733',137280,1455,1653976750,1653976750);
INSERT INTO player_score VALUES('58ec7b8b1',16,'bdceda22','4a0ae0bb1',69861,1420,1653750229,1653750229);
INSERT INTO player_score VALUES('5fc2e9e28',16,'bdceda22','4d7fb26cc',364,1607,1653933775,1653933775);
INSERT INTO player_score VALUES('60e90bbab',16,'bdceda22','55d0bf080',66240,1564,1653964617,1653964617);
INSERT INTO player_score VALUES('63a49aa69',16,'bdceda22','5af22a60a',126100,1662,1654037971,1654037971);
INSERT INTO player_score VALUES('6277cbd29',16,'bdceda22','ed0cf7d7',616,1535,1654006429,1654006429);
INSERT INTO player_score VALUES('5d6bbac56',16,'cee6c431','22cc62e27',137448,1516,1653870946,1653870946);
INSERT INTO player_score VALUES('4fb861ea2',16,'cee6c431','243d99ed1',10725,1233,1653503174,1653503174);
INSERT INTO player_score VALUES('62db57337',16,'cee6c431','2d0f76a1b',102492,1612,1654016867,1654016867);
INSERT INTO player_score VALUES('3d612d3eb',16,'cee6c431','3408fae84',86240,993,1653010846,1653010846);
INSERT INTO player_score VALUES('3db0c05a0',16,'cee6c431','371a32875',7560,992,1653019190,1653019190);
INSERT INTO player_score VALUES('53444077e',16,'cee6c431','3860423a0',21760,1359,1653598371,1653598371);
INSERT INTO player_score VALUES('630384da6',16,'cee6c431','45d84bf92',36456,1611,1654021080,1654021080);
INSERT INTO player_score VALUES('631afd259',16,'cee6c431','473a8c733',2418,1559,1654023541,1654023541);
INSERT INTO player_score VALUES('590c5ab81',16,'cee6c431','4a0ae0bb1',31680,1438,1653753571,1653753571);
INSERT INTO player_score VALUES('5f4d47221',16,'cee6c431','4d7fb26cc',34780,1565,1653921440,1653921440);
INSERT INTO player_score VALUES('61406224d',16,'cee6c431','55d0bf080',6240,1604,1653973775,1653973775);
INSERT INTO player_score VALUES('634bac8c1',16,'cee6c431','5af22a60a',27300,1597,1654028646,1654028646);
INSERT INTO player_score VALUES('611e8994b',16,'cee6c431','ed0cf7d7',1775,1508,1653970226,1653970226);
INSERT INTO player_score VALUES('6219d4a24',16,'d439d5d7','22cc62e27',43225,1642,1653996576,1653996576);
INSERT INTO player_score VALUES('6354d6bd3',16,'d439d5d7','2d0f76a1b',23232,1631,1654029607,1654029607);
INSERT INTO player_score VALUES('5fd1b963a',16,'d439d5d7','30942e1cd',79360,1495,1653935328,1653935328);
INSERT INTO player_score VALUES('3c86f7704',16,'d439d5d7','3408fae84',65520,897,1652987965,1652987965);
INSERT INTO player_score VALUES('5169ceef8',16,'d439d5d7','3860423a0',69345,1270,1653548622,1653548622);
INSERT INTO player_score VALUES('62fd1eaba',16,'d439d5d7','45d84bf92',67452,1608,1654020409,1654020409);
INSERT INTO player_score VALUES('58f24f39c',16,'d439d5d7','4a0ae0bb1',47124,1423,1653750840,1653750840);
INSERT INTO player_score VALUES('5eebed42b',16,'d439d5d7','4d7fb26cc',66091,1532,1653911232,1653911232);
INSERT INTO player_score VALUES('602e55e28',16,'d439d5d7','55d0bf080',385728,1455,1653945039,1653945039);
INSERT INTO player_score VALUES('638658110',16,'d439d5d7','5af22a60a',183770,1646,1654034798,1654034798);
INSERT INTO player_score VALUES('62c721dd0',16,'d439d5d7','ed0cf7d7',13156,1541,1654014748,1654014748);
INSERT INTO player_score VALUES('54724cb0d',16,'e791c50e','22cc62e27',23364,1278,1653630043,1653630043);
INSERT INTO player_score VALUES('5270845d0',16,'e791c50e','243d99ed1',40460,1299,1653576169,1653576169);
INSERT INTO player_score VALUES('63890d6d9',16,'e791c50e','2d0f76a1b',168448,1637,1654035082,1654035082);
INSERT INTO player_score VALUES('5f8620599',16,'e791c50e','30942e1cd',2000,1485,1653927401,1653927401);
INSERT INTO player_score VALUES('3d34b9df5',16,'e791c50e','3408fae84',6972,970,1653006185,1653006185);
INSERT INTO player_score VALUES('3dae061d2',16,'e791c50e','371a32875',101568,986,1653018904,1653018904);
INSERT INTO player_score VALUES('61b917035',16,'e791c50e','45d84bf92',104880,1529,1653986432,1653986432);
INSERT INTO player_score VALUES('634827a98',16,'e791c50e','473a8c733',46200,1569,1654028277,1654028277);
INSERT INTO player_score VALUES('5677afd83',16,'e791c50e','4a0ae0bb1',211302,1168,1653684295,1653684295);
INSERT INTO player_score VALUES('5e0043af5',16,'e791c50e','4d7fb26cc',76800,1460,1653886521,1653886521);
INSERT INTO player_score VALUES('6145b1fcb',16,'e791c50e','55d0bf080',231800,1608,1653974332,1653974332);
INSERT INTO player_score VALUES('63c4e2d2a',16,'e791c50e','5af22a60a',101088,1685,1654041356,1654041356);
INSERT INTO player_score VALUES('6392faedc',16,'e791c50e','ed0cf7d7',226149,1550,1654036123,1654036123);
INSERT INTO player_score VALUES('5dbdd2648',16,'ede6b607','22cc62e27',3240,1524,1653879554,1653879554);
INSERT INTO player_score VALUES('50da53fad',16,'ede6b607','243d99ed1',6448,1248,1653533577,1653533577);
INSERT INTO player_score VALUES('63182810d',16,'ede6b607','2d0f76a1b',5775,1624,1654023244,1654023244);
INSERT INTO player_score VALUES('5e741b6cd',16,'ede6b607','30942e1cd',5916,1450,1653898668,1653898668);
INSERT INTO player_score VALUES('3d74f2478',16,'ede6b607','3408fae84',11088,1001,1653012919,1653012919);
INSERT INTO player_score VALUES('4f0c8a344',16,'ede6b607','3860423a0',108054,1153,1653485155,1653485155);
INSERT INTO player_score VALUES('621320526',16,'ede6b607','45d84bf92',188100,1545,1653995873,1653995873);
INSERT INTO player_score VALUES('63beb4ca9',16,'ede6b607','473a8c733',145376,1599,1654040708,1654040708);
INSERT INTO player_score VALUES('591b7faad',16,'ede6b607','4a0ae0bb1',137826,1445,1653755159,1653755159);
INSERT INTO player_score VALUES('603d9d04e',16,'ede6b607','4d7fb26cc',295182,1649,1653946641,1653946641);
INSERT INTO player_score VALUES('60d5073a0',16,'ede6b607','55d0bf080',33480,1553,1653962518,1653962518);
INSERT INTO player_score VALUES('5d0bca3b4',16,'ede6b607','ed0cf7d7',218781,1427,1653860886,1653860886);
INSERT INTO player_score VALUES('5aec1e878',16,'f1d491ff','22cc62e27',288000,1454,1653803878,1653803878);
INSERT INTO player_score VALUES('5044383d3',16,'f1d491ff','243d99ed1',180000,1240,1653517837,1653517837);
INSERT INTO player_score VALUES('5f86dec76',16,'f1d491ff','2d0f76a1b',5900,1506,1653927479,1653927479);
INSERT INTO player_score VALUES('577c75ad3',16,'f1d491ff','30942e1cd',0,1238,1653711639,1653711639);
INSERT INTO player_score VALUES('3d46b3eb8',16,'f1d491ff','3408fae84',31600,980,1653008070,1653008070);
INSERT INTO player_score VALUES('3cce71ca7',16,'f1d491ff','371a32875',2340,857,1652995460,1652995460);
INSERT INTO player_score VALUES('62e0ba9d5',16,'f1d491ff','45d84bf92',41808,1599,1654017432,1654017432);
INSERT INTO player_score VALUES('639f8a441',16,'f1d491ff','473a8c733',115425,1592,1654037440,1654037440);
INSERT INTO player_score VALUES('58171b809',16,'f1d491ff','4a0ae0bb1',39000,1345,1653727855,1653727855);
INSERT INTO player_score VALUES('5faf09fc5',16,'f1d491ff','4d7fb26cc',170016,1601,1653931691,1653931691);
INSERT INTO player_score VALUES('60fd0409e',16,'f1d491ff','55d0bf080',121448,1568,1653966711,1653966711);
INSERT INTO player_score VALUES('636dda8a9',16,'f1d491ff','5af22a60a',55744,1625,1654032230,1654032230);
INSERT INTO player_score VALUES('5ff58b501',16,'f1d491ff','ed0cf7d7',55016,1484,1653939084,1653939084);
INSERT INTO player_score VALUES('5fc6cb8b4',16,'f453c2d7','22cc62e27',97565,1581,1653934182,1653934182);
INSERT INTO player_score VALUES('50aa54633',16,'f453c2d7','243d99ed1',1440,1246,1653528544,1653528544);
INSERT INTO player_score VALUES('639fe97eb',16,'f453c2d7','2d0f76a1b',1904,1641,1654037479,1654037479);
INSERT INTO player_score VALUES('5e98194e9',16,'f453c2d7','30942e1cd',6960,1456,1653902442,1653902442);
INSERT INTO player_score VALUES('3d5cacec3',16,'f453c2d7','3408fae84',48600,991,1653010374,1653010374);
INSERT INTO player_score VALUES('3db728f6f',16,'f453c2d7','371a32875',32900,1000,1653019862,1653019862);
INSERT INTO player_score VALUES('5226e2432',16,'f453c2d7','3860423a0',1220,1304,1653568448,1653568448);
INSERT INTO player_score VALUES('62c68f62c',16,'f453c2d7','45d84bf92',15360,1596,1654014688,1654014688);
INSERT INTO player_score VALUES('5f4acc5df',16,'f453c2d7','473a8c733',357399,1345,1653921180,1653921180);
INSERT INTO player_score VALUES('5844857ec',16,'f453c2d7','4a0ae0bb1',45220,1360,1653732617,1653732617);
INSERT INTO player_score VALUES('604ad73f4',16,'f453c2d7','4d7fb26cc',12852,1653,1653948028,1653948028);
INSERT INTO player_score VALUES('5f15dc200',16,'f453c2d7','55d0bf080',28045,1308,1653915629,1653915629);
INSERT INTO player_score VALUES('63c6585a0',16,'f453c2d7','5af22a60a',3640,1688,1654041509,1654041509);
INSERT INTO player_score VALUES('61da53529',16,'fe9222c7','22cc62e27',151998,1634,1653989917,1653989917);
INSERT INTO player_score VALUES('60a7ae54d',16,'fe9222c7','2d0f76a1b',50960,1537,1653957763,1653957763);
INSERT INTO player_score VALUES('5dda1b9a1',16,'fe9222c7','30942e1cd',146832,1438,1653882520,1653882520);
INSERT INTO player_score VALUES('3d33863fa',16,'fe9222c7','3408fae84',520,969,1653006059,1653006059);
INSERT INTO player_score VALUES('3d163f1ef',16,'fe9222c7','371a32875',24300,906,1653002989,1653002989);
INSERT INTO player_score VALUES('6377f18d9',16,'fe9222c7','45d84bf92',25530,1641,1654033288,1654033288);
INSERT INTO player_score VALUES('62976b81e',16,'fe9222c7','473a8c733',154800,1527,1654009745,1654009745);
INSERT INTO player_score VALUES('5ff832071',16,'fe9222c7','4d7fb26cc',20202,1630,1653939362,1653939362);
INSERT INTO player_score VALUES('5f949a6cb',16,'fe9222c7','55d0bf080',346500,1370,1653928919,1653928919);
INSERT INTO player_score VALUES('6377888d1',16,'fe9222c7','5af22a60a',6764,1634,1654033245,1654033245);
INSERT INTO player_score VALUES('6289a61e6',16,'fe9222c7','ed0cf7d7',145426,1536,1654008301,1654008301);
COMMIT;
