
BEGIN;
CREATE TABLE IF NOT EXISTS competition (
  id VARCHAR(255) NOT NULL PRIMARY KEY,
  tenant_id BIGINT NOT NULL,
  title TEXT NOT NULL,
  finished_at BIGINT NULL,
  created_at BIGINT NOT NULL,
  updated_at BIGINT NOT NULL
);
INSERT INTO competition VALUES('14e57bc88',18,'第4回 会えるかぼちゃテーマパーク',1653750664,1651924134,1653750664);
INSERT INTO competition VALUES('2e9efc733',18,'津田沼百貨店',1653291794,1652614674,1653291794);
INSERT INTO competition VALUES('3e05c099e',18,'トマト協奏曲杯',1653693486,1653028103,1653693486);
INSERT INTO competition VALUES('50bb9001d',18,'苦み王国',NULL,1653530351,1653615675);
CREATE TABLE IF NOT EXISTS player (
  id VARCHAR(255) NOT NULL PRIMARY KEY,
  tenant_id BIGINT NOT NULL,
  display_name TEXT NOT NULL,
  is_disqualified BOOLEAN NOT NULL,
  created_at BIGINT NOT NULL,
  updated_at BIGINT NOT NULL
);
INSERT INTO player VALUES('bf3c25b9',18,'Spencer Dare',0,1651684039,1653946721);
INSERT INTO player VALUES('c60905e1',18,'Margaret Rippin',0,1651695448,1652841541);
INSERT INTO player VALUES('e451b521',18,'Laney Lemke DDS',0,1651746256,1653656994);
INSERT INTO player VALUES('eb516509',18,'Jon Breitenberg',0,1651757998,1651950895);
INSERT INTO player VALUES('fbd28dcc',18,'Vilma Grant',0,1651785688,1652868596);
INSERT INTO player VALUES('10770cc02',18,'Dasia Hilll',0,1651805180,1652877400);
INSERT INTO player VALUES('11786afc1',18,'Richmond Blanda',0,1651832167,1652785504);
INSERT INTO player VALUES('11f53c182',18,'Edna Schaefer',0,1651845255,1652115762);
INSERT INTO player VALUES('123a8c3e3',18,'Samson Herman',0,1651852523,1653684003);
INSERT INTO player VALUES('124e5629d',18,'Ms. Margret Sauer II',0,1651854598,1652434196);
INSERT INTO player VALUES('13fa0094e',18,'Christian Beahan',0,1651899442,1652646892);
INSERT INTO player VALUES('14104a244',18,'Salma Spencer',0,1651901779,1652566628);
INSERT INTO player VALUES('14345436d',18,'Mr. Kamren Lehner II',0,1651905558,1653631461);
INSERT INTO player VALUES('16eb5de8c',18,'Joshua Lindgren',1,1651978438,1652212916);
INSERT INTO player VALUES('179bb1117',18,'Mr. Candelario Schaefer',0,1651996927,1652011167);
INSERT INTO player VALUES('181231f95',18,'Vergie Brakus',0,1652009353,1653145707);
INSERT INTO player VALUES('1849ba4d0',18,'Mr. Brad McGlynn MD',0,1652015176,1653891617);
INSERT INTO player VALUES('18aa22799',18,'Unique Sipes V',0,1652025285,1653059362);
INSERT INTO player VALUES('1d5745bfd',18,'Lauren Emard',0,1652150814,1654015825);
INSERT INTO player VALUES('1ec933e8b',18,'Mr. Clemens Klein MD',0,1652189604,1653884244);
INSERT INTO player VALUES('1eedd0756',18,'Lizzie Senger',0,1652193443,1653639211);
INSERT INTO player VALUES('2030517e5',18,'Stone Legros Jr.',0,1652227260,1652647959);
INSERT INTO player VALUES('20f8eee9b',18,'Rowena Kertzmann',0,1652248296,1653628201);
INSERT INTO player VALUES('212708ab6',18,'Manuela Welch',0,1652253130,1653336412);
INSERT INTO player VALUES('219023675',18,'Mr. Spencer Hegmann',1,1652264151,1653673694);
INSERT INTO player VALUES('227de1396',18,'Ms. Hassie Schiller',0,1652289080,1653519863);
INSERT INTO player VALUES('2299d4fff',18,'Ms. Maud Abshire II',0,1652292011,1652991482);
INSERT INTO player VALUES('277968dee',18,'Dion Beier',0,1652422829,1652768193);
INSERT INTO player VALUES('2793ac825',18,'Ms. Aisha Lynch I',0,1652425583,1652588272);
INSERT INTO player VALUES('29ba5f826',18,'Sid Reynolds',0,1652483328,1653001905);
INSERT INTO player VALUES('29d0f735a',18,'Alva Considine',0,1652485697,1653335334);
INSERT INTO player VALUES('2aebb872f',18,'Mabelle Pollich',0,1652515346,1652685154);
INSERT INTO player VALUES('2bd4af224',18,'Jewel Cormier',0,1652539774,1653968650);
INSERT INTO player VALUES('2bff10bdd',18,'Demetris Cummerata',0,1652544218,1652625203);
INSERT INTO player VALUES('2c91633ea',18,'Chad Kutch',1,1652559561,1652917480);
INSERT INTO player VALUES('2d0d36762',18,'Destiny Bernhard',0,1652572545,1653164550);
INSERT INTO player VALUES('30bc1014a',18,'Ms. Celia Schneider',0,1652671410,1653861038);
INSERT INTO player VALUES('30c1b0857',18,'Ola Jacobson',0,1652672000,1653307137);
INSERT INTO player VALUES('336acdc06',18,'Edwina Marks',0,1652743420,1652933004);
INSERT INTO player VALUES('34c04b9db',18,'Eduardo Flatley',0,1652779228,1652908797);
INSERT INTO player VALUES('3afd0360f',18,'Anika Mann Sr.',0,1652946656,1653255392);
INSERT INTO player VALUES('3b3830504',18,'Mabelle Buckridge',0,1652952861,1653854057);
INSERT INTO player VALUES('3d9831b7b',18,'Ms. Meta Lesch DDS',0,1653016615,1653699485);
INSERT INTO player VALUES('3f9b87ffa',18,'Adalberto Welch',0,1653070652,1653601967);
INSERT INTO player VALUES('3feb7cc10',18,'Greta Baumbach',0,1653079036,1653495593);
INSERT INTO player VALUES('412532cfc',18,'Ofelia Stehr III',1,1653111931,1653895510);
INSERT INTO player VALUES('4253b1c82',18,'Jaden Wyman',0,1653143650,1653438102);
INSERT INTO player VALUES('43d4dfb8e',18,'Mr. Federico Kunde Sr.',0,1653184039,1653844548);
INSERT INTO player VALUES('45c9619d8',18,'Mr. Walton Volkman IV',1,1653236521,1653493641);
INSERT INTO player VALUES('46a06a6ef',18,'Ms. Dominique Turcotte DDS',1,1653259069,1653309310);
INSERT INTO player VALUES('46c0424bf',18,'Ms. Maida Weissnat PhD',0,1653262408,1653382357);
INSERT INTO player VALUES('477e4ea11',18,'Mr. Abdullah Cronin',0,1653282336,1653394265);
INSERT INTO player VALUES('47bd16674',18,'Summer Bartell IV',0,1653288919,1654012910);
INSERT INTO player VALUES('480a5d200',18,'Mr. Franco Carter III',0,1653297022,1653455298);
INSERT INTO player VALUES('491d1e0a3',18,'Lessie Balistreri',0,1653325832,1653377343);
INSERT INTO player VALUES('4aa87ddcc',18,'Chadrick Kessler',0,1653367290,1653865086);
INSERT INTO player VALUES('4b619c00f',18,'Monica Murray',0,1653386701,1653683908);
INSERT INTO player VALUES('4d1f14898',18,'Carolyn Little',0,1653433412,1653838174);
INSERT INTO player VALUES('4e485e7a4',18,'Joaquin Purdy',0,1653464585,1653721748);
INSERT INTO player VALUES('4e70cb9ad',18,'Lucy Bernier',0,1653468824,1653479382);
INSERT INTO player VALUES('4f04d31cc',18,'Brody Haag',0,1653484346,1653506818);
INSERT INTO player VALUES('52edd94f9',18,'Abigail Boyle',0,1653589311,1653878395);
INSERT INTO player VALUES('5409f0600',18,'Walton Dach',0,1653619100,1653973873);
INSERT INTO player VALUES('54b0d288d',18,'Sydnie O"Connell',0,1653636599,1653965876);
INSERT INTO player VALUES('5560effce',18,'Sydney Pagac',0,1653655066,1653820099);
INSERT INTO player VALUES('568e9f6c6',18,'Mr. Armando Rosenbaum II',0,1653686700,1653768644);
INSERT INTO player VALUES('56d9ef3b3',18,'Roel Halvorson',0,1653694597,1653884908);
INSERT INTO player VALUES('5a654c632',18,'Ms. Rosalia Jakubowski PhD',0,1653789741,1653997269);
INSERT INTO player VALUES('5d4e565a5',18,'Ms. Helga Marquardt I',0,1653867864,1654013799);
INSERT INTO player VALUES('5f05775c4',18,'Ms. Mabel McClure DDS',0,1653913910,1653928814);
INSERT INTO player VALUES('5fe10cbc4',18,'Gino Dickinson I',0,1653936935,1654037143);
INSERT INTO player VALUES('61133ef2e',18,'Daniella Schamberger',0,1653969042,1654002049);
INSERT INTO player VALUES('62d033a47',18,'Mr. Mohammad Corwin III',0,1654015699,1654025157);
CREATE TABLE IF NOT EXISTS IF NOT EXISTS "player_score" (
                              id VARCHAR(255) NOT NULL PRIMARY KEY,
                              tenant_id BIGINT NOT NULL,
                              player_id VARCHAR(255) NOT NULL,
                              competition_id VARCHAR(255) NOT NULL,
                              score BIGINT NOT NULL,
                              row_num BIGINT NOT NULL,
                              created_at BIGINT NOT NULL,
                              updated_at BIGINT NOT NULL
);
INSERT INTO player_score VALUES('583f70348',18,'10770cc02','14e57bc88',19200,1252,1653732084,1653732084);
INSERT INTO player_score VALUES('45db8c7bf',18,'10770cc02','2e9efc733',0,911,1653238426,1653238426);
INSERT INTO player_score VALUES('55d50c195',18,'10770cc02','3e05c099e',235235,1194,1653667241,1653667241);
INSERT INTO player_score VALUES('62ba86549',18,'10770cc02','50bb9001d',14208,1220,1654013426,1654013426);
INSERT INTO player_score VALUES('52cda7217',18,'11786afc1','14e57bc88',88200,1156,1653585935,1653585935);
INSERT INTO player_score VALUES('4770e1247',18,'11786afc1','2e9efc733',14274,969,1653280928,1653280928);
INSERT INTO player_score VALUES('56b2519b0',18,'11786afc1','3e05c099e',40920,1238,1653690443,1653690443);
INSERT INTO player_score VALUES('63b6860b7',18,'11786afc1','50bb9001d',114240,1287,1654039850,1654039850);
INSERT INTO player_score VALUES('56274d3d8',18,'11f53c182','14e57bc88',71400,1217,1653675866,1653675866);
INSERT INTO player_score VALUES('442ea2404',18,'11f53c182','2e9efc733',76734,854,1653193451,1653193451);
INSERT INTO player_score VALUES('558b71550',18,'11f53c182','3e05c099e',121500,1178,1653659523,1653659523);
INSERT INTO player_score VALUES('63b487cb2',18,'11f53c182','50bb9001d',27405,1286,1654039641,1654039641);
INSERT INTO player_score VALUES('5611d5a2c',18,'123a8c3e3','14e57bc88',146664,1215,1653673615,1653673615);
INSERT INTO player_score VALUES('47b359ba4',18,'123a8c3e3','2e9efc733',4851,981,1653287898,1653287898);
INSERT INTO player_score VALUES('55888d97e',18,'123a8c3e3','3e05c099e',109504,1177,1653659220,1653659220);
INSERT INTO player_score VALUES('63ae65fab',18,'123a8c3e3','50bb9001d',21280,1283,1654038998,1654038998);
INSERT INTO player_score VALUES('562b2c71b',18,'124e5629d','14e57bc88',56064,1218,1653676272,1653676272);
INSERT INTO player_score VALUES('478b99f4e',18,'124e5629d','2e9efc733',8694,975,1653283730,1653283730);
INSERT INTO player_score VALUES('55e78c70e',18,'124e5629d','3e05c099e',316800,1200,1653669181,1653669181);
INSERT INTO player_score VALUES('62432c239',18,'124e5629d','50bb9001d',748743,1182,1654000911,1654000911);
INSERT INTO player_score VALUES('519873d91',18,'13fa0094e','14e57bc88',383250,1132,1653553513,1653553513);
INSERT INTO player_score VALUES('467aa679c',18,'13fa0094e','2e9efc733',51792,936,1653255109,1653255109);
INSERT INTO player_score VALUES('562590e7b',18,'13fa0094e','3e05c099e',92192,1211,1653675684,1653675684);
INSERT INTO player_score VALUES('63665928c',18,'13fa0094e','50bb9001d',151200,1265,1654031443,1654031443);
INSERT INTO player_score VALUES('5534bc0f8',18,'14104a244','14e57bc88',147825,1197,1653650431,1653650431);
INSERT INTO player_score VALUES('55e61474d',18,'14104a244','3e05c099e',156996,1198,1653669027,1653669027);
INSERT INTO player_score VALUES('476f72ed7',18,'14345436d','2e9efc733',42300,968,1653280778,1653280778);
INSERT INTO player_score VALUES('567daa9ba',18,'14345436d','3e05c099e',472320,1225,1653684922,1653684922);
INSERT INTO player_score VALUES('3d776f7ca',18,'16eb5de8c','2e9efc733',14805,585,1653013180,1653013180);
INSERT INTO player_score VALUES('563ca78bc',18,'16eb5de8c','3e05c099e',2272,1215,1653678105,1653678105);
INSERT INTO player_score VALUES('638bf12cb',18,'16eb5de8c','50bb9001d',12528,1276,1654035385,1654035385);
INSERT INTO player_score VALUES('56c180554',18,'179bb1117','14e57bc88',15372,1228,1653692035,1653692035);
INSERT INTO player_score VALUES('46f1c8833',18,'179bb1117','2e9efc733',499500,954,1653267601,1653267601);
INSERT INTO player_score VALUES('63a833104',18,'179bb1117','50bb9001d',130,1282,1654038348,1654038348);
INSERT INTO player_score VALUES('58c7256a1',18,'181231f95','14e57bc88',20670,1262,1653746314,1653746314);
INSERT INTO player_score VALUES('4565525f8',18,'181231f95','2e9efc733',26158,901,1653226029,1653226029);
INSERT INTO player_score VALUES('553014a86',18,'181231f95','3e05c099e',134810,1160,1653649943,1653649943);
INSERT INTO player_score VALUES('63289deee',18,'181231f95','50bb9001d',111969,1248,1654024970,1654024970);
INSERT INTO player_score VALUES('586ccdfa8',18,'1849ba4d0','14e57bc88',161616,1257,1653736841,1653736841);
INSERT INTO player_score VALUES('43b0e92e7',18,'1849ba4d0','2e9efc733',9234,834,1653180268,1653180268);
INSERT INTO player_score VALUES('55d0f9a31',18,'1849ba4d0','3e05c099e',67712,1192,1653666814,1653666814);
INSERT INTO player_score VALUES('54f39bb74',18,'18aa22799','14e57bc88',1638,1191,1653643602,1653643602);
INSERT INTO player_score VALUES('45eb4db19',18,'18aa22799','2e9efc733',82212,913,1653240078,1653240078);
INSERT INTO player_score VALUES('550e7b94a',18,'18aa22799','3e05c099e',11232,1155,1653646420,1653646420);
INSERT INTO player_score VALUES('62de92d78',18,'18aa22799','50bb9001d',25376,1229,1654017206,1654017206);
INSERT INTO player_score VALUES('58d29e728',18,'1d5745bfd','14e57bc88',422450,1263,1653747517,1653747517);
INSERT INTO player_score VALUES('469f3e27b',18,'1d5745bfd','2e9efc733',407561,943,1653258946,1653258946);
INSERT INTO player_score VALUES('562d4a723',18,'1d5745bfd','3e05c099e',178281,1213,1653676494,1653676494);
INSERT INTO player_score VALUES('63572a710',18,'1d5745bfd','50bb9001d',14490,1255,1654029851,1654029851);
INSERT INTO player_score VALUES('580ea1175',18,'1ec933e8b','14e57bc88',5382,1246,1653726966,1653726966);
INSERT INTO player_score VALUES('447ad7854',18,'1ec933e8b','2e9efc733',52256,869,1653201442,1653201442);
INSERT INTO player_score VALUES('56b20d41e',18,'1ec933e8b','3e05c099e',112404,1237,1653690415,1653690415);
INSERT INTO player_score VALUES('636039c6e',18,'1ec933e8b','50bb9001d',61488,1258,1654030801,1654030801);
INSERT INTO player_score VALUES('58ea6e9e0',18,'1eedd0756','14e57bc88',99900,1265,1653750014,1653750014);
INSERT INTO player_score VALUES('42d8610e9',18,'1eedd0756','2e9efc733',52377,802,1653157563,1653157563);
INSERT INTO player_score VALUES('56c75dd03',18,'1eedd0756','3e05c099e',92400,1243,1653692650,1653692650);
INSERT INTO player_score VALUES('6383a2b54',18,'1eedd0756','50bb9001d',14858,1274,1654034514,1654034514);
INSERT INTO player_score VALUES('490c35708',18,'2030517e5','14e57bc88',157700,988,1653324059,1653324059);
INSERT INTO player_score VALUES('47214b996',18,'2030517e5','2e9efc733',92070,959,1653272583,1653272583);
INSERT INTO player_score VALUES('5508526e9',18,'2030517e5','3e05c099e',440860,1151,1653645774,1653645774);
INSERT INTO player_score VALUES('63af72868',18,'2030517e5','50bb9001d',198450,1284,1654039108,1654039108);
INSERT INTO player_score VALUES('520d24eb0',18,'20f8eee9b','14e57bc88',209496,1140,1653565749,1653565749);
INSERT INTO player_score VALUES('47ca44718',18,'20f8eee9b','2e9efc733',290360,983,1653290301,1653290301);
INSERT INTO player_score VALUES('63662d319',18,'20f8eee9b','50bb9001d',31328,1264,1654031425,1654031425);
INSERT INTO player_score VALUES('55e63434b',18,'212708ab6','14e57bc88',71604,1214,1653669040,1653669040);
INSERT INTO player_score VALUES('456a62c06',18,'212708ab6','2e9efc733',105412,903,1653226560,1653226560);
INSERT INTO player_score VALUES('545943fad',18,'212708ab6','3e05c099e',55296,1107,1653627418,1653627418);
INSERT INTO player_score VALUES('637962326',18,'212708ab6','50bb9001d',25704,1268,1654033439,1654033439);
INSERT INTO player_score VALUES('4539da718',18,'219023675','2e9efc733',24000,892,1653221471,1653221471);
INSERT INTO player_score VALUES('561332bfb',18,'219023675','3e05c099e',332640,1208,1653673758,1653673758);
INSERT INTO player_score VALUES('631725436',18,'219023675','50bb9001d',9625,1244,1654023138,1654023138);
INSERT INTO player_score VALUES('5129b3cf9',18,'227de1396','14e57bc88',31205,1122,1653541900,1653541900);
INSERT INTO player_score VALUES('46d5de86f',18,'227de1396','2e9efc733',172260,950,1653264674,1653264674);
INSERT INTO player_score VALUES('55478cf95',18,'227de1396','3e05c099e',25200,1162,1653652404,1653652404);
INSERT INTO player_score VALUES('6394050a9',18,'227de1396','50bb9001d',12771,1279,1654036232,1654036232);
INSERT INTO player_score VALUES('5685a12d6',18,'2299d4fff','14e57bc88',108290,1222,1653685757,1653685757);
INSERT INTO player_score VALUES('47d06d972',18,'2299d4fff','2e9efc733',141960,985,1653290947,1653290947);
INSERT INTO player_score VALUES('54ec6ae11',18,'2299d4fff','3e05c099e',294768,1140,1653642848,1653642848);
INSERT INTO player_score VALUES('63637a46e',18,'2299d4fff','50bb9001d',394240,1260,1654031142,1654031142);
INSERT INTO player_score VALUES('53372ad9c',18,'277968dee','3e05c099e',3360,1042,1653596999,1653596999);
INSERT INTO player_score VALUES('54dea7f10',18,'2793ac825','14e57bc88',9086,1189,1653641405,1653641405);
INSERT INTO player_score VALUES('47ae7a2c6',18,'2793ac825','2e9efc733',16632,980,1653287387,1653287387);
INSERT INTO player_score VALUES('550afe07c',18,'2793ac825','3e05c099e',98750,1153,1653646054,1653646054);
INSERT INTO player_score VALUES('62fe3ec06',18,'2793ac825','50bb9001d',147744,1235,1654020527,1654020527);
INSERT INTO player_score VALUES('5778855dc',18,'29ba5f826','14e57bc88',381480,1237,1653711226,1653711226);
INSERT INTO player_score VALUES('4799dbde9',18,'29ba5f826','2e9efc733',45136,977,1653285225,1653285225);
INSERT INTO player_score VALUES('633ef141f',18,'29ba5f826','50bb9001d',0,1251,1654027311,1654027311);
INSERT INTO player_score VALUES('5848ba265',18,'29d0f735a','14e57bc88',38480,1254,1653733058,1653733058);
INSERT INTO player_score VALUES('47c0dd357',18,'29d0f735a','2e9efc733',146124,982,1653289315,1653289315);
INSERT INTO player_score VALUES('524c7085c',18,'29d0f735a','3e05c099e',335104,997,1653572386,1653572386);
INSERT INTO player_score VALUES('61f80f9b7',18,'29d0f735a','50bb9001d',68544,1170,1653993035,1653993035);
INSERT INTO player_score VALUES('561210389',18,'2aebb872f','14e57bc88',136080,1216,1653673639,1653673639);
INSERT INTO player_score VALUES('54a1ef80a',18,'2aebb872f','3e05c099e',477896,1128,1653635038,1653635038);
INSERT INTO player_score VALUES('614dad74f',18,'2aebb872f','50bb9001d',49875,1129,1653975169,1653975169);
INSERT INTO player_score VALUES('50af90bad',18,'2bd4af224','14e57bc88',70000,1116,1653529093,1653529093);
INSERT INTO player_score VALUES('47801c12f',18,'2bd4af224','2e9efc733',77520,973,1653282525,1653282525);
INSERT INTO player_score VALUES('56949f15a',18,'2bd4af224','3e05c099e',7220,1227,1653687329,1653687329);
INSERT INTO player_score VALUES('600aad755',18,'2bd4af224','50bb9001d',110200,1048,1653941300,1653941300);
INSERT INTO player_score VALUES('55d7bf050',18,'2bff10bdd','14e57bc88',42126,1211,1653667524,1653667524);
INSERT INTO player_score VALUES('475a162f1',18,'2bff10bdd','2e9efc733',3564,964,1653278538,1653278538);
INSERT INTO player_score VALUES('56956c28b',18,'2bff10bdd','3e05c099e',3276,1228,1653687413,1653687413);
INSERT INTO player_score VALUES('6398066ea',18,'2bff10bdd','50bb9001d',85800,1280,1654036652,1654036652);
INSERT INTO player_score VALUES('57d7b50b8',18,'2c91633ea','14e57bc88',72384,1242,1653721207,1653721207);
INSERT INTO player_score VALUES('44fe55a13',18,'2c91633ea','2e9efc733',290752,884,1653215230,1653215230);
INSERT INTO player_score VALUES('56acdd248',18,'2c91633ea','3e05c099e',179928,1235,1653689871,1653689871);
INSERT INTO player_score VALUES('5541e054c',18,'2d0d36762','14e57bc88',265268,1201,1653651809,1653651809);
INSERT INTO player_score VALUES('4741c706d',18,'2d0d36762','2e9efc733',6003,963,1653275989,1653275989);
INSERT INTO player_score VALUES('56a39a895',18,'2d0d36762','3e05c099e',25232,1231,1653688900,1653688900);
INSERT INTO player_score VALUES('6365b8011',18,'2d0d36762','50bb9001d',9348,1262,1654031377,1654031377);
INSERT INTO player_score VALUES('5804d3582',18,'30bc1014a','14e57bc88',78302,1244,1653725938,1653725938);
INSERT INTO player_score VALUES('3e01d04a1',18,'30bc1014a','2e9efc733',227520,614,1653027690,1653027690);
INSERT INTO player_score VALUES('56a03cb73',18,'30bc1014a','3e05c099e',15132,1230,1653688547,1653688547);
INSERT INTO player_score VALUES('6236cb2d6',18,'30bc1014a','50bb9001d',17850,1181,1653999613,1653999613);
INSERT INTO player_score VALUES('57a7f4ea1',18,'30c1b0857','14e57bc88',76176,1239,1653716200,1653716200);
INSERT INTO player_score VALUES('469a2b4e2',18,'30c1b0857','2e9efc733',31200,940,1653258414,1653258414);
INSERT INTO player_score VALUES('56abb5bbb',18,'30c1b0857','3e05c099e',0,1234,1653689750,1653689750);
INSERT INTO player_score VALUES('550687739',18,'336acdc06','14e57bc88',13216,1192,1653645586,1653645586);
INSERT INTO player_score VALUES('477f9f8ff',18,'336acdc06','2e9efc733',14112,972,1653282474,1653282474);
INSERT INTO player_score VALUES('56ba8c8e5',18,'336acdc06','3e05c099e',61655,1239,1653691306,1653691306);
INSERT INTO player_score VALUES('6261bf48a',18,'336acdc06','50bb9001d',29820,1186,1654004117,1654004117);
INSERT INTO player_score VALUES('588a214ef',18,'34c04b9db','14e57bc88',192696,1258,1653739916,1653739916);
INSERT INTO player_score VALUES('4767e0705',18,'34c04b9db','2e9efc733',157182,967,1653279984,1653279984);
INSERT INTO player_score VALUES('551d6ad2b',18,'34c04b9db','3e05c099e',201552,1157,1653647986,1653647986);
INSERT INTO player_score VALUES('62fcc1e46',18,'34c04b9db','50bb9001d',59400,1233,1654020371,1654020371);
INSERT INTO player_score VALUES('58981785c',18,'3afd0360f','14e57bc88',184926,1259,1653741380,1653741380);
INSERT INTO player_score VALUES('46e80964e',18,'3afd0360f','2e9efc733',19880,953,1653266579,1653266579);
INSERT INTO player_score VALUES('543a78ae2',18,'3afd0360f','3e05c099e',212256,1102,1653624189,1653624189);
INSERT INTO player_score VALUES('620d5667e',18,'3afd0360f','50bb9001d',161690,1172,1653995266,1653995266);
INSERT INTO player_score VALUES('4e9cb8b90',18,'3b3830504','14e57bc88',110887,1086,1653473430,1653473430);
INSERT INTO player_score VALUES('477bf60f5',18,'3b3830504','2e9efc733',10962,971,1653282090,1653282090);
INSERT INTO player_score VALUES('542e26642',18,'3b3830504','3e05c099e',9072,1099,1653622897,1653622897);
INSERT INTO player_score VALUES('630adf300',18,'3b3830504','50bb9001d',4224,1238,1654021851,1654021851);
INSERT INTO player_score VALUES('532618bf4',18,'3d9831b7b','14e57bc88',24768,1160,1653595209,1653595209);
INSERT INTO player_score VALUES('46cf0808f',18,'3d9831b7b','2e9efc733',182325,948,1653263957,1653263957);
INSERT INTO player_score VALUES('546002127',18,'3d9831b7b','3e05c099e',45696,1108,1653628125,1653628125);
INSERT INTO player_score VALUES('637fc10c0',18,'3d9831b7b','50bb9001d',8496,1271,1654034107,1654034107);
INSERT INTO player_score VALUES('5806bb9cf',18,'3f9b87ffa','14e57bc88',14000,1245,1653726138,1653726138);
INSERT INTO player_score VALUES('44950c832',18,'3f9b87ffa','2e9efc733',259308,872,1653204190,1653204190);
INSERT INTO player_score VALUES('56384bd31',18,'3f9b87ffa','3e05c099e',105984,1214,1653677648,1653677648);
INSERT INTO player_score VALUES('62a4971ac',18,'3f9b87ffa','50bb9001d',47988,1211,1654011126,1654011126);
INSERT INTO player_score VALUES('5700433b8',18,'3feb7cc10','14e57bc88',298368,1230,1653698616,1653698616);
INSERT INTO player_score VALUES('47cc56386',18,'3feb7cc10','2e9efc733',227360,984,1653290518,1653290518);
INSERT INTO player_score VALUES('56b0005c4',18,'3feb7cc10','3e05c099e',5600,1236,1653690200,1653690200);
INSERT INTO player_score VALUES('6314ccac6',18,'3feb7cc10','50bb9001d',12096,1242,1654022892,1654022892);
INSERT INTO player_score VALUES('583f15e19',18,'412532cfc','14e57bc88',75600,1251,1653732047,1653732047);
INSERT INTO player_score VALUES('62d72ebfc',18,'412532cfc','50bb9001d',11466,1228,1654016431,1654016431);
INSERT INTO player_score VALUES('440a0a93a',18,'4253b1c82','2e9efc733',294354,845,1653189614,1653189614);
INSERT INTO player_score VALUES('56c4cf7e6',18,'4253b1c82','3e05c099e',73416,1242,1653692382,1653692382);
INSERT INTO player_score VALUES('63399a112',18,'4253b1c82','50bb9001d',20400,1250,1654026751,1654026751);
INSERT INTO player_score VALUES('54a23b2ea',18,'43d4dfb8e','14e57bc88',800,1187,1653635069,1653635069);
INSERT INTO player_score VALUES('471cadf74',18,'43d4dfb8e','2e9efc733',77175,957,1653272099,1653272099);
INSERT INTO player_score VALUES('539cbe428',18,'43d4dfb8e','3e05c099e',16704,1065,1653607650,1653607650);
INSERT INTO player_score VALUES('5ed76c3e3',18,'43d4dfb8e','50bb9001d',68172,955,1653909082,1653909082);
INSERT INTO player_score VALUES('582f23d84',18,'45c9619d8','14e57bc88',134064,1247,1653730375,1653730375);
INSERT INTO player_score VALUES('45f4fe2c0',18,'45c9619d8','2e9efc733',255519,914,1653241094,1653241094);
INSERT INTO player_score VALUES('566e54d6c',18,'45c9619d8','3e05c099e',342108,1221,1653683314,1653683314);
INSERT INTO player_score VALUES('628473920',18,'45c9619d8','50bb9001d',61824,1202,1654007756,1654007756);
INSERT INTO player_score VALUES('582fc4fdc',18,'46a06a6ef','14e57bc88',10920,1248,1653730441,1653730441);
INSERT INTO player_score VALUES('47ad24631',18,'46a06a6ef','2e9efc733',103518,979,1653287247,1653287247);
INSERT INTO player_score VALUES('561ee8cad',18,'46a06a6ef','3e05c099e',213598,1210,1653674986,1653674986);
INSERT INTO player_score VALUES('56b351f95',18,'46c0424bf','14e57bc88',384000,1227,1653690548,1653690548);
INSERT INTO player_score VALUES('47a0691d4',18,'46c0424bf','2e9efc733',91471,978,1653285912,1653285912);
INSERT INTO player_score VALUES('638a919e4',18,'46c0424bf','50bb9001d',97020,1275,1654035241,1654035241);
INSERT INTO player_score VALUES('553fbfe37',18,'477e4ea11','14e57bc88',298200,1199,1653651586,1653651586);
INSERT INTO player_score VALUES('4531d5391',18,'477e4ea11','2e9efc733',95680,891,1653220630,1653220630);
INSERT INTO player_score VALUES('5646bc1ad',18,'477e4ea11','3e05c099e',45024,1217,1653679162,1653679162);
INSERT INTO player_score VALUES('6338de155',18,'477e4ea11','50bb9001d',84000,1249,1654026674,1654026674);
INSERT INTO player_score VALUES('589f87d27',18,'47bd16674','14e57bc88',45479,1261,1653742160,1653742160);
INSERT INTO player_score VALUES('541b94fb2',18,'47bd16674','3e05c099e',0,1095,1653620950,1653620950);
INSERT INTO player_score VALUES('60514c171',18,'47bd16674','50bb9001d',222768,1068,1653948705,1653948705);
INSERT INTO player_score VALUES('57904bcaa',18,'480a5d200','14e57bc88',29841,1238,1653713719,1653713719);
INSERT INTO player_score VALUES('565adb7d6',18,'480a5d200','3e05c099e',10912,1220,1653681272,1653681272);
INSERT INTO player_score VALUES('635c9042b',18,'480a5d200','50bb9001d',5160,1257,1654030417,1654030417);
INSERT INTO player_score VALUES('4dc4616f0',18,'491d1e0a3','14e57bc88',498525,1062,1653450745,1653450745);
INSERT INTO player_score VALUES('56cc8decf',18,'491d1e0a3','3e05c099e',13520,1244,1653693194,1653693194);
INSERT INTO player_score VALUES('62ffa8157',18,'491d1e0a3','50bb9001d',85272,1236,1654020675,1654020675);
INSERT INTO player_score VALUES('58622e422',18,'4aa87ddcc','14e57bc88',17040,1255,1653735727,1653735727);
INSERT INTO player_score VALUES('5600c383d',18,'4aa87ddcc','3e05c099e',47600,1203,1653671825,1653671825);
INSERT INTO player_score VALUES('61b0053a9',18,'4aa87ddcc','50bb9001d',21681,1150,1653985481,1653985481);
INSERT INTO player_score VALUES('48b1665bc',18,'4b619c00f','14e57bc88',133722,984,1653314537,1653314537);
INSERT INTO player_score VALUES('569a668fd',18,'4b619c00f','3e05c099e',2940,1229,1653687935,1653687935);
INSERT INTO player_score VALUES('6392f39a4',18,'4b619c00f','50bb9001d',378840,1277,1654036120,1654036120);
INSERT INTO player_score VALUES('51f5a5472',18,'4d1f14898','14e57bc88',84132,1137,1653563285,1653563285);
INSERT INTO player_score VALUES('56c1cc078',18,'4d1f14898','3e05c099e',124800,1241,1653692066,1653692066);
INSERT INTO player_score VALUES('6296f1751',18,'4d1f14898','50bb9001d',48484,1207,1654009695,1654009695);
INSERT INTO player_score VALUES('583ba6f72',18,'4e485e7a4','14e57bc88',256200,1249,1653731687,1653731687);
INSERT INTO player_score VALUES('557952a99',18,'4e485e7a4','3e05c099e',11960,1174,1653657623,1653657623);
INSERT INTO player_score VALUES('604b207af',18,'4e485e7a4','50bb9001d',205920,1064,1653948058,1653948058);
INSERT INTO player_score VALUES('55115ce45',18,'4e70cb9ad','14e57bc88',32760,1196,1653646722,1653646722);
INSERT INTO player_score VALUES('5490bda4d',18,'4f04d31cc','14e57bc88',30976,1183,1653633235,1653633235);
INSERT INTO player_score VALUES('568c7539a',18,'4f04d31cc','3e05c099e',36366,1226,1653686473,1653686473);
INSERT INTO player_score VALUES('637109f83',18,'4f04d31cc','50bb9001d',80825,1266,1654032564,1654032564);
INSERT INTO player_score VALUES('589cd004c',18,'52edd94f9','14e57bc88',14175,1260,1653741875,1653741875);
INSERT INTO player_score VALUES('52a7224b8',18,'52edd94f9','3e05c099e',2352,1013,1653581896,1653581896);
INSERT INTO player_score VALUES('6106c0b69',18,'52edd94f9','50bb9001d',266814,1111,1653967732,1653967732);
INSERT INTO player_score VALUES('57064a35e',18,'5409f0600','14e57bc88',49588,1231,1653699248,1653699248);
INSERT INTO player_score VALUES('557fe9ae1',18,'5409f0600','3e05c099e',220704,1175,1653658314,1653658314);
INSERT INTO player_score VALUES('627cc8aab',18,'5409f0600','50bb9001d',433160,1200,1654006952,1654006952);
INSERT INTO player_score VALUES('524f2ac17',18,'54b0d288d','14e57bc88',10836,1148,1653572672,1653572672);
INSERT INTO player_score VALUES('56bd33438',18,'54b0d288d','3e05c099e',24360,1240,1653691584,1653691584);
INSERT INTO player_score VALUES('620e4cfbd',18,'54b0d288d','50bb9001d',155961,1173,1653995367,1653995367);
INSERT INTO player_score VALUES('55094de88',18,'5560effce','14e57bc88',7400,1194,1653645877,1653645877);
INSERT INTO player_score VALUES('55c403bf7',18,'5560effce','3e05c099e',1300,1190,1653665455,1653665455);
INSERT INTO player_score VALUES('61a82e68f',18,'5560effce','50bb9001d',27776,1148,1653984659,1653984659);
INSERT INTO player_score VALUES('58e15f4a2',18,'568e9f6c6','14e57bc88',100224,1264,1653749064,1653749064);
INSERT INTO player_score VALUES('54f592a5d',18,'568e9f6c6','3e05c099e',274456,1145,1653643808,1653643808);
INSERT INTO player_score VALUES('637aabc96',18,'568e9f6c6','50bb9001d',123552,1269,1654033574,1654033574);
INSERT INTO player_score VALUES('538d4da24',18,'56d9ef3b3','14e57bc88',83187,1168,1653606031,1653606031);
INSERT INTO player_score VALUES('6382e444b',18,'5d4e565a5','50bb9001d',285568,1273,1654034436,1654034436);
INSERT INTO player_score VALUES('63afe7b5f',18,'5f05775c4','50bb9001d',99960,1285,1654039156,1654039156);
INSERT INTO player_score VALUES('6371dbeee',18,'5fe10cbc4','50bb9001d',23280,1267,1654032650,1654032650);
INSERT INTO player_score VALUES('619399d61',18,'62d033a47','50bb9001d',16820,1143,1653982501,1653982501);
INSERT INTO player_score VALUES('57dddbbca',18,'bf3c25b9','14e57bc88',367993,1243,1653721852,1653721852);
INSERT INTO player_score VALUES('472fbe52c',18,'bf3c25b9','2e9efc733',3960,960,1653274098,1653274098);
INSERT INTO player_score VALUES('56a66fa14',18,'bf3c25b9','3e05c099e',513648,1232,1653689197,1653689197);
INSERT INTO player_score VALUES('631b529dd',18,'bf3c25b9','50bb9001d',14850,1246,1654023576,1654023576);
INSERT INTO player_score VALUES('5845a321a',18,'c60905e1','14e57bc88',202356,1253,1653732734,1653732734);
INSERT INTO player_score VALUES('421e9f5a0',18,'c60905e1','2e9efc733',301806,774,1653138085,1653138085);
INSERT INTO player_score VALUES('63bd26d63',18,'c60905e1','50bb9001d',27945,1288,1654040545,1654040545);
INSERT INTO player_score VALUES('525ca6eb1',18,'e451b521','14e57bc88',278240,1149,1653574086,1653574086);
INSERT INTO player_score VALUES('561ec42d6',18,'e451b521','3e05c099e',100800,1209,1653674971,1653674971);
INSERT INTO player_score VALUES('6355de651',18,'e451b521','50bb9001d',122304,1253,1654029715,1654029715);
INSERT INTO player_score VALUES('53cf18e3c',18,'eb516509','14e57bc88',192355,1174,1653612930,1653612930);
INSERT INTO player_score VALUES('4798839f9',18,'eb516509','2e9efc733',249228,976,1653285084,1653285084);
INSERT INTO player_score VALUES('5651436df',18,'eb516509','3e05c099e',6912,1218,1653680266,1653680266);
INSERT INTO player_score VALUES('637db1b34',18,'eb516509','50bb9001d',9114,1270,1654033891,1654033891);
INSERT INTO player_score VALUES('547463573',18,'fbd28dcc','14e57bc88',330,1182,1653630262,1653630262);
INSERT INTO player_score VALUES('46f949e67',18,'fbd28dcc','2e9efc733',289800,955,1653268388,1653268388);
INSERT INTO player_score VALUES('55dc7c67f',18,'fbd28dcc','3e05c099e',89775,1196,1653668021,1653668021);
INSERT INTO player_score VALUES('63039d45e',18,'fbd28dcc','50bb9001d',130248,1237,1654021090,1654021090);
COMMIT;
