
BEGIN;
CREATE TABLE IF NOT EXISTS competition (
  id VARCHAR(255) NOT NULL PRIMARY KEY,
  tenant_id BIGINT NOT NULL,
  title TEXT NOT NULL,
  finished_at BIGINT NULL,
  created_at BIGINT NOT NULL,
  updated_at BIGINT NOT NULL
);
INSERT INTO competition VALUES('baadc3db',21,'朝から晩までプロセス絵本大会',1653873021,1651676395,1653873021);
INSERT INTO competition VALUES('faacab4f',21,'がんばれドイツビール連合 vol.2',1651920810,1651783762,1651920810);
INSERT INTO competition VALUES('11990626b',21,'第9回 ドラゴンフルーツ野郎',NULL,1651835586,1653218553);
INSERT INTO competition VALUES('136372179',21,'JSON色付け計画大会',1653454951,1651883655,1653454951);
INSERT INTO competition VALUES('161b13288',21,'荻窪本舗大会',NULL,1651956597,1652086675);
INSERT INTO competition VALUES('1f3b3958e',21,'ライブの缶詰 #6',NULL,1652201560,1652245493);
INSERT INTO competition VALUES('31f4000b6',21,'いざブロッコリーシティカップ',1653938664,1652704119,1653938664);
INSERT INTO competition VALUES('3f9f8e467',21,'グローバル甘みのお茶会大会',NULL,1653071074,1653826217);
INSERT INTO competition VALUES('51821ba38',21,'生焼けつくばカレーカップ',1653642765,1653551170,1653642765);
INSERT INTO competition VALUES('58ffae182',21,'第8回 柿ラボ',NULL,1653752242,1653838228);
INSERT INTO competition VALUES('5ba066dff',21,'パッと見中目黒は命より重い大会',1653994199,1653822782,1653994199);
INSERT INTO competition VALUES('5d4dd9d60',21,'第1回 fail大学',NULL,1653867813,1654037420);
CREATE TABLE IF NOT EXISTS player (
  id VARCHAR(255) NOT NULL PRIMARY KEY,
  tenant_id BIGINT NOT NULL,
  display_name TEXT NOT NULL,
  is_disqualified BOOLEAN NOT NULL,
  created_at BIGINT NOT NULL,
  updated_at BIGINT NOT NULL
);
INSERT INTO player VALUES('90498fe8',21,'Alison Schroeder',0,1651605274,1651896496);
INSERT INTO player VALUES('9416c455',21,'Citlalli Gusikowski III',0,1651611652,1652520443);
INSERT INTO player VALUES('9e9bf1b2',21,'Weston Kiehn',1,1651629302,1652312493);
INSERT INTO player VALUES('b6c0f951',21,'Mr. Arden O"Kon PhD',0,1651669810,1653361091);
INSERT INTO player VALUES('d77af703',21,'Mr. Brain Altenwerth',0,1651724716,1652301610);
INSERT INTO player VALUES('f6de172e',21,'Xander Hirthe',1,1651777375,1653820391);
INSERT INTO player VALUES('1103ab48e',21,'Orlando Murazik Sr.',1,1651819925,1653299477);
INSERT INTO player VALUES('1123a7c04',21,'Ariel Kilback',0,1651823279,1652112824);
INSERT INTO player VALUES('1229d2056',21,'Zelda Deckow',0,1651850769,1653482286);
INSERT INTO player VALUES('12a4b5f91',21,'Ms. Reta Adams PhD',0,1651863655,1653168824);
INSERT INTO player VALUES('131af7674',21,'Mr. Titus Herman IV',0,1651876055,1652156280);
INSERT INTO player VALUES('13a263648',21,'Mortimer O"Hara II',0,1651890255,1653686665);
INSERT INTO player VALUES('140471e94',21,'Ansel Feeney',0,1651900537,1653718753);
INSERT INTO player VALUES('14576a2a4',21,'Jon Prosacco',1,1651909237,1651973186);
INSERT INTO player VALUES('1573cf530',21,'Rosalyn Murazik',0,1651939058,1651972580);
INSERT INTO player VALUES('16e0a354f',21,'Lucie Baumbach',0,1651977313,1653366315);
INSERT INTO player VALUES('18983e643',21,'Mr. Alan Baumbach II',0,1652023409,1652375991);
INSERT INTO player VALUES('19e007f4a',21,'Twila Bergnaum',0,1652057780,1653138953);
INSERT INTO player VALUES('19e7c3f2e',21,'Mr. Brendon Veum II',0,1652058591,1652960254);
INSERT INTO player VALUES('19f02d448',21,'Linnea Okuneva',0,1652059473,1653448111);
INSERT INTO player VALUES('1a74c9053',21,'Frederik Monahan',0,1652073378,1652454834);
INSERT INTO player VALUES('1bf08280f',21,'Mr. Ian Daniel Sr.',0,1652113195,1652807521);
INSERT INTO player VALUES('1cdf67b5c',21,'Mireille Vandervort',0,1652138245,1652800059);
INSERT INTO player VALUES('1dce432bb',21,'Ryder Howe',1,1652163291,1653227474);
INSERT INTO player VALUES('1e621c4c8',21,'Ms. Otha O"Reilly',0,1652178794,1653116615);
INSERT INTO player VALUES('21a2de542',21,'Ms. Karen Marquardt',0,1652266115,1654035116);
INSERT INTO player VALUES('21fef96d0',21,'Albert Toy',0,1652275773,1653966400);
INSERT INTO player VALUES('2279f0f0b',21,'Ms. Fanny Little',0,1652288667,1653117527);
INSERT INTO player VALUES('23a859ebb',21,'Mr. Rene Kovacek',0,1652320377,1653649676);
INSERT INTO player VALUES('23c0f24fa',21,'Ms. Burdette Strosin MD',0,1652322956,1652964272);
INSERT INTO player VALUES('2401da82d',21,'Antone Mraz PhD',0,1652329762,1652469419);
INSERT INTO player VALUES('255635dc0',21,'Jaylan Wisoky',0,1652365451,1653729809);
INSERT INTO player VALUES('25676c99e',21,'Joshuah Moen Sr.',0,1652367256,1652686180);
INSERT INTO player VALUES('256834ca0',21,'Mr. Ricky Sipes IV',0,1652367338,1653187038);
INSERT INTO player VALUES('261e210fd',21,'Mr. Benny McGlynn IV',0,1652386414,1652517997);
INSERT INTO player VALUES('28043c6c6',21,'Ms. Skyla Ledner',0,1652437386,1653189390);
INSERT INTO player VALUES('283a43001',21,'Mr. Kevon Waters I',0,1652443051,1652538763);
INSERT INTO player VALUES('2880a4944',21,'Annalise Bartoletti',0,1652450431,1653016223);
INSERT INTO player VALUES('2afe64b8c',21,'Ms. Kari Swaniawski II',0,1652517304,1653791809);
INSERT INTO player VALUES('2b224f12a',21,'Nathan Marvin II',0,1652521070,1653264686);
INSERT INTO player VALUES('2bb2ca5d9',21,'Rolando Schaefer',1,1652536220,1653098481);
INSERT INTO player VALUES('2daab8b58',21,'Ms. Greta Johnson',1,1652589061,1653735439);
INSERT INTO player VALUES('2df180d54',21,'Henriette Cruickshank DDS',1,1652596483,1653499058);
INSERT INTO player VALUES('2ed263a4c',21,'Edmund Pouros MD',0,1652620064,1653060729);
INSERT INTO player VALUES('2f3d1fd9b',21,'Ms. Naomie Hickle',0,1652631256,1653787099);
INSERT INTO player VALUES('33537a12f',21,'Wilton Kemmer',0,1652740974,1652907809);
INSERT INTO player VALUES('3391a328f',21,'Brando Langosh',0,1652747492,1652867297);
INSERT INTO player VALUES('34174905f',21,'Arturo Gerhold Sr.',0,1652761506,1652837455);
INSERT INTO player VALUES('3478cc630',21,'Mr. Toni Ernser PhD',0,1652771731,1652804641);
INSERT INTO player VALUES('34c1de729',21,'Karley Dare',0,1652779393,1653244058);
INSERT INTO player VALUES('3643a6373',21,'Bradly Schumm',0,1652819845,1653548439);
INSERT INTO player VALUES('36522eeb8',21,'Margaretta Wolf',0,1652821369,1653759457);
INSERT INTO player VALUES('3716953fc',21,'Ms. Anastasia Herzog I',0,1652841963,1653707856);
INSERT INTO player VALUES('3762ea426',21,'Golda Kohler',1,1652849967,1653675650);
INSERT INTO player VALUES('379c31563',21,'Katlynn Weber I',0,1652855973,1653835264);
INSERT INTO player VALUES('37a726858',21,'Ms. Yasmeen Barrows',0,1652857122,1653915089);
INSERT INTO player VALUES('3823fa148',21,'Sophia Jacobs',0,1652870211,1653122306);
INSERT INTO player VALUES('39073f3c8',21,'Maximus Bradtke',0,1652894042,1653189862);
INSERT INTO player VALUES('393a44c3a',21,'Melvina Daugherty DDS',0,1652899392,1653065860);
INSERT INTO player VALUES('3cb3092d5',21,'Celestino Walter',0,1652992586,1654007344);
INSERT INTO player VALUES('3da59cc6d',21,'Mr. Bertha Kuhlman',0,1653018022,1653215187);
INSERT INTO player VALUES('3e1c66f30',21,'Kyra Weber',0,1653030478,1653624029);
INSERT INTO player VALUES('3f33e0598',21,'Keith Morar',0,1653059783,1653782530);
INSERT INTO player VALUES('3f6184e9b',21,'Ms. Adriana Keeling Jr.',0,1653064569,1653797795);
INSERT INTO player VALUES('40b6fb76f',21,'Mr. Elbert Renner I',0,1653100374,1653497979);
INSERT INTO player VALUES('417217e03',21,'Ruby Kautzer',0,1653119994,1653371157);
INSERT INTO player VALUES('41fbe62dd',21,'Ransom Luettgen',0,1653134444,1653378007);
INSERT INTO player VALUES('43159d505',21,'Sharon Sipes II',1,1653163984,1653317816);
INSERT INTO player VALUES('433ded23b',21,'Ms. Madelyn Dooley Sr.',0,1653168211,1653512859);
INSERT INTO player VALUES('45f7dd06f',21,'Mr. Sylvester Borer',0,1653241395,1653889943);
INSERT INTO player VALUES('46aced8e2',21,'Ms. Yesenia Jacobs IV',0,1653260381,1653469792);
INSERT INTO player VALUES('46d243ac0',21,'Rahul Toy',0,1653264296,1653792754);
INSERT INTO player VALUES('46f77a097',21,'Chance Nolan II',0,1653268198,1653526333);
INSERT INTO player VALUES('4949323a6',21,'Ms. Sabina Legros',0,1653330454,1653769740);
INSERT INTO player VALUES('4b50ff141',21,'Bartholome Roberts',0,1653384959,1653417584);
INSERT INTO player VALUES('4b9074310',21,'Edythe Kunde',0,1653391613,1653442653);
INSERT INTO player VALUES('4b95e3cc5',21,'Jean Halvorson',1,1653392183,1653907648);
INSERT INTO player VALUES('4b9e917a8',21,'Adriel Parisian',0,1653393093,1653597408);
INSERT INTO player VALUES('4d5d9311c',21,'Cristian Mayert V',0,1653439965,1653766069);
INSERT INTO player VALUES('4fb7d6bd1',21,'Courtney Adams',1,1653503117,1653650630);
INSERT INTO player VALUES('5285dc394',21,'Ms. Shanna Berge DVM',0,1653578407,1653809785);
INSERT INTO player VALUES('5349a8ba6',21,'Lois Aufderhar',0,1653598938,1653623131);
INSERT INTO player VALUES('57266667b',21,'Camille Pfannerstill V',0,1653702615,1653881245);
INSERT INTO player VALUES('57930396c',21,'Carolanne Cummerata I',0,1653714004,1653813385);
INSERT INTO player VALUES('58f25ddfc',21,'Amie Heathcote',0,1653750846,1653966797);
INSERT INTO player VALUES('5915c6d0d',21,'Adolphus Herman',0,1653754559,1653985207);
INSERT INTO player VALUES('59a4e2909',21,'Geo West',0,1653769565,1653816498);
INSERT INTO player VALUES('59dd30a2a',21,'Dorris Champlin',0,1653775469,1653972447);
INSERT INTO player VALUES('5a1075a08',21,'Mr. Enrique Schneider',0,1653780845,1653892529);
INSERT INTO player VALUES('5a6eebc14',21,'Kara Wilkinson',0,1653790750,1653873253);
INSERT INTO player VALUES('5a83bd569',21,'Julius McGlynn',0,1653792933,1653917438);
INSERT INTO player VALUES('5acfe3fa2',21,'Myrna Kilback',0,1653800918,1653849901);
INSERT INTO player VALUES('5b16e921a',21,'Mr. Braulio Bartoletti',0,1653808365,1653844425);
INSERT INTO player VALUES('5b18b4196',21,'Chaz Quitzon',0,1653808553,1653902311);
INSERT INTO player VALUES('5baba7ba2',21,'Cale Murphy',0,1653823962,1653925945);
INSERT INTO player VALUES('5bef9ac1c',21,'Cassie Batz',0,1653831087,1653835740);
INSERT INTO player VALUES('5c7aead32',21,'Mr. Emory Deckow',0,1653845695,1653970941);
INSERT INTO player VALUES('5d28e0856',21,'Lorenzo Kub',0,1653863936,1653969367);
INSERT INTO player VALUES('5d57856fa',21,'Kelsie Rippin',0,1653868827,1653973478);
INSERT INTO player VALUES('5e744c43d',21,'Jessica Fisher MD',0,1653898688,1653915248);
CREATE TABLE IF NOT EXISTS IF NOT EXISTS player_score (
                              id VARCHAR(255) NOT NULL PRIMARY KEY,
                              tenant_id BIGINT NOT NULL,
                              player_id VARCHAR(255) NOT NULL,
                              competition_id VARCHAR(255) NOT NULL,
                              score BIGINT NOT NULL,
                              row_num BIGINT NOT NULL,
                              created_at BIGINT NOT NULL,
                              updated_at BIGINT NOT NULL
);
INSERT INTO player_score VALUES('61a284375',21,'1103ab48e','11990626b',15309,1802,1653984065,1653984065);
INSERT INTO player_score VALUES('624589978',21,'1103ab48e','161b13288',17202,1716,1654001159,1654001159);
INSERT INTO player_score VALUES('5def318cd',21,'1103ab48e','1f3b3958e',281520,1876,1653884731,1653884731);
INSERT INTO player_score VALUES('5fc2bdf26',21,'1103ab48e','31f4000b6',1484,1635,1653933757,1653933757);
INSERT INTO player_score VALUES('5fcb4be15',21,'1103ab48e','3f9f8e467',253044,1763,1653934654,1653934654);
INSERT INTO player_score VALUES('54e6d91ba',21,'1103ab48e','51821ba38',88768,1539,1653642264,1653642264);
INSERT INTO player_score VALUES('639c53849',21,'1103ab48e','58ffae182',36096,1867,1654037103,1654037103);
INSERT INTO player_score VALUES('618421e45',21,'1103ab48e','5ba066dff',44096,1758,1653980879,1653980879);
INSERT INTO player_score VALUES('63b646957',21,'1103ab48e','5d4dd9d60',351624,1777,1654039824,1654039824);
INSERT INTO player_score VALUES('5cdb026c7',21,'1103ab48e','baadc3db',33120,1893,1653855771,1653855771);
INSERT INTO player_score VALUES('1434e1d53',21,'1103ab48e','faacab4f',125550,213,1651905616,1651905616);
INSERT INTO player_score VALUES('5d1b81a90',21,'1123a7c04','11990626b',453992,1700,1653862534,1653862534);
INSERT INTO player_score VALUES('4a006a848',21,'1123a7c04','136372179',67620,1349,1653349666,1653349666);
INSERT INTO player_score VALUES('607a1ad93',21,'1123a7c04','161b13288',154938,1670,1653952984,1653952984);
INSERT INTO player_score VALUES('5ad0eba2a',21,'1123a7c04','1f3b3958e',2350,1774,1653801026,1653801026);
INSERT INTO player_score VALUES('5f57bfcc6',21,'1123a7c04','31f4000b6',19296,1625,1653922538,1653922538);
INSERT INTO player_score VALUES('62d7276c6',21,'1123a7c04','3f9f8e467',11680,1921,1654016428,1654016428);
INSERT INTO player_score VALUES('54da6985c',21,'1123a7c04','51821ba38',34000,1518,1653640960,1653640960);
INSERT INTO player_score VALUES('635418499',21,'1123a7c04','58ffae182',258960,1816,1654029529,1654029529);
INSERT INTO player_score VALUES('61d64a971',21,'1123a7c04','5ba066dff',140868,1852,1653989494,1653989494);
INSERT INTO player_score VALUES('63820fdde',21,'1123a7c04','5d4dd9d60',1408,1722,1654034349,1654034349);
INSERT INTO player_score VALUES('149771c40',21,'1123a7c04','faacab4f',241920,228,1651915951,1651915951);
INSERT INTO player_score VALUES('5b6fde906',21,'1229d2056','11990626b',53550,1665,1653817693,1653817693);
INSERT INTO player_score VALUES('59c918947',21,'1229d2056','161b13288',512,1515,1653773362,1653773362);
INSERT INTO player_score VALUES('5ce7301cb',21,'1229d2056','1f3b3958e',19344,1844,1653857048,1653857048);
INSERT INTO player_score VALUES('5c0d3c36c',21,'1229d2056','31f4000b6',326480,1497,1653834194,1653834194);
INSERT INTO player_score VALUES('62f261a8e',21,'1229d2056','3f9f8e467',399252,1927,1654019283,1654019283);
INSERT INTO player_score VALUES('54ea2ab9c',21,'1229d2056','51821ba38',15372,1544,1653642612,1653642612);
INSERT INTO player_score VALUES('638860168',21,'1229d2056','58ffae182',20160,1851,1654035011,1654035011);
INSERT INTO player_score VALUES('61afcaa37',21,'1229d2056','5ba066dff',173550,1814,1653985457,1653985457);
INSERT INTO player_score VALUES('63c535d5a',21,'1229d2056','5d4dd9d60',59520,1789,1654041390,1654041390);
INSERT INTO player_score VALUES('5ceb19154',21,'1229d2056','baadc3db',405162,1896,1653857458,1653857458);
INSERT INTO player_score VALUES('14a314441',21,'1229d2056','faacab4f',117450,229,1651917171,1651917171);
INSERT INTO player_score VALUES('5c1f5fc27',21,'12a4b5f91','11990626b',454863,1681,1653836096,1653836096);
INSERT INTO player_score VALUES('4cae563a1',21,'12a4b5f91','136372179',1040,1420,1653421590,1653421590);
INSERT INTO player_score VALUES('63bb28968',21,'12a4b5f91','161b13288',0,1759,1654040336,1654040336);
INSERT INTO player_score VALUES('63ac89e82',21,'12a4b5f91','1f3b3958e',0,2000,1654038803,1654038803);
INSERT INTO player_score VALUES('5e71835cf',21,'12a4b5f91','31f4000b6',4392,1587,1653898396,1653898396);
INSERT INTO player_score VALUES('6321bda9c',21,'12a4b5f91','3f9f8e467',56700,1938,1654024249,1654024249);
INSERT INTO player_score VALUES('54a75556a',21,'12a4b5f91','51821ba38',9198,1416,1653635604,1653635604);
INSERT INTO player_score VALUES('63bf0caea',21,'12a4b5f91','58ffae182',140250,1883,1654040744,1654040744);
INSERT INTO player_score VALUES('61bb461af',21,'12a4b5f91','5ba066dff',44457,1824,1653986661,1653986661);
INSERT INTO player_score VALUES('63adc9bda',21,'12a4b5f91','5d4dd9d60',1960,1763,1654038934,1654038934);
INSERT INTO player_score VALUES('5c654e9af',21,'12a4b5f91','baadc3db',12201,1879,1653843429,1653843429);
INSERT INTO player_score VALUES('148f89d6b',21,'12a4b5f91','faacab4f',55944,227,1651915122,1651915122);
INSERT INTO player_score VALUES('6240ceaa9',21,'131af7674','11990626b',63714,1817,1654000663,1654000663);
INSERT INTO player_score VALUES('4ba783831',21,'131af7674','136372179',44608,1396,1653394031,1653394031);
INSERT INTO player_score VALUES('5e8a00e86',21,'131af7674','161b13288',63910,1632,1653900964,1653900964);
INSERT INTO player_score VALUES('61c3acf6e',21,'131af7674','1f3b3958e',0,1950,1653987542,1653987542);
INSERT INTO player_score VALUES('5cdcde80b',21,'131af7674','31f4000b6',24056,1526,1653855966,1653855966);
INSERT INTO player_score VALUES('63990938b',21,'131af7674','3f9f8e467',437400,1959,1654036758,1654036758);
INSERT INTO player_score VALUES('54bb4b335',21,'131af7674','51821ba38',213120,1448,1653637697,1653637697);
INSERT INTO player_score VALUES('63976f12f',21,'131af7674','58ffae182',10500,1861,1654036590,1654036590);
INSERT INTO player_score VALUES('61f05d6a4',21,'131af7674','5ba066dff',35040,1886,1653992228,1653992228);
INSERT INTO player_score VALUES('5aa8c7c1c',21,'131af7674','baadc3db',321104,1833,1653796817,1653796817);
INSERT INTO player_score VALUES('6043efa92',21,'13a263648','11990626b',41310,1767,1653947304,1653947304);
INSERT INTO player_score VALUES('4b3dcef34',21,'13a263648','136372179',1120,1382,1653382947,1653382947);
INSERT INTO player_score VALUES('627eac12a',21,'13a263648','161b13288',225428,1727,1654007150,1654007150);
INSERT INTO player_score VALUES('60d7b0615',21,'13a263648','1f3b3958e',5874,1933,1653962797,1653962797);
INSERT INTO player_score VALUES('5ef8865e4',21,'13a263648','31f4000b6',166320,1612,1653912553,1653912553);
INSERT INTO player_score VALUES('62110256a',21,'13a263648','3f9f8e467',2112,1884,1653995651,1653995651);
INSERT INTO player_score VALUES('54b4bb82a',21,'13a263648','51821ba38',480,1432,1653637009,1653637009);
INSERT INTO player_score VALUES('625b3bcec',21,'13a263648','58ffae182',49248,1628,1654003434,1654003434);
INSERT INTO player_score VALUES('6151d377b',21,'13a263648','5ba066dff',14740,1702,1653975604,1653975604);
INSERT INTO player_score VALUES('63b0495fc',21,'13a263648','5d4dd9d60',85800,1768,1654039196,1654039196);
INSERT INTO player_score VALUES('592b17605',21,'13a263648','baadc3db',126592,1795,1653756794,1653756794);
INSERT INTO player_score VALUES('147ada6ad',21,'13a263648','faacab4f',18592,224,1651912953,1651912953);
INSERT INTO player_score VALUES('63c0f4f64',21,'140471e94','11990626b',28224,1849,1654040944,1654040944);
INSERT INTO player_score VALUES('4a1730997',21,'140471e94','136372179',600600,1353,1653352054,1653352054);
INSERT INTO player_score VALUES('5d0527003',21,'140471e94','161b13288',75110,1599,1653860190,1653860190);
INSERT INTO player_score VALUES('5fa8c86fd',21,'140471e94','1f3b3958e',128960,1906,1653931035,1653931035);
INSERT INTO player_score VALUES('5fe15388a',21,'140471e94','31f4000b6',69580,1639,1653936964,1653936964);
INSERT INTO player_score VALUES('63b1278a0',21,'140471e94','3f9f8e467',153076,1968,1654039287,1654039287);
INSERT INTO player_score VALUES('54d76fcc3',21,'140471e94','51821ba38',8520,1510,1653640648,1653640648);
INSERT INTO player_score VALUES('62ef8a1c1',21,'140471e94','58ffae182',9480,1737,1654018985,1654018985);
INSERT INTO player_score VALUES('61fd7cc40',21,'140471e94','5ba066dff',282828,1900,1653993604,1653993604);
INSERT INTO player_score VALUES('635dc6552',21,'140471e94','5d4dd9d60',342630,1694,1654030544,1654030544);
INSERT INTO player_score VALUES('5965fd7c6',21,'140471e94','baadc3db',36800,1806,1653762970,1653762970);
INSERT INTO player_score VALUES('5eda17d50',21,'14576a2a4','11990626b',42978,1727,1653909362,1653909362);
INSERT INTO player_score VALUES('4d7f75601',21,'14576a2a4','136372179',1260,1435,1653443518,1653443518);
INSERT INTO player_score VALUES('4c7272336',21,'14576a2a4','161b13288',58464,1227,1653415310,1653415310);
INSERT INTO player_score VALUES('618742acc',21,'14576a2a4','1f3b3958e',69552,1949,1653981207,1653981207);
INSERT INTO player_score VALUES('5e739eef2',21,'14576a2a4','31f4000b6',624,1588,1653898617,1653898617);
INSERT INTO player_score VALUES('639b9515f',21,'14576a2a4','3f9f8e467',216125,1960,1654037025,1654037025);
INSERT INTO player_score VALUES('54a17f305',21,'14576a2a4','51821ba38',65450,1408,1653634992,1653634992);
INSERT INTO player_score VALUES('622f3d97b',21,'14576a2a4','58ffae182',714,1598,1653998821,1653998821);
INSERT INTO player_score VALUES('611b49104',21,'14576a2a4','5ba066dff',61152,1628,1653969885,1653969885);
INSERT INTO player_score VALUES('63316403c',21,'14576a2a4','5d4dd9d60',14688,1656,1654025890,1654025890);
INSERT INTO player_score VALUES('5cb2d737b',21,'14576a2a4','baadc3db',104976,1888,1653851559,1653851559);
INSERT INTO player_score VALUES('625d85bf2',21,'1573cf530','11990626b',60480,1820,1654003674,1654003674);
INSERT INTO player_score VALUES('4799d9689',21,'1573cf530','136372179',158286,1280,1653285224,1653285224);
INSERT INTO player_score VALUES('623fe92bf',21,'1573cf530','161b13288',59708,1715,1654000569,1654000569);
INSERT INTO player_score VALUES('6255a793e',21,'1573cf530','1f3b3958e',14553,1961,1654002849,1654002849);
INSERT INTO player_score VALUES('6224f0e01',21,'1573cf530','3f9f8e467',44175,1890,1653997741,1653997741);
INSERT INTO player_score VALUES('54ba597f9',21,'1573cf530','51821ba38',17856,1444,1653637598,1653637598);
INSERT INTO player_score VALUES('63682901a',21,'1573cf530','58ffae182',22578,1831,1654031633,1654031633);
INSERT INTO player_score VALUES('61f9e1ebc',21,'1573cf530','5ba066dff',13140,1895,1653993226,1653993226);
INSERT INTO player_score VALUES('63000c2fd',21,'1573cf530','5d4dd9d60',18000,1608,1654020716,1654020716);
INSERT INTO player_score VALUES('586745f9c',21,'1573cf530','baadc3db',21725,1772,1653736261,1653736261);
INSERT INTO player_score VALUES('47adf175d',21,'16e0a354f','11990626b',136800,1248,1653287331,1653287331);
INSERT INTO player_score VALUES('49b005789',21,'16e0a354f','136372179',297714,1340,1653341236,1653341236);
INSERT INTO player_score VALUES('60c99cdde',21,'16e0a354f','161b13288',95472,1678,1653961321,1653961321);
INSERT INTO player_score VALUES('626ecd93a',21,'16e0a354f','1f3b3958e',271078,1963,1654005486,1654005486);
INSERT INTO player_score VALUES('5bf8ee76e',21,'16e0a354f','31f4000b6',172260,1492,1653832065,1653832065);
INSERT INTO player_score VALUES('54e44d3d8',21,'16e0a354f','51821ba38',0,1535,1653641997,1653641997);
INSERT INTO player_score VALUES('630c376ba',21,'16e0a354f','58ffae182',50740,1769,1654021992,1654021992);
INSERT INTO player_score VALUES('61dcd5687',21,'16e0a354f','5ba066dff',0,1864,1653990180,1653990180);
INSERT INTO player_score VALUES('638d72e7d',21,'16e0a354f','5d4dd9d60',19140,1732,1654035543,1654035543);
INSERT INTO player_score VALUES('5be9a4df6',21,'16e0a354f','baadc3db',0,1858,1653830462,1653830462);
INSERT INTO player_score VALUES('6234358e3',21,'18983e643','11990626b',51984,1815,1653999342,1653999342);
INSERT INTO player_score VALUES('4a0d20ecf',21,'18983e643','136372179',5796,1350,1653350999,1653350999);
INSERT INTO player_score VALUES('59a8872b4',21,'18983e643','161b13288',79299,1511,1653769947,1653769947);
INSERT INTO player_score VALUES('5d145f7aa',21,'18983e643','1f3b3958e',125818,1848,1653861786,1653861786);
INSERT INTO player_score VALUES('5f9375715',21,'18983e643','31f4000b6',45936,1631,1653928799,1653928799);
INSERT INTO player_score VALUES('61b633446',21,'18983e643','3f9f8e467',80883,1860,1653986129,1653986129);
INSERT INTO player_score VALUES('63a18d66e',21,'18983e643','58ffae182',16910,1869,1654037651,1654037651);
INSERT INTO player_score VALUES('6145b6e3e',21,'18983e643','5ba066dff',134680,1681,1653974334,1653974334);
INSERT INTO player_score VALUES('6328ac962',21,'18983e643','5d4dd9d60',802032,1652,1654024976,1654024976);
INSERT INTO player_score VALUES('5cbc85403',21,'18983e643','baadc3db',468832,1890,1653852574,1653852574);
INSERT INTO player_score VALUES('610f5fc05',21,'19e007f4a','11990626b',33930,1788,1653968636,1653968636);
INSERT INTO player_score VALUES('454f8070d',21,'19e007f4a','136372179',85176,1230,1653223741,1653223741);
INSERT INTO player_score VALUES('63647f85e',21,'19e007f4a','161b13288',9021,1747,1654031249,1654031249);
INSERT INTO player_score VALUES('62be7b84e',21,'19e007f4a','1f3b3958e',113386,1979,1654013841,1654013841);
INSERT INTO player_score VALUES('5a7e8faaa',21,'19e007f4a','31f4000b6',6720,1436,1653792390,1653792390);
INSERT INTO player_score VALUES('62e363c3b',21,'19e007f4a','3f9f8e467',340200,1923,1654017711,1654017711);
INSERT INTO player_score VALUES('54dfb95e6',21,'19e007f4a','51821ba38',14160,1527,1653641517,1653641517);
INSERT INTO player_score VALUES('62ff9e508',21,'19e007f4a','58ffae182',17100,1755,1654020671,1654020671);
INSERT INTO player_score VALUES('6202bb8df',21,'19e007f4a','5ba066dff',218691,1905,1653994154,1653994154);
INSERT INTO player_score VALUES('6395d7598',21,'19e007f4a','5d4dd9d60',1920,1741,1654036423,1654036423);
INSERT INTO player_score VALUES('5c102c274',21,'19e007f4a','baadc3db',36180,1863,1653834502,1653834502);
INSERT INTO player_score VALUES('6234ccf0b',21,'19e7c3f2e','11990626b',118524,1816,1653999404,1653999404);
INSERT INTO player_score VALUES('4dd0b62af',21,'19e7c3f2e','136372179',54000,1447,1653452038,1653452038);
INSERT INTO player_score VALUES('63b55c343',21,'19e7c3f2e','161b13288',95760,1757,1654039728,1654039728);
INSERT INTO player_score VALUES('62f126b6c',21,'19e7c3f2e','1f3b3958e',8316,1987,1654019154,1654019154);
INSERT INTO player_score VALUES('5ae0c2cfe',21,'19e7c3f2e','31f4000b6',154546,1449,1653802687,1653802687);
INSERT INTO player_score VALUES('54d4df0d1',21,'19e7c3f2e','51821ba38',15433,1504,1653640379,1653640379);
INSERT INTO player_score VALUES('634c61305',21,'19e7c3f2e','58ffae182',480128,1806,1654028720,1654028720);
INSERT INTO player_score VALUES('61d72da35',21,'19e7c3f2e','5ba066dff',3168,1856,1653989587,1653989587);
INSERT INTO player_score VALUES('6350c6af9',21,'19e7c3f2e','5d4dd9d60',51792,1682,1654029181,1654029181);
INSERT INTO player_score VALUES('5bb0392c0',21,'19e7c3f2e','baadc3db',565248,1853,1653824441,1653824441);
INSERT INTO player_score VALUES('5fbad1201',21,'19f02d448','11990626b',2166,1750,1653932926,1653932926);
INSERT INTO player_score VALUES('5d3e7cbfa',21,'19f02d448','161b13288',192780,1606,1653866202,1653866202);
INSERT INTO player_score VALUES('60696311c',21,'19f02d448','1f3b3958e',123480,1926,1653951231,1653951231);
INSERT INTO player_score VALUES('5e66e133b',21,'19f02d448','31f4000b6',52380,1582,1653897281,1653897281);
INSERT INTO player_score VALUES('6300508d5',21,'19f02d448','3f9f8e467',47320,1928,1654020744,1654020744);
INSERT INTO player_score VALUES('54bc92589',21,'19f02d448','51821ba38',77220,1452,1653637831,1653637831);
INSERT INTO player_score VALUES('635121053',21,'19f02d448','58ffae182',164160,1812,1654029218,1654029218);
INSERT INTO player_score VALUES('61de746ea',21,'19f02d448','5ba066dff',89570,1868,1653990350,1653990350);
INSERT INTO player_score VALUES('62fbe1476',21,'19f02d448','5d4dd9d60',168000,1601,1654020279,1654020279);
INSERT INTO player_score VALUES('5258f3a22',21,'19f02d448','baadc3db',304440,1626,1653573698,1653573698);
INSERT INTO player_score VALUES('622ccc96b',21,'1a74c9053','11990626b',388368,1814,1653998565,1653998565);
INSERT INTO player_score VALUES('495821792',21,'1a74c9053','136372179',8550,1326,1653332020,1653332020);
INSERT INTO player_score VALUES('599f7cbd4',21,'1a74c9053','161b13288',28440,1509,1653768999,1653768999);
INSERT INTO player_score VALUES('62c4eb748',21,'1a74c9053','1f3b3958e',88200,1981,1654014516,1654014516);
INSERT INTO player_score VALUES('5d8e235a4',21,'1a74c9053','31f4000b6',11781,1554,1653874554,1653874554);
INSERT INTO player_score VALUES('6350083f6',21,'1a74c9053','3f9f8e467',26460,1945,1654029103,1654029103);
INSERT INTO player_score VALUES('62d5774fe',21,'1a74c9053','58ffae182',9044,1716,1654016251,1654016251);
INSERT INTO player_score VALUES('61db4022d',21,'1a74c9053','5ba066dff',323268,1863,1653990014,1653990014);
INSERT INTO player_score VALUES('633db1724',21,'1a74c9053','5d4dd9d60',286995,1665,1654027180,1654027180);
INSERT INTO player_score VALUES('5bc433eb3',21,'1a74c9053','baadc3db',47970,1854,1653826536,1653826536);
INSERT INTO player_score VALUES('61ee7a00a',21,'1bf08280f','11990626b',540,1809,1653992030,1653992030);
INSERT INTO player_score VALUES('5fa1952dc',21,'1bf08280f','161b13288',542098,1652,1653930280,1653930280);
INSERT INTO player_score VALUES('631c49322',21,'1bf08280f','1f3b3958e',0,1989,1654023677,1654023677);
INSERT INTO player_score VALUES('5e71130f5',21,'1bf08280f','31f4000b6',43848,1586,1653898350,1653898350);
INSERT INTO player_score VALUES('63528a581',21,'1bf08280f','3f9f8e467',188232,1946,1654029366,1654029366);
INSERT INTO player_score VALUES('54dd79370',21,'1bf08280f','51821ba38',1980,1524,1653641281,1653641281);
INSERT INTO player_score VALUES('63a1c7ff3',21,'1bf08280f','58ffae182',97944,1870,1654037675,1654037675);
INSERT INTO player_score VALUES('619b75934',21,'1bf08280f','5ba066dff',27160,1789,1653983325,1653983325);
INSERT INTO player_score VALUES('63822d2dd',21,'1bf08280f','5d4dd9d60',19890,1724,1654034361,1654034361);
INSERT INTO player_score VALUES('62dff9bb1',21,'1cdf67b5c','11990626b',37944,1831,1654017353,1654017353);
INSERT INTO player_score VALUES('4c78066a1',21,'1cdf67b5c','136372179',84378,1415,1653415895,1653415895);
INSERT INTO player_score VALUES('616739f9f',21,'1cdf67b5c','161b13288',29106,1697,1653977848,1653977848);
INSERT INTO player_score VALUES('629345835',21,'1cdf67b5c','1f3b3958e',63360,1968,1654009310,1654009310);
INSERT INTO player_score VALUES('57f654665',21,'1cdf67b5c','31f4000b6',3185,1357,1653724418,1653724418);
INSERT INTO player_score VALUES('63bc2b5e7',21,'1cdf67b5c','3f9f8e467',105000,1971,1654040442,1654040442);
INSERT INTO player_score VALUES('54d4676a2',21,'1cdf67b5c','51821ba38',14784,1503,1653640330,1653640330);
INSERT INTO player_score VALUES('63c08bfb7',21,'1cdf67b5c','58ffae182',74480,1884,1654040901,1654040901);
INSERT INTO player_score VALUES('61fcc5a93',21,'1cdf67b5c','5ba066dff',73750,1899,1653993529,1653993529);
INSERT INTO player_score VALUES('591bae0b1',21,'1cdf67b5c','baadc3db',24080,1793,1653755178,1653755178);
INSERT INTO player_score VALUES('5e0257e88',21,'1dce432bb','11990626b',465120,1716,1653886739,1653886739);
INSERT INTO player_score VALUES('4c3ae5021',21,'1dce432bb','136372179',80640,1409,1653409485,1653409485);
INSERT INTO player_score VALUES('617e187c4',21,'1dce432bb','161b13288',33820,1700,1653980246,1653980246);
INSERT INTO player_score VALUES('5cdd53b28',21,'1dce432bb','1f3b3958e',109480,1840,1653856014,1653856014);
INSERT INTO player_score VALUES('61127ba30',21,'1dce432bb','3f9f8e467',478240,1828,1653968962,1653968962);
INSERT INTO player_score VALUES('54c874570',21,'1dce432bb','51821ba38',205900,1470,1653639077,1653639077);
INSERT INTO player_score VALUES('62eff5871',21,'1dce432bb','58ffae182',3456,1738,1654019029,1654019029);
INSERT INTO player_score VALUES('61ec7bc26',21,'1dce432bb','5ba066dff',454480,1881,1653991821,1653991821);
INSERT INTO player_score VALUES('63af5c905',21,'1dce432bb','5d4dd9d60',139230,1766,1654039099,1654039099);
INSERT INTO player_score VALUES('5d03ff987',21,'1dce432bb','baadc3db',385950,1899,1653860069,1653860069);
INSERT INTO player_score VALUES('44f52de17',21,'1e621c4c8','136372179',270512,1225,1653214270,1653214270);
INSERT INTO player_score VALUES('5f51c5073',21,'1e621c4c8','161b13288',163593,1646,1653921911,1653921911);
INSERT INTO player_score VALUES('636c7afac',21,'1e621c4c8','1f3b3958e',14288,1995,1654032086,1654032086);
INSERT INTO player_score VALUES('5e454823b',21,'1e621c4c8','31f4000b6',45375,1573,1653893758,1653893758);
INSERT INTO player_score VALUES('6283b521e',21,'1e621c4c8','3f9f8e467',5920,1909,1654007678,1654007678);
INSERT INTO player_score VALUES('54d698f1c',21,'1e621c4c8','51821ba38',123900,1508,1653640560,1653640560);
INSERT INTO player_score VALUES('61c134a81',21,'1e621c4c8','5ba066dff',45384,1830,1653987283,1653987283);
INSERT INTO player_score VALUES('63854df29',21,'1e621c4c8','5d4dd9d60',46368,1726,1654034689,1654034689);
INSERT INTO player_score VALUES('5d3131680',21,'1e621c4c8','baadc3db',252724,1902,1653864808,1653864808);
INSERT INTO player_score VALUES('629066a5d',21,'21a2de542','11990626b',131670,1827,1654009009,1654009009);
INSERT INTO player_score VALUES('3e75c2eda',21,'21a2de542','136372179',5016,1054,1653039848,1653039848);
INSERT INTO player_score VALUES('57d35e343',21,'21a2de542','1f3b3958e',128686,1690,1653720752,1653720752);
INSERT INTO player_score VALUES('5d4212b47',21,'21a2de542','31f4000b6',9800,1546,1653866578,1653866578);
INSERT INTO player_score VALUES('618c44657',21,'21a2de542','3f9f8e467',472736,1853,1653981732,1653981732);
INSERT INTO player_score VALUES('54d5d0be6',21,'21a2de542','51821ba38',4080,1507,1653640478,1653640478);
INSERT INTO player_score VALUES('629f29ee1',21,'21a2de542','58ffae182',27664,1670,1654010557,1654010557);
INSERT INTO player_score VALUES('61f203c32',21,'21a2de542','5ba066dff',480480,1889,1653992401,1653992401);
INSERT INTO player_score VALUES('63abf0168',21,'21a2de542','5d4dd9d60',314853,1761,1654038740,1654038740);
INSERT INTO player_score VALUES('5d258042c',21,'21a2de542','baadc3db',32832,1901,1653863582,1653863582);
INSERT INTO player_score VALUES('58394e65c',21,'21fef96d0','11990626b',40584,1584,1653731441,1653731441);
INSERT INTO player_score VALUES('4c0cf4be5',21,'21fef96d0','136372179',234960,1404,1653404668,1653404668);
INSERT INTO player_score VALUES('413a85c85',21,'21fef96d0','161b13288',104760,975,1653114167,1653114167);
INSERT INTO player_score VALUES('5af9983bc',21,'21fef96d0','1f3b3958e',5940,1778,1653805291,1653805291);
INSERT INTO player_score VALUES('5cc0fbd29',21,'21fef96d0','31f4000b6',6566,1522,1653853042,1653853042);
INSERT INTO player_score VALUES('61cac07e6',21,'21fef96d0','3f9f8e467',212850,1870,1653988284,1653988284);
INSERT INTO player_score VALUES('54aaedbe9',21,'21fef96d0','51821ba38',38502,1423,1653635981,1653635981);
INSERT INTO player_score VALUES('63a8f3efc',21,'21fef96d0','58ffae182',216450,1874,1654038427,1654038427);
INSERT INTO player_score VALUES('61b103217',21,'21fef96d0','5ba066dff',111150,1815,1653985585,1653985585);
INSERT INTO player_score VALUES('63873ffe9',21,'21fef96d0','5d4dd9d60',397176,1728,1654034893,1654034893);
INSERT INTO player_score VALUES('5ce3b4ffc',21,'21fef96d0','baadc3db',378480,1894,1653856683,1653856683);
INSERT INTO player_score VALUES('637018442',21,'2279f0f0b','11990626b',274170,1844,1654032465,1654032465);
INSERT INTO player_score VALUES('4c7ef2dfe',21,'2279f0f0b','136372179',51450,1416,1653416621,1653416621);
INSERT INTO player_score VALUES('624bab6cf',21,'2279f0f0b','161b13288',98010,1718,1654001802,1654001802);
INSERT INTO player_score VALUES('6383ff7c6',21,'2279f0f0b','1f3b3958e',131036,1998,1654034552,1654034552);
INSERT INTO player_score VALUES('6357cb8ff',21,'2279f0f0b','3f9f8e467',267720,1947,1654029917,1654029917);
INSERT INTO player_score VALUES('54e336ec9',21,'2279f0f0b','51821ba38',5796,1533,1653641883,1653641883);
INSERT INTO player_score VALUES('630c26512',21,'2279f0f0b','58ffae182',111186,1768,1654021985,1654021985);
INSERT INTO player_score VALUES('61de59972',21,'2279f0f0b','5ba066dff',124062,1867,1653990339,1653990339);
INSERT INTO player_score VALUES('63ba8502e',21,'2279f0f0b','5d4dd9d60',6270,1783,1654040269,1654040269);
INSERT INTO player_score VALUES('5b43e2cb6',21,'2279f0f0b','baadc3db',112608,1840,1653813081,1653813081);
INSERT INTO player_score VALUES('6110a9568',21,'23a859ebb','11990626b',48026,1789,1653968771,1653968771);
INSERT INTO player_score VALUES('4c75e38b0',21,'23a859ebb','136372179',15000,1414,1653415671,1653415671);
INSERT INTO player_score VALUES('6271521b7',21,'23a859ebb','161b13288',1008,1725,1654005750,1654005750);
INSERT INTO player_score VALUES('5bef7b033',21,'23a859ebb','1f3b3958e',115375,1814,1653831074,1653831074);
INSERT INTO player_score VALUES('622f6716b',21,'23a859ebb','3f9f8e467',259072,1894,1653998838,1653998838);
INSERT INTO player_score VALUES('54d837fa4',21,'23a859ebb','51821ba38',10971,1512,1653640730,1653640730);
INSERT INTO player_score VALUES('634af08b7',21,'23a859ebb','58ffae182',157464,1803,1654028569,1654028569);
INSERT INTO player_score VALUES('61ddbae5d',21,'23a859ebb','5ba066dff',83328,1866,1653990274,1653990274);
INSERT INTO player_score VALUES('63b89cb81',21,'23a859ebb','5d4dd9d60',11726,1781,1654040069,1654040069);
INSERT INTO player_score VALUES('5b11db313',21,'23a859ebb','baadc3db',180234,1837,1653807835,1653807835);
INSERT INTO player_score VALUES('5433715cc',21,'23c0f24fa','11990626b',4158,1504,1653623452,1653623452);
INSERT INTO player_score VALUES('4ceaea096',21,'23c0f24fa','136372179',89180,1427,1653427942,1653427942);
INSERT INTO player_score VALUES('62a3db196',21,'23c0f24fa','161b13288',238144,1732,1654011049,1654011049);
INSERT INTO player_score VALUES('5f3517bc4',21,'23c0f24fa','1f3b3958e',261261,1899,1653918904,1653918904);
INSERT INTO player_score VALUES('5ee3f43dd',21,'23c0f24fa','31f4000b6',28033,1607,1653910396,1653910396);
INSERT INTO player_score VALUES('6232ebf82',21,'23c0f24fa','3f9f8e467',65274,1897,1653999207,1653999207);
INSERT INTO player_score VALUES('54ba06803',21,'23c0f24fa','51821ba38',20800,1442,1653637564,1653637564);
INSERT INTO player_score VALUES('62856a235',21,'23c0f24fa','58ffae182',89056,1658,1654007857,1654007857);
INSERT INTO player_score VALUES('61f613cec',21,'23c0f24fa','5ba066dff',174960,1893,1653992827,1653992827);
INSERT INTO player_score VALUES('63c0e64fc',21,'23c0f24fa','5d4dd9d60',4960,1786,1654040938,1654040938);
INSERT INTO player_score VALUES('4db49402f',21,'23c0f24fa','baadc3db',1100,1518,1653449088,1653449088);
INSERT INTO player_score VALUES('4db9e8bf9',21,'2401da82d','136372179',85914,1444,1653449647,1653449647);
INSERT INTO player_score VALUES('615036dc0',21,'2401da82d','161b13288',35343,1695,1653975435,1653975435);
INSERT INTO player_score VALUES('62a7c1a25',21,'2401da82d','1f3b3958e',20304,1973,1654011458,1654011458);
INSERT INTO player_score VALUES('5e54aa1c4',21,'2401da82d','31f4000b6',186030,1577,1653895371,1653895371);
INSERT INTO player_score VALUES('5e4416f14',21,'2401da82d','3f9f8e467',54945,1681,1653893633,1653893633);
INSERT INTO player_score VALUES('62d6fdeb8',21,'2401da82d','58ffae182',12960,1717,1654016411,1654016411);
INSERT INTO player_score VALUES('61e3eb5e1',21,'2401da82d','5ba066dff',12236,1872,1653990923,1653990923);
INSERT INTO player_score VALUES('638ee8762',21,'2401da82d','5d4dd9d60',42772,1735,1654035696,1654035696);
INSERT INTO player_score VALUES('587a628f6',21,'2401da82d','baadc3db',510942,1776,1653738265,1653738265);
INSERT INTO player_score VALUES('4d12f7f31',21,'255635dc0','136372179',27450,1431,1653432142,1653432142);
INSERT INTO player_score VALUES('5dc7aed17',21,'255635dc0','1f3b3958e',53130,1873,1653880588,1653880588);
INSERT INTO player_score VALUES('5d1450d5d',21,'255635dc0','31f4000b6',2184,1537,1653861780,1653861780);
INSERT INTO player_score VALUES('54cffa9b2',21,'255635dc0','51821ba38',164900,1491,1653639866,1653639866);
INSERT INTO player_score VALUES('63754fb64',21,'255635dc0','58ffae182',0,1838,1654033012,1654033012);
INSERT INTO player_score VALUES('619671622',21,'255635dc0','5ba066dff',8736,1783,1653982799,1653982799);
INSERT INTO player_score VALUES('63c58b431',21,'255635dc0','5d4dd9d60',22320,1790,1654041425,1654041425);
INSERT INTO player_score VALUES('5bb9153dd',21,'25676c99e','11990626b',34596,1674,1653825370,1653825370);
INSERT INTO player_score VALUES('49909694c',21,'25676c99e','136372179',12480,1333,1653337940,1653337940);
INSERT INTO player_score VALUES('62acf6a69',21,'25676c99e','161b13288',0,1735,1654012004,1654012004);
INSERT INTO player_score VALUES('630150e15',21,'25676c99e','1f3b3958e',33440,1988,1654020849,1654020849);
INSERT INTO player_score VALUES('606176421',21,'25676c99e','3f9f8e467',7056,1791,1653950400,1653950400);
INSERT INTO player_score VALUES('54c9b429e',21,'25676c99e','51821ba38',163925,1477,1653639208,1653639208);
INSERT INTO player_score VALUES('63badf564',21,'25676c99e','58ffae182',79560,1882,1654040306,1654040306);
INSERT INTO player_score VALUES('61efc606b',21,'25676c99e','5ba066dff',260544,1885,1653992166,1653992166);
INSERT INTO player_score VALUES('639ae2d90',21,'25676c99e','5d4dd9d60',229140,1745,1654036952,1654036952);
INSERT INTO player_score VALUES('5ccb461e2',21,'25676c99e','baadc3db',50600,1892,1653854121,1653854121);
INSERT INTO player_score VALUES('61e7f6854',21,'256834ca0','11990626b',300105,1808,1653991347,1653991347);
INSERT INTO player_score VALUES('4d2ec4a1d',21,'256834ca0','136372179',34496,1432,1653435057,1653435057);
INSERT INTO player_score VALUES('63939e80a',21,'256834ca0','161b13288',9900,1752,1654036190,1654036190);
INSERT INTO player_score VALUES('6365e1840',21,'256834ca0','1f3b3958e',429300,1994,1654031394,1654031394);
INSERT INTO player_score VALUES('5f19c78a8',21,'256834ca0','31f4000b6',45356,1616,1653916040,1653916040);
INSERT INTO player_score VALUES('60bd608bc',21,'256834ca0','3f9f8e467',47304,1809,1653960038,1653960038);
INSERT INTO player_score VALUES('54e7aff08',21,'256834ca0','51821ba38',222750,1541,1653642352,1653642352);
INSERT INTO player_score VALUES('634ff246e',21,'256834ca0','58ffae182',117600,1810,1654029094,1654029094);
INSERT INTO player_score VALUES('61acd35c5',21,'256834ca0','5ba066dff',10920,1809,1653985146,1653985146);
INSERT INTO player_score VALUES('62a0a6ceb',21,'256834ca0','5d4dd9d60',476,1500,1654010713,1654010713);
INSERT INTO player_score VALUES('59e720910',21,'256834ca0','baadc3db',255285,1819,1653776511,1653776511);
INSERT INTO player_score VALUES('5fe905c00',21,'261e210fd','11990626b',35088,1755,1653937771,1653937771);
INSERT INTO player_score VALUES('498dbc9b1',21,'261e210fd','136372179',3026,1332,1653337641,1653337641);
INSERT INTO player_score VALUES('5917b66b7',21,'261e210fd','161b13288',254856,1496,1653754762,1653754762);
INSERT INTO player_score VALUES('605a1e5eb',21,'261e210fd','1f3b3958e',84700,1922,1653949630,1653949630);
INSERT INTO player_score VALUES('5fe5b4253',21,'261e210fd','31f4000b6',13195,1640,1653937423,1653937423);
INSERT INTO player_score VALUES('605744650',21,'261e210fd','3f9f8e467',78131,1788,1653949331,1653949331);
INSERT INTO player_score VALUES('54bccf662',21,'261e210fd','51821ba38',11466,1453,1653637856,1653637856);
INSERT INTO player_score VALUES('63ab58bb5',21,'261e210fd','58ffae182',327294,1875,1654038678,1654038678);
INSERT INTO player_score VALUES('617359006',21,'261e210fd','5ba066dff',72240,1737,1653979119,1653979119);
INSERT INTO player_score VALUES('63b79ed33',21,'261e210fd','5d4dd9d60',24150,1779,1654039965,1654039965);
INSERT INTO player_score VALUES('5c31e4f70',21,'261e210fd','baadc3db',20160,1871,1653838038,1653838038);
INSERT INTO player_score VALUES('61412a549',21,'28043c6c6','11990626b',232960,1792,1653973857,1653973857);
INSERT INTO player_score VALUES('4d7c45f22',21,'28043c6c6','136372179',67620,1434,1653443184,1653443184);
INSERT INTO player_score VALUES('52de83876',21,'28043c6c6','161b13288',280488,1369,1653587703,1653587703);
INSERT INTO player_score VALUES('5c293ea0f',21,'28043c6c6','31f4000b6',557280,1502,1653837131,1653837131);
INSERT INTO player_score VALUES('5b14fbf6a',21,'28043c6c6','3f9f8e467',70004,1525,1653808163,1653808163);
INSERT INTO player_score VALUES('54db4c8e1',21,'28043c6c6','51821ba38',218530,1519,1653641053,1653641053);
INSERT INTO player_score VALUES('6167e752b',21,'28043c6c6','5ba066dff',90882,1729,1653977919,1653977919);
INSERT INTO player_score VALUES('6378ab19c',21,'28043c6c6','5d4dd9d60',21812,1713,1654033364,1654033364);
INSERT INTO player_score VALUES('4c20c11b2',21,'283a43001','136372179',270864,1406,1653406744,1653406744);
INSERT INTO player_score VALUES('625d1a53d',21,'283a43001','161b13288',9984,1722,1654003630,1654003630);
INSERT INTO player_score VALUES('5c2fc48c7',21,'283a43001','1f3b3958e',24786,1818,1653837815,1653837815);
INSERT INTO player_score VALUES('5d55df109',21,'283a43001','31f4000b6',116160,1548,1653868654,1653868654);
INSERT INTO player_score VALUES('622f8bb79',21,'283a43001','3f9f8e467',100800,1895,1653998853,1653998853);
INSERT INTO player_score VALUES('54db899a4',21,'283a43001','51821ba38',2970,1520,1653641078,1653641078);
INSERT INTO player_score VALUES('6271c4d92',21,'283a43001','58ffae182',320000,1641,1654005797,1654005797);
INSERT INTO player_score VALUES('60b6c716e',21,'283a43001','5ba066dff',212868,1490,1653959346,1653959346);
INSERT INTO player_score VALUES('639f32633',21,'283a43001','5d4dd9d60',95700,1749,1654037404,1654037404);
INSERT INTO player_score VALUES('5d683d351',21,'283a43001','baadc3db',508326,1906,1653870580,1653870580);
INSERT INTO player_score VALUES('60144f4af',21,'2880a4944','11990626b',24640,1758,1653942310,1653942310);
INSERT INTO player_score VALUES('4c2b1527e',21,'2880a4944','136372179',11160,1407,1653407827,1653407827);
INSERT INTO player_score VALUES('62cc769b8',21,'2880a4944','161b13288',83600,1739,1654015307,1654015307);
INSERT INTO player_score VALUES('5fdbfec8e',21,'2880a4944','1f3b3958e',577920,1912,1653936405,1653936405);
INSERT INTO player_score VALUES('5ead84b1f',21,'2880a4944','31f4000b6',622656,1597,1653904688,1653904688);
INSERT INTO player_score VALUES('62eeb5b82',21,'2880a4944','3f9f8e467',295680,1925,1654018898,1654018898);
INSERT INTO player_score VALUES('54d4f9e8d',21,'2880a4944','51821ba38',23400,1505,1653640390,1653640390);
INSERT INTO player_score VALUES('63b5aa54c',21,'2880a4944','58ffae182',29240,1881,1654039760,1654039760);
INSERT INTO player_score VALUES('61a713302',21,'2880a4944','5ba066dff',37582,1800,1653984543,1653984543);
INSERT INTO player_score VALUES('637e30ab9',21,'2880a4944','5d4dd9d60',633600,1718,1654033943,1654033943);
INSERT INTO player_score VALUES('5c5515c4b',21,'2880a4944','baadc3db',47628,1874,1653841728,1653841728);
INSERT INTO player_score VALUES('616c80133',21,'2afe64b8c','11990626b',39128,1795,1653978401,1653978401);
INSERT INTO player_score VALUES('4db56d4c4',21,'2afe64b8c','136372179',0,1443,1653449177,1653449177);
INSERT INTO player_score VALUES('60d0c8c91',21,'2afe64b8c','161b13288',84909,1679,1653962073,1653962073);
INSERT INTO player_score VALUES('584dc3377',21,'2afe64b8c','1f3b3958e',449757,1705,1653733586,1653733586);
INSERT INTO player_score VALUES('5e8015d91',21,'2afe64b8c','31f4000b6',318780,1589,1653899924,1653899924);
INSERT INTO player_score VALUES('63abdc905',21,'2afe64b8c','3f9f8e467',105450,1966,1654038732,1654038732);
INSERT INTO player_score VALUES('54d35d4d9',21,'2afe64b8c','51821ba38',247680,1501,1653640221,1653640221);
INSERT INTO player_score VALUES('637175626',21,'2afe64b8c','58ffae182',16240,1835,1654032608,1654032608);
INSERT INTO player_score VALUES('61b31c417',21,'2afe64b8c','5ba066dff',322245,1819,1653985805,1653985805);
INSERT INTO player_score VALUES('638f08312',21,'2afe64b8c','5d4dd9d60',523600,1736,1654035709,1654035709);
INSERT INTO player_score VALUES('4aecf2459',21,'2afe64b8c','baadc3db',118440,1433,1653374468,1653374468);
INSERT INTO player_score VALUES('5de1d2b34',21,'2b224f12a','11990626b',23562,1712,1653883329,1653883329);
INSERT INTO player_score VALUES('4d04f5812',21,'2b224f12a','136372179',42656,1429,1653430673,1653430673);
INSERT INTO player_score VALUES('5ac6226ca',21,'2b224f12a','161b13288',2688,1541,1653799895,1653799895);
INSERT INTO player_score VALUES('63ac78cd7',21,'2b224f12a','1f3b3958e',66196,1999,1654038796,1654038796);
INSERT INTO player_score VALUES('5e6f7b5d6',21,'2b224f12a','31f4000b6',38808,1584,1653898183,1653898183);
INSERT INTO player_score VALUES('627a8881b',21,'2b224f12a','3f9f8e467',33019,1907,1654006716,1654006716);
INSERT INTO player_score VALUES('627ef7c17',21,'2b224f12a','58ffae182',603345,1653,1654007181,1654007181);
INSERT INTO player_score VALUES('61ac08b86',21,'2b224f12a','5ba066dff',210,1808,1653985063,1653985063);
INSERT INTO player_score VALUES('56517e034',21,'2b224f12a','baadc3db',228800,1719,1653680290,1653680290);
INSERT INTO player_score VALUES('637d9949b',21,'2bb2ca5d9','11990626b',423752,1845,1654033881,1654033881);
INSERT INTO player_score VALUES('49ecc7a97',21,'2bb2ca5d9','136372179',11718,1346,1653347607,1653347607);
INSERT INTO player_score VALUES('611d49c23',21,'2bb2ca5d9','161b13288',617520,1687,1653970095,1653970095);
INSERT INTO player_score VALUES('58c256f29',21,'2bb2ca5d9','1f3b3958e',20880,1714,1653745810,1653745810);
INSERT INTO player_score VALUES('5cef6fee8',21,'2bb2ca5d9','31f4000b6',6552,1531,1653857913,1653857913);
INSERT INTO player_score VALUES('60eb310c6',21,'2bb2ca5d9','3f9f8e467',46656,1817,1653964842,1653964842);
INSERT INTO player_score VALUES('54c3a3711',21,'2bb2ca5d9','51821ba38',100800,1465,1653638572,1653638572);
INSERT INTO player_score VALUES('63c599e97',21,'2bb2ca5d9','58ffae182',31395,1887,1654041431,1654041431);
INSERT INTO player_score VALUES('61fbaa77c',21,'2bb2ca5d9','5ba066dff',36120,1898,1653993413,1653993413);
INSERT INTO player_score VALUES('630ffbc39',21,'2bb2ca5d9','5d4dd9d60',183920,1625,1654022387,1654022387);
INSERT INTO player_score VALUES('56ab911a5',21,'2bb2ca5d9','baadc3db',22550,1726,1653689735,1653689735);
INSERT INTO player_score VALUES('636dcbe47',21,'2daab8b58','11990626b',270,1843,1654032224,1654032224);
INSERT INTO player_score VALUES('4c8c01295',21,'2daab8b58','136372179',114480,1417,1653417990,1653417990);
INSERT INTO player_score VALUES('60736dddf',21,'2daab8b58','161b13288',275616,1669,1653952284,1653952284);
INSERT INTO player_score VALUES('5f91a8023',21,'2daab8b58','1f3b3958e',33212,1904,1653928610,1653928610);
INSERT INTO player_score VALUES('5f4a2daf2',21,'2daab8b58','31f4000b6',83106,1622,1653921115,1653921115);
INSERT INTO player_score VALUES('63abc1b50',21,'2daab8b58','3f9f8e467',3552,1965,1654038721,1654038721);
INSERT INTO player_score VALUES('54c6f29bd',21,'2daab8b58','51821ba38',77924,1468,1653638919,1653638919);
INSERT INTO player_score VALUES('619b276ef',21,'2daab8b58','58ffae182',34848,1503,1653983293,1653983293);
INSERT INTO player_score VALUES('615e98818',21,'2daab8b58','5ba066dff',52864,1719,1653976943,1653976943);
INSERT INTO player_score VALUES('54910e35c',21,'2daab8b58','baadc3db',20350,1674,1653633268,1653633268);
INSERT INTO player_score VALUES('625519fd1',21,'2df180d54','11990626b',102410,1818,1654002791,1654002791);
INSERT INTO player_score VALUES('4da9d2193',21,'2df180d54','136372179',123760,1440,1653447960,1653447960);
INSERT INTO player_score VALUES('622f2eef5',21,'2df180d54','161b13288',10530,1713,1653998815,1653998815);
INSERT INTO player_score VALUES('617d6b200',21,'2df180d54','1f3b3958e',97680,1948,1653980175,1653980175);
INSERT INTO player_score VALUES('62ba928ca',21,'2df180d54','3f9f8e467',1780,1916,1654013431,1654013431);
INSERT INTO player_score VALUES('54b6cd4fa',21,'2df180d54','51821ba38',110250,1436,1653637226,1653637226);
INSERT INTO player_score VALUES('636a448e2',21,'2df180d54','58ffae182',73160,1834,1654031854,1654031854);
INSERT INTO player_score VALUES('62025776a',21,'2df180d54','5ba066dff',279128,1904,1653994113,1653994113);
INSERT INTO player_score VALUES('631ae24cc',21,'2df180d54','5d4dd9d60',189392,1635,1654023530,1654023530);
INSERT INTO player_score VALUES('5685d95a0',21,'2df180d54','baadc3db',31556,1724,1653685780,1653685780);
INSERT INTO player_score VALUES('62823363c',21,'2ed263a4c','11990626b',341700,1825,1654007520,1654007520);
INSERT INTO player_score VALUES('465bc7a3f',21,'2ed263a4c','136372179',260897,1247,1653251872,1653251872);
INSERT INTO player_score VALUES('62db6abc3',21,'2ed263a4c','1f3b3958e',14454,1985,1654016875,1654016875);
INSERT INTO player_score VALUES('57a52e754',21,'2ed263a4c','31f4000b6',22512,1345,1653715909,1653715909);
INSERT INTO player_score VALUES('63282d9ef',21,'2ed263a4c','3f9f8e467',11700,1941,1654024924,1654024924);
INSERT INTO player_score VALUES('54eb4fada',21,'2ed263a4c','51821ba38',13284,1546,1653642732,1653642732);
INSERT INTO player_score VALUES('63691d26f',21,'2ed263a4c','58ffae182',303400,1832,1654031733,1654031733);
INSERT INTO player_score VALUES('61f162a15',21,'2ed263a4c','5ba066dff',85034,1887,1653992335,1653992335);
INSERT INTO player_score VALUES('630dbe093',21,'2ed263a4c','5d4dd9d60',185220,1623,1654022152,1654022152);
INSERT INTO player_score VALUES('5933b180b',21,'2ed263a4c','baadc3db',104832,1798,1653757696,1653757696);
INSERT INTO player_score VALUES('5c65f22c9',21,'2f3d1fd9b','11990626b',42750,1686,1653843496,1653843496);
INSERT INTO player_score VALUES('3eb46fd45',21,'2f3d1fd9b','136372179',117676,1061,1653046420,1653046420);
INSERT INTO player_score VALUES('5c1953eac',21,'2f3d1fd9b','161b13288',45050,1570,1653835462,1653835462);
INSERT INTO player_score VALUES('6322c7cc2',21,'2f3d1fd9b','1f3b3958e',125440,1990,1654024358,1654024358);
INSERT INTO player_score VALUES('5ff06013a',21,'2f3d1fd9b','31f4000b6',5746,1641,1653938542,1653938542);
INSERT INTO player_score VALUES('6299cdddb',21,'2f3d1fd9b','3f9f8e467',151402,1911,1654009995,1654009995);
INSERT INTO player_score VALUES('54e16bf19',21,'2f3d1fd9b','51821ba38',54720,1530,1653641695,1653641695);
INSERT INTO player_score VALUES('634cddb5a',21,'2f3d1fd9b','58ffae182',94800,1807,1654028771,1654028771);
INSERT INTO player_score VALUES('61a1cf8b3',21,'2f3d1fd9b','5ba066dff',26775,1794,1653983991,1653983991);
INSERT INTO player_score VALUES('62ce1f6a1',21,'2f3d1fd9b','5d4dd9d60',103040,1552,1654015481,1654015481);
INSERT INTO player_score VALUES('5c905ffb2',21,'2f3d1fd9b','baadc3db',114750,1881,1653847945,1653847945);
INSERT INTO player_score VALUES('591735092',21,'33537a12f','11990626b',69384,1608,1653754709,1653754709);
INSERT INTO player_score VALUES('498bb2251',21,'33537a12f','136372179',40572,1331,1653337427,1653337427);
INSERT INTO player_score VALUES('63baf5503',21,'33537a12f','161b13288',14762,1758,1654040315,1654040315);
INSERT INTO player_score VALUES('5fcfd6003',21,'33537a12f','31f4000b6',4664,1636,1653935130,1653935130);
INSERT INTO player_score VALUES('63ac717c8',21,'33537a12f','3f9f8e467',115506,1967,1654038793,1654038793);
INSERT INTO player_score VALUES('63b205b85',21,'33537a12f','58ffae182',39960,1879,1654039378,1654039378);
INSERT INTO player_score VALUES('61f2f7e5f',21,'33537a12f','5ba066dff',289132,1891,1653992501,1653992501);
INSERT INTO player_score VALUES('5b5acff01',21,'33537a12f','baadc3db',48970,1844,1653815485,1653815485);
INSERT INTO player_score VALUES('56ce51962',21,'3391a328f','11990626b',4950,1562,1653693379,1653693379);
INSERT INTO player_score VALUES('4b746ce71',21,'3391a328f','136372179',11907,1389,1653388674,1653388674);
INSERT INTO player_score VALUES('63a1d9151',21,'3391a328f','161b13288',118560,1754,1654037682,1654037682);
INSERT INTO player_score VALUES('60aee197b',21,'3391a328f','1f3b3958e',453330,1930,1653958518,1653958518);
INSERT INTO player_score VALUES('5eb235deb',21,'3391a328f','31f4000b6',2700,1600,1653905180,1653905180);
INSERT INTO player_score VALUES('629a5423f',21,'3391a328f','3f9f8e467',393908,1912,1654010050,1654010050);
INSERT INTO player_score VALUES('54c89b6af',21,'3391a328f','51821ba38',588,1471,1653639093,1653639093);
INSERT INTO player_score VALUES('63a23d2d6',21,'3391a328f','58ffae182',224296,1871,1654037723,1654037723);
INSERT INTO player_score VALUES('634f9cd7a',21,'3391a328f','5d4dd9d60',19152,1681,1654029059,1654029059);
INSERT INTO player_score VALUES('5cf8e0eb5',21,'3391a328f','baadc3db',188811,1898,1653858903,1653858903);
INSERT INTO player_score VALUES('5f41f79e5',21,'34174905f','11990626b',160083,1737,1653920254,1653920254);
INSERT INTO player_score VALUES('4baf24a04',21,'34174905f','136372179',114798,1397,1653394831,1653394831);
INSERT INTO player_score VALUES('61f686906',21,'34174905f','161b13288',160395,1709,1653992874,1653992874);
INSERT INTO player_score VALUES('56931fc7e',21,'34174905f','1f3b3958e',0,1656,1653687172,1653687172);
INSERT INTO player_score VALUES('59455fdf4',21,'34174905f','31f4000b6',419152,1390,1653759550,1653759550);
INSERT INTO player_score VALUES('633f79fb4',21,'34174905f','3f9f8e467',9372,1944,1654027367,1654027367);
INSERT INTO player_score VALUES('54d970803',21,'34174905f','51821ba38',16416,1516,1653640858,1653640858);
INSERT INTO player_score VALUES('63a4c42ae',21,'34174905f','58ffae182',11700,1872,1654037988,1654037988);
INSERT INTO player_score VALUES('61db0a6b8',21,'34174905f','5ba066dff',0,1862,1653989992,1653989992);
INSERT INTO player_score VALUES('63b7cd331',21,'34174905f','5d4dd9d60',0,1780,1654039984,1654039984);
INSERT INTO player_score VALUES('5c995e3c6',21,'34174905f','baadc3db',0,1882,1653848888,1653848888);
INSERT INTO player_score VALUES('632008a88',21,'3478cc630','11990626b',372300,1838,1654024070,1654024070);
INSERT INTO player_score VALUES('4bea60372',21,'3478cc630','136372179',3645,1402,1653401042,1653401042);
INSERT INTO player_score VALUES('60441e0d6',21,'3478cc630','161b13288',6903,1664,1653947323,1653947323);
INSERT INTO player_score VALUES('5f2b0ceff',21,'3478cc630','1f3b3958e',1232,1897,1653917851,1653917851);
INSERT INTO player_score VALUES('5d8852190',21,'3478cc630','3f9f8e467',13377,1638,1653873944,1653873944);
INSERT INTO player_score VALUES('54bdcfb9f',21,'3478cc630','51821ba38',48510,1456,1653637961,1653637961);
INSERT INTO player_score VALUES('636a02a4e',21,'3478cc630','58ffae182',1566,1833,1654031827,1654031827);
INSERT INTO player_score VALUES('5fe214678',21,'3478cc630','5ba066dff',44408,1229,1653937043,1653937043);
INSERT INTO player_score VALUES('63a05278d',21,'3478cc630','5d4dd9d60',107508,1751,1654037522,1654037522);
INSERT INTO player_score VALUES('5c1c8f8d1',21,'3478cc630','baadc3db',365148,1865,1653835801,1653835801);
INSERT INTO player_score VALUES('5fb2a74bb',21,'34c1de729','11990626b',33408,1747,1653932070,1653932070);
INSERT INTO player_score VALUES('484130c43',21,'34c1de729','136372179',10935,1292,1653302771,1653302771);
INSERT INTO player_score VALUES('5caa64221',21,'34c1de729','161b13288',2436,1588,1653850673,1653850673);
INSERT INTO player_score VALUES('6060e6390',21,'34c1de729','1f3b3958e',497664,1925,1653950341,1653950341);
INSERT INTO player_score VALUES('5c7a22a17',21,'34c1de729','31f4000b6',80990,1511,1653845613,1653845613);
INSERT INTO player_score VALUES('5ecac20ca',21,'34c1de729','3f9f8e467',19159,1722,1653907754,1653907754);
INSERT INTO player_score VALUES('54d2b9bbb',21,'34c1de729','51821ba38',34452,1499,1653640154,1653640154);
INSERT INTO player_score VALUES('63553861d',21,'34c1de729','58ffae182',177100,1817,1654029647,1654029647);
INSERT INTO player_score VALUES('61b5b44da',21,'34c1de729','5ba066dff',24050,1820,1653986077,1653986077);
INSERT INTO player_score VALUES('62cd525a6',21,'34c1de729','5d4dd9d60',2250,1551,1654015397,1654015397);
INSERT INTO player_score VALUES('5c9e51512',21,'34c1de729','baadc3db',318780,1886,1653849407,1653849407);
INSERT INTO player_score VALUES('63a6b153f',21,'3643a6373','11990626b',414960,1848,1654038190,1654038190);
INSERT INTO player_score VALUES('4a4425655',21,'3643a6373','136372179',0,1362,1653356768,1653356768);
INSERT INTO player_score VALUES('5e8629039',21,'3643a6373','1f3b3958e',91450,1885,1653900561,1653900561);
INSERT INTO player_score VALUES('5ef0245cc',21,'3643a6373','31f4000b6',97291,1609,1653911674,1653911674);
INSERT INTO player_score VALUES('630f0c85d',21,'3643a6373','3f9f8e467',222440,1931,1654022289,1654022289);
INSERT INTO player_score VALUES('54d8cf5be',21,'3643a6373','51821ba38',18688,1513,1653640792,1653640792);
INSERT INTO player_score VALUES('62ab41a17',21,'3643a6373','58ffae182',15600,1679,1654011825,1654011825);
INSERT INTO player_score VALUES('61d9fb6c2',21,'3643a6373','5ba066dff',140306,1859,1653989881,1653989881);
INSERT INTO player_score VALUES('63b8efbb8',21,'3643a6373','5d4dd9d60',287280,1782,1654040103,1654040103);
INSERT INTO player_score VALUES('56f193778',21,'3643a6373','baadc3db',629856,1732,1653697076,1653697076);
INSERT INTO player_score VALUES('5fbb305a3',21,'36522eeb8','11990626b',36400,1751,1653932965,1653932965);
INSERT INTO player_score VALUES('4b41fc4d0',21,'36522eeb8','136372179',11680,1383,1653383385,1653383385);
INSERT INTO player_score VALUES('6254d32ed',21,'36522eeb8','161b13288',7920,1721,1654002762,1654002762);
INSERT INTO player_score VALUES('62cf70546',21,'36522eeb8','1f3b3958e',79968,1984,1654015619,1654015619);
INSERT INTO player_score VALUES('5e60c4453',21,'36522eeb8','31f4000b6',346608,1579,1653896640,1653896640);
INSERT INTO player_score VALUES('5e829a5ea',21,'36522eeb8','3f9f8e467',250920,1701,1653900188,1653900188);
INSERT INTO player_score VALUES('549fffe68',21,'36522eeb8','51821ba38',95480,1404,1653634835,1653634835);
INSERT INTO player_score VALUES('61b18486d',21,'36522eeb8','5ba066dff',144088,1817,1653985638,1653985638);
INSERT INTO player_score VALUES('630bd34f5',21,'36522eeb8','5d4dd9d60',86292,1620,1654021951,1654021951);
INSERT INTO player_score VALUES('5c29f5b65',21,'36522eeb8','baadc3db',103870,1868,1653837206,1653837206);
INSERT INTO player_score VALUES('639ab95c0',21,'3716953fc','11990626b',32670,1847,1654036935,1654036935);
INSERT INTO player_score VALUES('5d4ccad93',21,'3716953fc','1f3b3958e',108100,1857,1653867702,1653867702);
INSERT INTO player_score VALUES('5f157a753',21,'3716953fc','31f4000b6',113568,1614,1653915589,1653915589);
INSERT INTO player_score VALUES('63a36228c',21,'3716953fc','3f9f8e467',92820,1962,1654037843,1654037843);
INSERT INTO player_score VALUES('54c252850',21,'3716953fc','51821ba38',79458,1462,1653638434,1653638434);
INSERT INTO player_score VALUES('62d2dccf4',21,'3716953fc','58ffae182',21142,1712,1654015978,1654015978);
INSERT INTO player_score VALUES('62018a5d4',21,'3716953fc','5ba066dff',184730,1903,1653994029,1653994029);
INSERT INTO player_score VALUES('63b13b120',21,'3716953fc','5d4dd9d60',101232,1769,1654039295,1654039295);
INSERT INTO player_score VALUES('5c31994a7',21,'3716953fc','baadc3db',7888,1870,1653838007,1653838007);
INSERT INTO player_score VALUES('62e151fb9',21,'3762ea426','11990626b',60900,1832,1654017494,1654017494);
INSERT INTO player_score VALUES('636e98f63',21,'3762ea426','161b13288',43239,1748,1654032308,1654032308);
INSERT INTO player_score VALUES('6232597f3',21,'3762ea426','1f3b3958e',0,1958,1653999147,1653999147);
INSERT INTO player_score VALUES('5c2ad6538',21,'3762ea426','31f4000b6',741468,1503,1653837298,1653837298);
INSERT INTO player_score VALUES('61aafc2b4',21,'3762ea426','3f9f8e467',225071,1858,1653984953,1653984953);
INSERT INTO player_score VALUES('54c6565ce',21,'3762ea426','51821ba38',52026,1467,1653638855,1653638855);
INSERT INTO player_score VALUES('635f6a3cf',21,'3762ea426','58ffae182',13225,1826,1654030716,1654030716);
INSERT INTO player_score VALUES('6190bfdc1',21,'3762ea426','5ba066dff',35616,1773,1653982202,1653982202);
INSERT INTO player_score VALUES('63515e0b3',21,'3762ea426','5d4dd9d60',17958,1684,1654029243,1654029243);
INSERT INTO player_score VALUES('58e5dfa58',21,'3762ea426','baadc3db',7566,1788,1653749536,1653749536);
INSERT INTO player_score VALUES('4e92e6150',21,'379c31563','11990626b',48555,1393,1653472400,1653472400);
INSERT INTO player_score VALUES('4a5546252',21,'379c31563','136372179',124416,1365,1653358564,1653358564);
INSERT INTO player_score VALUES('63aadea6f',21,'379c31563','161b13288',3900,1756,1654038628,1654038628);
INSERT INTO player_score VALUES('62abe0532',21,'379c31563','1f3b3958e',63700,1975,1654011890,1654011890);
INSERT INTO player_score VALUES('5e4a931ce',21,'379c31563','31f4000b6',96228,1575,1653894313,1653894313);
INSERT INTO player_score VALUES('622fdc475',21,'379c31563','3f9f8e467',175560,1896,1653998886,1653998886);
INSERT INTO player_score VALUES('54a63f084',21,'379c31563','51821ba38',580,1414,1653635490,1653635490);
INSERT INTO player_score VALUES('630d57822',21,'379c31563','58ffae182',26832,1771,1654022110,1654022110);
INSERT INTO player_score VALUES('61ce5678f',21,'379c31563','5ba066dff',175680,1844,1653988660,1653988660);
INSERT INTO player_score VALUES('636f59d3d',21,'379c31563','5d4dd9d60',19215,1705,1654032387,1654032387);
INSERT INTO player_score VALUES('4840a0b83',21,'379c31563','baadc3db',51744,1391,1653302712,1653302712);
INSERT INTO player_score VALUES('588bffd53',21,'37a726858','11990626b',130200,1596,1653740112,1653740112);
INSERT INTO player_score VALUES('4c153e521',21,'37a726858','136372179',23912,1405,1653405537,1653405537);
INSERT INTO player_score VALUES('622e55a72',21,'37a726858','1f3b3958e',42742,1956,1653998726,1653998726);
INSERT INTO player_score VALUES('5f57d0e3c',21,'37a726858','31f4000b6',95676,1626,1653922545,1653922545);
INSERT INTO player_score VALUES('636f1a5aa',21,'37a726858','3f9f8e467',1120,1952,1654032361,1654032361);
INSERT INTO player_score VALUES('54e035e48',21,'37a726858','51821ba38',352640,1529,1653641568,1653641568);
INSERT INTO player_score VALUES('63c4e7b43',21,'37a726858','58ffae182',14994,1886,1654041358,1654041358);
INSERT INTO player_score VALUES('61e04e12d',21,'37a726858','5ba066dff',293760,1870,1653990544,1653990544);
INSERT INTO player_score VALUES('63276a521',21,'37a726858','5d4dd9d60',93000,1648,1654024844,1654024844);
INSERT INTO player_score VALUES('5c39469ff',21,'37a726858','baadc3db',81510,1872,1653838812,1653838812);
INSERT INTO player_score VALUES('6070100e1',21,'3823fa148','11990626b',1612,1772,1653951931,1653951931);
INSERT INTO player_score VALUES('5fcbf93af',21,'3823fa148','161b13288',15744,1656,1653934725,1653934725);
INSERT INTO player_score VALUES('58323add7',21,'3823fa148','1f3b3958e',26970,1701,1653730699,1653730699);
INSERT INTO player_score VALUES('5d626bf4e',21,'3823fa148','31f4000b6',3680,1549,1653869970,1653869970);
INSERT INTO player_score VALUES('630102c6b',21,'3823fa148','3f9f8e467',7623,1929,1654020817,1654020817);
INSERT INTO player_score VALUES('54d2ad88b',21,'3823fa148','51821ba38',36750,1498,1653640149,1653640149);
INSERT INTO player_score VALUES('63074453e',21,'3823fa148','58ffae182',11875,1763,1654021473,1654021473);
INSERT INTO player_score VALUES('61e6ccac5',21,'3823fa148','5ba066dff',190530,1875,1653991225,1653991225);
INSERT INTO player_score VALUES('6371692f3',21,'3823fa148','5d4dd9d60',91728,1708,1654032603,1654032603);
INSERT INTO player_score VALUES('5c0f3f5af',21,'3823fa148','baadc3db',35640,1861,1653834405,1653834405);
INSERT INTO player_score VALUES('63031e508',21,'39073f3c8','11990626b',125400,1835,1654021038,1654021038);
INSERT INTO player_score VALUES('492913926',21,'39073f3c8','136372179',30940,1319,1653327086,1653327086);
INSERT INTO player_score VALUES('6267add6a',21,'39073f3c8','161b13288',1920,1723,1654004739,1654004739);
INSERT INTO player_score VALUES('60109e772',21,'39073f3c8','1f3b3958e',1065,1915,1653941923,1653941923);
INSERT INTO player_score VALUES('5ecada759',21,'39073f3c8','31f4000b6',25606,1603,1653907764,1653907764);
INSERT INTO player_score VALUES('62716f67e',21,'39073f3c8','3f9f8e467',8640,1906,1654005762,1654005762);
INSERT INTO player_score VALUES('54cb644e0',21,'39073f3c8','51821ba38',21450,1480,1653639385,1653639385);
INSERT INTO player_score VALUES('63918f276',21,'39073f3c8','58ffae182',194304,1855,1654035974,1654035974);
INSERT INTO player_score VALUES('617bf3274',21,'39073f3c8','5ba066dff',0,1747,1653980021,1653980021);
INSERT INTO player_score VALUES('63bc6d4b3',21,'39073f3c8','5d4dd9d60',290763,1784,1654040469,1654040469);
INSERT INTO player_score VALUES('5c6179256',21,'39073f3c8','baadc3db',542568,1878,1653843027,1653843027);
INSERT INTO player_score VALUES('62f9704d6',21,'393a44c3a','11990626b',226416,1834,1654020023,1654020023);
INSERT INTO player_score VALUES('4dd0e6fe8',21,'393a44c3a','136372179',30375,1448,1653452058,1653452058);
INSERT INTO player_score VALUES('634cc54f0',21,'393a44c3a','161b13288',10350,1746,1654028761,1654028761);
INSERT INTO player_score VALUES('616b9d072',21,'393a44c3a','1f3b3958e',125312,1946,1653978308,1653978308);
INSERT INTO player_score VALUES('54d6e4a18',21,'393a44c3a','51821ba38',85728,1509,1653640591,1653640591);
INSERT INTO player_score VALUES('61ff147f1',21,'393a44c3a','5ba066dff',120000,1902,1653993771,1653993771);
INSERT INTO player_score VALUES('6380f98e8',21,'393a44c3a','5d4dd9d60',19320,1721,1654034235,1654034235);
INSERT INTO player_score VALUES('529879d80',21,'393a44c3a','baadc3db',24900,1631,1653580359,1653580359);
INSERT INTO player_score VALUES('6260f4a48',21,'3cb3092d5','11990626b',16770,1821,1654004034,1654004034);
INSERT INTO player_score VALUES('4a1b6f077',21,'3cb3092d5','136372179',122122,1355,1653352499,1653352499);
INSERT INTO player_score VALUES('60d6708e5',21,'3cb3092d5','1f3b3958e',15120,1932,1653962666,1653962666);
INSERT INTO player_score VALUES('5f158e024',21,'3cb3092d5','31f4000b6',129600,1615,1653915597,1653915597);
INSERT INTO player_score VALUES('61cc498dd',21,'3cb3092d5','3f9f8e467',151200,1872,1653988445,1653988445);
INSERT INTO player_score VALUES('549ffd764',21,'3cb3092d5','51821ba38',10672,1402,1653634834,1653634834);
INSERT INTO player_score VALUES('6360a7a12',21,'3cb3092d5','58ffae182',76704,1827,1654030846,1654030846);
INSERT INTO player_score VALUES('617bebd56',21,'3cb3092d5','5ba066dff',180000,1746,1653980018,1653980018);
INSERT INTO player_score VALUES('63b1ba090',21,'3cb3092d5','5d4dd9d60',166320,1772,1654039347,1654039347);
INSERT INTO player_score VALUES('59e38d09a',21,'3cb3092d5','baadc3db',109968,1818,1653776136,1653776136);
INSERT INTO player_score VALUES('6033fb33a',21,'3da59cc6d','11990626b',396536,1764,1653945631,1653945631);
INSERT INTO player_score VALUES('4dc0eb2f1',21,'3da59cc6d','136372179',59094,1445,1653450382,1653450382);
INSERT INTO player_score VALUES('5e471a713',21,'3da59cc6d','161b13288',64350,1626,1653893949,1653893949);
INSERT INTO player_score VALUES('6277bf9df',21,'3da59cc6d','1f3b3958e',53244,1964,1654006424,1654006424);
INSERT INTO player_score VALUES('595574165',21,'3da59cc6d','31f4000b6',748,1395,1653761236,1653761236);
INSERT INTO player_score VALUES('6372782a5',21,'3da59cc6d','3f9f8e467',95700,1954,1654032714,1654032714);
INSERT INTO player_score VALUES('62e7085fe',21,'3da59cc6d','58ffae182',0,1729,1654018093,1654018093);
INSERT INTO player_score VALUES('61fd9ef4d',21,'3da59cc6d','5ba066dff',65772,1901,1653993618,1653993618);
INSERT INTO player_score VALUES('63b1eadd4',21,'3da59cc6d','5d4dd9d60',41958,1773,1654039367,1654039367);
INSERT INTO player_score VALUES('59e8f550b',21,'3da59cc6d','baadc3db',209034,1820,1653776703,1653776703);
INSERT INTO player_score VALUES('49435c14a',21,'3e1c66f30','136372179',18792,1322,1653329842,1653329842);
INSERT INTO player_score VALUES('6381d7bae',21,'3e1c66f30','161b13288',385968,1750,1654034326,1654034326);
INSERT INTO player_score VALUES('637a03534',21,'3e1c66f30','1f3b3958e',622288,1997,1654033505,1654033505);
INSERT INTO player_score VALUES('5e9552d76',21,'3e1c66f30','31f4000b6',250976,1593,1653902151,1653902151);
INSERT INTO player_score VALUES('636ebd93d',21,'3e1c66f30','3f9f8e467',12324,1951,1654032323,1654032323);
INSERT INTO player_score VALUES('54d3fc033',21,'3e1c66f30','51821ba38',91080,1502,1653640286,1653640286);
INSERT INTO player_score VALUES('63a76d517',21,'3e1c66f30','58ffae182',230040,1873,1654038267,1654038267);
INSERT INTO player_score VALUES('63677e210',21,'3e1c66f30','5d4dd9d60',87210,1702,1654031563,1654031563);
INSERT INTO player_score VALUES('5c2f061bc',21,'3e1c66f30','baadc3db',125130,1869,1653837737,1653837737);
INSERT INTO player_score VALUES('5fbaa7a05',21,'3f33e0598','11990626b',58140,1749,1653932909,1653932909);
INSERT INTO player_score VALUES('4a9df1aaf',21,'3f33e0598','136372179',185566,1372,1653366184,1653366184);
INSERT INTO player_score VALUES('5c44eb917',21,'3f33e0598','161b13288',71148,1576,1653840033,1653840033);
INSERT INTO player_score VALUES('634d94d10',21,'3f33e0598','1f3b3958e',35616,1993,1654028846,1654028846);
INSERT INTO player_score VALUES('62b16fa98',21,'3f33e0598','58ffae182',16302,1681,1654012473,1654012473);
INSERT INTO player_score VALUES('61aa8bdd2',21,'3f33e0598','5ba066dff',29520,1806,1653984907,1653984907);
INSERT INTO player_score VALUES('639bad7f7',21,'3f33e0598','5d4dd9d60',134862,1747,1654037035,1654037035);
INSERT INTO player_score VALUES('5cf75f2d4',21,'3f33e0598','baadc3db',15456,1897,1653858745,1653858745);
INSERT INTO player_score VALUES('61a4c941f',21,'3f6184e9b','11990626b',103356,1803,1653984303,1653984303);
INSERT INTO player_score VALUES('4dd40a386',21,'3f6184e9b','136372179',73255,1449,1653452387,1653452387);
INSERT INTO player_score VALUES('4feb601dc',21,'3f6184e9b','161b13288',191520,1296,1653508521,1653508521);
INSERT INTO player_score VALUES('5fb1c43b5',21,'3f6184e9b','1f3b3958e',309364,1907,1653931977,1653931977);
INSERT INTO player_score VALUES('598076d34',21,'3f6184e9b','31f4000b6',9384,1401,1653765746,1653765746);
INSERT INTO player_score VALUES('61b15b082',21,'3f6184e9b','3f9f8e467',139656,1859,1653985621,1653985621);
INSERT INTO player_score VALUES('544ed9fa9',21,'3f6184e9b','51821ba38',86400,1271,1653626326,1653626326);
INSERT INTO player_score VALUES('632c931be',21,'3f6184e9b','58ffae182',4070,1793,1654025385,1654025385);
INSERT INTO player_score VALUES('63b610dd0',21,'3f6184e9b','5d4dd9d60',462000,1775,1654039802,1654039802);
INSERT INTO player_score VALUES('5d5215d41',21,'3f6184e9b','baadc3db',136320,1905,1653868257,1653868257);
INSERT INTO player_score VALUES('6179b2fd0',21,'40b6fb76f','11990626b',147288,1796,1653979785,1653979785);
INSERT INTO player_score VALUES('62d9715d3',21,'40b6fb76f','161b13288',23040,1741,1654016668,1654016668);
INSERT INTO player_score VALUES('62a43f352',21,'40b6fb76f','1f3b3958e',534660,1971,1654011090,1654011090);
INSERT INTO player_score VALUES('5f9f83612',21,'40b6fb76f','31f4000b6',340704,1633,1653930063,1653930063);
INSERT INTO player_score VALUES('627c25192',21,'40b6fb76f','3f9f8e467',40480,1908,1654006885,1654006885);
INSERT INTO player_score VALUES('54e67ec7f',21,'40b6fb76f','51821ba38',167040,1538,1653642227,1653642227);
INSERT INTO player_score VALUES('63c455375',21,'40b6fb76f','58ffae182',152775,1885,1654041298,1654041298);
INSERT INTO player_score VALUES('61ee2e4ff',21,'40b6fb76f','5ba066dff',0,1884,1653991999,1653991999);
INSERT INTO player_score VALUES('5c9de1030',21,'40b6fb76f','baadc3db',12240,1885,1653849361,1653849361);
INSERT INTO player_score VALUES('634bf5ca8',21,'417217e03','11990626b',85272,1841,1654028676,1654028676);
INSERT INTO player_score VALUES('49f0c42b5',21,'417217e03','136372179',142345,1347,1653348025,1653348025);
INSERT INTO player_score VALUES('63a4a1f8d',21,'417217e03','161b13288',92568,1755,1654037974,1654037974);
INSERT INTO player_score VALUES('5ef66acd6',21,'417217e03','1f3b3958e',0,1892,1653912332,1653912332);
INSERT INTO player_score VALUES('5f289e5f5',21,'417217e03','31f4000b6',58528,1619,1653917596,1653917596);
INSERT INTO player_score VALUES('63b87f6c2',21,'417217e03','3f9f8e467',359128,1969,1654040057,1654040057);
INSERT INTO player_score VALUES('63595bf17',21,'417217e03','58ffae182',6960,1820,1654030081,1654030081);
INSERT INTO player_score VALUES('61eb19bc7',21,'417217e03','5ba066dff',148512,1880,1653991676,1653991676);
INSERT INTO player_score VALUES('634321098',21,'417217e03','5d4dd9d60',95700,1671,1654027750,1654027750);
INSERT INTO player_score VALUES('58cfa2493',21,'417217e03','baadc3db',9120,1783,1653747204,1653747204);
INSERT INTO player_score VALUES('5f8ae50ed',21,'41fbe62dd','11990626b',116160,1741,1653927901,1653927901);
INSERT INTO player_score VALUES('4a396fb17',21,'41fbe62dd','136372179',68640,1360,1653355645,1653355645);
INSERT INTO player_score VALUES('624bf98b9',21,'41fbe62dd','1f3b3958e',301500,1960,1654001834,1654001834);
INSERT INTO player_score VALUES('5eae061b0',21,'41fbe62dd','31f4000b6',99308,1598,1653904741,1653904741);
INSERT INTO player_score VALUES('631e2a22f',21,'41fbe62dd','3f9f8e467',544364,1937,1654023874,1654023874);
INSERT INTO player_score VALUES('54e7cd3fc',21,'41fbe62dd','51821ba38',459228,1542,1653642364,1653642364);
INSERT INTO player_score VALUES('634b10499',21,'41fbe62dd','58ffae182',15840,1804,1654028582,1654028582);
INSERT INTO player_score VALUES('61c350351',21,'41fbe62dd','5ba066dff',161460,1835,1653987504,1653987504);
INSERT INTO player_score VALUES('63a33d888',21,'41fbe62dd','5d4dd9d60',287928,1755,1654037828,1654037828);
INSERT INTO player_score VALUES('5b68117f8',21,'41fbe62dd','baadc3db',41310,1846,1653816875,1653816875);
INSERT INTO player_score VALUES('5f3d41947',21,'43159d505','11990626b',31600,1736,1653919760,1653919760);
INSERT INTO player_score VALUES('4ccab7db8',21,'43159d505','136372179',97152,1425,1653424566,1653424566);
INSERT INTO player_score VALUES('6099f5255',21,'43159d505','161b13288',27972,1674,1653956324,1653956324);
INSERT INTO player_score VALUES('63b9c6906',21,'43159d505','1f3b3958e',105468,2002,1654040191,1654040191);
INSERT INTO player_score VALUES('5cf83ae48',21,'43159d505','31f4000b6',330000,1536,1653858835,1653858835);
INSERT INTO player_score VALUES('6398ebee9',21,'43159d505','3f9f8e467',43365,1958,1654036746,1654036746);
INSERT INTO player_score VALUES('54e01b09e',21,'43159d505','51821ba38',40764,1528,1653641557,1653641557);
INSERT INTO player_score VALUES('638111f9a',21,'43159d505','58ffae182',237600,1848,1654034245,1654034245);
INSERT INTO player_score VALUES('61b7ed272',21,'43159d505','5ba066dff',151700,1822,1653986310,1653986310);
INSERT INTO player_score VALUES('6356bc91c',21,'43159d505','5d4dd9d60',63240,1688,1654029806,1654029806);
INSERT INTO player_score VALUES('59663cf49',21,'43159d505','baadc3db',7680,1807,1653762996,1653762996);
INSERT INTO player_score VALUES('61c49277e',21,'433ded23b','11990626b',61047,1806,1653987636,1653987636);
INSERT INTO player_score VALUES('4c9ba9f4c',21,'433ded23b','136372179',9768,1418,1653419632,1653419632);
INSERT INTO player_score VALUES('62884de32',21,'433ded23b','161b13288',58035,1729,1654008160,1654008160);
INSERT INTO player_score VALUES('5e6441ce9',21,'433ded23b','1f3b3958e',21924,1882,1653897006,1653897006);
INSERT INTO player_score VALUES('5fdbda289',21,'433ded23b','31f4000b6',87750,1637,1653936390,1653936390);
INSERT INTO player_score VALUES('549d803ea',21,'433ded23b','51821ba38',11562,1400,1653634573,1653634573);
INSERT INTO player_score VALUES('63b2a6db1',21,'433ded23b','58ffae182',185744,1880,1654039444,1654039444);
INSERT INTO player_score VALUES('61d952f6d',21,'433ded23b','5ba066dff',4290,1858,1653989812,1653989812);
INSERT INTO player_score VALUES('639720ef1',21,'433ded23b','5d4dd9d60',513,1742,1654036558,1654036558);
INSERT INTO player_score VALUES('55f8afa5c',21,'433ded23b','baadc3db',25056,1711,1653670978,1653670978);
INSERT INTO player_score VALUES('4c61c42ba',21,'45f7dd06f','136372179',21120,1410,1653413561,1653413561);
INSERT INTO player_score VALUES('61436a81a',21,'45f7dd06f','161b13288',75348,1692,1653974093,1653974093);
INSERT INTO player_score VALUES('63bf9a484',21,'45f7dd06f','1f3b3958e',223020,2003,1654040802,1654040802);
INSERT INTO player_score VALUES('5ef850a65',21,'45f7dd06f','31f4000b6',265320,1611,1653912531,1653912531);
INSERT INTO player_score VALUES('6359634a2',21,'45f7dd06f','3f9f8e467',64448,1948,1654030084,1654030084);
INSERT INTO player_score VALUES('54d8db8fc',21,'45f7dd06f','51821ba38',52224,1514,1653640797,1653640797);
INSERT INTO player_score VALUES('62bd05fb0',21,'45f7dd06f','58ffae182',93120,1694,1654013688,1654013688);
INSERT INTO player_score VALUES('61a8445e4',21,'45f7dd06f','5ba066dff',381546,1802,1653984668,1653984668);
INSERT INTO player_score VALUES('61e36789e',21,'45f7dd06f','5d4dd9d60',232232,1262,1653990869,1653990869);
INSERT INTO player_score VALUES('5be19fab5',21,'45f7dd06f','baadc3db',160218,1856,1653829621,1653829621);
INSERT INTO player_score VALUES('631b57806',21,'46aced8e2','11990626b',2352,1837,1654023578,1654023578);
INSERT INTO player_score VALUES('6046ff5e1',21,'46aced8e2','1f3b3958e',218080,1918,1653947625,1653947625);
INSERT INTO player_score VALUES('5fde30515',21,'46aced8e2','31f4000b6',13860,1638,1653936635,1653936635);
INSERT INTO player_score VALUES('63a999f38',21,'46aced8e2','3f9f8e467',330980,1964,1654038495,1654038495);
INSERT INTO player_score VALUES('54e517e13',21,'46aced8e2','51821ba38',241800,1537,1653642080,1653642080);
INSERT INTO player_score VALUES('637dc05f2',21,'46aced8e2','58ffae182',174900,1845,1654033897,1654033897);
INSERT INTO player_score VALUES('61504a66f',21,'46aced8e2','5ba066dff',940000,1699,1653975443,1653975443);
INSERT INTO player_score VALUES('5d79a2584',21,'46aced8e2','baadc3db',45540,1908,1653872404,1653872404);
INSERT INTO player_score VALUES('616539499',21,'46d243ac0','11990626b',221400,1793,1653977638,1653977638);
INSERT INTO player_score VALUES('4951aa2ef',21,'46d243ac0','136372179',136396,1325,1653331342,1653331342);
INSERT INTO player_score VALUES('5e72443c4',21,'46d243ac0','161b13288',646,1628,1653898475,1653898475);
INSERT INTO player_score VALUES('63b39fe01',21,'46d243ac0','1f3b3958e',211945,2001,1654039546,1654039546);
INSERT INTO player_score VALUES('5f7308aac',21,'46d243ac0','31f4000b6',182016,1627,1653925399,1653925399);
INSERT INTO player_score VALUES('5fb387e5f',21,'46d243ac0','3f9f8e467',332150,1760,1653932162,1653932162);
INSERT INTO player_score VALUES('54e1ba10c',21,'46d243ac0','51821ba38',23736,1531,1653641727,1653641727);
INSERT INTO player_score VALUES('625b08878',21,'46d243ac0','58ffae182',208,1627,1654003413,1654003413);
INSERT INTO player_score VALUES('61a1138fa',21,'46d243ac0','5ba066dff',23569,1793,1653983914,1653983914);
INSERT INTO player_score VALUES('63a1b4770',21,'46d243ac0','5d4dd9d60',478661,1754,1654037667,1654037667);
INSERT INTO player_score VALUES('5214ef893',21,'46d243ac0','baadc3db',12000,1617,1653566566,1653566566);
INSERT INTO player_score VALUES('5ba99382e',21,'46f77a097','11990626b',2040,1672,1653823744,1653823744);
INSERT INTO player_score VALUES('4ba534b1e',21,'46f77a097','136372179',0,1395,1653393789,1653393789);
INSERT INTO player_score VALUES('624e85676',21,'46f77a097','161b13288',24960,1719,1654002101,1654002101);
INSERT INTO player_score VALUES('61524b168',21,'46f77a097','1f3b3958e',65472,1944,1653975653,1653975653);
INSERT INTO player_score VALUES('5c1009f8e',21,'46f77a097','31f4000b6',102858,1498,1653834488,1653834488);
INSERT INTO player_score VALUES('63237a040',21,'46f77a097','3f9f8e467',196144,1939,1654024431,1654024431);
INSERT INTO player_score VALUES('54dfaf9ae',21,'46f77a097','51821ba38',0,1526,1653641513,1653641513);
INSERT INTO player_score VALUES('639854909',21,'46f77a097','58ffae182',26550,1862,1654036684,1654036684);
INSERT INTO player_score VALUES('61ce6ee17',21,'46f77a097','5ba066dff',32256,1845,1653988670,1653988670);
INSERT INTO player_score VALUES('63af4b767',21,'46f77a097','5d4dd9d60',366080,1765,1654039092,1654039092);
INSERT INTO player_score VALUES('5a6b5837d',21,'46f77a097','baadc3db',0,1828,1653790375,1653790375);
INSERT INTO player_score VALUES('60ac44a6d',21,'4949323a6','11990626b',2820,1777,1653958244,1653958244);
INSERT INTO player_score VALUES('3e390809a',21,'4949323a6','136372179',18240,1047,1653033480,1653033480);
INSERT INTO player_score VALUES('6121aa5d5',21,'4949323a6','161b13288',89930,1688,1653970554,1653970554);
INSERT INTO player_score VALUES('54f6781f0',21,'4949323a6','1f3b3958e',378000,1611,1653643902,1653643902);
INSERT INTO player_score VALUES('5f81397a0',21,'4949323a6','31f4000b6',4392,1628,1653926887,1653926887);
INSERT INTO player_score VALUES('614119404',21,'4949323a6','3f9f8e467',133308,1839,1653973850,1653973850);
INSERT INTO player_score VALUES('54e9cdf15',21,'4949323a6','51821ba38',0,1543,1653642574,1653642574);
INSERT INTO player_score VALUES('635b04c0a',21,'4949323a6','58ffae182',226560,1822,1654030255,1654030255);
INSERT INTO player_score VALUES('61c4ad545',21,'4949323a6','5ba066dff',1743,1836,1653987647,1653987647);
INSERT INTO player_score VALUES('63a9ecf6e',21,'4949323a6','5d4dd9d60',1694,1759,1654038529,1654038529);
INSERT INTO player_score VALUES('5ba6297e9',21,'4949323a6','baadc3db',9135,1851,1653823386,1653823386);
INSERT INTO player_score VALUES('612a188ee',21,'4b50ff141','11990626b',90480,1790,1653971438,1653971438);
INSERT INTO player_score VALUES('4b22924b8',21,'4b50ff141','136372179',17424,1379,1653380091,1653380091);
INSERT INTO player_score VALUES('6329ddc17',21,'4b50ff141','161b13288',9180,1743,1654025101,1654025101);
INSERT INTO player_score VALUES('615e28338',21,'4b50ff141','1f3b3958e',342504,1945,1653976897,1653976897);
INSERT INTO player_score VALUES('5eb8b95b2',21,'4b50ff141','31f4000b6',472857,1601,1653905863,1653905863);
INSERT INTO player_score VALUES('63bab8470',21,'4b50ff141','3f9f8e467',11328,1970,1654040290,1654040290);
INSERT INTO player_score VALUES('54ce6f1a8',21,'4b50ff141','51821ba38',10864,1486,1653639704,1653639704);
INSERT INTO player_score VALUES('61e77c724',21,'4b50ff141','5ba066dff',21120,1877,1653991297,1653991297);
INSERT INTO player_score VALUES('638a80884',21,'4b50ff141','5d4dd9d60',197200,1729,1654035234,1654035234);
INSERT INTO player_score VALUES('58f363193',21,'4b50ff141','baadc3db',35420,1790,1653750953,1653750953);
INSERT INTO player_score VALUES('4dc8bd26e',21,'4b9074310','136372179',4092,1446,1653451202,1653451202);
INSERT INTO player_score VALUES('601f24b63',21,'4b9074310','161b13288',198462,1662,1653943446,1653943446);
INSERT INTO player_score VALUES('62ccebcb6',21,'4b9074310','1f3b3958e',47232,1983,1654015355,1654015355);
INSERT INTO player_score VALUES('5d86e1726',21,'4b9074310','31f4000b6',66640,1553,1653873793,1653873793);
INSERT INTO player_score VALUES('63271c2fd',21,'4b9074310','3f9f8e467',132273,1940,1654024812,1654024812);
INSERT INTO player_score VALUES('639ac800b',21,'4b9074310','58ffae182',407340,1865,1654036941,1654036941);
INSERT INTO player_score VALUES('61642cbdd',21,'4b9074310','5ba066dff',367575,1724,1653977528,1653977528);
INSERT INTO player_score VALUES('6375e986e',21,'4b9074310','5d4dd9d60',71280,1712,1654033075,1654033075);
INSERT INTO player_score VALUES('5ce517022',21,'4b9074310','baadc3db',96432,1895,1653856828,1653856828);
INSERT INTO player_score VALUES('62a64737e',21,'4b95e3cc5','11990626b',165600,1828,1654011303,1654011303);
INSERT INTO player_score VALUES('4d776db51',21,'4b95e3cc5','136372179',143451,1433,1653442676,1653442676);
INSERT INTO player_score VALUES('62a3351ae',21,'4b95e3cc5','161b13288',11025,1731,1654010981,1654010981);
INSERT INTO player_score VALUES('5f2b64d37',21,'4b95e3cc5','1f3b3958e',61617,1898,1653917887,1653917887);
INSERT INTO player_score VALUES('5da517d6d',21,'4b95e3cc5','31f4000b6',426300,1559,1653876961,1653876961);
INSERT INTO player_score VALUES('62bce8ac3',21,'4b95e3cc5','3f9f8e467',565440,1917,1654013676,1654013676);
INSERT INTO player_score VALUES('54e2abc4e',21,'4b95e3cc5','51821ba38',390390,1532,1653641826,1653641826);
INSERT INTO player_score VALUES('63334c4f6',21,'4b95e3cc5','58ffae182',289800,1800,1654026090,1654026090);
INSERT INTO player_score VALUES('6202e50b6',21,'4b95e3cc5','5ba066dff',215622,1907,1653994171,1653994171);
INSERT INTO player_score VALUES('6321c28cf',21,'4b95e3cc5','5d4dd9d60',25092,1643,1654024251,1654024251);
INSERT INTO player_score VALUES('5858607d4',21,'4b95e3cc5','baadc3db',108100,1768,1653734699,1653734699);
INSERT INTO player_score VALUES('5ea110393',21,'4b9e917a8','11990626b',163371,1724,1653903382,1653903382);
INSERT INTO player_score VALUES('4d087581f',21,'4b9e917a8','136372179',124950,1430,1653431040,1653431040);
INSERT INTO player_score VALUES('60915fe06',21,'4b9e917a8','161b13288',35298,1673,1653955424,1653955424);
INSERT INTO player_score VALUES('6287acc37',21,'4b9e917a8','3f9f8e467',25984,1910,1654008094,1654008094);
INSERT INTO player_score VALUES('54eaa9ad0',21,'4b9e917a8','51821ba38',141636,1545,1653642664,1653642664);
INSERT INTO player_score VALUES('6302f25da',21,'4b9e917a8','58ffae182',2508,1758,1654021020,1654021020);
INSERT INTO player_score VALUES('61cac560c',21,'4b9e917a8','5ba066dff',200640,1841,1653988286,1653988286);
INSERT INTO player_score VALUES('63afd42e4',21,'4b9e917a8','5d4dd9d60',230300,1767,1654039148,1654039148);
INSERT INTO player_score VALUES('5954f520d',21,'4b9e917a8','baadc3db',111375,1803,1653761184,1653761184);
INSERT INTO player_score VALUES('60a739271',21,'4d5d9311c','11990626b',18480,1775,1653957715,1653957715);
INSERT INTO player_score VALUES('4c6398eb6',21,'4d5d9311c','136372179',9000,1411,1653413753,1653413753);
INSERT INTO player_score VALUES('62687ae89',21,'4d5d9311c','1f3b3958e',785312,1962,1654004823,1654004823);
INSERT INTO player_score VALUES('5f0936d4c',21,'4d5d9311c','31f4000b6',0,1613,1653914303,1653914303);
INSERT INTO player_score VALUES('632f0de2b',21,'4d5d9311c','3f9f8e467',32560,1942,1654025645,1654025645);
INSERT INTO player_score VALUES('54cca8feb',21,'4d5d9311c','51821ba38',105840,1481,1653639518,1653639518);
INSERT INTO player_score VALUES('6310f73a4',21,'4d5d9311c','58ffae182',145530,1774,1654022490,1654022490);
INSERT INTO player_score VALUES('6181b5c2e',21,'4d5d9311c','5ba066dff',11160,1754,1653980625,1653980625);
INSERT INTO player_score VALUES('6393490f1',21,'4d5d9311c','5d4dd9d60',184032,1739,1654036155,1654036155);
INSERT INTO player_score VALUES('588f7fd0e',21,'4d5d9311c','baadc3db',224640,1778,1653740479,1653740479);
INSERT INTO player_score VALUES('638e00848',21,'4fb7d6bd1','11990626b',107835,1846,1654035601,1654035601);
INSERT INTO player_score VALUES('639cd2793',21,'4fb7d6bd1','161b13288',185136,1753,1654037155,1654037155);
INSERT INTO player_score VALUES('4c5b78db1',21,'4fb7d6bd1','1f3b3958e',331452,1349,1653412901,1653412901);
INSERT INTO player_score VALUES('5cf7be64f',21,'4fb7d6bd1','31f4000b6',29680,1535,1653858784,1653858784);
INSERT INTO player_score VALUES('6206f0372',21,'4fb7d6bd1','3f9f8e467',74880,1880,1653994595,1653994595);
INSERT INTO player_score VALUES('549bc65db',21,'4fb7d6bd1','51821ba38',50184,1397,1653634392,1653634392);
INSERT INTO player_score VALUES('637a5656f',21,'4fb7d6bd1','58ffae182',477404,1842,1654033539,1654033539);
INSERT INTO player_score VALUES('61fb3c98e',21,'4fb7d6bd1','5ba066dff',39600,1897,1653993368,1653993368);
INSERT INTO player_score VALUES('638d13b22',21,'4fb7d6bd1','5d4dd9d60',5780,1731,1654035504,1654035504);
INSERT INTO player_score VALUES('563650019',21,'4fb7d6bd1','baadc3db',3115,1716,1653677440,1653677440);
INSERT INTO player_score VALUES('63161b2a6',21,'5285dc394','11990626b',3843,1836,1654023029,1654023029);
INSERT INTO player_score VALUES('5c857e55e',21,'5285dc394','161b13288',137904,1580,1653846804,1653846804);
INSERT INTO player_score VALUES('63bc83405',21,'5285dc394','3f9f8e467',18676,1972,1654040478,1654040478);
INSERT INTO player_score VALUES('54d27cb2b',21,'5285dc394','51821ba38',80142,1497,1653640129,1653640129);
INSERT INTO player_score VALUES('63872ee83',21,'5285dc394','58ffae182',38016,1850,1654034886,1654034886);
INSERT INTO player_score VALUES('61093b7cc',21,'5285dc394','5ba066dff',120516,1610,1653967992,1653967992);
INSERT INTO player_score VALUES('5d3f14188',21,'5285dc394','baadc3db',114873,1903,1653866264,1653866264);
INSERT INTO player_score VALUES('5fcb33780',21,'5349a8ba6','11990626b',2880,1752,1653934644,1653934644);
INSERT INTO player_score VALUES('56d82b911',21,'5349a8ba6','161b13288',164934,1437,1653694412,1653694412);
INSERT INTO player_score VALUES('5db0d7a2f',21,'5349a8ba6','1f3b3958e',0,1871,1653878193,1653878193);
INSERT INTO player_score VALUES('621a7aaa5',21,'5349a8ba6','3f9f8e467',0,1886,1653996644,1653996644);
INSERT INTO player_score VALUES('54e7580da',21,'5349a8ba6','51821ba38',100440,1540,1653642316,1653642316);
INSERT INTO player_score VALUES('61e6306e4',21,'5349a8ba6','5ba066dff',46980,1874,1653991161,1653991161);
INSERT INTO player_score VALUES('62b0854a1',21,'5349a8ba6','5d4dd9d60',485792,1517,1654012377,1654012377);
INSERT INTO player_score VALUES('585b46abb',21,'5349a8ba6','baadc3db',35700,1769,1653735003,1653735003);
INSERT INTO player_score VALUES('6206d0769',21,'57266667b','11990626b',400000,1812,1653994582,1653994582);
INSERT INTO player_score VALUES('63873d924',21,'57266667b','161b13288',86632,1751,1654034892,1654034892);
INSERT INTO player_score VALUES('6175e9c0b',21,'57266667b','1f3b3958e',4352,1947,1653979388,1653979388);
INSERT INTO player_score VALUES('5e48f680d',21,'57266667b','31f4000b6',95760,1574,1653894144,1653894144);
INSERT INTO player_score VALUES('62ee89c35',21,'57266667b','3f9f8e467',203775,1924,1654018880,1654018880);
INSERT INTO player_score VALUES('6391aa049',21,'57266667b','58ffae182',498180,1856,1654035985,1654035985);
INSERT INTO player_score VALUES('60e5dc512',21,'57266667b','5ba066dff',87400,1570,1653964283,1653964283);
INSERT INTO player_score VALUES('63a4abbfd',21,'57266667b','5d4dd9d60',72540,1757,1654037978,1654037978);
INSERT INTO player_score VALUES('583b05db3',21,'57266667b','baadc3db',170200,1761,1653731621,1653731621);
INSERT INTO player_score VALUES('622325e73',21,'57930396c','11990626b',0,1813,1653997553,1653997553);
INSERT INTO player_score VALUES('57e174287',21,'57930396c','161b13288',57024,1465,1653722229,1653722229);
INSERT INTO player_score VALUES('63322271d',21,'57930396c','1f3b3958e',489762,1991,1654025968,1654025968);
INSERT INTO player_score VALUES('5f85a8bdd',21,'57930396c','31f4000b6',356065,1630,1653927352,1653927352);
INSERT INTO player_score VALUES('620b18a7b',21,'57930396c','3f9f8e467',9256,1882,1653995031,1653995031);
INSERT INTO player_score VALUES('630155c42',21,'57930396c','58ffae182',113760,1756,1654020851,1654020851);
INSERT INTO player_score VALUES('61fa5e705',21,'57930396c','5ba066dff',9996,1896,1653993277,1653993277);
INSERT INTO player_score VALUES('6236cb2d7',21,'57930396c','5d4dd9d60',122472,1369,1653999613,1653999613);
INSERT INTO player_score VALUES('580b5bb1c',21,'57930396c','baadc3db',92750,1755,1653726623,1653726623);
INSERT INTO player_score VALUES('5756d64ed',21,'58f25ddfc','11990626b',117150,1569,1653707694,1653707694);
INSERT INTO player_score VALUES('5a1116c0b',21,'58f25ddfc','1f3b3958e',15480,1756,1653780911,1653780911);
INSERT INTO player_score VALUES('5353ebb3a',21,'58f25ddfc','31f4000b6',22080,1188,1653600014,1653600014);
INSERT INTO player_score VALUES('62a55a6a6',21,'58f25ddfc','3f9f8e467',363630,1913,1654011206,1654011206);
INSERT INTO player_score VALUES('61c7121bc',21,'58f25ddfc','5ba066dff',49358,1839,1653987898,1653987898);
INSERT INTO player_score VALUES('63abfc4c9',21,'58f25ddfc','5d4dd9d60',386100,1762,1654038745,1654038745);
INSERT INTO player_score VALUES('5ca538e72',21,'58f25ddfc','baadc3db',64152,1887,1653850131,1653850131);
INSERT INTO player_score VALUES('635731c23',21,'5915c6d0d','11990626b',397620,1842,1654029854,1654029854);
INSERT INTO player_score VALUES('5ff681e6b',21,'5915c6d0d','161b13288',84630,1657,1653939185,1653939185);
INSERT INTO player_score VALUES('60d49bceb',21,'5915c6d0d','1f3b3958e',58930,1931,1653962474,1653962474);
INSERT INTO player_score VALUES('61ccd4b80',21,'5915c6d0d','3f9f8e467',1920,1873,1653988502,1653988502);
INSERT INTO player_score VALUES('62f1f3cbc',21,'5915c6d0d','58ffae182',271440,1743,1654019238,1654019238);
INSERT INTO player_score VALUES('61c309649',21,'5915c6d0d','5ba066dff',123318,1833,1653987475,1653987475);
INSERT INTO player_score VALUES('633735468',21,'5915c6d0d','5d4dd9d60',55385,1662,1654026500,1654026500);
INSERT INTO player_score VALUES('5c814c1c5',21,'5915c6d0d','baadc3db',2205,1880,1653846364,1653846364);
INSERT INTO player_score VALUES('553fe481f',21,'59a4e2909','11990626b',109809,1528,1653651601,1653651601);
INSERT INTO player_score VALUES('60fd3ea3e',21,'59a4e2909','1f3b3958e',166050,1936,1653966735,1653966735);
INSERT INTO player_score VALUES('5cc4e73f4',21,'59a4e2909','31f4000b6',277248,1523,1653853453,1653853453);
INSERT INTO player_score VALUES('613d463a8',21,'59a4e2909','3f9f8e467',2000,1838,1653973449,1653973449);
INSERT INTO player_score VALUES('61e7bbed9',21,'59a4e2909','5ba066dff',5934,1878,1653991323,1653991323);
INSERT INTO player_score VALUES('62a3ca078',21,'59a4e2909','5d4dd9d60',1320,1505,1654011042,1654011042);
INSERT INTO player_score VALUES('54fa0ba6d',21,'59a4e2909','baadc3db',114608,1690,1653644277,1653644277);
INSERT INTO player_score VALUES('5c951aea5',21,'59dd30a2a','11990626b',514080,1690,1653848441,1653848441);
INSERT INTO player_score VALUES('5d6b96260',21,'59dd30a2a','161b13288',233576,1612,1653870931,1653870931);
INSERT INTO player_score VALUES('60fec540b',21,'59dd30a2a','1f3b3958e',357864,1937,1653966895,1653966895);
INSERT INTO player_score VALUES('5dd950f68',21,'59dd30a2a','31f4000b6',58590,1563,1653882437,1653882437);
INSERT INTO player_score VALUES('611eeb3e6',21,'59dd30a2a','3f9f8e467',0,1830,1653970266,1653970266);
INSERT INTO player_score VALUES('631a942b7',21,'59dd30a2a','58ffae182',160632,1783,1654023498,1654023498);
INSERT INTO player_score VALUES('61cf2fc1c',21,'59dd30a2a','5ba066dff',27984,1846,1653988749,1653988749);
INSERT INTO player_score VALUES('62cadee4a',21,'59dd30a2a','5d4dd9d60',9568,1545,1654015140,1654015140);
INSERT INTO player_score VALUES('596178451',21,'59dd30a2a','baadc3db',7626,1805,1653762496,1653762496);
INSERT INTO player_score VALUES('563d8343b',21,'5a1075a08','11990626b',292410,1547,1653678195,1653678195);
INSERT INTO player_score VALUES('62cae3c7f',21,'5a1075a08','161b13288',6174,1738,1654015142,1654015142);
INSERT INTO player_score VALUES('612390339',21,'5a1075a08','1f3b3958e',256074,1940,1653970753,1653970753);
INSERT INTO player_score VALUES('5f56bd03c',21,'5a1075a08','31f4000b6',9504,1624,1653922432,1653922432);
INSERT INTO player_score VALUES('61c5ef97c',21,'5a1075a08','3f9f8e467',16116,1868,1653987779,1653987779);
INSERT INTO player_score VALUES('639071873',21,'5a1075a08','58ffae182',176300,1854,1654035857,1654035857);
INSERT INTO player_score VALUES('633f3cf21',21,'5a1075a08','5d4dd9d60',0,1668,1654027342,1654027342);
INSERT INTO player_score VALUES('5d49b8b7f',21,'5a1075a08','baadc3db',54,1904,1653867380,1653867380);
INSERT INTO player_score VALUES('620263abd',21,'5a6eebc14','11990626b',41400,1811,1653994118,1653994118);
INSERT INTO player_score VALUES('6288357a9',21,'5a6eebc14','161b13288',5700,1728,1654008150,1654008150);
INSERT INTO player_score VALUES('5c7dbfec7',21,'5a6eebc14','31f4000b6',220480,1512,1653845992,1653845992);
INSERT INTO player_score VALUES('62287f87a',21,'5a6eebc14','3f9f8e467',73800,1891,1653998114,1653998114);
INSERT INTO player_score VALUES('6396b0a40',21,'5a6eebc14','58ffae182',7040,1859,1654036512,1654036512);
INSERT INTO player_score VALUES('61c8d3533',21,'5a6eebc14','5ba066dff',64260,1840,1653988082,1653988082);
INSERT INTO player_score VALUES('63c34b173',21,'5a6eebc14','5d4dd9d60',162750,1787,1654041189,1654041189);
INSERT INTO player_score VALUES('5c9cdbc71',21,'5a6eebc14','baadc3db',282240,1884,1653849254,1653849254);
INSERT INTO player_score VALUES('619f636e0',21,'5a83bd569','11990626b',214650,1801,1653983737,1653983737);
INSERT INTO player_score VALUES('5f8da1bfe',21,'5a83bd569','161b13288',14874,1651,1653928188,1653928188);
INSERT INTO player_score VALUES('62983d7ac',21,'5a83bd569','1f3b3958e',29799,1969,1654009831,1654009831);
INSERT INTO player_score VALUES('5e93374c8',21,'5a83bd569','31f4000b6',67620,1592,1653901930,1653901930);
INSERT INTO player_score VALUES('636a69309',21,'5a83bd569','3f9f8e467',10656,1950,1654031869,1654031869);
INSERT INTO player_score VALUES('6361aa683',21,'5a83bd569','58ffae182',4653,1828,1654030952,1654030952);
INSERT INTO player_score VALUES('611ea4722',21,'5a83bd569','5ba066dff',73500,1631,1653970237,1653970237);
INSERT INTO player_score VALUES('637940072',21,'5a83bd569','5d4dd9d60',33915,1714,1654033425,1654033425);
INSERT INTO player_score VALUES('5c567a37b',21,'5a83bd569','baadc3db',160992,1875,1653841874,1653841874);
INSERT INTO player_score VALUES('5c692dcca',21,'5acfe3fa2','11990626b',155925,1687,1653843835,1653843835);
INSERT INTO player_score VALUES('62a689254',21,'5acfe3fa2','161b13288',93717,1733,1654011330,1654011330);
INSERT INTO player_score VALUES('5fe8deaf1',21,'5acfe3fa2','1f3b3958e',56916,1913,1653937755,1653937755);
INSERT INTO player_score VALUES('5ea3eca6f',21,'5acfe3fa2','31f4000b6',364900,1594,1653903682,1653903682);
INSERT INTO player_score VALUES('63790f324',21,'5acfe3fa2','58ffae182',0,1841,1654033405,1654033405);
INSERT INTO player_score VALUES('61cca6586',21,'5acfe3fa2','5ba066dff',7182,1843,1653988483,1653988483);
INSERT INTO player_score VALUES('6398bffa4',21,'5acfe3fa2','5d4dd9d60',17940,1744,1654036728,1654036728);
INSERT INTO player_score VALUES('563c8a3e7',21,'5acfe3fa2','baadc3db',152880,1718,1653678093,1653678093);
INSERT INTO player_score VALUES('5c3121a8b',21,'5b16e921a','11990626b',17760,1683,1653837958,1653837958);
INSERT INTO player_score VALUES('5d4237551',21,'5b16e921a','161b13288',40850,1608,1653866593,1653866593);
INSERT INTO player_score VALUES('6129ca72a',21,'5b16e921a','1f3b3958e',204972,1941,1653971406,1653971406);
INSERT INTO player_score VALUES('5e07bdbb1',21,'5b16e921a','31f4000b6',4400,1567,1653887305,1653887305);
INSERT INTO player_score VALUES('61c9ac9ef',21,'5b16e921a','3f9f8e467',70784,1869,1653988171,1653988171);
INSERT INTO player_score VALUES('6385ea358',21,'5b16e921a','58ffae182',19096,1849,1654034753,1654034753);
INSERT INTO player_score VALUES('60e708965',21,'5b16e921a','5ba066dff',85470,1573,1653964406,1653964406);
INSERT INTO player_score VALUES('6383cc34f',21,'5b16e921a','5d4dd9d60',41540,1725,1654034531,1654034531);
INSERT INTO player_score VALUES('59cb2f3f0',21,'5b16e921a','baadc3db',83475,1815,1653773581,1653773581);
INSERT INTO player_score VALUES('5e6acca02',21,'5b18b4196','11990626b',144050,1721,1653897692,1653897692);
INSERT INTO player_score VALUES('6272f878a',21,'5b18b4196','161b13288',320705,1726,1654005923,1654005923);
INSERT INTO player_score VALUES('60dfabd56',21,'5b18b4196','1f3b3958e',194040,1934,1653963634,1653963634);
INSERT INTO player_score VALUES('5fa2d4ff7',21,'5b18b4196','31f4000b6',211500,1634,1653930411,1653930411);
INSERT INTO player_score VALUES('602eb5176',21,'5b18b4196','3f9f8e467',241605,1780,1653945078,1653945078);
INSERT INTO player_score VALUES('63a05eac7',21,'5b18b4196','58ffae182',43520,1868,1654037527,1654037527);
INSERT INTO player_score VALUES('620d9fa17',21,'5b18b4196','5d4dd9d60',137088,1325,1653995296,1653995296);
INSERT INTO player_score VALUES('59915cfec',21,'5b18b4196','baadc3db',309400,1810,1653767518,1653767518);
INSERT INTO player_score VALUES('62b0101bc',21,'5baba7ba2','1f3b3958e',112050,1977,1654012329,1654012329);
INSERT INTO player_score VALUES('60231c59a',21,'5baba7ba2','3f9f8e467',98496,1776,1653943862,1653943862);
INSERT INTO player_score VALUES('639928f63',21,'5baba7ba2','58ffae182',223184,1863,1654036771,1654036771);
INSERT INTO player_score VALUES('6367a04ce',21,'5baba7ba2','5d4dd9d60',71760,1703,1654031577,1654031577);
INSERT INTO player_score VALUES('57a5e595e',21,'5baba7ba2','baadc3db',13500,1744,1653715984,1653715984);
INSERT INTO player_score VALUES('5d6a4c8f5',21,'5bef9ac1c','11990626b',171304,1704,1653870796,1653870796);
INSERT INTO player_score VALUES('5f42fcdbc',21,'5bef9ac1c','161b13288',65520,1643,1653920361,1653920361);
INSERT INTO player_score VALUES('5b2a1bada',21,'5bef9ac1c','1f3b3958e',105327,1786,1653810378,1653810378);
INSERT INTO player_score VALUES('5f221d527',21,'5bef9ac1c','31f4000b6',485940,1617,1653916914,1653916914);
INSERT INTO player_score VALUES('639df7704',21,'5bef9ac1c','3f9f8e467',108758,1961,1654037275,1654037275);
INSERT INTO player_score VALUES('6396cdee1',21,'5bef9ac1c','58ffae182',3441,1860,1654036524,1654036524);
INSERT INTO player_score VALUES('619a6b753',21,'5bef9ac1c','5ba066dff',202960,1787,1653983216,1653983216);
INSERT INTO player_score VALUES('636520a68',21,'5bef9ac1c','5d4dd9d60',34224,1698,1654031315,1654031315);
INSERT INTO player_score VALUES('5b587c3bf',21,'5bef9ac1c','baadc3db',462144,1843,1653815241,1653815241);
INSERT INTO player_score VALUES('5ff2919a8',21,'5c7aead32','11990626b',233142,1756,1653938772,1653938772);
INSERT INTO player_score VALUES('5f27ee981',21,'5c7aead32','161b13288',2688,1641,1653917524,1653917524);
INSERT INTO player_score VALUES('5e5269f4d',21,'5c7aead32','1f3b3958e',134758,1879,1653895135,1653895135);
INSERT INTO player_score VALUES('5f277211f',21,'5c7aead32','31f4000b6',2175,1618,1653917473,1653917473);
INSERT INTO player_score VALUES('61ed3a2e4',21,'5c7aead32','3f9f8e467',102564,1878,1653991899,1653991899);
INSERT INTO player_score VALUES('639a0721b',21,'5c7aead32','58ffae182',62370,1864,1654036862,1654036862);
INSERT INTO player_score VALUES('61d2333a3',21,'5c7aead32','5ba066dff',72352,1848,1653989065,1653989065);
INSERT INTO player_score VALUES('63b71d6a1',21,'5c7aead32','5d4dd9d60',312170,1778,1654039912,1654039912);
INSERT INTO player_score VALUES('51aa77b03',21,'5c7aead32','baadc3db',99400,1608,1653555402,1653555402);
INSERT INTO player_score VALUES('569d54176',21,'5d28e0856','11990626b',366600,1558,1653688242,1653688242);
INSERT INTO player_score VALUES('633f07388',21,'5d28e0856','161b13288',208656,1745,1654027320,1654027320);
INSERT INTO player_score VALUES('5d53a8a72',21,'5d28e0856','1f3b3958e',17400,1859,1653868422,1653868422);
INSERT INTO player_score VALUES('5ef3bf382',21,'5d28e0856','31f4000b6',244530,1610,1653912052,1653912052);
INSERT INTO player_score VALUES('633ebb8d1',21,'5d28e0856','3f9f8e467',5412,1943,1654027289,1654027289);
INSERT INTO player_score VALUES('6335ce62f',21,'5d28e0856','58ffae182',33264,1802,1654026353,1654026353);
INSERT INTO player_score VALUES('616d71c67',21,'5d28e0856','5ba066dff',156408,1734,1653978500,1653978500);
INSERT INTO player_score VALUES('6292f00c4',21,'5d28e0856','5d4dd9d60',34749,1485,1654009275,1654009275);
INSERT INTO player_score VALUES('5c236aecd',21,'5d28e0856','baadc3db',21170,1866,1653836520,1653836520);
INSERT INTO player_score VALUES('5cc5eee99',21,'5d57856fa','161b13288',25564,1591,1653853561,1653853561);
INSERT INTO player_score VALUES('5bba8fa80',21,'5d57856fa','1f3b3958e',125460,1805,1653825525,1653825525);
INSERT INTO player_score VALUES('5ec56118e',21,'5d57856fa','31f4000b6',117810,1602,1653907190,1653907190);
INSERT INTO player_score VALUES('638ebef16',21,'5d57856fa','3f9f8e467',39000,1957,1654035679,1654035679);
INSERT INTO player_score VALUES('60fe9bbfd',21,'5d57856fa','58ffae182',169248,1407,1653966878,1653966878);
INSERT INTO player_score VALUES('61f48abf5',21,'5d57856fa','5ba066dff',11286,1892,1653992666,1653992666);
INSERT INTO player_score VALUES('63b1fe619',21,'5d57856fa','5d4dd9d60',43848,1774,1654039375,1654039375);
INSERT INTO player_score VALUES('5b72631aa',21,'5d57856fa','baadc3db',8645,1848,1653817957,1653817957);
INSERT INTO player_score VALUES('5f8ecb968',21,'5e744c43d','11990626b',179360,1743,1653928310,1653928310);
INSERT INTO player_score VALUES('61da97ab8',21,'5e744c43d','161b13288',8400,1706,1653989945,1653989945);
INSERT INTO player_score VALUES('6120b638a',21,'5e744c43d','1f3b3958e',452408,1939,1653970454,1653970454);
INSERT INTO player_score VALUES('5c766324c',21,'5e744c43d','31f4000b6',74100,1510,1653845220,1653845220);
INSERT INTO player_score VALUES('63799cc82',21,'5e744c43d','3f9f8e467',214245,1955,1654033463,1654033463);
INSERT INTO player_score VALUES('63752633c',21,'5e744c43d','58ffae182',82026,1837,1654032995,1654032995);
INSERT INTO player_score VALUES('6158d3782',21,'5e744c43d','5ba066dff',2688,1713,1653976338,1653976338);
INSERT INTO player_score VALUES('63c620352',21,'5e744c43d','5d4dd9d60',69160,1791,1654041486,1654041486);
INSERT INTO player_score VALUES('6189658bf',21,'90498fe8','11990626b',86400,1797,1653981431,1653981431);
INSERT INTO player_score VALUES('4d94fe155',21,'90498fe8','136372179',144256,1436,1653445776,1653445776);
INSERT INTO player_score VALUES('5f0869c14',21,'90498fe8','161b13288',17640,1639,1653914219,1653914219);
INSERT INTO player_score VALUES('6219a8b2c',21,'90498fe8','1f3b3958e',0,1954,1653996558,1653996558);
INSERT INTO player_score VALUES('5e81b9c14',21,'90498fe8','31f4000b6',8300,1590,1653900096,1653900096);
INSERT INTO player_score VALUES('61850eb19',21,'90498fe8','5ba066dff',88440,1761,1653980976,1653980976);
INSERT INTO player_score VALUES('63b1b2b66',21,'90498fe8','5d4dd9d60',117600,1771,1654039344,1654039344);
INSERT INTO player_score VALUES('5c5feb31d',21,'90498fe8','baadc3db',613008,1877,1653842864,1653842864);
INSERT INTO player_score VALUES('1484a82e1',21,'90498fe8','faacab4f',35100,226,1651913981,1651913981);
INSERT INTO player_score VALUES('62a7897da',21,'9416c455','11990626b',87412,1829,1654011435,1654011435);
INSERT INTO player_score VALUES('4b30b9598',21,'9416c455','136372179',1242,1381,1653381575,1653381575);
INSERT INTO player_score VALUES('633b51840',21,'9416c455','161b13288',133672,1744,1654026931,1654026931);
INSERT INTO player_score VALUES('57c9eac2e',21,'9416c455','1f3b3958e',385440,1688,1653719761,1653719761);
INSERT INTO player_score VALUES('5e10445c5',21,'9416c455','31f4000b6',41055,1569,1653888199,1653888199);
INSERT INTO player_score VALUES('54dc25d9d',21,'9416c455','51821ba38',234360,1522,1653641142,1653641142);
INSERT INTO player_score VALUES('62b1e26dc',21,'9416c455','58ffae182',179550,1682,1654012520,1654012520);
INSERT INTO player_score VALUES('61e70c26c',21,'9416c455','5ba066dff',8000,1876,1653991251,1653991251);
INSERT INTO player_score VALUES('63a163e73',21,'9416c455','5d4dd9d60',4830,1752,1654037634,1654037634);
INSERT INTO player_score VALUES('5d76866ec',21,'9416c455','baadc3db',219450,1907,1653872078,1653872078);
INSERT INTO player_score VALUES('14bc8860a',21,'9416c455','faacab4f',250920,231,1651919840,1651919840);
INSERT INTO player_score VALUES('60cbac370',21,'9e9bf1b2','11990626b',204600,1782,1653961537,1653961537);
INSERT INTO player_score VALUES('45025491d',21,'9e9bf1b2','136372179',463600,1227,1653215649,1653215649);
INSERT INTO player_score VALUES('5d3e35ef8',21,'9e9bf1b2','161b13288',29640,1605,1653866173,1653866173);
INSERT INTO player_score VALUES('53b495c80',21,'9e9bf1b2','1f3b3958e',224100,1568,1653610150,1653610150);
INSERT INTO player_score VALUES('5e2ef4cca',21,'9e9bf1b2','31f4000b6',11319,1570,1653891417,1653891417);
INSERT INTO player_score VALUES('63a5b5de4',21,'9e9bf1b2','3f9f8e467',203112,1963,1654038087,1654038087);
INSERT INTO player_score VALUES('54d1c5999',21,'9e9bf1b2','51821ba38',0,1495,1653640054,1653640054);
INSERT INTO player_score VALUES('632d4556b',21,'9e9bf1b2','58ffae182',9280,1794,1654025458,1654025458);
INSERT INTO player_score VALUES('6202ddba5',21,'9e9bf1b2','5ba066dff',226100,1906,1653994168,1653994168);
INSERT INTO player_score VALUES('5789929c1',21,'9e9bf1b2','baadc3db',399168,1740,1653713014,1653713014);
INSERT INTO player_score VALUES('13e871f42',21,'9e9bf1b2','faacab4f',257400,203,1651897601,1651897601);
INSERT INTO player_score VALUES('63335af51',21,'b6c0f951','11990626b',153000,1840,1654026096,1654026096);
INSERT INTO player_score VALUES('4cb841482',21,'b6c0f951','136372179',28080,1423,1653422630,1653422630);
INSERT INTO player_score VALUES('5ce464c48',21,'b6c0f951','161b13288',6048,1596,1653856755,1653856755);
INSERT INTO player_score VALUES('5b55ce326',21,'b6c0f951','1f3b3958e',485940,1793,1653814960,1653814960);
INSERT INTO player_score VALUES('5e65d716b',21,'b6c0f951','31f4000b6',79200,1581,1653897172,1653897172);
INSERT INTO player_score VALUES('61dbab8da',21,'b6c0f951','3f9f8e467',29700,1877,1653990058,1653990058);
INSERT INTO player_score VALUES('54ce39647',21,'b6c0f951','51821ba38',145700,1485,1653639682,1653639682);
INSERT INTO player_score VALUES('635d51243',21,'b6c0f951','58ffae182',583704,1825,1654030496,1654030496);
INSERT INTO player_score VALUES('61f78203e',21,'b6c0f951','5ba066dff',36162,1894,1653992977,1653992977);
INSERT INTO player_score VALUES('6289a13cf',21,'b6c0f951','5d4dd9d60',45360,1471,1654008299,1654008299);
INSERT INTO player_score VALUES('49dc40b68',21,'b6c0f951','baadc3db',5936,1411,1653345874,1653345874);
INSERT INTO player_score VALUES('148112368',21,'b6c0f951','faacab4f',33660,225,1651913605,1651913605);
INSERT INTO player_score VALUES('602bdffe5',21,'d77af703','11990626b',222950,1762,1653944781,1653944781);
INSERT INTO player_score VALUES('4b5b9c581',21,'d77af703','136372179',5808,1387,1653386072,1653386072);
INSERT INTO player_score VALUES('62a7cdd97',21,'d77af703','161b13288',42840,1734,1654011463,1654011463);
INSERT INTO player_score VALUES('610761d9b',21,'d77af703','1f3b3958e',362304,1938,1653967798,1653967798);
INSERT INTO player_score VALUES('5f9968e09',21,'d77af703','31f4000b6',11520,1632,1653929423,1653929423);
INSERT INTO player_score VALUES('5d1f1a0fc',21,'d77af703','3f9f8e467',157950,1616,1653862911,1653862911);
INSERT INTO player_score VALUES('54c056b60',21,'d77af703','51821ba38',52800,1460,1653638226,1653638226);
INSERT INTO player_score VALUES('6356e1331',21,'d77af703','58ffae182',86856,1818,1654029821,1654029821);
INSERT INTO player_score VALUES('619163736',21,'d77af703','5ba066dff',36018,1775,1653982269,1653982269);
INSERT INTO player_score VALUES('637568205',21,'d77af703','5d4dd9d60',33124,1711,1654033022,1654033022);
INSERT INTO player_score VALUES('56f07842a',21,'d77af703','baadc3db',136512,1731,1653696960,1653696960);
INSERT INTO player_score VALUES('14bd68fe7',21,'d77af703','faacab4f',115200,232,1651919932,1651919932);
INSERT INTO player_score VALUES('5c2bdb8e9',21,'f6de172e','11990626b',97776,1682,1653837405,1653837405);
INSERT INTO player_score VALUES('4ddba1912',21,'f6de172e','136372179',195585,1450,1653453183,1653453183);
INSERT INTO player_score VALUES('62d4ced8b',21,'f6de172e','161b13288',53352,1740,1654016182,1654016182);
INSERT INTO player_score VALUES('628be168a',21,'f6de172e','1f3b3958e',378,1967,1654008535,1654008535);
INSERT INTO player_score VALUES('58ca94546',21,'f6de172e','31f4000b6',281736,1381,1653746674,1653746674);
INSERT INTO player_score VALUES('61be66de8',21,'f6de172e','3f9f8e467',9447,1864,1653986989,1653986989);
INSERT INTO player_score VALUES('54cd0835c',21,'f6de172e','51821ba38',85064,1483,1653639557,1653639557);
INSERT INTO player_score VALUES('62d1e157a',21,'f6de172e','58ffae182',95040,1710,1654015875,1654015875);
INSERT INTO player_score VALUES('61a929dc6',21,'f6de172e','5ba066dff',33800,1803,1653984762,1653984762);
INSERT INTO player_score VALUES('63c07602e',21,'f6de172e','5d4dd9d60',0,1785,1654040892,1654040892);
INSERT INTO player_score VALUES('5d06582eb',21,'f6de172e','baadc3db',322091,1900,1653860315,1653860315);
INSERT INTO player_score VALUES('14bdd6db8',21,'f6de172e','faacab4f',191232,233,1651919977,1651919977);
COMMIT;
