
BEGIN;
CREATE TABLE IF NOT EXISTS competition (
  id VARCHAR(255) NOT NULL PRIMARY KEY,
  tenant_id BIGINT NOT NULL,
  title TEXT NOT NULL,
  finished_at BIGINT NULL,
  created_at BIGINT NOT NULL,
  updated_at BIGINT NOT NULL
);
INSERT INTO competition VALUES('25dc1da4b',23,'やわらかラガーシンポジウム vol.2',1653708945,1652379492,1653708945);
INSERT INTO competition VALUES('466a79dac',23,'JSON色付け〜♪ vol.0',NULL,1653253413,1654020822);
INSERT INTO competition VALUES('4ae4e0dac',23,'非同期白菜組',NULL,1653373622,1653598511);
INSERT INTO competition VALUES('4d1b02098',23,'インデックス小屋',NULL,1653432985,1653602863);
INSERT INTO competition VALUES('528c3d86f',23,'第6回 海の魔剤高校',NULL,1653579076,1653935646);
CREATE TABLE IF NOT EXISTS player (
  id VARCHAR(255) NOT NULL PRIMARY KEY,
  tenant_id BIGINT NOT NULL,
  display_name TEXT NOT NULL,
  is_disqualified BOOLEAN NOT NULL,
  created_at BIGINT NOT NULL,
  updated_at BIGINT NOT NULL
);
INSERT INTO player VALUES('beefb383',23,'Monserrate Greenfelder',0,1651683538,1653915264);
INSERT INTO player VALUES('c3d4c0bc',23,'Janiya Keebler',0,1651691750,1652924303);
INSERT INTO player VALUES('c89bbe60',23,'Antonietta Osinski',0,1651699765,1653158517);
INSERT INTO player VALUES('ccebde97',23,'Mr. Colten Lakin DVM',1,1651707001,1653708843);
INSERT INTO player VALUES('ceb92480',23,'Kameron Leuschke',0,1651710024,1652668907);
INSERT INTO player VALUES('cfa0774e',23,'Mr. Larry Jakubowski',0,1651711540,1652011766);
INSERT INTO player VALUES('d4203322',23,'Mr. Junius Altenwerth V',0,1651719088,1652480757);
INSERT INTO player VALUES('d4c6fab1',23,'Reynold Pacocha',1,1651720181,1652975953);
INSERT INTO player VALUES('dcda3d3e',23,'Monica Runolfsdottir PhD',0,1651733729,1653988214);
INSERT INTO player VALUES('fcc244f6',23,'Elvie Konopelski',0,1651787259,1653684041);
INSERT INTO player VALUES('fd3eef08',23,'Desmond Hane',0,1651788076,1653680583);
INSERT INTO player VALUES('111807b13',23,'Ms. Aurelia Schneider',0,1651822060,1654032501);
INSERT INTO player VALUES('113141351',23,'Clemmie Parker',0,1651824705,1653889930);
INSERT INTO player VALUES('1260a8196',23,'Ava Schimmel',0,1651856519,1653779334);
INSERT INTO player VALUES('131f2733b',23,'Mr. Ross Feest DDS',1,1651876494,1653460103);
INSERT INTO player VALUES('1462706c4',23,'Verda Johns',0,1651910393,1652009045);
INSERT INTO player VALUES('14b71174e',23,'Christopher Marvin',0,1651919267,1653750685);
INSERT INTO player VALUES('189031d80',23,'Lavina Kunde',0,1652022565,1653470371);
INSERT INTO player VALUES('1af7c5bdf',23,'Hertha Rodriguez',0,1652087113,1653273850);
INSERT INTO player VALUES('1b40ba7e3',23,'Kaley Aufderhar',0,1652094763,1652975167);
INSERT INTO player VALUES('1b6305cd0',23,'Sidney West',0,1652098359,1653852977);
INSERT INTO player VALUES('1b7858c62',23,'Sharon Morar',0,1652100595,1653088261);
INSERT INTO player VALUES('1b9999f45',23,'Ms. Kelli Bode',0,1652104082,1653621111);
INSERT INTO player VALUES('1ccc17e0c',23,'Al Crooks PhD',0,1652136220,1652653284);
INSERT INTO player VALUES('1d411bef8',23,'Mr. Grayce Heathcote',0,1652148490,1652447178);
INSERT INTO player VALUES('1f1d9096b',23,'Fabiola Brekke',0,1652198450,1652626627);
INSERT INTO player VALUES('20489e355',23,'Nicklaus Heaney',0,1652229808,1652452913);
INSERT INTO player VALUES('21b60e74f',23,'Mr. Marcelo Balistreri',0,1652268127,1653668144);
INSERT INTO player VALUES('22335730a',23,'Rhoda Kuhic Jr.',0,1652281264,1652770851);
INSERT INTO player VALUES('22967c0ea',23,'Rylee Block',0,1652291660,1652954120);
INSERT INTO player VALUES('22c8a5daf',23,'Mr. Julius Balistreri Sr.',0,1652296920,1653899368);
INSERT INTO player VALUES('2328c257f',23,'Harvey Yundt',0,1652306998,1653956341);
INSERT INTO player VALUES('239f01572',23,'Kaci Runte',0,1652319397,1653736342);
INSERT INTO player VALUES('23e3f998f',23,'Ms. Dorothea Blanda Sr.',0,1652326629,1652389887);
INSERT INTO player VALUES('244be80b1',23,'Mr. Roger Rosenbaum V',0,1652337527,1653729969);
INSERT INTO player VALUES('24ddeed74',23,'Mia Bashirian',0,1652352839,1653223623);
INSERT INTO player VALUES('24e0ba2fc',23,'Mr. Shane Heathcote',0,1652353132,1653459350);
INSERT INTO player VALUES('265d12572',23,'Ms. Veda Senger II',0,1652393014,1652986037);
INSERT INTO player VALUES('2773ed12f',23,'Vanessa Jones',0,1652422254,1652952307);
INSERT INTO player VALUES('28044631f',23,'Ms. Marta Heller',0,1652437390,1653239265);
INSERT INTO player VALUES('283d07028',23,'Jeanette Wehner',0,1652443341,1652816082);
INSERT INTO player VALUES('28d048c37',23,'Derrick Grady',0,1652458782,1653347236);
INSERT INTO player VALUES('29286758b',23,'Jaron Ankunding',0,1652468022,1652842485);
INSERT INTO player VALUES('294313f83',23,'Rebekah Daugherty V',0,1652470819,1653939213);
INSERT INTO player VALUES('2988222dc',23,'Mr. Deron Watsica',0,1652478060,1652797194);
INSERT INTO player VALUES('29c52b300',23,'Henderson Mosciski DVM',0,1652484460,1653292818);
INSERT INTO player VALUES('29d871468',23,'Dorian Larkin IV',0,1652486481,1653761937);
INSERT INTO player VALUES('2a36ec462',23,'Sadye Thiel DVM',0,1652496388,1653902809);
INSERT INTO player VALUES('2a914d7f1',23,'Mallory Dach Sr.',0,1652505865,1653641168);
INSERT INTO player VALUES('2b5a47ac1',23,'Mr. Zander Bartoletti',0,1652526939,1653074034);
INSERT INTO player VALUES('2bcb89d29',23,'Connor Smitham',0,1652538815,1653841524);
INSERT INTO player VALUES('2be082780',23,'Deon Kuhlman',0,1652541014,1653375782);
INSERT INTO player VALUES('2be145c85',23,'Verner Jaskolski',0,1652541094,1653417305);
INSERT INTO player VALUES('2c4f6726c',23,'Mckenna Hammes',0,1652552642,1653008557);
INSERT INTO player VALUES('2c6c6c5a1',23,'Isaiah Will',0,1652555685,1653166184);
INSERT INTO player VALUES('2ca44ef9a',23,'Camilla Stehr',0,1652561545,1652707161);
INSERT INTO player VALUES('2d1307b80',23,'Mr. Brice Bruen',0,1652573155,1652588842);
INSERT INTO player VALUES('2e06aa4f1',23,'Maria Jerde',0,1652598702,1653854641);
INSERT INTO player VALUES('2e0a90dbe',23,'Annabel Erdman V',0,1652599111,1653301654);
INSERT INTO player VALUES('2ec6e0daf',23,'Caroline Nikolaus II',0,1652618857,1653383815);
INSERT INTO player VALUES('2ffa2e4e0',23,'Ms. Rahsaan Beahan II',1,1652651080,1653254340);
INSERT INTO player VALUES('30c398ce0',23,'Ila Russel III',0,1652672200,1652986785);
INSERT INTO player VALUES('311ef7e82',23,'Mr. Sid Glover Sr.',0,1652681781,1654031242);
INSERT INTO player VALUES('314228b04',23,'Deangelo Herman',0,1652685471,1653807704);
INSERT INTO player VALUES('3336b93c1',23,'Ms. Aileen Runolfsson',0,1652737959,1653389092);
INSERT INTO player VALUES('33e4c4e12',23,'Lemuel Batz',0,1652756209,1653438433);
INSERT INTO player VALUES('33f901913',23,'Flavie Smith PhD',0,1652758331,1653678481);
INSERT INTO player VALUES('349552a62',23,'Meghan Christiansen',0,1652774722,1653648090);
INSERT INTO player VALUES('34ae2a7fe',23,'Chauncey Cremin',0,1652777327,1653205574);
INSERT INTO player VALUES('34d650d35',23,'Aditya Johns',0,1652781537,1653779635);
INSERT INTO player VALUES('34f2a15ba',23,'Mr. Justen Kuhn',1,1652784506,1653270899);
INSERT INTO player VALUES('35343477b',23,'Devan Braun',0,1652791382,1653822212);
INSERT INTO player VALUES('35d06842d',23,'Shannon Adams',0,1652807761,1653262242);
INSERT INTO player VALUES('35e6b9272',23,'Stephania Wiza',0,1652810101,1653461536);
INSERT INTO player VALUES('35f7142dc',23,'Raul Greenfelder',0,1652811816,1653989419);
INSERT INTO player VALUES('36315e0ad',23,'Emilio Cummings',0,1652817928,1654012269);
INSERT INTO player VALUES('364aea90a',23,'Kellie Gerhold',0,1652820607,1653854820);
INSERT INTO player VALUES('371993d5e',23,'Eleazar Labadie',0,1652842277,1653841604);
INSERT INTO player VALUES('37cfe917a',23,'Richie Welch',0,1652861396,1653543378);
INSERT INTO player VALUES('37f62e713',23,'Jailyn Bogan',0,1652865409,1653824515);
INSERT INTO player VALUES('39d527a48',23,'Mr. Myron Luettgen Sr.',0,1652915633,1653421415);
INSERT INTO player VALUES('3a2975abe',23,'Ms. Krystel Roob PhD',0,1652924473,1653016546);
INSERT INTO player VALUES('3a2a1e23f',23,'Darrick Mosciski I',0,1652924542,1653490293);
INSERT INTO player VALUES('3a2ff4472',23,'Herman Shields',0,1652925154,1653636437);
INSERT INTO player VALUES('3a72c7317',23,'Mr. Winston Will Jr.',0,1652932161,1653736077);
INSERT INTO player VALUES('3ac49a789',23,'Andres Tromp',0,1652940741,1653280169);
INSERT INTO player VALUES('3c30c1214',23,'Forrest Tillman',0,1652978925,1653788402);
INSERT INTO player VALUES('3ca755900',23,'Myra Ratke',0,1652991359,1653876413);
INSERT INTO player VALUES('3cf586ac7',23,'Mr. Deon Hodkiewicz III',0,1652999558,1653234067);
INSERT INTO player VALUES('3d7292642',23,'Ms. Ellen Osinski',0,1653012670,1653551467);
INSERT INTO player VALUES('3efbe54ad',23,'Magnus Bauch',0,1653053913,1653238766);
INSERT INTO player VALUES('3f19f97d7',23,'Mr. Monty Stoltenberg',0,1653057067,1653254910);
INSERT INTO player VALUES('3f299af66',23,'Mr. Gerald Dach DDS',0,1653058706,1654041313);
INSERT INTO player VALUES('3fa840d61',23,'Kelvin Smith',0,1653071986,1653354327);
INSERT INTO player VALUES('40960fba5',23,'Ms. Ashlee Mertz IV',1,1653096922,1653820851);
INSERT INTO player VALUES('41a87da29',23,'Xzavier Frami PhD',0,1653125698,1653960144);
INSERT INTO player VALUES('42459e422',23,'Shyanne Moen DDS',0,1653142174,1653977942);
INSERT INTO player VALUES('42df59b87',23,'Ms. Ashleigh Welch',0,1653158294,1653354573);
INSERT INTO player VALUES('4317e9b5b',23,'Ms. Rubie Stehr',0,1653164225,1653635082);
INSERT INTO player VALUES('45ba7e958',23,'Parker Harvey PhD',0,1653234960,1653702751);
INSERT INTO player VALUES('4624aac2c',23,'Alexane Gutmann',0,1653246093,1654022447);
INSERT INTO player VALUES('4826694be',23,'Matt Rolfson',0,1653299963,1653389419);
INSERT INTO player VALUES('48bf442b9',23,'Royce Maggio',0,1653315991,1654020999);
INSERT INTO player VALUES('48e7f0c24',23,'Madisyn Schinner',0,1653320256,1653917990);
INSERT INTO player VALUES('496bb5ad5',23,'Monroe Huels',0,1653334073,1653340295);
INSERT INTO player VALUES('498361404',23,'Ms. Kylee Jerde V',0,1653336555,1653876053);
INSERT INTO player VALUES('4aa93768c',23,'Mr. Dean Schumm',0,1653367366,1653848118);
INSERT INTO player VALUES('4be1d4b77',23,'Moises Hayes',0,1653400146,1653536117);
INSERT INTO player VALUES('4c34bbdc1',23,'Mr. Franco Shields V',0,1653408839,1653962317);
INSERT INTO player VALUES('4caaf3851',23,'Ms. Etha Hessel',1,1653421235,1653659555);
INSERT INTO player VALUES('4d49454da',23,'Wilbert Bradtke',0,1653437836,1653951151);
INSERT INTO player VALUES('4e3a858d5',23,'Eugenia Rolfson',0,1653463133,1653693804);
INSERT INTO player VALUES('4e6ffe890',23,'Jameson Christiansen V',0,1653468740,1653545819);
INSERT INTO player VALUES('4eae7349d',23,'Mr. Elton Anderson',0,1653475289,1653957880);
INSERT INTO player VALUES('4efd73eb1',23,'Alvis Schmeler',0,1653483573,1653754578);
INSERT INTO player VALUES('4fa2751b6',23,'Hugh Schuster',0,1653500875,1653788097);
INSERT INTO player VALUES('51d96aba9',23,'Selena Klein',0,1653560325,1653642881);
INSERT INTO player VALUES('521e54508',23,'Brandi Roberts',0,1653567551,1653876294);
INSERT INTO player VALUES('5264ee0a7',23,'Mr. Salvatore Mills',0,1653574954,1653838894);
INSERT INTO player VALUES('537d25e32',23,'Yazmin Stracke III',0,1653604337,1653692214);
INSERT INTO player VALUES('53a6983e0',23,'Ms. Sadie Ernser MD',0,1653608683,1653681976);
INSERT INTO player VALUES('53b70458a',23,'Mr. Javonte Prohaska I',0,1653610405,1653696901);
INSERT INTO player VALUES('54ca0e82c',23,'Benjamin Skiles',0,1653639245,1653999325);
INSERT INTO player VALUES('5532881bf',23,'Eriberto Kuvalis',0,1653650200,1653930987);
INSERT INTO player VALUES('56580db21',23,'Dorian Adams',0,1653680978,1653775370);
INSERT INTO player VALUES('565e1bfdb',23,'Beth Senger DVM',0,1653681613,1653973603);
INSERT INTO player VALUES('56633feda',23,'Ms. Victoria Von III',0,1653682152,1653769024);
INSERT INTO player VALUES('567b372d3',23,'Wilton Harber',0,1653684665,1653751938);
INSERT INTO player VALUES('56be2ebcd',23,'Demario Ullrich',1,1653691687,1653691938);
INSERT INTO player VALUES('56f83b925',23,'Winona Ritchie',0,1653697774,1653983276);
INSERT INTO player VALUES('570c6c048',23,'Bertha Hettinger',0,1653699891,1653925928);
INSERT INTO player VALUES('59fbefb5b',23,'Janet Rolfson',0,1653778693,1654004974);
INSERT INTO player VALUES('5a8c6894e',23,'Ms. Brenda Frami',0,1653793842,1653880918);
INSERT INTO player VALUES('5abe555af',23,'Destiny O"Conner',1,1653799077,1653816086);
INSERT INTO player VALUES('5ac3e7202',23,'Mr. Baron Predovic',0,1653799661,1654007594);
INSERT INTO player VALUES('5afd41bb2',23,'Leopold Abbott',0,1653805675,1653965030);
INSERT INTO player VALUES('5b54c688b',23,'Lewis Robel',0,1653814852,1654020433);
INSERT INTO player VALUES('5ba82a2f1',23,'Lilian Medhurst',0,1653823596,1654026276);
INSERT INTO player VALUES('5c127fdd4',23,'Annamarie Okuneva',0,1653834746,1653915542);
INSERT INTO player VALUES('5c4454334',23,'Mikel Hand',0,1653839971,1653938277);
INSERT INTO player VALUES('5d58464f6',23,'Jarret Bednar',0,1653868906,1654018879);
INSERT INTO player VALUES('5e6d81fbe',23,'Declan Sporer',0,1653897976,1654006369);
INSERT INTO player VALUES('5efe81215',23,'Edwina Rodriguez',1,1653913180,1654033430);
INSERT INTO player VALUES('6049b4b8e',23,'Ms. Helena McGlynn',0,1653947909,1653995708);
INSERT INTO player VALUES('625f6b91d',23,'Ms. Era Schmidt',0,1654003873,1654024050);
CREATE TABLE IF NOT EXISTS IF NOT EXISTS "player_score" (
                              id VARCHAR(255) NOT NULL PRIMARY KEY,
                              tenant_id BIGINT NOT NULL,
                              player_id VARCHAR(255) NOT NULL,
                              competition_id VARCHAR(255) NOT NULL,
                              score BIGINT NOT NULL,
                              row_num BIGINT NOT NULL,
                              created_at BIGINT NOT NULL,
                              updated_at BIGINT NOT NULL
);
INSERT INTO player_score VALUES('52e314f87',23,'111807b13','25dc1da4b',393762,2255,1653588182,1653588182);
INSERT INTO player_score VALUES('63a4b30ea',23,'111807b13','466a79dac',69069,2832,1654037981,1654037981);
INSERT INTO player_score VALUES('622ac4948',23,'111807b13','4ae4e0dac',110110,2522,1653998352,1653998352);
INSERT INTO player_score VALUES('62fa116c2',23,'111807b13','4d1b02098',16170,2670,1654020089,1654020089);
INSERT INTO player_score VALUES('63852bc5e',23,'111807b13','528c3d86f',79704,2713,1654034675,1654034675);
INSERT INTO player_score VALUES('54f860667',23,'113141351','25dc1da4b',994,2347,1653644102,1653644102);
INSERT INTO player_score VALUES('638002fba',23,'113141351','466a79dac',362043,2819,1654034134,1654034134);
INSERT INTO player_score VALUES('6204c3939',23,'113141351','4ae4e0dac',165240,2507,1653994367,1653994367);
INSERT INTO player_score VALUES('62a66e4a5',23,'113141351','4d1b02098',410025,2632,1654011319,1654011319);
INSERT INTO player_score VALUES('63a3ed4fd',23,'113141351','528c3d86f',0,2736,1654037900,1654037900);
INSERT INTO player_score VALUES('56d6d835b',23,'1260a8196','25dc1da4b',150332,2447,1653694273,1653694273);
INSERT INTO player_score VALUES('62af4f3d4',23,'1260a8196','466a79dac',114807,2740,1654012250,1654012250);
INSERT INTO player_score VALUES('6254061a3',23,'1260a8196','4ae4e0dac',4212,2538,1654002678,1654002678);
INSERT INTO player_score VALUES('62f5f79b5',23,'1260a8196','4d1b02098',6156,2668,1654019659,1654019659);
INSERT INTO player_score VALUES('63a73c791',23,'1260a8196','528c3d86f',148248,2739,1654038247,1654038247);
INSERT INTO player_score VALUES('4e99671a8',23,'131f2733b','25dc1da4b',8712,2036,1653473082,1653473082);
INSERT INTO player_score VALUES('630f27621',23,'131f2733b','466a79dac',116640,2775,1654022300,1654022300);
INSERT INTO player_score VALUES('639a8131b',23,'131f2733b','4ae4e0dac',23400,2688,1654036912,1654036912);
INSERT INTO player_score VALUES('62c109ceb',23,'131f2733b','4d1b02098',18392,2645,1654014109,1654014109);
INSERT INTO player_score VALUES('62bd4f390',23,'131f2733b','528c3d86f',55776,2591,1654013718,1654013718);
INSERT INTO player_score VALUES('5693530c2',23,'1462706c4','25dc1da4b',23925,2433,1653687193,1653687193);
INSERT INTO player_score VALUES('62de731c9',23,'1462706c4','466a79dac',9118,2762,1654017193,1654017193);
INSERT INTO player_score VALUES('610548bb2',23,'1462706c4','4ae4e0dac',38540,2400,1653967578,1653967578);
INSERT INTO player_score VALUES('63be7c9e1',23,'1462706c4','4d1b02098',97580,2755,1654040685,1654040685);
INSERT INTO player_score VALUES('63350b154',23,'1462706c4','528c3d86f',342160,2663,1654026273,1654026273);
INSERT INTO player_score VALUES('553446e18',23,'14b71174e','25dc1da4b',4114,2359,1653650383,1653650383);
INSERT INTO player_score VALUES('6135fcffb',23,'14b71174e','466a79dac',4752,2597,1653972685,1653972685);
INSERT INTO player_score VALUES('63be3843d',23,'14b71174e','4ae4e0dac',166400,2698,1654040657,1654040657);
INSERT INTO player_score VALUES('6179ae19d',23,'14b71174e','4d1b02098',355656,2498,1653979783,1653979783);
INSERT INTO player_score VALUES('63a73a0d2',23,'14b71174e','528c3d86f',224770,2738,1654038246,1654038246);
INSERT INTO player_score VALUES('5756e7670',23,'189031d80','25dc1da4b',453600,2479,1653707701,1653707701);
INSERT INTO player_score VALUES('638454ee6',23,'189031d80','466a79dac',178524,2821,1654034587,1654034587);
INSERT INTO player_score VALUES('6228698c0',23,'189031d80','4ae4e0dac',71424,2521,1653998105,1653998105);
INSERT INTO player_score VALUES('63bdd42d8',23,'189031d80','4d1b02098',8260,2754,1654040616,1654040616);
INSERT INTO player_score VALUES('62ed8485d',23,'189031d80','528c3d86f',67500,2622,1654018773,1654018773);
INSERT INTO player_score VALUES('55839a819',23,'1af7c5bdf','25dc1da4b',249612,2375,1653658701,1653658701);
INSERT INTO player_score VALUES('5dbfbd1d1',23,'1af7c5bdf','466a79dac',185850,2283,1653879755,1653879755);
INSERT INTO player_score VALUES('6046bafe2',23,'1af7c5bdf','4ae4e0dac',136500,2320,1653947597,1653947597);
INSERT INTO player_score VALUES('634b411cd',23,'1af7c5bdf','528c3d86f',30870,2682,1654028602,1654028602);
INSERT INTO player_score VALUES('54fa59c53',23,'1b40ba7e3','25dc1da4b',7371,2348,1653644309,1653644309);
INSERT INTO player_score VALUES('621713129',23,'1b40ba7e3','466a79dac',37128,2685,1653996287,1653996287);
INSERT INTO player_score VALUES('62b274e49',23,'1b40ba7e3','4ae4e0dac',21420,2578,1654012580,1654012580);
INSERT INTO player_score VALUES('60ebc1170',23,'1b40ba7e3','528c3d86f',83300,2319,1653964901,1653964901);
INSERT INTO player_score VALUES('5548db6e7',23,'1b6305cd0','25dc1da4b',30800,2363,1653652541,1653652541);
INSERT INTO player_score VALUES('61bd41e8c',23,'1b6305cd0','466a79dac',108928,2636,1653986869,1653986869);
INSERT INTO player_score VALUES('6287092ef',23,'1b6305cd0','4ae4e0dac',295740,2558,1654008027,1654008027);
INSERT INTO player_score VALUES('630daa861',23,'1b6305cd0','4d1b02098',3880,2678,1654022144,1654022144);
INSERT INTO player_score VALUES('6345db455',23,'1b6305cd0','528c3d86f',14790,2679,1654028036,1654028036);
INSERT INTO player_score VALUES('5682d0f9c',23,'1b7858c62','25dc1da4b',171654,2429,1653685462,1653685462);
INSERT INTO player_score VALUES('637de0184',23,'1b7858c62','466a79dac',29568,2816,1654033910,1654033910);
INSERT INTO player_score VALUES('634d6dc39',23,'1b7858c62','4ae4e0dac',22032,2650,1654028830,1654028830);
INSERT INTO player_score VALUES('638214c21',23,'1b7858c62','4d1b02098',680,2731,1654034351,1654034351);
INSERT INTO player_score VALUES('6362ecb06',23,'1b7858c62','528c3d86f',2150,2700,1654031084,1654031084);
INSERT INTO player_score VALUES('528a999dc',23,'1b9999f45','25dc1da4b',84568,2242,1653578904,1653578904);
INSERT INTO player_score VALUES('6235c5f23',23,'1b9999f45','466a79dac',6052,2697,1653999506,1653999506);
INSERT INTO player_score VALUES('5deeefa2b',23,'1b9999f45','4ae4e0dac',167936,2068,1653884704,1653884704);
INSERT INTO player_score VALUES('5ff3c537d',23,'1b9999f45','4d1b02098',404838,2303,1653938898,1653938898);
INSERT INTO player_score VALUES('63becd326',23,'1b9999f45','528c3d86f',30550,2753,1654040718,1654040718);
INSERT INTO player_score VALUES('57327e1f7',23,'1ccc17e0c','25dc1da4b',1980,2467,1653703883,1653703883);
INSERT INTO player_score VALUES('631ffa008',23,'1ccc17e0c','4ae4e0dac',25047,2626,1654024064,1654024064);
INSERT INTO player_score VALUES('629ec0f6c',23,'1ccc17e0c','4d1b02098',159732,2629,1654010514,1654010514);
INSERT INTO player_score VALUES('63be66ab6',23,'1ccc17e0c','528c3d86f',111744,2752,1654040676,1654040676);
INSERT INTO player_score VALUES('542d9b3c0',23,'1d411bef8','25dc1da4b',138852,2313,1653622840,1653622840);
INSERT INTO player_score VALUES('62d4e2611',23,'1d411bef8','466a79dac',43240,2755,1654016190,1654016190);
INSERT INTO player_score VALUES('636bc3db6',23,'1d411bef8','4ae4e0dac',42966,2666,1654032011,1654032011);
INSERT INTO player_score VALUES('5f27c0356',23,'1d411bef8','4d1b02098',414180,2198,1653917505,1653917505);
INSERT INTO player_score VALUES('629b547c3',23,'1d411bef8','528c3d86f',293888,2572,1654010155,1654010155);
INSERT INTO player_score VALUES('6158bb0e5',23,'1f1d9096b','466a79dac',76024,2607,1653976328,1653976328);
INSERT INTO player_score VALUES('63113927c',23,'1f1d9096b','4ae4e0dac',28182,2622,1654022517,1654022517);
INSERT INTO player_score VALUES('627f06638',23,'1f1d9096b','4d1b02098',12096,2615,1654007187,1654007187);
INSERT INTO player_score VALUES('634d1d314',23,'1f1d9096b','528c3d86f',165004,2683,1654028797,1654028797);
INSERT INTO player_score VALUES('574132c14',23,'20489e355','25dc1da4b',440895,2473,1653705425,1653705425);
INSERT INTO player_score VALUES('617077b4f',23,'20489e355','466a79dac',60588,2615,1653978817,1653978817);
INSERT INTO player_score VALUES('632060900',23,'20489e355','4ae4e0dac',100688,2627,1654024106,1654024106);
INSERT INTO player_score VALUES('637fdbeb6',23,'20489e355','4d1b02098',1992,2730,1654034118,1654034118);
INSERT INTO player_score VALUES('62c5d366f',23,'20489e355','528c3d86f',48015,2596,1654014611,1654014611);
INSERT INTO player_score VALUES('561bd1c72',23,'21b60e74f','25dc1da4b',21756,2407,1653674662,1653674662);
INSERT INTO player_score VALUES('6359e98f8',23,'21b60e74f','466a79dac',23023,2802,1654030139,1654030139);
INSERT INTO player_score VALUES('62bf37808',23,'21b60e74f','4ae4e0dac',0,2585,1654013918,1654013918);
INSERT INTO player_score VALUES('622ddb94d',23,'21b60e74f','4d1b02098',77400,2572,1653998676,1653998676);
INSERT INTO player_score VALUES('6070bfd8c',23,'21b60e74f','528c3d86f',101308,2246,1653952003,1653952003);
INSERT INTO player_score VALUES('563861cda',23,'22335730a','25dc1da4b',197100,2412,1653677657,1653677657);
INSERT INTO player_score VALUES('635eb5947',23,'22335730a','466a79dac',29304,2805,1654030642,1654030642);
INSERT INTO player_score VALUES('632921c21',23,'22335730a','4ae4e0dac',18432,2633,1654025024,1654025024);
INSERT INTO player_score VALUES('6281be30b',23,'22335730a','4d1b02098',23392,2616,1654007472,1654007472);
INSERT INTO player_score VALUES('63a1ea2e8',23,'22335730a','528c3d86f',15300,2734,1654037689,1654037689);
INSERT INTO player_score VALUES('5700c984f',23,'22967c0ea','25dc1da4b',6864,2457,1653698671,1653698671);
INSERT INTO player_score VALUES('6350cb935',23,'22967c0ea','466a79dac',122304,2799,1654029183,1654029183);
INSERT INTO player_score VALUES('61e9cdb65',23,'22967c0ea','4ae4e0dac',36036,2495,1653991540,1653991540);
INSERT INTO player_score VALUES('6383f8272',23,'22967c0ea','4d1b02098',0,2733,1654034549,1654034549);
INSERT INTO player_score VALUES('6379eaeb1',23,'22967c0ea','528c3d86f',313650,2710,1654033495,1654033495);
INSERT INTO player_score VALUES('52773d8ba',23,'22c8a5daf','25dc1da4b',130944,2239,1653576874,1653576874);
INSERT INTO player_score VALUES('619e127f7',23,'22c8a5daf','466a79dac',40455,2626,1653983599,1653983599);
INSERT INTO player_score VALUES('6381cdf59',23,'22c8a5daf','4ae4e0dac',11400,2675,1654034322,1654034322);
INSERT INTO player_score VALUES('6302a4405',23,'22c8a5daf','4d1b02098',89424,2672,1654020988,1654020988);
INSERT INTO player_score VALUES('63545a370',23,'22c8a5daf','528c3d86f',16650,2688,1654029556,1654029556);
INSERT INTO player_score VALUES('51eb75da2',23,'2328c257f','25dc1da4b',0,2208,1653562217,1653562217);
INSERT INTO player_score VALUES('629371752',23,'2328c257f','466a79dac',57850,2729,1654009328,1654009328);
INSERT INTO player_score VALUES('62d5c7de4',23,'2328c257f','4ae4e0dac',4400,2595,1654016284,1654016284);
INSERT INTO player_score VALUES('63377c15d',23,'2328c257f','4d1b02098',409248,2700,1654026529,1654026529);
INSERT INTO player_score VALUES('636ac5f83',23,'2328c257f','528c3d86f',6426,2704,1654031907,1654031907);
INSERT INTO player_score VALUES('576203a58',23,'239f01572','25dc1da4b',89964,2482,1653708866,1653708866);
INSERT INTO player_score VALUES('6288700f2',23,'239f01572','466a79dac',17710,2723,1654008174,1654008174);
INSERT INTO player_score VALUES('61d1180b6',23,'239f01572','4ae4e0dac',181830,2489,1653988949,1653988949);
INSERT INTO player_score VALUES('62487e712',23,'239f01572','4d1b02098',122317,2588,1654001469,1654001469);
INSERT INTO player_score VALUES('63986334c',23,'239f01572','528c3d86f',420,2727,1654036690,1654036690);
INSERT INTO player_score VALUES('57309366f',23,'23e3f998f','25dc1da4b',321104,2466,1653703682,1653703682);
INSERT INTO player_score VALUES('62a8a4b27',23,'23e3f998f','466a79dac',534600,2739,1654011551,1654011551);
INSERT INTO player_score VALUES('63179ce41',23,'23e3f998f','4ae4e0dac',90160,2624,1654023187,1654023187);
INSERT INTO player_score VALUES('637b8c662',23,'23e3f998f','4d1b02098',12985,2728,1654033666,1654033666);
INSERT INTO player_score VALUES('633bba833',23,'23e3f998f','528c3d86f',81144,2672,1654026974,1654026974);
INSERT INTO player_score VALUES('62cad7926',23,'244be80b1','466a79dac',760,2751,1654015137,1654015137);
INSERT INTO player_score VALUES('62f7c29b9',23,'244be80b1','4ae4e0dac',36400,2614,1654019847,1654019847);
INSERT INTO player_score VALUES('63b4ce996',23,'244be80b1','4d1b02098',4774,2749,1654039670,1654039670);
INSERT INTO player_score VALUES('63572f520',23,'244be80b1','528c3d86f',118184,2691,1654029853,1654029853);
INSERT INTO player_score VALUES('4aaeba8a4',23,'24ddeed74','25dc1da4b',60200,1811,1653367944,1653367944);
INSERT INTO player_score VALUES('6343e6caf',23,'24ddeed74','466a79dac',34104,2791,1654027831,1654027831);
INSERT INTO player_score VALUES('627ed0afd',23,'24ddeed74','4ae4e0dac',17732,2553,1654007165,1654007165);
INSERT INTO player_score VALUES('61d2a86af',23,'24ddeed74','4d1b02098',8118,2534,1653989113,1653989113);
INSERT INTO player_score VALUES('564417d72',23,'24e0ba2fc','25dc1da4b',466560,2414,1653678885,1653678885);
INSERT INTO player_score VALUES('638d77cbf',23,'24e0ba2fc','466a79dac',1280,2824,1654035545,1654035545);
INSERT INTO player_score VALUES('631d4bfd1',23,'24e0ba2fc','4d1b02098',30690,2683,1654023783,1654023783);
INSERT INTO player_score VALUES('634543eab',23,'24e0ba2fc','528c3d86f',28182,2678,1654027974,1654027974);
INSERT INTO player_score VALUES('56e52b324',23,'265d12572','25dc1da4b',12528,2452,1653695775,1653695775);
INSERT INTO player_score VALUES('639bd21ca',23,'265d12572','466a79dac',140940,2829,1654037050,1654037050);
INSERT INTO player_score VALUES('6015dfaa4',23,'265d12572','4ae4e0dac',30720,2291,1653942474,1653942474);
INSERT INTO player_score VALUES('5f3be4748',23,'265d12572','4d1b02098',8360,2211,1653919617,1653919617);
INSERT INTO player_score VALUES('6373f2963',23,'265d12572','528c3d86f',551348,2708,1654032869,1654032869);
INSERT INTO player_score VALUES('567d811b0',23,'2773ed12f','25dc1da4b',2392,2428,1653684905,1653684905);
INSERT INTO player_score VALUES('62a530ea7',23,'2773ed12f','466a79dac',34080,2737,1654011189,1654011189);
INSERT INTO player_score VALUES('621e80f01',23,'2773ed12f','4ae4e0dac',4312,2516,1653997066,1653997066);
INSERT INTO player_score VALUES('6292e3dbd',23,'2773ed12f','4d1b02098',434214,2627,1654009270,1654009270);
INSERT INTO player_score VALUES('62c08119f',23,'2773ed12f','528c3d86f',30294,2592,1654014053,1654014053);
INSERT INTO player_score VALUES('56ed06ea0',23,'28044631f','25dc1da4b',75600,2455,1653696599,1653696599);
INSERT INTO player_score VALUES('6399c7a9e',23,'28044631f','4ae4e0dac',31152,2687,1654036836,1654036836);
INSERT INTO player_score VALUES('63982fee0',23,'28044631f','4d1b02098',25326,2740,1654036669,1654036669);
INSERT INTO player_score VALUES('6113ec4b2',23,'28044631f','528c3d86f',10933,2338,1653969113,1653969113);
INSERT INTO player_score VALUES('4e41ec170',23,'283d07028','25dc1da4b',48195,2014,1653463909,1653463909);
INSERT INTO player_score VALUES('6382f55d0',23,'283d07028','466a79dac',12744,2820,1654034443,1654034443);
INSERT INTO player_score VALUES('62fec027d',23,'283d07028','4ae4e0dac',19188,2615,1654020580,1654020580);
INSERT INTO player_score VALUES('612e6a85e',23,'283d07028','4d1b02098',226980,2458,1653971891,1653971891);
INSERT INTO player_score VALUES('536bf8ee3',23,'28d048c37','25dc1da4b',14350,2286,1653602536,1653602536);
INSERT INTO player_score VALUES('630517af7',23,'28d048c37','466a79dac',187680,2770,1654021245,1654021245);
INSERT INTO player_score VALUES('63b42feb5',23,'28d048c37','4ae4e0dac',0,2694,1654039605,1654039605);
INSERT INTO player_score VALUES('62e3ec7a1',23,'28d048c37','4d1b02098',122322,2661,1654017767,1654017767);
INSERT INTO player_score VALUES('628f94afe',23,'28d048c37','528c3d86f',201438,2561,1654008923,1654008923);
INSERT INTO player_score VALUES('546a5fdfa',23,'29286758b','25dc1da4b',58812,2325,1653629212,1653629212);
INSERT INTO player_score VALUES('630aabe98',23,'29286758b','466a79dac',32736,2773,1654021830,1654021830);
INSERT INTO player_score VALUES('63756f762',23,'29286758b','4ae4e0dac',24992,2671,1654033025,1654033025);
INSERT INTO player_score VALUES('633696944',23,'29286758b','4d1b02098',1914,2698,1654026435,1654026435);
INSERT INTO player_score VALUES('638ff7700',23,'29286758b','528c3d86f',0,2721,1654035807,1654035807);
INSERT INTO player_score VALUES('557f54bdf',23,'294313f83','25dc1da4b',417600,2374,1653658253,1653658253);
INSERT INTO player_score VALUES('63a9a896d',23,'294313f83','466a79dac',55216,2834,1654038501,1654038501);
INSERT INTO player_score VALUES('635ac2d48',23,'294313f83','4ae4e0dac',470162,2653,1654030228,1654030228);
INSERT INTO player_score VALUES('61835e955',23,'294313f83','4d1b02098',82128,2502,1653980799,1653980799);
INSERT INTO player_score VALUES('6242c327e',23,'294313f83','528c3d86f',83025,2523,1654000868,1654000868);
INSERT INTO player_score VALUES('556fabf4a',23,'2988222dc','25dc1da4b',36480,2370,1653656611,1653656611);
INSERT INTO player_score VALUES('5b85a1dbd',23,'2988222dc','466a79dac',105910,2079,1653819975,1653819975);
INSERT INTO player_score VALUES('6364c170e',23,'2988222dc','4ae4e0dac',134316,2664,1654031276,1654031276);
INSERT INTO player_score VALUES('638ba30b5',23,'2988222dc','4d1b02098',2520,2736,1654035353,1654035353);
INSERT INTO player_score VALUES('62d585f55',23,'2988222dc','528c3d86f',10530,2609,1654016257,1654016257);
INSERT INTO player_score VALUES('56e715ea3',23,'29c52b300','25dc1da4b',188928,2453,1653695976,1653695976);
INSERT INTO player_score VALUES('60d278eed',23,'29c52b300','466a79dac',120000,2560,1653962250,1653962250);
INSERT INTO player_score VALUES('63285c028',23,'29c52b300','4d1b02098',88536,2689,1654024943,1654024943);
INSERT INTO player_score VALUES('639dd2cdf',23,'29c52b300','528c3d86f',40448,2732,1654037260,1654037260);
INSERT INTO player_score VALUES('574185c81',23,'29d871468','25dc1da4b',170495,2474,1653705459,1653705459);
INSERT INTO player_score VALUES('63bbbb109',23,'29d871468','466a79dac',59185,2842,1654040396,1654040396);
INSERT INTO player_score VALUES('63adc749c',23,'29d871468','4ae4e0dac',148044,2691,1654038933,1654038933);
INSERT INTO player_score VALUES('63ac54334',23,'29d871468','528c3d86f',6912,2742,1654038781,1654038781);
INSERT INTO player_score VALUES('56d64d0dc',23,'2a36ec462','25dc1da4b',256080,2446,1653694216,1653694216);
INSERT INTO player_score VALUES('6267ed4dc',23,'2a36ec462','466a79dac',198645,2712,1654004765,1654004765);
INSERT INTO player_score VALUES('627182efa',23,'2a36ec462','4ae4e0dac',194346,2547,1654005770,1654005770);
INSERT INTO player_score VALUES('6385135e5',23,'2a36ec462','4d1b02098',26880,2734,1654034665,1654034665);
INSERT INTO player_score VALUES('638f39063',23,'2a36ec462','528c3d86f',223244,2720,1654035729,1654035729);
INSERT INTO player_score VALUES('56704954e',23,'2a914d7f1','25dc1da4b',0,2425,1653683519,1653683519);
INSERT INTO player_score VALUES('62ebea5e5',23,'2a914d7f1','466a79dac',5304,2766,1654018605,1654018605);
INSERT INTO player_score VALUES('61e60209b',23,'2a914d7f1','4ae4e0dac',399360,2493,1653991142,1653991142);
INSERT INTO player_score VALUES('632f15317',23,'2a914d7f1','4d1b02098',16884,2695,1654025648,1654025648);
INSERT INTO player_score VALUES('62f9b989c',23,'2a914d7f1','528c3d86f',29400,2630,1654020053,1654020053);
INSERT INTO player_score VALUES('5627d5f42',23,'2b5a47ac1','25dc1da4b',93600,2408,1653675922,1653675922);
INSERT INTO player_score VALUES('629456eed',23,'2b5a47ac1','466a79dac',39040,2730,1654009422,1654009422);
INSERT INTO player_score VALUES('6357d073c',23,'2b5a47ac1','4d1b02098',116400,2719,1654029919,1654029919);
INSERT INTO player_score VALUES('535e449da',23,'2bcb89d29','25dc1da4b',124950,2283,1653601099,1653601099);
INSERT INTO player_score VALUES('631a7bc65',23,'2bcb89d29','466a79dac',8432,2779,1654023488,1654023488);
INSERT INTO player_score VALUES('63b8a199f',23,'2bcb89d29','4ae4e0dac',2750,2695,1654040071,1654040071);
INSERT INTO player_score VALUES('6329c2e3f',23,'2bcb89d29','4d1b02098',117450,2691,1654025090,1654025090);
INSERT INTO player_score VALUES('54f41aa79',23,'2be082780','25dc1da4b',198588,2344,1653643654,1653643654);
INSERT INTO player_score VALUES('5f6fa1181',23,'2be082780','466a79dac',246960,2443,1653925042,1653925042);
INSERT INTO player_score VALUES('635368858',23,'2be082780','4d1b02098',1475,2717,1654029457,1654029457);
INSERT INTO player_score VALUES('56d8d1909',23,'2be145c85','25dc1da4b',1200,2448,1653694480,1653694480);
INSERT INTO player_score VALUES('6084148f0',23,'2be145c85','466a79dac',74620,2535,1653954030,1653954030);
INSERT INTO player_score VALUES('6323751d4',23,'2be145c85','4ae4e0dac',4176,2630,1654024429,1654024429);
INSERT INTO player_score VALUES('6313bb3f7',23,'2be145c85','4d1b02098',292077,2680,1654022780,1654022780);
INSERT INTO player_score VALUES('62bb695f6',23,'2be145c85','528c3d86f',87210,2590,1654013519,1654013519);
INSERT INTO player_score VALUES('571977dba',23,'2c4f6726c','25dc1da4b',153120,2461,1653701259,1653701259);
INSERT INTO player_score VALUES('62bdfeff2',23,'2c4f6726c','466a79dac',22704,2747,1654013790,1654013790);
INSERT INTO player_score VALUES('626b749fa',23,'2c4f6726c','4ae4e0dac',5300,2543,1654005135,1654005135);
INSERT INTO player_score VALUES('632e45b10',23,'2c4f6726c','4d1b02098',133225,2693,1654025563,1654025563);
INSERT INTO player_score VALUES('6252dc421',23,'2c4f6726c','528c3d86f',37468,2532,1654002556,1654002556);
INSERT INTO player_score VALUES('565d9a9bc',23,'2c6c6c5a1','25dc1da4b',63504,2421,1653681560,1653681560);
INSERT INTO player_score VALUES('635fc978d',23,'2c6c6c5a1','466a79dac',15128,2806,1654030755,1654030755);
INSERT INTO player_score VALUES('62a1b35a4',23,'2c6c6c5a1','4d1b02098',137104,2630,1654010823,1654010823);
INSERT INTO player_score VALUES('61ab03801',23,'2c6c6c5a1','528c3d86f',24576,2428,1653984956,1653984956);
INSERT INTO player_score VALUES('568a6d386',23,'2ca44ef9a','25dc1da4b',23408,2432,1653686260,1653686260);
INSERT INTO player_score VALUES('61a7f3ccf',23,'2ca44ef9a','466a79dac',132060,2630,1653984635,1653984635);
INSERT INTO player_score VALUES('611f7dbc3',23,'2ca44ef9a','4ae4e0dac',280140,2413,1653970326,1653970326);
INSERT INTO player_score VALUES('631328c16',23,'2ca44ef9a','4d1b02098',8316,2679,1654022720,1654022720);
INSERT INTO player_score VALUES('61d37f42d',23,'2ca44ef9a','528c3d86f',4624,2455,1653989201,1653989201);
INSERT INTO player_score VALUES('565616c80',23,'2d1307b80','25dc1da4b',74592,2418,1653680772,1653680772);
INSERT INTO player_score VALUES('621a1de0e',23,'2d1307b80','466a79dac',21000,2687,1653996606,1653996606);
INSERT INTO player_score VALUES('633628b63',23,'2d1307b80','528c3d86f',117504,2665,1654026390,1654026390);
INSERT INTO player_score VALUES('52f7f2c76',23,'2e06aa4f1','25dc1da4b',80656,2260,1653590370,1653590370);
INSERT INTO player_score VALUES('63b53c749',23,'2e06aa4f1','466a79dac',7920,2839,1654039715,1654039715);
INSERT INTO player_score VALUES('6320c2343',23,'2e06aa4f1','4ae4e0dac',154440,2628,1654024146,1654024146);
INSERT INTO player_score VALUES('613b0d635',23,'2e06aa4f1','4d1b02098',473088,2463,1653973216,1653973216);
INSERT INTO player_score VALUES('63346ed1b',23,'2e06aa4f1','528c3d86f',40326,2661,1654026209,1654026209);
INSERT INTO player_score VALUES('5211412a1',23,'2e0a90dbe','25dc1da4b',20580,2215,1653566180,1653566180);
INSERT INTO player_score VALUES('61f70f481',23,'2e0a90dbe','466a79dac',224502,2666,1653992930,1653992930);
INSERT INTO player_score VALUES('62b272765',23,'2e0a90dbe','4ae4e0dac',21097,2577,1654012579,1654012579);
INSERT INTO player_score VALUES('6325365a1',23,'2e0a90dbe','4d1b02098',66240,2686,1654024613,1654024613);
INSERT INTO player_score VALUES('623d9f3a8',23,'2e0a90dbe','528c3d86f',172584,2517,1654000329,1654000329);
INSERT INTO player_score VALUES('574757090',23,'2ec6e0daf','25dc1da4b',280280,2475,1653706069,1653706069);
INSERT INTO player_score VALUES('630439854',23,'2ec6e0daf','466a79dac',24882,2769,1654021154,1654021154);
INSERT INTO player_score VALUES('6014bf974',23,'2ec6e0daf','4ae4e0dac',87880,2290,1653942356,1653942356);
INSERT INTO player_score VALUES('63043bf3f',23,'2ec6e0daf','4d1b02098',52026,2675,1654021155,1654021155);
INSERT INTO player_score VALUES('6228b2c7e',23,'2ec6e0daf','528c3d86f',28512,2503,1653998135,1653998135);
INSERT INTO player_score VALUES('5734ad32a',23,'2ffa2e4e0','25dc1da4b',159588,2469,1653704112,1653704112);
INSERT INTO player_score VALUES('60a1daa34',23,'2ffa2e4e0','466a79dac',4644,2544,1653957152,1653957152);
INSERT INTO player_score VALUES('638f2f3e9',23,'2ffa2e4e0','4ae4e0dac',12408,2681,1654035725,1654035725);
INSERT INTO player_score VALUES('6140e5f8b',23,'2ffa2e4e0','4d1b02098',696870,2466,1653973829,1653973829);
INSERT INTO player_score VALUES('63c0711cc',23,'2ffa2e4e0','528c3d86f',67584,2754,1654040890,1654040890);
INSERT INTO player_score VALUES('55e3be506',23,'30c398ce0','25dc1da4b',27132,2401,1653668782,1653668782);
INSERT INTO player_score VALUES('6370e5592',23,'30c398ce0','466a79dac',492954,2812,1654032549,1654032549);
INSERT INTO player_score VALUES('633ad5005',23,'30c398ce0','4d1b02098',108192,2702,1654026880,1654026880);
INSERT INTO player_score VALUES('600e56f79',23,'30c398ce0','528c3d86f',7469,2180,1653941684,1653941684);
INSERT INTO player_score VALUES('5586f5dfd',23,'311ef7e82','25dc1da4b',100800,2378,1653659053,1653659053);
INSERT INTO player_score VALUES('6338ea485',23,'311ef7e82','466a79dac',90666,2783,1654026679,1654026679);
INSERT INTO player_score VALUES('6372f4afc',23,'311ef7e82','4ae4e0dac',86580,2668,1654032765,1654032765);
INSERT INTO player_score VALUES('5ec7d4881',23,'311ef7e82','4d1b02098',8640,2157,1653907447,1653907447);
INSERT INTO player_score VALUES('62e4e7eed',23,'311ef7e82','528c3d86f',165000,2615,1654017870,1654017870);
INSERT INTO player_score VALUES('565472ddc',23,'314228b04','25dc1da4b',38640,2417,1653680600,1653680600);
INSERT INTO player_score VALUES('61060e805',23,'314228b04','466a79dac',402584,2583,1653967659,1653967659);
INSERT INTO player_score VALUES('63bada731',23,'314228b04','4ae4e0dac',2940,2696,1654040304,1654040304);
INSERT INTO player_score VALUES('5fcfebf45',23,'314228b04','4d1b02098',145222,2281,1653935139,1653935139);
INSERT INTO player_score VALUES('61da66db1',23,'314228b04','528c3d86f',12852,2460,1653989925,1653989925);
INSERT INTO player_score VALUES('6342cb987',23,'3336b93c1','466a79dac',59136,2789,1654027715,1654027715);
INSERT INTO player_score VALUES('62cd636c1',23,'3336b93c1','4ae4e0dac',14880,2590,1654015404,1654015404);
INSERT INTO player_score VALUES('62077b603',23,'3336b93c1','4d1b02098',122176,2557,1653994652,1653994652);
INSERT INTO player_score VALUES('619a864cc',23,'3336b93c1','528c3d86f',246960,2416,1653983227,1653983227);
INSERT INTO player_score VALUES('55520f655',23,'33e4c4e12','25dc1da4b',51060,2365,1653653506,1653653506);
INSERT INTO player_score VALUES('63915be74',23,'33e4c4e12','466a79dac',30555,2825,1654035953,1654035953);
INSERT INTO player_score VALUES('632d05de8',23,'33e4c4e12','4ae4e0dac',33696,2636,1654025432,1654025432);
INSERT INTO player_score VALUES('6369f191b',23,'33e4c4e12','4d1b02098',5700,2724,1654031820,1654031820);
INSERT INTO player_score VALUES('639d19438',23,'33e4c4e12','528c3d86f',94990,2731,1654037184,1654037184);
INSERT INTO player_score VALUES('56dd2adb7',23,'33f901913','25dc1da4b',14016,2449,1653694936,1653694936);
INSERT INTO player_score VALUES('62cf72c67',23,'33f901913','466a79dac',54720,2754,1654015620,1654015620);
INSERT INTO player_score VALUES('60c7afb45',23,'33f901913','4ae4e0dac',9960,2373,1653961119,1653961119);
INSERT INTO player_score VALUES('636c31b8a',23,'33f901913','4d1b02098',662112,2725,1654032056,1654032056);
INSERT INTO player_score VALUES('6373f9ec1',23,'33f901913','528c3d86f',179360,2709,1654032872,1654032872);
INSERT INTO player_score VALUES('5231b5404',23,'349552a62','25dc1da4b',0,2227,1653569583,1653569583);
INSERT INTO player_score VALUES('5ce9a5fdb',23,'349552a62','466a79dac',191178,2199,1653857306,1653857306);
INSERT INTO player_score VALUES('633668338',23,'349552a62','4ae4e0dac',76140,2640,1654026416,1654026416);
INSERT INTO player_score VALUES('61a13a9ab',23,'349552a62','4d1b02098',14880,2515,1653983930,1653983930);
INSERT INTO player_score VALUES('63996d51d',23,'349552a62','528c3d86f',12870,2729,1654036799,1654036799);
INSERT INTO player_score VALUES('537fb1c08',23,'34ae2a7fe','25dc1da4b',26130,2291,1653604604,1653604604);
INSERT INTO player_score VALUES('63baf7bff',23,'34ae2a7fe','466a79dac',65076,2841,1654040316,1654040316);
INSERT INTO player_score VALUES('635b5a34f',23,'34ae2a7fe','4ae4e0dac',56364,2655,1654030290,1654030290);
INSERT INTO player_score VALUES('62f8662ba',23,'34ae2a7fe','4d1b02098',206640,2669,1654019914,1654019914);
INSERT INTO player_score VALUES('63a20024f',23,'34ae2a7fe','528c3d86f',138700,2735,1654037698,1654037698);
INSERT INTO player_score VALUES('5299ef60a',23,'34d650d35','25dc1da4b',15400,2246,1653580512,1653580512);
INSERT INTO player_score VALUES('61f142e49',23,'34d650d35','466a79dac',30184,2661,1653992322,1653992322);
INSERT INTO player_score VALUES('636470dce',23,'34d650d35','4ae4e0dac',0,2663,1654031243,1654031243);
INSERT INTO player_score VALUES('6382f07b9',23,'34d650d35','4d1b02098',7392,2732,1654034441,1654034441);
INSERT INTO player_score VALUES('628d7921e',23,'34d650d35','528c3d86f',132480,2559,1654008702,1654008702);
INSERT INTO player_score VALUES('63b97fc74',23,'34f2a15ba','466a79dac',6080,2840,1654040162,1654040162);
INSERT INTO player_score VALUES('61d9ea529',23,'34f2a15ba','4ae4e0dac',22504,2491,1653989874,1653989874);
INSERT INTO player_score VALUES('626a68157',23,'34f2a15ba','4d1b02098',55986,2605,1654005025,1654005025);
INSERT INTO player_score VALUES('6350da390',23,'34f2a15ba','528c3d86f',22272,2686,1654029189,1654029189);
INSERT INTO player_score VALUES('4fcfa9646',23,'35343477b','25dc1da4b',7290,2085,1653505615,1653505615);
INSERT INTO player_score VALUES('63947caa6',23,'35343477b','466a79dac',267900,2826,1654036281,1654036281);
INSERT INTO player_score VALUES('6363e343a',23,'35343477b','4ae4e0dac',170000,2662,1654031185,1654031185);
INSERT INTO player_score VALUES('634a2105b',23,'35343477b','4d1b02098',9072,2713,1654028484,1654028484);
INSERT INTO player_score VALUES('627fa7880',23,'35343477b','528c3d86f',223608,2549,1654007253,1654007253);
INSERT INTO player_score VALUES('54525ed78',23,'35d06842d','25dc1da4b',298485,2319,1653626695,1653626695);
INSERT INTO player_score VALUES('636ed5fdb',23,'35d06842d','466a79dac',1072,2811,1654032333,1654032333);
INSERT INTO player_score VALUES('635d475f7',23,'35d06842d','4ae4e0dac',0,2658,1654030492,1654030492);
INSERT INTO player_score VALUES('634905d2d',23,'35d06842d','4d1b02098',24225,2712,1654028368,1654028368);
INSERT INTO player_score VALUES('63bb4d363',23,'35d06842d','528c3d86f',266910,2750,1654040351,1654040351);
INSERT INTO player_score VALUES('5234c00fc',23,'35e6b9272','25dc1da4b',234436,2228,1653569902,1653569902);
INSERT INTO player_score VALUES('6313ee856',23,'35e6b9272','466a79dac',45954,2777,1654022801,1654022801);
INSERT INTO player_score VALUES('622f49cd6',23,'35e6b9272','4ae4e0dac',170100,2523,1653998826,1653998826);
INSERT INTO player_score VALUES('6264a0974',23,'35e6b9272','4d1b02098',222768,2602,1654004419,1654004419);
INSERT INTO player_score VALUES('62f2e7ec9',23,'35e6b9272','528c3d86f',32940,2627,1654019338,1654019338);
INSERT INTO player_score VALUES('557896abe',23,'35f7142dc','25dc1da4b',14455,2373,1653657546,1653657546);
INSERT INTO player_score VALUES('61814ccb6',23,'35f7142dc','466a79dac',141120,2617,1653980582,1653980582);
INSERT INTO player_score VALUES('63c196136',23,'35f7142dc','4ae4e0dac',20475,2699,1654041010,1654041010);
INSERT INTO player_score VALUES('60964ba9e',23,'35f7142dc','4d1b02098',19456,2372,1653955940,1653955940);
INSERT INTO player_score VALUES('6312f09ad',23,'35f7142dc','528c3d86f',12900,2647,1654022697,1654022697);
INSERT INTO player_score VALUES('566255899',23,'36315e0ad','25dc1da4b',15664,2422,1653682056,1653682056);
INSERT INTO player_score VALUES('637f0c639',23,'36315e0ad','466a79dac',260736,2817,1654034033,1654034033);
INSERT INTO player_score VALUES('62f126b6d',23,'36315e0ad','4ae4e0dac',6032,2611,1654019154,1654019154);
INSERT INTO player_score VALUES('6196abfca',23,'36315e0ad','4d1b02098',10800,2510,1653982823,1653982823);
INSERT INTO player_score VALUES('63393adaa',23,'36315e0ad','528c3d86f',96000,2670,1654026712,1654026712);
INSERT INTO player_score VALUES('5736ade52',23,'364aea90a','25dc1da4b',73440,2471,1653704322,1653704322);
INSERT INTO player_score VALUES('61b282705',23,'364aea90a','466a79dac',104328,2632,1653985742,1653985742);
INSERT INTO player_score VALUES('63c572db5',23,'364aea90a','4ae4e0dac',416,2700,1654041415,1654041415);
INSERT INTO player_score VALUES('6212b005d',23,'364aea90a','4d1b02098',18250,2561,1653995827,1653995827);
INSERT INTO player_score VALUES('638baccec',23,'364aea90a','528c3d86f',207900,2718,1654035357,1654035357);
INSERT INTO player_score VALUES('55db528b9',23,'371993d5e','25dc1da4b',573496,2398,1653667899,1653667899);
INSERT INTO player_score VALUES('5cebded34',23,'371993d5e','466a79dac',321104,2200,1653857539,1653857539);
INSERT INTO player_score VALUES('635b02504',23,'371993d5e','4ae4e0dac',1634,2654,1654030254,1654030254);
INSERT INTO player_score VALUES('62c7a8269',23,'371993d5e','4d1b02098',43470,2647,1654014803,1654014803);
INSERT INTO player_score VALUES('6359c27d8',23,'371993d5e','528c3d86f',12616,2694,1654030123,1654030123);
INSERT INTO player_score VALUES('56a5aebf2',23,'37cfe917a','25dc1da4b',16800,2442,1653689118,1653689118);
INSERT INTO player_score VALUES('63aa69778',23,'37cfe917a','466a79dac',101175,2835,1654038580,1654038580);
INSERT INTO player_score VALUES('62ef3e6e6',23,'37cfe917a','4ae4e0dac',42500,2608,1654018954,1654018954);
INSERT INTO player_score VALUES('63b6fdacc',23,'37cfe917a','4d1b02098',2912,2751,1654039899,1654039899);
INSERT INTO player_score VALUES('6364a6955',23,'37cfe917a','528c3d86f',45540,2702,1654031265,1654031265);
INSERT INTO player_score VALUES('570f1a0f7',23,'37f62e713','25dc1da4b',1617,2459,1653700172,1653700172);
INSERT INTO player_score VALUES('63684da36',23,'37f62e713','466a79dac',199680,2809,1654031648,1654031648);
INSERT INTO player_score VALUES('638e4000b',23,'37f62e713','4ae4e0dac',68150,2680,1654035627,1654035627);
INSERT INTO player_score VALUES('5dc84b0db',23,'37f62e713','4d1b02098',74866,2036,1653880652,1653880652);
INSERT INTO player_score VALUES('631d9c8b6',23,'37f62e713','528c3d86f',15810,2652,1654023816,1654023816);
INSERT INTO player_score VALUES('52031a1ce',23,'39d527a48','25dc1da4b',570360,2210,1653564696,1653564696);
INSERT INTO player_score VALUES('63aefd5bc',23,'39d527a48','466a79dac',531432,2836,1654039060,1654039060);
INSERT INTO player_score VALUES('5e2067367',23,'39d527a48','4ae4e0dac',6800,2092,1653889891,1653889891);
INSERT INTO player_score VALUES('628f26d03',23,'39d527a48','4d1b02098',47804,2623,1654008878,1654008878);
INSERT INTO player_score VALUES('625be6b18',23,'39d527a48','528c3d86f',611100,2533,1654003504,1654003504);
INSERT INTO player_score VALUES('57202ea03',23,'3a2975abe','25dc1da4b',24510,2463,1653701963,1653701963);
INSERT INTO player_score VALUES('613ca9fd7',23,'3a2975abe','466a79dac',36960,2600,1653973385,1653973385);
INSERT INTO player_score VALUES('62e69a83d',23,'3a2975abe','528c3d86f',264936,2617,1654018048,1654018048);
INSERT INTO player_score VALUES('574c69d9d',23,'3a2a1e23f','25dc1da4b',25984,2476,1653706601,1653706601);
INSERT INTO player_score VALUES('62163274f',23,'3a2a1e23f','466a79dac',427042,2683,1653996195,1653996195);
INSERT INTO player_score VALUES('629baed45',23,'3a2a1e23f','4ae4e0dac',24960,2567,1654010192,1654010192);
INSERT INTO player_score VALUES('639d564b8',23,'3a2a1e23f','4d1b02098',1200,2745,1654037209,1654037209);
INSERT INTO player_score VALUES('633c37050',23,'3a2a1e23f','528c3d86f',75600,2673,1654027025,1654027025);
INSERT INTO player_score VALUES('529168c5d',23,'3a2ff4472','25dc1da4b',79344,2244,1653579618,1653579618);
INSERT INTO player_score VALUES('62681bb17',23,'3a2ff4472','466a79dac',79730,2713,1654004784,1654004784);
INSERT INTO player_score VALUES('62d8c1942',23,'3a2ff4472','4ae4e0dac',33984,2596,1654016596,1654016596);
INSERT INTO player_score VALUES('624135315',23,'3a2ff4472','4d1b02098',207480,2581,1654000705,1654000705);
INSERT INTO player_score VALUES('5685d204b',23,'3a72c7317','25dc1da4b',88722,2430,1653685777,1653685777);
INSERT INTO player_score VALUES('62b4a18df',23,'3a72c7317','466a79dac',36480,2745,1654012808,1654012808);
INSERT INTO player_score VALUES('632e93d0d',23,'3a72c7317','4ae4e0dac',30690,2637,1654025595,1654025595);
INSERT INTO player_score VALUES('634127a8b',23,'3a72c7317','4d1b02098',14514,2706,1654027543,1654027543);
INSERT INTO player_score VALUES('630b3982a',23,'3a72c7317','528c3d86f',15228,2645,1654021888,1654021888);
INSERT INTO player_score VALUES('54ab17407',23,'3ac49a789','25dc1da4b',11520,2333,1653635998,1653635998);
INSERT INTO player_score VALUES('5b6ec35e7',23,'3ac49a789','466a79dac',80496,2074,1653817577,1653817577);
INSERT INTO player_score VALUES('6348f72fc',23,'3ac49a789','4ae4e0dac',7500,2649,1654028362,1654028362);
INSERT INTO player_score VALUES('632074179',23,'3ac49a789','4d1b02098',122322,2684,1654024114,1654024114);
INSERT INTO player_score VALUES('62d61fc27',23,'3ac49a789','528c3d86f',19224,2610,1654016320,1654016320);
INSERT INTO player_score VALUES('5642f0717',23,'3c30c1214','25dc1da4b',1475,2413,1653678764,1653678764);
INSERT INTO player_score VALUES('62ccfce62',23,'3c30c1214','466a79dac',83200,2753,1654015362,1654015362);
INSERT INTO player_score VALUES('63438041d',23,'3c30c1214','4ae4e0dac',15500,2647,1654027789,1654027789);
INSERT INTO player_score VALUES('620ee93c0',23,'3c30c1214','4d1b02098',218790,2560,1653995431,1653995431);
INSERT INTO player_score VALUES('63ab53d5e',23,'3c30c1214','528c3d86f',13192,2741,1654038676,1654038676);
INSERT INTO player_score VALUES('55e62a6e8',23,'3ca755900','25dc1da4b',82620,2402,1653669036,1653669036);
INSERT INTO player_score VALUES('634ffe7bd',23,'3ca755900','466a79dac',30972,2798,1654029099,1654029099);
INSERT INTO player_score VALUES('62de38837',23,'3ca755900','4ae4e0dac',0,2599,1654017169,1654017169);
INSERT INTO player_score VALUES('62a7c1a26',23,'3ca755900','528c3d86f',156128,2578,1654011458,1654011458);
INSERT INTO player_score VALUES('569740e9c',23,'3cf586ac7','25dc1da4b',605568,2438,1653687605,1653687605);
INSERT INTO player_score VALUES('6398940a5',23,'3cf586ac7','466a79dac',150626,2828,1654036710,1654036710);
INSERT INTO player_score VALUES('62de38838',23,'3cf586ac7','4ae4e0dac',20418,2598,1654017169,1654017169);
INSERT INTO player_score VALUES('630752fad',23,'3cf586ac7','4d1b02098',64554,2676,1654021479,1654021479);
INSERT INTO player_score VALUES('531db6bd7',23,'3d7292642','25dc1da4b',24108,2271,1653594330,1653594330);
INSERT INTO player_score VALUES('62a11bfe5',23,'3d7292642','466a79dac',352444,2736,1654010761,1654010761);
INSERT INTO player_score VALUES('63a31b5ae',23,'3d7292642','4ae4e0dac',109980,2690,1654037814,1654037814);
INSERT INTO player_score VALUES('6251be9ad',23,'3d7292642','4d1b02098',104940,2594,1654002439,1654002439);
INSERT INTO player_score VALUES('61fd58284',23,'3d7292642','528c3d86f',118575,2477,1653993589,1653993589);
INSERT INTO player_score VALUES('569a07586',23,'3efbe54ad','25dc1da4b',43520,2439,1653687896,1653687896);
INSERT INTO player_score VALUES('633cd5b53',23,'3efbe54ad','466a79dac',2190,2787,1654027090,1654027090);
INSERT INTO player_score VALUES('62a29b467',23,'3efbe54ad','4ae4e0dac',0,2572,1654010918,1654010918);
INSERT INTO player_score VALUES('62b7dabb9',23,'3efbe54ad','4d1b02098',252945,2642,1654013146,1654013146);
INSERT INTO player_score VALUES('62cea8230',23,'3efbe54ad','528c3d86f',4056,2604,1654015537,1654015537);
INSERT INTO player_score VALUES('546556cd6',23,'3f19f97d7','25dc1da4b',13020,2323,1653628684,1653628684);
INSERT INTO player_score VALUES('63b4a78b1',23,'3f19f97d7','466a79dac',200340,2838,1654039654,1654039654);
INSERT INTO player_score VALUES('62f18fad4',23,'3f19f97d7','4ae4e0dac',69564,2612,1654019197,1654019197);
INSERT INTO player_score VALUES('6390d32af',23,'3f19f97d7','4d1b02098',203008,2738,1654035897,1654035897);
INSERT INTO player_score VALUES('54dc0139b',23,'3f299af66','25dc1da4b',50960,2340,1653641127,1653641127);
INSERT INTO player_score VALUES('61c2aa324',23,'3f299af66','4ae4e0dac',151704,2479,1653987436,1653987436);
INSERT INTO player_score VALUES('6275e1183',23,'3f299af66','4d1b02098',88000,2613,1654006228,1654006228);
INSERT INTO player_score VALUES('630548823',23,'3f299af66','528c3d86f',76024,2640,1654021265,1654021265);
INSERT INTO player_score VALUES('57521b63e',23,'3fa840d61','25dc1da4b',10440,2478,1653707198,1653707198);
INSERT INTO player_score VALUES('632322208',23,'3fa840d61','466a79dac',50112,2780,1654024395,1654024395);
INSERT INTO player_score VALUES('60b6bd4f1',23,'3fa840d61','4ae4e0dac',200928,2369,1653959342,1653959342);
INSERT INTO player_score VALUES('6348bf083',23,'3fa840d61','4d1b02098',75735,2711,1654028339,1654028339);
INSERT INTO player_score VALUES('636680396',23,'3fa840d61','528c3d86f',232500,2703,1654031459,1654031459);
INSERT INTO player_score VALUES('4b7f29eb2',23,'40960fba5','25dc1da4b',133000,1863,1653389800,1653389800);
INSERT INTO player_score VALUES('636422bfe',23,'40960fba5','466a79dac',7440,2808,1654031211,1654031211);
INSERT INTO player_score VALUES('6393a847e',23,'40960fba5','4d1b02098',4628,2739,1654036194,1654036194);
INSERT INTO player_score VALUES('60458eb4d',23,'40960fba5','528c3d86f',89280,2220,1653947474,1653947474);
INSERT INTO player_score VALUES('567621e4a',23,'41a87da29','25dc1da4b',74620,2427,1653684132,1653684132);
INSERT INTO player_score VALUES('607f6d2a4',23,'41a87da29','466a79dac',169632,2533,1653953542,1653953542);
INSERT INTO player_score VALUES('60619d54d',23,'41a87da29','4ae4e0dac',8064,2336,1653950416,1653950416);
INSERT INTO player_score VALUES('633dc015e',23,'41a87da29','4d1b02098',67545,2705,1654027186,1654027186);
INSERT INTO player_score VALUES('61e009ba4',23,'41a87da29','528c3d86f',158994,2465,1653990516,1653990516);
INSERT INTO player_score VALUES('559c948ce',23,'42459e422','25dc1da4b',21390,2385,1653661320,1653661320);
INSERT INTO player_score VALUES('5e98b0a92',23,'42459e422','466a79dac',2160,2370,1653902504,1653902504);
INSERT INTO player_score VALUES('631aac984',23,'42459e422','4ae4e0dac',39858,2625,1654023508,1654023508);
INSERT INTO player_score VALUES('626d9c625',23,'42459e422','4d1b02098',23051,2609,1654005361,1654005361);
INSERT INTO player_score VALUES('6395167c3',23,'42459e422','528c3d86f',39960,2725,1654036344,1654036344);
INSERT INTO player_score VALUES('5d43e0204',23,'42df59b87','466a79dac',679830,2239,1653866767,1653866767);
INSERT INTO player_score VALUES('602e229e7',23,'42df59b87','4ae4e0dac',151632,2308,1653945018,1653945018);
INSERT INTO player_score VALUES('62fe5c0cb',23,'42df59b87','528c3d86f',5984,2633,1654020539,1654020539);
INSERT INTO player_score VALUES('575b3e3db',23,'4317e9b5b','25dc1da4b',248850,2481,1653708156,1653708156);
INSERT INTO player_score VALUES('5f852c368',23,'4317e9b5b','466a79dac',41328,2452,1653927301,1653927301);
INSERT INTO player_score VALUES('5fdf8fdc5',23,'4317e9b5b','4ae4e0dac',120474,2275,1653936779,1653936779);
INSERT INTO player_score VALUES('61fca8635',23,'4317e9b5b','4d1b02098',220320,2552,1653993517,1653993517);
INSERT INTO player_score VALUES('63c3d3d0f',23,'4317e9b5b','528c3d86f',156000,2755,1654041245,1654041245);
INSERT INTO player_score VALUES('55bc8c25e',23,'45ba7e958','25dc1da4b',39360,2392,1653664672,1653664672);
INSERT INTO player_score VALUES('63635cffa',23,'45ba7e958','466a79dac',441612,2807,1654031130,1654031130);
INSERT INTO player_score VALUES('621be66b9',23,'45ba7e958','4ae4e0dac',5676,2514,1653996793,1653996793);
INSERT INTO player_score VALUES('5d5ddcf47',23,'45ba7e958','4d1b02098',39960,1989,1653869492,1653869492);
INSERT INTO player_score VALUES('62db74836',23,'45ba7e958','528c3d86f',21672,2611,1654016879,1654016879);
INSERT INTO player_score VALUES('5499bbe64',23,'4624aac2c','25dc1da4b',57681,2331,1653634178,1653634178);
INSERT INTO player_score VALUES('6310f4cb2',23,'4624aac2c','466a79dac',113344,2776,1654022489,1654022489);
INSERT INTO player_score VALUES('63c65fabf',23,'4624aac2c','4ae4e0dac',41360,2702,1654041512,1654041512);
INSERT INTO player_score VALUES('6385f6691',23,'4624aac2c','4d1b02098',8658,2735,1654034758,1654034758);
INSERT INTO player_score VALUES('62631034f',23,'4624aac2c','528c3d86f',113160,2536,1654004255,1654004255);
INSERT INTO player_score VALUES('527677cd2',23,'4826694be','25dc1da4b',331240,2238,1653576793,1653576793);
INSERT INTO player_score VALUES('639db7f4c',23,'4826694be','466a79dac',158100,2831,1654037249,1654037249);
INSERT INTO player_score VALUES('620a8d7fe',23,'4826694be','4ae4e0dac',120960,2510,1653994974,1653994974);
INSERT INTO player_score VALUES('637edb8f3',23,'4826694be','4d1b02098',9072,2729,1654034013,1654034013);
INSERT INTO player_score VALUES('63636ba0b',23,'4826694be','528c3d86f',43560,2701,1654031136,1654031136);
INSERT INTO player_score VALUES('4f15f8c11',23,'48bf442b9','25dc1da4b',56025,2058,1653486144,1653486144);
INSERT INTO player_score VALUES('638b13043',23,'48bf442b9','466a79dac',18876,2823,1654035294,1654035294);
INSERT INTO player_score VALUES('6376e28a6',23,'48bf442b9','4ae4e0dac',466480,2673,1654033177,1654033177);
INSERT INTO player_score VALUES('632f54aa6',23,'48bf442b9','4d1b02098',100800,2696,1654025674,1654025674);
INSERT INTO player_score VALUES('6373209f9',23,'48bf442b9','528c3d86f',197955,2707,1654032783,1654032783);
INSERT INTO player_score VALUES('56ec3765a',23,'48e7f0c24','25dc1da4b',6764,2454,1653696514,1653696514);
INSERT INTO player_score VALUES('62344b894',23,'48e7f0c24','466a79dac',72324,2696,1653999351,1653999351);
INSERT INTO player_score VALUES('62acde3dc',23,'48e7f0c24','4ae4e0dac',5670,2574,1654011994,1654011994);
INSERT INTO player_score VALUES('635a52882',23,'48e7f0c24','4d1b02098',98208,2720,1654030182,1654030182);
INSERT INTO player_score VALUES('626733c45',23,'48e7f0c24','528c3d86f',12150,2540,1654004689,1654004689);
INSERT INTO player_score VALUES('575ad2d40',23,'496bb5ad5','25dc1da4b',70300,2480,1653708112,1653708112);
INSERT INTO player_score VALUES('63434cf8b',23,'496bb5ad5','466a79dac',171600,2790,1654027768,1654027768);
INSERT INTO player_score VALUES('62ebd949b',23,'496bb5ad5','4ae4e0dac',75922,2605,1654018598,1654018598);
INSERT INTO player_score VALUES('6244e1285',23,'496bb5ad5','4d1b02098',71877,2582,1654001090,1654001090);
INSERT INTO player_score VALUES('54035bcf4',23,'498361404','25dc1da4b',17248,2307,1653618410,1653618410);
INSERT INTO player_score VALUES('635deaf46',23,'498361404','466a79dac',114048,2804,1654030559,1654030559);
INSERT INTO player_score VALUES('605d726e3',23,'498361404','4ae4e0dac',12728,2334,1653949979,1653949979);
INSERT INTO player_score VALUES('5ed000d18',23,'498361404','4d1b02098',37440,2161,1653908304,1653908304);
INSERT INTO player_score VALUES('636e103f0',23,'498361404','528c3d86f',100776,2705,1654032252,1654032252);
INSERT INTO player_score VALUES('56738c485',23,'4aa93768c','25dc1da4b',73372,2426,1653683861,1653683861);
INSERT INTO player_score VALUES('61b240861',23,'4aa93768c','4d1b02098',183600,2523,1653985715,1653985715);
INSERT INTO player_score VALUES('631882630',23,'4aa93768c','528c3d86f',39744,2650,1654023281,1654023281);
INSERT INTO player_score VALUES('537bfe7be',23,'4be1d4b77','25dc1da4b',63375,2288,1653604216,1653604216);
INSERT INTO player_score VALUES('6291696e8',23,'4be1d4b77','466a79dac',0,2728,1654009115,1654009115);
INSERT INTO player_score VALUES('6365f77f3',23,'4be1d4b77','4ae4e0dac',0,2665,1654031403,1654031403);
INSERT INTO player_score VALUES('63ac34751',23,'4be1d4b77','4d1b02098',241776,2748,1654038768,1654038768);
INSERT INTO player_score VALUES('534be676e',23,'4c34bbdc1','25dc1da4b',54612,2280,1653599173,1653599173);
INSERT INTO player_score VALUES('62db2db70',23,'4c34bbdc1','466a79dac',61425,2758,1654016850,1654016850);
INSERT INTO player_score VALUES('63898ed17',23,'4c34bbdc1','4ae4e0dac',28302,2679,1654035135,1654035135);
INSERT INTO player_score VALUES('6352179ac',23,'4c34bbdc1','4d1b02098',56729,2715,1654029319,1654029319);
INSERT INTO player_score VALUES('63a6f0cc5',23,'4c34bbdc1','528c3d86f',15714,2737,1654038216,1654038216);
INSERT INTO player_score VALUES('55f2bc32f',23,'4caaf3851','25dc1da4b',12288,2404,1653670354,1653670354);
INSERT INTO player_score VALUES('63759dd91',23,'4caaf3851','466a79dac',1073,2814,1654033044,1654033044);
INSERT INTO player_score VALUES('628316713',23,'4caaf3851','4ae4e0dac',13248,2556,1654007613,1654007613);
INSERT INTO player_score VALUES('63a048b5b',23,'4caaf3851','4d1b02098',83072,2746,1654037518,1654037518);
INSERT INTO player_score VALUES('61e61591d',23,'4caaf3851','528c3d86f',40608,2469,1653991150,1653991150);
INSERT INTO player_score VALUES('53691eed8',23,'4d49454da','25dc1da4b',101308,2284,1653602237,1653602237);
INSERT INTO player_score VALUES('63c45efc6',23,'4d49454da','466a79dac',19040,2844,1654041302,1654041302);
INSERT INTO player_score VALUES('6375fa9f5',23,'4d49454da','4ae4e0dac',45936,2672,1654033082,1654033082);
INSERT INTO player_score VALUES('63471d88d',23,'4d49454da','4d1b02098',35340,2710,1654028168,1654028168);
INSERT INTO player_score VALUES('5f959854b',23,'4d49454da','528c3d86f',850,2096,1653929023,1653929023);
INSERT INTO player_score VALUES('527ab156a',23,'4e3a858d5','25dc1da4b',12384,2240,1653577236,1653577236);
INSERT INTO player_score VALUES('622df18d7',23,'4e3a858d5','466a79dac',80886,2693,1653998685,1653998685);
INSERT INTO player_score VALUES('636ee985f',23,'4e3a858d5','4ae4e0dac',305730,2667,1654032341,1654032341);
INSERT INTO player_score VALUES('633ad9e31',23,'4e3a858d5','4d1b02098',324786,2703,1654026882,1654026882);
INSERT INTO player_score VALUES('634650770',23,'4e3a858d5','528c3d86f',77004,2680,1654028084,1654028084);
INSERT INTO player_score VALUES('56523ee50',23,'4e6ffe890','25dc1da4b',424320,2415,1653680369,1653680369);
INSERT INTO player_score VALUES('635c310a7',23,'4e6ffe890','4ae4e0dac',49896,2656,1654030378,1654030378);
INSERT INTO player_score VALUES('63416c073',23,'4e6ffe890','4d1b02098',543704,2707,1654027571,1654027571);
INSERT INTO player_score VALUES('639c00800',23,'4e6ffe890','528c3d86f',358340,2730,1654037069,1654037069);
INSERT INTO player_score VALUES('613d30453',23,'4eae7349d','466a79dac',111672,2601,1653973440,1653973440);
INSERT INTO player_score VALUES('624451198',23,'4eae7349d','4ae4e0dac',28925,2531,1654001031,1654001031);
INSERT INTO player_score VALUES('623a7e741',23,'4eae7349d','4d1b02098',349184,2577,1654000001,1654000001);
INSERT INTO player_score VALUES('62e1f58d7',23,'4eae7349d','528c3d86f',41580,2613,1654017561,1654017561);
INSERT INTO player_score VALUES('570754513',23,'4efd73eb1','25dc1da4b',495,2458,1653699357,1653699357);
INSERT INTO player_score VALUES('5bbc18bc1',23,'4efd73eb1','466a79dac',4680,2097,1653825686,1653825686);
INSERT INTO player_score VALUES('639b336e8',23,'4efd73eb1','4d1b02098',74844,2742,1654036985,1654036985);
INSERT INTO player_score VALUES('632d036a1',23,'4efd73eb1','528c3d86f',28440,2657,1654025431,1654025431);
INSERT INTO player_score VALUES('50443d243',23,'4fa2751b6','25dc1da4b',1815,2122,1653517839,1653517839);
INSERT INTO player_score VALUES('5f7f98013',23,'4fa2751b6','466a79dac',71424,2450,1653926716,1653926716);
INSERT INTO player_score VALUES('62eda9292',23,'4fa2751b6','4ae4e0dac',1036,2606,1654018788,1654018788);
INSERT INTO player_score VALUES('631c55666',23,'4fa2751b6','4d1b02098',76800,2681,1654023682,1654023682);
INSERT INTO player_score VALUES('62eb249f8',23,'4fa2751b6','528c3d86f',175392,2620,1654018524,1654018524);
INSERT INTO player_score VALUES('53ce09e88',23,'51d96aba9','25dc1da4b',3528,2301,1653612819,1653612819);
INSERT INTO player_score VALUES('632b3870d',23,'51d96aba9','466a79dac',116688,2782,1654025243,1654025243);
INSERT INTO player_score VALUES('63973206c',23,'51d96aba9','4ae4e0dac',211640,2685,1654036565,1654036565);
INSERT INTO player_score VALUES('625cd1123',23,'51d96aba9','4d1b02098',161838,2599,1654003600,1654003600);
INSERT INTO player_score VALUES('62e076408',23,'51d96aba9','528c3d86f',5580,2612,1654017404,1654017404);
INSERT INTO player_score VALUES('5589ed283',23,'521e54508','25dc1da4b',25900,2380,1653659364,1653659364);
INSERT INTO player_score VALUES('637fa14f5',23,'521e54508','466a79dac',134810,2818,1654034094,1654034094);
INSERT INTO player_score VALUES('62d1f4e16',23,'521e54508','4ae4e0dac',60480,2593,1654015883,1654015883);
INSERT INTO player_score VALUES('5fb749ccf',23,'521e54508','4d1b02098',258400,2268,1653932556,1653932556);
INSERT INTO player_score VALUES('63892f982',23,'521e54508','528c3d86f',542880,2715,1654035096,1654035096);
INSERT INTO player_score VALUES('5500bff79',23,'5264ee0a7','25dc1da4b',261450,2350,1653644980,1653644980);
INSERT INTO player_score VALUES('6349a4821',23,'5264ee0a7','466a79dac',47472,2792,1654028433,1654028433);
INSERT INTO player_score VALUES('63bdca6ae',23,'5264ee0a7','4ae4e0dac',80040,2697,1654040612,1654040612);
INSERT INTO player_score VALUES('62728d0cb',23,'5264ee0a7','4d1b02098',412800,2612,1654005879,1654005879);
INSERT INTO player_score VALUES('63b9da1ca',23,'5264ee0a7','528c3d86f',12784,2748,1654040199,1654040199);
INSERT INTO player_score VALUES('5664e64ad',23,'537d25e32','25dc1da4b',6930,2423,1653682325,1653682325);
INSERT INTO player_score VALUES('6376045f1',23,'537d25e32','466a79dac',514600,2815,1654033086,1654033086);
INSERT INTO player_score VALUES('63911c67f',23,'537d25e32','4ae4e0dac',169290,2683,1654035927,1654035927);
INSERT INTO player_score VALUES('63b86be82',23,'537d25e32','4d1b02098',122544,2752,1654040049,1654040049);
INSERT INTO player_score VALUES('633df359a',23,'537d25e32','528c3d86f',29160,2675,1654027207,1654027207);
INSERT INTO player_score VALUES('56ad60f68',23,'53a6983e0','25dc1da4b',85680,2444,1653689925,1653689925);
INSERT INTO player_score VALUES('63b181e04',23,'53a6983e0','466a79dac',13608,2837,1654039324,1654039324);
INSERT INTO player_score VALUES('635d07e3c',23,'53a6983e0','4ae4e0dac',0,2657,1654030466,1654030466);
INSERT INTO player_score VALUES('639c92fbb',23,'53a6983e0','4d1b02098',360,2744,1654037129,1654037129);
INSERT INTO player_score VALUES('635fb5f01',23,'53a6983e0','528c3d86f',170765,2699,1654030747,1654030747);
INSERT INTO player_score VALUES('568a43b72',23,'53b70458a','25dc1da4b',54625,2431,1653686243,1653686243);
INSERT INTO player_score VALUES('5f1193ec8',23,'53b70458a','466a79dac',111012,2416,1653915180,1653915180);
INSERT INTO player_score VALUES('62d2bd0e7',23,'53b70458a','4ae4e0dac',63632,2594,1654015965,1654015965);
INSERT INTO player_score VALUES('624aa3c01',23,'53b70458a','4d1b02098',205200,2590,1654001694,1654001694);
INSERT INTO player_score VALUES('624576105',23,'53b70458a','528c3d86f',17085,2524,1654001151,1654001151);
INSERT INTO player_score VALUES('61cd6e888',23,'54ca0e82c','466a79dac',0,2645,1653988565,1653988565);
INSERT INTO player_score VALUES('63164e6fc',23,'54ca0e82c','4ae4e0dac',219219,2623,1654023050,1654023050);
INSERT INTO player_score VALUES('62c2c894c',23,'54ca0e82c','4d1b02098',15732,2646,1654014292,1654014292);
INSERT INTO player_score VALUES('635d53943',23,'54ca0e82c','528c3d86f',25272,2696,1654030497,1654030497);
INSERT INTO player_score VALUES('4e5ef89b0',23,'5532881bf','25dc1da4b',85374,2020,1653466955,1653466955);
INSERT INTO player_score VALUES('635c3fb1a',23,'5532881bf','466a79dac',40572,2803,1654030384,1654030384);
INSERT INTO player_score VALUES('63b17d019',23,'5532881bf','4ae4e0dac',10440,2693,1654039322,1654039322);
INSERT INTO player_score VALUES('63a7dd9ee',23,'5532881bf','528c3d86f',100572,2740,1654038313,1654038313);
INSERT INTO player_score VALUES('56a8bc010',23,'56580db21','25dc1da4b',269360,2443,1653689438,1653689438);
INSERT INTO player_score VALUES('635f9d840',23,'56580db21','4ae4e0dac',39648,2660,1654030737,1654030737);
INSERT INTO player_score VALUES('61c43a909',23,'56580db21','4d1b02098',204984,2530,1653987600,1653987600);
INSERT INTO player_score VALUES('627c4743a',23,'56580db21','528c3d86f',52560,2547,1654006899,1654006899);
INSERT INTO player_score VALUES('636ac3859',23,'565e1bfdb','466a79dac',210600,2810,1654031906,1654031906);
INSERT INTO player_score VALUES('635343e45',23,'565e1bfdb','4ae4e0dac',14852,2651,1654029442,1654029442);
INSERT INTO player_score VALUES('63468b0de',23,'565e1bfdb','4d1b02098',271839,2709,1654028108,1654028108);
INSERT INTO player_score VALUES('6301e8425',23,'565e1bfdb','528c3d86f',2016,2636,1654020911,1654020911);
INSERT INTO player_score VALUES('533f264c9',23,'56633feda','25dc1da4b',138807,2279,1653597836,1653597836);
INSERT INTO player_score VALUES('63984d3b7',23,'56633feda','466a79dac',50112,2827,1654036681,1654036681);
INSERT INTO player_score VALUES('639b92a26',23,'56633feda','4d1b02098',108885,2743,1654037024,1654037024);
INSERT INTO player_score VALUES('63ba39510',23,'56633feda','528c3d86f',141680,2749,1654040238,1654040238);
INSERT INTO player_score VALUES('54e71fe9c',23,'567b372d3','25dc1da4b',60750,2341,1653642293,1653642293);
INSERT INTO player_score VALUES('633cbd4d8',23,'567b372d3','466a79dac',110448,2786,1654027080,1654027080);
INSERT INTO player_score VALUES('60361b9e6',23,'567b372d3','4ae4e0dac',76700,2311,1653945854,1653945854);
INSERT INTO player_score VALUES('635dc6553',23,'567b372d3','4d1b02098',207192,2721,1654030544,1654030544);
INSERT INTO player_score VALUES('634d8d7ce',23,'567b372d3','528c3d86f',122388,2684,1654028843,1654028843);
INSERT INTO player_score VALUES('550d8ec47',23,'56be2ebcd','25dc1da4b',14880,2352,1653646323,1653646323);
INSERT INTO player_score VALUES('62b28d50a',23,'56be2ebcd','466a79dac',42525,2741,1654012590,1654012590);
INSERT INTO player_score VALUES('622149ce6',23,'56be2ebcd','4ae4e0dac',567600,2517,1653997358,1653997358);
INSERT INTO player_score VALUES('61fe3650f',23,'56be2ebcd','4d1b02098',1440,2554,1653993680,1653993680);
INSERT INTO player_score VALUES('610b60caa',23,'56be2ebcd','528c3d86f',45084,2329,1653968217,1653968217);
INSERT INTO player_score VALUES('53d77871d',23,'56f83b925','25dc1da4b',40716,2302,1653613808,1653613808);
INSERT INTO player_score VALUES('61f3d883b',23,'56f83b925','466a79dac',135594,2663,1653992593,1653992593);
INSERT INTO player_score VALUES('6070c99ae',23,'56f83b925','4d1b02098',61065,2353,1653952007,1653952007);
INSERT INTO player_score VALUES('6338d9355',23,'56f83b925','528c3d86f',105938,2669,1654026672,1654026672);
INSERT INTO player_score VALUES('573e3df0c',23,'570c6c048','25dc1da4b',107730,2472,1653705115,1653705115);
INSERT INTO player_score VALUES('62e073cde',23,'570c6c048','466a79dac',23760,2763,1654017403,1654017403);
INSERT INTO player_score VALUES('63442b262',23,'570c6c048','4d1b02098',221076,2708,1654027859,1654027859);
INSERT INTO player_score VALUES('60c587f2c',23,'570c6c048','528c3d86f',74451,2298,1653960893,1653960893);
INSERT INTO player_score VALUES('634284c6e',23,'59fbefb5b','466a79dac',706800,2788,1654027686,1654027686);
INSERT INTO player_score VALUES('63c63d81d',23,'59fbefb5b','4ae4e0dac',59432,2701,1654041498,1654041498);
INSERT INTO player_score VALUES('639128a24',23,'59fbefb5b','528c3d86f',104748,2723,1654035932,1654035932);
INSERT INTO player_score VALUES('5e7c16e40',23,'5a8c6894e','466a79dac',16744,2363,1653899505,1653899505);
INSERT INTO player_score VALUES('61bc8106a',23,'5a8c6894e','4ae4e0dac',110600,2475,1653986790,1653986790);
INSERT INTO player_score VALUES('629d86051',23,'5a8c6894e','4d1b02098',274512,2628,1654010385,1654010385);
INSERT INTO player_score VALUES('638d580f4',23,'5a8c6894e','528c3d86f',270692,2719,1654035532,1654035532);
INSERT INTO player_score VALUES('628949590',23,'5abe555af','466a79dac',38454,2724,1654008263,1654008263);
INSERT INTO player_score VALUES('62bd62c2e',23,'5abe555af','4ae4e0dac',295200,2583,1654013726,1654013726);
INSERT INTO player_score VALUES('629275fb7',23,'5abe555af','4d1b02098',107604,2625,1654009225,1654009225);
INSERT INTO player_score VALUES('61b66ddc7',23,'5abe555af','528c3d86f',221100,2435,1653986153,1653986153);
INSERT INTO player_score VALUES('61cf45bba',23,'5ac3e7202','4ae4e0dac',50589,2486,1653988758,1653988758);
INSERT INTO player_score VALUES('63b91e1f4',23,'5ac3e7202','4d1b02098',1512,2753,1654040122,1654040122);
INSERT INTO player_score VALUES('63be24bf9',23,'5ac3e7202','528c3d86f',299460,2751,1654040649,1654040649);
INSERT INTO player_score VALUES('62c0b6ce8',23,'5afd41bb2','466a79dac',407208,2748,1654014075,1654014075);
INSERT INTO player_score VALUES('6121e2870',23,'5afd41bb2','4ae4e0dac',178035,2415,1653970577,1653970577);
INSERT INTO player_score VALUES('639aa5d19',23,'5afd41bb2','4d1b02098',28080,2741,1654036927,1654036927);
INSERT INTO player_score VALUES('62529300e',23,'5afd41bb2','528c3d86f',438240,2531,1654002526,1654002526);
INSERT INTO player_score VALUES('61d2026a4',23,'5b54c688b','466a79dac',15314,2646,1653989045,1653989045);
INSERT INTO player_score VALUES('63078b23a',23,'5b54c688b','4ae4e0dac',33920,2619,1654021502,1654021502);
INSERT INTO player_score VALUES('62847600b',23,'5b54c688b','4d1b02098',324736,2617,1654007757,1654007757);
INSERT INTO player_score VALUES('63b5770cc',23,'5b54c688b','528c3d86f',115248,2746,1654039739,1654039739);
INSERT INTO player_score VALUES('634a592e9',23,'5ba82a2f1','466a79dac',462266,2793,1654028507,1654028507);
INSERT INTO player_score VALUES('61903e797',23,'5ba82a2f1','4ae4e0dac',43068,2458,1653982149,1653982149);
INSERT INTO player_score VALUES('62d36cd75',23,'5ba82a2f1','4d1b02098',116688,2653,1654016037,1654016037);
INSERT INTO player_score VALUES('6208438fd',23,'5ba82a2f1','528c3d86f',72716,2485,1653994734,1653994734);
INSERT INTO player_score VALUES('62781c628',23,'5c127fdd4','466a79dac',43824,2716,1654006462,1654006462);
INSERT INTO player_score VALUES('62a071167',23,'5c127fdd4','4ae4e0dac',8704,2568,1654010691,1654010691);
INSERT INTO player_score VALUES('632665114',23,'5c127fdd4','4d1b02098',351450,2687,1654024737,1654024737);
INSERT INTO player_score VALUES('63b4c9ba3',23,'5c127fdd4','528c3d86f',69498,2744,1654039668,1654039668);
INSERT INTO player_score VALUES('63510feec',23,'5c4454334','466a79dac',19305,2800,1654029211,1654029211);
INSERT INTO player_score VALUES('61b6b4a6a',23,'5c4454334','4ae4e0dac',43890,2471,1653986182,1653986182);
INSERT INTO player_score VALUES('6309ba388',23,'5c4454334','528c3d86f',44488,2643,1654021731,1654021731);
INSERT INTO player_score VALUES('6295f1192',23,'5d58464f6','466a79dac',0,2733,1654009590,1654009590);
INSERT INTO player_score VALUES('616f13427',23,'5d58464f6','4ae4e0dac',4860,2447,1653978671,1653978671);
INSERT INTO player_score VALUES('6144ffc4c',23,'5d58464f6','4d1b02098',33600,2468,1653974259,1653974259);
INSERT INTO player_score VALUES('635dcda87',23,'5d58464f6','528c3d86f',10080,2697,1654030547,1654030547);
INSERT INTO player_score VALUES('62d9f0528',23,'5e6d81fbe','466a79dac',71280,2757,1654016720,1654016720);
INSERT INTO player_score VALUES('630539de7',23,'5e6d81fbe','4ae4e0dac',39284,2618,1654021259,1654021259);
INSERT INTO player_score VALUES('61c47ef0c',23,'5e6d81fbe','4d1b02098',251412,2531,1653987628,1653987628);
INSERT INTO player_score VALUES('629ee3202',23,'5efe81215','466a79dac',17820,2734,1654010528,1654010528);
INSERT INTO player_score VALUES('61585bd54',23,'5efe81215','4ae4e0dac',408,2435,1653976289,1653976289);
INSERT INTO player_score VALUES('63c276b36',23,'5efe81215','4d1b02098',37170,2756,1654041102,1654041102);
INSERT INTO player_score VALUES('635a52883',23,'5efe81215','528c3d86f',288192,2695,1654030182,1654030182);
INSERT INTO player_score VALUES('634a98ab5',23,'6049b4b8e','466a79dac',5676,2794,1654028533,1654028533);
INSERT INTO player_score VALUES('6022d0ad1',23,'6049b4b8e','4ae4e0dac',5874,2302,1653943831,1653943831);
INSERT INTO player_score VALUES('633af4c21',23,'6049b4b8e','4d1b02098',133400,2704,1654026893,1654026893);
INSERT INTO player_score VALUES('638abb202',23,'6049b4b8e','528c3d86f',45360,2717,1654035258,1654035258);
INSERT INTO player_score VALUES('6372204ab',23,'625f6b91d','466a79dac',2072,2813,1654032678,1654032678);
INSERT INTO player_score VALUES('62526e618',23,'625f6b91d','4ae4e0dac',24920,2537,1654002511,1654002511);
INSERT INTO player_score VALUES('631c94e25',23,'625f6b91d','4d1b02098',150096,2682,1654023708,1654023708);
INSERT INTO player_score VALUES('635874086',23,'625f6b91d','528c3d86f',103968,2692,1654029986,1654029986);
INSERT INTO player_score VALUES('5611088c2',23,'beefb383','25dc1da4b',19778,2406,1653673531,1653673531);
INSERT INTO player_score VALUES('620f57172',23,'beefb383','466a79dac',322320,2679,1653995476,1653995476);
INSERT INTO player_score VALUES('632bdbff0',23,'beefb383','4ae4e0dac',255360,2635,1654025310,1654025310);
INSERT INTO player_score VALUES('626eba0a1',23,'beefb383','4d1b02098',97170,2610,1654005478,1654005478);
INSERT INTO player_score VALUES('62028f9c3',23,'beefb383','528c3d86f',423522,2481,1653994136,1653994136);
INSERT INTO player_score VALUES('5046a9416',23,'c3d4c0bc','25dc1da4b',39712,2123,1653518093,1653518093);
INSERT INTO player_score VALUES('639c81e45',23,'c3d4c0bc','466a79dac',11100,2830,1654037122,1654037122);
INSERT INTO player_score VALUES('60471071f',23,'c3d4c0bc','4ae4e0dac',37200,2321,1653947632,1653947632);
INSERT INTO player_score VALUES('626be27c6',23,'c3d4c0bc','4d1b02098',107100,2608,1654005180,1654005180);
INSERT INTO player_score VALUES('635649cfb',23,'c3d4c0bc','528c3d86f',4536,2689,1654029759,1654029759);
INSERT INTO player_score VALUES('566a42577',23,'c89bbe60','25dc1da4b',44370,2424,1653682887,1653682887);
INSERT INTO player_score VALUES('63bd3a5ae',23,'c89bbe60','466a79dac',138092,2843,1654040553,1654040553);
INSERT INTO player_score VALUES('61fa8f472',23,'c89bbe60','4ae4e0dac',66300,2503,1653993297,1653993297);
INSERT INTO player_score VALUES('6149bd289',23,'c89bbe60','528c3d86f',3116,2371,1653974756,1653974756);
INSERT INTO player_score VALUES('572d02501',23,'ccebde97','25dc1da4b',112572,2465,1653703308,1653703308);
INSERT INTO player_score VALUES('6250490f4',23,'ccebde97','466a79dac',113442,2705,1654002286,1654002286);
INSERT INTO player_score VALUES('639321fb5',23,'ccebde97','4ae4e0dac',0,2684,1654036139,1654036139);
INSERT INTO player_score VALUES('615fce90d',23,'ccebde97','4d1b02098',28980,2484,1653977070,1653977070);
INSERT INTO player_score VALUES('5725aa6a6',23,'ceb92480','25dc1da4b',80000,2464,1653702538,1653702538);
INSERT INTO player_score VALUES('607e45c33',23,'ceb92480','466a79dac',246240,2531,1653953421,1653953421);
INSERT INTO player_score VALUES('6101e3986',23,'ceb92480','4ae4e0dac',21840,2398,1653967222,1653967222);
INSERT INTO player_score VALUES('60ea46aef',23,'ceb92480','4d1b02098',37310,2426,1653964746,1653964746);
INSERT INTO player_score VALUES('56e4a4eaa',23,'cfa0774e','25dc1da4b',130284,2451,1653695720,1653695720);
INSERT INTO player_score VALUES('63c69a417',23,'cfa0774e','466a79dac',10050,2845,1654041536,1654041536);
INSERT INTO player_score VALUES('639108e06',23,'cfa0774e','4ae4e0dac',37518,2682,1654035919,1654035919);
INSERT INTO player_score VALUES('61c2b3f50',23,'cfa0774e','4d1b02098',26772,2528,1653987440,1653987440);
INSERT INTO player_score VALUES('62b9bbb18',23,'cfa0774e','528c3d86f',91728,2589,1654013343,1654013343);
INSERT INTO player_score VALUES('57157b5e6',23,'d4203322','25dc1da4b',254388,2460,1653700841,1653700841);
INSERT INTO player_score VALUES('60dad125b',23,'d4203322','466a79dac',139400,2565,1653963125,1653963125);
INSERT INTO player_score VALUES('63af7c4ea',23,'d4203322','4ae4e0dac',8280,2692,1654039112,1654039112);
INSERT INTO player_score VALUES('6307863dc',23,'d4203322','4d1b02098',284444,2677,1654021500,1654021500);
INSERT INTO player_score VALUES('62878f733',23,'d4203322','528c3d86f',119504,2557,1654008082,1654008082);
INSERT INTO player_score VALUES('5734813ea',23,'d4c6fab1','25dc1da4b',30240,2468,1653704094,1653704094);
INSERT INTO player_score VALUES('6200d828e',23,'d4c6fab1','466a79dac',123200,2675,1653993956,1653993956);
INSERT INTO player_score VALUES('61ed2b867',23,'d4c6fab1','4ae4e0dac',523392,2496,1653991893,1653991893);
INSERT INTO player_score VALUES('63202ad73',23,'d4c6fab1','528c3d86f',145360,2655,1654024084,1654024084);
INSERT INTO player_score VALUES('548b46bb2',23,'dcda3d3e','25dc1da4b',22896,2329,1653632662,1653632662);
INSERT INTO player_score VALUES('634bb8bbf',23,'dcda3d3e','466a79dac',6048,2796,1654028651,1654028651);
INSERT INTO player_score VALUES('63a30561b',23,'dcda3d3e','4ae4e0dac',15912,2689,1654037805,1654037805);
INSERT INTO player_score VALUES('5f6c2388a',23,'dcda3d3e','4d1b02098',108936,2234,1653924676,1653924676);
INSERT INTO player_score VALUES('63b5770cb',23,'dcda3d3e','528c3d86f',70004,2745,1654039739,1654039739);
INSERT INTO player_score VALUES('4ff0903dd',23,'fcc244f6','25dc1da4b',121968,2099,1653509065,1653509065);
INSERT INTO player_score VALUES('6277e6a84',23,'fcc244f6','466a79dac',2728,2715,1654006440,1654006440);
INSERT INTO player_score VALUES('638220f54',23,'fcc244f6','4ae4e0dac',38335,2676,1654034356,1654034356);
INSERT INTO player_score VALUES('622c639e0',23,'fcc244f6','4d1b02098',209952,2570,1653998522,1653998522);
INSERT INTO player_score VALUES('639941618',23,'fcc244f6','528c3d86f',20812,2728,1654036781,1654036781);
INSERT INTO player_score VALUES('54f25701c',23,'fd3eef08','25dc1da4b',0,2343,1653643469,1653643469);
INSERT INTO player_score VALUES('62c8816e9',23,'fd3eef08','4ae4e0dac',11520,2588,1654014892,1654014892);
INSERT INTO player_score VALUES('638f6ebc6',23,'fd3eef08','4d1b02098',10716,2737,1654035751,1654035751);
INSERT INTO player_score VALUES('6391f0d01',23,'fd3eef08','528c3d86f',65412,2724,1654036014,1654036014);
COMMIT;
