
BEGIN;
CREATE TABLE IF NOT EXISTS competition (
  id VARCHAR(255) NOT NULL PRIMARY KEY,
  tenant_id BIGINT NOT NULL,
  title TEXT NOT NULL,
  finished_at BIGINT NULL,
  created_at BIGINT NOT NULL,
  updated_at BIGINT NOT NULL
);
INSERT INTO competition VALUES('21a27cad0',24,'実はマーケティング大学 #4',1652724675,1652266075,1652724675);
INSERT INTO competition VALUES('23c568e63',24,'第5回 表参道はともだち',NULL,1652323424,1653994676);
INSERT INTO competition VALUES('2ebdf1447',24,'第1回 中世代々木の晩餐',1653964241,1652617920,1653964241);
INSERT INTO competition VALUES('33e795195',24,'ウィスキーオペレーションズ vol.2',1653033421,1652756504,1653033421);
INSERT INTO competition VALUES('483551368',24,'自動キウイ出張所カップ',1653561089,1653301526,1653561089);
CREATE TABLE IF NOT EXISTS player (
  id VARCHAR(255) NOT NULL PRIMARY KEY,
  tenant_id BIGINT NOT NULL,
  display_name TEXT NOT NULL,
  is_disqualified BOOLEAN NOT NULL,
  created_at BIGINT NOT NULL,
  updated_at BIGINT NOT NULL
);
INSERT INTO player VALUES('aa01e1e4',24,'Aliya Howell',0,1651648425,1651693037);
INSERT INTO player VALUES('ad597159',24,'Erin Parker',0,1651654032,1653102723);
INSERT INTO player VALUES('aec44bca',24,'Richard Lueilwitz',0,1651656410,1651902101);
INSERT INTO player VALUES('c7a79a5a',24,'Adaline Hoeger',0,1651698165,1653702297);
INSERT INTO player VALUES('d6300072',24,'Laurel Windler',0,1651722547,1651757712);
INSERT INTO player VALUES('d7eeee56',24,'Dana Effertz',0,1651725476,1653140782);
INSERT INTO player VALUES('ed8a1719',24,'Tess Morissette',0,1651761725,1653276190);
INSERT INTO player VALUES('10c41b4e1',24,'Ms. Cynthia Kreiger II',1,1651813260,1653972450);
INSERT INTO player VALUES('13031b022',24,'Mr. Maxwell Heller DDS',0,1651873553,1652055452);
INSERT INTO player VALUES('13b57b140',24,'Hans Langworth',0,1651892257,1652492702);
INSERT INTO player VALUES('13d9014f5',24,'Al Deckow',0,1651895982,1652175314);
INSERT INTO player VALUES('14eea117b',24,'Mr. Grayce Moen MD',0,1651925093,1653929442);
INSERT INTO player VALUES('15c6d6383',24,'Abdul Quigley',0,1651947764,1652489130);
INSERT INTO player VALUES('1612ebc18',24,'Ms. Danika Schaden PhD',0,1651955742,1652378856);
INSERT INTO player VALUES('1661b1c20',24,'Briana Mitchell',0,1651964002,1653288587);
INSERT INTO player VALUES('18c74c49c',24,'Mr. Augustus Cormier V',0,1652028343,1652819052);
INSERT INTO player VALUES('19096d003',24,'Abdul Conn',0,1652035277,1652500242);
INSERT INTO player VALUES('1954c68dc',24,'Melisa Herman',0,1652043178,1652516945);
INSERT INTO player VALUES('19a5551d3',24,'Armando Feeney',0,1652051625,1652176763);
INSERT INTO player VALUES('1c5753489',24,'Lawson Nikolaus',1,1652123976,1653300225);
INSERT INTO player VALUES('1c7493154',24,'Ms. Hailee Schmeler',0,1652127043,1653572084);
INSERT INTO player VALUES('1cfbd7fe1',24,'Aiden Brekke',0,1652141227,1653022988);
INSERT INTO player VALUES('1dae46b6a',24,'Frankie King II',0,1652159937,1653278998);
INSERT INTO player VALUES('1dc703b63',24,'Ms. Camille Kshlerin',1,1652162531,1653149014);
INSERT INTO player VALUES('1df5f450d',24,'Pinkie Schowalter',0,1652167453,1653617316);
INSERT INTO player VALUES('1fc1c4b83',24,'Winona Bashirian',0,1652215668,1652548366);
INSERT INTO player VALUES('2081a35f4',24,'Annalise Watsica',0,1652235787,1653565458);
INSERT INTO player VALUES('2135e6d3e',24,'Maida Heidenreich',1,1652254689,1653486249);
INSERT INTO player VALUES('2203579cc',24,'Mr. Ronny Dare',0,1652276231,1653891613);
INSERT INTO player VALUES('22348fb24',24,'Jeramie Lynch Jr.',0,1652281392,1653341894);
INSERT INTO player VALUES('22a46af59',24,'Stella Haag',0,1652293121,1653505760);
INSERT INTO player VALUES('23bf2753e',24,'Amiya Mann',0,1652322768,1653354405);
INSERT INTO player VALUES('25d901c29',24,'Delbert Gutkowski',0,1652379166,1653407020);
INSERT INTO player VALUES('27ee5bd56',24,'Isom Crist',0,1652435092,1653237861);
INSERT INTO player VALUES('284328d57',24,'Deshaun Cronin',0,1652443984,1653233871);
INSERT INTO player VALUES('2b6948060',24,'Lesley Mitchell',0,1652528512,1653826246);
INSERT INTO player VALUES('2d312cfdf',24,'Colten Hane',0,1652576316,1652799149);
INSERT INTO player VALUES('2e68ee915',24,'Brooke O"Connell PhD',0,1652609006,1653646823);
INSERT INTO player VALUES('304297e6b',24,'Ashly White',0,1652658673,1654006389);
INSERT INTO player VALUES('30fd48dea',24,'Mike Zieme',0,1652678249,1653732922);
INSERT INTO player VALUES('3286e5070',24,'Norma Hamill Sr.',0,1652719522,1653684647);
INSERT INTO player VALUES('32f3f4eeb',24,'William Spencer DVM',0,1652730958,1653672853);
INSERT INTO player VALUES('3533ae32d',24,'Ms. Estel Jacobi V',0,1652791327,1653423281);
INSERT INTO player VALUES('35fce08a7',24,'Gregg Feest',0,1652812424,1652911906);
INSERT INTO player VALUES('362c59def',24,'Camylle Sawayn II',0,1652817402,1653779077);
INSERT INTO player VALUES('36cf000ec',24,'Elise Heidenreich',1,1652834457,1653336308);
INSERT INTO player VALUES('3818ad037',24,'Katherine Koch',0,1652869026,1653929657);
INSERT INTO player VALUES('397f86409',24,'Mr. Jacques Borer',0,1652906654,1653793276);
INSERT INTO player VALUES('3abc89078',24,'Ms. Alia Kreiger PhD',0,1652939895,1653324135);
INSERT INTO player VALUES('3bb044101',24,'Virgie Powlowski',0,1652965452,1653746383);
INSERT INTO player VALUES('3c45581c5',24,'Amani Carter',0,1652981084,1653548066);
INSERT INTO player VALUES('3e42ff4de',24,'Gabe Deckow',0,1653034525,1653976333);
INSERT INTO player VALUES('3f1199edd',24,'Ms. Ophelia Abshire V',0,1653056189,1653547704);
INSERT INTO player VALUES('3f46f59bd',24,'Noemy Bradtke',0,1653061784,1653938507);
INSERT INTO player VALUES('40ba51f6f',24,'Burdette Greenfelder',0,1653100724,1653840994);
INSERT INTO player VALUES('41aad8ad4',24,'Mr. Jacey Quitzon',1,1653125945,1653846718);
INSERT INTO player VALUES('41be39990',24,'Ms. Bernice Goldner I',0,1653127977,1653705931);
INSERT INTO player VALUES('41d61ae6a',24,'Colten Runolfsdottir',0,1653130481,1654003460);
INSERT INTO player VALUES('4514d275b',24,'Idell Donnelly',0,1653217588,1653389640);
INSERT INTO player VALUES('451ec7482',24,'Mitchel Kessler',0,1653218632,1653600534);
INSERT INTO player VALUES('45e8e6758',24,'Ramona Kreiger',0,1653239826,1653296965);
INSERT INTO player VALUES('47c399e2b',24,'Jordy Stehr',0,1653289602,1653914534);
INSERT INTO player VALUES('48e1770aa',24,'Noelia Davis',0,1653319577,1653426943);
INSERT INTO player VALUES('48efdd8fc',24,'Mr. Jaeden Schamberger',0,1653321087,1653526228);
INSERT INTO player VALUES('4cc24c13b',24,'Isidro Fay',0,1653423683,1653757192);
INSERT INTO player VALUES('4dc3cc7e7',24,'Loy Bartell',0,1653450684,1653473638);
INSERT INTO player VALUES('4fa20e92a',24,'Shanel Price',0,1653500833,1653852197);
INSERT INTO player VALUES('500ed7b4a',24,'Nickolas Hand I',0,1653512240,1653973246);
INSERT INTO player VALUES('505aa1900',24,'Isac Ryan II',0,1653520187,1653902458);
INSERT INTO player VALUES('50789fc82',24,'Milford Crooks',0,1653523332,1653716984);
INSERT INTO player VALUES('51d2d1429',24,'Dora Lowe',0,1653559633,1654030470);
INSERT INTO player VALUES('533c169d0',24,'Judd Graham',0,1653597515,1653850625);
INSERT INTO player VALUES('548b57d28',24,'Eloy Mann',0,1653632669,1653949456);
INSERT INTO player VALUES('55b9555fc',24,'Mr. Earnest Runolfsdottir DVM',0,1653664335,1653884379);
INSERT INTO player VALUES('565051b80',24,'Wade Lynch',0,1653680167,1653761040);
INSERT INTO player VALUES('572415292',24,'Orie Cronin',1,1653702372,1653842240);
INSERT INTO player VALUES('5730dca3e',24,'Gilbert Rath',0,1653703712,1653977033);
INSERT INTO player VALUES('57d1d523c',24,'Ms. Elenora Rosenbaum IV',0,1653720591,1653927843);
INSERT INTO player VALUES('59a17af9c',24,'Dejuan Bashirian',0,1653769208,1653804014);
INSERT INTO player VALUES('5cc34d18f',24,'Kraig Ziemann',0,1653853285,1653936192);
INSERT INTO player VALUES('5d6436f1f',24,'Janessa Heller',0,1653870158,1653961670);
INSERT INTO player VALUES('6018a1419',24,'Frederique Bartell',0,1653942763,1653977694);
INSERT INTO player VALUES('60c7507d2',24,'Mayra Botsford',0,1653961080,1654033762);
INSERT INTO player VALUES('611ab1b30',24,'Rickey Huels',0,1653969823,1654036395);
INSERT INTO player VALUES('617750a2e',24,'Ms. Alvera Wehner I',0,1653979535,1653992235);
INSERT INTO player VALUES('61d0b3f13',24,'Terry Tromp',0,1653988908,1654014883);
INSERT INTO player VALUES('6220c5f9d',24,'Koby Kulas',0,1653997304,1654026184);
INSERT INTO player VALUES('62462d2a8',24,'Al Davis',0,1654001226,1654027757);
INSERT INTO player VALUES('62df45105',24,'Irma McDermott',0,1654017279,1654041015);
CREATE TABLE IF NOT EXISTS IF NOT EXISTS "player_score" (
                              id VARCHAR(255) NOT NULL PRIMARY KEY,
                              tenant_id BIGINT NOT NULL,
                              player_id VARCHAR(255) NOT NULL,
                              competition_id VARCHAR(255) NOT NULL,
                              score BIGINT NOT NULL,
                              row_num BIGINT NOT NULL,
                              created_at BIGINT NOT NULL,
                              updated_at BIGINT NOT NULL
);
INSERT INTO player_score VALUES('2ce519e4d',24,'10c41b4e1','21a27cad0',285912,549,1652568339,1652568339);
INSERT INTO player_score VALUES('5e5c01ff7',24,'10c41b4e1','23c568e63',328104,1433,1653896141,1653896141);
INSERT INTO player_score VALUES('5e1c68421',24,'10c41b4e1','2ebdf1447',154350,1559,1653889472,1653889472);
INSERT INTO player_score VALUES('3de9db7af',24,'10c41b4e1','33e795195',119448,818,1653025178,1653025178);
INSERT INTO player_score VALUES('51ce5f932',24,'10c41b4e1','483551368',280140,1388,1653559167,1653559167);
INSERT INTO player_score VALUES('32b115cfd',24,'13031b022','21a27cad0',13640,814,1652723946,1652723946);
INSERT INTO player_score VALUES('5f8a5c574',24,'13031b022','2ebdf1447',8100,1599,1653927845,1653927845);
INSERT INTO player_score VALUES('3d6dd0210',24,'13031b022','33e795195',311688,782,1653012171,1653012171);
INSERT INTO player_score VALUES('50c30c84c',24,'13031b022','483551368',14364,1257,1653531136,1653531136);
INSERT INTO player_score VALUES('324c397f4',24,'13b57b140','21a27cad0',122880,798,1652713370,1652713370);
INSERT INTO player_score VALUES('6392dda0a',24,'13b57b140','23c568e63',88088,1566,1654036111,1654036111);
INSERT INTO player_score VALUES('5fba4fbc6',24,'13b57b140','2ebdf1447',99000,1607,1653932873,1653932873);
INSERT INTO player_score VALUES('3e173e267',24,'13b57b140','33e795195',14432,838,1653029937,1653029937);
INSERT INTO player_score VALUES('516c4c254',24,'13b57b140','483551368',65360,1328,1653548883,1653548883);
INSERT INTO player_score VALUES('3224b1dae',24,'13d9014f5','21a27cad0',108031,792,1652709225,1652709225);
INSERT INTO player_score VALUES('5e7d0d764',24,'13d9014f5','23c568e63',5544,1438,1653899606,1653899606);
INSERT INTO player_score VALUES('5e364a3b0',24,'13d9014f5','2ebdf1447',239805,1562,1653892186,1653892186);
INSERT INTO player_score VALUES('3d8e6db90',24,'13d9014f5','33e795195',15776,794,1653015591,1653015591);
INSERT INTO player_score VALUES('5193d63ab',24,'13d9014f5','483551368',548208,1355,1653553029,1653553029);
INSERT INTO player_score VALUES('30faae584',24,'14eea117b','21a27cad0',10088,740,1652677976,1652677976);
INSERT INTO player_score VALUES('5d58af4ab',24,'14eea117b','23c568e63',11960,1400,1653868949,1653868949);
INSERT INTO player_score VALUES('5a8ef1ff1',24,'14eea117b','2ebdf1447',108240,1444,1653794108,1653794108);
INSERT INTO player_score VALUES('3e0e66f28',24,'14eea117b','33e795195',924,834,1653029010,1653029010);
INSERT INTO player_score VALUES('328cee6ec',24,'15c6d6383','21a27cad0',40880,806,1652720155,1652720155);
INSERT INTO player_score VALUES('625d52786',24,'15c6d6383','23c568e63',58464,1541,1654003653,1654003653);
INSERT INTO player_score VALUES('5e7ad22f2',24,'15c6d6383','2ebdf1447',46620,1568,1653899372,1653899372);
INSERT INTO player_score VALUES('50ac79b65',24,'15c6d6383','483551368',438,1245,1653528769,1653528769);
INSERT INTO player_score VALUES('327ef3542',24,'1612ebc18','21a27cad0',36735,802,1652718689,1652718689);
INSERT INTO player_score VALUES('5be914d8f',24,'1612ebc18','23c568e63',100224,1364,1653830403,1653830403);
INSERT INTO player_score VALUES('5fa816323',24,'1612ebc18','2ebdf1447',111600,1602,1653930962,1653930962);
INSERT INTO player_score VALUES('3e17baaa4',24,'1612ebc18','33e795195',915,840,1653029988,1653029988);
INSERT INTO player_score VALUES('505b5638d',24,'1612ebc18','483551368',14025,1207,1653520261,1653520261);
INSERT INTO player_score VALUES('30ee8f531',24,'1661b1c20','21a27cad0',27300,736,1652676705,1652676705);
INSERT INTO player_score VALUES('5ec7b25f6',24,'1661b1c20','23c568e63',75690,1445,1653907433,1653907433);
INSERT INTO player_score VALUES('5e8da7f4f',24,'1661b1c20','2ebdf1447',63427,1571,1653901347,1653901347);
INSERT INTO player_score VALUES('3dcc2dd70',24,'1661b1c20','33e795195',110446,810,1653022066,1653022066);
INSERT INTO player_score VALUES('516843707',24,'1661b1c20','483551368',38532,1321,1653548460,1653548460);
INSERT INTO player_score VALUES('2faf5624e',24,'18c74c49c','21a27cad0',102300,676,1652643232,1652643232);
INSERT INTO player_score VALUES('5fb267d0f',24,'18c74c49c','2ebdf1447',11600,1605,1653932044,1653932044);
INSERT INTO player_score VALUES('3b631f87e',24,'18c74c49c','33e795195',416988,606,1652957363,1652957363);
INSERT INTO player_score VALUES('514004b02',24,'18c74c49c','483551368',64904,1304,1653544240,1653544240);
INSERT INTO player_score VALUES('32a59f3dc',24,'19096d003','21a27cad0',44863,811,1652722744,1652722744);
INSERT INTO player_score VALUES('637c8f2e0',24,'19096d003','23c568e63',12760,1562,1654033772,1654033772);
INSERT INTO player_score VALUES('5c37e9809',24,'19096d003','2ebdf1447',205326,1500,1653838669,1653838669);
INSERT INTO player_score VALUES('3ddb63e0a',24,'19096d003','33e795195',294294,813,1653023661,1653023661);
INSERT INTO player_score VALUES('50f368e01',24,'19096d003','483551368',52290,1277,1653536207,1653536207);
INSERT INTO player_score VALUES('2fde6dcee',24,'1954c68dc','21a27cad0',174096,687,1652648170,1652648170);
INSERT INTO player_score VALUES('62704cdcc',24,'1954c68dc','23c568e63',427770,1545,1654005643,1654005643);
INSERT INTO player_score VALUES('519d18d26',24,'1954c68dc','483551368',25488,1359,1653554000,1653554000);
INSERT INTO player_score VALUES('3204ae115',24,'19a5551d3','21a27cad0',15246,785,1652705868,1652705868);
INSERT INTO player_score VALUES('617dbe224',24,'19a5551d3','23c568e63',210012,1522,1653980209,1653980209);
INSERT INTO player_score VALUES('5d2f04c86',24,'19a5551d3','2ebdf1447',158004,1533,1653864580,1653864580);
INSERT INTO player_score VALUES('3d87afa62',24,'19a5551d3','33e795195',224775,792,1653014884,1653014884);
INSERT INTO player_score VALUES('50e1c4472',24,'19a5551d3','483551368',145692,1264,1653534357,1653534357);
INSERT INTO player_score VALUES('328b3215b',24,'1c5753489','21a27cad0',6160,805,1652719973,1652719973);
INSERT INTO player_score VALUES('5f9787ecb',24,'1c5753489','23c568e63',75335,1467,1653929226,1653929226);
INSERT INTO player_score VALUES('60a3b1d18',24,'1c5753489','2ebdf1447',16940,1632,1653957345,1653957345);
INSERT INTO player_score VALUES('3bd18a211',24,'1c5753489','33e795195',300144,645,1652968941,1652968941);
INSERT INTO player_score VALUES('51c276432',24,'1c5753489','483551368',216216,1384,1653557918,1653557918);
INSERT INTO player_score VALUES('31b5e59a6',24,'1c7493154','21a27cad0',305760,775,1652697607,1652697607);
INSERT INTO player_score VALUES('633213ca3',24,'1c7493154','23c568e63',15228,1557,1654025962,1654025962);
INSERT INTO player_score VALUES('583113737',24,'1c7493154','2ebdf1447',72128,1369,1653730578,1653730578);
INSERT INTO player_score VALUES('3d46cec21',24,'1c7493154','33e795195',88320,766,1653008081,1653008081);
INSERT INTO player_score VALUES('50e8abd96',24,'1c7493154','483551368',9240,1270,1653535081,1653535081);
INSERT INTO player_score VALUES('60dc49240',24,'1cfbd7fe1','23c568e63',12000,1510,1653963279,1653963279);
INSERT INTO player_score VALUES('5af092ab8',24,'1cfbd7fe1','2ebdf1447',80275,1458,1653804345,1653804345);
INSERT INTO player_score VALUES('3e2ce423a',24,'1cfbd7fe1','33e795195',210630,842,1653032207,1653032207);
INSERT INTO player_score VALUES('51b4ae6e7',24,'1cfbd7fe1','483551368',378189,1376,1653556473,1653556473);
INSERT INTO player_score VALUES('31983f473',24,'1dae46b6a','21a27cad0',450996,770,1652694498,1652694498);
INSERT INTO player_score VALUES('631c8d8b4',24,'1dae46b6a','23c568e63',171456,1555,1654023705,1654023705);
INSERT INTO player_score VALUES('5fcaef196',24,'1dae46b6a','2ebdf1447',84600,1609,1653934616,1653934616);
INSERT INTO player_score VALUES('3d9f47b21',24,'1dae46b6a','33e795195',229824,799,1653017358,1653017358);
INSERT INTO player_score VALUES('5152a4c22',24,'1dae46b6a','483551368',48216,1312,1653546193,1653546193);
INSERT INTO player_score VALUES('32ad9f94e',24,'1dc703b63','21a27cad0',13986,813,1652723583,1652723583);
INSERT INTO player_score VALUES('5c76c9b42',24,'1dc703b63','2ebdf1447',84348,1508,1653845262,1653845262);
INSERT INTO player_score VALUES('3d803ce90',24,'1dc703b63','33e795195',22736,789,1653014103,1653014103);
INSERT INTO player_score VALUES('51d569569',24,'1dc703b63','483551368',302940,1394,1653559905,1653559905);
INSERT INTO player_score VALUES('328938b7c',24,'1df5f450d','21a27cad0',413772,804,1652719766,1652719766);
INSERT INTO player_score VALUES('6381e17b9',24,'1df5f450d','23c568e63',37128,1563,1654034330,1654034330);
INSERT INTO player_score VALUES('5d532c28e',24,'1df5f450d','2ebdf1447',30636,1538,1653868371,1653868371);
INSERT INTO player_score VALUES('3e157a790',24,'1df5f450d','33e795195',222768,837,1653029752,1653029752);
INSERT INTO player_score VALUES('51d0540e0',24,'1df5f450d','483551368',63825,1391,1653559372,1653559372);
INSERT INTO player_score VALUES('3236edd4e',24,'1fc1c4b83','21a27cad0',24024,794,1652711137,1652711137);
INSERT INTO player_score VALUES('567931961',24,'1fc1c4b83','23c568e63',119196,1240,1653684453,1653684453);
INSERT INTO player_score VALUES('60a47796c',24,'1fc1c4b83','2ebdf1447',53100,1633,1653957426,1653957426);
INSERT INTO player_score VALUES('3dd479dc2',24,'1fc1c4b83','33e795195',101640,811,1653022936,1653022936);
INSERT INTO player_score VALUES('51c5aa926',24,'1fc1c4b83','483551368',20592,1386,1653558254,1653558254);
INSERT INTO player_score VALUES('32062fcd8',24,'2081a35f4','21a27cad0',602910,787,1652706026,1652706026);
INSERT INTO player_score VALUES('61c36feea',24,'2081a35f4','23c568e63',411230,1529,1653987517,1653987517);
INSERT INTO player_score VALUES('6062df95c',24,'2081a35f4','2ebdf1447',15300,1629,1653950548,1653950548);
INSERT INTO player_score VALUES('3e070f148',24,'2081a35f4','33e795195',2470,832,1653028240,1653028240);
INSERT INTO player_score VALUES('4f99b1797',24,'2081a35f4','483551368',29106,1098,1653499956,1653499956);
INSERT INTO player_score VALUES('3158b90ee',24,'2135e6d3e','21a27cad0',57288,757,1652687837,1652687837);
INSERT INTO player_score VALUES('6098058a0',24,'2135e6d3e','23c568e63',11655,1500,1653956121,1653956121);
INSERT INTO player_score VALUES('5d8e283c2',24,'2135e6d3e','2ebdf1447',10764,1544,1653874556,1653874556);
INSERT INTO player_score VALUES('3de3e80ca',24,'2135e6d3e','33e795195',95874,816,1653024554,1653024554);
INSERT INTO player_score VALUES('516fe96e3',24,'2135e6d3e','483551368',2244,1332,1653549262,1653549262);
INSERT INTO player_score VALUES('32aa79e6e',24,'2203579cc','21a27cad0',162265,812,1652723253,1652723253);
INSERT INTO player_score VALUES('3caba2a5a',24,'2203579cc','33e795195',7440,717,1652991810,1652991810);
INSERT INTO player_score VALUES('51b29a32d',24,'2203579cc','483551368',370678,1374,1653556255,1653556255);
INSERT INTO player_score VALUES('32b55b8b8',24,'22348fb24','21a27cad0',305140,816,1652724394,1652724394);
INSERT INTO player_score VALUES('5f9bfe7ed',24,'22348fb24','23c568e63',11040,1470,1653929694,1653929694);
INSERT INTO player_score VALUES('3e334f352',24,'22348fb24','33e795195',69300,844,1653032880,1653032880);
INSERT INTO player_score VALUES('5136cbdc9',24,'22348fb24','483551368',46740,1302,1653543273,1653543273);
INSERT INTO player_score VALUES('32b258101',24,'22a46af59','21a27cad0',13328,815,1652724078,1652724078);
INSERT INTO player_score VALUES('631a7952e',24,'22a46af59','23c568e63',0,1554,1654023487,1654023487);
INSERT INTO player_score VALUES('5fd958115',24,'22a46af59','2ebdf1447',5325,1611,1653936127,1653936127);
INSERT INTO player_score VALUES('3dc5ca18b',24,'22a46af59','33e795195',101871,809,1653021396,1653021396);
INSERT INTO player_score VALUES('50b2f3694',24,'22a46af59','483551368',213840,1248,1653529448,1653529448);
INSERT INTO player_score VALUES('314d27a36',24,'23bf2753e','21a27cad0',123840,752,1652686624,1652686624);
INSERT INTO player_score VALUES('582c07f42',24,'23bf2753e','2ebdf1447',1711,1367,1653730049,1653730049);
INSERT INTO player_score VALUES('3e14afd58',24,'23bf2753e','33e795195',105750,836,1653029669,1653029669);
INSERT INTO player_score VALUES('516d64e63',24,'23bf2753e','483551368',42228,1330,1653548998,1653548998);
INSERT INTO player_score VALUES('5b0eba647',24,'25d901c29','23c568e63',255600,1342,1653807507,1653807507);
INSERT INTO player_score VALUES('5fe49b5e4',24,'25d901c29','2ebdf1447',43160,1615,1653937308,1653937308);
INSERT INTO player_score VALUES('3cab0182f',24,'25d901c29','33e795195',620400,716,1652991744,1652991744);
INSERT INTO player_score VALUES('51d09d4ed',24,'25d901c29','483551368',186,1392,1653559402,1653559402);
INSERT INTO player_score VALUES('30ee28c7e',24,'27ee5bd56','21a27cad0',269445,735,1652676663,1652676663);
INSERT INTO player_score VALUES('5ef7049d0',24,'27ee5bd56','2ebdf1447',76545,1584,1653912395,1653912395);
INSERT INTO player_score VALUES('3e176ef65',24,'27ee5bd56','33e795195',260712,839,1653029957,1653029957);
INSERT INTO player_score VALUES('5193db1cd',24,'27ee5bd56','483551368',6336,1356,1653553031,1653553031);
INSERT INTO player_score VALUES('320e1c9b8',24,'284328d57','21a27cad0',448560,789,1652706857,1652706857);
INSERT INTO player_score VALUES('609982682',24,'284328d57','23c568e63',15552,1501,1653956277,1653956277);
INSERT INTO player_score VALUES('6001d3d66',24,'284328d57','2ebdf1447',22680,1618,1653940372,1653940372);
INSERT INTO player_score VALUES('3d5c8d2ab',24,'284328d57','33e795195',86184,776,1653010361,1653010361);
INSERT INTO player_score VALUES('51d803d7c',24,'284328d57','483551368',49104,1395,1653560178,1653560178);
INSERT INTO player_score VALUES('5f76ca955',24,'2b6948060','23c568e63',32400,1462,1653925793,1653925793);
INSERT INTO player_score VALUES('5fe7a3ba3',24,'2b6948060','2ebdf1447',554827,1616,1653937626,1653937626);
INSERT INTO player_score VALUES('3de3cd310',24,'2b6948060','33e795195',41496,815,1653024543,1653024543);
INSERT INTO player_score VALUES('504139a54',24,'2b6948060','483551368',2146,1195,1653517523,1653517523);
INSERT INTO player_score VALUES('328035996',24,'2d312cfdf','21a27cad0',95550,803,1652718821,1652718821);
INSERT INTO player_score VALUES('60cbbad9c',24,'2d312cfdf','23c568e63',708102,1507,1653961543,1653961543);
INSERT INTO player_score VALUES('5971df7c6',24,'2d312cfdf','2ebdf1447',7600,1411,1653764216,1653764216);
INSERT INTO player_score VALUES('3deb33b8f',24,'2d312cfdf','33e795195',116870,819,1653025319,1653025319);
INSERT INTO player_score VALUES('51ae483f0',24,'2d312cfdf','483551368',18000,1372,1653555802,1653555802);
INSERT INTO player_score VALUES('2f703dcaf',24,'2e68ee915','21a27cad0',327236,668,1652636616,1652636616);
INSERT INTO player_score VALUES('6006bf990',24,'2e68ee915','23c568e63',276048,1481,1653940888,1653940888);
INSERT INTO player_score VALUES('5e141009a',24,'2e68ee915','2ebdf1447',198912,1556,1653888597,1653888597);
INSERT INTO player_score VALUES('512c3d3b5',24,'2e68ee915','483551368',74970,1297,1653542166,1653542166);
INSERT INTO player_score VALUES('329a82fb3',24,'304297e6b','21a27cad0',278091,810,1652721579,1652721579);
INSERT INTO player_score VALUES('635b9740d',24,'304297e6b','23c568e63',121275,1559,1654030315,1654030315);
INSERT INTO player_score VALUES('60a633ed7',24,'304297e6b','2ebdf1447',11640,1634,1653957608,1653957608);
INSERT INTO player_score VALUES('3dbc2d275',24,'304297e6b','33e795195',404708,806,1653020388,1653020388);
INSERT INTO player_score VALUES('4ff88baed',24,'304297e6b','483551368',288610,1157,1653509902,1653509902);
INSERT INTO player_score VALUES('312b91011',24,'30fd48dea','21a27cad0',59136,750,1652683102,1652683102);
INSERT INTO player_score VALUES('518144d02',24,'30fd48dea','483551368',420900,1344,1653551082,1653551082);
INSERT INTO player_score VALUES('31c3383ca',24,'3286e5070','21a27cad0',74976,779,1652699004,1652699004);
INSERT INTO player_score VALUES('5ff769d3f',24,'3286e5070','23c568e63',144500,1479,1653939280,1653939280);
INSERT INTO player_score VALUES('5f1bd6e36',24,'3286e5070','2ebdf1447',141050,1588,1653916256,1653916256);
INSERT INTO player_score VALUES('3db0cc8c8',24,'3286e5070','33e795195',80100,803,1653019195,1653019195);
INSERT INTO player_score VALUES('517386be7',24,'3286e5070','483551368',91140,1333,1653549641,1653549641);
INSERT INTO player_score VALUES('63694dfb9',24,'32f3f4eeb','23c568e63',10764,1560,1654031753,1654031753);
INSERT INTO player_score VALUES('5ab369f0b',24,'32f3f4eeb','2ebdf1447',267344,1452,1653797932,1653797932);
INSERT INTO player_score VALUES('3deb907e6',24,'32f3f4eeb','33e795195',37620,820,1653025357,1653025357);
INSERT INTO player_score VALUES('517a84477',24,'32f3f4eeb','483551368',43824,1338,1653550374,1653550374);
INSERT INTO player_score VALUES('6387649fa',24,'3533ae32d','23c568e63',595608,1565,1654034908,1654034908);
INSERT INTO player_score VALUES('5b01199e9',24,'3533ae32d','2ebdf1447',219225,1460,1653806078,1653806078);
INSERT INTO player_score VALUES('3cf93ed05',24,'3533ae32d','33e795195',34776,746,1652999948,1652999948);
INSERT INTO player_score VALUES('516b35d5b',24,'3533ae32d','483551368',117612,1326,1653548769,1653548769);
INSERT INTO player_score VALUES('63bad0b20',24,'35fce08a7','23c568e63',85008,1570,1654040300,1654040300);
INSERT INTO player_score VALUES('5b799177b',24,'35fce08a7','2ebdf1447',113280,1477,1653818710,1653818710);
INSERT INTO player_score VALUES('3e0363218',24,'35fce08a7','33e795195',35100,830,1653027855,1653027855);
INSERT INTO player_score VALUES('50bd16a1b',24,'35fce08a7','483551368',260700,1254,1653530511,1653530511);
INSERT INTO player_score VALUES('61bb069c3',24,'362c59def','23c568e63',244188,1528,1653986635,1653986635);
INSERT INTO player_score VALUES('602f16beb',24,'362c59def','2ebdf1447',453600,1621,1653945118,1653945118);
INSERT INTO player_score VALUES('3ded25c30',24,'362c59def','33e795195',63070,821,1653025523,1653025523);
INSERT INTO player_score VALUES('51cee5d66',24,'362c59def','483551368',102765,1389,1653559222,1653559222);
INSERT INTO player_score VALUES('60e57f858',24,'36cf000ec','23c568e63',554625,1512,1653964245,1653964245);
INSERT INTO player_score VALUES('5f133f2b8',24,'36cf000ec','2ebdf1447',43512,1587,1653915355,1653915355);
INSERT INTO player_score VALUES('3df23fed6',24,'36cf000ec','33e795195',47320,823,1653026058,1653026058);
INSERT INTO player_score VALUES('51a4313c9',24,'36cf000ec','483551368',1700,1365,1653554744,1653554744);
INSERT INTO player_score VALUES('63b24ef69',24,'3818ad037','23c568e63',8008,1569,1654039408,1654039408);
INSERT INTO player_score VALUES('5c715052f',24,'3818ad037','2ebdf1447',27540,1507,1653844688,1653844688);
INSERT INTO player_score VALUES('3e043c6cb',24,'3818ad037','33e795195',21090,831,1653027944,1653027944);
INSERT INTO player_score VALUES('514e6173a',24,'3818ad037','483551368',124254,1309,1653545746,1653545746);
INSERT INTO player_score VALUES('627da1f3a',24,'397f86409','23c568e63',340136,1546,1654007041,1654007041);
INSERT INTO player_score VALUES('5c9889d30',24,'397f86409','2ebdf1447',17160,1512,1653848801,1653848801);
INSERT INTO player_score VALUES('3d471ce74',24,'397f86409','33e795195',85248,767,1653008113,1653008113);
INSERT INTO player_score VALUES('512193bd1',24,'397f86409','483551368',0,1294,1653541048,1653541048);
INSERT INTO player_score VALUES('6236d7637',24,'3abc89078','23c568e63',87750,1540,1653999618,1653999618);
INSERT INTO player_score VALUES('60aed0801',24,'3abc89078','2ebdf1447',8064,1635,1653958511,1653958511);
INSERT INTO player_score VALUES('3dededfb1',24,'3abc89078','33e795195',92736,822,1653025605,1653025605);
INSERT INTO player_score VALUES('51cc66301',24,'3abc89078','483551368',169901,1387,1653558960,1653558960);
INSERT INTO player_score VALUES('5ee9c583f',24,'3bb044101','23c568e63',22914,1448,1653911006,1653911006);
INSERT INTO player_score VALUES('602e7f63d',24,'3bb044101','2ebdf1447',681876,1620,1653945056,1653945056);
INSERT INTO player_score VALUES('3e00f7050',24,'3bb044101','33e795195',135864,828,1653027601,1653027601);
INSERT INTO player_score VALUES('510ef3ad4',24,'3bb044101','483551368',52416,1286,1653539095,1653539095);
INSERT INTO player_score VALUES('6319b11ed',24,'3c45581c5','23c568e63',223344,1553,1654023405,1654023405);
INSERT INTO player_score VALUES('5fa895270',24,'3c45581c5','2ebdf1447',0,1603,1653931014,1653931014);
INSERT INTO player_score VALUES('3e31a665e',24,'3c45581c5','33e795195',132430,843,1653032706,1653032706);
INSERT INTO player_score VALUES('517c171bf',24,'3c45581c5','483551368',100594,1340,1653550539,1653550539);
INSERT INTO player_score VALUES('63c59299e',24,'3e42ff4de','23c568e63',468350,1572,1654041428,1654041428);
INSERT INTO player_score VALUES('5a50c195b',24,'3e42ff4de','2ebdf1447',465000,1434,1653787587,1653787587);
INSERT INTO player_score VALUES('51da4dc84',24,'3e42ff4de','483551368',3105,1396,1653560418,1653560418);
INSERT INTO player_score VALUES('576e426c1',24,'3f1199edd','23c568e63',5925,1263,1653710150,1653710150);
INSERT INTO player_score VALUES('5f3e900c9',24,'3f1199edd','2ebdf1447',187110,1594,1653919897,1653919897);
INSERT INTO player_score VALUES('50c235acd',24,'3f1199edd','483551368',223155,1256,1653531048,1653531048);
INSERT INTO player_score VALUES('626e0f212',24,'3f46f59bd','23c568e63',12586,1544,1654005408,1654005408);
INSERT INTO player_score VALUES('5fcae5545',24,'3f46f59bd','2ebdf1447',4340,1608,1653934612,1653934612);
INSERT INTO player_score VALUES('50d3b0c44',24,'3f46f59bd','483551368',0,1259,1653532881,1653532881);
INSERT INTO player_score VALUES('6300c82b6',24,'40ba51f6f','23c568e63',7728,1551,1654020793,1654020793);
INSERT INTO player_score VALUES('5eea0ebc7',24,'40ba51f6f','2ebdf1447',324000,1582,1653911036,1653911036);
INSERT INTO player_score VALUES('51bb62b84',24,'40ba51f6f','483551368',101640,1379,1653557176,1653557176);
INSERT INTO player_score VALUES('63843ef45',24,'41aad8ad4','23c568e63',8875,1564,1654034578,1654034578);
INSERT INTO player_score VALUES('5f66b179a',24,'41aad8ad4','2ebdf1447',89280,1596,1653924105,1653924105);
INSERT INTO player_score VALUES('515374497',24,'41aad8ad4','483551368',498498,1314,1653546278,1653546278);
INSERT INTO player_score VALUES('6150df556',24,'41be39990','23c568e63',177232,1516,1653975504,1653975504);
INSERT INTO player_score VALUES('5f5b29d5c',24,'41be39990','2ebdf1447',0,1595,1653922896,1653922896);
INSERT INTO player_score VALUES('5168ee529',24,'41be39990','483551368',276360,1323,1653548530,1653548530);
INSERT INTO player_score VALUES('63442b263',24,'41d61ae6a','23c568e63',0,1558,1654027859,1654027859);
INSERT INTO player_score VALUES('5c2bd43d6',24,'41d61ae6a','2ebdf1447',16560,1497,1653837402,1653837402);
INSERT INTO player_score VALUES('518c2b52c',24,'41d61ae6a','483551368',3150,1351,1653552225,1653552225);
INSERT INTO player_score VALUES('5d9e06bfd',24,'4514d275b','23c568e63',189189,1410,1653876220,1653876220);
INSERT INTO player_score VALUES('51cf191fc',24,'4514d275b','483551368',197625,1390,1653559243,1653559243);
INSERT INTO player_score VALUES('604b6c2be',24,'451ec7482','23c568e63',28400,1492,1653948089,1653948089);
INSERT INTO player_score VALUES('604b0cf84',24,'451ec7482','2ebdf1447',11799,1625,1653948050,1653948050);
INSERT INTO player_score VALUES('5142dc3dd',24,'451ec7482','483551368',38220,1307,1653544538,1653544538);
INSERT INTO player_score VALUES('5d444dfc7',24,'45e8e6758','23c568e63',16560,1399,1653866812,1653866812);
INSERT INTO player_score VALUES('604c20d6d',24,'45e8e6758','2ebdf1447',523600,1627,1653948163,1653948163);
INSERT INTO player_score VALUES('51846ce87',24,'45e8e6758','483551368',56940,1346,1653551413,1653551413);
INSERT INTO player_score VALUES('607d2a8a1',24,'47c399e2b','23c568e63',54188,1496,1653953305,1653953305);
INSERT INTO player_score VALUES('60a0407dc',24,'47c399e2b','2ebdf1447',990,1631,1653956984,1653956984);
INSERT INTO player_score VALUES('50f1aefff',24,'47c399e2b','483551368',324000,1275,1653536026,1653536026);
INSERT INTO player_score VALUES('5fef86c67',24,'48e1770aa','23c568e63',64512,1478,1653938453,1653938453);
INSERT INTO player_score VALUES('60cb40c91',24,'48e1770aa','2ebdf1447',20400,1639,1653961493,1653961493);
INSERT INTO player_score VALUES('5032a4bcd',24,'48e1770aa','483551368',23002,1184,1653515994,1653515994);
INSERT INTO player_score VALUES('63a40a9ab',24,'48efdd8fc','23c568e63',0,1567,1654037912,1654037912);
INSERT INTO player_score VALUES('52fdf4dd0',24,'48efdd8fc','2ebdf1447',42042,1191,1653591000,1653591000);
INSERT INTO player_score VALUES('50f44e625',24,'48efdd8fc','483551368',229969,1279,1653536301,1653536301);
INSERT INTO player_score VALUES('62dc503dd',24,'4cc24c13b','23c568e63',255471,1549,1654016969,1654016969);
INSERT INTO player_score VALUES('519075f4a',24,'4cc24c13b','483551368',145635,1352,1653552675,1653552675);
INSERT INTO player_score VALUES('60d1e18eb',24,'4dc3cc7e7','2ebdf1447',55200,1640,1653962188,1653962188);
INSERT INTO player_score VALUES('51a6edea4',24,'4dc3cc7e7','483551368',366300,1367,1653555031,1653555031);
INSERT INTO player_score VALUES('63c10aeed',24,'4fa20e92a','23c568e63',24192,1571,1654040953,1654040953);
INSERT INTO player_score VALUES('5da077bca',24,'4fa20e92a','2ebdf1447',22780,1548,1653876476,1653876476);
INSERT INTO player_score VALUES('51d31811d',24,'4fa20e92a','483551368',30303,1393,1653559662,1653559662);
INSERT INTO player_score VALUES('605563734',24,'500ed7b4a','2ebdf1447',405768,1628,1653949134,1653949134);
INSERT INTO player_score VALUES('518836224',24,'500ed7b4a','483551368',3375,1349,1653551810,1653551810);
INSERT INTO player_score VALUES('60b355bac',24,'505aa1900','2ebdf1447',55890,1638,1653958985,1653958985);
INSERT INTO player_score VALUES('50f1c9d9d',24,'505aa1900','483551368',125440,1276,1653536037,1653536037);
INSERT INTO player_score VALUES('62ef6f431',24,'50789fc82','23c568e63',484806,1550,1654018974,1654018974);
INSERT INTO player_score VALUES('60723cb3c',24,'50789fc82','2ebdf1447',63360,1630,1653952159,1653952159);
INSERT INTO player_score VALUES('5fdbabc6c',24,'51d2d1429','2ebdf1447',67728,1612,1653936371,1653936371);
INSERT INTO player_score VALUES('4fea3b249',24,'51d2d1429','483551368',7560,1147,1653508401,1653508401);
INSERT INTO player_score VALUES('5f23e3706',24,'533c169d0','2ebdf1447',175104,1590,1653917100,1653917100);
INSERT INTO player_score VALUES('5e07720d9',24,'548b57d28','23c568e63',231012,1428,1653887274,1653887274);
INSERT INTO player_score VALUES('5ea4cad1f',24,'548b57d28','2ebdf1447',80301,1575,1653903773,1653903773);
INSERT INTO player_score VALUES('63aaf7141',24,'55b9555fc','23c568e63',131560,1568,1654038638,1654038638);
INSERT INTO player_score VALUES('60d2c499a',24,'55b9555fc','2ebdf1447',355212,1641,1653962281,1653962281);
INSERT INTO player_score VALUES('6023b3b72',24,'565051b80','23c568e63',103584,1484,1653943924,1653943924);
INSERT INTO player_score VALUES('632a3f65e',24,'572415292','23c568e63',152064,1556,1654025141,1654025141);
INSERT INTO player_score VALUES('5d2a44f72',24,'572415292','2ebdf1447',135660,1530,1653864082,1653864082);
INSERT INTO player_score VALUES('60587f561',24,'5730dca3e','23c568e63',245700,1495,1653949460,1653949460);
INSERT INTO player_score VALUES('5fd059d1c',24,'5730dca3e','2ebdf1447',5550,1610,1653935184,1653935184);
INSERT INTO player_score VALUES('5cee4d634',24,'57d1d523c','23c568e63',152292,1392,1653857794,1653857794);
INSERT INTO player_score VALUES('59228bdb4',24,'57d1d523c','2ebdf1447',67452,1404,1653755898,1653755898);
INSERT INTO player_score VALUES('5c9dcb0ad',24,'59a17af9c','23c568e63',47196,1380,1653849352,1653849352);
INSERT INTO player_score VALUES('604b34030',24,'59a17af9c','2ebdf1447',483807,1626,1653948066,1653948066);
INSERT INTO player_score VALUES('618d5ab82',24,'5cc34d18f','23c568e63',24300,1523,1653981846,1653981846);
INSERT INTO player_score VALUES('5d78f01fd',24,'5cc34d18f','2ebdf1447',78660,1541,1653872331,1653872331);
INSERT INTO player_score VALUES('620b38643',24,'5d6436f1f','23c568e63',11058,1537,1653995044,1653995044);
INSERT INTO player_score VALUES('60b0dfdcb',24,'5d6436f1f','2ebdf1447',48222,1637,1653958727,1653958727);
INSERT INTO player_score VALUES('627e36de8',24,'6018a1419','23c568e63',58032,1547,1654007102,1654007102);
INSERT INTO player_score VALUES('604a3fde4',24,'6018a1419','2ebdf1447',285278,1624,1653947966,1653947966);
INSERT INTO player_score VALUES('636bb0539',24,'60c7507d2','23c568e63',78120,1561,1654032003,1654032003);
INSERT INTO player_score VALUES('5e32ddc8e',24,'60c7507d2','2ebdf1447',280663,1561,1653891827,1653891827);
INSERT INTO player_score VALUES('622ab5eb6',24,'611ab1b30','23c568e63',43680,1539,1653998346,1653998346);
INSERT INTO player_score VALUES('61c720c23',24,'617750a2e','23c568e63',103040,1530,1653987904,1653987904);
INSERT INTO player_score VALUES('6043b2a22',24,'61d0b3f13','23c568e63',123872,1489,1653947279,1653947279);
INSERT INTO player_score VALUES('5fa11d891',24,'6220c5f9d','23c568e63',1008,1471,1653930231,1653930231);
INSERT INTO player_score VALUES('5f50175c9',24,'62462d2a8','23c568e63',296400,1456,1653921735,1653921735);
INSERT INTO player_score VALUES('6125f9de8',24,'62df45105','23c568e63',42160,1514,1653971006,1653971006);
INSERT INTO player_score VALUES('320ff3ce8',24,'aa01e1e4','21a27cad0',25974,790,1652707050,1652707050);
INSERT INTO player_score VALUES('5f99f8efc',24,'aa01e1e4','2ebdf1447',181440,1601,1653929482,1653929482);
INSERT INTO player_score VALUES('3dc3458e2',24,'aa01e1e4','33e795195',27720,808,1653021132,1653021132);
INSERT INTO player_score VALUES('51bb9d51e',24,'aa01e1e4','483551368',146880,1380,1653557200,1653557200);
INSERT INTO player_score VALUES('32613975b',24,'ad597159','21a27cad0',3744,800,1652715572,1652715572);
INSERT INTO player_score VALUES('63146b04f',24,'ad597159','23c568e63',20150,1552,1654022852,1654022852);
INSERT INTO player_score VALUES('60afff3c6',24,'ad597159','2ebdf1447',0,1636,1653958635,1653958635);
INSERT INTO player_score VALUES('3c40edc23',24,'ad597159','33e795195',38012,681,1652980621,1652980621);
INSERT INTO player_score VALUES('51be2b9e4',24,'ad597159','483551368',94221,1381,1653557468,1653557468);
INSERT INTO player_score VALUES('3298a95eb',24,'aec44bca','21a27cad0',67914,808,1652721385,1652721385);
INSERT INTO player_score VALUES('5f7cf14ac',24,'aec44bca','23c568e63',185256,1463,1653926438,1653926438);
INSERT INTO player_score VALUES('5c3c58c30',24,'aec44bca','2ebdf1447',20424,1501,1653839134,1653839134);
INSERT INTO player_score VALUES('3da045964',24,'aec44bca','33e795195',11760,800,1653017462,1653017462);
INSERT INTO player_score VALUES('518129f3f',24,'aec44bca','483551368',84320,1343,1653551071,1653551071);
INSERT INTO player_score VALUES('32144d124',24,'c7a79a5a','21a27cad0',115920,791,1652707506,1652707506);
INSERT INTO player_score VALUES('5d58eec54',24,'c7a79a5a','23c568e63',47804,1401,1653868975,1653868975);
INSERT INTO player_score VALUES('5c36d0baf',24,'c7a79a5a','2ebdf1447',373248,1499,1653838554,1653838554);
INSERT INTO player_score VALUES('51c007b27',24,'c7a79a5a','483551368',76000,1383,1653557663,1653557663);
INSERT INTO player_score VALUES('5fdb7d645',24,'d6300072','23c568e63',7280,1477,1653936352,1653936352);
INSERT INTO player_score VALUES('5dc7d5dec',24,'d6300072','2ebdf1447',363400,1549,1653880604,1653880604);
INSERT INTO player_score VALUES('51b8e7f5a',24,'d6300072','483551368',380292,1378,1653556916,1653556916);
INSERT INTO player_score VALUES('31f658a0b',24,'d7eeee56','21a27cad0',427248,784,1652704365,1652704365);
INSERT INTO player_score VALUES('5c036c008',24,'d7eeee56','23c568e63',5760,1366,1653833165,1653833165);
INSERT INTO player_score VALUES('3dbad9c9b',24,'d7eeee56','33e795195',132392,805,1653020249,1653020249);
INSERT INTO player_score VALUES('51bfb23e1',24,'d7eeee56','483551368',0,1382,1653557628,1653557628);
INSERT INTO player_score VALUES('3020dca4e',24,'ed8a1719','21a27cad0',15080,698,1652655136,1652655136);
INSERT INTO player_score VALUES('5bd30369a',24,'ed8a1719','23c568e63',55278,1361,1653828089,1653828089);
INSERT INTO player_score VALUES('6049d2025',24,'ed8a1719','2ebdf1447',476100,1623,1653947921,1653947921);
INSERT INTO player_score VALUES('519b5c801',24,'ed8a1719','483551368',22032,1358,1653553818,1653553818);
COMMIT;
