
BEGIN;
CREATE TABLE IF NOT EXISTS competition (
  id VARCHAR(255) NOT NULL PRIMARY KEY,
  tenant_id BIGINT NOT NULL,
  title TEXT NOT NULL,
  finished_at BIGINT NULL,
  created_at BIGINT NOT NULL,
  updated_at BIGINT NOT NULL
);
INSERT INTO competition VALUES('14fc7ee53',25,'リッチ東京組 vol.0',NULL,1651926547,1652066675);
INSERT INTO competition VALUES('1668799cc',25,'今夜は立川ごはん杯',NULL,1651964713,1652560175);
INSERT INTO competition VALUES('27c705086',25,'待って甘み探偵大会',1653351093,1652430967,1653351093);
INSERT INTO competition VALUES('410bf4665',25,'ライチ荘',NULL,1653109284,1653456901);
INSERT INTO competition VALUES('41fdfa678',25,'アルティメットブルーベリーズ vol.2',NULL,1653134662,1653309548);
INSERT INTO competition VALUES('420d6d7f5',25,'春の川崎の5秒前 vol.3',NULL,1653136282,1653891042);
INSERT INTO competition VALUES('47d425bbb',25,'スマホ探偵',NULL,1653291337,1653508450);
INSERT INTO competition VALUES('4bcb7c804',25,'ラガービーチカップ',NULL,1653397803,1653414568);
INSERT INTO competition VALUES('4d285e772',25,'センシティブペットボトルがヤバい大会',1653932711,1653434386,1653932711);
INSERT INTO competition VALUES('50bb57dd0',25,'ステルス枝豆組',1653572116,1653530328,1653572116);
INSERT INTO competition VALUES('5771dfb6e',25,'春巻きだねえ',1653919459,1653710529,1653919459);
INSERT INTO competition VALUES('60a2fab93',25,'パブヒーローズ大会',NULL,1653957270,1654019629);
INSERT INTO competition VALUES('624804611',25,'blazinglyの会 vol.8',NULL,1654001419,1654004851);
CREATE TABLE IF NOT EXISTS player (
  id VARCHAR(255) NOT NULL PRIMARY KEY,
  tenant_id BIGINT NOT NULL,
  display_name TEXT NOT NULL,
  is_disqualified BOOLEAN NOT NULL,
  created_at BIGINT NOT NULL,
  updated_at BIGINT NOT NULL
);
INSERT INTO player VALUES('a6446461',25,'Ola Goldner',0,1651642150,1653350847);
INSERT INTO player VALUES('c4ec23fa',25,'Casper Smith',0,1651693581,1653204260);
INSERT INTO player VALUES('d178e0f1',25,'Sanford Swaniawski',0,1651714636,1651756175);
INSERT INTO player VALUES('e8fc5196',25,'Mr. Wilbert Goyette IV',0,1651754085,1653297448);
INSERT INTO player VALUES('119b2692e',25,'Consuelo Cartwright',0,1651835809,1652216468);
INSERT INTO player VALUES('129512127',25,'Ms. Alena Bins DVM',0,1651862015,1652106672);
INSERT INTO player VALUES('144ea4126',25,'Matilda Botsford',0,1651908317,1653427497);
INSERT INTO player VALUES('146e1cb2b',25,'Ms. Trudie Hahn Jr.',0,1651911617,1653235917);
INSERT INTO player VALUES('15dd57ef9',25,'Nola Dibbert',0,1651950124,1652248337);
INSERT INTO player VALUES('16d27282a',25,'Mr. Mathias Ortiz Jr.',1,1651975825,1652425822);
INSERT INTO player VALUES('1908591d4',25,'Jay Lubowitz',0,1652035164,1654037473);
INSERT INTO player VALUES('19ab3502a',25,'Chanelle Little MD',0,1652052241,1652820576);
INSERT INTO player VALUES('1aaa3838f',25,'Bo Davis',0,1652078981,1652813415);
INSERT INTO player VALUES('1d9209b62',25,'Ms. Kayli Koch Jr.',0,1652156976,1653080996);
INSERT INTO player VALUES('1dbd5821b',25,'Gertrude Mitchell',1,1652161517,1653875499);
INSERT INTO player VALUES('1e40f86ae',25,'Mr. Camryn Christiansen Jr.',0,1652175319,1653233369);
INSERT INTO player VALUES('1ed87b069',25,'Kayli Kling',0,1652191206,1652378207);
INSERT INTO player VALUES('1fdda011c',25,'Nettie Shanahan',0,1652218589,1653265957);
INSERT INTO player VALUES('207ec963e',25,'Frankie Gulgowski',0,1652235488,1652433806);
INSERT INTO player VALUES('22677ccf1',25,'Randy Gorczany MD',0,1652286732,1653943025);
INSERT INTO player VALUES('22941c266',25,'Cristina Wisoky Jr.',0,1652291411,1653128585);
INSERT INTO player VALUES('2339d4779',25,'Kiera Heidenreich Sr.',0,1652308788,1653211666);
INSERT INTO player VALUES('234bb6195',25,'Keyon Bechtelar',0,1652310663,1653699622);
INSERT INTO player VALUES('244a81249',25,'Khalid Trantow',0,1652337380,1652601099);
INSERT INTO player VALUES('248b1b3e6',25,'Ms. Thora Gottlieb I',1,1652344154,1653022360);
INSERT INTO player VALUES('262c08a60',25,'Mr. Dusty Marks',0,1652387872,1652797839);
INSERT INTO player VALUES('263097a3b',25,'Kendrick Ernser',0,1652388350,1652808865);
INSERT INTO player VALUES('2642263fc',25,'Mr. Chance Hayes II',0,1652390191,1653417879);
INSERT INTO player VALUES('2670fc041',25,'Ms. Heidi Abbott',0,1652395102,1652435433);
INSERT INTO player VALUES('275fd776b',25,'Amparo Gulgowski',0,1652420148,1652756648);
INSERT INTO player VALUES('27f34eeec',25,'Mr. Gideon Crist',1,1652435611,1653770679);
INSERT INTO player VALUES('2976f533d',25,'Carol Brown',0,1652476259,1653460485);
INSERT INTO player VALUES('2abc810ef',25,'Oleta Rutherford',0,1652510395,1652630556);
INSERT INTO player VALUES('2b0cab845',25,'Adan Batz',1,1652518801,1653900290);
INSERT INTO player VALUES('2b91c3caa',25,'Joyce Keebler',0,1652532757,1652980851);
INSERT INTO player VALUES('2ddac2152',25,'Ms. Stacey Cremin',0,1652594098,1653931291);
INSERT INTO player VALUES('3088759fe',25,'Leora Jerde',0,1652665999,1653002864);
INSERT INTO player VALUES('30d4c836d',25,'Mae Gleason',0,1652674002,1653498282);
INSERT INTO player VALUES('327bb0604',25,'Alphonso Cummerata',0,1652718347,1653688197);
INSERT INTO player VALUES('33c221b6c',25,'Ashlee Mertz',0,1652752577,1653318472);
INSERT INTO player VALUES('33e46a905',25,'Ashtyn Mohr',1,1652756172,1652921080);
INSERT INTO player VALUES('34705bc0f',25,'Antwan Robel',0,1652770846,1653311057);
INSERT INTO player VALUES('34a611be1',25,'Mr. Khalid Moore DVM',0,1652776478,1653787598);
INSERT INTO player VALUES('352a46f9c',25,'Ms. Mya Kertzmann',0,1652790341,1653192792);
INSERT INTO player VALUES('38655c60d',25,'Laverne Hudson',0,1652877067,1653347640);
INSERT INTO player VALUES('3989e6826',25,'Ms. Margarete O"Conner',0,1652907742,1653182778);
INSERT INTO player VALUES('39ce5879f',25,'Laurine Robel',0,1652914919,1653469275);
INSERT INTO player VALUES('3a7adff76',25,'Alfreda Quigley',0,1652933010,1653632135);
INSERT INTO player VALUES('3b097a4e8',25,'Andres Fay III',0,1652947963,1654033235);
INSERT INTO player VALUES('3b42670f2',25,'Ms. Chasity Bashirian',0,1652953932,1653251479);
INSERT INTO player VALUES('3c31cb3f6',25,'Vincenzo Hyatt',0,1652979034,1653051291);
INSERT INTO player VALUES('3c8cba0d5',25,'Nettie Murphy II',0,1652988569,1653058552);
INSERT INTO player VALUES('3e41b5b7a',25,'Madisen Smitham',0,1653034390,1653930711);
INSERT INTO player VALUES('41c8494be',25,'Onie Dare PhD',0,1653129032,1653227365);
INSERT INTO player VALUES('433ff79ce',25,'Floy Herman',1,1653168425,1653282766);
INSERT INTO player VALUES('435e96f52',25,'Nathanial Kihn PhD',0,1653171636,1653725293);
INSERT INTO player VALUES('446aecd17',25,'Ms. Lorena Grady Jr.',0,1653199773,1653904144);
INSERT INTO player VALUES('44e194cad',25,'Chloe Jakubowski DVM',0,1653212215,1653515160);
INSERT INTO player VALUES('4534e4e79',25,'Ms. Marlee Schinner',0,1653220951,1653368350);
INSERT INTO player VALUES('456dc3047',25,'Carmel Shanahan',0,1653226914,1653522905);
INSERT INTO player VALUES('4597810cd',25,'Oran Collier',0,1653231291,1653465740);
INSERT INTO player VALUES('45c61eaa2',25,'Arnold Reynolds',0,1653236179,1653903476);
INSERT INTO player VALUES('4660765b0',25,'Mr. Sedrick Funk MD',0,1653252363,1653864765);
INSERT INTO player VALUES('4792d21a1',25,'Mr. Ramiro King III',0,1653284487,1653321487);
INSERT INTO player VALUES('47ddffb83',25,'Ms. Elda Ondricka II',0,1653292370,1653620767);
INSERT INTO player VALUES('4927ee980',25,'Clinton Christiansen',1,1653326966,1653697304);
INSERT INTO player VALUES('49d73052e',25,'Arjun Tromp',0,1653345343,1653706405);
INSERT INTO player VALUES('4a6eed863',25,'Johnpaul Rogahn',0,1653361254,1653585177);
INSERT INTO player VALUES('4c56e0152',25,'Beatrice Raynor III',0,1653412419,1653759948);
INSERT INTO player VALUES('5029b042f',25,'Mackenzie Runte',0,1653515055,1653823366);
INSERT INTO player VALUES('50fe14cf9',25,'Mr. Gay Parisian',0,1653537326,1653917286);
INSERT INTO player VALUES('52f00d496',25,'Kacie Mosciski',0,1653589542,1653672559);
INSERT INTO player VALUES('53ff66a00',25,'Eveline Prosacco',0,1653617995,1653741497);
INSERT INTO player VALUES('56381d6f8',25,'Frank Kshlerin',0,1653677629,1653891049);
INSERT INTO player VALUES('5645fdb05',25,'Lazaro Friesen',1,1653679084,1653780004);
INSERT INTO player VALUES('57b8acb1d',25,'Alena Quitzon',0,1653717953,1653798828);
INSERT INTO player VALUES('582fd6126',25,'Shemar Corkery Jr.',0,1653730448,1653730763);
INSERT INTO player VALUES('58e3b3025',25,'Annabel Kuphal',0,1653749308,1653808166);
INSERT INTO player VALUES('59284997e',25,'Buck Raynor',0,1653756500,1653797679);
INSERT INTO player VALUES('59309f5ef',25,'Yadira Beatty',0,1653757374,1654030541);
INSERT INTO player VALUES('5963f0976',25,'Mr. Jo Hammes I',0,1653762755,1654026551);
INSERT INTO player VALUES('59ff01d91',25,'Kaleigh Lowe',0,1653779015,1653868760);
INSERT INTO player VALUES('5c62fd55b',25,'Ms. Carlie Zulauf III',0,1653843186,1653957764);
INSERT INTO player VALUES('5c7107178',25,'Jordi Auer',1,1653844658,1653944031);
INSERT INTO player VALUES('5e2629d32',25,'Susan Hermann II',0,1653890495,1653995973);
INSERT INTO player VALUES('5e9cd1cbe',25,'Alf Wolf',0,1653902937,1653915465);
INSERT INTO player VALUES('5ea808e1b',25,'Mr. Sheridan Klein',0,1653904113,1653992675);
INSERT INTO player VALUES('5f8b555f3',25,'Mr. Frederick Adams II',0,1653927947,1653943908);
INSERT INTO player VALUES('5f9bd020b',25,'Owen Brown',0,1653929675,1653943650);
INSERT INTO player VALUES('5fc85bec6',25,'Reagan Koepp',0,1653934346,1654022934);
INSERT INTO player VALUES('6022b35f2',25,'Pattie Mohr',0,1653943819,1653985787);
INSERT INTO player VALUES('617088c8a',25,'Carissa Treutel',0,1653978824,1654033424);
INSERT INTO player VALUES('61b0a17a5',25,'Mr. Scot Bradtke',0,1653985545,1654032975);
INSERT INTO player VALUES('63222dfd2',25,'Mr. Arnoldo Jenkins',0,1654024295,1654026154);
CREATE TABLE IF NOT EXISTS IF NOT EXISTS player_score (
                              id VARCHAR(255) NOT NULL PRIMARY KEY,
                              tenant_id BIGINT NOT NULL,
                              player_id VARCHAR(255) NOT NULL,
                              competition_id VARCHAR(255) NOT NULL,
                              score BIGINT NOT NULL,
                              row_num BIGINT NOT NULL,
                              created_at BIGINT NOT NULL,
                              updated_at BIGINT NOT NULL
);
INSERT INTO player_score VALUES('624c47b07',25,'119b2692e','14fc7ee53',215992,1671,1654001866,1654001866);
INSERT INTO player_score VALUES('5fed02423',25,'119b2692e','1668799cc',56100,1591,1653938189,1653938189);
INSERT INTO player_score VALUES('488e6b49f',25,'119b2692e','27c705086',866016,1211,1653310869,1653310869);
INSERT INTO player_score VALUES('5ffa91ed2',25,'119b2692e','410bf4665',97020,1464,1653939611,1653939611);
INSERT INTO player_score VALUES('60a736b3a',25,'119b2692e','420d6d7f5',21060,1526,1653957714,1653957714);
INSERT INTO player_score VALUES('61380c577',25,'119b2692e','47d425bbb',141032,1590,1653972901,1653972901);
INSERT INTO player_score VALUES('63c49c04a',25,'119b2692e','4bcb7c804',9576,1735,1654041327,1654041327);
INSERT INTO player_score VALUES('5f2f440a9',25,'119b2692e','4d285e772',125856,1591,1653918293,1653918293);
INSERT INTO player_score VALUES('5243b42e6',25,'119b2692e','50bb57dd0',102051,1280,1653571470,1653571470);
INSERT INTO player_score VALUES('5ef320856',25,'119b2692e','5771dfb6e',398580,1455,1653911987,1653911987);
INSERT INTO player_score VALUES('632ea7542',25,'119b2692e','60a2fab93',441936,1346,1654025603,1654025603);
INSERT INTO player_score VALUES('63c67a891',25,'119b2692e','624804611',4617,1764,1654041523,1654041523);
INSERT INTO player_score VALUES('62aefeac9',25,'129512127','14fc7ee53',161680,1681,1654012217,1654012217);
INSERT INTO player_score VALUES('622942d74',25,'129512127','1668799cc',176290,1639,1653998194,1653998194);
INSERT INTO player_score VALUES('614646ef5',25,'129512127','41fdfa678',404712,1550,1653974393,1653974393);
INSERT INTO player_score VALUES('61b3916f8',25,'129512127','420d6d7f5',225720,1578,1653985853,1653985853);
INSERT INTO player_score VALUES('617ca7cf7',25,'129512127','47d425bbb',39000,1601,1653980095,1653980095);
INSERT INTO player_score VALUES('636eb645e',25,'129512127','4bcb7c804',6160,1709,1654032320,1654032320);
INSERT INTO player_score VALUES('5f853d522',25,'129512127','4d285e772',39072,1614,1653927308,1653927308);
INSERT INTO player_score VALUES('522c0b0da',25,'129512127','50bb57dd0',121500,1197,1653568989,1653568989);
INSERT INTO player_score VALUES('5f2bd521b',25,'129512127','5771dfb6e',357408,1495,1653917933,1653917933);
INSERT INTO player_score VALUES('633fc33ac',25,'129512127','60a2fab93',105672,1384,1654027397,1654027397);
INSERT INTO player_score VALUES('63c5299f3',25,'129512127','624804611',493948,1758,1654041385,1654041385);
INSERT INTO player_score VALUES('632a974c6',25,'144ea4126','14fc7ee53',175725,1696,1654025177,1654025177);
INSERT INTO player_score VALUES('5ac496e74',25,'144ea4126','1668799cc',8415,1482,1653799733,1653799733);
INSERT INTO player_score VALUES('462438035',25,'144ea4126','27c705086',31388,1124,1653246046,1653246046);
INSERT INTO player_score VALUES('639ac800c',25,'144ea4126','410bf4665',179928,1608,1654036941,1654036941);
INSERT INTO player_score VALUES('634559e33',25,'144ea4126','41fdfa678',70686,1665,1654027983,1654027983);
INSERT INTO player_score VALUES('6388c90fe',25,'144ea4126','420d6d7f5',47430,1670,1654035054,1654035054);
INSERT INTO player_score VALUES('62926c391',25,'144ea4126','47d425bbb',101268,1668,1654009221,1654009221);
INSERT INTO player_score VALUES('63392ea6a',25,'144ea4126','4bcb7c804',326700,1692,1654026707,1654026707);
INSERT INTO player_score VALUES('5e6137022',25,'144ea4126','4d285e772',63450,1510,1653896687,1653896687);
INSERT INTO player_score VALUES('63bb6cf04',25,'144ea4126','624804611',79120,1711,1654040364,1654040364);
INSERT INTO player_score VALUES('5ff509e87',25,'146e1cb2b','1668799cc',14586,1592,1653939031,1653939031);
INSERT INTO player_score VALUES('6224b8b72',25,'146e1cb2b','410bf4665',163400,1552,1653997718,1653997718);
INSERT INTO player_score VALUES('5f3cf104e',25,'146e1cb2b','41fdfa678',189540,1465,1653919727,1653919727);
INSERT INTO player_score VALUES('6201179f9',25,'146e1cb2b','420d6d7f5',222111,1599,1653993982,1653993982);
INSERT INTO player_score VALUES('627c781ae',25,'146e1cb2b','47d425bbb',372708,1665,1654006919,1654006919);
INSERT INTO player_score VALUES('5ef342b3c',25,'146e1cb2b','4d285e772',285935,1569,1653912001,1653912001);
INSERT INTO player_score VALUES('523df8e7d',25,'146e1cb2b','50bb57dd0',62790,1260,1653570869,1653570869);
INSERT INTO player_score VALUES('5f0a08c65',25,'146e1cb2b','5771dfb6e',414276,1474,1653914389,1653914389);
INSERT INTO player_score VALUES('63a54ce0d',25,'146e1cb2b','60a2fab93',331240,1608,1654038044,1654038044);
INSERT INTO player_score VALUES('63ae77145',25,'146e1cb2b','624804611',1740,1658,1654039005,1654039005);
INSERT INTO player_score VALUES('61748f131',25,'15dd57ef9','14fc7ee53',221000,1648,1653979246,1653979246);
INSERT INTO player_score VALUES('614e81d84',25,'15dd57ef9','1668799cc',543576,1621,1653975256,1653975256);
INSERT INTO player_score VALUES('4938758f8',25,'15dd57ef9','27c705086',2496,1235,1653328699,1653328699);
INSERT INTO player_score VALUES('624de9269',25,'15dd57ef9','410bf4665',12750,1561,1654002037,1654002037);
INSERT INTO player_score VALUES('6314f8a1a',25,'15dd57ef9','41fdfa678',73062,1652,1654022910,1654022910);
INSERT INTO player_score VALUES('62e4a879c',25,'15dd57ef9','420d6d7f5',13770,1641,1654017844,1654017844);
INSERT INTO player_score VALUES('5f9b364f9',25,'15dd57ef9','4d285e772',19440,1619,1653929612,1653929612);
INSERT INTO player_score VALUES('5232d558b',25,'15dd57ef9','50bb57dd0',53784,1216,1653569701,1653569701);
INSERT INTO player_score VALUES('5f33c9402',25,'15dd57ef9','5771dfb6e',28800,1504,1653918767,1653918767);
INSERT INTO player_score VALUES('63ba67b41',25,'15dd57ef9','624804611',70564,1706,1654040257,1654040257);
INSERT INTO player_score VALUES('60f7b1be4',25,'16d27282a','14fc7ee53',24900,1640,1653966153,1653966153);
INSERT INTO player_score VALUES('5e9d13b42',25,'16d27282a','1668799cc',286824,1565,1653902964,1653902964);
INSERT INTO player_score VALUES('49ee8dc61',25,'16d27282a','27c705086',76700,1263,1653347793,1653347793);
INSERT INTO player_score VALUES('61ac3e729',25,'16d27282a','410bf4665',2132,1525,1653985085,1653985085);
INSERT INTO player_score VALUES('626efbf44',25,'16d27282a','41fdfa678',267597,1611,1654005505,1654005505);
INSERT INTO player_score VALUES('6264e4f02',25,'16d27282a','420d6d7f5',150672,1617,1654004447,1654004447);
INSERT INTO player_score VALUES('627ad912a',25,'16d27282a','47d425bbb',36550,1664,1654006749,1654006749);
INSERT INTO player_score VALUES('62de47286',25,'16d27282a','4bcb7c804',316000,1666,1654017175,1654017175);
INSERT INTO player_score VALUES('5f7b7bc2f',25,'16d27282a','4d285e772',267399,1611,1653926285,1653926285);
INSERT INTO player_score VALUES('523c92024',25,'16d27282a','50bb57dd0',75088,1256,1653570722,1653570722);
INSERT INTO player_score VALUES('5e5325f05',25,'16d27282a','5771dfb6e',11760,1336,1653895212,1653895212);
INSERT INTO player_score VALUES('63c43099e',25,'16d27282a','60a2fab93',136526,1669,1654041283,1654041283);
INSERT INTO player_score VALUES('637e7c56d',25,'16d27282a','624804611',30576,1416,1654033974,1654033974);
INSERT INTO player_score VALUES('616da02b9',25,'1908591d4','1668799cc',166848,1625,1653978519,1653978519);
INSERT INTO player_score VALUES('48e47a86d',25,'1908591d4','27c705086',50176,1223,1653319893,1653319893);
INSERT INTO player_score VALUES('5e6e6507e',25,'1908591d4','410bf4665',5934,1376,1653898069,1653898069);
INSERT INTO player_score VALUES('62f8d409a',25,'1908591d4','41fdfa678',18576,1643,1654019959,1654019959);
INSERT INTO player_score VALUES('6279c04d4',25,'1908591d4','420d6d7f5',137448,1622,1654006634,1654006634);
INSERT INTO player_score VALUES('638e3d8bc',25,'1908591d4','47d425bbb',5472,1748,1654035626,1654035626);
INSERT INTO player_score VALUES('5242ec00e',25,'1908591d4','50bb57dd0',37200,1276,1653571388,1653571388);
INSERT INTO player_score VALUES('5f3794ef1',25,'1908591d4','5771dfb6e',71175,1507,1653919165,1653919165);
INSERT INTO player_score VALUES('63a1f6615',25,'1908591d4','60a2fab93',14896,1598,1654037694,1654037694);
INSERT INTO player_score VALUES('63c513a74',25,'1908591d4','624804611',1602,1757,1654041376,1654041376);
INSERT INTO player_score VALUES('6274b4c9c',25,'19ab3502a','14fc7ee53',11648,1676,1654006105,1654006105);
INSERT INTO player_score VALUES('529ee4ed6',25,'19ab3502a','1668799cc',26880,1313,1653581032,1653581032);
INSERT INTO player_score VALUES('47edcaaff',25,'19ab3502a','27c705086',147098,1194,1653294026,1653294026);
INSERT INTO player_score VALUES('611a21a7f',25,'19ab3502a','410bf4665',115368,1506,1653969764,1653969764);
INSERT INTO player_score VALUES('5d56c6ffd',25,'19ab3502a','41fdfa678',33810,1361,1653868749,1653868749);
INSERT INTO player_score VALUES('627d452d5',25,'19ab3502a','420d6d7f5',113088,1625,1654007003,1654007003);
INSERT INTO player_score VALUES('60d4947c9',25,'19ab3502a','47d425bbb',48633,1556,1653962471,1653962471);
INSERT INTO player_score VALUES('6358bd466',25,'19ab3502a','4bcb7c804',503700,1701,1654030016,1654030016);
INSERT INTO player_score VALUES('5dc3a3a69',25,'19ab3502a','4d285e772',8058,1471,1653880164,1653880164);
INSERT INTO player_score VALUES('5240e18a6',25,'19ab3502a','50bb57dd0',650496,1269,1653571174,1653571174);
INSERT INTO player_score VALUES('5f0217184',25,'19ab3502a','5771dfb6e',144536,1468,1653913556,1653913556);
INSERT INTO player_score VALUES('63a4fec38',25,'19ab3502a','60a2fab93',266625,1607,1654038012,1654038012);
INSERT INTO player_score VALUES('63c4441d8',25,'19ab3502a','624804611',50960,1755,1654041291,1654041291);
INSERT INTO player_score VALUES('5c2b77798',25,'1aaa3838f','14fc7ee53',26130,1533,1653837364,1653837364);
INSERT INTO player_score VALUES('49ec37a02',25,'1aaa3838f','27c705086',364743,1262,1653347548,1653347548);
INSERT INTO player_score VALUES('6389606e7',25,'1aaa3838f','410bf4665',147906,1604,1654035116,1654035116);
INSERT INTO player_score VALUES('63122ad9c',25,'1aaa3838f','41fdfa678',21000,1651,1654022616,1654022616);
INSERT INTO player_score VALUES('63a40a9ac',25,'1aaa3838f','420d6d7f5',47838,1680,1654037912,1654037912);
INSERT INTO player_score VALUES('6334120fe',25,'1aaa3838f','47d425bbb',196416,1721,1654026171,1654026171);
INSERT INTO player_score VALUES('639c11997',25,'1aaa3838f','4bcb7c804',5568,1720,1654037076,1654037076);
INSERT INTO player_score VALUES('5f9dc97ee',25,'1aaa3838f','4d285e772',2838,1621,1653929882,1653929882);
INSERT INTO player_score VALUES('5e7be6122',25,'1aaa3838f','5771dfb6e',476520,1369,1653899485,1653899485);
INSERT INTO player_score VALUES('63b8cb1ea',25,'1aaa3838f','60a2fab93',832,1644,1654040088,1654040088);
INSERT INTO player_score VALUES('63c3e9c92',25,'1aaa3838f','624804611',148500,1753,1654041254,1654041254);
INSERT INTO player_score VALUES('6039c523a',25,'1d9209b62','14fc7ee53',414375,1628,1653946238,1653946238);
INSERT INTO player_score VALUES('627f918dc',25,'1d9209b62','1668799cc',296891,1645,1654007244,1654007244);
INSERT INTO player_score VALUES('49e769264',25,'1d9209b62','27c705086',143775,1259,1653347044,1653347044);
INSERT INTO player_score VALUES('61ee68e77',25,'1d9209b62','410bf4665',0,1538,1653992023,1653992023);
INSERT INTO player_score VALUES('62b6c1fcd',25,'1d9209b62','41fdfa678',64152,1633,1654013031,1654013031);
INSERT INTO player_score VALUES('62812bb79',25,'1d9209b62','420d6d7f5',226098,1626,1654007412,1654007412);
INSERT INTO player_score VALUES('62e8323b7',25,'1d9209b62','47d425bbb',44712,1703,1654018215,1654018215);
INSERT INTO player_score VALUES('628b87147',25,'1d9209b62','4bcb7c804',27342,1649,1654008498,1654008498);
INSERT INTO player_score VALUES('5ceb588d1',25,'1d9209b62','4d285e772',6192,1404,1653857484,1653857484);
INSERT INTO player_score VALUES('52485e0b1',25,'1d9209b62','50bb57dd0',51660,1287,1653571959,1653571959);
INSERT INTO player_score VALUES('5ee15e9d6',25,'1d9209b62','5771dfb6e',71250,1444,1653910125,1653910125);
INSERT INTO player_score VALUES('63c424642',25,'1d9209b62','60a2fab93',56980,1668,1654041278,1654041278);
INSERT INTO player_score VALUES('63c5531d4',25,'1d9209b62','624804611',298716,1760,1654041402,1654041402);
INSERT INTO player_score VALUES('638aa2b17',25,'1dbd5821b','14fc7ee53',1020,1703,1654035248,1654035248);
INSERT INTO player_score VALUES('492ad9a8d',25,'1dbd5821b','27c705086',29610,1231,1653327272,1653327272);
INSERT INTO player_score VALUES('635178e9f',25,'1dbd5821b','410bf4665',134402,1599,1654029254,1654029254);
INSERT INTO player_score VALUES('62a85b740',25,'1dbd5821b','41fdfa678',208320,1629,1654011521,1654011521);
INSERT INTO player_score VALUES('6376e01d1',25,'1dbd5821b','420d6d7f5',44352,1664,1654033176,1654033176);
INSERT INTO player_score VALUES('62cfc35b7',25,'1dbd5821b','47d425bbb',0,1691,1654015653,1654015653);
INSERT INTO player_score VALUES('5f09e697e',25,'1dbd5821b','4d285e772',0,1577,1653914375,1653914375);
INSERT INTO player_score VALUES('524723173',25,'1dbd5821b','50bb57dd0',9222,1286,1653571830,1653571830);
INSERT INTO player_score VALUES('5eb7352a8',25,'1dbd5821b','5771dfb6e',143550,1413,1653905704,1653905704);
INSERT INTO player_score VALUES('63bd8aee8',25,'1dbd5821b','60a2fab93',51030,1655,1654040586,1654040586);
INSERT INTO player_score VALUES('63bbbd7f7',25,'1dbd5821b','624804611',89544,1714,1654040397,1654040397);
INSERT INTO player_score VALUES('633bb810f',25,'1e40f86ae','14fc7ee53',15810,1698,1654026973,1654026973);
INSERT INTO player_score VALUES('61a4170b6',25,'1e40f86ae','1668799cc',26220,1629,1653984230,1653984230);
INSERT INTO player_score VALUES('44b3d2e9a',25,'1e40f86ae','27c705086',310992,1082,1653207417,1653207417);
INSERT INTO player_score VALUES('62009d8f4',25,'1e40f86ae','410bf4665',90450,1543,1653993932,1653993932);
INSERT INTO player_score VALUES('620137617',25,'1e40f86ae','41fdfa678',176256,1591,1653993995,1653993995);
INSERT INTO player_score VALUES('5fe4dd482',25,'1e40f86ae','420d6d7f5',21060,1474,1653937335,1653937335);
INSERT INTO player_score VALUES('608c08b11',25,'1e40f86ae','47d425bbb',80975,1542,1653954864,1653954864);
INSERT INTO player_score VALUES('5e6ae7796',25,'1e40f86ae','4d285e772',7700,1511,1653897703,1653897703);
INSERT INTO player_score VALUES('5237b003c',25,'1e40f86ae','50bb57dd0',28768,1232,1653570210,1653570210);
INSERT INTO player_score VALUES('5f39d2a98',25,'1e40f86ae','5771dfb6e',31020,1513,1653919400,1653919400);
INSERT INTO player_score VALUES('637ec809b',25,'1e40f86ae','60a2fab93',113652,1515,1654034005,1654034005);
INSERT INTO player_score VALUES('63beab056',25,'1e40f86ae','624804611',119040,1734,1654040704,1654040704);
INSERT INTO player_score VALUES('6236dc44e',25,'1ed87b069','14fc7ee53',29700,1669,1653999620,1653999620);
INSERT INTO player_score VALUES('62389d7ca',25,'1ed87b069','1668799cc',541875,1641,1653999804,1653999804);
INSERT INTO player_score VALUES('49a864592',25,'1ed87b069','27c705086',254980,1250,1653340436,1653340436);
INSERT INTO player_score VALUES('608c67eae',25,'1ed87b069','41fdfa678',8316,1519,1653954903,1653954903);
INSERT INTO player_score VALUES('634111ae1',25,'1ed87b069','47d425bbb',144000,1727,1654027534,1654027534);
INSERT INTO player_score VALUES('636e87dfc',25,'1ed87b069','4bcb7c804',16206,1708,1654032301,1654032301);
INSERT INTO player_score VALUES('5e7fbb819',25,'1ed87b069','4d285e772',54000,1522,1653899887,1653899887);
INSERT INTO player_score VALUES('52434da9f',25,'1ed87b069','50bb57dd0',67260,1278,1653571428,1653571428);
INSERT INTO player_score VALUES('5f305cc93',25,'1ed87b069','5771dfb6e',117920,1500,1653918408,1653918408);
INSERT INTO player_score VALUES('6375f3476',25,'1ed87b069','60a2fab93',4896,1491,1654033079,1654033079);
INSERT INTO player_score VALUES('63c2966df',25,'1ed87b069','624804611',3040,1748,1654041115,1654041115);
INSERT INTO player_score VALUES('61bf477bd',25,'1fdda011c','14fc7ee53',284240,1656,1653987081,1653987081);
INSERT INTO player_score VALUES('610b8cbdd',25,'1fdda011c','1668799cc',167440,1613,1653968235,1653968235);
INSERT INTO player_score VALUES('47fd95a72',25,'1fdda011c','27c705086',282348,1196,1653295682,1653295682);
INSERT INTO player_score VALUES('62b026177',25,'1fdda011c','410bf4665',29484,1574,1654012338,1654012338);
INSERT INTO player_score VALUES('63802525d',25,'1fdda011c','41fdfa678',28908,1679,1654034148,1654034148);
INSERT INTO player_score VALUES('60d343906',25,'1fdda011c','420d6d7f5',99000,1535,1653962333,1653962333);
INSERT INTO player_score VALUES('60fd17929',25,'1fdda011c','47d425bbb',84042,1572,1653966719,1653966719);
INSERT INTO player_score VALUES('6332cae88',25,'1fdda011c','4bcb7c804',0,1690,1654026037,1654026037);
INSERT INTO player_score VALUES('5abda3220',25,'1fdda011c','4d285e772',543213,1226,1653799004,1653799004);
INSERT INTO player_score VALUES('522ea58fe',25,'1fdda011c','50bb57dd0',84680,1207,1653569262,1653569262);
INSERT INTO player_score VALUES('5de33c081',25,'1fdda011c','5771dfb6e',27280,1259,1653883477,1653883477);
INSERT INTO player_score VALUES('637b1e893',25,'1fdda011c','60a2fab93',14280,1505,1654033621,1654033621);
INSERT INTO player_score VALUES('635bfb553',25,'1fdda011c','624804611',85701,1262,1654030356,1654030356);
INSERT INTO player_score VALUES('61323b18a',25,'207ec963e','14fc7ee53',142968,1642,1653972291,1653972291);
INSERT INTO player_score VALUES('62836be3b',25,'207ec963e','1668799cc',37848,1646,1654007648,1654007648);
INSERT INTO player_score VALUES('48b0ca1cc',25,'207ec963e','27c705086',518692,1216,1653314473,1653314473);
INSERT INTO player_score VALUES('63c19889c',25,'207ec963e','41fdfa678',4060,1694,1654041011,1654041011);
INSERT INTO player_score VALUES('61fa809cf',25,'207ec963e','420d6d7f5',29565,1595,1653993291,1653993291);
INSERT INTO player_score VALUES('635848118',25,'207ec963e','47d425bbb',6888,1734,1654029968,1654029968);
INSERT INTO player_score VALUES('60a05402c',25,'207ec963e','4bcb7c804',289296,1515,1653956992,1653956992);
INSERT INTO player_score VALUES('5fa1952dd',25,'207ec963e','4d285e772',45264,1623,1653930280,1653930280);
INSERT INTO player_score VALUES('522d74651',25,'207ec963e','50bb57dd0',62985,1200,1653569137,1653569137);
INSERT INTO player_score VALUES('639df5005',25,'207ec963e','60a2fab93',115248,1584,1654037274,1654037274);
INSERT INTO player_score VALUES('63a5ff18f',25,'207ec963e','624804611',32400,1610,1654038117,1654038117);
INSERT INTO player_score VALUES('5dbfdf4d6',25,'22677ccf1','14fc7ee53',0,1576,1653879769,1653879769);
INSERT INTO player_score VALUES('612e8f24d',25,'22677ccf1','1668799cc',88044,1616,1653971906,1653971906);
INSERT INTO player_score VALUES('4937aaea2',25,'22677ccf1','27c705086',304268,1234,1653328616,1653328616);
INSERT INTO player_score VALUES('62e74a4d0',25,'22677ccf1','410bf4665',159460,1585,1654018120,1654018120);
INSERT INTO player_score VALUES('61b59704f',25,'22677ccf1','420d6d7f5',26280,1579,1653986065,1653986065);
INSERT INTO player_score VALUES('6182e2114',25,'22677ccf1','47d425bbb',58938,1603,1653980748,1653980748);
INSERT INTO player_score VALUES('616fa5bde',25,'22677ccf1','4bcb7c804',50688,1570,1653978731,1653978731);
INSERT INTO player_score VALUES('5f8502b57',25,'22677ccf1','4d285e772',8316,1613,1653927284,1653927284);
INSERT INTO player_score VALUES('523a0fed6',25,'22677ccf1','50bb57dd0',114240,1243,1653570459,1653570459);
INSERT INTO player_score VALUES('5f1d0f640',25,'22677ccf1','5771dfb6e',484344,1487,1653916384,1653916384);
INSERT INTO player_score VALUES('636efa9e9',25,'22677ccf1','60a2fab93',20700,1476,1654032348,1654032348);
INSERT INTO player_score VALUES('639cb79e2',25,'22677ccf1','624804611',16530,1566,1654037144,1654037144);
INSERT INTO player_score VALUES('54ffc47f8',25,'22941c266','14fc7ee53',77367,1391,1653644877,1653644877);
INSERT INTO player_score VALUES('4a0deb8da',25,'22941c266','27c705086',73920,1266,1653351082,1653351082);
INSERT INTO player_score VALUES('61e8ad9e3',25,'22941c266','410bf4665',518,1537,1653991422,1653991422);
INSERT INTO player_score VALUES('625021feb',25,'22941c266','420d6d7f5',14688,1615,1654002270,1654002270);
INSERT INTO player_score VALUES('625b2364c',25,'22941c266','47d425bbb',437760,1659,1654003424,1654003424);
INSERT INTO player_score VALUES('6357ae433',25,'22941c266','4bcb7c804',261261,1699,1654029905,1654029905);
INSERT INTO player_score VALUES('5f490d9a4',25,'22941c266','4d285e772',421504,1597,1653920997,1653920997);
INSERT INTO player_score VALUES('5f2244651',25,'22941c266','5771dfb6e',791520,1491,1653916930,1653916930);
INSERT INTO player_score VALUES('63bf4c25a',25,'22941c266','60a2fab93',12420,1658,1654040770,1654040770);
INSERT INTO player_score VALUES('63c40e68a',25,'22941c266','624804611',50616,1754,1654041269,1654041269);
INSERT INTO player_score VALUES('636d74028',25,'2339d4779','14fc7ee53',12648,1700,1654032188,1654032188);
INSERT INTO player_score VALUES('5f60466da',25,'2339d4779','410bf4665',206640,1434,1653923432,1653923432);
INSERT INTO player_score VALUES('5f53e097c',25,'2339d4779','41fdfa678',24640,1474,1653922132,1653922132);
INSERT INTO player_score VALUES('5e00e73f4',25,'2339d4779','420d6d7f5',21924,1365,1653886588,1653886588);
INSERT INTO player_score VALUES('63abdf03b',25,'2339d4779','47d425bbb',205252,1754,1654038733,1654038733);
INSERT INTO player_score VALUES('630615997',25,'2339d4779','4bcb7c804',118440,1680,1654021349,1654021349);
INSERT INTO player_score VALUES('5f1baaef1',25,'2339d4779','4d285e772',4180,1585,1653916238,1653916238);
INSERT INTO player_score VALUES('521d6ed23',25,'2339d4779','50bb57dd0',298424,1149,1653567457,1653567457);
INSERT INTO player_score VALUES('5ea6a6e4f',25,'2339d4779','5771dfb6e',13860,1403,1653903968,1653903968);
INSERT INTO player_score VALUES('63b7dbdc2',25,'2339d4779','60a2fab93',197880,1640,1654039990,1654039990);
INSERT INTO player_score VALUES('63a20505c',25,'2339d4779','624804611',81400,1589,1654037700,1654037700);
INSERT INTO player_score VALUES('62b1cc729',25,'234bb6195','14fc7ee53',183456,1682,1654012511,1654012511);
INSERT INTO player_score VALUES('48fde9c34',25,'234bb6195','27c705086',116032,1226,1653322560,1653322560);
INSERT INTO player_score VALUES('6242fb4d3',25,'234bb6195','410bf4665',38400,1559,1654000891,1654000891);
INSERT INTO player_score VALUES('62a923a4c',25,'234bb6195','41fdfa678',164934,1631,1654011603,1654011603);
INSERT INTO player_score VALUES('638db2656',25,'234bb6195','420d6d7f5',672,1671,1654035569,1654035569);
INSERT INTO player_score VALUES('62f24baf5',25,'234bb6195','47d425bbb',34440,1707,1654019274,1654019274);
INSERT INTO player_score VALUES('6318196a6',25,'234bb6195','4bcb7c804',183456,1687,1654023238,1654023238);
INSERT INTO player_score VALUES('5f07d260a',25,'234bb6195','4d285e772',26568,1575,1653914157,1653914157);
INSERT INTO player_score VALUES('5233c70bf',25,'234bb6195','50bb57dd0',140760,1221,1653569800,1653569800);
INSERT INTO player_score VALUES('5e6f98a83',25,'234bb6195','5771dfb6e',2880,1357,1653898195,1653898195);
INSERT INTO player_score VALUES('6348030c3',25,'234bb6195','60a2fab93',148800,1400,1654028262,1654028262);
INSERT INTO player_score VALUES('63b777bf3',25,'234bb6195','624804611',314244,1695,1654039949,1654039949);
INSERT INTO player_score VALUES('639667670',25,'244a81249','14fc7ee53',74898,1705,1654036482,1654036482);
INSERT INTO player_score VALUES('5f81ff3ba',25,'244a81249','1668799cc',94658,1582,1653926968,1653926968);
INSERT INTO player_score VALUES('48e46be1c',25,'244a81249','27c705086',2664,1222,1653319887,1653319887);
INSERT INTO player_score VALUES('635f5444f',25,'244a81249','410bf4665',12144,1602,1654030707,1654030707);
INSERT INTO player_score VALUES('636403036',25,'244a81249','41fdfa678',296058,1674,1654031198,1654031198);
INSERT INTO player_score VALUES('5fed35836',25,'244a81249','420d6d7f5',16320,1478,1653938210,1653938210);
INSERT INTO player_score VALUES('6304f0a15',25,'244a81249','47d425bbb',29184,1711,1654021229,1654021229);
INSERT INTO player_score VALUES('63c2f0c3b',25,'244a81249','4bcb7c804',200928,1734,1654041152,1654041152);
INSERT INTO player_score VALUES('5fb7f4b55',25,'244a81249','4d285e772',139748,1632,1653932626,1653932626);
INSERT INTO player_score VALUES('5239abd43',25,'244a81249','50bb57dd0',107800,1242,1653570418,1653570418);
INSERT INTO player_score VALUES('5d164a38f',25,'244a81249','5771dfb6e',298080,1102,1653861987,1653861987);
INSERT INTO player_score VALUES('63c43a5a1',25,'244a81249','60a2fab93',119880,1670,1654041287,1654041287);
INSERT INTO player_score VALUES('63bcc52a7',25,'244a81249','624804611',12920,1720,1654040505,1654040505);
INSERT INTO player_score VALUES('584417a0c',25,'248b1b3e6','14fc7ee53',67760,1451,1653732572,1653732572);
INSERT INTO player_score VALUES('61730d544',25,'248b1b3e6','1668799cc',223560,1626,1653979088,1653979088);
INSERT INTO player_score VALUES('484211648',25,'248b1b3e6','27c705086',24192,1201,1653302863,1653302863);
INSERT INTO player_score VALUES('61e57bc2d',25,'248b1b3e6','410bf4665',250992,1536,1653991087,1653991087);
INSERT INTO player_score VALUES('633d34e9c',25,'248b1b3e6','41fdfa678',500544,1663,1654027129,1654027129);
INSERT INTO player_score VALUES('62b7f80bb',25,'248b1b3e6','47d425bbb',864,1682,1654013158,1654013158);
INSERT INTO player_score VALUES('6230fecd8',25,'248b1b3e6','4bcb7c804',19425,1624,1653999005,1653999005);
INSERT INTO player_score VALUES('5ef002308',25,'248b1b3e6','4d285e772',70800,1567,1653911660,1653911660);
INSERT INTO player_score VALUES('52209bd15',25,'248b1b3e6','50bb57dd0',133380,1163,1653567790,1653567790);
INSERT INTO player_score VALUES('5f0789238',25,'248b1b3e6','5771dfb6e',255024,1471,1653914127,1653914127);
INSERT INTO player_score VALUES('63ade495b',25,'248b1b3e6','60a2fab93',60690,1624,1654038945,1654038945);
INSERT INTO player_score VALUES('63c271d30',25,'248b1b3e6','624804611',112404,1747,1654041100,1654041100);
INSERT INTO player_score VALUES('621a4eb78',25,'262c08a60','14fc7ee53',28440,1665,1653996626,1653996626);
INSERT INTO player_score VALUES('5e90b7a43',25,'262c08a60','1668799cc',6732,1563,1653901668,1653901668);
INSERT INTO player_score VALUES('495c673a1',25,'262c08a60','27c705086',20592,1238,1653332468,1653332468);
INSERT INTO player_score VALUES('5f80825dc',25,'262c08a60','410bf4665',630500,1442,1653926812,1653926812);
INSERT INTO player_score VALUES('63c51d65e',25,'262c08a60','41fdfa678',3770,1696,1654041380,1654041380);
INSERT INTO player_score VALUES('629f3fe87',25,'262c08a60','420d6d7f5',3528,1630,1654010566,1654010566);
INSERT INTO player_score VALUES('62c09982c',25,'262c08a60','47d425bbb',43680,1688,1654014063,1654014063);
INSERT INTO player_score VALUES('637c9dd5a',25,'262c08a60','4bcb7c804',218880,1711,1654033778,1654033778);
INSERT INTO player_score VALUES('5f86d5057',25,'262c08a60','4d285e772',46740,1615,1653927475,1653927475);
INSERT INTO player_score VALUES('524592b2b',25,'262c08a60','50bb57dd0',85550,1284,1653571666,1653571666);
INSERT INTO player_score VALUES('5ef3738ab',25,'262c08a60','5771dfb6e',249570,1456,1653912021,1653912021);
INSERT INTO player_score VALUES('6395c6426',25,'262c08a60','624804611',0,1525,1654036416,1654036416);
INSERT INTO player_score VALUES('5bd474164',25,'263097a3b','14fc7ee53',36570,1526,1653828240,1653828240);
INSERT INTO player_score VALUES('63c4971fa',25,'263097a3b','1668799cc',5320,1669,1654041325,1654041325);
INSERT INTO player_score VALUES('496f97560',25,'263097a3b','27c705086',237600,1241,1653334480,1653334480);
INSERT INTO player_score VALUES('62f791c4c',25,'263097a3b','410bf4665',0,1588,1654019827,1654019827);
INSERT INTO player_score VALUES('631fabe1f',25,'263097a3b','41fdfa678',42120,1655,1654024032,1654024032);
INSERT INTO player_score VALUES('639aea2db',25,'263097a3b','420d6d7f5',517752,1678,1654036955,1654036955);
INSERT INTO player_score VALUES('636226ed9',25,'263097a3b','47d425bbb',276318,1740,1654031003,1654031003);
INSERT INTO player_score VALUES('61c31f5f4',25,'263097a3b','4bcb7c804',208488,1593,1653987484,1653987484);
INSERT INTO player_score VALUES('5faa14756',25,'263097a3b','4d285e772',16008,1628,1653931171,1653931171);
INSERT INTO player_score VALUES('522759e68',25,'263097a3b','50bb57dd0',175560,1183,1653568497,1653568497);
INSERT INTO player_score VALUES('63a813507',25,'263097a3b','60a2fab93',130758,1610,1654038335,1654038335);
INSERT INTO player_score VALUES('63c69f242',25,'263097a3b','624804611',75816,1765,1654041538,1654041538);
INSERT INTO player_score VALUES('5da4e21dc',25,'2642263fc','14fc7ee53',126480,1573,1653876939,1653876939);
INSERT INTO player_score VALUES('61690013a',25,'2642263fc','1668799cc',188471,1624,1653978034,1653978034);
INSERT INTO player_score VALUES('5e006aba6',25,'2642263fc','410bf4665',37440,1355,1653886537,1653886537);
INSERT INTO player_score VALUES('63ace91dd',25,'2642263fc','41fdfa678',332304,1684,1654038842,1654038842);
INSERT INTO player_score VALUES('6393999f3',25,'2642263fc','420d6d7f5',12985,1674,1654036188,1654036188);
INSERT INTO player_score VALUES('63389c29c',25,'2642263fc','47d425bbb',43953,1723,1654026647,1654026647);
INSERT INTO player_score VALUES('63584f654',25,'2642263fc','4bcb7c804',260568,1700,1654029971,1654029971);
INSERT INTO player_score VALUES('5b9d4d6a8',25,'2642263fc','4d285e772',115710,1292,1653822457,1653822457);
INSERT INTO player_score VALUES('524040661',25,'2642263fc','50bb57dd0',313875,1266,1653571108,1653571108);
INSERT INTO player_score VALUES('5f38312ec',25,'2642263fc','5771dfb6e',19602,1508,1653919229,1653919229);
INSERT INTO player_score VALUES('63bf118f2',25,'2642263fc','624804611',40572,1735,1654040746,1654040746);
INSERT INTO player_score VALUES('5fa51a0a5',25,'2670fc041','14fc7ee53',80811,1617,1653930649,1653930649);
INSERT INTO player_score VALUES('63662101b',25,'2670fc041','1668799cc',6864,1665,1654031420,1654031420);
INSERT INTO player_score VALUES('498073bd5',25,'2670fc041','27c705086',85914,1243,1653336248,1653336248);
INSERT INTO player_score VALUES('62620130d',25,'2670fc041','410bf4665',11285,1565,1654004144,1654004144);
INSERT INTO player_score VALUES('633ed8d65',25,'2670fc041','47d425bbb',50160,1724,1654027301,1654027301);
INSERT INTO player_score VALUES('632e5ba7c',25,'2670fc041','4bcb7c804',194176,1689,1654025572,1654025572);
INSERT INTO player_score VALUES('5f127e4c8',25,'2670fc041','4d285e772',10744,1581,1653915276,1653915276);
INSERT INTO player_score VALUES('5229bc40c',25,'2670fc041','50bb57dd0',18018,1189,1653568747,1653568747);
INSERT INTO player_score VALUES('5e7d71916',25,'2670fc041','5771dfb6e',49140,1371,1653899647,1653899647);
INSERT INTO player_score VALUES('6390ee045',25,'2670fc041','60a2fab93',246708,1555,1654035908,1654035908);
INSERT INTO player_score VALUES('59944f685',25,'275fd776b','1668799cc',341496,1459,1653767827,1653767827);
INSERT INTO player_score VALUES('488842248',25,'275fd776b','27c705086',10854,1209,1653310223,1653310223);
INSERT INTO player_score VALUES('5e1e1112d',25,'275fd776b','410bf4665',38556,1365,1653889646,1653889646);
INSERT INTO player_score VALUES('61ff69f3b',25,'275fd776b','41fdfa678',37908,1590,1653993806,1653993806);
INSERT INTO player_score VALUES('63a3b52a5',25,'275fd776b','47d425bbb',128325,1753,1654037877,1654037877);
INSERT INTO player_score VALUES('5fa7ecb5e',25,'275fd776b','4d285e772',23760,1625,1653930945,1653930945);
INSERT INTO player_score VALUES('63c1c207c',25,'275fd776b','60a2fab93',203840,1664,1654041028,1654041028);
INSERT INTO player_score VALUES('63ab73945',25,'275fd776b','624804611',439520,1639,1654038689,1654038689);
INSERT INTO player_score VALUES('60c7b2258',25,'27f34eeec','1668799cc',20664,1607,1653961120,1653961120);
INSERT INTO player_score VALUES('4827784c0',25,'27f34eeec','27c705086',13920,1198,1653300074,1653300074);
INSERT INTO player_score VALUES('5eb1442c5',25,'27f34eeec','410bf4665',202100,1391,1653905081,1653905081);
INSERT INTO player_score VALUES('6275b040f',25,'27f34eeec','41fdfa678',8640,1612,1654006208,1654006208);
INSERT INTO player_score VALUES('639972324',25,'27f34eeec','420d6d7f5',20400,1677,1654036801,1654036801);
INSERT INTO player_score VALUES('63b1c63cd',25,'27f34eeec','47d425bbb',0,1756,1654039352,1654039352);
INSERT INTO player_score VALUES('61ec6f8b5',25,'27f34eeec','4bcb7c804',357696,1607,1653991816,1653991816);
INSERT INTO player_score VALUES('521dce08a',25,'27f34eeec','50bb57dd0',94608,1150,1653567496,1653567496);
INSERT INTO player_score VALUES('5ef87f0ba',25,'27f34eeec','5771dfb6e',138450,1462,1653912550,1653912550);
INSERT INTO player_score VALUES('63a70ba7d',25,'27f34eeec','624804611',121104,1620,1654038227,1654038227);
INSERT INTO player_score VALUES('5d7a919a1',25,'2976f533d','1668799cc',191737,1546,1653872502,1653872502);
INSERT INTO player_score VALUES('49f74056c',25,'2976f533d','27c705086',197964,1264,1653348705,1653348705);
INSERT INTO player_score VALUES('6359263d7',25,'2976f533d','41fdfa678',32242,1673,1654030059,1654030059);
INSERT INTO player_score VALUES('635abb845',25,'2976f533d','420d6d7f5',154048,1659,1654030225,1654030225);
INSERT INTO player_score VALUES('62efe1ff1',25,'2976f533d','47d425bbb',18720,1706,1654019021,1654019021);
INSERT INTO player_score VALUES('62fffb1ab',25,'2976f533d','4bcb7c804',0,1676,1654020709,1654020709);
INSERT INTO player_score VALUES('5fa8c5faa',25,'2976f533d','4d285e772',290628,1627,1653931034,1653931034);
INSERT INTO player_score VALUES('523b87eb4',25,'2976f533d','50bb57dd0',178752,1253,1653570613,1653570613);
INSERT INTO player_score VALUES('5f03bfe5a',25,'2976f533d','5771dfb6e',54432,1469,1653913730,1653913730);
INSERT INTO player_score VALUES('639d034e1',25,'2976f533d','60a2fab93',177840,1582,1654037175,1654037175);
INSERT INTO player_score VALUES('63937502a',25,'2976f533d','624804611',85140,1515,1654036173,1654036173);
INSERT INTO player_score VALUES('60ab6b5f9',25,'2abc810ef','14fc7ee53',122728,1637,1653958155,1653958155);
INSERT INTO player_score VALUES('61d82dfc9',25,'2abc810ef','1668799cc',38416,1633,1653989692,1653989692);
INSERT INTO player_score VALUES('4986d9e86',25,'2abc810ef','27c705086',147533,1245,1653336919,1653336919);
INSERT INTO player_score VALUES('63c30e11b',25,'2abc810ef','41fdfa678',7203,1695,1654041164,1654041164);
INSERT INTO player_score VALUES('617f02d62',25,'2abc810ef','420d6d7f5',8316,1567,1653980342,1653980342);
INSERT INTO player_score VALUES('625f2e896',25,'2abc810ef','47d425bbb',258100,1660,1654003848,1654003848);
INSERT INTO player_score VALUES('624a3ac86',25,'2abc810ef','4bcb7c804',6300,1630,1654001651,1654001651);
INSERT INTO player_score VALUES('5eb7638ea',25,'2abc810ef','4d285e772',122892,1543,1653905723,1653905723);
INSERT INTO player_score VALUES('522344f9f',25,'2abc810ef','50bb57dd0',73696,1171,1653568069,1653568069);
INSERT INTO player_score VALUES('5ee50cff8',25,'2abc810ef','5771dfb6e',103194,1447,1653910511,1653910511);
INSERT INTO player_score VALUES('63bfa1986',25,'2abc810ef','60a2fab93',7400,1661,1654040805,1654040805);
INSERT INTO player_score VALUES('625d2685c',25,'2b0cab845','14fc7ee53',125928,1673,1654003635,1654003635);
INSERT INTO player_score VALUES('6150a247a',25,'2b0cab845','1668799cc',33810,1622,1653975479,1653975479);
INSERT INTO player_score VALUES('496fa389f',25,'2b0cab845','27c705086',13760,1242,1653334485,1653334485);
INSERT INTO player_score VALUES('60f3957b6',25,'2b0cab845','410bf4665',330980,1500,1653965722,1653965722);
INSERT INTO player_score VALUES('630c153f7',25,'2b0cab845','41fdfa678',257520,1649,1654021978,1654021978);
INSERT INTO player_score VALUES('61b0312cd',25,'2b0cab845','420d6d7f5',47520,1576,1653985499,1653985499);
INSERT INTO player_score VALUES('62e8bfd2f',25,'2b0cab845','47d425bbb',117648,1704,1654018273,1654018273);
INSERT INTO player_score VALUES('63ac1729a',25,'2b0cab845','4bcb7c804',322812,1730,1654038756,1654038756);
INSERT INTO player_score VALUES('5fab6080f',25,'2b0cab845','4d285e772',80801,1629,1653931307,1653931307);
INSERT INTO player_score VALUES('523ee82d0',25,'2b0cab845','50bb57dd0',351135,1263,1653570967,1653570967);
INSERT INTO player_score VALUES('636ff3a57',25,'2b0cab845','60a2fab93',75348,1478,1654032450,1654032450);
INSERT INTO player_score VALUES('6153ad1bc',25,'2b91c3caa','14fc7ee53',13923,1645,1653975798,1653975798);
INSERT INTO player_score VALUES('61b314eeb',25,'2b91c3caa','1668799cc',17600,1630,1653985802,1653985802);
INSERT INTO player_score VALUES('4a044c2ac',25,'2b91c3caa','27c705086',56088,1265,1653350073,1653350073);
INSERT INTO player_score VALUES('6079c7dc8',25,'2b91c3caa','420d6d7f5',154840,1513,1653952950,1653952950);
INSERT INTO player_score VALUES('63243d549',25,'2b91c3caa','47d425bbb',203148,1715,1654024511,1654024511);
INSERT INTO player_score VALUES('634ce2985',25,'2b91c3caa','4bcb7c804',160146,1696,1654028773,1654028773);
INSERT INTO player_score VALUES('5ecc7bf30',25,'2b91c3caa','4d285e772',60424,1553,1653907935,1653907935);
INSERT INTO player_score VALUES('523396372',25,'2b91c3caa','50bb57dd0',63612,1220,1653569780,1653569780);
INSERT INTO player_score VALUES('5f185e392',25,'2b91c3caa','5771dfb6e',3456,1485,1653915892,1653915892);
INSERT INTO player_score VALUES('63baa4c01',25,'2b91c3caa','60a2fab93',26568,1648,1654040282,1654040282);
INSERT INTO player_score VALUES('5f410acd6',25,'2ddac2152','14fc7ee53',104754,1612,1653920157,1653920157);
INSERT INTO player_score VALUES('6304c4ae6',25,'2ddac2152','1668799cc',1620,1658,1654021211,1654021211);
INSERT INTO player_score VALUES('46a407bb0',25,'2ddac2152','27c705086',54000,1144,1653259448,1653259448);
INSERT INTO player_score VALUES('62dac99cc',25,'2ddac2152','410bf4665',74550,1581,1654016809,1654016809);
INSERT INTO player_score VALUES('61f54b9b6',25,'2ddac2152','41fdfa678',21600,1588,1653992745,1653992745);
INSERT INTO player_score VALUES('622c7e751',25,'2ddac2152','420d6d7f5',19500,1612,1653998533,1653998533);
INSERT INTO player_score VALUES('62de13e69',25,'2ddac2152','47d425bbb',180600,1700,1654017154,1654017154);
INSERT INTO player_score VALUES('63a58c5d1',25,'2ddac2152','4bcb7c804',32384,1725,1654038070,1654038070);
INSERT INTO player_score VALUES('5f0c097a9',25,'2ddac2152','4d285e772',3240,1579,1653914599,1653914599);
INSERT INTO player_score VALUES('52496825c',25,'2ddac2152','50bb57dd0',72960,1288,1653572068,1653572068);
INSERT INTO player_score VALUES('5f2c03818',25,'2ddac2152','5771dfb6e',18720,1496,1653917952,1653917952);
INSERT INTO player_score VALUES('639faee58',25,'2ddac2152','60a2fab93',56925,1588,1654037455,1654037455);
INSERT INTO player_score VALUES('63b385007',25,'2ddac2152','624804611',34220,1680,1654039535,1654039535);
INSERT INTO player_score VALUES('625e81362',25,'3088759fe','14fc7ee53',227700,1674,1654003777,1654003777);
INSERT INTO player_score VALUES('632952993',25,'3088759fe','1668799cc',109725,1662,1654025044,1654025044);
INSERT INTO player_score VALUES('4879814a1',25,'3088759fe','27c705086',113646,1207,1653308676,1653308676);
INSERT INTO player_score VALUES('633a2a1d8',25,'3088759fe','420d6d7f5',29106,1653,1654026810,1654026810);
INSERT INTO player_score VALUES('629964e4f',25,'3088759fe','47d425bbb',198900,1671,1654009952,1654009952);
INSERT INTO player_score VALUES('62ae3b59a',25,'3088759fe','4bcb7c804',225000,1656,1654012137,1654012137);
INSERT INTO player_score VALUES('5ec34f504',25,'3088759fe','4d285e772',66640,1547,1653906973,1653906973);
INSERT INTO player_score VALUES('520a83133',25,'3088759fe','50bb57dd0',4636,1094,1653565473,1653565473);
INSERT INTO player_score VALUES('5f35b18d6',25,'3088759fe','5771dfb6e',544896,1506,1653918967,1653918967);
INSERT INTO player_score VALUES('6378978e6',25,'3088759fe','60a2fab93',6996,1500,1654033356,1654033356);
INSERT INTO player_score VALUES('63bdddf01',25,'3088759fe','624804611',0,1726,1654040620,1654040620);
INSERT INTO player_score VALUES('6321a2d10',25,'30d4c836d','14fc7ee53',0,1695,1654024238,1654024238);
INSERT INTO player_score VALUES('53ef610d0',25,'30d4c836d','1668799cc',61557,1340,1653616315,1653616315);
INSERT INTO player_score VALUES('4984b498f',25,'30d4c836d','27c705086',237650,1244,1653336694,1653336694);
INSERT INTO player_score VALUES('5f58cc5b9',25,'30d4c836d','410bf4665',318719,1430,1653922648,1653922648);
INSERT INTO player_score VALUES('631ce571b',25,'30d4c836d','41fdfa678',349272,1654,1654023741,1654023741);
INSERT INTO player_score VALUES('6391a794d',25,'30d4c836d','420d6d7f5',147735,1673,1654035984,1654035984);
INSERT INTO player_score VALUES('625311f45',25,'30d4c836d','47d425bbb',125173,1655,1654002578,1654002578);
INSERT INTO player_score VALUES('634e90490',25,'30d4c836d','4bcb7c804',301252,1697,1654028949,1654028949);
INSERT INTO player_score VALUES('59b61e30e',25,'30d4c836d','4d285e772',0,1123,1653771372,1653771372);
INSERT INTO player_score VALUES('5238b7b36',25,'30d4c836d','50bb57dd0',81840,1238,1653570318,1653570318);
INSERT INTO player_score VALUES('5e0e720ae',25,'30d4c836d','5771dfb6e',240084,1292,1653888008,1653888008);
INSERT INTO player_score VALUES('63c01bad7',25,'30d4c836d','60a2fab93',10626,1663,1654040855,1654040855);
INSERT INTO player_score VALUES('63c5cabc6',25,'30d4c836d','624804611',26169,1762,1654041451,1654041451);
INSERT INTO player_score VALUES('56cd36625',25,'327bb0604','14fc7ee53',378444,1425,1653693263,1653693263);
INSERT INTO player_score VALUES('5f1bd46fd',25,'327bb0604','1668799cc',57684,1573,1653916255,1653916255);
INSERT INTO player_score VALUES('476938b10',25,'327bb0604','27c705086',33852,1173,1653280125,1653280125);
INSERT INTO player_score VALUES('5f2b27cbc',25,'327bb0604','410bf4665',228984,1414,1653917862,1653917862);
INSERT INTO player_score VALUES('6067fc324',25,'327bb0604','41fdfa678',105120,1514,1653951084,1653951084);
INSERT INTO player_score VALUES('60856097a',25,'327bb0604','420d6d7f5',63480,1517,1653954166,1653954166);
INSERT INTO player_score VALUES('63877f7b7',25,'327bb0604','47d425bbb',236778,1747,1654034919,1654034919);
INSERT INTO player_score VALUES('6386c5ec2',25,'327bb0604','4bcb7c804',243360,1713,1654034843,1654034843);
INSERT INTO player_score VALUES('5d273a23b',25,'327bb0604','4d285e772',571950,1421,1653863763,1653863763);
INSERT INTO player_score VALUES('5236a5eb1',25,'327bb0604','50bb57dd0',7743,1227,1653570101,1653570101);
INSERT INTO player_score VALUES('6379d4eec',25,'327bb0604','60a2fab93',2516,1503,1654033486,1654033486);
INSERT INTO player_score VALUES('63c5de496',25,'327bb0604','624804611',9222,1763,1654041459,1654041459);
INSERT INTO player_score VALUES('5d8226837',25,'33c221b6c','14fc7ee53',151200,1570,1653873297,1653873297);
INSERT INTO player_score VALUES('63c4357c9',25,'33c221b6c','1668799cc',132300,1668,1654041285,1654041285);
INSERT INTO player_score VALUES('49a33b89d',25,'33c221b6c','27c705086',5184,1249,1653339895,1653339895);
INSERT INTO player_score VALUES('624f1a525',25,'33c221b6c','410bf4665',82908,1562,1654002162,1654002162);
INSERT INTO player_score VALUES('6376e76f2',25,'33c221b6c','41fdfa678',438438,1678,1654033179,1654033179);
INSERT INTO player_score VALUES('63a774a0b',25,'33c221b6c','420d6d7f5',25920,1681,1654038270,1654038270);
INSERT INTO player_score VALUES('63560a564',25,'33c221b6c','47d425bbb',22448,1733,1654029733,1654029733);
INSERT INTO player_score VALUES('61b0c1390',25,'33c221b6c','4bcb7c804',247680,1588,1653985558,1653985558);
INSERT INTO player_score VALUES('5ef1a138f',25,'33c221b6c','4d285e772',64350,1568,1653911830,1653911830);
INSERT INTO player_score VALUES('520903c82',25,'33c221b6c','50bb57dd0',166430,1088,1653565316,1653565316);
INSERT INTO player_score VALUES('5f1529e53',25,'33c221b6c','5771dfb6e',362295,1482,1653915556,1653915556);
INSERT INTO player_score VALUES('63aa31540',25,'33c221b6c','60a2fab93',1440,1614,1654038557,1654038557);
INSERT INTO player_score VALUES('5cb9ab462',25,'33e46a905','14fc7ee53',108864,1547,1653852275,1653852275);
INSERT INTO player_score VALUES('48dfd7ffe',25,'33e46a905','27c705086',104650,1221,1653319407,1653319407);
INSERT INTO player_score VALUES('63b2368a0',25,'33e46a905','410bf4665',19350,1615,1654039398,1654039398);
INSERT INTO player_score VALUES('63473d45a',25,'33e46a905','41fdfa678',95940,1668,1654028181,1654028181);
INSERT INTO player_score VALUES('63c3fadfc',25,'33e46a905','420d6d7f5',63480,1687,1654041261,1654041261);
INSERT INTO player_score VALUES('6396f4fd5',25,'33e46a905','47d425bbb',373749,1750,1654036540,1654036540);
INSERT INTO player_score VALUES('5f9794223',25,'33e46a905','4d285e772',25620,1618,1653929231,1653929231);
INSERT INTO player_score VALUES('524095dc2',25,'33e46a905','50bb57dd0',68640,1267,1653571143,1653571143);
INSERT INTO player_score VALUES('5f090ae00',25,'33e46a905','5771dfb6e',416208,1473,1653914285,1653914285);
INSERT INTO player_score VALUES('63b138a57',25,'33e46a905','60a2fab93',254431,1628,1654039294,1654039294);
INSERT INTO player_score VALUES('63bcd1607',25,'33e46a905','624804611',335216,1722,1654040510,1654040510);
INSERT INTO player_score VALUES('62b3b4b75',25,'34705bc0f','14fc7ee53',75106,1683,1654012711,1654012711);
INSERT INTO player_score VALUES('5d2eec5c7',25,'34705bc0f','1668799cc',61944,1538,1653864570,1653864570);
INSERT INTO player_score VALUES('49e15fc02',25,'34705bc0f','27c705086',1820,1257,1653346411,1653346411);
INSERT INTO player_score VALUES('61702e77e',25,'34705bc0f','410bf4665',21996,1518,1653978787,1653978787);
INSERT INTO player_score VALUES('5ff7c1b6c',25,'34705bc0f','41fdfa678',406272,1500,1653939316,1653939316);
INSERT INTO player_score VALUES('61fc57d1e',25,'34705bc0f','420d6d7f5',37024,1596,1653993484,1653993484);
INSERT INTO player_score VALUES('635f3e502',25,'34705bc0f','47d425bbb',31240,1736,1654030698,1654030698);
INSERT INTO player_score VALUES('5ea121509',25,'34705bc0f','4bcb7c804',70560,1367,1653903389,1653903389);
INSERT INTO player_score VALUES('5d942f384',25,'34705bc0f','4d285e772',109564,1456,1653875188,1653875188);
INSERT INTO player_score VALUES('523e581fa',25,'34705bc0f','50bb57dd0',314230,1262,1653570908,1653570908);
INSERT INTO player_score VALUES('5ea37ec83',25,'34705bc0f','5771dfb6e',11832,1400,1653903637,1653903637);
INSERT INTO player_score VALUES('63c3d8b37',25,'34705bc0f','60a2fab93',18480,1667,1654041247,1654041247);
INSERT INTO player_score VALUES('63a67447d',25,'34705bc0f','624804611',490945,1615,1654038165,1654038165);
INSERT INTO player_score VALUES('621cd0ccc',25,'34a611be1','14fc7ee53',231000,1666,1653996889,1653996889);
INSERT INTO player_score VALUES('5f5e9b2b0',25,'34a611be1','1668799cc',43310,1578,1653923257,1653923257);
INSERT INTO player_score VALUES('406333b6a',25,'34a611be1','27c705086',91728,903,1653091589,1653091589);
INSERT INTO player_score VALUES('63a51e800',25,'34a611be1','410bf4665',618800,1611,1654038025,1654038025);
INSERT INTO player_score VALUES('636d76730',25,'34a611be1','41fdfa678',61642,1676,1654032189,1654032189);
INSERT INTO player_score VALUES('622b0dd29',25,'34a611be1','420d6d7f5',131040,1611,1653998382,1653998382);
INSERT INTO player_score VALUES('634cf61e8',25,'34a611be1','47d425bbb',89225,1730,1654028781,1654028781);
INSERT INTO player_score VALUES('63c6696f2',25,'34a611be1','4bcb7c804',86184,1736,1654041516,1654041516);
INSERT INTO player_score VALUES('5d1fc7690',25,'34a611be1','4d285e772',26550,1416,1653862982,1653862982);
INSERT INTO player_score VALUES('5241c4953',25,'34a611be1','50bb57dd0',9120,1272,1653571267,1653571267);
INSERT INTO player_score VALUES('5ef5f5a18',25,'34a611be1','5771dfb6e',117216,1459,1653912284,1653912284);
INSERT INTO player_score VALUES('63aa86c44',25,'34a611be1','60a2fab93',317250,1615,1654038592,1654038592);
INSERT INTO player_score VALUES('63c12aa92',25,'34a611be1','624804611',22000,1745,1654040966,1654040966);
INSERT INTO player_score VALUES('638108368',25,'352a46f9c','14fc7ee53',155672,1702,1654034241,1654034241);
INSERT INTO player_score VALUES('58c2a0330',25,'352a46f9c','1668799cc',50864,1437,1653745840,1653745840);
INSERT INTO player_score VALUES('49eaa4cae',25,'352a46f9c','27c705086',139125,1261,1653347383,1653347383);
INSERT INTO player_score VALUES('630d41886',25,'352a46f9c','410bf4665',130536,1591,1654022101,1654022101);
INSERT INTO player_score VALUES('5d0b52953',25,'352a46f9c','420d6d7f5',31620,1307,1653860837,1653860837);
INSERT INTO player_score VALUES('60d0e8870',25,'352a46f9c','47d425bbb',358012,1554,1653962086,1653962086);
INSERT INTO player_score VALUES('628a5857c',25,'352a46f9c','4bcb7c804',2304,1648,1654008374,1654008374);
INSERT INTO player_score VALUES('5f288d471',25,'352a46f9c','4d285e772',250560,1588,1653917589,1653917589);
INSERT INTO player_score VALUES('5242c9d0f',25,'352a46f9c','50bb57dd0',15840,1275,1653571374,1653571374);
INSERT INTO player_score VALUES('5ed1e9198',25,'352a46f9c','5771dfb6e',72675,1435,1653908504,1653908504);
INSERT INTO player_score VALUES('6383bb1c9',25,'352a46f9c','60a2fab93',357700,1527,1654034524,1654034524);
INSERT INTO player_score VALUES('63ab6eb3b',25,'352a46f9c','624804611',18424,1638,1654038687,1654038687);
INSERT INTO player_score VALUES('59a24a7dd',25,'38655c60d','14fc7ee53',25300,1483,1653769293,1653769293);
INSERT INTO player_score VALUES('51977114a',25,'38655c60d','1668799cc',82836,1291,1653553407,1653553407);
INSERT INTO player_score VALUES('4934ee3ca',25,'38655c60d','27c705086',281260,1233,1653328329,1653328329);
INSERT INTO player_score VALUES('633d8ccd9',25,'38655c60d','410bf4665',3174,1596,1654027165,1654027165);
INSERT INTO player_score VALUES('60fa90996',25,'38655c60d','41fdfa678',363825,1539,1653966454,1653966454);
INSERT INTO player_score VALUES('637e97339',25,'38655c60d','420d6d7f5',37950,1667,1654033985,1654033985);
INSERT INTO player_score VALUES('633fc33ab',25,'38655c60d','47d425bbb',16430,1726,1654027397,1654027397);
INSERT INTO player_score VALUES('63af357ca',25,'38655c60d','4bcb7c804',127440,1732,1654039083,1654039083);
INSERT INTO player_score VALUES('5243cc993',25,'38655c60d','50bb57dd0',184828,1281,1653571480,1653571480);
INSERT INTO player_score VALUES('5e1cdfe50',25,'38655c60d','5771dfb6e',178416,1298,1653889521,1653889521);
INSERT INTO player_score VALUES('63abc1b51',25,'38655c60d','60a2fab93',45864,1618,1654038721,1654038721);
INSERT INTO player_score VALUES('5e4440748',25,'3989e6826','14fc7ee53',20790,1587,1653893650,1653893650);
INSERT INTO player_score VALUES('5fb1231a7',25,'3989e6826','1668799cc',562520,1587,1653931911,1653931911);
INSERT INTO player_score VALUES('494f78aab',25,'3989e6826','27c705086',97200,1236,1653331112,1653331112);
INSERT INTO player_score VALUES('63b7fe077',25,'3989e6826','41fdfa678',34410,1691,1654040004,1654040004);
INSERT INTO player_score VALUES('5e50dbfd3',25,'3989e6826','420d6d7f5',81344,1384,1653894972,1653894972);
INSERT INTO player_score VALUES('63a8ef0ce',25,'3989e6826','4bcb7c804',39936,1728,1654038425,1654038425);
INSERT INTO player_score VALUES('5f8d560f9',25,'3989e6826','4d285e772',2730,1616,1653928157,1653928157);
INSERT INTO player_score VALUES('524987e61',25,'3989e6826','50bb57dd0',6144,1290,1653572081,1653572081);
INSERT INTO player_score VALUES('5ef94c1b9',25,'3989e6826','5771dfb6e',11205,1463,1653912634,1653912634);
INSERT INTO player_score VALUES('63bbbd7f6',25,'3989e6826','60a2fab93',64480,1652,1654040397,1654040397);
INSERT INTO player_score VALUES('63c6cd899',25,'3989e6826','624804611',101568,1766,1654041557,1654041557);
INSERT INTO player_score VALUES('5fad74b74',25,'39ce5879f','14fc7ee53',144480,1618,1653931525,1653931525);
INSERT INTO player_score VALUES('630fbc4db',25,'39ce5879f','1668799cc',46215,1659,1654022361,1654022361);
INSERT INTO player_score VALUES('4910da628',25,'39ce5879f','27c705086',73500,1229,1653324546,1653324546);
INSERT INTO player_score VALUES('632b2eaa7',25,'39ce5879f','41fdfa678',6336,1658,1654025239,1654025239);
INSERT INTO player_score VALUES('633e2df09',25,'39ce5879f','420d6d7f5',150480,1655,1654027231,1654027231);
INSERT INTO player_score VALUES('6384b4263',25,'39ce5879f','47d425bbb',122549,1744,1654034626,1654034626);
INSERT INTO player_score VALUES('634c13121',25,'39ce5879f','4bcb7c804',109616,1695,1654028688,1654028688);
INSERT INTO player_score VALUES('52368d808',25,'39ce5879f','50bb57dd0',225621,1226,1653570091,1653570091);
INSERT INTO player_score VALUES('5ed0d2c97',25,'39ce5879f','5771dfb6e',39882,1434,1653908390,1653908390);
INSERT INTO player_score VALUES('636006823',25,'39ce5879f','60a2fab93',165760,1444,1654030780,1654030780);
INSERT INTO player_score VALUES('63a6b3c4b',25,'39ce5879f','624804611',46956,1617,1654038191,1654038191);
INSERT INTO player_score VALUES('619ca44e1',25,'3a7adff76','14fc7ee53',123200,1651,1653983449,1653983449);
INSERT INTO player_score VALUES('597769f20',25,'3a7adff76','1668799cc',675,1455,1653764797,1653764797);
INSERT INTO player_score VALUES('483e7dd8e',25,'3a7adff76','27c705086',62832,1200,1653302488,1653302488);
INSERT INTO player_score VALUES('603b9ec09',25,'3a7adff76','410bf4665',127050,1475,1653946432,1653946432);
INSERT INTO player_score VALUES('63b276036',25,'3a7adff76','41fdfa678',8424,1689,1654039424,1654039424);
INSERT INTO player_score VALUES('6228f7242',25,'3a7adff76','420d6d7f5',2430,1609,1653998163,1653998163);
INSERT INTO player_score VALUES('6234afa30',25,'3a7adff76','4bcb7c804',418582,1625,1653999392,1653999392);
INSERT INTO player_score VALUES('5f6d6aad8',25,'3a7adff76','4d285e772',127920,1606,1653924810,1653924810);
INSERT INTO player_score VALUES('5249745b0',25,'3a7adff76','50bb57dd0',163392,1289,1653572073,1653572073);
INSERT INTO player_score VALUES('5e5c3c99d',25,'3a7adff76','5771dfb6e',473088,1342,1653896165,1653896165);
INSERT INTO player_score VALUES('63c6ab5a2',25,'3a7adff76','60a2fab93',167388,1673,1654041543,1654041543);
INSERT INTO player_score VALUES('63c5706b5',25,'3a7adff76','624804611',43320,1761,1654041414,1654041414);
INSERT INTO player_score VALUES('520bdb51a',25,'3b097a4e8','14fc7ee53',50688,1329,1653565614,1653565614);
INSERT INTO player_score VALUES('5d2d21606',25,'3b097a4e8','1668799cc',104544,1537,1653864382,1653864382);
INSERT INTO player_score VALUES('49afbc38d',25,'3b097a4e8','27c705086',46305,1252,1653341206,1653341206);
INSERT INTO player_score VALUES('62fe6ab6e',25,'3b097a4e8','410bf4665',45056,1589,1654020545,1654020545);
INSERT INTO player_score VALUES('628a5857b',25,'3b097a4e8','41fdfa678',14663,1622,1654008374,1654008374);
INSERT INTO player_score VALUES('6398a792d',25,'3b097a4e8','420d6d7f5',304290,1676,1654036718,1654036718);
INSERT INTO player_score VALUES('6128e27ff',25,'3b097a4e8','47d425bbb',12789,1585,1653971311,1653971311);
INSERT INTO player_score VALUES('63a3a1a3d',25,'3b097a4e8','4bcb7c804',86814,1724,1654037869,1654037869);
INSERT INTO player_score VALUES('5e3b84203',25,'3b097a4e8','4d285e772',290304,1498,1653892734,1653892734);
INSERT INTO player_score VALUES('523f6c01d',25,'3b097a4e8','50bb57dd0',2993,1264,1653571021,1653571021);
INSERT INTO player_score VALUES('5f1c1db34',25,'3b097a4e8','5771dfb6e',10920,1486,1653916285,1653916285);
INSERT INTO player_score VALUES('63c04eed6',25,'3b097a4e8','624804611',33320,1737,1654040876,1654040876);
INSERT INTO player_score VALUES('629bf32df',25,'3b42670f2','1668799cc',7755,1650,1654010220,1654010220);
INSERT INTO player_score VALUES('46fbff43f',25,'3b42670f2','27c705086',36015,1159,1653268672,1653268672);
INSERT INTO player_score VALUES('63b9eb32a',25,'3b42670f2','41fdfa678',25012,1692,1654040206,1654040206);
INSERT INTO player_score VALUES('63297e89c',25,'3b42670f2','420d6d7f5',3920,1652,1654025062,1654025062);
INSERT INTO player_score VALUES('6272f878b',25,'3b42670f2','47d425bbb',37620,1662,1654005923,1654005923);
INSERT INTO player_score VALUES('603a308d1',25,'3b42670f2','4bcb7c804',75840,1491,1653946282,1653946282);
INSERT INTO player_score VALUES('5f309eb73',25,'3b42670f2','5771dfb6e',421400,1501,1653918435,1653918435);
INSERT INTO player_score VALUES('639906c73',25,'3b42670f2','60a2fab93',24592,1572,1654036757,1654036757);
INSERT INTO player_score VALUES('63b30fd54',25,'3b42670f2','624804611',3510,1678,1654039487,1654039487);
INSERT INTO player_score VALUES('63b20a99f',25,'3c31cb3f6','14fc7ee53',181440,1706,1654039380,1654039380);
INSERT INTO player_score VALUES('62cd06a86',25,'3c31cb3f6','1668799cc',209916,1652,1654015366,1654015366);
INSERT INTO player_score VALUES('48d522512',25,'3c31cb3f6','27c705086',252582,1219,1653318284,1653318284);
INSERT INTO player_score VALUES('60e2b6a4d',25,'3c31cb3f6','410bf4665',133988,1498,1653963953,1653963953);
INSERT INTO player_score VALUES('5e68062cc',25,'3c31cb3f6','41fdfa678',633216,1413,1653897401,1653897401);
INSERT INTO player_score VALUES('630bdaa2d',25,'3c31cb3f6','420d6d7f5',69888,1649,1654021954,1654021954);
INSERT INTO player_score VALUES('625a516fb',25,'3c31cb3f6','47d425bbb',103584,1658,1654003338,1654003338);
INSERT INTO player_score VALUES('6366b85d5',25,'3c31cb3f6','4bcb7c804',182500,1707,1654031482,1654031482);
INSERT INTO player_score VALUES('5f9d2ac93',25,'3c31cb3f6','4d285e772',210,1620,1653929817,1653929817);
INSERT INTO player_score VALUES('5241ff30a',25,'3c31cb3f6','50bb57dd0',263088,1274,1653571291,1653571291);
INSERT INTO player_score VALUES('5f2d9176d',25,'3c31cb3f6','5771dfb6e',84835,1498,1653918115,1653918115);
INSERT INTO player_score VALUES('63849947c',25,'3c31cb3f6','624804611',0,1438,1654034615,1654034615);
INSERT INTO player_score VALUES('62d7ed329',25,'3c8cba0d5','14fc7ee53',162624,1686,1654016509,1654016509);
INSERT INTO player_score VALUES('60d7c3e7f',25,'3c8cba0d5','1668799cc',337920,1608,1653962805,1653962805);
INSERT INTO player_score VALUES('488c570c1',25,'3c8cba0d5','27c705086',71344,1210,1653310651,1653310651);
INSERT INTO player_score VALUES('635da1b2d',25,'3c8cba0d5','410bf4665',217000,1601,1654030529,1654030529);
INSERT INTO player_score VALUES('61855cd4d',25,'3c8cba0d5','41fdfa678',809970,1562,1653981008,1653981008);
INSERT INTO player_score VALUES('6239d11de',25,'3c8cba0d5','420d6d7f5',78039,1613,1653999930,1653999930);
INSERT INTO player_score VALUES('60530386e',25,'3c8cba0d5','47d425bbb',1656,1525,1653948885,1653948885);
INSERT INTO player_score VALUES('62ed38dc3',25,'3c8cba0d5','4bcb7c804',118404,1670,1654018742,1654018742);
INSERT INTO player_score VALUES('5f6809b6d',25,'3c8cba0d5','4d285e772',8800,1603,1653924246,1653924246);
INSERT INTO player_score VALUES('52400842a',25,'3c8cba0d5','50bb57dd0',120120,1265,1653571085,1653571085);
INSERT INTO player_score VALUES('5eea1d657',25,'3c8cba0d5','5771dfb6e',166320,1450,1653911042,1653911042);
INSERT INTO player_score VALUES('63b4d1093',25,'3c8cba0d5','60a2fab93',208278,1633,1654039671,1654039671);
INSERT INTO player_score VALUES('63c6e3822',25,'3c8cba0d5','624804611',60480,1768,1654041566,1654041566);
INSERT INTO player_score VALUES('5e45bd4e3',25,'3e41b5b7a','1668799cc',194184,1557,1653893806,1653893806);
INSERT INTO player_score VALUES('49e4d1197',25,'3e41b5b7a','27c705086',34800,1258,1653346772,1653346772);
INSERT INTO player_score VALUES('638dad808',25,'3e41b5b7a','41fdfa678',598080,1681,1654035567,1654035567);
INSERT INTO player_score VALUES('634def292',25,'3e41b5b7a','420d6d7f5',52200,1656,1654028883,1654028883);
INSERT INTO player_score VALUES('63325f7c6',25,'3e41b5b7a','47d425bbb',170560,1720,1654025993,1654025993);
INSERT INTO player_score VALUES('620c253a2',25,'3e41b5b7a','4bcb7c804',260760,1614,1653995141,1653995141);
INSERT INTO player_score VALUES('5f3c3506b',25,'3e41b5b7a','4d285e772',513360,1594,1653919650,1653919650);
INSERT INTO player_score VALUES('63bf92f3b',25,'3e41b5b7a','60a2fab93',3264,1660,1654040799,1654040799);
INSERT INTO player_score VALUES('63973bce4',25,'3e41b5b7a','624804611',158466,1531,1654036569,1654036569);
INSERT INTO player_score VALUES('6097423e4',25,'41c8494be','14fc7ee53',11880,1636,1653956041,1653956041);
INSERT INTO player_score VALUES('6293b35db',25,'41c8494be','1668799cc',10692,1648,1654009355,1654009355);
INSERT INTO player_score VALUES('472947120',25,'41c8494be','27c705086',25530,1161,1653273420,1653273420);
INSERT INTO player_score VALUES('63a7b8ff8',25,'41c8494be','410bf4665',1568,1612,1654038298,1654038298);
INSERT INTO player_score VALUES('62c4b82ff',25,'41c8494be','41fdfa678',5040,1636,1654014495,1654014495);
INSERT INTO player_score VALUES('637fd497b',25,'41c8494be','420d6d7f5',180180,1668,1654034115,1654034115);
INSERT INTO player_score VALUES('6336daefd',25,'41c8494be','4bcb7c804',227920,1691,1654026463,1654026463);
INSERT INTO player_score VALUES('523baa133',25,'41c8494be','50bb57dd0',693693,1254,1653570627,1653570627);
INSERT INTO player_score VALUES('5f15de90b',25,'41c8494be','5771dfb6e',73440,1483,1653915630,1653915630);
INSERT INTO player_score VALUES('639310e77',25,'41c8494be','60a2fab93',537186,1562,1654036132,1654036132);
INSERT INTO player_score VALUES('63c35e9fa',25,'41c8494be','624804611',325710,1749,1654041197,1654041197);
INSERT INTO player_score VALUES('6306921e4',25,'433ff79ce','14fc7ee53',2128,1693,1654021400,1654021400);
INSERT INTO player_score VALUES('5dca5f4c5',25,'433ff79ce','1668799cc',225760,1552,1653880870,1653880870);
INSERT INTO player_score VALUES('479ae5faf',25,'433ff79ce','27c705086',266112,1182,1653285334,1653285334);
INSERT INTO player_score VALUES('631cf418a',25,'433ff79ce','410bf4665',148352,1593,1654023747,1654023747);
INSERT INTO player_score VALUES('63b189344',25,'433ff79ce','41fdfa678',294528,1687,1654039327,1654039327);
INSERT INTO player_score VALUES('62cd4892a',25,'433ff79ce','420d6d7f5',16920,1637,1654015393,1654015393);
INSERT INTO player_score VALUES('6161fb36f',25,'433ff79ce','47d425bbb',72384,1598,1653977298,1653977298);
INSERT INTO player_score VALUES('6311abe8c',25,'433ff79ce','4bcb7c804',22080,1686,1654022564,1654022564);
INSERT INTO player_score VALUES('5faf50cd9',25,'433ff79ce','4d285e772',20400,1630,1653931720,1653931720);
INSERT INTO player_score VALUES('52411e940',25,'433ff79ce','50bb57dd0',162336,1270,1653571199,1653571199);
INSERT INTO player_score VALUES('5eeb6e4ee',25,'433ff79ce','5771dfb6e',428452,1451,1653911180,1653911180);
INSERT INTO player_score VALUES('63b3b3663',25,'433ff79ce','624804611',140012,1682,1654039554,1654039554);
INSERT INTO player_score VALUES('6058dc1a3',25,'435e96f52','1668799cc',25110,1602,1653949498,1653949498);
INSERT INTO player_score VALUES('49d235e72',25,'435e96f52','27c705086',96968,1256,1653344821,1653344821);
INSERT INTO player_score VALUES('62372cd6d',25,'435e96f52','410bf4665',168150,1557,1653999653,1653999653);
INSERT INTO player_score VALUES('626038a5f',25,'435e96f52','41fdfa678',2052,1607,1654003957,1654003957);
INSERT INTO player_score VALUES('630393845',25,'435e96f52','4bcb7c804',73749,1678,1654021086,1654021086);
INSERT INTO player_score VALUES('5fa811557',25,'435e96f52','4d285e772',83300,1626,1653930960,1653930960);
INSERT INTO player_score VALUES('5f38ed2c4',25,'435e96f52','5771dfb6e',88111,1511,1653919306,1653919306);
INSERT INTO player_score VALUES('63a38e1ad',25,'435e96f52','60a2fab93',590382,1604,1654037861,1654037861);
INSERT INTO player_score VALUES('63a5ce45a',25,'435e96f52','624804611',336687,1609,1654038097,1654038097);
INSERT INTO player_score VALUES('637dbdeb7',25,'446aecd17','14fc7ee53',1666,1701,1654033896,1654033896);
INSERT INTO player_score VALUES('5a1609d8f',25,'446aecd17','1668799cc',119168,1470,1653781430,1653781430);
INSERT INTO player_score VALUES('49b0a90b7',25,'446aecd17','27c705086',115506,1253,1653341303,1653341303);
INSERT INTO player_score VALUES('612060c73',25,'446aecd17','410bf4665',44135,1509,1653970419,1653970419);
INSERT INTO player_score VALUES('627f6a821',25,'446aecd17','41fdfa678',200291,1618,1654007228,1654007228);
INSERT INTO player_score VALUES('6206f0373',25,'446aecd17','420d6d7f5',11440,1602,1653994595,1653994595);
INSERT INTO player_score VALUES('62bbb29f2',25,'446aecd17','47d425bbb',142848,1686,1654013549,1654013549);
INSERT INTO player_score VALUES('61e82008d',25,'446aecd17','4bcb7c804',51300,1605,1653991364,1653991364);
INSERT INTO player_score VALUES('5f8fee22e',25,'446aecd17','4d285e772',24675,1617,1653928429,1653928429);
INSERT INTO player_score VALUES('523e1b174',25,'446aecd17','50bb57dd0',26832,1261,1653570883,1653570883);
INSERT INTO player_score VALUES('5e321f56b',25,'446aecd17','5771dfb6e',29040,1307,1653891749,1653891749);
INSERT INTO player_score VALUES('633b6ed37',25,'446aecd17','60a2fab93',739200,1375,1654026943,1654026943);
INSERT INTO player_score VALUES('63b95b250',25,'446aecd17','624804611',11552,1703,1654040147,1654040147);
INSERT INTO player_score VALUES('61f441821',25,'44e194cad','14fc7ee53',0,1661,1653992636,1653992636);
INSERT INTO player_score VALUES('5fac0dd68',25,'44e194cad','1668799cc',104160,1586,1653931378,1653931378);
INSERT INTO player_score VALUES('467059c06',25,'44e194cad','27c705086',33320,1135,1653254029,1653254029);
INSERT INTO player_score VALUES('5f32402fb',25,'44e194cad','410bf4665',168084,1418,1653918606,1653918606);
INSERT INTO player_score VALUES('634672a29',25,'44e194cad','41fdfa678',590,1666,1654028098,1654028098);
INSERT INTO player_score VALUES('62ba2e70f',25,'44e194cad','47d425bbb',71604,1684,1654013390,1654013390);
INSERT INTO player_score VALUES('62cb51a43',25,'44e194cad','4bcb7c804',86043,1663,1654015187,1654015187);
INSERT INTO player_score VALUES('5240bceab',25,'44e194cad','50bb57dd0',0,1268,1653571159,1653571159);
INSERT INTO player_score VALUES('5ef52d6dd',25,'44e194cad','5771dfb6e',59616,1458,1653912202,1653912202);
INSERT INTO player_score VALUES('63c64e989',25,'44e194cad','60a2fab93',327360,1671,1654041505,1654041505);
INSERT INTO player_score VALUES('63b1b2b67',25,'44e194cad','624804611',18040,1672,1654039344,1654039344);
INSERT INTO player_score VALUES('6241e0186',25,'4534e4e79','14fc7ee53',237360,1670,1654000775,1654000775);
INSERT INTO player_score VALUES('59c9077bc',25,'4534e4e79','1668799cc',29876,1463,1653773355,1653773355);
INSERT INTO player_score VALUES('4992c81e6',25,'4534e4e79','27c705086',102765,1247,1653338170,1653338170);
INSERT INTO player_score VALUES('622d46ac8',25,'4534e4e79','410bf4665',110700,1555,1653998615,1653998615);
INSERT INTO player_score VALUES('6296c5804',25,'4534e4e79','41fdfa678',32000,1625,1654009677,1654009677);
INSERT INTO player_score VALUES('63c4971fb',25,'4534e4e79','420d6d7f5',3040,1688,1654041325,1654041325);
INSERT INTO player_score VALUES('62723a053',25,'4534e4e79','4bcb7c804',584100,1641,1654005845,1654005845);
INSERT INTO player_score VALUES('5e058003d',25,'4534e4e79','4d285e772',37224,1485,1653887070,1653887070);
INSERT INTO player_score VALUES('52451d83c',25,'4534e4e79','50bb57dd0',417120,1283,1653571618,1653571618);
INSERT INTO player_score VALUES('5f2269072',25,'4534e4e79','5771dfb6e',93380,1492,1653916945,1653916945);
INSERT INTO player_score VALUES('63bd860c7',25,'4534e4e79','60a2fab93',378885,1654,1654040584,1654040584);
INSERT INTO player_score VALUES('63bd7eba4',25,'4534e4e79','624804611',393120,1724,1654040581,1654040581);
INSERT INTO player_score VALUES('61aba2308',25,'456dc3047','14fc7ee53',45500,1654,1653985021,1653985021);
INSERT INTO player_score VALUES('6324e3570',25,'456dc3047','1668799cc',428264,1661,1654024579,1654024579);
INSERT INTO player_score VALUES('63770246d',25,'456dc3047','410bf4665',19264,1603,1654033190,1654033190);
INSERT INTO player_score VALUES('631178a26',25,'456dc3047','41fdfa678',8190,1650,1654022543,1654022543);
INSERT INTO player_score VALUES('6397f557c',25,'456dc3047','47d425bbb',183162,1751,1654036645,1654036645);
INSERT INTO player_score VALUES('63c6ead33',25,'456dc3047','4bcb7c804',478764,1737,1654041569,1654041569);
INSERT INTO player_score VALUES('5d57c4e82',25,'456dc3047','4d285e772',1530,1433,1653868853,1653868853);
INSERT INTO player_score VALUES('520af8439',25,'456dc3047','50bb57dd0',90200,1095,1653565521,1653565521);
INSERT INTO player_score VALUES('5ec3fa33c',25,'456dc3047','5771dfb6e',4160,1421,1653907043,1653907043);
INSERT INTO player_score VALUES('6393246da',25,'456dc3047','60a2fab93',15180,1563,1654036140,1654036140);
INSERT INTO player_score VALUES('63bb76b5d',25,'456dc3047','624804611',206190,1712,1654040368,1654040368);
INSERT INTO player_score VALUES('5b4b72d7c',25,'4597810cd','1668799cc',55692,1495,1653813874,1653813874);
INSERT INTO player_score VALUES('49b677da7',25,'4597810cd','27c705086',170755,1254,1653341912,1653341912);
INSERT INTO player_score VALUES('633aab844',25,'4597810cd','410bf4665',326112,1595,1654026863,1654026863);
INSERT INTO player_score VALUES('6346ca88c',25,'4597810cd','41fdfa678',44370,1667,1654028134,1654028134);
INSERT INTO player_score VALUES('6377135d9',25,'4597810cd','420d6d7f5',145992,1665,1654033197,1654033197);
INSERT INTO player_score VALUES('62345a306',25,'4597810cd','47d425bbb',129500,1649,1653999357,1653999357);
INSERT INTO player_score VALUES('5fa606e05',25,'4597810cd','4bcb7c804',220806,1439,1653930746,1653930746);
INSERT INTO player_score VALUES('52438841c',25,'4597810cd','50bb57dd0',59136,1279,1653571452,1653571452);
INSERT INTO player_score VALUES('5f0c8adf1',25,'4597810cd','5771dfb6e',424830,1477,1653914652,1653914652);
INSERT INTO player_score VALUES('6376f3a4e',25,'4597810cd','60a2fab93',8400,1494,1654033184,1654033184);
INSERT INTO player_score VALUES('63c3d3d10',25,'4597810cd','624804611',12348,1752,1654041245,1654041245);
INSERT INTO player_score VALUES('5f113244c',25,'45c61eaa2','14fc7ee53',0,1608,1653915140,1653915140);
INSERT INTO player_score VALUES('5fc10b601',25,'45c61eaa2','1668799cc',96922,1589,1653933579,1653933579);
INSERT INTO player_score VALUES('49aadf199',25,'45c61eaa2','27c705086',49266,1251,1653340696,1653340696);
INSERT INTO player_score VALUES('635a0e2e8',25,'45c61eaa2','410bf4665',193952,1600,1654030154,1654030154);
INSERT INTO player_score VALUES('617c17c68',25,'45c61eaa2','41fdfa678',29376,1559,1653980036,1653980036);
INSERT INTO player_score VALUES('637eeca6e',25,'45c61eaa2','47d425bbb',349680,1743,1654034020,1654034020);
INSERT INTO player_score VALUES('6304b6083',25,'45c61eaa2','4bcb7c804',443352,1679,1654021205,1654021205);
INSERT INTO player_score VALUES('5c558af15',25,'45c61eaa2','4d285e772',61446,1352,1653841776,1653841776);
INSERT INTO player_score VALUES('5f26d364f',25,'45c61eaa2','5771dfb6e',4512,1493,1653917408,1653917408);
INSERT INTO player_score VALUES('63b58f777',25,'45c61eaa2','60a2fab93',17820,1635,1654039749,1654039749);
INSERT INTO player_score VALUES('63b5a2ffe',25,'45c61eaa2','624804611',43008,1690,1654039757,1654039757);
INSERT INTO player_score VALUES('62fcfc7b8',25,'4660765b0','14fc7ee53',4200,1691,1654020395,1654020395);
INSERT INTO player_score VALUES('605897c1f',25,'4660765b0','1668799cc',44928,1601,1653949470,1653949470);
INSERT INTO player_score VALUES('47d9e1065',25,'4660765b0','27c705086',258720,1190,1653291938,1653291938);
INSERT INTO player_score VALUES('6204f6d52',25,'4660765b0','410bf4665',7200,1546,1653994388,1653994388);
INSERT INTO player_score VALUES('61ae3f22e',25,'4660765b0','41fdfa678',19278,1571,1653985295,1653985295);
INSERT INTO player_score VALUES('5f91661d0',25,'4660765b0','420d6d7f5',177120,1454,1653928583,1653928583);
INSERT INTO player_score VALUES('62e600b3a',25,'4660765b0','47d425bbb',26928,1702,1654017985,1654017985);
INSERT INTO player_score VALUES('61d0b6624',25,'4660765b0','4bcb7c804',16432,1598,1653988909,1653988909);
INSERT INTO player_score VALUES('5f3c6367c',25,'4660765b0','4d285e772',40420,1595,1653919669,1653919669);
INSERT INTO player_score VALUES('522e5c54b',25,'4660765b0','50bb57dd0',406782,1205,1653569232,1653569232);
INSERT INTO player_score VALUES('5e7bd017b',25,'4660765b0','5771dfb6e',177600,1368,1653899476,1653899476);
INSERT INTO player_score VALUES('6399c053f',25,'4660765b0','60a2fab93',248784,1575,1654036833,1654036833);
INSERT INTO player_score VALUES('63bf7335b',25,'4660765b0','624804611',714000,1736,1654040786,1654040786);
INSERT INTO player_score VALUES('57ff09677',25,'4792d21a1','14fc7ee53',486956,1446,1653725331,1653725331);
INSERT INTO player_score VALUES('5c97f4e42',25,'4792d21a1','1668799cc',225008,1529,1653848740,1653848740);
INSERT INTO player_score VALUES('48ae20f5e',25,'4792d21a1','27c705086',1185,1215,1653314194,1653314194);
INSERT INTO player_score VALUES('5f3227c4f',25,'4792d21a1','410bf4665',151776,1417,1653918596,1653918596);
INSERT INTO player_score VALUES('613e357c5',25,'4792d21a1','41fdfa678',30008,1547,1653973547,1653973547);
INSERT INTO player_score VALUES('60a427072',25,'4792d21a1','420d6d7f5',40296,1525,1653957393,1653957393);
INSERT INTO player_score VALUES('5fb6b7556',25,'4792d21a1','47d425bbb',122388,1473,1653932496,1653932496);
INSERT INTO player_score VALUES('62fcdf2ff',25,'4792d21a1','4bcb7c804',235980,1675,1654020383,1654020383);
INSERT INTO player_score VALUES('5f28f3d0c',25,'4792d21a1','4d285e772',16704,1589,1653917631,1653917631);
INSERT INTO player_score VALUES('5eda6110e',25,'4792d21a1','5771dfb6e',140250,1440,1653909392,1653909392);
INSERT INTO player_score VALUES('63a0108b9',25,'4792d21a1','60a2fab93',19800,1591,1654037495,1654037495);
INSERT INTO player_score VALUES('63abf4fbd',25,'4792d21a1','624804611',44370,1642,1654038742,1654038742);
INSERT INTO player_score VALUES('62e527697',25,'47ddffb83','14fc7ee53',97760,1689,1654017896,1654017896);
INSERT INTO player_score VALUES('62f562aec',25,'47ddffb83','1668799cc',201240,1656,1654019598,1654019598);
INSERT INTO player_score VALUES('49895c01f',25,'47ddffb83','27c705086',117124,1246,1653337182,1653337182);
INSERT INTO player_score VALUES('622688958',25,'47ddffb83','410bf4665',227943,1553,1653997908,1653997908);
INSERT INTO player_score VALUES('61a7774b1',25,'47ddffb83','41fdfa678',136479,1570,1653984584,1653984584);
INSERT INTO player_score VALUES('63b5e9cb6',25,'47ddffb83','420d6d7f5',22932,1683,1654039786,1654039786);
INSERT INTO player_score VALUES('62ba000e3',25,'47ddffb83','47d425bbb',351945,1683,1654013371,1654013371);
INSERT INTO player_score VALUES('6273c58c9',25,'47ddffb83','4bcb7c804',24738,1642,1654006007,1654006007);
INSERT INTO player_score VALUES('5ee366a3a',25,'47ddffb83','4d285e772',223443,1564,1653910338,1653910338);
INSERT INTO player_score VALUES('52162cea1',25,'47ddffb83','50bb57dd0',174944,1131,1653566696,1653566696);
INSERT INTO player_score VALUES('63ae8d0b2',25,'47ddffb83','60a2fab93',188150,1625,1654039014,1654039014);
INSERT INTO player_score VALUES('63b84c279',25,'47ddffb83','624804611',334080,1698,1654040036,1654040036);
INSERT INTO player_score VALUES('6174324d5',25,'4927ee980','14fc7ee53',203742,1647,1653979208,1653979208);
INSERT INTO player_score VALUES('5312450e5',25,'4927ee980','1668799cc',165528,1321,1653593130,1653593130);
INSERT INTO player_score VALUES('3fb03283d',25,'4927ee980','27c705086',329472,873,1653072819,1653072819);
INSERT INTO player_score VALUES('5c37dd48d',25,'4927ee980','41fdfa678',71760,1309,1653838664,1653838664);
INSERT INTO player_score VALUES('612fdd9df',25,'4927ee980','420d6d7f5',2457,1553,1653972043,1653972043);
INSERT INTO player_score VALUES('60fbc9187',25,'4927ee980','47d425bbb',145992,1571,1653966582,1653966582);
INSERT INTO player_score VALUES('5ec5415cb',25,'4927ee980','4d285e772',153912,1548,1653907177,1653907177);
INSERT INTO player_score VALUES('520a39d32',25,'4927ee980','50bb57dd0',1288,1093,1653565443,1653565443);
INSERT INTO player_score VALUES('5ee9d4277',25,'4927ee980','5771dfb6e',52224,1449,1653911012,1653911012);
INSERT INTO player_score VALUES('638a5494a',25,'4927ee980','60a2fab93',177754,1543,1654035216,1654035216);
INSERT INTO player_score VALUES('63ae06c36',25,'4927ee980','624804611',560,1657,1654038959,1654038959);
INSERT INTO player_score VALUES('61680e618',25,'49d73052e','14fc7ee53',104310,1646,1653977935,1653977935);
INSERT INTO player_score VALUES('47e5e531d',25,'49d73052e','27c705086',1064,1193,1653293198,1653293198);
INSERT INTO player_score VALUES('60b651e42',25,'49d73052e','410bf4665',116280,1490,1653959298,1653959298);
INSERT INTO player_score VALUES('63b336e22',25,'49d73052e','41fdfa678',571536,1690,1654039503,1654039503);
INSERT INTO player_score VALUES('63b9bf3df',25,'49d73052e','420d6d7f5',100980,1685,1654040188,1654040188);
INSERT INTO player_score VALUES('61984623f',25,'49d73052e','4bcb7c804',98,1580,1653982991,1653982991);
INSERT INTO player_score VALUES('5f6e59eff',25,'49d73052e','4d285e772',421950,1607,1653924908,1653924908);
INSERT INTO player_score VALUES('522eca2e9',25,'49d73052e','50bb57dd0',79233,1209,1653569277,1653569277);
INSERT INTO player_score VALUES('5f2e96b3e',25,'49d73052e','5771dfb6e',4794,1499,1653918222,1653918222);
INSERT INTO player_score VALUES('63a163e75',25,'49d73052e','60a2fab93',106764,1596,1654037634,1654037634);
INSERT INTO player_score VALUES('63afd69e4',25,'49d73052e','624804611',60480,1668,1654039149,1654039149);
INSERT INTO player_score VALUES('613fc5e22',25,'4a6eed863','1668799cc',7616,1618,1653973711,1653973711);
INSERT INTO player_score VALUES('611df4a55',25,'4a6eed863','410bf4665',12408,1507,1653970165,1653970165);
INSERT INTO player_score VALUES('638650bec',25,'4a6eed863','420d6d7f5',215574,1669,1654034795,1654034795);
INSERT INTO player_score VALUES('63870565e',25,'4a6eed863','47d425bbb',75712,1746,1654034869,1654034869);
INSERT INTO player_score VALUES('63aef6056',25,'4a6eed863','4bcb7c804',38454,1731,1654039057,1654039057);
INSERT INTO player_score VALUES('5eeb1dbeb',25,'4a6eed863','4d285e772',245088,1565,1653911147,1653911147);
INSERT INTO player_score VALUES('5f2ccbb80',25,'4a6eed863','5771dfb6e',0,1497,1653918034,1653918034);
INSERT INTO player_score VALUES('63a33b196',25,'4a6eed863','624804611',39600,1594,1654037827,1654037827);
INSERT INTO player_score VALUES('5b749e60e',25,'4c56e0152','14fc7ee53',180699,1513,1653818191,1653818191);
INSERT INTO player_score VALUES('6144acc71',25,'4c56e0152','1668799cc',89216,1620,1653974225,1653974225);
INSERT INTO player_score VALUES('5d35f88f3',25,'4c56e0152','410bf4665',115584,1318,1653865309,1653865309);
INSERT INTO player_score VALUES('63a3d758e',25,'4c56e0152','420d6d7f5',96320,1679,1654037891,1654037891);
INSERT INTO player_score VALUES('633495e77',25,'4c56e0152','47d425bbb',199360,1722,1654026225,1654026225);
INSERT INTO player_score VALUES('638dcacc3',25,'4c56e0152','4bcb7c804',68607,1714,1654035579,1654035579);
INSERT INTO player_score VALUES('5f380c8e6',25,'4c56e0152','4d285e772',82650,1593,1653919214,1653919214);
INSERT INTO player_score VALUES('5228ca893',25,'4c56e0152','50bb57dd0',8140,1186,1653568648,1653568648);
INSERT INTO player_score VALUES('5eee2afe2',25,'4c56e0152','5771dfb6e',150822,1454,1653911467,1653911467);
INSERT INTO player_score VALUES('639959c7c',25,'4c56e0152','60a2fab93',50049,1574,1654036791,1654036791);
INSERT INTO player_score VALUES('63c6e3823',25,'4c56e0152','624804611',47520,1767,1654041566,1654041566);
INSERT INTO player_score VALUES('61d0fd2d4',25,'5029b042f','14fc7ee53',26400,1658,1653988938,1653988938);
INSERT INTO player_score VALUES('610a0d72a',25,'5029b042f','1668799cc',212,1612,1653968078,1653968078);
INSERT INTO player_score VALUES('6124a1a72',25,'5029b042f','410bf4665',4256,1510,1653970865,1653970865);
INSERT INTO player_score VALUES('63ad74489',25,'5029b042f','41fdfa678',116532,1685,1654038899,1654038899);
INSERT INTO player_score VALUES('62832034d',25,'5029b042f','47d425bbb',108288,1666,1654007617,1654007617);
INSERT INTO player_score VALUES('639f2d7c3',25,'5029b042f','4bcb7c804',8694,1722,1654037402,1654037402);
INSERT INTO player_score VALUES('5eaf98ec8',25,'5029b042f','4d285e772',588060,1539,1653904906,1653904906);
INSERT INTO player_score VALUES('52379a0b9',25,'5029b042f','50bb57dd0',145266,1231,1653570201,1653570201);
INSERT INTO player_score VALUES('5ddb4a562',25,'5029b042f','5771dfb6e',93632,1247,1653882644,1653882644);
INSERT INTO player_score VALUES('63ab9833f',25,'5029b042f','60a2fab93',60520,1617,1654038704,1654038704);
INSERT INTO player_score VALUES('63b1f97e8',25,'5029b042f','624804611',165888,1673,1654039373,1654039373);
INSERT INTO player_score VALUES('638b46486',25,'50fe14cf9','14fc7ee53',5624,1704,1654035315,1654035315);
INSERT INTO player_score VALUES('5c16cf5ff',25,'50fe14cf9','1668799cc',357588,1516,1653835198,1653835198);
INSERT INTO player_score VALUES('62d04e7fd',25,'50fe14cf9','410bf4665',4305,1579,1654015710,1654015710);
INSERT INTO player_score VALUES('622a74041',25,'50fe14cf9','420d6d7f5',47880,1610,1653998319,1653998319);
INSERT INTO player_score VALUES('63abf28c1',25,'50fe14cf9','47d425bbb',24552,1755,1654038741,1654038741);
INSERT INTO player_score VALUES('63975df9e',25,'50fe14cf9','4bcb7c804',7056,1719,1654036583,1654036583);
INSERT INTO player_score VALUES('5f69275ce',25,'50fe14cf9','4d285e772',241680,1604,1653924363,1653924363);
INSERT INTO player_score VALUES('5207e622a',25,'50fe14cf9','50bb57dd0',5841,1083,1653565199,1653565199);
INSERT INTO player_score VALUES('5f34ee3ce',25,'50fe14cf9','5771dfb6e',50808,1505,1653918887,1653918887);
INSERT INTO player_score VALUES('63849947b',25,'50fe14cf9','60a2fab93',210936,1529,1654034615,1654034615);
INSERT INTO player_score VALUES('63c0e16de',25,'50fe14cf9','624804611',260832,1742,1654040936,1654040936);
INSERT INTO player_score VALUES('5c97cdd70',25,'52f00d496','14fc7ee53',66120,1543,1653848724,1653848724);
INSERT INTO player_score VALUES('61d3d7295',25,'52f00d496','1668799cc',528612,1631,1653989237,1653989237);
INSERT INTO player_score VALUES('63c60a379',25,'52f00d496','410bf4665',466284,1617,1654041477,1654041477);
INSERT INTO player_score VALUES('583425946',25,'52f00d496','41fdfa678',4620,1096,1653730900,1653730900);
INSERT INTO player_score VALUES('63723640b',25,'52f00d496','420d6d7f5',81600,1661,1654032687,1654032687);
INSERT INTO player_score VALUES('637e77764',25,'52f00d496','47d425bbb',7980,1742,1654033972,1654033972);
INSERT INTO player_score VALUES('63bba0326',25,'52f00d496','4bcb7c804',122375,1733,1654040385,1654040385);
INSERT INTO player_score VALUES('5efa62701',25,'52f00d496','4d285e772',219780,1570,1653912748,1653912748);
INSERT INTO player_score VALUES('5edc2e7fa',25,'52f00d496','5771dfb6e',110483,1441,1653909581,1653909581);
INSERT INTO player_score VALUES('6384dda3c',25,'52f00d496','60a2fab93',150075,1530,1654034643,1654034643);
INSERT INTO player_score VALUES('63aa11931',25,'52f00d496','624804611',30856,1633,1654038544,1654038544);
INSERT INTO player_score VALUES('6353eecd5',25,'53ff66a00','14fc7ee53',622288,1699,1654029512,1654029512);
INSERT INTO player_score VALUES('5638be90e',25,'53ff66a00','1668799cc',51968,1387,1653677695,1653677695);
INSERT INTO player_score VALUES('62d08439b',25,'53ff66a00','410bf4665',15600,1580,1654015732,1654015732);
INSERT INTO player_score VALUES('623b506b1',25,'53ff66a00','41fdfa678',82368,1600,1654000087,1654000087);
INSERT INTO player_score VALUES('5fb63d428',25,'53ff66a00','420d6d7f5',9272,1464,1653932446,1653932446);
INSERT INTO player_score VALUES('6054e9600',25,'53ff66a00','47d425bbb',258390,1526,1653949084,1653949084);
INSERT INTO player_score VALUES('62759cbac',25,'53ff66a00','4bcb7c804',60016,1643,1654006200,1654006200);
INSERT INTO player_score VALUES('5f5e9b2b1',25,'53ff66a00','4d285e772',237600,1601,1653923257,1653923257);
INSERT INTO player_score VALUES('5f11965d4',25,'53ff66a00','5771dfb6e',30740,1480,1653915181,1653915181);
INSERT INTO player_score VALUES('63a4f017b',25,'53ff66a00','60a2fab93',13806,1606,1654038006,1654038006);
INSERT INTO player_score VALUES('63bc21984',25,'53ff66a00','624804611',21600,1717,1654040438,1654040438);
INSERT INTO player_score VALUES('5f8d70ed8',25,'56381d6f8','14fc7ee53',311576,1615,1653928168,1653928168);
INSERT INTO player_score VALUES('620c253a1',25,'56381d6f8','1668799cc',187200,1637,1653995141,1653995141);
INSERT INTO player_score VALUES('63a4b5825',25,'56381d6f8','410bf4665',152145,1610,1654037982,1654037982);
INSERT INTO player_score VALUES('62c8e0a69',25,'56381d6f8','41fdfa678',462000,1638,1654014931,1654014931);
INSERT INTO player_score VALUES('62d0cd744',25,'56381d6f8','420d6d7f5',107916,1638,1654015762,1654015762);
INSERT INTO player_score VALUES('613cfa8cb',25,'56381d6f8','47d425bbb',78706,1591,1653973418,1653973418);
INSERT INTO player_score VALUES('6397395b8',25,'56381d6f8','4bcb7c804',51408,1718,1654036568,1654036568);
INSERT INTO player_score VALUES('5f4d07a7b',25,'56381d6f8','4d285e772',28800,1599,1653921414,1653921414);
INSERT INTO player_score VALUES('5f3949f5c',25,'56381d6f8','5771dfb6e',9408,1512,1653919344,1653919344);
INSERT INTO player_score VALUES('6382802f3',25,'56381d6f8','60a2fab93',534688,1526,1654034395,1654034395);
INSERT INTO player_score VALUES('637e79eae',25,'56381d6f8','624804611',4212,1415,1654033973,1654033973);
INSERT INTO player_score VALUES('6127bd877',25,'5645fdb05','14fc7ee53',5332,1641,1653971191,1653971191);
INSERT INTO player_score VALUES('5f2f9e5f4',25,'5645fdb05','1668799cc',158400,1575,1653918330,1653918330);
INSERT INTO player_score VALUES('5edd05577',25,'5645fdb05','410bf4665',168130,1402,1653909669,1653909669);
INSERT INTO player_score VALUES('61acbfd24',25,'5645fdb05','420d6d7f5',408044,1575,1653985138,1653985138);
INSERT INTO player_score VALUES('62cdee96c',25,'5645fdb05','47d425bbb',1596,1689,1654015461,1654015461);
INSERT INTO player_score VALUES('62226ec9a',25,'5645fdb05','4bcb7c804',44486,1621,1653997478,1653997478);
INSERT INTO player_score VALUES('5db339fe3',25,'5645fdb05','4d285e772',82998,1465,1653878443,1653878443);
INSERT INTO player_score VALUES('5e154d6ca',25,'5645fdb05','5771dfb6e',18972,1294,1653888727,1653888727);
INSERT INTO player_score VALUES('63c293fe1',25,'5645fdb05','60a2fab93',105000,1665,1654041114,1654041114);
INSERT INTO player_score VALUES('63c08bfb8',25,'5645fdb05','624804611',164700,1741,1654040901,1654040901);
INSERT INTO player_score VALUES('5efc59603',25,'57b8acb1d','14fc7ee53',369930,1605,1653912954,1653912954);
INSERT INTO player_score VALUES('61d4e3b6f',25,'57b8acb1d','1668799cc',447849,1632,1653989347,1653989347);
INSERT INTO player_score VALUES('638c9e861',25,'57b8acb1d','410bf4665',21945,1605,1654035456,1654035456);
INSERT INTO player_score VALUES('630061a55',25,'57b8acb1d','41fdfa678',4480,1647,1654020751,1654020751);
INSERT INTO player_score VALUES('60fbc9186',25,'57b8acb1d','420d6d7f5',77400,1545,1653966582,1653966582);
INSERT INTO player_score VALUES('63952a065',25,'57b8acb1d','47d425bbb',43362,1749,1654036352,1654036352);
INSERT INTO player_score VALUES('625b8ecf3',25,'57b8acb1d','4bcb7c804',5280,1634,1654003468,1654003468);
INSERT INTO player_score VALUES('5f73e1f08',25,'57b8acb1d','4d285e772',113900,1609,1653925488,1653925488);
INSERT INTO player_score VALUES('5eaa55451',25,'57b8acb1d','5771dfb6e',159588,1405,1653904354,1653904354);
INSERT INTO player_score VALUES('63b2b09a3',25,'57b8acb1d','60a2fab93',23904,1631,1654039448,1654039448);
INSERT INTO player_score VALUES('63be5f57e',25,'57b8acb1d','624804611',65100,1733,1654040673,1654040673);
INSERT INTO player_score VALUES('589dc69bf',25,'582fd6126','14fc7ee53',351168,1460,1653741976,1653741976);
INSERT INTO player_score VALUES('57c7a345f',25,'582fd6126','1668799cc',13860,1420,1653719522,1653719522);
INSERT INTO player_score VALUES('62f0720c6',25,'582fd6126','410bf4665',3948,1586,1654019080,1654019080);
INSERT INTO player_score VALUES('63a34ea1d',25,'582fd6126','41fdfa678',1312,1683,1654037835,1654037835);
INSERT INTO player_score VALUES('6353c54ad',25,'582fd6126','420d6d7f5',37620,1658,1654029495,1654029495);
INSERT INTO player_score VALUES('622412b4d',25,'582fd6126','47d425bbb',256608,1646,1653997650,1653997650);
INSERT INTO player_score VALUES('608c8051a',25,'582fd6126','4bcb7c804',2184,1510,1653954913,1653954913);
INSERT INTO player_score VALUES('5e81f6ce9',25,'582fd6126','4d285e772',71668,1523,1653900121,1653900121);
INSERT INTO player_score VALUES('5f38e8494',25,'582fd6126','5771dfb6e',5600,1510,1653919304,1653919304);
INSERT INTO player_score VALUES('63b89cb82',25,'582fd6126','60a2fab93',10656,1643,1654040069,1654040069);
INSERT INTO player_score VALUES('63c3cc7be',25,'582fd6126','624804611',1482,1751,1654041242,1654041242);
INSERT INTO player_score VALUES('622853951',25,'58e3b3025','14fc7ee53',448074,1668,1653998096,1653998096);
INSERT INTO player_score VALUES('612b53812',25,'58e3b3025','1668799cc',80850,1615,1653971567,1653971567);
INSERT INTO player_score VALUES('62717e0da',25,'58e3b3025','410bf4665',565488,1569,1654005768,1654005768);
INSERT INTO player_score VALUES('63b18ba47',25,'58e3b3025','41fdfa678',39712,1688,1654039328,1654039328);
INSERT INTO player_score VALUES('602caaa61',25,'58e3b3025','420d6d7f5',173502,1492,1653944864,1653944864);
INSERT INTO player_score VALUES('63c62c6a9',25,'58e3b3025','47d425bbb',5400,1758,1654041491,1654041491);
INSERT INTO player_score VALUES('5f9b0a5df',25,'58e3b3025','4bcb7c804',120120,1434,1653929594,1653929594);
INSERT INTO player_score VALUES('5e3e1c2fd',25,'58e3b3025','4d285e772',51840,1499,1653893006,1653893006);
INSERT INTO player_score VALUES('5de19f6db',25,'58e3b3025','5771dfb6e',64500,1257,1653883308,1653883308);
INSERT INTO player_score VALUES('63b92cc5b',25,'58e3b3025','60a2fab93',200880,1646,1654040128,1654040128);
INSERT INTO player_score VALUES('615232ae8',25,'59284997e','14fc7ee53',737,1644,1653975643,1653975643);
INSERT INTO player_score VALUES('5f6d87fb4',25,'59284997e','410bf4665',26950,1438,1653924822,1653924822);
INSERT INTO player_score VALUES('629bee505',25,'59284997e','41fdfa678',433160,1627,1654010218,1654010218);
INSERT INTO player_score VALUES('5f0bacb67',25,'59284997e','4d285e772',9928,1578,1653914561,1653914561);
INSERT INTO player_score VALUES('5e986c518',25,'59284997e','5771dfb6e',155520,1389,1653902476,1653902476);
INSERT INTO player_score VALUES('634ecd515',25,'59284997e','60a2fab93',11718,1409,1654028974,1654028974);
INSERT INTO player_score VALUES('63bcd1608',25,'59284997e','624804611',180180,1721,1654040510,1654040510);
INSERT INTO player_score VALUES('62c002222',25,'59309f5ef','1668799cc',11340,1651,1654014001,1654014001);
INSERT INTO player_score VALUES('63a7cc87b',25,'59309f5ef','410bf4665',141520,1613,1654038306,1654038306);
INSERT INTO player_score VALUES('636a0036a',25,'59309f5ef','41fdfa678',9450,1675,1654031826,1654031826);
INSERT INTO player_score VALUES('63c00f784',25,'59309f5ef','420d6d7f5',71250,1686,1654040850,1654040850);
INSERT INTO player_score VALUES('62dadab5d',25,'59309f5ef','47d425bbb',233064,1697,1654016816,1654016816);
INSERT INTO player_score VALUES('5f247aca9',25,'59309f5ef','4d285e772',48960,1586,1653917162,1653917162);
INSERT INTO player_score VALUES('63a2ea87f',25,'59309f5ef','60a2fab93',58320,1603,1654037794,1654037794);
INSERT INTO player_score VALUES('638fc42a2',25,'59309f5ef','624804611',26784,1498,1654035786,1654035786);
INSERT INTO player_score VALUES('62fd8c8b5',25,'5963f0976','14fc7ee53',141520,1692,1654020454,1654020454);
INSERT INTO player_score VALUES('62e2c0307',25,'5963f0976','1668799cc',102060,1653,1654017644,1654017644);
INSERT INTO player_score VALUES('6310cb495',25,'5963f0976','410bf4665',476160,1592,1654022472,1654022472);
INSERT INTO player_score VALUES('5ec28bfdf',25,'5963f0976','41fdfa678',162000,1440,1653906893,1653906893);
INSERT INTO player_score VALUES('630bb1222',25,'5963f0976','420d6d7f5',140140,1648,1654021937,1654021937);
INSERT INTO player_score VALUES('61dbbca2f',25,'5963f0976','4bcb7c804',427500,1602,1653990065,1653990065);
INSERT INTO player_score VALUES('5f6f77943',25,'5963f0976','4d285e772',305118,1608,1653925025,1653925025);
INSERT INTO player_score VALUES('5f206d349',25,'5963f0976','5771dfb6e',237984,1489,1653916737,1653916737);
INSERT INTO player_score VALUES('63654f0ab',25,'5963f0976','60a2fab93',84480,1459,1654031334,1654031334);
INSERT INTO player_score VALUES('63acdce9a',25,'5963f0976','624804611',42636,1648,1654038837,1654038837);
INSERT INTO player_score VALUES('5f23cb06a',25,'59ff01d91','14fc7ee53',478400,1609,1653917090,1653917090);
INSERT INTO player_score VALUES('5c0e3efd3',25,'59ff01d91','1668799cc',55484,1515,1653834300,1653834300);
INSERT INTO player_score VALUES('62f1885f3',25,'59ff01d91','410bf4665',125400,1587,1654019194,1654019194);
INSERT INTO player_score VALUES('63bbe973f',25,'59ff01d91','41fdfa678',14620,1693,1654040415,1654040415);
INSERT INTO player_score VALUES('637bfcb45',25,'59ff01d91','420d6d7f5',308936,1666,1654033712,1654033712);
INSERT INTO player_score VALUES('62db488d2',25,'59ff01d91','47d425bbb',2112,1698,1654016861,1654016861);
INSERT INTO player_score VALUES('634744991',25,'59ff01d91','4bcb7c804',277992,1693,1654028184,1654028184);
INSERT INTO player_score VALUES('5a38c0933',25,'59ff01d91','4d285e772',301950,1175,1653785070,1653785070);
INSERT INTO player_score VALUES('5f33b5ba4',25,'59ff01d91','5771dfb6e',98700,1503,1653918759,1653918759);
INSERT INTO player_score VALUES('63b4e972c',25,'59ff01d91','60a2fab93',123840,1634,1654039681,1654039681);
INSERT INTO player_score VALUES('63c120e74',25,'59ff01d91','624804611',63729,1744,1654040962,1654040962);
INSERT INTO player_score VALUES('62c1d9561',25,'5c62fd55b','14fc7ee53',121040,1684,1654014194,1654014194);
INSERT INTO player_score VALUES('6295881c2',25,'5c62fd55b','1668799cc',224532,1649,1654009547,1654009547);
INSERT INTO player_score VALUES('5f0ecb0d1',25,'5c62fd55b','41fdfa678',824500,1456,1653914888,1653914888);
INSERT INTO player_score VALUES('62ca95a6c',25,'5c62fd55b','420d6d7f5',6468,1636,1654015110,1654015110);
INSERT INTO player_score VALUES('61c6d5154',25,'5c62fd55b','47d425bbb',340200,1622,1653987873,1653987873);
INSERT INTO player_score VALUES('635f607a4',25,'5c62fd55b','4bcb7c804',56784,1705,1654030712,1654030712);
INSERT INTO player_score VALUES('5fb4ddb00',25,'5c62fd55b','4d285e772',82476,1631,1653932302,1653932302);
INSERT INTO player_score VALUES('5f3293344',25,'5c62fd55b','5771dfb6e',13824,1502,1653918640,1653918640);
INSERT INTO player_score VALUES('63bba0327',25,'5c62fd55b','60a2fab93',24500,1651,1654040385,1654040385);
INSERT INTO player_score VALUES('5e74e1325',25,'5c7107178','14fc7ee53',273798,1590,1653898749,1653898749);
INSERT INTO player_score VALUES('60f9e0d0e',25,'5c7107178','1668799cc',7470,1611,1653966382,1653966382);
INSERT INTO player_score VALUES('633179ff2',25,'5c7107178','41fdfa678',11484,1659,1654025899,1654025899);
INSERT INTO player_score VALUES('5be43a289',25,'5c7107178','420d6d7f5',7680,1257,1653829894,1653829894);
INSERT INTO player_score VALUES('63743bd5e',25,'5c7107178','47d425bbb',275772,1741,1654032899,1654032899);
INSERT INTO player_score VALUES('6201152df',25,'5c7107178','4bcb7c804',24149,1610,1653993981,1653993981);
INSERT INTO player_score VALUES('5e7cedbe9',25,'5c7107178','4d285e772',7280,1520,1653899593,1653899593);
INSERT INTO player_score VALUES('5f383d63c',25,'5c7107178','5771dfb6e',150732,1509,1653919234,1653919234);
INSERT INTO player_score VALUES('63b585b27',25,'5c7107178','624804611',45136,1689,1654039745,1654039745);
INSERT INTO player_score VALUES('62faab3bd',25,'5e2629d32','14fc7ee53',206312,1690,1654020152,1654020152);
INSERT INTO player_score VALUES('639bad7f8',25,'5e2629d32','410bf4665',61320,1609,1654037035,1654037035);
INSERT INTO player_score VALUES('62dde7f10',25,'5e2629d32','41fdfa678',449388,1641,1654017136,1654017136);
INSERT INTO player_score VALUES('610661808',25,'5e2629d32','420d6d7f5',10560,1547,1653967693,1653967693);
INSERT INTO player_score VALUES('63177363c',25,'5e2629d32','47d425bbb',142120,1714,1654023170,1654023170);
INSERT INTO player_score VALUES('6283d4e06',25,'5e2629d32','4bcb7c804',117078,1645,1654007691,1654007691);
INSERT INTO player_score VALUES('5efe5ef40',25,'5e2629d32','4d285e772',0,1571,1653913166,1653913166);
INSERT INTO player_score VALUES('5f2a5ab2b',25,'5e2629d32','5771dfb6e',12880,1494,1653917778,1653917778);
INSERT INTO player_score VALUES('638ef98cb',25,'5e2629d32','60a2fab93',421972,1550,1654035703,1654035703);
INSERT INTO player_score VALUES('63c52e7c9',25,'5e2629d32','624804611',0,1759,1654041387,1654041387);
INSERT INTO player_score VALUES('62cb8c3ff',25,'5e9cd1cbe','14fc7ee53',61560,1685,1654015211,1654015211);
INSERT INTO player_score VALUES('60aa0bcba',25,'5e9cd1cbe','1668799cc',48608,1605,1653958011,1653958011);
INSERT INTO player_score VALUES('63993049f',25,'5e9cd1cbe','410bf4665',1638,1607,1654036774,1654036774);
INSERT INTO player_score VALUES('62ffd8e8d',25,'5e9cd1cbe','41fdfa678',393600,1646,1654020695,1654020695);
INSERT INTO player_score VALUES('6070baf52',25,'5e9cd1cbe','420d6d7f5',7020,1511,1653952001,1653952001);
INSERT INTO player_score VALUES('61f371fb2',25,'5e9cd1cbe','47d425bbb',9728,1637,1653992551,1653992551);
INSERT INTO player_score VALUES('635b75101',25,'5e9cd1cbe','4bcb7c804',54739,1702,1654030301,1654030301);
INSERT INTO player_score VALUES('5afa73f8f',25,'5e9cd1cbe','4d285e772',34500,1246,1653805381,1653805381);
INSERT INTO player_score VALUES('5eab273d0',25,'5e9cd1cbe','5771dfb6e',61500,1407,1653904440,1653904440);
INSERT INTO player_score VALUES('6376fd64c',25,'5e9cd1cbe','60a2fab93',250690,1495,1654033188,1654033188);
INSERT INTO player_score VALUES('63c05644c',25,'5e9cd1cbe','624804611',174800,1738,1654040879,1654040879);
INSERT INTO player_score VALUES('58eef8ba3',25,'5ea808e1b','1668799cc',95648,1441,1653750490,1653750490);
INSERT INTO player_score VALUES('6263289d9',25,'5ea808e1b','410bf4665',449280,1566,1654004265,1654004265);
INSERT INTO player_score VALUES('639b4bd54',25,'5ea808e1b','41fdfa678',53280,1682,1654036995,1654036995);
INSERT INTO player_score VALUES('63b7cfa6b',25,'5ea808e1b','420d6d7f5',77,1684,1654039985,1654039985);
INSERT INTO player_score VALUES('62d54dd03',25,'5ea808e1b','47d425bbb',74970,1693,1654016234,1654016234);
INSERT INTO player_score VALUES('6396787c9',25,'5ea808e1b','4bcb7c804',353320,1717,1654036489,1654036489);
INSERT INTO player_score VALUES('5eda24076',25,'5ea808e1b','4d285e772',7000,1557,1653909367,1653909367);
INSERT INTO player_score VALUES('5ecbebe8f',25,'5ea808e1b','5771dfb6e',40404,1431,1653907876,1653907876);
INSERT INTO player_score VALUES('638ec3d3e',25,'5ea808e1b','60a2fab93',0,1549,1654035681,1654035681);
INSERT INTO player_score VALUES('63963693e',25,'5ea808e1b','624804611',5152,1527,1654036462,1654036462);
INSERT INTO player_score VALUES('6330d18bb',25,'5f8b555f3','14fc7ee53',768320,1697,1654025830,1654025830);
INSERT INTO player_score VALUES('60aa6620d',25,'5f8b555f3','410bf4665',256355,1486,1653958048,1653958048);
INSERT INTO player_score VALUES('5fed0c056',25,'5f8b555f3','41fdfa678',19344,1498,1653938193,1653938193);
INSERT INTO player_score VALUES('60881d45d',25,'5f8b555f3','420d6d7f5',0,1518,1653954453,1653954453);
INSERT INTO player_score VALUES('630db92a3',25,'5f8b555f3','4bcb7c804',29835,1685,1654022150,1654022150);
INSERT INTO player_score VALUES('5d748830c',25,'5f8b555f3','4d285e772',67473,1444,1653871869,1653871869);
INSERT INTO player_score VALUES('63c2a7870',25,'5f8b555f3','60a2fab93',94900,1666,1654041122,1654041122);
INSERT INTO player_score VALUES('63ba9fda6',25,'5f8b555f3','624804611',42000,1709,1654040280,1654040280);
INSERT INTO player_score VALUES('631c22204',25,'5f9bd020b','14fc7ee53',81356,1694,1654023661,1654023661);
INSERT INTO player_score VALUES('63c317d59',25,'5f9bd020b','410bf4665',1248,1616,1654041168,1654041168);
INSERT INTO player_score VALUES('6352e71d9',25,'5f9bd020b','41fdfa678',423225,1670,1654029404,1654029404);
INSERT INTO player_score VALUES('6390f2e72',25,'5f9bd020b','420d6d7f5',32706,1672,1654035910,1654035910);
INSERT INTO player_score VALUES('5e079438c',25,'5f9bd020b','47d425bbb',50518,1371,1653887288,1653887288);
INSERT INTO player_score VALUES('600e76b4f',25,'5f9bd020b','4bcb7c804',125400,1470,1653941697,1653941697);
INSERT INTO player_score VALUES('5eb598912',25,'5f9bd020b','4d285e772',125290,1542,1653905535,1653905535);
INSERT INTO player_score VALUES('63b59e1ed',25,'5f9bd020b','60a2fab93',195228,1636,1654039755,1654039755);
INSERT INTO player_score VALUES('63bd839b7',25,'5f9bd020b','624804611',300672,1725,1654040583,1654040583);
INSERT INTO player_score VALUES('62e119d4b',25,'5fc85bec6','14fc7ee53',38016,1688,1654017471,1654017471);
INSERT INTO player_score VALUES('63389c29b',25,'5fc85bec6','1668799cc',56100,1663,1654026647,1654026647);
INSERT INTO player_score VALUES('62dd41f03',25,'5fc85bec6','410bf4665',96048,1583,1654017068,1654017068);
INSERT INTO player_score VALUES('615f261c7',25,'5fc85bec6','41fdfa678',22572,1557,1653977001,1653977001);
INSERT INTO player_score VALUES('627a63e23',25,'5fc85bec6','420d6d7f5',57800,1623,1654006701,1654006701);
INSERT INTO player_score VALUES('6358bfb46',25,'5fc85bec6','47d425bbb',156584,1735,1654030017,1654030017);
INSERT INTO player_score VALUES('5f9efaaa2',25,'5fc85bec6','4bcb7c804',146916,1437,1653930007,1653930007);
INSERT INTO player_score VALUES('63bfd26cd',25,'5fc85bec6','60a2fab93',3894,1662,1654040825,1654040825);
INSERT INTO player_score VALUES('63be3843e',25,'5fc85bec6','624804611',169650,1731,1654040657,1654040657);
INSERT INTO player_score VALUES('6288860d4',25,'6022b35f2','14fc7ee53',2176,1678,1654008183,1654008183);
INSERT INTO player_score VALUES('6026d20f2',25,'6022b35f2','1668799cc',8352,1596,1653944251,1653944251);
INSERT INTO player_score VALUES('5db24366e',25,'6022b35f2','410bf4665',69090,1343,1653878342,1653878342);
INSERT INTO player_score VALUES('62e943a79',25,'6022b35f2','420d6d7f5',115010,1643,1654018327,1654018327);
INSERT INTO player_score VALUES('63c5531d3',25,'6022b35f2','47d425bbb',35100,1757,1654041402,1654041402);
INSERT INTO player_score VALUES('63ac458d2',25,'6022b35f2','60a2fab93',1848,1621,1654038775,1654038775);
INSERT INTO player_score VALUES('63b41ed33',25,'6022b35f2','624804611',45045,1684,1654039598,1654039598);
INSERT INTO player_score VALUES('5fc54c3b3',25,'617088c8a','14fc7ee53',31008,1620,1653934025,1653934025);
INSERT INTO player_score VALUES('6292e3dbe',25,'617088c8a','1668799cc',52377,1647,1654009270,1654009270);
INSERT INTO player_score VALUES('62bfb1958',25,'617088c8a','410bf4665',74880,1577,1654013968,1654013968);
INSERT INTO player_score VALUES('611aaa618',25,'617088c8a','41fdfa678',100130,1541,1653969820,1653969820);
INSERT INTO player_score VALUES('63c546e72',25,'617088c8a','420d6d7f5',305660,1689,1654041397,1654041397);
INSERT INTO player_score VALUES('6360f5bf4',25,'617088c8a','47d425bbb',84348,1738,1654030878,1654030878);
INSERT INTO player_score VALUES('621ae6157',25,'617088c8a','4bcb7c804',221616,1617,1653996688,1653996688);
INSERT INTO player_score VALUES('63b84e96a',25,'617088c8a','60a2fab93',3690,1641,1654040037,1654040037);
INSERT INTO player_score VALUES('63a6a03d3',25,'617088c8a','624804611',17556,1616,1654038183,1654038183);
INSERT INTO player_score VALUES('5d51cc97f',25,'61b0a17a5','14fc7ee53',40128,1563,1653868227,1653868227);
INSERT INTO player_score VALUES('6048886d4',25,'61b0a17a5','1668799cc',64515,1600,1653947786,1653947786);
INSERT INTO player_score VALUES('624b8baef',25,'61b0a17a5','410bf4665',15660,1560,1654001789,1654001789);
INSERT INTO player_score VALUES('619dabf87',25,'61b0a17a5','41fdfa678',137592,1569,1653983557,1653983557);
INSERT INTO player_score VALUES('60ec22be5',25,'61b0a17a5','420d6d7f5',168264,1541,1653964941,1653964941);
INSERT INTO player_score VALUES('6328412a4',25,'61b0a17a5','47d425bbb',549792,1717,1654024932,1654024932);
INSERT INTO player_score VALUES('6366a744a',25,'61b0a17a5','4bcb7c804',271320,1706,1654031475,1654031475);
INSERT INTO player_score VALUES('63a200250',25,'61b0a17a5','60a2fab93',525600,1599,1654037698,1654037698);
INSERT INTO player_score VALUES('63b7d4893',25,'61b0a17a5','624804611',10944,1697,1654039987,1654039987);
INSERT INTO player_score VALUES('600547a2e',25,'63222dfd2','14fc7ee53',164160,1625,1653940734,1653940734);
INSERT INTO player_score VALUES('6015fa894',25,'63222dfd2','1668799cc',174720,1595,1653942485,1653942485);
INSERT INTO player_score VALUES('63b05a77b',25,'63222dfd2','410bf4665',468350,1614,1654039203,1654039203);
INSERT INTO player_score VALUES('62aa37865',25,'63222dfd2','41fdfa678',367164,1632,1654011716,1654011716);
INSERT INTO player_score VALUES('62d886fd1',25,'63222dfd2','420d6d7f5',75140,1639,1654016572,1654016572);
INSERT INTO player_score VALUES('6355b7572',25,'63222dfd2','47d425bbb',49600,1732,1654029699,1654029699);
INSERT INTO player_score VALUES('63ab84adc',25,'63222dfd2','4bcb7c804',464520,1729,1654038696,1654038696);
INSERT INTO player_score VALUES('63a2dbdfe',25,'63222dfd2','60a2fab93',370944,1602,1654037788,1654037788);
INSERT INTO player_score VALUES('63aeb1a79',25,'63222dfd2','624804611',293216,1659,1654039029,1654039029);
INSERT INTO player_score VALUES('6218c5a2e',25,'a6446461','14fc7ee53',68112,1664,1653996465,1653996465);
INSERT INTO player_score VALUES('4791f8d39',25,'a6446461','27c705086',18040,1180,1653284398,1653284398);
INSERT INTO player_score VALUES('5fc70d720',25,'a6446461','410bf4665',348390,1457,1653934209,1653934209);
INSERT INTO player_score VALUES('602858ae9',25,'a6446461','41fdfa678',153090,1506,1653944411,1653944411);
INSERT INTO player_score VALUES('5f28c7e00',25,'a6446461','47d425bbb',4980,1438,1653917613,1653917613);
INSERT INTO player_score VALUES('5fa068df0',25,'a6446461','4d285e772',8170,1622,1653930157,1653930157);
INSERT INTO player_score VALUES('5241eba5b',25,'a6446461','50bb57dd0',5642,1273,1653571283,1653571283);
INSERT INTO player_score VALUES('5e7ad22f3',25,'a6446461','5771dfb6e',17835,1366,1653899372,1653899372);
INSERT INTO player_score VALUES('63c66e530',25,'a6446461','60a2fab93',163200,1672,1654041518,1654041518);
INSERT INTO player_score VALUES('63be495be',25,'a6446461','624804611',11264,1732,1654040664,1654040664);
INSERT INTO player_score VALUES('5dd0eefa0',25,'c4ec23fa','14fc7ee53',74760,1579,1653881558,1653881558);
INSERT INTO player_score VALUES('5efb43089',25,'c4ec23fa','1668799cc',379407,1570,1653912840,1653912840);
INSERT INTO player_score VALUES('473d0e86a',25,'c4ec23fa','27c705086',17238,1166,1653275494,1653275494);
INSERT INTO player_score VALUES('623aa5864',25,'c4ec23fa','410bf4665',12960,1558,1654000017,1654000017);
INSERT INTO player_score VALUES('633ff19e1',25,'c4ec23fa','41fdfa678',9504,1664,1654027416,1654027416);
INSERT INTO player_score VALUES('63092c9e7',25,'c4ec23fa','47d425bbb',115600,1712,1654021673,1654021673);
INSERT INTO player_score VALUES('6394532d1',25,'c4ec23fa','4bcb7c804',139860,1716,1654036264,1654036264);
INSERT INTO player_score VALUES('5242ee70e',25,'c4ec23fa','50bb57dd0',11620,1277,1653571389,1653571389);
INSERT INTO player_score VALUES('637d6fcc1',25,'c4ec23fa','60a2fab93',17496,1511,1654033864,1654033864);
INSERT INTO player_score VALUES('63937c55e',25,'c4ec23fa','624804611',197316,1516,1654036176,1654036176);
INSERT INTO player_score VALUES('5b9d301d1',25,'d178e0f1','14fc7ee53',39500,1520,1653822445,1653822445);
INSERT INTO player_score VALUES('638af5b2f',25,'d178e0f1','1668799cc',116928,1666,1654035282,1654035282);
INSERT INTO player_score VALUES('4759c59e7',25,'d178e0f1','27c705086',277056,1171,1653278505,1653278505);
INSERT INTO player_score VALUES('63413b2f1',25,'d178e0f1','410bf4665',63360,1597,1654027551,1654027551);
INSERT INTO player_score VALUES('62e134adf',25,'d178e0f1','41fdfa678',90090,1642,1654017482,1654017482);
INSERT INTO player_score VALUES('6179c8f6e',25,'d178e0f1','420d6d7f5',117992,1566,1653979794,1653979794);
INSERT INTO player_score VALUES('62e326b8f',25,'d178e0f1','47d425bbb',46139,1701,1654017686,1654017686);
INSERT INTO player_score VALUES('61d584d5e',25,'d178e0f1','4bcb7c804',140000,1601,1653989413,1653989413);
INSERT INTO player_score VALUES('5f7c96f18',25,'d178e0f1','4d285e772',250920,1612,1653926401,1653926401);
INSERT INTO player_score VALUES('52417dc7c',25,'d178e0f1','50bb57dd0',303614,1271,1653571238,1653571238);
INSERT INTO player_score VALUES('5d766b948',25,'d178e0f1','5771dfb6e',35530,1173,1653872067,1653872067);
INSERT INTO player_score VALUES('639c4c310',25,'d178e0f1','60a2fab93',75696,1581,1654037100,1654037100);
INSERT INTO player_score VALUES('63c1060a4',25,'d178e0f1','624804611',35532,1743,1654040951,1654040951);
INSERT INTO player_score VALUES('613b988cd',25,'e8fc5196','14fc7ee53',85000,1643,1653973273,1653973273);
INSERT INTO player_score VALUES('49e838ab9',25,'e8fc5196','27c705086',2080,1260,1653347129,1653347129);
INSERT INTO player_score VALUES('6197a01ec',25,'e8fc5196','410bf4665',93264,1521,1653982923,1653982923);
INSERT INTO player_score VALUES('6386e0cab',25,'e8fc5196','41fdfa678',54432,1680,1654034854,1654034854);
INSERT INTO player_score VALUES('61ba51f28',25,'e8fc5196','420d6d7f5',114318,1581,1653986561,1653986561);
INSERT INTO player_score VALUES('639f6cf9a',25,'e8fc5196','47d425bbb',93120,1752,1654037428,1654037428);
INSERT INTO player_score VALUES('639e78d4a',25,'e8fc5196','4bcb7c804',136192,1721,1654037328,1654037328);
INSERT INTO player_score VALUES('5d27fb033',25,'e8fc5196','4d285e772',172062,1422,1653863842,1653863842);
INSERT INTO player_score VALUES('5ee128e78',25,'e8fc5196','5771dfb6e',224352,1443,1653910103,1653910103);
INSERT INTO player_score VALUES('63bc9e1fd',25,'e8fc5196','60a2fab93',188160,1653,1654040489,1654040489);
INSERT INTO player_score VALUES('63c396c71',25,'e8fc5196','624804611',49300,1750,1654041220,1654041220);
COMMIT;
