
BEGIN;
CREATE TABLE IF NOT EXISTS competition (
  id VARCHAR(255) NOT NULL PRIMARY KEY,
  tenant_id BIGINT NOT NULL,
  title TEXT NOT NULL,
  finished_at BIGINT NULL,
  created_at BIGINT NOT NULL,
  updated_at BIGINT NOT NULL
);
INSERT INTO competition VALUES('ceb728dd',27,'ワインラーメン vol.8',NULL,1651710011,1652321754);
INSERT INTO competition VALUES('da5e40d4',27,'第1回 大盛りCache-Control学園',1653518148,1651729561,1653518148);
INSERT INTO competition VALUES('ddc1691a',27,'自動ブルーベリーパンチ vol.7',1651850902,1651735244,1651850902);
INSERT INTO competition VALUES('f22aa114',27,'第4回 自由が丘がヤバい',1652219149,1651769488,1652219149);
INSERT INTO competition VALUES('10740e22b',27,'パッションフルーツ丼 vol.4',NULL,1651804866,1652236647);
INSERT INTO competition VALUES('1b395669e',27,'第3回 アイドル大宮と俺',1653050939,1652093988,1653050939);
INSERT INTO competition VALUES('1b562d359',27,'枝豆の晩餐 #8',1653875586,1652097012,1653875586);
INSERT INTO competition VALUES('1d204fecc',27,'あなたと白菜.js杯',1652351254,1652145051,1652351254);
INSERT INTO competition VALUES('1e87b4518',27,'和光市食堂杯',NULL,1652182736,1652516833);
INSERT INTO competition VALUES('23a6656fb',27,'勝てるたまねぎ本部',NULL,1652320172,1653858405);
INSERT INTO competition VALUES('24d0b22ea',27,'激辛レンコンタウン #6',NULL,1652351451,1652683953);
INSERT INTO competition VALUES('34b2de1fd',27,'クイの惨劇カップ',NULL,1652777820,1653668557);
INSERT INTO competition VALUES('426f1cd1c',27,'エンジョイロードアベレージブラザーズ #1',1653434398,1653146525,1653434398);
INSERT INTO competition VALUES('5085c8ea7',27,'二子玉川ネイティブ',NULL,1653524712,1653967029);
INSERT INTO competition VALUES('57a2aed10',27,'サルでもわかるドラゴンフルーツ屋台 #7',1654033483,1653715647,1654033483);
INSERT INTO competition VALUES('5b7f1e5e1',27,'システムサービスラボ大会',1653868638,1653819292,1653868638);
INSERT INTO competition VALUES('60d195e26',27,'第7回 ふつうミックスの部屋',NULL,1653962157,1654010550);
CREATE TABLE IF NOT EXISTS player (
  id VARCHAR(255) NOT NULL PRIMARY KEY,
  tenant_id BIGINT NOT NULL,
  display_name TEXT NOT NULL,
  is_disqualified BOOLEAN NOT NULL,
  created_at BIGINT NOT NULL,
  updated_at BIGINT NOT NULL
);
INSERT INTO player VALUES('ddab48c3',27,'Davonte Mitchell',0,1651735099,1652972025);
INSERT INTO player VALUES('e389aa47',27,'Jaron Rogahn',0,1651744945,1653677856);
INSERT INTO player VALUES('15b3e3271',27,'Ernest Stanton',1,1651945777,1652498675);
INSERT INTO player VALUES('16bd26dcc',27,'Guy Mante',0,1651973592,1652366296);
INSERT INTO player VALUES('1bb8828d1',27,'Thora Ernser',0,1652107323,1652786161);
INSERT INTO player VALUES('2334f008f',27,'Fausto Prosacco',0,1652308275,1653605265);
INSERT INTO player VALUES('24f8d60db',27,'Roel O"Keefe',0,1652355660,1653934998);
INSERT INTO player VALUES('27aaa3698',27,'Lambert Pacocha',0,1652427991,1653794245);
INSERT INTO player VALUES('2b319d877',27,'Mr. Leland Conn DVM',0,1652522675,1652817445);
INSERT INTO player VALUES('2c23c345f',27,'Ms. Eryn Kessler PhD',0,1652548066,1653996497);
INSERT INTO player VALUES('393e17c6e',27,'Clotilde Mraz PhD',0,1652899793,1653241874);
INSERT INTO player VALUES('3b7969192',27,'Ms. Tressie Ortiz III',0,1652959700,1653990989);
INSERT INTO player VALUES('420ffe3d0',27,'Vallie Tillman',0,1653136551,1653818442);
INSERT INTO player VALUES('42f8144d3',27,'Mr. Brody Mante Sr.',0,1653160887,1653349954);
INSERT INTO player VALUES('4370566ca',27,'Kaia Barton III',0,1653173497,1653637342);
INSERT INTO player VALUES('4852bf676',27,'Ms. Berenice Schuppe',0,1653304612,1653687309);
INSERT INTO player VALUES('510489a57',27,'Thora Morissette',0,1653538003,1654000932);
INSERT INTO player VALUES('518f0a331',27,'Narciso Upton',0,1653552526,1653582498);
INSERT INTO player VALUES('520a0690e',27,'Mr. Marlin Wolff',0,1653565422,1653983108);
INSERT INTO player VALUES('53e0a0331',27,'Madisen Hills',0,1653614768,1653810059);
CREATE TABLE IF NOT EXISTS player_score (
                              id VARCHAR(255) NOT NULL PRIMARY KEY,
                              tenant_id BIGINT NOT NULL,
                              player_id VARCHAR(255) NOT NULL,
                              competition_id VARCHAR(255) NOT NULL,
                              score BIGINT NOT NULL,
                              row_num BIGINT NOT NULL,
                              created_at BIGINT NOT NULL,
                              updated_at BIGINT NOT NULL
);
INSERT INTO player_score VALUES('3e42f318c',27,'15b3e3271','1b395669e',186872,216,1653034520,1653034520);
INSERT INTO player_score VALUES('5151e3e76',27,'15b3e3271','1b562d359',1045,326,1653546114,1653546114);
INSERT INTO player_score VALUES('2451bbbd4',27,'15b3e3271','1d204fecc',590400,118,1652338138,1652338138);
INSERT INTO player_score VALUES('58f147924',27,'15b3e3271','1e87b4518',34100,313,1653750732,1653750732);
INSERT INTO player_score VALUES('610362e5f',27,'15b3e3271','23a6656fb',22464,377,1653967379,1653967379);
INSERT INTO player_score VALUES('61f2ebb49',27,'15b3e3271','24d0b22ea',44982,369,1653992496,1653992496);
INSERT INTO player_score VALUES('62193fb7c',27,'15b3e3271','34b2de1fd',25668,376,1653996515,1653996515);
INSERT INTO player_score VALUES('4d01e0ef7',27,'15b3e3271','426f1cd1c',288000,316,1653430350,1653430350);
INSERT INTO player_score VALUES('634334908',27,'15b3e3271','57a2aed10',106590,386,1654027758,1654027758);
INSERT INTO player_score VALUES('5d2fecb4c',27,'15b3e3271','5b7f1e5e1',13467,321,1653864675,1653864675);
INSERT INTO player_score VALUES('636411aa2',27,'15b3e3271','60d195e26',186252,351,1654031204,1654031204);
INSERT INTO player_score VALUES('5f02d7f6e',27,'15b3e3271','ceb728dd',91080,350,1653913635,1653913635);
INSERT INTO player_score VALUES('4d6c3df4d',27,'15b3e3271','da5e40d4',53592,317,1653441503,1653441503);
INSERT INTO player_score VALUES('1f6d2d739',27,'15b3e3271','f22aa114',19800,84,1652206798,1652206798);
INSERT INTO player_score VALUES('624c00e1b',27,'16bd26dcc','10740e22b',70272,357,1654001837,1654001837);
INSERT INTO player_score VALUES('3eb8a6f05',27,'16bd26dcc','1b395669e',11856,221,1653046862,1653046862);
INSERT INTO player_score VALUES('54531d46d',27,'16bd26dcc','1b562d359',388485,349,1653626773,1653626773);
INSERT INTO player_score VALUES('24ae9063a',27,'16bd26dcc','1d204fecc',435418,123,1652347872,1652347872);
INSERT INTO player_score VALUES('58f1192a5',27,'16bd26dcc','1e87b4518',153120,312,1653750713,1653750713);
INSERT INTO player_score VALUES('6216a0512',27,'16bd26dcc','23a6656fb',208320,381,1653996240,1653996240);
INSERT INTO player_score VALUES('5c89abadb',27,'16bd26dcc','24d0b22ea',46368,337,1653847242,1653847242);
INSERT INTO player_score VALUES('61510b47a',27,'16bd26dcc','34b2de1fd',45360,371,1653975522,1653975522);
INSERT INTO player_score VALUES('4d04a4f0b',27,'16bd26dcc','426f1cd1c',215040,317,1653430640,1653430640);
INSERT INTO player_score VALUES('63029a7e5',27,'16bd26dcc','5085c8ea7',9045,336,1654020984,1654020984);
INSERT INTO player_score VALUES('613bb364f',27,'16bd26dcc','57a2aed10',39424,320,1653973284,1653973284);
INSERT INTO player_score VALUES('63c317d5a',27,'16bd26dcc','60d195e26',179046,388,1654041168,1654041168);
INSERT INTO player_score VALUES('635700eb5',27,'16bd26dcc','ceb728dd',107520,372,1654029834,1654029834);
INSERT INTO player_score VALUES('4faa386f1',27,'16bd26dcc','da5e40d4',155805,324,1653501689,1653501689);
INSERT INTO player_score VALUES('1db998a84',27,'16bd26dcc','f22aa114',8700,74,1652161124,1652161124);
INSERT INTO player_score VALUES('5f434d6ac',27,'1bb8828d1','10740e22b',368768,347,1653920394,1653920394);
INSERT INTO player_score VALUES('3eb8d7c21',27,'1bb8828d1','1b395669e',24057,222,1653046882,1653046882);
INSERT INTO player_score VALUES('5a9ea48a8',27,'1bb8828d1','1b562d359',4536,387,1653795754,1653795754);
INSERT INTO player_score VALUES('248edf978',27,'1bb8828d1','1d204fecc',44520,120,1652344549,1652344549);
INSERT INTO player_score VALUES('5f44b450c',27,'1bb8828d1','23a6656fb',0,360,1653920541,1653920541);
INSERT INTO player_score VALUES('5f53f9012',27,'1bb8828d1','24d0b22ea',51700,352,1653922142,1653922142);
INSERT INTO player_score VALUES('62e9069f7',27,'1bb8828d1','34b2de1fd',56252,383,1654018302,1654018302);
INSERT INTO player_score VALUES('4bf9da991',27,'1bb8828d1','426f1cd1c',166056,280,1653402665,1653402665);
INSERT INTO player_score VALUES('639bb7427',27,'1bb8828d1','5085c8ea7',339768,347,1654037039,1654037039);
INSERT INTO player_score VALUES('5d2bb80ae',27,'1bb8828d1','5b7f1e5e1',314160,318,1653864234,1653864234);
INSERT INTO player_score VALUES('63b85d3ee',27,'1bb8828d1','60d195e26',275366,387,1654040043,1654040043);
INSERT INTO player_score VALUES('5873d54c4',27,'1bb8828d1','ceb728dd',64728,316,1653737578,1653737578);
INSERT INTO player_score VALUES('4e7b30bb6',27,'1bb8828d1','da5e40d4',82320,321,1653469914,1653469914);
INSERT INTO player_score VALUES('1fb474851',27,'1bb8828d1','f22aa114',1488,87,1652214272,1652214272);
INSERT INTO player_score VALUES('612ba8f25',27,'2334f008f','10740e22b',75072,355,1653971602,1653971602);
INSERT INTO player_score VALUES('3e46de837',27,'2334f008f','1b395669e',95220,217,1653034931,1653034931);
INSERT INTO player_score VALUES('5cf39d420',27,'2334f008f','1b562d359',1800,401,1653858351,1653858351);
INSERT INTO player_score VALUES('23df179a5',27,'2334f008f','1d204fecc',85008,110,1652326117,1652326117);
INSERT INTO player_score VALUES('6261f9de1',27,'2334f008f','23a6656fb',622728,383,1654004141,1654004141);
INSERT INTO player_score VALUES('605a93934',27,'2334f008f','24d0b22ea',164952,364,1653949678,1653949678);
INSERT INTO player_score VALUES('6313990fc',27,'2334f008f','34b2de1fd',26400,384,1654022766,1654022766);
INSERT INTO player_score VALUES('4d1f9fad6',27,'2334f008f','426f1cd1c',486400,320,1653433469,1653433469);
INSERT INTO player_score VALUES('6332645c6',27,'2334f008f','5085c8ea7',218688,339,1654025995,1654025995);
INSERT INTO player_score VALUES('636536a25',27,'2334f008f','57a2aed10',10230,390,1654031324,1654031324);
INSERT INTO player_score VALUES('5d3ec86cc',27,'2334f008f','5b7f1e5e1',190269,332,1653866233,1653866233);
INSERT INTO player_score VALUES('63b242bca',27,'2334f008f','60d195e26',94500,382,1654039403,1654039403);
INSERT INTO player_score VALUES('4f832add3',27,'2334f008f','da5e40d4',0,323,1653497594,1653497594);
INSERT INTO player_score VALUES('637829b11',27,'24f8d60db','10740e22b',36735,366,1654033311,1654033311);
INSERT INTO player_score VALUES('3e98db4b8',27,'24f8d60db','1b395669e',55566,220,1653043528,1653043528);
INSERT INTO player_score VALUES('5d4ca63c6',27,'24f8d60db','1b562d359',35784,404,1653867687,1653867687);
INSERT INTO player_score VALUES('61e459389',27,'24f8d60db','1e87b4518',200508,359,1653990968,1653990968);
INSERT INTO player_score VALUES('634b5987d',27,'24f8d60db','24d0b22ea',62010,381,1654028612,1654028612);
INSERT INTO player_score VALUES('63518c6ea',27,'24f8d60db','34b2de1fd',342000,387,1654029262,1654029262);
INSERT INTO player_score VALUES('4cfed8909',27,'24f8d60db','426f1cd1c',2940,315,1653430032,1653430032);
INSERT INTO player_score VALUES('63ba36e11',27,'24f8d60db','5085c8ea7',199615,350,1654040237,1654040237);
INSERT INTO player_score VALUES('635627a55',27,'24f8d60db','57a2aed10',1440,388,1654029745,1654029745);
INSERT INTO player_score VALUES('5d4a3a1ac',27,'24f8d60db','5b7f1e5e1',49020,338,1653867433,1653867433);
INSERT INTO player_score VALUES('6393d1c59',27,'24f8d60db','60d195e26',334800,373,1654036211,1654036211);
INSERT INTO player_score VALUES('635f54450',27,'24f8d60db','ceb728dd',0,374,1654030707,1654030707);
INSERT INTO player_score VALUES('501a83fd7',27,'24f8d60db','da5e40d4',219640,326,1653513464,1653513464);
INSERT INTO player_score VALUES('6336cc4c4',27,'27aaa3698','10740e22b',80262,365,1654026457,1654026457);
INSERT INTO player_score VALUES('5c0fc0bfd',27,'27aaa3698','1b562d359',371952,395,1653834458,1653834458);
INSERT INTO player_score VALUES('61e6a3293',27,'27aaa3698','1e87b4518',270720,360,1653991208,1653991208);
INSERT INTO player_score VALUES('627d16c89',27,'27aaa3698','23a6656fb',198276,387,1654006984,1654006984);
INSERT INTO player_score VALUES('60b3cfd0b',27,'27aaa3698','34b2de1fd',9024,367,1653959035,1653959035);
INSERT INTO player_score VALUES('6315f1a99',27,'27aaa3698','5085c8ea7',234630,338,1654023012,1654023012);
INSERT INTO player_score VALUES('62380fe29',27,'27aaa3698','57a2aed10',69120,355,1653999746,1653999746);
INSERT INTO player_score VALUES('5d4090f80',27,'27aaa3698','5b7f1e5e1',365400,334,1653866420,1653866420);
INSERT INTO player_score VALUES('63b679d76',27,'27aaa3698','60d195e26',235790,385,1654039845,1654039845);
INSERT INTO player_score VALUES('5b579e0e4',27,'27aaa3698','ceb728dd',91425,332,1653815150,1653815150);
INSERT INTO player_score VALUES('4b0c994f7',27,'27aaa3698','da5e40d4',186120,306,1653377787,1653377787);
INSERT INTO player_score VALUES('5a7cce6f1',27,'2b319d877','10740e22b',20736,318,1653792206,1653792206);
INSERT INTO player_score VALUES('3ed1e7c9f',27,'2b319d877','1b395669e',20520,223,1653049510,1653049510);
INSERT INTO player_score VALUES('5c427a94a',27,'2b319d877','1b562d359',52640,396,1653839777,1653839777);
INSERT INTO player_score VALUES('61990be25',27,'2b319d877','1e87b4518',192080,357,1653983072,1653983072);
INSERT INTO player_score VALUES('627b5f587',27,'2b319d877','23a6656fb',75107,386,1654006804,1654006804);
INSERT INTO player_score VALUES('6318232ca',27,'2b319d877','24d0b22ea',124416,377,1654023242,1654023242);
INSERT INTO player_score VALUES('636d20fd6',27,'2b319d877','34b2de1fd',36125,389,1654032154,1654032154);
INSERT INTO player_score VALUES('4cadc14a1',27,'2b319d877','426f1cd1c',54575,304,1653421529,1653421529);
INSERT INTO player_score VALUES('638bcefb9',27,'2b319d877','5085c8ea7',69768,344,1654035371,1654035371);
INSERT INTO player_score VALUES('6337465f4',27,'2b319d877','57a2aed10',25350,385,1654026507,1654026507);
INSERT INTO player_score VALUES('5d55899b3',27,'2b319d877','5b7f1e5e1',2244,347,1653868619,1653868619);
INSERT INTO player_score VALUES('636689fb7',27,'2b319d877','60d195e26',58080,353,1654031463,1654031463);
INSERT INTO player_score VALUES('624054973',27,'2b319d877','ceb728dd',305270,365,1654000613,1654000613);
INSERT INTO player_score VALUES('480b90bd9',27,'2b319d877','da5e40d4',620576,284,1653297148,1653297148);
INSERT INTO player_score VALUES('627206c22',27,'2c23c345f','10740e22b',32256,359,1654005824,1654005824);
INSERT INTO player_score VALUES('3d9c8d731',27,'2c23c345f','1b395669e',68432,213,1653017072,1653017072);
INSERT INTO player_score VALUES('5a9c55bab',27,'2c23c345f','1b562d359',0,386,1653795512,1653795512);
INSERT INTO player_score VALUES('60de62414',27,'2c23c345f','1e87b4518',62775,353,1653963499,1653963499);
INSERT INTO player_score VALUES('63bdca6af',27,'2c23c345f','23a6656fb',32032,390,1654040612,1654040612);
INSERT INTO player_score VALUES('62b9838cf',27,'2c23c345f','24d0b22ea',16464,372,1654013320,1654013320);
INSERT INTO player_score VALUES('6143f81ab',27,'2c23c345f','34b2de1fd',165240,370,1653974151,1653974151);
INSERT INTO player_score VALUES('4cb5f7575',27,'2c23c345f','426f1cd1c',147254,306,1653422390,1653422390);
INSERT INTO player_score VALUES('63124f786',27,'2c23c345f','5085c8ea7',349440,337,1654022631,1654022631);
INSERT INTO player_score VALUES('6335cbf25',27,'2c23c345f','57a2aed10',422940,384,1654026352,1654026352);
INSERT INTO player_score VALUES('5d541dd73',27,'2c23c345f','5b7f1e5e1',114660,342,1653868470,1653868470);
INSERT INTO player_score VALUES('63b2404be',27,'2c23c345f','60d195e26',25296,381,1654039402,1654039402);
INSERT INTO player_score VALUES('603464300',27,'2c23c345f','ceb728dd',26520,356,1653945674,1653945674);
INSERT INTO player_score VALUES('4b095daca',27,'2c23c345f','da5e40d4',144525,305,1653377448,1653377448);
INSERT INTO player_score VALUES('62dc35621',27,'393e17c6e','10740e22b',528,363,1654016958,1654016958);
INSERT INTO player_score VALUES('3dd847f74',27,'393e17c6e','1b395669e',2320,215,1653023335,1653023335);
INSERT INTO player_score VALUES('5240ae441',27,'393e17c6e','1b562d359',249612,332,1653571153,1653571153);
INSERT INTO player_score VALUES('616c47ebe',27,'393e17c6e','1e87b4518',15456,355,1653978378,1653978378);
INSERT INTO player_score VALUES('607d71597',27,'393e17c6e','23a6656fb',435,373,1653953334,1653953334);
INSERT INTO player_score VALUES('5f77fbbe4',27,'393e17c6e','24d0b22ea',5568,354,1653925918,1653925918);
INSERT INTO player_score VALUES('6382a25cb',27,'393e17c6e','34b2de1fd',48384,392,1654034409,1654034409);
INSERT INTO player_score VALUES('4cd6f1bce',27,'393e17c6e','426f1cd1c',42630,312,1653425848,1653425848);
INSERT INTO player_score VALUES('62a5690cd',27,'393e17c6e','5085c8ea7',78155,332,1654011212,1654011212);
INSERT INTO player_score VALUES('6268f9dde',27,'393e17c6e','57a2aed10',75650,362,1654004875,1654004875);
INSERT INTO player_score VALUES('5d3b59856',27,'393e17c6e','5b7f1e5e1',220,330,1653865873,1653865873);
INSERT INTO player_score VALUES('6380e3972',27,'393e17c6e','60d195e26',11562,367,1654034226,1654034226);
INSERT INTO player_score VALUES('6227f9403',27,'393e17c6e','ceb728dd',125904,364,1653998059,1653998059);
INSERT INTO player_score VALUES('4e51fb697',27,'393e17c6e','da5e40d4',401192,320,1653465593,1653465593);
INSERT INTO player_score VALUES('5fc9f1304',27,'3b7969192','10740e22b',0,352,1653934512,1653934512);
INSERT INTO player_score VALUES('3c56eba00',27,'3b7969192','1b395669e',68040,203,1652982927,1652982927);
INSERT INTO player_score VALUES('5817a6ad9',27,'3b7969192','1b562d359',273360,378,1653727912,1653727912);
INSERT INTO player_score VALUES('6286e21bc',27,'3b7969192','1e87b4518',16796,361,1654008011,1654008011);
INSERT INTO player_score VALUES('5e2925f9c',27,'3b7969192','23a6656fb',18492,350,1653890808,1653890808);
INSERT INTO player_score VALUES('5c79f1cbf',27,'3b7969192','24d0b22ea',12240,336,1653845593,1653845593);
INSERT INTO player_score VALUES('6314e2a97',27,'3b7969192','34b2de1fd',14535,385,1654022901,1654022901);
INSERT INTO player_score VALUES('4cc65740b',27,'3b7969192','426f1cd1c',20540,310,1653424107,1653424107);
INSERT INTO player_score VALUES('634dca884',27,'3b7969192','5085c8ea7',9680,340,1654028868,1654028868);
INSERT INTO player_score VALUES('62e3e2b8f',27,'3b7969192','57a2aed10',623672,375,1654017763,1654017763);
INSERT INTO player_score VALUES('5d2063aa3',27,'3b7969192','5b7f1e5e1',7015,308,1653863046,1653863046);
INSERT INTO player_score VALUES('631e3b3af',27,'3b7969192','60d195e26',776064,320,1654023881,1654023881);
INSERT INTO player_score VALUES('63659f9b8',27,'3b7969192','ceb728dd',147825,375,1654031367,1654031367);
INSERT INTO player_score VALUES('4adbd665d',27,'3b7969192','da5e40d4',74844,302,1653372674,1653372674);
INSERT INTO player_score VALUES('627549b81',27,'420ffe3d0','10740e22b',264860,360,1654006166,1654006166);
INSERT INTO player_score VALUES('61bc6d825',27,'420ffe3d0','1e87b4518',1716,358,1653986782,1653986782);
INSERT INTO player_score VALUES('5f08f4e66',27,'420ffe3d0','23a6656fb',230100,358,1653914276,1653914276);
INSERT INTO player_score VALUES('5db2c9b2e',27,'420ffe3d0','24d0b22ea',106624,344,1653878397,1653878397);
INSERT INTO player_score VALUES('63b2193ed',27,'420ffe3d0','34b2de1fd',52052,393,1654039386,1654039386);
INSERT INTO player_score VALUES('4cc60b925',27,'420ffe3d0','426f1cd1c',81648,309,1653424076,1653424076);
INSERT INTO player_score VALUES('63a1a35e1',27,'420ffe3d0','5085c8ea7',31968,348,1654037660,1654037660);
INSERT INTO player_score VALUES('634d2e48b',27,'420ffe3d0','57a2aed10',133560,387,1654028804,1654028804);
INSERT INTO player_score VALUES('5d244ca33',27,'420ffe3d0','5b7f1e5e1',313235,314,1653863456,1653863456);
INSERT INTO player_score VALUES('638abb203',27,'420ffe3d0','60d195e26',99484,371,1654035258,1654035258);
INSERT INTO player_score VALUES('6048dde16',27,'420ffe3d0','ceb728dd',151088,357,1653947821,1653947821);
INSERT INTO player_score VALUES('4f089779d',27,'420ffe3d0','da5e40d4',278400,322,1653484741,1653484741);
INSERT INTO player_score VALUES('5b4e605a0',27,'42f8144d3','1b562d359',39330,393,1653814181,1653814181);
INSERT INTO player_score VALUES('630bc2390',27,'42f8144d3','1e87b4518',157528,362,1654021944,1654021944);
INSERT INTO player_score VALUES('61a610654',27,'42f8144d3','23a6656fb',45756,380,1653984437,1653984437);
INSERT INTO player_score VALUES('6313daf93',27,'42f8144d3','24d0b22ea',24820,376,1654022793,1654022793);
INSERT INTO player_score VALUES('62321c754',27,'42f8144d3','34b2de1fd',0,377,1653999122,1653999122);
INSERT INTO player_score VALUES('4c9a7b382',27,'42f8144d3','426f1cd1c',487364,300,1653419508,1653419508);
INSERT INTO player_score VALUES('619f3c5e4',27,'42f8144d3','5085c8ea7',31200,314,1653983721,1653983721);
INSERT INTO player_score VALUES('62e296b08',27,'42f8144d3','57a2aed10',22743,374,1654017627,1654017627);
INSERT INTO player_score VALUES('5d4cb26fb',27,'42f8144d3','5b7f1e5e1',139400,339,1653867692,1653867692);
INSERT INTO player_score VALUES('6328d1351',27,'42f8144d3','60d195e26',247520,327,1654024991,1654024991);
INSERT INTO player_score VALUES('62ed49f26',27,'42f8144d3','ceb728dd',22570,369,1654018749,1654018749);
INSERT INTO player_score VALUES('4c10b917f',27,'42f8144d3','da5e40d4',60270,311,1653405063,1653405063);
INSERT INTO player_score VALUES('62d94089c',27,'4370566ca','10740e22b',20250,361,1654016648,1654016648);
INSERT INTO player_score VALUES('5ccd4e227',27,'4370566ca','1b562d359',124476,399,1653854334,1653854334);
INSERT INTO player_score VALUES('63bf70c6e',27,'4370566ca','1e87b4518',65455,363,1654040785,1654040785);
INSERT INTO player_score VALUES('627ae7b70',27,'4370566ca','23a6656fb',3168,385,1654006755,1654006755);
INSERT INTO player_score VALUES('62ab1d041',27,'4370566ca','24d0b22ea',62422,371,1654011810,1654011810);
INSERT INTO player_score VALUES('62839cb7d',27,'4370566ca','34b2de1fd',215232,380,1654007668,1654007668);
INSERT INTO player_score VALUES('4d06689df',27,'4370566ca','426f1cd1c',35728,318,1653430825,1653430825);
INSERT INTO player_score VALUES('6364c1710',27,'4370566ca','5085c8ea7',120736,343,1654031276,1654031276);
INSERT INTO player_score VALUES('632fc0183',27,'4370566ca','57a2aed10',19712,383,1654025718,1654025718);
INSERT INTO player_score VALUES('5d54d4f3d',27,'4370566ca','5b7f1e5e1',7500,345,1653868545,1653868545);
INSERT INTO player_score VALUES('6383f346b',27,'4370566ca','60d195e26',13923,369,1654034547,1654034547);
INSERT INTO player_score VALUES('60d5be532',27,'4370566ca','ceb728dd',254448,359,1653962593,1653962593);
INSERT INTO player_score VALUES('3fb53b94c',27,'4370566ca','da5e40d4',309631,250,1653073347,1653073347);
INSERT INTO player_score VALUES('5167ce3cc',27,'4852bf676','10740e22b',12792,276,1653548412,1653548412);
INSERT INTO player_score VALUES('5793d31e6',27,'4852bf676','1b562d359',376200,372,1653714089,1653714089);
INSERT INTO player_score VALUES('6089fe3b9',27,'4852bf676','1e87b4518',19024,351,1653954650,1653954650);
INSERT INTO player_score VALUES('6078a5547',27,'4852bf676','23a6656fb',202575,371,1653952831,1653952831);
INSERT INTO player_score VALUES('6326b5a67',27,'4852bf676','24d0b22ea',36036,379,1654024770,1654024770);
INSERT INTO player_score VALUES('61a30598b',27,'4852bf676','34b2de1fd',4608,374,1653984118,1653984118);
INSERT INTO player_score VALUES('4d15d93de',27,'4852bf676','426f1cd1c',100130,319,1653432444,1653432444);
INSERT INTO player_score VALUES('6263aee04',27,'4852bf676','5085c8ea7',128856,328,1654004320,1654004320);
INSERT INTO player_score VALUES('62fa5f8e2',27,'4852bf676','57a2aed10',760380,380,1654020121,1654020121);
INSERT INTO player_score VALUES('5d55369c6',27,'4852bf676','5b7f1e5e1',36864,346,1653868585,1653868585);
INSERT INTO player_score VALUES('63a73a0d3',27,'4852bf676','60d195e26',2112,379,1654038246,1654038246);
INSERT INTO player_score VALUES('50011732e',27,'4852bf676','da5e40d4',6545,325,1653510798,1653510798);
INSERT INTO player_score VALUES('5fa5b3dc8',27,'510489a57','10740e22b',21000,351,1653930712,1653930712);
INSERT INTO player_score VALUES('5c5164ee6',27,'510489a57','1b562d359',34408,398,1653841341,1653841341);
INSERT INTO player_score VALUES('58f2baa8e',27,'510489a57','1e87b4518',48750,314,1653750884,1653750884);
INSERT INTO player_score VALUES('63c07fc43',27,'510489a57','23a6656fb',9408,391,1654040896,1654040896);
INSERT INTO player_score VALUES('62eeba978',27,'510489a57','24d0b22ea',363216,374,1654018900,1654018900);
INSERT INTO player_score VALUES('637c59771',27,'510489a57','34b2de1fd',66300,391,1654033750,1654033750);
INSERT INTO player_score VALUES('62952dcb5',27,'510489a57','5085c8ea7',10234,331,1654009510,1654009510);
INSERT INTO player_score VALUES('610f5d505',27,'510489a57','57a2aed10',18720,315,1653968635,1653968635);
INSERT INTO player_score VALUES('5d520730c',27,'510489a57','5b7f1e5e1',65675,341,1653868251,1653868251);
INSERT INTO player_score VALUES('63b7ecf03',27,'510489a57','60d195e26',8424,386,1654039997,1654039997);
INSERT INTO player_score VALUES('62b210cc0',27,'510489a57','ceb728dd',129360,368,1654012539,1654012539);
INSERT INTO player_score VALUES('5fd39cca5',27,'518f0a331','10740e22b',118881,353,1653935526,1653935526);
INSERT INTO player_score VALUES('5972857c9',27,'518f0a331','1b562d359',101283,381,1653764284,1653764284);
INSERT INTO player_score VALUES('63450bc52',27,'518f0a331','24d0b22ea',36015,380,1654027951,1654027951);
INSERT INTO player_score VALUES('6376a7f39',27,'518f0a331','34b2de1fd',56406,390,1654033153,1654033153);
INSERT INTO player_score VALUES('5ec01d73b',27,'518f0a331','5085c8ea7',74256,254,1653906638,1653906638);
INSERT INTO player_score VALUES('63586a3f0',27,'518f0a331','57a2aed10',11726,389,1654029982,1654029982);
INSERT INTO player_score VALUES('5d54b535b',27,'518f0a331','5b7f1e5e1',191565,344,1653868532,1653868532);
INSERT INTO player_score VALUES('63830404e',27,'518f0a331','60d195e26',31734,368,1654034449,1654034449);
INSERT INTO player_score VALUES('5f892d9b1',27,'520a0690e','10740e22b',131400,349,1653927721,1653927721);
INSERT INTO player_score VALUES('5d08e6777',27,'520a0690e','1b562d359',26600,403,1653860583,1653860583);
INSERT INTO player_score VALUES('5eedcbc4e',27,'520a0690e','1e87b4518',19734,341,1653911428,1653911428);
INSERT INTO player_score VALUES('616791e14',27,'520a0690e','23a6656fb',33750,378,1653977884,1653977884);
INSERT INTO player_score VALUES('61d968eff',27,'520a0690e','24d0b22ea',122976,368,1653989821,1653989821);
INSERT INTO player_score VALUES('62a74a01e',27,'520a0690e','34b2de1fd',48600,382,1654011409,1654011409);
INSERT INTO player_score VALUES('624f045ac',27,'520a0690e','57a2aed10',39710,359,1654002153,1654002153);
INSERT INTO player_score VALUES('5d0ff791a',27,'520a0690e','5b7f1e5e1',612498,300,1653861324,1653861324);
INSERT INTO player_score VALUES('63a660c4b',27,'520a0690e','60d195e26',0,378,1654038157,1654038157);
INSERT INTO player_score VALUES('62f941e70',27,'520a0690e','ceb728dd',48360,370,1654020004,1654020004);
INSERT INTO player_score VALUES('5f324783b',27,'53e0a0331','10740e22b',77688,346,1653918609,1653918609);
INSERT INTO player_score VALUES('5c45967b3',27,'53e0a0331','1b562d359',93696,397,1653840103,1653840103);
INSERT INTO player_score VALUES('5f8e1962d',27,'53e0a0331','1e87b4518',53010,345,1653928237,1653928237);
INSERT INTO player_score VALUES('6267e86e9',27,'53e0a0331','23a6656fb',196560,384,1654004763,1654004763);
INSERT INTO player_score VALUES('597234ec2',27,'53e0a0331','24d0b22ea',14700,317,1653764251,1653764251);
INSERT INTO player_score VALUES('6361ca268',27,'53e0a0331','5085c8ea7',72000,342,1654030965,1654030965);
INSERT INTO player_score VALUES('632b69405',27,'53e0a0331','57a2aed10',9504,382,1654025263,1654025263);
INSERT INTO player_score VALUES('5d2bce074',27,'53e0a0331','5b7f1e5e1',52440,319,1653864243,1653864243);
INSERT INTO player_score VALUES('63897b4a9',27,'53e0a0331','60d195e26',36920,370,1654035127,1654035127);
INSERT INTO player_score VALUES('59d0e819b',27,'53e0a0331','ceb728dd',300118,321,1653774181,1653774181);
INSERT INTO player_score VALUES('5e45174e1',27,'ddab48c3','10740e22b',36652,337,1653893738,1653893738);
INSERT INTO player_score VALUES('3e584fdb4',27,'ddab48c3','1b395669e',70720,218,1653036760,1653036760);
INSERT INTO player_score VALUES('5b235649d',27,'ddab48c3','1b562d359',87438,391,1653809668,1653809668);
INSERT INTO player_score VALUES('24a7cfdfe',27,'ddab48c3','1d204fecc',308210,122,1652347164,1652347164);
INSERT INTO player_score VALUES('5fcd16de7',27,'ddab48c3','1e87b4518',93480,346,1653934842,1653934842);
INSERT INTO player_score VALUES('607adbbb2',27,'ddab48c3','23a6656fb',99792,372,1653953063,1653953063);
INSERT INTO player_score VALUES('5fc848626',27,'ddab48c3','24d0b22ea',0,358,1653934338,1653934338);
INSERT INTO player_score VALUES('608c2d4f8',27,'ddab48c3','34b2de1fd',41160,364,1653954879,1653954879);
INSERT INTO player_score VALUES('4bf06e7e0',27,'ddab48c3','426f1cd1c',169200,279,1653401677,1653401677);
INSERT INTO player_score VALUES('62ed51465',27,'ddab48c3','57a2aed10',57434,377,1654018752,1654018752);
INSERT INTO player_score VALUES('5d3a67d3c',27,'ddab48c3','5b7f1e5e1',141955,328,1653865774,1653865774);
INSERT INTO player_score VALUES('63b2d2cca',27,'ddab48c3','60d195e26',130720,383,1654039462,1654039462);
INSERT INTO player_score VALUES('6302e1490',27,'ddab48c3','ceb728dd',329400,371,1654021013,1654021013);
INSERT INTO player_score VALUES('4d3c03c17',27,'ddab48c3','da5e40d4',103356,315,1653436446,1653436446);
INSERT INTO player_score VALUES('119ec8be7',27,'ddab48c3','ddc1691a',135,28,1651836190,1651836190);
INSERT INTO player_score VALUES('1f0c32cb3',27,'ddab48c3','f22aa114',358800,81,1652196629,1652196629);
INSERT INTO player_score VALUES('62d96eec6',27,'e389aa47','10740e22b',251850,362,1654016667,1654016667);
INSERT INTO player_score VALUES('3e95fee0e',27,'e389aa47','1b395669e',14848,219,1653043228,1653043228);
INSERT INTO player_score VALUES('54abc9787',27,'e389aa47','1b562d359',0,353,1653636071,1653636071);
INSERT INTO player_score VALUES('249d15497',27,'e389aa47','1d204fecc',79875,121,1652346039,1652346039);
INSERT INTO player_score VALUES('60287adcd',27,'e389aa47','1e87b4518',50880,349,1653944425,1653944425);
INSERT INTO player_score VALUES('6303ce164',27,'e389aa47','23a6656fb',9114,389,1654021110,1654021110);
INSERT INTO player_score VALUES('60d158d58',27,'e389aa47','34b2de1fd',90585,368,1653962132,1653962132);
INSERT INTO player_score VALUES('4ca00d007',27,'e389aa47','426f1cd1c',114144,302,1653420092,1653420092);
INSERT INTO player_score VALUES('62e0e41ce',27,'e389aa47','57a2aed10',26880,373,1654017449,1654017449);
INSERT INTO player_score VALUES('5d5484640',27,'e389aa47','5b7f1e5e1',36480,343,1653868512,1653868512);
INSERT INTO player_score VALUES('63b5db2ac',27,'e389aa47','60d195e26',9555,384,1654039780,1654039780);
INSERT INTO player_score VALUES('635d2a128',27,'e389aa47','ceb728dd',11856,373,1654030480,1654030480);
INSERT INTO player_score VALUES('117befd8b',27,'e389aa47','ddc1691a',714384,27,1651832536,1651832536);
INSERT INTO player_score VALUES('1f6dc260b',27,'e389aa47','f22aa114',348600,85,1652206859,1652206859);
COMMIT;
