
BEGIN;
CREATE TABLE IF NOT EXISTS competition (
  id VARCHAR(255) NOT NULL PRIMARY KEY,
  tenant_id BIGINT NOT NULL,
  title TEXT NOT NULL,
  finished_at BIGINT NULL,
  created_at BIGINT NOT NULL,
  updated_at BIGINT NOT NULL
);
INSERT INTO competition VALUES('103836525',28,'エンジョイブルーベリー海岸大会',NULL,1651798591,1652684894);
INSERT INTO competition VALUES('21a44536e',28,'ハードウェアドーナツカップ',1653615112,1652266262,1653615112);
INSERT INTO competition VALUES('241b4ea29',28,'第5回 量子キウイTHAN',1652425236,1652332431,1652425236);
INSERT INTO competition VALUES('265d8c6bf',28,'第8回 冬のランブータン5期生',NULL,1652393064,1653564535);
INSERT INTO competition VALUES('39d82b1fc',28,'大きなポンカン文庫大会',NULL,1652915949,1653303818);
INSERT INTO competition VALUES('41b38177c',28,'ミニトマト.js大会',1653811735,1653126853,1653811735);
INSERT INTO competition VALUES('47a59bac7',28,'第4回 船橋合衆国',NULL,1653286457,1653680747);
INSERT INTO competition VALUES('4fc296399',28,'たまねぎ屋台 vol.8',1653977174,1653504244,1653977174);
INSERT INTO competition VALUES('513531b54',28,'こんにちは荻窪企画大会',1653634564,1653543105,1653634564);
INSERT INTO competition VALUES('576b5ea71',28,'はやくもくしいシンポジウム #6',NULL,1653709847,1653722395);
INSERT INTO competition VALUES('5a678057c',28,'第1回 荻窪都市',1653907558,1653789972,1653907558);
INSERT INTO competition VALUES('629df8c0c',28,'ハリガネBuffersメランコリー杯',1654022798,1654010432,1654022798);
INSERT INTO competition VALUES('63039fb80',28,'第2回 おしゃれ武蔵小杉醸造',1654032521,1654021091,1654032521);
CREATE TABLE IF NOT EXISTS player (
  id VARCHAR(255) NOT NULL PRIMARY KEY,
  tenant_id BIGINT NOT NULL,
  display_name TEXT NOT NULL,
  is_disqualified BOOLEAN NOT NULL,
  created_at BIGINT NOT NULL,
  updated_at BIGINT NOT NULL
);
INSERT INTO player VALUES('d096e580',28,'Maybell Fahey',0,1651713155,1653685917);
INSERT INTO player VALUES('d0adefa4',28,'Ms. Naomie Paucek DVM',0,1651713306,1651802409);
INSERT INTO player VALUES('d32383a6',28,'Cecile Zboncak',0,1651717432,1653524544);
INSERT INTO player VALUES('e312f389',28,'Ms. Lessie Krajcik',0,1651744167,1652692642);
INSERT INTO player VALUES('ff528cb8',28,'Mr. Otis Haley',1,1651791560,1653185950);
INSERT INTO player VALUES('108d787b3',28,'Mr. Tad Nikolaus Sr.',0,1651807531,1653593461);
INSERT INTO player VALUES('10a7e59e4',28,'Domenica Jenkins',0,1651810302,1652222956);
INSERT INTO player VALUES('10abdad2e',28,'Ms. Dorothy Stiedemann',0,1651810717,1652724665);
INSERT INTO player VALUES('10bd97d3c',28,'Mr. Edgar Kohler II',0,1651812577,1653990657);
INSERT INTO player VALUES('11180a1d4',28,'Adelle O"Connell DVM',0,1651822061,1652750983);
INSERT INTO player VALUES('1141110ef',28,'Jaylon Lockman I',0,1651826363,1652178331);
INSERT INTO player VALUES('13f1db9d8',28,'Arnoldo Schaden',0,1651898588,1652175880);
INSERT INTO player VALUES('14186078d',28,'Stella Pacocha PhD',0,1651902627,1653368262);
INSERT INTO player VALUES('145e0fd2e',28,'Aric Feil',0,1651909934,1652218821);
INSERT INTO player VALUES('1489a77cc',28,'Mr. Gabe Gerhold',1,1651914505,1652410056);
INSERT INTO player VALUES('14d233404',28,'Lacey Lind',0,1651922112,1652971953);
INSERT INTO player VALUES('15bf48a03',28,'Marlen Schiller',0,1651946972,1652693425);
INSERT INTO player VALUES('16c649bad',28,'Shayna Dibbert',0,1651974550,1652265236);
INSERT INTO player VALUES('1801028f5',28,'Ms. Mireille Schuppe PhD',0,1652007551,1653315364);
INSERT INTO player VALUES('183902804',28,'Roslyn Mertz',1,1652013423,1652206891);
INSERT INTO player VALUES('192781304',28,'Ms. Bethany Kozey',0,1652038431,1653221417);
INSERT INTO player VALUES('19ffec097',28,'Hermina Parker',0,1652061124,1653474621);
INSERT INTO player VALUES('1ac694f7f',28,'Anika Bogan',0,1652081955,1652744282);
INSERT INTO player VALUES('1b5e0dd02',28,'Liliane Predovic',0,1652097838,1652622011);
INSERT INTO player VALUES('1c2339e46',28,'Duane Casper',0,1652118513,1653027410);
INSERT INTO player VALUES('1c7cae454',28,'Oleta Brakus',1,1652127893,1653846779);
INSERT INTO player VALUES('1ebfe2a92',28,'Ms. Ebony Jakubowski',0,1652188627,1653148782);
INSERT INTO player VALUES('1f74261ba',28,'Lempi Armstrong',0,1652207529,1653921944);
INSERT INTO player VALUES('202242dd0',28,'Mr. Herman Beier',0,1652225786,1653162528);
INSERT INTO player VALUES('205ae8d18',28,'Ona Bayer',0,1652231726,1653453542);
INSERT INTO player VALUES('20d319df2',28,'Mr. Solon Ferry',0,1652244329,1653097956);
INSERT INTO player VALUES('20f18111e',28,'Mr. Sherwood Mante',0,1652247517,1653562530);
INSERT INTO player VALUES('215f8a001',28,'Harry Nolan',0,1652259055,1653288574);
INSERT INTO player VALUES('227dc3ec5',28,'Clemens Friesen',0,1652289068,1652958662);
INSERT INTO player VALUES('228791b19',28,'Nicklaus Runolfsson',0,1652290096,1652677240);
INSERT INTO player VALUES('22efb5db9',28,'Mr. Alford Barrows',0,1652301016,1653094707);
INSERT INTO player VALUES('23af80fa7',28,'Mr. Davon Weissnat',0,1652321127,1653898716);
INSERT INTO player VALUES('25e8c2f45',28,'Kenton Durgan',0,1652380818,1652915286);
INSERT INTO player VALUES('25fa25a38',28,'Araceli Feil Jr.',0,1652382641,1652457975);
INSERT INTO player VALUES('26dfece51',28,'Ana Gulgowski',0,1652406735,1652759734);
INSERT INTO player VALUES('28df3a724',28,'Velva Oberbrunner DVM',0,1652460349,1653266666);
INSERT INTO player VALUES('28e0de5ce',28,'Ms. Laisha Effertz',0,1652460521,1652524506);
INSERT INTO player VALUES('29a0d2fb6',28,'Ms. Genevieve Murazik Jr.',0,1652480649,1653541298);
INSERT INTO player VALUES('2a3fa14a1',28,'Edison Borer Sr.',0,1652497301,1652603777);
INSERT INTO player VALUES('2c94029d6',28,'Elinor Hoeger',1,1652559836,1653692868);
INSERT INTO player VALUES('2c9614691',28,'Jevon Wehner',0,1652560053,1652733452);
INSERT INTO player VALUES('2e4feac27',28,'Madilyn DuBuque',0,1652606383,1653421088);
INSERT INTO player VALUES('2e87c3a1c',28,'Abner Little V',0,1652612239,1653912740);
INSERT INTO player VALUES('2e8838d05',28,'Bethel Ullrich',0,1652612287,1653437584);
INSERT INTO player VALUES('2eb7afb40',28,'Gia Hermiston',0,1652617264,1652822321);
INSERT INTO player VALUES('2ebb237a6',28,'Edgardo Russel',0,1652617626,1653962912);
INSERT INTO player VALUES('2ef07f279',28,'Javonte VonRueden',0,1652623221,1653349194);
INSERT INTO player VALUES('2f131d758',28,'Mr. Furman Will',0,1652626851,1653412067);
INSERT INTO player VALUES('2f5dbd743',28,'Madonna Beer',0,1652634676,1653462215);
INSERT INTO player VALUES('3314fdfc3',28,'Virgie Parker',0,1652734422,1653030429);
INSERT INTO player VALUES('33a8ab261',28,'Ms. Elvie Howell',0,1652749907,1653492193);
INSERT INTO player VALUES('34b1d400e',28,'Elna Huels',0,1652777711,1653592961);
INSERT INTO player VALUES('3504040e9',28,'Isabella Bins',0,1652786329,1653933692);
INSERT INTO player VALUES('37c9918d3',28,'Brandy Kunze',1,1652860731,1653660501);
INSERT INTO player VALUES('3855349d4',28,'Ms. Kathleen Parker',0,1652875373,1653106862);
INSERT INTO player VALUES('38aaebfdb',28,'Vernon Considine',0,1652884361,1653967791);
INSERT INTO player VALUES('39b353f85',28,'Kailyn Gleason',0,1652912086,1653005792);
INSERT INTO player VALUES('39e1ea3fd',28,'Adalberto Murray',0,1652916971,1653741831);
INSERT INTO player VALUES('3a4ac0a0f',28,'Hershel Dietrich',0,1652927964,1653219126);
INSERT INTO player VALUES('3a6f388f6',28,'Mr. Bradford Rosenbaum',0,1652931788,1653969151);
INSERT INTO player VALUES('3ae1c44c4',28,'Murl Koss',0,1652943799,1653487014);
INSERT INTO player VALUES('3ed1331ca',28,'Liliane Denesik DVM',0,1653049436,1653857375);
INSERT INTO player VALUES('3ed8a84e3',28,'Lori Fay',1,1653050218,1653687968);
INSERT INTO player VALUES('3ff71cd30',28,'Kelli Lockman',0,1653080255,1653294261);
INSERT INTO player VALUES('402b3b1d9',28,'Ms. Keara Hoeger',0,1653085720,1653606419);
INSERT INTO player VALUES('40e088ae8',28,'Annabell Bergnaum',0,1653104731,1653854902);
INSERT INTO player VALUES('420efb6d3',28,'Shayna Johns DDS',0,1653136445,1653190315);
INSERT INTO player VALUES('4280a8fd8',28,'Mr. Joseph Pouros PhD',1,1653148365,1653283140);
INSERT INTO player VALUES('42b8e5f62',28,'Mr. Ellis Hamill',0,1653154262,1653993424);
INSERT INTO player VALUES('431f1cf6a',28,'Eugene Roberts',0,1653164980,1653561634);
INSERT INTO player VALUES('447a4c5e9',28,'Mr. Chelsey Howell',1,1653201385,1653441372);
INSERT INTO player VALUES('450b2953c',28,'Ms. Kristy Larson',1,1653216575,1653654840);
INSERT INTO player VALUES('459afc289',28,'Ms. Bianka Bauch Jr.',0,1653231656,1653568512);
INSERT INTO player VALUES('46bd329cb',28,'Ms. Kacie Torp II',0,1653262087,1653623511);
INSERT INTO player VALUES('47f2302ba',28,'Mr. Arno Gusikowski',0,1653294487,1653627091);
INSERT INTO player VALUES('47f9ced82',28,'Ms. Rachelle Effertz',0,1653295286,1653393818);
INSERT INTO player VALUES('494733f6d',28,'Cyril Lynch',0,1653330245,1653834416);
INSERT INTO player VALUES('49da5fbf3',28,'Etha Huel',0,1653345677,1653416866);
INSERT INTO player VALUES('4c42fdc31',28,'Lela Ryan MD',0,1653410334,1653431176);
INSERT INTO player VALUES('4cf057300',28,'Mr. Oswaldo Casper',1,1653428511,1653779692);
INSERT INTO player VALUES('4d3aefde0',28,'Rusty Powlowski',0,1653436333,1653927771);
INSERT INTO player VALUES('4dbd09873',28,'Russell Gleichner II',0,1653449975,1653706172);
INSERT INTO player VALUES('4e738d2d2',28,'Mr. Newton Conn Jr.',0,1653469113,1653658802);
INSERT INTO player VALUES('5038982f9',28,'Christiana Fisher',0,1653516618,1653758066);
INSERT INTO player VALUES('505a55dd7',28,'Mr. Myles Schultz IV',0,1653520156,1653555744);
INSERT INTO player VALUES('515d6e013',28,'Lucas Bernhard',0,1653547324,1653759707);
INSERT INTO player VALUES('52216dc4b',28,'Janelle Bode',0,1653567876,1653935594);
INSERT INTO player VALUES('527fa6dd0',28,'Shanel Howe',0,1653577756,1653765554);
INSERT INTO player VALUES('529a2516a',28,'Eloy Lehner',1,1653580534,1653702397);
INSERT INTO player VALUES('52b234c26',28,'Mr. Tad Thiel',0,1653583057,1653922081);
INSERT INTO player VALUES('52e978b6e',28,'Mr. Alexander Bednar III',0,1653588852,1653889787);
INSERT INTO player VALUES('53770b62c',28,'Carley Ebert II',0,1653603697,1653876309);
INSERT INTO player VALUES('53a10b5ab',28,'Ms. Elenor Davis V',0,1653608101,1654006557);
INSERT INTO player VALUES('542b318d4',28,'Lacy Schmeler',0,1653622587,1653701712);
INSERT INTO player VALUES('54abfa502',28,'Porter Walter',0,1653636091,1653947025);
INSERT INTO player VALUES('55a24d637',28,'Yoshiko Von MD',0,1653661920,1653755240);
INSERT INTO player VALUES('565e123af',28,'Alyson Hansen Sr.',0,1653681609,1653879716);
INSERT INTO player VALUES('57e906a2d',28,'Greg Barrows DDS',0,1653723023,1653949879);
INSERT INTO player VALUES('59c1701f8',28,'Emilie Moore',1,1653772559,1653832537);
INSERT INTO player VALUES('5a0f42035',28,'Dolores Gerlach III',0,1653780719,1653974867);
INSERT INTO player VALUES('5a75f3115',28,'Ima Schmitt',0,1653791487,1654002751);
INSERT INTO player VALUES('5be5f19cf',28,'Minerva O"Reilly',0,1653830074,1654031894);
INSERT INTO player VALUES('5c48cd3b9',28,'Hannah Williamson',0,1653840440,1653957834);
INSERT INTO player VALUES('5c89897d0',28,'Karley Zulauf III',0,1653847228,1653907551);
INSERT INTO player VALUES('5d46fe765',28,'Kaya Murphy',0,1653867094,1653954839);
INSERT INTO player VALUES('5e7c6504c',28,'Art Weber',0,1653899537,1653915493);
INSERT INTO player VALUES('5ea703a84',28,'Joy Bartoletti',0,1653904006,1653904893);
INSERT INTO player VALUES('5ed896181',28,'Mr. Elvis Walter I',0,1653909204,1653924595);
INSERT INTO player VALUES('5faac91e9',28,'Ms. Penelope Klein MD',0,1653931245,1653978712);
INSERT INTO player VALUES('6061e900c',28,'Ms. Ellie Von PhD',0,1653950447,1654033280);
INSERT INTO player VALUES('63089c91d',28,'Mr. Emerson Heidenreich',0,1654021614,1654024615);
INSERT INTO player VALUES('633b93727',28,'Kayden Kassulke',0,1654026958,1654035909);
INSERT INTO player VALUES('636e8a523',28,'Jacques Watsica',0,1654032302,1654036720);
CREATE TABLE IF NOT EXISTS IF NOT EXISTS player_score (
                              id VARCHAR(255) NOT NULL PRIMARY KEY,
                              tenant_id BIGINT NOT NULL,
                              player_id VARCHAR(255) NOT NULL,
                              competition_id VARCHAR(255) NOT NULL,
                              score BIGINT NOT NULL,
                              row_num BIGINT NOT NULL,
                              created_at BIGINT NOT NULL,
                              updated_at BIGINT NOT NULL
);
INSERT INTO player_score VALUES('6374a4d46',28,'108d787b3','103836525',56544,2243,1654032942,1654032942);
INSERT INTO player_score VALUES('51150468c',28,'108d787b3','21a44536e',18450,1758,1653539731,1653539731);
INSERT INTO player_score VALUES('27679371b',28,'108d787b3','241b4ea29',108,732,1652420959,1652420959);
INSERT INTO player_score VALUES('5c4bae8bf',28,'108d787b3','265d8c6bf',109411,1942,1653840742,1653840742);
INSERT INTO player_score VALUES('63c26f612',28,'108d787b3','39d82b1fc',83600,2476,1654041099,1654041099);
INSERT INTO player_score VALUES('57b288704',28,'108d787b3','41b38177c',23895,1772,1653717309,1653717309);
INSERT INTO player_score VALUES('5f2844093',28,'108d787b3','4fc296399',204,1790,1653917559,1653917559);
INSERT INTO player_score VALUES('54920c1cf',28,'108d787b3','513531b54',47300,1935,1653633372,1653633372);
INSERT INTO player_score VALUES('6351fa4ec',28,'108d787b3','576b5ea71',23250,2041,1654029307,1654029307);
INSERT INTO player_score VALUES('5ebca4c74',28,'108d787b3','5a678057c',191142,2092,1653906274,1653906274);
INSERT INTO player_score VALUES('630621ce0',28,'108d787b3','629df8c0c',447488,1794,1654021354,1654021354);
INSERT INTO player_score VALUES('636fe01b3',28,'108d787b3','63039fb80',83328,2238,1654032442,1654032442);
INSERT INTO player_score VALUES('5b5c011f0',28,'10a7e59e4','103836525',31248,2012,1653815610,1653815610);
INSERT INTO player_score VALUES('536cf9456',28,'10a7e59e4','21a44536e',2100,1838,1653602641,1653602641);
INSERT INTO player_score VALUES('27872bd2c',28,'10a7e59e4','241b4ea29',35960,762,1652424272,1652424272);
INSERT INTO player_score VALUES('6309f4ccb',28,'10a7e59e4','265d8c6bf',105924,2182,1654021755,1654021755);
INSERT INTO player_score VALUES('620d2a764',28,'10a7e59e4','39d82b1fc',203175,2367,1653995248,1653995248);
INSERT INTO player_score VALUES('56cb7046e',28,'10a7e59e4','41b38177c',390,1691,1653693077,1653693077);
INSERT INTO player_score VALUES('622a96332',28,'10a7e59e4','47a59bac7',36288,2021,1653998333,1653998333);
INSERT INTO player_score VALUES('6111a73ec',28,'10a7e59e4','4fc296399',672,2026,1653968875,1653968875);
INSERT INTO player_score VALUES('544d6e367',28,'10a7e59e4','513531b54',244992,1786,1653626177,1653626177);
INSERT INTO player_score VALUES('5eba7a953',28,'10a7e59e4','5a678057c',3108,2086,1653906047,1653906047);
INSERT INTO player_score VALUES('636b44e9e',28,'10a7e59e4','63039fb80',196416,2157,1654031959,1654031959);
INSERT INTO player_score VALUES('636f48c15',28,'10abdad2e','103836525',79376,2242,1654032380,1654032380);
INSERT INTO player_score VALUES('50494b15c',28,'10abdad2e','21a44536e',190095,1723,1653518369,1653518369);
INSERT INTO player_score VALUES('2783c91e4',28,'10abdad2e','241b4ea29',447252,760,1652423917,1652423917);
INSERT INTO player_score VALUES('5c9e737ee',28,'10abdad2e','265d8c6bf',32637,1950,1653849421,1653849421);
INSERT INTO player_score VALUES('602ba0859',28,'10abdad2e','39d82b1fc',193200,2269,1653944755,1653944755);
INSERT INTO player_score VALUES('5aec73fcb',28,'10abdad2e','41b38177c',263424,2011,1653803913,1653803913);
INSERT INTO player_score VALUES('619508110',28,'10abdad2e','47a59bac7',12600,1966,1653982651,1653982651);
INSERT INTO player_score VALUES('6076b5b5e',28,'10abdad2e','4fc296399',132750,1947,1653952628,1653952628);
INSERT INTO player_score VALUES('549d65670',28,'10abdad2e','513531b54',232650,1971,1653634562,1653634562);
INSERT INTO player_score VALUES('636d0893c',28,'10abdad2e','576b5ea71',177940,2060,1654032144,1654032144);
INSERT INTO player_score VALUES('5e0c1be69',28,'10abdad2e','5a678057c',17280,1780,1653887763,1653887763);
INSERT INTO player_score VALUES('630c43a35',28,'10abdad2e','629df8c0c',237650,1890,1654021997,1654021997);
INSERT INTO player_score VALUES('636fdb3c0',28,'10abdad2e','63039fb80',6110,2236,1654032440,1654032440);
INSERT INTO player_score VALUES('63756f763',28,'10bd97d3c','103836525',261016,2244,1654033025,1654033025);
INSERT INTO player_score VALUES('46c55792e',28,'10bd97d3c','21a44536e',54961,1374,1653262941,1653262941);
INSERT INTO player_score VALUES('2774030b0',28,'10bd97d3c','241b4ea29',274512,740,1652422263,1652422263);
INSERT INTO player_score VALUES('62d864d36',28,'10bd97d3c','265d8c6bf',24600,2172,1654016558,1654016558);
INSERT INTO player_score VALUES('5ab015df5',28,'10bd97d3c','41b38177c',167200,1996,1653797583,1653797583);
INSERT INTO player_score VALUES('637b93ba1',28,'10bd97d3c','47a59bac7',6776,2117,1654033669,1654033669);
INSERT INTO player_score VALUES('61271ed98',28,'10bd97d3c','4fc296399',220400,2037,1653971126,1653971126);
INSERT INTO player_score VALUES('545f4fd41',28,'10bd97d3c','513531b54',66402,1828,1653628052,1653628052);
INSERT INTO player_score VALUES('63b532b3f',28,'10bd97d3c','576b5ea71',334640,2105,1654039711,1654039711);
INSERT INTO player_score VALUES('5ec3283ee',28,'10bd97d3c','5a678057c',441796,2101,1653906957,1653906957);
INSERT INTO player_score VALUES('63071d467',28,'10bd97d3c','629df8c0c',86320,1813,1654021457,1654021457);
INSERT INTO player_score VALUES('6366459ba',28,'10bd97d3c','63039fb80',12300,2063,1654031435,1654031435);
INSERT INTO player_score VALUES('5c526f0f1',28,'11180a1d4','103836525',180525,2044,1653841450,1653841450);
INSERT INTO player_score VALUES('5bed0a051',28,'11180a1d4','265d8c6bf',109392,1927,1653830818,1653830818);
INSERT INTO player_score VALUES('63742fa40',28,'11180a1d4','39d82b1fc',8712,2456,1654032894,1654032894);
INSERT INTO player_score VALUES('5af8a1aa2',28,'11180a1d4','41b38177c',0,2022,1653805190,1653805190);
INSERT INTO player_score VALUES('62f62d547',28,'11180a1d4','47a59bac7',40880,2075,1654019681,1654019681);
INSERT INTO player_score VALUES('546c8a100',28,'11180a1d4','513531b54',158304,1863,1653629439,1653629439);
INSERT INTO player_score VALUES('63285991b',28,'11180a1d4','576b5ea71',330624,2003,1654024942,1654024942);
INSERT INTO player_score VALUES('5e1a23325',28,'11180a1d4','5a678057c',141900,1806,1653889234,1653889234);
INSERT INTO player_score VALUES('63117ff24',28,'11180a1d4','629df8c0c',392673,1994,1654022546,1654022546);
INSERT INTO player_score VALUES('636e9b6ae',28,'11180a1d4','63039fb80',51840,2218,1654032309,1654032309);
INSERT INTO player_score VALUES('5870d6b56',28,'1141110ef','103836525',73800,1930,1653737264,1653737264);
INSERT INTO player_score VALUES('50ffd878d',28,'1141110ef','21a44536e',47775,1753,1653537511,1653537511);
INSERT INTO player_score VALUES('275e2c35d',28,'1141110ef','241b4ea29',25056,723,1652419973,1652419973);
INSERT INTO player_score VALUES('616c36d3a',28,'1141110ef','265d8c6bf',256500,2103,1653978371,1653978371);
INSERT INTO player_score VALUES('619d4cc04',28,'1141110ef','39d82b1fc',82000,2329,1653983518,1653983518);
INSERT INTO player_score VALUES('59b9bb78a',28,'1141110ef','41b38177c',366324,1909,1653771751,1653771751);
INSERT INTO player_score VALUES('63ae9bb1b',28,'1141110ef','47a59bac7',190476,2134,1654039020,1654039020);
INSERT INTO player_score VALUES('60d24336a',28,'1141110ef','4fc296399',15066,1989,1653962228,1653962228);
INSERT INTO player_score VALUES('542b7acec',28,'1141110ef','513531b54',34780,1702,1653622617,1653622617);
INSERT INTO player_score VALUES('635882ade',28,'1141110ef','576b5ea71',4284,2045,1654029992,1654029992);
INSERT INTO player_score VALUES('5e5f03085',28,'1141110ef','5a678057c',15714,1936,1653896456,1653896456);
INSERT INTO player_score VALUES('630c1efe8',28,'1141110ef','629df8c0c',344080,1888,1654021982,1654021982);
INSERT INTO player_score VALUES('636f3c8bc',28,'1141110ef','63039fb80',0,2229,1654032375,1654032375);
INSERT INTO player_score VALUES('4ea82cd92',28,'13f1db9d8','103836525',25792,1662,1653474631,1653474631);
INSERT INTO player_score VALUES('5363a5930',28,'13f1db9d8','21a44536e',13650,1837,1653601663,1653601663);
INSERT INTO player_score VALUES('278f55ac7',28,'13f1db9d8','241b4ea29',89600,765,1652425128,1652425128);
INSERT INTO player_score VALUES('635410f84',28,'13f1db9d8','39d82b1fc',23240,2445,1654029526,1654029526);
INSERT INTO player_score VALUES('598c58d53',28,'13f1db9d8','41b38177c',18620,1892,1653766992,1653766992);
INSERT INTO player_score VALUES('63acac140',28,'13f1db9d8','47a59bac7',21528,2133,1654038817,1654038817);
INSERT INTO player_score VALUES('610387860',28,'13f1db9d8','4fc296399',33768,2018,1653967394,1653967394);
INSERT INTO player_score VALUES('53f03f3a4',28,'13f1db9d8','513531b54',252960,1557,1653616406,1653616406);
INSERT INTO player_score VALUES('630c4af1a',28,'13f1db9d8','576b5ea71',96064,1986,1654022000,1654022000);
INSERT INTO player_score VALUES('5eb8f665c',28,'13f1db9d8','5a678057c',49920,2083,1653905888,1653905888);
INSERT INTO player_score VALUES('63050decf',28,'13f1db9d8','629df8c0c',195426,1770,1654021241,1654021241);
INSERT INTO player_score VALUES('6360f5bf5',28,'13f1db9d8','63039fb80',89133,1951,1654030878,1654030878);
INSERT INTO player_score VALUES('634b0684f',28,'14186078d','103836525',58968,2236,1654028578,1654028578);
INSERT INTO player_score VALUES('533ce6217',28,'14186078d','21a44536e',398208,1834,1653597600,1653597600);
INSERT INTO player_score VALUES('637238b42',28,'14186078d','265d8c6bf',0,2196,1654032688,1654032688);
INSERT INTO player_score VALUES('601d1cb17',28,'14186078d','39d82b1fc',206910,2268,1653943233,1653943233);
INSERT INTO player_score VALUES('5a105d36e',28,'14186078d','41b38177c',14080,1943,1653780835,1653780835);
INSERT INTO player_score VALUES('63a3add7d',28,'14186078d','47a59bac7',37500,2131,1654037874,1654037874);
INSERT INTO player_score VALUES('60ea86267',28,'14186078d','4fc296399',92070,1998,1653964772,1653964772);
INSERT INTO player_score VALUES('543e927d9',28,'14186078d','513531b54',11480,1751,1653624619,1653624619);
INSERT INTO player_score VALUES('637caa078',28,'14186078d','576b5ea71',190275,2068,1654033783,1654033783);
INSERT INTO player_score VALUES('5e82671ce',28,'14186078d','5a678057c',65637,1999,1653900167,1653900167);
INSERT INTO player_score VALUES('63669b0f1',28,'14186078d','63039fb80',46230,2070,1654031470,1654031470);
INSERT INTO player_score VALUES('5e6ca1614',28,'145e0fd2e','103836525',79920,2100,1653897884,1653897884);
INSERT INTO player_score VALUES('52d48281e',28,'145e0fd2e','21a44536e',14674,1819,1653586654,1653586654);
INSERT INTO player_score VALUES('277a72fe8',28,'145e0fd2e','241b4ea29',45540,745,1652422938,1652422938);
INSERT INTO player_score VALUES('614a60bca',28,'145e0fd2e','265d8c6bf',217892,2093,1653974823,1653974823);
INSERT INTO player_score VALUES('621054ff0',28,'145e0fd2e','39d82b1fc',357200,2369,1653995580,1653995580);
INSERT INTO player_score VALUES('5af7fba57',28,'145e0fd2e','41b38177c',9918,2021,1653805122,1653805122);
INSERT INTO player_score VALUES('60c9e1394',28,'145e0fd2e','4fc296399',1440,1986,1653961349,1653961349);
INSERT INTO player_score VALUES('549d237af',28,'145e0fd2e','513531b54',16380,1970,1653634535,1653634535);
INSERT INTO player_score VALUES('5eab92a71',28,'145e0fd2e','5a678057c',2700,2060,1653904484,1653904484);
INSERT INTO player_score VALUES('630111693',28,'145e0fd2e','629df8c0c',0,1693,1654020823,1654020823);
INSERT INTO player_score VALUES('636721557',28,'145e0fd2e','63039fb80',32832,2081,1654031525,1654031525);
INSERT INTO player_score VALUES('6314047a6',28,'1489a77cc','103836525',5880,2226,1654022810,1654022810);
INSERT INTO player_score VALUES('52f0c4671',28,'1489a77cc','21a44536e',6142,1822,1653589617,1653589617);
INSERT INTO player_score VALUES('5fc3b966d',28,'1489a77cc','265d8c6bf',46494,2043,1653933860,1653933860);
INSERT INTO player_score VALUES('5f19302e3',28,'1489a77cc','39d82b1fc',18600,2194,1653915978,1653915978);
INSERT INTO player_score VALUES('5add84c03',28,'1489a77cc','41b38177c',8436,2008,1653802347,1653802347);
INSERT INTO player_score VALUES('63691f96d',28,'1489a77cc','47a59bac7',199640,2113,1654031734,1654031734);
INSERT INTO player_score VALUES('5e825ae3c',28,'1489a77cc','4fc296399',108120,1721,1653900162,1653900162);
INSERT INTO player_score VALUES('547b3282e',28,'1489a77cc','513531b54',198810,1890,1653630976,1653630976);
INSERT INTO player_score VALUES('6375dadf2',28,'1489a77cc','576b5ea71',37240,2064,1654033069,1654033069);
INSERT INTO player_score VALUES('5e25e7e7a',28,'1489a77cc','5a678057c',38916,1821,1653890468,1653890468);
INSERT INTO player_score VALUES('63123e61f',28,'1489a77cc','629df8c0c',95700,2004,1654022624,1654022624);
INSERT INTO player_score VALUES('63524d51c',28,'1489a77cc','63039fb80',936,1658,1654029341,1654029341);
INSERT INTO player_score VALUES('617c266f0',28,'14d233404','103836525',51408,2184,1653980042,1653980042);
INSERT INTO player_score VALUES('50ba5c617',28,'14d233404','21a44536e',33480,1740,1653530225,1653530225);
INSERT INTO player_score VALUES('61d754b5a',28,'14d233404','265d8c6bf',7350,2124,1653989603,1653989603);
INSERT INTO player_score VALUES('63730f88e',28,'14d233404','39d82b1fc',104,2455,1654032776,1654032776);
INSERT INTO player_score VALUES('5aba677a6',28,'14d233404','41b38177c',91200,1998,1653798665,1653798665);
INSERT INTO player_score VALUES('610fa4192',28,'14d233404','4fc296399',20300,2024,1653968664,1653968664);
INSERT INTO player_score VALUES('549c7b06e',28,'14d233404','513531b54',491725,1967,1653634466,1653634466);
INSERT INTO player_score VALUES('639b2257b',28,'14d233404','576b5ea71',33480,2087,1654036978,1654036978);
INSERT INTO player_score VALUES('5eb57db91',28,'14d233404','5a678057c',34272,2076,1653905524,1653905524);
INSERT INTO player_score VALUES('630f31204',28,'14d233404','629df8c0c',27528,1952,1654022304,1654022304);
INSERT INTO player_score VALUES('6370506ac',28,'14d233404','63039fb80',397056,2246,1654032488,1654032488);
INSERT INTO player_score VALUES('6330fd7ca',28,'15bf48a03','103836525',126990,2232,1654025848,1654025848);
INSERT INTO player_score VALUES('5165b5208',28,'15bf48a03','21a44536e',72072,1771,1653548192,1653548192);
INSERT INTO player_score VALUES('63aacd928',28,'15bf48a03','265d8c6bf',48576,2206,1654038621,1654038621);
INSERT INTO player_score VALUES('63a048b5c',28,'15bf48a03','39d82b1fc',1062,2468,1654037518,1654037518);
INSERT INTO player_score VALUES('53517d217',28,'15bf48a03','41b38177c',209223,1402,1653599759,1653599759);
INSERT INTO player_score VALUES('63b5415ae',28,'15bf48a03','47a59bac7',0,2135,1654039717,1654039717);
INSERT INTO player_score VALUES('60ff099c7',28,'15bf48a03','4fc296399',46410,2013,1653966923,1653966923);
INSERT INTO player_score VALUES('5485338c5',28,'15bf48a03','513531b54',34710,1917,1653632025,1653632025);
INSERT INTO player_score VALUES('63108e446',28,'15bf48a03','576b5ea71',88920,1989,1654022447,1654022447);
INSERT INTO player_score VALUES('5e3f80a1a',28,'15bf48a03','5a678057c',378,1870,1653893152,1653893152);
INSERT INTO player_score VALUES('6312bfc91',28,'15bf48a03','629df8c0c',737200,2007,1654022677,1654022677);
INSERT INTO player_score VALUES('636e54990',28,'15bf48a03','63039fb80',39445,2212,1654032280,1654032280);
INSERT INTO player_score VALUES('4fd5252e4',28,'16c649bad','21a44536e',259896,1707,1653506190,1653506190);
INSERT INTO player_score VALUES('27864b39e',28,'16c649bad','241b4ea29',108914,761,1652424180,1652424180);
INSERT INTO player_score VALUES('6014b5d64',28,'16c649bad','265d8c6bf',126582,2055,1653942352,1653942352);
INSERT INTO player_score VALUES('61fe62482',28,'16c649bad','39d82b1fc',114855,2358,1653993698,1653993698);
INSERT INTO player_score VALUES('5af340b84',28,'16c649bad','41b38177c',308484,2018,1653804626,1653804626);
INSERT INTO player_score VALUES('621f6dbbe',28,'16c649bad','47a59bac7',12320,2018,1653997163,1653997163);
INSERT INTO player_score VALUES('60d51fa13',28,'16c649bad','4fc296399',86320,1990,1653962528,1653962528);
INSERT INTO player_score VALUES('634f22c3f',28,'16c649bad','576b5ea71',19765,2037,1654029009,1654029009);
INSERT INTO player_score VALUES('63125e1ec',28,'16c649bad','629df8c0c',4140,2005,1654022637,1654022637);
INSERT INTO player_score VALUES('636257c34',28,'16c649bad','63039fb80',70490,1975,1654031023,1654031023);
INSERT INTO player_score VALUES('6028ae1fe',28,'1801028f5','103836525',2450,2154,1653944446,1653944446);
INSERT INTO player_score VALUES('2748e2fec',28,'1801028f5','241b4ea29',920,710,1652417741,1652417741);
INSERT INTO player_score VALUES('6327e4617',28,'1801028f5','265d8c6bf',159393,2184,1654024894,1654024894);
INSERT INTO player_score VALUES('632f8f43b',28,'1801028f5','39d82b1fc',375936,2438,1654025698,1654025698);
INSERT INTO player_score VALUES('58729307e',28,'1801028f5','41b38177c',3498,1817,1653737446,1653737446);
INSERT INTO player_score VALUES('6317401e4',28,'1801028f5','47a59bac7',283465,2086,1654023149,1654023149);
INSERT INTO player_score VALUES('6141f76b1',28,'1801028f5','4fc296399',296856,2053,1653973941,1653973941);
INSERT INTO player_score VALUES('546e243c9',28,'1801028f5','513531b54',21120,1867,1653629607,1653629607);
INSERT INTO player_score VALUES('6394a3ba2',28,'1801028f5','576b5ea71',325080,2085,1654036297,1654036297);
INSERT INTO player_score VALUES('5ebb16d4a',28,'1801028f5','5a678057c',1904,2087,1653906111,1653906111);
INSERT INTO player_score VALUES('6310ba35e',28,'1801028f5','629df8c0c',12096,1979,1654022465,1654022465);
INSERT INTO player_score VALUES('636e71e47',28,'1801028f5','63039fb80',705672,2215,1654032292,1654032292);
INSERT INTO player_score VALUES('60f11367c',28,'183902804','103836525',223146,2173,1653965459,1653965459);
INSERT INTO player_score VALUES('5308614e0',28,'183902804','21a44536e',3816,1825,1653592093,1653592093);
INSERT INTO player_score VALUES('27730a062',28,'183902804','241b4ea29',12220,738,1652422161,1652422161);
INSERT INTO player_score VALUES('59cbb7f73',28,'183902804','265d8c6bf',271472,1850,1653773637,1653773637);
INSERT INTO player_score VALUES('636d82a4c',28,'183902804','39d82b1fc',52164,2452,1654032194,1654032194);
INSERT INTO player_score VALUES('5ad6bf56d',28,'183902804','41b38177c',99792,2005,1653801637,1653801637);
INSERT INTO player_score VALUES('6327ebb74',28,'183902804','47a59bac7',20592,2092,1654024897,1654024897);
INSERT INTO player_score VALUES('613c4101e',28,'183902804','4fc296399',2511,2046,1653973342,1653973342);
INSERT INTO player_score VALUES('631053ab6',28,'183902804','576b5ea71',148902,1988,1654022423,1654022423);
INSERT INTO player_score VALUES('5e3e45b14',28,'183902804','5a678057c',43956,1865,1653893023,1653893023);
INSERT INTO player_score VALUES('63135e782',28,'183902804','629df8c0c',517650,2015,1654022742,1654022742);
INSERT INTO player_score VALUES('636a66bcb',28,'183902804','63039fb80',63920,2140,1654031868,1654031868);
INSERT INTO player_score VALUES('62870ba05',28,'192781304','103836525',2028,2207,1654008028,1654008028);
INSERT INTO player_score VALUES('4e8534399',28,'192781304','21a44536e',220800,1672,1653470964,1653470964);
INSERT INTO player_score VALUES('62661fe45',28,'192781304','265d8c6bf',204166,2154,1654004576,1654004576);
INSERT INTO player_score VALUES('63b282390',28,'192781304','39d82b1fc',93600,2473,1654039429,1654039429);
INSERT INTO player_score VALUES('599a3431e',28,'192781304','41b38177c',91287,1896,1653768445,1653768445);
INSERT INTO player_score VALUES('6276d7abd',28,'192781304','47a59bac7',163548,2045,1654006329,1654006329);
INSERT INTO player_score VALUES('610dc3242',28,'192781304','4fc296399',367920,2022,1653968467,1653968467);
INSERT INTO player_score VALUES('5e0373198',28,'192781304','5a678057c',304,1764,1653886855,1653886855);
INSERT INTO player_score VALUES('631396a03',28,'192781304','629df8c0c',278460,2018,1654022765,1654022765);
INSERT INTO player_score VALUES('6369d9279',28,'192781304','63039fb80',415245,2124,1654031810,1654031810);
INSERT INTO player_score VALUES('62f40ce77',28,'19ffec097','103836525',218050,2220,1654019458,1654019458);
INSERT INTO player_score VALUES('52b42e24f',28,'19ffec097','21a44536e',17325,1816,1653583264,1653583264);
INSERT INTO player_score VALUES('2783c6ae3',28,'19ffec097','241b4ea29',22176,759,1652423916,1652423916);
INSERT INTO player_score VALUES('5f56a2296',28,'19ffec097','265d8c6bf',171236,2028,1653922421,1653922421);
INSERT INTO player_score VALUES('614254316',28,'19ffec097','39d82b1fc',22176,2312,1653973979,1653973979);
INSERT INTO player_score VALUES('5b326f067',28,'19ffec097','41b38177c',27720,2036,1653811251,1653811251);
INSERT INTO player_score VALUES('614f64e8c',28,'19ffec097','4fc296399',319882,2055,1653975349,1653975349);
INSERT INTO player_score VALUES('545abbf6c',28,'19ffec097','513531b54',6832,1822,1653627572,1653627572);
INSERT INTO player_score VALUES('622e7563b',28,'19ffec097','576b5ea71',26840,1839,1653998739,1653998739);
INSERT INTO player_score VALUES('5ebb2a5cf',28,'19ffec097','5a678057c',209916,2088,1653906119,1653906119);
INSERT INTO player_score VALUES('63635f6ba',28,'19ffec097','63039fb80',168480,2001,1654031131,1654031131);
INSERT INTO player_score VALUES('5254056fb',28,'1ac694f7f','21a44536e',708939,1805,1653573181,1653573181);
INSERT INTO player_score VALUES('278177dc5',28,'1ac694f7f','241b4ea29',127160,755,1652423674,1652423674);
INSERT INTO player_score VALUES('62ca58a26',28,'1ac694f7f','265d8c6bf',125580,2169,1654015085,1654015085);
INSERT INTO player_score VALUES('632b5a9b0',28,'1ac694f7f','39d82b1fc',676269,2436,1654025257,1654025257);
INSERT INTO player_score VALUES('5aac23258',28,'1ac694f7f','41b38177c',62160,1994,1653797169,1653797169);
INSERT INTO player_score VALUES('62485c449',28,'1ac694f7f','47a59bac7',66640,2027,1654001455,1654001455);
INSERT INTO player_score VALUES('614164ec1',28,'1ac694f7f','4fc296399',62920,2052,1653973881,1653973881);
INSERT INTO player_score VALUES('54855d0d3',28,'1ac694f7f','513531b54',62775,1918,1653632042,1653632042);
INSERT INTO player_score VALUES('61ea58de7',28,'1ac694f7f','576b5ea71',20140,1778,1653991597,1653991597);
INSERT INTO player_score VALUES('5de4facc8',28,'1ac694f7f','5a678057c',60928,1703,1653883660,1653883660);
INSERT INTO player_score VALUES('630f27622',28,'1ac694f7f','629df8c0c',113575,1949,1654022300,1654022300);
INSERT INTO player_score VALUES('636e1ee4a',28,'1ac694f7f','63039fb80',6498,2210,1654032258,1654032258);
INSERT INTO player_score VALUES('5cfee572a',28,'1b5e0dd02','103836525',11088,2060,1653859534,1653859534);
INSERT INTO player_score VALUES('53058c34f',28,'1b5e0dd02','21a44536e',73800,1824,1653591796,1653591796);
INSERT INTO player_score VALUES('277667d2d',28,'1b5e0dd02','241b4ea29',16530,743,1652422514,1652422514);
INSERT INTO player_score VALUES('62c6b18f8',28,'1b5e0dd02','265d8c6bf',38295,2167,1654014702,1654014702);
INSERT INTO player_score VALUES('633f0c1cb',28,'1b5e0dd02','39d82b1fc',332100,2441,1654027322,1654027322);
INSERT INTO player_score VALUES('5aafb1c6a',28,'1b5e0dd02','41b38177c',36400,1995,1653797542,1653797542);
INSERT INTO player_score VALUES('6147314a8',28,'1b5e0dd02','47a59bac7',18368,1941,1653974489,1653974489);
INSERT INTO player_score VALUES('6088d9474',28,'1b5e0dd02','4fc296399',1890,1955,1653954530,1653954530);
INSERT INTO player_score VALUES('53b104b3e',28,'1b5e0dd02','513531b54',60552,1429,1653609776,1653609776);
INSERT INTO player_score VALUES('6174791ac',28,'1b5e0dd02','576b5ea71',192456,1698,1653979237,1653979237);
INSERT INTO player_score VALUES('5ebddfb54',28,'1b5e0dd02','5a678057c',273258,2095,1653906403,1653906403);
INSERT INTO player_score VALUES('636f17e94',28,'1b5e0dd02','63039fb80',262440,2226,1654032360,1654032360);
INSERT INTO player_score VALUES('5ad078e88',28,'1c2339e46','103836525',96288,1994,1653800979,1653800979);
INSERT INTO player_score VALUES('4e6122ce8',28,'1c2339e46','21a44536e',56448,1664,1653467182,1653467182);
INSERT INTO player_score VALUES('274177952',28,'1c2339e46','241b4ea29',279310,702,1652416963,1652416963);
INSERT INTO player_score VALUES('63b3cbd12',28,'1c2339e46','265d8c6bf',252486,2207,1654039564,1654039564);
INSERT INTO player_score VALUES('61d687a3b',28,'1c2339e46','39d82b1fc',428640,2349,1653989519,1653989519);
INSERT INTO player_score VALUES('58aed8bb3',28,'1c2339e46','41b38177c',6174,1830,1653743766,1653743766);
INSERT INTO player_score VALUES('62e28cec3',28,'1c2339e46','47a59bac7',74200,2068,1654017623,1654017623);
INSERT INTO player_score VALUES('60e1e7208',28,'1c2339e46','4fc296399',45885,1994,1653963868,1653963868);
INSERT INTO player_score VALUES('547a4a955',28,'1c2339e46','513531b54',21976,1886,1653630881,1653630881);
INSERT INTO player_score VALUES('6384ffd38',28,'1c2339e46','576b5ea71',199874,2076,1654034657,1654034657);
INSERT INTO player_score VALUES('5eb21b055',28,'1c2339e46','5a678057c',22656,2072,1653905169,1653905169);
INSERT INTO player_score VALUES('630d948c4',28,'1c2339e46','629df8c0c',2016,1914,1654022135,1654022135);
INSERT INTO player_score VALUES('636b930b7',28,'1c2339e46','63039fb80',19980,2161,1654031991,1654031991);
INSERT INTO player_score VALUES('55170719b',28,'1c7cae454','103836525',2448,1831,1653647316,1653647316);
INSERT INTO player_score VALUES('27825d5cb',28,'1c7cae454','241b4ea29',36639,757,1652423768,1652423768);
INSERT INTO player_score VALUES('61e64b486',28,'1c7cae454','265d8c6bf',22800,2127,1653991172,1653991172);
INSERT INTO player_score VALUES('5ff19620a',28,'1c7cae454','39d82b1fc',34200,2253,1653938669,1653938669);
INSERT INTO player_score VALUES('592daf6cb',28,'1c7cae454','41b38177c',14850,1866,1653757066,1653757066);
INSERT INTO player_score VALUES('6327963f6',28,'1c7cae454','47a59bac7',165984,2090,1654024862,1654024862);
INSERT INTO player_score VALUES('60e7607e9',28,'1c7cae454','4fc296399',710400,1997,1653964442,1653964442);
INSERT INTO player_score VALUES('5479714cb',28,'1c7cae454','513531b54',0,1885,1653630792,1653630792);
INSERT INTO player_score VALUES('637f24ce1',28,'1c7cae454','576b5ea71',9555,2070,1654034043,1654034043);
INSERT INTO player_score VALUES('630d41887',28,'1c7cae454','629df8c0c',141232,1907,1654022101,1654022101);
INSERT INTO player_score VALUES('636f21b02',28,'1c7cae454','63039fb80',270270,2227,1654032364,1654032364);
INSERT INTO player_score VALUES('63390eeaf',28,'1ebfe2a92','103836525',33040,2233,1654026694,1654026694);
INSERT INTO player_score VALUES('520f2cea5',28,'1ebfe2a92','21a44536e',150920,1795,1653565962,1653565962);
INSERT INTO player_score VALUES('2737f7efb',28,'1ebfe2a92','241b4ea29',32480,690,1652415967,1652415967);
INSERT INTO player_score VALUES('636db5eb1',28,'1ebfe2a92','39d82b1fc',775030,2453,1654032215,1654032215);
INSERT INTO player_score VALUES('5a0bfc9cd',28,'1ebfe2a92','41b38177c',175218,1941,1653780376,1653780376);
INSERT INTO player_score VALUES('630618071',28,'1ebfe2a92','47a59bac7',273600,2082,1654021350,1654021350);
INSERT INTO player_score VALUES('5ef01f798',28,'1ebfe2a92','4fc296399',13248,1765,1653911672,1653911672);
INSERT INTO player_score VALUES('546436bb4',28,'1ebfe2a92','513531b54',6750,1842,1653628566,1653628566);
INSERT INTO player_score VALUES('636470dcf',28,'1ebfe2a92','576b5ea71',354816,2056,1654031243,1654031243);
INSERT INTO player_score VALUES('5eafdada5',28,'1ebfe2a92','5a678057c',144,2069,1653904933,1653904933);
INSERT INTO player_score VALUES('6313c0218',28,'1ebfe2a92','629df8c0c',162656,2020,1654022782,1654022782);
INSERT INTO player_score VALUES('636464a8c',28,'1ebfe2a92','63039fb80',103180,2021,1654031238,1654031238);
INSERT INTO player_score VALUES('635bde0dc',28,'1f74261ba','103836525',43362,2238,1654030344,1654030344);
INSERT INTO player_score VALUES('53a6194a3',28,'1f74261ba','21a44536e',23247,1848,1653608631,1653608631);
INSERT INTO player_score VALUES('2745a4e98',28,'1f74261ba','241b4ea29',6831,706,1652417401,1652417401);
INSERT INTO player_score VALUES('6371c383b',28,'1f74261ba','265d8c6bf',41820,2195,1654032640,1654032640);
INSERT INTO player_score VALUES('61cdeb0b3',28,'1f74261ba','39d82b1fc',121440,2346,1653988616,1653988616);
INSERT INTO player_score VALUES('575e94bf4',28,'1f74261ba','41b38177c',97580,1745,1653708506,1653708506);
INSERT INTO player_score VALUES('62f6434e7',28,'1f74261ba','47a59bac7',30485,2076,1654019690,1654019690);
INSERT INTO player_score VALUES('60ff38015',28,'1f74261ba','4fc296399',451586,2014,1653966942,1653966942);
INSERT INTO player_score VALUES('5477b4f43',28,'1f74261ba','513531b54',221676,1882,1653630610,1653630610);
INSERT INTO player_score VALUES('62d236ca8',28,'1f74261ba','576b5ea71',209061,1945,1654015910,1654015910);
INSERT INTO player_score VALUES('5e8eaac24',28,'1f74261ba','5a678057c',0,2013,1653901453,1653901453);
INSERT INTO player_score VALUES('6311d7dac',28,'1f74261ba','629df8c0c',0,1998,1654022582,1654022582);
INSERT INTO player_score VALUES('636e3c335',28,'1f74261ba','63039fb80',8784,2211,1654032270,1654032270);
INSERT INTO player_score VALUES('5bbad1903',28,'202242dd0','103836525',300,2025,1653825552,1653825552);
INSERT INTO player_score VALUES('4f79b0189',28,'202242dd0','21a44536e',0,1696,1653496600,1653496600);
INSERT INTO player_score VALUES('277f4173b',28,'202242dd0','241b4ea29',305976,751,1652423442,1652423442);
INSERT INTO player_score VALUES('5f7e8b6f4',28,'202242dd0','265d8c6bf',48312,2034,1653926606,1653926606);
INSERT INTO player_score VALUES('5f49fcd78',28,'202242dd0','39d82b1fc',102384,2213,1653921095,1653921095);
INSERT INTO player_score VALUES('5648cde49',28,'202242dd0','41b38177c',186480,1640,1653679379,1653679379);
INSERT INTO player_score VALUES('6397a255b',28,'202242dd0','47a59bac7',8096,2123,1654036611,1654036611);
INSERT INTO player_score VALUES('5f82d611b',28,'202242dd0','4fc296399',354148,1830,1653927056,1653927056);
INSERT INTO player_score VALUES('54064e301',28,'202242dd0','513531b54',145800,1604,1653618719,1653618719);
INSERT INTO player_score VALUES('6365f77f4',28,'202242dd0','576b5ea71',20584,2057,1654031403,1654031403);
INSERT INTO player_score VALUES('5ebfd6a6d',28,'202242dd0','5a678057c',43350,2097,1653906609,1653906609);
INSERT INTO player_score VALUES('6369fb511',28,'202242dd0','63039fb80',314230,2127,1654031824,1654031824);
INSERT INTO player_score VALUES('5764aa5db',28,'205ae8d18','103836525',237636,1896,1653709144,1653709144);
INSERT INTO player_score VALUES('508760a3a',28,'205ae8d18','21a44536e',169884,1732,1653524879,1653524879);
INSERT INTO player_score VALUES('639187d54',28,'205ae8d18','265d8c6bf',468468,2201,1654035971,1654035971);
INSERT INTO player_score VALUES('639b2e8dd',28,'205ae8d18','39d82b1fc',0,2466,1654036983,1654036983);
INSERT INTO player_score VALUES('5b1da735b',28,'205ae8d18','41b38177c',28809,2029,1653809072,1653809072);
INSERT INTO player_score VALUES('61a7a5adb',28,'205ae8d18','47a59bac7',21645,1978,1653984603,1653984603);
INSERT INTO player_score VALUES('5e0a47272',28,'205ae8d18','4fc296399',181584,1684,1653887571,1653887571);
INSERT INTO player_score VALUES('54562cf8b',28,'205ae8d18','513531b54',38080,1806,1653627094,1653627094);
INSERT INTO player_score VALUES('62b6fa23c',28,'205ae8d18','576b5ea71',0,1931,1654013054,1654013054);
INSERT INTO player_score VALUES('630f2c3e3',28,'205ae8d18','629df8c0c',86020,1951,1654022302,1654022302);
INSERT INTO player_score VALUES('6364b7adb',28,'205ae8d18','63039fb80',205425,2026,1654031272,1654031272);
INSERT INTO player_score VALUES('637c5e5c2',28,'20d319df2','103836525',234780,2246,1654033752,1654033752);
INSERT INTO player_score VALUES('51d49eaf2',28,'20d319df2','21a44536e',80500,1783,1653559822,1653559822);
INSERT INTO player_score VALUES('275d5f262',28,'20d319df2','241b4ea29',13260,721,1652419889,1652419889);
INSERT INTO player_score VALUES('62bbf96cd',28,'20d319df2','265d8c6bf',141895,2164,1654013578,1654013578);
INSERT INTO player_score VALUES('61cb22291',28,'20d319df2','39d82b1fc',15444,2345,1653988324,1653988324);
INSERT INTO player_score VALUES('5a4927ca7',28,'20d319df2','41b38177c',10620,1962,1653786790,1653786790);
INSERT INTO player_score VALUES('60f7cc94c',28,'20d319df2','4fc296399',639840,2006,1653966164,1653966164);
INSERT INTO player_score VALUES('5486b0662',28,'20d319df2','513531b54',25175,1919,1653632181,1653632181);
INSERT INTO player_score VALUES('63c46b2df',28,'20d319df2','576b5ea71',516375,2112,1654041307,1654041307);
INSERT INTO player_score VALUES('6381abc79',28,'20f18111e','103836525',45360,2247,1654034308,1654034308);
INSERT INTO player_score VALUES('53963d3c9',28,'20f18111e','21a44536e',25382,1843,1653606968,1653606968);
INSERT INTO player_score VALUES('27830ab09',28,'20f18111e','241b4ea29',29946,758,1652423839,1652423839);
INSERT INTO player_score VALUES('62d17ace3',28,'20f18111e','265d8c6bf',182520,2171,1654015833,1654015833);
INSERT INTO player_score VALUES('62de0a1f7',28,'20f18111e','39d82b1fc',36550,2418,1654017150,1654017150);
INSERT INTO player_score VALUES('596eed17d',28,'20f18111e','41b38177c',11745,1882,1653763907,1653763907);
INSERT INTO player_score VALUES('60aae5156',28,'20f18111e','47a59bac7',5797,1893,1653958100,1653958100);
INSERT INTO player_score VALUES('615f56f07',28,'20f18111e','4fc296399',213180,2065,1653977021,1653977021);
INSERT INTO player_score VALUES('54976d103',28,'20f18111e','513531b54',300300,1949,1653633936,1653633936);
INSERT INTO player_score VALUES('638461248',28,'20f18111e','576b5ea71',60300,2075,1654034592,1654034592);
INSERT INTO player_score VALUES('5ec3ac163',28,'20f18111e','5a678057c',257312,2102,1653907011,1653907011);
INSERT INTO player_score VALUES('6313af0c7',28,'20f18111e','629df8c0c',35046,2019,1654022775,1654022775);
INSERT INTO player_score VALUES('636b5fc80',28,'20f18111e','63039fb80',82173,2158,1654031970,1654031970);
INSERT INTO player_score VALUES('5d56f2f1c',28,'215f8a001','103836525',78100,2072,1653868767,1653868767);
INSERT INTO player_score VALUES('52de6b22f',28,'215f8a001','21a44536e',70965,1820,1653587693,1653587693);
INSERT INTO player_score VALUES('277b90a39',28,'215f8a001','241b4ea29',218592,748,1652423055,1652423055);
INSERT INTO player_score VALUES('621d71eb4',28,'215f8a001','265d8c6bf',48960,2139,1653996955,1653996955);
INSERT INTO player_score VALUES('6310c1875',28,'215f8a001','39d82b1fc',22737,2428,1654022468,1654022468);
INSERT INTO player_score VALUES('598685218',28,'215f8a001','41b38177c',34888,1889,1653766381,1653766381);
INSERT INTO player_score VALUES('5fca099aa',28,'215f8a001','47a59bac7',14440,1822,1653934522,1653934522);
INSERT INTO player_score VALUES('61218f7f9',28,'215f8a001','4fc296399',45000,2035,1653970543,1653970543);
INSERT INTO player_score VALUES('5468c346b',28,'215f8a001','513531b54',339915,1855,1653629043,1653629043);
INSERT INTO player_score VALUES('63a1d6a66',28,'215f8a001','576b5ea71',7200,2091,1654037681,1654037681);
INSERT INTO player_score VALUES('5de9da5ee',28,'215f8a001','5a678057c',284544,1717,1653884171,1653884171);
INSERT INTO player_score VALUES('6311fc760',28,'215f8a001','629df8c0c',39360,2001,1654022597,1654022597);
INSERT INTO player_score VALUES('6369c80c9',28,'215f8a001','63039fb80',5510,2121,1654031803,1654031803);
INSERT INTO player_score VALUES('63a2077c9',28,'227dc3ec5','103836525',44268,2253,1654037701,1654037701);
INSERT INTO player_score VALUES('51dfc7219',28,'227dc3ec5','21a44536e',95040,1788,1653560992,1653560992);
INSERT INTO player_score VALUES('2761d3485',28,'227dc3ec5','241b4ea29',1584,724,1652420356,1652420356);
INSERT INTO player_score VALUES('6176b1f02',28,'227dc3ec5','265d8c6bf',39368,2106,1653979470,1653979470);
INSERT INTO player_score VALUES('62980ca35',28,'227dc3ec5','39d82b1fc',10192,2393,1654009811,1654009811);
INSERT INTO player_score VALUES('59fe4d2d3',28,'227dc3ec5','41b38177c',37375,1935,1653778941,1653778941);
INSERT INTO player_score VALUES('61a67bd15',28,'227dc3ec5','47a59bac7',43092,1976,1653984481,1653984481);
INSERT INTO player_score VALUES('5fe51a50a',28,'227dc3ec5','4fc296399',207000,1872,1653937360,1653937360);
INSERT INTO player_score VALUES('5480232c0',28,'227dc3ec5','513531b54',12972,1903,1653631494,1653631494);
INSERT INTO player_score VALUES('61e06dd2e',28,'227dc3ec5','576b5ea71',0,1771,1653990557,1653990557);
INSERT INTO player_score VALUES('5e953a6d7',28,'227dc3ec5','5a678057c',87360,2027,1653902141,1653902141);
INSERT INTO player_score VALUES('532e70f7c',28,'228791b19','21a44536e',543900,1832,1653596084,1653596084);
INSERT INTO player_score VALUES('27757d724',28,'228791b19','241b4ea29',2550,742,1652422418,1652422418);
INSERT INTO player_score VALUES('5f184d218',28,'228791b19','265d8c6bf',68040,2022,1653915885,1653915885);
INSERT INTO player_score VALUES('62b774320',28,'228791b19','39d82b1fc',295596,2401,1654013104,1654013104);
INSERT INTO player_score VALUES('586cf29cb',28,'228791b19','41b38177c',139104,1816,1653736856,1653736856);
INSERT INTO player_score VALUES('6365e8da4',28,'228791b19','47a59bac7',52668,2112,1654031397,1654031397);
INSERT INTO player_score VALUES('608a4c5bb',28,'228791b19','4fc296399',7192,1957,1653954682,1653954682);
INSERT INTO player_score VALUES('5497af009',28,'228791b19','513531b54',263340,1951,1653633963,1653633963);
INSERT INTO player_score VALUES('6385af9c6',28,'228791b19','576b5ea71',25872,2077,1654034729,1654034729);
INSERT INTO player_score VALUES('5e49904f2',28,'228791b19','5a678057c',0,1887,1653894207,1653894207);
INSERT INTO player_score VALUES('63112810a',28,'228791b19','629df8c0c',61200,1990,1654022510,1654022510);
INSERT INTO player_score VALUES('636e9dd87',28,'228791b19','63039fb80',210,2219,1654032310,1654032310);
INSERT INTO player_score VALUES('61324e9fa',28,'22efb5db9','103836525',20584,2179,1653972299,1653972299);
INSERT INTO player_score VALUES('519e20809',28,'22efb5db9','21a44536e',436304,1777,1653554108,1653554108);
INSERT INTO player_score VALUES('27752803c',28,'22efb5db9','241b4ea29',127008,741,1652422383,1652422383);
INSERT INTO player_score VALUES('63a0ca176',28,'22efb5db9','265d8c6bf',762300,2204,1654037571,1654037571);
INSERT INTO player_score VALUES('6253a1fef',28,'22efb5db9','39d82b1fc',139392,2377,1654002637,1654002637);
INSERT INTO player_score VALUES('5af396265',28,'22efb5db9','41b38177c',477664,2019,1653804661,1653804661);
INSERT INTO player_score VALUES('63c385ae0',28,'22efb5db9','47a59bac7',138384,2138,1654041213,1654041213);
INSERT INTO player_score VALUES('6104040a7',28,'22efb5db9','4fc296399',7480,2020,1653967445,1653967445);
INSERT INTO player_score VALUES('548182b84',28,'22efb5db9','513531b54',812912,1910,1653631638,1653631638);
INSERT INTO player_score VALUES('63a27a36f',28,'22efb5db9','576b5ea71',29036,2093,1654037748,1654037748);
INSERT INTO player_score VALUES('5e873a775',28,'22efb5db9','5a678057c',231840,2003,1653900673,1653900673);
INSERT INTO player_score VALUES('630d8ac44',28,'22efb5db9','629df8c0c',13320,1913,1654022131,1654022131);
INSERT INTO player_score VALUES('636bab719',28,'22efb5db9','63039fb80',633600,2165,1654032001,1654032001);
INSERT INTO player_score VALUES('6363c113e',28,'23af80fa7','103836525',15228,2240,1654031171,1654031171);
INSERT INTO player_score VALUES('5195cd237',28,'23af80fa7','21a44536e',832,1776,1653553235,1653553235);
INSERT INTO player_score VALUES('2782364c6',28,'23af80fa7','241b4ea29',58080,756,1652423752,1652423752);
INSERT INTO player_score VALUES('634b5e664',28,'23af80fa7','39d82b1fc',4136,2444,1654028614,1654028614);
INSERT INTO player_score VALUES('5b348f74a',28,'23af80fa7','41b38177c',19920,2037,1653811474,1653811474);
INSERT INTO player_score VALUES('621eec585',28,'23af80fa7','47a59bac7',57024,2017,1653997110,1653997110);
INSERT INTO player_score VALUES('61134d9b2',28,'23af80fa7','4fc296399',577854,2028,1653969048,1653969048);
INSERT INTO player_score VALUES('54748f4a8',28,'23af80fa7','513531b54',52140,1877,1653630280,1653630280);
INSERT INTO player_score VALUES('63021432e',28,'23af80fa7','576b5ea71',45600,1980,1654020929,1654020929);
INSERT INTO player_score VALUES('5e3f0420f',28,'23af80fa7','5a678057c',40608,1868,1653893101,1653893101);
INSERT INTO player_score VALUES('6312bd579',28,'23af80fa7','629df8c0c',635448,2006,1654022676,1654022676);
INSERT INTO player_score VALUES('636850160',28,'23af80fa7','63039fb80',190800,2100,1654031649,1654031649);
INSERT INTO player_score VALUES('6243ab152',28,'25e8c2f45','103836525',50490,2204,1654000963,1654000963);
INSERT INTO player_score VALUES('4b3414b93',28,'25e8c2f45','21a44536e',31500,1542,1653381927,1653381927);
INSERT INTO player_score VALUES('270dc4bc2',28,'25e8c2f45','241b4ea29',535350,656,1652411542,1652411542);
INSERT INTO player_score VALUES('62630dc04',28,'25e8c2f45','265d8c6bf',28120,2152,1654004254,1654004254);
INSERT INTO player_score VALUES('62b84feb6',28,'25e8c2f45','39d82b1fc',128723,2403,1654013194,1654013194);
INSERT INTO player_score VALUES('5a8984d50',28,'25e8c2f45','41b38177c',27090,1981,1653793539,1653793539);
INSERT INTO player_score VALUES('63b869736',28,'25e8c2f45','47a59bac7',32640,2136,1654040048,1654040048);
INSERT INTO player_score VALUES('60f9a8a87',28,'25e8c2f45','4fc296399',708,2009,1653966359,1653966359);
INSERT INTO player_score VALUES('53bc25d21',28,'25e8c2f45','513531b54',323736,1450,1653610943,1653610943);
INSERT INTO player_score VALUES('5e9cdb92c',28,'25e8c2f45','5a678057c',73892,2033,1653902941,1653902941);
INSERT INTO player_score VALUES('6313e250c',28,'25e8c2f45','629df8c0c',48888,2022,1654022796,1654022796);
INSERT INTO player_score VALUES('635502aec',28,'25e8c2f45','63039fb80',51744,1719,1654029625,1654029625);
INSERT INTO player_score VALUES('55fba20b5',28,'25fa25a38','103836525',0,1857,1653671287,1653671287);
INSERT INTO player_score VALUES('52ee8b8c3',28,'25fa25a38','21a44536e',12210,1821,1653589384,1653589384);
INSERT INTO player_score VALUES('276bfdd35',28,'25fa25a38','241b4ea29',3036,735,1652421422,1652421422);
INSERT INTO player_score VALUES('63c413493',28,'25fa25a38','265d8c6bf',101250,2208,1654041271,1654041271);
INSERT INTO player_score VALUES('61f42df43',28,'25fa25a38','39d82b1fc',168480,2353,1653992628,1653992628);
INSERT INTO player_score VALUES('5af0fe186',28,'25fa25a38','41b38177c',86632,2015,1653804389,1653804389);
INSERT INTO player_score VALUES('5fc34df92',28,'25fa25a38','47a59bac7',20900,1821,1653933816,1653933816);
INSERT INTO player_score VALUES('6199774ef',28,'25fa25a38','576b5ea71',15180,1723,1653983116,1653983116);
INSERT INTO player_score VALUES('5ea9acd19',28,'25fa25a38','5a678057c',26320,2056,1653904285,1653904285);
INSERT INTO player_score VALUES('630d6625e',28,'25fa25a38','629df8c0c',4720,1911,1654022116,1654022116);
INSERT INTO player_score VALUES('636680397',28,'25fa25a38','63039fb80',63336,2067,1654031459,1654031459);
INSERT INTO player_score VALUES('6315dbaf9',28,'26dfece51','103836525',1500,2227,1654023003,1654023003);
INSERT INTO player_score VALUES('4cb90e5b7',28,'26dfece51','21a44536e',248235,1596,1653422714,1653422714);
INSERT INTO player_score VALUES('278aa47f8',28,'26dfece51','241b4ea29',32844,764,1652424636,1652424636);
INSERT INTO player_score VALUES('60b8c0753',28,'26dfece51','265d8c6bf',8178,2078,1653959553,1653959553);
INSERT INTO player_score VALUES('63a152d0c',28,'26dfece51','39d82b1fc',248952,2469,1654037627,1654037627);
INSERT INTO player_score VALUES('5aba9d341',28,'26dfece51','41b38177c',14400,1999,1653798687,1653798687);
INSERT INTO player_score VALUES('63089effc',28,'26dfece51','47a59bac7',756900,2084,1654021615,1654021615);
INSERT INTO player_score VALUES('6101e3987',28,'26dfece51','4fc296399',314820,2016,1653967222,1653967222);
INSERT INTO player_score VALUES('54960d802',28,'26dfece51','513531b54',68985,1943,1653633792,1653633792);
INSERT INTO player_score VALUES('63a230fb1',28,'26dfece51','576b5ea71',318725,2092,1654037718,1654037718);
INSERT INTO player_score VALUES('5eb3622b9',28,'26dfece51','5a678057c',255645,2073,1653905303,1653905303);
INSERT INTO player_score VALUES('636ff88a4',28,'26dfece51','63039fb80',233280,2240,1654032452,1654032452);
INSERT INTO player_score VALUES('5e0f10bab',28,'28df3a724','103836525',278775,2091,1653888073,1653888073);
INSERT INTO player_score VALUES('53b7d16e5',28,'28df3a724','21a44536e',7392,1849,1653610489,1653610489);
INSERT INTO player_score VALUES('626480da7',28,'28df3a724','265d8c6bf',12600,2153,1654004406,1654004406);
INSERT INTO player_score VALUES('61789ca72',28,'28df3a724','39d82b1fc',123760,2325,1653979671,1653979671);
INSERT INTO player_score VALUES('5a39e7f9a',28,'28df3a724','41b38177c',110741,1951,1653785191,1653785191);
INSERT INTO player_score VALUES('62ef87ad3',28,'28df3a724','47a59bac7',16758,2072,1654018984,1654018984);
INSERT INTO player_score VALUES('60f22c2c5',28,'28df3a724','4fc296399',134316,2001,1653965574,1653965574);
INSERT INTO player_score VALUES('547ec125d',28,'28df3a724','513531b54',511446,1898,1653631349,1653631349);
INSERT INTO player_score VALUES('5eb7d8bc7',28,'28df3a724','5a678057c',6888,2080,1653905771,1653905771);
INSERT INTO player_score VALUES('63115675a',28,'28df3a724','629df8c0c',6944,1992,1654022529,1654022529);
INSERT INTO player_score VALUES('636590f69',28,'28df3a724','63039fb80',59472,2048,1654031361,1654031361);
INSERT INTO player_score VALUES('637a3427a',28,'28e0de5ce','103836525',21840,2245,1654033525,1654033525);
INSERT INTO player_score VALUES('4e993649e',28,'28e0de5ce','21a44536e',50688,1675,1653473062,1653473062);
INSERT INTO player_score VALUES('619636cb8',28,'28e0de5ce','265d8c6bf',175864,2114,1653982775,1653982775);
INSERT INTO player_score VALUES('5f265bc1b',28,'28e0de5ce','39d82b1fc',481663,2202,1653917359,1653917359);
INSERT INTO player_score VALUES('5af0cad4b',28,'28e0de5ce','41b38177c',12600,2014,1653804368,1653804368);
INSERT INTO player_score VALUES('62067d74f',28,'28e0de5ce','47a59bac7',0,2009,1653994548,1653994548);
INSERT INTO player_score VALUES('5fb81e36c',28,'28e0de5ce','4fc296399',175398,1850,1653932643,1653932643);
INSERT INTO player_score VALUES('547683c7d',28,'28e0de5ce','513531b54',209880,1880,1653630485,1653630485);
INSERT INTO player_score VALUES('631c5f296',28,'28e0de5ce','576b5ea71',75411,1997,1654023686,1654023686);
INSERT INTO player_score VALUES('5ea82d816',28,'28e0de5ce','5a678057c',141414,2053,1653904128,1653904128);
INSERT INTO player_score VALUES('63102545d',28,'28e0de5ce','629df8c0c',123200,1969,1654022404,1654022404);
INSERT INTO player_score VALUES('636a189d5',28,'28e0de5ce','63039fb80',65520,2132,1654031836,1654031836);
INSERT INTO player_score VALUES('627ed0afe',28,'29a0d2fb6','103836525',76626,2205,1654007165,1654007165);
INSERT INTO player_score VALUES('52943689b',28,'29a0d2fb6','21a44536e',504640,1811,1653579912,1653579912);
INSERT INTO player_score VALUES('5e583b36c',28,'29a0d2fb6','265d8c6bf',205344,2000,1653895745,1653895745);
INSERT INTO player_score VALUES('63ab082c3',28,'29a0d2fb6','39d82b1fc',0,2471,1654038645,1654038645);
INSERT INTO player_score VALUES('5952534fc',28,'29a0d2fb6','41b38177c',31185,1873,1653760908,1653760908);
INSERT INTO player_score VALUES('61bad5cca',28,'29a0d2fb6','47a59bac7',57120,1984,1653986615,1653986615);
INSERT INTO player_score VALUES('613bf2e2b',28,'29a0d2fb6','4fc296399',48790,2045,1653973310,1653973310);
INSERT INTO player_score VALUES('54974fc63',28,'29a0d2fb6','513531b54',61250,1948,1653633924,1653633924);
INSERT INTO player_score VALUES('635c819d7',28,'29a0d2fb6','576b5ea71',24150,2049,1654030411,1654030411);
INSERT INTO player_score VALUES('5ebcac176',28,'29a0d2fb6','5a678057c',332010,2093,1653906277,1653906277);
INSERT INTO player_score VALUES('6313c7768',28,'29a0d2fb6','629df8c0c',369000,2021,1654022785,1654022785);
INSERT INTO player_score VALUES('636aea95f',28,'29a0d2fb6','63039fb80',186000,2150,1654031922,1654031922);
INSERT INTO player_score VALUES('5fa8533c7',28,'2a3fa14a1','103836525',62640,2137,1653930987,1653930987);
INSERT INTO player_score VALUES('50fb7a4f9',28,'2a3fa14a1','21a44536e',263088,1750,1653537053,1653537053);
INSERT INTO player_score VALUES('608857e1e',28,'2a3fa14a1','39d82b1fc',216920,2284,1653954477,1653954477);
INSERT INTO player_score VALUES('5a4072c67',28,'2a3fa14a1','41b38177c',12852,1956,1653785877,1653785877);
INSERT INTO player_score VALUES('638cf1841',28,'2a3fa14a1','47a59bac7',43524,2120,1654035490,1654035490);
INSERT INTO player_score VALUES('60fbe8d40',28,'2a3fa14a1','4fc296399',124410,2010,1653966595,1653966595);
INSERT INTO player_score VALUES('546aeb0b2',28,'2a3fa14a1','513531b54',7392,1856,1653629269,1653629269);
INSERT INTO player_score VALUES('6317cdbc3',28,'2a3fa14a1','576b5ea71',0,1992,1654023207,1654023207);
INSERT INTO player_score VALUES('5ebe46419',28,'2a3fa14a1','5a678057c',12600,2096,1653906445,1653906445);
INSERT INTO player_score VALUES('63132da67',28,'2a3fa14a1','629df8c0c',172752,2014,1654022722,1654022722);
INSERT INTO player_score VALUES('63674ad7f',28,'2a3fa14a1','63039fb80',44688,2086,1654031542,1654031542);
INSERT INTO player_score VALUES('62a9bd72f',28,'2c94029d6','103836525',224037,2210,1654011666,1654011666);
INSERT INTO player_score VALUES('4f5b63c27',28,'2c94029d6','21a44536e',276900,1691,1653493423,1653493423);
INSERT INTO player_score VALUES('623ea4758',28,'2c94029d6','265d8c6bf',240240,2145,1654000436,1654000436);
INSERT INTO player_score VALUES('5b396c923',28,'2c94029d6','39d82b1fc',116250,1966,1653811984,1653811984);
INSERT INTO player_score VALUES('5b1ffd574',28,'2c94029d6','41b38177c',604800,2031,1653809317,1653809317);
INSERT INTO player_score VALUES('634890a11',28,'2c94029d6','47a59bac7',53760,2108,1654028320,1654028320);
INSERT INTO player_score VALUES('6086831f7',28,'2c94029d6','4fc296399',66600,1954,1653954285,1653954285);
INSERT INTO player_score VALUES('549a1d8c4',28,'2c94029d6','513531b54',257796,1959,1653634218,1653634218);
INSERT INTO player_score VALUES('5e32e78d5',28,'2c94029d6','5a678057c',2494,1843,1653891831,1653891831);
INSERT INTO player_score VALUES('5748bdeb1',28,'2c9614691','103836525',288000,1892,1653706216,1653706216);
INSERT INTO player_score VALUES('510c4f635',28,'2c9614691','21a44536e',184992,1756,1653538818,1653538818);
INSERT INTO player_score VALUES('636fb6991',28,'2c9614691','265d8c6bf',172500,2194,1654032425,1654032425);
INSERT INTO player_score VALUES('635cdbf58',28,'2c9614691','39d82b1fc',0,2447,1654030448,1654030448);
INSERT INTO player_score VALUES('5ada8fe5f',28,'2c9614691','41b38177c',468720,2006,1653802037,1653802037);
INSERT INTO player_score VALUES('610fa1a75',28,'2c9614691','4fc296399',115368,2023,1653968663,1653968663);
INSERT INTO player_score VALUES('5497f83cd',28,'2c9614691','513531b54',5590,1954,1653633993,1653633993);
INSERT INTO player_score VALUES('5ea90baec',28,'2c9614691','5a678057c',0,2054,1653904219,1653904219);
INSERT INTO player_score VALUES('630c96a35',28,'2c9614691','629df8c0c',148800,1893,1654022031,1654022031);
INSERT INTO player_score VALUES('636b930b8',28,'2c9614691','63039fb80',130032,2162,1654031991,1654031991);
INSERT INTO player_score VALUES('62ce6ffe4',28,'2e4feac27','103836525',156456,2215,1654015514,1654015514);
INSERT INTO player_score VALUES('4fa03eb75',28,'2e4feac27','21a44536e',83214,1702,1653500643,1653500643);
INSERT INTO player_score VALUES('620d20b01',28,'2e4feac27','265d8c6bf',354960,2134,1653995244,1653995244);
INSERT INTO player_score VALUES('61a2e36e5',28,'2e4feac27','39d82b1fc',11760,2330,1653984104,1653984104);
INSERT INTO player_score VALUES('5a8f07f71',28,'2e4feac27','41b38177c',100254,1985,1653794117,1653794117);
INSERT INTO player_score VALUES('627678783',28,'2e4feac27','47a59bac7',484120,2044,1654006290,1654006290);
INSERT INTO player_score VALUES('613e8d629',28,'2e4feac27','4fc296399',250800,2049,1653973583,1653973583);
INSERT INTO player_score VALUES('5490d3a03',28,'2e4feac27','513531b54',340000,1934,1653633244,1653633244);
INSERT INTO player_score VALUES('632ad455f',28,'2e4feac27','576b5ea71',1792,2010,1654025202,1654025202);
INSERT INTO player_score VALUES('5eaf6816c',28,'2e4feac27','5a678057c',6480,2067,1653904886,1653904886);
INSERT INTO player_score VALUES('630d5ed4f',28,'2e4feac27','629df8c0c',107648,1909,1654022113,1654022113);
INSERT INTO player_score VALUES('636fca23b',28,'2e4feac27','63039fb80',367524,2235,1654032433,1654032433);
INSERT INTO player_score VALUES('620407955',28,'2e87c3a1c','103836525',4480,2201,1653994290,1653994290);
INSERT INTO player_score VALUES('51616a836',28,'2e87c3a1c','21a44536e',319872,1770,1653547742,1653547742);
INSERT INTO player_score VALUES('620ece610',28,'2e87c3a1c','39d82b1fc',74880,2368,1653995420,1653995420);
INSERT INTO player_score VALUES('5b04cf581',28,'2e87c3a1c','41b38177c',640,2025,1653806467,1653806467);
INSERT INTO player_score VALUES('6360793bb',28,'2e87c3a1c','47a59bac7',66572,2111,1654030827,1654030827);
INSERT INTO player_score VALUES('6099d7da7',28,'2e87c3a1c','4fc296399',1512,1966,1653956312,1653956312);
INSERT INTO player_score VALUES('546b280f0',28,'2e87c3a1c','513531b54',54684,1857,1653629294,1653629294);
INSERT INTO player_score VALUES('5e0ff3cbf',28,'2e87c3a1c','5a678057c',2030,1787,1653888166,1653888166);
INSERT INTO player_score VALUES('631184d8b',28,'2e87c3a1c','629df8c0c',25344,1995,1654022548,1654022548);
INSERT INTO player_score VALUES('636c51773',28,'2e87c3a1c','63039fb80',35532,2178,1654032069,1654032069);
INSERT INTO player_score VALUES('5dc37c967',28,'2e8838d05','103836525',159544,2084,1653880148,1653880148);
INSERT INTO player_score VALUES('52167b08a',28,'2e8838d05','21a44536e',58140,1798,1653566728,1653566728);
INSERT INTO player_score VALUES('6336f5cd5',28,'2e8838d05','265d8c6bf',34276,2187,1654026474,1654026474);
INSERT INTO player_score VALUES('60dfa2122',28,'2e8838d05','39d82b1fc',7656,2300,1653963630,1653963630);
INSERT INTO player_score VALUES('5ac3c4efa',28,'2e8838d05','41b38177c',235200,2001,1653799647,1653799647);
INSERT INTO player_score VALUES('62a41f76b',28,'2e8838d05','47a59bac7',21402,2056,1654011077,1654011077);
INSERT INTO player_score VALUES('6112919d9',28,'2e8838d05','4fc296399',173250,2027,1653968971,1653968971);
INSERT INTO player_score VALUES('54826d180',28,'2e8838d05','513531b54',38456,1913,1653631734,1653631734);
INSERT INTO player_score VALUES('63a886155',28,'2e8838d05','576b5ea71',273760,2096,1654038382,1654038382);
INSERT INTO player_score VALUES('5e22f583c',28,'2e8838d05','5a678057c',7360,1817,1653890159,1653890159);
INSERT INTO player_score VALUES('630149927',28,'2e8838d05','629df8c0c',279552,1699,1654020846,1654020846);
INSERT INTO player_score VALUES('636de1de7',28,'2e8838d05','63039fb80',66096,2202,1654032233,1654032233);
INSERT INTO player_score VALUES('636b1b681',28,'2eb7afb40','103836525',41958,2241,1654031942,1654031942);
INSERT INTO player_score VALUES('4e2f92d3f',28,'2eb7afb40','21a44536e',60320,1656,1653461985,1653461985);
INSERT INTO player_score VALUES('617b4f945',28,'2eb7afb40','265d8c6bf',436590,2109,1653979954,1653979954);
INSERT INTO player_score VALUES('6306eee41',28,'2eb7afb40','39d82b1fc',91000,2425,1654021438,1654021438);
INSERT INTO player_score VALUES('5a96c8d28',28,'2eb7afb40','41b38177c',373650,1988,1653794930,1653794930);
INSERT INTO player_score VALUES('61984b02d',28,'2eb7afb40','47a59bac7',4160,1968,1653982993,1653982993);
INSERT INTO player_score VALUES('6032489e0',28,'2eb7afb40','4fc296399',214326,1912,1653945453,1653945453);
INSERT INTO player_score VALUES('54398489c',28,'2eb7afb40','513531b54',653697,1734,1653624089,1653624089);
INSERT INTO player_score VALUES('63444391b',28,'2eb7afb40','576b5ea71',23760,2031,1654027869,1654027869);
INSERT INTO player_score VALUES('5ec247a17',28,'2eb7afb40','5a678057c',356960,2099,1653906865,1653906865);
INSERT INTO player_score VALUES('6311c934e',28,'2eb7afb40','629df8c0c',74635,1997,1654022576,1654022576);
INSERT INTO player_score VALUES('636b734f8',28,'2eb7afb40','63039fb80',367745,2160,1654031978,1654031978);
INSERT INTO player_score VALUES('5ff4924ba',28,'2ebb237a6','103836525',47775,2145,1653938982,1653938982);
INSERT INTO player_score VALUES('51475c96c',28,'2ebb237a6','21a44536e',18270,1763,1653545010,1653545010);
INSERT INTO player_score VALUES('61175da6e',28,'2ebb237a6','265d8c6bf',101010,2089,1653969474,1653969474);
INSERT INTO player_score VALUES('636ee9860',28,'2ebb237a6','39d82b1fc',56448,2454,1654032341,1654032341);
INSERT INTO player_score VALUES('5b24b848c',28,'2ebb237a6','41b38177c',30240,2033,1653809813,1653809813);
INSERT INTO player_score VALUES('6287c5296',28,'2ebb237a6','47a59bac7',78052,2049,1654008104,1654008104);
INSERT INTO player_score VALUES('6158cc21a',28,'2ebb237a6','4fc296399',18662,2063,1653976335,1653976335);
INSERT INTO player_score VALUES('543d7e9a3',28,'2ebb237a6','513531b54',0,1745,1653624506,1653624506);
INSERT INTO player_score VALUES('630b60933',28,'2ebb237a6','576b5ea71',18690,1985,1654021904,1654021904);
INSERT INTO player_score VALUES('630f5aa15',28,'2ebb237a6','629df8c0c',6480,1957,1654022321,1654022321);
INSERT INTO player_score VALUES('636b05707',28,'2ebb237a6','63039fb80',8455,2154,1654031933,1654031933);
INSERT INTO player_score VALUES('61785ac13',28,'2ef07f279','103836525',27945,2182,1653979644,1653979644);
INSERT INTO player_score VALUES('4da1999e6',28,'2ef07f279','21a44536e',49680,1635,1653447098,1653447098);
INSERT INTO player_score VALUES('636a66bc9',28,'2ef07f279','265d8c6bf',102900,2193,1654031868,1654031868);
INSERT INTO player_score VALUES('6363e5b4f',28,'2ef07f279','39d82b1fc',94905,2449,1654031186,1654031186);
INSERT INTO player_score VALUES('5a3db618f',28,'2ef07f279','41b38177c',73568,1953,1653785590,1653785590);
INSERT INTO player_score VALUES('610f40011',28,'2ef07f279','47a59bac7',0,1929,1653968623,1653968623);
INSERT INTO player_score VALUES('6066620a2',28,'2ef07f279','4fc296399',6732,1938,1653950916,1653950916);
INSERT INTO player_score VALUES('5431a6604',28,'2ef07f279','513531b54',94575,1720,1653623264,1653623264);
INSERT INTO player_score VALUES('635da9052',28,'2ef07f279','576b5ea71',132600,2050,1654030532,1654030532);
INSERT INTO player_score VALUES('5e949bc00',28,'2ef07f279','5a678057c',3034,2024,1653902076,1653902076);
INSERT INTO player_score VALUES('630d2dfde',28,'2ef07f279','629df8c0c',31920,1906,1654022093,1654022093);
INSERT INTO player_score VALUES('636497ed0',28,'2ef07f279','63039fb80',20584,2025,1654031259,1654031259);
INSERT INTO player_score VALUES('631fc92d1',28,'2f131d758','103836525',284262,2228,1654024044,1654024044);
INSERT INTO player_score VALUES('539b8d174',28,'2f131d758','21a44536e',65856,1845,1653607525,1653607525);
INSERT INTO player_score VALUES('62ecb9e36',28,'2f131d758','39d82b1fc',185000,2422,1654018690,1654018690);
INSERT INTO player_score VALUES('5a29af26d',28,'2f131d758','41b38177c',27552,1947,1653783490,1653783490);
INSERT INTO player_score VALUES('6342b59b5',28,'2f131d758','47a59bac7',53130,2106,1654027706,1654027706);
INSERT INTO player_score VALUES('5fc5ba1b1',28,'2f131d758','4fc296399',10220,1856,1653934070,1653934070);
INSERT INTO player_score VALUES('5e4a009e1',28,'2f131d758','5a678057c',1743,1889,1653894253,1653894253);
INSERT INTO player_score VALUES('630f8b79e',28,'2f131d758','629df8c0c',8512,1960,1654022341,1654022341);
INSERT INTO player_score VALUES('636e808b0',28,'2f131d758','63039fb80',11136,2216,1654032298,1654032298);
INSERT INTO player_score VALUES('61f52e517',28,'2f5dbd743','103836525',147000,2199,1653992733,1653992733);
INSERT INTO player_score VALUES('5141fe0f2',28,'2f5dbd743','21a44536e',4590,1762,1653544447,1653544447);
INSERT INTO player_score VALUES('634007948',28,'2f5dbd743','265d8c6bf',2002,2190,1654027425,1654027425);
INSERT INTO player_score VALUES('61ba74217',28,'2f5dbd743','39d82b1fc',3588,2339,1653986575,1653986575);
INSERT INTO player_score VALUES('62bd0ae06',28,'2f5dbd743','47a59bac7',17040,2061,1654013690,1654013690);
INSERT INTO player_score VALUES('613ff4476',28,'2f5dbd743','4fc296399',7956,2050,1653973730,1653973730);
INSERT INTO player_score VALUES('5484be59e',28,'2f5dbd743','513531b54',292744,1916,1653631977,1653631977);
INSERT INTO player_score VALUES('6295d63ba',28,'2f5dbd743','576b5ea71',19584,1909,1654009579,1654009579);
INSERT INTO player_score VALUES('5eaf39b47',28,'2f5dbd743','5a678057c',312156,2066,1653904867,1653904867);
INSERT INTO player_score VALUES('6303567a4',28,'2f5dbd743','629df8c0c',171236,1740,1654021061,1654021061);
INSERT INTO player_score VALUES('636cbf546',28,'2f5dbd743','63039fb80',115500,2183,1654032114,1654032114);
INSERT INTO player_score VALUES('5f30fb7bb',28,'3314fdfc3','103836525',2610,2118,1653918473,1653918473);
INSERT INTO player_score VALUES('5041c2609',28,'3314fdfc3','21a44536e',85956,1721,1653517579,1653517579);
INSERT INTO player_score VALUES('5f179fc78',28,'3314fdfc3','265d8c6bf',309120,2021,1653915814,1653915814);
INSERT INTO player_score VALUES('62d4636df',28,'3314fdfc3','39d82b1fc',172516,2415,1654016138,1654016138);
INSERT INTO player_score VALUES('5a9178f61',28,'3314fdfc3','41b38177c',17955,1986,1653794373,1653794373);
INSERT INTO player_score VALUES('6317ed74e',28,'3314fdfc3','47a59bac7',130390,2087,1654023220,1654023220);
INSERT INTO player_score VALUES('605c413f4',28,'3314fdfc3','4fc296399',216750,1933,1653949854,1653949854);
INSERT INTO player_score VALUES('54979907b',28,'3314fdfc3','513531b54',308763,1950,1653633954,1653633954);
INSERT INTO player_score VALUES('63a810e2f',28,'3314fdfc3','576b5ea71',587412,2095,1654038334,1654038334);
INSERT INTO player_score VALUES('5ea6760f7',28,'3314fdfc3','5a678057c',400945,2046,1653903948,1653903948);
INSERT INTO player_score VALUES('6312063f5',28,'3314fdfc3','629df8c0c',214200,2002,1654022601,1654022601);
INSERT INTO player_score VALUES('636cf7799',28,'3314fdfc3','63039fb80',62790,2187,1654032137,1654032137);
INSERT INTO player_score VALUES('61687eb0e',28,'33a8ab261','103836525',580800,2180,1653977981,1653977981);
INSERT INTO player_score VALUES('5074be1e8',28,'33a8ab261','21a44536e',13216,1727,1653522925,1653522925);
INSERT INTO player_score VALUES('607e74235',28,'33a8ab261','265d8c6bf',720,2069,1653953440,1653953440);
INSERT INTO player_score VALUES('62bb78088',28,'33a8ab261','39d82b1fc',50787,2406,1654013525,1654013525);
INSERT INTO player_score VALUES('5a9959907',28,'33a8ab261','41b38177c',12096,1989,1653795199,1653795199);
INSERT INTO player_score VALUES('61851ae62',28,'33a8ab261','47a59bac7',0,1959,1653980981,1653980981);
INSERT INTO player_score VALUES('6075f9b9c',28,'33a8ab261','4fc296399',136500,1945,1653952551,1653952551);
INSERT INTO player_score VALUES('5494560f4',28,'33a8ab261','513531b54',84000,1939,1653633612,1653633612);
INSERT INTO player_score VALUES('5ea57d0c0',28,'33a8ab261','5a678057c',212160,2045,1653903846,1653903846);
INSERT INTO player_score VALUES('6306725cc',28,'33a8ab261','629df8c0c',18648,1800,1654021387,1654021387);
INSERT INTO player_score VALUES('636d62e71',28,'33a8ab261','63039fb80',27824,2191,1654032181,1654032181);
INSERT INTO player_score VALUES('632492c4b',28,'34b1d400e','103836525',404984,2229,1654024546,1654024546);
INSERT INTO player_score VALUES('50763d6d0',28,'34b1d400e','21a44536e',519048,1728,1653523082,1653523082);
INSERT INTO player_score VALUES('63bcbb688',28,'34b1d400e','39d82b1fc',164472,2475,1654040501,1654040501);
INSERT INTO player_score VALUES('57e928d12',28,'34b1d400e','41b38177c',220038,1784,1653723037,1653723037);
INSERT INTO player_score VALUES('61dfa0bad',28,'34b1d400e','47a59bac7',171720,1994,1653990473,1653990473);
INSERT INTO player_score VALUES('6140c3cb4',28,'34b1d400e','4fc296399',150336,2051,1653973815,1653973815);
INSERT INTO player_score VALUES('547df8f66',28,'34b1d400e','513531b54',3080,1896,1653631267,1653631267);
INSERT INTO player_score VALUES('62d46d326',28,'34b1d400e','576b5ea71',22800,1948,1654016142,1654016142);
INSERT INTO player_score VALUES('5eb9a62ce',28,'34b1d400e','5a678057c',31248,2084,1653905960,1653905960);
INSERT INTO player_score VALUES('63637f2be',28,'34b1d400e','63039fb80',34648,2006,1654031144,1654031144);
INSERT INTO player_score VALUES('635c7cbd8',28,'3504040e9','103836525',161500,2239,1654030409,1654030409);
INSERT INTO player_score VALUES('5343d027f',28,'3504040e9','21a44536e',13888,1835,1653598325,1653598325);
INSERT INTO player_score VALUES('63841cc62',28,'3504040e9','265d8c6bf',2100,2199,1654034564,1654034564);
INSERT INTO player_score VALUES('626450037',28,'3504040e9','39d82b1fc',98210,2381,1654004386,1654004386);
INSERT INTO player_score VALUES('5af029b25',28,'3504040e9','41b38177c',37518,2013,1653804302,1653804302);
INSERT INTO player_score VALUES('611ab4202',28,'3504040e9','4fc296399',9576,2031,1653969824,1653969824);
INSERT INTO player_score VALUES('5447673bc',28,'3504040e9','513531b54',192640,1766,1653625545,1653625545);
INSERT INTO player_score VALUES('63bd8aeea',28,'3504040e9','576b5ea71',0,2107,1654040586,1654040586);
INSERT INTO player_score VALUES('5ebc89e8c',28,'3504040e9','5a678057c',93639,2091,1653906263,1653906263);
INSERT INTO player_score VALUES('630f92c90',28,'3504040e9','629df8c0c',372240,1961,1654022344,1654022344);
INSERT INTO player_score VALUES('6366bfae8',28,'3504040e9','63039fb80',150660,2073,1654031485,1654031485);
INSERT INTO player_score VALUES('53c641b6e',28,'37c9918d3','21a44536e',36358,1853,1653612003,1653612003);
INSERT INTO player_score VALUES('628983f53',28,'37c9918d3','265d8c6bf',277816,2159,1654008287,1654008287);
INSERT INTO player_score VALUES('631a54b68',28,'37c9918d3','39d82b1fc',184408,2431,1654023472,1654023472);
INSERT INTO player_score VALUES('583593caf',28,'37c9918d3','41b38177c',0,1808,1653731050,1653731050);
INSERT INTO player_score VALUES('5f23f9658',28,'37c9918d3','47a59bac7',149184,1781,1653917109,1653917109);
INSERT INTO player_score VALUES('60b3a3dd0',28,'37c9918d3','4fc296399',192960,1977,1653959017,1653959017);
INSERT INTO player_score VALUES('54988ab6a',28,'37c9918d3','513531b54',184800,1956,1653634053,1653634053);
INSERT INTO player_score VALUES('627c33bca',28,'37c9918d3','576b5ea71',8400,1890,1654006891,1654006891);
INSERT INTO player_score VALUES('5ec278797',28,'37c9918d3','5a678057c',28400,2100,1653906885,1653906885);
INSERT INTO player_score VALUES('631317a9f',28,'37c9918d3','629df8c0c',4840,2012,1654022713,1654022713);
INSERT INTO player_score VALUES('636a77d77',28,'37c9918d3','63039fb80',396305,2141,1654031875,1654031875);
INSERT INTO player_score VALUES('622fdc476',28,'3855349d4','103836525',29952,2203,1653998886,1653998886);
INSERT INTO player_score VALUES('4e6953fa9',28,'3855349d4','21a44536e',192000,1666,1653468041,1653468041);
INSERT INTO player_score VALUES('5c6bf9202',28,'3855349d4','265d8c6bf',534843,1947,1653844128,1653844128);
INSERT INTO player_score VALUES('5f73063a1',28,'3855349d4','39d82b1fc',15708,2219,1653925398,1653925398);
INSERT INTO player_score VALUES('5a9e40761',28,'3855349d4','41b38177c',202279,1992,1653795713,1653795713);
INSERT INTO player_score VALUES('63c38342d',28,'3855349d4','47a59bac7',228549,2137,1654041212,1654041212);
INSERT INTO player_score VALUES('6152303e7',28,'3855349d4','4fc296399',14720,2059,1653975642,1653975642);
INSERT INTO player_score VALUES('54760c28b',28,'3855349d4','513531b54',45552,1879,1653630436,1653630436);
INSERT INTO player_score VALUES('63c0d055f',28,'3855349d4','576b5ea71',125560,2109,1654040929,1654040929);
INSERT INTO player_score VALUES('5ec661735',28,'3855349d4','5a678057c',271872,2107,1653907295,1653907295);
INSERT INTO player_score VALUES('62eee417e',28,'3855349d4','629df8c0c',328692,1399,1654018917,1654018917);
INSERT INTO player_score VALUES('636cba738',28,'3855349d4','63039fb80',16200,2182,1654032112,1654032112);
INSERT INTO player_score VALUES('63b83b0f6',28,'38aaebfdb','103836525',2720,2255,1654040029,1654040029);
INSERT INTO player_score VALUES('519e7fb4e',28,'38aaebfdb','21a44536e',55890,1778,1653554147,1653554147);
INSERT INTO player_score VALUES('639aea2dc',28,'38aaebfdb','265d8c6bf',41664,2202,1654036955,1654036955);
INSERT INTO player_score VALUES('631bc7ce3',28,'38aaebfdb','39d82b1fc',3666,2433,1654023624,1654023624);
INSERT INTO player_score VALUES('579eb4c3b',28,'38aaebfdb','41b38177c',76362,1764,1653715230,1653715230);
INSERT INTO player_score VALUES('61051098f',28,'38aaebfdb','47a59bac7',50700,1922,1653967555,1653967555);
INSERT INTO player_score VALUES('60c4bada8',28,'38aaebfdb','4fc296399',131040,1985,1653960809,1653960809);
INSERT INTO player_score VALUES('548762a2c',28,'38aaebfdb','513531b54',343498,1921,1653632254,1653632254);
INSERT INTO player_score VALUES('633ba6fb4',28,'38aaebfdb','576b5ea71',90552,2025,1654026966,1654026966);
INSERT INTO player_score VALUES('5e8f61da8',28,'38aaebfdb','5a678057c',21312,2014,1653901528,1653901528);
INSERT INTO player_score VALUES('630e35aea',28,'38aaebfdb','629df8c0c',284592,1930,1654022201,1654022201);
INSERT INTO player_score VALUES('636ad4995',28,'38aaebfdb','63039fb80',27776,2147,1654031913,1654031913);
INSERT INTO player_score VALUES('638c86193',28,'39b353f85','103836525',14664,2248,1654035446,1654035446);
INSERT INTO player_score VALUES('5379ea40a',28,'39b353f85','21a44536e',2250,1840,1653603998,1653603998);
INSERT INTO player_score VALUES('6273e7b7a',28,'39b353f85','265d8c6bf',54648,2156,1654006021,1654006021);
INSERT INTO player_score VALUES('63b5c52fe',28,'39b353f85','39d82b1fc',110448,2474,1654039771,1654039771);
INSERT INTO player_score VALUES('5ad2094b7',28,'39b353f85','41b38177c',158472,2004,1653801143,1653801143);
INSERT INTO player_score VALUES('60d84f113',28,'39b353f85','47a59bac7',295104,1912,1653962862,1653962862);
INSERT INTO player_score VALUES('5f91ca345',28,'39b353f85','4fc296399',138024,1839,1653928624,1653928624);
INSERT INTO player_score VALUES('549c90fde',28,'39b353f85','513531b54',140400,1969,1653634475,1653634475);
INSERT INTO player_score VALUES('5ea7fcb20',28,'39b353f85','5a678057c',194040,2051,1653904108,1653904108);
INSERT INTO player_score VALUES('62ffd1979',28,'39b353f85','629df8c0c',51442,1665,1654020692,1654020692);
INSERT INTO player_score VALUES('6370024a3',28,'39b353f85','63039fb80',23218,2242,1654032456,1654032456);
INSERT INTO player_score VALUES('62f8d409b',28,'39e1ea3fd','103836525',135102,2221,1654019959,1654019959);
INSERT INTO player_score VALUES('52baacbc4',28,'39e1ea3fd','21a44536e',7056,1817,1653583945,1653583945);
INSERT INTO player_score VALUES('62004a8e4',28,'39e1ea3fd','265d8c6bf',300762,2129,1653993898,1653993898);
INSERT INTO player_score VALUES('606dc3afb',28,'39e1ea3fd','39d82b1fc',10710,2279,1653951690,1653951690);
INSERT INTO player_score VALUES('599fdbf1c',28,'39e1ea3fd','41b38177c',793440,1897,1653769038,1653769038);
INSERT INTO player_score VALUES('6235c1128',28,'39e1ea3fd','47a59bac7',84660,2024,1653999504,1653999504);
INSERT INTO player_score VALUES('5fef0a449',28,'39e1ea3fd','4fc296399',627480,1880,1653938402,1653938402);
INSERT INTO player_score VALUES('548719613',28,'39e1ea3fd','513531b54',84303,1920,1653632224,1653632224);
INSERT INTO player_score VALUES('63a338a50',28,'39e1ea3fd','576b5ea71',74550,2094,1654037826,1654037826);
INSERT INTO player_score VALUES('5e285dc70',28,'39e1ea3fd','5a678057c',50750,1824,1653890726,1653890726);
INSERT INTO player_score VALUES('631112197',28,'39e1ea3fd','629df8c0c',201600,1989,1654022501,1654022501);
INSERT INTO player_score VALUES('5ff63ff95',28,'3a4ac0a0f','103836525',226320,2146,1653939158,1653939158);
INSERT INTO player_score VALUES('530c71599',28,'3a4ac0a0f','21a44536e',48880,1826,1653592519,1653592519);
INSERT INTO player_score VALUES('62c4c1f34',28,'3a4ac0a0f','265d8c6bf',0,2166,1654014499,1654014499);
INSERT INTO player_score VALUES('633fd44dd',28,'3a4ac0a0f','39d82b1fc',10980,2442,1654027404,1654027404);
INSERT INTO player_score VALUES('571e3541d',28,'3a4ac0a0f','41b38177c',11616,1720,1653701756,1653701756);
INSERT INTO player_score VALUES('63a0af3c6',28,'3a4ac0a0f','47a59bac7',3168,2126,1654037560,1654037560);
INSERT INTO player_score VALUES('602521ec6',28,'3a4ac0a0f','4fc296399',145044,1904,1653944074,1653944074);
INSERT INTO player_score VALUES('547fdc5a4',28,'3a4ac0a0f','513531b54',37630,1902,1653631465,1653631465);
INSERT INTO player_score VALUES('639d95c5d',28,'3a4ac0a0f','576b5ea71',396228,2088,1654037235,1654037235);
INSERT INTO player_score VALUES('5ea24d99d',28,'3a4ac0a0f','5a678057c',46904,2041,1653903512,1653903512);
INSERT INTO player_score VALUES('6310d02b6',28,'3a4ac0a0f','629df8c0c',17360,1981,1654022474,1654022474);
INSERT INTO player_score VALUES('636f9e306',28,'3a4ac0a0f','63039fb80',15738,2233,1654032415,1654032415);
INSERT INTO player_score VALUES('6185f1c0c',28,'3a6f388f6','103836525',77088,2185,1653981069,1653981069);
INSERT INTO player_score VALUES('53a15496e',28,'3a6f388f6','21a44536e',209300,1847,1653608131,1653608131);
INSERT INTO player_score VALUES('639b1d732',28,'3a6f388f6','265d8c6bf',51000,2203,1654036976,1654036976);
INSERT INTO player_score VALUES('61157f1eb',28,'3a6f388f6','39d82b1fc',70560,2307,1653969278,1653969278);
INSERT INTO player_score VALUES('5ad0ae9b1',28,'3a6f388f6','41b38177c',85782,2003,1653801001,1653801001);
INSERT INTO player_score VALUES('636b6bf7f',28,'3a6f388f6','47a59bac7',336064,2114,1654031975,1654031975);
INSERT INTO player_score VALUES('5e7909a23',28,'3a6f388f6','4fc296399',53312,1718,1653899185,1653899185);
INSERT INTO player_score VALUES('5497cc4cc',28,'3a6f388f6','513531b54',60680,1953,1653633975,1653633975);
INSERT INTO player_score VALUES('6331ea4d6',28,'3a6f388f6','576b5ea71',0,2017,1654025945,1654025945);
INSERT INTO player_score VALUES('5e9a178b9',28,'3a6f388f6','5a678057c',201724,2031,1653902651,1653902651);
INSERT INTO player_score VALUES('63103179c',28,'3a6f388f6','629df8c0c',233856,1971,1654022409,1654022409);
INSERT INTO player_score VALUES('6358348bb',28,'3a6f388f6','63039fb80',22500,1773,1654029960,1654029960);
INSERT INTO player_score VALUES('5ff1e1cef',28,'3ae1c44c4','103836525',23744,2144,1653938700,1653938700);
INSERT INTO player_score VALUES('61c619148',28,'3ae1c44c4','39d82b1fc',20768,2343,1653987796,1653987796);
INSERT INTO player_score VALUES('5b1fdd9a9',28,'3ae1c44c4','41b38177c',48384,2030,1653809304,1653809304);
INSERT INTO player_score VALUES('617d94a40',28,'3ae1c44c4','47a59bac7',226590,1957,1653980192,1653980192);
INSERT INTO player_score VALUES('62fcce1a7',28,'3ae1c44c4','576b5ea71',11832,1977,1654020376,1654020376);
INSERT INTO player_score VALUES('5ebbc69a6',28,'3ae1c44c4','5a678057c',141680,2089,1653906183,1653906183);
INSERT INTO player_score VALUES('630bd0e0e',28,'3ae1c44c4','629df8c0c',2320,1884,1654021950,1654021950);
INSERT INTO player_score VALUES('63705a309',28,'3ae1c44c4','63039fb80',58900,2247,1654032492,1654032492);
INSERT INTO player_score VALUES('5f9d6f293',28,'3ed1331ca','103836525',213400,2135,1653929845,1653929845);
INSERT INTO player_score VALUES('5041bb08d',28,'3ed1331ca','21a44536e',14790,1720,1653517576,1653517576);
INSERT INTO player_score VALUES('5d1ff5cc0',28,'3ed1331ca','265d8c6bf',234726,1966,1653863001,1653863001);
INSERT INTO player_score VALUES('616c282ea',28,'3ed1331ca','39d82b1fc',0,2323,1653978365,1653978365);
INSERT INTO player_score VALUES('5a8038779',28,'3ed1331ca','41b38177c',122728,1977,1653792564,1653792564);
INSERT INTO player_score VALUES('612d36e57',28,'3ed1331ca','47a59bac7',271472,1936,1653971765,1653971765);
INSERT INTO player_score VALUES('615a6d9f2',28,'3ed1331ca','4fc296399',340725,2064,1653976506,1653976506);
INSERT INTO player_score VALUES('546c40d3d',28,'3ed1331ca','513531b54',7426,1862,1653629409,1653629409);
INSERT INTO player_score VALUES('63ab8e725',28,'3ed1331ca','576b5ea71',11928,2098,1654038700,1654038700);
INSERT INTO player_score VALUES('5e2876344',28,'3ed1331ca','5a678057c',51350,1825,1653890736,1653890736);
INSERT INTO player_score VALUES('630cfab9b',28,'3ed1331ca','629df8c0c',486486,1901,1654022072,1654022072);
INSERT INTO player_score VALUES('636aaffe0',28,'3ed1331ca','63039fb80',122536,2145,1654031898,1654031898);
INSERT INTO player_score VALUES('5322ac480',28,'3ed8a84e3','21a44536e',156520,1829,1653594850,1653594850);
INSERT INTO player_score VALUES('586979ed1',28,'3ed8a84e3','265d8c6bf',500,1801,1653736492,1653736492);
INSERT INTO player_score VALUES('6282c36c6',28,'3ed8a84e3','39d82b1fc',9860,2389,1654007579,1654007579);
INSERT INTO player_score VALUES('5a4f4c0bc',28,'3ed8a84e3','41b38177c',19035,1966,1653787434,1653787434);
INSERT INTO player_score VALUES('60bf3a2b7',28,'3ed8a84e3','47a59bac7',71820,1902,1653960232,1653960232);
INSERT INTO player_score VALUES('61029f986',28,'3ed8a84e3','4fc296399',59904,2017,1653967299,1653967299);
INSERT INTO player_score VALUES('549c2ce35',28,'3ed8a84e3','513531b54',131328,1965,1653634434,1653634434);
INSERT INTO player_score VALUES('6328e4b78',28,'3ed8a84e3','576b5ea71',0,2005,1654024999,1654024999);
INSERT INTO player_score VALUES('5eabfba03',28,'3ed8a84e3','5a678057c',301860,2062,1653904527,1653904527);
INSERT INTO player_score VALUES('63132da68',28,'3ed8a84e3','629df8c0c',27224,2013,1654022722,1654022722);
INSERT INTO player_score VALUES('6367c27af',28,'3ed8a84e3','63039fb80',147000,2093,1654031591,1654031591);
INSERT INTO player_score VALUES('5ffdab656',28,'3ff71cd30','103836525',0,2147,1653939936,1653939936);
INSERT INTO player_score VALUES('537f77285',28,'3ff71cd30','21a44536e',16354,1842,1653604580,1653604580);
INSERT INTO player_score VALUES('630398652',28,'3ff71cd30','265d8c6bf',4158,2180,1654021088,1654021088);
INSERT INTO player_score VALUES('6118a4cc7',28,'3ff71cd30','39d82b1fc',11016,2308,1653969608,1653969608);
INSERT INTO player_score VALUES('5a734ecf7',28,'3ff71cd30','41b38177c',106596,1975,1653791210,1653791210);
INSERT INTO player_score VALUES('639c7d074',28,'3ff71cd30','47a59bac7',63648,2124,1654037120,1654037120);
INSERT INTO player_score VALUES('61511eca9',28,'3ff71cd30','4fc296399',65520,2057,1653975530,1653975530);
INSERT INTO player_score VALUES('5413e050c',28,'3ff71cd30','513531b54',504504,1637,1653620142,1653620142);
INSERT INTO player_score VALUES('63aed3dad',28,'3ff71cd30','576b5ea71',16320,2100,1654039043,1654039043);
INSERT INTO player_score VALUES('5eafd1145',28,'3ff71cd30','5a678057c',0,2068,1653904929,1653904929);
INSERT INTO player_score VALUES('6310f2583',28,'3ff71cd30','629df8c0c',448200,1985,1654022488,1654022488);
INSERT INTO player_score VALUES('636f5c45f',28,'3ff71cd30','63039fb80',255892,2230,1654032388,1654032388);
INSERT INTO player_score VALUES('60f08aab8',28,'402b3b1d9','103836525',545600,2172,1653965403,1653965403);
INSERT INTO player_score VALUES('4f792eb6a',28,'402b3b1d9','21a44536e',308000,1695,1653496547,1653496547);
INSERT INTO player_score VALUES('6111c4886',28,'402b3b1d9','265d8c6bf',12180,2087,1653968887,1653968887);
INSERT INTO player_score VALUES('638ca5d64',28,'402b3b1d9','39d82b1fc',374000,2463,1654035459,1654035459);
INSERT INTO player_score VALUES('5b2c08d58',28,'402b3b1d9','41b38177c',12480,2035,1653810580,1653810580);
INSERT INTO player_score VALUES('606b292b3',28,'402b3b1d9','4fc296399',18816,1940,1653951417,1653951417);
INSERT INTO player_score VALUES('546b6c6b4',28,'402b3b1d9','513531b54',12096,1858,1653629322,1653629322);
INSERT INTO player_score VALUES('6388bcdec',28,'402b3b1d9','576b5ea71',48880,2078,1654035049,1654035049);
INSERT INTO player_score VALUES('5eaac0b03',28,'402b3b1d9','5a678057c',457805,2059,1653904398,1653904398);
INSERT INTO player_score VALUES('630bc2391',28,'402b3b1d9','629df8c0c',29184,1882,1654021944,1654021944);
INSERT INTO player_score VALUES('636d3964b',28,'402b3b1d9','63039fb80',47804,2189,1654032164,1654032164);
INSERT INTO player_score VALUES('5984efdce',28,'40e088ae8','103836525',3444,1959,1653766215,1653766215);
INSERT INTO player_score VALUES('50e0e88fa',28,'40e088ae8','21a44536e',358976,1747,1653534267,1653534267);
INSERT INTO player_score VALUES('6200c97f4',28,'40e088ae8','265d8c6bf',121030,2130,1653993950,1653993950);
INSERT INTO player_score VALUES('630a651a4',28,'40e088ae8','39d82b1fc',111606,2427,1654021801,1654021801);
INSERT INTO player_score VALUES('5a19a7216',28,'40e088ae8','41b38177c',108108,1945,1653781809,1653781809);
INSERT INTO player_score VALUES('5fc1d8704',28,'40e088ae8','47a59bac7',69768,1820,1653933663,1653933663);
INSERT INTO player_score VALUES('608229daf',28,'40e088ae8','4fc296399',35109,1951,1653953829,1653953829);
INSERT INTO player_score VALUES('549a81a4c',28,'40e088ae8','513531b54',332856,1962,1653634259,1653634259);
INSERT INTO player_score VALUES('63294db3e',28,'40e088ae8','576b5ea71',72380,2007,1654025042,1654025042);
INSERT INTO player_score VALUES('5e91cb879',28,'40e088ae8','5a678057c',2584,2016,1653901781,1653901781);
INSERT INTO player_score VALUES('636e1ee4b',28,'40e088ae8','63039fb80',195939,2209,1654032258,1654032258);
INSERT INTO player_score VALUES('5c5bd3d3c',28,'420efb6d3','103836525',292125,2047,1653842435,1653842435);
INSERT INTO player_score VALUES('52c0fa811',28,'420efb6d3','21a44536e',192888,1818,1653584606,1653584606);
INSERT INTO player_score VALUES('6262913db',28,'420efb6d3','265d8c6bf',33232,2151,1654004203,1654004203);
INSERT INTO player_score VALUES('5abd01fca',28,'420efb6d3','41b38177c',648000,2000,1653798938,1653798938);
INSERT INTO player_score VALUES('63a3649ae',28,'420efb6d3','47a59bac7',50925,2130,1654037844,1654037844);
INSERT INTO player_score VALUES('60ce5f1d7',28,'420efb6d3','4fc296399',198240,1988,1653961820,1653961820);
INSERT INTO player_score VALUES('546c2d4ab',28,'420efb6d3','513531b54',75075,1861,1653629401,1653629401);
INSERT INTO player_score VALUES('62484646c',28,'420efb6d3','576b5ea71',42476,1855,1654001446,1654001446);
INSERT INTO player_score VALUES('5eb589ed1',28,'420efb6d3','5a678057c',210672,2077,1653905529,1653905529);
INSERT INTO player_score VALUES('630f5aa16',28,'420efb6d3','629df8c0c',11160,1956,1654022321,1654022321);
INSERT INTO player_score VALUES('636bab71a',28,'420efb6d3','63039fb80',64032,2164,1654032001,1654032001);
INSERT INTO player_score VALUES('629d35763',28,'4280a8fd8','103836525',177600,2208,1654010352,1654010352);
INSERT INTO player_score VALUES('5328b33ce',28,'4280a8fd8','21a44536e',49476,1831,1653595482,1653595482);
INSERT INTO player_score VALUES('5c2090f1c',28,'4280a8fd8','265d8c6bf',357000,1936,1653836221,1653836221);
INSERT INTO player_score VALUES('6284cde30',28,'4280a8fd8','39d82b1fc',17556,2390,1654007793,1654007793);
INSERT INTO player_score VALUES('61d85ed1b',28,'4280a8fd8','47a59bac7',319500,1992,1653989712,1653989712);
INSERT INTO player_score VALUES('60b4bca19',28,'4280a8fd8','4fc296399',538005,1979,1653959132,1653959132);
INSERT INTO player_score VALUES('549542e29',28,'4280a8fd8','513531b54',0,1942,1653633709,1653633709);
INSERT INTO player_score VALUES('6399ffd02',28,'4280a8fd8','576b5ea71',196078,2086,1654036859,1654036859);
INSERT INTO player_score VALUES('5eba75b05',28,'4280a8fd8','5a678057c',2349,2085,1653906045,1653906045);
INSERT INTO player_score VALUES('630fc8812',28,'4280a8fd8','629df8c0c',325,1963,1654022366,1654022366);
INSERT INTO player_score VALUES('6365824d5',28,'4280a8fd8','63039fb80',140008,2045,1654031355,1654031355);
INSERT INTO player_score VALUES('6095e03e3',28,'42b8e5f62','103836525',95040,2166,1653955896,1653955896);
INSERT INTO player_score VALUES('62865968e',28,'42b8e5f62','265d8c6bf',62370,2157,1654007955,1654007955);
INSERT INTO player_score VALUES('5aa36bb07',28,'42b8e5f62','39d82b1fc',307824,1937,1653796255,1653796255);
INSERT INTO player_score VALUES('59fb81dd9',28,'42b8e5f62','41b38177c',44814,1932,1653778648,1653778648);
INSERT INTO player_score VALUES('634066c85',28,'42b8e5f62','47a59bac7',15624,2101,1654027464,1654027464);
INSERT INTO player_score VALUES('5f1c7325c',28,'42b8e5f62','4fc296399',216,1782,1653916320,1653916320);
INSERT INTO player_score VALUES('549c45504',28,'42b8e5f62','513531b54',141075,1966,1653634444,1653634444);
INSERT INTO player_score VALUES('5e96421c8',28,'42b8e5f62','5a678057c',22032,2028,1653902249,1653902249);
INSERT INTO player_score VALUES('63116c6ee',28,'42b8e5f62','629df8c0c',46368,1993,1654022538,1654022538);
INSERT INTO player_score VALUES('636f77219',28,'42b8e5f62','63039fb80',63597,2231,1654032399,1654032399);
INSERT INTO player_score VALUES('55a110045',28,'431f1cf6a','103836525',237711,1848,1653661790,1653661790);
INSERT INTO player_score VALUES('537bb2cd0',28,'431f1cf6a','21a44536e',156996,1841,1653604185,1653604185);
INSERT INTO player_score VALUES('5f4feb661',28,'431f1cf6a','265d8c6bf',11800,2027,1653921717,1653921717);
INSERT INTO player_score VALUES('5f866728d',28,'431f1cf6a','39d82b1fc',250194,2229,1653927430,1653927430);
INSERT INTO player_score VALUES('59f07e06f',28,'431f1cf6a','41b38177c',189,1928,1653777493,1653777493);
INSERT INTO player_score VALUES('62ac53172',28,'431f1cf6a','47a59bac7',15004,2057,1654011937,1654011937);
INSERT INTO player_score VALUES('60eabbdc7',28,'431f1cf6a','4fc296399',231000,1999,1653964794,1653964794);
INSERT INTO player_score VALUES('54626bbc8',28,'431f1cf6a','513531b54',45066,1836,1653628378,1653628378);
INSERT INTO player_score VALUES('62d744bcd',28,'431f1cf6a','576b5ea71',613440,1950,1654016440,1654016440);
INSERT INTO player_score VALUES('5ec633112',28,'431f1cf6a','5a678057c',27648,2106,1653907276,1653907276);
INSERT INTO player_score VALUES('63108bcfe',28,'431f1cf6a','629df8c0c',170016,1977,1654022446,1654022446);
INSERT INTO player_score VALUES('636ff88a5',28,'431f1cf6a','63039fb80',109368,2239,1654032452,1654032452);
INSERT INTO player_score VALUES('6304768bb',28,'447a4c5e9','103836525',432160,2223,1654021179,1654021179);
INSERT INTO player_score VALUES('501294be2',28,'447a4c5e9','21a44536e',46800,1713,1653512632,1653512632);
INSERT INTO player_score VALUES('62253c90a',28,'447a4c5e9','265d8c6bf',26600,2141,1653997772,1653997772);
INSERT INTO player_score VALUES('625d9e298',28,'447a4c5e9','39d82b1fc',15300,2380,1654003684,1654003684);
INSERT INTO player_score VALUES('5a8ba5482',28,'447a4c5e9','41b38177c',2850,1983,1653793762,1653793762);
INSERT INTO player_score VALUES('600b2c6b5',28,'447a4c5e9','47a59bac7',303408,1844,1653941352,1653941352);
INSERT INTO player_score VALUES('6079d40de',28,'447a4c5e9','4fc296399',95160,1949,1653952955,1653952955);
INSERT INTO player_score VALUES('548101570',28,'447a4c5e9','513531b54',28050,1909,1653631585,1653631585);
INSERT INTO player_score VALUES('632ad1e5a',28,'447a4c5e9','576b5ea71',714420,2009,1654025201,1654025201);
INSERT INTO player_score VALUES('5ea464458',28,'447a4c5e9','5a678057c',142416,2043,1653903731,1653903731);
INSERT INTO player_score VALUES('630ce9a17',28,'447a4c5e9','629df8c0c',258804,1899,1654022065,1654022065);
INSERT INTO player_score VALUES('636ddcfba',28,'447a4c5e9','63039fb80',130340,2201,1654032231,1654032231);
INSERT INTO player_score VALUES('5df3c3008',28,'450b2953c','103836525',103896,2086,1653885210,1653885210);
INSERT INTO player_score VALUES('5009dfbcd',28,'450b2953c','21a44536e',29700,1711,1653511719,1653511719);
INSERT INTO player_score VALUES('61c7a49a9',28,'450b2953c','265d8c6bf',166656,2120,1653987958,1653987958);
INSERT INTO player_score VALUES('5d6dffd15',28,'450b2953c','39d82b1fc',159588,2113,1653871184,1653871184);
INSERT INTO player_score VALUES('5a9a79a6c',28,'450b2953c','41b38177c',416416,1991,1653795317,1653795317);
INSERT INTO player_score VALUES('635afafca',28,'450b2953c','47a59bac7',16060,2110,1654030251,1654030251);
INSERT INTO player_score VALUES('6060cb605',28,'450b2953c','4fc296399',285768,1935,1653950330,1653950330);
INSERT INTO player_score VALUES('549682b56',28,'450b2953c','513531b54',109480,1945,1653633840,1653633840);
INSERT INTO player_score VALUES('63bfd26ce',28,'450b2953c','576b5ea71',48300,2108,1654040825,1654040825);
INSERT INTO player_score VALUES('5e9fc6a3a',28,'450b2953c','5a678057c',251937,2037,1653903247,1653903247);
INSERT INTO player_score VALUES('63107f9c1',28,'450b2953c','629df8c0c',470610,1975,1654022441,1654022441);
INSERT INTO player_score VALUES('636eebf62',28,'450b2953c','63039fb80',96480,2221,1654032342,1654032342);
INSERT INTO player_score VALUES('59a27dc4c',28,'459afc289','103836525',23660,1963,1653769314,1653769314);
INSERT INTO player_score VALUES('51281c175',28,'459afc289','21a44536e',19197,1759,1653541733,1653541733);
INSERT INTO player_score VALUES('609ad5c5e',28,'459afc289','265d8c6bf',67160,2077,1653956416,1653956416);
INSERT INTO player_score VALUES('60ff7c602',28,'459afc289','39d82b1fc',0,2303,1653966970,1653966970);
INSERT INTO player_score VALUES('59620abf3',28,'459afc289','41b38177c',338520,1879,1653762556,1653762556);
INSERT INTO player_score VALUES('617a58ff7',28,'459afc289','47a59bac7',27440,1956,1653979853,1653979853);
INSERT INTO player_score VALUES('6106e2e69',28,'459afc289','4fc296399',29250,2021,1653967746,1653967746);
INSERT INTO player_score VALUES('549a6e1c1',28,'459afc289','513531b54',50,1961,1653634251,1653634251);
INSERT INTO player_score VALUES('5fde771cb',28,'459afc289','576b5ea71',359890,1434,1653936664,1653936664);
INSERT INTO player_score VALUES('5e77e9900',28,'459afc289','5a678057c',198352,1984,1653899067,1653899067);
INSERT INTO player_score VALUES('630d13251',28,'459afc289','629df8c0c',128100,1904,1654022082,1654022082);
INSERT INTO player_score VALUES('636e0dccf',28,'459afc289','63039fb80',45225,2207,1654032251,1654032251);
INSERT INTO player_score VALUES('5f322a37a',28,'46bd329cb','103836525',249280,2119,1653918597,1653918597);
INSERT INTO player_score VALUES('50378ba02',28,'46bd329cb','21a44536e',35328,1719,1653516508,1653516508);
INSERT INTO player_score VALUES('6390e1d37',28,'46bd329cb','265d8c6bf',0,2200,1654035903,1654035903);
INSERT INTO player_score VALUES('633055042',28,'46bd329cb','39d82b1fc',21093,2439,1654025779,1654025779);
INSERT INTO player_score VALUES('5b2425ca2',28,'46bd329cb','41b38177c',216216,2032,1653809753,1653809753);
INSERT INTO player_score VALUES('639586c7d',28,'46bd329cb','47a59bac7',54351,2122,1654036390,1654036390);
INSERT INTO player_score VALUES('60126be48',28,'46bd329cb','4fc296399',30976,1890,1653942112,1653942112);
INSERT INTO player_score VALUES('549837b51',28,'46bd329cb','513531b54',217728,1955,1653634019,1653634019);
INSERT INTO player_score VALUES('6350083f7',28,'46bd329cb','576b5ea71',19008,2040,1654029103,1654029103);
INSERT INTO player_score VALUES('5e1083d3c',28,'46bd329cb','5a678057c',144807,1789,1653888225,1653888225);
INSERT INTO player_score VALUES('630deeded',28,'46bd329cb','629df8c0c',69600,1923,1654022172,1654022172);
INSERT INTO player_score VALUES('636da2621',28,'46bd329cb','63039fb80',186240,2196,1654032207,1654032207);
INSERT INTO player_score VALUES('52a88e10f',28,'47f2302ba','21a44536e',206360,1814,1653582045,1653582045);
INSERT INTO player_score VALUES('61ac1c3f3',28,'47f2302ba','265d8c6bf',37248,2115,1653985071,1653985071);
INSERT INTO player_score VALUES('6203332fb',28,'47f2302ba','39d82b1fc',99360,2360,1653994203,1653994203);
INSERT INTO player_score VALUES('5a48b0270',28,'47f2302ba','41b38177c',66000,1961,1653786741,1653786741);
INSERT INTO player_score VALUES('639230489',28,'47f2302ba','47a59bac7',73950,2121,1654036040,1654036040);
INSERT INTO player_score VALUES('6154706a9',28,'47f2302ba','4fc296399',59340,2061,1653975878,1653975878);
INSERT INTO player_score VALUES('549a24dee',28,'47f2302ba','513531b54',12528,1960,1653634221,1653634221);
INSERT INTO player_score VALUES('62de8b886',28,'47f2302ba','576b5ea71',129978,1956,1654017203,1654017203);
INSERT INTO player_score VALUES('5e87702b3',28,'47f2302ba','5a678057c',3120,2005,1653900695,1653900695);
INSERT INTO player_score VALUES('630aeb652',28,'47f2302ba','629df8c0c',308085,1868,1654021856,1654021856);
INSERT INTO player_score VALUES('636096881',28,'47f2302ba','63039fb80',130548,1936,1654030839,1654030839);
INSERT INTO player_score VALUES('63a80e71f',28,'47f9ced82','103836525',179800,2254,1654038333,1654038333);
INSERT INTO player_score VALUES('52390ab45',28,'47f9ced82','21a44536e',5460,1803,1653570352,1653570352);
INSERT INTO player_score VALUES('6037b0e75',28,'47f9ced82','265d8c6bf',76551,2060,1653946020,1653946020);
INSERT INTO player_score VALUES('595b4cae0',28,'47f9ced82','41b38177c',63210,1875,1653761849,1653761849);
INSERT INTO player_score VALUES('604ea7d03',28,'47f9ced82','47a59bac7',64448,1866,1653948428,1653948428);
INSERT INTO player_score VALUES('60754ed55',28,'47f9ced82','4fc296399',151360,1944,1653952481,1653952481);
INSERT INTO player_score VALUES('54952f5a6',28,'47f9ced82','513531b54',22032,1941,1653633701,1653633701);
INSERT INTO player_score VALUES('63567aa41',28,'47f9ced82','576b5ea71',120842,2043,1654029779,1654029779);
INSERT INTO player_score VALUES('5e8807866',28,'47f9ced82','5a678057c',19680,2007,1653900757,1653900757);
INSERT INTO player_score VALUES('6310dc604',28,'47f9ced82','629df8c0c',75012,1983,1654022479,1654022479);
INSERT INTO player_score VALUES('6367a2be2',28,'47f9ced82','63039fb80',470208,2092,1654031578,1654031578);
INSERT INTO player_score VALUES('6123d974a',28,'494733f6d','103836525',233208,2178,1653970783,1653970783);
INSERT INTO player_score VALUES('51afaa3bd',28,'494733f6d','21a44536e',28520,1780,1653555947,1653555947);
INSERT INTO player_score VALUES('634a014ce',28,'494733f6d','265d8c6bf',46452,2191,1654028471,1654028471);
INSERT INTO player_score VALUES('62f9fb724',28,'494733f6d','39d82b1fc',313600,2423,1654020080,1654020080);
INSERT INTO player_score VALUES('5aec1735f',28,'494733f6d','41b38177c',55440,2010,1653803875,1653803875);
INSERT INTO player_score VALUES('62fe3ec07',28,'494733f6d','47a59bac7',12348,2080,1654020527,1654020527);
INSERT INTO player_score VALUES('60832ca2a',28,'494733f6d','4fc296399',30456,1952,1653953935,1653953935);
INSERT INTO player_score VALUES('549701a9c',28,'494733f6d','513531b54',231744,1947,1653633892,1653633892);
INSERT INTO player_score VALUES('6319a75e3',28,'494733f6d','576b5ea71',7776,1995,1654023401,1654023401);
INSERT INTO player_score VALUES('630b3982c',28,'494733f6d','629df8c0c',210210,1871,1654021888,1654021888);
INSERT INTO player_score VALUES('636ceb4a2',28,'494733f6d','63039fb80',6720,2185,1654032132,1654032132);
INSERT INTO player_score VALUES('5f4e736cb',28,'49da5fbf3','103836525',297540,2123,1653921563,1653921563);
INSERT INTO player_score VALUES('514b9d74f',28,'49da5fbf3','21a44536e',190944,1764,1653545456,1653545456);
INSERT INTO player_score VALUES('6202f3b69',28,'49da5fbf3','265d8c6bf',162400,2131,1653994177,1653994177);
INSERT INTO player_score VALUES('63a0af3c7',28,'49da5fbf3','47a59bac7',64000,2127,1654037560,1654037560);
INSERT INTO player_score VALUES('60a1a2799',28,'49da5fbf3','4fc296399',195426,1970,1653957129,1653957129);
INSERT INTO player_score VALUES('5497c016a',28,'49da5fbf3','513531b54',12880,1952,1653633970,1653633970);
INSERT INTO player_score VALUES('637f72ef7',28,'49da5fbf3','576b5ea71',167616,2071,1654034075,1654034075);
INSERT INTO player_score VALUES('5e62e4b25',28,'49da5fbf3','5a678057c',373527,1944,1653896863,1653896863);
INSERT INTO player_score VALUES('6311da48b',28,'49da5fbf3','629df8c0c',318500,1999,1654022583,1654022583);
INSERT INTO player_score VALUES('6366d5a70',28,'49da5fbf3','63039fb80',109296,2076,1654031494,1654031494);
INSERT INTO player_score VALUES('5f5dd56a9',28,'4c42fdc31','103836525',2013,2125,1653923176,1653923176);
INSERT INTO player_score VALUES('6287378fd',28,'4c42fdc31','265d8c6bf',248710,2158,1654008046,1654008046);
INSERT INTO player_score VALUES('638f31b0c',28,'4c42fdc31','39d82b1fc',45045,2464,1654035726,1654035726);
INSERT INTO player_score VALUES('5a8120693',28,'4c42fdc31','41b38177c',2408,1978,1653792659,1653792659);
INSERT INTO player_score VALUES('63a1fdb5e',28,'4c42fdc31','47a59bac7',154160,2129,1654037697,1654037697);
INSERT INTO player_score VALUES('549c8e8ad',28,'4c42fdc31','513531b54',99750,1968,1653634474,1653634474);
INSERT INTO player_score VALUES('62fe6f949',28,'4c42fdc31','576b5ea71',13806,1979,1654020547,1654020547);
INSERT INTO player_score VALUES('5e60fc694',28,'4c42fdc31','5a678057c',12596,1939,1653896663,1653896663);
INSERT INTO player_score VALUES('637018443',28,'4c42fdc31','63039fb80',77220,2243,1654032465,1654032465);
INSERT INTO player_score VALUES('5fb9d3391',28,'4cf057300','103836525',37380,2139,1653932822,1653932822);
INSERT INTO player_score VALUES('526c01931',28,'4cf057300','21a44536e',555660,1807,1653575696,1653575696);
INSERT INTO player_score VALUES('625ad5439',28,'4cf057300','265d8c6bf',251262,2149,1654003392,1654003392);
INSERT INTO player_score VALUES('5e2945b85',28,'4cf057300','39d82b1fc',103360,2151,1653890821,1653890821);
INSERT INTO player_score VALUES('63a03c7cc',28,'4cf057300','47a59bac7',8316,2125,1654037513,1654037513);
INSERT INTO player_score VALUES('612c1bb29',28,'4cf057300','4fc296399',71820,2041,1653971649,1653971649);
INSERT INTO player_score VALUES('549b2a1e0',28,'4cf057300','513531b54',0,1963,1653634328,1653634328);
INSERT INTO player_score VALUES('63ad680f7',28,'4cf057300','576b5ea71',65772,2099,1654038894,1654038894);
INSERT INTO player_score VALUES('5e538c7bf',28,'4cf057300','5a678057c',0,1911,1653895254,1653895254);
INSERT INTO player_score VALUES('631151940',28,'4cf057300','629df8c0c',11500,1991,1654022527,1654022527);
INSERT INTO player_score VALUES('636ffd693',28,'4cf057300','63039fb80',185814,2241,1654032454,1654032454);
INSERT INTO player_score VALUES('539dc5f2f',28,'4d3aefde0','21a44536e',164640,1846,1653607758,1653607758);
INSERT INTO player_score VALUES('61de09070',28,'4d3aefde0','265d8c6bf',186093,2126,1653990306,1653990306);
INSERT INTO player_score VALUES('5fee4bd6a',28,'4d3aefde0','39d82b1fc',105944,2252,1653938324,1653938324);
INSERT INTO player_score VALUES('59c5d32bf',28,'4d3aefde0','41b38177c',133056,1914,1653773019,1653773019);
INSERT INTO player_score VALUES('61f53815d',28,'4d3aefde0','47a59bac7',6200,2002,1653992737,1653992737);
INSERT INTO player_score VALUES('54593f198',28,'4d3aefde0','513531b54',4000,1816,1653627416,1653627416);
INSERT INTO player_score VALUES('625cdd463',28,'4d3aefde0','576b5ea71',310200,1868,1654003605,1654003605);
INSERT INTO player_score VALUES('5ead2a5d9',28,'4d3aefde0','5a678057c',11760,2064,1653904651,1653904651);
INSERT INTO player_score VALUES('6312cc003',28,'4d3aefde0','629df8c0c',50400,2008,1654022682,1654022682);
INSERT INTO player_score VALUES('5bf08ee80',28,'4dbd09873','103836525',82875,2032,1653831187,1653831187);
INSERT INTO player_score VALUES('4b290241d',28,'4dbd09873','21a44536e',17298,1537,1653380766,1653380766);
INSERT INTO player_score VALUES('5fc44221c',28,'4dbd09873','265d8c6bf',79488,2044,1653933916,1653933916);
INSERT INTO player_score VALUES('62e446cf7',28,'4dbd09873','39d82b1fc',254727,2419,1654017804,1654017804);
INSERT INTO player_score VALUES('5b0a834cc',28,'4dbd09873','41b38177c',52992,2028,1653807065,1653807065);
INSERT INTO player_score VALUES('62f5603f7',28,'4dbd09873','47a59bac7',640,2074,1654019597,1654019597);
INSERT INTO player_score VALUES('60f2b7539',28,'4dbd09873','4fc296399',20160,2002,1653965631,1653965631);
INSERT INTO player_score VALUES('638e8bae3',28,'4dbd09873','576b5ea71',86317,2082,1654035658,1654035658);
INSERT INTO player_score VALUES('5e512a1c2',28,'4dbd09873','5a678057c',68320,1906,1653895004,1653895004);
INSERT INTO player_score VALUES('631105e0b',28,'4dbd09873','629df8c0c',17408,1988,1654022496,1654022496);
INSERT INTO player_score VALUES('636372f7d',28,'4dbd09873','63039fb80',95744,2005,1654031139,1654031139);
INSERT INTO player_score VALUES('639392496',28,'4e738d2d2','103836525',9280,2250,1654036185,1654036185);
INSERT INTO player_score VALUES('5315c77d2',28,'4e738d2d2','21a44536e',102060,1827,1653593498,1653593498);
INSERT INTO player_score VALUES('62ce9e5fe',28,'4e738d2d2','265d8c6bf',414656,2170,1654015533,1654015533);
INSERT INTO player_score VALUES('63b24c840',28,'4e738d2d2','39d82b1fc',979,2472,1654039407,1654039407);
INSERT INTO player_score VALUES('5b06cb26c',28,'4e738d2d2','41b38177c',115943,2026,1653806675,1653806675);
INSERT INTO player_score VALUES('5f184ab0e',28,'4e738d2d2','4fc296399',8460,1780,1653915884,1653915884);
INSERT INTO player_score VALUES('546db65ac',28,'4e738d2d2','513531b54',84448,1866,1653629562,1653629562);
INSERT INTO player_score VALUES('5ec5c2c10',28,'4e738d2d2','5a678057c',14040,2105,1653907230,1653907230);
INSERT INTO player_score VALUES('63137e37a',28,'4e738d2d2','629df8c0c',59400,2017,1654022755,1654022755);
INSERT INTO player_score VALUES('63623a767',28,'4e738d2d2','63039fb80',91377,1970,1654031011,1654031011);
INSERT INTO player_score VALUES('61a32071a',28,'5038982f9','103836525',23520,2188,1653984129,1653984129);
INSERT INTO player_score VALUES('53381a1eb',28,'5038982f9','21a44536e',641700,1833,1653597097,1653597097);
INSERT INTO player_score VALUES('5810c3f71',28,'5038982f9','265d8c6bf',250604,1792,1653727190,1653727190);
INSERT INTO player_score VALUES('62c44f37d',28,'5038982f9','39d82b1fc',219558,2408,1654014452,1654014452);
INSERT INTO player_score VALUES('585840bf0',28,'5038982f9','41b38177c',50286,1812,1653734686,1653734686);
INSERT INTO player_score VALUES('613eea2b7',28,'5038982f9','47a59bac7',33696,1940,1653973621,1653973621);
INSERT INTO player_score VALUES('614fb7ea5',28,'5038982f9','4fc296399',160524,2056,1653975383,1653975383);
INSERT INTO player_score VALUES('548ee4074',28,'5038982f9','513531b54',139026,1931,1653633041,1653633041);
INSERT INTO player_score VALUES('5eaa10ea1',28,'5038982f9','5a678057c',37620,2057,1653904326,1653904326);
INSERT INTO player_score VALUES('6306d8e62',28,'5038982f9','629df8c0c',6588,1808,1654021429,1654021429);
INSERT INTO player_score VALUES('6362729f9',28,'5038982f9','63039fb80',110250,1981,1654031034,1654031034);
INSERT INTO player_score VALUES('5fdd87db4',28,'505a55dd7','103836525',21024,2142,1653936566,1653936566);
INSERT INTO player_score VALUES('51f25fdfd',28,'505a55dd7','21a44536e',207900,1790,1653562942,1653562942);
INSERT INTO player_score VALUES('5b1257afd',28,'505a55dd7','265d8c6bf',10716,1901,1653807886,1653807886);
INSERT INTO player_score VALUES('639a0e77c',28,'505a55dd7','39d82b1fc',147264,2465,1654036865,1654036865);
INSERT INTO player_score VALUES('5992a9068',28,'505a55dd7','41b38177c',380970,1894,1653767654,1653767654);
INSERT INTO player_score VALUES('6324f6dc0',28,'505a55dd7','47a59bac7',113960,2089,1654024587,1654024587);
INSERT INTO player_score VALUES('5fb510f82',28,'505a55dd7','4fc296399',354756,1848,1653932323,1653932323);
INSERT INTO player_score VALUES('5465593df',28,'505a55dd7','513531b54',742995,1844,1653628685,1653628685);
INSERT INTO player_score VALUES('61e38c24b',28,'505a55dd7','576b5ea71',211680,1772,1653990884,1653990884);
INSERT INTO player_score VALUES('5ec4e2253',28,'505a55dd7','5a678057c',67716,2104,1653907138,1653907138);
INSERT INTO player_score VALUES('63102545e',28,'505a55dd7','629df8c0c',5928,1970,1654022404,1654022404);
INSERT INTO player_score VALUES('636cf50d2',28,'505a55dd7','63039fb80',6440,2186,1654032136,1654032136);
INSERT INTO player_score VALUES('5efd85a93',28,'515d6e013','103836525',69696,2109,1653913077,1653913077);
INSERT INTO player_score VALUES('4fe780e4a',28,'515d6e013','21a44536e',100050,1709,1653508115,1653508115);
INSERT INTO player_score VALUES('6249bbd38',28,'515d6e013','265d8c6bf',71424,2146,1654001599,1654001599);
INSERT INTO player_score VALUES('629f8e08e',28,'515d6e013','39d82b1fc',178200,2396,1654010598,1654010598);
INSERT INTO player_score VALUES('5a62159d8',28,'515d6e013','41b38177c',11792,1969,1653789404,1653789404);
INSERT INTO player_score VALUES('612cbcd71',28,'515d6e013','4fc296399',168960,2042,1653971715,1653971715);
INSERT INTO player_score VALUES('5499a10b5',28,'515d6e013','513531b54',7616,1958,1653634167,1653634167);
INSERT INTO player_score VALUES('634c09519',28,'515d6e013','576b5ea71',22080,2036,1654028684,1654028684);
INSERT INTO player_score VALUES('5ec875aa8',28,'515d6e013','5a678057c',47040,2109,1653907513,1653907513);
INSERT INTO player_score VALUES('636fddaad',28,'515d6e013','63039fb80',35910,2237,1654032441,1654032441);
INSERT INTO player_score VALUES('634256638',28,'52216dc4b','103836525',91168,2235,1654027667,1654027667);
INSERT INTO player_score VALUES('50afa9245',28,'52216dc4b','21a44536e',280,1739,1653529103,1653529103);
INSERT INTO player_score VALUES('62fb9cebc',28,'52216dc4b','265d8c6bf',148512,2179,1654020251,1654020251);
INSERT INTO player_score VALUES('61f1fa010',28,'52216dc4b','39d82b1fc',235081,2352,1653992397,1653992397);
INSERT INTO player_score VALUES('5f4de362c',28,'52216dc4b','47a59bac7',36960,1788,1653921504,1653921504);
INSERT INTO player_score VALUES('5496da982',28,'52216dc4b','513531b54',78474,1946,1653633876,1653633876);
INSERT INTO player_score VALUES('6330ddbdc',28,'52216dc4b','576b5ea71',273728,2015,1654025835,1654025835);
INSERT INTO player_score VALUES('5e4d3c431',28,'52216dc4b','5a678057c',65286,1896,1653894592,1653894592);
INSERT INTO player_score VALUES('630373c74',28,'52216dc4b','629df8c0c',262640,1741,1654021073,1654021073);
INSERT INTO player_score VALUES('6363e0d62',28,'52216dc4b','63039fb80',37271,2011,1654031184,1654031184);
INSERT INTO player_score VALUES('5dc065925',28,'527fa6dd0','103836525',267665,2083,1653879824,1653879824);
INSERT INTO player_score VALUES('51df25fea',28,'527fa6dd0','21a44536e',162604,1787,1653560926,1653560926);
INSERT INTO player_score VALUES('61da3d596',28,'527fa6dd0','265d8c6bf',87048,2125,1653989908,1653989908);
INSERT INTO player_score VALUES('637ffba7a',28,'527fa6dd0','39d82b1fc',309009,2459,1654034131,1654034131);
INSERT INTO player_score VALUES('5a8b969f2',28,'527fa6dd0','41b38177c',1245,1982,1653793756,1653793756);
INSERT INTO player_score VALUES('619db8303',28,'527fa6dd0','47a59bac7',11856,1972,1653983562,1653983562);
INSERT INTO player_score VALUES('604b2f208',28,'527fa6dd0','4fc296399',15984,1927,1653948064,1653948064);
INSERT INTO player_score VALUES('5487edc93',28,'527fa6dd0','513531b54',100448,1922,1653632311,1653632311);
INSERT INTO player_score VALUES('6389124f6',28,'527fa6dd0','576b5ea71',5148,2080,1654035084,1654035084);
INSERT INTO player_score VALUES('5e952bcc9',28,'527fa6dd0','5a678057c',382200,2026,1653902135,1653902135);
INSERT INTO player_score VALUES('6310f9aef',28,'527fa6dd0','629df8c0c',250705,1986,1654022491,1654022491);
INSERT INTO player_score VALUES('636a3acef',28,'527fa6dd0','63039fb80',149650,2137,1654031850,1654031850);
INSERT INTO player_score VALUES('5f4ecdc2b',28,'529a2516a','103836525',323901,2124,1653921600,1653921600);
INSERT INTO player_score VALUES('4d35a005f',28,'529a2516a','21a44536e',68800,1617,1653435776,1653435776);
INSERT INTO player_score VALUES('5cb3ba466',28,'529a2516a','265d8c6bf',371490,1953,1653851652,1653851652);
INSERT INTO player_score VALUES('63436a461',28,'529a2516a','47a59bac7',39360,2107,1654027780,1654027780);
INSERT INTO player_score VALUES('6110e3eb9',28,'529a2516a','4fc296399',134400,2025,1653968795,1653968795);
INSERT INTO player_score VALUES('548e1e455',28,'529a2516a','513531b54',396245,1928,1653632960,1653632960);
INSERT INTO player_score VALUES('635b1ab97',28,'529a2516a','576b5ea71',198360,2047,1654030264,1654030264);
INSERT INTO player_score VALUES('5eb8eca07',28,'529a2516a','5a678057c',515778,2082,1653905884,1653905884);
INSERT INTO player_score VALUES('630e7a097',28,'529a2516a','629df8c0c',436800,1936,1654022229,1654022229);
INSERT INTO player_score VALUES('6190965aa',28,'52b234c26','103836525',29484,2187,1653982185,1653982185);
INSERT INTO player_score VALUES('539762324',28,'52b234c26','21a44536e',0,1844,1653607088,1653607088);
INSERT INTO player_score VALUES('62db23ee8',28,'52b234c26','265d8c6bf',32928,2175,1654016846,1654016846);
INSERT INTO player_score VALUES('5fb53804b',28,'52b234c26','39d82b1fc',27302,2241,1653932339,1653932339);
INSERT INTO player_score VALUES('5a7ca27d2',28,'52b234c26','41b38177c',186120,1976,1653792188,1653792188);
INSERT INTO player_score VALUES('636dc9726',28,'52b234c26','47a59bac7',262727,2115,1654032223,1654032223);
INSERT INTO player_score VALUES('6103d334d',28,'52b234c26','4fc296399',323792,2019,1653967425,1653967425);
INSERT INTO player_score VALUES('544da178e',28,'52b234c26','513531b54',355740,1788,1653626198,1653626198);
INSERT INTO player_score VALUES('633f7035b',28,'52b234c26','576b5ea71',256680,2028,1654027363,1654027363);
INSERT INTO player_score VALUES('5ea04f57d',28,'52b234c26','5a678057c',88616,2038,1653903303,1653903303);
INSERT INTO player_score VALUES('6312d3525',28,'52b234c26','629df8c0c',2064,2010,1654022685,1654022685);
INSERT INTO player_score VALUES('63650d1eb',28,'52b234c26','63039fb80',21973,2036,1654031307,1654031307);
INSERT INTO player_score VALUES('638cfb478',28,'52e978b6e','103836525',165165,2249,1654035494,1654035494);
INSERT INTO player_score VALUES('522abf080',28,'52e978b6e','21a44536e',92736,1801,1653568853,1653568853);
INSERT INTO player_score VALUES('637eaf9c5',28,'52e978b6e','265d8c6bf',4320,2198,1654033995,1654033995);
INSERT INTO player_score VALUES('62bf1a34a',28,'52e978b6e','39d82b1fc',114114,2407,1654013906,1654013906);
INSERT INTO player_score VALUES('5777cbd17',28,'52e978b6e','41b38177c',19350,1752,1653711150,1653711150);
INSERT INTO player_score VALUES('60cb60880',28,'52e978b6e','47a59bac7',13468,1907,1653961506,1653961506);
INSERT INTO player_score VALUES('6157f067d',28,'52e978b6e','4fc296399',8272,2062,1653976245,1653976245);
INSERT INTO player_score VALUES('54809103a',28,'52e978b6e','513531b54',307440,1905,1653631539,1653631539);
INSERT INTO player_score VALUES('61e672578',28,'52e978b6e','576b5ea71',95040,1774,1653991188,1653991188);
INSERT INTO player_score VALUES('5e773000e',28,'52e978b6e','5a678057c',68904,1981,1653898991,1653898991);
INSERT INTO player_score VALUES('630b286c4',28,'52e978b6e','629df8c0c',194102,1870,1654021881,1654021881);
INSERT INTO player_score VALUES('636dd3374',28,'52e978b6e','63039fb80',131387,2199,1654032227,1654032227);
INSERT INTO player_score VALUES('4b4581303',28,'53770b62c','103836525',150336,1577,1653383754,1653383754);
INSERT INTO player_score VALUES('53c378d11',28,'53770b62c','21a44536e',65286,1851,1653611711,1653611711);
INSERT INTO player_score VALUES('60ee74003',28,'53770b62c','265d8c6bf',33516,2083,1653965184,1653965184);
INSERT INTO player_score VALUES('5d45b752f',28,'53770b62c','39d82b1fc',100800,2105,1653866960,1653866960);
INSERT INTO player_score VALUES('59df5fb78',28,'53770b62c','41b38177c',585,1923,1653775698,1653775698);
INSERT INTO player_score VALUES('610d18432',28,'53770b62c','47a59bac7',251940,1927,1653968397,1653968397);
INSERT INTO player_score VALUES('614f1ba90',28,'53770b62c','4fc296399',49664,2054,1653975319,1653975319);
INSERT INTO player_score VALUES('548e39211',28,'53770b62c','513531b54',161304,1929,1653632971,1653632971);
INSERT INTO player_score VALUES('631dc12d1',28,'53770b62c','576b5ea71',210600,1998,1654023831,1654023831);
INSERT INTO player_score VALUES('5ea134d70',28,'53770b62c','5a678057c',198250,2039,1653903397,1653903397);
INSERT INTO player_score VALUES('6311fc761',28,'53770b62c','629df8c0c',16280,2000,1654022597,1654022597);
INSERT INTO player_score VALUES('636091a9d',28,'53770b62c','63039fb80',242520,1934,1654030837,1654030837);
INSERT INTO player_score VALUES('61cbafc2e',28,'53a10b5ab','103836525',182988,2193,1653988382,1653988382);
INSERT INTO player_score VALUES('53c46cf71',28,'53a10b5ab','21a44536e',199578,1852,1653611811,1653611811);
INSERT INTO player_score VALUES('617e11285',28,'53a10b5ab','265d8c6bf',13325,2111,1653980243,1653980243);
INSERT INTO player_score VALUES('6302ed7cf',28,'53a10b5ab','39d82b1fc',22792,2424,1654021018,1654021018);
INSERT INTO player_score VALUES('5b0727e95',28,'53a10b5ab','41b38177c',82782,2027,1653806713,1653806713);
INSERT INTO player_score VALUES('638702f5d',28,'53a10b5ab','47a59bac7',227799,2118,1654034868,1654034868);
INSERT INTO player_score VALUES('611a0e1da',28,'53a10b5ab','4fc296399',51359,2030,1653969756,1653969756);
INSERT INTO player_score VALUES('548f963cc',28,'53a10b5ab','513531b54',84600,1933,1653633114,1653633114);
INSERT INTO player_score VALUES('6380d4ee6',28,'53a10b5ab','576b5ea71',48314,2073,1654034220,1654034220);
INSERT INTO player_score VALUES('630caf0af',28,'53a10b5ab','629df8c0c',16640,1894,1654022041,1654022041);
INSERT INTO player_score VALUES('636540623',28,'53a10b5ab','63039fb80',59363,2040,1654031328,1654031328);
INSERT INTO player_score VALUES('5c97367be',28,'542b318d4','103836525',1750,2053,1653848662,1653848662);
INSERT INTO player_score VALUES('63aa585e5',28,'542b318d4','265d8c6bf',89528,2205,1654038573,1654038573);
INSERT INTO player_score VALUES('631d4988b',28,'542b318d4','39d82b1fc',16416,2434,1654023782,1654023782);
INSERT INTO player_score VALUES('58acc6f13',28,'542b318d4','41b38177c',75392,1828,1653743549,1653743549);
INSERT INTO player_score VALUES('63422ce5c',28,'542b318d4','47a59bac7',153258,2104,1654027650,1654027650);
INSERT INTO player_score VALUES('5fd2ab144',28,'542b318d4','4fc296399',199962,1864,1653935427,1653935427);
INSERT INTO player_score VALUES('54054687e',28,'542b318d4','513531b54',624,1603,1653618611,1653618611);
INSERT INTO player_score VALUES('62df2a3a6',28,'542b318d4','576b5ea71',11700,1958,1654017268,1654017268);
INSERT INTO player_score VALUES('5ec155f32',28,'542b318d4','5a678057c',16100,2098,1653906766,1653906766);
INSERT INTO player_score VALUES('6367263d4',28,'542b318d4','63039fb80',23760,2082,1654031527,1654031527);
INSERT INTO player_score VALUES('5d1da2174',28,'54abfa502','103836525',141588,2065,1653862757,1653862757);
INSERT INTO player_score VALUES('5c4770198',28,'54abfa502','265d8c6bf',112148,1941,1653840297,1653840297);
INSERT INTO player_score VALUES('6159c526e',28,'54abfa502','39d82b1fc',43896,2316,1653976437,1653976437);
INSERT INTO player_score VALUES('5ab606e3c',28,'54abfa502','41b38177c',950600,1997,1653798206,1653798206);
INSERT INTO player_score VALUES('62bdede71',28,'54abfa502','47a59bac7',46200,2062,1654013783,1654013783);
INSERT INTO player_score VALUES('62e7f532d',28,'54abfa502','576b5ea71',5586,1963,1654018190,1654018190);
INSERT INTO player_score VALUES('5e6a17f3f',28,'54abfa502','5a678057c',2709,1958,1653897618,1653897618);
INSERT INTO player_score VALUES('630ff4725',28,'54abfa502','629df8c0c',292842,1966,1654022384,1654022384);
INSERT INTO player_score VALUES('636db5eb2',28,'54abfa502','63039fb80',342873,2197,1654032215,1654032215);
INSERT INTO player_score VALUES('5df4b241f',28,'55a24d637','103836525',25200,2087,1653885308,1653885308);
INSERT INTO player_score VALUES('6329e9f70',28,'55a24d637','265d8c6bf',316455,2186,1654025106,1654025106);
INSERT INTO player_score VALUES('63746a385',28,'55a24d637','39d82b1fc',23140,2457,1654032918,1654032918);
INSERT INTO player_score VALUES('5b24c47d5',28,'55a24d637','41b38177c',135660,2034,1653809818,1653809818);
INSERT INTO player_score VALUES('63a58776b',28,'55a24d637','47a59bac7',401436,2132,1654038068,1654038068);
INSERT INTO player_score VALUES('612a16203',28,'55a24d637','4fc296399',748743,2040,1653971437,1653971437);
INSERT INTO player_score VALUES('62bccdd34',28,'55a24d637','576b5ea71',220896,1934,1654013665,1654013665);
INSERT INTO player_score VALUES('636d6cae1',28,'55a24d637','63039fb80',8540,2193,1654032185,1654032185);
INSERT INTO player_score VALUES('4dadf0ca6',28,'565e123af','103836525',60552,1636,1653448392,1653448392);
INSERT INTO player_score VALUES('630f81b78',28,'565e123af','265d8c6bf',45240,2183,1654022337,1654022337);
INSERT INTO player_score VALUES('62cfc0e7e',28,'565e123af','39d82b1fc',20313,2414,1654015652,1654015652);
INSERT INTO player_score VALUES('56e15aa47',28,'565e123af','41b38177c',9000,1700,1653695375,1653695375);
INSERT INTO player_score VALUES('62fd4a9c6',28,'565e123af','47a59bac7',58765,2079,1654020427,1654020427);
INSERT INTO player_score VALUES('608fa5fdb',28,'565e123af','4fc296399',102432,1963,1653955243,1653955243);
INSERT INTO player_score VALUES('63161b2a7',28,'565e123af','576b5ea71',259840,1991,1654023029,1654023029);
INSERT INTO player_score VALUES('5e63995a7',28,'565e123af','5a678057c',72226,1947,1653896937,1653896937);
INSERT INTO player_score VALUES('630f8694c',28,'565e123af','629df8c0c',95282,1959,1654022339,1654022339);
INSERT INTO player_score VALUES('636f9bbfd',28,'565e123af','63039fb80',14784,2232,1654032414,1654032414);
INSERT INTO player_score VALUES('62af8eb72',28,'57e906a2d','103836525',130152,2211,1654012276,1654012276);
INSERT INTO player_score VALUES('63285e70b',28,'57e906a2d','265d8c6bf',207480,2185,1654024944,1654024944);
INSERT INTO player_score VALUES('62e475354',28,'57e906a2d','39d82b1fc',137940,2420,1654017823,1654017823);
INSERT INTO player_score VALUES('5b025be68',28,'57e906a2d','41b38177c',13680,2024,1653806210,1653806210);
INSERT INTO player_score VALUES('633920000',28,'57e906a2d','47a59bac7',127820,2099,1654026701,1654026701);
INSERT INTO player_score VALUES('60ae91081',28,'57e906a2d','4fc296399',51840,1976,1653958485,1653958485);
INSERT INTO player_score VALUES('622d7ed15',28,'57e906a2d','576b5ea71',356606,1837,1653998638,1653998638);
INSERT INTO player_score VALUES('5e90475b2',28,'57e906a2d','5a678057c',166698,2015,1653901622,1653901622);
INSERT INTO player_score VALUES('6310bf18c',28,'57e906a2d','629df8c0c',8184,1980,1654022467,1654022467);
INSERT INTO player_score VALUES('636824202',28,'57e906a2d','63039fb80',98208,2097,1654031631,1654031631);
INSERT INTO player_score VALUES('62c81120f',28,'59c1701f8','103836525',170544,2214,1654014846,1654014846);
INSERT INTO player_score VALUES('59aed0113',28,'59c1701f8','265d8c6bf',88102,1845,1653770606,1653770606);
INSERT INTO player_score VALUES('6065c0e56',28,'59c1701f8','39d82b1fc',102306,2277,1653950850,1653950850);
INSERT INTO player_score VALUES('5a8c88502',28,'59c1701f8','41b38177c',217875,1984,1653793855,1653793855);
INSERT INTO player_score VALUES('603f2fd9e',28,'59c1701f8','47a59bac7',92928,1861,1653946806,1653946806);
INSERT INTO player_score VALUES('5efb7650f',28,'59c1701f8','4fc296399',200446,1769,1653912861,1653912861);
INSERT INTO player_score VALUES('6358bad4c',28,'59c1701f8','576b5ea71',393766,2046,1654030015,1654030015);
INSERT INTO player_score VALUES('5e6df4ba9',28,'59c1701f8','5a678057c',91553,1962,1653898023,1653898023);
INSERT INTO player_score VALUES('6303344ba',28,'59c1701f8','629df8c0c',97110,1738,1654021047,1654021047);
INSERT INTO player_score VALUES('63704dfae',28,'59c1701f8','63039fb80',7560,2245,1654032487,1654032487);
INSERT INTO player_score VALUES('639586c7c',28,'5a0f42035','103836525',88360,2251,1654036390,1654036390);
INSERT INTO player_score VALUES('635c35ec8',28,'5a0f42035','39d82b1fc',1680,2446,1654030380,1654030380);
INSERT INTO player_score VALUES('58ac4f529',28,'5a0f42035','41b38177c',159536,1827,1653743500,1653743500);
INSERT INTO player_score VALUES('6327c9861',28,'5a0f42035','47a59bac7',85075,2091,1654024883,1654024883);
INSERT INTO player_score VALUES('63836a8fd',28,'5a0f42035','576b5ea71',176046,2074,1654034491,1654034491);
INSERT INTO player_score VALUES('5eadcb7e6',28,'5a0f42035','5a678057c',166896,2065,1653904717,1653904717);
INSERT INTO player_score VALUES('6304a00da',28,'5a0f42035','629df8c0c',39273,1763,1654021196,1654021196);
INSERT INTO player_score VALUES('636a0edb3',28,'5a0f42035','63039fb80',122130,2129,1654031832,1654031832);
INSERT INTO player_score VALUES('61c8175a6',28,'5a75f3115','103836525',199430,2191,1653988005,1653988005);
INSERT INTO player_score VALUES('636527f77',28,'5a75f3115','39d82b1fc',8533,2450,1654031318,1654031318);
INSERT INTO player_score VALUES('5a015f51b',28,'5a75f3115','41b38177c',93984,1937,1653779263,1653779263);
INSERT INTO player_score VALUES('5de532f4d',28,'5a75f3115','47a59bac7',10488,1679,1653883683,1653883683);
INSERT INTO player_score VALUES('611f395ed',28,'5a75f3115','4fc296399',189210,2033,1653970298,1653970298);
INSERT INTO player_score VALUES('63a9d6fde',28,'5a75f3115','576b5ea71',267099,2097,1654038520,1654038520);
INSERT INTO player_score VALUES('5eb179e14',28,'5a75f3115','5a678057c',57246,2070,1653905103,1653905103);
INSERT INTO player_score VALUES('630543a09',28,'5a75f3115','629df8c0c',19008,1775,1654021263,1654021263);
INSERT INTO player_score VALUES('63616fd37',28,'5a75f3115','63039fb80',74760,1957,1654030928,1654030928);
INSERT INTO player_score VALUES('6397ff1d2',28,'5be5f19cf','103836525',25543,2252,1654036649,1654036649);
INSERT INTO player_score VALUES('5d0f2cee2',28,'5be5f19cf','265d8c6bf',428823,1964,1653861241,1653861241);
INSERT INTO player_score VALUES('5e5eab299',28,'5be5f19cf','39d82b1fc',184548,2164,1653896420,1653896420);
INSERT INTO player_score VALUES('632aef2e5',28,'5be5f19cf','47a59bac7',84280,2095,1654025213,1654025213);
INSERT INTO player_score VALUES('5ef37ad83',28,'5be5f19cf','4fc296399',111384,1766,1653912024,1653912024);
INSERT INTO player_score VALUES('62aebcc25',28,'5be5f19cf','576b5ea71',32800,1924,1654012190,1654012190);
INSERT INTO player_score VALUES('630b5e218',28,'5be5f19cf','629df8c0c',20709,1875,1654021903,1654021903);
INSERT INTO player_score VALUES('636cdf102',28,'5be5f19cf','63039fb80',3818,2184,1654032127,1654032127);
INSERT INTO player_score VALUES('5e80b6fa5',28,'5c48cd3b9','103836525',7448,2102,1653899990,1653899990);
INSERT INTO player_score VALUES('617b2132f',28,'5c48cd3b9','265d8c6bf',1680,2108,1653979935,1653979935);
INSERT INTO player_score VALUES('6385aabb8',28,'5c48cd3b9','39d82b1fc',11390,2461,1654034727,1654034727);
INSERT INTO player_score VALUES('62643c7fd',28,'5c48cd3b9','47a59bac7',105336,2039,1654004378,1654004378);
INSERT INTO player_score VALUES('61514fa27',28,'5c48cd3b9','4fc296399',364650,2058,1653975550,1653975550);
INSERT INTO player_score VALUES('637f1fe97',28,'5c48cd3b9','576b5ea71',99705,2069,1654034041,1654034041);
INSERT INTO player_score VALUES('5ec7b25f7',28,'5c48cd3b9','5a678057c',5600,2108,1653907433,1653907433);
INSERT INTO player_score VALUES('6311b33cd',28,'5c48cd3b9','629df8c0c',4464,1996,1654022567,1654022567);
INSERT INTO player_score VALUES('63662101c',28,'5c48cd3b9','63039fb80',65208,2058,1654031420,1654031420);
INSERT INTO player_score VALUES('5c66f283e',28,'5c89897d0','103836525',151536,2048,1653843601,1653843601);
INSERT INTO player_score VALUES('5b649663b',28,'5c89897d0','265d8c6bf',197210,1909,1653816510,1653816510);
INSERT INTO player_score VALUES('5d6cb3cd2',28,'5c89897d0','39d82b1fc',541260,2111,1653871048,1653871048);
INSERT INTO player_score VALUES('628a118cc',28,'5c89897d0','47a59bac7',30960,2050,1654008345,1654008345);
INSERT INTO player_score VALUES('615268615',28,'5c89897d0','4fc296399',60520,2060,1653975665,1653975665);
INSERT INTO player_score VALUES('63c2ebdf4',28,'5c89897d0','576b5ea71',19734,2111,1654041150,1654041150);
INSERT INTO player_score VALUES('5e9d35e82',28,'5c89897d0','5a678057c',300832,2035,1653902978,1653902978);
INSERT INTO player_score VALUES('636f32c44',28,'5c89897d0','63039fb80',12556,2228,1654032371,1654032371);
INSERT INTO player_score VALUES('61cf2adec',28,'5d46fe765','103836525',521664,2194,1653988747,1653988747);
INSERT INTO player_score VALUES('5c67a4bb1',28,'5d46fe765','265d8c6bf',57188,1946,1653843674,1653843674);
INSERT INTO player_score VALUES('631923837',28,'5d46fe765','39d82b1fc',10944,2430,1654023347,1654023347);
INSERT INTO player_score VALUES('638c999f6',28,'5d46fe765','47a59bac7',33228,2119,1654035454,1654035454);
INSERT INTO player_score VALUES('60a09fb16',28,'5d46fe765','4fc296399',1350,1969,1653957023,1653957023);
INSERT INTO player_score VALUES('63797d0a5',28,'5d46fe765','576b5ea71',115776,2066,1654033450,1654033450);
INSERT INTO player_score VALUES('5e641d33c',28,'5d46fe765','5a678057c',59640,1948,1653896991,1653896991);
INSERT INTO player_score VALUES('630e7c785',28,'5d46fe765','629df8c0c',38332,1937,1654022230,1654022230);
INSERT INTO player_score VALUES('636ed5fdc',28,'5d46fe765','63039fb80',22185,2220,1654032333,1654032333);
INSERT INTO player_score VALUES('61b5b1e1b',28,'5e7c6504c','103836525',4700,2189,1653986076,1653986076);
INSERT INTO player_score VALUES('6084ae5ed',28,'5e7c6504c','265d8c6bf',38164,2072,1653954093,1653954093);
INSERT INTO player_score VALUES('63c2cc254',28,'5e7c6504c','39d82b1fc',6708,2477,1654041137,1654041137);
INSERT INTO player_score VALUES('6253d5475',28,'5e7c6504c','47a59bac7',638,2035,1654002658,1654002658);
INSERT INTO player_score VALUES('5f5c16a6a',28,'5e7c6504c','4fc296399',189750,1814,1653922993,1653922993);
INSERT INTO player_score VALUES('62452f465',28,'5e7c6504c','576b5ea71',209291,1853,1654001122,1654001122);
INSERT INTO player_score VALUES('5e71af527',28,'5e7c6504c','5a678057c',69160,1969,1653898414,1653898414);
INSERT INTO player_score VALUES('630ada49b',28,'5e7c6504c','629df8c0c',118818,1866,1654021849,1654021849);
INSERT INTO player_score VALUES('636dda8aa',28,'5e7c6504c','63039fb80',164430,2200,1654032230,1654032230);
INSERT INTO player_score VALUES('5f3308651',28,'5ea703a84','103836525',134232,2120,1653918688,1653918688);
INSERT INTO player_score VALUES('62bcb2fad',28,'5ea703a84','265d8c6bf',271040,2165,1654013654,1654013654);
INSERT INTO player_score VALUES('62baf6a55',28,'5ea703a84','39d82b1fc',119658,2405,1654013472,1654013472);
INSERT INTO player_score VALUES('63a0e27fb',28,'5ea703a84','47a59bac7',534600,2128,1654037581,1654037581);
INSERT INTO player_score VALUES('612dac1a9',28,'5ea703a84','4fc296399',516780,2043,1653971813,1653971813);
INSERT INTO player_score VALUES('63270152c',28,'5ea703a84','576b5ea71',115255,2002,1654024801,1654024801);
INSERT INTO player_score VALUES('5d956062a',28,'5ea703a84','5a678057c',372008,1564,1653875313,1653875313);
INSERT INTO player_score VALUES('630e5087b',28,'5ea703a84','629df8c0c',275906,1934,1654022212,1654022212);
INSERT INTO player_score VALUES('636ef0da0',28,'5ea703a84','63039fb80',1140,2222,1654032344,1654032344);
INSERT INTO player_score VALUES('5f42a9da3',28,'5ed896181','103836525',8748,2122,1653920327,1653920327);
INSERT INTO player_score VALUES('5d589e2ec',28,'5ed896181','265d8c6bf',143514,1976,1653868942,1653868942);
INSERT INTO player_score VALUES('607e06478',28,'5ed896181','39d82b1fc',4698,2283,1653953395,1653953395);
INSERT INTO player_score VALUES('60d9ce5d0',28,'5ed896181','47a59bac7',66912,1913,1653963019,1653963019);
INSERT INTO player_score VALUES('60d8d7ca8',28,'5ed896181','4fc296399',16821,1991,1653962918,1653962918);
INSERT INTO player_score VALUES('63b24ef6a',28,'5ed896181','576b5ea71',2700,2102,1654039408,1654039408);
INSERT INTO player_score VALUES('63054fd91',28,'5ed896181','629df8c0c',227409,1777,1654021268,1654021268);
INSERT INTO player_score VALUES('635fc978e',28,'5ed896181','63039fb80',126000,1914,1654030755,1654030755);
INSERT INTO player_score VALUES('63c346352',28,'5faac91e9','103836525',41952,2256,1654041187,1654041187);
INSERT INTO player_score VALUES('62b5cb64b',28,'5faac91e9','265d8c6bf',374220,2163,1654012930,1654012930);
INSERT INTO player_score VALUES('622a80375',28,'5faac91e9','39d82b1fc',254332,2370,1653998324,1653998324);
INSERT INTO player_score VALUES('6340a3d53',28,'5faac91e9','47a59bac7',3960,2102,1654027489,1654027489);
INSERT INTO player_score VALUES('60fd8f314',28,'5faac91e9','4fc296399',21708,2012,1653966768,1653966768);
INSERT INTO player_score VALUES('6335fcc6f',28,'5faac91e9','576b5ea71',11392,2021,1654026372,1654026372);
INSERT INTO player_score VALUES('6304741d1',28,'5faac91e9','629df8c0c',18018,1757,1654021178,1654021178);
INSERT INTO player_score VALUES('636728ad9',28,'5faac91e9','63039fb80',297,2083,1654031528,1654031528);
INSERT INTO player_score VALUES('6281b6de3',28,'6061e900c','103836525',54516,2206,1654007469,1654007469);
INSERT INTO player_score VALUES('5e01aa8f1',28,'6061e900c','265d8c6bf',451440,1990,1653886668,1653886668);
INSERT INTO player_score VALUES('627179295',28,'6061e900c','47a59bac7',264627,2042,1654005766,1654005766);
INSERT INTO player_score VALUES('6066731e3',28,'6061e900c','4fc296399',44820,1939,1653950923,1653950923);
INSERT INTO player_score VALUES('63695a320',28,'6061e900c','576b5ea71',191590,2059,1654031758,1654031758);
INSERT INTO player_score VALUES('630618072',28,'6061e900c','629df8c0c',375293,1793,1654021350,1654021350);
INSERT INTO player_score VALUES('636fa314b',28,'6061e900c','63039fb80',181350,2234,1654032417,1654032417);
INSERT INTO player_score VALUES('6292a1ee5',28,'63089c91d','265d8c6bf',523218,2160,1654009243,1654009243);
INSERT INTO player_score VALUES('62b8dff6d',28,'63089c91d','39d82b1fc',59072,2404,1654013253,1654013253);
INSERT INTO player_score VALUES('62728344c',28,'63089c91d','47a59bac7',25760,2043,1654005875,1654005875);
INSERT INTO player_score VALUES('63c265989',28,'63089c91d','576b5ea71',25137,2110,1654041095,1654041095);
INSERT INTO player_score VALUES('631312c84',28,'63089c91d','629df8c0c',3430,2011,1654022711,1654022711);
INSERT INTO player_score VALUES('637026ead',28,'63089c91d','63039fb80',278388,2244,1654032471,1654032471);
INSERT INTO player_score VALUES('62cefb28d',28,'633b93727','103836525',1377,2216,1654015571,1654015571);
INSERT INTO player_score VALUES('63a5bfa18',28,'633b93727','39d82b1fc',50949,2470,1654038091,1654038091);
INSERT INTO player_score VALUES('62ab0becb',28,'633b93727','576b5ea71',375402,1921,1654011803,1654011803);
INSERT INTO player_score VALUES('63698fe8a',28,'633b93727','63039fb80',434625,2116,1654031780,1654031780);
INSERT INTO player_score VALUES('5f7e2c39a',28,'636e8a523','103836525',120960,2130,1653926567,1653926567);
INSERT INTO player_score VALUES('61b644586',28,'636e8a523','265d8c6bf',199430,2118,1653986136,1653986136);
INSERT INTO player_score VALUES('627ee91b2',28,'636e8a523','39d82b1fc',106575,2388,1654007175,1654007175);
INSERT INTO player_score VALUES('62489bba8',28,'636e8a523','47a59bac7',83160,2028,1654001481,1654001481);
INSERT INTO player_score VALUES('6328f5d20',28,'636e8a523','576b5ea71',28350,2006,1654025006,1654025006);
INSERT INTO player_score VALUES('636f157b5',28,'636e8a523','63039fb80',3792,2224,1654032359,1654032359);
INSERT INTO player_score VALUES('577a26d7b',28,'d096e580','103836525',121410,1899,1653711397,1653711397);
INSERT INTO player_score VALUES('4c01fab0c',28,'d096e580','21a44536e',169290,1569,1653403517,1653403517);
INSERT INTO player_score VALUES('2788cd4ea',28,'d096e580','241b4ea29',105264,763,1652424443,1652424443);
INSERT INTO player_score VALUES('617d15b22',28,'d096e580','265d8c6bf',95976,2110,1653980140,1653980140);
INSERT INTO player_score VALUES('5c86a3507',28,'d096e580','39d82b1fc',260820,2062,1653846924,1653846924);
INSERT INTO player_score VALUES('5add369b8',28,'d096e580','41b38177c',16104,2007,1653802315,1653802315);
INSERT INTO player_score VALUES('5474990cf',28,'d096e580','513531b54',400140,1878,1653630284,1653630284);
INSERT INTO player_score VALUES('63b0b4c93',28,'d096e580','576b5ea71',291840,2101,1654039240,1654039240);
INSERT INTO player_score VALUES('5eb6a7928',28,'d096e580','5a678057c',187110,2079,1653905646,1653905646);
INSERT INTO player_score VALUES('63122ad9d',28,'d096e580','629df8c0c',88704,2003,1654022616,1654022616);
INSERT INTO player_score VALUES('6364fe780',28,'d096e580','63039fb80',292824,2035,1654031301,1654031301);
INSERT INTO player_score VALUES('6326873ff',28,'d0adefa4','103836525',93177,2230,1654024751,1654024751);
INSERT INTO player_score VALUES('50d783c29',28,'d0adefa4','21a44536e',38556,1745,1653533282,1653533282);
INSERT INTO player_score VALUES('276fbad97',28,'d0adefa4','241b4ea29',641700,736,1652421814,1652421814);
INSERT INTO player_score VALUES('60ca147af',28,'d0adefa4','39d82b1fc',80104,2293,1653961370,1653961370);
INSERT INTO player_score VALUES('57e091182',28,'d0adefa4','41b38177c',516600,1781,1653722136,1653722136);
INSERT INTO player_score VALUES('62f7d3ae5',28,'d0adefa4','47a59bac7',328104,2077,1654019854,1654019854);
INSERT INTO player_score VALUES('613aa1f4a',28,'d0adefa4','4fc296399',8970,2044,1653973172,1653973172);
INSERT INTO player_score VALUES('545e2d4d4',28,'d0adefa4','513531b54',216600,1827,1653627933,1653627933);
INSERT INTO player_score VALUES('63685eb79',28,'d0adefa4','576b5ea71',52480,2058,1654031655,1654031655);
INSERT INTO player_score VALUES('5ea5622e8',28,'d0adefa4','5a678057c',2124,2044,1653903835,1653903835);
INSERT INTO player_score VALUES('630f3605a',28,'d0adefa4','629df8c0c',383344,1953,1654022306,1654022306);
INSERT INTO player_score VALUES('6368639da',28,'d0adefa4','63039fb80',3420,2101,1654031657,1654031657);
INSERT INTO player_score VALUES('5e018d424',28,'d32383a6','103836525',61152,2090,1653886656,1653886656);
INSERT INTO player_score VALUES('48669f4c4',28,'d32383a6','21a44536e',340470,1441,1653306696,1653306696);
INSERT INTO player_score VALUES('278129bd2',28,'d32383a6','241b4ea29',5320,754,1652423642,1652423642);
INSERT INTO player_score VALUES('5e5114255',28,'d32383a6','265d8c6bf',456228,1997,1653894995,1653894995);
INSERT INTO player_score VALUES('626692a33',28,'d32383a6','39d82b1fc',350546,2382,1654004623,1654004623);
INSERT INTO player_score VALUES('5a69837c3',28,'d32383a6','41b38177c',1400,1973,1653790183,1653790183);
INSERT INTO player_score VALUES('5f26a01d8',28,'d32383a6','4fc296399',72828,1788,1653917387,1653917387);
INSERT INTO player_score VALUES('545b2c47c',28,'d32383a6','513531b54',1232,1823,1653627618,1653627618);
INSERT INTO player_score VALUES('63475f733',28,'d32383a6','576b5ea71',87690,2033,1654028195,1654028195);
INSERT INTO player_score VALUES('63108bcfd',28,'d32383a6','629df8c0c',315210,1976,1654022446,1654022446);
INSERT INTO player_score VALUES('636c899ee',28,'d32383a6','63039fb80',344172,2181,1654032092,1654032092);
INSERT INTO player_score VALUES('62a2261b8',28,'e312f389','103836525',0,2209,1654010870,1654010870);
INSERT INTO player_score VALUES('53ba0f242',28,'e312f389','21a44536e',144584,1850,1653610724,1653610724);
INSERT INTO player_score VALUES('277b47617',28,'e312f389','241b4ea29',73968,747,1652423025,1652423025);
INSERT INTO player_score VALUES('63396e1ea',28,'e312f389','265d8c6bf',48720,2189,1654026733,1654026733);
INSERT INTO player_score VALUES('62aef2752',28,'e312f389','39d82b1fc',9384,2398,1654012212,1654012212);
INSERT INTO player_score VALUES('5af31e8a4',28,'e312f389','41b38177c',97128,2017,1653804612,1653804612);
INSERT INTO player_score VALUES('62cc5bc25',28,'e312f389','47a59bac7',87308,2064,1654015296,1654015296);
INSERT INTO player_score VALUES('613c4fa81',28,'e312f389','4fc296399',65790,2047,1653973348,1653973348);
INSERT INTO player_score VALUES('54965e128',28,'e312f389','513531b54',105600,1944,1653633825,1653633825);
INSERT INTO player_score VALUES('5eb3a6837',28,'e312f389','5a678057c',485228,2074,1653905331,1653905331);
INSERT INTO player_score VALUES('630ea5fcd',28,'e312f389','629df8c0c',41184,1942,1654022247,1654022247);
INSERT INTO player_score VALUES('636603b1c',28,'e312f389','63039fb80',172550,2056,1654031408,1654031408);
INSERT INTO player_score VALUES('5d1c75d03',28,'ff528cb8','103836525',35280,2064,1653862634,1653862634);
INSERT INTO player_score VALUES('51dc5d1de',28,'ff528cb8','21a44536e',95776,1786,1653560634,1653560634);
INSERT INTO player_score VALUES('277975130',28,'ff528cb8','241b4ea29',37125,744,1652422834,1652422834);
INSERT INTO player_score VALUES('5e332976c',28,'ff528cb8','265d8c6bf',8052,1993,1653891858,1653891858);
INSERT INTO player_score VALUES('636c6c55d',28,'ff528cb8','39d82b1fc',0,2451,1654032080,1654032080);
INSERT INTO player_score VALUES('5af27fd31',28,'ff528cb8','41b38177c',300762,2016,1653804547,1653804547);
INSERT INTO player_score VALUES('6201104fe',28,'ff528cb8','47a59bac7',368098,2008,1653993979,1653993979);
INSERT INTO player_score VALUES('6019e8660',28,'ff528cb8','4fc296399',144480,1895,1653942897,1653942897);
INSERT INTO player_score VALUES('549b4eb77',28,'ff528cb8','513531b54',188292,1964,1653634343,1653634343);
INSERT INTO player_score VALUES('63a0f1258',28,'ff528cb8','576b5ea71',75852,2090,1654037587,1654037587);
INSERT INTO player_score VALUES('5e87bbd82',28,'ff528cb8','5a678057c',20790,2006,1653900726,1653900726);
INSERT INTO player_score VALUES('630dd1929',28,'ff528cb8','629df8c0c',31104,1921,1654022160,1654022160);
INSERT INTO player_score VALUES('636b0a4ff',28,'ff528cb8','63039fb80',200200,2155,1654031935,1654031935);
COMMIT;
