
BEGIN;
CREATE TABLE IF NOT EXISTS competition (
  id VARCHAR(255) NOT NULL PRIMARY KEY,
  tenant_id BIGINT NOT NULL,
  title TEXT NOT NULL,
  finished_at BIGINT NULL,
  created_at BIGINT NOT NULL,
  updated_at BIGINT NOT NULL
);
INSERT INTO competition VALUES('1d95b8164',29,'薔薇駆動開発杯',1652869351,1652157362,1652869351);
INSERT INTO competition VALUES('286ff1a93',29,'船橋劇場 vol.0',1653179802,1652448680,1653179802);
INSERT INTO competition VALUES('4298967b5',29,'滑り込みごぼう一択',NULL,1653150874,1653953200);
INSERT INTO competition VALUES('520f8e979',29,'第8回 ハー.rs',NULL,1653566002,1653808757);
INSERT INTO competition VALUES('5acc77817',29,'第4回 課金教室',1653820500,1653800559,1653820500);
CREATE TABLE IF NOT EXISTS player (
  id VARCHAR(255) NOT NULL PRIMARY KEY,
  tenant_id BIGINT NOT NULL,
  display_name TEXT NOT NULL,
  is_disqualified BOOLEAN NOT NULL,
  created_at BIGINT NOT NULL,
  updated_at BIGINT NOT NULL
);
INSERT INTO player VALUES('cf2fdb6b',29,'Estel Steuber',0,1651710802,1652770893);
INSERT INTO player VALUES('d81bf1f0',29,'Efren Klocko IV',0,1651725771,1651762060);
INSERT INTO player VALUES('e7234bb9',29,'Emmanuelle Skiles',1,1651750985,1652494499);
INSERT INTO player VALUES('fc956859',29,'Kirsten Nolan',0,1651786965,1653059630);
INSERT INTO player VALUES('fe2cf845',29,'Hugh Mayert',0,1651789636,1652046009);
INSERT INTO player VALUES('101ca4354',29,'Reva Stark',0,1651795700,1652820503);
INSERT INTO player VALUES('103d8ff64',29,'Ms. Freida Rodriguez',1,1651799152,1652522129);
INSERT INTO player VALUES('105c73a90',29,'Corene Medhurst V',0,1651802391,1652052531);
INSERT INTO player VALUES('17b14ad8f',29,'Rasheed O"Hara',0,1651999192,1653972979);
INSERT INTO player VALUES('18b3b3322',29,'Verna Bauch',0,1652026288,1652904389);
INSERT INTO player VALUES('1aa39c55d',29,'Brayan Douglas DDS',0,1652078288,1652671261);
INSERT INTO player VALUES('1c04eb1b8',29,'Christopher Cormier',0,1652115335,1653782183);
INSERT INTO player VALUES('1c3f9b850',29,'Adelbert Breitenberg',0,1652121489,1653309800);
INSERT INTO player VALUES('207f23ba8',29,'Euna Waelchi',1,1652235525,1652330021);
INSERT INTO player VALUES('21b814063',29,'Efren Connelly',0,1652268339,1652652529);
INSERT INTO player VALUES('241d47ffd',29,'Sharon Braun',0,1652332638,1653010801);
INSERT INTO player VALUES('24230a9a1',29,'Mitchel Spencer PhD',0,1652333242,1653864660);
INSERT INTO player VALUES('27530d894',29,'Ms. Marlen Bogisich',0,1652418807,1652503346);
INSERT INTO player VALUES('2a80b570e',29,'Kelsie Keebler DDS',0,1652504125,1653721519);
INSERT INTO player VALUES('2ab7d4c20',29,'Angelica McKenzie',0,1652509905,1654021876);
INSERT INTO player VALUES('2c27ff3ee',29,'Cecelia Tillman',1,1652548510,1653817471);
INSERT INTO player VALUES('2f689a39f',29,'Ms. Priscilla O"Kon Sr.',0,1652635815,1653700894);
INSERT INTO player VALUES('30025f73d',29,'Isobel Stanton',0,1652651939,1652704687);
INSERT INTO player VALUES('3046e767d',29,'Mr. Davon Hammes',0,1652659125,1653455998);
INSERT INTO player VALUES('32c7cfacd',29,'Norberto Cole',0,1652726329,1653468999);
INSERT INTO player VALUES('33550f55b',29,'Jessica Luettgen',1,1652741140,1653164605);
INSERT INTO player VALUES('3aa31c3d8',29,'Ms. Rosalyn Gibson I',0,1652937229,1653266607);
INSERT INTO player VALUES('3f8a75df8',29,'Buck Greenfelder',0,1653068862,1653257933);
INSERT INTO player VALUES('420222dd6',29,'Howard Mann MD',0,1653135098,1653772753);
INSERT INTO player VALUES('42afb6e3b',29,'Palma Wintheiser',0,1653153299,1653571599);
INSERT INTO player VALUES('4303c7e2f',29,'Rosanna Christiansen',0,1653162114,1653706617);
INSERT INTO player VALUES('432ea6044',29,'Anika Tremblay',0,1653166609,1653870647);
INSERT INTO player VALUES('44f391464',29,'Mr. Cruz Goldner',0,1653214101,1653506148);
INSERT INTO player VALUES('471377921',29,'Maye Schneider',0,1653271133,1653465162);
INSERT INTO player VALUES('47656f706',29,'Mr. Toy Donnelly MD',0,1653279728,1653936486);
INSERT INTO player VALUES('48261da12',29,'Claudia Schultz',0,1653299932,1653683211);
INSERT INTO player VALUES('49af2c2cb',29,'Mr. Alberto Walter',0,1653341147,1654010200);
INSERT INTO player VALUES('4c4495779',29,'Ulises Cummerata',0,1653410501,1653597230);
INSERT INTO player VALUES('4c788cb1d',29,'Mr. Glennie Mraz',0,1653415950,1653875790);
INSERT INTO player VALUES('4fd098a67',29,'Wilfred Bashirian IV',0,1653505713,1653897119);
INSERT INTO player VALUES('51922d6aa',29,'Malvina Johnson',0,1653552855,1653895051);
INSERT INTO player VALUES('520e95915',29,'Amparo Mayer',0,1653565900,1653603334);
INSERT INTO player VALUES('53c688815',29,'Sonny O"Hara',0,1653612032,1654039004);
INSERT INTO player VALUES('53f1aafe5',29,'Kayli Schuster',1,1653616555,1653725518);
INSERT INTO player VALUES('54852c375',29,'Ms. Krystina Leannon',0,1653632022,1653735460);
INSERT INTO player VALUES('549619bb3',29,'Isaias Rodriguez',0,1653633797,1653681421);
INSERT INTO player VALUES('5728957fd',29,'Dylan Wuckert',0,1653702844,1653837075);
INSERT INTO player VALUES('5839b009f',29,'Domingo Lemke',0,1653731481,1654019478);
INSERT INTO player VALUES('5a4f66e8c',29,'Ms. Danyka Murray IV',0,1653787445,1653904591);
INSERT INTO player VALUES('5fd774ac6',29,'Elinor Kuhic',0,1653935929,1654022324);
INSERT INTO player VALUES('60018f7b1',29,'Arely Koss',0,1653940344,1653993724);
INSERT INTO player VALUES('621fc8132',29,'Lempi Schoen',0,1653997200,1654012633);
INSERT INTO player VALUES('62ca0810c',29,'Helen Larson PhD',0,1654015052,1654029469);
CREATE TABLE IF NOT EXISTS IF NOT EXISTS "player_score" (
                              id VARCHAR(255) NOT NULL PRIMARY KEY,
                              tenant_id BIGINT NOT NULL,
                              player_id VARCHAR(255) NOT NULL,
                              competition_id VARCHAR(255) NOT NULL,
                              score BIGINT NOT NULL,
                              row_num BIGINT NOT NULL,
                              created_at BIGINT NOT NULL,
                              updated_at BIGINT NOT NULL
);
INSERT INTO player_score VALUES('43415e7c2',29,'101ca4354','286ff1a93',474810,619,1653168572,1653168572);
INSERT INTO player_score VALUES('5ee41b4cf',29,'101ca4354','4298967b5',98685,813,1653910412,1653910412);
INSERT INTO player_score VALUES('5b8123f1e',29,'101ca4354','5acc77817',0,957,1653819504,1653819504);
INSERT INTO player_score VALUES('3625ace1a',29,'103d8ff64','1d95b8164',187920,447,1652816702,1652816702);
INSERT INTO player_score VALUES('43379f62f',29,'103d8ff64','286ff1a93',79288,617,1653167550,1653167550);
INSERT INTO player_score VALUES('6384a57c9',29,'103d8ff64','4298967b5',6270,959,1654034620,1654034620);
INSERT INTO player_score VALUES('627280d68',29,'103d8ff64','520f8e979',16616,922,1654005874,1654005874);
INSERT INTO player_score VALUES('5b89244a6',29,'103d8ff64','5acc77817',593516,1011,1653820343,1653820343);
INSERT INTO player_score VALUES('368761174',29,'105c73a90','1d95b8164',8064,452,1652826947,1652826947);
INSERT INTO player_score VALUES('42edd63a3',29,'105c73a90','286ff1a93',321300,609,1653159813,1653159813);
INSERT INTO player_score VALUES('637e46a02',29,'105c73a90','4298967b5',580608,958,1654033952,1654033952);
INSERT INTO player_score VALUES('63465a3c9',29,'105c73a90','520f8e979',35700,968,1654028088,1654028088);
INSERT INTO player_score VALUES('5b7d3fdb4',29,'105c73a90','5acc77817',203,933,1653819096,1653819096);
INSERT INTO player_score VALUES('3779cda14',29,'17b14ad8f','1d95b8164',3380,465,1652852367,1652852367);
INSERT INTO player_score VALUES('42d6876d7',29,'17b14ad8f','286ff1a93',81528,606,1653157369,1653157369);
INSERT INTO player_score VALUES('606967f22',29,'17b14ad8f','4298967b5',5292,863,1653951233,1653951233);
INSERT INTO player_score VALUES('630282120',29,'17b14ad8f','520f8e979',423225,952,1654020974,1654020974);
INSERT INTO player_score VALUES('5b796cd91',29,'17b14ad8f','5acc77817',84456,914,1653818695,1653818695);
INSERT INTO player_score VALUES('371e820cf',29,'18b3b3322','1d95b8164',200736,462,1652842794,1652842794);
INSERT INTO player_score VALUES('43290805f',29,'18b3b3322','286ff1a93',166474,615,1653166020,1653166020);
INSERT INTO player_score VALUES('6222517e6',29,'18b3b3322','4298967b5',54432,921,1653997466,1653997466);
INSERT INTO player_score VALUES('635714767',29,'18b3b3322','520f8e979',0,970,1654029842,1654029842);
INSERT INTO player_score VALUES('5b88fd399',29,'18b3b3322','5acc77817',56232,1010,1653820327,1653820327);
INSERT INTO player_score VALUES('36243eaa0',29,'1aa39c55d','1d95b8164',381672,446,1652816552,1652816552);
INSERT INTO player_score VALUES('413a8f903',29,'1aa39c55d','286ff1a93',97980,563,1653114171,1653114171);
INSERT INTO player_score VALUES('620e23776',29,'1aa39c55d','4298967b5',105248,918,1653995350,1653995350);
INSERT INTO player_score VALUES('62ced1a25',29,'1aa39c55d','520f8e979',106260,941,1654015554,1654015554);
INSERT INTO player_score VALUES('5b7e2a385',29,'1aa39c55d','5acc77817',132000,941,1653819192,1653819192);
INSERT INTO player_score VALUES('37f8d52ca',29,'1c04eb1b8','1d95b8164',107778,473,1652865687,1652865687);
INSERT INTO player_score VALUES('42f39db75',29,'1c04eb1b8','286ff1a93',95040,610,1653160419,1653160419);
INSERT INTO player_score VALUES('629aff089',29,'1c04eb1b8','4298967b5',53568,938,1654010120,1654010120);
INSERT INTO player_score VALUES('63c550ad2',29,'1c04eb1b8','520f8e979',154800,994,1654041401,1654041401);
INSERT INTO player_score VALUES('5b86010f1',29,'1c04eb1b8','5acc77817',488800,993,1653820014,1653820014);
INSERT INTO player_score VALUES('62d6b9952',29,'1c3f9b850','4298967b5',4161,945,1654016383,1654016383);
INSERT INTO player_score VALUES('637680e56',29,'1c3f9b850','520f8e979',43296,978,1654033137,1654033137);
INSERT INTO player_score VALUES('5b72bfdf7',29,'1c3f9b850','5acc77817',392392,881,1653817995,1653817995);
INSERT INTO player_score VALUES('36c0d41d6',29,'207f23ba8','1d95b8164',9296,458,1652832971,1652832971);
INSERT INTO player_score VALUES('61e8ef8ab',29,'207f23ba8','4298967b5',23055,915,1653991449,1653991449);
INSERT INTO player_score VALUES('62403ea20',29,'207f23ba8','520f8e979',6480,906,1654000604,1654000604);
INSERT INTO player_score VALUES('379e0fd9d',29,'21b814063','1d95b8164',4600,468,1652856169,1652856169);
INSERT INTO player_score VALUES('40d98b214',29,'21b814063','286ff1a93',423150,558,1653103998,1653103998);
INSERT INTO player_score VALUES('6338e2f8e',29,'21b814063','4298967b5',267036,953,1654026676,1654026676);
INSERT INTO player_score VALUES('6384a57ca',29,'21b814063','520f8e979',96100,980,1654034620,1654034620);
INSERT INTO player_score VALUES('37b46a826',29,'241d47ffd','1d95b8164',110250,470,1652858513,1652858513);
INSERT INTO player_score VALUES('428842d00',29,'241d47ffd','286ff1a93',552,598,1653149162,1653149162);
INSERT INTO player_score VALUES('6334b8121',29,'241d47ffd','4298967b5',104082,951,1654026239,1654026239);
INSERT INTO player_score VALUES('63acb849b',29,'241d47ffd','520f8e979',270720,987,1654038822,1654038822);
INSERT INTO player_score VALUES('5b8392803',29,'241d47ffd','5acc77817',152592,976,1653819759,1653819759);
INSERT INTO player_score VALUES('35992e149',29,'24230a9a1','1d95b8164',225720,438,1652801970,1652801970);
INSERT INTO player_score VALUES('4376c8d1a',29,'24230a9a1','286ff1a93',526680,623,1653174173,1653174173);
INSERT INTO player_score VALUES('631762509',29,'24230a9a1','4298967b5',9990,950,1654023163,1654023163);
INSERT INTO player_score VALUES('63a3d9c9f',29,'24230a9a1','520f8e979',309468,986,1654037892,1654037892);
INSERT INTO player_score VALUES('5b7a65de2',29,'24230a9a1','5acc77817',128700,920,1653818797,1653818797);
INSERT INTO player_score VALUES('37e0971df',29,'27530d894','1d95b8164',1700,472,1652863145,1652863145);
INSERT INTO player_score VALUES('63b0706fb',29,'27530d894','520f8e979',0,988,1654039212,1654039212);
INSERT INTO player_score VALUES('5b849f0fb',29,'27530d894','5acc77817',6578,983,1653819869,1653819869);
INSERT INTO player_score VALUES('3685cbcf2',29,'2a80b570e','1d95b8164',22528,451,1652826781,1652826781);
INSERT INTO player_score VALUES('428d81921',29,'2a80b570e','286ff1a93',219520,599,1653149712,1653149712);
INSERT INTO player_score VALUES('6183c78ec',29,'2a80b570e','4298967b5',104832,899,1653980842,1653980842);
INSERT INTO player_score VALUES('62c48c3f3',29,'2a80b570e','520f8e979',4356,939,1654014477,1654014477);
INSERT INTO player_score VALUES('5b87a76c4',29,'2a80b570e','5acc77817',64296,1005,1653820187,1653820187);
INSERT INTO player_score VALUES('37bb1c64f',29,'2ab7d4c20','1d95b8164',231336,471,1652859215,1652859215);
INSERT INTO player_score VALUES('41eae79a9',29,'2ab7d4c20','286ff1a93',3267,583,1653132662,1653132662);
INSERT INTO player_score VALUES('61880d4e3',29,'2ab7d4c20','4298967b5',0,901,1653981290,1653981290);
INSERT INTO player_score VALUES('5b8a15fe9',29,'2ab7d4c20','5acc77817',12168,1018,1653820442,1653820442);
INSERT INTO player_score VALUES('338a7c18c',29,'2c27ff3ee','1d95b8164',127652,397,1652746742,1652746742);
INSERT INTO player_score VALUES('435fca924',29,'2c27ff3ee','286ff1a93',32256,622,1653171762,1653171762);
INSERT INTO player_score VALUES('638530aa2',29,'2c27ff3ee','4298967b5',283140,960,1654034677,1654034677);
INSERT INTO player_score VALUES('632fd6121',29,'2c27ff3ee','520f8e979',2220,962,1654025727,1654025727);
INSERT INTO player_score VALUES('5b89b938d',29,'2c27ff3ee','5acc77817',6370,1016,1653820404,1653820404);
INSERT INTO player_score VALUES('367b13a90',29,'2f689a39f','1d95b8164',59345,449,1652825657,1652825657);
INSERT INTO player_score VALUES('43862fac8',29,'2f689a39f','286ff1a93',3600,625,1653175788,1653175788);
INSERT INTO player_score VALUES('6133145e2',29,'2f689a39f','4298967b5',153360,889,1653972380,1653972380);
INSERT INTO player_score VALUES('63610465d',29,'2f689a39f','520f8e979',124080,975,1654030884,1654030884);
INSERT INTO player_score VALUES('5b8948e93',29,'2f689a39f','5acc77817',87120,1012,1653820358,1653820358);
INSERT INTO player_score VALUES('368c0d5dd',29,'30025f73d','1d95b8164',48735,453,1652827437,1652827437);
INSERT INTO player_score VALUES('432a84e16',29,'30025f73d','286ff1a93',30225,616,1653166176,1653166176);
INSERT INTO player_score VALUES('63b9e8bfa',29,'30025f73d','4298967b5',314882,965,1654040205,1654040205);
INSERT INTO player_score VALUES('62e562048',29,'30025f73d','520f8e979',107640,946,1654017920,1654017920);
INSERT INTO player_score VALUES('33cb64503',29,'3046e767d','1d95b8164',12000,403,1652753548,1652753548);
INSERT INTO player_score VALUES('43894e088',29,'3046e767d','286ff1a93',5120,626,1653176115,1653176115);
INSERT INTO player_score VALUES('621701fc3',29,'3046e767d','4298967b5',7200,919,1653996280,1653996280);
INSERT INTO player_score VALUES('639bc5e66',29,'3046e767d','520f8e979',571520,985,1654037045,1654037045);
INSERT INTO player_score VALUES('5b60c0f03',29,'3046e767d','5acc77817',142835,791,1653816108,1653816108);
INSERT INTO player_score VALUES('37f925b87',29,'32c7cfacd','1d95b8164',2134,474,1652865720,1652865720);
INSERT INTO player_score VALUES('43845fcf6',29,'32c7cfacd','286ff1a93',71712,624,1653175598,1653175598);
INSERT INTO player_score VALUES('626b91ec1',29,'32c7cfacd','4298967b5',57720,930,1654005147,1654005147);
INSERT INTO player_score VALUES('61dd3e645',29,'32c7cfacd','520f8e979',3640,890,1653990223,1653990223);
INSERT INTO player_score VALUES('5b82810f2',29,'32c7cfacd','5acc77817',34272,965,1653819647,1653819647);
INSERT INTO player_score VALUES('371f392a1',29,'33550f55b','1d95b8164',6240,463,1652842869,1652842869);
INSERT INTO player_score VALUES('433889bed',29,'33550f55b','286ff1a93',273504,618,1653167646,1653167646);
INSERT INTO player_score VALUES('63388d873',29,'33550f55b','4298967b5',27000,952,1654026641,1654026641);
INSERT INTO player_score VALUES('6380d00c6',29,'33550f55b','520f8e979',19140,979,1654034218,1654034218);
INSERT INTO player_score VALUES('5b87bfd96',29,'33550f55b','5acc77817',65170,1006,1653820197,1653820197);
INSERT INTO player_score VALUES('5f29f429d',29,'3aa31c3d8','4298967b5',459096,821,1653917736,1653917736);
INSERT INTO player_score VALUES('63b9e64da',29,'3aa31c3d8','520f8e979',273000,993,1654040204,1654040204);
INSERT INTO player_score VALUES('5b863453d',29,'3aa31c3d8','5acc77817',357481,994,1653820035,1653820035);
INSERT INTO player_score VALUES('428f84b88',29,'3f8a75df8','286ff1a93',55552,600,1653149923,1653149923);
INSERT INTO player_score VALUES('63c005af3',29,'3f8a75df8','4298967b5',149248,966,1654040846,1654040846);
INSERT INTO player_score VALUES('6264eeb7d',29,'3f8a75df8','520f8e979',45936,917,1654004451,1654004451);
INSERT INTO player_score VALUES('5b7557eee',29,'3f8a75df8','5acc77817',222000,896,1653818267,1653818267);
INSERT INTO player_score VALUES('4345f9b3f',29,'420222dd6','286ff1a93',2613,620,1653169055,1653169055);
INSERT INTO player_score VALUES('635073ac4',29,'420222dd6','4298967b5',301500,956,1654029147,1654029147);
INSERT INTO player_score VALUES('638993b30',29,'420222dd6','520f8e979',78234,982,1654035137,1654035137);
INSERT INTO player_score VALUES('5b85c8ea0',29,'420222dd6','5acc77817',39501,991,1653819991,1653819991);
INSERT INTO player_score VALUES('416624c6f',29,'42afb6e3b','286ff1a93',14784,568,1653118741,1653118741);
INSERT INTO player_score VALUES('60fb9f971',29,'42afb6e3b','4298967b5',9120,880,1653966565,1653966565);
INSERT INTO player_score VALUES('63b77a315',29,'42afb6e3b','520f8e979',325526,991,1654039950,1654039950);
INSERT INTO player_score VALUES('5b85b07e9',29,'42afb6e3b','5acc77817',111766,988,1653819981,1653819981);
INSERT INTO player_score VALUES('428684089',29,'4303c7e2f','286ff1a93',505176,597,1653148979,1653148979);
INSERT INTO player_score VALUES('60dd02b0d',29,'4303c7e2f','4298967b5',9600,874,1653963355,1653963355);
INSERT INTO player_score VALUES('618c000d0',29,'4303c7e2f','520f8e979',345303,866,1653981704,1653981704);
INSERT INTO player_score VALUES('5b85b5644',29,'4303c7e2f','5acc77817',98208,989,1653819983,1653819983);
INSERT INTO player_score VALUES('3ead4174a',29,'432ea6044','286ff1a93',57600,512,1653045667,1653045667);
INSERT INTO player_score VALUES('62e1175ea',29,'432ea6044','520f8e979',471240,944,1654017470,1654017470);
INSERT INTO player_score VALUES('5b8551477',29,'432ea6044','5acc77817',1638,987,1653819942,1653819942);
INSERT INTO player_score VALUES('61ac7deb7',29,'44f391464','4298967b5',14508,905,1653985111,1653985111);
INSERT INTO player_score VALUES('63883693b',29,'44f391464','520f8e979',77400,981,1654034994,1654034994);
INSERT INTO player_score VALUES('5b863bac1',29,'44f391464','5acc77817',156672,995,1653820038,1653820038);
INSERT INTO player_score VALUES('6189917b1',29,'471377921','4298967b5',33440,902,1653981449,1653981449);
INSERT INTO player_score VALUES('62fcb5ae7',29,'471377921','520f8e979',18240,951,1654020366,1654020366);
INSERT INTO player_score VALUES('5b896d876',29,'471377921','5acc77817',265926,1013,1653820373,1653820373);
INSERT INTO player_score VALUES('5c26b5356',29,'47656f706','4298967b5',18135,728,1653836865,1653836865);
INSERT INTO player_score VALUES('627fb3bec',29,'47656f706','520f8e979',289872,928,1654007258,1654007258);
INSERT INTO player_score VALUES('5b82922a9',29,'47656f706','5acc77817',230985,968,1653819654,1653819654);
INSERT INTO player_score VALUES('63c5495d2',29,'48261da12','4298967b5',3477,967,1654041398,1654041398);
INSERT INTO player_score VALUES('6339e8306',29,'48261da12','520f8e979',267624,964,1654026783,1654026783);
INSERT INTO player_score VALUES('5b878a252',29,'48261da12','5acc77817',36000,1004,1653820175,1653820175);
INSERT INTO player_score VALUES('621ba6f2f',29,'49af2c2cb','4298967b5',35673,920,1653996767,1653996767);
INSERT INTO player_score VALUES('635f0d79d',29,'49af2c2cb','520f8e979',95904,974,1654030678,1654030678);
INSERT INTO player_score VALUES('5b6fadbbe',29,'49af2c2cb','5acc77817',30030,860,1653817673,1653817673);
INSERT INTO player_score VALUES('63c67817c',29,'4c4495779','4298967b5',207200,968,1654041522,1654041522);
INSERT INTO player_score VALUES('62cd72166',29,'4c4495779','520f8e979',105570,940,1654015410,1654015410);
INSERT INTO player_score VALUES('5b6d7756b',29,'4c4495779','5acc77817',259281,851,1653817441,1653817441);
INSERT INTO player_score VALUES('6313e250d',29,'4c788cb1d','4298967b5',11210,948,1654022796,1654022796);
INSERT INTO player_score VALUES('6302c8db6',29,'4c788cb1d','520f8e979',38106,953,1654021003,1654021003);
INSERT INTO player_score VALUES('5b811a2f2',29,'4c788cb1d','5acc77817',147972,956,1653819500,1653819500);
INSERT INTO player_score VALUES('6281fb3d1',29,'4fd098a67','4298967b5',19890,934,1654007497,1654007497);
INSERT INTO player_score VALUES('62a2f80cc',29,'4fd098a67','520f8e979',39760,933,1654010956,1654010956);
INSERT INTO player_score VALUES('5b77bcbad',29,'4fd098a67','5acc77817',360360,905,1653818518,1653818518);
INSERT INTO player_score VALUES('626744dd3',29,'51922d6aa','4298967b5',4992,929,1654004696,1654004696);
INSERT INTO player_score VALUES('6270b84b5',29,'51922d6aa','520f8e979',129375,921,1654005687,1654005687);
INSERT INTO player_score VALUES('5b818cf10',29,'51922d6aa','5acc77817',65120,958,1653819547,1653819547);
INSERT INTO player_score VALUES('602459bc3',29,'520e95915','4298967b5',69552,855,1653943992,1653943992);
INSERT INTO player_score VALUES('62af3e266',29,'520e95915','520f8e979',127008,936,1654012243,1654012243);
INSERT INTO player_score VALUES('5b80ce7d1',29,'520e95915','5acc77817',202137,953,1653819469,1653819469);
INSERT INTO player_score VALUES('6273357c7',29,'53c688815','4298967b5',13776,933,1654005948,1654005948);
INSERT INTO player_score VALUES('60e69aba4',29,'53c688815','520f8e979',21420,826,1653964361,1653964361);
INSERT INTO player_score VALUES('5b830eade',29,'53c688815','5acc77817',5063,974,1653819705,1653819705);
INSERT INTO player_score VALUES('63b5b8fdc',29,'53f1aafe5','4298967b5',16320,964,1654039766,1654039766);
INSERT INTO player_score VALUES('5b79b6188',29,'53f1aafe5','5acc77817',3910,916,1653818725,1653818725);
INSERT INTO player_score VALUES('62c295509',29,'54852c375','4298967b5',369664,943,1654014271,1654014271);
INSERT INTO player_score VALUES('63b99d135',29,'54852c375','520f8e979',365040,992,1654040174,1654040174);
INSERT INTO player_score VALUES('5b87c4b9a',29,'54852c375','5acc77817',498180,1007,1653820199,1653820199);
INSERT INTO player_score VALUES('639d516b9',29,'549619bb3','4298967b5',177074,961,1654037207,1654037207);
INSERT INTO player_score VALUES('5b8a11198',29,'549619bb3','5acc77817',160765,1017,1653820440,1653820440);
INSERT INTO player_score VALUES('62856a236',29,'5728957fd','4298967b5',42978,935,1654007857,1654007857);
INSERT INTO player_score VALUES('6266ea85a',29,'5728957fd','520f8e979',11232,918,1654004659,1654004659);
INSERT INTO player_score VALUES('5b864a4dd',29,'5728957fd','5acc77817',216648,997,1653820044,1653820044);
INSERT INTO player_score VALUES('623d782cd',29,'5839b009f','4298967b5',29120,925,1654000313,1654000313);
INSERT INTO player_score VALUES('5b8821829',29,'5839b009f','5acc77817',45360,1008,1653820237,1653820237);
INSERT INTO player_score VALUES('609bc0207',29,'5a4f66e8c','4298967b5',24500,867,1653956512,1653956512);
INSERT INTO player_score VALUES('61708175f',29,'5a4f66e8c','520f8e979',350880,862,1653978821,1653978821);
INSERT INTO player_score VALUES('5b86b8292',29,'5a4f66e8c','5acc77817',219960,1000,1653820089,1653820089);
INSERT INTO player_score VALUES('62fc6522a',29,'5fd774ac6','520f8e979',198900,950,1654020333,1654020333);
INSERT INTO player_score VALUES('62c33675a',29,'60018f7b1','4298967b5',68985,944,1654014337,1654014337);
INSERT INTO player_score VALUES('625ad0628',29,'60018f7b1','520f8e979',248400,911,1654003390,1654003390);
INSERT INTO player_score VALUES('62922f2f1',29,'621fc8132','4298967b5',1743,937,1654009196,1654009196);
INSERT INTO player_score VALUES('63258e3a5',29,'621fc8132','520f8e979',99382,959,1654024649,1654024649);
INSERT INTO player_score VALUES('639b38527',29,'62ca0810c','520f8e979',19525,984,1654036987,1654036987);
INSERT INTO player_score VALUES('420eca991',29,'cf2fdb6b','286ff1a93',353320,588,1653136425,1653136425);
INSERT INTO player_score VALUES('633c7dcfd',29,'cf2fdb6b','4298967b5',14400,955,1654027054,1654027054);
INSERT INTO player_score VALUES('61a8704f6',29,'cf2fdb6b','520f8e979',54720,877,1653984686,1653984686);
INSERT INTO player_score VALUES('5b897e9cc',29,'cf2fdb6b','5acc77817',16588,1015,1653820380,1653820380);
INSERT INTO player_score VALUES('35b1e8a6f',29,'d81bf1f0','1d95b8164',116127,440,1652804563,1652804563);
INSERT INTO player_score VALUES('43174d748',29,'d81bf1f0','286ff1a93',0,614,1653164161,1653164161);
INSERT INTO player_score VALUES('620cdec6c',29,'d81bf1f0','4298967b5',231770,917,1653995217,1653995217);
INSERT INTO player_score VALUES('63b225769',29,'d81bf1f0','520f8e979',77517,990,1654039391,1654039391);
INSERT INTO player_score VALUES('5b8656823',29,'d81bf1f0','5acc77817',35250,998,1653820049,1653820049);
INSERT INTO player_score VALUES('3781f0290',29,'e7234bb9','1d95b8164',13746,466,1652853220,1652853220);
INSERT INTO player_score VALUES('43056bcf8',29,'e7234bb9','286ff1a93',276360,612,1653162286,1653162286);
INSERT INTO player_score VALUES('5d927f183',29,'e7234bb9','4298967b5',10998,774,1653875011,1653875011);
INSERT INTO player_score VALUES('62ee9fb97',29,'e7234bb9','520f8e979',67760,948,1654018889,1654018889);
INSERT INTO player_score VALUES('5b7214f93',29,'e7234bb9','5acc77817',7392,877,1653817925,1653817925);
INSERT INTO player_score VALUES('3434dbd3a',29,'fc956859','1d95b8164',42025,414,1652764607,1652764607);
INSERT INTO player_score VALUES('434763062',29,'fc956859','286ff1a93',420732,621,1653169203,1653169203);
INSERT INTO player_score VALUES('6372a6918',29,'fc956859','4298967b5',150480,957,1654032733,1654032733);
INSERT INTO player_score VALUES('636e4382b',29,'fc956859','520f8e979',774200,977,1654032273,1654032273);
INSERT INTO player_score VALUES('5b837534a',29,'fc956859','5acc77817',134937,975,1653819747,1653819747);
INSERT INTO player_score VALUES('37a9afef2',29,'fe2cf845','1d95b8164',48720,469,1652857388,1652857388);
INSERT INTO player_score VALUES('4396ddb27',29,'fe2cf845','286ff1a93',36432,627,1653177537,1653177537);
INSERT INTO player_score VALUES('5ef364e02',29,'fe2cf845','4298967b5',18480,815,1653912015,1653912015);
INSERT INTO player_score VALUES('635a72454',29,'fe2cf845','520f8e979',14560,971,1654030195,1654030195);
INSERT INTO player_score VALUES('5b8458406',29,'fe2cf845','5acc77817',259296,980,1653819840,1653819840);
COMMIT;
