
BEGIN;
CREATE TABLE IF NOT EXISTS competition (
  id VARCHAR(255) NOT NULL PRIMARY KEY,
  tenant_id BIGINT NOT NULL,
  title TEXT NOT NULL,
  finished_at BIGINT NULL,
  created_at BIGINT NOT NULL,
  updated_at BIGINT NOT NULL
);
INSERT INTO competition VALUES('58c33c87',3,'みなとみらい出張所カップ',NULL,1651512119,1653922770);
INSERT INTO competition VALUES('ad2e42a0',3,'第4回 晩白柚がいる',NULL,1651653749,1653593517);
INSERT INTO competition VALUES('d67323be',3,'第2回 はやくも目白ファミリー',NULL,1651722987,1651858376);
INSERT INTO competition VALUES('155bf560c',3,'業務中にエビチリ部カップ',NULL,1651936557,1653383797);
INSERT INTO competition VALUES('173494944',3,'スピリチュアル町田に全振りカップ',1653236118,1651986115,1653236118);
INSERT INTO competition VALUES('1a30ceb04',3,'相撲亭',1653378009,1652066250,1653378009);
INSERT INTO competition VALUES('2ad601609',3,'パエリア支部大会',1652907609,1652513069,1652907609);
INSERT INTO competition VALUES('2d386c750',3,'第5回 モディファイドリリーなら負けない',NULL,1652577076,1653279283);
INSERT INTO competition VALUES('2e446f4f1',3,'カニゲート vol.6',1653780793,1652605179,1653780793);
INSERT INTO competition VALUES('3837bcaeb',3,'プロセス動物園杯',NULL,1652872283,1652982338);
INSERT INTO competition VALUES('39a42060a',3,'びわ製菓カップ',1653844480,1652910492,1653844480);
INSERT INTO competition VALUES('3b990b3bb',3,'第7回 梨.php',NULL,1652963017,1653678768);
INSERT INTO competition VALUES('47b4c09ff',3,'第3回 カメラ基地',1653735775,1653288045,1653735775);
INSERT INTO competition VALUES('501fd6469',3,'ざくろ.py大会',NULL,1653514022,1653798483);
INSERT INTO competition VALUES('611f9892f',3,'第2回 やわらかGPU不足',NULL,1653970337,1653980841);
CREATE TABLE IF NOT EXISTS player (
  id VARCHAR(255) NOT NULL PRIMARY KEY,
  tenant_id BIGINT NOT NULL,
  display_name TEXT NOT NULL,
  is_disqualified BOOLEAN NOT NULL,
  created_at BIGINT NOT NULL,
  updated_at BIGINT NOT NULL
);
INSERT INTO player VALUES('3bfbd61e',3,'Ms. Athena Hoppe Sr.',1,1651463836,1651748133);
INSERT INTO player VALUES('7a11b1e1',3,'Jonathon Gottlieb',0,1651567998,1652696528);
INSERT INTO player VALUES('8da5e742',3,'Gunnar Becker',0,1651600846,1652788361);
INSERT INTO player VALUES('9cd5fe87',3,'Felton Predovic',0,1651626327,1652031373);
INSERT INTO player VALUES('e7889d56',3,'Mr. Tanner Bins',0,1651751649,1651817756);
INSERT INTO player VALUES('18797587f',3,'Chadd Stamm',0,1652020181,1653193209);
INSERT INTO player VALUES('1a4849689',3,'Stephanie Eichmann I',0,1652068712,1652821285);
INSERT INTO player VALUES('1cf19025d',3,'Maryjane Krajcik IV',0,1652140149,1652833695);
INSERT INTO player VALUES('1efcc226f',3,'Ian Cole',1,1652195010,1652692927);
INSERT INTO player VALUES('2100d9487',3,'Christelle Medhurst I',0,1652249126,1652271142);
INSERT INTO player VALUES('27cfe86bb',3,'Blaise Emard',0,1652431899,1652679287);
INSERT INTO player VALUES('2921d0584',3,'Brett Runolfsson',0,1652467331,1653795293);
INSERT INTO player VALUES('29bc9d3b6',3,'Ms. Aileen Mante',0,1652483563,1653719824);
INSERT INTO player VALUES('2a4f64ea0',3,'Carli Ondricka',0,1652498954,1653840818);
INSERT INTO player VALUES('2ad3fe3c0',3,'Isadore Hirthe Sr.',1,1652512858,1652898031);
INSERT INTO player VALUES('2e5485f4a',3,'Ms. Iliana Toy',0,1652606866,1653259014);
INSERT INTO player VALUES('2e681a282',3,'Justus Lakin',0,1652608919,1652852591);
INSERT INTO player VALUES('2eae4aec7',3,'Mr. Abner Schneider MD',0,1652616279,1652711689);
INSERT INTO player VALUES('2f27a35cc',3,'Ms. Rosalind King',0,1652629003,1652957377);
INSERT INTO player VALUES('34f8fb560',3,'Mr. Barney Dicki V',1,1652785172,1652940746);
INSERT INTO player VALUES('3660b2c10',3,'Kendrick Hoppe',0,1652822891,1653475721);
INSERT INTO player VALUES('3a1aa149d',3,'Dakota Mann',0,1652922918,1653443927);
INSERT INTO player VALUES('3b7d98db3',3,'Soledad Koss',0,1652960139,1653150944);
INSERT INTO player VALUES('3e0ae4839',3,'Sallie Hoppe',0,1653028642,1653099490);
INSERT INTO player VALUES('44ccf67b1',3,'Mr. Royce Kuhic',0,1653210053,1653367023);
INSERT INTO player VALUES('46fafa0ac',3,'Dakota Zboncak',0,1653268565,1653351577);
INSERT INTO player VALUES('48a569860',3,'Ms. Cora Balistreri',0,1653313280,1653645934);
INSERT INTO player VALUES('4cbbe5e6e',3,'Ms. Kaylin Wiegand',0,1653423012,1654008570);
INSERT INTO player VALUES('4f23886e2',3,'Mr. Jon Donnelly PhD',0,1653487566,1653549984);
INSERT INTO player VALUES('506f0a2b7',3,'Kip Paucek',1,1653522327,1653665741);
INSERT INTO player VALUES('52a813fd4',3,'Aditya Casper',0,1653581995,1653661160);
INSERT INTO player VALUES('580c8ce10',3,'Hildegard Berge',0,1653726748,1653965883);
INSERT INTO player VALUES('5aa21fa8e',3,'Ms. Ernestine Tremblay',0,1653796119,1653811141);
INSERT INTO player VALUES('5d48ff2b1',3,'Lilian Sauer',0,1653867304,1654032635);
INSERT INTO player VALUES('61cd11bfc',3,'Ms. Otilia Orn I',0,1653988527,1654011825);
CREATE TABLE IF NOT EXISTS IF NOT EXISTS "player_score" (
                              id VARCHAR(255) NOT NULL PRIMARY KEY,
                              tenant_id BIGINT NOT NULL,
                              player_id VARCHAR(255) NOT NULL,
                              competition_id VARCHAR(255) NOT NULL,
                              score BIGINT NOT NULL,
                              row_num BIGINT NOT NULL,
                              created_at BIGINT NOT NULL,
                              updated_at BIGINT NOT NULL
);
INSERT INTO player_score VALUES('622bee6a1',3,'18797587f','155bf560c',7722,718,1653998474,1653998474);
INSERT INTO player_score VALUES('44ae375f3',3,'18797587f','173494944',50625,503,1653206829,1653206829);
INSERT INTO player_score VALUES('4865708c3',3,'18797587f','1a30ceb04',190404,447,1653306572,1653306572);
INSERT INTO player_score VALUES('393ae100c',3,'18797587f','2ad601609',63948,345,1652899456,1652899456);
INSERT INTO player_score VALUES('63c6cd897',3,'18797587f','2d386c750',34320,653,1654041557,1654041557);
INSERT INTO player_score VALUES('58693802a',3,'18797587f','2e446f4f1',318942,539,1653736465,1653736465);
INSERT INTO player_score VALUES('58cc9ece1',3,'18797587f','39a42060a',308,544,1653746888,1653746888);
INSERT INTO player_score VALUES('5816ab327',3,'18797587f','47b4c09ff',14322,611,1653727809,1653727809);
INSERT INTO player_score VALUES('62cabcb93',3,'18797587f','501fd6469',2736,608,1654015126,1654015126);
INSERT INTO player_score VALUES('62cdb190a',3,'18797587f','58c33c87',245100,620,1654015436,1654015436);
INSERT INTO player_score VALUES('5e5bcc4a0',3,'18797587f','ad2e42a0',140760,710,1653896119,1653896119);
INSERT INTO player_score VALUES('61318669e',3,'18797587f','d67323be',67032,563,1653972217,1653972217);
INSERT INTO player_score VALUES('5c4585600',3,'1a4849689','155bf560c',99567,669,1653840096,1653840096);
INSERT INTO player_score VALUES('44883db3c',3,'1a4849689','173494944',4335,502,1653202847,1653202847);
INSERT INTO player_score VALUES('48b7ec471',3,'1a4849689','1a30ceb04',56760,451,1653315221,1653315221);
INSERT INTO player_score VALUES('389bc97a0',3,'1a4849689','2ad601609',28470,331,1652882774,1652882774);
INSERT INTO player_score VALUES('60512c59d',3,'1a4849689','2d386c750',9450,611,1653948692,1653948692);
INSERT INTO player_score VALUES('59736aff2',3,'1a4849689','2e446f4f1',56695,556,1653764378,1653764378);
INSERT INTO player_score VALUES('6379f23e7',3,'1a4849689','3837bcaeb',20196,612,1654033498,1654033498);
INSERT INTO player_score VALUES('5bc7c76ff',3,'1a4849689','39a42060a',159408,603,1653826911,1653826911);
INSERT INTO player_score VALUES('6141cb77b',3,'1a4849689','3b990b3bb',73320,538,1653973923,1653973923);
INSERT INTO player_score VALUES('574701980',3,'1a4849689','47b4c09ff',125396,572,1653706034,1653706034);
INSERT INTO player_score VALUES('5c94a5ba0',3,'1a4849689','58c33c87',436995,574,1653848393,1653848393);
INSERT INTO player_score VALUES('638f2a5d2',3,'1a4849689','611f9892f',50020,574,1654035723,1654035723);
INSERT INTO player_score VALUES('62bc5b164',3,'1a4849689','ad2e42a0',39104,735,1654013618,1654013618);
INSERT INTO player_score VALUES('61c1b6089',3,'1a4849689','d67323be',146160,566,1653987336,1653987336);
INSERT INTO player_score VALUES('62eee68bb',3,'1cf19025d','155bf560c',83106,730,1654018918,1654018918);
INSERT INTO player_score VALUES('455b319ba',3,'1cf19025d','173494944',22464,514,1653224967,1653224967);
INSERT INTO player_score VALUES('4129f77fb',3,'1cf19025d','1a30ceb04',3237,397,1653112431,1653112431);
INSERT INTO player_score VALUES('3928c259c',3,'1cf19025d','2ad601609',72732,342,1652897556,1652897556);
INSERT INTO player_score VALUES('6292a1ee4',3,'1cf19025d','2d386c750',54264,639,1654009243,1654009243);
INSERT INTO player_score VALUES('5630c0a9e',3,'1cf19025d','2e446f4f1',3080,514,1653676857,1653676857);
INSERT INTO player_score VALUES('62ecf47b7',3,'1cf19025d','3837bcaeb',38220,606,1654018714,1654018714);
INSERT INTO player_score VALUES('57c1bc0cb',3,'1cf19025d','47b4c09ff',14652,589,1653718903,1653718903);
INSERT INTO player_score VALUES('6152c0492',3,'1cf19025d','501fd6469',198560,563,1653975701,1653975701);
INSERT INTO player_score VALUES('5fa2ab7a7',3,'1cf19025d','58c33c87',0,600,1653930394,1653930394);
INSERT INTO player_score VALUES('63781d7c7',3,'1cf19025d','611f9892f',253399,554,1654033306,1654033306);
INSERT INTO player_score VALUES('635afafc8',3,'1cf19025d','ad2e42a0',8075,742,1654030251,1654030251);
INSERT INTO player_score VALUES('62df9f6a3',3,'1cf19025d','d67323be',132660,578,1654017316,1654017316);
INSERT INTO player_score VALUES('61ad488b6',3,'1efcc226f','155bf560c',122176,714,1653985194,1653985194);
INSERT INTO player_score VALUES('451fa5776',3,'1efcc226f','173494944',16281,509,1653218723,1653218723);
INSERT INTO player_score VALUES('4ad33ead3',3,'1efcc226f','1a30ceb04',7250,462,1653371773,1653371773);
INSERT INTO player_score VALUES('57b4361e5',3,'1efcc226f','2e446f4f1',222105,528,1653717485,1653717485);
INSERT INTO player_score VALUES('5c5d3abc4',3,'1efcc226f','39a42060a',250614,614,1653842582,1653842582);
INSERT INTO player_score VALUES('639d983a8',3,'1efcc226f','3b990b3bb',48906,570,1654037236,1654037236);
INSERT INTO player_score VALUES('602bffbb1',3,'1efcc226f','58c33c87',21879,604,1653944794,1653944794);
INSERT INTO player_score VALUES('63a668162',3,'1efcc226f','611f9892f',116289,594,1654038160,1654038160);
INSERT INTO player_score VALUES('5b0d474c2',3,'1efcc226f','ad2e42a0',82203,682,1653807355,1653807355);
INSERT INTO player_score VALUES('621b6eca8',3,'2100d9487','155bf560c',0,716,1653996744,1653996744);
INSERT INTO player_score VALUES('3e65e94c4',3,'2100d9487','173494944',0,444,1653038186,1653038186);
INSERT INTO player_score VALUES('48e00db73',3,'2100d9487','1a30ceb04',32538,452,1653319429,1653319429);
INSERT INTO player_score VALUES('39589fc19',3,'2100d9487','2ad601609',66960,350,1652902575,1652902575);
INSERT INTO player_score VALUES('611fd3299',3,'2100d9487','2d386c750',18550,623,1653970361,1653970361);
INSERT INTO player_score VALUES('51bc98c77',3,'2100d9487','2e446f4f1',7161,466,1653557303,1653557303);
INSERT INTO player_score VALUES('60b821c64',3,'2100d9487','3837bcaeb',138000,570,1653959488,1653959488);
INSERT INTO player_score VALUES('5aa7068cc',3,'2100d9487','39a42060a',33600,580,1653796633,1653796633);
INSERT INTO player_score VALUES('61e9adfa5',3,'2100d9487','3b990b3bb',687240,550,1653991527,1653991527);
INSERT INTO player_score VALUES('576d691f8',3,'2100d9487','47b4c09ff',148665,577,1653710061,1653710061);
INSERT INTO player_score VALUES('63a10e775',3,'2100d9487','501fd6469',79650,641,1654037599,1654037599);
INSERT INTO player_score VALUES('63be7f15d',3,'2100d9487','611f9892f',4092,608,1654040686,1654040686);
INSERT INTO player_score VALUES('6362b96c6',3,'2100d9487','ad2e42a0',290700,743,1654031063,1654031063);
INSERT INTO player_score VALUES('5ea025d89',3,'2100d9487','d67323be',33696,542,1653903286,1653903286);
INSERT INTO player_score VALUES('62dd9eb7c',3,'27cfe86bb','155bf560c',217464,728,1654017106,1654017106);
INSERT INTO player_score VALUES('457136d0a',3,'27cfe86bb','173494944',121212,515,1653227276,1653227276);
INSERT INTO player_score VALUES('36c75a089',3,'27cfe86bb','2ad601609',171011,291,1652833655,1652833655);
INSERT INTO player_score VALUES('622923192',3,'27cfe86bb','2d386c750',51460,633,1653998181,1653998181);
INSERT INTO player_score VALUES('59f51e202',3,'27cfe86bb','2e446f4f1',275968,560,1653777978,1653777978);
INSERT INTO player_score VALUES('6330158e0',3,'27cfe86bb','3837bcaeb',54320,608,1654025753,1654025753);
INSERT INTO player_score VALUES('565518deb',3,'27cfe86bb','39a42060a',25568,505,1653680668,1653680668);
INSERT INTO player_score VALUES('57a0da132',3,'27cfe86bb','47b4c09ff',249280,585,1653715455,1653715455);
INSERT INTO player_score VALUES('618dcb05d',3,'27cfe86bb','501fd6469',32832,570,1653981892,1653981892);
INSERT INTO player_score VALUES('542294f97',3,'27cfe86bb','58c33c87',621504,515,1653621684,1653621684);
INSERT INTO player_score VALUES('6398ff749',3,'27cfe86bb','611f9892f',42240,582,1654036754,1654036754);
INSERT INTO player_score VALUES('5d4ae28ee',3,'27cfe86bb','ad2e42a0',167552,704,1653867502,1653867502);
INSERT INTO player_score VALUES('592c12d6b',3,'27cfe86bb','d67323be',413250,515,1653756897,1653756897);
INSERT INTO player_score VALUES('5f56a70ac',3,'2921d0584','155bf560c',37950,700,1653922423,1653922423);
INSERT INTO player_score VALUES('4354d7d60',3,'2921d0584','173494944',118854,493,1653170614,1653170614);
INSERT INTO player_score VALUES('4af7660d9',3,'2921d0584','1a30ceb04',441324,464,1653375564,1653375564);
INSERT INTO player_score VALUES('392a2e1c9',3,'2921d0584','2ad601609',195548,343,1652897705,1652897705);
INSERT INTO player_score VALUES('60905d1b6',3,'2921d0584','2d386c750',99946,615,1653955318,1653955318);
INSERT INTO player_score VALUES('540345d6e',3,'2921d0584','2e446f4f1',154112,489,1653618401,1653618401);
INSERT INTO player_score VALUES('62f030223',3,'2921d0584','3837bcaeb',90440,607,1654019053,1654019053);
INSERT INTO player_score VALUES('5af802f83',3,'2921d0584','39a42060a',267933,590,1653805125,1653805125);
INSERT INTO player_score VALUES('61570d5bb',3,'2921d0584','3b990b3bb',4698,540,1653976152,1653976152);
INSERT INTO player_score VALUES('63adebea9',3,'2921d0584','501fd6469',434754,644,1654038948,1654038948);
INSERT INTO player_score VALUES('5fb834315',3,'2921d0584','58c33c87',8640,601,1653932652,1653932652);
INSERT INTO player_score VALUES('63a414613',3,'2921d0584','611f9892f',234520,592,1654037916,1654037916);
INSERT INTO player_score VALUES('61d818082',3,'2921d0584','ad2e42a0',570,730,1653989683,1653989683);
INSERT INTO player_score VALUES('61f9210d1',3,'2921d0584','d67323be',960000,572,1653993147,1653993147);
INSERT INTO player_score VALUES('4047b2b36',3,'29bc9d3b6','173494944',46008,461,1653088705,1653088705);
INSERT INTO player_score VALUES('473e11558',3,'29bc9d3b6','1a30ceb04',578925,437,1653275600,1653275600);
INSERT INTO player_score VALUES('393c98774',3,'29bc9d3b6','2ad601609',14616,346,1652899636,1652899636);
INSERT INTO player_score VALUES('63bd812ba',3,'29bc9d3b6','2d386c750',1938,652,1654040582,1654040582);
INSERT INTO player_score VALUES('59a7a68fc',3,'29bc9d3b6','2e446f4f1',39501,557,1653769855,1653769855);
INSERT INTO player_score VALUES('5b1fc0505',3,'29bc9d3b6','3837bcaeb',414414,502,1653809292,1653809292);
INSERT INTO player_score VALUES('57f9be684',3,'29bc9d3b6','47b4c09ff',20416,603,1653724776,1653724776);
INSERT INTO player_score VALUES('637e8b005',3,'29bc9d3b6','501fd6469',24768,638,1654033980,1654033980);
INSERT INTO player_score VALUES('60bde6cf1',3,'29bc9d3b6','58c33c87',15264,608,1653960093,1653960093);
INSERT INTO player_score VALUES('63c4664f9',3,'29bc9d3b6','611f9892f',16281,617,1654041305,1654041305);
INSERT INTO player_score VALUES('61f5be5e1',3,'29bc9d3b6','ad2e42a0',132750,731,1653992792,1653992792);
INSERT INTO player_score VALUES('61df85e16',3,'29bc9d3b6','d67323be',57304,571,1653990462,1653990462);
INSERT INTO player_score VALUES('635bde0db',3,'2a4f64ea0','155bf560c',88320,734,1654030344,1654030344);
INSERT INTO player_score VALUES('453b15640',3,'2a4f64ea0','173494944',6032,512,1653221600,1653221600);
INSERT INTO player_score VALUES('3955f429a',3,'2a4f64ea0','2ad601609',29600,349,1652902295,1652902295);
INSERT INTO player_score VALUES('5dd785ff2',3,'2a4f64ea0','2d386c750',24696,580,1653882249,1653882249);
INSERT INTO player_score VALUES('6250f1869',3,'2a4f64ea0','3837bcaeb',30080,595,1654002355,1654002355);
INSERT INTO player_score VALUES('5b8f5732d',3,'2a4f64ea0','39a42060a',218776,597,1653820993,1653820993);
INSERT INTO player_score VALUES('63097368a',3,'2a4f64ea0','3b990b3bb',21168,561,1654021702,1654021702);
INSERT INTO player_score VALUES('5854c812b',3,'2a4f64ea0','47b4c09ff',578952,616,1653734322,1653734322);
INSERT INTO player_score VALUES('63ab600d2',3,'2a4f64ea0','501fd6469',100,643,1654038681,1654038681);
INSERT INTO player_score VALUES('5b854c69a',3,'2a4f64ea0','58c33c87',465796,568,1653819940,1653819940);
INSERT INTO player_score VALUES('63b7e32d9',3,'2a4f64ea0','611f9892f',7020,605,1654039993,1654039993);
INSERT INTO player_score VALUES('5c9114a31',3,'2a4f64ea0','ad2e42a0',220590,696,1653848019,1653848019);
INSERT INTO player_score VALUES('61cc38761',3,'2a4f64ea0','d67323be',283198,567,1653988438,1653988438);
INSERT INTO player_score VALUES('60878107f',3,'2ad3fe3c0','155bf560c',547770,706,1653954389,1653954389);
INSERT INTO player_score VALUES('48b3622d8',3,'2ad3fe3c0','1a30ceb04',202540,450,1653314745,1653314745);
INSERT INTO player_score VALUES('3955cf8d8',3,'2ad3fe3c0','2ad601609',32844,348,1652902280,1652902280);
INSERT INTO player_score VALUES('628fc7f55',3,'2ad3fe3c0','2d386c750',2754,638,1654008944,1654008944);
INSERT INTO player_score VALUES('55b9be5df',3,'2ad3fe3c0','2e446f4f1',58310,507,1653664378,1653664378);
INSERT INTO player_score VALUES('6272b8f92',3,'2ad3fe3c0','3837bcaeb',52560,600,1654005897,1654005897);
INSERT INTO player_score VALUES('5b421caf6',3,'2ad3fe3c0','39a42060a',410410,593,1653812895,1653812895);
INSERT INTO player_score VALUES('61db11c11',3,'2ad3fe3c0','3b990b3bb',15466,546,1653989995,1653989995);
INSERT INTO player_score VALUES('54d5f5611',3,'2ad3fe3c0','47b4c09ff',285600,479,1653640493,1653640493);
INSERT INTO player_score VALUES('61dfb1d29',3,'2ad3fe3c0','501fd6469',38998,578,1653990480,1653990480);
INSERT INTO player_score VALUES('62121b18e',3,'2ad3fe3c0','58c33c87',39270,617,1653995766,1653995766);
INSERT INTO player_score VALUES('63c65fabd',3,'2ad3fe3c0','611f9892f',394368,620,1654041512,1654041512);
INSERT INTO player_score VALUES('62cbf2c86',3,'2ad3fe3c0','ad2e42a0',48552,736,1654015253,1654015253);
INSERT INTO player_score VALUES('5ea61bb7c',3,'2ad3fe3c0','d67323be',114912,543,1653903911,1653903911);
INSERT INTO player_score VALUES('58fbd631e',3,'2e5485f4a','155bf560c',32032,636,1653751839,1653751839);
INSERT INTO player_score VALUES('45154ef9b',3,'2e5485f4a','173494944',87856,508,1653217639,1653217639);
INSERT INTO player_score VALUES('46edce760',3,'2e5485f4a','1a30ceb04',266168,431,1653267184,1653267184);
INSERT INTO player_score VALUES('378d9c6f2',3,'2e5485f4a','2ad601609',17094,311,1652854444,1652854444);
INSERT INTO player_score VALUES('632f9424c',3,'2e5485f4a','2d386c750',35672,649,1654025700,1654025700);
INSERT INTO player_score VALUES('53b08830b',3,'2e5485f4a','2e446f4f1',39744,485,1653609725,1653609725);
INSERT INTO player_score VALUES('63a4fc4d6',3,'2e5485f4a','3837bcaeb',31020,614,1654038011,1654038011);
INSERT INTO player_score VALUES('5c45d5f27',3,'2e5485f4a','39a42060a',5618,613,1653840129,1653840129);
INSERT INTO player_score VALUES('619235687',3,'2e5485f4a','3b990b3bb',63000,544,1653982355,1653982355);
INSERT INTO player_score VALUES('5549271e0',3,'2e5485f4a','47b4c09ff',163020,496,1653652572,1653652572);
INSERT INTO player_score VALUES('62f520c92',3,'2e5485f4a','501fd6469',2040,616,1654019571,1654019571);
INSERT INTO player_score VALUES('5c5aee5a3',3,'2e5485f4a','58c33c87',19404,573,1653842341,1653842341);
INSERT INTO player_score VALUES('631c41dcf',3,'2e5485f4a','ad2e42a0',154242,739,1654023674,1654023674);
INSERT INTO player_score VALUES('6255bd8b7',3,'2e5485f4a','d67323be',530784,574,1654002858,1654002858);
INSERT INTO player_score VALUES('62bf8a816',3,'2e681a282','155bf560c',34020,726,1654013952,1654013952);
INSERT INTO player_score VALUES('444249f95',3,'2e681a282','173494944',12672,499,1653195512,1653195512);
INSERT INTO player_score VALUES('478d404f0',3,'2e681a282','1a30ceb04',11457,439,1653283903,1653283903);
INSERT INTO player_score VALUES('395374826',3,'2e681a282','2ad601609',127008,347,1652902033,1652902033);
INSERT INTO player_score VALUES('62ef45c00',3,'2e681a282','2d386c750',80940,645,1654018957,1654018957);
INSERT INTO player_score VALUES('588d49676',3,'2e681a282','2e446f4f1',68607,543,1653740247,1653740247);
INSERT INTO player_score VALUES('605e22379',3,'2e681a282','3b990b3bb',600,527,1653950051,1653950051);
INSERT INTO player_score VALUES('58612deb2',3,'2e681a282','47b4c09ff',0,618,1653735622,1653735622);
INSERT INTO player_score VALUES('62d4d89ae',3,'2e681a282','501fd6469',11040,610,1654016186,1654016186);
INSERT INTO player_score VALUES('634cffe35',3,'2e681a282','58c33c87',148200,623,1654028785,1654028785);
INSERT INTO player_score VALUES('63c5a8908',3,'2e681a282','611f9892f',383496,619,1654041437,1654041437);
INSERT INTO player_score VALUES('5f3ecd162',3,'2e681a282','ad2e42a0',65340,714,1653919922,1653919922);
INSERT INTO player_score VALUES('62e409c36',3,'2eae4aec7','155bf560c',122610,729,1654017779,1654017779);
INSERT INTO player_score VALUES('453563df2',3,'2eae4aec7','173494944',11200,511,1653221003,1653221003);
INSERT INTO player_score VALUES('46c99ae0b',3,'2eae4aec7','1a30ceb04',7650,430,1653263388,1653263388);
INSERT INTO player_score VALUES('39608f01d',3,'2eae4aec7','2ad601609',52650,351,1652903407,1652903407);
INSERT INTO player_score VALUES('61ad91cca',3,'2eae4aec7','2d386c750',72576,627,1653985224,1653985224);
INSERT INTO player_score VALUES('568c13940',3,'2eae4aec7','2e446f4f1',141056,521,1653686433,1653686433);
INSERT INTO player_score VALUES('5e3333391',3,'2eae4aec7','3837bcaeb',43168,537,1653891862,1653891862);
INSERT INTO player_score VALUES('5c413d337',3,'2eae4aec7','39a42060a',270864,612,1653839647,1653839647);
INSERT INTO player_score VALUES('55773bfe1',3,'2eae4aec7','47b4c09ff',68040,505,1653657404,1653657404);
INSERT INTO player_score VALUES('6297b9a3f',3,'2eae4aec7','501fd6469',22176,603,1654009777,1654009777);
INSERT INTO player_score VALUES('5d731ed97',3,'2eae4aec7','58c33c87',324198,583,1653871721,1653871721);
INSERT INTO player_score VALUES('63bfc8a69',3,'2eae4aec7','611f9892f',54000,613,1654040821,1654040821);
INSERT INTO player_score VALUES('5decf6458',3,'2eae4aec7','ad2e42a0',79380,707,1653884497,1653884497);
INSERT INTO player_score VALUES('5f9a0040a',3,'2eae4aec7','d67323be',51840,552,1653929485,1653929485);
INSERT INTO player_score VALUES('62f1180d0',3,'2f27a35cc','155bf560c',216832,732,1654019148,1654019148);
INSERT INTO player_score VALUES('454b72d44',3,'2f27a35cc','173494944',2880,513,1653223316,1653223316);
INSERT INTO player_score VALUES('49f391f28',3,'2f27a35cc','1a30ceb04',158756,458,1653348319,1653348319);
INSERT INTO player_score VALUES('38986ba8a',3,'2f27a35cc','2ad601609',139748,330,1652882421,1652882421);
INSERT INTO player_score VALUES('5c15a589f',3,'2f27a35cc','2d386c750',12672,556,1653835076,1653835076);
INSERT INTO player_score VALUES('581be7878',3,'2f27a35cc','2e446f4f1',47025,534,1653728358,1653728358);
INSERT INTO player_score VALUES('636680394',3,'2f27a35cc','3837bcaeb',3552,610,1654031459,1654031459);
INSERT INTO player_score VALUES('5c0634e72',3,'2f27a35cc','39a42060a',283140,607,1653833457,1653833457);
INSERT INTO player_score VALUES('61e72971b',3,'2f27a35cc','3b990b3bb',0,549,1653991263,1653991263);
INSERT INTO player_score VALUES('57b0372a8',3,'2f27a35cc','47b4c09ff',157352,587,1653717066,1653717066);
INSERT INTO player_score VALUES('62e89b361',3,'2f27a35cc','501fd6469',303534,613,1654018258,1654018258);
INSERT INTO player_score VALUES('61707a27c',3,'2f27a35cc','58c33c87',21045,614,1653978818,1653978818);
INSERT INTO player_score VALUES('630aba915',3,'2f27a35cc','611f9892f',0,461,1654021836,1654021836);
INSERT INTO player_score VALUES('5fa28bbd4',3,'2f27a35cc','ad2e42a0',232180,721,1653930381,1653930381);
INSERT INTO player_score VALUES('5a94afb62',3,'34f8fb560','155bf560c',14352,654,1653794710,1653794710);
INSERT INTO player_score VALUES('450649c15',3,'34f8fb560','173494944',157300,507,1653216064,1653216064);
INSERT INTO player_score VALUES('48fa75f83',3,'34f8fb560','1a30ceb04',202566,454,1653322198,1653322198);
INSERT INTO player_score VALUES('632bcfcb2',3,'34f8fb560','2d386c750',119105,647,1654025305,1654025305);
INSERT INTO player_score VALUES('57b6e429b',3,'34f8fb560','2e446f4f1',41360,529,1653717766,1653717766);
INSERT INTO player_score VALUES('63af0e6f6',3,'34f8fb560','3837bcaeb',554648,615,1654039067,1654039067);
INSERT INTO player_score VALUES('59bc47528',3,'34f8fb560','39a42060a',364914,563,1653772018,1653772018);
INSERT INTO player_score VALUES('623f6a3af',3,'34f8fb560','3b990b3bb',204336,554,1654000517,1654000517);
INSERT INTO player_score VALUES('57f0c29ec',3,'34f8fb560','47b4c09ff',5292,601,1653723834,1653723834);
INSERT INTO player_score VALUES('63222b88b',3,'34f8fb560','501fd6469',7560,623,1654024294,1654024294);
INSERT INTO player_score VALUES('63a8c31a1',3,'34f8fb560','58c33c87',427770,624,1654038407,1654038407);
INSERT INTO player_score VALUES('6393f3f2a',3,'34f8fb560','611f9892f',453184,578,1654036225,1654036225);
INSERT INTO player_score VALUES('5e970cbfe',3,'34f8fb560','ad2e42a0',329024,712,1653902332,1653902332);
INSERT INTO player_score VALUES('5f687524a',3,'34f8fb560','d67323be',1365,550,1653924290,1653924290);
INSERT INTO player_score VALUES('6285765b4',3,'3660b2c10','155bf560c',22080,723,1654007862,1654007862);
INSERT INTO player_score VALUES('3fe259e08',3,'3660b2c10','173494944',87058,457,1653078078,1653078078);
INSERT INTO player_score VALUES('4aaf14de7',3,'3660b2c10','1a30ceb04',101972,461,1653367981,1653367981);
INSERT INTO player_score VALUES('363c3acf0',3,'3660b2c10','2ad601609',91728,276,1652819067,1652819067);
INSERT INTO player_score VALUES('61e81640b',3,'3660b2c10','2d386c750',176956,630,1653991360,1653991360);
INSERT INTO player_score VALUES('62d20d483',3,'3660b2c10','3837bcaeb',24276,604,1654015893,1654015893);
INSERT INTO player_score VALUES('5960c607d',3,'3660b2c10','39a42060a',336168,558,1653762423,1653762423);
INSERT INTO player_score VALUES('630d15974',3,'3660b2c10','3b990b3bb',544640,562,1654022083,1654022083);
INSERT INTO player_score VALUES('584650752',3,'3660b2c10','47b4c09ff',715792,614,1653732805,1653732805);
INSERT INTO player_score VALUES('5f1616bae',3,'3660b2c10','58c33c87',25515,597,1653915653,1653915653);
INSERT INTO player_score VALUES('63975434e',3,'3660b2c10','611f9892f',14586,581,1654036579,1654036579);
INSERT INTO player_score VALUES('5f639cea8',3,'3660b2c10','ad2e42a0',126294,719,1653923782,1653923782);
INSERT INTO player_score VALUES('62dc9e59f',3,'3660b2c10','d67323be',33075,577,1654017001,1654017001);
INSERT INTO player_score VALUES('5e7063470',3,'3a1aa149d','155bf560c',63070,691,1653898278,1653898278);
INSERT INTO player_score VALUES('4403eda02',3,'3a1aa149d','173494944',558600,498,1653188973,1653188973);
INSERT INTO player_score VALUES('49b038b96',3,'3a1aa149d','1a30ceb04',3402,456,1653341257,1653341257);
INSERT INTO player_score VALUES('607d31e0c',3,'3a1aa149d','2d386c750',68544,614,1653953308,1653953308);
INSERT INTO player_score VALUES('5a0757a1d',3,'3a1aa149d','2e446f4f1',254016,561,1653779889,1653779889);
INSERT INTO player_score VALUES('5ada024d9',3,'3a1aa149d','3837bcaeb',34440,499,1653801979,1653801979);
INSERT INTO player_score VALUES('584a51dd7',3,'3a1aa149d','39a42060a',6720,530,1653733225,1653733225);
INSERT INTO player_score VALUES('60ee432c8',3,'3a1aa149d','3b990b3bb',2790,534,1653965164,1653965164);
INSERT INTO player_score VALUES('57d13b561',3,'3a1aa149d','47b4c09ff',364038,594,1653720528,1653720528);
INSERT INTO player_score VALUES('627b224ea',3,'3a1aa149d','501fd6469',35420,601,1654006779,1654006779);
INSERT INTO player_score VALUES('5ff72308a',3,'3a1aa149d','58c33c87',0,603,1653939251,1653939251);
INSERT INTO player_score VALUES('63b30d63a',3,'3a1aa149d','611f9892f',74022,602,1654039486,1654039486);
INSERT INTO player_score VALUES('5f5b18baa',3,'3a1aa149d','ad2e42a0',12012,716,1653922889,1653922889);
INSERT INTO player_score VALUES('610c1574a',3,'3b7d98db3','155bf560c',12502,710,1653968291,1653968291);
INSERT INTO player_score VALUES('44f8fe71c',3,'3b7d98db3','173494944',196812,505,1653214670,1653214670);
INSERT INTO player_score VALUES('4489f7950',3,'3b7d98db3','1a30ceb04',3835,419,1653203028,1653203028);
INSERT INTO player_score VALUES('620160de3',3,'3b7d98db3','2d386c750',205933,632,1653994012,1653994012);
INSERT INTO player_score VALUES('597156c1c',3,'3b7d98db3','2e446f4f1',340603,555,1653764160,1653764160);
INSERT INTO player_score VALUES('601c9b4c8',3,'3b7d98db3','3837bcaeb',263718,562,1653943180,1653943180);
INSERT INTO player_score VALUES('5a95b284a',3,'3b7d98db3','39a42060a',14288,578,1653794816,1653794816);
INSERT INTO player_score VALUES('5fec01e80',3,'3b7d98db3','3b990b3bb',35150,519,1653938084,1653938084);
INSERT INTO player_score VALUES('5794e6ffc',3,'3b7d98db3','47b4c09ff',76000,582,1653714202,1653714202);
INSERT INTO player_score VALUES('60c403c0f',3,'3b7d98db3','501fd6469',79800,543,1653960734,1653960734);
INSERT INTO player_score VALUES('63be001c4',3,'3b7d98db3','58c33c87',29754,625,1654040634,1654040634);
INSERT INTO player_score VALUES('5ca631eea',3,'3b7d98db3','ad2e42a0',120640,698,1653850233,1653850233);
INSERT INTO player_score VALUES('61ce0aca9',3,'3b7d98db3','d67323be',75680,568,1653988629,1653988629);
INSERT INTO player_score VALUES('5e6f878ce',3,'3bfbd61e','155bf560c',149040,690,1653898188,1653898188);
INSERT INTO player_score VALUES('412f27a27',3,'3bfbd61e','173494944',116358,475,1653112975,1653112975);
INSERT INTO player_score VALUES('4aea4e03e',3,'3bfbd61e','1a30ceb04',73920,463,1653374191,1653374191);
INSERT INTO player_score VALUES('3804187a1',3,'3bfbd61e','2ad601609',7280,319,1652866868,1652866868);
INSERT INTO player_score VALUES('5f7729ccf',3,'3bfbd61e','2d386c750',428400,603,1653925832,1653925832);
INSERT INTO player_score VALUES('5795af2ea',3,'3bfbd61e','2e446f4f1',21056,526,1653714284,1653714284);
INSERT INTO player_score VALUES('63bc240e8',3,'3bfbd61e','3837bcaeb',11280,616,1654040439,1654040439);
INSERT INTO player_score VALUES('57a9dd332',3,'3bfbd61e','39a42060a',197340,518,1653716400,1653716400);
INSERT INTO player_score VALUES('5806ec722',3,'3bfbd61e','47b4c09ff',79515,607,1653726158,1653726158);
INSERT INTO player_score VALUES('634426427',3,'3bfbd61e','501fd6469',162400,631,1654027857,1654027857);
INSERT INTO player_score VALUES('5884e2870',3,'3bfbd61e','58c33c87',6840,549,1653739366,1653739366);
INSERT INTO player_score VALUES('63c54bca1',3,'3bfbd61e','611f9892f',6660,618,1654041399,1654041399);
INSERT INTO player_score VALUES('60868801d',3,'3bfbd61e','ad2e42a0',71944,725,1653954287,1653954287);
INSERT INTO player_score VALUES('588c8fdf5',3,'3bfbd61e','d67323be',23400,509,1653740171,1653740171);
INSERT INTO player_score VALUES('5bcfe512c',3,'3e0ae4839','155bf560c',162800,664,1653827762,1653827762);
INSERT INTO player_score VALUES('3efcfb9de',3,'3e0ae4839','173494944',16555,448,1653054027,1653054027);
INSERT INTO player_score VALUES('3f1e3097f',3,'3e0ae4839','1a30ceb04',87514,373,1653057509,1653057509);
INSERT INTO player_score VALUES('60d856642',3,'3e0ae4839','2d386c750',120960,618,1653962865,1653962865);
INSERT INTO player_score VALUES('596e582be',3,'3e0ae4839','2e446f4f1',0,554,1653763846,1653763846);
INSERT INTO player_score VALUES('5c337f230',3,'3e0ae4839','3837bcaeb',58320,517,1653838206,1653838206);
INSERT INTO player_score VALUES('5c646b8c2',3,'3e0ae4839','39a42060a',68076,615,1653843336,1653843336);
INSERT INTO player_score VALUES('6345aa70e',3,'3e0ae4839','3b990b3bb',200564,564,1654028016,1654028016);
INSERT INTO player_score VALUES('582d7d7a1',3,'3e0ae4839','47b4c09ff',30400,613,1653730202,1653730202);
INSERT INTO player_score VALUES('6325ab862',3,'3e0ae4839','501fd6469',36736,624,1654024661,1654024661);
INSERT INTO player_score VALUES('60e7fa4d3',3,'3e0ae4839','58c33c87',4600,611,1653964505,1653964505);
INSERT INTO player_score VALUES('636fe28da',3,'3e0ae4839','611f9892f',2600,545,1654032443,1654032443);
INSERT INTO player_score VALUES('613763e30',3,'3e0ae4839','ad2e42a0',22680,729,1653972832,1653972832);
INSERT INTO player_score VALUES('61d8d8e24',3,'3e0ae4839','d67323be',345600,570,1653989762,1653989762);
INSERT INTO player_score VALUES('5ecfead86',3,'44ccf67b1','155bf560c',1314,693,1653908295,1653908295);
INSERT INTO player_score VALUES('40d1acf7b',3,'44ccf67b1','173494944',43200,467,1653103173,1653103173);
INSERT INTO player_score VALUES('5dd918cf3',3,'44ccf67b1','2d386c750',48776,581,1653882414,1653882414);
INSERT INTO player_score VALUES('586e2d89f',3,'44ccf67b1','2e446f4f1',265512,540,1653736985,1653736985);
INSERT INTO player_score VALUES('6338cf709',3,'44ccf67b1','3837bcaeb',35192,609,1654026668,1654026668);
INSERT INTO player_score VALUES('62c7b1e79',3,'44ccf67b1','3b990b3bb',100800,559,1654014807,1654014807);
INSERT INTO player_score VALUES('571c803ce',3,'44ccf67b1','47b4c09ff',52416,564,1653701577,1653701577);
INSERT INTO player_score VALUES('63b9defb8',3,'44ccf67b1','501fd6469',85374,645,1654040201,1654040201);
INSERT INTO player_score VALUES('5987faa9e',3,'44ccf67b1','58c33c87',20196,556,1653766534,1653766534);
INSERT INTO player_score VALUES('63c145868',3,'44ccf67b1','611f9892f',31150,615,1654040977,1654040977);
INSERT INTO player_score VALUES('5d84f6bca',3,'44ccf67b1','ad2e42a0',71808,705,1653873592,1653873592);
INSERT INTO player_score VALUES('6316f471d',3,'44ccf67b1','d67323be',75088,579,1654023118,1654023118);
INSERT INTO player_score VALUES('6032c03f8',3,'46fafa0ac','155bf560c',27216,704,1653945502,1653945502);
INSERT INTO player_score VALUES('48a00afdc',3,'46fafa0ac','1a30ceb04',2958,449,1653312717,1653312717);
INSERT INTO player_score VALUES('5fc21a605',3,'46fafa0ac','2d386c750',133826,606,1653933690,1653933690);
INSERT INTO player_score VALUES('587679904',3,'46fafa0ac','2e446f4f1',287595,542,1653737855,1653737855);
INSERT INTO player_score VALUES('5f44551c1',3,'46fafa0ac','3837bcaeb',397670,550,1653920502,1653920502);
INSERT INTO player_score VALUES('5c36f2ea1',3,'46fafa0ac','39a42060a',207480,611,1653838568,1653838568);
INSERT INTO player_score VALUES('6343fa508',3,'46fafa0ac','3b990b3bb',150147,563,1654027839,1654027839);
INSERT INTO player_score VALUES('5710724bb',3,'46fafa0ac','47b4c09ff',32627,561,1653700313,1653700313);
INSERT INTO player_score VALUES('5f32821e4',3,'46fafa0ac','501fd6469',121680,488,1653918633,1653918633);
INSERT INTO player_score VALUES('625190389',3,'46fafa0ac','58c33c87',133920,618,1654002420,1654002420);
INSERT INTO player_score VALUES('6361b42fc',3,'46fafa0ac','611f9892f',32390,531,1654030956,1654030956);
INSERT INTO player_score VALUES('62d6ecd47',3,'46fafa0ac','ad2e42a0',34914,737,1654016404,1654016404);
INSERT INTO player_score VALUES('5eb8bbcd6',3,'46fafa0ac','d67323be',49210,544,1653905864,1653905864);
INSERT INTO player_score VALUES('628096c84',3,'48a569860','155bf560c',49818,722,1654007351,1654007351);
INSERT INTO player_score VALUES('61da20092',3,'48a569860','2d386c750',453376,629,1653989896,1653989896);
INSERT INTO player_score VALUES('591ac13d8',3,'48a569860','2e446f4f1',166250,551,1653755081,1653755081);
INSERT INTO player_score VALUES('615d5b1e3',3,'48a569860','3837bcaeb',15264,581,1653976813,1653976813);
INSERT INTO player_score VALUES('5c150944e',3,'48a569860','39a42060a',9720,609,1653835012,1653835012);
INSERT INTO player_score VALUES('5f1db0877',3,'48a569860','3b990b3bb',305970,505,1653916450,1653916450);
INSERT INTO player_score VALUES('58626b4c6',3,'48a569860','47b4c09ff',78000,620,1653735752,1653735752);
INSERT INTO player_score VALUES('633cac347',3,'48a569860','501fd6469',166840,629,1654027073,1654027073);
INSERT INTO player_score VALUES('63a6a51d6',3,'48a569860','611f9892f',73920,595,1654038185,1654038185);
INSERT INTO player_score VALUES('620597f9f',3,'48a569860','ad2e42a0',100016,732,1653994454,1653994454);
INSERT INTO player_score VALUES('5c3cba661',3,'48a569860','d67323be',158400,531,1653839174,1653839174);
INSERT INTO player_score VALUES('619cf4dd8',3,'4cbbe5e6e','155bf560c',190217,713,1653983482,1653983482);
INSERT INTO player_score VALUES('5fde5c3de',3,'4cbbe5e6e','2d386c750',8750,609,1653936653,1653936653);
INSERT INTO player_score VALUES('5871c8694',3,'4cbbe5e6e','2e446f4f1',205390,541,1653737363,1653737363);
INSERT INTO player_score VALUES('6266a89d4',3,'4cbbe5e6e','3837bcaeb',421800,598,1654004632,1654004632);
INSERT INTO player_score VALUES('5bd07ee46',3,'4cbbe5e6e','39a42060a',146692,604,1653827825,1653827825);
INSERT INTO player_score VALUES('62a1987ed',3,'4cbbe5e6e','3b990b3bb',23310,556,1654010812,1654010812);
INSERT INTO player_score VALUES('57f34c06f',3,'4cbbe5e6e','47b4c09ff',80850,602,1653724100,1653724100);
INSERT INTO player_score VALUES('63ba3472f',3,'4cbbe5e6e','501fd6469',199584,646,1654040236,1654040236);
INSERT INTO player_score VALUES('60d2544f9',3,'4cbbe5e6e','58c33c87',0,609,1653962235,1653962235);
INSERT INTO player_score VALUES('63a6fd031',3,'4cbbe5e6e','611f9892f',100548,596,1654038221,1654038221);
INSERT INTO player_score VALUES('5f9f06de3',3,'4cbbe5e6e','ad2e42a0',174720,720,1653930012,1653930012);
INSERT INTO player_score VALUES('5f9115863',3,'4cbbe5e6e','d67323be',171380,551,1653928550,1653928550);
INSERT INTO player_score VALUES('6366cbe44',3,'4f23886e2','155bf560c',0,735,1654031490,1654031490);
INSERT INTO player_score VALUES('58bd49021',3,'4f23886e2','2e446f4f1',3420,546,1653745280,1653745280);
INSERT INTO player_score VALUES('61018bb80',3,'4f23886e2','3837bcaeb',211904,574,1653967186,1653967186);
INSERT INTO player_score VALUES('5c0e7728e',3,'4f23886e2','39a42060a',2870,608,1653834323,1653834323);
INSERT INTO player_score VALUES('635ffa4a6',3,'4f23886e2','3b990b3bb',17204,566,1654030775,1654030775);
INSERT INTO player_score VALUES('5854cf67d',3,'4f23886e2','47b4c09ff',12264,617,1653734325,1653734325);
INSERT INTO player_score VALUES('62e57cdfb',3,'4f23886e2','501fd6469',88060,612,1654017931,1654017931);
INSERT INTO player_score VALUES('62b447363',3,'4f23886e2','58c33c87',12160,619,1654012771,1654012771);
INSERT INTO player_score VALUES('6367b8b6b',3,'4f23886e2','611f9892f',77350,535,1654031587,1654031587);
INSERT INTO player_score VALUES('60cdf3b1d',3,'4f23886e2','ad2e42a0',4480,727,1653961776,1653961776);
INSERT INTO player_score VALUES('6399eeb79',3,'506f0a2b7','155bf560c',290168,736,1654036852,1654036852);
INSERT INTO player_score VALUES('632e03c3a',3,'506f0a2b7','2d386c750',7968,648,1654025536,1654025536);
INSERT INTO player_score VALUES('59ceeeb9e',3,'506f0a2b7','2e446f4f1',14940,559,1653773974,1653773974);
INSERT INTO player_score VALUES('62ab2baa7',3,'506f0a2b7','3837bcaeb',39525,603,1654011816,1654011816);
INSERT INTO player_score VALUES('5af995ceb',3,'506f0a2b7','39a42060a',12408,591,1653805290,1653805290);
INSERT INTO player_score VALUES('5fcca6911',3,'506f0a2b7','3b990b3bb',38760,515,1653934796,1653934796);
INSERT INTO player_score VALUES('57d1dc75d',3,'506f0a2b7','47b4c09ff',123114,595,1653720594,1653720594);
INSERT INTO player_score VALUES('63776db24',3,'506f0a2b7','501fd6469',76464,637,1654033234,1654033234);
INSERT INTO player_score VALUES('62d26c7e9',3,'506f0a2b7','58c33c87',252343,621,1654015932,1654015932);
INSERT INTO player_score VALUES('63aeca109',3,'506f0a2b7','611f9892f',632000,600,1654039039,1654039039);
INSERT INTO player_score VALUES('6007d10b7',3,'506f0a2b7','d67323be',446424,558,1653941000,1653941000);
INSERT INTO player_score VALUES('5dea67f5b',3,'52a813fd4','155bf560c',61557,685,1653884229,1653884229);
INSERT INTO player_score VALUES('5488f7e67',3,'52a813fd4','2d386c750',255840,464,1653632420,1653632420);
INSERT INTO player_score VALUES('592ec34e2',3,'52a813fd4','2e446f4f1',16960,552,1653757179,1653757179);
INSERT INTO player_score VALUES('61399cbb6',3,'52a813fd4','3837bcaeb',7812,577,1653973065,1653973065);
INSERT INTO player_score VALUES('59e7cb7b4',3,'52a813fd4','39a42060a',54824,566,1653776581,1653776581);
INSERT INTO player_score VALUES('5d78b3152',3,'52a813fd4','3b990b3bb',388194,472,1653872306,1653872306);
INSERT INTO player_score VALUES('56b744b75',3,'52a813fd4','47b4c09ff',8580,553,1653690962,1653690962);
INSERT INTO player_score VALUES('630a455d0',3,'52a813fd4','501fd6469',113256,621,1654021788,1654021788);
INSERT INTO player_score VALUES('638421aae',3,'52a813fd4','611f9892f',3200,565,1654034566,1654034566);
INSERT INTO player_score VALUES('6385b6edf',3,'52a813fd4','ad2e42a0',10692,744,1654034732,1654034732);
INSERT INTO player_score VALUES('5f104a5b9',3,'52a813fd4','d67323be',11256,548,1653915045,1653915045);
INSERT INTO player_score VALUES('5f7ebc437',3,'580c8ce10','155bf560c',73920,701,1653926626,1653926626);
INSERT INTO player_score VALUES('62e4d949e',3,'580c8ce10','2d386c750',146452,643,1654017864,1654017864);
INSERT INTO player_score VALUES('56a456849',3,'580c8ce10','2e446f4f1',162540,522,1653688977,1653688977);
INSERT INTO player_score VALUES('63bda356e',3,'580c8ce10','3837bcaeb',114920,617,1654040596,1654040596);
INSERT INTO player_score VALUES('5ba1ba3e4',3,'580c8ce10','39a42060a',249288,600,1653822921,1653822921);
INSERT INTO player_score VALUES('639ce870f',3,'580c8ce10','3b990b3bb',36498,569,1654037164,1654037164);
INSERT INTO player_score VALUES('577bcfa6e',3,'580c8ce10','47b4c09ff',214452,580,1653711571,1653711571);
INSERT INTO player_score VALUES('637289414',3,'580c8ce10','501fd6469',321195,635,1654032721,1654032721);
INSERT INTO player_score VALUES('5a6e39863',3,'580c8ce10','58c33c87',470000,560,1653790677,1653790677);
INSERT INTO player_score VALUES('63822ab9d',3,'580c8ce10','611f9892f',605200,561,1654034360,1654034360);
INSERT INTO player_score VALUES('5f47e14f0',3,'580c8ce10','ad2e42a0',18879,715,1653920874,1653920874);
INSERT INTO player_score VALUES('63bf2c6c4',3,'580c8ce10','d67323be',24111,580,1654040757,1654040757);
INSERT INTO player_score VALUES('628c828bc',3,'5aa21fa8e','155bf560c',337144,724,1654008601,1654008601);
INSERT INTO player_score VALUES('6346afac5',3,'5aa21fa8e','2d386c750',15930,650,1654028123,1654028123);
INSERT INTO player_score VALUES('6370aac33',3,'5aa21fa8e','3837bcaeb',66816,611,1654032525,1654032525);
INSERT INTO player_score VALUES('6240a044e',3,'5aa21fa8e','3b990b3bb',0,555,1654000644,1654000644);
INSERT INTO player_score VALUES('63a40f7e8',3,'5aa21fa8e','501fd6469',0,642,1654037914,1654037914);
INSERT INTO player_score VALUES('6083bcacf',3,'5aa21fa8e','58c33c87',238000,606,1653953994,1653953994);
INSERT INTO player_score VALUES('63bef6b20',3,'5aa21fa8e','611f9892f',15990,609,1654040735,1654040735);
INSERT INTO player_score VALUES('63221ce0d',3,'5aa21fa8e','ad2e42a0',238875,740,1654024288,1654024288);
INSERT INTO player_score VALUES('5fec156dd',3,'5aa21fa8e','d67323be',8050,557,1653938092,1653938092);
INSERT INTO player_score VALUES('5e200ce28',3,'5d48ff2b1','155bf560c',4800,687,1653889854,1653889854);
INSERT INTO player_score VALUES('631334f85',3,'5d48ff2b1','2d386c750',204672,646,1654022725,1654022725);
INSERT INTO player_score VALUES('629166fb5',3,'5d48ff2b1','3837bcaeb',2457,602,1654009114,1654009114);
INSERT INTO player_score VALUES('5f5324972',3,'5d48ff2b1','3b990b3bb',181896,509,1653922055,1653922055);
INSERT INTO player_score VALUES('634398aac',3,'5d48ff2b1','501fd6469',437346,630,1654027799,1654027799);
INSERT INTO player_score VALUES('63b93b69a',3,'5d48ff2b1','611f9892f',0,606,1654040134,1654040134);
INSERT INTO player_score VALUES('5c8fd4d2a',3,'5d48ff2b1','ad2e42a0',12402,695,1653847888,1653847888);
INSERT INTO player_score VALUES('6235e3435',3,'5d48ff2b1','d67323be',130572,573,1653999518,1653999518);
INSERT INTO player_score VALUES('611b5a27b',3,'61cd11bfc','155bf560c',101592,711,1653969892,1653969892);
INSERT INTO player_score VALUES('62de02cd6',3,'61cd11bfc','2d386c750',7224,642,1654017147,1654017147);
INSERT INTO player_score VALUES('5f68cd063',3,'61cd11bfc','3837bcaeb',87516,555,1653924326,1653924326);
INSERT INTO player_score VALUES('609ba546c',3,'61cd11bfc','3b990b3bb',176042,531,1653956501,1653956501);
INSERT INTO player_score VALUES('63444fc66',3,'61cd11bfc','501fd6469',0,632,1654027874,1654027874);
INSERT INTO player_score VALUES('557598104',3,'61cd11bfc','58c33c87',231398,522,1653657232,1653657232);
INSERT INTO player_score VALUES('63bf7f69f',3,'61cd11bfc','611f9892f',224070,611,1654040791,1654040791);
INSERT INTO player_score VALUES('62689aa5b',3,'61cd11bfc','ad2e42a0',77004,734,1654004836,1654004836);
INSERT INTO player_score VALUES('6275cb1d5',3,'61cd11bfc','d67323be',11592,575,1654006219,1654006219);
INSERT INTO player_score VALUES('62cc239d6',3,'7a11b1e1','155bf560c',700,727,1654015273,1654015273);
INSERT INTO player_score VALUES('470f036bb',3,'7a11b1e1','1a30ceb04',60000,434,1653270666,1653270666);
INSERT INTO player_score VALUES('397c25fc8',3,'7a11b1e1','2ad601609',31820,353,1652906300,1652906300);
INSERT INTO player_score VALUES('62c3933bf',3,'7a11b1e1','2d386c750',50634,640,1654014375,1654014375);
INSERT INTO player_score VALUES('5672897e7',3,'7a11b1e1','2e446f4f1',101376,519,1653683755,1653683755);
INSERT INTO player_score VALUES('5b5a759d8',3,'7a11b1e1','39a42060a',90880,595,1653815448,1653815448);
INSERT INTO player_score VALUES('63b7d96bc',3,'7a11b1e1','3b990b3bb',140140,571,1654039989,1654039989);
INSERT INTO player_score VALUES('57723a07c',3,'7a11b1e1','47b4c09ff',433566,579,1653710566,1653710566);
INSERT INTO player_score VALUES('6235e0cd8',3,'7a11b1e1','501fd6469',20520,590,1653999517,1653999517);
INSERT INTO player_score VALUES('62f82e086',3,'7a11b1e1','58c33c87',6120,622,1654019891,1654019891);
INSERT INTO player_score VALUES('63bfa1984',3,'7a11b1e1','611f9892f',112860,612,1654040805,1654040805);
INSERT INTO player_score VALUES('63a1924a2',3,'7a11b1e1','ad2e42a0',880,745,1654037653,1654037653);
INSERT INTO player_score VALUES('4aec03076',3,'7a11b1e1','d67323be',199134,408,1653374370,1653374370);
INSERT INTO player_score VALUES('63b8ed4a6',3,'8da5e742','155bf560c',195534,737,1654040102,1654040102);
INSERT INTO player_score VALUES('438859e4c',3,'8da5e742','173494944',233396,495,1653176015,1653176015);
INSERT INTO player_score VALUES('4a3c49ae4',3,'8da5e742','1a30ceb04',6216,460,1653355944,1653355944);
INSERT INTO player_score VALUES('37f6928bc',3,'8da5e742','2ad601609',237150,318,1652865450,1652865450);
INSERT INTO player_score VALUES('61b91be4f',3,'8da5e742','2d386c750',0,628,1653986434,1653986434);
INSERT INTO player_score VALUES('622024d68',3,'8da5e742','3837bcaeb',1728,591,1653997238,1653997238);
INSERT INTO player_score VALUES('5bd1ed17f',3,'8da5e742','39a42060a',0,605,1653827975,1653827975);
INSERT INTO player_score VALUES('5e8083b2d',3,'8da5e742','3b990b3bb',91136,494,1653899969,1653899969);
INSERT INTO player_score VALUES('584a3e52a',3,'8da5e742','47b4c09ff',658070,615,1653733217,1653733217);
INSERT INTO player_score VALUES('62a9a77a2',3,'8da5e742','501fd6469',2080,606,1654011657,1654011657);
INSERT INTO player_score VALUES('5ae2b7510',3,'8da5e742','58c33c87',139776,564,1653802892,1653802892);
INSERT INTO player_score VALUES('639e93aea',3,'8da5e742','611f9892f',12852,587,1654037339,1654037339);
INSERT INTO player_score VALUES('5d2c8a044',3,'8da5e742','ad2e42a0',245763,702,1653864320,1653864320);
INSERT INTO player_score VALUES('444829e42',3,'9cd5fe87','173494944',11880,500,1653196128,1653196128);
INSERT INTO player_score VALUES('4736862c2',3,'9cd5fe87','1a30ceb04',3264,436,1653274809,1653274809);
INSERT INTO player_score VALUES('38764ebd0',3,'9cd5fe87','2ad601609',706662,327,1652878844,1652878844);
INSERT INTO player_score VALUES('6255c9bf2',3,'9cd5fe87','2d386c750',31150,634,1654002863,1654002863);
INSERT INTO player_score VALUES('53d614040',3,'9cd5fe87','2e446f4f1',64600,486,1653613662,1653613662);
INSERT INTO player_score VALUES('6107b9bb4',3,'9cd5fe87','3837bcaeb',153738,576,1653967834,1653967834);
INSERT INTO player_score VALUES('5b42107af',3,'9cd5fe87','39a42060a',119970,592,1653812890,1653812890);
INSERT INTO player_score VALUES('623dd2821',3,'9cd5fe87','3b990b3bb',5760,553,1654000350,1654000350);
INSERT INTO player_score VALUES('57fc5b5d1',3,'9cd5fe87','47b4c09ff',349184,606,1653725050,1653725050);
INSERT INTO player_score VALUES('6333d2938',3,'9cd5fe87','501fd6469',4320,627,1654026145,1654026145);
INSERT INTO player_score VALUES('60e2b6a4c',3,'9cd5fe87','58c33c87',217800,610,1653963953,1653963953);
INSERT INTO player_score VALUES('63b6bbc6a',3,'9cd5fe87','611f9892f',160370,603,1654039872,1654039872);
INSERT INTO player_score VALUES('5c7bd5334',3,'9cd5fe87','ad2e42a0',9842,693,1653845791,1653845791);
INSERT INTO player_score VALUES('6286bd815',3,'9cd5fe87','d67323be',117855,576,1654007996,1654007996);
INSERT INTO player_score VALUES('62fc9110a',3,'e7889d56','155bf560c',357272,733,1654020351,1654020351);
INSERT INTO player_score VALUES('45be62aaf',3,'e7889d56','173494944',0,516,1653235368,1653235368);
INSERT INTO player_score VALUES('469f03903',3,'e7889d56','1a30ceb04',11000,427,1653258922,1653258922);
INSERT INTO player_score VALUES('397b392e8',3,'e7889d56','2ad601609',208437,352,1652906203,1652906203);
INSERT INTO player_score VALUES('5fbf25886',3,'e7889d56','2d386c750',5112,605,1653933380,1653933380);
INSERT INTO player_score VALUES('59b5f98da',3,'e7889d56','2e446f4f1',150328,558,1653771357,1653771357);
INSERT INTO player_score VALUES('637ac1bfb',3,'e7889d56','3837bcaeb',7395,613,1654033583,1654033583);
INSERT INTO player_score VALUES('5ac7f4b65',3,'e7889d56','39a42060a',189240,585,1653800086,1653800086);
INSERT INTO player_score VALUES('63bed6f86',3,'e7889d56','3b990b3bb',18900,572,1654040722,1654040722);
INSERT INTO player_score VALUES('580bf7f43',3,'e7889d56','47b4c09ff',8330,609,1653726687,1653726687);
INSERT INTO player_score VALUES('638ca366e',3,'e7889d56','501fd6469',211560,640,1654035458,1654035458);
INSERT INTO player_score VALUES('5fce59225',3,'e7889d56','58c33c87',111000,602,1653934974,1653934974);
INSERT INTO player_score VALUES('5bfc560ab',3,'e7889d56','ad2e42a0',5112,688,1653832422,1653832422);
INSERT INTO player_score VALUES('593dbec1d',3,'e7889d56','d67323be',39168,516,1653758750,1653758750);
COMMIT;
