
BEGIN;
CREATE TABLE IF NOT EXISTS competition (
  id VARCHAR(255) NOT NULL PRIMARY KEY,
  tenant_id BIGINT NOT NULL,
  title TEXT NOT NULL,
  finished_at BIGINT NULL,
  created_at BIGINT NOT NULL,
  updated_at BIGINT NOT NULL
);
INSERT INTO competition VALUES('146785b3a',31,'枝豆は諦めたカップ',NULL,1651910926,1653032336);
INSERT INTO competition VALUES('1f3aa950e',31,'パブ.pl大会',1653506108,1652201501,1653506108);
INSERT INTO competition VALUES('2260a8c04',31,'本番寿司.rb #2',NULL,1652286016,1653275555);
INSERT INTO competition VALUES('28916fe15',31,'私の清酒の惨劇 #9',NULL,1652452192,1653554791);
INSERT INTO competition VALUES('2ad6f584d',31,'ドメスティックコーヒーのお茶会杯',NULL,1652513169,1652633974);
INSERT INTO competition VALUES('324412193',31,'いざGPU株式会社杯',1652964902,1652712515,1652964902);
INSERT INTO competition VALUES('3daa9734c',31,'第5回 ようこそトンポーロー帝国',NULL,1653018544,1653574959);
INSERT INTO competition VALUES('41300aaeb',31,'大きな土下座.devカップ',NULL,1653113068,1653180624);
INSERT INTO competition VALUES('49420d9a4',31,'甘口デブオプスのお茶会 vol.8',1653656382,1653329705,1653656382);
INSERT INTO competition VALUES('4afa279d5',31,'やわらかめハック依存症カップ',NULL,1653375853,1653847041);
INSERT INTO competition VALUES('5465a75f6',31,'第1回 Protocolの惨劇',1653727844,1653628717,1653727844);
INSERT INTO competition VALUES('6364b058b',31,'青浦和システム vol.5',NULL,1654031269,1654035614);
CREATE TABLE IF NOT EXISTS player (
  id VARCHAR(255) NOT NULL PRIMARY KEY,
  tenant_id BIGINT NOT NULL,
  display_name TEXT NOT NULL,
  is_disqualified BOOLEAN NOT NULL,
  created_at BIGINT NOT NULL,
  updated_at BIGINT NOT NULL
);
INSERT INTO player VALUES('d020f20a',31,'Jeanne Barrows',0,1651712382,1652634870);
INSERT INTO player VALUES('e0eb7fb2',31,'Horacio Barrows Jr.',0,1651740553,1652695987);
INSERT INTO player VALUES('e3417dd4',31,'Paula Boehm',1,1651744472,1651882734);
INSERT INTO player VALUES('f956433f',31,'Marcos Beatty',0,1651781518,1653943766);
INSERT INTO player VALUES('fff4c043',31,'Hudson Barton',0,1651792623,1653370214);
INSERT INTO player VALUES('107f369a2',31,'Nellie Upton IV',0,1651806036,1652323978);
INSERT INTO player VALUES('11eea9fc2',31,'Ms. Lulu Metz I',0,1651844566,1653442383);
INSERT INTO player VALUES('11fd04494',31,'Vesta Lakin',0,1651846071,1654021722);
INSERT INTO player VALUES('12482d01f',31,'Mr. Russell Rodriguez Sr.',0,1651853952,1651951041);
INSERT INTO player VALUES('1319ab644',31,'Mr. Kiley Schultz',0,1651875919,1653841669);
INSERT INTO player VALUES('13337eb3f',31,'Carolina Deckow',0,1651878627,1653918862);
INSERT INTO player VALUES('135d61601',31,'Mr. Roscoe Hodkiewicz',0,1651883019,1651909849);
INSERT INTO player VALUES('14261e87f',31,'Ms. Elmira Bauch I',0,1651904068,1653529485);
INSERT INTO player VALUES('14f36ab0b',31,'Marcos Hudson',0,1651925595,1653892370);
INSERT INTO player VALUES('15063e052',31,'Liliana Grady',0,1651927569,1652908292);
INSERT INTO player VALUES('1523ac314',31,'Christine Ward',1,1651930655,1652163628);
INSERT INTO player VALUES('15b32c075',31,'Kayden Walker II',0,1651945702,1652049284);
INSERT INTO player VALUES('1632e83ab',31,'Mr. Austyn Schaden PhD',0,1651959096,1652242096);
INSERT INTO player VALUES('167c15244',31,'Ms. Catherine Gutmann V',0,1651966769,1652857245);
INSERT INTO player VALUES('1681e6685',31,'Mr. Clinton Upton MD',0,1651967379,1652006127);
INSERT INTO player VALUES('1836ee4a3',31,'Mr. Remington Olson I',0,1652013205,1652831367);
INSERT INTO player VALUES('185828225',31,'Mr. Russel Turcotte',0,1652016689,1653608829);
INSERT INTO player VALUES('1970c8f5a',31,'Cicero Murray',0,1652046115,1654026941);
INSERT INTO player VALUES('199d48921',31,'Arielle Waters',0,1652050781,1652184158);
INSERT INTO player VALUES('19d00747a',31,'Breanne Green',0,1652056102,1653098338);
INSERT INTO player VALUES('1ae78f577',31,'Anahi Pfannerstill',0,1652085413,1653038376);
INSERT INTO player VALUES('1b5955547',31,'Kaley Hayes',0,1652097343,1653853640);
INSERT INTO player VALUES('1bf073d85',31,'Trace Breitenberg',0,1652113189,1653237650);
INSERT INTO player VALUES('1cfbae7a7',31,'Joseph Quitzon',0,1652141210,1652242932);
INSERT INTO player VALUES('1d8f8ef0c',31,'Ms. Lessie O"Conner IV',0,1652156716,1652572116);
INSERT INTO player VALUES('1f6ab78d1',31,'Axel Jacobson',0,1652206540,1653676686);
INSERT INTO player VALUES('2006f2acc',31,'Ms. Lottie Langosh',0,1652222922,1652589201);
INSERT INTO player VALUES('20a4b94a7',31,'Taryn Lesch',0,1652239466,1653826910);
INSERT INTO player VALUES('21c8a9a38',31,'Stephan Langworth DVM',0,1652270078,1653909176);
INSERT INTO player VALUES('21ec065c1',31,'Ms. Euna Koelpin',0,1652273786,1653603702);
INSERT INTO player VALUES('22aa1ee9e',31,'Torrance Paucek',0,1652293719,1652539085);
INSERT INTO player VALUES('22b42c29f',31,'Mr. Kenneth Emmerich MD',0,1652294773,1652661176);
INSERT INTO player VALUES('247444101',31,'Dashawn Weber',0,1652341759,1654011842);
INSERT INTO player VALUES('250ba4803',31,'Ms. Jacquelyn Bernier III',0,1652357632,1653923383);
INSERT INTO player VALUES('25d1fa733',31,'Justus Towne',1,1652378429,1653284825);
INSERT INTO player VALUES('27029eb99',31,'Florencio Klein',1,1652410373,1654033813);
INSERT INTO player VALUES('273b4c004',31,'May Lueilwitz MD',0,1652416316,1652871593);
INSERT INTO player VALUES('282ebdc93',31,'Kallie Torphy MD',0,1652441843,1653565474);
INSERT INTO player VALUES('28ca1f984',31,'Ms. Charlotte Grimes V',0,1652458136,1653123400);
INSERT INTO player VALUES('28e769298',31,'Mr. Woodrow Rodriguez',0,1652461207,1653997150);
INSERT INTO player VALUES('2a1d511cf',31,'Mr. Roberto Reynolds DVM',0,1652493703,1653617671);
INSERT INTO player VALUES('2c2e852e1',31,'Alta Breitenberg',0,1652549194,1653186641);
INSERT INTO player VALUES('2c79c3dc9',31,'Sharon Abshire',0,1652557084,1652618453);
INSERT INTO player VALUES('2c9996d9f',31,'Roma Russel',0,1652560421,1653527949);
INSERT INTO player VALUES('2dd7cd3dc',31,'Ms. Ursula Kuhic',1,1652593788,1652966129);
INSERT INTO player VALUES('2df58bfc0',31,'Justina Bergstrom PhD',0,1652596907,1653980607);
INSERT INTO player VALUES('2e3b00c06',31,'Mr. Houston Walker MD',0,1652604190,1652662719);
INSERT INTO player VALUES('2f88d89e2',31,'Abraham Cartwright',0,1652639196,1653053958);
INSERT INTO player VALUES('2f913d0ec',31,'Willa Bashirian',0,1652640076,1653084340);
INSERT INTO player VALUES('3075a24aa',31,'Nicholas Nicolas',0,1652664025,1653788682);
INSERT INTO player VALUES('30d9461b0',31,'Kyler Boehm',0,1652674473,1653113245);
INSERT INTO player VALUES('31e797c6c',31,'Jovan Wilderman',0,1652702818,1653379461);
INSERT INTO player VALUES('322287a7a',31,'Ms. Linda Kovacek',1,1652708998,1652778138);
INSERT INTO player VALUES('32cb87d0e',31,'Elton Weber',0,1652726719,1653163435);
INSERT INTO player VALUES('34b6b38e7',31,'Jakob Goodwin',0,1652778222,1652858551);
INSERT INTO player VALUES('359f6ac1e',31,'Brennan Kerluke III',0,1652802624,1652876870);
INSERT INTO player VALUES('36510c683',31,'Ms. Paula Schultz Sr.',0,1652821250,1653501780);
INSERT INTO player VALUES('36e4e5848',31,'Kacie Smitham',0,1652836753,1653918713);
INSERT INTO player VALUES('38542a817',31,'Shawn Wilkinson',0,1652875264,1653684769);
INSERT INTO player VALUES('39d2772ba',31,'Mr. Emmanuel Schuster',0,1652915351,1653529344);
INSERT INTO player VALUES('39d2c2d76',31,'Mr. Willis Kemmer',0,1652915382,1653639186);
INSERT INTO player VALUES('3a752e6e8',31,'Priscilla Hartmann',0,1652932413,1653408662);
INSERT INTO player VALUES('3ab1175ba',31,'Eloy Schinner',0,1652938695,1653690667);
INSERT INTO player VALUES('3bdef52cb',31,'Marjory Fay',0,1652970348,1653379859);
INSERT INTO player VALUES('3cfb77a6c',31,'Orie Prosacco',1,1653000181,1653237301);
INSERT INTO player VALUES('3da5bc84e',31,'Leopold Mills PhD',0,1653018035,1653792497);
INSERT INTO player VALUES('3da74f5be',31,'Spencer West',0,1653018200,1653969794);
INSERT INTO player VALUES('3db00baf9',31,'Delaney Walker I',0,1653019116,1653295304);
INSERT INTO player VALUES('3dcc94602',31,'June Bode DVM',0,1653022108,1654009595);
INSERT INTO player VALUES('3f08db29b',31,'Ms. Marcella Altenwerth MD',0,1653055272,1653764242);
INSERT INTO player VALUES('3fe9290cf',31,'Citlalli Eichmann',0,1653078792,1653250213);
INSERT INTO player VALUES('401deae5b',31,'Sedrick Treutel',1,1653084324,1653239953);
INSERT INTO player VALUES('40c5adac1',31,'Mr. Guy Vandervort',0,1653101915,1653883322);
INSERT INTO player VALUES('40cb41e84',31,'Allison King',0,1653102500,1653944197);
INSERT INTO player VALUES('419cb681b',31,'Mr. Tad Schulist',0,1653124463,1653853192);
INSERT INTO player VALUES('41af80139',31,'Neil Brown',0,1653126433,1653196227);
INSERT INTO player VALUES('41e5758f1',31,'Mr. Daryl Zemlak',0,1653132091,1653497204);
INSERT INTO player VALUES('4226da483',31,'Estefania Kautzer',0,1653138948,1653925688);
INSERT INTO player VALUES('42688d20d',31,'Mr. Candelario Langworth',1,1653145837,1653762842);
INSERT INTO player VALUES('4294de54c',31,'Erich Nicolas',0,1653150484,1653410741);
INSERT INTO player VALUES('42afef0ba',31,'Kurtis Reinger',0,1653153322,1653189360);
INSERT INTO player VALUES('42c7d7a6e',31,'Mr. Xzavier Zemlak',0,1653155829,1653162505);
INSERT INTO player VALUES('43594717c',31,'Edgar Wunsch',0,1653171079,1653931990);
INSERT INTO player VALUES('44ac84cbd',31,'Gage Pagac',0,1653206651,1653593556);
INSERT INTO player VALUES('457653695',31,'Mr. Luis Hartmann',0,1653227812,1654022542);
INSERT INTO player VALUES('459eccb82',31,'Mr. Ali Cormier PhD',0,1653232056,1653635456);
INSERT INTO player VALUES('45cee24c0',31,'Marta Green',0,1653237098,1653737513);
INSERT INTO player VALUES('45dc01ac8',31,'Mr. Nico Fay II',1,1653238474,1653544107);
INSERT INTO player VALUES('4645c74e8',31,'Agnes Kirlin',0,1653249565,1653584467);
INSERT INTO player VALUES('46844f9cc',31,'Ms. Paige Cormier III',0,1653256122,1653895448);
INSERT INTO player VALUES('4705dbaca',31,'Ms. Sabrina Mills',0,1653269706,1653867009);
INSERT INTO player VALUES('47101e9fc',31,'Peter Schneider',0,1653270782,1653380586);
INSERT INTO player VALUES('4712bb911',31,'Ms. Citlalli Hickle Jr.',0,1653271056,1653826087);
INSERT INTO player VALUES('471b55b84',31,'Marcella Kautzer',0,1653271958,1653809318);
INSERT INTO player VALUES('47adb9523',31,'Libbie Watsica',0,1653287308,1654018900);
INSERT INTO player VALUES('4817b98ce',31,'Mr. Jaydon Wilkinson III',0,1653298423,1653873634);
INSERT INTO player VALUES('481b434e8',31,'Brittany Runte',0,1653298794,1653829792);
INSERT INTO player VALUES('4937a60bc',31,'Mark Bashirian',0,1653328614,1653871519);
INSERT INTO player VALUES('493f053c5',31,'Linda O"Kon',0,1653329387,1654007374);
INSERT INTO player VALUES('4ab0f0f14',31,'Cruz Schulist',0,1653368176,1654004769);
INSERT INTO player VALUES('4b601cb4f',31,'Ms. Alayna Koelpin',0,1653386544,1653832897);
INSERT INTO player VALUES('4b89cc136',31,'Harold Kreiger',0,1653390915,1653956467);
INSERT INTO player VALUES('4beb174d5',31,'Mr. Kayden Zboncak',0,1653401117,1653897553);
INSERT INTO player VALUES('4c0c6c050',31,'Mr. Gaetano Ankunding V',0,1653404612,1653744093);
INSERT INTO player VALUES('4c0ccdb14',31,'Javier Hyatt',0,1653404652,1653567190);
INSERT INTO player VALUES('4cf83cad8',31,'Tanya Braun',0,1653429339,1653955597);
INSERT INTO player VALUES('4d3660e0f',31,'Jess Abshire',0,1653435855,1653788853);
INSERT INTO player VALUES('4d42f5184',31,'Ms. Dolores Hintz',0,1653437174,1654009827);
INSERT INTO player VALUES('4e03e79fb',31,'Mr. Kristoffer Hartmann I',0,1653457406,1653526558);
INSERT INTO player VALUES('4e7867db0',31,'Mr. Haskell McGlynn',0,1653469622,1653909183);
INSERT INTO player VALUES('4ebb5cf6d',31,'Ms. Kailee Runte',0,1653476643,1653699777);
INSERT INTO player VALUES('4f4240394',31,'Alvah Mayer',0,1653490787,1653833072);
INSERT INTO player VALUES('4f4e1fc3d',31,'Callie Halvorson',0,1653492032,1653759431);
INSERT INTO player VALUES('502a0345f',31,'Beulah Purdy',0,1653515089,1653838429);
INSERT INTO player VALUES('502d30401',31,'Andreanne Kertzmann',0,1653515422,1654016508);
INSERT INTO player VALUES('511d2bcb8',31,'Eliza Howell',0,1653540586,1653707533);
INSERT INTO player VALUES('51d8a4f8c',31,'Heidi Kemmer',0,1653560244,1653966954);
INSERT INTO player VALUES('51f8f6e5f',31,'Darrel Rutherford',1,1653563633,1653830082);
INSERT INTO player VALUES('51ff6bbbc',31,'Milan Stark',0,1653564310,1653891042);
INSERT INTO player VALUES('539decfe9',31,'Ms. Zoey Kirlin',0,1653607774,1653887366);
INSERT INTO player VALUES('5440d78b0',31,'Ms. Meredith Medhurst II',0,1653624857,1653737966);
INSERT INTO player VALUES('557383d86',31,'Mr. Zachery Zulauf',0,1653657014,1653978340);
INSERT INTO player VALUES('55f001fa3',31,'Ms. Salma Durgan',1,1653670068,1654031436);
INSERT INTO player VALUES('560bc004e',31,'Ms. Maud O"Reilly III',0,1653672977,1653705482);
INSERT INTO player VALUES('561076126',31,'Brooke Goodwin',0,1653673471,1653859550);
INSERT INTO player VALUES('571759df4',31,'Jewel Upton II',0,1653701037,1653899016);
INSERT INTO player VALUES('57d0a8d82',31,'Estel Kautzer',0,1653720468,1653897917);
INSERT INTO player VALUES('592b2ae2a',31,'Myrtie Reynolds',1,1653756802,1653940278);
INSERT INTO player VALUES('598a1ffd0',31,'Ms. Dakota Smitham',0,1653766759,1653981959);
INSERT INTO player VALUES('5a7750348',31,'Eino Hayes',0,1653791630,1653920982);
INSERT INTO player VALUES('5d0982b9a',31,'Deshawn Weber I',0,1653860647,1653986205);
INSERT INTO player VALUES('5d2c12640',31,'Ms. Jaclyn Runte',0,1653864271,1654013147);
INSERT INTO player VALUES('5ddac8f27',31,'Walter Lubowitz MD',0,1653882591,1653910880);
INSERT INTO player VALUES('5ea19dd64',31,'Kassandra Wintheiser',0,1653903440,1654002755);
INSERT INTO player VALUES('5efdb198f',31,'Korey Rosenbaum',0,1653913095,1653987838);
INSERT INTO player VALUES('5f8098572',31,'Isabell Barton IV',0,1653926821,1653970781);
INSERT INTO player VALUES('5feac6f43',31,'Aiden DuBuque',0,1653937955,1654034135);
INSERT INTO player VALUES('603c69658',31,'Bobby Zboncak',0,1653946515,1653980507);
INSERT INTO player VALUES('6100ed044',31,'Elissa Gottlieb III',0,1653967121,1654005873);
INSERT INTO player VALUES('61783fe78',31,'Ms. Era Strosin Jr.',1,1653979633,1654039273);
INSERT INTO player VALUES('619dfef99',31,'Mr. Cornell Legros DVM',0,1653983591,1654005473);
INSERT INTO player VALUES('6226fdc9a',31,'Kaelyn Quigley',0,1653997956,1654001576);
INSERT INTO player VALUES('62e8916f6',31,'Efren Douglas',1,1654018254,1654035336);
CREATE TABLE IF NOT EXISTS player_score (
                              id VARCHAR(255) NOT NULL PRIMARY KEY,
                              tenant_id BIGINT NOT NULL,
                              player_id VARCHAR(255) NOT NULL,
                              competition_id VARCHAR(255) NOT NULL,
                              score BIGINT NOT NULL,
                              row_num BIGINT NOT NULL,
                              created_at BIGINT NOT NULL,
                              updated_at BIGINT NOT NULL
);
INSERT INTO player_score VALUES('60ddfbb5f',31,'107f369a2','146785b3a',534006,2608,1653963457,1653963457);
INSERT INTO player_score VALUES('6364008fe',31,'107f369a2','28916fe15',7560,2574,1654031197,1654031197);
INSERT INTO player_score VALUES('61b308b58',31,'107f369a2','2ad6f584d',686070,2729,1653985797,1653985797);
INSERT INTO player_score VALUES('39bf2c30f',31,'107f369a2','324412193',7308,969,1652913328,1652913328);
INSERT INTO player_score VALUES('61876747d',31,'107f369a2','3daa9734c',695640,2563,1653981222,1653981222);
INSERT INTO player_score VALUES('619538e0f',31,'107f369a2','41300aaeb',309453,2526,1653982671,1653982671);
INSERT INTO player_score VALUES('517a8b9b5',31,'107f369a2','49420d9a4',5180,1550,1653550377,1653550377);
INSERT INTO player_score VALUES('62b6a23d3',31,'107f369a2','4afa279d5',5568,2725,1654013018,1654013018);
INSERT INTO player_score VALUES('57f00df2a',31,'107f369a2','5465a75f6',215600,2404,1653723760,1653723760);
INSERT INTO player_score VALUES('63c477665',31,'107f369a2','6364b058b',62092,2876,1654041312,1654041312);
INSERT INTO player_score VALUES('56cf25fb2',31,'11eea9fc2','146785b3a',25344,2272,1653693466,1653693466);
INSERT INTO player_score VALUES('4c141bcea',31,'11eea9fc2','1f3aa950e',24640,2053,1653405418,1653405418);
INSERT INTO player_score VALUES('5eeea50d3',31,'11eea9fc2','2260a8c04',0,2520,1653911517,1653911517);
INSERT INTO player_score VALUES('6163a8e58',31,'11eea9fc2','28916fe15',17496,2480,1653977474,1653977474);
INSERT INTO player_score VALUES('61e39fad5',31,'11eea9fc2','2ad6f584d',411642,2738,1653990892,1653990892);
INSERT INTO player_score VALUES('6051906ff',31,'11eea9fc2','3daa9734c',181440,2466,1653948733,1653948733);
INSERT INTO player_score VALUES('61aa5fe9c',31,'11eea9fc2','41300aaeb',234850,2536,1653984889,1653984889);
INSERT INTO player_score VALUES('5f5e8a13f',31,'11eea9fc2','4afa279d5',42120,2352,1653923250,1653923250);
INSERT INTO player_score VALUES('576568cad',31,'11eea9fc2','5465a75f6',231525,2026,1653709222,1653709222);
INSERT INTO player_score VALUES('63c70340d',31,'11eea9fc2','6364b058b',77952,2954,1654041579,1654041579);
INSERT INTO player_score VALUES('62aaffb6c',31,'11fd04494','146785b3a',12480,2683,1654011798,1654011798);
INSERT INTO player_score VALUES('4c4f4d9bb',31,'11fd04494','1f3aa950e',54696,2071,1653411625,1653411625);
INSERT INTO player_score VALUES('62f0720c8',31,'11fd04494','2260a8c04',382800,2682,1654019080,1654019080);
INSERT INTO player_score VALUES('625715cb0',31,'11fd04494','28916fe15',518700,2521,1654002999,1654002999);
INSERT INTO player_score VALUES('63105d700',31,'11fd04494','2ad6f584d',15660,2797,1654022427,1654022427);
INSERT INTO player_score VALUES('3ba59a8e8',31,'11fd04494','324412193',5100,1238,1652964334,1652964334);
INSERT INTO player_score VALUES('62bf80bce',31,'11fd04494','3daa9734c',295260,2648,1654013948,1654013948);
INSERT INTO player_score VALUES('61de01b27',31,'11fd04494','41300aaeb',171667,2554,1653990303,1653990303);
INSERT INTO player_score VALUES('546bd7da0',31,'11fd04494','49420d9a4',13600,2093,1653629366,1653629366);
INSERT INTO player_score VALUES('63657fdf0',31,'11fd04494','4afa279d5',292600,2808,1654031354,1654031354);
INSERT INTO player_score VALUES('57b7b6221',31,'11fd04494','5465a75f6',22869,2248,1653717852,1653717852);
INSERT INTO player_score VALUES('63c1ff124',31,'11fd04494','6364b058b',138380,2812,1654041053,1654041053);
INSERT INTO player_score VALUES('6230edbc7',31,'12482d01f','146785b3a',33592,2667,1653998998,1653998998);
INSERT INTO player_score VALUES('4f421b96c',31,'12482d01f','1f3aa950e',81030,2202,1653490772,1653490772);
INSERT INTO player_score VALUES('61dcd0826',31,'12482d01f','2260a8c04',134688,2637,1653990178,1653990178);
INSERT INTO player_score VALUES('5ec890861',31,'12482d01f','28916fe15',126321,2384,1653907524,1653907524);
INSERT INTO player_score VALUES('3b6cbee5f',31,'12482d01f','324412193',5124,1206,1652958372,1652958372);
INSERT INTO player_score VALUES('5efd96c03',31,'12482d01f','3daa9734c',6048,2362,1653913084,1653913084);
INSERT INTO player_score VALUES('611d5fbe0',31,'12482d01f','41300aaeb',169128,2488,1653970104,1653970104);
INSERT INTO player_score VALUES('6196170ed',31,'12482d01f','4afa279d5',210210,2599,1653982762,1653982762);
INSERT INTO player_score VALUES('5808c8865',31,'12482d01f','5465a75f6',6480,2464,1653726353,1653726353);
INSERT INTO player_score VALUES('63b5c04d5',31,'12482d01f','6364b058b',116522,2435,1654039769,1654039769);
INSERT INTO player_score VALUES('635675c5a',31,'1319ab644','146785b3a',2464,2713,1654029777,1654029777);
INSERT INTO player_score VALUES('6133600d6',31,'1319ab644','2260a8c04',70092,2610,1653972411,1653972411);
INSERT INTO player_score VALUES('5fedad273',31,'1319ab644','28916fe15',112970,2426,1653938259,1653938259);
INSERT INTO player_score VALUES('5c9695559',31,'1319ab644','2ad6f584d',483003,2476,1653848596,1653848596);
INSERT INTO player_score VALUES('3b6ece3d7',31,'1319ab644','324412193',3456,1209,1652958588,1652958588);
INSERT INTO player_score VALUES('637b17368',31,'1319ab644','41300aaeb',154818,2672,1654033618,1654033618);
INSERT INTO player_score VALUES('54c70b052',31,'1319ab644','49420d9a4',11520,2169,1653638929,1653638929);
INSERT INTO player_score VALUES('63b67766a',31,'1319ab644','4afa279d5',43152,2840,1654039844,1654039844);
INSERT INTO player_score VALUES('57d583854',31,'1319ab644','5465a75f6',8690,2329,1653720977,1653720977);
INSERT INTO player_score VALUES('63c6d4dec',31,'1319ab644','6364b058b',219177,2948,1654041560,1654041560);
INSERT INTO player_score VALUES('62f9c3495',31,'13337eb3f','146785b3a',241056,2700,1654020057,1654020057);
INSERT INTO player_score VALUES('4f470009e',31,'13337eb3f','1f3aa950e',143550,2204,1653491285,1653491285);
INSERT INTO player_score VALUES('6273ec9b8',31,'13337eb3f','2260a8c04',282940,2664,1654006023,1654006023);
INSERT INTO player_score VALUES('633a27ae0',31,'13337eb3f','28916fe15',12528,2565,1654026809,1654026809);
INSERT INTO player_score VALUES('3b6321f42',31,'13337eb3f','324412193',980,1200,1652957364,1652957364);
INSERT INTO player_score VALUES('61b98c33d',31,'13337eb3f','3daa9734c',90304,2574,1653986480,1653986480);
INSERT INTO player_score VALUES('61cc07a84',31,'13337eb3f','41300aaeb',17940,2551,1653988418,1653988418);
INSERT INTO player_score VALUES('556987b3a',31,'13337eb3f','49420d9a4',18408,2283,1653655967,1653655967);
INSERT INTO player_score VALUES('6372ed5e7',31,'13337eb3f','4afa279d5',5037,2815,1654032762,1654032762);
INSERT INTO player_score VALUES('580eaadc7',31,'13337eb3f','5465a75f6',80465,2482,1653726970,1653726970);
INSERT INTO player_score VALUES('63c6b51e7',31,'13337eb3f','6364b058b',556780,2939,1654041547,1654041547);
INSERT INTO player_score VALUES('55f514cd3',31,'135d61601','146785b3a',46002,2248,1653670600,1653670600);
INSERT INTO player_score VALUES('627176baa',31,'135d61601','2260a8c04',275652,2663,1654005765,1654005765);
INSERT INTO player_score VALUES('62db8326c',31,'135d61601','28916fe15',58500,2547,1654016885,1654016885);
INSERT INTO player_score VALUES('3b1b23cac',31,'135d61601','324412193',448875,1167,1652949815,1652949815);
INSERT INTO player_score VALUES('6072551e0',31,'135d61601','3daa9734c',32900,2476,1653952169,1653952169);
INSERT INTO player_score VALUES('5a034798e',31,'135d61601','41300aaeb',19239,1950,1653779463,1653779463);
INSERT INTO player_score VALUES('546ad02bf',31,'135d61601','49420d9a4',6650,2092,1653629258,1653629258);
INSERT INTO player_score VALUES('623132182',31,'135d61601','4afa279d5',58740,2663,1653999026,1653999026);
INSERT INTO player_score VALUES('580eb49ec',31,'135d61601','5465a75f6',16416,2483,1653726974,1653726974);
INSERT INTO player_score VALUES('63be0c54a',31,'135d61601','6364b058b',7866,2705,1654040639,1654040639);
INSERT INTO player_score VALUES('628e80ca5',31,'14261e87f','146785b3a',139840,2677,1654008810,1654008810);
INSERT INTO player_score VALUES('4f10adc94',31,'14261e87f','1f3aa950e',10260,2194,1653485589,1653485589);
INSERT INTO player_score VALUES('57e5c13a2',31,'14261e87f','2260a8c04',50160,2217,1653722680,1653722680);
INSERT INTO player_score VALUES('612112fd5',31,'14261e87f','28916fe15',114345,2469,1653970492,1653970492);
INSERT INTO player_score VALUES('631103727',31,'14261e87f','2ad6f584d',72048,2798,1654022495,1654022495);
INSERT INTO player_score VALUES('3b6a8880c',31,'14261e87f','324412193',11271,1204,1652958140,1652958140);
INSERT INTO player_score VALUES('6235a637f',31,'14261e87f','3daa9734c',473088,2608,1653999493,1653999493);
INSERT INTO player_score VALUES('639720ef2',31,'14261e87f','41300aaeb',69184,2682,1654036558,1654036558);
INSERT INTO player_score VALUES('55377da21',31,'14261e87f','49420d9a4',25326,2252,1653650720,1653650720);
INSERT INTO player_score VALUES('63c613fbd',31,'14261e87f','4afa279d5',2926,2847,1654041481,1654041481);
INSERT INTO player_score VALUES('580c79580',31,'14261e87f','5465a75f6',208742,2471,1653726740,1653726740);
INSERT INTO player_score VALUES('63b75f55e',31,'14261e87f','6364b058b',83720,2491,1654039939,1654039939);
INSERT INTO player_score VALUES('60442cb2a',31,'14f36ab0b','146785b3a',81344,2591,1653947329,1653947329);
INSERT INTO player_score VALUES('4e167ded9',31,'14f36ab0b','1f3aa950e',36946,2145,1653459355,1653459355);
INSERT INTO player_score VALUES('525252df3',31,'14f36ab0b','2260a8c04',162000,1997,1653573003,1653573003);
INSERT INTO player_score VALUES('5e1358ead',31,'14f36ab0b','28916fe15',216720,2348,1653888522,1653888522);
INSERT INTO player_score VALUES('639bd48ee',31,'14f36ab0b','2ad6f584d',29820,2821,1654037051,1654037051);
INSERT INTO player_score VALUES('3b9feb7b3',31,'14f36ab0b','324412193',67228,1235,1652963738,1652963738);
INSERT INTO player_score VALUES('60fb899d2',31,'14f36ab0b','3daa9734c',125610,2532,1653966556,1653966556);
INSERT INTO player_score VALUES('63af79de5',31,'14f36ab0b','41300aaeb',546975,2691,1654039111,1654039111);
INSERT INTO player_score VALUES('630ff6e2d',31,'14f36ab0b','4afa279d5',394680,2765,1654022385,1654022385);
INSERT INTO player_score VALUES('573472984',31,'14f36ab0b','5465a75f6',4071,1889,1653704088,1653704088);
INSERT INTO player_score VALUES('63c3ffc40',31,'14f36ab0b','6364b058b',359310,2862,1654041263,1654041263);
INSERT INTO player_score VALUES('5ad35a373',31,'15063e052','146785b3a',151404,2400,1653801281,1653801281);
INSERT INTO player_score VALUES('4c5155a33',31,'15063e052','1f3aa950e',230736,2072,1653411838,1653411838);
INSERT INTO player_score VALUES('6167f8699',31,'15063e052','2260a8c04',12932,2622,1653977926,1653977926);
INSERT INTO player_score VALUES('6328f3606',31,'15063e052','28916fe15',19872,2561,1654025005,1654025005);
INSERT INTO player_score VALUES('62d7b0259',31,'15063e052','2ad6f584d',327026,2782,1654016484,1654016484);
INSERT INTO player_score VALUES('3b73f70f5',31,'15063e052','324412193',415104,1212,1652959129,1652959129);
INSERT INTO player_score VALUES('62dcc2fc1',31,'15063e052','3daa9734c',2856,2658,1654017016,1654017016);
INSERT INTO player_score VALUES('62aaffb6d',31,'15063e052','41300aaeb',42336,2610,1654011798,1654011798);
INSERT INTO player_score VALUES('54ab74057',31,'15063e052','49420d9a4',373520,2139,1653636036,1653636036);
INSERT INTO player_score VALUES('63871b633',31,'15063e052','4afa279d5',37740,2824,1654034878,1654034878);
INSERT INTO player_score VALUES('580ea5fae',31,'15063e052','5465a75f6',104760,2481,1653726968,1653726968);
INSERT INTO player_score VALUES('63c17659a',31,'15063e052','6364b058b',8640,2803,1654040997,1654040997);
INSERT INTO player_score VALUES('5d181a126',31,'1523ac314','146785b3a',26754,2488,1653862177,1653862177);
INSERT INTO player_score VALUES('4f3e80bfc',31,'1523ac314','1f3aa950e',0,2201,1653490394,1653490394);
INSERT INTO player_score VALUES('630b7b6da',31,'1523ac314','2260a8c04',301392,2687,1654021915,1654021915);
INSERT INTO player_score VALUES('632268900',31,'1523ac314','28916fe15',88500,2560,1654024319,1654024319);
INSERT INTO player_score VALUES('62f4e14e9',31,'1523ac314','2ad6f584d',52650,2790,1654019545,1654019545);
INSERT INTO player_score VALUES('637bb102f',31,'1523ac314','3daa9734c',57850,2700,1654033681,1654033681);
INSERT INTO player_score VALUES('61c64ecaa',31,'1523ac314','41300aaeb',17612,2547,1653987818,1653987818);
INSERT INTO player_score VALUES('54e0b4d6d',31,'1523ac314','49420d9a4',113696,2186,1653641620,1653641620);
INSERT INTO player_score VALUES('63681a5e0',31,'1523ac314','4afa279d5',30360,2810,1654031627,1654031627);
INSERT INTO player_score VALUES('57fe91c3e',31,'1523ac314','5465a75f6',37310,2444,1653725282,1653725282);
INSERT INTO player_score VALUES('63c6cd89a',31,'1523ac314','6364b058b',43680,2945,1654041557,1654041557);
INSERT INTO player_score VALUES('5ac301a0b',31,'15b32c075','146785b3a',494016,2399,1653799567,1653799567);
INSERT INTO player_score VALUES('4fcba31de',31,'15b32c075','1f3aa950e',0,2228,1653505193,1653505193);
INSERT INTO player_score VALUES('623a43dd5',31,'15b32c075','2260a8c04',81600,2653,1653999977,1653999977);
INSERT INTO player_score VALUES('636994c7d',31,'15b32c075','28916fe15',5400,2575,1654031782,1654031782);
INSERT INTO player_score VALUES('639fb1566',31,'15b32c075','2ad6f584d',29760,2823,1654037456,1654037456);
INSERT INTO player_score VALUES('3b18c16d9',31,'15b32c075','324412193',22204,1166,1652949565,1652949565);
INSERT INTO player_score VALUES('623f60759',31,'15b32c075','41300aaeb',36080,2579,1654000513,1654000513);
INSERT INTO player_score VALUES('552f11e26',31,'15b32c075','49420d9a4',20352,2246,1653649837,1653649837);
INSERT INTO player_score VALUES('5a0992ed1',31,'15b32c075','4afa279d5',58968,1767,1653780123,1653780123);
INSERT INTO player_score VALUES('57f9d4619',31,'15b32c075','5465a75f6',19200,2430,1653724785,1653724785);
INSERT INTO player_score VALUES('63c6118e3',31,'15b32c075','6364b058b',583552,2918,1654041480,1654041480);
INSERT INTO player_score VALUES('608f04dca',31,'1632e83ab','146785b3a',145236,2600,1653955177,1653955177);
INSERT INTO player_score VALUES('4e7b5a3ba',31,'1632e83ab','1f3aa950e',110,2163,1653469931,1653469931);
INSERT INTO player_score VALUES('5d09b5ff3',31,'1632e83ab','2260a8c04',15390,2443,1653860668,1653860668);
INSERT INTO player_score VALUES('639a5544f',31,'1632e83ab','2ad6f584d',453096,2820,1654036894,1654036894);
INSERT INTO player_score VALUES('6001c2bfe',31,'1632e83ab','3daa9734c',16640,2440,1653940365,1653940365);
INSERT INTO player_score VALUES('62c601c80',31,'1632e83ab','41300aaeb',19012,2620,1654014630,1654014630);
INSERT INTO player_score VALUES('55411f75f',31,'1632e83ab','49420d9a4',2240,2259,1653651730,1653651730);
INSERT INTO player_score VALUES('62ad0f106',31,'1632e83ab','4afa279d5',19760,2718,1654012014,1654012014);
INSERT INTO player_score VALUES('58110854c',31,'1632e83ab','5465a75f6',0,2488,1653727218,1653727218);
INSERT INTO player_score VALUES('63c681da9',31,'1632e83ab','6364b058b',118534,2936,1654041526,1654041526);
INSERT INTO player_score VALUES('5ae612b23',31,'167c15244','146785b3a',227386,2403,1653803244,1653803244);
INSERT INTO player_score VALUES('4c16ff8f0',31,'167c15244','1f3aa950e',92820,2055,1653405721,1653405721);
INSERT INTO player_score VALUES('5fd97cb00',31,'167c15244','2260a8c04',178200,2556,1653936142,1653936142);
INSERT INTO player_score VALUES('637bf07de',31,'167c15244','28916fe15',259875,2578,1654033707,1654033707);
INSERT INTO player_score VALUES('6090423fc',31,'167c15244','2ad6f584d',31556,2670,1653955307,1653955307);
INSERT INTO player_score VALUES('3ab7567a9',31,'167c15244','324412193',52224,1109,1652939350,1652939350);
INSERT INTO player_score VALUES('61896cda5',31,'167c15244','3daa9734c',43092,2564,1653981434,1653981434);
INSERT INTO player_score VALUES('609596fcb',31,'167c15244','41300aaeb',93060,2449,1653955866,1653955866);
INSERT INTO player_score VALUES('553ece34a',31,'167c15244','49420d9a4',106782,2257,1653651487,1653651487);
INSERT INTO player_score VALUES('606256e12',31,'167c15244','4afa279d5',7120,2469,1653950492,1653950492);
INSERT INTO player_score VALUES('5793d0a81',31,'167c15244','5465a75f6',499660,2151,1653714088,1653714088);
INSERT INTO player_score VALUES('63c577bd4',31,'167c15244','6364b058b',131376,2903,1654041417,1654041417);
INSERT INTO player_score VALUES('58d3e3262',31,'1681e6685','146785b3a',26784,2339,1653747650,1653747650);
INSERT INTO player_score VALUES('4f4772c84',31,'1681e6685','1f3aa950e',28830,2205,1653491332,1653491332);
INSERT INTO player_score VALUES('6377c5977',31,'1681e6685','2260a8c04',30368,2702,1654033270,1654033270);
INSERT INTO player_score VALUES('564d2c0e2',31,'1681e6685','28916fe15',27675,2033,1653679837,1653679837);
INSERT INTO player_score VALUES('60e4b4e5b',31,'1681e6685','2ad6f584d',18957,2683,1653964162,1653964162);
INSERT INTO player_score VALUES('3af9ec5e3',31,'1681e6685','324412193',2635,1149,1652946332,1652946332);
INSERT INTO player_score VALUES('555a45729',31,'1681e6685','49420d9a4',3920,2277,1653654367,1653654367);
INSERT INTO player_score VALUES('57ef7de9e',31,'1681e6685','5465a75f6',207360,2400,1653723701,1653723701);
INSERT INTO player_score VALUES('63c6a195e',31,'1681e6685','6364b058b',67275,2937,1654041539,1654041539);
INSERT INTO player_score VALUES('61311d726',31,'1836ee4a3','146785b3a',0,2626,1653972174,1653972174);
INSERT INTO player_score VALUES('4ebbab163',31,'1836ee4a3','1f3aa950e',825600,2177,1653476675,1653476675);
INSERT INTO player_score VALUES('612b6bec3',31,'1836ee4a3','2260a8c04',1760,2609,1653971577,1653971577);
INSERT INTO player_score VALUES('5ffc1d708',31,'1836ee4a3','28916fe15',1700,2428,1653939773,1653939773);
INSERT INTO player_score VALUES('636af6c7e',31,'1836ee4a3','2ad6f584d',46332,2813,1654031927,1654031927);
INSERT INTO player_score VALUES('3b511e240',31,'1836ee4a3','324412193',21252,1196,1652955475,1652955475);
INSERT INTO player_score VALUES('63890fded',31,'1836ee4a3','3daa9734c',9216,2705,1654035083,1654035083);
INSERT INTO player_score VALUES('63abf4fbe',31,'1836ee4a3','41300aaeb',92400,2689,1654038742,1654038742);
INSERT INTO player_score VALUES('54b61b150',31,'1836ee4a3','49420d9a4',136896,2151,1653637153,1653637153);
INSERT INTO player_score VALUES('632a974c8',31,'1836ee4a3','4afa279d5',2552,2779,1654025177,1654025177);
INSERT INTO player_score VALUES('5806b448d',31,'1836ee4a3','5465a75f6',582,2459,1653726135,1653726135);
INSERT INTO player_score VALUES('63c53ab6a',31,'1836ee4a3','6364b058b',112320,2899,1654041392,1654041392);
INSERT INTO player_score VALUES('61d85c627',31,'185828225','146785b3a',157872,2652,1653989711,1653989711);
INSERT INTO player_score VALUES('45ae13db8',31,'185828225','1f3aa950e',245134,1772,1653233658,1653233658);
INSERT INTO player_score VALUES('616dbd78e',31,'185828225','2260a8c04',648,2624,1653978531,1653978531);
INSERT INTO player_score VALUES('63a50fd68',31,'185828225','28916fe15',91200,2583,1654038019,1654038019);
INSERT INTO player_score VALUES('5c21a9b3c',31,'185828225','2ad6f584d',124992,2460,1653836336,1653836336);
INSERT INTO player_score VALUES('3ba5c6838',31,'185828225','324412193',117450,1239,1652964352,1652964352);
INSERT INTO player_score VALUES('62901d693',31,'185828225','3daa9734c',64148,2636,1654008979,1654008979);
INSERT INTO player_score VALUES('5f52ccb33',31,'185828225','41300aaeb',37044,2353,1653922019,1653922019);
INSERT INTO player_score VALUES('54f7c908d',31,'185828225','49420d9a4',89700,2201,1653644040,1653644040);
INSERT INTO player_score VALUES('58066fedc',31,'185828225','5465a75f6',44793,2458,1653726107,1653726107);
INSERT INTO player_score VALUES('63c6389e7',31,'185828225','6364b058b',262446,2923,1654041496,1654041496);
INSERT INTO player_score VALUES('5f639807a',31,'1970c8f5a','146785b3a',105138,2559,1653923780,1653923780);
INSERT INTO player_score VALUES('4ebc1dd31',31,'1970c8f5a','1f3aa950e',16461,2178,1653476722,1653476722);
INSERT INTO player_score VALUES('633adec4a',31,'1970c8f5a','2260a8c04',51030,2693,1654026884,1654026884);
INSERT INTO player_score VALUES('5cb266e9e',31,'1970c8f5a','28916fe15',72680,2294,1653851513,1653851513);
INSERT INTO player_score VALUES('604c8c437',31,'1970c8f5a','2ad6f584d',75240,2663,1653948207,1653948207);
INSERT INTO player_score VALUES('3afb4e62b',31,'1970c8f5a','324412193',559488,1150,1652946477,1652946477);
INSERT INTO player_score VALUES('6095d6795',31,'1970c8f5a','3daa9734c',371200,2495,1653955892,1653955892);
INSERT INTO player_score VALUES('6124d005a',31,'1970c8f5a','41300aaeb',52029,2491,1653970884,1653970884);
INSERT INTO player_score VALUES('54f9f5ae3',31,'1970c8f5a','49420d9a4',82080,2203,1653644268,1653644268);
INSERT INTO player_score VALUES('6264acc9a',31,'1970c8f5a','4afa279d5',2842,2682,1654004424,1654004424);
INSERT INTO player_score VALUES('57cca9e55',31,'1970c8f5a','5465a75f6',211970,2305,1653720049,1653720049);
INSERT INTO player_score VALUES('5f35d62a2',31,'199d48921','146785b3a',694980,2550,1653918982,1653918982);
INSERT INTO player_score VALUES('4ed8bc7f4',31,'199d48921','1f3aa950e',321024,2185,1653479723,1653479723);
INSERT INTO player_score VALUES('602bdffe6',31,'199d48921','2260a8c04',27552,2575,1653944781,1653944781);
INSERT INTO player_score VALUES('63597bb3c',31,'199d48921','2ad6f584d',21420,2809,1654030094,1654030094);
INSERT INTO player_score VALUES('630b56cdb',31,'199d48921','3daa9734c',42350,2670,1654021900,1654021900);
INSERT INTO player_score VALUES('63b9ba5c3',31,'199d48921','4afa279d5',56960,2842,1654040186,1654040186);
INSERT INTO player_score VALUES('57fba6b2f',31,'199d48921','5465a75f6',98272,2436,1653724976,1653724976);
INSERT INTO player_score VALUES('63c5afe5a',31,'199d48921','6364b058b',91504,2911,1654041440,1654041440);
INSERT INTO player_score VALUES('5743a150e',31,'19d00747a','146785b3a',77748,2294,1653705680,1653705680);
INSERT INTO player_score VALUES('4cf8e5236',31,'19d00747a','1f3aa950e',39000,2091,1653429408,1653429408);
INSERT INTO player_score VALUES('6342d7cbe',31,'19d00747a','2260a8c04',145755,2694,1654027720,1654027720);
INSERT INTO player_score VALUES('63b44ac1a',31,'19d00747a','28916fe15',222000,2585,1654039616,1654039616);
INSERT INTO player_score VALUES('63a327921',31,'19d00747a','2ad6f584d',3200,2824,1654037819,1654037819);
INSERT INTO player_score VALUES('3b9649a91',31,'19d00747a','324412193',42864,1231,1652962728,1652962728);
INSERT INTO player_score VALUES('638259201',31,'19d00747a','3daa9734c',413850,2704,1654034379,1654034379);
INSERT INTO player_score VALUES('5a0bb83e7',31,'19d00747a','41300aaeb',98982,1951,1653780348,1653780348);
INSERT INTO player_score VALUES('548670ee5',31,'19d00747a','49420d9a4',25584,2112,1653632155,1653632155);
INSERT INTO player_score VALUES('631a439ab',31,'19d00747a','4afa279d5',5200,2770,1654023465,1654023465);
INSERT INTO player_score VALUES('63b162211',31,'19d00747a','6364b058b',92430,2298,1654039311,1654039311);
INSERT INTO player_score VALUES('60d96f29c',31,'1ae78f577','146785b3a',170100,2605,1653962980,1653962980);
INSERT INTO player_score VALUES('4dc845851',31,'1ae78f577','1f3aa950e',193440,2135,1653451153,1653451153);
INSERT INTO player_score VALUES('5bcd6a52d',31,'1ae78f577','2260a8c04',197400,2395,1653827502,1653827502);
INSERT INTO player_score VALUES('627eae7f7',31,'1ae78f577','2ad6f584d',20667,2767,1654007151,1654007151);
INSERT INTO player_score VALUES('3b326b431',31,'1ae78f577','324412193',17112,1178,1652952256,1652952256);
INSERT INTO player_score VALUES('63455ec55',31,'1ae78f577','3daa9734c',6480,2683,1654027985,1654027985);
INSERT INTO player_score VALUES('63aab79a1',31,'1ae78f577','41300aaeb',57200,2688,1654038612,1654038612);
INSERT INTO player_score VALUES('552396697',31,'1ae78f577','49420d9a4',13524,2234,1653648633,1653648633);
INSERT INTO player_score VALUES('61d24453f',31,'1ae78f577','4afa279d5',49140,2619,1653989072,1653989072);
INSERT INTO player_score VALUES('580e0266a',31,'1ae78f577','5465a75f6',22176,2477,1653726901,1653726901);
INSERT INTO player_score VALUES('63c19889d',31,'1ae78f577','6364b058b',48384,2808,1654041011,1654041011);
INSERT INTO player_score VALUES('635848119',31,'1b5955547','146785b3a',10080,2714,1654029968,1654029968);
INSERT INTO player_score VALUES('62c580632',31,'1b5955547','2260a8c04',80476,2674,1654014577,1654014577);
INSERT INTO player_score VALUES('62457d63f',31,'1b5955547','28916fe15',141312,2517,1654001154,1654001154);
INSERT INTO player_score VALUES('6360e7199',31,'1b5955547','2ad6f584d',632709,2811,1654030872,1654030872);
INSERT INTO player_score VALUES('3b3c8e794',31,'1b5955547','324412193',65379,1186,1652953319,1652953319);
INSERT INTO player_score VALUES('632f7bbf6',31,'1b5955547','3daa9734c',417186,2678,1654025690,1654025690);
INSERT INTO player_score VALUES('630d96f85',31,'1b5955547','41300aaeb',330,2637,1654022136,1654022136);
INSERT INTO player_score VALUES('551caed90',31,'1b5955547','49420d9a4',166212,2227,1653647909,1653647909);
INSERT INTO player_score VALUES('5795ca0c1',31,'1b5955547','5465a75f6',46464,2160,1653714295,1653714295);
INSERT INTO player_score VALUES('63c4bbc29',31,'1b5955547','6364b058b',436985,2883,1654041340,1654041340);
INSERT INTO player_score VALUES('62632b0fb',31,'1bf073d85','146785b3a',6006,2673,1654004266,1654004266);
INSERT INTO player_score VALUES('4fb3629d2',31,'1bf073d85','1f3aa950e',2387,2224,1653502650,1653502650);
INSERT INTO player_score VALUES('5f9f576d9',31,'1bf073d85','2260a8c04',36036,2548,1653930045,1653930045);
INSERT INTO player_score VALUES('5eb64faaf',31,'1bf073d85','28916fe15',47817,2379,1653905610,1653905610);
INSERT INTO player_score VALUES('5f00c89d8',31,'1bf073d85','2ad6f584d',203840,2609,1653913419,1653913419);
INSERT INTO player_score VALUES('3b83394e5',31,'1bf073d85','324412193',1365,1219,1652960729,1652960729);
INSERT INTO player_score VALUES('617b8c9ed',31,'1bf073d85','3daa9734c',139200,2562,1653979979,1653979979);
INSERT INTO player_score VALUES('62e91c99a',31,'1bf073d85','41300aaeb',91770,2629,1654018311,1654018311);
INSERT INTO player_score VALUES('5547c51ea',31,'1bf073d85','49420d9a4',61642,2265,1653652427,1653652427);
INSERT INTO player_score VALUES('57ebc34ef',31,'1bf073d85','5465a75f6',147840,2385,1653723310,1653723310);
INSERT INTO player_score VALUES('63c2484c8',31,'1bf073d85','6364b058b',66304,2816,1654041083,1654041083);
INSERT INTO player_score VALUES('51fff6e01',31,'1cfbae7a7','146785b3a',249018,2108,1653564367,1653564367);
INSERT INTO player_score VALUES('5f16aba4e',31,'1cfbae7a7','2260a8c04',440232,2526,1653915714,1653915714);
INSERT INTO player_score VALUES('5d6218f5a',31,'1cfbae7a7','28916fe15',0,2322,1653869936,1653869936);
INSERT INTO player_score VALUES('634dd6bcc',31,'1cfbae7a7','2ad6f584d',4514,2807,1654028873,1654028873);
INSERT INTO player_score VALUES('3ad0f6871',31,'1cfbae7a7','324412193',79335,1128,1652942037,1652942037);
INSERT INTO player_score VALUES('60db21ba0',31,'1cfbae7a7','3daa9734c',84882,2517,1653963158,1653963158);
INSERT INTO player_score VALUES('5fc137530',31,'1cfbae7a7','41300aaeb',264,2386,1653933597,1653933597);
INSERT INTO player_score VALUES('5547b406f',31,'1cfbae7a7','49420d9a4',506880,2264,1653652420,1653652420);
INSERT INTO player_score VALUES('633824887',31,'1cfbae7a7','4afa279d5',351,2792,1654026598,1654026598);
INSERT INTO player_score VALUES('581245b9a',31,'1cfbae7a7','5465a75f6',95931,2489,1653727348,1653727348);
INSERT INTO player_score VALUES('63bf5fb10',31,'1cfbae7a7','6364b058b',75600,2743,1654040778,1654040778);
INSERT INTO player_score VALUES('5b159f8a0',31,'1d8f8ef0c','146785b3a',266220,2411,1653808230,1653808230);
INSERT INTO player_score VALUES('4ae02377a',31,'1d8f8ef0c','1f3aa950e',365820,1997,1653373125,1653373125);
INSERT INTO player_score VALUES('63b532b40',31,'1d8f8ef0c','2260a8c04',54945,2709,1654039711,1654039711);
INSERT INTO player_score VALUES('600896c9c',31,'1d8f8ef0c','28916fe15',53088,2433,1653941081,1653941081);
INSERT INTO player_score VALUES('6236279f9',31,'1d8f8ef0c','2ad6f584d',162680,2752,1653999546,1653999546);
INSERT INTO player_score VALUES('3ad1c87be',31,'1d8f8ef0c','324412193',129675,1129,1652942123,1652942123);
INSERT INTO player_score VALUES('63c32dcfa',31,'1d8f8ef0c','3daa9734c',22152,2719,1654041177,1654041177);
INSERT INTO player_score VALUES('61678f6f7',31,'1d8f8ef0c','41300aaeb',122760,2511,1653977883,1653977883);
INSERT INTO player_score VALUES('55335ef36',31,'1d8f8ef0c','49420d9a4',101745,2250,1653650288,1653650288);
INSERT INTO player_score VALUES('62acad66c',31,'1d8f8ef0c','4afa279d5',128128,2717,1654011974,1654011974);
INSERT INTO player_score VALUES('57ed84885',31,'1d8f8ef0c','5465a75f6',287296,2392,1653723494,1653723494);
INSERT INTO player_score VALUES('63c583f41',31,'1d8f8ef0c','6364b058b',39312,2906,1654041422,1654041422);
INSERT INTO player_score VALUES('625d6d537',31,'1f6ab78d1','146785b3a',280000,2671,1654003664,1654003664);
INSERT INTO player_score VALUES('4eb20bb31',31,'1f6ab78d1','1f3aa950e',132300,2174,1653475666,1653475666);
INSERT INTO player_score VALUES('5ff92145d',31,'1f6ab78d1','2260a8c04',259532,2563,1653939460,1653939460);
INSERT INTO player_score VALUES('62642b647',31,'1f6ab78d1','28916fe15',42630,2523,1654004371,1654004371);
INSERT INTO player_score VALUES('63b024c14',31,'1f6ab78d1','2ad6f584d',31752,2827,1654039181,1654039181);
INSERT INTO player_score VALUES('3b877c9bd',31,'1f6ab78d1','324412193',43680,1224,1652961176,1652961176);
INSERT INTO player_score VALUES('636f26900',31,'1f6ab78d1','3daa9734c',608580,2695,1654032366,1654032366);
INSERT INTO player_score VALUES('6314bb9aa',31,'1f6ab78d1','41300aaeb',1944,2639,1654022885,1654022885);
INSERT INTO player_score VALUES('5565fdece',31,'1f6ab78d1','49420d9a4',12936,2280,1653655596,1653655596);
INSERT INTO player_score VALUES('61e482b9b',31,'1f6ab78d1','4afa279d5',57000,2630,1653990985,1653990985);
INSERT INTO player_score VALUES('57f2a123c',31,'1f6ab78d1','5465a75f6',106500,2415,1653724030,1653724030);
INSERT INTO player_score VALUES('63bcbb689',31,'1f6ab78d1','6364b058b',1900,2651,1654040501,1654040501);
INSERT INTO player_score VALUES('6106f66a2',31,'2006f2acc','146785b3a',0,2617,1653967754,1653967754);
INSERT INTO player_score VALUES('4fc44dad0',31,'2006f2acc','1f3aa950e',1200,2227,1653504424,1653504424);
INSERT INTO player_score VALUES('5fb1e66b6',31,'2006f2acc','2260a8c04',16128,2552,1653931991,1653931991);
INSERT INTO player_score VALUES('6373676ca',31,'2006f2acc','28916fe15',87360,2577,1654032812,1654032812);
INSERT INTO player_score VALUES('623c49728',31,'2006f2acc','2ad6f584d',3192,2755,1654000189,1654000189);
INSERT INTO player_score VALUES('3b626fbc9',31,'2006f2acc','324412193',15996,1198,1652957291,1652957291);
INSERT INTO player_score VALUES('62cfd953b',31,'2006f2acc','3daa9734c',23715,2655,1654015662,1654015662);
INSERT INTO player_score VALUES('622d1ab71',31,'2006f2acc','41300aaeb',108928,2573,1653998597,1653998597);
INSERT INTO player_score VALUES('552ff75ed',31,'2006f2acc','49420d9a4',125580,2248,1653649931,1653649931);
INSERT INTO player_score VALUES('57fe069d6',31,'2006f2acc','5465a75f6',368104,2442,1653725225,1653725225);
INSERT INTO player_score VALUES('63c38d076',31,'2006f2acc','6364b058b',199283,2850,1654041216,1654041216);
INSERT INTO player_score VALUES('5f453a986',31,'20a4b94a7','146785b3a',19760,2556,1653920596,1653920596);
INSERT INTO player_score VALUES('433b04834',31,'20a4b94a7','1f3aa950e',60632,1661,1653167906,1653167906);
INSERT INTO player_score VALUES('60af82bda',31,'20a4b94a7','2260a8c04',58179,2596,1653958584,1653958584);
INSERT INTO player_score VALUES('591a3fd94',31,'20a4b94a7','28916fe15',71300,2140,1653755028,1653755028);
INSERT INTO player_score VALUES('613680d69',31,'20a4b94a7','2ad6f584d',420,2704,1653972739,1653972739);
INSERT INTO player_score VALUES('3b8bb3b42',31,'20a4b94a7','324412193',8610,1228,1652961618,1652961618);
INSERT INTO player_score VALUES('60464d234',31,'20a4b94a7','3daa9734c',74304,2458,1653947552,1653947552);
INSERT INTO player_score VALUES('636968d7b',31,'20a4b94a7','41300aaeb',25480,2665,1654031764,1654031764);
INSERT INTO player_score VALUES('5533070d2',31,'20a4b94a7','49420d9a4',14322,2249,1653650252,1653650252);
INSERT INTO player_score VALUES('61c6058e0',31,'20a4b94a7','4afa279d5',364720,2613,1653987788,1653987788);
INSERT INTO player_score VALUES('580de2ae5',31,'20a4b94a7','5465a75f6',19800,2475,1653726888,1653726888);
INSERT INTO player_score VALUES('63bed4886',31,'20a4b94a7','6364b058b',209760,2724,1654040721,1654040721);
INSERT INTO player_score VALUES('5d8bd6fe7',31,'21c8a9a38','146785b3a',64680,2494,1653874313,1653874313);
INSERT INTO player_score VALUES('4ef4ead78',31,'21c8a9a38','1f3aa950e',211761,2189,1653482678,1653482678);
INSERT INTO player_score VALUES('626733c46',31,'21c8a9a38','2260a8c04',21252,2659,1654004689,1654004689);
INSERT INTO player_score VALUES('5ec1b797b',31,'21c8a9a38','2ad6f584d',9240,2593,1653906806,1653906806);
INSERT INTO player_score VALUES('3ba455de4',31,'21c8a9a38','324412193',3024,1236,1652964201,1652964201);
INSERT INTO player_score VALUES('63a701e5a',31,'21c8a9a38','3daa9734c',888,2711,1654038223,1654038223);
INSERT INTO player_score VALUES('6129490f3',31,'21c8a9a38','41300aaeb',11020,2493,1653971353,1653971353);
INSERT INTO player_score VALUES('54b82cda5',31,'21c8a9a38','49420d9a4',1813,2154,1653637370,1653637370);
INSERT INTO player_score VALUES('62afb3569',31,'21c8a9a38','4afa279d5',29680,2720,1654012291,1654012291);
INSERT INTO player_score VALUES('57f453b0e',31,'21c8a9a38','5465a75f6',92598,2417,1653724208,1653724208);
INSERT INTO player_score VALUES('63c5b9a63',31,'21c8a9a38','6364b058b',234192,2913,1654041444,1654041444);
INSERT INTO player_score VALUES('5bba35504',31,'21ec065c1','146785b3a',175617,2434,1653825488,1653825488);
INSERT INTO player_score VALUES('4f4bfce13',31,'21ec065c1','1f3aa950e',86400,2207,1653491808,1653491808);
INSERT INTO player_score VALUES('630521749',31,'21ec065c1','2260a8c04',11718,2686,1654021249,1654021249);
INSERT INTO player_score VALUES('63801b651',31,'21ec065c1','28916fe15',3432,2579,1654034144,1654034144);
INSERT INTO player_score VALUES('60934f7bc',31,'21ec065c1','3daa9734c',46110,2493,1653955627,1653955627);
INSERT INTO player_score VALUES('61f919ba4',31,'21ec065c1','41300aaeb',16836,2560,1653993144,1653993144);
INSERT INTO player_score VALUES('54c81791c',31,'21ec065c1','49420d9a4',119680,2171,1653639039,1653639039);
INSERT INTO player_score VALUES('6386a633d',31,'21ec065c1','4afa279d5',546000,2823,1654034830,1654034830);
INSERT INTO player_score VALUES('57e196553',31,'21ec065c1','5465a75f6',52394,2361,1653722243,1653722243);
INSERT INTO player_score VALUES('63c43ccc3',31,'21ec065c1','6364b058b',95697,2870,1654041288,1654041288);
INSERT INTO player_score VALUES('611c3fa3a',31,'22aa1ee9e','146785b3a',99216,2623,1653969986,1653969986);
INSERT INTO player_score VALUES('4d3992be5',31,'22aa1ee9e','1f3aa950e',46200,2102,1653436190,1653436190);
INSERT INTO player_score VALUES('5ff937435',31,'22aa1ee9e','2260a8c04',56376,2564,1653939469,1653939469);
INSERT INTO player_score VALUES('629958af4',31,'22aa1ee9e','28916fe15',256452,2536,1654009947,1654009947);
INSERT INTO player_score VALUES('6141a1f3b',31,'22aa1ee9e','2ad6f584d',307020,2706,1653973906,1653973906);
INSERT INTO player_score VALUES('3b9aaf295',31,'22aa1ee9e','324412193',13804,1234,1652963189,1652963189);
INSERT INTO player_score VALUES('6265ddf6d',31,'22aa1ee9e','3daa9734c',8320,2622,1654004549,1654004549);
INSERT INTO player_score VALUES('6213d4ff2',31,'22aa1ee9e','41300aaeb',166600,2567,1653995947,1653995947);
INSERT INTO player_score VALUES('6224c27c9',31,'22aa1ee9e','4afa279d5',137760,2658,1653997722,1653997722);
INSERT INTO player_score VALUES('57f94e1dd',31,'22aa1ee9e','5465a75f6',219240,2427,1653724730,1653724730);
INSERT INTO player_score VALUES('63c647425',31,'22aa1ee9e','6364b058b',67500,2925,1654041502,1654041502);
INSERT INTO player_score VALUES('6315ef346',31,'22b42c29f','146785b3a',66144,2707,1654023011,1654023011);
INSERT INTO player_score VALUES('4dfbbdc7c',31,'22b42c29f','1f3aa950e',253968,2143,1653456550,1653456550);
INSERT INTO player_score VALUES('5a7b20c19',31,'22b42c29f','2260a8c04',17550,2341,1653792030,1653792030);
INSERT INTO player_score VALUES('62fcda4f0',31,'22b42c29f','28916fe15',58788,2557,1654020381,1654020381);
INSERT INTO player_score VALUES('3a7c64211',31,'22b42c29f','324412193',6307,1081,1652933169,1652933169);
INSERT INTO player_score VALUES('63544b901',31,'22b42c29f','41300aaeb',55200,2658,1654029550,1654029550);
INSERT INTO player_score VALUES('61317ca6b',31,'22b42c29f','4afa279d5',109032,2552,1653972213,1653972213);
INSERT INTO player_score VALUES('57a7c8fb0',31,'22b42c29f','5465a75f6',437276,2209,1653716182,1653716182);
INSERT INTO player_score VALUES('63c4c7f2d',31,'22b42c29f','6364b058b',4440,2886,1654041345,1654041345);
INSERT INTO player_score VALUES('61ab31e28',31,'247444101','146785b3a',4264,2646,1653984975,1653984975);
INSERT INTO player_score VALUES('4cce6ffcf',31,'247444101','1f3aa950e',116580,2088,1653424956,1653424956);
INSERT INTO player_score VALUES('6158cc21b',31,'247444101','2260a8c04',42000,2617,1653976335,1653976335);
INSERT INTO player_score VALUES('5fffbd2c7',31,'247444101','28916fe15',342720,2431,1653940153,1653940153);
INSERT INTO player_score VALUES('3b20bce2c',31,'247444101','324412193',281799,1170,1652950402,1652950402);
INSERT INTO player_score VALUES('6079d8f19',31,'247444101','3daa9734c',7200,2480,1653952957,1653952957);
INSERT INTO player_score VALUES('6398d383f',31,'247444101','41300aaeb',2656,2683,1654036736,1654036736);
INSERT INTO player_score VALUES('62bafdf59',31,'247444101','4afa279d5',136192,2727,1654013475,1654013475);
INSERT INTO player_score VALUES('57bd12324',31,'247444101','5465a75f6',29151,2266,1653718414,1653718414);
INSERT INTO player_score VALUES('4e9741ccc',31,'250ba4803','1f3aa950e',62608,2169,1653472857,1653472857);
INSERT INTO player_score VALUES('4ed8e6025',31,'250ba4803','2260a8c04',54432,1840,1653479740,1653479740);
INSERT INTO player_score VALUES('635700eb6',31,'250ba4803','28916fe15',82620,2569,1654029834,1654029834);
INSERT INTO player_score VALUES('5f3b7dec3',31,'250ba4803','2ad6f584d',0,2618,1653919575,1653919575);
INSERT INTO player_score VALUES('3b86b94c6',31,'250ba4803','324412193',12690,1223,1652961096,1652961096);
INSERT INTO player_score VALUES('619605f65',31,'250ba4803','3daa9734c',9984,2567,1653982755,1653982755);
INSERT INTO player_score VALUES('62bb8dfef',31,'250ba4803','41300aaeb',176472,2617,1654013534,1654013534);
INSERT INTO player_score VALUES('639926874',31,'250ba4803','4afa279d5',48300,2830,1654036770,1654036770);
INSERT INTO player_score VALUES('57e791175',31,'250ba4803','5465a75f6',2067,2375,1653722870,1653722870);
INSERT INTO player_score VALUES('63bcfd56f',31,'250ba4803','6364b058b',120048,2665,1654040528,1654040528);
INSERT INTO player_score VALUES('61b93e13f',31,'25d1fa733','146785b3a',205128,2649,1653986448,1653986448);
INSERT INTO player_score VALUES('4f3603e0b',31,'25d1fa733','1f3aa950e',20808,2199,1653489504,1653489504);
INSERT INTO player_score VALUES('60f42a6a8',31,'25d1fa733','2260a8c04',13860,2602,1653965783,1653965783);
INSERT INTO player_score VALUES('6251ea8d9',31,'25d1fa733','28916fe15',16128,2519,1654002457,1654002457);
INSERT INTO player_score VALUES('6279a3046',31,'25d1fa733','2ad6f584d',73876,2764,1654006622,1654006622);
INSERT INTO player_score VALUES('3af682596',31,'25d1fa733','324412193',129444,1146,1652945974,1652945974);
INSERT INTO player_score VALUES('62fa3609e',31,'25d1fa733','3daa9734c',416826,2666,1654020104,1654020104);
INSERT INTO player_score VALUES('617b93f27',31,'25d1fa733','41300aaeb',135485,2517,1653979982,1653979982);
INSERT INTO player_score VALUES('54db3696a',31,'25d1fa733','49420d9a4',24360,2184,1653641044,1653641044);
INSERT INTO player_score VALUES('6066d4c8d',31,'25d1fa733','4afa279d5',142120,2471,1653950963,1653950963);
INSERT INTO player_score VALUES('57f935b3c',31,'25d1fa733','5465a75f6',14190,2426,1653724720,1653724720);
INSERT INTO player_score VALUES('63b3f7c57',31,'25d1fa733','6364b058b',199584,2389,1654039582,1654039582);
INSERT INTO player_score VALUES('61dc9108c',31,'27029eb99','146785b3a',9126,2653,1653990152,1653990152);
INSERT INTO player_score VALUES('4f2b2c016',31,'27029eb99','1f3aa950e',85120,2198,1653488367,1653488367);
INSERT INTO player_score VALUES('61352148f',31,'27029eb99','2260a8c04',14592,2611,1653972595,1653972595);
INSERT INTO player_score VALUES('626e9a4e3',31,'27029eb99','28916fe15',230384,2526,1654005465,1654005465);
INSERT INTO player_score VALUES('5b93ab98d',31,'27029eb99','2ad6f584d',5332,2434,1653821447,1653821447);
INSERT INTO player_score VALUES('3a8bd2548',31,'27029eb99','324412193',31160,1087,1652934787,1652934787);
INSERT INTO player_score VALUES('619f30266',31,'27029eb99','41300aaeb',19355,2530,1653983716,1653983716);
INSERT INTO player_score VALUES('5558c622b',31,'27029eb99','49420d9a4',36960,2275,1653654210,1653654210);
INSERT INTO player_score VALUES('6336cebc5',31,'27029eb99','4afa279d5',185832,2790,1654026458,1654026458);
INSERT INTO player_score VALUES('57a982dbb',31,'27029eb99','5465a75f6',164492,2211,1653716363,1653716363);
INSERT INTO player_score VALUES('63b93418a',31,'27029eb99','6364b058b',51700,2548,1654040131,1654040131);
INSERT INTO player_score VALUES('5e77f3501',31,'273b4c004','146785b3a',6930,2525,1653899071,1653899071);
INSERT INTO player_score VALUES('4f7b45613',31,'273b4c004','1f3aa950e',44280,2214,1653496766,1653496766);
INSERT INTO player_score VALUES('62d44d75d',31,'273b4c004','2260a8c04',39780,2680,1654016129,1654016129);
INSERT INTO player_score VALUES('5f2213905',31,'273b4c004','28916fe15',159152,2397,1653916910,1653916910);
INSERT INTO player_score VALUES('617bb13d2',31,'273b4c004','2ad6f584d',11664,2717,1653979994,1653979994);
INSERT INTO player_score VALUES('393080c0b',31,'273b4c004','324412193',139656,898,1652898368,1652898368);
INSERT INTO player_score VALUES('608b69ff6',31,'273b4c004','3daa9734c',70560,2490,1653954799,1653954799);
INSERT INTO player_score VALUES('54814d014',31,'273b4c004','49420d9a4',101520,2107,1653631616,1653631616);
INSERT INTO player_score VALUES('5fe0b4d48',31,'273b4c004','4afa279d5',145008,2409,1653936899,1653936899);
INSERT INTO player_score VALUES('580342efc',31,'273b4c004','5465a75f6',10368,2451,1653725774,1653725774);
INSERT INTO player_score VALUES('63c4fb37c',31,'273b4c004','6364b058b',126160,2892,1654041366,1654041366);
INSERT INTO player_score VALUES('63998d0f2',31,'282ebdc93','146785b3a',51920,2725,1654036812,1654036812);
INSERT INTO player_score VALUES('62d3212bf',31,'282ebdc93','2260a8c04',453460,2679,1654016006,1654016006);
INSERT INTO player_score VALUES('5eacb2bce',31,'282ebdc93','28916fe15',169260,2377,1653904602,1653904602);
INSERT INTO player_score VALUES('60822ebaa',31,'282ebdc93','2ad6f584d',571536,2668,1653953831,1653953831);
INSERT INTO player_score VALUES('3b791fd8f',31,'282ebdc93','324412193',268134,1214,1652959670,1652959670);
INSERT INTO player_score VALUES('635b777fe',31,'282ebdc93','3daa9734c',273735,2690,1654030302,1654030302);
INSERT INTO player_score VALUES('53c7b9b2c',31,'282ebdc93','49420d9a4',61950,1970,1653612157,1653612157);
INSERT INTO player_score VALUES('638323bf5',31,'282ebdc93','4afa279d5',162960,2820,1654034462,1654034462);
INSERT INTO player_score VALUES('57ab13436',31,'282ebdc93','5465a75f6',13585,2215,1653716527,1653716527);
INSERT INTO player_score VALUES('63c6cffce',31,'282ebdc93','6364b058b',327600,2946,1654041558,1654041558);
INSERT INTO player_score VALUES('62f02b3c6',31,'28ca1f984','146785b3a',325248,2697,1654019051,1654019051);
INSERT INTO player_score VALUES('5fb8dca37',31,'28ca1f984','2260a8c04',9984,2553,1653932721,1653932721);
INSERT INTO player_score VALUES('6389320bb',31,'28ca1f984','28916fe15',17845,2580,1654035097,1654035097);
INSERT INTO player_score VALUES('62a86a19a',31,'28ca1f984','2ad6f584d',233772,2775,1654011527,1654011527);
INSERT INTO player_score VALUES('3b5116d18',31,'28ca1f984','324412193',285000,1195,1652955472,1652955472);
INSERT INTO player_score VALUES('62e1ebc93',31,'28ca1f984','3daa9734c',838953,2661,1654017557,1654017557);
INSERT INTO player_score VALUES('6274b9b03',31,'28ca1f984','41300aaeb',369765,2599,1654006107,1654006107);
INSERT INTO player_score VALUES('54d39cc95',31,'28ca1f984','49420d9a4',525,2177,1653640247,1653640247);
INSERT INTO player_score VALUES('6399352f5',31,'28ca1f984','4afa279d5',70688,2831,1654036776,1654036776);
INSERT INTO player_score VALUES('58127b701',31,'28ca1f984','5465a75f6',128154,2492,1653727370,1653727370);
INSERT INTO player_score VALUES('63c59299f',31,'28ca1f984','6364b058b',250604,2907,1654041428,1654041428);
INSERT INTO player_score VALUES('62a78bf14',31,'28e769298','146785b3a',131720,2682,1654011436,1654011436);
INSERT INTO player_score VALUES('4f7c286c0',31,'28e769298','1f3aa950e',369000,2215,1653496859,1653496859);
INSERT INTO player_score VALUES('62c5e6ecf',31,'28e769298','2260a8c04',24380,2675,1654014619,1654014619);
INSERT INTO player_score VALUES('5eb525d15',31,'28e769298','28916fe15',221076,2378,1653905488,1653905488);
INSERT INTO player_score VALUES('629c77044',31,'28e769298','2ad6f584d',8325,2772,1654010274,1654010274);
INSERT INTO player_score VALUES('3ba760aac',31,'28e769298','324412193',100485,1241,1652964520,1652964520);
INSERT INTO player_score VALUES('637bbd39e',31,'28e769298','3daa9734c',131040,2701,1654033686,1654033686);
INSERT INTO player_score VALUES('622b6f77a',31,'28e769298','41300aaeb',384252,2572,1653998422,1653998422);
INSERT INTO player_score VALUES('553e912a7',31,'28e769298','49420d9a4',165620,2256,1653651462,1653651462);
INSERT INTO player_score VALUES('6390320d2',31,'28e769298','4afa279d5',389160,2826,1654035831,1654035831);
INSERT INTO player_score VALUES('57d74e7de',31,'28e769298','5465a75f6',3354,2334,1653721165,1653721165);
INSERT INTO player_score VALUES('63bedbd7b',31,'28e769298','6364b058b',89376,2725,1654040724,1654040724);
INSERT INTO player_score VALUES('62927fbe3',31,'2a1d511cf','146785b3a',1824,2678,1654009229,1654009229);
INSERT INTO player_score VALUES('486d2c89e',31,'2a1d511cf','1f3aa950e',216489,1896,1653307383,1653307383);
INSERT INTO player_score VALUES('616e2b556',31,'2a1d511cf','2260a8c04',703950,2625,1653978576,1653978576);
INSERT INTO player_score VALUES('5d386e71a',31,'2a1d511cf','28916fe15',34188,2313,1653865567,1653865567);
INSERT INTO player_score VALUES('61f504cce',31,'2a1d511cf','2ad6f584d',140400,2744,1653992716,1653992716);
INSERT INTO player_score VALUES('3acbeb063',31,'2a1d511cf','324412193',44030,1124,1652941508,1652941508);
INSERT INTO player_score VALUES('62e7344fd',31,'2a1d511cf','3daa9734c',261360,2663,1654018111,1654018111);
INSERT INTO player_score VALUES('6391b154d',31,'2a1d511cf','41300aaeb',53924,2679,1654035988,1654035988);
INSERT INTO player_score VALUES('5569016d4',31,'2a1d511cf','49420d9a4',334152,2282,1653655912,1653655912);
INSERT INTO player_score VALUES('632a3cf59',31,'2a1d511cf','4afa279d5',6923,2778,1654025140,1654025140);
INSERT INTO player_score VALUES('580dfff8d',31,'2a1d511cf','5465a75f6',75400,2476,1653726900,1653726900);
INSERT INTO player_score VALUES('63c4616cb',31,'2a1d511cf','6364b058b',72420,2874,1654041303,1654041303);
INSERT INTO player_score VALUES('5ead47a83',31,'2c2e852e1','146785b3a',125856,2533,1653904663,1653904663);
INSERT INTO player_score VALUES('4cd90ad9d',31,'2c2e852e1','1f3aa950e',421848,2089,1653426068,1653426068);
INSERT INTO player_score VALUES('5fcefcb2a',31,'2c2e852e1','2260a8c04',240800,2554,1653935041,1653935041);
INSERT INTO player_score VALUES('60ff13615',31,'2c2e852e1','28916fe15',323400,2465,1653966927,1653966927);
INSERT INTO player_score VALUES('5df8b8884',31,'2c2e852e1','2ad6f584d',24738,2544,1653885730,1653885730);
INSERT INTO player_score VALUES('3b17dbf30',31,'2c2e852e1','324412193',135280,1164,1652949471,1652949471);
INSERT INTO player_score VALUES('635bb21ab',31,'2c2e852e1','3daa9734c',337155,2691,1654030326,1654030326);
INSERT INTO player_score VALUES('6367b3d58',31,'2c2e852e1','41300aaeb',263097,2663,1654031585,1654031585);
INSERT INTO player_score VALUES('53c2600c5',31,'2c2e852e1','49420d9a4',270,1960,1653611596,1653611596);
INSERT INTO player_score VALUES('61e3e40b3',31,'2c2e852e1','4afa279d5',32240,2628,1653990920,1653990920);
INSERT INTO player_score VALUES('581629cc5',31,'2c2e852e1','5465a75f6',60996,2504,1653727756,1653727756);
INSERT INTO player_score VALUES('63c008259',31,'2c2e852e1','6364b058b',8800,2760,1654040847,1654040847);
INSERT INTO player_score VALUES('621525e57',31,'2c79c3dc9','146785b3a',42075,2661,1653996085,1653996085);
INSERT INTO player_score VALUES('4f7322df2',31,'2c79c3dc9','1f3aa950e',120931,2213,1653495913,1653495913);
INSERT INTO player_score VALUES('623a2b714',31,'2c79c3dc9','28916fe15',62496,2513,1653999967,1653999967);
INSERT INTO player_score VALUES('63520b62c',31,'2c79c3dc9','2ad6f584d',26520,2808,1654029314,1654029314);
INSERT INTO player_score VALUES('3b373e9cf',31,'2c79c3dc9','324412193',6300,1182,1652952762,1652952762);
INSERT INTO player_score VALUES('5f807fefe',31,'2c79c3dc9','3daa9734c',14960,2397,1653926811,1653926811);
INSERT INTO player_score VALUES('635201a37',31,'2c79c3dc9','41300aaeb',24150,2656,1654029310,1654029310);
INSERT INTO player_score VALUES('552951b53',31,'2c79c3dc9','49420d9a4',65280,2242,1653649234,1653649234);
INSERT INTO player_score VALUES('63049b2b8',31,'2c79c3dc9','4afa279d5',105386,2760,1654021194,1654021194);
INSERT INTO player_score VALUES('58059b87f',31,'2c79c3dc9','5465a75f6',7650,2456,1653726020,1653726020);
INSERT INTO player_score VALUES('63c65fac0',31,'2c79c3dc9','6364b058b',152628,2928,1654041512,1654041512);
INSERT INTO player_score VALUES('637fc10c2',31,'2c9996d9f','146785b3a',1518,2719,1654034107,1654034107);
INSERT INTO player_score VALUES('4e88c7bec',31,'2c9996d9f','1f3aa950e',58212,2165,1653471339,1653471339);
INSERT INTO player_score VALUES('5f765f2a1',31,'2c9996d9f','2260a8c04',34020,2545,1653925749,1653925749);
INSERT INTO player_score VALUES('61bcf1557',31,'2c9996d9f','28916fe15',22932,2489,1653986836,1653986836);
INSERT INTO player_score VALUES('61d783171',31,'2c9996d9f','2ad6f584d',102816,2736,1653989622,1653989622);
INSERT INTO player_score VALUES('3b47d4362',31,'2c9996d9f','324412193',202500,1194,1652954501,1652954501);
INSERT INTO player_score VALUES('6303fa0d8',31,'2c9996d9f','3daa9734c',67640,2668,1654021128,1654021128);
INSERT INTO player_score VALUES('61c5c6185',31,'2c9996d9f','41300aaeb',104580,2546,1653987762,1653987762);
INSERT INTO player_score VALUES('54aae66dc',31,'2c9996d9f','49420d9a4',64860,2138,1653635978,1653635978);
INSERT INTO player_score VALUES('630264c6c',31,'2c9996d9f','4afa279d5',157728,2759,1654020962,1654020962);
INSERT INTO player_score VALUES('5813a7b8f',31,'2c9996d9f','5465a75f6',667968,2498,1653727493,1653727493);
INSERT INTO player_score VALUES('63c32195b',31,'2c9996d9f','6364b058b',393660,2841,1654041172,1654041172);
INSERT INTO player_score VALUES('5fa6094d4',31,'2dd7cd3dc','146785b3a',37851,2567,1653930747,1653930747);
INSERT INTO player_score VALUES('4db030f43',31,'2dd7cd3dc','1f3aa950e',129108,2131,1653448628,1653448628);
INSERT INTO player_score VALUES('624ffaf3b',31,'2dd7cd3dc','2260a8c04',17400,2655,1654002254,1654002254);
INSERT INTO player_score VALUES('61fcccff5',31,'2dd7cd3dc','28916fe15',239040,2499,1653993532,1653993532);
INSERT INTO player_score VALUES('61a4fa155',31,'2dd7cd3dc','2ad6f584d',298566,2727,1653984323,1653984323);
INSERT INTO player_score VALUES('3abc13da7',31,'2dd7cd3dc','324412193',194810,1117,1652939847,1652939847);
INSERT INTO player_score VALUES('60b5280de',31,'2dd7cd3dc','3daa9734c',5888,2506,1653959176,1653959176);
INSERT INTO player_score VALUES('624e39bb2',31,'2dd7cd3dc','41300aaeb',298178,2588,1654002070,1654002070);
INSERT INTO player_score VALUES('555150f55',31,'2dd7cd3dc','49420d9a4',8084,2271,1653653428,1653653428);
INSERT INTO player_score VALUES('63b2eb31b',31,'2dd7cd3dc','4afa279d5',1911,2838,1654039472,1654039472);
INSERT INTO player_score VALUES('580fde7bf',31,'2dd7cd3dc','5465a75f6',64881,2484,1653727096,1653727096);
INSERT INTO player_score VALUES('63c07fc44',31,'2dd7cd3dc','6364b058b',397100,2773,1654040896,1654040896);
INSERT INTO player_score VALUES('63c23258f',31,'2df58bfc0','146785b3a',18975,2735,1654041074,1654041074);
INSERT INTO player_score VALUES('4d64ade86',31,'2df58bfc0','1f3aa950e',33228,2114,1653440710,1653440710);
INSERT INTO player_score VALUES('5d2442df2',31,'2df58bfc0','2260a8c04',186912,2447,1653863452,1653863452);
INSERT INTO player_score VALUES('5e821b6c5',31,'2df58bfc0','28916fe15',497420,2371,1653900136,1653900136);
INSERT INTO player_score VALUES('62fa9f054',31,'2df58bfc0','2ad6f584d',267020,2791,1654020147,1654020147);
INSERT INTO player_score VALUES('38f292455',31,'2df58bfc0','324412193',20801,861,1652891874,1652891874);
INSERT INTO player_score VALUES('60e4dbf74',31,'2df58bfc0','3daa9734c',298350,2522,1653964178,1653964178);
INSERT INTO player_score VALUES('6373edb89',31,'2df58bfc0','41300aaeb',27556,2670,1654032867,1654032867);
INSERT INTO player_score VALUES('55538eb15',31,'2df58bfc0','49420d9a4',76648,2272,1653653663,1653653663);
INSERT INTO player_score VALUES('63c0f7627',31,'2df58bfc0','4afa279d5',154,2845,1654040945,1654040945);
INSERT INTO player_score VALUES('57f20c35b',31,'2df58bfc0','5465a75f6',53856,2411,1653723969,1653723969);
INSERT INTO player_score VALUES('63c15dee6',31,'2df58bfc0','6364b058b',1368,2798,1654040987,1654040987);
INSERT INTO player_score VALUES('5c5127e76',31,'2e3b00c06','146785b3a',21385,2456,1653841316,1653841316);
INSERT INTO player_score VALUES('4bb56b12b',31,'2e3b00c06','1f3aa950e',128968,2028,1653395489,1653395489);
INSERT INTO player_score VALUES('61c00fb00',31,'2e3b00c06','2260a8c04',12180,2635,1653987163,1653987163);
INSERT INTO player_score VALUES('62d56157b',31,'2e3b00c06','28916fe15',33350,2545,1654016242,1654016242);
INSERT INTO player_score VALUES('3abeeb621',31,'2e3b00c06','324412193',11664,1118,1652940145,1652940145);
INSERT INTO player_score VALUES('6372d0117',31,'2e3b00c06','3daa9734c',55104,2696,1654032750,1654032750);
INSERT INTO player_score VALUES('599b7405d',31,'2e3b00c06','41300aaeb',40425,1919,1653768576,1653768576);
INSERT INTO player_score VALUES('550f6386d',31,'2e3b00c06','49420d9a4',48389,2217,1653646515,1653646515);
INSERT INTO player_score VALUES('632f041aa',31,'2e3b00c06','4afa279d5',4095,2783,1654025641,1654025641);
INSERT INTO player_score VALUES('57f4dc685',31,'2e3b00c06','5465a75f6',100659,2419,1653724264,1653724264);
INSERT INTO player_score VALUES('63b927e07',31,'2e3b00c06','6364b058b',70500,2546,1654040126,1654040126);
INSERT INTO player_score VALUES('4ee48fd47',31,'2f88d89e2','1f3aa950e',26600,2187,1653480963,1653480963);
INSERT INTO player_score VALUES('5d2b1bcee',31,'2f88d89e2','2260a8c04',12054,2451,1653864170,1653864170);
INSERT INTO player_score VALUES('4f1713f54',31,'2f88d89e2','28916fe15',270830,1730,1653486260,1653486260);
INSERT INTO player_score VALUES('61119d7cc',31,'2f88d89e2','2ad6f584d',190530,2695,1653968871,1653968871);
INSERT INTO player_score VALUES('3b3f32bd3',31,'2f88d89e2','324412193',240120,1188,1652953596,1652953596);
INSERT INTO player_score VALUES('606444078',31,'2f88d89e2','3daa9734c',364650,2471,1653950694,1653950694);
INSERT INTO player_score VALUES('60d038c0b',31,'2f88d89e2','41300aaeb',48384,2462,1653962014,1653962014);
INSERT INTO player_score VALUES('54ba7baf1',31,'2f88d89e2','49420d9a4',52920,2156,1653637612,1653637612);
INSERT INTO player_score VALUES('57c2e371f',31,'2f88d89e2','5465a75f6',1815,2277,1653719024,1653719024);
INSERT INTO player_score VALUES('63bdc587c',31,'2f88d89e2','6364b058b',5888,2692,1654040610,1654040610);
INSERT INTO player_score VALUES('62d34f8aa',31,'2f913d0ec','146785b3a',25740,2690,1654016025,1654016025);
INSERT INTO player_score VALUES('4f108e099',31,'2f913d0ec','1f3aa950e',35113,2193,1653485576,1653485576);
INSERT INTO player_score VALUES('632efa563',31,'2f913d0ec','2260a8c04',56869,2691,1654025637,1654025637);
INSERT INTO player_score VALUES('620cc65a3',31,'2f913d0ec','28916fe15',63840,2503,1653995207,1653995207);
INSERT INTO player_score VALUES('629532a8a',31,'2f913d0ec','2ad6f584d',52896,2770,1654009512,1654009512);
INSERT INTO player_score VALUES('3a9519d2d',31,'2f913d0ec','324412193',35960,1093,1652935760,1652935760);
INSERT INTO player_score VALUES('6315cd0a3',31,'2f913d0ec','3daa9734c',106560,2674,1654022997,1654022997);
INSERT INTO player_score VALUES('62d4413d4',31,'2f913d0ec','41300aaeb',67166,2623,1654016124,1654016124);
INSERT INTO player_score VALUES('613a5b2d7',31,'2f913d0ec','4afa279d5',56416,2560,1653973143,1653973143);
INSERT INTO player_score VALUES('57d38f0a1',31,'2f913d0ec','5465a75f6',920,2324,1653720772,1653720772);
INSERT INTO player_score VALUES('63bd41b09',31,'2f913d0ec','6364b058b',30723,2673,1654040556,1654040556);
INSERT INTO player_score VALUES('600a8db7c',31,'3075a24aa','146785b3a',401760,2580,1653941287,1653941287);
INSERT INTO player_score VALUES('4a80355e2',31,'3075a24aa','1f3aa950e',111360,1981,1653363066,1653363066);
INSERT INTO player_score VALUES('625c39b60',31,'3075a24aa','2260a8c04',31824,2658,1654003538,1654003538);
INSERT INTO player_score VALUES('6118802c2',31,'3075a24aa','2ad6f584d',21672,2698,1653969593,1653969593);
INSERT INTO player_score VALUES('3b9867aaa',31,'3075a24aa','324412193',27225,1232,1652962950,1652962950);
INSERT INTO player_score VALUES('6060059c1',31,'3075a24aa','3daa9734c',726528,2469,1653950249,1653950249);
INSERT INTO player_score VALUES('5f1f19d9c',31,'3075a24aa','41300aaeb',12852,2328,1653916598,1653916598);
INSERT INTO player_score VALUES('5508267d3',31,'3075a24aa','49420d9a4',111540,2212,1653645756,1653645756);
INSERT INTO player_score VALUES('63577d6f6',31,'3075a24aa','4afa279d5',373464,2804,1654029885,1654029885);
INSERT INTO player_score VALUES('581073670',31,'3075a24aa','5465a75f6',463680,2486,1653727157,1653727157);
INSERT INTO player_score VALUES('63c6e8647',31,'3075a24aa','6364b058b',116127,2950,1654041568,1654041568);
INSERT INTO player_score VALUES('5b3cd1b74',31,'30d9461b0','146785b3a',13566,2419,1653812340,1653812340);
INSERT INTO player_score VALUES('4b7fa18c5',31,'30d9461b0','1f3aa950e',122496,2023,1653389849,1653389849);
INSERT INTO player_score VALUES('620906e27',31,'30d9461b0','2260a8c04',10660,2646,1653994814,1653994814);
INSERT INTO player_score VALUES('629c610a5',31,'30d9461b0','28916fe15',148770,2537,1654010265,1654010265);
INSERT INTO player_score VALUES('3b7a8e0d4',31,'30d9461b0','324412193',13680,1216,1652959820,1652959820);
INSERT INTO player_score VALUES('634a48177',31,'30d9461b0','3daa9734c',29925,2686,1654028500,1654028500);
INSERT INTO player_score VALUES('639c78221',31,'30d9461b0','41300aaeb',155925,2684,1654037118,1654037118);
INSERT INTO player_score VALUES('55376c8da',31,'30d9461b0','49420d9a4',41340,2251,1653650713,1653650713);
INSERT INTO player_score VALUES('638d77cc0',31,'30d9461b0','4afa279d5',22776,2825,1654035545,1654035545);
INSERT INTO player_score VALUES('63c6d74b3',31,'30d9461b0','6364b058b',91350,2949,1654041561,1654041561);
INSERT INTO player_score VALUES('4f8845042',31,'31e797c6c','1f3aa950e',351000,2219,1653498129,1653498129);
INSERT INTO player_score VALUES('63ba31fea',31,'31e797c6c','2260a8c04',48000,2711,1654040235,1654040235);
INSERT INTO player_score VALUES('61ff90fed',31,'31e797c6c','28916fe15',372710,2501,1653993822,1653993822);
INSERT INTO player_score VALUES('5e68eba8f',31,'31e797c6c','2ad6f584d',134560,2571,1653897495,1653897495);
INSERT INTO player_score VALUES('580d921af',31,'31e797c6c','3daa9734c',202492,1893,1653726855,1653726855);
INSERT INTO player_score VALUES('6191b401d',31,'31e797c6c','41300aaeb',9504,2523,1653982302,1653982302);
INSERT INTO player_score VALUES('5472a9761',31,'31e797c6c','49420d9a4',7344,2098,1653630081,1653630081);
INSERT INTO player_score VALUES('62775df34',31,'31e797c6c','4afa279d5',374220,2691,1654006384,1654006384);
INSERT INTO player_score VALUES('57e52c511',31,'31e797c6c','5465a75f6',120640,2372,1653722619,1653722619);
INSERT INTO player_score VALUES('63c0c41f7',31,'31e797c6c','6364b058b',111456,2776,1654040924,1654040924);
INSERT INTO player_score VALUES('5cdb64142',31,'322287a7a','146785b3a',77280,2474,1653855811,1653855811);
INSERT INTO player_score VALUES('4a2421962',31,'322287a7a','1f3aa950e',44226,1968,1653353411,1653353411);
INSERT INTO player_score VALUES('61f67f394',31,'322287a7a','2260a8c04',302100,2641,1653992871,1653992871);
INSERT INTO player_score VALUES('624cf9e5f',31,'322287a7a','28916fe15',61936,2518,1654001939,1654001939);
INSERT INTO player_score VALUES('61838810f',31,'322287a7a','2ad6f584d',13197,2720,1653980816,1653980816);
INSERT INTO player_score VALUES('3b91edf00',31,'322287a7a','324412193',107100,1230,1652962271,1652962271);
INSERT INTO player_score VALUES('54b4e9ea3',31,'322287a7a','49420d9a4',65000,2149,1653637028,1653637028);
INSERT INTO player_score VALUES('63826f168',31,'322287a7a','4afa279d5',14280,2819,1654034388,1654034388);
INSERT INTO player_score VALUES('580e5f2b4',31,'322287a7a','5465a75f6',142974,2478,1653726939,1653726939);
INSERT INTO player_score VALUES('63c43ccc4',31,'322287a7a','6364b058b',3660,2869,1654041288,1654041288);
INSERT INTO player_score VALUES('635a6613e',31,'32cb87d0e','146785b3a',46200,2715,1654030190,1654030190);
INSERT INTO player_score VALUES('484eaa78e',31,'32cb87d0e','1f3aa950e',126000,1893,1653304184,1653304184);
INSERT INTO player_score VALUES('585ca3cde',31,'32cb87d0e','2260a8c04',111384,2247,1653735146,1653735146);
INSERT INTO player_score VALUES('615d14557',31,'32cb87d0e','28916fe15',128226,2479,1653976784,1653976784);
INSERT INTO player_score VALUES('5f912b84e',31,'32cb87d0e','2ad6f584d',24700,2631,1653928559,1653928559);
INSERT INTO player_score VALUES('3ba47f5d5',31,'32cb87d0e','324412193',62220,1237,1652964218,1652964218);
INSERT INTO player_score VALUES('625077750',31,'32cb87d0e','3daa9734c',1026,2613,1654002305,1654002305);
INSERT INTO player_score VALUES('6218ca87e',31,'32cb87d0e','41300aaeb',162140,2568,1653996467,1653996467);
INSERT INTO player_score VALUES('54da3d933',31,'32cb87d0e','49420d9a4',67200,2183,1653640942,1653640942);
INSERT INTO player_score VALUES('63bd860c8',31,'32cb87d0e','4afa279d5',43470,2844,1654040584,1654040584);
INSERT INTO player_score VALUES('5799def86',31,'32cb87d0e','5465a75f6',827904,2171,1653714723,1653714723);
INSERT INTO player_score VALUES('63c494b28',31,'32cb87d0e','6364b058b',483092,2879,1654041324,1654041324);
INSERT INTO player_score VALUES('62e209141',31,'34b6b38e7','146785b3a',34650,2694,1654017569,1654017569);
INSERT INTO player_score VALUES('4d3ab065d',31,'34b6b38e7','1f3aa950e',57362,2103,1653436307,1653436307);
INSERT INTO player_score VALUES('62da0b306',31,'34b6b38e7','28916fe15',227292,2546,1654016731,1654016731);
INSERT INTO player_score VALUES('62dff74e3',31,'34b6b38e7','2ad6f584d',47520,2785,1654017352,1654017352);
INSERT INTO player_score VALUES('3a32f54de',31,'34b6b38e7','324412193',7176,1043,1652925469,1652925469);
INSERT INTO player_score VALUES('627edce6a',31,'34b6b38e7','3daa9734c',116560,2629,1654007170,1654007170);
INSERT INTO player_score VALUES('5fcc7f7cc',31,'34b6b38e7','41300aaeb',22560,2387,1653934780,1653934780);
INSERT INTO player_score VALUES('54c36dbae',31,'34b6b38e7','49420d9a4',172304,2165,1653638550,1653638550);
INSERT INTO player_score VALUES('5c1554f82',31,'34b6b38e7','4afa279d5',193520,1994,1653835043,1653835043);
INSERT INTO player_score VALUES('57ebc5c1e',31,'34b6b38e7','5465a75f6',31680,2386,1653723311,1653723311);
INSERT INTO player_score VALUES('63bee3297',31,'34b6b38e7','6364b058b',30528,2728,1654040727,1654040727);
INSERT INTO player_score VALUES('60423357f',31,'359f6ac1e','146785b3a',355680,2590,1653947122,1653947122);
INSERT INTO player_score VALUES('4f24cf977',31,'359f6ac1e','1f3aa950e',72345,2197,1653487700,1653487700);
INSERT INTO player_score VALUES('62b9d8fd1',31,'359f6ac1e','2260a8c04',147600,2671,1654013355,1654013355);
INSERT INTO player_score VALUES('62fa66de9',31,'359f6ac1e','28916fe15',70226,2556,1654020124,1654020124);
INSERT INTO player_score VALUES('62cfe3159',31,'359f6ac1e','2ad6f584d',58752,2780,1654015666,1654015666);
INSERT INTO player_score VALUES('3b84cc216',31,'359f6ac1e','324412193',94720,1221,1652960894,1652960894);
INSERT INTO player_score VALUES('616afbe5e',31,'359f6ac1e','3daa9734c',26163,2559,1653978242,1653978242);
INSERT INTO player_score VALUES('637b19a49',31,'359f6ac1e','41300aaeb',20700,2673,1654033619,1654033619);
INSERT INTO player_score VALUES('55393ed90',31,'359f6ac1e','49420d9a4',60480,2254,1653650904,1653650904);
INSERT INTO player_score VALUES('62f918685',31,'359f6ac1e','4afa279d5',16800,2752,1654019987,1654019987);
INSERT INTO player_score VALUES('57d2f53a3',31,'359f6ac1e','5465a75f6',408,2322,1653720709,1653720709);
INSERT INTO player_score VALUES('63c6e8648',31,'359f6ac1e','6364b058b',283500,2951,1654041568,1654041568);
INSERT INTO player_score VALUES('60de00940',31,'36510c683','146785b3a',88452,2609,1653963459,1653963459);
INSERT INTO player_score VALUES('4fb534e96',31,'36510c683','1f3aa950e',47600,2225,1653502841,1653502841);
INSERT INTO player_score VALUES('60ea07312',31,'36510c683','28916fe15',40256,2459,1653964720,1653964720);
INSERT INTO player_score VALUES('5cf5e730d',31,'36510c683','2ad6f584d',111150,2499,1653858591,1653858591);
INSERT INTO player_score VALUES('3b726dfd7',31,'36510c683','324412193',75924,1211,1652958968,1652958968);
INSERT INTO player_score VALUES('63290e3de',31,'36510c683','3daa9734c',192694,2676,1654025016,1654025016);
INSERT INTO player_score VALUES('62ee3ba4a',31,'36510c683','41300aaeb',12012,2631,1654018848,1654018848);
INSERT INTO player_score VALUES('54f2a9ffc',31,'36510c683','49420d9a4',53820,2195,1653643503,1653643503);
INSERT INTO player_score VALUES('62d842a50',31,'36510c683','4afa279d5',9800,2742,1654016544,1654016544);
INSERT INTO player_score VALUES('5805e2531',31,'36510c683','5465a75f6',117624,2457,1653726049,1653726049);
INSERT INTO player_score VALUES('63bdb951a',31,'36510c683','6364b058b',42822,2690,1654040605,1654040605);
INSERT INTO player_score VALUES('6384ca1ca',31,'36e4e5848','146785b3a',198000,2723,1654034635,1654034635);
INSERT INTO player_score VALUES('439334319',31,'36e4e5848','1f3aa950e',112832,1682,1653177153,1653177153);
INSERT INTO player_score VALUES('5d690a485',31,'36e4e5848','2260a8c04',198,2462,1653870664,1653870664);
INSERT INTO player_score VALUES('61cbfb6f7',31,'36e4e5848','28916fe15',340964,2493,1653988413,1653988413);
INSERT INTO player_score VALUES('62a28f143',31,'36e4e5848','2ad6f584d',18000,2774,1654010913,1654010913);
INSERT INTO player_score VALUES('3b895fff4',31,'36e4e5848','324412193',253890,1226,1652961374,1652961374);
INSERT INTO player_score VALUES('6349984f8',31,'36e4e5848','3daa9734c',237568,2685,1654028428,1654028428);
INSERT INTO player_score VALUES('62879ba8a',31,'36e4e5848','41300aaeb',49700,2606,1654008087,1654008087);
INSERT INTO player_score VALUES('549face1c',31,'36e4e5848','49420d9a4',55575,2129,1653634801,1653634801);
INSERT INTO player_score VALUES('625026e15',31,'36e4e5848','4afa279d5',491400,2669,1654002272,1654002272);
INSERT INTO player_score VALUES('58106e85e',31,'36e4e5848','5465a75f6',164256,2485,1653727155,1653727155);
INSERT INTO player_score VALUES('63c4dded2',31,'36e4e5848','6364b058b',305448,2889,1654041354,1654041354);
INSERT INTO player_score VALUES('585fa2679',31,'38542a817','146785b3a',20237,2330,1653735460,1653735460);
INSERT INTO player_score VALUES('4db5f874d',31,'38542a817','1f3aa950e',232750,2132,1653449234,1653449234);
INSERT INTO player_score VALUES('60ed16e62',31,'38542a817','2260a8c04',96480,2601,1653965041,1653965041);
INSERT INTO player_score VALUES('6096ef3ae',31,'38542a817','28916fe15',5304,2449,1653956007,1653956007);
INSERT INTO player_score VALUES('61c8a9d43',31,'38542a817','2ad6f584d',44616,2732,1653988065,1653988065);
INSERT INTO player_score VALUES('3b99e486f',31,'38542a817','324412193',91273,1233,1652963106,1652963106);
INSERT INTO player_score VALUES('5ee350a97',31,'38542a817','3daa9734c',148500,2357,1653910329,1653910329);
INSERT INTO player_score VALUES('62ab5a0c3',31,'38542a817','41300aaeb',11704,2611,1654011835,1654011835);
INSERT INTO player_score VALUES('550673eae',31,'38542a817','49420d9a4',91392,2209,1653645578,1653645578);
INSERT INTO player_score VALUES('621cf2fa7',31,'38542a817','4afa279d5',93366,2655,1653996903,1653996903);
INSERT INTO player_score VALUES('5643fa8b3',31,'38542a817','5465a75f6',23220,1287,1653678873,1653678873);
INSERT INTO player_score VALUES('62659c0f7',31,'39d2772ba','146785b3a',83106,2674,1654004522,1654004522);
INSERT INTO player_score VALUES('4f90fa06b',31,'39d2772ba','1f3aa950e',26384,2220,1653499042,1653499042);
INSERT INTO player_score VALUES('632187f65',31,'39d2772ba','2260a8c04',44384,2688,1654024227,1654024227);
INSERT INTO player_score VALUES('62fe8a73c',31,'39d2772ba','28916fe15',0,2559,1654020558,1654020558);
INSERT INTO player_score VALUES('5ddd525e1',31,'39d2772ba','2ad6f584d',314184,2542,1653882857,1653882857);
INSERT INTO player_score VALUES('3a34044c7',31,'39d2772ba','324412193',473480,1044,1652925580,1652925580);
INSERT INTO player_score VALUES('5d3236a53',31,'39d2772ba','3daa9734c',74250,2240,1653864915,1653864915);
INSERT INTO player_score VALUES('63adf81f3',31,'39d2772ba','41300aaeb',39474,2690,1654038953,1654038953);
INSERT INTO player_score VALUES('555afa1e9',31,'39d2772ba','49420d9a4',24057,2278,1653654441,1653654441);
INSERT INTO player_score VALUES('6368e01da',31,'39d2772ba','4afa279d5',155520,2811,1654031708,1654031708);
INSERT INTO player_score VALUES('57e41fc1f',31,'39d2772ba','5465a75f6',31680,2368,1653722509,1653722509);
INSERT INTO player_score VALUES('63c437e98',31,'39d2772ba','6364b058b',56090,2867,1654041286,1654041286);
INSERT INTO player_score VALUES('62cdcedd2',31,'39d2c2d76','146785b3a',1188,2688,1654015448,1654015448);
INSERT INTO player_score VALUES('4f39caaf8',31,'39d2c2d76','1f3aa950e',27972,2200,1653489900,1653489900);
INSERT INTO player_score VALUES('61ef0049f',31,'39d2c2d76','2260a8c04',572,2639,1653992085,1653992085);
INSERT INTO player_score VALUES('623e36980',31,'39d2c2d76','28916fe15',254560,2514,1654000391,1654000391);
INSERT INTO player_score VALUES('611ccd419',31,'39d2c2d76','2ad6f584d',191352,2699,1653970044,1653970044);
INSERT INTO player_score VALUES('3a918649f',31,'39d2c2d76','324412193',55680,1091,1652935385,1652935385);
INSERT INTO player_score VALUES('6043e85b1',31,'39d2c2d76','3daa9734c',95830,2457,1653947301,1653947301);
INSERT INTO player_score VALUES('626b32b7c',31,'39d2c2d76','41300aaeb',135300,2595,1654005108,1654005108);
INSERT INTO player_score VALUES('54a81d882',31,'39d2c2d76','49420d9a4',381988,2135,1653635686,1653635686);
INSERT INTO player_score VALUES('639bcfb00',31,'39d2c2d76','4afa279d5',191808,2832,1654037049,1654037049);
INSERT INTO player_score VALUES('57d61d50c',31,'39d2c2d76','5465a75f6',136068,2332,1653721040,1653721040);
INSERT INTO player_score VALUES('63c51af5f',31,'39d2c2d76','6364b058b',23856,2897,1654041379,1654041379);
INSERT INTO player_score VALUES('62efa9d91',31,'3a752e6e8','146785b3a',50784,2696,1654018998,1654018998);
INSERT INTO player_score VALUES('4e8e5e686',31,'3a752e6e8','1f3aa950e',26975,2166,1653471925,1653471925);
INSERT INTO player_score VALUES('620785218',31,'3a752e6e8','2260a8c04',296400,2645,1653994656,1653994656);
INSERT INTO player_score VALUES('6223bd454',31,'3a752e6e8','2ad6f584d',54720,2750,1653997615,1653997615);
INSERT INTO player_score VALUES('3b2550c6d',31,'3a752e6e8','324412193',1632,1174,1652950882,1652950882);
INSERT INTO player_score VALUES('5817d77fc',31,'3a752e6e8','3daa9734c',5586,1896,1653727932,1653727932);
INSERT INTO player_score VALUES('636ab2706',31,'3a752e6e8','41300aaeb',0,2666,1654031899,1654031899);
INSERT INTO player_score VALUES('63a60dbde',31,'3a752e6e8','4afa279d5',14742,2835,1654038123,1654038123);
INSERT INTO player_score VALUES('5815a86c9',31,'3a752e6e8','5465a75f6',197478,2503,1653727703,1653727703);
INSERT INTO player_score VALUES('63c627828',31,'3a752e6e8','6364b058b',227476,2920,1654041489,1654041489);
INSERT INTO player_score VALUES('6320f3072',31,'3ab1175ba','146785b3a',97416,2708,1654024166,1654024166);
INSERT INTO player_score VALUES('4a7d519ef',31,'3ab1175ba','1f3aa950e',352,1979,1653362763,1653362763);
INSERT INTO player_score VALUES('633179ff3',31,'3ab1175ba','2260a8c04',118482,2692,1654025899,1654025899);
INSERT INTO player_score VALUES('597fbd4c0',31,'3ab1175ba','28916fe15',264600,2158,1653765670,1653765670);
INSERT INTO player_score VALUES('5b16a7323',31,'3ab1175ba','2ad6f584d',129,2403,1653808338,1653808338);
INSERT INTO player_score VALUES('3b6f0b465',31,'3ab1175ba','324412193',110880,1210,1652958613,1652958613);
INSERT INTO player_score VALUES('63ac9b014',31,'3ab1175ba','3daa9734c',324,2715,1654038810,1654038810);
INSERT INTO player_score VALUES('630de9fef',31,'3ab1175ba','41300aaeb',289884,2638,1654022170,1654022170);
INSERT INTO player_score VALUES('552a324e9',31,'3ab1175ba','49420d9a4',180420,2243,1653649326,1653649326);
INSERT INTO player_score VALUES('637233d10',31,'3ab1175ba','4afa279d5',182700,2814,1654032686,1654032686);
INSERT INTO player_score VALUES('57f988b3e',31,'3ab1175ba','5465a75f6',242970,2428,1653724754,1653724754);
INSERT INTO player_score VALUES('63bdd1bc7',31,'3ab1175ba','6364b058b',44352,2695,1654040615,1654040615);
INSERT INTO player_score VALUES('610035ebf',31,'3bdef52cb','146785b3a',28314,2616,1653967046,1653967046);
INSERT INTO player_score VALUES('4d65e3f65',31,'3bdef52cb','1f3aa950e',31980,2115,1653440837,1653440837);
INSERT INTO player_score VALUES('5f3c9b8cb',31,'3bdef52cb','2260a8c04',47872,2535,1653919692,1653919692);
INSERT INTO player_score VALUES('63b4a5196',31,'3bdef52cb','28916fe15',347760,2586,1654039653,1654039653);
INSERT INTO player_score VALUES('59a49bc21',31,'3bdef52cb','2ad6f584d',16800,2333,1653769536,1653769536);
INSERT INTO player_score VALUES('62a0a1eac',31,'3bdef52cb','3daa9734c',63616,2642,1654010711,1654010711);
INSERT INTO player_score VALUES('54ff3957a',31,'3bdef52cb','49420d9a4',283176,2206,1653644820,1653644820);
INSERT INTO player_score VALUES('63af3f42d',31,'3bdef52cb','4afa279d5',317952,2837,1654039087,1654039087);
INSERT INTO player_score VALUES('63c599e98',31,'3bdef52cb','6364b058b',74888,2909,1654041431,1654041431);
INSERT INTO player_score VALUES('4c741b000',31,'3cfb77a6c','1f3aa950e',101500,2079,1653415484,1653415484);
INSERT INTO player_score VALUES('61463847f',31,'3cfb77a6c','2260a8c04',59200,2613,1653974387,1653974387);
INSERT INTO player_score VALUES('6363819c4',31,'3cfb77a6c','28916fe15',92259,2573,1654031145,1654031145);
INSERT INTO player_score VALUES('5c0249761',31,'3cfb77a6c','2ad6f584d',6144,2453,1653833046,1653833046);
INSERT INTO player_score VALUES('62ea5789a',31,'3cfb77a6c','3daa9734c',423987,2664,1654018440,1654018440);
INSERT INTO player_score VALUES('635912b3e',31,'3cfb77a6c','41300aaeb',92114,2660,1654030051,1654030051);
INSERT INTO player_score VALUES('54f359c9a',31,'3cfb77a6c','49420d9a4',65268,2196,1653643575,1653643575);
INSERT INTO player_score VALUES('5d713b776',31,'3cfb77a6c','4afa279d5',20240,2142,1653871523,1653871523);
INSERT INTO player_score VALUES('580a03721',31,'3cfb77a6c','5465a75f6',461824,2467,1653726482,1653726482);
INSERT INTO player_score VALUES('5f18a773e',31,'3da5bc84e','146785b3a',53650,2548,1653915922,1653915922);
INSERT INTO player_score VALUES('4ed227ed7',31,'3da5bc84e','1f3aa950e',149520,2183,1653479033,1653479033);
INSERT INTO player_score VALUES('5d6710ee4',31,'3da5bc84e','2260a8c04',57942,2461,1653870457,1653870457);
INSERT INTO player_score VALUES('60ebcade2',31,'3da5bc84e','28916fe15',289800,2460,1653964905,1653964905);
INSERT INTO player_score VALUES('610498f34',31,'3da5bc84e','2ad6f584d',63612,2688,1653967506,1653967506);
INSERT INTO player_score VALUES('629fadc3e',31,'3da5bc84e','3daa9734c',125970,2641,1654010611,1654010611);
INSERT INTO player_score VALUES('5471401e0',31,'3da5bc84e','49420d9a4',9272,2096,1653629933,1653629933);
INSERT INTO player_score VALUES('63097d2be',31,'3da5bc84e','4afa279d5',134190,2762,1654021706,1654021706);
INSERT INTO player_score VALUES('57f42ca3f',31,'3da5bc84e','5465a75f6',27720,2416,1653724192,1653724192);
INSERT INTO player_score VALUES('63c5cabc7',31,'3da5bc84e','6364b058b',202860,2915,1654041451,1654041451);
INSERT INTO player_score VALUES('47b998df3',31,'3da74f5be','1f3aa950e',4536,1870,1653288553,1653288553);
INSERT INTO player_score VALUES('636f74b02',31,'3da74f5be','2260a8c04',36792,2701,1654032398,1654032398);
INSERT INTO player_score VALUES('60b32eac7',31,'3da74f5be','28916fe15',523776,2455,1653958969,1653958969);
INSERT INTO player_score VALUES('63b0161e4',31,'3da74f5be','2ad6f584d',65254,2826,1654039175,1654039175);
INSERT INTO player_score VALUES('61d0c777c',31,'3da74f5be','3daa9734c',123760,2581,1653988916,1653988916);
INSERT INTO player_score VALUES('54d001efd',31,'3da74f5be','49420d9a4',340340,2174,1653639869,1653639869);
INSERT INTO player_score VALUES('621cac2d1',31,'3da74f5be','4afa279d5',649740,2654,1653996874,1653996874);
INSERT INTO player_score VALUES('57c11fcb2',31,'3da74f5be','5465a75f6',244311,2275,1653718839,1653718839);
INSERT INTO player_score VALUES('63c4c7f2e',31,'3da74f5be','6364b058b',425,2885,1654041345,1654041345);
INSERT INTO player_score VALUES('59ee53d2e',31,'3db00baf9','146785b3a',21150,2373,1653777266,1653777266);
INSERT INTO player_score VALUES('4fc075c65',31,'3db00baf9','1f3aa950e',23715,2226,1653504021,1653504021);
INSERT INTO player_score VALUES('626d5a799',31,'3db00baf9','2260a8c04',332748,2662,1654005334,1654005334);
INSERT INTO player_score VALUES('639f03fc8',31,'3db00baf9','2ad6f584d',187920,2822,1654037385,1654037385);
INSERT INTO player_score VALUES('53fd24009',31,'3db00baf9','49420d9a4',252000,2007,1653617758,1653617758);
INSERT INTO player_score VALUES('634548c95',31,'3db00baf9','4afa279d5',38280,2798,1654027976,1654027976);
INSERT INTO player_score VALUES('57a4504ea',31,'3db00baf9','5465a75f6',98784,2195,1653715818,1653715818);
INSERT INTO player_score VALUES('63c66be44',31,'3db00baf9','6364b058b',3105,2930,1654041517,1654041517);
INSERT INTO player_score VALUES('6209ffe52',31,'3dcc94602','146785b3a',3408,2658,1653994916,1653994916);
INSERT INTO player_score VALUES('487407eba',31,'3dcc94602','1f3aa950e',252484,1899,1653308102,1653308102);
INSERT INTO player_score VALUES('595663572',31,'3dcc94602','2260a8c04',10880,2282,1653761334,1653761334);
INSERT INTO player_score VALUES('627d2090c',31,'3dcc94602','2ad6f584d',21960,2766,1654006988,1654006988);
INSERT INTO player_score VALUES('614282945',31,'3dcc94602','3daa9734c',23800,2548,1653973998,1653973998);
INSERT INTO player_score VALUES('62bbbc62d',31,'3dcc94602','41300aaeb',22880,2618,1654013553,1654013553);
INSERT INTO player_score VALUES('5506e6a9c',31,'3dcc94602','49420d9a4',28140,2210,1653645625,1653645625);
INSERT INTO player_score VALUES('62a479cca',31,'3dcc94602','4afa279d5',173400,2713,1654011114,1654011114);
INSERT INTO player_score VALUES('57f60b26c',31,'3dcc94602','5465a75f6',58500,2423,1653724388,1653724388);
INSERT INTO player_score VALUES('63b73f9c0',31,'3dcc94602','6364b058b',12288,2484,1654039926,1654039926);
INSERT INTO player_score VALUES('61b284e3b',31,'3f08db29b','146785b3a',167670,2648,1653985743,1653985743);
INSERT INTO player_score VALUES('480ec29fe',31,'3f08db29b','1f3aa950e',9900,1881,1653297483,1653297483);
INSERT INTO player_score VALUES('60903d5d7',31,'3f08db29b','2260a8c04',107787,2592,1653955305,1653955305);
INSERT INTO player_score VALUES('63532deab',31,'3f08db29b','28916fe15',311418,2568,1654029433,1654029433);
INSERT INTO player_score VALUES('627c892e5',31,'3f08db29b','2ad6f584d',6006,2765,1654006926,1654006926);
INSERT INTO player_score VALUES('629f8b994',31,'3f08db29b','3daa9734c',61600,2640,1654010597,1654010597);
INSERT INTO player_score VALUES('62bb647dc',31,'3f08db29b','41300aaeb',76095,2616,1654013517,1654013517);
INSERT INTO player_score VALUES('55594518c',31,'3f08db29b','49420d9a4',204984,2276,1653654262,1653654262);
INSERT INTO player_score VALUES('6046ee42b',31,'3f08db29b','4afa279d5',1530,2461,1653947618,1653947618);
INSERT INTO player_score VALUES('57ff7744d',31,'3f08db29b','5465a75f6',136080,2449,1653725376,1653725376);
INSERT INTO player_score VALUES('63c4c3164',31,'3f08db29b','6364b058b',975,2884,1654041343,1654041343);
INSERT INTO player_score VALUES('5efb17186',31,'3fe9290cf','146785b3a',72048,2542,1653912822,1653912822);
INSERT INTO player_score VALUES('4e561c8a0',31,'3fe9290cf','1f3aa950e',28611,2156,1653466026,1653466026);
INSERT INTO player_score VALUES('634f2534e',31,'3fe9290cf','2260a8c04',117936,2696,1654029010,1654029010);
INSERT INTO player_score VALUES('5e2ac9ea4',31,'3fe9290cf','28916fe15',177156,2352,1653890980,1653890980);
INSERT INTO player_score VALUES('633200445',31,'3fe9290cf','2ad6f584d',92742,2804,1654025954,1654025954);
INSERT INTO player_score VALUES('62e257353',31,'3fe9290cf','3daa9734c',144584,2662,1654017601,1654017601);
INSERT INTO player_score VALUES('617aeb7b1',31,'3fe9290cf','41300aaeb',39788,2515,1653979913,1653979913);
INSERT INTO player_score VALUES('54350df69',31,'3fe9290cf','49420d9a4',160000,2049,1653623621,1653623621);
INSERT INTO player_score VALUES('61269b025',31,'3fe9290cf','4afa279d5',38250,2547,1653971072,1653971072);
INSERT INTO player_score VALUES('63c43a5a2',31,'3fe9290cf','6364b058b',123284,2868,1654041287,1654041287);
INSERT INTO player_score VALUES('636a337a5',31,'401deae5b','146785b3a',2448,2717,1654031847,1654031847);
INSERT INTO player_score VALUES('4f6dc45c1',31,'401deae5b','1f3aa950e',16450,2211,1653495350,1653495350);
INSERT INTO player_score VALUES('59a8d06ef',31,'401deae5b','2260a8c04',9135,2301,1653769977,1653769977);
INSERT INTO player_score VALUES('5d8747fdc',31,'401deae5b','2ad6f584d',159100,2521,1653873835,1653873835);
INSERT INTO player_score VALUES('63a9866e6',31,'401deae5b','3daa9734c',13050,2712,1654038487,1654038487);
INSERT INTO player_score VALUES('543f3d66a',31,'401deae5b','49420d9a4',80352,2057,1653624689,1653624689);
INSERT INTO player_score VALUES('632b4e672',31,'401deae5b','4afa279d5',116809,2781,1654025252,1654025252);
INSERT INTO player_score VALUES('580e97575',31,'401deae5b','5465a75f6',112970,2480,1653726962,1653726962);
INSERT INTO player_score VALUES('63c67817d',31,'401deae5b','6364b058b',32085,2935,1654041522,1654041522);
INSERT INTO player_score VALUES('602c8d5a4',31,'40c5adac1','146785b3a',13916,2585,1653944852,1653944852);
INSERT INTO player_score VALUES('6217fb007',31,'40c5adac1','2260a8c04',66825,2647,1653996382,1653996382);
INSERT INTO player_score VALUES('603ee69d1',31,'40c5adac1','28916fe15',492480,2438,1653946776,1653946776);
INSERT INTO player_score VALUES('5eb157b75',31,'40c5adac1','2ad6f584d',178464,2589,1653905089,1653905089);
INSERT INTO player_score VALUES('637d17ea4',31,'40c5adac1','3daa9734c',197184,2703,1654033828,1654033828);
INSERT INTO player_score VALUES('61a94999d',31,'40c5adac1','41300aaeb',193397,2535,1653984775,1653984775);
INSERT INTO player_score VALUES('53403f145',31,'40c5adac1','49420d9a4',9471,1884,1653597951,1653597951);
INSERT INTO player_score VALUES('618d9ca23',31,'40c5adac1','4afa279d5',84480,2594,1653981873,1653981873);
INSERT INTO player_score VALUES('58052dad0',31,'40c5adac1','5465a75f6',93912,2454,1653725975,1653725975);
INSERT INTO player_score VALUES('63bbaedbf',31,'40c5adac1','6364b058b',384888,2620,1654040391,1654040391);
INSERT INTO player_score VALUES('628144211',31,'40cb41e84','146785b3a',103400,2675,1654007422,1654007422);
INSERT INTO player_score VALUES('4efe8ca95',31,'40cb41e84','1f3aa950e',1536,2192,1653483688,1653483688);
INSERT INTO player_score VALUES('600d1726b',31,'40cb41e84','2260a8c04',87032,2566,1653941553,1653941553);
INSERT INTO player_score VALUES('63bda8398',31,'40cb41e84','28916fe15',18432,2587,1654040598,1654040598);
INSERT INTO player_score VALUES('5c9c928b9',31,'40cb41e84','2ad6f584d',16632,2479,1653849224,1653849224);
INSERT INTO player_score VALUES('61543f929',31,'40cb41e84','3daa9734c',219067,2556,1653975858,1653975858);
INSERT INTO player_score VALUES('60462130d',31,'40cb41e84','41300aaeb',340200,2421,1653947534,1653947534);
INSERT INTO player_score VALUES('615570c03',31,'40cb41e84','4afa279d5',237452,2570,1653975983,1653975983);
INSERT INTO player_score VALUES('57e64ed7a',31,'40cb41e84','5465a75f6',146432,2374,1653722738,1653722738);
INSERT INTO player_score VALUES('62a042b56',31,'419cb681b','146785b3a',81807,2681,1654010672,1654010672);
INSERT INTO player_score VALUES('4ed0de55a',31,'419cb681b','1f3aa950e',13662,2182,1653478898,1653478898);
INSERT INTO player_score VALUES('5c88de983',31,'419cb681b','2260a8c04',704,2428,1653847158,1653847158);
INSERT INTO player_score VALUES('62b8a07fc',31,'419cb681b','2ad6f584d',133650,2779,1654013227,1654013227);
INSERT INTO player_score VALUES('60b30529d',31,'419cb681b','3daa9734c',240300,2504,1653958952,1653958952);
INSERT INTO player_score VALUES('624c9f8ff',31,'419cb681b','41300aaeb',3968,2587,1654001902,1654001902);
INSERT INTO player_score VALUES('552733b61',31,'419cb681b','49420d9a4',72912,2238,1653649012,1653649012);
INSERT INTO player_score VALUES('635765091',31,'419cb681b','4afa279d5',155904,2803,1654029875,1654029875);
INSERT INTO player_score VALUES('57fb1b8cf',31,'419cb681b','5465a75f6',153884,2434,1653724919,1653724919);
INSERT INTO player_score VALUES('63c4ca654',31,'419cb681b','6364b058b',135168,2887,1654041346,1654041346);
INSERT INTO player_score VALUES('6230e6682',31,'41af80139','146785b3a',24174,2666,1653998995,1653998995);
INSERT INTO player_score VALUES('4e49aa829',31,'41af80139','1f3aa950e',510570,2155,1653464721,1653464721);
INSERT INTO player_score VALUES('5f6b6c6b1',31,'41af80139','2260a8c04',148580,2543,1653924601,1653924601);
INSERT INTO player_score VALUES('5f9db8664',31,'41af80139','28916fe15',218790,2415,1653929875,1653929875);
INSERT INTO player_score VALUES('5cec4cb41',31,'41af80139','2ad6f584d',68440,2495,1653857584,1653857584);
INSERT INTO player_score VALUES('63ac765cf',31,'41af80139','3daa9734c',13650,2714,1654038795,1654038795);
INSERT INTO player_score VALUES('624569de1',31,'41af80139','41300aaeb',5000,2582,1654001146,1654001146);
INSERT INTO player_score VALUES('531b19cb3',31,'41af80139','49420d9a4',24800,1857,1653594056,1653594056);
INSERT INTO player_score VALUES('63025fe20',31,'41af80139','4afa279d5',134676,2758,1654020960,1654020960);
INSERT INTO player_score VALUES('580d8853a',31,'41af80139','5465a75f6',468720,2474,1653726851,1653726851);
INSERT INTO player_score VALUES('5a46997c8',31,'41e5758f1','146785b3a',24354,2385,1653786522,1653786522);
INSERT INTO player_score VALUES('4e63e9460',31,'41e5758f1','1f3aa950e',5088,2161,1653467473,1653467473);
INSERT INTO player_score VALUES('63933a6ab',31,'41e5758f1','2260a8c04',48576,2706,1654036149,1654036149);
INSERT INTO player_score VALUES('5fd6178ac',31,'41e5758f1','28916fe15',3060,2422,1653935786,1653935786);
INSERT INTO player_score VALUES('63c700d08',31,'41e5758f1','3daa9734c',235340,2720,1654041578,1654041578);
INSERT INTO player_score VALUES('63744599d',31,'41e5758f1','41300aaeb',97650,2671,1654032903,1654032903);
INSERT INTO player_score VALUES('55240b9eb',31,'41e5758f1','49420d9a4',131364,2235,1653648681,1653648681);
INSERT INTO player_score VALUES('622735eb3',31,'41e5758f1','4afa279d5',388570,2661,1653997979,1653997979);
INSERT INTO player_score VALUES('57eb2bf45',31,'41e5758f1','5465a75f6',41446,2382,1653723248,1653723248);
INSERT INTO player_score VALUES('63c6696f3',31,'41e5758f1','6364b058b',120960,2929,1654041516,1654041516);
INSERT INTO player_score VALUES('6248500eb',31,'4226da483','146785b3a',54750,2670,1654001450,1654001450);
INSERT INTO player_score VALUES('48f944c96',31,'4226da483','1f3aa950e',689088,1921,1653322073,1653322073);
INSERT INTO player_score VALUES('63b1c1591',31,'4226da483','2260a8c04',47235,2708,1654039350,1654039350);
INSERT INTO player_score VALUES('6292f281f',31,'4226da483','28916fe15',439460,2533,1654009276,1654009276);
INSERT INTO player_score VALUES('62b353105',31,'4226da483','2ad6f584d',58752,2777,1654012671,1654012671);
INSERT INTO player_score VALUES('61b6270d1',31,'4226da483','41300aaeb',291060,2539,1653986124,1653986124);
INSERT INTO player_score VALUES('54a6e029e',31,'4226da483','49420d9a4',10368,2133,1653635556,1653635556);
INSERT INTO player_score VALUES('63413b2f2',31,'4226da483','4afa279d5',76650,2796,1654027551,1654027551);
INSERT INTO player_score VALUES('57f197062',31,'4226da483','5465a75f6',148877,2409,1653723921,1653723921);
INSERT INTO player_score VALUES('560227f57',31,'42688d20d','146785b3a',10710,2250,1653671971,1653671971);
INSERT INTO player_score VALUES('4e482da59',31,'42688d20d','1f3aa950e',22560,2152,1653464565,1653464565);
INSERT INTO player_score VALUES('63221ce0e',31,'42688d20d','2260a8c04',169592,2689,1654024288,1654024288);
INSERT INTO player_score VALUES('62ac2722d',31,'42688d20d','28916fe15',158061,2540,1654011919,1654011919);
INSERT INTO player_score VALUES('635abb846',31,'42688d20d','2ad6f584d',75440,2810,1654030225,1654030225);
INSERT INTO player_score VALUES('63a2b7426',31,'42688d20d','3daa9734c',17204,2709,1654037773,1654037773);
INSERT INTO player_score VALUES('5beacebe4',31,'42688d20d','41300aaeb',13095,2097,1653830584,1653830584);
INSERT INTO player_score VALUES('62176614e',31,'42688d20d','4afa279d5',59943,2652,1653996321,1653996321);
INSERT INTO player_score VALUES('580d0bd13',31,'42688d20d','5465a75f6',532,2472,1653726800,1653726800);
INSERT INTO player_score VALUES('63bcc79db',31,'42688d20d','6364b058b',100395,2652,1654040506,1654040506);
INSERT INTO player_score VALUES('58a7686db',31,'4294de54c','146785b3a',33573,2336,1653742986,1653742986);
INSERT INTO player_score VALUES('4da0d8bf3',31,'4294de54c','1f3aa950e',392392,2129,1653447019,1653447019);
INSERT INTO player_score VALUES('635b2e413',31,'4294de54c','2260a8c04',451440,2700,1654030272,1654030272);
INSERT INTO player_score VALUES('62ce4dce6',31,'4294de54c','28916fe15',15088,2542,1654015500,1654015500);
INSERT INTO player_score VALUES('61ea6edb7',31,'4294de54c','2ad6f584d',70000,2740,1653991606,1653991606);
INSERT INTO player_score VALUES('6377d6afc',31,'4294de54c','3daa9734c',0,2698,1654033277,1654033277);
INSERT INTO player_score VALUES('626d113d3',31,'4294de54c','41300aaeb',2809,2596,1654005304,1654005304);
INSERT INTO player_score VALUES('547b9df13',31,'4294de54c','49420d9a4',141440,2104,1653631020,1653631020);
INSERT INTO player_score VALUES('639dc1b98',31,'4294de54c','4afa279d5',155135,2833,1654037253,1654037253);
INSERT INTO player_score VALUES('5804bfcd1',31,'4294de54c','5465a75f6',224256,2453,1653725930,1653725930);
INSERT INTO player_score VALUES('63ba93aad',31,'4294de54c','6364b058b',304878,2588,1654040275,1654040275);
INSERT INTO player_score VALUES('62caeb1b5',31,'42afef0ba','146785b3a',62464,2687,1654015145,1654015145);
INSERT INTO player_score VALUES('452aa4698',31,'42afef0ba','1f3aa950e',217350,1749,1653219876,1653219876);
INSERT INTO player_score VALUES('6378d70ad',31,'42afef0ba','2260a8c04',79360,2703,1654033382,1654033382);
INSERT INTO player_score VALUES('60ec14196',31,'42afef0ba','28916fe15',12879,2461,1653964935,1653964935);
INSERT INTO player_score VALUES('631328c17',31,'42afef0ba','2ad6f584d',810612,2799,1654022720,1654022720);
INSERT INTO player_score VALUES('6171e3767',31,'42afef0ba','3daa9734c',27160,2561,1653978966,1653978966);
INSERT INTO player_score VALUES('633200446',31,'42afef0ba','41300aaeb',23976,2644,1654025954,1654025954);
INSERT INTO player_score VALUES('54fed53ec',31,'42afef0ba','49420d9a4',260304,2205,1653644779,1653644779);
INSERT INTO player_score VALUES('62947e033',31,'42afef0ba','4afa279d5',39032,2705,1654009438,1654009438);
INSERT INTO player_score VALUES('5814c07cd',31,'42afef0ba','5465a75f6',230480,2502,1653727608,1653727608);
INSERT INTO player_score VALUES('63c50ec21',31,'42afef0ba','6364b058b',12200,2895,1654041374,1654041374);
INSERT INTO player_score VALUES('4eac554de',31,'42c7d7a6e','1f3aa950e',3619,2173,1653475067,1653475067);
INSERT INTO player_score VALUES('62a208ccd',31,'42c7d7a6e','2260a8c04',30240,2669,1654010858,1654010858);
INSERT INTO player_score VALUES('623505133',31,'42c7d7a6e','28916fe15',410735,2512,1653999427,1653999427);
INSERT INTO player_score VALUES('637e10ef1',31,'42c7d7a6e','2ad6f584d',294,2816,1654033930,1654033930);
INSERT INTO player_score VALUES('621ffdc61',31,'42c7d7a6e','3daa9734c',66880,2603,1653997222,1653997222);
INSERT INTO player_score VALUES('63363eb29',31,'42c7d7a6e','41300aaeb',482220,2648,1654026399,1654026399);
INSERT INTO player_score VALUES('547242ec9',31,'42c7d7a6e','49420d9a4',165242,2097,1653630039,1653630039);
INSERT INTO player_score VALUES('61e3937d3',31,'42c7d7a6e','4afa279d5',85536,2627,1653990887,1653990887);
INSERT INTO player_score VALUES('57cf6b77a',31,'42c7d7a6e','5465a75f6',171304,2313,1653720338,1653720338);
INSERT INTO player_score VALUES('63c49e762',31,'42c7d7a6e','6364b058b',191700,2880,1654041328,1654041328);
INSERT INTO player_score VALUES('600c08276',31,'43594717c','146785b3a',4992,2581,1653941442,1653941442);
INSERT INTO player_score VALUES('4d9472e9f',31,'43594717c','1f3aa950e',60032,2125,1653445719,1653445719);
INSERT INTO player_score VALUES('61ee1107a',31,'43594717c','2260a8c04',8800,2638,1653991987,1653991987);
INSERT INTO player_score VALUES('62e1ebc92',31,'43594717c','28916fe15',417600,2550,1654017557,1654017557);
INSERT INTO player_score VALUES('6231a743f',31,'43594717c','2ad6f584d',213840,2751,1653999074,1653999074);
INSERT INTO player_score VALUES('626690314',31,'43594717c','3daa9734c',143080,2624,1654004622,1654004622);
INSERT INTO player_score VALUES('551e1d104',31,'43594717c','49420d9a4',35475,2229,1653648059,1653648059);
INSERT INTO player_score VALUES('636fbdeeb',31,'43594717c','4afa279d5',363216,2812,1654032428,1654032428);
INSERT INTO player_score VALUES('57f866307',31,'43594717c','5465a75f6',17520,2425,1653724635,1653724635);
INSERT INTO player_score VALUES('63c47c480',31,'43594717c','6364b058b',28560,2877,1654041314,1654041314);
INSERT INTO player_score VALUES('60c43223b',31,'44ac84cbd','146785b3a',74820,2603,1653960753,1653960753);
INSERT INTO player_score VALUES('4dfe0c9d7',31,'44ac84cbd','1f3aa950e',340725,2144,1653456792,1653456792);
INSERT INTO player_score VALUES('6199e52b9',31,'44ac84cbd','28916fe15',9130,2484,1653983161,1653983161);
INSERT INTO player_score VALUES('63c13e323',31,'44ac84cbd','2ad6f584d',147600,2828,1654040974,1654040974);
INSERT INTO player_score VALUES('633e4659f',31,'44ac84cbd','3daa9734c',28182,2682,1654027241,1654027241);
INSERT INTO player_score VALUES('613a6eb0e',31,'44ac84cbd','41300aaeb',20196,2498,1653973151,1653973151);
INSERT INTO player_score VALUES('552923547',31,'44ac84cbd','49420d9a4',123648,2241,1653649215,1653649215);
INSERT INTO player_score VALUES('639f8f264',31,'44ac84cbd','4afa279d5',11988,2834,1654037442,1654037442);
INSERT INTO player_score VALUES('57fd67eda',31,'44ac84cbd','5465a75f6',15330,2440,1653725160,1653725160);
INSERT INTO player_score VALUES('63c6b78dd',31,'44ac84cbd','6364b058b',123480,2940,1654041548,1654041548);
INSERT INTO player_score VALUES('63bcf38f0',31,'457653695','146785b3a',150072,2733,1654040524,1654040524);
INSERT INTO player_score VALUES('4df5be22d',31,'457653695','1f3aa950e',13299,2141,1653455921,1653455921);
INSERT INTO player_score VALUES('622e47057',31,'457653695','2260a8c04',44286,2650,1653998720,1653998720);
INSERT INTO player_score VALUES('62f3387f2',31,'457653695','28916fe15',4160,2554,1654019371,1654019371);
INSERT INTO player_score VALUES('637d10967',31,'457653695','2ad6f584d',10080,2815,1654033825,1654033825);
INSERT INTO player_score VALUES('5ce3905d4',31,'457653695','3daa9734c',139308,2223,1653856668,1653856668);
INSERT INTO player_score VALUES('55429c507',31,'457653695','49420d9a4',451008,2260,1653651886,1653651886);
INSERT INTO player_score VALUES('5fed490b6',31,'457653695','4afa279d5',160512,2413,1653938218,1653938218);
INSERT INTO player_score VALUES('57fae5d50',31,'457653695','5465a75f6',45600,2432,1653724897,1653724897);
INSERT INTO player_score VALUES('63c555922',31,'457653695','6364b058b',0,2901,1654041403,1654041403);
INSERT INTO player_score VALUES('60784d6f0',31,'459eccb82','146785b3a',1278,2599,1653952795,1653952795);
INSERT INTO player_score VALUES('4c5864481',31,'459eccb82','1f3aa950e',456778,2074,1653412578,1653412578);
INSERT INTO player_score VALUES('5f2e54c65',31,'459eccb82','2260a8c04',31752,2533,1653918195,1653918195);
INSERT INTO player_score VALUES('629674f0f',31,'459eccb82','28916fe15',108000,2534,1654009644,1654009644);
INSERT INTO player_score VALUES('629f1b4a6',31,'459eccb82','2ad6f584d',14820,2773,1654010551,1654010551);
INSERT INTO player_score VALUES('61184ce42',31,'459eccb82','3daa9734c',446424,2537,1653969572,1653969572);
INSERT INTO player_score VALUES('6391f0d02',31,'459eccb82','41300aaeb',262656,2680,1654036014,1654036014);
INSERT INTO player_score VALUES('55661177e',31,'459eccb82','49420d9a4',0,2281,1653655604,1653655604);
INSERT INTO player_score VALUES('632450dc9',31,'459eccb82','4afa279d5',21840,2772,1654024519,1654024519);
INSERT INTO player_score VALUES('63bf5d3db',31,'459eccb82','6364b058b',19116,2742,1654040777,1654040777);
INSERT INTO player_score VALUES('63517676c',31,'45cee24c0','146785b3a',23698,2712,1654029253,1654029253);
INSERT INTO player_score VALUES('4cde5d253',31,'45cee24c0','1f3aa950e',37884,2090,1653426626,1653426626);
INSERT INTO player_score VALUES('5dec6d8cd',31,'45cee24c0','2260a8c04',170800,2484,1653884441,1653884441);
INSERT INTO player_score VALUES('6392bde77',31,'45cee24c0','28916fe15',12750,2581,1654036098,1654036098);
INSERT INTO player_score VALUES('5cd2b1894',31,'45cee24c0','2ad6f584d',7200,2490,1653854899,1653854899);
INSERT INTO player_score VALUES('62ad2c5c6',31,'45cee24c0','3daa9734c',41440,2644,1654012026,1654012026);
INSERT INTO player_score VALUES('6212beace',31,'45cee24c0','41300aaeb',77280,2565,1653995833,1653995833);
INSERT INTO player_score VALUES('54abae9d6',31,'45cee24c0','49420d9a4',635544,2140,1653636060,1653636060);
INSERT INTO player_score VALUES('57d61391d',31,'45cee24c0','5465a75f6',497904,2331,1653721036,1653721036);
INSERT INTO player_score VALUES('63bed215f',31,'45cee24c0','6364b058b',6804,2722,1654040720,1654040720);
INSERT INTO player_score VALUES('5ea1d38a0',31,'45dc01ac8','146785b3a',84960,2532,1653903462,1653903462);
INSERT INTO player_score VALUES('4c0d147d7',31,'45dc01ac8','1f3aa950e',90402,2049,1653404681,1653404681);
INSERT INTO player_score VALUES('634f894c4',31,'45dc01ac8','2260a8c04',106020,2697,1654029051,1654029051);
INSERT INTO player_score VALUES('632fb1708',31,'45dc01ac8','28916fe15',78100,2563,1654025712,1654025712);
INSERT INTO player_score VALUES('60fc9b10c',31,'45dc01ac8','2ad6f584d',211519,2687,1653966668,1653966668);
INSERT INTO player_score VALUES('63bc8a953',31,'45dc01ac8','3daa9734c',154380,2718,1654040481,1654040481);
INSERT INTO player_score VALUES('608eacf5a',31,'45dc01ac8','41300aaeb',210800,2446,1653955141,1653955141);
INSERT INTO player_score VALUES('553af650b',31,'45dc01ac8','49420d9a4',100800,2255,1653651084,1653651084);
INSERT INTO player_score VALUES('627d0f76a',31,'45dc01ac8','4afa279d5',4536,2695,1654006981,1654006981);
INSERT INTO player_score VALUES('580bd354f',31,'45dc01ac8','5465a75f6',10584,2470,1653726672,1653726672);
INSERT INTO player_score VALUES('63bde5424',31,'45dc01ac8','6364b058b',456192,2697,1654040623,1654040623);
INSERT INTO player_score VALUES('621dd8761',31,'4645c74e8','146785b3a',183300,2662,1653996997,1653996997);
INSERT INTO player_score VALUES('40f9126e2',31,'4645c74e8','1f3aa950e',8512,1553,1653107304,1653107304);
INSERT INTO player_score VALUES('5f51153f7',31,'4645c74e8','2260a8c04',142994,2538,1653921839,1653921839);
INSERT INTO player_score VALUES('632b4bf3a',31,'4645c74e8','28916fe15',162400,2562,1654025251,1654025251);
INSERT INTO player_score VALUES('62e0abf51',31,'4645c74e8','2ad6f584d',257520,2786,1654017426,1654017426);
INSERT INTO player_score VALUES('62dfc8e8c',31,'4645c74e8','3daa9734c',0,2659,1654017333,1654017333);
INSERT INTO player_score VALUES('6325c3f1c',31,'4645c74e8','41300aaeb',11160,2642,1654024671,1654024671);
INSERT INTO player_score VALUES('554e21863',31,'4645c74e8','49420d9a4',376376,2270,1653653094,1653653094);
INSERT INTO player_score VALUES('620040c77',31,'4645c74e8','4afa279d5',329460,2643,1653993894,1653993894);
INSERT INTO player_score VALUES('58095b035',31,'4645c74e8','5465a75f6',347200,2465,1653726413,1653726413);
INSERT INTO player_score VALUES('63c5b9a64',31,'4645c74e8','6364b058b',107136,2912,1654041444,1654041444);
INSERT INTO player_score VALUES('6163a8e57',31,'46844f9cc','146785b3a',184704,2638,1653977474,1653977474);
INSERT INTO player_score VALUES('4f5ad144c',31,'46844f9cc','1f3aa950e',3400,2209,1653493363,1653493363);
INSERT INTO player_score VALUES('5eb49d1b0',31,'46844f9cc','2260a8c04',129960,2507,1653905432,1653905432);
INSERT INTO player_score VALUES('60f7ddaf6',31,'46844f9cc','28916fe15',226730,2463,1653966171,1653966171);
INSERT INTO player_score VALUES('5a89ae588',31,'46844f9cc','2ad6f584d',58320,2383,1653793556,1653793556);
INSERT INTO player_score VALUES('62d0fe4c4',31,'46844f9cc','3daa9734c',342705,2656,1654015782,1654015782);
INSERT INTO player_score VALUES('555b016cc',31,'46844f9cc','49420d9a4',283500,2279,1653654444,1653654444);
INSERT INTO player_score VALUES('63aa81e1f',31,'46844f9cc','4afa279d5',102600,2836,1654038590,1654038590);
INSERT INTO player_score VALUES('57e14f8c6',31,'46844f9cc','5465a75f6',3388,2360,1653722214,1653722214);
INSERT INTO player_score VALUES('63c6a40af',31,'46844f9cc','6364b058b',14196,2938,1654041540,1654041540);
INSERT INTO player_score VALUES('636117efd',31,'4705dbaca','146785b3a',67900,2716,1654030892,1654030892);
INSERT INTO player_score VALUES('4f222b51b',31,'4705dbaca','1f3aa950e',381060,2196,1653487423,1653487423);
INSERT INTO player_score VALUES('615eb8414',31,'4705dbaca','2260a8c04',8370,2619,1653976956,1653976956);
INSERT INTO player_score VALUES('63afbbc77',31,'4705dbaca','28916fe15',12393,2584,1654039138,1654039138);
INSERT INTO player_score VALUES('63027d2ef',31,'4705dbaca','2ad6f584d',85536,2795,1654020972,1654020972);
INSERT INTO player_score VALUES('62557e14e',31,'4705dbaca','3daa9734c',221760,2615,1654002832,1654002832);
INSERT INTO player_score VALUES('5fd829559',31,'4705dbaca','41300aaeb',720,2393,1653936003,1653936003);
INSERT INTO player_score VALUES('542e12de1',31,'4705dbaca','49420d9a4',176364,2042,1653622889,1653622889);
INSERT INTO player_score VALUES('6353501a1',31,'4705dbaca','4afa279d5',120768,2802,1654029447,1654029447);
INSERT INTO player_score VALUES('57eb493f2',31,'4705dbaca','5465a75f6',164395,2383,1653723260,1653723260);
INSERT INTO player_score VALUES('63c50c508',31,'4705dbaca','6364b058b',462,2894,1654041373,1654041373);
INSERT INTO player_score VALUES('5a5f39354',31,'47101e9fc','146785b3a',112266,2387,1653789104,1653789104);
INSERT INTO player_score VALUES('4ed4e97c8',31,'47101e9fc','1f3aa950e',56400,2184,1653479322,1653479322);
INSERT INTO player_score VALUES('6268e1773',31,'47101e9fc','2260a8c04',284690,2660,1654004865,1654004865);
INSERT INTO player_score VALUES('5d6a9f945',31,'47101e9fc','28916fe15',68324,2323,1653870830,1653870830);
INSERT INTO player_score VALUES('6297ea78a',31,'47101e9fc','2ad6f584d',262072,2771,1654009797,1654009797);
INSERT INTO player_score VALUES('620e62f2d',31,'47101e9fc','3daa9734c',48750,2598,1653995376,1653995376);
INSERT INTO player_score VALUES('62dde3120',31,'47101e9fc','41300aaeb',57970,2628,1654017134,1654017134);
INSERT INTO player_score VALUES('54705d127',31,'47101e9fc','49420d9a4',463050,2094,1653629840,1653629840);
INSERT INTO player_score VALUES('607f7e42c',31,'47101e9fc','4afa279d5',16800,2475,1653953549,1653953549);
INSERT INTO player_score VALUES('580543a28',31,'47101e9fc','5465a75f6',0,2455,1653725984,1653725984);
INSERT INTO player_score VALUES('63c44903f',31,'47101e9fc','6364b058b',6510,2871,1654041293,1654041293);
INSERT INTO player_score VALUES('5c5e1dc69',31,'4712bb911','146785b3a',464520,2457,1653842675,1653842675);
INSERT INTO player_score VALUES('4e9390faf',31,'4712bb911','1f3aa950e',97284,2167,1653472470,1653472470);
INSERT INTO player_score VALUES('63b97fc75',31,'4712bb911','2260a8c04',13950,2710,1654040162,1654040162);
INSERT INTO player_score VALUES('6228dc4b2',31,'4712bb911','28916fe15',655578,2507,1653998152,1653998152);
INSERT INTO player_score VALUES('5f62f6e48',31,'4712bb911','2ad6f584d',51100,2624,1653923714,1653923714);
INSERT INTO player_score VALUES('605fb77e8',31,'4712bb911','3daa9734c',6696,2468,1653950217,1653950217);
INSERT INTO player_score VALUES('6346d1df1',31,'4712bb911','41300aaeb',5695,2652,1654028137,1654028137);
INSERT INTO player_score VALUES('54ed505ea',31,'4712bb911','49420d9a4',103680,2193,1653642942,1653642942);
INSERT INTO player_score VALUES('6301d2463',31,'4712bb911','4afa279d5',534000,2757,1654020902,1654020902);
INSERT INTO player_score VALUES('57ef19ce2',31,'4712bb911','5465a75f6',29928,2397,1653723660,1653723660);
INSERT INTO player_score VALUES('63c3f38ca',31,'4712bb911','6364b058b',14580,2859,1654041258,1654041258);
INSERT INTO player_score VALUES('5cffe83bb',31,'471b55b84','146785b3a',161535,2481,1653859640,1653859640);
INSERT INTO player_score VALUES('4a27425d5',31,'471b55b84','1f3aa950e',223146,1970,1653353739,1653353739);
INSERT INTO player_score VALUES('62d7c61ea',31,'471b55b84','2ad6f584d',204750,2783,1654016493,1654016493);
INSERT INTO player_score VALUES('633d0b6b6',31,'471b55b84','3daa9734c',333494,2681,1654027112,1654027112);
INSERT INTO player_score VALUES('5436e79b8',31,'471b55b84','49420d9a4',27880,2050,1653623815,1653623815);
INSERT INTO player_score VALUES('629c2673b',31,'471b55b84','4afa279d5',13248,2710,1654010241,1654010241);
INSERT INTO player_score VALUES('57fa61ff4',31,'471b55b84','5465a75f6',52920,2431,1653724843,1653724843);
INSERT INTO player_score VALUES('63c6b78de',31,'471b55b84','6364b058b',2520,2942,1654041548,1654041548);
INSERT INTO player_score VALUES('630fd2448',31,'47adb9523','146785b3a',330188,2706,1654022370,1654022370);
INSERT INTO player_score VALUES('4faf242f4',31,'47adb9523','1f3aa950e',53505,2223,1653502205,1653502205);
INSERT INTO player_score VALUES('632263adb',31,'47adb9523','2260a8c04',398268,2690,1654024317,1654024317);
INSERT INTO player_score VALUES('601e66490',31,'47adb9523','28916fe15',101088,2435,1653943368,1653943368);
INSERT INTO player_score VALUES('62871a458',31,'47adb9523','2ad6f584d',0,2768,1654008034,1654008034);
INSERT INTO player_score VALUES('625b7b47d',31,'47adb9523','3daa9734c',16575,2617,1654003460,1654003460);
INSERT INTO player_score VALUES('630ba00f8',31,'47adb9523','41300aaeb',20400,2636,1654021930,1654021930);
INSERT INTO player_score VALUES('54e0050cc',31,'47adb9523','49420d9a4',124476,2185,1653641548,1653641548);
INSERT INTO player_score VALUES('581328c19',31,'47adb9523','5465a75f6',153062,2495,1653727441,1653727441);
INSERT INTO player_score VALUES('63c6389e8',31,'47adb9523','6364b058b',32250,2922,1654041496,1654041496);
INSERT INTO player_score VALUES('62e84aa58',31,'4817b98ce','146785b3a',158400,2695,1654018225,1654018225);
INSERT INTO player_score VALUES('4ef0436e6',31,'4817b98ce','1f3aa950e',33264,2188,1653482190,1653482190);
INSERT INTO player_score VALUES('6150012af',31,'4817b98ce','2260a8c04',98280,2616,1653975413,1653975413);
INSERT INTO player_score VALUES('5671f2223',31,'4817b98ce','28916fe15',267900,2038,1653683693,1653683693);
INSERT INTO player_score VALUES('61f0eafe5',31,'4817b98ce','2ad6f584d',118712,2742,1653992286,1653992286);
INSERT INTO player_score VALUES('62d4d14b1',31,'4817b98ce','41300aaeb',3920,2624,1654016183,1654016183);
INSERT INTO player_score VALUES('53f7fda74',31,'4817b98ce','49420d9a4',104082,2001,1653617218,1653617218);
INSERT INTO player_score VALUES('6312593d9',31,'4817b98ce','4afa279d5',307500,2766,1654022635,1654022635);
INSERT INTO player_score VALUES('57f84dc3f',31,'4817b98ce','5465a75f6',2482,2424,1653724625,1653724625);
INSERT INTO player_score VALUES('63c064e75',31,'4817b98ce','6364b058b',396000,2769,1654040885,1654040885);
INSERT INTO player_score VALUES('61c6d2a66',31,'481b434e8','146785b3a',257715,2651,1653987872,1653987872);
INSERT INTO player_score VALUES('4d0f53518',31,'481b434e8','1f3aa950e',370443,2094,1653431760,1653431760);
INSERT INTO player_score VALUES('5eb498389',31,'481b434e8','2260a8c04',324392,2506,1653905430,1653905430);
INSERT INTO player_score VALUES('62f8662bb',31,'481b434e8','28916fe15',41990,2555,1654019914,1654019914);
INSERT INTO player_score VALUES('62fef8507',31,'481b434e8','2ad6f584d',0,2793,1654020603,1654020603);
INSERT INTO player_score VALUES('62bebd6e2',31,'481b434e8','3daa9734c',176220,2647,1654013868,1654013868);
INSERT INTO player_score VALUES('60c6bb8be',31,'481b434e8','41300aaeb',7920,2458,1653961019,1653961019);
INSERT INTO player_score VALUES('55282f30c',31,'481b434e8','49420d9a4',104788,2240,1653649115,1653649115);
INSERT INTO player_score VALUES('6273d1c1d',31,'481b434e8','4afa279d5',40698,2688,1654006012,1654006012);
INSERT INTO player_score VALUES('58138cdfb',31,'481b434e8','5465a75f6',97090,2497,1653727482,1653727482);
INSERT INTO player_score VALUES('6110f9e52',31,'4937a60bc','146785b3a',14784,2620,1653968804,1653968804);
INSERT INTO player_score VALUES('4f54bba90',31,'4937a60bc','1f3aa950e',19200,2208,1653492725,1653492725);
INSERT INTO player_score VALUES('615d64e19',31,'4937a60bc','2260a8c04',86100,2618,1653976817,1653976817);
INSERT INTO player_score VALUES('62e1bd633',31,'4937a60bc','28916fe15',51744,2549,1654017538,1654017538);
INSERT INTO player_score VALUES('5dd853111',31,'4937a60bc','2ad6f584d',720480,2541,1653882333,1653882333);
INSERT INTO player_score VALUES('6342dcaad',31,'4937a60bc','41300aaeb',215832,2650,1654027722,1654027722);
INSERT INTO player_score VALUES('5527cd843',31,'4937a60bc','49420d9a4',322873,2239,1653649075,1653649075);
INSERT INTO player_score VALUES('60ff92557',31,'4937a60bc','4afa279d5',111264,2529,1653966979,1653966979);
INSERT INTO player_score VALUES('5794d1015',31,'4937a60bc','5465a75f6',169884,2157,1653714193,1653714193);
INSERT INTO player_score VALUES('63c32b5f2',31,'4937a60bc','6364b058b',13728,2843,1654041176,1654041176);
INSERT INTO player_score VALUES('63a525d41',31,'493f053c5','146785b3a',334486,2730,1654038028,1654038028);
INSERT INTO player_score VALUES('4f85f3c28',31,'493f053c5','1f3aa950e',63840,2217,1653497886,1653497886);
INSERT INTO player_score VALUES('62c857f03',31,'493f053c5','2260a8c04',373065,2676,1654014875,1654014875);
INSERT INTO player_score VALUES('61ddff422',31,'493f053c5','2ad6f584d',349920,2737,1653990302,1653990302);
INSERT INTO player_score VALUES('6359179a4',31,'493f053c5','3daa9734c',40920,2689,1654030053,1654030053);
INSERT INTO player_score VALUES('634fc177e',31,'493f053c5','41300aaeb',1276,2655,1654029074,1654029074);
INSERT INTO player_score VALUES('54e42b113',31,'493f053c5','49420d9a4',1920,2190,1653641983,1653641983);
INSERT INTO player_score VALUES('615ec9538',31,'493f053c5','4afa279d5',384750,2574,1653976963,1653976963);
INSERT INTO player_score VALUES('5813ec16b',31,'493f053c5','5465a75f6',8541,2500,1653727521,1653727521);
INSERT INTO player_score VALUES('63c6f2299',31,'493f053c5','6364b058b',547274,2953,1654041572,1654041572);
INSERT INTO player_score VALUES('61f492114',31,'4ab0f0f14','146785b3a',8990,2655,1653992669,1653992669);
INSERT INTO player_score VALUES('5dbc09d7b',31,'4ab0f0f14','2260a8c04',133950,2473,1653879367,1653879367);
INSERT INTO player_score VALUES('60a9e9a00',31,'4ab0f0f14','28916fe15',387903,2453,1653957997,1653957997);
INSERT INTO player_score VALUES('631a2b350',31,'4ab0f0f14','2ad6f584d',55488,2800,1654023455,1654023455);
INSERT INTO player_score VALUES('61f92fb70',31,'4ab0f0f14','3daa9734c',146816,2593,1653993153,1653993153);
INSERT INTO player_score VALUES('6392882fb',31,'4ab0f0f14','41300aaeb',67284,2681,1654036076,1654036076);
INSERT INTO player_score VALUES('54d122042',31,'4ab0f0f14','49420d9a4',174018,2175,1653639987,1653639987);
INSERT INTO player_score VALUES('62ebb4a9a',31,'4ab0f0f14','4afa279d5',220248,2748,1654018583,1654018583);
INSERT INTO player_score VALUES('57efb12db',31,'4ab0f0f14','5465a75f6',936,2401,1653723722,1653723722);
INSERT INTO player_score VALUES('63c3d644f',31,'4ab0f0f14','6364b058b',21675,2855,1654041246,1654041246);
INSERT INTO player_score VALUES('6292f281e',31,'4b601cb4f','146785b3a',77760,2679,1654009276,1654009276);
INSERT INTO player_score VALUES('4fd1411ab',31,'4b601cb4f','1f3aa950e',196560,2229,1653505782,1653505782);
INSERT INTO player_score VALUES('5e6693150',31,'4b601cb4f','2260a8c04',33165,2498,1653897249,1653897249);
INSERT INTO player_score VALUES('5e0ad24fa',31,'4b601cb4f','28916fe15',69597,2344,1653887628,1653887628);
INSERT INTO player_score VALUES('61736a1a4',31,'4b601cb4f','2ad6f584d',76096,2715,1653979126,1653979126);
INSERT INTO player_score VALUES('638bc7aab',31,'4b601cb4f','3daa9734c',77748,2707,1654035368,1654035368);
INSERT INTO player_score VALUES('63253b389',31,'4b601cb4f','41300aaeb',5670,2641,1654024615,1654024615);
INSERT INTO player_score VALUES('5505193da',31,'4b601cb4f','49420d9a4',236288,2208,1653645436,1653645436);
INSERT INTO player_score VALUES('625417324',31,'4b601cb4f','4afa279d5',76328,2671,1654002685,1654002685);
INSERT INTO player_score VALUES('57bd6ef7a',31,'4b601cb4f','5465a75f6',986,2267,1653718452,1653718452);
INSERT INTO player_score VALUES('63b799f1c',31,'4b601cb4f','6364b058b',12600,2501,1654039963,1654039963);
INSERT INTO player_score VALUES('62fca229e',31,'4b89cc136','2260a8c04',162864,2684,1654020358,1654020358);
INSERT INTO player_score VALUES('6124dc3ab',31,'4b89cc136','28916fe15',465102,2471,1653970889,1653970889);
INSERT INTO player_score VALUES('630144aeb',31,'4b89cc136','2ad6f584d',276390,2794,1654020844,1654020844);
INSERT INTO player_score VALUES('6305ffa0a',31,'4b89cc136','3daa9734c',27900,2669,1654021340,1654021340);
INSERT INTO player_score VALUES('5eccdd9c7',31,'4b89cc136','41300aaeb',84630,2309,1653907975,1653907975);
INSERT INTO player_score VALUES('55117a32a',31,'4b89cc136','49420d9a4',168960,2218,1653646734,1653646734);
INSERT INTO player_score VALUES('60bd1c2e0',31,'4b89cc136','4afa279d5',108640,2502,1653960010,1653960010);
INSERT INTO player_score VALUES('5809bf194',31,'4b89cc136','5465a75f6',162000,2466,1653726454,1653726454);
INSERT INTO player_score VALUES('63c0def9b',31,'4b89cc136','6364b058b',12375,2777,1654040935,1654040935);
INSERT INTO player_score VALUES('4ed969d49',31,'4beb174d5','1f3aa950e',53802,2186,1653479794,1653479794);
INSERT INTO player_score VALUES('6391dfb8d',31,'4beb174d5','2260a8c04',19320,2705,1654036007,1654036007);
INSERT INTO player_score VALUES('61084277b',31,'4beb174d5','28916fe15',179550,2467,1653967890,1653967890);
INSERT INTO player_score VALUES('62d942fc4',31,'4beb174d5','2ad6f584d',20202,2784,1654016649,1654016649);
INSERT INTO player_score VALUES('62c23fdf1',31,'4beb174d5','3daa9734c',230,2650,1654014236,1654014236);
INSERT INTO player_score VALUES('554d85495',31,'4beb174d5','49420d9a4',244720,2268,1653653030,1653653030);
INSERT INTO player_score VALUES('61d6741ad',31,'4beb174d5','4afa279d5',40404,2621,1653989511,1653989511);
INSERT INTO player_score VALUES('57ce1cfc5',31,'4beb174d5','5465a75f6',662607,2310,1653720201,1653720201);
INSERT INTO player_score VALUES('63c6ed458',31,'4beb174d5','6364b058b',14490,2952,1654041570,1654041570);
INSERT INTO player_score VALUES('5a9e3b8fd',31,'4c0c6c050','146785b3a',39360,2397,1653795711,1653795711);
INSERT INTO player_score VALUES('4f46e04bb',31,'4c0c6c050','1f3aa950e',241740,2203,1653491272,1653491272);
INSERT INTO player_score VALUES('6128faeb9',31,'4c0c6c050','2260a8c04',86751,2606,1653971321,1653971321);
INSERT INTO player_score VALUES('6286177cc',31,'4c0c6c050','28916fe15',618772,2531,1654007928,1654007928);
INSERT INTO player_score VALUES('613bbf9e1',31,'4c0c6c050','2ad6f584d',20358,2705,1653973289,1653973289);
INSERT INTO player_score VALUES('636df2f33',31,'4c0c6c050','3daa9734c',216720,2693,1654032240,1654032240);
INSERT INTO player_score VALUES('627592f45',31,'4c0c6c050','41300aaeb',19716,2600,1654006196,1654006196);
INSERT INTO player_score VALUES('5556f1627',31,'4c0c6c050','49420d9a4',390915,2274,1653654018,1653654018);
INSERT INTO player_score VALUES('6345b9169',31,'4c0c6c050','4afa279d5',112914,2799,1654028022,1654028022);
INSERT INTO player_score VALUES('57e3af747',31,'4c0c6c050','5465a75f6',95760,2365,1653722463,1653722463);
INSERT INTO player_score VALUES('63bef923d',31,'4c0c6c050','6364b058b',198450,2731,1654040736,1654040736);
INSERT INTO player_score VALUES('6299e647f',31,'4c0ccdb14','146785b3a',122688,2680,1654010005,1654010005);
INSERT INTO player_score VALUES('477633708',31,'4c0ccdb14','1f3aa950e',145080,1854,1653281486,1653281486);
INSERT INTO player_score VALUES('6231c9729',31,'4c0ccdb14','2260a8c04',36860,2651,1653999088,1653999088);
INSERT INTO player_score VALUES('605526675',31,'4c0ccdb14','28916fe15',100492,2440,1653949109,1653949109);
INSERT INTO player_score VALUES('63c1f06c7',31,'4c0ccdb14','2ad6f584d',24885,2829,1654041047,1654041047);
INSERT INTO player_score VALUES('62cbf2c89',31,'4c0ccdb14','3daa9734c',487008,2651,1654015253,1654015253);
INSERT INTO player_score VALUES('53785288f',31,'4c0ccdb14','49420d9a4',357588,1916,1653603831,1653603831);
INSERT INTO player_score VALUES('62992cbd8',31,'4c0ccdb14','4afa279d5',214830,2708,1654009929,1654009929);
INSERT INTO player_score VALUES('57d09ca26',31,'4c0ccdb14','5465a75f6',4697,2315,1653720463,1653720463);
INSERT INTO player_score VALUES('63c2b89a9',31,'4c0ccdb14','6364b058b',812,2829,1654041129,1654041129);
INSERT INTO player_score VALUES('60545952d',31,'4cf83cad8','146785b3a',3800,2594,1653949025,1653949025);
INSERT INTO player_score VALUES('6226b96ab',31,'4cf83cad8','2260a8c04',212628,2648,1653997928,1653997928);
INSERT INTO player_score VALUES('5eff16099',31,'4cf83cad8','28916fe15',57330,2392,1653913241,1653913241);
INSERT INTO player_score VALUES('5c5dbc1fa',31,'4cf83cad8','2ad6f584d',171100,2470,1653842635,1653842635);
INSERT INTO player_score VALUES('6269f2e2a',31,'4cf83cad8','3daa9734c',551025,2625,1654004977,1654004977);
INSERT INTO player_score VALUES('553f93f5b',31,'4cf83cad8','49420d9a4',40600,2258,1653651568,1653651568);
INSERT INTO player_score VALUES('62a689255',31,'4cf83cad8','4afa279d5',242536,2714,1654011330,1654011330);
INSERT INTO player_score VALUES('57980a384',31,'4cf83cad8','5465a75f6',323136,2166,1653714531,1653714531);
INSERT INTO player_score VALUES('63c2d1064',31,'4cf83cad8','6364b058b',99372,2832,1654041139,1654041139);
INSERT INTO player_score VALUES('622b1ee6e',31,'4d3660e0f','146785b3a',26208,2665,1653998389,1653998389);
INSERT INTO player_score VALUES('4df967a44',31,'4d3660e0f','1f3aa950e',41040,2142,1653456305,1653456305);
INSERT INTO player_score VALUES('584203684',31,'4d3660e0f','2260a8c04',30798,2238,1653732354,1653732354);
INSERT INTO player_score VALUES('63a33ffaa',31,'4d3660e0f','2ad6f584d',36720,2825,1654037829,1654037829);
INSERT INTO player_score VALUES('62667cac4',31,'4d3660e0f','3daa9734c',15210,2623,1654004614,1654004614);
INSERT INTO player_score VALUES('638d46f71',31,'4d3660e0f','41300aaeb',18928,2677,1654035525,1654035525);
INSERT INTO player_score VALUES('554da7783',31,'4d3660e0f','49420d9a4',61446,2269,1653653044,1653653044);
INSERT INTO player_score VALUES('6358ee149',31,'4d3660e0f','4afa279d5',8742,2805,1654030036,1654030036);
INSERT INTO player_score VALUES('57ebc0de7',31,'4d3660e0f','5465a75f6',21663,2384,1653723309,1653723309);
INSERT INTO player_score VALUES('63c55f563',31,'4d3660e0f','6364b058b',498432,2902,1654041407,1654041407);
INSERT INTO player_score VALUES('62dcf3cfc',31,'4d42f5184','146785b3a',2511,2691,1654017036,1654017036);
INSERT INTO player_score VALUES('4ec4eb413',31,'4d42f5184','1f3aa950e',75790,2180,1653477645,1653477645);
INSERT INTO player_score VALUES('602078176',31,'4d42f5184','2260a8c04',45264,2572,1653943585,1653943585);
INSERT INTO player_score VALUES('627263888',31,'4d42f5184','28916fe15',329406,2527,1654005862,1654005862);
INSERT INTO player_score VALUES('545839e08',31,'4d42f5184','49420d9a4',137700,2073,1653627309,1653627309);
INSERT INTO player_score VALUES('62d6fb7be',31,'4d42f5184','4afa279d5',94395,2738,1654016410,1654016410);
INSERT INTO player_score VALUES('5803da50d',31,'4d42f5184','5465a75f6',744,2452,1653725836,1653725836);
INSERT INTO player_score VALUES('63c12d1ca',31,'4d42f5184','6364b058b',51120,2792,1654040967,1654040967);
INSERT INTO player_score VALUES('62dd2715b',31,'4e03e79fb','146785b3a',457856,2692,1654017057,1654017057);
INSERT INTO player_score VALUES('4f87d2423',31,'4e03e79fb','1f3aa950e',144480,2218,1653498082,1653498082);
INSERT INTO player_score VALUES('59f470c86',31,'4e03e79fb','2260a8c04',91476,2319,1653777907,1653777907);
INSERT INTO player_score VALUES('5f6d2b32e',31,'4e03e79fb','28916fe15',54900,2411,1653924784,1653924784);
INSERT INTO player_score VALUES('5d5de1d8e',31,'4e03e79fb','2ad6f584d',3770,2515,1653869494,1653869494);
INSERT INTO player_score VALUES('6002553d5',31,'4e03e79fb','3daa9734c',128800,2441,1653940425,1653940425);
INSERT INTO player_score VALUES('61ab7d8fb',31,'4e03e79fb','41300aaeb',32760,2537,1653985006,1653985006);
INSERT INTO player_score VALUES('548ac5542',31,'4e03e79fb','49420d9a4',36000,2116,1653632609,1653632609);
INSERT INTO player_score VALUES('63bac4786',31,'4e03e79fb','4afa279d5',378300,2843,1654040295,1654040295);
INSERT INTO player_score VALUES('57fbe1490',31,'4e03e79fb','5465a75f6',150156,2437,1653725000,1653725000);
INSERT INTO player_score VALUES('63c6c1554',31,'4e03e79fb','6364b058b',8800,2944,1654041552,1654041552);
INSERT INTO player_score VALUES('4e388e9f5',31,'4e7867db0','1f3aa950e',56960,2150,1653462927,1653462927);
INSERT INTO player_score VALUES('629da8357',31,'4e7867db0','2260a8c04',9568,2668,1654010399,1654010399);
INSERT INTO player_score VALUES('5ff8bd2db',31,'4e7867db0','28916fe15',43648,2427,1653939419,1653939419);
INSERT INTO player_score VALUES('59ada1564',31,'4e7867db0','2ad6f584d',61005,2337,1653770482,1653770482);
INSERT INTO player_score VALUES('636eb645f',31,'4e7867db0','3daa9734c',14040,2694,1654032320,1654032320);
INSERT INTO player_score VALUES('63009c3d2',31,'4e7867db0','41300aaeb',7259,2634,1654020775,1654020775);
INSERT INTO player_score VALUES('54c16344f',31,'4e7867db0','49420d9a4',660,2163,1653638336,1653638336);
INSERT INTO player_score VALUES('638666b4b',31,'4e7867db0','4afa279d5',13156,2822,1654034804,1654034804);
INSERT INTO player_score VALUES('57f4e3bc2',31,'4e7867db0','5465a75f6',26068,2420,1653724267,1653724267);
INSERT INTO player_score VALUES('63c3a2fd9',31,'4e7867db0','6364b058b',748440,2853,1654041225,1654041225);
INSERT INTO player_score VALUES('61c3a5a61',31,'4ebb5cf6d','146785b3a',36736,2650,1653987539,1653987539);
INSERT INTO player_score VALUES('498b3a825',31,'4ebb5cf6d','1f3aa950e',372300,1942,1653337378,1653337378);
INSERT INTO player_score VALUES('626a9dc83',31,'4ebb5cf6d','2260a8c04',6360,2661,1654005047,1654005047);
INSERT INTO player_score VALUES('628a67019',31,'4ebb5cf6d','28916fe15',40565,2532,1654008380,1654008380);
INSERT INTO player_score VALUES('60282085d',31,'4ebb5cf6d','2ad6f584d',44352,2658,1653944388,1653944388);
INSERT INTO player_score VALUES('6206677c3',31,'4ebb5cf6d','3daa9734c',60000,2595,1653994539,1653994539);
INSERT INTO player_score VALUES('63a9c8584',31,'4ebb5cf6d','41300aaeb',2958,2686,1654038514,1654038514);
INSERT INTO player_score VALUES('554c6c856',31,'4ebb5cf6d','49420d9a4',105456,2266,1653652915,1653652915);
INSERT INTO player_score VALUES('6154c0fb1',31,'4ebb5cf6d','4afa279d5',176055,2569,1653975911,1653975911);
INSERT INTO player_score VALUES('63c208d53',31,'4ebb5cf6d','6364b058b',69696,2813,1654041057,1654041057);
INSERT INTO player_score VALUES('62e1546c9',31,'4f4240394','146785b3a',573804,2693,1654017495,1654017495);
INSERT INTO player_score VALUES('63a0834ac',31,'4f4240394','28916fe15',2304,2582,1654037542,1654037542);
INSERT INTO player_score VALUES('632b1b206',31,'4f4240394','2ad6f584d',119064,2803,1654025231,1654025231);
INSERT INTO player_score VALUES('63a4f28a9',31,'4f4240394','3daa9734c',236964,2710,1654038007,1654038007);
INSERT INTO player_score VALUES('62839082c',31,'4f4240394','41300aaeb',22638,2604,1654007663,1654007663);
INSERT INTO player_score VALUES('54391e042',31,'4f4240394','49420d9a4',131600,2051,1653624047,1653624047);
INSERT INTO player_score VALUES('634195861',31,'4f4240394','4afa279d5',328348,2797,1654027588,1654027588);
INSERT INTO player_score VALUES('57da4f889',31,'4f4240394','5465a75f6',19200,2345,1653721480,1653721480);
INSERT INTO player_score VALUES('63bf92f3c',31,'4f4240394','6364b058b',528,2749,1654040799,1654040799);
INSERT INTO player_score VALUES('633cc22ee',31,'4f4e1fc3d','146785b3a',32886,2710,1654027082,1654027082);
INSERT INTO player_score VALUES('4e6a23805',31,'4f4e1fc3d','1f3aa950e',84196,2162,1653468126,1653468126);
INSERT INTO player_score VALUES('551997d2a',31,'4f4e1fc3d','2260a8c04',171864,2100,1653647585,1653647585);
INSERT INTO player_score VALUES('6360263b3',31,'4f4e1fc3d','28916fe15',85162,2572,1654030793,1654030793);
INSERT INTO player_score VALUES('6277bf9e1',31,'4f4e1fc3d','2ad6f584d',21216,2763,1654006424,1654006424);
INSERT INTO player_score VALUES('62651d18b',31,'4f4e1fc3d','3daa9734c',3864,2621,1654004470,1654004470);
INSERT INTO player_score VALUES('637cd5fe9',31,'4f4e1fc3d','41300aaeb',60112,2674,1654033801,1654033801);
INSERT INTO player_score VALUES('54b770e1b',31,'4f4e1fc3d','49420d9a4',126936,2152,1653637293,1653637293);
INSERT INTO player_score VALUES('5fd2c37f9',31,'4f4e1fc3d','4afa279d5',343200,2395,1653935437,1653935437);
INSERT INTO player_score VALUES('57ff29258',31,'4f4e1fc3d','5465a75f6',0,2446,1653725344,1653725344);
INSERT INTO player_score VALUES('63bd5a1bc',31,'4f4e1fc3d','6364b058b',13662,2678,1654040566,1654040566);
INSERT INTO player_score VALUES('639d9d189',31,'502a0345f','146785b3a',99180,2728,1654037238,1654037238);
INSERT INTO player_score VALUES('584cc2db5',31,'502a0345f','2260a8c04',149760,2242,1653733481,1653733481);
INSERT INTO player_score VALUES('62ddea63f',31,'502a0345f','28916fe15',9086,2548,1654017137,1654017137);
INSERT INTO player_score VALUES('5f5aafc05',31,'502a0345f','2ad6f584d',20976,2622,1653922846,1653922846);
INSERT INTO player_score VALUES('62ffb6baa',31,'502a0345f','3daa9734c',296148,2667,1654020681,1654020681);
INSERT INTO player_score VALUES('631a8a6a7',31,'502a0345f','41300aaeb',58968,2640,1654023494,1654023494);
INSERT INTO player_score VALUES('551809dec',31,'502a0345f','49420d9a4',16320,2224,1653647422,1653647422);
INSERT INTO player_score VALUES('63b6182e8',31,'502a0345f','4afa279d5',18400,2839,1654039805,1654039805);
INSERT INTO player_score VALUES('58107ab9c',31,'502a0345f','5465a75f6',117238,2487,1653727160,1653727160);
INSERT INTO player_score VALUES('614fae28f',31,'502d30401','2260a8c04',0,2615,1653975379,1653975379);
INSERT INTO player_score VALUES('6158dd396',31,'502d30401','28916fe15',44820,2478,1653976342,1653976342);
INSERT INTO player_score VALUES('60b268ea7',31,'502d30401','2ad6f584d',48,2678,1653958888,1653958888);
INSERT INTO player_score VALUES('595dec0e0',31,'502d30401','3daa9734c',24948,1978,1653762124,1653762124);
INSERT INTO player_score VALUES('63303f0da',31,'502d30401','41300aaeb',30856,2643,1654025770,1654025770);
INSERT INTO player_score VALUES('6398b3c78',31,'502d30401','4afa279d5',92742,2829,1654036723,1654036723);
INSERT INTO player_score VALUES('5813e7311',31,'502d30401','5465a75f6',37740,2499,1653727519,1653727519);
INSERT INTO player_score VALUES('63c675a42',31,'502d30401','6364b058b',71344,2933,1654041521,1654041521);
INSERT INTO player_score VALUES('6383a798d',31,'511d2bcb8','146785b3a',115200,2722,1654034516,1654034516);
INSERT INTO player_score VALUES('601f04f98',31,'511d2bcb8','2260a8c04',222712,2571,1653943433,1653943433);
INSERT INTO player_score VALUES('5e7a310bb',31,'511d2bcb8','28916fe15',62790,2367,1653899306,1653899306);
INSERT INTO player_score VALUES('5fb84f0a4',31,'511d2bcb8','2ad6f584d',46004,2639,1653932663,1653932663);
INSERT INTO player_score VALUES('6108f4ae3',31,'511d2bcb8','3daa9734c',178450,2534,1653967963,1653967963);
INSERT INTO player_score VALUES('5d48bfaf8',31,'511d2bcb8','41300aaeb',44096,2196,1653867278,1653867278);
INSERT INTO player_score VALUES('6325dc5ca',31,'511d2bcb8','4afa279d5',421848,2773,1654024681,1654024681);
INSERT INTO player_score VALUES('63bf1670f',31,'511d2bcb8','6364b058b',219912,2737,1654040748,1654040748);
INSERT INTO player_score VALUES('63460739a',31,'51d8a4f8c','146785b3a',289476,2711,1654028054,1654028054);
INSERT INTO player_score VALUES('5e71c54a0',31,'51d8a4f8c','2260a8c04',390600,2500,1653898423,1653898423);
INSERT INTO player_score VALUES('628520e74',31,'51d8a4f8c','28916fe15',177390,2530,1654007827,1654007827);
INSERT INTO player_score VALUES('6364f4b36',31,'51d8a4f8c','2ad6f584d',324,2812,1654031297,1654031297);
INSERT INTO player_score VALUES('63aaa8f4c',31,'51d8a4f8c','3daa9734c',571802,2713,1654038606,1654038606);
INSERT INTO player_score VALUES('61e7ef360',31,'51d8a4f8c','41300aaeb',273141,2557,1653991344,1653991344);
INSERT INTO player_score VALUES('554c87633',31,'51d8a4f8c','49420d9a4',440,2267,1653652926,1653652926);
INSERT INTO player_score VALUES('6308b01a8',31,'51d8a4f8c','4afa279d5',15498,2761,1654021622,1654021622);
INSERT INTO player_score VALUES('57dd07587',31,'51d8a4f8c','5465a75f6',3740,2351,1653721765,1653721765);
INSERT INTO player_score VALUES('63c49e763',31,'51d8a4f8c','6364b058b',117312,2881,1654041328,1654041328);
INSERT INTO player_score VALUES('5f7d5a42e',31,'51f8f6e5f','146785b3a',212544,2561,1653926481,1653926481);
INSERT INTO player_score VALUES('5ec43e8fa',31,'51f8f6e5f','2260a8c04',76590,2509,1653907071,1653907071);
INSERT INTO player_score VALUES('60669a307',31,'51f8f6e5f','28916fe15',4200,2444,1653950939,1653950939);
INSERT INTO player_score VALUES('633e1f4eb',31,'51f8f6e5f','2ad6f584d',24700,2806,1654027225,1654027225);
INSERT INTO player_score VALUES('5ccd99cfe',31,'51f8f6e5f','3daa9734c',6171,2217,1653854365,1653854365);
INSERT INTO player_score VALUES('63c2c745a',31,'51f8f6e5f','41300aaeb',48960,2693,1654041135,1654041135);
INSERT INTO player_score VALUES('54cffd0cf',31,'51f8f6e5f','49420d9a4',12636,2173,1653639867,1653639867);
INSERT INTO player_score VALUES('632ab97b5',31,'51f8f6e5f','4afa279d5',17160,2780,1654025191,1654025191);
INSERT INTO player_score VALUES('57ef7b76c',31,'51f8f6e5f','5465a75f6',9600,2399,1653723700,1653723700);
INSERT INTO player_score VALUES('63a5bfa19',31,'51ff6bbbc','146785b3a',274500,2731,1654038091,1654038091);
INSERT INTO player_score VALUES('638c1aaae',31,'51ff6bbbc','2260a8c04',10450,2704,1654035402,1654035402);
INSERT INTO player_score VALUES('5bd78ffb8',31,'51ff6bbbc','28916fe15',2415,2258,1653828566,1653828566);
INSERT INTO player_score VALUES('61344f500',31,'51ff6bbbc','3daa9734c',16632,2544,1653972509,1653972509);
INSERT INTO player_score VALUES('637264a79',31,'51ff6bbbc','41300aaeb',2940,2668,1654032706,1654032706);
INSERT INTO player_score VALUES('540b1ca8f',31,'51ff6bbbc','49420d9a4',1188,2018,1653619223,1653619223);
INSERT INTO player_score VALUES('627f48545',31,'51ff6bbbc','4afa279d5',244052,2697,1654007214,1654007214);
INSERT INTO player_score VALUES('580a6038e',31,'51ff6bbbc','5465a75f6',7920,2468,1653726520,1653726520);
INSERT INTO player_score VALUES('63c60558d',31,'51ff6bbbc','6364b058b',467285,2917,1654041475,1654041475);
INSERT INTO player_score VALUES('618b663c5',31,'539decfe9','146785b3a',120960,2643,1653981641,1653981641);
INSERT INTO player_score VALUES('603d2f25d',31,'539decfe9','28916fe15',9450,2437,1653946596,1653946596);
INSERT INTO player_score VALUES('5ff3ffcd9',31,'539decfe9','2ad6f584d',12690,2646,1653938922,1653938922);
INSERT INTO player_score VALUES('60decdac7',31,'539decfe9','3daa9734c',13580,2520,1653963543,1653963543);
INSERT INTO player_score VALUES('63aa14078',31,'539decfe9','41300aaeb',37202,2687,1654038545,1654038545);
INSERT INTO player_score VALUES('54b339c77',31,'539decfe9','49420d9a4',32208,2148,1653636851,1653636851);
INSERT INTO player_score VALUES('632639248',31,'539decfe9','4afa279d5',334950,2774,1654024719,1654024719);
INSERT INTO player_score VALUES('58127689f',31,'539decfe9','5465a75f6',46240,2490,1653727368,1653727368);
INSERT INTO player_score VALUES('63c3e9c93',31,'539decfe9','6364b058b',66528,2857,1654041254,1654041254);
INSERT INTO player_score VALUES('61170d13d',31,'5440d78b0','146785b3a',71344,2621,1653969441,1653969441);
INSERT INTO player_score VALUES('62002d443',31,'5440d78b0','2260a8c04',271002,2644,1653993886,1653993886);
INSERT INTO player_score VALUES('5c4b0fd84',31,'5440d78b0','28916fe15',220150,2278,1653840677,1653840677);
INSERT INTO player_score VALUES('632619642',31,'5440d78b0','2ad6f584d',274164,2802,1654024706,1654024706);
INSERT INTO player_score VALUES('622dc0bea',31,'5440d78b0','3daa9734c',49786,2605,1653998665,1653998665);
INSERT INTO player_score VALUES('5fc0432c0',31,'5440d78b0','41300aaeb',111186,2385,1653933497,1653933497);
INSERT INTO player_score VALUES('54ec9bb46',31,'5440d78b0','49420d9a4',335426,2192,1653642868,1653642868);
INSERT INTO player_score VALUES('6247e712a',31,'5440d78b0','4afa279d5',172980,2667,1654001407,1654001407);
INSERT INTO player_score VALUES('57dedc174',31,'5440d78b0','5465a75f6',152985,2353,1653721957,1653721957);
INSERT INTO player_score VALUES('63b987192',31,'5440d78b0','6364b058b',44226,2556,1654040165,1654040165);
INSERT INTO player_score VALUES('637e7507a',31,'557383d86','146785b3a',3610,2718,1654033971,1654033971);
INSERT INTO player_score VALUES('5ff008305',31,'557383d86','2260a8c04',92225,2562,1653938506,1653938506);
INSERT INTO player_score VALUES('59222ca7a',31,'557383d86','28916fe15',198198,2143,1653755859,1653755859);
INSERT INTO player_score VALUES('636b2c82b',31,'557383d86','2ad6f584d',59831,2814,1654031949,1654031949);
INSERT INTO player_score VALUES('611638aba',31,'557383d86','41300aaeb',257950,2484,1653969354,1653969354);
INSERT INTO player_score VALUES('57fe4613b',31,'557383d86','5465a75f6',131376,2443,1653725251,1653725251);
INSERT INTO player_score VALUES('63c455376',31,'557383d86','6364b058b',27264,2873,1654041298,1654041298);
INSERT INTO player_score VALUES('5c6ec4770',31,'55f001fa3','146785b3a',151704,2460,1653844421,1653844421);
INSERT INTO player_score VALUES('61a56cd2f',31,'55f001fa3','2260a8c04',20500,2630,1653984370,1653984370);
INSERT INTO player_score VALUES('62e8e4702',31,'55f001fa3','28916fe15',124098,2552,1654018288,1654018288);
INSERT INTO player_score VALUES('60263d1ea',31,'55f001fa3','2ad6f584d',390716,2657,1653944190,1653944190);
INSERT INTO player_score VALUES('637d0461a',31,'55f001fa3','3daa9734c',9216,2702,1654033820,1654033820);
INSERT INTO player_score VALUES('623d1682b',31,'55f001fa3','41300aaeb',44880,2578,1654000273,1654000273);
INSERT INTO player_score VALUES('6027c6353',31,'55f001fa3','4afa279d5',11520,2440,1653944351,1653944351);
INSERT INTO player_score VALUES('57fd6f412',31,'55f001fa3','5465a75f6',40194,2441,1653725163,1653725163);
INSERT INTO player_score VALUES('63c21026c',31,'55f001fa3','6364b058b',20904,2814,1654041060,1654041060);
INSERT INTO player_score VALUES('63ad4370e',31,'560bc004e','146785b3a',105600,2732,1654038879,1654038879);
INSERT INTO player_score VALUES('618d18cbc',31,'560bc004e','2260a8c04',2093,2628,1653981819,1653981819);
INSERT INTO player_score VALUES('62ac8657b',31,'560bc004e','2ad6f584d',61200,2776,1654011958,1654011958);
INSERT INTO player_score VALUES('631426ab5',31,'560bc004e','3daa9734c',19800,2673,1654022824,1654022824);
INSERT INTO player_score VALUES('602296109',31,'560bc004e','41300aaeb',4032,2414,1653943807,1653943807);
INSERT INTO player_score VALUES('62e073cdf',31,'560bc004e','4afa279d5',210630,2744,1654017403,1654017403);
INSERT INTO player_score VALUES('5814a0bba',31,'560bc004e','5465a75f6',114240,2501,1653727595,1653727595);
INSERT INTO player_score VALUES('63c5a8909',31,'560bc004e','6364b058b',6650,2910,1654041437,1654041437);
INSERT INTO player_score VALUES('5dba351b2',31,'561076126','146785b3a',87464,2504,1653879175,1653879175);
INSERT INTO player_score VALUES('5fdeaf42b',31,'561076126','2260a8c04',127452,2557,1653936687,1653936687);
INSERT INTO player_score VALUES('5d58f614f',31,'561076126','28916fe15',32472,2319,1653868978,1653868978);
INSERT INTO player_score VALUES('6176ad0db',31,'561076126','2ad6f584d',71928,2716,1653979468,1653979468);
INSERT INTO player_score VALUES('61d04614e',31,'561076126','3daa9734c',175440,2580,1653988863,1653988863);
INSERT INTO player_score VALUES('62ebd1f65',31,'561076126','41300aaeb',31920,2630,1654018595,1654018595);
INSERT INTO player_score VALUES('61c444548',31,'561076126','4afa279d5',36540,2612,1653987604,1653987604);
INSERT INTO player_score VALUES('580729794',31,'561076126','5465a75f6',31213,2461,1653726183,1653726183);
INSERT INTO player_score VALUES('63c5bc1b7',31,'561076126','6364b058b',265356,2914,1654041445,1654041445);
INSERT INTO player_score VALUES('62bde4232',31,'571759df4','146785b3a',8480,2685,1654013779,1654013779);
INSERT INTO player_score VALUES('5901cc12d',31,'571759df4','28916fe15',44268,2129,1653752464,1653752464);
INSERT INTO player_score VALUES('61335d9c2',31,'571759df4','2ad6f584d',110360,2703,1653972410,1653972410);
INSERT INTO player_score VALUES('634c242be',31,'571759df4','3daa9734c',90750,2688,1654028695,1654028695);
INSERT INTO player_score VALUES('6383cea8f',31,'571759df4','41300aaeb',48000,2675,1654034532,1654034532);
INSERT INTO player_score VALUES('5ec61d194',31,'571759df4','4afa279d5',294000,2282,1653907267,1653907267);
INSERT INTO player_score VALUES('57eb0c342',31,'571759df4','5465a75f6',165600,2381,1653723235,1653723235);
INSERT INTO player_score VALUES('63c3749c8',31,'571759df4','6364b058b',4020,2848,1654041206,1654041206);
INSERT INTO player_score VALUES('62c97a742',31,'57d0a8d82','146785b3a',21750,2686,1654014994,1654014994);
INSERT INTO player_score VALUES('5ae10c0fa',31,'57d0a8d82','2260a8c04',607662,2359,1653802717,1653802717);
INSERT INTO player_score VALUES('5b878c90a',31,'57d0a8d82','28916fe15',255000,2247,1653820176,1653820176);
INSERT INTO player_score VALUES('5f0f6c2e1',31,'57d0a8d82','2ad6f584d',16704,2614,1653914954,1653914954);
INSERT INTO player_score VALUES('5ff1f2e73',31,'57d0a8d82','3daa9734c',0,2435,1653938707,1653938707);
INSERT INTO player_score VALUES('6356909dd',31,'57d0a8d82','41300aaeb',20384,2659,1654029788,1654029788);
INSERT INTO player_score VALUES('62ce997bc',31,'57d0a8d82','4afa279d5',2052,2736,1654015531,1654015531);
INSERT INTO player_score VALUES('580e9273f',31,'57d0a8d82','5465a75f6',63147,2479,1653726960,1653726960);
INSERT INTO player_score VALUES('63c53ab6b',31,'57d0a8d82','6364b058b',10560,2900,1654041392,1654041392);
INSERT INTO player_score VALUES('60825f90c',31,'592b2ae2a','2260a8c04',702525,2590,1653953851,1653953851);
INSERT INTO player_score VALUES('5eab0ecf0',31,'592b2ae2a','2ad6f584d',0,2587,1653904430,1653904430);
INSERT INTO player_score VALUES('61cb4ba54',31,'592b2ae2a','3daa9734c',14742,2579,1653988341,1653988341);
INSERT INTO player_score VALUES('61465320f',31,'592b2ae2a','41300aaeb',106704,2503,1653974398,1653974398);
INSERT INTO player_score VALUES('602692931',31,'592b2ae2a','4afa279d5',43011,2439,1653944225,1653944225);
INSERT INTO player_score VALUES('63c48fce9',31,'592b2ae2a','6364b058b',2898,2878,1654041322,1654041322);
INSERT INTO player_score VALUES('5f04266d1',31,'598a1ffd0','146785b3a',184140,2545,1653913772,1653913772);
INSERT INTO player_score VALUES('602d83ee9',31,'598a1ffd0','2260a8c04',24700,2576,1653944953,1653944953);
INSERT INTO player_score VALUES('635a2695c',31,'598a1ffd0','28916fe15',2728,2571,1654030164,1654030164);
INSERT INTO player_score VALUES('61d8aa835',31,'598a1ffd0','3daa9734c',152736,2583,1653989743,1653989743);
INSERT INTO player_score VALUES('60fabc891',31,'598a1ffd0','41300aaeb',22678,2470,1653966472,1653966472);
INSERT INTO player_score VALUES('63bb484f8',31,'598a1ffd0','6364b058b',336420,2614,1654040349,1654040349);
INSERT INTO player_score VALUES('639f5bdf1',31,'5a7750348','146785b3a',125952,2729,1654037421,1654037421);
INSERT INTO player_score VALUES('62e61b920',31,'5a7750348','28916fe15',11172,2551,1654017996,1654017996);
INSERT INTO player_score VALUES('5b272bbb0',31,'5a7750348','2ad6f584d',34398,2410,1653810070,1653810070);
INSERT INTO player_score VALUES('63afb204e',31,'5a7750348','3daa9734c',3690,2716,1654039134,1654039134);
INSERT INTO player_score VALUES('60af2ad81',31,'5a7750348','41300aaeb',310420,2453,1653958548,1653958548);
INSERT INTO player_score VALUES('632f17a11',31,'5a7750348','4afa279d5',16872,2784,1654025649,1654025649);
INSERT INTO player_score VALUES('63c6585a1',31,'5a7750348','6364b058b',186000,2927,1654041509,1654041509);
INSERT INTO player_score VALUES('5b97a3392',31,'5d0982b9a','146785b3a',62582,2427,1653821863,1653821863);
INSERT INTO player_score VALUES('6358f0876',31,'5d0982b9a','2260a8c04',171360,2699,1654030037,1654030037);
INSERT INTO player_score VALUES('614ab3b99',31,'5d0982b9a','28916fe15',8064,2476,1653974857,1653974857);
INSERT INTO player_score VALUES('611245f27',31,'5d0982b9a','2ad6f584d',414960,2696,1653968940,1653968940);
INSERT INTO player_score VALUES('6103df678',31,'5d0982b9a','3daa9734c',8004,2533,1653967430,1653967430);
INSERT INTO player_score VALUES('623ffa43e',31,'5d0982b9a','41300aaeb',51984,2580,1654000576,1654000576);
INSERT INTO player_score VALUES('6145182d4',31,'5d0982b9a','4afa279d5',2431,2564,1653974269,1653974269);
INSERT INTO player_score VALUES('63bb4d365',31,'5d0982b9a','6364b058b',299376,2615,1654040351,1654040351);
INSERT INTO player_score VALUES('60b39c87f',31,'5d2c12640','146785b3a',2268,2602,1653959014,1653959014);
INSERT INTO player_score VALUES('60a6b5524',31,'5d2c12640','28916fe15',697728,2452,1653957661,1653957661);
INSERT INTO player_score VALUES('5ddfb99a5',31,'5d2c12640','2ad6f584d',17550,2543,1653883109,1653883109);
INSERT INTO player_score VALUES('61b8fc299',31,'5d2c12640','3daa9734c',601128,2573,1653986421,1653986421);
INSERT INTO player_score VALUES('60bcda419',31,'5d2c12640','41300aaeb',438480,2456,1653959983,1653959983);
INSERT INTO player_score VALUES('631dd7249',31,'5d2c12640','4afa279d5',41366,2771,1654023840,1654023840);
INSERT INTO player_score VALUES('63c675a43',31,'5d2c12640','6364b058b',73632,2931,1654041521,1654041521);
INSERT INTO player_score VALUES('5cac31936',31,'5ddac8f27','146785b3a',3420,2468,1653850862,1653850862);
INSERT INTO player_score VALUES('61ef5d0b6',31,'5ddac8f27','2260a8c04',324870,2640,1653992123,1653992123);
INSERT INTO player_score VALUES('60eb1d869',31,'5ddac8f27','2ad6f584d',29946,2684,1653964834,1653964834);
INSERT INTO player_score VALUES('631a09070',31,'5ddac8f27','3daa9734c',28968,2675,1654023441,1654023441);
INSERT INTO player_score VALUES('62ae4c745',31,'5ddac8f27','41300aaeb',19440,2613,1654012144,1654012144);
INSERT INTO player_score VALUES('63bf0556a',31,'5ddac8f27','6364b058b',445544,2735,1654040741,1654040741);
INSERT INTO player_score VALUES('5494fc132',31,'5ea19dd64','146785b3a',150350,2200,1653633680,1653633680);
INSERT INTO player_score VALUES('635103b88',31,'5ea19dd64','2260a8c04',4712,2698,1654029206,1654029206);
INSERT INTO player_score VALUES('633830be6',31,'5ea19dd64','2ad6f584d',6844,2805,1654026603,1654026603);
INSERT INTO player_score VALUES('625428489',31,'5ea19dd64','3daa9734c',123256,2614,1654002692,1654002692);
INSERT INTO player_score VALUES('621ab05ca',31,'5ea19dd64','41300aaeb',17940,2569,1653996666,1653996666);
INSERT INTO player_score VALUES('631753ab6',31,'5ea19dd64','4afa279d5',123310,2767,1654023157,1654023157);
INSERT INTO player_score VALUES('63c6b9ff3',31,'5ea19dd64','6364b058b',93220,2943,1654041549,1654041549);
INSERT INTO player_score VALUES('52ca901cc',31,'5efdb198f','146785b3a',43401,2138,1653585611,1653585611);
INSERT INTO player_score VALUES('6017c5851',31,'5efdb198f','2260a8c04',46860,2567,1653942673,1653942673);
INSERT INTO player_score VALUES('57f6c4b0b',31,'5efdb198f','28916fe15',90068,2090,1653724464,1653724464);
INSERT INTO player_score VALUES('5c4db1ac0',31,'5efdb198f','2ad6f584d',5292,2468,1653840953,1653840953);
INSERT INTO player_score VALUES('5de81b97d',31,'5efdb198f','3daa9734c',560660,2289,1653883988,1653883988);
INSERT INTO player_score VALUES('6333ed6c6',31,'5efdb198f','41300aaeb',60060,2645,1654026156,1654026156);
INSERT INTO player_score VALUES('63c67817e',31,'5efdb198f','6364b058b',117124,2934,1654041522,1654041522);
INSERT INTO player_score VALUES('60f40d20d',31,'5f8098572','146785b3a',14256,2614,1653965771,1653965771);
INSERT INTO player_score VALUES('52c1b40c7',31,'5f8098572','2260a8c04',159048,2018,1653584682,1653584682);
INSERT INTO player_score VALUES('61c52c441',31,'5f8098572','28916fe15',6966,2490,1653987699,1653987699);
INSERT INTO player_score VALUES('62f06f9b9',31,'5f8098572','2ad6f584d',156750,2789,1654019079,1654019079);
INSERT INTO player_score VALUES('639fac751',31,'5f8098572','3daa9734c',2793,2708,1654037454,1654037454);
INSERT INTO player_score VALUES('63a8f17f5',31,'5f8098572','41300aaeb',107406,2685,1654038426,1654038426);
INSERT INTO player_score VALUES('63c25211b',31,'5f8098572','4afa279d5',177450,2846,1654041087,1654041087);
INSERT INTO player_score VALUES('63c6d26d8',31,'5f8098572','6364b058b',14652,2947,1654041559,1654041559);
INSERT INTO player_score VALUES('61efed1b1',31,'5feac6f43','146785b3a',28080,2654,1653992182,1653992182);
INSERT INTO player_score VALUES('62f344b2e',31,'5feac6f43','2260a8c04',48708,2683,1654019376,1654019376);
INSERT INTO player_score VALUES('6357d073d',31,'5feac6f43','28916fe15',15840,2570,1654029919,1654029919);
INSERT INTO player_score VALUES('5fb6f93f0',31,'5feac6f43','2ad6f584d',201600,2638,1653932523,1653932523);
INSERT INTO player_score VALUES('628b75ff5',31,'5feac6f43','3daa9734c',18000,2633,1654008491,1654008491);
INSERT INTO player_score VALUES('6371c383c',31,'5feac6f43','41300aaeb',75852,2667,1654032640,1654032640);
INSERT INTO player_score VALUES('6207e1e7b',31,'5feac6f43','4afa279d5',83790,2647,1653994694,1653994694);
INSERT INTO player_score VALUES('63c1bf9a1',31,'5feac6f43','6364b058b',74256,2810,1654041027,1654041027);
INSERT INTO player_score VALUES('63809573d',31,'603c69658','146785b3a',17080,2720,1654034194,1654034194);
INSERT INTO player_score VALUES('5c35ae389',31,'603c69658','2260a8c04',23205,2413,1653838435,1653838435);
INSERT INTO player_score VALUES('62b3e58fc',31,'603c69658','3daa9734c',795522,2646,1654012731,1654012731);
INSERT INTO player_score VALUES('62bd604f1',31,'603c69658','41300aaeb',25010,2619,1654013725,1654013725);
INSERT INTO player_score VALUES('62effcdc1',31,'603c69658','4afa279d5',179200,2750,1654019032,1654019032);
INSERT INTO player_score VALUES('63c3dd972',31,'603c69658','6364b058b',76500,2856,1654041249,1654041249);
INSERT INTO player_score VALUES('60e20bbd6',31,'6100ed044','146785b3a',65780,2610,1653963883,1653963883);
INSERT INTO player_score VALUES('62929d0d1',31,'6100ed044','2260a8c04',14896,2666,1654009241,1654009241);
INSERT INTO player_score VALUES('61089f3d5',31,'6100ed044','2ad6f584d',38998,2691,1653967928,1653967928);
INSERT INTO player_score VALUES('623725885',31,'6100ed044','3daa9734c',70616,2609,1653999650,1653999650);
INSERT INTO player_score VALUES('61e1d7252',31,'6100ed044','41300aaeb',170016,2555,1653990705,1653990705);
INSERT INTO player_score VALUES('63c2b89aa',31,'6100ed044','6364b058b',170520,2828,1654041129,1654041129);
INSERT INTO player_score VALUES('5fa10ee49',31,'61783fe78','146785b3a',28512,2566,1653930225,1653930225);
INSERT INTO player_score VALUES('5e7625e43',31,'61783fe78','2260a8c04',119510,2501,1653898882,1653898882);
INSERT INTO player_score VALUES('619cdc728',31,'61783fe78','28916fe15',0,2485,1653983472,1653983472);
INSERT INTO player_score VALUES('5f0b091f8',31,'61783fe78','2ad6f584d',273000,2612,1653914494,1653914494);
INSERT INTO player_score VALUES('6373f0287',31,'61783fe78','3daa9734c',194184,2697,1654032868,1654032868);
INSERT INTO player_score VALUES('605c9e08f',31,'61783fe78','41300aaeb',212040,2430,1653949892,1653949892);
INSERT INTO player_score VALUES('62bb843f8',31,'61783fe78','4afa279d5',0,2728,1654013530,1654013530);
INSERT INTO player_score VALUES('6300cf815',31,'619dfef99','146785b3a',3458,2702,1654020796,1654020796);
INSERT INTO player_score VALUES('62dacc0bd',31,'619dfef99','2260a8c04',148410,2681,1654016810,1654016810);
INSERT INTO player_score VALUES('5d8aa0f00',31,'619dfef99','28916fe15',497154,2326,1653874186,1653874186);
INSERT INTO player_score VALUES('5e0c763ab',31,'619dfef99','2ad6f584d',39440,2548,1653887800,1653887800);
INSERT INTO player_score VALUES('6344f5ca6',31,'619dfef99','41300aaeb',891,2651,1654027942,1654027942);
INSERT INTO player_score VALUES('62d738863',31,'619dfef99','4afa279d5',99792,2739,1654016435,1654016435);
INSERT INTO player_score VALUES('63c509ded',31,'619dfef99','6364b058b',43470,2893,1654041372,1654041372);
INSERT INTO player_score VALUES('60cbe1ea8',31,'6226fdc9a','146785b3a',86508,2604,1653961559,1653961559);
INSERT INTO player_score VALUES('63abeb333',31,'6226fdc9a','2260a8c04',0,2707,1654038738,1654038738);
INSERT INTO player_score VALUES('6390e1d38',31,'6226fdc9a','2ad6f584d',50589,2818,1654035903,1654035903);
INSERT INTO player_score VALUES('638ab15a9',31,'6226fdc9a','3daa9734c',299956,2706,1654035254,1654035254);
INSERT INTO player_score VALUES('604e26684',31,'6226fdc9a','41300aaeb',74260,2423,1653948375,1653948375);
INSERT INTO player_score VALUES('6392b692b',31,'6226fdc9a','4afa279d5',0,2827,1654036095,1654036095);
INSERT INTO player_score VALUES('63c63b0ce',31,'6226fdc9a','6364b058b',14400,2924,1654041497,1654041497);
INSERT INTO player_score VALUES('60e9ca2d8',31,'62e8916f6','146785b3a',64512,2612,1653964695,1653964695);
INSERT INTO player_score VALUES('62fd482f6',31,'62e8916f6','2260a8c04',396000,2685,1654020426,1654020426);
INSERT INTO player_score VALUES('6369d927c',31,'62e8916f6','28916fe15',383229,2576,1654031810,1654031810);
INSERT INTO player_score VALUES('605998185',31,'62e8916f6','2ad6f584d',242692,2665,1653949575,1653949575);
INSERT INTO player_score VALUES('6081c5c06',31,'62e8916f6','3daa9734c',173264,2483,1653953788,1653953788);
INSERT INTO player_score VALUES('638e5fbbf',31,'62e8916f6','41300aaeb',247940,2678,1654035640,1654035640);
INSERT INTO player_score VALUES('6370d6b2b',31,'62e8916f6','4afa279d5',569778,2813,1654032543,1654032543);
INSERT INTO player_score VALUES('63bea8930',31,'62e8916f6','6364b058b',29835,2717,1654040703,1654040703);
INSERT INTO player_score VALUES('639b38528',31,'d020f20a','146785b3a',49856,2726,1654036987,1654036987);
INSERT INTO player_score VALUES('4fa8e030e',31,'d020f20a','1f3aa950e',469812,2222,1653501548,1653501548);
INSERT INTO player_score VALUES('5ccda1251',31,'d020f20a','2260a8c04',10080,2435,1653854368,1653854368);
INSERT INTO player_score VALUES('54bc750e8',31,'d020f20a','28916fe15',8556,1971,1653637819,1653637819);
INSERT INTO player_score VALUES('626ad860a',31,'d020f20a','2ad6f584d',208320,2759,1654005071,1654005071);
INSERT INTO player_score VALUES('3b6c97d64',31,'d020f20a','324412193',13260,1205,1652958356,1652958356);
INSERT INTO player_score VALUES('6112410c2',31,'d020f20a','3daa9734c',80668,2535,1653968938,1653968938);
INSERT INTO player_score VALUES('55229af42',31,'d020f20a','49420d9a4',27156,2233,1653648530,1653648530);
INSERT INTO player_score VALUES('57b8e4d97',31,'d020f20a','5465a75f6',141764,2255,1653717976,1653717976);
INSERT INTO player_score VALUES('63c14586a',31,'d020f20a','6364b058b',490875,2795,1654040977,1654040977);
INSERT INTO player_score VALUES('632a2be15',31,'e0eb7fb2','146785b3a',33605,2709,1654025133,1654025133);
INSERT INTO player_score VALUES('49a2e1365',31,'e0eb7fb2','1f3aa950e',66000,1948,1653339858,1653339858);
INSERT INTO player_score VALUES('610d68d31',31,'e0eb7fb2','2260a8c04',34560,2604,1653968430,1653968430);
INSERT INTO player_score VALUES('623fce4f9',31,'e0eb7fb2','28916fe15',9540,2515,1654000558,1654000558);
INSERT INTO player_score VALUES('619e19d57',31,'e0eb7fb2','2ad6f584d',198288,2725,1653983602,1653983602);
INSERT INTO player_score VALUES('3abac5638',31,'e0eb7fb2','324412193',483600,1115,1652939710,1652939710);
INSERT INTO player_score VALUES('62cf138d8',31,'e0eb7fb2','3daa9734c',108000,2654,1654015581,1654015581);
INSERT INTO player_score VALUES('63c131fc7',31,'e0eb7fb2','41300aaeb',3264,2692,1654040969,1654040969);
INSERT INTO player_score VALUES('543f6472b',31,'e0eb7fb2','49420d9a4',7120,2058,1653624705,1653624705);
INSERT INTO player_score VALUES('632885855',31,'e0eb7fb2','4afa279d5',50730,2777,1654024960,1654024960);
INSERT INTO player_score VALUES('581339db4',31,'e0eb7fb2','5465a75f6',2272,2496,1653727448,1653727448);
INSERT INTO player_score VALUES('63c11c078',31,'e0eb7fb2','6364b058b',234960,2788,1654040960,1654040960);
INSERT INTO player_score VALUES('5eb7a5791',31,'e3417dd4','146785b3a',64512,2534,1653905750,1653905750);
INSERT INTO player_score VALUES('4ef6f7c19',31,'e3417dd4','1f3aa950e',404320,2190,1653482893,1653482893);
INSERT INTO player_score VALUES('6226e55e7',31,'e3417dd4','2260a8c04',176418,2649,1653997946,1653997946);
INSERT INTO player_score VALUES('633cb5f60',31,'e3417dd4','28916fe15',31248,2566,1654027077,1654027077);
INSERT INTO player_score VALUES('6117f5022',31,'e3417dd4','2ad6f584d',159720,2697,1653969536,1653969536);
INSERT INTO player_score VALUES('3ba78065a',31,'e3417dd4','324412193',60632,1242,1652964533,1652964533);
INSERT INTO player_score VALUES('63b116744',31,'e3417dd4','3daa9734c',365820,2717,1654039280,1654039280);
INSERT INTO player_score VALUES('62abd900e',31,'e3417dd4','41300aaeb',329220,2612,1654011887,1654011887);
INSERT INTO player_score VALUES('55539d556',31,'e3417dd4','49420d9a4',29986,2273,1653653669,1653653669);
INSERT INTO player_score VALUES('63c337919',31,'e3417dd4','6364b058b',154791,2845,1654041181,1654041181);
INSERT INTO player_score VALUES('63c17daf7',31,'f956433f','146785b3a',297000,2734,1654041000,1654041000);
INSERT INTO player_score VALUES('4e299f664',31,'f956433f','1f3aa950e',20,2147,1653461361,1653461361);
INSERT INTO player_score VALUES('63bc85b22',31,'f956433f','2260a8c04',223587,2712,1654040479,1654040479);
INSERT INTO player_score VALUES('60de1b747',31,'f956433f','28916fe15',169650,2458,1653963470,1653963470);
INSERT INTO player_score VALUES('5dc88815b',31,'f956433f','2ad6f584d',51200,2539,1653880677,1653880677);
INSERT INTO player_score VALUES('3ba6bd165',31,'f956433f','324412193',62416,1240,1652964453,1652964453);
INSERT INTO player_score VALUES('63394bf2f',31,'f956433f','3daa9734c',22040,2680,1654026719,1654026719);
INSERT INTO player_score VALUES('62b12b51c',31,'f956433f','41300aaeb',102225,2615,1654012445,1654012445);
INSERT INTO player_score VALUES('554584f36',31,'f956433f','49420d9a4',301840,2261,1653652191,1653652191);
INSERT INTO player_score VALUES('63620c127',31,'f956433f','4afa279d5',43946,2806,1654030992,1654030992);
INSERT INTO player_score VALUES('57f2927c3',31,'f956433f','5465a75f6',25024,2414,1653724024,1653724024);
INSERT INTO player_score VALUES('63c5950ba',31,'f956433f','6364b058b',66300,2908,1654041429,1654041429);
INSERT INTO player_score VALUES('625ddda04',31,'fff4c043','146785b3a',606056,2672,1654003710,1654003710);
INSERT INTO player_score VALUES('4d2d873f9',31,'fff4c043','1f3aa950e',76110,2100,1653434927,1653434927);
INSERT INTO player_score VALUES('62cdfacca',31,'fff4c043','2260a8c04',24080,2677,1654015466,1654015466);
INSERT INTO player_score VALUES('6202ddba6',31,'fff4c043','28916fe15',170880,2502,1653994168,1653994168);
INSERT INTO player_score VALUES('638064a06',31,'fff4c043','2ad6f584d',41160,2817,1654034174,1654034174);
INSERT INTO player_score VALUES('3b89def70',31,'fff4c043','324412193',107916,1227,1652961426,1652961426);
INSERT INTO player_score VALUES('627f4d33d',31,'fff4c043','41300aaeb',2542,2602,1654007216,1654007216);
INSERT INTO player_score VALUES('53e10930c',31,'fff4c043','49420d9a4',7380,1991,1653614811,1653614811);
INSERT INTO player_score VALUES('633704741',31,'fff4c043','4afa279d5',99144,2791,1654026480,1654026480);
INSERT INTO player_score VALUES('5812c2383',31,'fff4c043','5465a75f6',129010,2494,1653727399,1653727399);
INSERT INTO player_score VALUES('63c3ec3cd',31,'fff4c043','6364b058b',11928,2858,1654041255,1654041255);
COMMIT;
