
BEGIN;
CREATE TABLE IF NOT EXISTS competition (
  id VARCHAR(255) NOT NULL PRIMARY KEY,
  tenant_id BIGINT NOT NULL,
  title TEXT NOT NULL,
  finished_at BIGINT NULL,
  created_at BIGINT NOT NULL,
  updated_at BIGINT NOT NULL
);
INSERT INTO competition VALUES('12b8b3297',34,'シークワーサークラッシャーカップ',NULL,1651865751,1652264645);
INSERT INTO competition VALUES('2dc370da2',34,'第5回 中華風オレンジできた',NULL,1652591653,1653375085);
INSERT INTO competition VALUES('3ba8c78f8',34,'第8回 上腕二頭筋IS',NULL,1652964667,1653994427);
INSERT INTO competition VALUES('4d5ecb905',34,'システムポンカン出張所杯',NULL,1653440093,1653967999);
INSERT INTO competition VALUES('61e7185d8',34,'天然柿症候群',1654033618,1653991256,1654033618);
CREATE TABLE IF NOT EXISTS player (
  id VARCHAR(255) NOT NULL PRIMARY KEY,
  tenant_id BIGINT NOT NULL,
  display_name TEXT NOT NULL,
  is_disqualified BOOLEAN NOT NULL,
  created_at BIGINT NOT NULL,
  updated_at BIGINT NOT NULL
);
INSERT INTO player VALUES('f2c13c02',34,'Laurianne Farrell',0,1651770475,1651824842);
INSERT INTO player VALUES('f623c7f7',34,'Ms. Janelle Lang MD',0,1651776154,1653038166);
INSERT INTO player VALUES('f6cf7149',34,'Ms. Rosetta Reynolds Sr.',0,1651777279,1653222007);
INSERT INTO player VALUES('10819b627',34,'Claud Jacobi',0,1651806287,1652479290);
INSERT INTO player VALUES('1186af537',34,'Jessyca Vandervort',0,1651833663,1653379039);
INSERT INTO player VALUES('12e7b4dd0',34,'Stella Wolff PhD',0,1651870680,1653251585);
INSERT INTO player VALUES('14efe3596',34,'Kari Cormier',0,1651925225,1653570180);
INSERT INTO player VALUES('15ba5f4e8',34,'Ms. Hettie Feest',0,1651946457,1653349480);
INSERT INTO player VALUES('1685c0bae',34,'Braeden Zieme DVM',0,1651967783,1652483073);
INSERT INTO player VALUES('16e1076f4',34,'Retta Friesen',0,1651977354,1652930817);
INSERT INTO player VALUES('1770a2203',34,'Mr. Raheem Dibbert I',0,1651992412,1652072117);
INSERT INTO player VALUES('18537217e',34,'Abbigail Gibson',0,1652016195,1652127915);
INSERT INTO player VALUES('189023335',34,'Ms. Retta Dicki',0,1652022559,1653889347);
INSERT INTO player VALUES('189ae038f',34,'Jefferey DuBuque II',0,1652023685,1652315297);
INSERT INTO player VALUES('18dd20ac2',34,'Citlalli Schultz MD',0,1652030632,1652314733);
INSERT INTO player VALUES('1a396b46f',34,'Maryjane Wolf II',0,1652067153,1653017922);
INSERT INTO player VALUES('1b18c76f5',34,'Ariel Raynor',0,1652090574,1653611458);
INSERT INTO player VALUES('1b3baa1d4',34,'Rita Jacobson',0,1652094232,1653855615);
INSERT INTO player VALUES('1c0f1cf86',34,'Reece Ward',0,1652116404,1653585836);
INSERT INTO player VALUES('1d247ad32',34,'Reece Adams',0,1652145488,1652321792);
INSERT INTO player VALUES('1ee647c0e',34,'Mr. Braden Upton V',0,1652192653,1652288681);
INSERT INTO player VALUES('1eec0309e',34,'Jammie Stamm',0,1652193254,1653636000);
INSERT INTO player VALUES('1fe4ac433',34,'Salma Beahan',0,1652219328,1653904359);
INSERT INTO player VALUES('2028587ca',34,'Keaton Lang',0,1652226424,1652307390);
INSERT INTO player VALUES('21394236b',34,'Ms. Ila Streich Jr.',1,1652255041,1653754234);
INSERT INTO player VALUES('21bf4e9b4',34,'Jovan Rippin',1,1652269097,1653913654);
INSERT INTO player VALUES('22e0e6597',34,'Camille Grant',0,1652299463,1652832094);
INSERT INTO player VALUES('234234071',34,'Ms. Henriette Huel',0,1652309666,1653318104);
INSERT INTO player VALUES('2371975cc',34,'Hal Kunde',0,1652314635,1653870748);
INSERT INTO player VALUES('2463b357d',34,'Blanche Block',0,1652340022,1653122025);
INSERT INTO player VALUES('250b82555',34,'Lesly Koelpin',0,1652357618,1652696404);
INSERT INTO player VALUES('26034af55',34,'Alisa Green',1,1652383600,1652486588);
INSERT INTO player VALUES('2696066aa',34,'Roma Marks DVM',0,1652398986,1653523465);
INSERT INTO player VALUES('276f1264b',34,'Raphaelle Jast II',0,1652421745,1653598927);
INSERT INTO player VALUES('283bc2494',34,'Sienna Mosciski',0,1652443208,1652773505);
INSERT INTO player VALUES('28e82ee98',34,'Lucas Bogan',0,1652461288,1653968821);
INSERT INTO player VALUES('2958165fa',34,'Vidal Heller',0,1652473022,1653735620);
INSERT INTO player VALUES('29a5227e8',34,'Benjamin Reichel',0,1652481101,1653289521);
INSERT INTO player VALUES('2a163b22b',34,'Cecelia Farrell',0,1652492960,1652979973);
INSERT INTO player VALUES('2ad2e579f',34,'Sydni Bauch',0,1652512743,1652627179);
INSERT INTO player VALUES('2bfc3ba25',34,'Ashleigh Johns DDS',0,1652543921,1652998350);
INSERT INTO player VALUES('2d4f32881',34,'Mr. Johnathon Wiegand',0,1652579464,1653608599);
INSERT INTO player VALUES('2fd58a68b',34,'Ms. Burdette Abbott III',0,1652647238,1652789879);
INSERT INTO player VALUES('30192f4bd',34,'Brett Bailey',0,1652654331,1653913171);
INSERT INTO player VALUES('30594f50f',34,'Twila Witting',0,1652661055,1652773439);
INSERT INTO player VALUES('3080cabee',34,'Mr. Juwan Torp V',0,1652665195,1653883562);
INSERT INTO player VALUES('30e032937',34,'Adam Pagac I',0,1652675199,1653088122);
INSERT INTO player VALUES('3123e88b0',34,'Santa Feeney',0,1652682299,1653594127);
INSERT INTO player VALUES('32d446945',34,'Fernando Schuppe',0,1652727636,1653472130);
INSERT INTO player VALUES('3335d14bb',34,'Kiley Cronin',0,1652737864,1652881216);
INSERT INTO player VALUES('34567ea6a',34,'Ms. Berniece Marks II',1,1652768134,1653378488);
INSERT INTO player VALUES('348f3f778',34,'Aaliyah Grimes',0,1652774085,1652995833);
INSERT INTO player VALUES('360cf4c28',34,'Kelsi Metz',0,1652814110,1653104610);
INSERT INTO player VALUES('363dd765d',34,'Laury Price',0,1652819236,1654000994);
INSERT INTO player VALUES('37e7db789',34,'Mr. Jaquan Yundt PhD',0,1652863907,1653737209);
INSERT INTO player VALUES('37f566430',34,'Kaia Bauch',0,1652865327,1653409729);
INSERT INTO player VALUES('380586aa9',34,'Norris Kunde',1,1652867018,1653811252);
INSERT INTO player VALUES('383ab3f4b',34,'Tristin Turcotte',0,1652872594,1653343515);
INSERT INTO player VALUES('38f4510b7',34,'Ms. Else Bergnaum MD',0,1652892057,1653031005);
INSERT INTO player VALUES('396206feb',34,'Ms. Helena Dare MD',1,1652903561,1653656526);
INSERT INTO player VALUES('3aee14253',34,'Cassidy McKenzie II',0,1652945090,1653927001);
INSERT INTO player VALUES('3af1cc4a9',34,'Mr. Myron Gottlieb',0,1652945480,1653936140);
INSERT INTO player VALUES('3af28f9ad',34,'Kylee Strosin MD',1,1652945560,1653156028);
INSERT INTO player VALUES('3b1306279',34,'Burdette Lueilwitz',0,1652948964,1653359200);
INSERT INTO player VALUES('3bded2ff6',34,'Doyle Pagac',0,1652970334,1652999822);
INSERT INTO player VALUES('3c3345ab1',34,'Mr. Enrique Moen DDS',1,1652979189,1653915057);
INSERT INTO player VALUES('3c432698d',34,'Filiberto Schneider',0,1652980854,1653284354);
INSERT INTO player VALUES('3ed997911',34,'Mr. Ford Schuster I',0,1653050316,1654040253);
INSERT INTO player VALUES('3f46854f5',34,'Adonis Robel',0,1653061738,1653398275);
INSERT INTO player VALUES('3fc161f34',34,'Ms. Alice Breitenberg',0,1653074621,1653701150);
INSERT INTO player VALUES('405fb1493',34,'Ms. Jewell Konopelski',0,1653091221,1653843288);
INSERT INTO player VALUES('40c99dfdb',34,'Bennie Bergnaum',0,1653102328,1653280043);
INSERT INTO player VALUES('40e03a8de',34,'Mr. Mallory Padberg IV',0,1653104699,1653789263);
INSERT INTO player VALUES('4109f3b4b',34,'Sheila Heaney',0,1653109074,1653955575);
INSERT INTO player VALUES('410a99b7c',34,'Dario Zieme',0,1653109142,1653346896);
INSERT INTO player VALUES('42a30f298',34,'Mr. Simeon Bernier DDS',1,1653151972,1653934837);
INSERT INTO player VALUES('42e32f2c8',34,'Ms. Oleta Dooley',0,1653158696,1653276427);
INSERT INTO player VALUES('42e4fc96e',34,'Mohammed Hintz',0,1653158885,1653969257);
INSERT INTO player VALUES('4450ed8c5',34,'Gregg Bergstrom',0,1653197047,1653879040);
INSERT INTO player VALUES('44ccef23e',34,'Ottis Pfeffer',0,1653210050,1653788832);
INSERT INTO player VALUES('451484582',34,'Krista Schimmel',0,1653217556,1653420517);
INSERT INTO player VALUES('46f532897',34,'Ms. Zoey Herman DVM',0,1653267959,1653918257);
INSERT INTO player VALUES('472a3b334',34,'Ms. Elda Tromp IV',0,1653273520,1653677157);
INSERT INTO player VALUES('4856f67e6',34,'Vito Lynch',0,1653305054,1653963191);
INSERT INTO player VALUES('49267b7f4',34,'Danial Hartmann',0,1653326814,1653703752);
INSERT INTO player VALUES('4ae6a210f',34,'Zena Johnson',0,1653373806,1653393851);
INSERT INTO player VALUES('4c410943a',34,'Mr. Demario Larson',0,1653410129,1653817501);
INSERT INTO player VALUES('4dd1378ed',34,'Samson Goyette MD',0,1653452091,1653909332);
INSERT INTO player VALUES('4fbb0d81e',34,'Xzavier Conroy',0,1653503454,1653753949);
INSERT INTO player VALUES('4ff401939',34,'Anne Klocko',0,1653509426,1653758565);
INSERT INTO player VALUES('5003a09d0',34,'Dave Vandervort',1,1653511064,1653610806);
INSERT INTO player VALUES('50fdc1cc3',34,'Raleigh Kub',0,1653537292,1653650194);
INSERT INTO player VALUES('52e9b831e',34,'Rudolph Kohler Jr.',0,1653588878,1653912598);
INSERT INTO player VALUES('55a1aeb07',34,'Mr. Harmon O"Hara',0,1653661855,1654040754);
INSERT INTO player VALUES('5661c09de',34,'Ms. Baby Fahey Sr.',0,1653681995,1653826629);
INSERT INTO player VALUES('5683b4030',34,'Kelly Bednar',0,1653685555,1653952129);
INSERT INTO player VALUES('5687c1a1f',34,'Kaleb Rippin PhD',0,1653685980,1653695072);
INSERT INTO player VALUES('56b1ab97f',34,'Bette Morissette',0,1653690375,1653718284);
INSERT INTO player VALUES('57675110c',34,'Doyle Deckow',0,1653709422,1653853104);
INSERT INTO player VALUES('57a642565',34,'Consuelo Connelly Jr.',0,1653716022,1653781484);
INSERT INTO player VALUES('59663a888',34,'Eryn Mante',0,1653762995,1653933970);
INSERT INTO player VALUES('5a911c354',34,'Antonette Graham',0,1653794335,1653992289);
INSERT INTO player VALUES('5b796a694',34,'Katrina Senger',0,1653818694,1653837072);
INSERT INTO player VALUES('5d2fd6bfd',34,'Abigayle Deckow',0,1653864666,1653896288);
INSERT INTO player VALUES('5d9879d9a',34,'Coy Terry',0,1653875638,1653978271);
INSERT INTO player VALUES('615495086',34,'Brady McKenzie',0,1653975893,1654010335);
INSERT INTO player VALUES('61c63661d',34,'Vallie Howe',0,1653987808,1653996789);
INSERT INTO player VALUES('6218359aa',34,'Alanis Wehner',0,1653996406,1654013094);
INSERT INTO player VALUES('621c9153b',34,'Princess Oberbrunner',0,1653996863,1654033638);
INSERT INTO player VALUES('62a90b3e6',34,'Eric Huels',0,1654011593,1654024473);
CREATE TABLE IF NOT EXISTS player_score (
                              id VARCHAR(255) NOT NULL PRIMARY KEY,
                              tenant_id BIGINT NOT NULL,
                              player_id VARCHAR(255) NOT NULL,
                              competition_id VARCHAR(255) NOT NULL,
                              score BIGINT NOT NULL,
                              row_num BIGINT NOT NULL,
                              created_at BIGINT NOT NULL,
                              updated_at BIGINT NOT NULL
);
INSERT INTO player_score VALUES('622ec3896',34,'10819b627','12b8b3297',104895,2052,1653998771,1653998771);
INSERT INTO player_score VALUES('5b437eb2c',34,'10819b627','2dc370da2',185031,1768,1653813040,1653813040);
INSERT INTO player_score VALUES('61bb6ab95',34,'10819b627','3ba8c78f8',71400,1838,1653986676,1653986676);
INSERT INTO player_score VALUES('6363114ba',34,'10819b627','4d5ecb905',152076,2063,1654031099,1654031099);
INSERT INTO player_score VALUES('63641dda4',34,'10819b627','61e7185d8',299136,1789,1654031209,1654031209);
INSERT INTO player_score VALUES('5cc9a7113',34,'1186af537','12b8b3297',9405,1941,1653853951,1653853951);
INSERT INTO player_score VALUES('61d904d52',34,'1186af537','2dc370da2',14040,2030,1653989780,1653989780);
INSERT INTO player_score VALUES('6281af8ba',34,'1186af537','4d5ecb905',515712,1978,1654007466,1654007466);
INSERT INTO player_score VALUES('6307c5bb1',34,'12e7b4dd0','12b8b3297',820,2063,1654021526,1654021526);
INSERT INTO player_score VALUES('63818c0c7',34,'12e7b4dd0','2dc370da2',875,2091,1654034295,1654034295);
INSERT INTO player_score VALUES('635ba5e71',34,'12e7b4dd0','3ba8c78f8',257950,1936,1654030321,1654030321);
INSERT INTO player_score VALUES('61daa16e0',34,'12e7b4dd0','4d5ecb905',25920,1914,1653989949,1653989949);
INSERT INTO player_score VALUES('636b11a3c',34,'12e7b4dd0','61e7185d8',14580,1822,1654031938,1654031938);
INSERT INTO player_score VALUES('5ceca2241',34,'14efe3596','12b8b3297',14094,1942,1653857619,1653857619);
INSERT INTO player_score VALUES('623e64fc7',34,'14efe3596','2dc370da2',3240,2043,1654000410,1654000410);
INSERT INTO player_score VALUES('61460500c',34,'14efe3596','3ba8c78f8',5780,1820,1653974366,1653974366);
INSERT INTO player_score VALUES('629a0ae9f',34,'14efe3596','4d5ecb905',20088,1985,1654010020,1654010020);
INSERT INTO player_score VALUES('63624b8f4',34,'14efe3596','61e7185d8',75945,1779,1654031018,1654031018);
INSERT INTO player_score VALUES('60513afff',34,'15ba5f4e8','12b8b3297',131271,2020,1653948698,1653948698);
INSERT INTO player_score VALUES('6091ed7b8',34,'15ba5f4e8','2dc370da2',61600,1979,1653955482,1653955482);
INSERT INTO player_score VALUES('6381b589b',34,'15ba5f4e8','3ba8c78f8',92130,1944,1654034312,1654034312);
INSERT INTO player_score VALUES('627248ab2',34,'15ba5f4e8','4d5ecb905',80817,1969,1654005851,1654005851);
INSERT INTO player_score VALUES('63795fc19',34,'15ba5f4e8','61e7185d8',85260,1897,1654033438,1654033438);
INSERT INTO player_score VALUES('60ec47616',34,'1685c0bae','12b8b3297',1776,2034,1653964956,1653964956);
INSERT INTO player_score VALUES('63c293fe3',34,'1685c0bae','3ba8c78f8',58425,1957,1654041114,1654041114);
INSERT INTO player_score VALUES('6323248ca',34,'1685c0bae','4d5ecb905',233919,2036,1654024396,1654024396);
INSERT INTO player_score VALUES('636bb2c73',34,'1685c0bae','61e7185d8',468,1829,1654032004,1654032004);
INSERT INTO player_score VALUES('620b7f31a',34,'16e1076f4','12b8b3297',7410,2050,1653995073,1653995073);
INSERT INTO player_score VALUES('63467c671',34,'16e1076f4','2dc370da2',291776,2083,1654028102,1654028102);
INSERT INTO player_score VALUES('631c3817f',34,'16e1076f4','3ba8c78f8',16520,1918,1654023670,1654023670);
INSERT INTO player_score VALUES('63b59458d',34,'16e1076f4','4d5ecb905',119280,2090,1654039751,1654039751);
INSERT INTO player_score VALUES('5f3b2d574',34,'1770a2203','12b8b3297',155400,1993,1653919542,1653919542);
INSERT INTO player_score VALUES('6112cea49',34,'1770a2203','2dc370da2',13870,1994,1653968996,1653968996);
INSERT INTO player_score VALUES('6362fdc4a',34,'1770a2203','3ba8c78f8',96390,1938,1654031091,1654031091);
INSERT INTO player_score VALUES('62ad0c9f1',34,'1770a2203','4d5ecb905',252405,1994,1654012013,1654012013);
INSERT INTO player_score VALUES('60cbc97e2',34,'18537217e','12b8b3297',219480,2031,1653961549,1653961549);
INSERT INTO player_score VALUES('63360ddb6',34,'18537217e','2dc370da2',158364,2074,1654026379,1654026379);
INSERT INTO player_score VALUES('60231c59b',34,'18537217e','3ba8c78f8',28826,1764,1653943862,1653943862);
INSERT INTO player_score VALUES('61ee7ee20',34,'18537217e','4d5ecb905',405654,1919,1653992032,1653992032);
INSERT INTO player_score VALUES('63780514e',34,'18537217e','61e7185d8',63784,1889,1654033296,1654033296);
INSERT INTO player_score VALUES('5ead9f8e3',34,'189023335','2dc370da2',172800,1909,1653904699,1653904699);
INSERT INTO player_score VALUES('624fec4e0',34,'189023335','3ba8c78f8',20160,1876,1654002248,1654002248);
INSERT INTO player_score VALUES('6302fc23d',34,'189023335','4d5ecb905',1974,2026,1654021024,1654021024);
INSERT INTO player_score VALUES('636da9b78',34,'189023335','61e7185d8',309092,1835,1654032210,1654032210);
INSERT INTO player_score VALUES('5752f237f',34,'189ae038f','12b8b3297',1740,1801,1653707286,1653707286);
INSERT INTO player_score VALUES('61bf3dbb0',34,'189ae038f','2dc370da2',3364,2024,1653987077,1653987077);
INSERT INTO player_score VALUES('636a13bc3',34,'189ae038f','3ba8c78f8',62622,1940,1654031834,1654031834);
INSERT INTO player_score VALUES('62ad7ced5',34,'189ae038f','4d5ecb905',280592,1996,1654012059,1654012059);
INSERT INTO player_score VALUES('635f2ac4e',34,'189ae038f','61e7185d8',37674,1766,1654030690,1654030690);
INSERT INTO player_score VALUES('5808bec26',34,'18dd20ac2','12b8b3297',29640,1825,1653726349,1653726349);
INSERT INTO player_score VALUES('634a56bb8',34,'18dd20ac2','2dc370da2',237800,2086,1654028506,1654028506);
INSERT INTO player_score VALUES('63916f6ce',34,'18dd20ac2','3ba8c78f8',254560,1945,1654035961,1654035961);
INSERT INTO player_score VALUES('63aa1dcb1',34,'18dd20ac2','4d5ecb905',2112,2088,1654038549,1654038549);
INSERT INTO player_score VALUES('636bf725b',34,'18dd20ac2','61e7185d8',7000,1831,1654032032,1654032032);
INSERT INTO player_score VALUES('602914a9c',34,'1a396b46f','12b8b3297',3861,2016,1653944488,1653944488);
INSERT INTO player_score VALUES('618aa55b1',34,'1a396b46f','2dc370da2',180245,2016,1653981562,1653981562);
INSERT INTO player_score VALUES('63ae7bf52',34,'1a396b46f','3ba8c78f8',68040,1951,1654039007,1654039007);
INSERT INTO player_score VALUES('6304dd19b',34,'1a396b46f','4d5ecb905',199578,2028,1654021221,1654021221);
INSERT INTO player_score VALUES('635fa748e',34,'1a396b46f','61e7185d8',41004,1768,1654030741,1654030741);
INSERT INTO player_score VALUES('5c959ec33',34,'1b18c76f5','12b8b3297',8806,1934,1653848495,1653848495);
INSERT INTO player_score VALUES('62fd3e678',34,'1b18c76f5','2dc370da2',89908,2066,1654020422,1654020422);
INSERT INTO player_score VALUES('634e50cf4',34,'1b18c76f5','3ba8c78f8',36432,1932,1654028923,1654028923);
INSERT INTO player_score VALUES('6379bef87',34,'1b18c76f5','4d5ecb905',277830,2072,1654033477,1654033477);
INSERT INTO player_score VALUES('636abea1a',34,'1b18c76f5','61e7185d8',64944,1819,1654031904,1654031904);
INSERT INTO player_score VALUES('597882b58',34,'1b3baa1d4','12b8b3297',6720,1859,1653764912,1653764912);
INSERT INTO player_score VALUES('629e8b3f1',34,'1b3baa1d4','2dc370da2',146,2051,1654010492,1654010492);
INSERT INTO player_score VALUES('6173cbc0b',34,'1b3baa1d4','3ba8c78f8',57120,1829,1653979166,1653979166);
INSERT INTO player_score VALUES('63030857d',34,'1b3baa1d4','61e7185d8',634500,1327,1654021029,1654021029);
INSERT INTO player_score VALUES('4d61fafb6',34,'1c0f1cf86','12b8b3297',172040,1523,1653440427,1653440427);
INSERT INTO player_score VALUES('5e976bf6c',34,'1c0f1cf86','2dc370da2',321112,1906,1653902371,1653902371);
INSERT INTO player_score VALUES('63125e1ed',34,'1c0f1cf86','3ba8c78f8',31008,1916,1654022637,1654022637);
INSERT INTO player_score VALUES('6366c494e',34,'1c0f1cf86','4d5ecb905',60865,2066,1654031487,1654031487);
INSERT INTO player_score VALUES('63742ac10',34,'1c0f1cf86','61e7185d8',205349,1872,1654032892,1654032892);
INSERT INTO player_score VALUES('618a01c9c',34,'1d247ad32','12b8b3297',756,2041,1653981495,1653981495);
INSERT INTO player_score VALUES('61e71ace1',34,'1d247ad32','2dc370da2',41952,2032,1653991257,1653991257);
INSERT INTO player_score VALUES('6334dcb0a',34,'1d247ad32','3ba8c78f8',26040,1924,1654026254,1654026254);
INSERT INTO player_score VALUES('63a36e5de',34,'1d247ad32','4d5ecb905',8804,2087,1654037848,1654037848);
INSERT INTO player_score VALUES('6372bef94',34,'1d247ad32','61e7185d8',451497,1865,1654032743,1654032743);
INSERT INTO player_score VALUES('5a6a46cd1',34,'1ee647c0e','12b8b3297',13248,1875,1653790263,1653790263);
INSERT INTO player_score VALUES('606b048e4',34,'1ee647c0e','2dc370da2',7040,1972,1653951402,1653951402);
INSERT INTO player_score VALUES('62a33c698',34,'1ee647c0e','3ba8c78f8',226446,1890,1654010984,1654010984);
INSERT INTO player_score VALUES('6261787dc',34,'1ee647c0e','4d5ecb905',363888,1958,1654004088,1654004088);
INSERT INTO player_score VALUES('637752d7e',34,'1ee647c0e','61e7185d8',4536,1885,1654033223,1654033223);
INSERT INTO player_score VALUES('5e01fd8f9',34,'1eec0309e','12b8b3297',116800,1967,1653886702,1653886702);
INSERT INTO player_score VALUES('63b25d9ae',34,'1eec0309e','2dc370da2',384836,2099,1654039414,1654039414);
INSERT INTO player_score VALUES('62c4fa1ae',34,'1eec0309e','3ba8c78f8',172175,1900,1654014522,1654014522);
INSERT INTO player_score VALUES('6332fbbe9',34,'1eec0309e','4d5ecb905',126027,2049,1654026057,1654026057);
INSERT INTO player_score VALUES('6348d28d9',34,'1eec0309e','61e7185d8',18600,1674,1654028347,1654028347);
INSERT INTO player_score VALUES('63b8dc34e',34,'1fe4ac433','12b8b3297',45632,2076,1654040095,1654040095);
INSERT INTO player_score VALUES('61c3bb9ef',34,'1fe4ac433','2dc370da2',105408,2027,1653987548,1653987548);
INSERT INTO player_score VALUES('61c5869df',34,'1fe4ac433','3ba8c78f8',624100,1840,1653987736,1653987736);
INSERT INTO player_score VALUES('60427f02c',34,'1fe4ac433','4d5ecb905',21060,1767,1653947153,1653947153);
INSERT INTO player_score VALUES('6377c808e',34,'1fe4ac433','61e7185d8',7238,1887,1654033271,1654033271);
INSERT INTO player_score VALUES('6134e9226',34,'2028587ca','12b8b3297',35040,2037,1653972572,1653972572);
INSERT INTO player_score VALUES('6346ca88d',34,'2028587ca','2dc370da2',32190,2084,1654028134,1654028134);
INSERT INTO player_score VALUES('632c8bc6a',34,'2028587ca','4d5ecb905',164312,2044,1654025382,1654025382);
INSERT INTO player_score VALUES('63789ee00',34,'2028587ca','61e7185d8',631962,1891,1654033359,1654033359);
INSERT INTO player_score VALUES('5c8b48488',34,'21394236b','12b8b3297',81900,1932,1653847411,1653847411);
INSERT INTO player_score VALUES('61058f899',34,'21394236b','3ba8c78f8',117273,1808,1653967607,1653967607);
INSERT INTO player_score VALUES('60d923764',34,'21394236b','4d5ecb905',242190,1828,1653962949,1653962949);
INSERT INTO player_score VALUES('636331084',34,'21394236b','61e7185d8',104,1783,1654031112,1654031112);
INSERT INTO player_score VALUES('593ec18ad',34,'21bf4e9b4','12b8b3297',184320,1854,1653758856,1653758856);
INSERT INTO player_score VALUES('62214eb11',34,'21bf4e9b4','2dc370da2',11664,2038,1653997360,1653997360);
INSERT INTO player_score VALUES('631f67854',34,'21bf4e9b4','3ba8c78f8',672,1920,1654024004,1654024004);
INSERT INTO player_score VALUES('6202b4386',34,'21bf4e9b4','4d5ecb905',102375,1927,1653994151,1653994151);
INSERT INTO player_score VALUES('636ea52c9',34,'21bf4e9b4','61e7185d8',275200,1840,1654032313,1654032313);
INSERT INTO player_score VALUES('5fc97e734',34,'22e0e6597','12b8b3297',6723,2007,1653934465,1653934465);
INSERT INTO player_score VALUES('62d510c1c',34,'22e0e6597','2dc370da2',9234,2056,1654016209,1654016209);
INSERT INTO player_score VALUES('63748516c',34,'22e0e6597','3ba8c78f8',49950,1941,1654032929,1654032929);
INSERT INTO player_score VALUES('636b64a9b',34,'22e0e6597','61e7185d8',14098,1825,1654031972,1654031972);
INSERT INTO player_score VALUES('603f3c0f1',34,'234234071','12b8b3297',0,2018,1653946811,1653946811);
INSERT INTO player_score VALUES('625d6d538',34,'234234071','2dc370da2',586080,2045,1654003664,1654003664);
INSERT INTO player_score VALUES('6243be9eb',34,'234234071','3ba8c78f8',11934,1873,1654000971,1654000971);
INSERT INTO player_score VALUES('60bd82b97',34,'234234071','4d5ecb905',2280,1812,1653960052,1653960052);
INSERT INTO player_score VALUES('634c96eaa',34,'234234071','61e7185d8',12210,1692,1654028742,1654028742);
INSERT INTO player_score VALUES('5f56cbab9',34,'2371975cc','12b8b3297',34560,1999,1653922438,1653922438);
INSERT INTO player_score VALUES('602fc41ac',34,'2371975cc','2dc370da2',291460,1962,1653945189,1653945189);
INSERT INTO player_score VALUES('62a524b1c',34,'2371975cc','4d5ecb905',107456,1991,1654011184,1654011184);
INSERT INTO player_score VALUES('4f87275d2',34,'2463b357d','2dc370da2',81918,1331,1653498012,1653498012);
INSERT INTO player_score VALUES('63660d752',34,'2463b357d','61e7185d8',66150,1796,1654031412,1654031412);
INSERT INTO player_score VALUES('60229fd39',34,'250b82555','12b8b3297',288230,2015,1653943811,1653943811);
INSERT INTO player_score VALUES('6323d1e3d',34,'250b82555','2dc370da2',205900,2071,1654024467,1654024467);
INSERT INTO player_score VALUES('62ec49999',34,'250b82555','4d5ecb905',42660,2021,1654018644,1654018644);
INSERT INTO player_score VALUES('63755226f',34,'250b82555','61e7185d8',237424,1880,1654033013,1654033013);
INSERT INTO player_score VALUES('63b5fae5e',34,'26034af55','3ba8c78f8',78400,1953,1654039793,1654039793);
INSERT INTO player_score VALUES('61f82f5b8',34,'26034af55','4d5ecb905',586040,1922,1653993048,1653993048);
INSERT INTO player_score VALUES('636eb6460',34,'26034af55','61e7185d8',214200,1841,1654032320,1654032320);
INSERT INTO player_score VALUES('5d3e72f8b',34,'2696066aa','12b8b3297',31872,1952,1653866198,1653866198);
INSERT INTO player_score VALUES('5fa024871',34,'2696066aa','2dc370da2',52632,1942,1653930129,1653930129);
INSERT INTO player_score VALUES('63bd0e6e9',34,'2696066aa','3ba8c78f8',10620,1955,1654040535,1654040535);
INSERT INTO player_score VALUES('628b34165',34,'2696066aa','4d5ecb905',317952,1979,1654008464,1654008464);
INSERT INTO player_score VALUES('6370de084',34,'2696066aa','61e7185d8',594,1854,1654032546,1654032546);
INSERT INTO player_score VALUES('5ab1d717a',34,'276f1264b','12b8b3297',67200,1878,1653797767,1653797767);
INSERT INTO player_score VALUES('58bc0ba21',34,'276f1264b','2dc370da2',59179,1672,1653745150,1653745150);
INSERT INTO player_score VALUES('5fffe91b3',34,'276f1264b','3ba8c78f8',142830,1759,1653940171,1653940171);
INSERT INTO player_score VALUES('61892af2c',34,'276f1264b','4d5ecb905',626620,1889,1653981407,1653981407);
INSERT INTO player_score VALUES('6379dc446',34,'276f1264b','61e7185d8',49500,1901,1654033489,1654033489);
INSERT INTO player_score VALUES('62ed78520',34,'283bc2494','12b8b3297',126350,2061,1654018768,1654018768);
INSERT INTO player_score VALUES('633c03bff',34,'283bc2494','2dc370da2',75012,2077,1654027004,1654027004);
INSERT INTO player_score VALUES('637099ab2',34,'283bc2494','61e7185d8',2352,1853,1654032518,1654032518);
INSERT INTO player_score VALUES('633b343ad',34,'28e82ee98','2dc370da2',296100,2076,1654026919,1654026919);
INSERT INTO player_score VALUES('637a935de',34,'28e82ee98','3ba8c78f8',30080,1943,1654033564,1654033564);
INSERT INTO player_score VALUES('636da7463',34,'28e82ee98','4d5ecb905',192,2069,1654032209,1654032209);
INSERT INTO player_score VALUES('62df7faba',34,'2958165fa','2dc370da2',31992,2059,1654017303,1654017303);
INSERT INTO player_score VALUES('62e7037bc',34,'2958165fa','4d5ecb905',216080,2020,1654018091,1654018091);
INSERT INTO player_score VALUES('6379d27d2',34,'2958165fa','61e7185d8',82620,1900,1654033485,1654033485);
INSERT INTO player_score VALUES('5c6becf0b',34,'29a5227e8','12b8b3297',19380,1930,1653844123,1653844123);
INSERT INTO player_score VALUES('6208c4f77',34,'29a5227e8','2dc370da2',323400,2035,1653994787,1653994787);
INSERT INTO player_score VALUES('6268cb790',34,'29a5227e8','3ba8c78f8',147798,1881,1654004856,1654004856);
INSERT INTO player_score VALUES('6273ccde2',34,'29a5227e8','4d5ecb905',331200,1972,1654006010,1654006010);
INSERT INTO player_score VALUES('637545f52',34,'29a5227e8','61e7185d8',40014,1879,1654033008,1654033008);
INSERT INTO player_score VALUES('63652cd8c',34,'2a163b22b','12b8b3297',274683,2070,1654031320,1654031320);
INSERT INTO player_score VALUES('61649a97c',34,'2a163b22b','2dc370da2',18360,2009,1653977573,1653977573);
INSERT INTO player_score VALUES('621e7c093',34,'2a163b22b','3ba8c78f8',325380,1861,1653997064,1653997064);
INSERT INTO player_score VALUES('63726e6c4',34,'2a163b22b','61e7185d8',193120,1862,1654032710,1654032710);
INSERT INTO player_score VALUES('61ebaeab0',34,'2ad2e579f','12b8b3297',133875,2047,1653991737,1653991737);
INSERT INTO player_score VALUES('605a1bef0',34,'2ad2e579f','2dc370da2',0,1969,1653949629,1653949629);
INSERT INTO player_score VALUES('6374baccd',34,'2ad2e579f','3ba8c78f8',15006,1942,1654032951,1654032951);
INSERT INTO player_score VALUES('627bafe82',34,'2ad2e579f','4d5ecb905',20480,1975,1654006837,1654006837);
INSERT INTO player_score VALUES('636961822',34,'2ad2e579f','61e7185d8',13806,1812,1654031761,1654031761);
INSERT INTO player_score VALUES('63247305f',34,'2bfc3ba25','12b8b3297',99000,2065,1654024533,1654024533);
INSERT INTO player_score VALUES('59e01bb32',34,'2bfc3ba25','2dc370da2',580800,1714,1653775775,1653775775);
INSERT INTO player_score VALUES('62b7e2128',34,'2bfc3ba25','3ba8c78f8',151844,1896,1654013149,1654013149);
INSERT INTO player_score VALUES('6329f89b8',34,'2bfc3ba25','4d5ecb905',300960,2041,1654025112,1654025112);
INSERT INTO player_score VALUES('6050cab22',34,'2d4f32881','12b8b3297',99110,2019,1653948652,1653948652);
INSERT INTO player_score VALUES('5f7dd1e72',34,'2d4f32881','2dc370da2',230230,1939,1653926530,1653926530);
INSERT INTO player_score VALUES('62d7954bc',34,'2d4f32881','3ba8c78f8',3174,1906,1654016473,1654016473);
INSERT INTO player_score VALUES('62e649ef1',34,'2d4f32881','4d5ecb905',236430,2019,1654018015,1654018015);
INSERT INTO player_score VALUES('636dd5a7a',34,'2d4f32881','61e7185d8',9690,1837,1654032228,1654032228);
INSERT INTO player_score VALUES('5e71a0ae0',34,'2fd58a68b','12b8b3297',142926,1979,1653898408,1653898408);
INSERT INTO player_score VALUES('635433276',34,'2fd58a68b','2dc370da2',130815,2089,1654029540,1654029540);
INSERT INTO player_score VALUES('621cb5f28',34,'2fd58a68b','3ba8c78f8',11016,1860,1653996878,1653996878);
INSERT INTO player_score VALUES('625bb8508',34,'2fd58a68b','4d5ecb905',90060,1956,1654003485,1654003485);
INSERT INTO player_score VALUES('63796bf95',34,'2fd58a68b','61e7185d8',88145,1899,1654033443,1654033443);
INSERT INTO player_score VALUES('5f4f62ae1',34,'30192f4bd','12b8b3297',178416,1998,1653921661,1653921661);
INSERT INTO player_score VALUES('61d8047f7',34,'30192f4bd','3ba8c78f8',6696,1843,1653989675,1653989675);
INSERT INTO player_score VALUES('6313ec11c',34,'30192f4bd','4d5ecb905',140175,2030,1654022800,1654022800);
INSERT INTO player_score VALUES('6364c3df3',34,'30192f4bd','61e7185d8',27025,1794,1654031277,1654031277);
INSERT INTO player_score VALUES('58cd5d39e',34,'30594f50f','12b8b3297',522054,1845,1653746966,1653746966);
INSERT INTO player_score VALUES('62f986444',34,'30594f50f','2dc370da2',164088,2065,1654020032,1654020032);
INSERT INTO player_score VALUES('62e1e4778',34,'30594f50f','3ba8c78f8',150696,1908,1654017554,1654017554);
INSERT INTO player_score VALUES('6265ec9eb',34,'30594f50f','4d5ecb905',4836,1961,1654004555,1654004555);
INSERT INTO player_score VALUES('63487aaa6',34,'30594f50f','61e7185d8',26460,1671,1654028311,1654028311);
INSERT INTO player_score VALUES('6308646aa',34,'3080cabee','12b8b3297',21164,2064,1654021591,1654021591);
INSERT INTO player_score VALUES('5f6eaf61f',34,'3080cabee','2dc370da2',61152,1935,1653924943,1653924943);
INSERT INTO player_score VALUES('616748a0f',34,'3080cabee','3ba8c78f8',0,1824,1653977854,1653977854);
INSERT INTO player_score VALUES('621378382',34,'3080cabee','4d5ecb905',113620,1935,1653995909,1653995909);
INSERT INTO player_score VALUES('636df5616',34,'3080cabee','61e7185d8',41322,1838,1654032241,1654032241);
INSERT INTO player_score VALUES('622cb42ff',34,'30e032937','12b8b3297',101616,2051,1653998555,1653998555);
INSERT INTO player_score VALUES('615840f9c',34,'30e032937','2dc370da2',323,2004,1653976278,1653976278);
INSERT INTO player_score VALUES('58a4cb7bd',34,'30e032937','3ba8c78f8',249508,1423,1653742712,1653742712);
INSERT INTO player_score VALUES('63591a088',34,'30e032937','4d5ecb905',106671,2058,1654030054,1654030054);
INSERT INTO player_score VALUES('63736c4ee',34,'30e032937','61e7185d8',159390,1868,1654032814,1654032814);
INSERT INTO player_score VALUES('63846604e',34,'3123e88b0','12b8b3297',134504,2072,1654034594,1654034594);
INSERT INTO player_score VALUES('6164ae1f2',34,'3123e88b0','2dc370da2',96628,2010,1653977581,1653977581);
INSERT INTO player_score VALUES('61b766e41',34,'3123e88b0','3ba8c78f8',47817,1837,1653986255,1653986255);
INSERT INTO player_score VALUES('6324cd602',34,'3123e88b0','4d5ecb905',9975,2039,1654024570,1654024570);
INSERT INTO player_score VALUES('63745e01b',34,'3123e88b0','61e7185d8',12096,1873,1654032913,1654032913);
INSERT INTO player_score VALUES('5ff4924bc',34,'32d446945','12b8b3297',57591,2009,1653938982,1653938982);
INSERT INTO player_score VALUES('6227840d3',34,'32d446945','2dc370da2',30720,2039,1653998011,1653998011);
INSERT INTO player_score VALUES('608b5196e',34,'32d446945','3ba8c78f8',77841,1783,1653954789,1653954789);
INSERT INTO player_score VALUES('6343f08b6',34,'32d446945','4d5ecb905',2772,2053,1654027835,1654027835);
INSERT INTO player_score VALUES('6335f301f',34,'32d446945','61e7185d8',2240,1576,1654026368,1654026368);
INSERT INTO player_score VALUES('61d12e03f',34,'3335d14bb','12b8b3297',30960,2044,1653988958,1653988958);
INSERT INTO player_score VALUES('619f06a68',34,'3335d14bb','2dc370da2',74520,2019,1653983699,1653983699);
INSERT INTO player_score VALUES('62b9dddfc',34,'3335d14bb','3ba8c78f8',62769,1897,1654013357,1654013357);
INSERT INTO player_score VALUES('631eb2dfb',34,'3335d14bb','4d5ecb905',60298,2034,1654023930,1654023930);
INSERT INTO player_score VALUES('632bc6064',34,'3335d14bb','61e7185d8',14256,1524,1654025301,1654025301);
INSERT INTO player_score VALUES('529320373',34,'34567ea6a','12b8b3297',134850,1675,1653579798,1653579798);
INSERT INTO player_score VALUES('638382faa',34,'34567ea6a','2dc370da2',122850,2092,1654034501,1654034501);
INSERT INTO player_score VALUES('63395d07b',34,'34567ea6a','3ba8c78f8',72450,1926,1654026726,1654026726);
INSERT INTO player_score VALUES('617964d96',34,'34567ea6a','4d5ecb905',29808,1884,1653979753,1653979753);
INSERT INTO player_score VALUES('636f994f5',34,'34567ea6a','61e7185d8',101844,1847,1654032413,1654032413);
INSERT INTO player_score VALUES('5f0c29349',34,'348f3f778','12b8b3297',7656,1988,1653914612,1653914612);
INSERT INTO player_score VALUES('61e702620',34,'348f3f778','2dc370da2',110044,2031,1653991247,1653991247);
INSERT INTO player_score VALUES('5e6d0f3ce',34,'348f3f778','3ba8c78f8',15360,1704,1653897929,1653897929);
INSERT INTO player_score VALUES('60bfe29fa',34,'348f3f778','4d5ecb905',20140,1815,1653960301,1653960301);
INSERT INTO player_score VALUES('63794c3a9',34,'348f3f778','61e7185d8',71300,1896,1654033430,1654033430);
INSERT INTO player_score VALUES('600a6dfe4',34,'360cf4c28','12b8b3297',202020,2012,1653941274,1653941274);
INSERT INTO player_score VALUES('610d0249d',34,'360cf4c28','2dc370da2',12483,1993,1653968388,1653968388);
INSERT INTO player_score VALUES('6237b0b08',34,'360cf4c28','3ba8c78f8',63602,1868,1653999707,1653999707);
INSERT INTO player_score VALUES('6384f8834',34,'360cf4c28','4d5ecb905',23760,2078,1654034654,1654034654);
INSERT INTO player_score VALUES('63697c5e7',34,'360cf4c28','61e7185d8',25168,1814,1654031772,1654031772);
INSERT INTO player_score VALUES('6076d0955',34,'363dd765d','12b8b3297',437400,2025,1653952639,1653952639);
INSERT INTO player_score VALUES('5c643d288',34,'363dd765d','2dc370da2',88595,1804,1653843317,1653843317);
INSERT INTO player_score VALUES('63375022c',34,'363dd765d','3ba8c78f8',85527,1925,1654026511,1654026511);
INSERT INTO player_score VALUES('62636cf93',34,'37e7db789','12b8b3297',6716,2053,1654004293,1654004293);
INSERT INTO player_score VALUES('6316b2852',34,'37e7db789','2dc370da2',264132,2069,1654023091,1654023091);
INSERT INTO player_score VALUES('5fa73a7af',34,'37e7db789','3ba8c78f8',26460,1744,1653930872,1653930872);
INSERT INTO player_score VALUES('634ddb9bc',34,'37e7db789','4d5ecb905',216376,2054,1654028875,1654028875);
INSERT INTO player_score VALUES('6376771f9',34,'37e7db789','61e7185d8',92664,1884,1654033133,1654033133);
INSERT INTO player_score VALUES('62fe1c914',34,'37f566430','12b8b3297',118720,2062,1654020513,1654020513);
INSERT INTO player_score VALUES('62ea048a4',34,'37f566430','2dc370da2',182490,2061,1654018406,1654018406);
INSERT INTO player_score VALUES('625be6b19',34,'37f566430','3ba8c78f8',292600,1877,1654003504,1654003504);
INSERT INTO player_score VALUES('639ed3279',34,'37f566430','4d5ecb905',131223,2084,1654037365,1654037365);
INSERT INTO player_score VALUES('63779253d',34,'37f566430','61e7185d8',52808,1886,1654033249,1654033249);
INSERT INTO player_score VALUES('5e53285f7',34,'380586aa9','12b8b3297',147840,1975,1653895213,1653895213);
INSERT INTO player_score VALUES('63b205b86',34,'380586aa9','2dc370da2',13440,2098,1654039378,1654039378);
INSERT INTO player_score VALUES('60f9692f7',34,'380586aa9','3ba8c78f8',136510,1804,1653966333,1653966333);
INSERT INTO player_score VALUES('6122ad297',34,'380586aa9','4d5ecb905',238572,1856,1653970660,1653970660);
INSERT INTO player_score VALUES('637092566',34,'380586aa9','61e7185d8',156032,1852,1654032515,1654032515);
INSERT INTO player_score VALUES('5e09d9498',34,'383ab3f4b','12b8b3297',31008,1968,1653887526,1653887526);
INSERT INTO player_score VALUES('63bb40ffd',34,'383ab3f4b','2dc370da2',20020,2101,1654040346,1654040346);
INSERT INTO player_score VALUES('62bfdb140',34,'383ab3f4b','3ba8c78f8',615888,1899,1654013985,1654013985);
INSERT INTO player_score VALUES('632e1ea02',34,'383ab3f4b','4d5ecb905',120879,2047,1654025547,1654025547);
INSERT INTO player_score VALUES('5d13492d4',34,'38f4510b7','12b8b3297',18012,1946,1653861672,1653861672);
INSERT INTO player_score VALUES('5f2d323cb',34,'38f4510b7','2dc370da2',13824,1926,1653918076,1653918076);
INSERT INTO player_score VALUES('5d56e44d0',34,'38f4510b7','3ba8c78f8',8514,1659,1653868761,1653868761);
INSERT INTO player_score VALUES('63bc85b23',34,'38f4510b7','4d5ecb905',41769,2094,1654040479,1654040479);
INSERT INTO player_score VALUES('5f75c7ca1',34,'396206feb','12b8b3297',24128,2000,1653925687,1653925687);
INSERT INTO player_score VALUES('5cd2b3f40',34,'396206feb','2dc370da2',35910,1833,1653854900,1653854900);
INSERT INTO player_score VALUES('613c37401',34,'396206feb','4d5ecb905',25438,1864,1653973338,1653973338);
INSERT INTO player_score VALUES('636b81f52',34,'396206feb','61e7185d8',8528,1827,1654031984,1654031984);
INSERT INTO player_score VALUES('5f4cf1b08',34,'3aee14253','12b8b3297',390698,1997,1653921405,1653921405);
INSERT INTO player_score VALUES('629daf829',34,'3aee14253','2dc370da2',403848,2050,1654010402,1654010402);
INSERT INTO player_score VALUES('629c72219',34,'3aee14253','3ba8c78f8',155520,1889,1654010272,1654010272);
INSERT INTO player_score VALUES('61e7b97fc',34,'3aee14253','4d5ecb905',29808,1918,1653991322,1653991322);
INSERT INTO player_score VALUES('6373c436c',34,'3aee14253','61e7185d8',9576,1869,1654032850,1654032850);
INSERT INTO player_score VALUES('63c5c5dcf',34,'3af1cc4a9','2dc370da2',10296,2102,1654041449,1654041449);
INSERT INTO player_score VALUES('631a460da',34,'3af1cc4a9','3ba8c78f8',125541,1917,1654023466,1654023466);
INSERT INTO player_score VALUES('6248aa616',34,'3af1cc4a9','4d5ecb905',9600,1951,1654001487,1654001487);
INSERT INTO player_score VALUES('6366718fb',34,'3af1cc4a9','61e7185d8',63168,1798,1654031453,1654031453);
INSERT INTO player_score VALUES('59afd7bd0',34,'3af28f9ad','12b8b3297',536670,1863,1653770714,1653770714);
INSERT INTO player_score VALUES('63a487223',34,'3af28f9ad','2dc370da2',48960,2096,1654037963,1654037963);
INSERT INTO player_score VALUES('609f8e413',34,'3af28f9ad','4d5ecb905',13685,1799,1653956911,1653956911);
INSERT INTO player_score VALUES('636414173',34,'3af28f9ad','61e7185d8',114036,1788,1654031205,1654031205);
INSERT INTO player_score VALUES('62e4186ac',34,'3b1306279','12b8b3297',22533,2059,1654017785,1654017785);
INSERT INTO player_score VALUES('5efefb328',34,'3b1306279','2dc370da2',104690,1921,1653913230,1653913230);
INSERT INTO player_score VALUES('61e2476f7',34,'3b1306279','3ba8c78f8',446400,1846,1653990751,1653990751);
INSERT INTO player_score VALUES('62a062712',34,'3b1306279','4d5ecb905',3608,1989,1654010685,1654010685);
INSERT INTO player_score VALUES('6359ff885',34,'3b1306279','61e7185d8',41580,1737,1654030148,1654030148);
INSERT INTO player_score VALUES('63539478a',34,'3bded2ff6','12b8b3297',3570,2068,1654029475,1654029475);
INSERT INTO player_score VALUES('5f2ce1af8',34,'3bded2ff6','2dc370da2',33120,1925,1653918043,1653918043);
INSERT INTO player_score VALUES('629a06031',34,'3bded2ff6','3ba8c78f8',27950,1888,1654010018,1654010018);
INSERT INTO player_score VALUES('61d11326b',34,'3bded2ff6','4d5ecb905',96876,1911,1653988947,1653988947);
INSERT INTO player_score VALUES('60e619597',34,'3c3345ab1','12b8b3297',32928,2033,1653964308,1653964308);
INSERT INTO player_score VALUES('63a38e1ae',34,'3c3345ab1','2dc370da2',0,2095,1654037861,1654037861);
INSERT INTO player_score VALUES('5fed469d4',34,'3c3345ab1','3ba8c78f8',80444,1752,1653938217,1653938217);
INSERT INTO player_score VALUES('632cf2517',34,'3c3345ab1','4d5ecb905',211584,2045,1654025424,1654025424);
INSERT INTO player_score VALUES('636392b15',34,'3c3345ab1','61e7185d8',3402,1785,1654031152,1654031152);
INSERT INTO player_score VALUES('5f3f47242',34,'3c432698d','12b8b3297',145500,1994,1653919972,1653919972);
INSERT INTO player_score VALUES('6344ff8aa',34,'3c432698d','2dc370da2',2130,2081,1654027946,1654027946);
INSERT INTO player_score VALUES('60b6f0939',34,'3c432698d','3ba8c78f8',106800,1791,1653959363,1653959363);
INSERT INTO player_score VALUES('60bb5130c',34,'3c432698d','4d5ecb905',32300,1810,1653959822,1653959822);
INSERT INTO player_score VALUES('629081801',34,'3ed997911','12b8b3297',94860,2055,1654009020,1654009020);
INSERT INTO player_score VALUES('601a05afb',34,'3ed997911','2dc370da2',32340,1958,1653942909,1653942909);
INSERT INTO player_score VALUES('5bb09381c',34,'3ed997911','3ba8c78f8',17856,1579,1653824478,1653824478);
INSERT INTO player_score VALUES('632a7a027',34,'3ed997911','4d5ecb905',1782,2043,1654025165,1654025165);
INSERT INTO player_score VALUES('635b5551d',34,'3ed997911','61e7185d8',310080,1743,1654030288,1654030288);
INSERT INTO player_score VALUES('4cb2f3dd5',34,'3f46854f5','12b8b3297',67525,1505,1653422074,1653422074);
INSERT INTO player_score VALUES('5c8cd3c69',34,'3f46854f5','2dc370da2',38688,1815,1653847573,1653847573);
INSERT INTO player_score VALUES('62aac2b28',34,'3f46854f5','3ba8c78f8',308568,1892,1654011773,1654011773);
INSERT INTO player_score VALUES('63aa9569a',34,'3f46854f5','4d5ecb905',74100,2089,1654038598,1654038598);
INSERT INTO player_score VALUES('635d11ac5',34,'3f46854f5','61e7185d8',22440,1754,1654030470,1654030470);
INSERT INTO player_score VALUES('61f64232e',34,'3fc161f34','12b8b3297',331760,2049,1653992846,1653992846);
INSERT INTO player_score VALUES('6386dbe7b',34,'3fc161f34','4d5ecb905',37400,2080,1654034852,1654034852);
INSERT INTO player_score VALUES('635de39d8',34,'3fc161f34','61e7185d8',134379,1760,1654030556,1654030556);
INSERT INTO player_score VALUES('5da7f43f6',34,'405fb1493','2dc370da2',3774,1872,1653877261,1653877261);
INSERT INTO player_score VALUES('63b36c9c3',34,'405fb1493','3ba8c78f8',87120,1952,1654039525,1654039525);
INSERT INTO player_score VALUES('62c186506',34,'405fb1493','4d5ecb905',740,2005,1654014160,1654014160);
INSERT INTO player_score VALUES('63728bb56',34,'405fb1493','61e7185d8',87360,1863,1654032722,1654032722);
INSERT INTO player_score VALUES('610f5388f',34,'40c99dfdb','12b8b3297',44737,2036,1653968631,1653968631);
INSERT INTO player_score VALUES('6332338c0',34,'40c99dfdb','2dc370da2',424438,2073,1654025975,1654025975);
INSERT INTO player_score VALUES('639fa51ec',34,'40c99dfdb','3ba8c78f8',111228,1948,1654037451,1654037451);
INSERT INTO player_score VALUES('637caa079',34,'40c99dfdb','4d5ecb905',325128,2075,1654033783,1654033783);
INSERT INTO player_score VALUES('6374c21cd',34,'40c99dfdb','61e7185d8',323268,1876,1654032954,1654032954);
INSERT INTO player_score VALUES('5f4b2445d',34,'40e03a8de','12b8b3297',14784,1996,1653921216,1653921216);
INSERT INTO player_score VALUES('559ea6525',34,'40e03a8de','2dc370da2',22940,1574,1653661537,1653661537);
INSERT INTO player_score VALUES('63bffbee1',34,'40e03a8de','3ba8c78f8',3952,1956,1654040842,1654040842);
INSERT INTO player_score VALUES('63519d854',34,'40e03a8de','4d5ecb905',19116,2056,1654029269,1654029269);
INSERT INTO player_score VALUES('636db5eb4',34,'40e03a8de','61e7185d8',204960,1836,1654032215,1654032215);
INSERT INTO player_score VALUES('5e1004deb',34,'4109f3b4b','12b8b3297',542080,1970,1653888173,1653888173);
INSERT INTO player_score VALUES('631479ae8',34,'4109f3b4b','2dc370da2',4186,2068,1654022858,1654022858);
INSERT INTO player_score VALUES('60a88a12d',34,'4109f3b4b','3ba8c78f8',143472,1787,1653957853,1653957853);
INSERT INTO player_score VALUES('62b1cc72a',34,'4109f3b4b','4d5ecb905',128856,1999,1654012511,1654012511);
INSERT INTO player_score VALUES('635592b7f',34,'4109f3b4b','61e7185d8',103092,1723,1654029684,1654029684);
INSERT INTO player_score VALUES('603d11d8a',34,'410a99b7c','12b8b3297',277326,2017,1653946584,1653946584);
INSERT INTO player_score VALUES('62df27c60',34,'410a99b7c','2dc370da2',19375,2058,1654017267,1654017267);
INSERT INTO player_score VALUES('636565040',34,'410a99b7c','3ba8c78f8',3072,1939,1654031343,1654031343);
INSERT INTO player_score VALUES('63613058a',34,'410a99b7c','61e7185d8',49400,1775,1654030902,1654030902);
INSERT INTO player_score VALUES('62e9c7804',34,'42a30f298','2dc370da2',0,2060,1654018381,1654018381);
INSERT INTO player_score VALUES('6392c53a1',34,'42a30f298','3ba8c78f8',1728,1946,1654036101,1654036101);
INSERT INTO player_score VALUES('63c63d81e',34,'42a30f298','4d5ecb905',174464,2095,1654041498,1654041498);
INSERT INTO player_score VALUES('637417364',34,'42a30f298','61e7185d8',86112,1871,1654032884,1654032884);
INSERT INTO player_score VALUES('606ded2fa',34,'42e32f2c8','12b8b3297',30780,2024,1653951707,1653951707);
INSERT INTO player_score VALUES('630b9646d',34,'42e32f2c8','2dc370da2',21150,2067,1654021926,1654021926);
INSERT INTO player_score VALUES('6359ebfc4',34,'42e32f2c8','3ba8c78f8',120780,1935,1654030140,1654030140);
INSERT INTO player_score VALUES('637598f51',34,'42e32f2c8','61e7185d8',31250,1881,1654033042,1654033042);
INSERT INTO player_score VALUES('61f075d08',34,'42e4fc96e','12b8b3297',17575,2048,1653992238,1653992238);
INSERT INTO player_score VALUES('63af1833a',34,'42e4fc96e','2dc370da2',72450,2097,1654039071,1654039071);
INSERT INTO player_score VALUES('6307c82ba',34,'42e4fc96e','3ba8c78f8',14520,1913,1654021527,1654021527);
INSERT INTO player_score VALUES('63baac118',34,'42e4fc96e','4d5ecb905',145040,2093,1654040285,1654040285);
INSERT INTO player_score VALUES('636a72f56',34,'42e4fc96e','61e7185d8',76140,1818,1654031873,1654031873);
INSERT INTO player_score VALUES('61b7a3eba',34,'4450ed8c5','12b8b3297',252288,2042,1653986280,1653986280);
INSERT INTO player_score VALUES('636a09fab',34,'4450ed8c5','2dc370da2',112860,2090,1654031830,1654031830);
INSERT INTO player_score VALUES('61dfc55d8',34,'4450ed8c5','3ba8c78f8',167280,1845,1653990488,1653990488);
INSERT INTO player_score VALUES('638530aa3',34,'4450ed8c5','4d5ecb905',26474,2079,1654034677,1654034677);
INSERT INTO player_score VALUES('636407e0e',34,'4450ed8c5','61e7185d8',126720,1787,1654031200,1654031200);
INSERT INTO player_score VALUES('63b7be8cc',34,'44ccef23e','2dc370da2',7144,2100,1654039978,1654039978);
INSERT INTO player_score VALUES('635e0aada',34,'44ccef23e','3ba8c78f8',42120,1937,1654030572,1654030572);
INSERT INTO player_score VALUES('637f496ce',34,'44ccef23e','4d5ecb905',53856,2076,1654034058,1654034058);
INSERT INTO player_score VALUES('63628625d',34,'44ccef23e','61e7185d8',72072,1781,1654031042,1654031042);
INSERT INTO player_score VALUES('60d0364e5',34,'451484582','12b8b3297',178605,2032,1653962013,1653962013);
INSERT INTO player_score VALUES('62a4c0976',34,'451484582','2dc370da2',162688,2052,1654011143,1654011143);
INSERT INTO player_score VALUES('637af5066',34,'451484582','4d5ecb905',204000,2073,1654033604,1654033604);
INSERT INTO player_score VALUES('6371b9c02',34,'451484582','61e7185d8',45600,1860,1654032636,1654032636);
INSERT INTO player_score VALUES('62f26414d',34,'46f532897','2dc370da2',218196,2063,1654019284,1654019284);
INSERT INTO player_score VALUES('60c8b4ea4',34,'46f532897','3ba8c78f8',310930,1797,1653961226,1653961226);
INSERT INTO player_score VALUES('637ff9388',34,'46f532897','4d5ecb905',56448,2077,1654034130,1654034130);
INSERT INTO player_score VALUES('6375c4e63',34,'46f532897','61e7185d8',77996,1882,1654033060,1654033060);
INSERT INTO player_score VALUES('637b989c4',34,'472a3b334','12b8b3297',106500,2071,1654033671,1654033671);
INSERT INTO player_score VALUES('6358bad4d',34,'472a3b334','3ba8c78f8',312000,1934,1654030015,1654030015);
INSERT INTO player_score VALUES('626613ac5',34,'472a3b334','4d5ecb905',150969,1962,1654004571,1654004571);
INSERT INTO player_score VALUES('63611a621',34,'472a3b334','61e7185d8',34125,1774,1654030893,1654030893);
INSERT INTO player_score VALUES('5d0f0d2dd',34,'4856f67e6','12b8b3297',178488,1944,1653861228,1653861228);
INSERT INTO player_score VALUES('60fe2691e',34,'4856f67e6','2dc370da2',185334,1990,1653966830,1653966830);
INSERT INTO player_score VALUES('6243951a7',34,'4856f67e6','3ba8c78f8',669600,1872,1654000954,1654000954);
INSERT INTO player_score VALUES('631b1f56e',34,'4856f67e6','4d5ecb905',9522,2032,1654023555,1654023555);
INSERT INTO player_score VALUES('6345ca306',34,'4856f67e6','61e7185d8',14280,1664,1654028029,1654028029);
INSERT INTO player_score VALUES('5da0cd348',34,'49267b7f4','12b8b3297',95931,1959,1653876511,1653876511);
INSERT INTO player_score VALUES('569846256',34,'49267b7f4','2dc370da2',151293,1605,1653687712,1653687712);
INSERT INTO player_score VALUES('5ca5ba497',34,'49267b7f4','3ba8c78f8',46835,1617,1653850184,1653850184);
INSERT INTO player_score VALUES('636b3d98e',34,'49267b7f4','4d5ecb905',0,2068,1654031956,1654031956);
INSERT INTO player_score VALUES('636006825',34,'49267b7f4','61e7185d8',56056,1769,1654030780,1654030780);
INSERT INTO player_score VALUES('563afc4a6',34,'4ae6a210f','12b8b3297',7125,1774,1653677930,1653677930);
INSERT INTO player_score VALUES('62c6f1087',34,'4ae6a210f','2dc370da2',10332,2055,1654014728,1654014728);
INSERT INTO player_score VALUES('6227bc33d',34,'4ae6a210f','3ba8c78f8',43146,1865,1653998034,1653998034);
INSERT INTO player_score VALUES('63b5bdd8e',34,'4ae6a210f','4d5ecb905',183456,2091,1654039768,1654039768);
INSERT INTO player_score VALUES('636c14712',34,'4ae6a210f','61e7185d8',45760,1832,1654032044,1654032044);
INSERT INTO player_score VALUES('62c5dd2c2',34,'4c410943a','12b8b3297',6408,2058,1654014615,1654014615);
INSERT INTO player_score VALUES('5bc04d611',34,'4c410943a','2dc370da2',250920,1781,1653826127,1653826127);
INSERT INTO player_score VALUES('62de1656f',34,'4c410943a','4d5ecb905',95040,2017,1654017155,1654017155);
INSERT INTO player_score VALUES('6379e8778',34,'4c410943a','61e7185d8',344500,1902,1654033494,1654033494);
INSERT INTO player_score VALUES('63bd10d9b',34,'4dd1378ed','12b8b3297',65780,2077,1654040536,1654040536);
INSERT INTO player_score VALUES('63513bdf1',34,'4dd1378ed','2dc370da2',100320,2088,1654029229,1654029229);
INSERT INTO player_score VALUES('635828586',34,'4dd1378ed','3ba8c78f8',327807,1933,1654029955,1654029955);
INSERT INTO player_score VALUES('639fb3c4e',34,'4dd1378ed','4d5ecb905',200880,2086,1654037457,1654037457);
INSERT INTO player_score VALUES('5a022c658',34,'4fbb0d81e','12b8b3297',13416,1870,1653779347,1653779347);
INSERT INTO player_score VALUES('5d3b3ea93',34,'4fbb0d81e','2dc370da2',24900,1856,1653865862,1653865862);
INSERT INTO player_score VALUES('639f9b588',34,'4fbb0d81e','4d5ecb905',227556,2085,1654037447,1654037447);
INSERT INTO player_score VALUES('62bced944',34,'4ff401939','12b8b3297',6272,2057,1654013678,1654013678);
INSERT INTO player_score VALUES('608dd88ee',34,'4ff401939','2dc370da2',136530,1977,1653955054,1653955054);
INSERT INTO player_score VALUES('634dc3371',34,'4ff401939','3ba8c78f8',33524,1931,1654028865,1654028865);
INSERT INTO player_score VALUES('62b481cff',34,'4ff401939','4d5ecb905',25900,2003,1654012795,1654012795);
INSERT INTO player_score VALUES('636cbf547',34,'4ff401939','61e7185d8',100980,1834,1654032114,1654032114);
INSERT INTO player_score VALUES('5f8566d2b',34,'5003a09d0','12b8b3297',158760,2003,1653927325,1653927325);
INSERT INTO player_score VALUES('63342f5bc',34,'5003a09d0','3ba8c78f8',14872,1923,1654026183,1654026183);
INSERT INTO player_score VALUES('62729bad2',34,'5003a09d0','4d5ecb905',36000,1970,1654005885,1654005885);
INSERT INTO player_score VALUES('6368faf79',34,'5003a09d0','61e7185d8',162400,1811,1654031719,1654031719);
INSERT INTO player_score VALUES('62e83e701',34,'50fdc1cc3','12b8b3297',352440,2060,1654018220,1654018220);
INSERT INTO player_score VALUES('604ac8976',34,'50fdc1cc3','2dc370da2',38610,1967,1653948022,1653948022);
INSERT INTO player_score VALUES('63c5754e1',34,'50fdc1cc3','3ba8c78f8',122760,1958,1654041416,1654041416);
INSERT INTO player_score VALUES('635d9a637',34,'50fdc1cc3','4d5ecb905',568512,2060,1654030526,1654030526);
INSERT INTO player_score VALUES('637508ea4',34,'50fdc1cc3','61e7185d8',65142,1877,1654032983,1654032983);
INSERT INTO player_score VALUES('6343963a7',34,'52e9b831e','2dc370da2',246384,2080,1654027798,1654027798);
INSERT INTO player_score VALUES('6222c43bf',34,'52e9b831e','3ba8c78f8',2072,1862,1653997513,1653997513);
INSERT INTO player_score VALUES('637be44ba',34,'52e9b831e','4d5ecb905',69700,2074,1654033702,1654033702);
INSERT INTO player_score VALUES('6377e7c48',34,'52e9b831e','61e7185d8',99603,1888,1654033284,1654033284);
INSERT INTO player_score VALUES('5b2f24bb4',34,'55a1aeb07','12b8b3297',77805,1891,1653810906,1653810906);
INSERT INTO player_score VALUES('588c728fc',34,'55a1aeb07','2dc370da2',28143,1665,1653740159,1653740159);
INSERT INTO player_score VALUES('62fc73c59',34,'55a1aeb07','3ba8c78f8',101568,1912,1654020339,1654020339);
INSERT INTO player_score VALUES('6395a8fa2',34,'55a1aeb07','4d5ecb905',28210,2081,1654036404,1654036404);
INSERT INTO player_score VALUES('6375f82c4',34,'55a1aeb07','61e7185d8',303968,1883,1654033081,1654033081);
INSERT INTO player_score VALUES('5ca449a25',34,'5661c09de','12b8b3297',297000,1936,1653850033,1653850033);
INSERT INTO player_score VALUES('6142717d1',34,'5661c09de','2dc370da2',178068,2001,1653973991,1653973991);
INSERT INTO player_score VALUES('617685fc0',34,'5661c09de','3ba8c78f8',756,1830,1653979452,1653979452);
INSERT INTO player_score VALUES('633f778b2',34,'5661c09de','4d5ecb905',25172,2050,1654027366,1654027366);
INSERT INTO player_score VALUES('63791b629',34,'5661c09de','61e7185d8',80496,1894,1654033410,1654033410);
INSERT INTO player_score VALUES('63a813509',34,'5683b4030','12b8b3297',316940,2075,1654038335,1654038335);
INSERT INTO player_score VALUES('5d4719571',34,'5683b4030','2dc370da2',249228,1858,1653867105,1653867105);
INSERT INTO player_score VALUES('63510d7c7',34,'5683b4030','4d5ecb905',0,2055,1654029210,1654029210);
INSERT INTO player_score VALUES('636c601e7',34,'5683b4030','61e7185d8',137428,1833,1654032075,1654032075);
INSERT INTO player_score VALUES('63a4e8c94',34,'5687c1a1f','12b8b3297',61880,2073,1654038003,1654038003);
INSERT INTO player_score VALUES('5e918e7ef',34,'5687c1a1f','2dc370da2',100800,1904,1653901756,1653901756);
INSERT INTO player_score VALUES('63a3a412a',34,'5687c1a1f','3ba8c78f8',93492,1950,1654037870,1654037870);
INSERT INTO player_score VALUES('6329fff12',34,'5687c1a1f','4d5ecb905',70395,2042,1654025115,1654025115);
INSERT INTO player_score VALUES('633d1ef3c',34,'5687c1a1f','61e7185d8',117300,1613,1654027120,1654027120);
INSERT INTO player_score VALUES('5df789c6d',34,'56b1ab97f','12b8b3297',210330,1965,1653885606,1653885606);
INSERT INTO player_score VALUES('61634e91c',34,'56b1ab97f','2dc370da2',41710,2008,1653977437,1653977437);
INSERT INTO player_score VALUES('6399b41f9',34,'56b1ab97f','3ba8c78f8',148764,1947,1654036828,1654036828);
INSERT INTO player_score VALUES('627d479c4',34,'56b1ab97f','4d5ecb905',71000,1976,1654007004,1654007004);
INSERT INTO player_score VALUES('635dd288d',34,'56b1ab97f','61e7185d8',458528,1759,1654030549,1654030549);
INSERT INTO player_score VALUES('5d8b5cec7',34,'57675110c','12b8b3297',284800,1958,1653874263,1653874263);
INSERT INTO player_score VALUES('5ff2fd00c',34,'57675110c','2dc370da2',46920,1951,1653938816,1653938816);
INSERT INTO player_score VALUES('63b73365f',34,'57675110c','4d5ecb905',12960,2092,1654039921,1654039921);
INSERT INTO player_score VALUES('637962327',34,'57675110c','61e7185d8',45675,1898,1654033439,1654033439);
INSERT INTO player_score VALUES('5c4de9d0c',34,'57a642565','12b8b3297',137950,1921,1653840976,1653840976);
INSERT INTO player_score VALUES('6330d6687',34,'57a642565','2dc370da2',3360,2072,1654025832,1654025832);
INSERT INTO player_score VALUES('63bae1c5a',34,'57a642565','3ba8c78f8',28224,1954,1654040307,1654040307);
INSERT INTO player_score VALUES('6373d2d98',34,'57a642565','4d5ecb905',307980,2071,1654032856,1654032856);
INSERT INTO player_score VALUES('637478ddc',34,'57a642565','61e7185d8',44650,1874,1654032924,1654032924);
INSERT INTO player_score VALUES('5dcf6d3c3',34,'59663a888','12b8b3297',232596,1964,1653881400,1653881400);
INSERT INTO player_score VALUES('633cee1ce',34,'59663a888','3ba8c78f8',341964,1928,1654027100,1654027100);
INSERT INTO player_score VALUES('6371a157d',34,'59663a888','61e7185d8',561,1858,1654032626,1654032626);
INSERT INTO player_score VALUES('5ba51f60c',34,'5a911c354','12b8b3297',86625,1905,1653823277,1653823277);
INSERT INTO player_score VALUES('61bbaca55',34,'5a911c354','2dc370da2',25480,2022,1653986703,1653986703);
INSERT INTO player_score VALUES('624b2a079',34,'5a911c354','3ba8c78f8',69967,1875,1654001749,1654001749);
INSERT INTO player_score VALUES('617a800e2',34,'5a911c354','4d5ecb905',91504,1885,1653979869,1653979869);
INSERT INTO player_score VALUES('636490983',34,'5a911c354','61e7185d8',829738,1792,1654031256,1654031256);
INSERT INTO player_score VALUES('635036a41',34,'5b796a694','12b8b3297',30268,2067,1654029122,1654029122);
INSERT INTO player_score VALUES('611ed5461',34,'5b796a694','2dc370da2',3570,1996,1653970257,1653970257);
INSERT INTO player_score VALUES('630990b76',34,'5b796a694','3ba8c78f8',110075,1914,1654021714,1654021714);
INSERT INTO player_score VALUES('6327349a9',34,'5b796a694','4d5ecb905',106925,2040,1654024822,1654024822);
INSERT INTO player_score VALUES('636b1ddc0',34,'5b796a694','61e7185d8',0,1823,1654031943,1654031943);
INSERT INTO player_score VALUES('605e5a5a8',34,'5d2fd6bfd','12b8b3297',286740,2021,1653950074,1653950074);
INSERT INTO player_score VALUES('62ba29912',34,'5d2fd6bfd','3ba8c78f8',41877,1898,1654013388,1654013388);
INSERT INTO player_score VALUES('63019c91a',34,'5d2fd6bfd','4d5ecb905',21432,2025,1654020880,1654020880);
INSERT INTO player_score VALUES('635095ded',34,'5d2fd6bfd','61e7185d8',201960,1706,1654029161,1654029161);
INSERT INTO player_score VALUES('61d66573c',34,'5d9879d9a','12b8b3297',49358,2045,1653989505,1653989505);
INSERT INTO player_score VALUES('6162fdfd6',34,'5d9879d9a','2dc370da2',449631,2007,1653977404,1653977404);
INSERT INTO player_score VALUES('630abd035',34,'5d9879d9a','3ba8c78f8',110160,1915,1654021837,1654021837);
INSERT INTO player_score VALUES('6323fb66a',34,'5d9879d9a','4d5ecb905',19584,2038,1654024484,1654024484);
INSERT INTO player_score VALUES('63618d1e7',34,'5d9879d9a','61e7185d8',310012,1778,1654030940,1654030940);
INSERT INTO player_score VALUES('608135b4b',34,'615495086','12b8b3297',50616,2027,1653953729,1653953729);
INSERT INTO player_score VALUES('638c7501e',34,'615495086','2dc370da2',450800,2093,1654035439,1654035439);
INSERT INTO player_score VALUES('61058354e',34,'615495086','3ba8c78f8',24795,1807,1653967602,1653967602);
INSERT INTO player_score VALUES('629da5c2a',34,'615495086','4d5ecb905',18954,1988,1654010398,1654010398);
INSERT INTO player_score VALUES('6375178eb',34,'615495086','61e7185d8',77805,1878,1654032989,1654032989);
INSERT INTO player_score VALUES('5760e8719',34,'61c63661d','12b8b3297',467728,1802,1653708750,1653708750);
INSERT INTO player_score VALUES('6077df931',34,'61c63661d','2dc370da2',2240,1974,1653952750,1653952750);
INSERT INTO player_score VALUES('62d4fd3dd',34,'61c63661d','3ba8c78f8',416500,1905,1654016201,1654016201);
INSERT INTO player_score VALUES('635d5fc6a',34,'61c63661d','4d5ecb905',12180,2059,1654030502,1654030502);
INSERT INTO player_score VALUES('636af93a6',34,'61c63661d','61e7185d8',251940,1821,1654031928,1654031928);
INSERT INTO player_score VALUES('6267d0015',34,'6218359aa','12b8b3297',92400,2054,1654004753,1654004753);
INSERT INTO player_score VALUES('5d2e48c90',34,'6218359aa','2dc370da2',281600,1853,1653864503,1653864503);
INSERT INTO player_score VALUES('62b07432a',34,'6218359aa','3ba8c78f8',665322,1895,1654012370,1654012370);
INSERT INTO player_score VALUES('62b40c9d4',34,'6218359aa','4d5ecb905',59160,2002,1654012747,1654012747);
INSERT INTO player_score VALUES('637100312',34,'6218359aa','61e7185d8',224532,1855,1654032560,1654032560);
INSERT INTO player_score VALUES('615a3a578',34,'621c9153b','12b8b3297',54538,2039,1653976485,1653976485);
INSERT INTO player_score VALUES('513c90e72',34,'621c9153b','2dc370da2',7395,1393,1653543878,1653543878);
INSERT INTO player_score VALUES('61cc61fa5',34,'621c9153b','4d5ecb905',274988,1909,1653988455,1653988455);
INSERT INTO player_score VALUES('637936434',34,'621c9153b','61e7185d8',197316,1895,1654033421,1654033421);
INSERT INTO player_score VALUES('58e375f83',34,'62a90b3e6','12b8b3297',175104,1848,1653749283,1653749283);
INSERT INTO player_score VALUES('62f7f84d8',34,'62a90b3e6','2dc370da2',23088,2064,1654019869,1654019869);
INSERT INTO player_score VALUES('6217fd6fe',34,'62a90b3e6','3ba8c78f8',28386,1858,1653996383,1653996383);
INSERT INTO player_score VALUES('5f48da525',34,'62a90b3e6','4d5ecb905',399740,1675,1653920976,1653920976);
INSERT INTO player_score VALUES('6378b26c7',34,'62a90b3e6','61e7185d8',50688,1892,1654033367,1654033367);
INSERT INTO player_score VALUES('63592b22c',34,'f2c13c02','12b8b3297',0,2069,1654030061,1654030061);
INSERT INTO player_score VALUES('60c3343db',34,'f2c13c02','2dc370da2',7056,1984,1653960649,1653960649);
INSERT INTO player_score VALUES('63a15f029',34,'f2c13c02','3ba8c78f8',71280,1949,1654037632,1654037632);
INSERT INTO player_score VALUES('63682b766',34,'f2c13c02','4d5ecb905',7425,2067,1654031634,1654031634);
INSERT INTO player_score VALUES('5c05878d3',34,'f623c7f7','12b8b3297',11016,1917,1653833386,1653833386);
INSERT INTO player_score VALUES('6039f8691',34,'f623c7f7','2dc370da2',68096,1965,1653946259,1653946259);
INSERT INTO player_score VALUES('620996eb7',34,'f623c7f7','3ba8c78f8',39600,1853,1653994873,1653994873);
INSERT INTO player_score VALUES('5ea32204e',34,'f623c7f7','4d5ecb905',173184,1620,1653903599,1653903599);
INSERT INTO player_score VALUES('6378b9bdb',34,'f623c7f7','61e7185d8',141288,1893,1654033370,1654033370);
INSERT INTO player_score VALUES('58849e2a5',34,'f6cf7149','12b8b3297',4200,1839,1653739338,1653739338);
INSERT INTO player_score VALUES('634da1062',34,'f6cf7149','2dc370da2',13986,2087,1654028851,1654028851);
INSERT INTO player_score VALUES('62ec84302',34,'f6cf7149','3ba8c78f8',61824,1910,1654018668,1654018668);
INSERT INTO player_score VALUES('6373b0abf',34,'f6cf7149','4d5ecb905',370512,2070,1654032842,1654032842);
INSERT INTO player_score VALUES('635aa7fe5',34,'f6cf7149','61e7185d8',49875,1740,1654030217,1654030217);
COMMIT;
