
BEGIN;
CREATE TABLE IF NOT EXISTS competition (
  id VARCHAR(255) NOT NULL PRIMARY KEY,
  tenant_id BIGINT NOT NULL,
  title TEXT NOT NULL,
  finished_at BIGINT NULL,
  created_at BIGINT NOT NULL,
  updated_at BIGINT NOT NULL
);
INSERT INTO competition VALUES('10c826747',35,'横浜倶楽部大会',NULL,1651813684,1653830848);
INSERT INTO competition VALUES('211429239',35,'柿劇場 #6',NULL,1652251151,1653000467);
INSERT INTO competition VALUES('3a7bfd9d0',35,'ふつうの赤羽パンチ',1653800691,1652933127,1653800691);
INSERT INTO competition VALUES('4974a5431',35,'エラスティックうどんゲート vol.1',NULL,1653335010,1653427414);
INSERT INTO competition VALUES('61e858308',35,'カメララボ杯',NULL,1653991387,1654004790);
CREATE TABLE IF NOT EXISTS player (
  id VARCHAR(255) NOT NULL PRIMARY KEY,
  tenant_id BIGINT NOT NULL,
  display_name TEXT NOT NULL,
  is_disqualified BOOLEAN NOT NULL,
  created_at BIGINT NOT NULL,
  updated_at BIGINT NOT NULL
);
INSERT INTO player VALUES('e899bf0f',35,'Kariane Mitchell',0,1651753439,1653979702);
INSERT INTO player VALUES('ec9ea58d',35,'Jadyn Luettgen',1,1651760182,1653774741);
INSERT INTO player VALUES('eede8361',35,'Mr. Torey Barrows Sr.',0,1651763956,1652910142);
INSERT INTO player VALUES('f3d03b03',35,'Marcus Jones',0,1651772251,1652823522);
INSERT INTO player VALUES('fba3dc60',35,'Kaylie Cronin',0,1651785382,1652917804);
INSERT INTO player VALUES('1081aeebd',35,'Mr. Nikko Reynolds II',1,1651806295,1653364467);
INSERT INTO player VALUES('116176827',35,'Ms. Blanca Mueller V',0,1651829760,1653479941);
INSERT INTO player VALUES('117648189',35,'Gerhard Herman PhD',0,1651831943,1653032194);
INSERT INTO player VALUES('11adeb44a',35,'Justus Bartoletti',0,1651837777,1653546967);
INSERT INTO player VALUES('1239d7971',35,'Giovanny Weimann',0,1651852449,1652973278);
INSERT INTO player VALUES('139ecfd96',35,'Ms. Christa Oberbrunner I',0,1651889880,1653721092);
INSERT INTO player VALUES('13bcf7925',35,'Jazmyn Erdman',1,1651893042,1652518694);
INSERT INTO player VALUES('13c7be5eb',35,'Ms. Kariane Bartoletti Jr.',0,1651894172,1652965991);
INSERT INTO player VALUES('1408d288f',35,'Kaleb Streich',0,1651900996,1652788568);
INSERT INTO player VALUES('14222bcbd',35,'Charley Carroll DDS',0,1651903654,1651909026);
INSERT INTO player VALUES('14f44183f',35,'Ms. Erica Lemke I',0,1651925683,1652777386);
INSERT INTO player VALUES('156e7f754',35,'Darren Nitzsche II',0,1651938501,1653034019);
INSERT INTO player VALUES('15c59b434',35,'Ms. Vernie Torp MD',0,1651947635,1652409668);
INSERT INTO player VALUES('1675e23c0',35,'Ms. Kelsi Gibson',0,1651966119,1652372944);
INSERT INTO player VALUES('16d4362db',35,'Roberta Roob',0,1651976010,1653422878);
INSERT INTO player VALUES('1711663c7',35,'Augustus Wehner',0,1651982426,1652938380);
INSERT INTO player VALUES('179cc9d7f',35,'Clara Schuppe',0,1651997042,1653129770);
INSERT INTO player VALUES('1832e321d',35,'Mr. Jamarcus Hilll III',0,1652012781,1652444167);
INSERT INTO player VALUES('196777b50',35,'Burnice Windler',0,1652045138,1653021514);
INSERT INTO player VALUES('19e57ee61',35,'Buster Dicki',0,1652058353,1652607363);
INSERT INTO player VALUES('1a50cb25d',35,'Sydnie Wunsch',0,1652069604,1653286529);
INSERT INTO player VALUES('1acd5f3ff',35,'Myron Hamill Jr.',0,1652082667,1653709759);
INSERT INTO player VALUES('1c2a96a91',35,'Joanny Ebert',0,1652119285,1652435072);
INSERT INTO player VALUES('1ccaa735c',35,'Esteban Kunde',0,1652136069,1652886545);
INSERT INTO player VALUES('1d7d5a4ab',35,'Mr. Jerrell Howell MD',0,1652154807,1653857695);
INSERT INTO player VALUES('1f04fd12d',35,'Blaze Kemmer PhD',0,1652195873,1653328612);
INSERT INTO player VALUES('1f2691426',35,'Mellie Crooks',0,1652199394,1652937951);
INSERT INTO player VALUES('1f2cba6c7',35,'Ronny O"Reilly',0,1652200040,1652201689);
INSERT INTO player VALUES('1f9a8da85',35,'Mr. Leo Schaefer V',0,1652211556,1653737073);
INSERT INTO player VALUES('1fcddc6bb',35,'Keely Cruickshank',0,1652216936,1652972936);
INSERT INTO player VALUES('214022777',35,'Mable Lakin Sr.',0,1652255762,1652830616);
INSERT INTO player VALUES('219f2d85d',35,'Macy Hills',0,1652265728,1653460536);
INSERT INTO player VALUES('228ec2852',35,'Brandyn Haag',0,1652290850,1652373177);
INSERT INTO player VALUES('23afaa7d4',35,'Buck Weimann',1,1652321144,1653710255);
INSERT INTO player VALUES('243cef09c',35,'Nichole Williamson',1,1652335957,1653790944);
INSERT INTO player VALUES('25119a650',35,'Mr. Geo Jaskolski DVM',0,1652358257,1652561085);
INSERT INTO player VALUES('2526c6530',35,'Malachi Leannon',0,1652360477,1652638472);
INSERT INTO player VALUES('25d592da0',35,'Mr. Darrion Quitzon',0,1652378806,1654033513);
INSERT INTO player VALUES('26369c2aa',35,'Mr. Isaias Blanda',0,1652388981,1652705134);
INSERT INTO player VALUES('2678abc4d',35,'Jackeline Turner V',0,1652395908,1653884254);
INSERT INTO player VALUES('26e9da625',35,'Mr. Davion Hahn',1,1652407776,1652423328);
INSERT INTO player VALUES('2810987c5',35,'Lavada Borer Jr.',0,1652438682,1653452028);
INSERT INTO player VALUES('2885730a8',35,'Irwin Steuber',0,1652450935,1653466962);
INSERT INTO player VALUES('28bd4beb7',35,'Mr. Clint Nikolaus V',0,1652456791,1653483667);
INSERT INTO player VALUES('29cdbe029',35,'Bette Von II',0,1652485359,1652588825);
INSERT INTO player VALUES('2a47ab64c',35,'Elnora Ferry',0,1652498144,1653512161);
INSERT INTO player VALUES('2bebf1b96',35,'Makayla Marks PhD',0,1652542213,1653864919);
INSERT INTO player VALUES('2c11f0488',35,'Gerry Yundt MD',0,1652546197,1653308476);
INSERT INTO player VALUES('2c85e2e3c',35,'Ms. Lillian Altenwerth PhD',0,1652558355,1652858743);
INSERT INTO player VALUES('2dbc8e240',35,'Mr. Caesar Olson',1,1652590931,1653619226);
INSERT INTO player VALUES('2e22351a4',35,'Robert Pouros',0,1652601590,1652885523);
INSERT INTO player VALUES('2ea904d35',35,'Ms. Linda Hermann DVM',0,1652615726,1652968843);
INSERT INTO player VALUES('2edb92b44',35,'Gordon Greenfelder II',0,1652621027,1653503718);
INSERT INTO player VALUES('2ee9051b2',35,'Ms. Lola Kilback DDS',1,1652622437,1653060177);
INSERT INTO player VALUES('2f8d6c80d',35,'Brionna Hoeger',0,1652639676,1653606172);
INSERT INTO player VALUES('304f4bdb2',35,'Connor Kunde',0,1652660005,1653408724);
INSERT INTO player VALUES('30800770c',35,'Ms. Christiana Stamm DVM',0,1652665115,1653313075);
INSERT INTO player VALUES('31b497243',35,'Haylee Wiza',0,1652697470,1654004314);
INSERT INTO player VALUES('321b54686',35,'Grady Mosciski',0,1652708243,1652985061);
INSERT INTO player VALUES('32be65ffe',35,'Christine Lakin',0,1652725342,1652791381);
INSERT INTO player VALUES('3330ecdb8',35,'Mr. Morton VonRueden',0,1652737351,1653853466);
INSERT INTO player VALUES('339068387',35,'Mr. Alfred Jacobi',0,1652747363,1652901656);
INSERT INTO player VALUES('347ffd36b',35,'Otilia Bernier',0,1652772485,1652934634);
INSERT INTO player VALUES('34e5d501b',35,'Flo Fisher',0,1652783164,1653574119);
INSERT INTO player VALUES('35601cb7f',35,'Riley Pollich',0,1652795986,1653562890);
INSERT INTO player VALUES('357daf817',35,'Naomi Flatley I',0,1652799087,1653918104);
INSERT INTO player VALUES('37af26dc6',35,'Mr. Nikolas Kuhic',0,1652857961,1653681953);
INSERT INTO player VALUES('3821cfe1d',35,'Delilah Lubowitz',0,1652869984,1652999187);
INSERT INTO player VALUES('389c745cf',35,'Mr. Merl Price',1,1652882844,1653391967);
INSERT INTO player VALUES('38d6d4355',35,'Adalberto Schmeler',0,1652888965,1653912247);
INSERT INTO player VALUES('3994333bb',35,'Camden Ondricka III',0,1652908822,1653957049);
INSERT INTO player VALUES('39ae30107',35,'Austin Bartell',0,1652911547,1653796458);
INSERT INTO player VALUES('39bef40f2',35,'Kody Parisian',0,1652913305,1653623874);
INSERT INTO player VALUES('3a72435bf',35,'Darian Abernathy',0,1652932107,1653715722);
INSERT INTO player VALUES('3b318aa7e',35,'Coy Paucek',0,1652952164,1653108384);
INSERT INTO player VALUES('3b48818c8',35,'Derek Wyman V',0,1652954572,1653832446);
INSERT INTO player VALUES('3ca7f9266',35,'Ms. Keely Trantow',0,1652991426,1653103731);
INSERT INTO player VALUES('3d965a867',35,'Rahsaan Stoltenberg',0,1653016422,1653977425);
INSERT INTO player VALUES('3efc029b5',35,'Karson Hilll',0,1653053925,1653977853);
INSERT INTO player VALUES('3f0ca6d73',35,'Kira Glover I',0,1653055670,1653642114);
INSERT INTO player VALUES('3f7cc677d',35,'Mr. Makenna Emmerich Jr.',0,1653067427,1653790627);
INSERT INTO player VALUES('3fb53445f',35,'Ms. Estella Kessler',0,1653073344,1653228941);
INSERT INTO player VALUES('400bfa9d1',35,'Shyanne White',0,1653082443,1653575118);
INSERT INTO player VALUES('403ec7fd7',35,'Mr. Melvina McClure PhD',0,1653087770,1653673744);
INSERT INTO player VALUES('40621fd54',35,'Maud Braun',0,1653091476,1653277785);
INSERT INTO player VALUES('42b31e7a7',35,'Gretchen Koepp',0,1653153656,1654027778);
INSERT INTO player VALUES('4420764fc',35,'Desiree Pollich',1,1653191965,1653369480);
INSERT INTO player VALUES('4497e40a2',35,'Mr. Robb Ziemann Jr.',0,1653204488,1653828234);
INSERT INTO player VALUES('451dff174',35,'Emmalee Donnelly',0,1653218550,1653995148);
INSERT INTO player VALUES('466bb73ac',35,'Alycia Jenkins',0,1653253543,1653524223);
INSERT INTO player VALUES('46c412d96',35,'Ms. Audie Hermiston PhD',0,1653262808,1653419272);
INSERT INTO player VALUES('46df3988a',35,'Coty Boehm',0,1653265655,1653925750);
INSERT INTO player VALUES('478ab207f',35,'Madyson Kuhlman IV',0,1653283635,1653686748);
INSERT INTO player VALUES('47d7f64ab',35,'Rylee Koss',1,1653291737,1653699679);
INSERT INTO player VALUES('48430583b',35,'Vincenza Crooks',1,1653302963,1653496348);
INSERT INTO player VALUES('498b94d83',35,'Mr. Roy Robel',0,1653337415,1653946526);
INSERT INTO player VALUES('4b0e46fcc',35,'Deonte Stoltenberg V',1,1653377963,1653427973);
INSERT INTO player VALUES('4b5d1e16d',35,'Ms. Hermina Emard',0,1653386230,1653863617);
INSERT INTO player VALUES('4b7eb99e2',35,'Josephine Medhurst',0,1653389754,1653955184);
INSERT INTO player VALUES('4bac4aa5d',35,'Mr. Charlie Schaden II',0,1653394532,1653542667);
INSERT INTO player VALUES('4c3036a35',35,'Lilla Bechtelar MD',0,1653408365,1653782988);
INSERT INTO player VALUES('4c9476b03',35,'Ms. Alayna Kuvalis II',0,1653418877,1653885439);
INSERT INTO player VALUES('4cc7949ef',35,'Sofia Runte',0,1653424237,1653631137);
INSERT INTO player VALUES('4d326e217',35,'Mr. Sidney Williamson Jr.',0,1653435441,1653988478);
INSERT INTO player VALUES('4d8b43d41',35,'Ms. Edythe Legros MD',0,1653444756,1653910387);
INSERT INTO player VALUES('4fda8b051',35,'Ariel Lynch',0,1653506756,1653933498);
INSERT INTO player VALUES('503fbf39c',35,'Mervin Schoen',0,1653517368,1653884649);
INSERT INTO player VALUES('512b37fdd',35,'Mr. Nicholaus Sporer',0,1653542059,1653686173);
INSERT INTO player VALUES('516aaf8b9',35,'Jerrod Haley',0,1653548714,1653874221);
INSERT INTO player VALUES('5225d0d02',35,'Reba Jaskolski',0,1653568336,1653946834);
INSERT INTO player VALUES('52266d158',35,'Armand Lynch',0,1653568400,1653602234);
INSERT INTO player VALUES('523452325',35,'Ms. Helena Hoppe IV',0,1653569857,1653594130);
INSERT INTO player VALUES('524614199',35,'Ms. Nova Nolan PhD',0,1653571719,1653858739);
INSERT INTO player VALUES('52a8b7926',35,'Kennedi Champlin',0,1653582062,1653785803);
INSERT INTO player VALUES('531bc9951',35,'Edison Rempel DVM',0,1653594128,1653877113);
INSERT INTO player VALUES('53465c019',35,'Ms. Arvilla Daniel Jr.',0,1653598592,1654007122);
INSERT INTO player VALUES('539a9dd43',35,'April Romaguera',0,1653607427,1653939208);
INSERT INTO player VALUES('5516b6894',35,'Dion Deckow DVM',0,1653647283,1653876145);
INSERT INTO player VALUES('56d8f3c15',35,'Ms. Fiona Will III',0,1653694494,1653935972);
INSERT INTO player VALUES('571545a34',35,'Misael Smith DDS',0,1653700819,1653999543);
INSERT INTO player VALUES('5784fc469',35,'Rusty Schamberger',0,1653712533,1653932789);
INSERT INTO player VALUES('57937b397',35,'Shane Will',0,1653714053,1654031944);
INSERT INTO player VALUES('5819ff415',35,'Mr. Kody Nienow Jr.',1,1653728158,1653960183);
INSERT INTO player VALUES('582447176',35,'Madilyn Leffler',0,1653729236,1653960973);
INSERT INTO player VALUES('589c7824c',35,'Owen Trantow',0,1653741839,1653917245);
INSERT INTO player VALUES('58fdc0edf',35,'Isidro O"Connell',0,1653752040,1653993084);
INSERT INTO player VALUES('59a55a31e',35,'Ova Monahan IV',0,1653769614,1653916666);
INSERT INTO player VALUES('5a259f1b0',35,'Callie Reichel',0,1653783064,1654020291);
INSERT INTO player VALUES('5bdf4e663',35,'Nestor Quitzon I',0,1653829378,1653915037);
INSERT INTO player VALUES('5c09310e0',35,'Connie Douglas',0,1653833770,1654002277);
INSERT INTO player VALUES('5d7f082ee',35,'Annalise Steuber',0,1653872970,1653969219);
INSERT INTO player VALUES('5dcaaaf91',35,'Mr. Reilly Barrows Sr.',0,1653880901,1653998782);
INSERT INTO player VALUES('5de1f9c6b',35,'Ellie Hodkiewicz',0,1653883345,1653961200);
INSERT INTO player VALUES('5f0b37870',35,'Maci Koepp',1,1653914513,1653971185);
INSERT INTO player VALUES('5f8ced173',35,'Jose Abshire III',0,1653928114,1653971153);
INSERT INTO player VALUES('5f96237ad',35,'Mr. Grayson Torphy',0,1653929080,1653996399);
INSERT INTO player VALUES('5ff294096',35,'Mr. Ahmad Mosciski Jr.',0,1653938773,1653956439);
INSERT INTO player VALUES('6115cfb14',35,'Holly Considine PhD',0,1653969311,1654025645);
INSERT INTO player VALUES('615b299d3',35,'Ms. Meta Schumm',0,1653976583,1654019797);
INSERT INTO player VALUES('61889604b',35,'Rory Kiehn',0,1653981346,1654040232);
INSERT INTO player VALUES('6195e3ca9',35,'Terrance Wolff',0,1653982741,1654040967);
INSERT INTO player VALUES('61dd45b3d',35,'Gerard Zemlak',0,1653990226,1654036800);
INSERT INTO player VALUES('61fbec646',35,'Mr. Jovanny Wiegand',0,1653993440,1654020153);
INSERT INTO player VALUES('6244734aa',35,'Carolina Hills',0,1654001045,1654035303);
CREATE TABLE IF NOT EXISTS IF NOT EXISTS player_score (
                              id VARCHAR(255) NOT NULL PRIMARY KEY,
                              tenant_id BIGINT NOT NULL,
                              player_id VARCHAR(255) NOT NULL,
                              competition_id VARCHAR(255) NOT NULL,
                              score BIGINT NOT NULL,
                              row_num BIGINT NOT NULL,
                              created_at BIGINT NOT NULL,
                              updated_at BIGINT NOT NULL
);
INSERT INTO player_score VALUES('6143aedaa',35,'1081aeebd','211429239',93806,2673,1653974121,1653974121);
INSERT INTO player_score VALUES('6219cfc26',35,'1081aeebd','4974a5431',5940,2563,1653996574,1653996574);
INSERT INTO player_score VALUES('63b6a83ef',35,'1081aeebd','61e858308',33696,2825,1654039864,1654039864);
INSERT INTO player_score VALUES('61ff7623b',35,'116176827','10c826747',8448,2759,1653993811,1653993811);
INSERT INTO player_score VALUES('60751dfec',35,'116176827','211429239',128700,2639,1653952461,1653952461);
INSERT INTO player_score VALUES('59cacd97f',35,'116176827','3a7bfd9d0',24174,2341,1653773541,1653773541);
INSERT INTO player_score VALUES('615cf2225',35,'116176827','4974a5431',15870,2506,1653976770,1653976770);
INSERT INTO player_score VALUES('63b8eada8',35,'116176827','61e858308',136170,2839,1654040101,1654040101);
INSERT INTO player_score VALUES('5fe27d637',35,'117648189','10c826747',281952,2681,1653937086,1653937086);
INSERT INTO player_score VALUES('61a89eb69',35,'117648189','211429239',132704,2699,1653984705,1653984705);
INSERT INTO player_score VALUES('59d995c3f',35,'117648189','3a7bfd9d0',2484,2347,1653775091,1653775091);
INSERT INTO player_score VALUES('607cbcae2',35,'117648189','4974a5431',273480,2414,1653953260,1653953260);
INSERT INTO player_score VALUES('63aff17c5',35,'117648189','61e858308',184008,2777,1654039160,1654039160);
INSERT INTO player_score VALUES('63799a5af',35,'11adeb44a','10c826747',292572,2809,1654033462,1654033462);
INSERT INTO player_score VALUES('639664f19',35,'11adeb44a','211429239',14600,2794,1654036481,1654036481);
INSERT INTO player_score VALUES('5939ff491',35,'11adeb44a','3a7bfd9d0',53508,2293,1653758357,1653758357);
INSERT INTO player_score VALUES('632ed5b8c',35,'11adeb44a','4974a5431',15984,2675,1654025622,1654025622);
INSERT INTO player_score VALUES('63af2949b',35,'11adeb44a','61e858308',596400,2772,1654039078,1654039078);
INSERT INTO player_score VALUES('5ac71dde1',35,'1239d7971','10c826747',207207,2506,1653799998,1653799998);
INSERT INTO player_score VALUES('63c13951a',35,'1239d7971','211429239',27621,2796,1654040972,1654040972);
INSERT INTO player_score VALUES('5aae65c35',35,'1239d7971','3a7bfd9d0',38874,2410,1653797406,1653797406);
INSERT INTO player_score VALUES('61684ddf7',35,'1239d7971','4974a5431',80920,2511,1653977961,1653977961);
INSERT INTO player_score VALUES('63b276039',35,'1239d7971','61e858308',12960,2795,1654039424,1654039424);
INSERT INTO player_score VALUES('617a25ba5',35,'139ecfd96','211429239',0,2690,1653979832,1653979832);
INSERT INTO player_score VALUES('58f2568e4',35,'139ecfd96','3a7bfd9d0',61880,2269,1653750843,1653750843);
INSERT INTO player_score VALUES('616aadc36',35,'139ecfd96','4974a5431',44622,2515,1653978210,1653978210);
INSERT INTO player_score VALUES('63addfb2e',35,'139ecfd96','61e858308',13944,2764,1654038943,1654038943);
INSERT INTO player_score VALUES('616e96be9',35,'13bcf7925','10c826747',58254,2740,1653978620,1653978620);
INSERT INTO player_score VALUES('5dd5ac582',35,'13bcf7925','211429239',15096,2534,1653882055,1653882055);
INSERT INTO player_score VALUES('593f16fec',35,'13bcf7925','3a7bfd9d0',425442,2296,1653758891,1653758891);
INSERT INTO player_score VALUES('624e45f1a',35,'13bcf7925','4974a5431',207480,2584,1654002075,1654002075);
INSERT INTO player_score VALUES('63ab53d60',35,'13bcf7925','61e858308',0,2744,1654038676,1654038676);
INSERT INTO player_score VALUES('5edadb249',35,'13c7be5eb','10c826747',22500,2644,1653909442,1653909442);
INSERT INTO player_score VALUES('5a34785ea',35,'13c7be5eb','211429239',8184,2375,1653784621,1653784621);
INSERT INTO player_score VALUES('593a37709',35,'13c7be5eb','3a7bfd9d0',1520,2294,1653758380,1653758380);
INSERT INTO player_score VALUES('638816d6d',35,'13c7be5eb','4974a5431',108750,2711,1654034981,1654034981);
INSERT INTO player_score VALUES('63974590e',35,'13c7be5eb','61e858308',84672,2637,1654036573,1654036573);
INSERT INTO player_score VALUES('6326985a6',35,'1408d288f','10c826747',177205,2798,1654024758,1654024758);
INSERT INTO player_score VALUES('621863faf',35,'1408d288f','211429239',68904,2721,1653996425,1653996425);
INSERT INTO player_score VALUES('56d888526',35,'1408d288f','3a7bfd9d0',452760,2101,1653694450,1653694450);
INSERT INTO player_score VALUES('6295b40dc',35,'1408d288f','4974a5431',51865,2614,1654009565,1654009565);
INSERT INTO player_score VALUES('63add5ed3',35,'1408d288f','61e858308',125136,2762,1654038939,1654038939);
INSERT INTO player_score VALUES('62dc37d11',35,'14222bcbd','211429239',21312,2769,1654016959,1654016959);
INSERT INTO player_score VALUES('5a377e4bf',35,'14222bcbd','3a7bfd9d0',262880,2372,1653784938,1653784938);
INSERT INTO player_score VALUES('63b91baee',35,'14222bcbd','4974a5431',5822,2728,1654040121,1654040121);
INSERT INTO player_score VALUES('6389320bc',35,'14222bcbd','61e858308',334800,2548,1654035097,1654035097);
INSERT INTO player_score VALUES('5da86e54c',35,'14f44183f','10c826747',164082,2603,1653877311,1653877311);
INSERT INTO player_score VALUES('63642a116',35,'14f44183f','211429239',25740,2789,1654031214,1654031214);
INSERT INTO player_score VALUES('5a49a92fd',35,'14f44183f','3a7bfd9d0',122496,2382,1653786843,1653786843);
INSERT INTO player_score VALUES('631c30c8d',35,'14f44183f','4974a5431',404928,2667,1654023667,1654023667);
INSERT INTO player_score VALUES('63c28f1ce',35,'14f44183f','61e858308',60720,2893,1654041112,1654041112);
INSERT INTO player_score VALUES('5648e3ddf',35,'156e7f754','10c826747',8241,2348,1653679388,1653679388);
INSERT INTO player_score VALUES('62f904df7',35,'156e7f754','211429239',5292,2773,1654019979,1654019979);
INSERT INTO player_score VALUES('5a82df304',35,'156e7f754','3a7bfd9d0',421740,2397,1653792842,1653792842);
INSERT INTO player_score VALUES('63c0feb79',35,'156e7f754','4974a5431',14076,2731,1654040948,1654040948);
INSERT INTO player_score VALUES('63b78dba5',35,'156e7f754','61e858308',11760,2832,1654039958,1654039958);
INSERT INTO player_score VALUES('635db0594',35,'15c59b434','10c826747',532220,2807,1654030535,1654030535);
INSERT INTO player_score VALUES('629ae69e9',35,'15c59b434','211429239',4623,2755,1654010110,1654010110);
INSERT INTO player_score VALUES('621bae42c',35,'15c59b434','4974a5431',26598,2564,1653996770,1653996770);
INSERT INTO player_score VALUES('63a8d911a',35,'1675e23c0','10c826747',141680,2814,1654038416,1654038416);
INSERT INTO player_score VALUES('626b3eeb4',35,'1675e23c0','211429239',39950,2741,1654005113,1654005113);
INSERT INTO player_score VALUES('63c245e0d',35,'1675e23c0','61e858308',337155,2888,1654041082,1654041082);
INSERT INTO player_score VALUES('5edd362b4',35,'16d4362db','10c826747',4200,2647,1653909689,1653909689);
INSERT INTO player_score VALUES('62a607c09',35,'16d4362db','211429239',245700,2759,1654011277,1654011277);
INSERT INTO player_score VALUES('5a3f21de5',35,'16d4362db','3a7bfd9d0',0,2376,1653785739,1653785739);
INSERT INTO player_score VALUES('63609dda2',35,'16d4362db','4974a5431',4056,2692,1654030842,1654030842);
INSERT INTO player_score VALUES('63bfb2b0c',35,'16d4362db','61e858308',195300,2881,1654040812,1654040812);
INSERT INTO player_score VALUES('61b4a7c38',35,'1711663c7','10c826747',10440,2750,1653985967,1653985967);
INSERT INTO player_score VALUES('60817a0ed',35,'1711663c7','211429239',168264,2641,1653953757,1653953757);
INSERT INTO player_score VALUES('5acb85d0a',35,'1711663c7','3a7bfd9d0',108864,2417,1653800460,1653800460);
INSERT INTO player_score VALUES('628344d29',35,'1711663c7','4974a5431',63210,2605,1654007632,1654007632);
INSERT INTO player_score VALUES('63c6efb94',35,'1711663c7','61e858308',247428,2913,1654041571,1654041571);
INSERT INTO player_score VALUES('59c772354',35,'179cc9d7f','10c826747',21952,2475,1653773189,1653773189);
INSERT INTO player_score VALUES('5e07c50d6',35,'179cc9d7f','211429239',98230,2547,1653887308,1653887308);
INSERT INTO player_score VALUES('5abcd39d2',35,'179cc9d7f','3a7bfd9d0',6120,2415,1653798919,1653798919);
INSERT INTO player_score VALUES('62ea6ff32',35,'179cc9d7f','4974a5431',309582,2647,1654018450,1654018450);
INSERT INTO player_score VALUES('63b46cf32',35,'179cc9d7f','61e858308',279312,2807,1654039630,1654039630);
INSERT INTO player_score VALUES('602f53cb9',35,'1832e321d','10c826747',238924,2694,1653945143,1653945143);
INSERT INTO player_score VALUES('6016e9c7d',35,'1832e321d','211429239',398452,2626,1653942583,1653942583);
INSERT INTO player_score VALUES('5a3bf752a',35,'1832e321d','3a7bfd9d0',29568,2374,1653785407,1653785407);
INSERT INTO player_score VALUES('6160eea8f',35,'1832e321d','4974a5431',33630,2507,1653977188,1653977188);
INSERT INTO player_score VALUES('63c2680ac',35,'1832e321d','61e858308',169290,2890,1654041096,1654041096);
INSERT INTO player_score VALUES('6359dd5c2',35,'196777b50','10c826747',81600,2805,1654030134,1654030134);
INSERT INTO player_score VALUES('59238ea56',35,'196777b50','3a7bfd9d0',169756,2285,1653756004,1653756004);
INSERT INTO player_score VALUES('63b0447fe',35,'196777b50','4974a5431',45696,2725,1654039194,1654039194);
INSERT INTO player_score VALUES('63ba93aae',35,'196777b50','61e858308',13350,2854,1654040275,1654040275);
INSERT INTO player_score VALUES('60fcbfad9',35,'19e57ee61','10c826747',300656,2722,1653966683,1653966683);
INSERT INTO player_score VALUES('58df8f6d3',35,'19e57ee61','3a7bfd9d0',125356,2256,1653748874,1653748874);
INSERT INTO player_score VALUES('621f9c20c',35,'19e57ee61','4974a5431',25600,2566,1653997182,1653997182);
INSERT INTO player_score VALUES('63762de26',35,'19e57ee61','61e858308',15762,2440,1654033103,1654033103);
INSERT INTO player_score VALUES('5ef2bc6f6',35,'1a50cb25d','10c826747',16848,2648,1653911946,1653911946);
INSERT INTO player_score VALUES('616975431',35,'1a50cb25d','211429239',80454,2683,1653978082,1653978082);
INSERT INTO player_score VALUES('61e083c66',35,'1a50cb25d','4974a5431',36113,2548,1653990566,1653990566);
INSERT INTO player_score VALUES('63c686bac',35,'1a50cb25d','61e858308',47652,2911,1654041528,1654041528);
INSERT INTO player_score VALUES('5e4213d1c',35,'1acd5f3ff','10c826747',285936,2623,1653893422,1653893422);
INSERT INTO player_score VALUES('5f38b5033',35,'1acd5f3ff','211429239',74250,2591,1653919283,1653919283);
INSERT INTO player_score VALUES('59c43de78',35,'1acd5f3ff','3a7bfd9d0',94668,2338,1653772853,1653772853);
INSERT INTO player_score VALUES('634d3a79b',35,'1acd5f3ff','4974a5431',0,2687,1654028809,1654028809);
INSERT INTO player_score VALUES('63c276b37',35,'1acd5f3ff','61e858308',192080,2892,1654041102,1654041102);
INSERT INTO player_score VALUES('5eb8294d8',35,'1c2a96a91','10c826747',61776,2642,1653905804,1653905804);
INSERT INTO player_score VALUES('621e37b0a',35,'1c2a96a91','211429239',8640,2722,1653997036,1653997036);
INSERT INTO player_score VALUES('56b515a0f',35,'1c2a96a91','3a7bfd9d0',12144,2095,1653690733,1653690733);
INSERT INTO player_score VALUES('629fadc3f',35,'1c2a96a91','4974a5431',117150,2617,1654010611,1654010611);
INSERT INTO player_score VALUES('63c35e9fb',35,'1c2a96a91','61e858308',21320,2900,1654041197,1654041197);
INSERT INTO player_score VALUES('634e5a8f4',35,'1ccaa735c','10c826747',40950,2802,1654028927,1654028927);
INSERT INTO player_score VALUES('5a6c78520',35,'1ccaa735c','3a7bfd9d0',0,2392,1653790493,1653790493);
INSERT INTO player_score VALUES('609738784',35,'1ccaa735c','4974a5431',24840,2430,1653956037,1653956037);
INSERT INTO player_score VALUES('63b6887d0',35,'1ccaa735c','61e858308',104192,2824,1654039851,1654039851);
INSERT INTO player_score VALUES('637e4916e',35,'1d7d5a4ab','10c826747',209760,2810,1654033953,1654033953);
INSERT INTO player_score VALUES('6302ab91f',35,'1d7d5a4ab','211429239',3840,2777,1654020991,1654020991);
INSERT INTO player_score VALUES('5a4b8a226',35,'1d7d5a4ab','3a7bfd9d0',47564,2384,1653787040,1653787040);
INSERT INTO player_score VALUES('632ffaaef',35,'1d7d5a4ab','4974a5431',145992,2676,1654025742,1654025742);
INSERT INTO player_score VALUES('63bef1d0d',35,'1d7d5a4ab','61e858308',27216,2878,1654040733,1654040733);
INSERT INTO player_score VALUES('5b4b2e78d',35,'1f04fd12d','10c826747',639100,2523,1653813846,1653813846);
INSERT INTO player_score VALUES('635ed2e16',35,'1f04fd12d','211429239',137970,2788,1654030654,1654030654);
INSERT INTO player_score VALUES('573af618b',35,'1f04fd12d','3a7bfd9d0',3640,2133,1653704771,1653704771);
INSERT INTO player_score VALUES('623b66667',35,'1f04fd12d','4974a5431',9108,2576,1654000096,1654000096);
INSERT INTO player_score VALUES('638f4a18d',35,'1f04fd12d','61e858308',19584,2582,1654035736,1654035736);
INSERT INTO player_score VALUES('5ea309992',35,'1f2691426','211429239',88616,2578,1653903589,1653903589);
INSERT INTO player_score VALUES('593738d21',35,'1f2691426','3a7bfd9d0',16544,2292,1653758066,1653758066);
INSERT INTO player_score VALUES('63a8e7ba7',35,'1f2691426','4974a5431',17496,2723,1654038422,1654038422);
INSERT INTO player_score VALUES('637c80885',35,'1f2691426','61e858308',43710,2472,1654033766,1654033766);
INSERT INTO player_score VALUES('5c8ccc743',35,'1f2cba6c7','10c826747',176256,2566,1653847570,1653847570);
INSERT INTO player_score VALUES('608f7527a',35,'1f2cba6c7','211429239',903070,2646,1653955223,1653955223);
INSERT INTO player_score VALUES('5820daa1b',35,'1f2cba6c7','3a7bfd9d0',780,2194,1653728877,1653728877);
INSERT INTO player_score VALUES('631426ab6',35,'1f2cba6c7','4974a5431',41535,2662,1654022824,1654022824);
INSERT INTO player_score VALUES('63b679d77',35,'1f2cba6c7','61e858308',321480,2823,1654039845,1654039845);
INSERT INTO player_score VALUES('5565e7f57',35,'1f9a8da85','211429239',96040,2187,1653655587,1653655587);
INSERT INTO player_score VALUES('5a516a0a9',35,'1f9a8da85','3a7bfd9d0',10626,2385,1653787656,1653787656);
INSERT INTO player_score VALUES('63bab8472',35,'1f9a8da85','61e858308',42120,2855,1654040290,1654040290);
INSERT INTO player_score VALUES('628894b1a',35,'1fcddc6bb','10c826747',4928,2776,1654008189,1654008189);
INSERT INTO player_score VALUES('62b1462ad',35,'1fcddc6bb','211429239',273600,2762,1654012456,1654012456);
INSERT INTO player_score VALUES('5ab3677f0',35,'1fcddc6bb','3a7bfd9d0',1632,2412,1653797931,1653797931);
INSERT INTO player_score VALUES('636fb9105',35,'1fcddc6bb','4974a5431',53475,2697,1654032426,1654032426);
INSERT INTO player_score VALUES('638002fbc',35,'1fcddc6bb','61e858308',6120,2492,1654034134,1654034134);
INSERT INTO player_score VALUES('62764ef39',35,'214022777','211429239',166950,2743,1654006273,1654006273);
INSERT INTO player_score VALUES('58746cac8',35,'214022777','3a7bfd9d0',4968,2222,1653737640,1653737640);
INSERT INTO player_score VALUES('620b8dd7d',35,'214022777','4974a5431',117711,2557,1653995079,1653995079);
INSERT INTO player_score VALUES('63b1474b7',35,'214022777','61e858308',13098,2783,1654039300,1654039300);
INSERT INTO player_score VALUES('61191eded',35,'219f2d85d','10c826747',63882,2726,1653969658,1653969658);
INSERT INTO player_score VALUES('6068bf812',35,'219f2d85d','211429239',163748,2637,1653951164,1653951164);
INSERT INTO player_score VALUES('5a61b1839',35,'219f2d85d','3a7bfd9d0',7400,2389,1653789363,1653789363);
INSERT INTO player_score VALUES('61c43f75c',35,'219f2d85d','4974a5431',328,2540,1653987602,1653987602);
INSERT INTO player_score VALUES('63b3e43d3',35,'219f2d85d','61e858308',71344,2803,1654039574,1654039574);
INSERT INTO player_score VALUES('61122631e',35,'228ec2852','10c826747',11826,2724,1653968927,1653968927);
INSERT INTO player_score VALUES('60248f729',35,'228ec2852','211429239',1248,2628,1653944014,1653944014);
INSERT INTO player_score VALUES('58cbf6589',35,'228ec2852','3a7bfd9d0',62510,2250,1653746819,1653746819);
INSERT INTO player_score VALUES('5b094acad',35,'228ec2852','4974a5431',271830,1857,1653806937,1653806937);
INSERT INTO player_score VALUES('63b4dfb49',35,'228ec2852','61e858308',7161,2814,1654039677,1654039677);
INSERT INTO player_score VALUES('62569bb86',35,'23afaa7d4','10c826747',85680,2771,1654002949,1654002949);
INSERT INTO player_score VALUES('58ef3839e',35,'23afaa7d4','3a7bfd9d0',148896,2267,1653750516,1653750516);
INSERT INTO player_score VALUES('63c66e531',35,'23afaa7d4','61e858308',26520,2910,1654041518,1654041518);
INSERT INTO player_score VALUES('62ea4b58b',35,'243cef09c','10c826747',41400,2789,1654018435,1654018435);
INSERT INTO player_score VALUES('6287092f1',35,'243cef09c','211429239',692208,2749,1654008027,1654008027);
INSERT INTO player_score VALUES('5a8cddc32',35,'243cef09c','3a7bfd9d0',188370,2402,1653793890,1653793890);
INSERT INTO player_score VALUES('630a9ad15',35,'243cef09c','4974a5431',20520,2657,1654021823,1654021823);
INSERT INTO player_score VALUES('63badf565',35,'243cef09c','61e858308',79002,2856,1654040306,1654040306);
INSERT INTO player_score VALUES('62f9c5be6',35,'25119a650','10c826747',157080,2793,1654020058,1654020058);
INSERT INTO player_score VALUES('638c5c97d',35,'25119a650','211429239',548328,2792,1654035429,1654035429);
INSERT INTO player_score VALUES('59cda520e',35,'25119a650','3a7bfd9d0',437376,2343,1653773839,1653773839);
INSERT INTO player_score VALUES('63aa3b17f',35,'25119a650','4974a5431',702,2724,1654038561,1654038561);
INSERT INTO player_score VALUES('6390bd343',35,'25119a650','61e858308',9880,2589,1654035888,1654035888);
INSERT INTO player_score VALUES('6120bfff5',35,'2526c6530','10c826747',18270,2728,1653970458,1653970458);
INSERT INTO player_score VALUES('62845d982',35,'2526c6530','211429239',65340,2748,1654007747,1654007747);
INSERT INTO player_score VALUES('5a1a2afc4',35,'2526c6530','3a7bfd9d0',275520,2362,1653781863,1653781863);
INSERT INTO player_score VALUES('62d8143e5',35,'2526c6530','4974a5431',5670,2635,1654016525,1654016525);
INSERT INTO player_score VALUES('638c7775d',35,'2526c6530','61e858308',198450,2567,1654035440,1654035440);
INSERT INTO player_score VALUES('62be14fae',35,'25d592da0','10c826747',41949,2783,1654013799,1654013799);
INSERT INTO player_score VALUES('5a842b35e',35,'25d592da0','3a7bfd9d0',64320,2399,1653792978,1653792978);
INSERT INTO player_score VALUES('62394fb85',35,'25d592da0','4974a5431',111264,2575,1653999877,1653999877);
INSERT INTO player_score VALUES('63b8efbb9',35,'25d592da0','61e858308',105792,2841,1654040103,1654040103);
INSERT INTO player_score VALUES('5b2967057',35,'26369c2aa','10c826747',269808,2518,1653810304,1653810304);
INSERT INTO player_score VALUES('5999204ee',35,'26369c2aa','3a7bfd9d0',50127,2326,1653768332,1653768332);
INSERT INTO player_score VALUES('6279c5311',35,'26369c2aa','4974a5431',120714,2600,1654006636,1654006636);
INSERT INTO player_score VALUES('63bbd106a',35,'26369c2aa','61e858308',20808,2860,1654040405,1654040405);
INSERT INTO player_score VALUES('5ffb15c3f',35,'2678abc4d','211429239',454960,2617,1653939665,1653939665);
INSERT INTO player_score VALUES('5abf6bad0',35,'2678abc4d','3a7bfd9d0',184275,2416,1653799191,1653799191);
INSERT INTO player_score VALUES('6341ed6b6',35,'2678abc4d','4974a5431',450996,2679,1654027624,1654027624);
INSERT INTO player_score VALUES('63b969cf2',35,'2678abc4d','61e858308',18018,2846,1654040153,1654040153);
INSERT INTO player_score VALUES('5dad5a154',35,'26e9da625','10c826747',370832,2604,1653877827,1653877827);
INSERT INTO player_score VALUES('6359b6467',35,'26e9da625','211429239',68552,2787,1654030118,1654030118);
INSERT INTO player_score VALUES('63421209a',35,'26e9da625','4974a5431',9120,2680,1654027639,1654027639);
INSERT INTO player_score VALUES('63bc83406',35,'26e9da625','61e858308',3825,2864,1654040478,1654040478);
INSERT INTO player_score VALUES('5fe870cf6',35,'2810987c5','10c826747',0,2682,1653937710,1653937710);
INSERT INTO player_score VALUES('6005dc8f6',35,'2810987c5','211429239',5856,2619,1653940795,1653940795);
INSERT INTO player_score VALUES('558186453',35,'2810987c5','3a7bfd9d0',0,2010,1653658483,1653658483);
INSERT INTO player_score VALUES('637b829ef',35,'2810987c5','4974a5431',14300,2703,1654033662,1654033662);
INSERT INTO player_score VALUES('63c5ab02d',35,'2810987c5','61e858308',37240,2906,1654041438,1654041438);
INSERT INTO player_score VALUES('614e75a55',35,'2885730a8','10c826747',79000,2736,1653975251,1653975251);
INSERT INTO player_score VALUES('5e5303c2a',35,'2885730a8','211429239',401580,2556,1653895198,1653895198);
INSERT INTO player_score VALUES('59044bb8b',35,'2885730a8','3a7bfd9d0',480,2275,1653752726,1653752726);
INSERT INTO player_score VALUES('6056fb28c',35,'2885730a8','4974a5431',34272,2398,1653949301,1653949301);
INSERT INTO player_score VALUES('639299488',35,'2885730a8','61e858308',399040,2600,1654036083,1654036083);
INSERT INTO player_score VALUES('601d12f06',35,'28bd4beb7','10c826747',772398,2691,1653943229,1653943229);
INSERT INTO player_score VALUES('58d1e9c3e',35,'28bd4beb7','211429239',256500,2308,1653747443,1653747443);
INSERT INTO player_score VALUES('62e3ea065',35,'28bd4beb7','4974a5431',153600,2642,1654017766,1654017766);
INSERT INTO player_score VALUES('639e1e7dd',35,'28bd4beb7','61e858308',12425,2670,1654037291,1654037291);
INSERT INTO player_score VALUES('60636d312',35,'29cdbe029','10c826747',178752,2702,1653950606,1653950606);
INSERT INTO player_score VALUES('5d6d13020',35,'29cdbe029','211429239',90951,2518,1653871087,1653871087);
INSERT INTO player_score VALUES('5996a31d3',35,'29cdbe029','3a7bfd9d0',80886,2325,1653768071,1653768071);
INSERT INTO player_score VALUES('637c8f2e1',35,'29cdbe029','4974a5431',126990,2704,1654033772,1654033772);
INSERT INTO player_score VALUES('63bb6cf07',35,'29cdbe029','61e858308',48720,2858,1654040364,1654040364);
INSERT INTO player_score VALUES('614b8f770',35,'2a47ab64c','10c826747',35960,2735,1653974947,1653974947);
INSERT INTO player_score VALUES('5e85bb299',35,'2a47ab64c','211429239',263340,2572,1653900516,1653900516);
INSERT INTO player_score VALUES('5a4b371e9',35,'2a47ab64c','3a7bfd9d0',214400,2383,1653787006,1653787006);
INSERT INTO player_score VALUES('63755bee3',35,'2a47ab64c','4974a5431',42612,2702,1654033017,1654033017);
INSERT INTO player_score VALUES('63c365f15',35,'2a47ab64c','61e858308',6825,2901,1654041200,1654041200);
INSERT INTO player_score VALUES('5d65aa082',35,'2bebf1b96','10c826747',316158,2598,1653870310,1653870310);
INSERT INTO player_score VALUES('63c6cb19b',35,'2bebf1b96','211429239',701100,2798,1654041556,1654041556);
INSERT INTO player_score VALUES('5a16ece53',35,'2bebf1b96','3a7bfd9d0',26180,2361,1653781523,1653781523);
INSERT INTO player_score VALUES('63a1776d1',35,'2bebf1b96','4974a5431',44712,2719,1654037642,1654037642);
INSERT INTO player_score VALUES('63abc90a9',35,'2bebf1b96','61e858308',559636,2749,1654038724,1654038724);
INSERT INTO player_score VALUES('5a317c381',35,'2c11f0488','10c826747',8424,2487,1653784308,1653784308);
INSERT INTO player_score VALUES('629f02e10',35,'2c11f0488','211429239',0,2758,1654010541,1654010541);
INSERT INTO player_score VALUES('59c9e3391',35,'2c11f0488','3a7bfd9d0',130410,2339,1653773445,1653773445);
INSERT INTO player_score VALUES('615bd9615',35,'2c11f0488','4974a5431',202950,2505,1653976655,1653976655);
INSERT INTO player_score VALUES('63c2bfed4',35,'2c11f0488','61e858308',246500,2894,1654041132,1654041132);
INSERT INTO player_score VALUES('61f214dce',35,'2c85e2e3c','211429239',85860,2712,1653992408,1653992408);
INSERT INTO player_score VALUES('5aa130658',35,'2c85e2e3c','3a7bfd9d0',438000,2408,1653796021,1653796021);
INSERT INTO player_score VALUES('607b3fd0d',35,'2c85e2e3c','4974a5431',24310,2413,1653953104,1653953104);
INSERT INTO player_score VALUES('63b49dc57',35,'2c85e2e3c','61e858308',17100,2813,1654039650,1654039650);
INSERT INTO player_score VALUES('63b21e204',35,'2dbc8e240','10c826747',439992,2815,1654039388,1654039388);
INSERT INTO player_score VALUES('5aea22b62',35,'2dbc8e240','211429239',1804,2410,1653803670,1653803670);
INSERT INTO player_score VALUES('54ba549c1',35,'2dbc8e240','3a7bfd9d0',41151,1944,1653637596,1653637596);
INSERT INTO player_score VALUES('613331ad3',35,'2dbc8e240','4974a5431',14820,2487,1653972392,1653972392);
INSERT INTO player_score VALUES('63a05755c',35,'2dbc8e240','61e858308',12240,2692,1654037524,1654037524);
INSERT INTO player_score VALUES('5f52fffd5',35,'2e22351a4','10c826747',0,2660,1653922040,1653922040);
INSERT INTO player_score VALUES('62fa2283d',35,'2e22351a4','211429239',70560,2774,1654020096,1654020096);
INSERT INTO player_score VALUES('58d47f623',35,'2e22351a4','3a7bfd9d0',271728,2253,1653747714,1653747714);
INSERT INTO player_score VALUES('618ebf2d7',35,'2e22351a4','4974a5431',66120,2528,1653981992,1653981992);
INSERT INTO player_score VALUES('635fe6c51',35,'2e22351a4','61e858308',36112,2279,1654030767,1654030767);
INSERT INTO player_score VALUES('4f4b2aee2',35,'2ea904d35','10c826747',52650,2100,1653491722,1653491722);
INSERT INTO player_score VALUES('6224faa74',35,'2ea904d35','211429239',362208,2723,1653997745,1653997745);
INSERT INTO player_score VALUES('59edbc763',35,'2ea904d35','3a7bfd9d0',45784,2351,1653777204,1653777204);
INSERT INTO player_score VALUES('5f9ce670a',35,'2ea904d35','4974a5431',231012,2309,1653929789,1653929789);
INSERT INTO player_score VALUES('6392c7a73',35,'2ea904d35','61e858308',4182,2603,1654036102,1654036102);
INSERT INTO player_score VALUES('62758450a',35,'2edb92b44','10c826747',39852,2773,1654006190,1654006190);
INSERT INTO player_score VALUES('5c943089e',35,'2edb92b44','211429239',57942,2473,1653848345,1653848345);
INSERT INTO player_score VALUES('63a3ab64a',35,'2edb92b44','4974a5431',5850,2720,1654037873,1654037873);
INSERT INTO player_score VALUES('63be57ff7',35,'2edb92b44','61e858308',6216,2874,1654040670,1654040670);
INSERT INTO player_score VALUES('5c3037476',35,'2ee9051b2','10c826747',231000,2554,1653837862,1653837862);
INSERT INTO player_score VALUES('6314b1d5b',35,'2ee9051b2','211429239',202176,2779,1654022881,1654022881);
INSERT INTO player_score VALUES('58ceb7e9b',35,'2ee9051b2','3a7bfd9d0',273798,2251,1653747108,1653747108);
INSERT INTO player_score VALUES('62c3d041f',35,'2ee9051b2','4974a5431',6930,2631,1654014400,1654014400);
INSERT INTO player_score VALUES('63a821fbc',35,'2ee9051b2','61e858308',45360,2729,1654038341,1654038341);
INSERT INTO player_score VALUES('613c4d378',35,'2f8d6c80d','10c826747',131220,2732,1653973347,1653973347);
INSERT INTO player_score VALUES('6298b78d7',35,'2f8d6c80d','211429239',278784,2754,1654009881,1654009881);
INSERT INTO player_score VALUES('629deefff',35,'2f8d6c80d','4974a5431',62700,2615,1654010428,1654010428);
INSERT INTO player_score VALUES('63bed4887',35,'2f8d6c80d','61e858308',4473,2877,1654040721,1654040721);
INSERT INTO player_score VALUES('62db74838',35,'304f4bdb2','10c826747',7020,2786,1654016879,1654016879);
INSERT INTO player_score VALUES('6195cdd00',35,'304f4bdb2','211429239',360360,2694,1653982732,1653982732);
INSERT INTO player_score VALUES('5a918ef1b',35,'304f4bdb2','3a7bfd9d0',159000,2404,1653794382,1653794382);
INSERT INTO player_score VALUES('63a866560',35,'304f4bdb2','4974a5431',11132,2722,1654038369,1654038369);
INSERT INTO player_score VALUES('63c6362a3',35,'304f4bdb2','61e858308',720900,2908,1654041495,1654041495);
INSERT INTO player_score VALUES('5cedc71df',35,'30800770c','10c826747',151998,2581,1653857739,1653857739);
INSERT INTO player_score VALUES('62a78bf15',35,'30800770c','211429239',521640,2760,1654011436,1654011436);
INSERT INTO player_score VALUES('63986f6d2',35,'30800770c','4974a5431',787200,2718,1654036695,1654036695);
INSERT INTO player_score VALUES('63b802e80',35,'30800770c','61e858308',170128,2834,1654040006,1654040006);
INSERT INTO player_score VALUES('6228c8c16',35,'31b497243','10c826747',2752,2764,1653998144,1653998144);
INSERT INTO player_score VALUES('59808a5e4',35,'31b497243','3a7bfd9d0',18755,2317,1653765754,1653765754);
INSERT INTO player_score VALUES('633dc9dc1',35,'31b497243','4974a5431',0,2678,1654027190,1654027190);
INSERT INTO player_score VALUES('63c71936f',35,'31b497243','61e858308',142994,2916,1654041588,1654041588);
INSERT INTO player_score VALUES('5c37c0024',35,'321b54686','10c826747',31680,2555,1653838652,1653838652);
INSERT INTO player_score VALUES('60e88cc9d',35,'321b54686','211429239',135168,2662,1653964565,1653964565);
INSERT INTO player_score VALUES('59ca119d3',35,'321b54686','3a7bfd9d0',114570,2340,1653773464,1653773464);
INSERT INTO player_score VALUES('63a4f017c',35,'321b54686','61e858308',218250,2710,1654038006,1654038006);
INSERT INTO player_score VALUES('63bd97234',35,'32be65ffe','10c826747',3864,2819,1654040591,1654040591);
INSERT INTO player_score VALUES('5b241c086',35,'32be65ffe','211429239',339340,2421,1653809749,1653809749);
INSERT INTO player_score VALUES('628152c4c',35,'32be65ffe','4974a5431',11520,2604,1654007428,1654007428);
INSERT INTO player_score VALUES('63c10fd19',35,'32be65ffe','61e858308',104632,2886,1654040955,1654040955);
INSERT INTO player_score VALUES('5d7f9d180',35,'3330ecdb8','211429239',128592,2523,1653873031,1653873031);
INSERT INTO player_score VALUES('5ab8de684',35,'3330ecdb8','3a7bfd9d0',36936,2413,1653798504,1653798504);
INSERT INTO player_score VALUES('63b958b71',35,'3330ecdb8','61e858308',221,2845,1654040146,1654040146);
INSERT INTO player_score VALUES('6058fbdb5',35,'339068387','10c826747',2920,2700,1653949511,1653949511);
INSERT INTO player_score VALUES('59031a8bc',35,'339068387','3a7bfd9d0',112654,2274,1653752601,1653752601);
INSERT INTO player_score VALUES('62a2b896b',35,'339068387','4974a5431',337366,2619,1654010930,1654010930);
INSERT INTO player_score VALUES('63baf7c01',35,'339068387','61e858308',171380,2857,1654040316,1654040316);
INSERT INTO player_score VALUES('6354ca83e',35,'347ffd36b','10c826747',728,2804,1654029602,1654029602);
INSERT INTO player_score VALUES('6385cf5bb',35,'347ffd36b','211429239',8008,2791,1654034742,1654034742);
INSERT INTO player_score VALUES('582b0c7aa',35,'347ffd36b','3a7bfd9d0',30889,2198,1653729946,1653729946);
INSERT INTO player_score VALUES('63a490e5d',35,'347ffd36b','61e858308',23998,2707,1654037967,1654037967);
INSERT INTO player_score VALUES('611b83a8f',35,'34e5d501b','10c826747',141015,2727,1653969909,1653969909);
INSERT INTO player_score VALUES('63b197d97',35,'34e5d501b','211429239',38400,2795,1654039333,1654039333);
INSERT INTO player_score VALUES('56d7cec6e',35,'34e5d501b','3a7bfd9d0',151392,2100,1653694374,1653694374);
INSERT INTO player_score VALUES('626c9c0bd',35,'34e5d501b','4974a5431',312576,2592,1654005256,1654005256);
INSERT INTO player_score VALUES('6174a9eed',35,'35601cb7f','10c826747',261250,2742,1653979257,1653979257);
INSERT INTO player_score VALUES('59d214612',35,'35601cb7f','211429239',360640,2353,1653774304,1653774304);
INSERT INTO player_score VALUES('5a0f57fac',35,'35601cb7f','3a7bfd9d0',0,2357,1653780728,1653780728);
INSERT INTO player_score VALUES('63b373ec9',35,'35601cb7f','4974a5431',69540,2726,1654039528,1654039528);
INSERT INTO player_score VALUES('63c2d859d',35,'35601cb7f','61e858308',38918,2896,1654041142,1654041142);
INSERT INTO player_score VALUES('61fe62483',35,'357daf817','211429239',184884,2716,1653993698,1653993698);
INSERT INTO player_score VALUES('61cab44bb',35,'357daf817','4974a5431',186624,2544,1653988279,1653988279);
INSERT INTO player_score VALUES('63b205b88',35,'357daf817','61e858308',0,2791,1654039378,1654039378);
INSERT INTO player_score VALUES('635488983',35,'37af26dc6','10c826747',34320,2803,1654029575,1654029575);
INSERT INTO player_score VALUES('59214e7af',35,'37af26dc6','3a7bfd9d0',91665,2282,1653755768,1653755768);
INSERT INTO player_score VALUES('629554db8',35,'37af26dc6','4974a5431',67760,2613,1654009526,1654009526);
INSERT INTO player_score VALUES('63c70340e',35,'37af26dc6','61e858308',10944,2915,1654041579,1654041579);
INSERT INTO player_score VALUES('635c078da',35,'3821cfe1d','10c826747',10080,2806,1654030361,1654030361);
INSERT INTO player_score VALUES('619e7df06',35,'3821cfe1d','211429239',111552,2697,1653983643,1653983643);
INSERT INTO player_score VALUES('61698b3d9',35,'3821cfe1d','4974a5431',0,2512,1653978091,1653978091);
INSERT INTO player_score VALUES('63aebb6b2',35,'3821cfe1d','61e858308',76000,2770,1654039033,1654039033);
INSERT INTO player_score VALUES('63b64b78b',35,'389c745cf','10c826747',426284,2817,1654039826,1654039826);
INSERT INTO player_score VALUES('61be95423',35,'389c745cf','211429239',26136,2703,1653987008,1653987008);
INSERT INTO player_score VALUES('59770f9c0',35,'389c745cf','3a7bfd9d0',59150,2312,1653764760,1653764760);
INSERT INTO player_score VALUES('62e9795de',35,'389c745cf','4974a5431',500,2646,1654018349,1654018349);
INSERT INTO player_score VALUES('63b5cef04',35,'389c745cf','61e858308',87780,2819,1654039775,1654039775);
INSERT INTO player_score VALUES('5f939ef5a',35,'38d6d4355','10c826747',259200,2670,1653928816,1653928816);
INSERT INTO player_score VALUES('5d0e0cd96',35,'38d6d4355','211429239',9310,2495,1653861123,1653861123);
INSERT INTO player_score VALUES('5abc87ed8',35,'38d6d4355','3a7bfd9d0',733236,2414,1653798888,1653798888);
INSERT INTO player_score VALUES('63a458beb',35,'38d6d4355','4974a5431',38376,2721,1654037944,1654037944);
INSERT INTO player_score VALUES('63bfa8ea4',35,'38d6d4355','61e858308',311984,2880,1654040808,1654040808);
INSERT INTO player_score VALUES('5e143e692',35,'3994333bb','10c826747',62835,2616,1653888616,1653888616);
INSERT INTO player_score VALUES('627773ed6',35,'3994333bb','211429239',267336,2744,1654006393,1654006393);
INSERT INTO player_score VALUES('5a426747d',35,'3994333bb','3a7bfd9d0',77600,2377,1653786082,1653786082);
INSERT INTO player_score VALUES('63837ba45',35,'3994333bb','4974a5431',110112,2707,1654034498,1654034498);
INSERT INTO player_score VALUES('63aa8e169',35,'3994333bb','61e858308',397118,2742,1654038595,1654038595);
INSERT INTO player_score VALUES('5de3e6eba',35,'39ae30107','10c826747',35640,2611,1653883547,1653883547);
INSERT INTO player_score VALUES('618c99d7b',35,'39ae30107','211429239',82289,2692,1653981767,1653981767);
INSERT INTO player_score VALUES('5ab0bbe4d',35,'39ae30107','3a7bfd9d0',16920,2411,1653797651,1653797651);
INSERT INTO player_score VALUES('60c49d92f',35,'39ae30107','4974a5431',2448,2445,1653960797,1653960797);
INSERT INTO player_score VALUES('629a8c4c6',35,'39bef40f2','10c826747',295200,2779,1654010073,1654010073);
INSERT INTO player_score VALUES('632394db2',35,'39bef40f2','4974a5431',11760,2670,1654024442,1654024442);
INSERT INTO player_score VALUES('63b6af8ef',35,'39bef40f2','61e858308',0,2826,1654039867,1654039867);
INSERT INTO player_score VALUES('62eb900ad',35,'3a72435bf','10c826747',92004,2790,1654018568,1654018568);
INSERT INTO player_score VALUES('5e6e3df7e',35,'3a72435bf','211429239',13800,2564,1653898053,1653898053);
INSERT INTO player_score VALUES('59961a637',35,'3a72435bf','3a7bfd9d0',40320,2324,1653768015,1653768015);
INSERT INTO player_score VALUES('627fdacd7',35,'3a72435bf','4974a5431',4488,2603,1654007274,1654007274);
INSERT INTO player_score VALUES('638a8cbb0',35,'3a72435bf','61e858308',91908,2552,1654035239,1654035239);
INSERT INTO player_score VALUES('5fad1a61b',35,'3b318aa7e','10c826747',361200,2672,1653931488,1653931488);
INSERT INTO player_score VALUES('62885a196',35,'3b318aa7e','211429239',108000,2750,1654008165,1654008165);
INSERT INTO player_score VALUES('5a0d378f1',35,'3b318aa7e','3a7bfd9d0',77517,2356,1653780505,1653780505);
INSERT INTO player_score VALUES('638296257',35,'3b318aa7e','4974a5431',178002,2706,1654034404,1654034404);
INSERT INTO player_score VALUES('63c6f4984',35,'3b318aa7e','61e858308',81600,2914,1654041573,1654041573);
INSERT INTO player_score VALUES('5bf14ae5b',35,'3b48818c8','10c826747',23180,2546,1653831264,1653831264);
INSERT INTO player_score VALUES('61457c4be',35,'3b48818c8','211429239',398772,2674,1653974310,1653974310);
INSERT INTO player_score VALUES('5a3c78b48',35,'3b48818c8','3a7bfd9d0',117040,2375,1653785460,1653785460);
INSERT INTO player_score VALUES('60cc96964',35,'3b48818c8','4974a5431',106764,2450,1653961633,1653961633);
INSERT INTO player_score VALUES('63c26f613',35,'3b48818c8','61e858308',46360,2891,1654041099,1654041099);
INSERT INTO player_score VALUES('5f0597190',35,'3ca7f9266','10c826747',17808,2652,1653913923,1653913923);
INSERT INTO player_score VALUES('5c59ff13f',35,'3ca7f9266','211429239',22848,2467,1653842243,1653842243);
INSERT INTO player_score VALUES('5a2df2723',35,'3ca7f9266','3a7bfd9d0',57387,2368,1653783937,1653783937);
INSERT INTO player_score VALUES('624d1251d',35,'3ca7f9266','4974a5431',26220,2582,1654001949,1654001949);
INSERT INTO player_score VALUES('61723b5ab',35,'3d965a867','211429239',14950,2686,1653979002,1653979002);
INSERT INTO player_score VALUES('5a6500af8',35,'3d965a867','3a7bfd9d0',37149,2390,1653789710,1653789710);
INSERT INTO player_score VALUES('62b99e66c',35,'3d965a867','4974a5431',10200,2628,1654013331,1654013331);
INSERT INTO player_score VALUES('63729f3d1',35,'3d965a867','61e858308',68640,2414,1654032730,1654032730);
INSERT INTO player_score VALUES('5962ba883',35,'3efc029b5','10c826747',406224,2461,1653762628,1653762628);
INSERT INTO player_score VALUES('609d29778',35,'3efc029b5','211429239',6240,2649,1653956660,1653956660);
INSERT INTO player_score VALUES('63c3eea9a',35,'3efc029b5','4974a5431',5712,2732,1654041256,1654041256);
INSERT INTO player_score VALUES('63c2cc255',35,'3efc029b5','61e858308',4232,2895,1654041137,1654041137);
INSERT INTO player_score VALUES('60718f5a2',35,'3f0ca6d73','211429239',122840,2638,1653952088,1653952088);
INSERT INTO player_score VALUES('590f371f9',35,'3f0ca6d73','3a7bfd9d0',45120,2278,1653753871,1653753871);
INSERT INTO player_score VALUES('614e1b512',35,'3f0ca6d73','4974a5431',73472,2500,1653975214,1653975214);
INSERT INTO player_score VALUES('63abe8c3b',35,'3f0ca6d73','61e858308',83028,2753,1654038737,1654038737);
INSERT INTO player_score VALUES('630792726',35,'3f7cc677d','10c826747',80910,2796,1654021505,1654021505);
INSERT INTO player_score VALUES('625b5438b',35,'3f7cc677d','211429239',10488,2735,1654003444,1654003444);
INSERT INTO player_score VALUES('5a2edf479',35,'3f7cc677d','3a7bfd9d0',95472,2369,1653784034,1653784034);
INSERT INTO player_score VALUES('62a9cc1cb',35,'3f7cc677d','4974a5431',39690,2622,1654011672,1654011672);
INSERT INTO player_score VALUES('6399d16f2',35,'3f7cc677d','61e858308',4480,2644,1654036840,1654036840);
INSERT INTO player_score VALUES('4fe6745a6',35,'3fb53445f','10c826747',98072,2134,1653508005,1653508005);
INSERT INTO player_score VALUES('619b954df',35,'3fb53445f','211429239',224640,2695,1653983338,1653983338);
INSERT INTO player_score VALUES('5a762daba',35,'3fb53445f','3a7bfd9d0',34884,2396,1653791511,1653791511);
INSERT INTO player_score VALUES('62de33a44',35,'3fb53445f','4974a5431',329868,2640,1654017167,1654017167);
INSERT INTO player_score VALUES('63b70290e',35,'3fb53445f','61e858308',233523,2828,1654039901,1654039901);
INSERT INTO player_score VALUES('621af4b6a',35,'400bfa9d1','10c826747',65949,2763,1653996694,1653996694);
INSERT INTO player_score VALUES('625bce483',35,'400bfa9d1','211429239',217152,2736,1654003494,1654003494);
INSERT INTO player_score VALUES('5a715a510',35,'400bfa9d1','3a7bfd9d0',8160,2393,1653791005,1653791005);
INSERT INTO player_score VALUES('634b85793',35,'400bfa9d1','4974a5431',1180,2686,1654028630,1654028630);
INSERT INTO player_score VALUES('63a81d14d',35,'400bfa9d1','61e858308',7680,2728,1654038339,1654038339);
INSERT INTO player_score VALUES('615f3c158',35,'403ec7fd7','10c826747',5772,2738,1653977010,1653977010);
INSERT INTO player_score VALUES('6256304a3',35,'403ec7fd7','211429239',29568,2731,1654002905,1654002905);
INSERT INTO player_score VALUES('5632e389d',35,'403ec7fd7','3a7bfd9d0',92442,2068,1653677081,1653677081);
INSERT INTO player_score VALUES('63c4dded3',35,'403ec7fd7','4974a5431',264110,2733,1654041354,1654041354);
INSERT INTO player_score VALUES('63b6f8cb7',35,'403ec7fd7','61e858308',100800,2827,1654039897,1654039897);
INSERT INTO player_score VALUES('5a988eec4',35,'40621fd54','10c826747',372480,2503,1653795116,1653795116);
INSERT INTO player_score VALUES('57293b836',35,'40621fd54','3a7bfd9d0',385112,2127,1653702912,1653702912);
INSERT INTO player_score VALUES('62d89cf80',35,'40621fd54','4974a5431',48360,2636,1654016581,1654016581);
INSERT INTO player_score VALUES('63b7d21a2',35,'40621fd54','61e858308',34760,2833,1654039986,1654039986);
INSERT INTO player_score VALUES('61cb8b24e',35,'42b31e7a7','10c826747',8400,2753,1653988367,1653988367);
INSERT INTO player_score VALUES('5a92c2908',35,'42b31e7a7','3a7bfd9d0',96876,2405,1653794508,1653794508);
INSERT INTO player_score VALUES('63c450519',35,'42b31e7a7','61e858308',16450,2904,1654041296,1654041296);
INSERT INTO player_score VALUES('60484b63b',35,'4420764fc','10c826747',56550,2696,1653947761,1653947761);
INSERT INTO player_score VALUES('631cafb84',35,'4420764fc','211429239',67735,2781,1654023719,1654023719);
INSERT INTO player_score VALUES('55baf6dd3',35,'4420764fc','3a7bfd9d0',319950,2029,1653664506,1653664506);
INSERT INTO player_score VALUES('621868dd4',35,'4420764fc','4974a5431',142272,2562,1653996427,1653996427);
INSERT INTO player_score VALUES('633cf7e02',35,'4497e40a2','10c826747',569712,2801,1654027104,1654027104);
INSERT INTO player_score VALUES('61c3aa88f',35,'4497e40a2','211429239',258390,2705,1653987541,1653987541);
INSERT INTO player_score VALUES('59fa754ef',35,'4497e40a2','3a7bfd9d0',378378,2354,1653778538,1653778538);
INSERT INTO player_score VALUES('62eca6601',35,'4497e40a2','4974a5431',356592,2649,1654018682,1654018682);
INSERT INTO player_score VALUES('63c095bfa',35,'4497e40a2','61e858308',180,2884,1654040905,1654040905);
INSERT INTO player_score VALUES('6261e1757',35,'451dff174','211429239',60840,2738,1654004131,1654004131);
INSERT INTO player_score VALUES('59c30f2e1',35,'451dff174','3a7bfd9d0',306900,2337,1653772729,1653772729);
INSERT INTO player_score VALUES('6316f201b',35,'451dff174','4974a5431',112860,2665,1654023117,1654023117);
INSERT INTO player_score VALUES('6393c8004',35,'451dff174','61e858308',433200,2615,1654036207,1654036207);
INSERT INTO player_score VALUES('61d24936a',35,'466bb73ac','10c826747',4160,2755,1653989074,1653989074);
INSERT INTO player_score VALUES('5eeab2515',35,'466bb73ac','211429239',204262,2586,1653911103,1653911103);
INSERT INTO player_score VALUES('59e8fa34c',35,'466bb73ac','3a7bfd9d0',2548,2349,1653776705,1653776705);
INSERT INTO player_score VALUES('6383b15c5',35,'466bb73ac','4974a5431',76160,2708,1654034520,1654034520);
INSERT INTO player_score VALUES('63ac961d5',35,'466bb73ac','61e858308',2688,2756,1654038808,1654038808);
INSERT INTO player_score VALUES('5e69e4aef',35,'46c412d96','10c826747',20672,2631,1653897597,1653897597);
INSERT INTO player_score VALUES('61e0cd0a2',35,'46c412d96','211429239',38475,2709,1653990596,1653990596);
INSERT INTO player_score VALUES('59f6bab3f',35,'46c412d96','3a7bfd9d0',21500,2353,1653778147,1653778147);
INSERT INTO player_score VALUES('62b0c734e',35,'46c412d96','4974a5431',32832,2626,1654012404,1654012404);
INSERT INTO player_score VALUES('62d169b69',35,'46df3988a','211429239',47430,2766,1654015826,1654015826);
INSERT INTO player_score VALUES('587ba9b34',35,'46df3988a','3a7bfd9d0',4650,2225,1653738399,1653738399);
INSERT INTO player_score VALUES('632e3bec8',35,'46df3988a','4974a5431',76160,2674,1654025559,1654025559);
INSERT INTO player_score VALUES('60cfc600a',35,'478ab207f','10c826747',88396,2714,1653961967,1653961967);
INSERT INTO player_score VALUES('6058bc5f5',35,'478ab207f','211429239',564,2635,1653949485,1653949485);
INSERT INTO player_score VALUES('582c9a6f3',35,'478ab207f','3a7bfd9d0',637980,2199,1653730109,1653730109);
INSERT INTO player_score VALUES('63bc61152',35,'478ab207f','61e858308',408135,2863,1654040464,1654040464);
INSERT INTO player_score VALUES('629c96c50',35,'47d7f64ab','10c826747',37260,2780,1654010287,1654010287);
INSERT INTO player_score VALUES('5e6ad6611',35,'47d7f64ab','211429239',92752,2562,1653897696,1653897696);
INSERT INTO player_score VALUES('58fce531a',35,'47d7f64ab','3a7bfd9d0',2160,2270,1653751950,1653751950);
INSERT INTO player_score VALUES('62446bf31',35,'47d7f64ab','4974a5431',248850,2577,1654001042,1654001042);
INSERT INTO player_score VALUES('639f34ceb',35,'47d7f64ab','61e858308',142560,2680,1654037405,1654037405);
INSERT INTO player_score VALUES('5bf69fa2d',35,'48430583b','10c826747',27666,2549,1653831823,1653831823);
INSERT INTO player_score VALUES('6349120b1',35,'48430583b','211429239',19992,2786,1654028373,1654028373);
INSERT INTO player_score VALUES('58798942d',35,'48430583b','3a7bfd9d0',404950,2224,1653738176,1653738176);
INSERT INTO player_score VALUES('637db1b35',35,'48430583b','4974a5431',83720,2705,1654033891,1654033891);
INSERT INTO player_score VALUES('63b22a57e',35,'48430583b','61e858308',49980,2794,1654039393,1654039393);
INSERT INTO player_score VALUES('5f148da7c',35,'498b94d83','10c826747',93060,2654,1653915492,1653915492);
INSERT INTO player_score VALUES('61ac82ccb',35,'498b94d83','211429239',3995,2700,1653985113,1653985113);
INSERT INTO player_score VALUES('59254d6fb',35,'498b94d83','3a7bfd9d0',148104,2286,1653756187,1653756187);
INSERT INTO player_score VALUES('639671298',35,'498b94d83','4974a5431',16800,2717,1654036486,1654036486);
INSERT INTO player_score VALUES('63ab4c827',35,'498b94d83','61e858308',912,2743,1654038673,1654038673);
INSERT INTO player_score VALUES('5fb1fc612',35,'4b0e46fcc','10c826747',95480,2673,1653932000,1653932000);
INSERT INTO player_score VALUES('5d01c44e5',35,'4b0e46fcc','211429239',163676,2493,1653859835,1653859835);
INSERT INTO player_score VALUES('5a85eedf5',35,'4b0e46fcc','3a7bfd9d0',110080,2400,1653793163,1653793163);
INSERT INTO player_score VALUES('612a88ddf',35,'4b0e46fcc','4974a5431',14280,2483,1653971484,1653971484);
INSERT INTO player_score VALUES('63b164920',35,'4b0e46fcc','61e858308',14688,2784,1654039312,1654039312);
INSERT INTO player_score VALUES('6257eca40',35,'4b5d1e16d','211429239',9520,2732,1654003087,1654003087);
INSERT INTO player_score VALUES('5a2a81189',35,'4b5d1e16d','3a7bfd9d0',95760,2367,1653783576,1653783576);
INSERT INTO player_score VALUES('61871e0c0',35,'4b5d1e16d','4974a5431',378560,2523,1653981192,1653981192);
INSERT INTO player_score VALUES('63b74e3e0',35,'4b5d1e16d','61e858308',73899,2829,1654039932,1654039932);
INSERT INTO player_score VALUES('61292e321',35,'4b7eb99e2','10c826747',168960,2730,1653971342,1653971342);
INSERT INTO player_score VALUES('5a74037a8',35,'4b7eb99e2','211429239',61640,2390,1653791284,1653791284);
INSERT INTO player_score VALUES('5a35a4ad0',35,'4b7eb99e2','3a7bfd9d0',74088,2371,1653784744,1653784744);
INSERT INTO player_score VALUES('6396082ca',35,'4b7eb99e2','4974a5431',68904,2716,1654036443,1654036443);
INSERT INTO player_score VALUES('63c33ee4b',35,'4b7eb99e2','61e858308',484806,2898,1654041184,1654041184);
INSERT INTO player_score VALUES('6241d8c50',35,'4bac4aa5d','10c826747',49725,2769,1654000772,1654000772);
INSERT INTO player_score VALUES('63943ac20',35,'4bac4aa5d','211429239',0,2793,1654036254,1654036254);
INSERT INTO player_score VALUES('5a730f50a',35,'4bac4aa5d','3a7bfd9d0',132246,2395,1653791184,1653791184);
INSERT INTO player_score VALUES('60d3fd1b8',35,'4bac4aa5d','4974a5431',44544,2454,1653962409,1653962409);
INSERT INTO player_score VALUES('60da7bb3b',35,'4c3036a35','10c826747',168168,2717,1653963090,1653963090);
INSERT INTO player_score VALUES('609583753',35,'4c3036a35','211429239',21896,2648,1653955858,1653955858);
INSERT INTO player_score VALUES('63106e83f',35,'4c3036a35','4974a5431',223380,2659,1654022434,1654022434);
INSERT INTO player_score VALUES('63ae91ec6',35,'4c3036a35','61e858308',82656,2767,1654039016,1654039016);
INSERT INTO player_score VALUES('5e0ca70d1',35,'4c9476b03','10c826747',406000,2615,1653887820,1653887820);
INSERT INTO player_score VALUES('59a954453',35,'4c9476b03','211429239',64680,2343,1653770031,1653770031);
INSERT INTO player_score VALUES('580a78a85',35,'4c9476b03','3a7bfd9d0',35500,2186,1653726530,1653726530);
INSERT INTO player_score VALUES('62ca4ede0',35,'4c9476b03','4974a5431',452200,2633,1654015081,1654015081);
INSERT INTO player_score VALUES('63c0208ac',35,'4c9476b03','61e858308',131638,2883,1654040857,1654040857);
INSERT INTO player_score VALUES('4ffa19a59',35,'4cc7949ef','10c826747',147312,2136,1653510065,1653510065);
INSERT INTO player_score VALUES('600c3b68c',35,'4cc7949ef','211429239',185712,2623,1653941463,1653941463);
INSERT INTO player_score VALUES('58d2d90b3',35,'4cc7949ef','3a7bfd9d0',13350,2252,1653747541,1653747541);
INSERT INTO player_score VALUES('622eef7b0',35,'4cc7949ef','4974a5431',106875,2571,1653998789,1653998789);
INSERT INTO player_score VALUES('636888392',35,'4cc7949ef','61e858308',6560,2340,1654031672,1654031672);
INSERT INTO player_score VALUES('619684e7a',35,'4d326e217','10c826747',418176,2747,1653982807,1653982807);
INSERT INTO player_score VALUES('62053b31f',35,'4d326e217','211429239',9500,2719,1653994416,1653994416);
INSERT INTO player_score VALUES('5a9c9c881',35,'4d326e217','3a7bfd9d0',0,2407,1653795541,1653795541);
INSERT INTO player_score VALUES('63474bef7',35,'4d326e217','4974a5431',197210,2684,1654028187,1654028187);
INSERT INTO player_score VALUES('638162887',35,'4d326e217','61e858308',36900,2504,1654034278,1654034278);
INSERT INTO player_score VALUES('624137a30',35,'4d8b43d41','10c826747',406456,2768,1654000706,1654000706);
INSERT INTO player_score VALUES('6262877bc',35,'4d8b43d41','211429239',230400,2739,1654004199,1654004199);
INSERT INTO player_score VALUES('57a437e58',35,'4d8b43d41','3a7bfd9d0',7371,2159,1653715808,1653715808);
INSERT INTO player_score VALUES('63bfdc2ea',35,'4d8b43d41','4974a5431',292500,2730,1654040829,1654040829);
INSERT INTO player_score VALUES('63a8fdb37',35,'4d8b43d41','61e858308',12936,2732,1654038431,1654038431);
INSERT INTO player_score VALUES('5c6291e6f',35,'4fda8b051','10c826747',145800,2560,1653843142,1653843142);
INSERT INTO player_score VALUES('63c5bc1b8',35,'4fda8b051','211429239',34848,2797,1654041445,1654041445);
INSERT INTO player_score VALUES('585ce347f',35,'4fda8b051','3a7bfd9d0',44022,2216,1653735172,1653735172);
INSERT INTO player_score VALUES('6342f5188',35,'4fda8b051','4974a5431',2652,2681,1654027732,1654027732);
INSERT INTO player_score VALUES('63c5c0fee',35,'4fda8b051','61e858308',29952,2907,1654041447,1654041447);
INSERT INTO player_score VALUES('60fa42798',35,'503fbf39c','10c826747',48640,2721,1653966422,1653966422);
INSERT INTO player_score VALUES('60f7fafba',35,'503fbf39c','211429239',120320,2666,1653966183,1653966183);
INSERT INTO player_score VALUES('5a83a4edf',35,'503fbf39c','3a7bfd9d0',43680,2398,1653792923,1653792923);
INSERT INTO player_score VALUES('61e57952d',35,'503fbf39c','4974a5431',4004,2549,1653991086,1653991086);
INSERT INTO player_score VALUES('63ba71781',35,'503fbf39c','61e858308',384465,2853,1654040261,1654040261);
INSERT INTO player_score VALUES('4c7cf97e1',35,'512b37fdd','10c826747',37392,1992,1653416414,1653416414);
INSERT INTO player_score VALUES('632cbc9ab',35,'512b37fdd','211429239',353080,2783,1654025402,1654025402);
INSERT INTO player_score VALUES('58632266c',35,'512b37fdd','3a7bfd9d0',166410,2218,1653735827,1653735827);
INSERT INTO player_score VALUES('626eeadc9',35,'512b37fdd','4974a5431',31500,2594,1654005498,1654005498);
INSERT INTO player_score VALUES('6384a57cb',35,'512b37fdd','61e858308',50024,2523,1654034620,1654034620);
INSERT INTO player_score VALUES('62035079f',35,'516aaf8b9','10c826747',13200,2761,1653994215,1653994215);
INSERT INTO player_score VALUES('628cff108',35,'516aaf8b9','211429239',32000,2752,1654008652,1654008652);
INSERT INTO player_score VALUES('5a51fa133',35,'516aaf8b9','3a7bfd9d0',227562,2386,1653787715,1653787715);
INSERT INTO player_score VALUES('634ef1f29',35,'516aaf8b9','4974a5431',196716,2688,1654028989,1654028989);
INSERT INTO player_score VALUES('63923c821',35,'516aaf8b9','61e858308',25920,2596,1654036045,1654036045);
INSERT INTO player_score VALUES('584de0821',35,'5225d0d02','10c826747',9152,2426,1653733598,1653733598);
INSERT INTO player_score VALUES('62de24f97',35,'5225d0d02','211429239',17600,2771,1654017161,1654017161);
INSERT INTO player_score VALUES('58ec6a707',35,'5225d0d02','3a7bfd9d0',688860,2265,1653750222,1653750222);
INSERT INTO player_score VALUES('626755f1c',35,'5225d0d02','4974a5431',256000,2590,1654004703,1654004703);
INSERT INTO player_score VALUES('63aba1fac',35,'5225d0d02','61e858308',208494,2746,1654038708,1654038708);
INSERT INTO player_score VALUES('62e26d2d5',35,'52266d158','10c826747',24948,2788,1654017610,1654017610);
INSERT INTO player_score VALUES('5b0e8e760',35,'52266d158','211429239',16744,2418,1653807489,1653807489);
INSERT INTO player_score VALUES('639350644',35,'52266d158','4974a5431',11799,2715,1654036158,1654036158);
INSERT INTO player_score VALUES('63bc12f60',35,'52266d158','61e858308',311836,2861,1654040432,1654040432);
INSERT INTO player_score VALUES('6397591b6',35,'523452325','10c826747',65072,2811,1654036581,1654036581);
INSERT INTO player_score VALUES('632165c83',35,'523452325','211429239',51660,2782,1654024213,1654024213);
INSERT INTO player_score VALUES('59e5de4e4',35,'523452325','3a7bfd9d0',5016,2348,1653776379,1653776379);
INSERT INTO player_score VALUES('606f78b15',35,'523452325','4974a5431',106920,2407,1653951869,1653951869);
INSERT INTO player_score VALUES('63bcfae4c',35,'523452325','61e858308',23184,2865,1654040527,1654040527);
INSERT INTO player_score VALUES('60d8d55a8',35,'524614199','10c826747',79200,2716,1653962917,1653962917);
INSERT INTO player_score VALUES('6345528d0',35,'524614199','211429239',5568,2784,1654027980,1654027980);
INSERT INTO player_score VALUES('57f6371ad',35,'524614199','3a7bfd9d0',132840,2180,1653724406,1653724406);
INSERT INTO player_score VALUES('63212b2d7',35,'524614199','4974a5431',13932,2669,1654024189,1654024189);
INSERT INTO player_score VALUES('63be46ea2',35,'524614199','61e858308',66500,2872,1654040663,1654040663);
INSERT INTO player_score VALUES('5f9a449f1',35,'52a8b7926','10c826747',217645,2671,1653929513,1653929513);
INSERT INTO player_score VALUES('5ffeae2cf',35,'52a8b7926','211429239',826,2618,1653940042,1653940042);
INSERT INTO player_score VALUES('5a33a8d9a',35,'52a8b7926','3a7bfd9d0',64680,2370,1653784536,1653784536);
INSERT INTO player_score VALUES('6177f916e',35,'52a8b7926','4974a5431',41607,2519,1653979604,1653979604);
INSERT INTO player_score VALUES('63a166567',35,'52a8b7926','61e858308',54880,2696,1654037635,1654037635);
INSERT INTO player_score VALUES('61f9ac3a4',35,'531bc9951','10c826747',1456,2758,1653993204,1653993204);
INSERT INTO player_score VALUES('628dd857f',35,'531bc9951','211429239',4940,2753,1654008741,1654008741);
INSERT INTO player_score VALUES('5a1b1cb01',35,'531bc9951','3a7bfd9d0',0,2364,1653781962,1653781962);
INSERT INTO player_score VALUES('5f347b7db',35,'531bc9951','4974a5431',7980,2270,1653918840,1653918840);
INSERT INTO player_score VALUES('63c3722b9',35,'531bc9951','61e858308',126270,2902,1654041205,1654041205);
INSERT INTO player_score VALUES('60612f75f',35,'53465c019','10c826747',5600,2701,1653950371,1653950371);
INSERT INTO player_score VALUES('6348fc118',35,'53465c019','211429239',276,2785,1654028364,1654028364);
INSERT INTO player_score VALUES('5a551fc00',35,'53465c019','3a7bfd9d0',447064,2388,1653788045,1653788045);
INSERT INTO player_score VALUES('624e76c24',35,'53465c019','4974a5431',236034,2585,1654002095,1654002095);
INSERT INTO player_score VALUES('638d81923',35,'53465c019','61e858308',61101,2573,1654035549,1654035549);
INSERT INTO player_score VALUES('623cc5f39',35,'539a9dd43','10c826747',30690,2767,1654000240,1654000240);
INSERT INTO player_score VALUES('618742acd',35,'539a9dd43','211429239',17600,2691,1653981207,1653981207);
INSERT INTO player_score VALUES('5aa1e511a',35,'539a9dd43','3a7bfd9d0',63600,2409,1653796095,1653796095);
INSERT INTO player_score VALUES('6315cf7ba',35,'539a9dd43','4974a5431',176400,2664,1654022998,1654022998);
INSERT INTO player_score VALUES('62f809681',35,'5516b6894','10c826747',445500,2792,1654019876,1654019876);
INSERT INTO player_score VALUES('61ffe4065',35,'5516b6894','211429239',18711,2717,1653993856,1653993856);
INSERT INTO player_score VALUES('578faf8c2',35,'5516b6894','3a7bfd9d0',626808,2152,1653713655,1653713655);
INSERT INTO player_score VALUES('6359a2c45',35,'5516b6894','4974a5431',259515,2690,1654030110,1654030110);
INSERT INTO player_score VALUES('63be7f15f',35,'5516b6894','61e858308',96696,2876,1654040686,1654040686);
INSERT INTO player_score VALUES('600b29fbe',35,'56d8f3c15','10c826747',62510,2687,1653941351,1653941351);
INSERT INTO player_score VALUES('603df75b9',35,'56d8f3c15','211429239',63360,2633,1653946678,1653946678);
INSERT INTO player_score VALUES('5a5219d53',35,'56d8f3c15','3a7bfd9d0',136752,2387,1653787728,1653787728);
INSERT INTO player_score VALUES('632bcaecc',35,'56d8f3c15','4974a5431',29160,2673,1654025303,1654025303);
INSERT INTO player_score VALUES('63a38baae',35,'56d8f3c15','61e858308',77004,2703,1654037860,1654037860);
INSERT INTO player_score VALUES('61485b25f',35,'571545a34','10c826747',5280,2734,1653974611,1653974611);
INSERT INTO player_score VALUES('6006458ac',35,'571545a34','211429239',11220,2620,1653940838,1653940838);
INSERT INTO player_score VALUES('570f48713',35,'571545a34','3a7bfd9d0',4992,2121,1653700191,1653700191);
INSERT INTO player_score VALUES('60d733de0',35,'571545a34','4974a5431',0,2458,1653962746,1653962746);
INSERT INTO player_score VALUES('63b33e367',35,'571545a34','61e858308',8970,2798,1654039506,1654039506);
INSERT INTO player_score VALUES('5ddbd30d6',35,'5784fc469','10c826747',528080,2609,1653882700,1653882700);
INSERT INTO player_score VALUES('60d9062d6',35,'5784fc469','211429239',0,2658,1653962937,1653962937);
INSERT INTO player_score VALUES('5a9b5cb6d',35,'5784fc469','3a7bfd9d0',17160,2406,1653795410,1653795410);
INSERT INTO player_score VALUES('63b91baef',35,'5784fc469','61e858308',582528,2842,1654040121,1654040121);
INSERT INTO player_score VALUES('5e2e1df35',35,'57937b397','10c826747',231322,2617,1653891329,1653891329);
INSERT INTO player_score VALUES('60ac052fd',35,'57937b397','211429239',169728,2653,1653958218,1653958218);
INSERT INTO player_score VALUES('6314a5a0f',35,'57937b397','4974a5431',139194,2663,1654022876,1654022876);
INSERT INTO player_score VALUES('63b47929b',35,'57937b397','61e858308',34125,2808,1654039635,1654039635);
INSERT INTO player_score VALUES('61958704a',35,'5819ff415','10c826747',32175,2746,1653982703,1653982703);
INSERT INTO player_score VALUES('4e2b609a7',35,'5819ff415','211429239',150,1879,1653461545,1653461545);
INSERT INTO player_score VALUES('5a1164df9',35,'5819ff415','3a7bfd9d0',21808,2359,1653780943,1653780943);
INSERT INTO player_score VALUES('6390802bb',35,'5819ff415','4974a5431',625632,2713,1654035863,1654035863);
INSERT INTO player_score VALUES('63be57ff8',35,'5819ff415','61e858308',281880,2873,1654040670,1654040670);
INSERT INTO player_score VALUES('6333a9106',35,'582447176','10c826747',664240,2799,1654026128,1654026128);
INSERT INTO player_score VALUES('6033b6d35',35,'582447176','211429239',176120,2631,1653945603,1653945603);
INSERT INTO player_score VALUES('56fe2a1e5',35,'582447176','3a7bfd9d0',521088,2112,1653698396,1653698396);
INSERT INTO player_score VALUES('5ff71bb41',35,'582447176','4974a5431',65550,2348,1653939248,1653939248);
INSERT INTO player_score VALUES('63b1a8f0f',35,'582447176','61e858308',25725,2786,1654039340,1654039340);
INSERT INTO player_score VALUES('5ff50eccb',35,'589c7824c','10c826747',168350,2683,1653939033,1653939033);
INSERT INTO player_score VALUES('5e91e17f2',35,'589c7824c','211429239',245520,2576,1653901790,1653901790);
INSERT INTO player_score VALUES('54c2660e2',35,'589c7824c','3a7bfd9d0',27072,1950,1653638442,1653638442);
INSERT INTO player_score VALUES('5f174f3b4',35,'589c7824c','4974a5431',160950,2254,1653915781,1653915781);
INSERT INTO player_score VALUES('638f8c06a',35,'589c7824c','61e858308',22230,2585,1654035763,1654035763);
INSERT INTO player_score VALUES('622eed05e',35,'58fdc0edf','10c826747',29172,2766,1653998788,1653998788);
INSERT INTO player_score VALUES('6124a414f',35,'58fdc0edf','211429239',28566,2670,1653970866,1653970866);
INSERT INTO player_score VALUES('5a29748cf',35,'58fdc0edf','3a7bfd9d0',232260,2366,1653783466,1653783466);
INSERT INTO player_score VALUES('638ab8add',35,'58fdc0edf','4974a5431',578880,2712,1654035257,1654035257);
INSERT INTO player_score VALUES('63b32f8f3',35,'58fdc0edf','61e858308',150282,2797,1654039500,1654039500);
INSERT INTO player_score VALUES('60738d991',35,'59a55a31e','10c826747',70448,2704,1653952297,1653952297);
INSERT INTO player_score VALUES('622580ece',35,'59a55a31e','211429239',8424,2724,1653997800,1653997800);
INSERT INTO player_score VALUES('589ba62ad',35,'59a55a31e','3a7bfd9d0',551760,2236,1653741753,1653741753);
INSERT INTO player_score VALUES('638504b65',35,'59a55a31e','4974a5431',363090,2709,1654034659,1654034659);
INSERT INTO player_score VALUES('63b8cffea',35,'59a55a31e','61e858308',70092,2837,1654040090,1654040090);
INSERT INTO player_score VALUES('62a6a8e2d',35,'5a259f1b0','10c826747',91390,2781,1654011343,1654011343);
INSERT INTO player_score VALUES('60bca21d9',35,'5a259f1b0','211429239',18630,2655,1653959960,1653959960);
INSERT INTO player_score VALUES('6385a3662',35,'5a259f1b0','61e858308',21420,2534,1654034724,1654034724);
INSERT INTO player_score VALUES('5fc0b37a3',35,'5bdf4e663','10c826747',37044,2676,1653933543,1653933543);
INSERT INTO player_score VALUES('629b39a11',35,'5bdf4e663','211429239',5600,2756,1654010144,1654010144);
INSERT INTO player_score VALUES('63b3b5d82',35,'5bdf4e663','4974a5431',12470,2727,1654039555,1654039555);
INSERT INTO player_score VALUES('63891c14d',35,'5bdf4e663','61e858308',231168,2545,1654035088,1654035088);
INSERT INTO player_score VALUES('62f7069e2',35,'5c09310e0','10c826747',14940,2791,1654019770,1654019770);
INSERT INTO player_score VALUES('6281309b2',35,'5c09310e0','211429239',0,2747,1654007414,1654007414);
INSERT INTO player_score VALUES('63bc35209',35,'5c09310e0','4974a5431',147436,2729,1654040446,1654040446);
INSERT INTO player_score VALUES('63b1c8ab4',35,'5c09310e0','61e858308',99858,2788,1654039353,1654039353);
INSERT INTO player_score VALUES('63bbe48f4',35,'5d7f082ee','10c826747',59250,2818,1654040413,1654040413);
INSERT INTO player_score VALUES('637f61da6',35,'5d7f082ee','211429239',2556,2790,1654034068,1654034068);
INSERT INTO player_score VALUES('62862fe82',35,'5d7f082ee','4974a5431',485376,2607,1654007938,1654007938);
INSERT INTO player_score VALUES('639435e12',35,'5d7f082ee','61e858308',23100,2618,1654036252,1654036252);
INSERT INTO player_score VALUES('5b4b6b818',35,'5dcaaaf91','10c826747',343170,2524,1653813871,1653813871);
INSERT INTO player_score VALUES('626803485',35,'5dcaaaf91','211429239',61920,2740,1654004774,1654004774);
INSERT INTO player_score VALUES('607288606',35,'5dcaaaf91','4974a5431',219480,2410,1653952190,1653952190);
INSERT INTO player_score VALUES('638d978aa',35,'5dcaaaf91','61e858308',96224,2575,1654035558,1654035558);
INSERT INTO player_score VALUES('639c2041a',35,'5de1f9c6b','10c826747',124155,2813,1654037082,1654037082);
INSERT INTO player_score VALUES('6254e4475',35,'5de1f9c6b','211429239',81270,2730,1654002769,1654002769);
INSERT INTO player_score VALUES('6371de5b5',35,'5de1f9c6b','4974a5431',107712,2699,1654032651,1654032651);
INSERT INTO player_score VALUES('63c6ab5a3',35,'5de1f9c6b','61e858308',126360,2912,1654041543,1654041543);
INSERT INTO player_score VALUES('6362f8e42',35,'5f0b37870','10c826747',263250,2808,1654031089,1654031089);
INSERT INTO player_score VALUES('5e2328c50',35,'5f0b37870','211429239',279180,2550,1653890180,1653890180);
INSERT INTO player_score VALUES('6115e5ada',35,'5f0b37870','4974a5431',21620,2476,1653969320,1653969320);
INSERT INTO player_score VALUES('63b65a1c3',35,'5f0b37870','61e858308',20148,2822,1654039832,1654039832);
INSERT INTO player_score VALUES('61d4c66aa',35,'5f8ced173','10c826747',14960,2756,1653989335,1653989335);
INSERT INTO player_score VALUES('6370a5dcc',35,'5f8ced173','4974a5431',158400,2698,1654032523,1654032523);
INSERT INTO player_score VALUES('63c51d65f',35,'5f8ced173','61e858308',5850,2905,1654041380,1654041380);
INSERT INTO player_score VALUES('63b401837',35,'5f96237ad','10c826747',5396,2816,1654039586,1654039586);
INSERT INTO player_score VALUES('61bdecd08',35,'5f96237ad','211429239',51840,2702,1653986939,1653986939);
INSERT INTO player_score VALUES('626fc1b60',35,'5f96237ad','4974a5431',448800,2595,1654005586,1654005586);
INSERT INTO player_score VALUES('63b186c50',35,'5f96237ad','61e858308',258912,2785,1654039326,1654039326);
INSERT INTO player_score VALUES('5a088db44',35,'5ff294096','10c826747',270010,2482,1653780016,1653780016);
INSERT INTO player_score VALUES('6309b2e25',35,'5ff294096','211429239',152570,2778,1654021728,1654021728);
INSERT INTO player_score VALUES('62f2704cb',35,'5ff294096','4974a5431',9990,2652,1654019289,1654019289);
INSERT INTO player_score VALUES('63599419f',35,'5ff294096','61e858308',14014,2249,1654030104,1654030104);
INSERT INTO player_score VALUES('61bb1a263',35,'6115cfb14','10c826747',67500,2751,1653986643,1653986643);
INSERT INTO player_score VALUES('619e26078',35,'6115cfb14','211429239',14750,2696,1653983607,1653983607);
INSERT INTO player_score VALUES('628dbfed8',35,'6115cfb14','4974a5431',201782,2610,1654008731,1654008731);
INSERT INTO player_score VALUES('63a6a2ac4',35,'6115cfb14','61e858308',1170,2720,1654038184,1654038184);
INSERT INTO player_score VALUES('63c076030',35,'615b299d3','10c826747',82368,2820,1654040892,1654040892);
INSERT INTO player_score VALUES('5f45c0dc4',35,'615b299d3','211429239',806,2595,1653920651,1653920651);
INSERT INTO player_score VALUES('633c40c6d',35,'615b299d3','4974a5431',9100,2677,1654027029,1654027029);
INSERT INTO player_score VALUES('613a368da',35,'61889604b','10c826747',94094,2731,1653973128,1653973128);
INSERT INTO player_score VALUES('5b62ae19e',35,'61889604b','211429239',2054,2427,1653816310,1653816310);
INSERT INTO player_score VALUES('634b34e99',35,'61889604b','4974a5431',22275,2685,1654028597,1654028597);
INSERT INTO player_score VALUES('63c43f3e6',35,'61889604b','61e858308',173628,2903,1654041289,1654041289);
INSERT INTO player_score VALUES('6158ff666',35,'6195e3ca9','10c826747',29750,2737,1653976356,1653976356);
INSERT INTO player_score VALUES('5e903d93e',35,'6195e3ca9','211429239',137280,2574,1653901618,1653901618);
INSERT INTO player_score VALUES('61ca37c79',35,'6195e3ca9','4974a5431',43776,2543,1653988228,1653988228);
INSERT INTO player_score VALUES('63c0b7ea7',35,'6195e3ca9','61e858308',378300,2885,1654040919,1654040919);
INSERT INTO player_score VALUES('56f6ed176',35,'61dd45b3d','10c826747',135432,2376,1653697637,1653697637);
INSERT INTO player_score VALUES('5f5f2da56',35,'61dd45b3d','4974a5431',223200,2284,1653923317,1653923317);
INSERT INTO player_score VALUES('63b5f6019',35,'61dd45b3d','61e858308',594,2821,1654039791,1654039791);
INSERT INTO player_score VALUES('5ed971d37',35,'61fbec646','10c826747',2940,2643,1653909294,1653909294);
INSERT INTO player_score VALUES('59958a587',35,'61fbec646','211429239',321300,2340,1653767956,1653767956);
INSERT INTO player_score VALUES('636eebf63',35,'61fbec646','4974a5431',618520,2696,1654032342,1654032342);
INSERT INTO player_score VALUES('63ae91ec7',35,'61fbec646','61e858308',537840,2766,1654039016,1654039016);
INSERT INTO player_score VALUES('6212bc3e4',35,'6244734aa','10c826747',34425,2762,1653995832,1653995832);
INSERT INTO player_score VALUES('57a6473a5',35,'6244734aa','211429239',6048,2267,1653716024,1653716024);
INSERT INTO player_score VALUES('5b266866b',35,'6244734aa','4974a5431',226424,1868,1653809990,1653809990);
INSERT INTO player_score VALUES('637d687ae',35,'6244734aa','61e858308',395514,2479,1654033861,1654033861);
INSERT INTO player_score VALUES('63979140f',35,'e899bf0f','10c826747',105028,2812,1654036604,1654036604);
INSERT INTO player_score VALUES('6162cab93',35,'e899bf0f','211429239',404625,2682,1653977383,1653977383);
INSERT INTO player_score VALUES('57fb70fb2',35,'e899bf0f','3a7bfd9d0',7980,2181,1653724954,1653724954);
INSERT INTO player_score VALUES('5df065298',35,'e899bf0f','4974a5431',109368,2146,1653884857,1653884857);
INSERT INTO player_score VALUES('639d9f8e0',35,'e899bf0f','61e858308',150282,2667,1654037239,1654037239);
INSERT INTO player_score VALUES('622d9e8d6',35,'ec9ea58d','10c826747',132165,2765,1653998651,1653998651);
INSERT INTO player_score VALUES('5b8d9d4d0',35,'ec9ea58d','211429239',115575,2433,1653820812,1653820812);
INSERT INTO player_score VALUES('63bf1b53a',35,'ec9ea58d','61e858308',415800,2879,1654040750,1654040750);
INSERT INTO player_score VALUES('60030c54b',35,'eede8361','10c826747',190350,2686,1653940500,1653940500);
INSERT INTO player_score VALUES('62050a5e1',35,'eede8361','211429239',82810,2718,1653994396,1653994396);
INSERT INTO player_score VALUES('57a8da68c',35,'eede8361','3a7bfd9d0',227271,2161,1653716294,1653716294);
INSERT INTO player_score VALUES('635a24263',35,'eede8361','4974a5431',6936,2691,1654030163,1654030163);
INSERT INTO player_score VALUES('63be77bda',35,'eede8361','61e858308',166848,2875,1654040683,1654040683);
INSERT INTO player_score VALUES('5e5792bc2',35,'f3d03b03','10c826747',112320,2624,1653895676,1653895676);
INSERT INTO player_score VALUES('6302561eb',35,'f3d03b03','211429239',220116,2776,1654020956,1654020956);
INSERT INTO player_score VALUES('58eb56912',35,'f3d03b03','3a7bfd9d0',28224,2263,1653750109,1653750109);
INSERT INTO player_score VALUES('63c359c01',35,'f3d03b03','61e858308',7708,2899,1654041195,1654041195);
INSERT INTO player_score VALUES('6200fa546',35,'fba3dc60','10c826747',123384,2760,1653993970,1653993970);
INSERT INTO player_score VALUES('6261230b0',35,'fba3dc60','211429239',451440,2737,1654004053,1654004053);
INSERT INTO player_score VALUES('5a67ff4b2',35,'fba3dc60','3a7bfd9d0',16320,2391,1653790024,1653790024);
INSERT INTO player_score VALUES('636dd819e',35,'fba3dc60','4974a5431',56160,2695,1654032229,1654032229);
INSERT INTO player_score VALUES('63bbb89db',35,'fba3dc60','61e858308',30240,2859,1654040395,1654040395);
COMMIT;
