
BEGIN;
CREATE TABLE IF NOT EXISTS competition (
  id VARCHAR(255) NOT NULL PRIMARY KEY,
  tenant_id BIGINT NOT NULL,
  title TEXT NOT NULL,
  finished_at BIGINT NULL,
  created_at BIGINT NOT NULL,
  updated_at BIGINT NOT NULL
);
INSERT INTO competition VALUES('268d3b700',38,'バ美肉支部大会',1652410211,1652398064,1652410211);
INSERT INTO competition VALUES('293946336',38,'第9回 夜のマンゴスチン動物園',1653360286,1652469791,1653360286);
INSERT INTO competition VALUES('44c14ca30',38,'秋葉原パンチ大会',NULL,1653208830,1653308752);
INSERT INTO competition VALUES('5ae02de28',38,'たべられないたまねぎ乗り過ごしカップ',1653819764,1653802626,1653819764);
INSERT INTO competition VALUES('5ce21ad37',38,'ハンバーガーしか勝たん大会',1653952581,1653856515,1653952581);
INSERT INTO competition VALUES('635e31bdc',38,'野生の浦安食べたい',NULL,1654030588,1654041389);
CREATE TABLE IF NOT EXISTS player (
  id VARCHAR(255) NOT NULL PRIMARY KEY,
  tenant_id BIGINT NOT NULL,
  display_name TEXT NOT NULL,
  is_disqualified BOOLEAN NOT NULL,
  created_at BIGINT NOT NULL,
  updated_at BIGINT NOT NULL
);
INSERT INTO player VALUES('119330020',38,'Mr. Dorcas Predovic',0,1651834974,1652165543);
INSERT INTO player VALUES('12831f561',38,'Desmond Russel',0,1651860133,1653237716);
INSERT INTO player VALUES('128eb3354',38,'Ms. Shirley Turner',0,1651861347,1653751089);
INSERT INTO player VALUES('12a342e1b',38,'Asia Goyette Sr.',1,1651863503,1652314784);
INSERT INTO player VALUES('140fed5d5',38,'Cortez Lemke',0,1651901741,1652738056);
INSERT INTO player VALUES('146c76564',38,'Lilian Botsford',0,1651911444,1653867069);
INSERT INTO player VALUES('16796bfda',38,'Braden Wilderman',0,1651966490,1653961496);
INSERT INTO player VALUES('1b1cdc5c4',38,'Mr. Braden Klein',0,1652091002,1653686978);
INSERT INTO player VALUES('1bcee96d5',38,'Eldora Nitzsche I',0,1652109672,1653745701);
INSERT INTO player VALUES('1be459b1c',38,'Mr. Everett Roberts I',0,1652111920,1654037889);
INSERT INTO player VALUES('1cf31e188',38,'Tomasa Schaefer',0,1652140312,1652882389);
INSERT INTO player VALUES('1d27f5f0b',38,'Mr. Demetrius Erdman',0,1652145853,1652622846);
INSERT INTO player VALUES('1d31f2145',38,'Otis Abernathy',0,1652146900,1652914167);
INSERT INTO player VALUES('1fe354058',38,'Randy Lang Jr.',0,1652219187,1653766394);
INSERT INTO player VALUES('1ff6d7260',38,'Naomie Greenfelder',0,1652221233,1653397545);
INSERT INTO player VALUES('1ff8cb9e2',38,'Ms. Audreanne Wisozk',0,1652221438,1652873486);
INSERT INTO player VALUES('208b16cb8',38,'Josie Cruickshank',0,1652236778,1653069253);
INSERT INTO player VALUES('2257aa857',38,'Lavonne Bernhard',1,1652285073,1652557955);
INSERT INTO player VALUES('234ffe4d7',38,'Daren Schmitt',0,1652311112,1653472209);
INSERT INTO player VALUES('239d07f9a',38,'Bridie Nader',0,1652319190,1653458977);
INSERT INTO player VALUES('23e8bbddd',38,'Mauricio Christiansen',0,1652327128,1653092066);
INSERT INTO player VALUES('268ccd95d',38,'Sydni Spencer',0,1652398019,1652439843);
INSERT INTO player VALUES('2737bae65',38,'Marjory Bahringer',0,1652415942,1653511348);
INSERT INTO player VALUES('278be6c32',38,'Ms. Mallie Wiza Sr.',0,1652424768,1653822681);
INSERT INTO player VALUES('280a03ed4',38,'Ms. Danika Larkin III',1,1652437992,1653012032);
INSERT INTO player VALUES('2830bc088',38,'Mr. Cecil Feil',0,1652442052,1652547549);
INSERT INTO player VALUES('28bcccf4d',38,'Mr. Van Heaney',0,1652456739,1653852764);
INSERT INTO player VALUES('2944cb68c',38,'Sean Huel',0,1652470999,1653421180);
INSERT INTO player VALUES('29bea7b18',38,'Gaylord Schultz',0,1652483777,1652594713);
INSERT INTO player VALUES('2a86759e2',38,'Jonas Jacobson',0,1652504728,1653806946);
INSERT INTO player VALUES('2b9982353',38,'Erica O"Kon',0,1652533569,1653779985);
INSERT INTO player VALUES('2c1b8fa78',38,'Faye Orn Jr.',0,1652547206,1653400479);
INSERT INTO player VALUES('2cba87741',38,'Ms. Amanda Farrell II',0,1652563875,1652842771);
INSERT INTO player VALUES('2dc0b428e',38,'Amalia Hilll',0,1652591366,1653855896);
INSERT INTO player VALUES('2f70d2baf',38,'Geraldine Altenwerth',0,1652636677,1653031998);
INSERT INTO player VALUES('2fb139880',38,'Mr. Orval D"Amore',0,1652643430,1653736101);
INSERT INTO player VALUES('307b3415c',38,'Frieda Harvey',0,1652664609,1653641049);
INSERT INTO player VALUES('3176559f1',38,'Opal O"Conner',1,1652690942,1653473280);
INSERT INTO player VALUES('31a339513',38,'Paris Christiansen',0,1652695649,1653558785);
INSERT INTO player VALUES('3342e475c',38,'Ms. Gregoria Dicki III',0,1652739235,1653700103);
INSERT INTO player VALUES('337a238a3',38,'Minerva Torp',1,1652745028,1653773780);
INSERT INTO player VALUES('350855ffa',38,'Pietro Labadie',0,1652786782,1653963440);
INSERT INTO player VALUES('3581f2cf4',38,'Lourdes Lang',0,1652799534,1654008563);
INSERT INTO player VALUES('35f504d24',38,'Hillary Dare',1,1652811600,1653370847);
INSERT INTO player VALUES('36bb5abe6',38,'Jeanie Runolfsdottir',0,1652832397,1653967759);
INSERT INTO player VALUES('37822fa3e',38,'Mossie Mosciski',0,1652853246,1653491404);
INSERT INTO player VALUES('37dbbee0d',38,'Richie Baumbach',0,1652862637,1653377847);
INSERT INTO player VALUES('389d2de99',38,'Carson Heaney',0,1652882920,1653377651);
INSERT INTO player VALUES('39afbe00d',38,'Perry Bahringer',0,1652911710,1653802359);
INSERT INTO player VALUES('39b25af5c',38,'Ms. Pansy Romaguera',0,1652911984,1654004678);
INSERT INTO player VALUES('3a27357fe',38,'Lolita Kemmer',0,1652924237,1653088626);
INSERT INTO player VALUES('3a6982282',38,'Jakayla O"Keefe',1,1652931189,1653928398);
INSERT INTO player VALUES('3b8ac6e72',38,'Boyd Feeney PhD',1,1652961521,1653108229);
INSERT INTO player VALUES('3cb985554',38,'Ms. Nova Johnston II',0,1652993266,1653840849);
INSERT INTO player VALUES('3d19429c9',38,'Gregoria Roob',0,1653003305,1653376367);
INSERT INTO player VALUES('3daf82f47',38,'Theresa Baumbach MD',0,1653019060,1653855035);
INSERT INTO player VALUES('3dc5a7e6d',38,'Joyce Crooks',0,1653021382,1653239808);
INSERT INTO player VALUES('3dcfab620',38,'Giovanni Erdman',0,1653022432,1653175168);
INSERT INTO player VALUES('3ddb8aeee',38,'Hiram Predovic',0,1653023677,1653484803);
INSERT INTO player VALUES('3ed49d231',38,'Angela Kuhlman',0,1653049794,1653871504);
INSERT INTO player VALUES('3fad73683',38,'Sister Wilderman DVM',0,1653072531,1653367474);
INSERT INTO player VALUES('4061ddef3',38,'Ms. Josiane Jones',0,1653091449,1653940780);
INSERT INTO player VALUES('40edbe088',38,'Javier Wiegand Jr.',0,1653106116,1653862224);
INSERT INTO player VALUES('415cbb1ab',38,'Pattie Anderson',0,1653117754,1653175849);
INSERT INTO player VALUES('41b7a7790',38,'Jovani Mann',0,1653127288,1653545057);
INSERT INTO player VALUES('41cc93ef5',38,'Esta Stark',0,1653129482,1653536937);
INSERT INTO player VALUES('41d4a078f',38,'Danika Heidenreich',0,1653130326,1653211394);
INSERT INTO player VALUES('41f9186b6',38,'Mr. Stephon Lowe',0,1653134150,1653351329);
INSERT INTO player VALUES('42c6d4dd1',38,'Libby Kuphal Jr.',0,1653155723,1653853492);
INSERT INTO player VALUES('450d2ee51',38,'Valentina Feest',0,1653216787,1653978475);
INSERT INTO player VALUES('453b54df5',38,'Beth Dare',0,1653221626,1653948939);
INSERT INTO player VALUES('456443643',38,'Susana Fadel',0,1653225918,1653298353);
INSERT INTO player VALUES('47194b40d',38,'Eva Koepp',0,1653271744,1653852710);
INSERT INTO player VALUES('477808300',38,'Duane Williamson',0,1653281678,1653686658);
INSERT INTO player VALUES('48a157060',38,'Odell Gerlach DDS',0,1653312853,1653990366);
INSERT INTO player VALUES('4a294a611',38,'Ms. Alvina Bednar',0,1653353952,1654011480);
INSERT INTO player VALUES('4a74cd6f5',38,'Narciso Will DVM',0,1653361870,1653590800);
INSERT INTO player VALUES('4a8a673c1',38,'Libby Howell',0,1653364135,1653542583);
INSERT INTO player VALUES('4ab2110c5',38,'Mr. Alexys Jones III',0,1653368294,1653857974);
INSERT INTO player VALUES('4beaf2b36',38,'William Schoen',0,1653401102,1653897787);
INSERT INTO player VALUES('4c8a8ba18',38,'Ashlee Cartwright',0,1653417837,1653864912);
INSERT INTO player VALUES('4da8d4332',38,'Estrella Graham Jr.',0,1653447856,1653529159);
INSERT INTO player VALUES('4e6d0e944',38,'Mac Botsford',0,1653468432,1653631745);
INSERT INTO player VALUES('4e9e024d5',38,'Gia McLaughlin',0,1653473565,1653792557);
INSERT INTO player VALUES('4ebd2311e',38,'Brent Ankunding',0,1653476829,1653688786);
INSERT INTO player VALUES('4ed39895e',38,'Ms. Myrtle Hilpert V',0,1653479184,1653677067);
INSERT INTO player VALUES('4f314b624',38,'Flo Keebler',0,1653489009,1653992442);
INSERT INTO player VALUES('4f7a6c16c',38,'Nina Adams',0,1653496677,1653610479);
INSERT INTO player VALUES('4fd507e31',38,'Ms. Alexandrine Yundt',0,1653506178,1653602215);
INSERT INTO player VALUES('4fe420a2e',38,'Jadon Kris',0,1653507761,1653879395);
INSERT INTO player VALUES('501cfc4de',38,'Jayda Tremblay Sr.',0,1653513723,1653603009);
INSERT INTO player VALUES('50f00ff34',38,'Ozella Brown',0,1653535856,1653684432);
INSERT INTO player VALUES('5155ea2cf',38,'Brendon Krajcik',0,1653546536,1653757333);
INSERT INTO player VALUES('52a030f00',38,'Mr. Jedediah Schmidt Jr.',0,1653581168,1653874985);
INSERT INTO player VALUES('52c7bd785',38,'Ahmed Rippin DVM',0,1653585315,1653961490);
INSERT INTO player VALUES('5300488df',38,'Joannie Jaskolski',0,1653591244,1653909678);
INSERT INTO player VALUES('5353237f5',38,'Mina Hirthe',0,1653599932,1653984635);
INSERT INTO player VALUES('5370263f0',38,'Odessa Ebert',0,1653602974,1653724524);
INSERT INTO player VALUES('5532eea5b',38,'Tanya Trantow Jr.',0,1653650242,1653912362);
INSERT INTO player VALUES('557b276c3',38,'Telly Hammes',0,1653657815,1653993999);
INSERT INTO player VALUES('565accd27',38,'Carmine Hessel PhD',0,1653681266,1653696936);
INSERT INTO player VALUES('573ab42b4',38,'Daija Cassin II',0,1653704744,1653905256);
INSERT INTO player VALUES('579fc8a42',38,'Grady Cremin',1,1653715343,1653833704);
INSERT INTO player VALUES('581dab2fe',38,'Ms. Sonya Herman',0,1653728543,1653881803);
INSERT INTO player VALUES('58c7e64f1',38,'Ms. Camilla Blick',0,1653746393,1654016291);
INSERT INTO player VALUES('59a0141aa',38,'Keagan Swift',0,1653769061,1653871439);
INSERT INTO player VALUES('5b1d06131',38,'Cody Watsica',0,1653809006,1654033478);
INSERT INTO player VALUES('5bcf74c82',38,'Mr. Jordan Johns II',0,1653827716,1654004729);
INSERT INTO player VALUES('5ce7ac9b9',38,'Mr. Glennie Pollich DDS',0,1653857099,1653947574);
INSERT INTO player VALUES('5cf5c291d',38,'Mr. Sherman Nienow',0,1653858576,1653945417);
INSERT INTO player VALUES('5d4415d7b',38,'Emile Beahan',0,1653866789,1653997013);
INSERT INTO player VALUES('5e0b75e25',38,'Ms. Josephine Sipes I',0,1653887695,1653980535);
INSERT INTO player VALUES('5e5a3222a',38,'Ms. Breanne O"Connell I',0,1653895951,1654036623);
INSERT INTO player VALUES('5ea7c489c',38,'Cynthia Hettinger',0,1653904085,1654007572);
INSERT INTO player VALUES('6027adca4',38,'Kasey Vandervort',0,1653944341,1653958583);
INSERT INTO player VALUES('609ca32ec',38,'Alanna Dickens',0,1653956605,1653979635);
INSERT INTO player VALUES('60c683694',38,'Mary Carter',0,1653960996,1654028577);
INSERT INTO player VALUES('60ebab215',38,'Buster Torphy',0,1653964892,1654030430);
INSERT INTO player VALUES('617af2d23',38,'Ms. Gia Turner Sr.',0,1653979916,1654010852);
INSERT INTO player VALUES('619ee2061',38,'Ms. Lucinda Frami PhD',0,1653983684,1653992333);
INSERT INTO player VALUES('62f0795c5',38,'Mark Volkman',0,1654019083,1654031488);
INSERT INTO player VALUES('636e4fb9e',38,'Mr. Louvenia Daugherty PhD',0,1654032278,1654033938);
CREATE TABLE IF NOT EXISTS IF NOT EXISTS player_score (
                              id VARCHAR(255) NOT NULL PRIMARY KEY,
                              tenant_id BIGINT NOT NULL,
                              player_id VARCHAR(255) NOT NULL,
                              competition_id VARCHAR(255) NOT NULL,
                              score BIGINT NOT NULL,
                              row_num BIGINT NOT NULL,
                              created_at BIGINT NOT NULL,
                              updated_at BIGINT NOT NULL
);
INSERT INTO player_score VALUES('26fec1f51',38,'119330020','268d3b700',626808,389,1652409968,1652409968);
INSERT INTO player_score VALUES('49585c0e8',38,'119330020','293946336',102718,1498,1653332044,1653332044);
INSERT INTO player_score VALUES('6277ac15c',38,'119330020','44c14ca30',104000,2281,1654006416,1654006416);
INSERT INTO player_score VALUES('5b7b24501',38,'119330020','5ae02de28',310527,1734,1653818875,1653818875);
INSERT INTO player_score VALUES('60665ab62',38,'119330020','5ce21ad37',14740,2229,1653950913,1653950913);
INSERT INTO player_score VALUES('63c5ea7ca',38,'119330020','635e31bdc',28440,2102,1654041464,1654041464);
INSERT INTO player_score VALUES('26fbfb7e4',38,'12831f561','268d3b700',105264,378,1652409677,1652409677);
INSERT INTO player_score VALUES('48b427ecd',38,'12831f561','293946336',28710,1470,1653314826,1653314826);
INSERT INTO player_score VALUES('625e26dec',38,'12831f561','44c14ca30',14110,2268,1654003740,1654003740);
INSERT INTO player_score VALUES('5b61d73ec',38,'12831f561','5ae02de28',1400,1474,1653816222,1653816222);
INSERT INTO player_score VALUES('5ff452cf6',38,'12831f561','5ce21ad37',33750,1951,1653938956,1653938956);
INSERT INTO player_score VALUES('63c24fa2e',38,'12831f561','635e31bdc',13209,2038,1654041086,1654041086);
INSERT INTO player_score VALUES('26f2b8e73',38,'128eb3354','268d3b700',306249,352,1652408706,1652408706);
INSERT INTO player_score VALUES('499bc65a5',38,'128eb3354','293946336',55981,1512,1653339113,1653339113);
INSERT INTO player_score VALUES('6313683d2',38,'128eb3354','44c14ca30',8099,2323,1654022746,1654022746);
INSERT INTO player_score VALUES('5b812db89',38,'128eb3354','5ae02de28',11726,1802,1653819508,1653819508);
INSERT INTO player_score VALUES('5feef92d9',38,'128eb3354','5ce21ad37',117819,1939,1653938395,1653938395);
INSERT INTO player_score VALUES('26f299273',38,'12a342e1b','268d3b700',28028,350,1652408693,1652408693);
INSERT INTO player_score VALUES('49dd0403b',38,'12a342e1b','293946336',234960,1523,1653345954,1653345954);
INSERT INTO player_score VALUES('61dfc7cc7',38,'12a342e1b','44c14ca30',0,2234,1653990489,1653990489);
INSERT INTO player_score VALUES('5b71f53d2',38,'12a342e1b','5ae02de28',232848,1639,1653817912,1653817912);
INSERT INTO player_score VALUES('6059255d3',38,'12a342e1b','5ce21ad37',32832,2198,1653949528,1653949528);
INSERT INTO player_score VALUES('63be46ea3',38,'12a342e1b','635e31bdc',267300,1962,1654040663,1654040663);
INSERT INTO player_score VALUES('49916619f',38,'140fed5d5','293946336',9894,1508,1653338025,1653338025);
INSERT INTO player_score VALUES('61ea6513d',38,'140fed5d5','44c14ca30',90045,2238,1653991602,1653991602);
INSERT INTO player_score VALUES('5b7764d54',38,'140fed5d5','5ae02de28',357390,1692,1653818482,1653818482);
INSERT INTO player_score VALUES('6074a8d08',38,'140fed5d5','5ce21ad37',3150,2271,1653952413,1653952413);
INSERT INTO player_score VALUES('63c187714',38,'140fed5d5','635e31bdc',280427,2017,1654041004,1654041004);
INSERT INTO player_score VALUES('26fd33ff6',38,'146c76564','268d3b700',41128,382,1652409805,1652409805);
INSERT INTO player_score VALUES('476c01955',38,'146c76564','293946336',2772,1423,1653280417,1653280417);
INSERT INTO player_score VALUES('62cd636c3',38,'146c76564','44c14ca30',69368,2301,1654015404,1654015404);
INSERT INTO player_score VALUES('5b75dbc73',38,'146c76564','5ae02de28',200100,1673,1653818321,1653818321);
INSERT INTO player_score VALUES('6046b61ba',38,'146c76564','5ce21ad37',36828,2150,1653947595,1653947595);
INSERT INTO player_score VALUES('63ba6f068',38,'146c76564','635e31bdc',13350,1881,1654040260,1654040260);
INSERT INTO player_score VALUES('26ffa28eb',38,'16796bfda','268d3b700',20088,392,1652410060,1652410060);
INSERT INTO player_score VALUES('5b82440b4',38,'16796bfda','5ae02de28',155550,1820,1653819622,1653819622);
INSERT INTO player_score VALUES('60291e6fd',38,'16796bfda','5ce21ad37',62220,2074,1653944492,1653944492);
INSERT INTO player_score VALUES('63b5f601b',38,'16796bfda','635e31bdc',7616,1804,1654039791,1654039791);
INSERT INTO player_score VALUES('26fea719f',38,'1b1cdc5c4','268d3b700',59532,388,1652409957,1652409957);
INSERT INTO player_score VALUES('62578d68c',38,'1b1cdc5c4','44c14ca30',5561,2266,1654003048,1654003048);
INSERT INTO player_score VALUES('5b7f45701',38,'1b1cdc5c4','5ae02de28',109200,1770,1653819308,1653819308);
INSERT INTO player_score VALUES('6067366f8',38,'1b1cdc5c4','5ce21ad37',151152,2232,1653951003,1653951003);
INSERT INTO player_score VALUES('63bac4787',38,'1b1cdc5c4','635e31bdc',131920,1893,1654040295,1654040295);
INSERT INTO player_score VALUES('26fbecda7',38,'1bcee96d5','268d3b700',6192,377,1652409671,1652409671);
INSERT INTO player_score VALUES('4a2c3f3a1',38,'1bcee96d5','293946336',95760,1532,1653354262,1653354262);
INSERT INTO player_score VALUES('63a95cea3',38,'1bcee96d5','44c14ca30',258720,2371,1654038470,1654038470);
INSERT INTO player_score VALUES('5b7b57915',38,'1bcee96d5','5ae02de28',615756,1736,1653818896,1653818896);
INSERT INTO player_score VALUES('5ff57a372',38,'1bcee96d5','5ce21ad37',10472,1954,1653939077,1653939077);
INSERT INTO player_score VALUES('4703f5d7f',38,'1be459b1c','293946336',67100,1405,1653269507,1653269507);
INSERT INTO player_score VALUES('5d9be651a',38,'1be459b1c','44c14ca30',41624,1894,1653875997,1653875997);
INSERT INTO player_score VALUES('5b821332c',38,'1be459b1c','5ae02de28',470208,1815,1653819602,1653819602);
INSERT INTO player_score VALUES('63c7256e3',38,'1be459b1c','635e31bdc',683060,2127,1654041593,1654041593);
INSERT INTO player_score VALUES('26f500670',38,'1cf31e188','268d3b700',29900,361,1652408945,1652408945);
INSERT INTO player_score VALUES('47c4e1098',38,'1cf31e188','293946336',152064,1430,1653289736,1653289736);
INSERT INTO player_score VALUES('623f4597f',38,'1cf31e188','44c14ca30',2016,2255,1654000502,1654000502);
INSERT INTO player_score VALUES('5b7f71622',38,'1cf31e188','5ae02de28',20196,1775,1653819326,1653819326);
INSERT INTO player_score VALUES('63aad756e',38,'1cf31e188','635e31bdc',6889,1583,1654038625,1654038625);
INSERT INTO player_score VALUES('26ff2fd2e',38,'1d27f5f0b','268d3b700',200070,391,1652410013,1652410013);
INSERT INTO player_score VALUES('4875c91ef',38,'1d27f5f0b','293946336',16128,1459,1653308286,1653308286);
INSERT INTO player_score VALUES('637777794',38,'1d27f5f0b','44c14ca30',23100,2357,1654033238,1654033238);
INSERT INTO player_score VALUES('5b8135078',38,'1d27f5f0b','5ae02de28',282072,1803,1653819511,1653819511);
INSERT INTO player_score VALUES('603c4e8ba',38,'1d27f5f0b','5ce21ad37',257400,2127,1653946504,1653946504);
INSERT INTO player_score VALUES('63c46b2e1',38,'1d27f5f0b','635e31bdc',73440,2080,1654041307,1654041307);
INSERT INTO player_score VALUES('26fe47de4',38,'1d31f2145','268d3b700',664741,385,1652409918,1652409918);
INSERT INTO player_score VALUES('4a1d8d06b',38,'1d31f2145','293946336',311696,1530,1653352721,1653352721);
INSERT INTO player_score VALUES('602412ebc',38,'1d31f2145','5ce21ad37',6188,2059,1653943963,1653943963);
INSERT INTO player_score VALUES('63c5d2116',38,'1d31f2145','635e31bdc',49005,2100,1654041454,1654041454);
INSERT INTO player_score VALUES('26f7fc8e5',38,'1fe354058','268d3b700',194463,368,1652409258,1652409258);
INSERT INTO player_score VALUES('469b63d3e',38,'1fe354058','293946336',3444,1386,1653258542,1653258542);
INSERT INTO player_score VALUES('5b6f7ce87',38,'1fe354058','5ae02de28',32886,1620,1653817653,1653817653);
INSERT INTO player_score VALUES('607381670',38,'1fe354058','5ce21ad37',126984,2267,1653952292,1653952292);
INSERT INTO player_score VALUES('63b53a05c',38,'1fe354058','635e31bdc',55200,1777,1654039714,1654039714);
INSERT INTO player_score VALUES('26edd6e35',38,'1ff6d7260','268d3b700',43056,329,1652408194,1652408194);
INSERT INTO player_score VALUES('4956dcc3b',38,'1ff6d7260','293946336',11481,1497,1653331887,1653331887);
INSERT INTO player_score VALUES('6166c25bf',38,'1ff6d7260','44c14ca30',93248,2193,1653977799,1653977799);
INSERT INTO player_score VALUES('5b81f37a1',38,'1ff6d7260','5ae02de28',6090,1812,1653819589,1653819589);
INSERT INTO player_score VALUES('6037d5887',38,'1ff6d7260','5ce21ad37',140448,2114,1653946035,1653946035);
INSERT INTO player_score VALUES('63c27b97a',38,'1ff6d7260','635e31bdc',1830,2043,1654041104,1654041104);
INSERT INTO player_score VALUES('26fb30dcf',38,'1ff8cb9e2','268d3b700',131652,376,1652409594,1652409594);
INSERT INTO player_score VALUES('49983547f',38,'1ff8cb9e2','293946336',64860,1510,1653338739,1653338739);
INSERT INTO player_score VALUES('636e7e1b0',38,'1ff8cb9e2','44c14ca30',44000,2354,1654032297,1654032297);
INSERT INTO player_score VALUES('5b7f4f31d',38,'1ff8cb9e2','5ae02de28',328032,1772,1653819312,1653819312);
INSERT INTO player_score VALUES('601473e71',38,'1ff8cb9e2','5ce21ad37',442800,2024,1653942325,1653942325);
INSERT INTO player_score VALUES('63ae6fbff',38,'1ff8cb9e2','635e31bdc',2457,1661,1654039002,1654039002);
INSERT INTO player_score VALUES('270010690',38,'208b16cb8','268d3b700',271872,393,1652410105,1652410105);
INSERT INTO player_score VALUES('488dd3eca',38,'208b16cb8','293946336',10080,1462,1653310807,1653310807);
INSERT INTO player_score VALUES('61bff7452',38,'208b16cb8','44c14ca30',36736,2226,1653987153,1653987153);
INSERT INTO player_score VALUES('5b78197c9',38,'208b16cb8','5ae02de28',816,1699,1653818556,1653818556);
INSERT INTO player_score VALUES('602c8602a',38,'208b16cb8','5ce21ad37',444528,2084,1653944849,1653944849);
INSERT INTO player_score VALUES('63c26f614',38,'208b16cb8','635e31bdc',4148,2042,1654041099,1654041099);
INSERT INTO player_score VALUES('26ff1eb7a',38,'2257aa857','268d3b700',302512,390,1652410006,1652410006);
INSERT INTO player_score VALUES('4902ff073',38,'2257aa857','293946336',128160,1487,1653323093,1653323093);
INSERT INTO player_score VALUES('63ad150de',38,'2257aa857','44c14ca30',115920,2372,1654038860,1654038860);
INSERT INTO player_score VALUES('60757ac53',38,'2257aa857','5ce21ad37',126378,2272,1653952499,1653952499);
INSERT INTO player_score VALUES('26ec52b70',38,'234ffe4d7','268d3b700',79040,321,1652408035,1652408035);
INSERT INTO player_score VALUES('4a227176c',38,'234ffe4d7','293946336',485070,1531,1653353234,1653353234);
INSERT INTO player_score VALUES('60ece39d4',38,'234ffe4d7','44c14ca30',67221,2163,1653965020,1653965020);
INSERT INTO player_score VALUES('5b80d3638',38,'234ffe4d7','5ae02de28',232356,1791,1653819471,1653819471);
INSERT INTO player_score VALUES('6047d8a67',38,'234ffe4d7','5ce21ad37',0,2154,1653947714,1653947714);
INSERT INTO player_score VALUES('63c6de9dd',38,'234ffe4d7','635e31bdc',108186,2123,1654041564,1654041564);
INSERT INTO player_score VALUES('48e723acc',38,'239d07f9a','293946336',4788,1480,1653320172,1653320172);
INSERT INTO player_score VALUES('61876e9c3',38,'239d07f9a','44c14ca30',8892,2205,1653981225,1653981225);
INSERT INTO player_score VALUES('5b7f98723',38,'239d07f9a','5ae02de28',133400,1776,1653819342,1653819342);
INSERT INTO player_score VALUES('606016b1a',38,'239d07f9a','5ce21ad37',450080,2215,1653950256,1653950256);
INSERT INTO player_score VALUES('63c50ec22',38,'239d07f9a','635e31bdc',3600,2088,1654041374,1654041374);
INSERT INTO player_score VALUES('27006d320',38,'23e8bbddd','268d3b700',34408,394,1652410143,1652410143);
INSERT INTO player_score VALUES('49d490efa',38,'23e8bbddd','293946336',28536,1522,1653345068,1653345068);
INSERT INTO player_score VALUES('62241524a',38,'23e8bbddd','44c14ca30',39150,2250,1653997651,1653997651);
INSERT INTO player_score VALUES('5b7ae7469',38,'23e8bbddd','5ae02de28',24780,1731,1653818850,1653818850);
INSERT INTO player_score VALUES('6040aa444',38,'23e8bbddd','5ce21ad37',101816,2136,1653946961,1653946961);
INSERT INTO player_score VALUES('63bc0ba48',38,'23e8bbddd','635e31bdc',129250,1913,1654040429,1654040429);
INSERT INTO player_score VALUES('27008f5f9',38,'268ccd95d','268d3b700',41250,395,1652410157,1652410157);
INSERT INTO player_score VALUES('49a0ccfe1',38,'268ccd95d','293946336',40800,1515,1653339640,1653339640);
INSERT INTO player_score VALUES('62f60b252',38,'268ccd95d','44c14ca30',365976,2315,1654019667,1654019667);
INSERT INTO player_score VALUES('605fed300',38,'268ccd95d','5ce21ad37',139320,2213,1653950239,1653950239);
INSERT INTO player_score VALUES('63c7256e4',38,'268ccd95d','635e31bdc',353320,2125,1654041593,1654041593);
INSERT INTO player_score VALUES('47a48cab7',38,'2737bae65','293946336',126672,1428,1653286346,1653286346);
INSERT INTO player_score VALUES('6351c4961',38,'2737bae65','44c14ca30',248040,2346,1654029285,1654029285);
INSERT INTO player_score VALUES('5b837a191',38,'2737bae65','5ae02de28',1260,1833,1653819749,1653819749);
INSERT INTO player_score VALUES('606ca6061',38,'2737bae65','5ce21ad37',56232,2247,1653951573,1653951573);
INSERT INTO player_score VALUES('63bc3ee6f',38,'2737bae65','635e31bdc',110400,1917,1654040450,1654040450);
INSERT INTO player_score VALUES('46a09b423',38,'278be6c32','293946336',100737,1387,1653259089,1653259089);
INSERT INTO player_score VALUES('5b839eb5b',38,'278be6c32','5ae02de28',171990,1837,1653819764,1653819764);
INSERT INTO player_score VALUES('605886aa6',38,'278be6c32','5ce21ad37',17908,2196,1653949463,1653949463);
INSERT INTO player_score VALUES('63c703410',38,'278be6c32','635e31bdc',11172,2124,1654041579,1654041579);
INSERT INTO player_score VALUES('48fd3ee01',38,'280a03ed4','293946336',2800,1484,1653322490,1653322490);
INSERT INTO player_score VALUES('627e012d5',38,'280a03ed4','44c14ca30',2016,2282,1654007080,1654007080);
INSERT INTO player_score VALUES('5b8230831',38,'280a03ed4','5ae02de28',341315,1818,1653819614,1653819614);
INSERT INTO player_score VALUES('5ff66e597',38,'280a03ed4','5ce21ad37',16128,1958,1653939177,1653939177);
INSERT INTO player_score VALUES('63bfd750d',38,'280a03ed4','635e31bdc',69920,1990,1654040827,1654040827);
INSERT INTO player_score VALUES('636f2de48',38,'2830bc088','44c14ca30',1680,2355,1654032369,1654032369);
INSERT INTO player_score VALUES('5b811a2f3',38,'2830bc088','5ae02de28',203688,1801,1653819500,1653819500);
INSERT INTO player_score VALUES('5ff2bb156',38,'2830bc088','5ce21ad37',428022,1946,1653938789,1653938789);
INSERT INTO player_score VALUES('63c0b577e',38,'2830bc088','635e31bdc',267235,2005,1654040918,1654040918);
INSERT INTO player_score VALUES('4990c4f8b',38,'28bcccf4d','293946336',1824,1507,1653337959,1653337959);
INSERT INTO player_score VALUES('61eb4d020',38,'28bcccf4d','44c14ca30',9360,2239,1653991697,1653991697);
INSERT INTO player_score VALUES('5b7a79684',38,'28bcccf4d','5ae02de28',34650,1727,1653818805,1653818805);
INSERT INTO player_score VALUES('6067402ff',38,'28bcccf4d','5ce21ad37',73600,2233,1653951007,1653951007);
INSERT INTO player_score VALUES('63bee80e4',38,'28bcccf4d','635e31bdc',2450,1979,1654040729,1654040729);
INSERT INTO player_score VALUES('49e9564ee',38,'2944cb68c','293946336',28917,1528,1653347246,1653347246);
INSERT INTO player_score VALUES('6336c0159',38,'2944cb68c','44c14ca30',119884,2339,1654026452,1654026452);
INSERT INTO player_score VALUES('5b7fede17',38,'2944cb68c','5ae02de28',7520,1782,1653819377,1653819377);
INSERT INTO player_score VALUES('63bce758e',38,'2944cb68c','635e31bdc',125580,1938,1654040519,1654040519);
INSERT INTO player_score VALUES('3f2ed4d6a',38,'29bea7b18','293946336',46592,1034,1653059254,1653059254);
INSERT INTO player_score VALUES('6180deede',38,'29bea7b18','44c14ca30',12096,2203,1653980537,1653980537);
INSERT INTO player_score VALUES('5b7952004',38,'29bea7b18','5ae02de28',477708,1713,1653818684,1653818684);
INSERT INTO player_score VALUES('6038520b8',38,'29bea7b18','5ce21ad37',27136,2115,1653946086,1653946086);
INSERT INTO player_score VALUES('63c65fac1',38,'29bea7b18','635e31bdc',399000,2111,1654041512,1654041512);
INSERT INTO player_score VALUES('4960a5a61',38,'2a86759e2','293946336',217616,1502,1653332913,1653332913);
INSERT INTO player_score VALUES('63aed3dae',38,'2a86759e2','44c14ca30',1232,2373,1654039043,1654039043);
INSERT INTO player_score VALUES('5b80d3639',38,'2a86759e2','5ae02de28',41580,1792,1653819471,1653819471);
INSERT INTO player_score VALUES('63bcdd99a',38,'2a86759e2','635e31bdc',6300,1936,1654040515,1654040515);
INSERT INTO player_score VALUES('45c0f0fa5',38,'2b9982353','293946336',135240,1343,1653235636,1653235636);
INSERT INTO player_score VALUES('636a114b5',38,'2b9982353','44c14ca30',21840,2350,1654031833,1654031833);
INSERT INTO player_score VALUES('5b7d906d4',38,'2b9982353','5ae02de28',187085,1762,1653819129,1653819129);
INSERT INTO player_score VALUES('6034cd29e',38,'2b9982353','5ce21ad37',200928,2108,1653945717,1653945717);
INSERT INTO player_score VALUES('63b864904',38,'2b9982353','635e31bdc',39560,1851,1654040046,1654040046);
INSERT INTO player_score VALUES('4a35ed433',38,'2c1b8fa78','293946336',167535,1535,1653355277,1653355277);
INSERT INTO player_score VALUES('626f53da8',38,'2c1b8fa78','44c14ca30',174600,2276,1654005541,1654005541);
INSERT INTO player_score VALUES('5b8399d73',38,'2c1b8fa78','5ae02de28',40880,1835,1653819762,1653819762);
INSERT INTO player_score VALUES('6036ba549',38,'2c1b8fa78','5ce21ad37',48672,2111,1653945919,1653945919);
INSERT INTO player_score VALUES('63b56388b',38,'2c1b8fa78','635e31bdc',4992,1781,1654039731,1654039731);
INSERT INTO player_score VALUES('49be4eb35',38,'2cba87741','293946336',54168,1520,1653342734,1653342734);
INSERT INTO player_score VALUES('62db63690',38,'2cba87741','44c14ca30',15300,2305,1654016872,1654016872);
INSERT INTO player_score VALUES('6046ac5ae',38,'2cba87741','5ce21ad37',76212,2149,1653947591,1653947591);
INSERT INTO player_score VALUES('63c5299f4',38,'2cba87741','635e31bdc',0,2089,1654041385,1654041385);
INSERT INTO player_score VALUES('467598894',38,'2dc0b428e','293946336',493020,1377,1653254579,1653254579);
INSERT INTO player_score VALUES('6130b205d',38,'2dc0b428e','44c14ca30',195000,2183,1653972130,1653972130);
INSERT INTO player_score VALUES('5b54f7586',38,'2dc0b428e','5ae02de28',10080,1323,1653814872,1653814872);
INSERT INTO player_score VALUES('60634892e',38,'2dc0b428e','5ce21ad37',26775,2217,1653950591,1653950591);
INSERT INTO player_score VALUES('63c0feb7a',38,'2dc0b428e','635e31bdc',233772,2008,1654040948,1654040948);
INSERT INTO player_score VALUES('48d77605e',38,'2f70d2baf','293946336',492030,1478,1653318528,1653318528);
INSERT INTO player_score VALUES('626a2b08e',38,'2f70d2baf','44c14ca30',249798,2273,1654005000,1654005000);
INSERT INTO player_score VALUES('5b74c08d4',38,'2f70d2baf','5ae02de28',43240,1662,1653818205,1653818205);
INSERT INTO player_score VALUES('6072e7971',38,'2f70d2baf','5ce21ad37',382239,2264,1653952229,1653952229);
INSERT INTO player_score VALUES('49e1ab6b3',38,'2fb139880','293946336',3150,1524,1653346442,1653346442);
INSERT INTO player_score VALUES('63b044800',38,'2fb139880','44c14ca30',7440,2374,1654039194,1654039194);
INSERT INTO player_score VALUES('5b7bc08c7',38,'2fb139880','5ae02de28',89670,1744,1653818939,1653818939);
INSERT INTO player_score VALUES('606c50927',38,'2fb139880','5ce21ad37',248235,2246,1653951538,1653951538);
INSERT INTO player_score VALUES('63c5bc1b9',38,'2fb139880','635e31bdc',30720,2098,1654041445,1654041445);
INSERT INTO player_score VALUES('492dfce3e',38,'307b3415c','293946336',147022,1490,1653327601,1653327601);
INSERT INTO player_score VALUES('632123dcd',38,'307b3415c','44c14ca30',182574,2328,1654024186,1654024186);
INSERT INTO player_score VALUES('5b798c950',38,'307b3415c','5ae02de28',23436,1718,1653818708,1653818708);
INSERT INTO player_score VALUES('6075c1915',38,'307b3415c','5ce21ad37',3410,2274,1653952528,1653952528);
INSERT INTO player_score VALUES('63c45c87f',38,'307b3415c','635e31bdc',120935,2078,1654041301,1654041301);
INSERT INTO player_score VALUES('482ac77aa',38,'3176559f1','293946336',166400,1446,1653300421,1653300421);
INSERT INTO player_score VALUES('633f3cf22',38,'3176559f1','44c14ca30',20976,2342,1654027342,1654027342);
INSERT INTO player_score VALUES('5b82949d4',38,'3176559f1','5ae02de28',8319,1822,1653819655,1653819655);
INSERT INTO player_score VALUES('606940e1c',38,'3176559f1','5ce21ad37',115200,2238,1653951217,1653951217);
INSERT INTO player_score VALUES('63c463df9',38,'3176559f1','635e31bdc',58344,2079,1654041304,1654041304);
INSERT INTO player_score VALUES('44a0cc530',38,'31a339513','293946336',112480,1291,1653205422,1653205422);
INSERT INTO player_score VALUES('5f270b87e',38,'31a339513','44c14ca30',84194,2019,1653917431,1653917431);
INSERT INTO player_score VALUES('5b6b3996d',38,'31a339513','5ae02de28',0,1572,1653817206,1653817206);
INSERT INTO player_score VALUES('60409e0db',38,'31a339513','5ce21ad37',0,2134,1653946956,1653946956);
INSERT INTO player_score VALUES('63be8b45f',38,'31a339513','635e31bdc',273963,1968,1654040691,1654040691);
INSERT INTO player_score VALUES('49f889eb8',38,'3342e475c','293946336',31824,1529,1653348840,1653348840);
INSERT INTO player_score VALUES('627397294',38,'3342e475c','44c14ca30',66960,2280,1654005988,1654005988);
INSERT INTO player_score VALUES('5fbad605a',38,'3342e475c','5ce21ad37',121680,1799,1653932928,1653932928);
INSERT INTO player_score VALUES('63c5bc1ba',38,'3342e475c','635e31bdc',8208,2097,1654041445,1654041445);
INSERT INTO player_score VALUES('49587bc9e',38,'337a238a3','293946336',524400,1499,1653332057,1653332057);
INSERT INTO player_score VALUES('62017bb8a',38,'337a238a3','44c14ca30',23562,2245,1653994023,1653994023);
INSERT INTO player_score VALUES('5b80b8868',38,'337a238a3','5ae02de28',189720,1789,1653819460,1653819460);
INSERT INTO player_score VALUES('60757d345',38,'337a238a3','5ce21ad37',44030,2273,1653952500,1653952500);
INSERT INTO player_score VALUES('63c335202',38,'337a238a3','635e31bdc',73800,2058,1654041180,1654041180);
INSERT INTO player_score VALUES('4a2cc09ea',38,'350855ffa','293946336',451008,1533,1653354315,1653354315);
INSERT INTO player_score VALUES('627228f21',38,'350855ffa','44c14ca30',37600,2278,1654005838,1654005838);
INSERT INTO player_score VALUES('5b8165e00',38,'350855ffa','5ae02de28',3360,1806,1653819531,1653819531);
INSERT INTO player_score VALUES('6057be75f',38,'350855ffa','5ce21ad37',11502,2192,1653949381,1653949381);
INSERT INTO player_score VALUES('63bdf65ad',38,'350855ffa','635e31bdc',19228,1957,1654040630,1654040630);
INSERT INTO player_score VALUES('485976271',38,'3581f2cf4','293946336',31460,1456,1653305316,1653305316);
INSERT INTO player_score VALUES('5b839763d',38,'3581f2cf4','5ae02de28',45792,1834,1653819761,1653819761);
INSERT INTO player_score VALUES('5fd00e21a',38,'3581f2cf4','5ce21ad37',335544,1851,1653935153,1653935153);
INSERT INTO player_score VALUES('63b655378',38,'3581f2cf4','635e31bdc',83600,1813,1654039830,1654039830);
INSERT INTO player_score VALUES('499bc8cf8',38,'35f504d24','293946336',130560,1513,1653339114,1653339114);
INSERT INTO player_score VALUES('63352fb04',38,'35f504d24','44c14ca30',26884,2337,1654026288,1654026288);
INSERT INTO player_score VALUES('5b7de0fed',38,'35f504d24','5ae02de28',93024,1765,1653819162,1653819162);
INSERT INTO player_score VALUES('605548934',38,'35f504d24','5ce21ad37',0,2189,1653949123,1653949123);
INSERT INTO player_score VALUES('63bab3646',38,'35f504d24','635e31bdc',114912,1890,1654040288,1654040288);
INSERT INTO player_score VALUES('44ec0fe67',38,'36bb5abe6','293946336',355266,1307,1653213314,1653213314);
INSERT INTO player_score VALUES('630eca98e',38,'36bb5abe6','44c14ca30',6864,2322,1654022262,1654022262);
INSERT INTO player_score VALUES('5b725473b',38,'36bb5abe6','5ae02de28',63510,1645,1653817951,1653817951);
INSERT INTO player_score VALUES('605e5578a',38,'36bb5abe6','5ce21ad37',12834,2210,1653950072,1653950072);
INSERT INTO player_score VALUES('63c6314c4',38,'36bb5abe6','635e31bdc',3828,2107,1654041493,1654041493);
INSERT INTO player_score VALUES('48e8a56d5',38,'37822fa3e','293946336',96100,1482,1653320330,1653320330);
INSERT INTO player_score VALUES('5ef175481',38,'37822fa3e','44c14ca30',24948,1995,1653911812,1653911812);
INSERT INTO player_score VALUES('5b82d1a43',38,'37822fa3e','5ae02de28',487692,1825,1653819680,1653819680);
INSERT INTO player_score VALUES('600bd000c',38,'37822fa3e','5ce21ad37',73960,2004,1653941419,1653941419);
INSERT INTO player_score VALUES('63c7256e5',38,'37822fa3e','635e31bdc',189286,2126,1654041593,1654041593);
INSERT INTO player_score VALUES('49c26af04',38,'37dbbee0d','293946336',4200,1521,1653343165,1653343165);
INSERT INTO player_score VALUES('606b61518',38,'37dbbee0d','44c14ca30',67488,2115,1653951440,1653951440);
INSERT INTO player_score VALUES('5b79c99fe',38,'37dbbee0d','5ae02de28',48600,1723,1653818733,1653818733);
INSERT INTO player_score VALUES('606d70ac9',38,'37dbbee0d','5ce21ad37',243243,2248,1653951656,1653951656);
INSERT INTO player_score VALUES('63c31f2a2',38,'37dbbee0d','635e31bdc',42340,2057,1654041171,1654041171);
INSERT INTO player_score VALUES('48a6b58c1',38,'389d2de99','293946336',13570,1466,1653313416,1653313416);
INSERT INTO player_score VALUES('63b75325b',38,'389d2de99','44c14ca30',483072,2377,1654039934,1654039934);
INSERT INTO player_score VALUES('60703e71b',38,'389d2de99','5ce21ad37',130662,2255,1653951950,1653951950);
INSERT INTO player_score VALUES('63c30e11e',38,'389d2de99','635e31bdc',170500,2055,1654041164,1654041164);
INSERT INTO player_score VALUES('6379cd9d8',38,'39afbe00d','44c14ca30',9086,2360,1654033483,1654033483);
INSERT INTO player_score VALUES('5b828d4a0',38,'39afbe00d','5ae02de28',0,1821,1653819652,1653819652);
INSERT INTO player_score VALUES('63c0934bb',38,'39afbe00d','635e31bdc',124384,2000,1654040904,1654040904);
INSERT INTO player_score VALUES('45c5196c2',38,'39b25af5c','293946336',152625,1345,1653236072,1653236072);
INSERT INTO player_score VALUES('62ad90762',38,'39b25af5c','44c14ca30',392274,2294,1654012067,1654012067);
INSERT INTO player_score VALUES('5b8199243',38,'39b25af5c','5ae02de28',257040,1809,1653819552,1653819552);
INSERT INTO player_score VALUES('600b537bf',38,'39b25af5c','5ce21ad37',117600,2001,1653941368,1653941368);
INSERT INTO player_score VALUES('63c62782a',38,'39b25af5c','635e31bdc',442800,2105,1654041489,1654041489);
INSERT INTO player_score VALUES('47535f6e8',38,'3a27357fe','293946336',198702,1417,1653277834,1653277834);
INSERT INTO player_score VALUES('61242040c',38,'3a27357fe','44c14ca30',45936,2180,1653970812,1653970812);
INSERT INTO player_score VALUES('5b81b18f5',38,'3a27357fe','5ae02de28',17082,1810,1653819562,1653819562);
INSERT INTO player_score VALUES('606dc3afd',38,'3a27357fe','5ce21ad37',60520,2249,1653951690,1653951690);
INSERT INTO player_score VALUES('63c20db70',38,'3a27357fe','635e31bdc',34056,2033,1654041059,1654041059);
INSERT INTO player_score VALUES('4986ed717',38,'3a6982282','293946336',101504,1505,1653336927,1653336927);
INSERT INTO player_score VALUES('6113db380',38,'3a6982282','44c14ca30',195840,2175,1653969106,1653969106);
INSERT INTO player_score VALUES('5b6440ecd',38,'3a6982282','5ae02de28',16074,1506,1653816475,1653816475);
INSERT INTO player_score VALUES('605c8a7d4',38,'3a6982282','5ce21ad37',63072,2205,1653949884,1653949884);
INSERT INTO player_score VALUES('63bf47468',38,'3a6982282','635e31bdc',116160,1983,1654040768,1654040768);
INSERT INTO player_score VALUES('47190e3ab',38,'3b8ac6e72','293946336',6240,1411,1653271719,1653271719);
INSERT INTO player_score VALUES('60c9f4be6',38,'3b8ac6e72','44c14ca30',96390,2151,1653961357,1653961357);
INSERT INTO player_score VALUES('5b7906518',38,'3b8ac6e72','5ae02de28',72,1710,1653818653,1653818653);
INSERT INTO player_score VALUES('604930e4d',38,'3b8ac6e72','5ce21ad37',16380,2159,1653947855,1653947855);
INSERT INTO player_score VALUES('63c59c5cf',38,'3b8ac6e72','635e31bdc',316800,2095,1654041432,1654041432);
INSERT INTO player_score VALUES('4a4614ff3',38,'3cb985554','293946336',420992,1536,1653356971,1653356971);
INSERT INTO player_score VALUES('6333f9a2e',38,'3cb985554','44c14ca30',18240,2336,1654026161,1654026161);
INSERT INTO player_score VALUES('5b798a234',38,'3cb985554','5ae02de28',378000,1717,1653818707,1653818707);
INSERT INTO player_score VALUES('5feace4b3',38,'3cb985554','5ce21ad37',1680,1928,1653937958,1653937958);
INSERT INTO player_score VALUES('48ed171c8',38,'3d19429c9','293946336',0,1483,1653320796,1653320796);
INSERT INTO player_score VALUES('609abae98',38,'3d19429c9','44c14ca30',66885,2133,1653956405,1653956405);
INSERT INTO player_score VALUES('5b75bc065',38,'3d19429c9','5ae02de28',178200,1672,1653818308,1653818308);
INSERT INTO player_score VALUES('607179611',38,'3d19429c9','5ce21ad37',66215,2261,1653952079,1653952079);
INSERT INTO player_score VALUES('63c6b9ff4',38,'3d19429c9','635e31bdc',245,2121,1654041549,1654041549);
INSERT INTO player_score VALUES('49e51cc4d',38,'3daf82f47','293946336',7685,1527,1653346803,1653346803);
INSERT INTO player_score VALUES('6255940b5',38,'3daf82f47','44c14ca30',171864,2264,1654002841,1654002841);
INSERT INTO player_score VALUES('5b821cf7c',38,'3daf82f47','5ae02de28',15435,1816,1653819606,1653819606);
INSERT INTO player_score VALUES('5ffc384e1',38,'3daf82f47','5ce21ad37',361746,1966,1653939784,1653939784);
INSERT INTO player_score VALUES('63c2a9f88',38,'3daf82f47','635e31bdc',209684,2046,1654041123,1654041123);
INSERT INTO player_score VALUES('4a31ee4b0',38,'3dc5a7e6d','293946336',4015,1534,1653354858,1653354858);
INSERT INTO player_score VALUES('6377cf5f1',38,'3dc5a7e6d','44c14ca30',126614,2359,1654033274,1654033274);
INSERT INTO player_score VALUES('5b774c696',38,'3dc5a7e6d','5ae02de28',137280,1689,1653818472,1653818472);
INSERT INTO player_score VALUES('6070aec22',38,'3dc5a7e6d','5ce21ad37',532224,2258,1653951996,1653951996);
INSERT INTO player_score VALUES('63c2ce96e',38,'3dc5a7e6d','635e31bdc',185328,2050,1654041138,1654041138);
INSERT INTO player_score VALUES('499f5503f',38,'3dcfab620','293946336',103950,1514,1653339486,1653339486);
INSERT INTO player_score VALUES('639b61d0b',38,'3dcfab620','44c14ca30',216117,2370,1654037004,1654037004);
INSERT INTO player_score VALUES('6068c1ef0',38,'3dcfab620','5ce21ad37',391248,2237,1653951165,1653951165);
INSERT INTO player_score VALUES('63b6ea28d',38,'3dcfab620','635e31bdc',197001,1825,1654039891,1654039891);
INSERT INTO player_score VALUES('49b3522f2',38,'3ddb8aeee','293946336',202831,1518,1653341582,1653341582);
INSERT INTO player_score VALUES('61394c297',38,'3ddb8aeee','44c14ca30',261144,2187,1653973032,1653973032);
INSERT INTO player_score VALUES('5b67ecdfc',38,'3ddb8aeee','5ae02de28',13986,1540,1653816860,1653816860);
INSERT INTO player_score VALUES('606fdcc99',38,'3ddb8aeee','5ce21ad37',202176,2253,1653951910,1653951910);
INSERT INTO player_score VALUES('63c68b9b6',38,'3ddb8aeee','635e31bdc',89300,2117,1654041530,1654041530);
INSERT INTO player_score VALUES('488bdcfbc',38,'3ed49d231','293946336',187792,1461,1653310601,1653310601);
INSERT INTO player_score VALUES('62f322877',38,'3ed49d231','44c14ca30',47600,2313,1654019362,1654019362);
INSERT INTO player_score VALUES('5b7cd1fe7',38,'3ed49d231','5ae02de28',9680,1755,1653819051,1653819051);
INSERT INTO player_score VALUES('603257463',38,'3ed49d231','5ce21ad37',124800,2100,1653945459,1653945459);
INSERT INTO player_score VALUES('63bfd26cf',38,'3ed49d231','635e31bdc',638260,1988,1654040825,1654040825);
INSERT INTO player_score VALUES('43c453e30',38,'3fad73683','293946336',61180,1246,1653182304,1653182304);
INSERT INTO player_score VALUES('629c65ef0',38,'3fad73683','44c14ca30',8845,2290,1654010267,1654010267);
INSERT INTO player_score VALUES('5b83557a6',38,'3fad73683','5ae02de28',18396,1831,1653819734,1653819734);
INSERT INTO player_score VALUES('604d37282',38,'3fad73683','5ce21ad37',39809,2173,1653948277,1653948277);
INSERT INTO player_score VALUES('63b6af8f0',38,'3fad73683','635e31bdc',11466,1820,1654039867,1654039867);
INSERT INTO player_score VALUES('45a178520',38,'4061ddef3','293946336',56160,1336,1653232336,1653232336);
INSERT INTO player_score VALUES('627f8cab0',38,'4061ddef3','44c14ca30',134865,2283,1654007242,1654007242);
INSERT INTO player_score VALUES('5b81b18f6',38,'4061ddef3','5ae02de28',72522,1811,1653819562,1653819562);
INSERT INTO player_score VALUES('606452b23',38,'4061ddef3','5ce21ad37',485550,2220,1653950700,1653950700);
INSERT INTO player_score VALUES('468543bf0',38,'40edbe088','293946336',176640,1380,1653256222,1653256222);
INSERT INTO player_score VALUES('613fd96c6',38,'40edbe088','44c14ca30',5658,2191,1653973719,1653973719);
INSERT INTO player_score VALUES('5b6bff581',38,'40edbe088','5ae02de28',532168,1581,1653817287,1653817287);
INSERT INTO player_score VALUES('606b3562e',38,'40edbe088','5ce21ad37',33748,2244,1653951422,1653951422);
INSERT INTO player_score VALUES('63be9c5ef',38,'40edbe088','635e31bdc',264,1971,1654040698,1654040698);
INSERT INTO player_score VALUES('494c35b23',38,'415cbb1ab','293946336',3649,1495,1653330770,1653330770);
INSERT INTO player_score VALUES('636e793ac',38,'415cbb1ab','44c14ca30',281160,2353,1654032295,1654032295);
INSERT INTO player_score VALUES('5b8349453',38,'415cbb1ab','5ae02de28',27840,1830,1653819729,1653819729);
INSERT INTO player_score VALUES('6031dfa3e',38,'415cbb1ab','5ce21ad37',444411,2097,1653945410,1653945410);
INSERT INTO player_score VALUES('63c41f7e5',38,'415cbb1ab','635e31bdc',24192,2073,1654041276,1654041276);
INSERT INTO player_score VALUES('498bd4554',38,'41b7a7790','293946336',126976,1506,1653337441,1653337441);
INSERT INTO player_score VALUES('62ec9f0b0',38,'41b7a7790','44c14ca30',158508,2310,1654018679,1654018679);
INSERT INTO player_score VALUES('5b82b6cb2',38,'41b7a7790','5ae02de28',254400,1823,1653819669,1653819669);
INSERT INTO player_score VALUES('6065aaebf',38,'41b7a7790','5ce21ad37',137475,2228,1653950841,1653950841);
INSERT INTO player_score VALUES('63bfab5c0',38,'41b7a7790','635e31bdc',50388,1986,1654040809,1654040809);
INSERT INTO player_score VALUES('49ae443d3',38,'41cc93ef5','293946336',131254,1517,1653341052,1653341052);
INSERT INTO player_score VALUES('626f31a83',38,'41cc93ef5','44c14ca30',7826,2275,1654005527,1654005527);
INSERT INTO player_score VALUES('5b8237d29',38,'41cc93ef5','5ae02de28',9744,1819,1653819617,1653819617);
INSERT INTO player_score VALUES('605849a43',38,'41cc93ef5','5ce21ad37',4704,2194,1653949438,1653949438);
INSERT INTO player_score VALUES('47f352b36',38,'41d4a078f','293946336',412815,1439,1653294606,1653294606);
INSERT INTO player_score VALUES('6399611cb',38,'41d4a078f','44c14ca30',45486,2369,1654036794,1654036794);
INSERT INTO player_score VALUES('5b7f6a0b4',38,'41d4a078f','5ae02de28',585,1774,1653819323,1653819323);
INSERT INTO player_score VALUES('6074954ad',38,'41d4a078f','5ce21ad37',443040,2270,1653952405,1653952405);
INSERT INTO player_score VALUES('63c666fed',38,'41d4a078f','635e31bdc',214016,2112,1654041515,1654041515);
INSERT INTO player_score VALUES('49618b250',38,'41f9186b6','293946336',74704,1503,1653333007,1653333007);
INSERT INTO player_score VALUES('60d8da3b7',38,'41f9186b6','44c14ca30',99220,2156,1653962919,1653962919);
INSERT INTO player_score VALUES('5b5955834',38,'41f9186b6','5ae02de28',54990,1379,1653815330,1653815330);
INSERT INTO player_score VALUES('601dd15d1',38,'41f9186b6','5ce21ad37',86250,2045,1653943307,1653943307);
INSERT INTO player_score VALUES('63c67cf7c',38,'41f9186b6','635e31bdc',31977,2114,1654041524,1654041524);
INSERT INTO player_score VALUES('4840b443f',38,'42c6d4dd1','293946336',37668,1453,1653302720,1653302720);
INSERT INTO player_score VALUES('5b7488683',38,'42c6d4dd1','5ae02de28',514304,1661,1653818182,1653818182);
INSERT INTO player_score VALUES('6072f63fe',38,'42c6d4dd1','5ce21ad37',113568,2265,1653952235,1653952235);
INSERT INTO player_score VALUES('63c5be883',38,'42c6d4dd1','635e31bdc',36000,2099,1654041446,1654041446);
INSERT INTO player_score VALUES('4951ee8ff',38,'450d2ee51','293946336',20727,1496,1653331370,1653331370);
INSERT INTO player_score VALUES('63244e682',38,'450d2ee51','44c14ca30',299376,2329,1654024518,1654024518);
INSERT INTO player_score VALUES('5b77f7524',38,'450d2ee51','5ae02de28',16368,1698,1653818542,1653818542);
INSERT INTO player_score VALUES('604d37283',38,'450d2ee51','5ce21ad37',114048,2172,1653948277,1653948277);
INSERT INTO player_score VALUES('63c21c5ea',38,'450d2ee51','635e31bdc',3192,2035,1654041065,1654041065);
INSERT INTO player_score VALUES('49e3c6f90',38,'453b54df5','293946336',209250,1526,1653346663,1653346663);
INSERT INTO player_score VALUES('62e0d7e69',38,'453b54df5','44c14ca30',5967,2308,1654017444,1654017444);
INSERT INTO player_score VALUES('5b798f06f',38,'453b54df5','5ae02de28',6111,1719,1653818709,1653818709);
INSERT INTO player_score VALUES('607279b96',38,'453b54df5','5ce21ad37',14651,2263,1653952184,1653952184);
INSERT INTO player_score VALUES('63c1fa2d4',38,'453b54df5','635e31bdc',84320,2030,1654041051,1654041051);
INSERT INTO player_score VALUES('62954d88e',38,'456443643','44c14ca30',30160,2288,1654009523,1654009523);
INSERT INTO player_score VALUES('5b7642501',38,'456443643','5ae02de28',53475,1679,1653818363,1653818363);
INSERT INTO player_score VALUES('606a57364',38,'456443643','5ce21ad37',37125,2240,1653951331,1653951331);
INSERT INTO player_score VALUES('63c58db88',38,'456443643','635e31bdc',469224,2092,1654041426,1654041426);
INSERT INTO player_score VALUES('48b97cae9',38,'47194b40d','293946336',58320,1474,1653315385,1653315385);
INSERT INTO player_score VALUES('6070398fe',38,'47194b40d','5ce21ad37',36792,2254,1653951948,1653951948);
INSERT INTO player_score VALUES('63c69f243',38,'47194b40d','635e31bdc',7110,2120,1654041538,1654041538);
INSERT INTO player_score VALUES('5f98772db',38,'477808300','44c14ca30',132618,2050,1653929324,1653929324);
INSERT INTO player_score VALUES('5b80a28c6',38,'477808300','5ae02de28',0,1788,1653819451,1653819451);
INSERT INTO player_score VALUES('6068938d8',38,'477808300','5ce21ad37',27600,2235,1653951146,1653951146);
INSERT INTO player_score VALUES('63c5929a0',38,'477808300','635e31bdc',279680,2094,1654041428,1654041428);
INSERT INTO player_score VALUES('495e80527',38,'48a157060','293946336',255983,1500,1653332688,1653332688);
INSERT INTO player_score VALUES('5f5e286a3',38,'48a157060','44c14ca30',3094,2033,1653923210,1653923210);
INSERT INTO player_score VALUES('5b82eeed0',38,'48a157060','5ae02de28',22080,1826,1653819692,1653819692);
INSERT INTO player_score VALUES('5ff2485c4',38,'48a157060','5ce21ad37',65250,1944,1653938742,1653938742);
INSERT INTO player_score VALUES('63c6b9ff5',38,'48a157060','635e31bdc',52416,2122,1654041549,1654041549);
INSERT INTO player_score VALUES('47ded8fdb',38,'4a294a611','293946336',136152,1433,1653292459,1653292459);
INSERT INTO player_score VALUES('5b7c0006b',38,'4a294a611','5ae02de28',7434,1748,1653818965,1653818965);
INSERT INTO player_score VALUES('606383282',38,'4a294a611','5ce21ad37',43120,2219,1653950615,1653950615);
INSERT INTO player_score VALUES('63c42bb3a',38,'4a294a611','635e31bdc',184556,2074,1654041281,1654041281);
INSERT INTO player_score VALUES('61a19c456',38,'4a74cd6f5','44c14ca30',32886,2218,1653983970,1653983970);
INSERT INTO player_score VALUES('6070bfd8e',38,'4a74cd6f5','5ce21ad37',197472,2259,1653952003,1653952003);
INSERT INTO player_score VALUES('63c2f81a9',38,'4a74cd6f5','635e31bdc',197640,2052,1654041155,1654041155);
INSERT INTO player_score VALUES('63c5a6222',38,'4a8a673c1','44c14ca30',4600,2380,1654041436,1654041436);
INSERT INTO player_score VALUES('5b80f0af2',38,'4a8a673c1','5ae02de28',29568,1797,1653819483,1653819483);
INSERT INTO player_score VALUES('5fc6146cd',38,'4a8a673c1','5ce21ad37',88350,1826,1653934107,1653934107);
INSERT INTO player_score VALUES('63c69a418',38,'4a8a673c1','635e31bdc',90048,2118,1654041536,1654041536);
INSERT INTO player_score VALUES('61e8b4f6e',38,'4ab2110c5','44c14ca30',3472,2237,1653991425,1653991425);
INSERT INTO player_score VALUES('5b83138f3',38,'4ab2110c5','5ae02de28',244928,1828,1653819707,1653819707);
INSERT INTO player_score VALUES('605c01c5c',38,'4ab2110c5','5ce21ad37',21632,2203,1653949828,1653949828);
INSERT INTO player_score VALUES('63b50ba13',38,'4ab2110c5','635e31bdc',20736,1775,1654039695,1654039695);
INSERT INTO player_score VALUES('62f6e46f8',38,'4beaf2b36','44c14ca30',130174,2316,1654019756,1654019756);
INSERT INTO player_score VALUES('5b806cd73',38,'4beaf2b36','5ae02de28',191590,1785,1653819429,1653819429);
INSERT INTO player_score VALUES('604b4c6c5',38,'4beaf2b36','5ce21ad37',18000,2168,1653948076,1653948076);
INSERT INTO player_score VALUES('63bd3a5af',38,'4beaf2b36','635e31bdc',4935,1942,1654040553,1654040553);
INSERT INTO player_score VALUES('60c419b80',38,'4c8a8ba18','44c14ca30',187434,2147,1653960743,1653960743);
INSERT INTO player_score VALUES('605004f10',38,'4c8a8ba18','5ce21ad37',143080,2180,1653948571,1653948571);
INSERT INTO player_score VALUES('63c5d9643',38,'4c8a8ba18','635e31bdc',165996,2101,1654041457,1654041457);
INSERT INTO player_score VALUES('616a9f20a',38,'4da8d4332','44c14ca30',70308,2196,1653978204,1653978204);
INSERT INTO player_score VALUES('5b80e479d',38,'4da8d4332','5ae02de28',532000,1796,1653819478,1653819478);
INSERT INTO player_score VALUES('604e748a5',38,'4da8d4332','5ce21ad37',93060,2175,1653948407,1653948407);
INSERT INTO player_score VALUES('63c452c5d',38,'4da8d4332','635e31bdc',456,2076,1654041297,1654041297);
INSERT INTO player_score VALUES('6341ba241',38,'4e6d0e944','44c14ca30',5586,2343,1654027603,1654027603);
INSERT INTO player_score VALUES('5b7940e79',38,'4e6d0e944','5ae02de28',128908,1712,1653818677,1653818677);
INSERT INTO player_score VALUES('6064970ac',38,'4e6d0e944','5ce21ad37',42344,2221,1653950728,1653950728);
INSERT INTO player_score VALUES('63c35e9fc',38,'4e6d0e944','635e31bdc',59248,2061,1654041197,1654041197);
INSERT INTO player_score VALUES('63c20db6f',38,'4e9e024d5','44c14ca30',165240,2379,1654041059,1654041059);
INSERT INTO player_score VALUES('6017af894',38,'4e9e024d5','5ce21ad37',5184,2032,1653942664,1653942664);
INSERT INTO player_score VALUES('63c622a3a',38,'4e9e024d5','635e31bdc',4060,2104,1654041487,1654041487);
INSERT INTO player_score VALUES('633cac348',38,'4ebd2311e','44c14ca30',96048,2341,1654027073,1654027073);
INSERT INTO player_score VALUES('5b7f58f6f',38,'4ebd2311e','5ae02de28',382800,1773,1653819316,1653819316);
INSERT INTO player_score VALUES('6017be302',38,'4ebd2311e','5ce21ad37',63744,2035,1653942670,1653942670);
INSERT INTO player_score VALUES('63c34d875',38,'4ebd2311e','635e31bdc',278099,2060,1654041190,1654041190);
INSERT INTO player_score VALUES('607399d1e',38,'4ed39895e','44c14ca30',282200,2119,1653952302,1653952302);
INSERT INTO player_score VALUES('5b6c43b49',38,'4ed39895e','5ae02de28',391680,1584,1653817315,1653817315);
INSERT INTO player_score VALUES('605d26c1c',38,'4ed39895e','5ce21ad37',336536,2207,1653949948,1653949948);
INSERT INTO player_score VALUES('63c6696f4',38,'4ed39895e','635e31bdc',9856,2113,1654041516,1654041516);
INSERT INTO player_score VALUES('637a7d653',38,'4f314b624','44c14ca30',44550,2361,1654033555,1654033555);
INSERT INTO player_score VALUES('5b80c7305',38,'4f314b624','5ae02de28',1302,1790,1653819466,1653819466);
INSERT INTO player_score VALUES('6073a3936',38,'4f314b624','5ce21ad37',1290,2268,1653952306,1653952306);
INSERT INTO player_score VALUES('63b99f836',38,'4f314b624','635e31bdc',84390,1868,1654040175,1654040175);
INSERT INTO player_score VALUES('62377d682',38,'4f7a6c16c','44c14ca30',79662,2254,1653999686,1653999686);
INSERT INTO player_score VALUES('5b6964d86',38,'4f7a6c16c','5ae02de28',39664,1552,1653817014,1653817014);
INSERT INTO player_score VALUES('60350ca0a',38,'4f7a6c16c','5ce21ad37',4664,2109,1653945743,1653945743);
INSERT INTO player_score VALUES('63c54e399',38,'4f7a6c16c','635e31bdc',120888,2090,1654041400,1654041400);
INSERT INTO player_score VALUES('6391b6371',38,'4fd507e31','44c14ca30',2385,2364,1654035990,1654035990);
INSERT INTO player_score VALUES('5b835ccea',38,'4fd507e31','5ae02de28',118125,1832,1653819737,1653819737);
INSERT INTO player_score VALUES('603a88737',38,'4fd507e31','5ce21ad37',21420,2126,1653946318,1653946318);
INSERT INTO player_score VALUES('63c60a37a',38,'4fd507e31','635e31bdc',215512,2103,1654041477,1654041477);
INSERT INTO player_score VALUES('6316b9d7f',38,'4fe420a2e','44c14ca30',10560,2325,1654023094,1654023094);
INSERT INTO player_score VALUES('5b839eb5c',38,'4fe420a2e','5ae02de28',31955,1836,1653819764,1653819764);
INSERT INTO player_score VALUES('63bbb89dc',38,'4fe420a2e','635e31bdc',55476,1908,1654040395,1654040395);
INSERT INTO player_score VALUES('6377cce96',38,'501cfc4de','44c14ca30',40120,2358,1654033273,1654033273);
INSERT INTO player_score VALUES('5b7d24fec',38,'501cfc4de','5ae02de28',223560,1758,1653819085,1653819085);
INSERT INTO player_score VALUES('6026c0f96',38,'501cfc4de','5ce21ad37',82800,2069,1653944244,1653944244);
INSERT INTO player_score VALUES('63b9e3df1',38,'501cfc4de','635e31bdc',18924,1874,1654040203,1654040203);
INSERT INTO player_score VALUES('5f36307f1',38,'50f00ff34','44c14ca30',78624,2023,1653919019,1653919019);
INSERT INTO player_score VALUES('5b82292bc',38,'50f00ff34','5ae02de28',70656,1817,1653819611,1653819611);
INSERT INTO player_score VALUES('60709da82',38,'50f00ff34','5ce21ad37',64232,2257,1653951989,1653951989);
INSERT INTO player_score VALUES('63b9bccc8',38,'50f00ff34','635e31bdc',153525,1871,1654040187,1654040187);
INSERT INTO player_score VALUES('6370c80ed',38,'5155ea2cf','44c14ca30',77760,2356,1654032537,1654032537);
INSERT INTO player_score VALUES('5b830278a',38,'5155ea2cf','5ae02de28',288320,1827,1653819700,1653819700);
INSERT INTO player_score VALUES('606575371',38,'5155ea2cf','5ce21ad37',233625,2225,1653950819,1653950819);
INSERT INTO player_score VALUES('6335d348f',38,'52a030f00','44c14ca30',30912,2338,1654026355,1654026355);
INSERT INTO player_score VALUES('5b7bc08c9',38,'52a030f00','5ae02de28',291018,1743,1653818939,1653818939);
INSERT INTO player_score VALUES('605b10126',38,'52a030f00','5ce21ad37',59280,2200,1653949729,1653949729);
INSERT INTO player_score VALUES('63b652c7f',38,'52a030f00','635e31bdc',53856,1812,1654039829,1654039829);
INSERT INTO player_score VALUES('6397babff',38,'52c7bd785','44c14ca30',270,2368,1654036621,1654036621);
INSERT INTO player_score VALUES('5b82be188',38,'52c7bd785','5ae02de28',1584,1824,1653819672,1653819672);
INSERT INTO player_score VALUES('5fe4dd484',38,'52c7bd785','5ce21ad37',146575,1911,1653937335,1653937335);
INSERT INTO player_score VALUES('63c167b5a',38,'52c7bd785','635e31bdc',174048,2015,1654040991,1654040991);
INSERT INTO player_score VALUES('63b1a19e6',38,'5300488df','44c14ca30',28224,2375,1654039337,1654039337);
INSERT INTO player_score VALUES('604d2611d',38,'5300488df','5ce21ad37',17520,2171,1653948270,1653948270);
INSERT INTO player_score VALUES('63c72a521',38,'5300488df','635e31bdc',66123,2128,1654041595,1654041595);
INSERT INTO player_score VALUES('6270c20ff',38,'5353237f5','44c14ca30',420750,2277,1654005691,1654005691);
INSERT INTO player_score VALUES('5b8324a4f',38,'5353237f5','5ae02de28',567290,1829,1653819714,1653819714);
INSERT INTO player_score VALUES('61a5b8841',38,'5370263f0','44c14ca30',260325,2221,1653984401,1653984401);
INSERT INTO player_score VALUES('5b7fb0da8',38,'5370263f0','5ae02de28',126,1778,1653819352,1653819352);
INSERT INTO player_score VALUES('63c4e05e9',38,'5370263f0','635e31bdc',197100,2085,1654041355,1654041355);
INSERT INTO player_score VALUES('6389fcad4',38,'5532eea5b','44c14ca30',57904,2363,1654035180,1654035180);
INSERT INTO player_score VALUES('5b7a0b8a8',38,'5532eea5b','5ae02de28',104975,1725,1653818760,1653818760);
INSERT INTO player_score VALUES('607486a19',38,'5532eea5b','5ce21ad37',0,2269,1653952399,1653952399);
INSERT INTO player_score VALUES('63c507720',38,'5532eea5b','635e31bdc',2436,2087,1654041371,1654041371);
INSERT INTO player_score VALUES('63baa4c03',38,'557b276c3','44c14ca30',229824,2378,1654040282,1654040282);
INSERT INTO player_score VALUES('5b7fb830e',38,'557b276c3','5ae02de28',68544,1779,1653819355,1653819355);
INSERT INTO player_score VALUES('606b2b9e6',38,'557b276c3','5ce21ad37',17918,2243,1653951418,1653951418);
INSERT INTO player_score VALUES('63c4cf47a',38,'557b276c3','635e31bdc',26455,2084,1654041348,1654041348);
INSERT INTO player_score VALUES('632e51e54',38,'565accd27','44c14ca30',2117,2333,1654025568,1654025568);
INSERT INTO player_score VALUES('5b7e589f7',38,'565accd27','5ae02de28',11616,1766,1653819211,1653819211);
INSERT INTO player_score VALUES('606686a49',38,'565accd27','5ce21ad37',185380,2230,1653950931,1653950931);
INSERT INTO player_score VALUES('60f4390e9',38,'573ab42b4','44c14ca30',68328,2165,1653965789,1653965789);
INSERT INTO player_score VALUES('5b7518774',38,'573ab42b4','5ae02de28',47190,1666,1653818241,1653818241);
INSERT INTO player_score VALUES('63c6362a4',38,'573ab42b4','635e31bdc',318060,2108,1654041495,1654041495);
INSERT INTO player_score VALUES('632ffaaf0',38,'579fc8a42','44c14ca30',417600,2334,1654025742,1654025742);
INSERT INTO player_score VALUES('5b8154c77',38,'579fc8a42','5ae02de28',7452,1805,1653819524,1653819524);
INSERT INTO player_score VALUES('6048bbb38',38,'579fc8a42','5ce21ad37',168480,2157,1653947807,1653947807);
INSERT INTO player_score VALUES('63baeb8d5',38,'579fc8a42','635e31bdc',21160,1896,1654040311,1654040311);
INSERT INTO player_score VALUES('602276538',38,'581dab2fe','5ce21ad37',82824,2057,1653943794,1653943794);
INSERT INTO player_score VALUES('63b4a0352',38,'581dab2fe','635e31bdc',383732,1768,1654039651,1654039651);
INSERT INTO player_score VALUES('635329089',38,'58c7e64f1','44c14ca30',38640,2347,1654029431,1654029431);
INSERT INTO player_score VALUES('5b6227d0c',38,'58c7e64f1','5ae02de28',163513,1478,1653816255,1653816255);
INSERT INTO player_score VALUES('5f5c3db39',38,'58c7e64f1','5ce21ad37',97461,1539,1653923009,1653923009);
INSERT INTO player_score VALUES('63c2aed72',38,'58c7e64f1','635e31bdc',9894,2047,1654041125,1654041125);
INSERT INTO player_score VALUES('6392dda0c',38,'59a0141aa','44c14ca30',75603,2365,1654036111,1654036111);
INSERT INTO player_score VALUES('602805aa5',38,'59a0141aa','5ce21ad37',55776,2072,1653944377,1653944377);
INSERT INTO player_score VALUES('63c11241d',38,'59a0141aa','635e31bdc',41968,2009,1654040956,1654040956);
INSERT INTO player_score VALUES('635644eff',38,'5b1d06131','44c14ca30',4550,2348,1654029757,1654029757);
INSERT INTO player_score VALUES('606b1a888',38,'5b1d06131','5ce21ad37',0,2242,1653951411,1653951411);
INSERT INTO player_score VALUES('63c69cb5d',38,'5b1d06131','635e31bdc',223391,2119,1654041537,1654041537);
INSERT INTO player_score VALUES('63b6a0e84',38,'5bcf74c82','44c14ca30',165900,2376,1654039861,1654039861);
INSERT INTO player_score VALUES('6071a0752',38,'5bcf74c82','5ce21ad37',443625,2262,1653952095,1653952095);
INSERT INTO player_score VALUES('63c58db89',38,'5bcf74c82','635e31bdc',85536,2093,1654041426,1654041426);
INSERT INTO player_score VALUES('631ebca41',38,'5ce7ac9b9','44c14ca30',162514,2327,1654023934,1654023934);
INSERT INTO player_score VALUES('605b6a680',38,'5ce7ac9b9','5ce21ad37',538902,2201,1653949766,1653949766);
INSERT INTO player_score VALUES('63af6b363',38,'5ce7ac9b9','635e31bdc',73038,1683,1654039105,1654039105);
INSERT INTO player_score VALUES('61c0e6881',38,'5cf5c291d','44c14ca30',188559,2227,1653987251,1653987251);
INSERT INTO player_score VALUES('604a16619',38,'5cf5c291d','5ce21ad37',108900,2164,1653947949,1653947949);
INSERT INTO player_score VALUES('63c5a6223',38,'5cf5c291d','635e31bdc',117363,2096,1654041436,1654041436);
INSERT INTO player_score VALUES('62ed1e012',38,'5d4415d7b','44c14ca30',49800,2312,1654018731,1654018731);
INSERT INTO player_score VALUES('606594f36',38,'5d4415d7b','5ce21ad37',101530,2227,1653950832,1653950832);
INSERT INTO player_score VALUES('63c19889f',38,'5d4415d7b','635e31bdc',662400,2018,1654041011,1654041011);
INSERT INTO player_score VALUES('6220f93df',38,'5e0b75e25','44c14ca30',367650,2249,1653997325,1653997325);
INSERT INTO player_score VALUES('605bb887c',38,'5e0b75e25','5ce21ad37',17600,2202,1653949798,1653949798);
INSERT INTO player_score VALUES('63c58b432',38,'5e0b75e25','635e31bdc',814,2091,1654041425,1654041425);
INSERT INTO player_score VALUES('5e911e32c',38,'5e5a3222a','44c14ca30',5280,1973,1653901710,1653901710);
INSERT INTO player_score VALUES('60552b4a0',38,'5e5a3222a','5ce21ad37',297540,2188,1653949111,1653949111);
INSERT INTO player_score VALUES('63c404a5c',38,'5e5a3222a','635e31bdc',71604,2071,1654041265,1654041265);
INSERT INTO player_score VALUES('62c5260d8',38,'5ea7c489c','44c14ca30',50692,2298,1654014540,1654014540);
INSERT INTO player_score VALUES('63be9ed12',38,'5ea7c489c','635e31bdc',262774,1972,1654040699,1654040699);
INSERT INTO player_score VALUES('62989a438',38,'6027adca4','44c14ca30',78246,2289,1654009869,1654009869);
INSERT INTO player_score VALUES('60733a975',38,'6027adca4','5ce21ad37',470340,2266,1653952263,1653952263);
INSERT INTO player_score VALUES('63c02f316',38,'6027adca4','635e31bdc',5642,1994,1654040863,1654040863);
INSERT INTO player_score VALUES('6341d9e62',38,'609ca32ec','44c14ca30',133950,2344,1654027616,1654027616);
INSERT INTO player_score VALUES('63c686bad',38,'609ca32ec','635e31bdc',22743,2116,1654041528,1654041528);
INSERT INTO player_score VALUES('63957d082',38,'60c683694','44c14ca30',54880,2366,1654036386,1654036386);
INSERT INTO player_score VALUES('63c686bae',38,'60c683694','635e31bdc',96768,2115,1654041528,1654041528);
INSERT INTO player_score VALUES('621aa42a6',38,'60ebab215','44c14ca30',80000,2248,1653996661,1653996661);
INSERT INTO player_score VALUES('63b0cfa5f',38,'617af2d23','635e31bdc',40238,1709,1654039251,1654039251);
INSERT INTO player_score VALUES('63158d8dd',38,'619ee2061','44c14ca30',190232,2324,1654022971,1654022971);
INSERT INTO player_score VALUES('63c3ca0d1',38,'619ee2061','635e31bdc',104544,2067,1654041241,1654041241);
INSERT INTO player_score VALUES('61a5609d9',38,'62f0795c5','44c14ca30',55601,2219,1653984365,1653984365);
INSERT INTO player_score VALUES('63c64c26b',38,'62f0795c5','635e31bdc',374440,2109,1654041504,1654041504);
INSERT INTO player_score VALUES('6384ffd39',38,'636e4fb9e','44c14ca30',65280,2362,1654034657,1654034657);
INSERT INTO player_score VALUES('63c3881f7',38,'636e4fb9e','635e31bdc',216600,2064,1654041214,1654041214);
COMMIT;
