
BEGIN;
CREATE TABLE IF NOT EXISTS competition (
  id VARCHAR(255) NOT NULL PRIMARY KEY,
  tenant_id BIGINT NOT NULL,
  title TEXT NOT NULL,
  finished_at BIGINT NULL,
  created_at BIGINT NOT NULL,
  updated_at BIGINT NOT NULL
);
INSERT INTO competition VALUES('188fc18d3',39,'第3タゴ無双カップ',1653829647,1652022519,1653829647);
INSERT INTO competition VALUES('189eae582',39,'第3回 非同期白菜症候群',1653663719,1652024084,1653663719);
INSERT INTO competition VALUES('1c05d7e9e',39,'和風プロファイリング食べたい vol.1',NULL,1652115432,1652707742);
INSERT INTO competition VALUES('22288df9e',39,'第2回 本家川崎整骨院',1653243954,1652280133,1653243954);
INSERT INTO competition VALUES('279120a7c',39,'大人用パブ製作所',NULL,1652425316,1653547485);
INSERT INTO competition VALUES('28164ee3b',39,'夏みかん百貨店 vol.7',1653339302,1652439281,1653339302);
INSERT INTO competition VALUES('2a17a4755',39,'ベルギービール駆動開発杯',1653795966,1652493108,1653795966);
INSERT INTO competition VALUES('2aab233f9',39,'信頼のゆずめし',NULL,1652508574,1653889613);
INSERT INTO competition VALUES('2cc7c1b43',39,'ざくろシステムカップ',NULL,1652565262,1653073515);
INSERT INTO competition VALUES('38ccc6f8e',39,'ファッションおばさんエンジニア大会',1653272693,1652887911,1653272693);
INSERT INTO competition VALUES('3aae116a7',39,'第2回 一生春巻きで再起動',NULL,1652938378,1653795648);
INSERT INTO competition VALUES('3b0ddd597',39,'苦み亭',NULL,1652948423,1653044234);
INSERT INTO competition VALUES('3c97fae7d',39,'すももは卒業しました #7',1653890104,1652989749,1653890104);
INSERT INTO competition VALUES('43991b721',39,'よく効くCache-Control人生 #5',1654041380,1653177772,1654041380);
INSERT INTO competition VALUES('46cc8ad2d',39,'100日後に相撲.js',1653736152,1653263696,1653736152);
INSERT INTO competition VALUES('50a4cc5c2',39,'闇のミラ同好会杯',1653914800,1653527964,1653914800);
INSERT INTO competition VALUES('57fc62b35',39,'甘みを信じろ',1653731421,1653725053,1653731421);
CREATE TABLE IF NOT EXISTS player (
  id VARCHAR(255) NOT NULL PRIMARY KEY,
  tenant_id BIGINT NOT NULL,
  display_name TEXT NOT NULL,
  is_disqualified BOOLEAN NOT NULL,
  created_at BIGINT NOT NULL,
  updated_at BIGINT NOT NULL
);
INSERT INTO player VALUES('1723f7a51',39,'Lilliana Olson',0,1651984373,1653334430);
INSERT INTO player VALUES('19484851e',39,'Bridget Watsica',0,1652041868,1653738111);
INSERT INTO player VALUES('19d4daa29',39,'Madge Mayer',0,1652056608,1653870685);
INSERT INTO player VALUES('1a5725216',39,'Isaiah Lakin',1,1652070270,1652479383);
INSERT INTO player VALUES('2007ce676',39,'Ms. Joelle Watsica',0,1652223012,1653781401);
INSERT INTO player VALUES('20e856dfb',39,'Joel Kuphal',0,1652246556,1652992253);
INSERT INTO player VALUES('216cedc12',39,'Twila Kessler',0,1652260459,1652615158);
INSERT INTO player VALUES('230e971f7',39,'Autumn O"Connell',0,1652304254,1653412906);
INSERT INTO player VALUES('280a213a3',39,'Kristofer Effertz III',1,1652438004,1652528346);
INSERT INTO player VALUES('296b97103',39,'Mr. Ford Shields IV',1,1652475067,1653595267);
INSERT INTO player VALUES('29ee3e512',39,'Maia Mohr IV',1,1652488767,1653699892);
INSERT INTO player VALUES('3504bd954',39,'Nedra Mann',0,1652786405,1653121864);
INSERT INTO player VALUES('366e670ae',39,'Margie Waters',0,1652824328,1653927007);
INSERT INTO player VALUES('380dfea3b',39,'Darrion Zieme',0,1652867906,1653649655);
INSERT INTO player VALUES('3a11bde2b',39,'Maddison Mitchell',0,1652921986,1653168843);
INSERT INTO player VALUES('3a256cf71',39,'Santina Wehner',0,1652924050,1653525936);
INSERT INTO player VALUES('3a309565d',39,'Darryl Cassin',0,1652925220,1653468087);
INSERT INTO player VALUES('3a69933c8',39,'Jane Hirthe',0,1652931196,1653953245);
INSERT INTO player VALUES('3bc476f70',39,'Kaitlyn Bins MD',0,1652967570,1653466247);
INSERT INTO player VALUES('3c609e8ab',39,'Howell Hauck',0,1652983944,1653015602);
INSERT INTO player VALUES('40e13ae48',39,'Zackary Wiegand',0,1653104804,1653357565);
INSERT INTO player VALUES('41dcd1a3d',39,'Ms. Sophia Funk',0,1653131185,1653292045);
INSERT INTO player VALUES('47cdbaac5',39,'Mr. Neal Koch',0,1653290664,1653503576);
INSERT INTO player VALUES('498ff7e7d',39,'Shany Crooks',0,1653337875,1654000991);
INSERT INTO player VALUES('4c9e0ebf9',39,'Mr. Brown Sawayn',0,1653419883,1653657446);
INSERT INTO player VALUES('4d0fe0ea7',39,'Lola Windler MD',1,1653431818,1653707540);
INSERT INTO player VALUES('4df9a23aa',39,'Nicholas Wunsch Jr.',0,1653456329,1653926401);
INSERT INTO player VALUES('52a783f1a',39,'Mr. Rolando Hauck',0,1653581936,1653813289);
INSERT INTO player VALUES('55333f334',39,'Mr. Winfield Wiza',0,1653650275,1653923168);
INSERT INTO player VALUES('5c4eaab17',39,'Mr. Edison VonRueden',0,1653841055,1653852562);
INSERT INTO player VALUES('5edca88fc',39,'Mr. Mustafa Ortiz',0,1653909631,1653995182);
INSERT INTO player VALUES('5f0c04980',39,'Zion Grimes',0,1653914597,1654026697);
INSERT INTO player VALUES('602225c48',39,'Zackery Kassulke',0,1653943761,1654006837);
INSERT INTO player VALUES('611d5117f',39,'Sherman Conn',0,1653970098,1654007622);
INSERT INTO player VALUES('615212f04',39,'Mr. Merritt Nader',0,1653975630,1654010529);
INSERT INTO player VALUES('62bb117c8',39,'Dora Fritsch',0,1654013483,1654028880);
CREATE TABLE IF NOT EXISTS player_score (
                              id VARCHAR(255) NOT NULL PRIMARY KEY,
                              tenant_id BIGINT NOT NULL,
                              player_id VARCHAR(255) NOT NULL,
                              competition_id VARCHAR(255) NOT NULL,
                              score BIGINT NOT NULL,
                              row_num BIGINT NOT NULL,
                              created_at BIGINT NOT NULL,
                              updated_at BIGINT NOT NULL
);
INSERT INTO player_score VALUES('5b1f21a0c',39,'1723f7a51','188fc18d3',10614,540,1653809227,1653809227);
INSERT INTO player_score VALUES('5388d70bb',39,'1723f7a51','189eae582',9750,572,1653605563,1653605563);
INSERT INTO player_score VALUES('6105ca1fd',39,'1723f7a51','1c05d7e9e',11592,686,1653967631,1653967631);
INSERT INTO player_score VALUES('4609a15d6',39,'1723f7a51','22288df9e',7884,492,1653243258,1653243258);
INSERT INTO player_score VALUES('631c6b5ed',39,'1723f7a51','279120a7c',970200,667,1654023691,1654023691);
INSERT INTO player_score VALUES('577865a10',39,'1723f7a51','2a17a4755',11972,507,1653711213,1653711213);
INSERT INTO player_score VALUES('635193c74',39,'1723f7a51','2aab233f9',147467,704,1654029265,1654029265);
INSERT INTO player_score VALUES('5bbec4538',39,'1723f7a51','3aae116a7',111780,501,1653825966,1653825966);
INSERT INTO player_score VALUES('5ad658cd4',39,'1723f7a51','3c97fae7d',110390,599,1653801595,1653801595);
INSERT INTO player_score VALUES('62aef4ea1',39,'1723f7a51','43991b721',244352,672,1654012213,1654012213);
INSERT INTO player_score VALUES('5e78a31b7',39,'1723f7a51','50a4cc5c2',88536,581,1653899143,1653899143);
INSERT INTO player_score VALUES('58325f7ef',39,'1723f7a51','57fc62b35',303072,493,1653730714,1653730714);
INSERT INTO player_score VALUES('58dade40d',39,'19484851e','188fc18d3',14616,519,1653748382,1653748382);
INSERT INTO player_score VALUES('54b3d3961',39,'19484851e','189eae582',104754,587,1653636914,1653636914);
INSERT INTO player_score VALUES('5e796dbf4',39,'19484851e','1c05d7e9e',95616,658,1653899226,1653899226);
INSERT INTO player_score VALUES('460654a0e',39,'19484851e','22288df9e',14805,491,1653242912,1653242912);
INSERT INTO player_score VALUES('626c21f76',39,'19484851e','279120a7c',3500,658,1654005206,1654005206);
INSERT INTO player_score VALUES('47c065974',39,'19484851e','28164ee3b',41580,383,1653289266,1653289266);
INSERT INTO player_score VALUES('58810d150',39,'19484851e','2a17a4755',136344,517,1653738964,1653738964);
INSERT INTO player_score VALUES('5fad8aaeb',39,'19484851e','2aab233f9',101200,668,1653931534,1653931534);
INSERT INTO player_score VALUES('614b41589',39,'19484851e','2cc7c1b43',6231,567,1653974915,1653974915);
INSERT INTO player_score VALUES('45e1fc6d2',39,'19484851e','38ccc6f8e',239424,346,1653239101,1653239101);
INSERT INTO player_score VALUES('5e7628563',39,'19484851e','3aae116a7',10050,538,1653898883,1653898883);
INSERT INTO player_score VALUES('5dfe679ba',39,'19484851e','3c97fae7d',104044,660,1653886326,1653886326);
INSERT INTO player_score VALUES('63242eab2',39,'19484851e','43991b721',60060,682,1654024505,1654024505);
INSERT INTO player_score VALUES('5851f56f5',39,'19484851e','46cc8ad2d',70560,527,1653734026,1653734026);
INSERT INTO player_score VALUES('5ea5670f8',39,'19484851e','50a4cc5c2',0,587,1653903837,1653903837);
INSERT INTO player_score VALUES('58379bd4d',39,'19484851e','57fc62b35',596160,533,1653731263,1653731263);
INSERT INTO player_score VALUES('4cbdeded8',39,'19d4daa29','188fc18d3',854,420,1653423225,1653423225);
INSERT INTO player_score VALUES('4553d2668',39,'19d4daa29','22288df9e',3036,483,1653224194,1653224194);
INSERT INTO player_score VALUES('594d937d8',39,'19d4daa29','279120a7c',276920,560,1653760410,1653760410);
INSERT INTO player_score VALUES('496eb4493',39,'19d4daa29','28164ee3b',395200,405,1653334387,1653334387);
INSERT INTO player_score VALUES('62e627c47',39,'19d4daa29','2cc7c1b43',202400,579,1654018001,1654018001);
INSERT INTO player_score VALUES('4537b2b08',39,'19d4daa29','38ccc6f8e',134400,320,1653221245,1653221245);
INSERT INTO player_score VALUES('6289b4c71',39,'19d4daa29','3aae116a7',12798,598,1654008307,1654008307);
INSERT INTO player_score VALUES('61b86c204',39,'19d4daa29','3b0ddd597',34560,569,1653986362,1653986362);
INSERT INTO player_score VALUES('5cfe27047',39,'19d4daa29','3c97fae7d',11868,640,1653859456,1653859456);
INSERT INTO player_score VALUES('632575d3d',39,'19d4daa29','43991b721',10626,683,1654024639,1654024639);
INSERT INTO player_score VALUES('581376e1a',39,'19d4daa29','46cc8ad2d',21200,520,1653727473,1653727473);
INSERT INTO player_score VALUES('5cb3710a8',39,'19d4daa29','50a4cc5c2',846,499,1653851622,1653851622);
INSERT INTO player_score VALUES('583514d9d',39,'19d4daa29','57fc62b35',5304,515,1653730998,1653730998);
INSERT INTO player_score VALUES('510129668',39,'1a5725216','189eae582',42504,543,1653537649,1653537649);
INSERT INTO player_score VALUES('5c7992956',39,'1a5725216','1c05d7e9e',153846,636,1653845554,1653845554);
INSERT INTO player_score VALUES('44cd11559',39,'1a5725216','22288df9e',125800,479,1653210064,1653210064);
INSERT INTO player_score VALUES('61bcfb18c',39,'1a5725216','279120a7c',30260,651,1653986840,1653986840);
INSERT INTO player_score VALUES('49944285f',39,'1a5725216','28164ee3b',27880,407,1653338325,1653338325);
INSERT INTO player_score VALUES('575ee06a0',39,'1a5725216','2a17a4755',221364,504,1653708537,1653708537);
INSERT INTO player_score VALUES('63021b878',39,'1a5725216','2aab233f9',137588,703,1654020932,1654020932);
INSERT INTO player_score VALUES('636ecc394',39,'1a5725216','2cc7c1b43',53196,586,1654032329,1654032329);
INSERT INTO player_score VALUES('46da10bc5',39,'1a5725216','38ccc6f8e',99840,366,1653265114,1653265114);
INSERT INTO player_score VALUES('60de7d173',39,'1a5725216','3aae116a7',576972,569,1653963510,1653963510);
INSERT INTO player_score VALUES('6345b4373',39,'1a5725216','3b0ddd597',0,600,1654028020,1654028020);
INSERT INTO player_score VALUES('5c302151f',39,'1a5725216','3c97fae7d',153120,624,1653837853,1653837853);
INSERT INTO player_score VALUES('612576095',39,'1a5725216','43991b721',451050,639,1653970952,1653970952);
INSERT INTO player_score VALUES('5807c0d84',39,'1a5725216','46cc8ad2d',432540,519,1653726245,1653726245);
INSERT INTO player_score VALUES('5eb64ac81',39,'1a5725216','50a4cc5c2',136884,593,1653905608,1653905608);
INSERT INTO player_score VALUES('58349aca1',39,'1a5725216','57fc62b35',45318,512,1653730948,1653730948);
INSERT INTO player_score VALUES('55067db1b',39,'2007ce676','189eae582',8514,593,1653645582,1653645582);
INSERT INTO player_score VALUES('5e4d1050d',39,'2007ce676','1c05d7e9e',0,654,1653894574,1653894574);
INSERT INTO player_score VALUES('4517a51da',39,'2007ce676','22288df9e',120032,481,1653217884,1653217884);
INSERT INTO player_score VALUES('48af79301',39,'2007ce676','28164ee3b',3408,394,1653314335,1653314335);
INSERT INTO player_score VALUES('5817d02ca',39,'2007ce676','2a17a4755',135954,513,1653727929,1653727929);
INSERT INTO player_score VALUES('626007d5e',39,'2007ce676','2aab233f9',71484,697,1654003937,1654003937);
INSERT INTO player_score VALUES('6027a4045',39,'2007ce676','2cc7c1b43',358050,550,1653944337,1653944337);
INSERT INTO player_score VALUES('46ff33955',39,'2007ce676','38ccc6f8e',100800,371,1653269008,1653269008);
INSERT INTO player_score VALUES('63af1aa72',39,'2007ce676','3aae116a7',114972,612,1654039072,1654039072);
INSERT INTO player_score VALUES('637f002fa',39,'2007ce676','3b0ddd597',61560,602,1654034028,1654034028);
INSERT INTO player_score VALUES('5a60f58b1',39,'2007ce676','3c97fae7d',265993,594,1653789286,1653789286);
INSERT INTO player_score VALUES('6164b0911',39,'2007ce676','43991b721',17160,647,1653977582,1653977582);
INSERT INTO player_score VALUES('57ef4d15d',39,'2007ce676','46cc8ad2d',469752,515,1653723681,1653723681);
INSERT INTO player_score VALUES('5ee4c6371',39,'2007ce676','50a4cc5c2',16464,605,1653910482,1653910482);
INSERT INTO player_score VALUES('583249873',39,'2007ce676','57fc62b35',198450,491,1653730705,1653730705);
INSERT INTO player_score VALUES('594037121',39,'20e856dfb','188fc18d3',6480,521,1653759009,1653759009);
INSERT INTO player_score VALUES('5597d7287',39,'20e856dfb','189eae582',65472,598,1653660823,1653660823);
INSERT INTO player_score VALUES('5a914a965',39,'20e856dfb','1c05d7e9e',185555,618,1653794354,1653794354);
INSERT INTO player_score VALUES('3f62f8030',39,'20e856dfb','22288df9e',34200,416,1653064721,1653064721);
INSERT INTO player_score VALUES('61bc5786d',39,'20e856dfb','279120a7c',77330,650,1653986773,1653986773);
INSERT INTO player_score VALUES('596ede729',39,'20e856dfb','2a17a4755',359856,524,1653763901,1653763901);
INSERT INTO player_score VALUES('5afcc53b4',39,'20e856dfb','2aab233f9',71280,611,1653805624,1653805624);
INSERT INTO player_score VALUES('5da9452b8',39,'20e856dfb','2cc7c1b43',16016,528,1653877399,1653877399);
INSERT INTO player_score VALUES('46f8ada91',39,'20e856dfb','38ccc6f8e',40656,370,1653268324,1653268324);
INSERT INTO player_score VALUES('627bd2156',39,'20e856dfb','3aae116a7',447849,597,1654006851,1654006851);
INSERT INTO player_score VALUES('5d469a5f9',39,'20e856dfb','3c97fae7d',56840,644,1653867053,1653867053);
INSERT INTO player_score VALUES('62e34dc8c',39,'20e856dfb','43991b721',38376,675,1654017702,1654017702);
INSERT INTO player_score VALUES('5793d58c1',39,'20e856dfb','46cc8ad2d',10692,511,1653714090,1653714090);
INSERT INTO player_score VALUES('5de1933b8',39,'20e856dfb','50a4cc5c2',320760,557,1653883303,1653883303);
INSERT INTO player_score VALUES('58381d377',39,'20e856dfb','57fc62b35',282338,537,1653731316,1653731316);
INSERT INTO player_score VALUES('53de2a4f3',39,'216cedc12','188fc18d3',28600,484,1653614510,1653614510);
INSERT INTO player_score VALUES('4df3e20e2',39,'216cedc12','189eae582',37345,521,1653455726,1653455726);
INSERT INTO player_score VALUES('617a93974',39,'216cedc12','1c05d7e9e',200970,692,1653979877,1653979877);
INSERT INTO player_score VALUES('4576ed343',39,'216cedc12','22288df9e',41830,486,1653227875,1653227875);
INSERT INTO player_score VALUES('51c6d94df',39,'216cedc12','279120a7c',634926,491,1653558378,1653558378);
INSERT INTO player_score VALUES('4946dc132',39,'216cedc12','28164ee3b',75460,402,1653330209,1653330209);
INSERT INTO player_score VALUES('5f039db5a',39,'216cedc12','2aab233f9',257985,661,1653913716,1653913716);
INSERT INTO player_score VALUES('63bc12f62',39,'216cedc12','2cc7c1b43',101016,592,1654040432,1654040432);
INSERT INTO player_score VALUES('453be7577',39,'216cedc12','38ccc6f8e',192456,321,1653221686,1653221686);
INSERT INTO player_score VALUES('5f11a9e66',39,'216cedc12','3aae116a7',21600,547,1653915189,1653915189);
INSERT INTO player_score VALUES('61d377f01',39,'216cedc12','3b0ddd597',317440,572,1653989198,1653989198);
INSERT INTO player_score VALUES('5bcd3beb3',39,'216cedc12','3c97fae7d',3072,617,1653827483,1653827483);
INSERT INTO player_score VALUES('623357668',39,'216cedc12','43991b721',447120,661,1653999251,1653999251);
INSERT INTO player_score VALUES('57e34dcae',39,'216cedc12','46cc8ad2d',1824,513,1653722423,1653722423);
INSERT INTO player_score VALUES('5e5ede6e4',39,'216cedc12','50a4cc5c2',6251,578,1653896441,1653896441);
INSERT INTO player_score VALUES('5830a596a',39,'216cedc12','57fc62b35',147972,475,1653730533,1653730533);
INSERT INTO player_score VALUES('5a0aa1ebb',39,'230e971f7','188fc18d3',28424,530,1653780234,1653780234);
INSERT INTO player_score VALUES('535da8608',39,'230e971f7','189eae582',137529,569,1653601035,1653601035);
INSERT INTO player_score VALUES('609a10028',39,'230e971f7','1c05d7e9e',29700,681,1653956335,1653956335);
INSERT INTO player_score VALUES('45c257dc8',39,'230e971f7','22288df9e',120612,489,1653235783,1653235783);
INSERT INTO player_score VALUES('5d34179a2',39,'230e971f7','279120a7c',274480,598,1653865112,1653865112);
INSERT INTO player_score VALUES('494b7c2a2',39,'230e971f7','28164ee3b',14355,403,1653330694,1653330694);
INSERT INTO player_score VALUES('55c188fd7',39,'230e971f7','2a17a4755',132720,485,1653665195,1653665195);
INSERT INTO player_score VALUES('5ebcd0b69',39,'230e971f7','2aab233f9',248820,657,1653906292,1653906292);
INSERT INTO player_score VALUES('63a4ae326',39,'230e971f7','2cc7c1b43',10080,591,1654037979,1654037979);
INSERT INTO player_score VALUES('45c42a292',39,'230e971f7','38ccc6f8e',1692,341,1653235974,1653235974);
INSERT INTO player_score VALUES('62f4402b9',39,'230e971f7','3aae116a7',139200,604,1654019479,1654019479);
INSERT INTO player_score VALUES('5d94da1f7',39,'230e971f7','3b0ddd597',315840,523,1653875258,1653875258);
INSERT INTO player_score VALUES('5dc1cc73d',39,'230e971f7','3c97fae7d',78300,652,1653879971,1653879971);
INSERT INTO player_score VALUES('638537f8f',39,'230e971f7','43991b721',320,689,1654034680,1654034680);
INSERT INTO player_score VALUES('57d029e27',39,'230e971f7','46cc8ad2d',108834,512,1653720416,1653720416);
INSERT INTO player_score VALUES('5ee338405',39,'230e971f7','50a4cc5c2',10787,603,1653910319,1653910319);
INSERT INTO player_score VALUES('597522733',39,'280a213a3','188fc18d3',1311,525,1653764558,1653764558);
INSERT INTO player_score VALUES('5464a977f',39,'280a213a3','189eae582',3944,583,1653628613,1653628613);
INSERT INTO player_score VALUES('5bb047d19',39,'280a213a3','1c05d7e9e',0,630,1653824447,1653824447);
INSERT INTO player_score VALUES('43c370d68',39,'280a213a3','22288df9e',39816,468,1653182211,1653182211);
INSERT INTO player_score VALUES('60b449de4',39,'280a213a3','279120a7c',4455,638,1653959085,1653959085);
INSERT INTO player_score VALUES('490391864',39,'280a213a3','28164ee3b',121770,398,1653323153,1653323153);
INSERT INTO player_score VALUES('52d93fe46',39,'280a213a3','2a17a4755',440000,450,1653587151,1653587151);
INSERT INTO player_score VALUES('60ee2371a',39,'280a213a3','2aab233f9',2176,680,1653965151,1653965151);
INSERT INTO player_score VALUES('61206a887',39,'280a213a3','2cc7c1b43',31552,565,1653970423,1653970423);
INSERT INTO player_score VALUES('452c1c63a',39,'280a213a3','38ccc6f8e',436800,316,1653220030,1653220030);
INSERT INTO player_score VALUES('62f83f1b4',39,'280a213a3','3aae116a7',534006,605,1654019898,1654019898);
INSERT INTO player_score VALUES('5e15aa332',39,'280a213a3','3b0ddd597',1428,526,1653888765,1653888765);
INSERT INTO player_score VALUES('56bf0590f',39,'280a213a3','3c97fae7d',34595,536,1653691775,1653691775);
INSERT INTO player_score VALUES('638a79352',39,'280a213a3','43991b721',20746,690,1654035231,1654035231);
INSERT INTO player_score VALUES('56cf39857',39,'280a213a3','46cc8ad2d',0,488,1653693474,1653693474);
INSERT INTO player_score VALUES('5832cfcd8',39,'280a213a3','57fc62b35',38709,497,1653730760,1653730760);
INSERT INTO player_score VALUES('5a6921d1d',39,'296b97103','188fc18d3',32550,534,1653790143,1653790143);
INSERT INTO player_score VALUES('537388f2b',39,'296b97103','189eae582',94860,571,1653603329,1653603329);
INSERT INTO player_score VALUES('60cab0bc5',39,'296b97103','1c05d7e9e',156910,684,1653961434,1653961434);
INSERT INTO player_score VALUES('4566ca5b4',39,'296b97103','22288df9e',4346,484,1653226183,1653226183);
INSERT INTO player_score VALUES('5f6b65191',39,'296b97103','279120a7c',23328,622,1653924598,1653924598);
INSERT INTO player_score VALUES('4918bd6d9',39,'296b97103','28164ee3b',125960,400,1653325373,1653325373);
INSERT INTO player_score VALUES('595375d53',39,'296b97103','2a17a4755',135252,523,1653761027,1653761027);
INSERT INTO player_score VALUES('625094bd9',39,'296b97103','2aab233f9',21567,695,1654002317,1654002317);
INSERT INTO player_score VALUES('63a017dd1',39,'296b97103','2cc7c1b43',164920,590,1654037498,1654037498);
INSERT INTO player_score VALUES('46ec121e4',39,'296b97103','38ccc6f8e',47700,368,1653267002,1653267002);
INSERT INTO player_score VALUES('63b969cf4',39,'296b97103','3b0ddd597',0,605,1654040153,1654040153);
INSERT INTO player_score VALUES('5dcd6a19e',39,'296b97103','3c97fae7d',62370,654,1653881189,1653881189);
INSERT INTO player_score VALUES('630358ebc',39,'296b97103','43991b721',20163,678,1654021062,1654021062);
INSERT INTO player_score VALUES('56dca2204',39,'296b97103','46cc8ad2d',15960,490,1653694880,1653694880);
INSERT INTO player_score VALUES('5ddfc5ce5',39,'296b97103','50a4cc5c2',47840,556,1653883114,1653883114);
INSERT INTO player_score VALUES('583491024',39,'296b97103','57fc62b35',29376,511,1653730944,1653730944);
INSERT INTO player_score VALUES('5af6d920c',39,'29ee3e512','188fc18d3',242473,537,1653805003,1653805003);
INSERT INTO player_score VALUES('544b74d7d',39,'29ee3e512','189eae582',73080,580,1653625970,1653625970);
INSERT INTO player_score VALUES('5f542280c',39,'29ee3e512','1c05d7e9e',478400,667,1653922159,1653922159);
INSERT INTO player_score VALUES('45993fd58',39,'29ee3e512','22288df9e',9954,488,1653231474,1653231474);
INSERT INTO player_score VALUES('5fe16e633',39,'29ee3e512','279120a7c',105000,626,1653936975,1653936975);
INSERT INTO player_score VALUES('473164b2c',39,'29ee3e512','28164ee3b',35532,374,1653274271,1653274271);
INSERT INTO player_score VALUES('4a0270164',39,'29ee3e512','2a17a4755',57820,344,1653349878,1653349878);
INSERT INTO player_score VALUES('58d28121d',39,'29ee3e512','2aab233f9',94116,582,1653747505,1653747505);
INSERT INTO player_score VALUES('639f6333f',39,'29ee3e512','2cc7c1b43',82620,589,1654037424,1654037424);
INSERT INTO player_score VALUES('5e8eca7d7',39,'29ee3e512','3aae116a7',28188,540,1653901466,1653901466);
INSERT INTO player_score VALUES('63c6d26d9',39,'29ee3e512','3b0ddd597',654720,607,1654041559,1654041559);
INSERT INTO player_score VALUES('5e036956e',39,'29ee3e512','3c97fae7d',3200,661,1653886851,1653886851);
INSERT INTO player_score VALUES('629113faf',39,'29ee3e512','43991b721',1664,670,1654009080,1654009080);
INSERT INTO player_score VALUES('557237d25',39,'29ee3e512','46cc8ad2d',29400,450,1653656878,1653656878);
INSERT INTO player_score VALUES('5e6d846c2',39,'29ee3e512','50a4cc5c2',112560,580,1653897977,1653897977);
INSERT INTO player_score VALUES('5836bda97',39,'29ee3e512','57fc62b35',20130,524,1653731172,1653731172);
INSERT INTO player_score VALUES('59fbd7512',39,'3504bd954','188fc18d3',390402,529,1653778683,1653778683);
INSERT INTO player_score VALUES('6036e1616',39,'3504bd954','1c05d7e9e',12240,678,1653945935,1653945935);
INSERT INTO player_score VALUES('44c2b8684',39,'3504bd954','22288df9e',34650,478,1653208979,1653208979);
INSERT INTO player_score VALUES('62566874d',39,'3504bd954','279120a7c',8700,656,1654002928,1654002928);
INSERT INTO player_score VALUES('496830cde',39,'3504bd954','28164ee3b',6336,404,1653333704,1653333704);
INSERT INTO player_score VALUES('5717ddb95',39,'3504bd954','2a17a4755',17920,503,1653701091,1653701091);
INSERT INTO player_score VALUES('62526e619',39,'3504bd954','2aab233f9',249249,696,1654002511,1654002511);
INSERT INTO player_score VALUES('63661c1ba',39,'3504bd954','2cc7c1b43',24444,585,1654031418,1654031418);
INSERT INTO player_score VALUES('470432dff',39,'3504bd954','38ccc6f8e',71064,372,1653269532,1653269532);
INSERT INTO player_score VALUES('5c9b6d94b',39,'3504bd954','3aae116a7',21472,511,1653849104,1653849104);
INSERT INTO player_score VALUES('62efc723d',39,'3504bd954','3b0ddd597',98406,592,1654019010,1654019010);
INSERT INTO player_score VALUES('5d1422734',39,'3504bd954','3c97fae7d',36630,641,1653861761,1653861761);
INSERT INTO player_score VALUES('623851cd5',39,'3504bd954','43991b721',373230,662,1653999773,1653999773);
INSERT INTO player_score VALUES('573430aee',39,'3504bd954','46cc8ad2d',101120,502,1653704061,1653704061);
INSERT INTO player_score VALUES('5d2338c27',39,'3504bd954','50a4cc5c2',161766,530,1653863343,1653863343);
INSERT INTO player_score VALUES('5837e510a',39,'3504bd954','57fc62b35',70389,535,1653731293,1653731293);
INSERT INTO player_score VALUES('54de1f354',39,'366e670ae','189eae582',318780,592,1653641349,1653641349);
INSERT INTO player_score VALUES('634766c9b',39,'366e670ae','1c05d7e9e',4845,705,1654028198,1654028198);
INSERT INTO player_score VALUES('6168db76d',39,'366e670ae','279120a7c',232848,647,1653978019,1653978019);
INSERT INTO player_score VALUES('4820561e9',39,'366e670ae','28164ee3b',148614,389,1653299326,1653299326);
INSERT INTO player_score VALUES('5fec3eede',39,'366e670ae','2aab233f9',86559,670,1653938109,1653938109);
INSERT INTO player_score VALUES('604fca598',39,'366e670ae','2cc7c1b43',19494,553,1653948547,1653948547);
INSERT INTO player_score VALUES('4628e1d90',39,'366e670ae','38ccc6f8e',151200,353,1653246535,1653246535);
INSERT INTO player_score VALUES('626af5ad5',39,'366e670ae','3aae116a7',44368,596,1654005083,1654005083);
INSERT INTO player_score VALUES('5c2ee17a8',39,'366e670ae','3b0ddd597',703444,510,1653837722,1653837722);
INSERT INTO player_score VALUES('5ca7b138f',39,'366e670ae','3c97fae7d',6900,633,1653850390,1653850390);
INSERT INTO player_score VALUES('5fb44da8c',39,'366e670ae','43991b721',42911,601,1653932243,1653932243);
INSERT INTO player_score VALUES('572f909bb',39,'366e670ae','46cc8ad2d',19720,501,1653703576,1653703576);
INSERT INTO player_score VALUES('5f01a1e6a',39,'366e670ae','50a4cc5c2',349650,607,1653913508,1653913508);
INSERT INTO player_score VALUES('58376afb9',39,'366e670ae','57fc62b35',172200,530,1653731243,1653731243);
INSERT INTO player_score VALUES('55302d166',39,'380dfea3b','188fc18d3',27945,495,1653649953,1653649953);
INSERT INTO player_score VALUES('5400d261d',39,'380dfea3b','189eae582',210560,577,1653618144,1653618144);
INSERT INTO player_score VALUES('5f44b450f',39,'380dfea3b','1c05d7e9e',12480,666,1653920541,1653920541);
INSERT INTO player_score VALUES('45fcc8cc6',39,'380dfea3b','22288df9e',15582,490,1653241911,1653241911);
INSERT INTO player_score VALUES('62dafce10',39,'380dfea3b','279120a7c',13520,661,1654016830,1654016830);
INSERT INTO player_score VALUES('5766ecf7f',39,'380dfea3b','2a17a4755',116160,505,1653709381,1653709381);
INSERT INTO player_score VALUES('61dfbe08d',39,'380dfea3b','2aab233f9',27540,690,1653990485,1653990485);
INSERT INTO player_score VALUES('611a17e1f',39,'380dfea3b','2cc7c1b43',0,564,1653969760,1653969760);
INSERT INTO player_score VALUES('458fe9b0d',39,'380dfea3b','38ccc6f8e',320160,331,1653230495,1653230495);
INSERT INTO player_score VALUES('631adfdf4',39,'380dfea3b','3aae116a7',10332,608,1654023529,1654023529);
INSERT INTO player_score VALUES('5ac9f2fc9',39,'380dfea3b','3c97fae7d',0,597,1653800295,1653800295);
INSERT INTO player_score VALUES('6348846cc',39,'380dfea3b','43991b721',3320,686,1654028315,1654028315);
INSERT INTO player_score VALUES('5f076bd67',39,'380dfea3b','50a4cc5c2',8640,608,1653914115,1653914115);
INSERT INTO player_score VALUES('583846b57',39,'380dfea3b','57fc62b35',211560,539,1653731333,1653731333);
INSERT INTO player_score VALUES('5b50b19a1',39,'3a11bde2b','188fc18d3',79200,541,1653814424,1653814424);
INSERT INTO player_score VALUES('5316af6a6',39,'3a11bde2b','189eae582',86800,568,1653593593,1653593593);
INSERT INTO player_score VALUES('622269ea6',39,'3a11bde2b','1c05d7e9e',174720,699,1653997476,1653997476);
INSERT INTO player_score VALUES('458a3d0da',39,'3a11bde2b','22288df9e',80100,487,1653229900,1653229900);
INSERT INTO player_score VALUES('5f1363d02',39,'3a11bde2b','279120a7c',58406,619,1653915370,1653915370);
INSERT INTO player_score VALUES('4891abce9',39,'3a11bde2b','28164ee3b',776000,391,1653311210,1653311210);
INSERT INTO player_score VALUES('57e67d3b1',39,'3a11bde2b','2a17a4755',40584,511,1653722757,1653722757);
INSERT INTO player_score VALUES('60cafedb9',39,'3a11bde2b','2aab233f9',427200,678,1653961466,1653961466);
INSERT INTO player_score VALUES('617c9b9c4',39,'3a11bde2b','2cc7c1b43',2916,571,1653980090,1653980090);
INSERT INTO player_score VALUES('46df2fc7e',39,'3a11bde2b','38ccc6f8e',72292,367,1653265651,1653265651);
INSERT INTO player_score VALUES('6243b4dd6',39,'3a11bde2b','3aae116a7',178020,594,1654000967,1654000967);
INSERT INTO player_score VALUES('630ead4d1',39,'3a11bde2b','3b0ddd597',89984,596,1654022250,1654022250);
INSERT INTO player_score VALUES('5d7db2602',39,'3a11bde2b','3c97fae7d',19800,647,1653872830,1653872830);
INSERT INTO player_score VALUES('637df6150',39,'3a11bde2b','43991b721',130086,688,1654033919,1654033919);
INSERT INTO player_score VALUES('5816dc086',39,'3a11bde2b','46cc8ad2d',55800,521,1653727829,1653727829);
INSERT INTO player_score VALUES('5ed7fc475',39,'3a11bde2b','50a4cc5c2',187434,600,1653909141,1653909141);
INSERT INTO player_score VALUES('58339a6c4',39,'3a11bde2b','57fc62b35',10824,503,1653730843,1653730843);
INSERT INTO player_score VALUES('59b6c1bf9',39,'3a256cf71','188fc18d3',38808,526,1653771439,1653771439);
INSERT INTO player_score VALUES('551445860',39,'3a256cf71','189eae582',1170,595,1653647027,1653647027);
INSERT INTO player_score VALUES('5b67d6e79',39,'3a256cf71','1c05d7e9e',12032,627,1653816851,1653816851);
INSERT INTO player_score VALUES('49392f1c3',39,'3a256cf71','28164ee3b',513000,401,1653328775,1653328775);
INSERT INTO player_score VALUES('56d2d943d',39,'3a256cf71','2a17a4755',20412,500,1653693854,1653693854);
INSERT INTO player_score VALUES('5f6da063e',39,'3a256cf71','2aab233f9',87048,665,1653924832,1653924832);
INSERT INTO player_score VALUES('620734940',39,'3a256cf71','2cc7c1b43',11544,574,1653994623,1653994623);
INSERT INTO player_score VALUES('4677d63f1',39,'3a256cf71','38ccc6f8e',44250,362,1653254814,1653254814);
INSERT INTO player_score VALUES('619a27179',39,'3a256cf71','3aae116a7',140530,585,1653983188,1653983188);
INSERT INTO player_score VALUES('627d8bfb7',39,'3a256cf71','3b0ddd597',166320,584,1654007032,1654007032);
INSERT INTO player_score VALUES('5e0e34ff8',39,'3a256cf71','3c97fae7d',503818,662,1653887983,1653887983);
INSERT INTO player_score VALUES('638ef4ab1',39,'3a256cf71','43991b721',174580,691,1654035701,1654035701);
INSERT INTO player_score VALUES('5ebbabc19',39,'3a256cf71','50a4cc5c2',64800,596,1653906172,1653906172);
INSERT INTO player_score VALUES('582be3535',39,'3a256cf71','57fc62b35',200552,439,1653730034,1653730034);
INSERT INTO player_score VALUES('53a045987',39,'3a309565d','189eae582',79254,573,1653608020,1653608020);
INSERT INTO player_score VALUES('5f27af1e5',39,'3a309565d','1c05d7e9e',239057,664,1653917498,1653917498);
INSERT INTO player_score VALUES('4535b6dd7',39,'3a309565d','22288df9e',306249,482,1653221037,1653221037);
INSERT INTO player_score VALUES('6247437d9',39,'3a309565d','279120a7c',126126,655,1654001340,1654001340);
INSERT INTO player_score VALUES('47dd1ca6e',39,'3a309565d','28164ee3b',425600,386,1653292277,1653292277);
INSERT INTO player_score VALUES('570efa532',39,'3a309565d','2a17a4755',3240,502,1653700159,1653700159);
INSERT INTO player_score VALUES('62848e6c3',39,'3a309565d','2aab233f9',12936,698,1654007767,1654007767);
INSERT INTO player_score VALUES('46642e838',39,'3a309565d','38ccc6f8e',563040,358,1653252753,1653252753);
INSERT INTO player_score VALUES('63278c7d3',39,'3a309565d','3b0ddd597',0,598,1654024858,1654024858);
INSERT INTO player_score VALUES('5cf8200da',39,'3a309565d','3c97fae7d',144,638,1653858824,1653858824);
INSERT INTO player_score VALUES('635939c52',39,'3a309565d','43991b721',21238,687,1654030067,1654030067);
INSERT INTO player_score VALUES('56c2b3f63',39,'3a309565d','46cc8ad2d',256244,487,1653692161,1653692161);
INSERT INTO player_score VALUES('5ee3ad709',39,'3a309565d','50a4cc5c2',126087,604,1653910367,1653910367);
INSERT INTO player_score VALUES('58373a2b2',39,'3a309565d','57fc62b35',99900,529,1653731223,1653731223);
INSERT INTO player_score VALUES('561dbc83e',39,'3a69933c8','188fc18d3',172458,500,1653674863,1653674863);
INSERT INTO player_score VALUES('5162c7a2b',39,'3a69933c8','189eae582',58838,547,1653547885,1653547885);
INSERT INTO player_score VALUES('618dc8987',39,'3a69933c8','1c05d7e9e',185760,694,1653981891,1653981891);
INSERT INTO player_score VALUES('41ff10b9b',39,'3a69933c8','22288df9e',3360,440,1653134776,1653134776);
INSERT INTO player_score VALUES('63259a72c',39,'3a69933c8','279120a7c',62031,668,1654024654,1654024654);
INSERT INTO player_score VALUES('476d3c835',39,'3a69933c8','28164ee3b',226320,379,1653280546,1653280546);
INSERT INTO player_score VALUES('5830688c8',39,'3a69933c8','2a17a4755',85680,514,1653730508,1653730508);
INSERT INTO player_score VALUES('62f1ec78b',39,'3a69933c8','2aab233f9',668800,701,1654019235,1654019235);
INSERT INTO player_score VALUES('636481f48',39,'3a69933c8','2cc7c1b43',126392,584,1654031250,1654031250);
INSERT INTO player_score VALUES('470ae7309',39,'3a69933c8','38ccc6f8e',3321,373,1653270235,1653270235);
INSERT INTO player_score VALUES('5b90e044c',39,'3a69933c8','3aae116a7',1482,498,1653821154,1653821154);
INSERT INTO player_score VALUES('627991e7d',39,'3a69933c8','3b0ddd597',49980,583,1654006615,1654006615);
INSERT INTO player_score VALUES('5d885be13',39,'3a69933c8','3c97fae7d',218120,649,1653873948,1653873948);
INSERT INTO player_score VALUES('62f00b7f8',39,'3a69933c8','43991b721',77653,676,1654019038,1654019038);
INSERT INTO player_score VALUES('57ef175e2',39,'3a69933c8','46cc8ad2d',204120,514,1653723659,1653723659);
INSERT INTO player_score VALUES('5ea948b9b',39,'3a69933c8','50a4cc5c2',12495,588,1653904244,1653904244);
INSERT INTO player_score VALUES('5837c5546',39,'3a69933c8','57fc62b35',27202,534,1653731280,1653731280);
INSERT INTO player_score VALUES('5a26deef7',39,'3bc476f70','188fc18d3',22932,533,1653783195,1653783195);
INSERT INTO player_score VALUES('521171fd7',39,'3bc476f70','189eae582',379008,551,1653566200,1653566200);
INSERT INTO player_score VALUES('432a2f703',39,'3bc476f70','22288df9e',232024,459,1653166141,1653166141);
INSERT INTO player_score VALUES('5888a955f',39,'3bc476f70','279120a7c',109760,555,1653739762,1653739762);
INSERT INTO player_score VALUES('4773a5247',39,'3bc476f70','28164ee3b',47616,380,1653281218,1653281218);
INSERT INTO player_score VALUES('592b7b74b',39,'3bc476f70','2a17a4755',16933,522,1653756835,1653756835);
INSERT INTO player_score VALUES('61f5507d9',39,'3bc476f70','2aab233f9',35916,691,1653992747,1653992747);
INSERT INTO player_score VALUES('5a8989b58',39,'3bc476f70','2cc7c1b43',1560,497,1653793541,1653793541);
INSERT INTO player_score VALUES('46ee5e807',39,'3bc476f70','38ccc6f8e',0,369,1653267243,1653267243);
INSERT INTO player_score VALUES('63555d03b',39,'3bc476f70','3aae116a7',34790,609,1654029662,1654029662);
INSERT INTO player_score VALUES('62faab3be',39,'3bc476f70','3b0ddd597',3840,595,1654020152,1654020152);
INSERT INTO player_score VALUES('5dec997d3',39,'3bc476f70','3c97fae7d',27336,658,1653884459,1653884459);
INSERT INTO player_score VALUES('6218220f6',39,'3bc476f70','43991b721',270840,657,1653996398,1653996398);
INSERT INTO player_score VALUES('5753ba6d8',39,'3bc476f70','46cc8ad2d',303875,506,1653707368,1653707368);
INSERT INTO player_score VALUES('583473b79',39,'3bc476f70','57fc62b35',17225,509,1653730932,1653730932);
INSERT INTO player_score VALUES('57a330398',39,'3c609e8ab','188fc18d3',455301,514,1653715700,1653715700);
INSERT INTO player_score VALUES('51529d6ec',39,'3c609e8ab','189eae582',96162,546,1653546190,1653546190);
INSERT INTO player_score VALUES('637cf3491',39,'3c609e8ab','1c05d7e9e',171360,707,1654033813,1654033813);
INSERT INTO player_score VALUES('4465b55a7',39,'3c609e8ab','22288df9e',171360,474,1653199226,1653199226);
INSERT INTO player_score VALUES('62eafd8e4',39,'3c609e8ab','279120a7c',198912,663,1654018508,1654018508);
INSERT INTO player_score VALUES('46d6eb15c',39,'3c609e8ab','28164ee3b',460412,371,1653264784,1653264784);
INSERT INTO player_score VALUES('5a3a25011',39,'3c609e8ab','2a17a4755',230230,528,1653785216,1653785216);
INSERT INTO player_score VALUES('5943aadde',39,'3c609e8ab','2aab233f9',241316,589,1653759371,1653759371);
INSERT INTO player_score VALUES('5b7a9b966',39,'3c609e8ab','2cc7c1b43',104400,506,1653818819,1653818819);
INSERT INTO player_score VALUES('466bbc1e0',39,'3c609e8ab','38ccc6f8e',21315,361,1653253545,1653253545);
INSERT INTO player_score VALUES('639904557',39,'3c609e8ab','3aae116a7',40128,610,1654036756,1654036756);
INSERT INTO player_score VALUES('63904a744',39,'3c609e8ab','3b0ddd597',792396,604,1654035841,1654035841);
INSERT INTO player_score VALUES('5af155fe8',39,'3c609e8ab','3c97fae7d',49200,606,1653804425,1653804425);
INSERT INTO player_score VALUES('563342c06',39,'3c609e8ab','46cc8ad2d',1044,469,1653677120,1653677120);
INSERT INTO player_score VALUES('5dc25ef1d',39,'3c609e8ab','50a4cc5c2',793848,551,1653880031,1653880031);
INSERT INTO player_score VALUES('5831e2fc5',39,'3c609e8ab','57fc62b35',115101,488,1653730663,1653730663);
INSERT INTO player_score VALUES('5bd0f6844',39,'40e13ae48','188fc18d3',147390,542,1653827874,1653827874);
INSERT INTO player_score VALUES('52eda60ef',39,'40e13ae48','189eae582',47520,564,1653589290,1653589290);
INSERT INTO player_score VALUES('61ce56790',39,'40e13ae48','1c05d7e9e',226527,696,1653988660,1653988660);
INSERT INTO player_score VALUES('435cac3d1',39,'40e13ae48','22288df9e',258750,460,1653171435,1653171435);
INSERT INTO player_score VALUES('61c75b585',39,'40e13ae48','279120a7c',20592,652,1653987928,1653987928);
INSERT INTO player_score VALUES('48bac3d44',39,'40e13ae48','28164ee3b',163200,396,1653315519,1653315519);
INSERT INTO player_score VALUES('59f31138f',39,'40e13ae48','2a17a4755',191632,527,1653777763,1653777763);
INSERT INTO player_score VALUES('5e963856a',39,'40e13ae48','2aab233f9',92220,654,1653902245,1653902245);
INSERT INTO player_score VALUES('4663e061f',39,'40e13ae48','38ccc6f8e',360,357,1653252721,1653252721);
INSERT INTO player_score VALUES('5ff06282a',39,'40e13ae48','3aae116a7',26488,556,1653938543,1653938543);
INSERT INTO player_score VALUES('5ec0ad7b1',39,'40e13ae48','3b0ddd597',10626,537,1653906697,1653906697);
INSERT INTO player_score VALUES('5de04e834',39,'40e13ae48','3c97fae7d',156640,657,1653883170,1653883170);
INSERT INTO player_score VALUES('63aa3b180',39,'40e13ae48','43991b721',18720,692,1654038561,1654038561);
INSERT INTO player_score VALUES('569e03dc7',39,'40e13ae48','46cc8ad2d',65880,483,1653688314,1653688314);
INSERT INTO player_score VALUES('5e6b1fa0b',39,'40e13ae48','50a4cc5c2',26730,579,1653897726,1653897726);
INSERT INTO player_score VALUES('5a1e1662f',39,'41dcd1a3d','188fc18d3',192618,531,1653782274,1653782274);
INSERT INTO player_score VALUES('546ce6d6c',39,'41dcd1a3d','189eae582',256168,584,1653629477,1653629477);
INSERT INTO player_score VALUES('6305a7bd3',39,'41dcd1a3d','1c05d7e9e',297472,703,1654021304,1654021304);
INSERT INTO player_score VALUES('445572c30',39,'41dcd1a3d','22288df9e',24000,473,1653197521,1653197521);
INSERT INTO player_score VALUES('498d5fd82',39,'41dcd1a3d','28164ee3b',229548,406,1653337603,1653337603);
INSERT INTO player_score VALUES('55602cab9',39,'41dcd1a3d','2a17a4755',181584,483,1653654986,1653654986);
INSERT INTO player_score VALUES('609cd8e3f',39,'41dcd1a3d','2aab233f9',2706,676,1653956627,1653956627);
INSERT INTO player_score VALUES('633cb5f61',39,'41dcd1a3d','2cc7c1b43',192060,582,1654027077,1654027077);
INSERT INTO player_score VALUES('45cc4caee',39,'41dcd1a3d','38ccc6f8e',78120,343,1653236827,1653236827);
INSERT INTO player_score VALUES('62f436657',39,'41dcd1a3d','3aae116a7',10080,603,1654019475,1654019475);
INSERT INTO player_score VALUES('63129163c',39,'41dcd1a3d','3b0ddd597',32640,597,1654022658,1654022658);
INSERT INTO player_score VALUES('5cc9e6892',39,'41dcd1a3d','3c97fae7d',72200,637,1653853977,1653853977);
INSERT INTO player_score VALUES('6136d3d82',39,'41dcd1a3d','43991b721',15730,641,1653972773,1653972773);
INSERT INTO player_score VALUES('5e9b8350b',39,'41dcd1a3d','50a4cc5c2',93296,586,1653902800,1653902800);
INSERT INTO player_score VALUES('5837920d0',39,'41dcd1a3d','57fc62b35',76923,532,1653731259,1653731259);
INSERT INTO player_score VALUES('59c5395cd',39,'47cdbaac5','188fc18d3',120120,527,1653772956,1653772956);
INSERT INTO player_score VALUES('55552b4a8',39,'47cdbaac5','189eae582',56943,596,1653653832,1653653832);
INSERT INTO player_score VALUES('60a63b405',39,'47cdbaac5','1c05d7e9e',751812,682,1653957611,1653957611);
INSERT INTO player_score VALUES('625779e2d',39,'47cdbaac5','279120a7c',27664,657,1654003040,1654003040);
INSERT INTO player_score VALUES('49130beb2',39,'47cdbaac5','28164ee3b',0,399,1653324776,1653324776);
INSERT INTO player_score VALUES('5884f6142',39,'47cdbaac5','2a17a4755',113400,518,1653739374,1653739374);
INSERT INTO player_score VALUES('618d3136f',39,'47cdbaac5','2aab233f9',646570,689,1653981829,1653981829);
INSERT INTO player_score VALUES('61ac5e2c8',39,'47cdbaac5','2cc7c1b43',43344,573,1653985098,1653985098);
INSERT INTO player_score VALUES('616edffa3',39,'47cdbaac5','3aae116a7',176000,582,1653978650,1653978650);
INSERT INTO player_score VALUES('62a631437',39,'47cdbaac5','3b0ddd597',599256,586,1654011294,1654011294);
INSERT INTO player_score VALUES('56374de97',39,'47cdbaac5','3c97fae7d',73000,526,1653677544,1653677544);
INSERT INTO player_score VALUES('6242de006',39,'47cdbaac5','43991b721',131040,663,1654000879,1654000879);
INSERT INTO player_score VALUES('574d23676',39,'47cdbaac5','46cc8ad2d',431664,505,1653706677,1653706677);
INSERT INTO player_score VALUES('5d7e670be',39,'47cdbaac5','50a4cc5c2',97785,540,1653872904,1653872904);
INSERT INTO player_score VALUES('58324bf6b',39,'47cdbaac5','57fc62b35',367290,492,1653730706,1653730706);
INSERT INTO player_score VALUES('5a25cb0f9',39,'498ff7e7d','188fc18d3',180,532,1653783082,1653783082);
INSERT INTO player_score VALUES('548c13cb6',39,'498ff7e7d','189eae582',7992,586,1653632746,1653632746);
INSERT INTO player_score VALUES('62be2af56',39,'498ff7e7d','1c05d7e9e',20944,701,1654013808,1654013808);
INSERT INTO player_score VALUES('618117121',39,'498ff7e7d','279120a7c',3192,648,1653980560,1653980560);
INSERT INTO player_score VALUES('48b0aa5fa',39,'498ff7e7d','28164ee3b',248788,395,1653314460,1653314460);
INSERT INTO player_score VALUES('590aa8263',39,'498ff7e7d','2a17a4755',18450,520,1653753393,1653753393);
INSERT INTO player_score VALUES('60c293184',39,'498ff7e7d','2aab233f9',21000,677,1653960583,1653960583);
INSERT INTO player_score VALUES('6179ed953',39,'498ff7e7d','2cc7c1b43',4515,570,1653979809,1653979809);
INSERT INTO player_score VALUES('61cbde23a',39,'498ff7e7d','3aae116a7',188136,588,1653988401,1653988401);
INSERT INTO player_score VALUES('638eeae50',39,'498ff7e7d','3b0ddd597',8580,603,1654035697,1654035697);
INSERT INTO player_score VALUES('5df41fc63',39,'498ff7e7d','3c97fae7d',340200,659,1653885248,1653885248);
INSERT INTO player_score VALUES('62c478b91',39,'498ff7e7d','43991b721',149124,673,1654014469,1654014469);
INSERT INTO player_score VALUES('5825820b5',39,'498ff7e7d','46cc8ad2d',73600,522,1653729365,1653729365);
INSERT INTO player_score VALUES('5ea9f8801',39,'498ff7e7d','50a4cc5c2',117810,590,1653904316,1653904316);
INSERT INTO player_score VALUES('583732d42',39,'498ff7e7d','57fc62b35',339636,528,1653731220,1653731220);
INSERT INTO player_score VALUES('5b1584ac6',39,'4c9e0ebf9','188fc18d3',82170,539,1653808219,1653808219);
INSERT INTO player_score VALUES('52abc4d03',39,'4c9e0ebf9','189eae582',26496,561,1653582382,1653582382);
INSERT INTO player_score VALUES('63242eab1',39,'4c9e0ebf9','1c05d7e9e',137826,704,1654024505,1654024505);
INSERT INTO player_score VALUES('60614a4f8',39,'4c9e0ebf9','279120a7c',23328,632,1653950382,1653950382);
INSERT INTO player_score VALUES('598f8ab03',39,'4c9e0ebf9','2a17a4755',90206,525,1653767327,1653767327);
INSERT INTO player_score VALUES('635731c24',39,'4c9e0ebf9','2aab233f9',546000,706,1654029854,1654029854);
INSERT INTO player_score VALUES('612d5913c',39,'4c9e0ebf9','2cc7c1b43',32200,566,1653971779,1653971779);
INSERT INTO player_score VALUES('63aa0560c',39,'4c9e0ebf9','3aae116a7',173664,611,1654038539,1654038539);
INSERT INTO player_score VALUES('62dbc7863',39,'4c9e0ebf9','3b0ddd597',12040,589,1654016913,1654016913);
INSERT INTO player_score VALUES('5dcc8bf03',39,'4c9e0ebf9','3c97fae7d',132756,653,1653881098,1653881098);
INSERT INTO player_score VALUES('584443909',39,'4c9e0ebf9','46cc8ad2d',66528,525,1653732590,1653732590);
INSERT INTO player_score VALUES('5e46f5d3e',39,'4c9e0ebf9','50a4cc5c2',95128,570,1653893934,1653893934);
INSERT INTO player_score VALUES('583029171',39,'4c9e0ebf9','57fc62b35',143136,470,1653730482,1653730482);
INSERT INTO player_score VALUES('5a81adff3',39,'4d0fe0ea7','188fc18d3',201670,535,1653792717,1653792717);
INSERT INTO player_score VALUES('523103096',39,'4d0fe0ea7','189eae582',200739,553,1653569510,1653569510);
INSERT INTO player_score VALUES('5fd536f3c',39,'4d0fe0ea7','1c05d7e9e',7735,672,1653935694,1653935694);
INSERT INTO player_score VALUES('633bb32db',39,'4d0fe0ea7','279120a7c',436248,671,1654026971,1654026971);
INSERT INTO player_score VALUES('568abdc73',39,'4d0fe0ea7','2a17a4755',3128,496,1653686293,1653686293);
INSERT INTO player_score VALUES('6085b1298',39,'4d0fe0ea7','2aab233f9',116424,675,1653954199,1653954199);
INSERT INTO player_score VALUES('637568206',39,'4d0fe0ea7','2cc7c1b43',62160,588,1654033022,1654033022);
INSERT INTO player_score VALUES('62239d853',39,'4d0fe0ea7','3aae116a7',0,591,1653997602,1653997602);
INSERT INTO player_score VALUES('626987797',39,'4d0fe0ea7','3b0ddd597',27300,581,1654004933,1654004933);
INSERT INTO player_score VALUES('5ddf30e24',39,'4d0fe0ea7','3c97fae7d',78120,656,1653883053,1653883053);
INSERT INTO player_score VALUES('603f4d254',39,'4d0fe0ea7','43991b721',355509,617,1653946818,1653946818);
INSERT INTO player_score VALUES('58649f3f9',39,'4d0fe0ea7','46cc8ad2d',178266,528,1653735983,1653735983);
INSERT INTO player_score VALUES('5e85c0085',39,'4d0fe0ea7','50a4cc5c2',21912,583,1653900518,1653900518);
INSERT INTO player_score VALUES('5830c2e16',39,'4d0fe0ea7','57fc62b35',1800,476,1653730545,1653730545);
INSERT INTO player_score VALUES('505effba9',39,'4df9a23aa','188fc18d3',72540,458,1653520645,1653520645);
INSERT INTO player_score VALUES('555c39f1b',39,'4df9a23aa','189eae582',39235,597,1653654572,1653654572);
INSERT INTO player_score VALUES('61227ec16',39,'4df9a23aa','1c05d7e9e',449004,689,1653970641,1653970641);
INSERT INTO player_score VALUES('5c32d6ab0',39,'4df9a23aa','279120a7c',218736,589,1653838137,1653838137);
INSERT INTO player_score VALUES('59ec5ce8d',39,'4df9a23aa','2a17a4755',319083,526,1653777060,1653777060);
INSERT INTO player_score VALUES('61856de9c',39,'4df9a23aa','2aab233f9',100224,688,1653981015,1653981015);
INSERT INTO player_score VALUES('5f384e7e4',39,'4df9a23aa','2cc7c1b43',33408,544,1653919241,1653919241);
INSERT INTO player_score VALUES('618e3674d',39,'4df9a23aa','3aae116a7',5724,584,1653981936,1653981936);
INSERT INTO player_score VALUES('63474e5ce',39,'4df9a23aa','3b0ddd597',0,601,1654028188,1654028188);
INSERT INTO player_score VALUES('5dd5b3ac0',39,'4df9a23aa','3c97fae7d',330,655,1653882058,1653882058);
INSERT INTO player_score VALUES('584a6a45f',39,'4df9a23aa','46cc8ad2d',10146,526,1653733235,1653733235);
INSERT INTO player_score VALUES('5cb454148',39,'4df9a23aa','50a4cc5c2',279818,500,1653851715,1653851715);
INSERT INTO player_score VALUES('5837f3b6c',39,'4df9a23aa','57fc62b35',58520,536,1653731299,1653731299);
INSERT INTO player_score VALUES('5626d8105',39,'52a783f1a','188fc18d3',11271,502,1653675818,1653675818);
INSERT INTO player_score VALUES('5294e3e23',39,'52a783f1a','189eae582',165495,560,1653579983,1653579983);
INSERT INTO player_score VALUES('637a03536',39,'52a783f1a','1c05d7e9e',389648,706,1654033505,1654033505);
INSERT INTO player_score VALUES('520775d1d',39,'52a783f1a','279120a7c',102410,495,1653565153,1653565153);
INSERT INTO player_score VALUES('577828992',39,'52a783f1a','2a17a4755',552096,506,1653711188,1653711188);
INSERT INTO player_score VALUES('5d63601a2',39,'52a783f1a','3c97fae7d',0,646,1653870070,1653870070);
INSERT INTO player_score VALUES('6286bd81a',39,'52a783f1a','43991b721',21840,669,1654007996,1654007996);
INSERT INTO player_score VALUES('558bda536',39,'52a783f1a','46cc8ad2d',198450,453,1653659566,1653659566);
INSERT INTO player_score VALUES('5edd7cf8b',39,'52a783f1a','50a4cc5c2',672217,602,1653909718,1653909718);
INSERT INTO player_score VALUES('583872a9d',39,'52a783f1a','57fc62b35',0,540,1653731351,1653731351);
INSERT INTO player_score VALUES('5279f557b',39,'55333f334','189eae582',15768,558,1653577159,1653577159);
INSERT INTO player_score VALUES('623c97912',39,'55333f334','1c05d7e9e',205276,700,1654000221,1654000221);
INSERT INTO player_score VALUES('5800ef3a2',39,'55333f334','2a17a4755',217140,512,1653725530,1653725530);
INSERT INTO player_score VALUES('63c6118e4',39,'55333f334','2aab233f9',16320,709,1654041480,1654041480);
INSERT INTO player_score VALUES('61bf1df99',39,'55333f334','3aae116a7',224352,586,1653987064,1653987064);
INSERT INTO player_score VALUES('6135bb185',39,'55333f334','3b0ddd597',4770,565,1653972658,1653972658);
INSERT INTO player_score VALUES('5a795f869',39,'55333f334','3c97fae7d',452200,595,1653791846,1653791846);
INSERT INTO player_score VALUES('626100dd7',39,'55333f334','43991b721',231336,665,1654004039,1654004039);
INSERT INTO player_score VALUES('57f185efa',39,'55333f334','46cc8ad2d',185076,516,1653723914,1653723914);
INSERT INTO player_score VALUES('5eb21b056',39,'55333f334','50a4cc5c2',103194,592,1653905169,1653905169);
INSERT INTO player_score VALUES('58388b138',39,'55333f334','57fc62b35',125970,541,1653731361,1653731361);
INSERT INTO player_score VALUES('5d0b85dc7',39,'5c4eaab17','1c05d7e9e',192726,646,1653860858,1653860858);
INSERT INTO player_score VALUES('62de13e6a',39,'5c4eaab17','279120a7c',1408,662,1654017154,1654017154);
INSERT INTO player_score VALUES('63b1c3c99',39,'5c4eaab17','2aab233f9',60970,708,1654039351,1654039351);
INSERT INTO player_score VALUES('5e849b0fa',39,'5c4eaab17','2cc7c1b43',319600,536,1653900398,1653900398);
INSERT INTO player_score VALUES('60c508fa0',39,'5c4eaab17','3aae116a7',100928,567,1653960841,1653960841);
INSERT INTO player_score VALUES('629c155e6',39,'5c4eaab17','3b0ddd597',209664,585,1654010234,1654010234);
INSERT INTO player_score VALUES('5d875b892',39,'5c4eaab17','3c97fae7d',30030,648,1653873843,1653873843);
INSERT INTO player_score VALUES('6323de19e',39,'5c4eaab17','43991b721',0,681,1654024472,1654024472);
INSERT INTO player_score VALUES('5ec923059',39,'5c4eaab17','50a4cc5c2',16192,598,1653907584,1653907584);
INSERT INTO player_score VALUES('5f0d1aec4',39,'5edca88fc','1c05d7e9e',38148,663,1653914711,1653914711);
INSERT INTO player_score VALUES('607014efe',39,'5edca88fc','279120a7c',57564,634,1653951933,1653951933);
INSERT INTO player_score VALUES('635dc8c53',39,'5edca88fc','2aab233f9',2679,707,1654030545,1654030545);
INSERT INTO player_score VALUES('60939b304',39,'5edca88fc','2cc7c1b43',12200,557,1653955658,1653955658);
INSERT INTO player_score VALUES('623d81efb',39,'5edca88fc','3aae116a7',3680,593,1654000317,1654000317);
INSERT INTO player_score VALUES('63c404a5d',39,'5edca88fc','3b0ddd597',78750,606,1654041265,1654041265);
INSERT INTO player_score VALUES('62df0cee1',39,'5edca88fc','43991b721',15456,674,1654017256,1654017256);
INSERT INTO player_score VALUES('5e9839086',39,'5edca88fc','50a4cc5c2',266733,585,1653902455,1653902455);
INSERT INTO player_score VALUES('5efd80c6e',39,'5f0c04980','1c05d7e9e',268770,662,1653913075,1653913075);
INSERT INTO player_score VALUES('63311fab0',39,'5f0c04980','279120a7c',1440,669,1654025862,1654025862);
INSERT INTO player_score VALUES('60678e505',39,'5f0c04980','2aab233f9',218182,673,1653951039,1653951039);
INSERT INTO player_score VALUES('62fececcf',39,'5f0c04980','2cc7c1b43',31620,581,1654020586,1654020586);
INSERT INTO player_score VALUES('62eca17a4',39,'5f0c04980','3b0ddd597',84390,591,1654018680,1654018680);
INSERT INTO player_score VALUES('5edafd522',39,'5f0c04980','50a4cc5c2',539560,601,1653909456,1653909456);
INSERT INTO player_score VALUES('6394de530',39,'602225c48','1c05d7e9e',0,708,1654036321,1654036321);
INSERT INTO player_score VALUES('5b35ad1b7',39,'602225c48','279120a7c',2952,577,1653811591,1653811591);
INSERT INTO player_score VALUES('612d5b859',39,'602225c48','2aab233f9',682880,682,1653971780,1653971780);
INSERT INTO player_score VALUES('621a9cd83',39,'602225c48','2cc7c1b43',256432,575,1653996658,1653996658);
INSERT INTO player_score VALUES('5e1155c7d',39,'602225c48','3aae116a7',36540,532,1653888311,1653888311);
INSERT INTO player_score VALUES('625275b70',39,'602225c48','3b0ddd597',175812,578,1654002514,1654002514);
INSERT INTO player_score VALUES('606156858',39,'611d5117f','1c05d7e9e',63648,680,1653950387,1653950387);
INSERT INTO player_score VALUES('62be0653e',39,'611d5117f','279120a7c',306064,660,1654013793,1654013793);
INSERT INTO player_score VALUES('6351c70bf',39,'611d5117f','2aab233f9',607662,705,1654029286,1654029286);
INSERT INTO player_score VALUES('621f5f177',39,'611d5117f','2cc7c1b43',1292,576,1653997157,1653997157);
INSERT INTO player_score VALUES('60931756f',39,'611d5117f','3aae116a7',198360,563,1653955604,1653955604);
INSERT INTO player_score VALUES('5e65dbf68',39,'611d5117f','3b0ddd597',348985,530,1653897174,1653897174);
INSERT INTO player_score VALUES('63bf00768',39,'611d5117f','43991b721',45360,693,1654040739,1654040739);
INSERT INTO player_score VALUES('5d1974bff',39,'615212f04','1c05d7e9e',55680,647,1653862319,1653862319);
INSERT INTO player_score VALUES('63365239a',39,'615212f04','279120a7c',599040,670,1654026407,1654026407);
INSERT INTO player_score VALUES('6232a04ae',39,'615212f04','2aab233f9',19220,694,1653999176,1653999176);
INSERT INTO player_score VALUES('5dfb5cccf',39,'615212f04','2cc7c1b43',40612,532,1653886007,1653886007);
INSERT INTO player_score VALUES('6262c2150',39,'615212f04','3aae116a7',41391,595,1654004223,1654004223);
INSERT INTO player_score VALUES('62f482123',39,'615212f04','3b0ddd597',16960,594,1654019506,1654019506);
INSERT INTO player_score VALUES('63334c4f8',39,'615212f04','43991b721',648,684,1654026090,1654026090);
INSERT INTO player_score VALUES('6034d95f1',39,'62bb117c8','1c05d7e9e',118440,677,1653945722,1653945722);
INSERT INTO player_score VALUES('630edbb02',39,'62bb117c8','279120a7c',70688,666,1654022269,1654022269);
INSERT INTO player_score VALUES('5f6172b53',39,'62bb117c8','2aab233f9',131747,664,1653923555,1653923555);
INSERT INTO player_score VALUES('60685b694',39,'62bb117c8','2cc7c1b43',49280,555,1653951123,1653951123);
INSERT INTO player_score VALUES('615ae7ad1',39,'62bb117c8','3aae116a7',98208,580,1653976556,1653976556);
INSERT INTO player_score VALUES('62514bdd9',39,'62bb117c8','3b0ddd597',71344,577,1654002392,1654002392);
INSERT INTO player_score VALUES('614d691a7',39,'62bb117c8','43991b721',110250,645,1653975141,1653975141);
COMMIT;
