
BEGIN;
CREATE TABLE IF NOT EXISTS competition (
  id VARCHAR(255) NOT NULL PRIMARY KEY,
  tenant_id BIGINT NOT NULL,
  title TEXT NOT NULL,
  finished_at BIGINT NULL,
  created_at BIGINT NOT NULL,
  updated_at BIGINT NOT NULL
);
INSERT INTO competition VALUES('2c031728',4,'当たるつくばの世界大会',NULL,1651437040,1653383222);
INSERT INTO competition VALUES('6131e5e7',4,'カスタード家族',1653704445,1651526266,1653704445);
INSERT INTO competition VALUES('1b5d14cbf',4,'第7回 闇の洋梨家',1653744911,1652097736,1653744911);
INSERT INTO competition VALUES('1e6e75ea7',4,'第7回 マジックハードウェア効果',1652557758,1652180089,1652557758);
INSERT INTO competition VALUES('23ac36ae9',4,'静的おばさん組合',NULL,1652320782,1653618369);
INSERT INTO competition VALUES('33e3dcf4e',4,'平面的ウィスキーの日 vol.5',1653086728,1652756114,1653086728);
INSERT INTO competition VALUES('34f91150b',4,'苦み以外 #3',NULL,1652785181,1653442593);
INSERT INTO competition VALUES('45f263aa4',4,'第2回 枝豆教室',1653952144,1653240821,1653952144);
INSERT INTO competition VALUES('583c1c2a6',4,'カニ効果大会',NULL,1653731735,1653962956);
INSERT INTO competition VALUES('5db884f9b',4,'第6回 たまねぎ店',NULL,1653878998,1654015119);
INSERT INTO competition VALUES('5ff8e1cbb',4,'いざぶどうBETTER vol.9',NULL,1653939434,1654026334);
INSERT INTO competition VALUES('61ba9da51',4,'リサイクルfail劇場',NULL,1653986592,1654017616);
CREATE TABLE IF NOT EXISTS player (
  id VARCHAR(255) NOT NULL PRIMARY KEY,
  tenant_id BIGINT NOT NULL,
  display_name TEXT NOT NULL,
  is_disqualified BOOLEAN NOT NULL,
  created_at BIGINT NOT NULL,
  updated_at BIGINT NOT NULL
);
INSERT INTO player VALUES('308013a7',4,'Roger Leffler',0,1651444570,1653923603);
INSERT INTO player VALUES('3e2286af',4,'Isobel D"Amore',0,1651467445,1653723488);
INSERT INTO player VALUES('427517bc',4,'Jakayla Olson',1,1651474697,1651632294);
INSERT INTO player VALUES('4c24a586',4,'Ernestine Crooks',0,1651490947,1652102787);
INSERT INTO player VALUES('5f57f5de',4,'Sallie Smith',0,1651523160,1651735822);
INSERT INTO player VALUES('9e9e6290',4,'Mr. Nickolas Volkman',0,1651629318,1652784458);
INSERT INTO player VALUES('aa58db48',4,'Stanton Nader',0,1651648995,1653559762);
INSERT INTO player VALUES('bb596d26',4,'Lesley Dietrich',0,1651677520,1651979204);
INSERT INTO player VALUES('bbbe4996',4,'Yoshiko Abbott PhD',0,1651678181,1653346220);
INSERT INTO player VALUES('bc5d4887',4,'Vernice Rice Sr.',0,1651679223,1652407905);
INSERT INTO player VALUES('c117004c',4,'Tina Marks',0,1651687151,1652556690);
INSERT INTO player VALUES('cae31689',4,'Cristina Schulist',0,1651703588,1651786246);
INSERT INTO player VALUES('e1d93b19',4,'Ms. Malika Wolff',0,1651742111,1652689671);
INSERT INTO player VALUES('e307f730',4,'Ms. Treva Murphy II',0,1651744095,1652490008);
INSERT INTO player VALUES('fcc922a2',4,'Ms. Susanna Wolff',0,1651787304,1652999054);
INSERT INTO player VALUES('10dec09bc',4,'Linnie Kulas DDS',0,1651816054,1652335633);
INSERT INTO player VALUES('125f15472',4,'Janae Graham',0,1651856354,1652638315);
INSERT INTO player VALUES('12e97fda1',4,'Jeanne Flatley',0,1651870868,1652751193);
INSERT INTO player VALUES('131d30440',4,'Mr. Kyler Wyman II',0,1651876288,1653132225);
INSERT INTO player VALUES('13e90bc37',4,'Mr. Dedrick Boyle IV',0,1651897664,1652516752);
INSERT INTO player VALUES('15c32a434',4,'Vito Gaylord',0,1651947379,1653183803);
INSERT INTO player VALUES('15ed5feed',4,'Cecilia West',0,1651951805,1653953516);
INSERT INTO player VALUES('165ba8594',4,'Alexys Hickle',0,1651963369,1652957218);
INSERT INTO player VALUES('16f47701e',4,'Elenora Lang',0,1651979392,1653996793);
INSERT INTO player VALUES('19e41a732',4,'Kira Strosin Sr.',0,1652058207,1653990852);
INSERT INTO player VALUES('1d38f966b',4,'Dorothea Ortiz',1,1652147637,1652800061);
INSERT INTO player VALUES('1dec0bb28',4,'Jody Keebler',0,1652166414,1652184471);
INSERT INTO player VALUES('1e23e6ff2',4,'Arnaldo Strosin',0,1652172271,1653063313);
INSERT INTO player VALUES('1f2640b21',4,'Zelma Block',0,1652199361,1653253414);
INSERT INTO player VALUES('1f404c2e8',4,'Nedra Raynor',1,1652202092,1653304383);
INSERT INTO player VALUES('1fd9026b5',4,'Herminia Herman',0,1652218105,1652275253);
INSERT INTO player VALUES('200204787',4,'Calista Emmerich',0,1652222405,1653772870);
INSERT INTO player VALUES('238b7bc8b',4,'Ms. Alexane Ebert',1,1652317350,1653293530);
INSERT INTO player VALUES('27c0cd3cc',4,'Betty Hackett DDS',0,1652430315,1652633477);
INSERT INTO player VALUES('28712c9a3',4,'Mr. Amari Kreiger Sr.',0,1652448809,1653425194);
INSERT INTO player VALUES('288c311c4',4,'Mr. Ahmed Macejkovic I',0,1652451642,1653951253);
INSERT INTO player VALUES('28adb6a53',4,'Jarod Lubowitz',0,1652455157,1652888152);
INSERT INTO player VALUES('28ceda8d9',4,'Marcella Williamson',0,1652458632,1653158251);
INSERT INTO player VALUES('2a20cc368',4,'Diamond Ruecker',0,1652494068,1653497938);
INSERT INTO player VALUES('2ae833973',4,'Ms. Brooke Raynor',0,1652514977,1653934372);
INSERT INTO player VALUES('2c3d3eb79',4,'Wiley Hand Sr.',0,1652550738,1653333471);
INSERT INTO player VALUES('2cc97e079',4,'Claire Dietrich',0,1652565444,1652983704);
INSERT INTO player VALUES('3083605d1',4,'Alf Skiles',0,1652665466,1653038420);
INSERT INTO player VALUES('30a7917f8',4,'Kyle Mueller',1,1652669261,1652730573);
INSERT INTO player VALUES('3153cfba3',4,'Sister Huel I',0,1652687322,1653683409);
INSERT INTO player VALUES('319ef6024',4,'Bernhard Hand',0,1652695202,1653223765);
INSERT INTO player VALUES('32b8fdbb0',4,'Keven Prosacco',0,1652724775,1653412071);
INSERT INTO player VALUES('334cef43b',4,'Lurline Kemmer',0,1652740288,1652948172);
INSERT INTO player VALUES('336c768b6',4,'Everett Bode',0,1652743594,1653362813);
INSERT INTO player VALUES('3421defb0',4,'Sedrick Schultz IV',0,1652762616,1653807434);
INSERT INTO player VALUES('35643684e',4,'Sarai Grant',0,1652796416,1653207277);
INSERT INTO player VALUES('35b9a2333',4,'Stacey Kerluke',0,1652805373,1653484370);
INSERT INTO player VALUES('35c29dfbe',4,'Jacinto Brekke',0,1652806315,1653268354);
INSERT INTO player VALUES('36e21f10f',4,'Mr. Price Toy',0,1652836462,1652989885);
INSERT INTO player VALUES('371128152',4,'Mr. Delaney Bradtke Jr.',0,1652841394,1653878842);
INSERT INTO player VALUES('37114cb3d',4,'Ruth Goldner',1,1652841409,1653349133);
INSERT INTO player VALUES('3ad9895a5',4,'Ruby Swaniawski',0,1652942936,1653624159);
INSERT INTO player VALUES('3ae45c574',4,'Juliana Halvorson IV',0,1652944071,1653951672);
INSERT INTO player VALUES('3f416163f',4,'Camille Heidenreich',0,1653061199,1653611606);
INSERT INTO player VALUES('40f62eaba',4,'Federico Bode',0,1653107001,1653768852);
INSERT INTO player VALUES('410e19b8d',4,'Rasheed Schoen I',0,1653109509,1653192364);
INSERT INTO player VALUES('410ea9c3f',4,'Jedediah Daugherty IV',0,1653109568,1653449940);
INSERT INTO player VALUES('4172a095f',4,'Blanche Altenwerth II',0,1653120050,1653288359);
INSERT INTO player VALUES('41c668553',4,'David Kovacek',0,1653128835,1653298202);
INSERT INTO player VALUES('43325e28d',4,'Mr. Easton Beahan DVM',0,1653166999,1653970124);
INSERT INTO player VALUES('43df92fab',4,'Jo Nicolas',0,1653185161,1653199931);
INSERT INTO player VALUES('4420430a3',4,'Ms. Angelica Waters',0,1653191944,1653581150);
INSERT INTO player VALUES('4564ee47b',4,'Sophia Klein',1,1653225988,1653920743);
INSERT INTO player VALUES('456b28821',4,'Marc Mayer Jr.',0,1653226641,1653520430);
INSERT INTO player VALUES('45825790b',4,'Eloisa Thompson',0,1653229072,1653673503);
INSERT INTO player VALUES('47f435bdf',4,'Mr. Jeramy Trantow III',0,1653294699,1653381368);
INSERT INTO player VALUES('4aadefe7d',4,'Mr. Darwin Kerluke',0,1653367861,1653850109);
INSERT INTO player VALUES('4b18e445e',4,'Mr. Earnest Jenkins',0,1653379076,1653440423);
INSERT INTO player VALUES('4df488177',4,'Marian Stamm',0,1653455794,1653468039);
INSERT INTO player VALUES('4e1cabf5f',4,'Ariane Hettinger',0,1653460003,1653515569);
INSERT INTO player VALUES('4e1eaf1c4',4,'Kobe Torphy',0,1653460214,1653685775);
INSERT INTO player VALUES('50efeb53c',4,'Grayson Koch',0,1653535841,1653955287);
INSERT INTO player VALUES('534a428f0',4,'Kaci Turcotte MD',1,1653599001,1653906094);
INSERT INTO player VALUES('536f2d38c',4,'Mya Marvin',0,1653602872,1653705519);
INSERT INTO player VALUES('54807fed2',4,'Cathrine Hirthe',1,1653631532,1653901300);
INSERT INTO player VALUES('5597b76da',4,'Ms. Carolyne Boyle',0,1653660810,1653803633);
INSERT INTO player VALUES('56d4dc661',4,'Jerome Bergstrom',0,1653694065,1653909754);
INSERT INTO player VALUES('5a09d26ac',4,'Evan Jaskolski DVM',0,1653780149,1653825343);
INSERT INTO player VALUES('5b1bbee8e',4,'Ms. Dovie Aufderhar V',0,1653808872,1654006449);
INSERT INTO player VALUES('5c560c5b0',4,'Ms. Josephine Flatley Jr.',1,1653841829,1653960836);
INSERT INTO player VALUES('5d92b25b6',4,'Arlie Wehner',1,1653875032,1654021987);
INSERT INTO player VALUES('5f5d9ad33',4,'Ms. Larissa Howe',1,1653923152,1654002804);
INSERT INTO player VALUES('60b9703f1',4,'Gregory Towne',0,1653959625,1653981377);
INSERT INTO player VALUES('620ae7d95',4,'Eli Funk',1,1653995011,1653996813);
INSERT INTO player VALUES('631a8cd8e',4,'Eloy Gleason',0,1654023495,1654034512);
INSERT INTO player VALUES('6377ea361',4,'Kariane Willms',0,1654033285,1654037285);
CREATE TABLE IF NOT EXISTS IF NOT EXISTS "player_score" (
                              id VARCHAR(255) NOT NULL PRIMARY KEY,
                              tenant_id BIGINT NOT NULL,
                              player_id VARCHAR(255) NOT NULL,
                              competition_id VARCHAR(255) NOT NULL,
                              score BIGINT NOT NULL,
                              row_num BIGINT NOT NULL,
                              created_at BIGINT NOT NULL,
                              updated_at BIGINT NOT NULL
);
INSERT INTO player_score VALUES('54e74bd98',4,'10dec09bc','1b5d14cbf',65520,1474,1653642311,1653642311);
INSERT INTO player_score VALUES('2aee2e587',4,'10dec09bc','1e6e75ea7',54910,705,1652515604,1652515604);
INSERT INTO player_score VALUES('616d08cbb',4,'10dec09bc','23ac36ae9',121680,1608,1653978457,1653978457);
INSERT INTO player_score VALUES('63902ab49',4,'10dec09bc','2c031728',58220,1615,1654035828,1654035828);
INSERT INTO player_score VALUES('3e3301106',4,'10dec09bc','33e3dcf4e',51840,841,1653032848,1653032848);
INSERT INTO player_score VALUES('62d6ea67a',4,'10dec09bc','34f91150b',35640,1703,1654016403,1654016403);
INSERT INTO player_score VALUES('5ff159188',4,'10dec09bc','45f263aa4',0,1665,1653938644,1653938644);
INSERT INTO player_score VALUES('636493099',4,'10dec09bc','583c1c2a6',253968,1654,1654031257,1654031257);
INSERT INTO player_score VALUES('638e1dd1c',4,'10dec09bc','5ff8e1cbb',102272,1774,1654035613,1654035613);
INSERT INTO player_score VALUES('515f4a153',4,'10dec09bc','6131e5e7',177870,1390,1653547519,1653547519);
INSERT INTO player_score VALUES('63a1eca04',4,'10dec09bc','61ba9da51',165984,1630,1654037690,1654037690);
INSERT INTO player_score VALUES('574074553',4,'125f15472','1b5d14cbf',26550,1530,1653705347,1653705347);
INSERT INTO player_score VALUES('2ae7bbf5b',4,'125f15472','1e6e75ea7',148512,702,1652514928,1652514928);
INSERT INTO player_score VALUES('5d805919a',4,'125f15472','23ac36ae9',10404,1518,1653873108,1653873108);
INSERT INTO player_score VALUES('626c7ec01',4,'125f15472','2c031728',51100,1586,1654005244,1654005244);
INSERT INTO player_score VALUES('63674388c',4,'125f15472','34f91150b',848160,1730,1654031539,1654031539);
INSERT INTO player_score VALUES('6001aa53d',4,'125f15472','45f263aa4',29716,1669,1653940355,1653940355);
INSERT INTO player_score VALUES('63b92f32a',4,'125f15472','583c1c2a6',230020,1702,1654040129,1654040129);
INSERT INTO player_score VALUES('6321c28cc',4,'125f15472','5db884f9b',432,1524,1654024251,1654024251);
INSERT INTO player_score VALUES('63c21ecee',4,'125f15472','5ff8e1cbb',2328,1875,1654041066,1654041066);
INSERT INTO player_score VALUES('56f66941f',4,'125f15472','6131e5e7',57120,1516,1653697583,1653697583);
INSERT INTO player_score VALUES('63bce27aa',4,'125f15472','61ba9da51',14448,1718,1654040517,1654040517);
INSERT INTO player_score VALUES('55345cd88',4,'12e97fda1','1b5d14cbf',49068,1480,1653650392,1653650392);
INSERT INTO player_score VALUES('2b4f63983',4,'12e97fda1','1e6e75ea7',6552,729,1652525797,1652525797);
INSERT INTO player_score VALUES('6139d7525',4,'12e97fda1','23ac36ae9',117600,1605,1653973089,1653973089);
INSERT INTO player_score VALUES('6315b22a4',4,'12e97fda1','2c031728',126198,1600,1654022986,1654022986);
INSERT INTO player_score VALUES('3eafe5b82',4,'12e97fda1','33e3dcf4e',5208,883,1653045944,1653045944);
INSERT INTO player_score VALUES('62d72c51e',4,'12e97fda1','34f91150b',14592,1704,1654016430,1654016430);
INSERT INTO player_score VALUES('5f407ac2f',4,'12e97fda1','45f263aa4',2046,1609,1653920098,1653920098);
INSERT INTO player_score VALUES('63a386c7e',4,'12e97fda1','583c1c2a6',17712,1690,1654037858,1654037858);
INSERT INTO player_score VALUES('63badce41',4,'12e97fda1','5ff8e1cbb',0,1857,1654040305,1654040305);
INSERT INTO player_score VALUES('552ec62e6',4,'12e97fda1','6131e5e7',94392,1473,1653649806,1653649806);
INSERT INTO player_score VALUES('63a1553f4',4,'12e97fda1','61ba9da51',84000,1629,1654037628,1654037628);
INSERT INTO player_score VALUES('546b4f228',4,'131d30440','1b5d14cbf',429525,1464,1653629310,1653629310);
INSERT INTO player_score VALUES('2c6255583',4,'131d30440','1e6e75ea7',64484,798,1652554627,1652554627);
INSERT INTO player_score VALUES('608726b54',4,'131d30440','23ac36ae9',25740,1589,1653954352,1653954352);
INSERT INTO player_score VALUES('6343cbefc',4,'131d30440','2c031728',392,1607,1654027820,1654027820);
INSERT INTO player_score VALUES('3ff412058',4,'131d30440','33e3dcf4e',16932,975,1653079936,1653079936);
INSERT INTO player_score VALUES('5e196c17b',4,'131d30440','34f91150b',4320,1533,1653889159,1653889159);
INSERT INTO player_score VALUES('632c86e47',4,'131d30440','583c1c2a6',74906,1624,1654025380,1654025380);
INSERT INTO player_score VALUES('63bc4639c',4,'131d30440','5db884f9b',49929,1696,1654040453,1654040453);
INSERT INTO player_score VALUES('6370ecaa3',4,'131d30440','5ff8e1cbb',10744,1702,1654032552,1654032552);
INSERT INTO player_score VALUES('56f05d68d',4,'131d30440','6131e5e7',2360,1514,1653696949,1653696949);
INSERT INTO player_score VALUES('63a8b2060',4,'131d30440','61ba9da51',19035,1656,1654038400,1654038400);
INSERT INTO player_score VALUES('53b74b26d',4,'13e90bc37','1b5d14cbf',5040,1438,1653610434,1653610434);
INSERT INTO player_score VALUES('2b99982b5',4,'13e90bc37','1e6e75ea7',0,749,1652533578,1652533578);
INSERT INTO player_score VALUES('5edc16165',4,'13e90bc37','23ac36ae9',15900,1544,1653909571,1653909571);
INSERT INTO player_score VALUES('5e00a2e5e',4,'13e90bc37','2c031728',23400,1518,1653886560,1653886560);
INSERT INTO player_score VALUES('3fc1f4699',4,'13e90bc37','33e3dcf4e',6270,956,1653074681,1653074681);
INSERT INTO player_score VALUES('628d9b517',4,'13e90bc37','34f91150b',14000,1691,1654008716,1654008716);
INSERT INTO player_score VALUES('5fb0623c1',4,'13e90bc37','45f263aa4',268088,1644,1653931832,1653931832);
INSERT INTO player_score VALUES('632860e39',4,'13e90bc37','583c1c2a6',38570,1621,1654024945,1654024945);
INSERT INTO player_score VALUES('637cf348d',4,'13e90bc37','5db884f9b',21736,1637,1654033813,1654033813);
INSERT INTO player_score VALUES('63a9a896c',4,'13e90bc37','5ff8e1cbb',107160,1831,1654038501,1654038501);
INSERT INTO player_score VALUES('63be64388',4,'13e90bc37','61ba9da51',14892,1725,1654040675,1654040675);
INSERT INTO player_score VALUES('56038c667',4,'15c32a434','1b5d14cbf',97240,1498,1653672117,1653672117);
INSERT INTO player_score VALUES('6399e2824',4,'15c32a434','23ac36ae9',23940,1666,1654036847,1654036847);
INSERT INTO player_score VALUES('5d6d10934',4,'15c32a434','2c031728',27360,1505,1653871086,1653871086);
INSERT INTO player_score VALUES('3fe518fe9',4,'15c32a434','33e3dcf4e',11424,967,1653078366,1653078366);
INSERT INTO player_score VALUES('5f9ae5c07',4,'15c32a434','34f91150b',70840,1587,1653929579,1653929579);
INSERT INTO player_score VALUES('5ef997cad',4,'15c32a434','45f263aa4',146916,1589,1653912665,1653912665);
INSERT INTO player_score VALUES('6384798b6',4,'15c32a434','583c1c2a6',8,1669,1654034602,1654034602);
INSERT INTO player_score VALUES('638ddbe83',4,'15c32a434','5db884f9b',5904,1650,1654035586,1654035586);
INSERT INTO player_score VALUES('638b99451',4,'15c32a434','5ff8e1cbb',4950,1767,1654035349,1654035349);
INSERT INTO player_score VALUES('563a0a9cd',4,'15c32a434','6131e5e7',3016,1497,1653677831,1653677831);
INSERT INTO player_score VALUES('63be33651',4,'15c32a434','61ba9da51',96148,1723,1654040655,1654040655);
INSERT INTO player_score VALUES('579fc1511',4,'15ed5feed','1b5d14cbf',22512,1542,1653715340,1653715340);
INSERT INTO player_score VALUES('2c70db971',4,'15ed5feed','1e6e75ea7',0,803,1652556150,1652556150);
INSERT INTO player_score VALUES('588a08e76',4,'15ed5feed','2c031728',372880,1427,1653739906,1653739906);
INSERT INTO player_score VALUES('3fb60b1ae',4,'15ed5feed','33e3dcf4e',190350,952,1653073432,1653073432);
INSERT INTO player_score VALUES('624be391e',4,'15ed5feed','34f91150b',300312,1687,1654001825,1654001825);
INSERT INTO player_score VALUES('5f8a417a7',4,'15ed5feed','45f263aa4',661230,1635,1653927834,1653927834);
INSERT INTO player_score VALUES('6388a953f',4,'15ed5feed','583c1c2a6',100936,1672,1654035041,1654035041);
INSERT INTO player_score VALUES('63b8cffe7',4,'15ed5feed','5db884f9b',228389,1695,1654040090,1654040090);
INSERT INTO player_score VALUES('632684cfb',4,'15ed5feed','5ff8e1cbb',145638,1566,1654024750,1654024750);
INSERT INTO player_score VALUES('56b803215',4,'15ed5feed','6131e5e7',88704,1509,1653691040,1653691040);
INSERT INTO player_score VALUES('63b29d137',4,'15ed5feed','61ba9da51',266679,1690,1654039440,1654039440);
INSERT INTO player_score VALUES('56c6ded71',4,'165ba8594','1b5d14cbf',136290,1517,1653692598,1653692598);
INSERT INTO player_score VALUES('2b42f18c5',4,'165ba8594','1e6e75ea7',0,723,1652524492,1652524492);
INSERT INTO player_score VALUES('6293da70e',4,'165ba8594','23ac36ae9',93940,1641,1654009371,1654009371);
INSERT INTO player_score VALUES('5eff5a656',4,'165ba8594','2c031728',240350,1529,1653913269,1653913269);
INSERT INTO player_score VALUES('403033173',4,'165ba8594','33e3dcf4e',112752,998,1653086241,1653086241);
INSERT INTO player_score VALUES('63688838d',4,'165ba8594','34f91150b',37665,1731,1654031672,1654031672);
INSERT INTO player_score VALUES('6045d584f',4,'165ba8594','45f263aa4',272958,1688,1653947503,1653947503);
INSERT INTO player_score VALUES('6397172c3',4,'165ba8594','583c1c2a6',237600,1682,1654036554,1654036554);
INSERT INTO player_score VALUES('6394384e1',4,'165ba8594','5db884f9b',66240,1659,1654036253,1654036253);
INSERT INTO player_score VALUES('63404bf07',4,'165ba8594','5ff8e1cbb',32967,1608,1654027453,1654027453);
INSERT INTO player_score VALUES('53863055e',4,'165ba8594','6131e5e7',244800,1428,1653605285,1653605285);
INSERT INTO player_score VALUES('63a21fe07',4,'165ba8594','61ba9da51',53600,1633,1654037711,1654037711);
INSERT INTO player_score VALUES('4f09b9ff6',4,'16f47701e','1b5d14cbf',0,1320,1653484860,1653484860);
INSERT INTO player_score VALUES('2a4271820',4,'16f47701e','1e6e75ea7',1960,662,1652497596,1652497596);
INSERT INTO player_score VALUES('61c25c0e5',4,'16f47701e','23ac36ae9',391760,1622,1653987404,1653987404);
INSERT INTO player_score VALUES('4c932356a',4,'16f47701e','2c031728',116480,1214,1653418738,1653418738);
INSERT INTO player_score VALUES('3f2cd699f',4,'16f47701e','33e3dcf4e',113832,916,1653059045,1653059045);
INSERT INTO player_score VALUES('628ef38dc',4,'16f47701e','34f91150b',65800,1693,1654008857,1654008857);
INSERT INTO player_score VALUES('5f37cf85e',4,'16f47701e','45f263aa4',26208,1605,1653919189,1653919189);
INSERT INTO player_score VALUES('63a6632f4',4,'16f47701e','583c1c2a6',383040,1692,1654038158,1654038158);
INSERT INTO player_score VALUES('639157012',4,'16f47701e','5db884f9b',206184,1657,1654035951,1654035951);
INSERT INTO player_score VALUES('63c4e05e6',4,'16f47701e','5ff8e1cbb',460404,1876,1654041355,1654041355);
INSERT INTO player_score VALUES('4eb2f8871',4,'16f47701e','6131e5e7',160512,1342,1653475763,1653475763);
INSERT INTO player_score VALUES('52462ef55',4,'19e41a732','1b5d14cbf',38304,1406,1653571730,1653571730);
INSERT INTO player_score VALUES('2b60e120a',4,'19e41a732','1e6e75ea7',55233,735,1652527631,1652527631);
INSERT INTO player_score VALUES('62cfa39a6',4,'19e41a732','23ac36ae9',14580,1650,1654015640,1654015640);
INSERT INTO player_score VALUES('632828bc0',4,'19e41a732','2c031728',21014,1604,1654024922,1654024922);
INSERT INTO player_score VALUES('3fce30c1f',4,'19e41a732','33e3dcf4e',90200,961,1653075964,1653075964);
INSERT INTO player_score VALUES('615b04fbd',4,'19e41a732','34f91150b',65520,1647,1653976568,1653976568);
INSERT INTO player_score VALUES('5e484e104',4,'19e41a732','45f263aa4',350140,1544,1653894075,1653894075);
INSERT INTO player_score VALUES('6390a9a9e',4,'19e41a732','583c1c2a6',50760,1677,1654035880,1654035880);
INSERT INTO player_score VALUES('63985be52',4,'19e41a732','5ff8e1cbb',82080,1795,1654036687,1654036687);
INSERT INTO player_score VALUES('543ffe410',4,'19e41a732','6131e5e7',6975,1453,1653624768,1653624768);
INSERT INTO player_score VALUES('639616d52',4,'19e41a732','61ba9da51',149650,1583,1654036449,1654036449);
INSERT INTO player_score VALUES('2c067e9a2',4,'1d38f966b','1e6e75ea7',287430,769,1652544997,1652544997);
INSERT INTO player_score VALUES('634dbbe29',4,'1d38f966b','23ac36ae9',323000,1660,1654028862,1654028862);
INSERT INTO player_score VALUES('610bee68c',4,'1d38f966b','2c031728',139400,1559,1653968275,1653968275);
INSERT INTO player_score VALUES('3faaeedef',4,'1d38f966b','33e3dcf4e',4536,949,1653072267,1653072267);
INSERT INTO player_score VALUES('5d12b6b0f',4,'1d38f966b','34f91150b',124215,1489,1653861612,1653861612);
INSERT INTO player_score VALUES('6007dfb19',4,'1d38f966b','45f263aa4',26488,1672,1653941006,1653941006);
INSERT INTO player_score VALUES('6176811d1',4,'1d38f966b','583c1c2a6',86268,1390,1653979450,1653979450);
INSERT INTO player_score VALUES('622d9c1f4',4,'1d38f966b','5db884f9b',76260,1264,1653998650,1653998650);
INSERT INTO player_score VALUES('63afec9a4',4,'1d38f966b','5ff8e1cbb',106272,1844,1654039158,1654039158);
INSERT INTO player_score VALUES('5570c247b',4,'1d38f966b','6131e5e7',63840,1476,1653656725,1653656725);
INSERT INTO player_score VALUES('6398807fd',4,'1d38f966b','61ba9da51',26832,1591,1654036702,1654036702);
INSERT INTO player_score VALUES('2baf54234',4,'1dec0bb28','1e6e75ea7',101136,758,1652535857,1652535857);
INSERT INTO player_score VALUES('60f913ba2',4,'1dec0bb28','23ac36ae9',13359,1599,1653966298,1653966298);
INSERT INTO player_score VALUES('5d9a2786b',4,'1dec0bb28','2c031728',284592,1509,1653875814,1653875814);
INSERT INTO player_score VALUES('60fff8e1c',4,'1dec0bb28','34f91150b',68150,1638,1653967021,1653967021);
INSERT INTO player_score VALUES('6070c2459',4,'1dec0bb28','45f263aa4',1995,1700,1653952004,1653952004);
INSERT INTO player_score VALUES('632ae08a0',4,'1dec0bb28','583c1c2a6',41325,1622,1654025207,1654025207);
INSERT INTO player_score VALUES('62eb5091f',4,'1dec0bb28','5db884f9b',264063,1461,1654018542,1654018542);
INSERT INTO player_score VALUES('63ab38ff4',4,'1dec0bb28','5ff8e1cbb',80920,1834,1654038665,1654038665);
INSERT INTO player_score VALUES('557067f09',4,'1dec0bb28','6131e5e7',117920,1475,1653656688,1653656688);
INSERT INTO player_score VALUES('63c0da1aa',4,'1dec0bb28','61ba9da51',69948,1731,1654040933,1654040933);
INSERT INTO player_score VALUES('2c2c64bbd',4,'1e23e6ff2','1e6e75ea7',109500,777,1652548971,1652548971);
INSERT INTO player_score VALUES('5f9be3a83',4,'1e23e6ff2','23ac36ae9',2970,1567,1653929683,1653929683);
INSERT INTO player_score VALUES('3fc89a12b',4,'1e23e6ff2','33e3dcf4e',21114,959,1653075378,1653075378);
INSERT INTO player_score VALUES('61fe90a94',4,'1e23e6ff2','34f91150b',22770,1675,1653993717,1653993717);
INSERT INTO player_score VALUES('5d220c79f',4,'1e23e6ff2','45f263aa4',37125,1479,1653863220,1653863220);
INSERT INTO player_score VALUES('63a36becb',4,'1e23e6ff2','583c1c2a6',13050,1689,1654037847,1654037847);
INSERT INTO player_score VALUES('63b23689e',4,'1e23e6ff2','5db884f9b',1140,1691,1654039398,1654039398);
INSERT INTO player_score VALUES('6374cbe40',4,'1e23e6ff2','5ff8e1cbb',60515,1713,1654032958,1654032958);
INSERT INTO player_score VALUES('55c7be57f',4,'1e23e6ff2','6131e5e7',253920,1484,1653665846,1653665846);
INSERT INTO player_score VALUES('63a6596e5',4,'1e23e6ff2','61ba9da51',3735,1645,1654038154,1654038154);
INSERT INTO player_score VALUES('4f95b4f60',4,'1f2640b21','1b5d14cbf',88559,1341,1653499538,1653499538);
INSERT INTO player_score VALUES('2c7969894',4,'1f2640b21','1e6e75ea7',359744,804,1652557047,1652557047);
INSERT INTO player_score VALUES('553a52bee',4,'1f2640b21','23ac36ae9',49036,1295,1653651017,1653651017);
INSERT INTO player_score VALUES('5d76c37c7',4,'1f2640b21','2c031728',514892,1507,1653872103,1653872103);
INSERT INTO player_score VALUES('3ff420a77',4,'1f2640b21','33e3dcf4e',91350,976,1653079942,1653079942);
INSERT INTO player_score VALUES('633508a56',4,'1f2640b21','34f91150b',148666,1720,1654026272,1654026272);
INSERT INTO player_score VALUES('5d5e82fc0',4,'1f2640b21','45f263aa4',28084,1495,1653869560,1653869560);
INSERT INTO player_score VALUES('63ab9f87e',4,'1f2640b21','5db884f9b',37422,1684,1654038707,1654038707);
INSERT INTO player_score VALUES('532c7a09b',4,'1f2640b21','6131e5e7',232557,1425,1653595878,1653595878);
INSERT INTO player_score VALUES('63ab14607',4,'1f2640b21','61ba9da51',437976,1665,1654038650,1654038650);
INSERT INTO player_score VALUES('57201b166',4,'1f404c2e8','1b5d14cbf',14196,1527,1653701955,1653701955);
INSERT INTO player_score VALUES('2c66f2fd1',4,'1f404c2e8','1e6e75ea7',14640,801,1652555111,1652555111);
INSERT INTO player_score VALUES('5ca93cbb7',4,'1f404c2e8','23ac36ae9',103680,1492,1653850552,1653850552);
INSERT INTO player_score VALUES('5cb3d2b0b',4,'1f404c2e8','2c031728',52140,1494,1653851662,1653851662);
INSERT INTO player_score VALUES('3f9a87a5a',4,'1f404c2e8','33e3dcf4e',0,945,1653070547,1653070547);
INSERT INTO player_score VALUES('61daa64f4',4,'1f404c2e8','34f91150b',151810,1664,1653989951,1653989951);
INSERT INTO player_score VALUES('5cdde62cf',4,'1f404c2e8','45f263aa4',30932,1455,1653856074,1653856074);
INSERT INTO player_score VALUES('63853f4be',4,'1f404c2e8','583c1c2a6',341640,1670,1654034683,1654034683);
INSERT INTO player_score VALUES('6391437d1',4,'1f404c2e8','5db884f9b',629000,1656,1654035943,1654035943);
INSERT INTO player_score VALUES('6373342d0',4,'1f404c2e8','5ff8e1cbb',9176,1710,1654032791,1654032791);
INSERT INTO player_score VALUES('53c621fab',4,'1f404c2e8','6131e5e7',83214,1443,1653611990,1653611990);
INSERT INTO player_score VALUES('63ad9401b',4,'1f404c2e8','61ba9da51',161568,1678,1654038912,1654038912);
INSERT INTO player_score VALUES('56d6e6dc6',4,'1fd9026b5','1b5d14cbf',322920,1519,1653694279,1653694279);
INSERT INTO player_score VALUES('2c613a201',4,'1fd9026b5','1e6e75ea7',150804,797,1652554511,1652554511);
INSERT INTO player_score VALUES('62e486483',4,'1fd9026b5','23ac36ae9',63492,1652,1654017830,1654017830);
INSERT INTO player_score VALUES('63be2c121',4,'1fd9026b5','2c031728',307272,1617,1654040652,1654040652);
INSERT INTO player_score VALUES('3f7ea9dc3',4,'1fd9026b5','33e3dcf4e',99792,935,1653067625,1653067625);
INSERT INTO player_score VALUES('61c5498fd',4,'1fd9026b5','34f91150b',2214,1660,1653987711,1653987711);
INSERT INTO player_score VALUES('5ff182988',4,'1fd9026b5','45f263aa4',39060,1666,1653938661,1653938661);
INSERT INTO player_score VALUES('62b221e71',4,'1fd9026b5','583c1c2a6',8084,1551,1654012546,1654012546);
INSERT INTO player_score VALUES('63a93369e',4,'1fd9026b5','5db884f9b',247572,1681,1654038453,1654038453);
INSERT INTO player_score VALUES('6398bd8af',4,'1fd9026b5','5ff8e1cbb',24000,1797,1654036727,1654036727);
INSERT INTO player_score VALUES('42ded1026',4,'1fd9026b5','6131e5e7',184910,1116,1653158238,1653158238);
INSERT INTO player_score VALUES('63ac17299',4,'1fd9026b5','61ba9da51',47658,1672,1654038756,1654038756);
INSERT INTO player_score VALUES('55e859866',4,'200204787','1b5d14cbf',14960,1494,1653669265,1653669265);
INSERT INTO player_score VALUES('2c507895d',4,'200204787','1e6e75ea7',21620,787,1652552754,1652552754);
INSERT INTO player_score VALUES('5d454e556',4,'200204787','23ac36ae9',74520,1509,1653866917,1653866917);
INSERT INTO player_score VALUES('636bb2c6f',4,'200204787','2c031728',50560,1611,1654032004,1654032004);
INSERT INTO player_score VALUES('400bf82a1',4,'200204787','33e3dcf4e',51456,984,1653082442,1653082442);
INSERT INTO player_score VALUES('6293eb865',4,'200204787','34f91150b',121968,1695,1654009378,1654009378);
INSERT INTO player_score VALUES('5d5c45412',4,'200204787','45f263aa4',100188,1494,1653869325,1653869325);
INSERT INTO player_score VALUES('63af72867',4,'200204787','583c1c2a6',101920,1698,1654039108,1654039108);
INSERT INTO player_score VALUES('63c538410',4,'200204787','5db884f9b',142692,1702,1654041391,1654041391);
INSERT INTO player_score VALUES('63c08e6ae',4,'200204787','5ff8e1cbb',89199,1873,1654040902,1654040902);
INSERT INTO player_score VALUES('512acf020',4,'200204787','6131e5e7',62698,1386,1653542016,1653542016);
INSERT INTO player_score VALUES('63aa3153e',4,'200204787','61ba9da51',8925,1659,1654038557,1654038557);
INSERT INTO player_score VALUES('4e63656df',4,'238b7bc8b','1b5d14cbf',387192,1305,1653467419,1653467419);
INSERT INTO player_score VALUES('2c5c9a0ee',4,'238b7bc8b','1e6e75ea7',31200,793,1652554026,1652554026);
INSERT INTO player_score VALUES('61819fc9d',4,'238b7bc8b','23ac36ae9',159900,1612,1653980616,1653980616);
INSERT INTO player_score VALUES('5e463eb92',4,'238b7bc8b','2c031728',45496,1520,1653893859,1653893859);
INSERT INTO player_score VALUES('3fc244fc8',4,'238b7bc8b','33e3dcf4e',637290,957,1653074714,1653074714);
INSERT INTO player_score VALUES('5ebdb8a7e',4,'238b7bc8b','34f91150b',47970,1560,1653906387,1653906387);
INSERT INTO player_score VALUES('6063c9f9c',4,'238b7bc8b','45f263aa4',5504,1695,1653950644,1653950644);
INSERT INTO player_score VALUES('63179f575',4,'238b7bc8b','583c1c2a6',0,1612,1654023188,1654023188);
INSERT INTO player_score VALUES('622f4ead7',4,'238b7bc8b','5db884f9b',75945,1268,1653998828,1653998828);
INSERT INTO player_score VALUES('63bedbd76',4,'238b7bc8b','5ff8e1cbb',6630,1868,1654040724,1654040724);
INSERT INTO player_score VALUES('56b521d42',4,'238b7bc8b','6131e5e7',59472,1508,1653690738,1653690738);
INSERT INTO player_score VALUES('63692e3ef',4,'238b7bc8b','61ba9da51',96480,1423,1654031740,1654031740);
INSERT INTO player_score VALUES('58adce9a5',4,'27c0cd3cc','1b5d14cbf',67469,1570,1653743657,1653743657);
INSERT INTO player_score VALUES('2c5976d68',4,'27c0cd3cc','1e6e75ea7',44856,790,1652553697,1652553697);
INSERT INTO player_score VALUES('5f604b4e2',4,'27c0cd3cc','23ac36ae9',48450,1559,1653923434,1653923434);
INSERT INTO player_score VALUES('611f2d2a0',4,'27c0cd3cc','2c031728',58233,1561,1653970293,1653970293);
INSERT INTO player_score VALUES('5f9f7c111',4,'27c0cd3cc','34f91150b',34272,1589,1653930060,1653930060);
INSERT INTO player_score VALUES('5f7430133',4,'27c0cd3cc','45f263aa4',65472,1626,1653925520,1653925520);
INSERT INTO player_score VALUES('631c97504',4,'27c0cd3cc','583c1c2a6',28497,1614,1654023709,1654023709);
INSERT INTO player_score VALUES('63b149b95',4,'27c0cd3cc','5db884f9b',48048,1688,1654039301,1654039301);
INSERT INTO player_score VALUES('63975b882',4,'27c0cd3cc','5ff8e1cbb',18414,1791,1654036582,1654036582);
INSERT INTO player_score VALUES('505c62c4c',4,'27c0cd3cc','6131e5e7',102608,1374,1653520371,1653520371);
INSERT INTO player_score VALUES('63abeda4e',4,'27c0cd3cc','61ba9da51',64525,1671,1654038739,1654038739);
INSERT INTO player_score VALUES('57cea8269',4,'28712c9a3','1b5d14cbf',107010,1548,1653720258,1653720258);
INSERT INTO player_score VALUES('2c7f840d1',4,'28712c9a3','1e6e75ea7',161280,805,1652557687,1652557687);
INSERT INTO player_score VALUES('5d48d3393',4,'28712c9a3','23ac36ae9',69915,1511,1653867286,1653867286);
INSERT INTO player_score VALUES('5fa6f13d2',4,'28712c9a3','2c031728',14586,1541,1653930842,1653930842);
INSERT INTO player_score VALUES('3f517a792',4,'28712c9a3','33e3dcf4e',409860,928,1653062887,1653062887);
INSERT INTO player_score VALUES('633fc0c4a',4,'28712c9a3','34f91150b',192448,1723,1654027396,1654027396);
INSERT INTO player_score VALUES('5ff756498',4,'28712c9a3','45f263aa4',71820,1668,1653939272,1653939272);
INSERT INTO player_score VALUES('63a4cb7a3',4,'28712c9a3','5db884f9b',63612,1677,1654037991,1654037991);
INSERT INTO player_score VALUES('638123108',4,'28712c9a3','5ff8e1cbb',137214,1743,1654034252,1654034252);
INSERT INTO player_score VALUES('53becc882',4,'28712c9a3','6131e5e7',70350,1441,1653611221,1653611221);
INSERT INTO player_score VALUES('63c5299f2',4,'28712c9a3','61ba9da51',62400,1735,1654041385,1654041385);
INSERT INTO player_score VALUES('51e192212',4,'288c311c4','1b5d14cbf',188760,1389,1653561180,1653561180);
INSERT INTO player_score VALUES('633a70e7a',4,'288c311c4','23ac36ae9',1168,1656,1654026839,1654026839);
INSERT INTO player_score VALUES('6348f4b9a',4,'288c311c4','2c031728',221920,1608,1654028361,1654028361);
INSERT INTO player_score VALUES('400b9b646',4,'288c311c4','33e3dcf4e',366289,983,1653082404,1653082404);
INSERT INTO player_score VALUES('5f44e2b08',4,'288c311c4','45f263aa4',53900,1611,1653920560,1653920560);
INSERT INTO player_score VALUES('6343c22c6',4,'288c311c4','583c1c2a6',97911,1637,1654027816,1654027816);
INSERT INTO player_score VALUES('633ab064c',4,'288c311c4','5db884f9b',8448,1565,1654026865,1654026865);
INSERT INTO player_score VALUES('63bf07cc5',4,'288c311c4','5ff8e1cbb',365148,1870,1654040742,1654040742);
INSERT INTO player_score VALUES('4e1d3992b',4,'288c311c4','6131e5e7',19665,1335,1653460061,1653460061);
INSERT INTO player_score VALUES('63a6ff751',4,'288c311c4','61ba9da51',21320,1647,1654038222,1654038222);
INSERT INTO player_score VALUES('54299763e',4,'28adb6a53','1b5d14cbf',0,1457,1653622419,1653622419);
INSERT INTO player_score VALUES('2c62f8e78',4,'28adb6a53','1e6e75ea7',19272,799,1652554694,1652554694);
INSERT INTO player_score VALUES('62857b3a9',4,'28adb6a53','23ac36ae9',432768,1638,1654007864,1654007864);
INSERT INTO player_score VALUES('631e4771c',4,'28adb6a53','2c031728',356004,1602,1654023886,1654023886);
INSERT INTO player_score VALUES('400220a7c',4,'28adb6a53','33e3dcf4e',7616,980,1653081410,1653081410);
INSERT INTO player_score VALUES('635592b7d',4,'28adb6a53','34f91150b',104544,1726,1654029684,1654029684);
INSERT INTO player_score VALUES('5f61b70f7',4,'28adb6a53','45f263aa4',36000,1620,1653923583,1653923583);
INSERT INTO player_score VALUES('63aa1b5a4',4,'28adb6a53','583c1c2a6',100920,1694,1654038548,1654038548);
INSERT INTO player_score VALUES('63b7b4c75',4,'28adb6a53','5db884f9b',22330,1693,1654039974,1654039974);
INSERT INTO player_score VALUES('63be57ff4',4,'28adb6a53','5ff8e1cbb',30628,1865,1654040670,1654040670);
INSERT INTO player_score VALUES('55a93766f',4,'28adb6a53','6131e5e7',75140,1481,1653662645,1653662645);
INSERT INTO player_score VALUES('63be46ea1',4,'28adb6a53','61ba9da51',55936,1724,1654040663,1654040663);
INSERT INTO player_score VALUES('55b5f5230',4,'28ceda8d9','1b5d14cbf',4484,1492,1653663981,1653663981);
INSERT INTO player_score VALUES('2b43cad66',4,'28ceda8d9','1e6e75ea7',17940,725,1652524581,1652524581);
INSERT INTO player_score VALUES('599f867bb',4,'28ceda8d9','23ac36ae9',542880,1403,1653769003,1653769003);
INSERT INTO player_score VALUES('5f3abf7d6',4,'28ceda8d9','2c031728',15504,1536,1653919497,1653919497);
INSERT INTO player_score VALUES('622d702c0',4,'28ceda8d9','34f91150b',305520,1679,1653998632,1653998632);
INSERT INTO player_score VALUES('60178128e',4,'28ceda8d9','45f263aa4',544364,1677,1653942645,1653942645);
INSERT INTO player_score VALUES('62bb054a1',4,'28ceda8d9','583c1c2a6',0,1556,1654013478,1654013478);
INSERT INTO player_score VALUES('63b17f6f2',4,'28ceda8d9','5db884f9b',25025,1689,1654039323,1654039323);
INSERT INTO player_score VALUES('63648e2ba',4,'28ceda8d9','5ff8e1cbb',174300,1680,1654031255,1654031255);
INSERT INTO player_score VALUES('54810d89a',4,'28ceda8d9','6131e5e7',29536,1457,1653631590,1653631590);
INSERT INTO player_score VALUES('63b47e071',4,'28ceda8d9','61ba9da51',99372,1697,1654039637,1654039637);
INSERT INTO player_score VALUES('56437b98f',4,'2a20cc368','1b5d14cbf',231756,1506,1653678821,1653678821);
INSERT INTO player_score VALUES('2c5f9d893',4,'2a20cc368','1e6e75ea7',318240,796,1652554342,1652554342);
INSERT INTO player_score VALUES('5fb87afc3',4,'2a20cc368','23ac36ae9',247981,1568,1653932681,1653932681);
INSERT INTO player_score VALUES('61b68165b',4,'2a20cc368','2c031728',157248,1572,1653986161,1653986161);
INSERT INTO player_score VALUES('402f32bda',4,'2a20cc368','33e3dcf4e',162000,997,1653086136,1653086136);
INSERT INTO player_score VALUES('628dd106c',4,'2a20cc368','34f91150b',0,1692,1654008738,1654008738);
INSERT INTO player_score VALUES('635ebce80',4,'2a20cc368','583c1c2a6',222024,1647,1654030645,1654030645);
INSERT INTO player_score VALUES('627b1afa0',4,'2a20cc368','5db884f9b',39600,1349,1654006776,1654006776);
INSERT INTO player_score VALUES('63b7a8940',4,'2a20cc368','5ff8e1cbb',46740,1855,1654039969,1654039969);
INSERT INTO player_score VALUES('55cbd5b71',4,'2a20cc368','6131e5e7',32300,1485,1653666275,1653666275);
INSERT INTO player_score VALUES('63badce42',4,'2a20cc368','61ba9da51',40716,1710,1654040305,1654040305);
INSERT INTO player_score VALUES('57115cad3',4,'2ae833973','1b5d14cbf',228928,1526,1653700409,1653700409);
INSERT INTO player_score VALUES('2b82d6f85',4,'2ae833973','1e6e75ea7',0,744,1652531192,1652531192);
INSERT INTO player_score VALUES('62d4106d2',4,'2ae833973','23ac36ae9',5168,1651,1654016104,1654016104);
INSERT INTO player_score VALUES('401d33ccb',4,'2ae833973','33e3dcf4e',92939,991,1653084249,1653084249);
INSERT INTO player_score VALUES('62431d7c2',4,'2ae833973','34f91150b',12078,1685,1654000905,1654000905);
INSERT INTO player_score VALUES('5f5ee46d2',4,'2ae833973','45f263aa4',95931,1618,1653923287,1653923287);
INSERT INTO player_score VALUES('62e3af6e6',4,'2ae833973','583c1c2a6',18585,1585,1654017742,1654017742);
INSERT INTO player_score VALUES('638312aa7',4,'2ae833973','5db884f9b',574000,1643,1654034455,1654034455);
INSERT INTO player_score VALUES('63b086674',4,'2ae833973','5ff8e1cbb',325467,1846,1654039221,1654039221);
INSERT INTO player_score VALUES('52d15cd58',4,'2ae833973','6131e5e7',385,1420,1653586324,1653586324);
INSERT INTO player_score VALUES('638ae49f7',4,'2ae833973','61ba9da51',7812,1536,1654035275,1654035275);
INSERT INTO player_score VALUES('2c5e1205c',4,'2c3d3eb79','1e6e75ea7',27489,795,1652554180,1652554180);
INSERT INTO player_score VALUES('6386c37ab',4,'2c3d3eb79','23ac36ae9',79764,1663,1654034842,1654034842);
INSERT INTO player_score VALUES('637a7fd5d',4,'2c3d3eb79','2c031728',41472,1612,1654033556,1654033556);
INSERT INTO player_score VALUES('3e5fa2d97',4,'2c3d3eb79','33e3dcf4e',124488,858,1653037528,1653037528);
INSERT INTO player_score VALUES('618b2e13b',4,'2c3d3eb79','34f91150b',437976,1653,1653981618,1653981618);
INSERT INTO player_score VALUES('602c2baed',4,'2c3d3eb79','45f263aa4',177284,1682,1653944812,1653944812);
INSERT INTO player_score VALUES('63a86da6e',4,'2c3d3eb79','5db884f9b',150660,1680,1654038372,1654038372);
INSERT INTO player_score VALUES('63ad0b4db',4,'2c3d3eb79','5ff8e1cbb',0,1839,1654038856,1654038856);
INSERT INTO player_score VALUES('56562a4c8',4,'2c3d3eb79','6131e5e7',127596,1500,1653680780,1653680780);
INSERT INTO player_score VALUES('6335df7df',4,'2c3d3eb79','61ba9da51',535236,1259,1654026360,1654026360);
INSERT INTO player_score VALUES('5f1d5b0fa',4,'2cc97e079','23ac36ae9',10080,1549,1653916415,1653916415);
INSERT INTO player_score VALUES('63559eee9',4,'2cc97e079','2c031728',49896,1610,1654029689,1654029689);
INSERT INTO player_score VALUES('3feb5a91d',4,'2cc97e079','33e3dcf4e',152490,970,1653079022,1653079022);
INSERT INTO player_score VALUES('635fa4d45',4,'2cc97e079','34f91150b',179820,1729,1654030740,1654030740);
INSERT INTO player_score VALUES('5b4d03396',4,'2cc97e079','45f263aa4',91080,1347,1653814038,1653814038);
INSERT INTO player_score VALUES('6390061af',4,'2cc97e079','583c1c2a6',26877,1676,1654035813,1654035813);
INSERT INTO player_score VALUES('63b264ed6',4,'2cc97e079','5db884f9b',28864,1692,1654039417,1654039417);
INSERT INTO player_score VALUES('63bda0e42',4,'2cc97e079','5ff8e1cbb',194028,1862,1654040595,1654040595);
INSERT INTO player_score VALUES('51988eb71',4,'2cc97e079','6131e5e7',93002,1395,1653553524,1653553524);
INSERT INTO player_score VALUES('63b0950d1',4,'2cc97e079','61ba9da51',19575,1686,1654039227,1654039227);
INSERT INTO player_score VALUES('56362b627',4,'308013a7','1b5d14cbf',16758,1505,1653677425,1653677425);
INSERT INTO player_score VALUES('2c0cfd2f9',4,'308013a7','1e6e75ea7',64288,770,1652545678,1652545678);
INSERT INTO player_score VALUES('62a8b8378',4,'308013a7','23ac36ae9',360000,1643,1654011559,1654011559);
INSERT INTO player_score VALUES('622072f8b',4,'308013a7','2c031728',453600,1581,1653997270,1653997270);
INSERT INTO player_score VALUES('3f8a5d762',4,'308013a7','33e3dcf4e',129519,939,1653068852,1653068852);
INSERT INTO player_score VALUES('609073120',4,'308013a7','34f91150b',13440,1623,1653955327,1653955327);
INSERT INTO player_score VALUES('6068ba9ee',4,'308013a7','45f263aa4',51680,1697,1653951162,1653951162);
INSERT INTO player_score VALUES('6343c499a',4,'308013a7','583c1c2a6',21660,1638,1654027817,1654027817);
INSERT INTO player_score VALUES('639ae54cf',4,'308013a7','5db884f9b',120960,1674,1654036953,1654036953);
INSERT INTO player_score VALUES('63899d7a9',4,'308013a7','5ff8e1cbb',58520,1761,1654035141,1654035141);
INSERT INTO player_score VALUES('4f2411296',4,'308013a7','6131e5e7',243024,1350,1653487622,1653487622);
INSERT INTO player_score VALUES('5825c6642',4,'3083605d1','1b5d14cbf',173880,1556,1653729393,1653729393);
INSERT INTO player_score VALUES('625bac1bd',4,'3083605d1','23ac36ae9',32856,1636,1654003480,1654003480);
INSERT INTO player_score VALUES('607ab2393',4,'3083605d1','2c031728',333795,1548,1653953046,1653953046);
INSERT INTO player_score VALUES('400c6d600',4,'3083605d1','33e3dcf4e',321530,985,1653082490,1653082490);
INSERT INTO player_score VALUES('60e658d36',4,'3083605d1','34f91150b',47400,1636,1653964334,1653964334);
INSERT INTO player_score VALUES('602b685d6',4,'3083605d1','45f263aa4',179634,1681,1653944732,1653944732);
INSERT INTO player_score VALUES('626f2f395',4,'3083605d1','583c1c2a6',250992,1519,1654005526,1654005526);
INSERT INTO player_score VALUES('6397ce4b2',4,'3083605d1','5db884f9b',18576,1668,1654036629,1654036629);
INSERT INTO player_score VALUES('63b2479fd',4,'3083605d1','5ff8e1cbb',9504,1851,1654039405,1654039405);
INSERT INTO player_score VALUES('53fcc73d9',4,'3083605d1','6131e5e7',139776,1448,1653617720,1653617720);
INSERT INTO player_score VALUES('639b88e37',4,'3083605d1','61ba9da51',48048,1609,1654037020,1654037020);
INSERT INTO player_score VALUES('589e6c9c4',4,'30a7917f8','1b5d14cbf',13824,1566,1653742044,1653742044);
INSERT INTO player_score VALUES('5e7d32158',4,'30a7917f8','23ac36ae9',54054,1536,1653899621,1653899621);
INSERT INTO player_score VALUES('62723a052',4,'30a7917f8','2c031728',220088,1587,1654005845,1654005845);
INSERT INTO player_score VALUES('403195170',4,'30a7917f8','33e3dcf4e',43524,999,1653086386,1653086386);
INSERT INTO player_score VALUES('5e9816de9',4,'30a7917f8','34f91150b',0,1558,1653902441,1653902441);
INSERT INTO player_score VALUES('5f39dc6d8',4,'30a7917f8','45f263aa4',10800,1608,1653919404,1653919404);
INSERT INTO player_score VALUES('63a1023bc',4,'30a7917f8','583c1c2a6',351120,1688,1654037594,1654037594);
INSERT INTO player_score VALUES('63c3f11b6',4,'30a7917f8','5db884f9b',141120,1700,1654041257,1654041257);
INSERT INTO player_score VALUES('6372f4afb',4,'30a7917f8','5ff8e1cbb',216920,1709,1654032765,1654032765);
INSERT INTO player_score VALUES('4416b4c28',4,'30a7917f8','6131e5e7',235060,1143,1653190942,1653190942);
INSERT INTO player_score VALUES('63a0af3be',4,'30a7917f8','61ba9da51',36244,1627,1654037560,1654037560);
INSERT INTO player_score VALUES('57f27531c',4,'3153cfba3','1b5d14cbf',1460,1552,1653724012,1653724012);
INSERT INTO player_score VALUES('62332b76d',4,'3153cfba3','23ac36ae9',38640,1633,1653999233,1653999233);
INSERT INTO player_score VALUES('59de35dcf',4,'3153cfba3','2c031728',250194,1446,1653775576,1653775576);
INSERT INTO player_score VALUES('3f7ac0df4',4,'3153cfba3','33e3dcf4e',58432,934,1653067215,1653067215);
INSERT INTO player_score VALUES('61ba0d983',4,'3153cfba3','34f91150b',12852,1658,1653986533,1653986533);
INSERT INTO player_score VALUES('604a9ca83',4,'3153cfba3','45f263aa4',142272,1689,1653948004,1653948004);
INSERT INTO player_score VALUES('62021cd9b',4,'3153cfba3','583c1c2a6',4788,1465,1653994089,1653994089);
INSERT INTO player_score VALUES('6396da24d',4,'3153cfba3','5db884f9b',2310,1664,1654036529,1654036529);
INSERT INTO player_score VALUES('636e91a6b',4,'3153cfba3','5ff8e1cbb',212520,1696,1654032305,1654032305);
INSERT INTO player_score VALUES('572389fd9',4,'3153cfba3','6131e5e7',19035,1519,1653702315,1653702315);
INSERT INTO player_score VALUES('57a54bc52',4,'319ef6024','1b5d14cbf',57684,1546,1653715921,1653715921);
INSERT INTO player_score VALUES('61b287547',4,'319ef6024','23ac36ae9',11264,1620,1653985744,1653985744);
INSERT INTO player_score VALUES('61ee68e76',4,'319ef6024','2c031728',115500,1576,1653992023,1653992023);
INSERT INTO player_score VALUES('5e481ac8e',4,'319ef6024','34f91150b',182450,1542,1653894054,1653894054);
INSERT INTO player_score VALUES('5c400e770',4,'319ef6024','45f263aa4',239400,1416,1653839523,1653839523);
INSERT INTO player_score VALUES('63b415109',4,'319ef6024','583c1c2a6',76146,1699,1654039594,1654039594);
INSERT INTO player_score VALUES('63900af92',4,'319ef6024','5db884f9b',23940,1652,1654035815,1654035815);
INSERT INTO player_score VALUES('63718b5eb',4,'319ef6024','5ff8e1cbb',68448,1704,1654032617,1654032617);
INSERT INTO player_score VALUES('57159b19c',4,'319ef6024','6131e5e7',128325,1518,1653700854,1653700854);
INSERT INTO player_score VALUES('63a54f4ef',4,'319ef6024','61ba9da51',32832,1642,1654038045,1654038045);
INSERT INTO player_score VALUES('581ce08d5',4,'32b8fdbb0','1b5d14cbf',46200,1555,1653728460,1653728460);
INSERT INTO player_score VALUES('6109899c6',4,'32b8fdbb0','23ac36ae9',198850,1601,1653968024,1653968024);
INSERT INTO player_score VALUES('63845eb07',4,'32b8fdbb0','2c031728',45980,1614,1654034591,1654034591);
INSERT INTO player_score VALUES('3fecade9d',4,'32b8fdbb0','33e3dcf4e',273060,971,1653079161,1653079161);
INSERT INTO player_score VALUES('5bf2db445',4,'32b8fdbb0','34f91150b',163836,1440,1653831428,1653831428);
INSERT INTO player_score VALUES('606f4cbba',4,'32b8fdbb0','45f263aa4',49680,1699,1653951851,1653951851);
INSERT INTO player_score VALUES('63666a3bf',4,'32b8fdbb0','583c1c2a6',64944,1658,1654031450,1654031450);
INSERT INTO player_score VALUES('63c2daca9',4,'32b8fdbb0','5db884f9b',62790,1699,1654041143,1654041143);
INSERT INTO player_score VALUES('639c49bde',4,'32b8fdbb0','5ff8e1cbb',255192,1805,1654037099,1654037099);
INSERT INTO player_score VALUES('638c442da',4,'32b8fdbb0','61ba9da51',380475,1544,1654035419,1654035419);
INSERT INTO player_score VALUES('56c1dd1cb',4,'334cef43b','1b5d14cbf',55488,1516,1653692073,1653692073);
INSERT INTO player_score VALUES('58a89e792',4,'334cef43b','23ac36ae9',13794,1379,1653743113,1653743113);
INSERT INTO player_score VALUES('62d153bee',4,'334cef43b','2c031728',43848,1594,1654015817,1654015817);
INSERT INTO player_score VALUES('637b3e44f',4,'334cef43b','34f91150b',5088,1734,1654033634,1654033634);
INSERT INTO player_score VALUES('5f52db5b9',4,'334cef43b','45f263aa4',675,1615,1653922025,1653922025);
INSERT INTO player_score VALUES('636b7aa00',4,'334cef43b','583c1c2a6',288,1659,1654031981,1654031981);
INSERT INTO player_score VALUES('6351a9bb8',4,'334cef43b','5db884f9b',169750,1596,1654029274,1654029274);
INSERT INTO player_score VALUES('638b575f4',4,'334cef43b','5ff8e1cbb',486588,1766,1654035322,1654035322);
INSERT INTO player_score VALUES('5680e3cfe',4,'334cef43b','6131e5e7',240832,1503,1653685260,1653685260);
INSERT INTO player_score VALUES('63aa44dae',4,'334cef43b','61ba9da51',14190,1661,1654038565,1654038565);
INSERT INTO player_score VALUES('5793a4b7d',4,'336c768b6','1b5d14cbf',2040,1540,1653714070,1653714070);
INSERT INTO player_score VALUES('6296af860',4,'336c768b6','23ac36ae9',2542,1642,1654009668,1654009668);
INSERT INTO player_score VALUES('5eaf3e96b',4,'336c768b6','2c031728',160776,1526,1653904869,1653904869);
INSERT INTO player_score VALUES('612fec43c',4,'336c768b6','34f91150b',102297,1643,1653972049,1653972049);
INSERT INTO player_score VALUES('5ea6c4312',4,'336c768b6','45f263aa4',10800,1569,1653903980,1653903980);
INSERT INTO player_score VALUES('6329d18d1',4,'336c768b6','5db884f9b',502320,1536,1654025096,1654025096);
INSERT INTO player_score VALUES('637f35e45',4,'336c768b6','5ff8e1cbb',55440,1738,1654034050,1654034050);
INSERT INTO player_score VALUES('51f539da4',4,'336c768b6','6131e5e7',64600,1404,1653563241,1653563241);
INSERT INTO player_score VALUES('63bf07cc6',4,'336c768b6','61ba9da51',1872,1728,1654040742,1654040742);
INSERT INTO player_score VALUES('5662a61e8',4,'3421defb0','1b5d14cbf',210600,1509,1653682089,1653682089);
INSERT INTO player_score VALUES('601702319',4,'3421defb0','23ac36ae9',25921,1574,1653942593,1653942593);
INSERT INTO player_score VALUES('3ff04da66',4,'3421defb0','33e3dcf4e',469286,972,1653079541,1653079541);
INSERT INTO player_score VALUES('62b27eac8',4,'3421defb0','34f91150b',188160,1699,1654012584,1654012584);
INSERT INTO player_score VALUES('604e63710',4,'3421defb0','45f263aa4',45144,1692,1653948400,1653948400);
INSERT INTO player_score VALUES('6310ed778',4,'3421defb0','583c1c2a6',254505,1607,1654022486,1654022486);
INSERT INTO player_score VALUES('63185b553',4,'3421defb0','5db884f9b',195408,1516,1654023265,1654023265);
INSERT INTO player_score VALUES('63a02dd44',4,'3421defb0','5ff8e1cbb',26657,1814,1654037507,1654037507);
INSERT INTO player_score VALUES('56f3b3e89',4,'3421defb0','6131e5e7',31680,1515,1653697299,1653697299);
INSERT INTO player_score VALUES('638e5ad9d',4,'3421defb0','61ba9da51',246636,1555,1654035638,1654035638);
INSERT INTO player_score VALUES('58a981864',4,'35643684e','1b5d14cbf',7680,1568,1653743206,1653743206);
INSERT INTO player_score VALUES('62149ac1f',4,'35643684e','2c031728',111375,1579,1653996028,1653996028);
INSERT INTO player_score VALUES('403480255',4,'35643684e','33e3dcf4e',75600,1001,1653086692,1653086692);
INSERT INTO player_score VALUES('60afe4617',4,'35643684e','34f91150b',14288,1627,1653958624,1653958624);
INSERT INTO player_score VALUES('5fd7c7b01',4,'35643684e','45f263aa4',53108,1656,1653935963,1653935963);
INSERT INTO player_score VALUES('63431742f',4,'35643684e','583c1c2a6',168665,1636,1654027746,1654027746);
INSERT INTO player_score VALUES('634f8e2ee',4,'35643684e','5db884f9b',75603,1593,1654029053,1654029053);
INSERT INTO player_score VALUES('63bf90830',4,'35643684e','5ff8e1cbb',4929,1872,1654040798,1654040798);
INSERT INTO player_score VALUES('63bc43c63',4,'35643684e','61ba9da51',0,1713,1654040452,1654040452);
INSERT INTO player_score VALUES('5837920ce',4,'35b9a2333','1b5d14cbf',391050,1558,1653731259,1653731259);
INSERT INTO player_score VALUES('6106888d8',4,'35b9a2333','23ac36ae9',19206,1600,1653967709,1653967709);
INSERT INTO player_score VALUES('624970222',4,'35b9a2333','2c031728',318600,1583,1654001568,1654001568);
INSERT INTO player_score VALUES('62946ced0',4,'35b9a2333','34f91150b',244860,1696,1654009431,1654009431);
INSERT INTO player_score VALUES('5f7792c4b',4,'35b9a2333','45f263aa4',147312,1627,1653925875,1653925875);
INSERT INTO player_score VALUES('622a2100a',4,'35b9a2333','583c1c2a6',299484,1485,1653998285,1653998285);
INSERT INTO player_score VALUES('63bef4419',4,'35b9a2333','5db884f9b',9882,1697,1654040734,1654040734);
INSERT INTO player_score VALUES('6390cbda9',4,'35b9a2333','5ff8e1cbb',244244,1781,1654035894,1654035894);
INSERT INTO player_score VALUES('4caf4cce3',4,'35b9a2333','6131e5e7',419688,1307,1653421691,1653421691);
INSERT INTO player_score VALUES('63b713aa6',4,'35b9a2333','61ba9da51',11152,1703,1654039908,1654039908);
INSERT INTO player_score VALUES('55fedb3e5',4,'35c29dfbe','1b5d14cbf',6300,1497,1653671625,1653671625);
INSERT INTO player_score VALUES('63b36063e',4,'35c29dfbe','23ac36ae9',306280,1668,1654039520,1654039520);
INSERT INTO player_score VALUES('5dc003ec5',4,'35c29dfbe','2c031728',5289,1513,1653879784,1653879784);
INSERT INTO player_score VALUES('401507817',4,'35c29dfbe','33e3dcf4e',188496,990,1653083392,1653083392);
INSERT INTO player_score VALUES('623a7e740',4,'35c29dfbe','34f91150b',442953,1682,1654000001,1654000001);
INSERT INTO player_score VALUES('6055e262a',4,'35c29dfbe','45f263aa4',90585,1693,1653949186,1653949186);
INSERT INTO player_score VALUES('61d505e34',4,'35c29dfbe','583c1c2a6',114000,1443,1653989361,1653989361);
INSERT INTO player_score VALUES('63b00777d',4,'35c29dfbe','5db884f9b',53940,1687,1654039169,1654039169);
INSERT INTO player_score VALUES('63a02413c',4,'35c29dfbe','5ff8e1cbb',4032,1811,1654037503,1654037503);
INSERT INTO player_score VALUES('548675cd2',4,'35c29dfbe','6131e5e7',14580,1459,1653632157,1653632157);
INSERT INTO player_score VALUES('63abbcd1e',4,'35c29dfbe','61ba9da51',31850,1669,1654038719,1654038719);
INSERT INTO player_score VALUES('552caaa4f',4,'36e21f10f','1b5d14cbf',60164,1478,1653649585,1653649585);
INSERT INTO player_score VALUES('5eb47128e',4,'36e21f10f','23ac36ae9',296020,1542,1653905414,1653905414);
INSERT INTO player_score VALUES('633b5db95',4,'36e21f10f','2c031728',329175,1605,1654026936,1654026936);
INSERT INTO player_score VALUES('3e5c38d7b',4,'36e21f10f','33e3dcf4e',57600,856,1653037170,1653037170);
INSERT INTO player_score VALUES('5f774bf6d',4,'36e21f10f','34f91150b',541632,1585,1653925846,1653925846);
INSERT INTO player_score VALUES('5c4a257b3',4,'36e21f10f','45f263aa4',6552,1421,1653840581,1653840581);
INSERT INTO player_score VALUES('636418f91',4,'36e21f10f','583c1c2a6',120320,1653,1654031207,1654031207);
INSERT INTO player_score VALUES('63670b61c',4,'36e21f10f','5db884f9b',56871,1625,1654031516,1654031516);
INSERT INTO player_score VALUES('6398c9bf7',4,'36e21f10f','5ff8e1cbb',99180,1798,1654036732,1654036732);
INSERT INTO player_score VALUES('4f5265847',4,'36e21f10f','6131e5e7',265200,1355,1653492480,1653492480);
INSERT INTO player_score VALUES('63aac8af3',4,'36e21f10f','61ba9da51',58800,1664,1654038619,1654038619);
INSERT INTO player_score VALUES('585ff0883',4,'371128152','1b5d14cbf',4624,1563,1653735492,1653735492);
INSERT INTO player_score VALUES('61b24566f',4,'371128152','23ac36ae9',8091,1619,1653985717,1653985717);
INSERT INTO player_score VALUES('53fda7d8a',4,'371128152','2c031728',28710,1347,1653617812,1653617812);
INSERT INTO player_score VALUES('400e448e3',4,'371128152','33e3dcf4e',652014,987,1653082683,1653082683);
INSERT INTO player_score VALUES('632de6774',4,'371128152','34f91150b',100890,1717,1654025524,1654025524);
INSERT INTO player_score VALUES('5ff203faa',4,'371128152','45f263aa4',228480,1667,1653938714,1653938714);
INSERT INTO player_score VALUES('6395363a9',4,'371128152','583c1c2a6',161994,1680,1654036357,1654036357);
INSERT INTO player_score VALUES('634d86292',4,'371128152','5db884f9b',67860,1591,1654028840,1654028840);
INSERT INTO player_score VALUES('639023616',4,'371128152','5ff8e1cbb',136604,1779,1654035825,1654035825);
INSERT INTO player_score VALUES('56a1bc04e',4,'371128152','6131e5e7',200896,1506,1653688704,1653688704);
INSERT INTO player_score VALUES('63aa4e9ac',4,'371128152','61ba9da51',171380,1662,1654038569,1654038569);
INSERT INTO player_score VALUES('587202fc6',4,'37114cb3d','1b5d14cbf',382239,1564,1653737387,1653737387);
INSERT INTO player_score VALUES('5b0bcf560',4,'37114cb3d','23ac36ae9',23940,1448,1653807201,1653807201);
INSERT INTO player_score VALUES('63c47eb87',4,'37114cb3d','2c031728',31200,1618,1654041315,1654041315);
INSERT INTO player_score VALUES('3f6c02784',4,'37114cb3d','33e3dcf4e',2952,932,1653065669,1653065669);
INSERT INTO player_score VALUES('634618515',4,'37114cb3d','34f91150b',47424,1724,1654028061,1654028061);
INSERT INTO player_score VALUES('5fcdae383',4,'37114cb3d','45f263aa4',31125,1651,1653934904,1653934904);
INSERT INTO player_score VALUES('63b66b301',4,'37114cb3d','583c1c2a6',78475,1701,1654039839,1654039839);
INSERT INTO player_score VALUES('63a868c6c',4,'37114cb3d','5db884f9b',378300,1679,1654038370,1654038370);
INSERT INTO player_score VALUES('63b931a4b',4,'37114cb3d','5ff8e1cbb',270465,1856,1654040130,1654040130);
INSERT INTO player_score VALUES('4ff56fc9d',4,'37114cb3d','6131e5e7',200128,1369,1653509576,1653509576);
INSERT INTO player_score VALUES('63b5219c8',4,'37114cb3d','61ba9da51',2944,1700,1654039704,1654039704);
INSERT INTO player_score VALUES('632600fd9',4,'3ad9895a5','23ac36ae9',8816,1654,1654024696,1654024696);
INSERT INTO player_score VALUES('3ff250cc7',4,'3ad9895a5','33e3dcf4e',28350,973,1653079752,1653079752);
INSERT INTO player_score VALUES('623d67131',4,'3ad9895a5','34f91150b',76000,1683,1654000306,1654000306);
INSERT INTO player_score VALUES('6017664e8',4,'3ad9895a5','45f263aa4',190476,1676,1653942634,1653942634);
INSERT INTO player_score VALUES('634e756b3',4,'3ad9895a5','583c1c2a6',57792,1641,1654028938,1654028938);
INSERT INTO player_score VALUES('635bd9296',4,'3ad9895a5','5db884f9b',14256,1607,1654030342,1654030342);
INSERT INTO player_score VALUES('63b1d7544',4,'3ad9895a5','5ff8e1cbb',3080,1848,1654039359,1654039359);
INSERT INTO player_score VALUES('56a9e5daa',4,'3ad9895a5','6131e5e7',42120,1507,1653689560,1653689560);
INSERT INTO player_score VALUES('63a706c7d',4,'3ad9895a5','61ba9da51',38610,1648,1654038225,1654038225);
INSERT INTO player_score VALUES('52413e4f6',4,'3ae45c574','1b5d14cbf',37440,1405,1653571212,1653571212);
INSERT INTO player_score VALUES('6182a9ea5',4,'3ae45c574','23ac36ae9',2898,1613,1653980725,1653980725);
INSERT INTO player_score VALUES('60ccaa1e3',4,'3ae45c574','2c031728',99308,1554,1653961641,1653961641);
INSERT INTO player_score VALUES('3fb7ee809',4,'3ae45c574','33e3dcf4e',102366,953,1653073630,1653073630);
INSERT INTO player_score VALUES('628d4ac0e',4,'3ae45c574','34f91150b',238290,1690,1654008683,1654008683);
INSERT INTO player_score VALUES('60074ac12',4,'3ae45c574','45f263aa4',179488,1671,1653940945,1653940945);
INSERT INTO player_score VALUES('63a0fd5be',4,'3ae45c574','583c1c2a6',86250,1687,1654037592,1654037592);
INSERT INTO player_score VALUES('6341d290c',4,'3ae45c574','5db884f9b',395928,1574,1654027613,1654027613);
INSERT INTO player_score VALUES('63b3717b9',4,'3ae45c574','5ff8e1cbb',344608,1852,1654039527,1654039527);
INSERT INTO player_score VALUES('4b64563c0',4,'3ae45c574','6131e5e7',158928,1285,1653386987,1653386987);
INSERT INTO player_score VALUES('63a76d514',4,'3ae45c574','61ba9da51',36960,1650,1654038267,1654038267);
INSERT INTO player_score VALUES('4f9324357',4,'3e2286af','1b5d14cbf',388500,1339,1653499269,1653499269);
INSERT INTO player_score VALUES('2c6a1150a',4,'3e2286af','1e6e75ea7',10224,802,1652555438,1652555438);
INSERT INTO player_score VALUES('62c60e003',4,'3e2286af','23ac36ae9',122148,1646,1654014635,1654014635);
INSERT INTO player_score VALUES('4023f44f0',4,'3e2286af','33e3dcf4e',375293,992,1653084957,1653084957);
INSERT INTO player_score VALUES('6153616a7',4,'3e2286af','34f91150b',7480,1646,1653975767,1653975767);
INSERT INTO player_score VALUES('604c568d7',4,'3e2286af','45f263aa4',282,1690,1653948185,1653948185);
INSERT INTO player_score VALUES('6274f1d23',4,'3e2286af','583c1c2a6',309600,1523,1654006130,1654006130);
INSERT INTO player_score VALUES('62e4be731',4,'3e2286af','5db884f9b',169600,1452,1654017853,1654017853);
INSERT INTO player_score VALUES('6399b41f7',4,'3e2286af','5ff8e1cbb',11454,1799,1654036828,1654036828);
INSERT INTO player_score VALUES('56210e1de',4,'3e2286af','6131e5e7',0,1495,1653675211,1653675211);
INSERT INTO player_score VALUES('5837ffe8c',4,'3f416163f','1b5d14cbf',15272,1559,1653731304,1653731304);
INSERT INTO player_score VALUES('602951b72',4,'3f416163f','23ac36ae9',237510,1575,1653944513,1653944513);
INSERT INTO player_score VALUES('5f08a93ac',4,'3f416163f','2c031728',67200,1532,1653914245,1653914245);
INSERT INTO player_score VALUES('3ea376258',4,'3f416163f','33e3dcf4e',244800,880,1653044640,1653044640);
INSERT INTO player_score VALUES('5f4507509',4,'3f416163f','34f91150b',32448,1579,1653920575,1653920575);
INSERT INTO player_score VALUES('5f72ba8c8',4,'3f416163f','45f263aa4',8265,1623,1653925367,1653925367);
INSERT INTO player_score VALUES('636bd2814',4,'3f416163f','583c1c2a6',0,1660,1654032017,1654032017);
INSERT INTO player_score VALUES('63a70e190',4,'3f416163f','5ff8e1cbb',6630,1826,1654038228,1654038228);
INSERT INTO player_score VALUES('53a4755b4',4,'3f416163f','6131e5e7',43264,1436,1653608459,1653608459);
INSERT INTO player_score VALUES('63ba93aaa',4,'3f416163f','61ba9da51',79380,1709,1654040275,1654040275);
INSERT INTO player_score VALUES('526888ea5',4,'40f62eaba','1b5d14cbf',49248,1414,1653575332,1653575332);
INSERT INTO player_score VALUES('604b69bcd',4,'40f62eaba','23ac36ae9',364416,1582,1653948088,1653948088);
INSERT INTO player_score VALUES('57f40f576',4,'40f62eaba','2c031728',1968,1419,1653724180,1653724180);
INSERT INTO player_score VALUES('5c7a18d96',4,'40f62eaba','34f91150b',80840,1457,1653845609,1653845609);
INSERT INTO player_score VALUES('5fcafb513',4,'40f62eaba','45f263aa4',11396,1648,1653934621,1653934621);
INSERT INTO player_score VALUES('6268bcd68',4,'40f62eaba','583c1c2a6',88938,1511,1654004850,1654004850);
INSERT INTO player_score VALUES('63900fdcc',4,'40f62eaba','5db884f9b',22440,1653,1654035817,1654035817);
INSERT INTO player_score VALUES('6357517ba',4,'40f62eaba','5ff8e1cbb',8235,1659,1654029867,1654029867);
INSERT INTO player_score VALUES('54f374a38',4,'40f62eaba','6131e5e7',8296,1467,1653643586,1653643586);
INSERT INTO player_score VALUES('6399a30c4',4,'40f62eaba','61ba9da51',29600,1594,1654036821,1654036821);
INSERT INTO player_score VALUES('544485f01',4,'410e19b8d','1b5d14cbf',79380,1460,1653625243,1653625243);
INSERT INTO player_score VALUES('63a5b36a8',4,'410e19b8d','23ac36ae9',41952,1667,1654038086,1654038086);
INSERT INTO player_score VALUES('57bc0a860',4,'410e19b8d','2c031728',343980,1413,1653718306,1653718306);
INSERT INTO player_score VALUES('636b252cb',4,'410e19b8d','34f91150b',84672,1732,1654031946,1654031946);
INSERT INTO player_score VALUES('5f43fd374',4,'410e19b8d','45f263aa4',341343,1610,1653920466,1653920466);
INSERT INTO player_score VALUES('6358e1df3',4,'410e19b8d','583c1c2a6',0,1642,1654030031,1654030031);
INSERT INTO player_score VALUES('63956499b',4,'410e19b8d','5db884f9b',324720,1660,1654036376,1654036376);
INSERT INTO player_score VALUES('639212fc7',4,'410e19b8d','5ff8e1cbb',93931,1783,1654036028,1654036028);
INSERT INTO player_score VALUES('55ec97f1d',4,'410e19b8d','6131e5e7',99750,1488,1653669710,1653669710);
INSERT INTO player_score VALUES('63b35df1a',4,'410e19b8d','61ba9da51',96,1693,1654039519,1654039519);
INSERT INTO player_score VALUES('58806715a',4,'410ea9c3f','1b5d14cbf',35802,1565,1653738896,1653738896);
INSERT INTO player_score VALUES('61bb5c146',4,'410ea9c3f','23ac36ae9',62720,1621,1653986670,1653986670);
INSERT INTO player_score VALUES('60d0bc9a1',4,'410ea9c3f','2c031728',59000,1556,1653962068,1653962068);
INSERT INTO player_score VALUES('602363268',4,'410ea9c3f','45f263aa4',639200,1679,1653943891,1653943891);
INSERT INTO player_score VALUES('63a7a7e8f',4,'410ea9c3f','583c1c2a6',149565,1693,1654038291,1654038291);
INSERT INTO player_score VALUES('63a1ca708',4,'410ea9c3f','5db884f9b',437760,1676,1654037676,1654037676);
INSERT INTO player_score VALUES('63c0b7ea5',4,'410ea9c3f','5ff8e1cbb',19080,1874,1654040919,1654040919);
INSERT INTO player_score VALUES('4c9e5f4d1',4,'410ea9c3f','6131e5e7',13266,1306,1653419916,1653419916);
INSERT INTO player_score VALUES('63c0256f2',4,'410ea9c3f','61ba9da51',36936,1730,1654040859,1654040859);
INSERT INTO player_score VALUES('57481cc9b',4,'4172a095f','1b5d14cbf',16416,1533,1653706150,1653706150);
INSERT INTO player_score VALUES('5f5d0d36b',4,'4172a095f','23ac36ae9',196768,1557,1653923094,1653923094);
INSERT INTO player_score VALUES('4e6515918',4,'4172a095f','2c031728',1950,1251,1653467596,1653467596);
INSERT INTO player_score VALUES('61d0b8d22',4,'4172a095f','34f91150b',18525,1662,1653988910,1653988910);
INSERT INTO player_score VALUES('5ec21bb4c',4,'4172a095f','45f263aa4',97875,1575,1653906847,1653906847);
INSERT INTO player_score VALUES('638dde53b',4,'4172a095f','5db884f9b',185220,1651,1654035587,1654035587);
INSERT INTO player_score VALUES('63789c704',4,'4172a095f','5ff8e1cbb',160160,1721,1654033358,1654033358);
INSERT INTO player_score VALUES('550ff1210',4,'4172a095f','6131e5e7',480,1470,1653646573,1653646573);
INSERT INTO player_score VALUES('638dad807',4,'4172a095f','61ba9da51',192000,1553,1654035567,1654035567);
INSERT INTO player_score VALUES('62929348a',4,'41c668553','23ac36ae9',17480,1640,1654009237,1654009237);
INSERT INTO player_score VALUES('624c7d648',4,'41c668553','2c031728',28224,1584,1654001888,1654001888);
INSERT INTO player_score VALUES('6218c0c3c',4,'41c668553','34f91150b',78936,1677,1653996463,1653996463);
INSERT INTO player_score VALUES('5e7b0091e',4,'41c668553','45f263aa4',716380,1558,1653899391,1653899391);
INSERT INTO player_score VALUES('63c03b65d',4,'41c668553','583c1c2a6',153720,1706,1654040868,1654040868);
INSERT INTO player_score VALUES('6374cbe3f',4,'41c668553','5db884f9b',191700,1632,1654032958,1654032958);
INSERT INTO player_score VALUES('6382013a6',4,'41c668553','5ff8e1cbb',433956,1748,1654034343,1654034343);
INSERT INTO player_score VALUES('55fe1ccfb',4,'41c668553','6131e5e7',133168,1489,1653671547,1653671547);
INSERT INTO player_score VALUES('63ad8cb44',4,'41c668553','61ba9da51',8536,1677,1654038909,1654038909);
INSERT INTO player_score VALUES('55ab94e2b',4,'427517bc','1b5d14cbf',229992,1491,1653662893,1653662893);
INSERT INTO player_score VALUES('2c364128d',4,'427517bc','1e6e75ea7',79968,781,1652550005,1652550005);
INSERT INTO player_score VALUES('5f66a7b94',4,'427517bc','23ac36ae9',97500,1560,1653924101,1653924101);
INSERT INTO player_score VALUES('589f23b97',4,'427517bc','2c031728',5712,1430,1653742119,1653742119);
INSERT INTO player_score VALUES('3ff3cda9b',4,'427517bc','33e3dcf4e',49680,974,1653079908,1653079908);
INSERT INTO player_score VALUES('60c88ddf5',4,'427517bc','34f91150b',44055,1629,1653961210,1653961210);
INSERT INTO player_score VALUES('637a78848',4,'427517bc','583c1c2a6',508959,1667,1654033553,1654033553);
INSERT INTO player_score VALUES('63bbaedbd',4,'427517bc','5ff8e1cbb',11400,1860,1654040391,1654040391);
INSERT INTO player_score VALUES('4cc21180c',4,'427517bc','6131e5e7',27435,1308,1653423659,1653423659);
INSERT INTO player_score VALUES('63b072e02',4,'427517bc','61ba9da51',1656,1685,1654039213,1654039213);
INSERT INTO player_score VALUES('573be2e9f',4,'43325e28d','1b5d14cbf',8584,1529,1653704868,1653704868);
INSERT INTO player_score VALUES('63970af9a',4,'43325e28d','23ac36ae9',11400,1665,1654036549,1654036549);
INSERT INTO player_score VALUES('62ffb44ba',4,'43325e28d','2c031728',18837,1597,1654020680,1654020680);
INSERT INTO player_score VALUES('62d127c99',4,'43325e28d','34f91150b',222222,1701,1654015799,1654015799);
INSERT INTO player_score VALUES('6010616db',4,'43325e28d','45f263aa4',10780,1674,1653941898,1653941898);
INSERT INTO player_score VALUES('63a525d39',4,'43325e28d','583c1c2a6',7310,1691,1654038028,1654038028);
INSERT INTO player_score VALUES('6337158b8',4,'43325e28d','5db884f9b',69960,1561,1654026487,1654026487);
INSERT INTO player_score VALUES('63a27ca75',4,'43325e28d','5ff8e1cbb',101304,1816,1654037749,1654037749);
INSERT INTO player_score VALUES('54d8183e5',4,'43325e28d','6131e5e7',176256,1463,1653640717,1653640717);
INSERT INTO player_score VALUES('63b5d1662',4,'43325e28d','61ba9da51',21546,1701,1654039776,1654039776);
INSERT INTO player_score VALUES('56e855bc4',4,'43df92fab','1b5d14cbf',322335,1522,1653696107,1653696107);
INSERT INTO player_score VALUES('62ad7f60e',4,'43df92fab','23ac36ae9',226200,1644,1654012060,1654012060);
INSERT INTO player_score VALUES('61203c24e',4,'43df92fab','2c031728',283392,1562,1653970404,1653970404);
INSERT INTO player_score VALUES('5c0916308',4,'43df92fab','34f91150b',576,1442,1653833759,1653833759);
INSERT INTO player_score VALUES('606b307fd',4,'43df92fab','45f263aa4',25110,1698,1653951420,1653951420);
INSERT INTO player_score VALUES('62af9126b',4,'43df92fab','583c1c2a6',111384,1550,1654012277,1654012277);
INSERT INTO player_score VALUES('6391e70d7',4,'43df92fab','5db884f9b',3025,1658,1654036010,1654036010);
INSERT INTO player_score VALUES('63395345d',4,'43df92fab','5ff8e1cbb',26400,1596,1654026722,1654026722);
INSERT INTO player_score VALUES('5e8c9683c',4,'4420430a3','23ac36ae9',66150,1537,1653901235,1653901235);
INSERT INTO player_score VALUES('63349ac4d',4,'4420430a3','34f91150b',66975,1719,1654026227,1654026227);
INSERT INTO player_score VALUES('635affde2',4,'4420430a3','583c1c2a6',224048,1644,1654030253,1654030253);
INSERT INTO player_score VALUES('635b1f9af',4,'4420430a3','5db884f9b',173382,1605,1654030266,1654030266);
INSERT INTO player_score VALUES('63a93f9bf',4,'4420430a3','5ff8e1cbb',386100,1830,1654038458,1654038458);
INSERT INTO player_score VALUES('514539b2e',4,'4420430a3','6131e5e7',20559,1387,1653544786,1653544786);
INSERT INTO player_score VALUES('63c19d663',4,'4420430a3','61ba9da51',18480,1733,1654041013,1654041013);
INSERT INTO player_score VALUES('55bf5297b',4,'4564ee47b','1b5d14cbf',183040,1493,1653664963,1653664963);
INSERT INTO player_score VALUES('61a216585',4,'4564ee47b','23ac36ae9',533610,1615,1653984020,1653984020);
INSERT INTO player_score VALUES('61a652531',4,'4564ee47b','2c031728',120582,1571,1653984464,1653984464);
INSERT INTO player_score VALUES('5df653bd4',4,'4564ee47b','34f91150b',252252,1528,1653885479,1653885479);
INSERT INTO player_score VALUES('6010923e9',4,'4564ee47b','45f263aa4',29835,1675,1653941918,1653941918);
INSERT INTO player_score VALUES('638f2f3e7',4,'4564ee47b','583c1c2a6',396305,1675,1654035725,1654035725);
INSERT INTO player_score VALUES('634cd3f0f',4,'4564ee47b','5db884f9b',51414,1590,1654028767,1654028767);
INSERT INTO player_score VALUES('54f7564c9',4,'4564ee47b','6131e5e7',41454,1468,1653643993,1653643993);
INSERT INTO player_score VALUES('639201e55',4,'4564ee47b','61ba9da51',18630,1568,1654036021,1654036021);
INSERT INTO player_score VALUES('5779526f3',4,'456b28821','1b5d14cbf',315240,1538,1653711310,1653711310);
INSERT INTO player_score VALUES('621606810',4,'456b28821','23ac36ae9',12870,1628,1653996177,1653996177);
INSERT INTO player_score VALUES('4f5d5ab0a',4,'456b28821','2c031728',117810,1275,1653493629,1653493629);
INSERT INTO player_score VALUES('62d655773',4,'456b28821','34f91150b',60192,1702,1654016342,1654016342);
INSERT INTO player_score VALUES('5f8a5291f',4,'456b28821','45f263aa4',7227,1636,1653927841,1653927841);
INSERT INTO player_score VALUES('6394d491e',4,'456b28821','583c1c2a6',7150,1679,1654036317,1654036317);
INSERT INTO player_score VALUES('6347fbb72',4,'456b28821','5db884f9b',142443,1582,1654028259,1654028259);
INSERT INTO player_score VALUES('63c727dbd',4,'456b28821','5ff8e1cbb',397488,1878,1654041594,1654041594);
INSERT INTO player_score VALUES('56e63ca1a',4,'456b28821','6131e5e7',288600,1513,1653695887,1653695887);
INSERT INTO player_score VALUES('63c10aeea',4,'456b28821','61ba9da51',45632,1732,1654040953,1654040953);
INSERT INTO player_score VALUES('4d56623c3',4,'45825790b','1b5d14cbf',17424,1277,1653439211,1653439211);
INSERT INTO player_score VALUES('5c41de532',4,'45825790b','23ac36ae9',230724,1479,1653839713,1653839713);
INSERT INTO player_score VALUES('63a478786',4,'45825790b','34f91150b',119340,1737,1654037957,1654037957);
INSERT INTO player_score VALUES('5fd1d922a',4,'45825790b','45f263aa4',335800,1654,1653935341,1653935341);
INSERT INTO player_score VALUES('6345e9eac',4,'45825790b','5db884f9b',19053,1580,1654028042,1654028042);
INSERT INTO player_score VALUES('63a5c2136',4,'45825790b','5ff8e1cbb',60000,1821,1654038092,1654038092);
INSERT INTO player_score VALUES('560dccec2',4,'45825790b','6131e5e7',35856,1493,1653673192,1653673192);
INSERT INTO player_score VALUES('63a95ce9f',4,'45825790b','61ba9da51',27216,1657,1654038470,1654038470);
INSERT INTO player_score VALUES('522a4ebb9',4,'47f435bdf','1b5d14cbf',22484,1400,1653568807,1653568807);
INSERT INTO player_score VALUES('62434bdc8',4,'47f435bdf','23ac36ae9',78694,1634,1654000924,1654000924);
INSERT INTO player_score VALUES('62c66d349',4,'47f435bdf','2c031728',468452,1592,1654014674,1654014674);
INSERT INTO player_score VALUES('622dc5a0e',4,'47f435bdf','34f91150b',154176,1680,1653998667,1653998667);
INSERT INTO player_score VALUES('5a8c5ed47',4,'47f435bdf','45f263aa4',11904,1300,1653793838,1653793838);
INSERT INTO player_score VALUES('6360f830b',4,'47f435bdf','583c1c2a6',190080,1650,1654030879,1654030879);
INSERT INTO player_score VALUES('6365cb8ec',4,'47f435bdf','5db884f9b',299691,1623,1654031385,1654031385);
INSERT INTO player_score VALUES('638a410c5',4,'47f435bdf','5ff8e1cbb',489984,1763,1654035208,1654035208);
INSERT INTO player_score VALUES('547ddbaaa',4,'47f435bdf','6131e5e7',160776,1456,1653631255,1653631255);
INSERT INTO player_score VALUES('63bc4b19e',4,'47f435bdf','61ba9da51',266084,1715,1654040455,1654040455);
INSERT INTO player_score VALUES('57a29b4ce',4,'4aadefe7d','1b5d14cbf',36972,1544,1653715639,1653715639);
INSERT INTO player_score VALUES('606aee93a',4,'4aadefe7d','23ac36ae9',103040,1588,1653951393,1653951393);
INSERT INTO player_score VALUES('5c939b9c4',4,'4aadefe7d','34f91150b',9568,1470,1653848284,1653848284);
INSERT INTO player_score VALUES('60424e301',4,'4aadefe7d','45f263aa4',51264,1686,1653947133,1653947133);
INSERT INTO player_score VALUES('638a2630e',4,'4aadefe7d','583c1c2a6',16920,1674,1654035197,1654035197);
INSERT INTO player_score VALUES('632051ea4',4,'4aadefe7d','5db884f9b',134992,1523,1654024100,1654024100);
INSERT INTO player_score VALUES('6351607e2',4,'4aadefe7d','5ff8e1cbb',99715,1648,1654029244,1654029244);
INSERT INTO player_score VALUES('54c1faa12',4,'4aadefe7d','6131e5e7',77330,1461,1653638398,1653638398);
INSERT INTO player_score VALUES('63b39fe00',4,'4aadefe7d','61ba9da51',18018,1694,1654039546,1654039546);
INSERT INTO player_score VALUES('57291e397',4,'4b18e445e','1b5d14cbf',263440,1528,1653702900,1653702900);
INSERT INTO player_score VALUES('62beac56b',4,'4b18e445e','23ac36ae9',95312,1645,1654013861,1654013861);
INSERT INTO player_score VALUES('54ca83aed',4,'4b18e445e','2c031728',4860,1359,1653639293,1653639293);
INSERT INTO player_score VALUES('5f00cb0ca',4,'4b18e445e','34f91150b',37908,1574,1653913420,1653913420);
INSERT INTO player_score VALUES('5f730b19e',4,'4b18e445e','45f263aa4',24900,1624,1653925400,1653925400);
INSERT INTO player_score VALUES('62d2e4226',4,'4b18e445e','583c1c2a6',48048,1573,1654015981,1654015981);
INSERT INTO player_score VALUES('635b33249',4,'4b18e445e','5db884f9b',12600,1606,1654030274,1654030274);
INSERT INTO player_score VALUES('638e86ce3',4,'4b18e445e','5ff8e1cbb',14016,1776,1654035656,1654035656);
INSERT INTO player_score VALUES('5604a52bb',4,'4b18e445e','6131e5e7',118440,1490,1653672232,1653672232);
INSERT INTO player_score VALUES('63b72730c',4,'4b18e445e','61ba9da51',9438,1704,1654039916,1654039916);
INSERT INTO player_score VALUES('579fd2661',4,'4c24a586','1b5d14cbf',39688,1543,1653715347,1653715347);
INSERT INTO player_score VALUES('2a4f627c7',4,'4c24a586','1e6e75ea7',20064,668,1652498953,1652498953);
INSERT INTO player_score VALUES('638b304b9',4,'4c24a586','23ac36ae9',81510,1664,1654035306,1654035306);
INSERT INTO player_score VALUES('6154d6f56',4,'4c24a586','2c031728',12250,1564,1653975920,1653975920);
INSERT INTO player_score VALUES('5e9289f4f',4,'4c24a586','45f263aa4',34320,1565,1653901859,1653901859);
INSERT INTO player_score VALUES('63bfba01d',4,'4c24a586','583c1c2a6',313896,1705,1654040815,1654040815);
INSERT INTO player_score VALUES('6369fdc6c',4,'4c24a586','5db884f9b',392,1628,1654031825,1654031825);
INSERT INTO player_score VALUES('638d050e7',4,'4c24a586','5ff8e1cbb',108290,1770,1654035498,1654035498);
INSERT INTO player_score VALUES('56da5d17b',4,'4c24a586','6131e5e7',594432,1512,1653694642,1653694642);
INSERT INTO player_score VALUES('63b978739',4,'4c24a586','61ba9da51',230496,1708,1654040159,1654040159);
INSERT INTO player_score VALUES('57cffb7d4',4,'4df488177','1b5d14cbf',78144,1549,1653720397,1653720397);
INSERT INTO player_score VALUES('61e9a6a73',4,'4df488177','23ac36ae9',1200,1626,1653991524,1653991524);
INSERT INTO player_score VALUES('628344d26',4,'4df488177','2c031728',204765,1589,1654007632,1654007632);
INSERT INTO player_score VALUES('61f6c126f',4,'4df488177','34f91150b',83538,1671,1653992898,1653992898);
INSERT INTO player_score VALUES('61e07c766',4,'4df488177','583c1c2a6',200736,1452,1653990563,1653990563);
INSERT INTO player_score VALUES('630fb0151',4,'4df488177','5db884f9b',319083,1501,1654022356,1654022356);
INSERT INTO player_score VALUES('54ac34e36',4,'4df488177','6131e5e7',5850,1460,1653636115,1653636115);
INSERT INTO player_score VALUES('6377813ff',4,'4df488177','61ba9da51',49296,1464,1654033242,1654033242);
INSERT INTO player_score VALUES('52055a47d',4,'4e1cabf5f','1b5d14cbf',19096,1395,1653564932,1653564932);
INSERT INTO player_score VALUES('5d5a5cf8e',4,'4e1cabf5f','23ac36ae9',154771,1514,1653869125,1653869125);
INSERT INTO player_score VALUES('5d6325801',4,'4e1cabf5f','2c031728',228068,1503,1653870046,1653870046);
INSERT INTO player_score VALUES('632237c05',4,'4e1cabf5f','34f91150b',23100,1714,1654024299,1654024299);
INSERT INTO player_score VALUES('5f2392e01',4,'4e1cabf5f','45f263aa4',11220,1599,1653917067,1653917067);
INSERT INTO player_score VALUES('6388e8cf2',4,'4e1cabf5f','5db884f9b',66096,1648,1654035067,1654035067);
INSERT INTO player_score VALUES('63bf3d7ce',4,'4e1cabf5f','5ff8e1cbb',24948,1871,1654040764,1654040764);
INSERT INTO player_score VALUES('4f1a40f64',4,'4e1cabf5f','6131e5e7',400,1349,1653486593,1653486593);
INSERT INTO player_score VALUES('63bd15c0f',4,'4e1cabf5f','61ba9da51',275400,1720,1654040538,1654040538);
INSERT INTO player_score VALUES('551acb70a',4,'4e1eaf1c4','1b5d14cbf',191808,1475,1653647711,1653647711);
INSERT INTO player_score VALUES('63b8dea73',4,'4e1eaf1c4','2c031728',150500,1616,1654040096,1654040096);
INSERT INTO player_score VALUES('62e4de2bb',4,'4e1eaf1c4','34f91150b',103850,1706,1654017866,1654017866);
INSERT INTO player_score VALUES('6045086df',4,'4e1eaf1c4','45f263aa4',48825,1687,1653947419,1653947419);
INSERT INTO player_score VALUES('63a0ec47c',4,'4e1eaf1c4','583c1c2a6',318720,1686,1654037585,1654037585);
INSERT INTO player_score VALUES('63aaa19e5',4,'4e1eaf1c4','5db884f9b',85608,1683,1654038603,1654038603);
INSERT INTO player_score VALUES('63a5cbd65',4,'4e1eaf1c4','5ff8e1cbb',121992,1822,1654038096,1654038096);
INSERT INTO player_score VALUES('560626e94',4,'4e1eaf1c4','6131e5e7',88550,1492,1653672390,1653672390);
INSERT INTO player_score VALUES('5838926a2',4,'50efeb53c','1b5d14cbf',420732,1560,1653731364,1653731364);
INSERT INTO player_score VALUES('626289e88',4,'50efeb53c','23ac36ae9',10070,1637,1654004200,1654004200);
INSERT INTO player_score VALUES('621fa101b',4,'50efeb53c','2c031728',25056,1580,1653997184,1653997184);
INSERT INTO player_score VALUES('601ae64d3',4,'50efeb53c','34f91150b',223650,1600,1653943001,1653943001);
INSERT INTO player_score VALUES('5f5d6c706',4,'50efeb53c','45f263aa4',0,1617,1653923133,1653923133);
INSERT INTO player_score VALUES('6370b9667',4,'50efeb53c','583c1c2a6',150450,1664,1654032531,1654032531);
INSERT INTO player_score VALUES('63419a69f',4,'50efeb53c','5db884f9b',4216,1573,1654027590,1654027590);
INSERT INTO player_score VALUES('63981edcc',4,'50efeb53c','5ff8e1cbb',56232,1794,1654036662,1654036662);
INSERT INTO player_score VALUES('63b0b73d6',4,'50efeb53c','61ba9da51',87048,1687,1654039241,1654039241);
INSERT INTO player_score VALUES('57ebe3108',4,'534a428f0','1b5d14cbf',91650,1550,1653723323,1653723323);
INSERT INTO player_score VALUES('63457c104',4,'534a428f0','23ac36ae9',7680,1659,1654027997,1654027997);
INSERT INTO player_score VALUES('47c7c4c93',4,'534a428f0','2c031728',6408,1132,1653290039,1653290039);
INSERT INTO player_score VALUES('601b5699c',4,'534a428f0','34f91150b',120032,1602,1653943047,1653943047);
INSERT INTO player_score VALUES('6059d2b2a',4,'534a428f0','45f263aa4',27720,1694,1653949599,1653949599);
INSERT INTO player_score VALUES('6388f28f7',4,'534a428f0','583c1c2a6',23850,1673,1654035071,1654035071);
INSERT INTO player_score VALUES('63affdb19',4,'534a428f0','5db884f9b',107640,1686,1654039165,1654039165);
INSERT INTO player_score VALUES('6384aa5fc',4,'534a428f0','5ff8e1cbb',91988,1753,1654034622,1654034622);
INSERT INTO player_score VALUES('56763f317',4,'534a428f0','6131e5e7',283200,1502,1653684144,1653684144);
INSERT INTO player_score VALUES('63bed215d',4,'534a428f0','61ba9da51',29784,1726,1654040720,1654040720);
INSERT INTO player_score VALUES('55f29c7ac',4,'536f2d38c','1b5d14cbf',34162,1495,1653670341,1653670341);
INSERT INTO player_score VALUES('5f5d603a5',4,'536f2d38c','23ac36ae9',118825,1558,1653923128,1653923128);
INSERT INTO player_score VALUES('5f5ae3038',4,'536f2d38c','2c031728',16530,1537,1653922867,1653922867);
INSERT INTO player_score VALUES('5d178526c',4,'536f2d38c','45f263aa4',266625,1471,1653862116,1653862116);
INSERT INTO player_score VALUES('624eff7a6',4,'536f2d38c','583c1c2a6',560,1503,1654002151,1654002151);
INSERT INTO player_score VALUES('62693bc9e',4,'536f2d38c','5db884f9b',39424,1326,1654004902,1654004902);
INSERT INTO player_score VALUES('63be420a9',4,'536f2d38c','5ff8e1cbb',298116,1864,1654040661,1654040661);
INSERT INTO player_score VALUES('5646a626f',4,'536f2d38c','6131e5e7',13536,1498,1653679153,1653679153);
INSERT INTO player_score VALUES('63a7463c9',4,'536f2d38c','61ba9da51',3825,1649,1654038251,1654038251);
INSERT INTO player_score VALUES('57b44c1b3',4,'54807fed2','1b5d14cbf',4930,1547,1653717494,1653717494);
INSERT INTO player_score VALUES('5fc70d71f',4,'54807fed2','23ac36ae9',120,1570,1653934209,1653934209);
INSERT INTO player_score VALUES('5eea66a14',4,'54807fed2','2c031728',272182,1527,1653911072,1653911072);
INSERT INTO player_score VALUES('63a8d434b',4,'54807fed2','34f91150b',39585,1738,1654038414,1654038414);
INSERT INTO player_score VALUES('5df488c00',4,'54807fed2','45f263aa4',543312,1525,1653885291,1653885291);
INSERT INTO player_score VALUES('61dd03cba',4,'54807fed2','583c1c2a6',12672,1449,1653990199,1653990199);
INSERT INTO player_score VALUES('636f06d4d',4,'54807fed2','5db884f9b',0,1631,1654032353,1654032353);
INSERT INTO player_score VALUES('639b29a68',4,'54807fed2','5ff8e1cbb',97760,1803,1654036981,1654036981);
INSERT INTO player_score VALUES('54f0b5841',4,'54807fed2','6131e5e7',5076,1466,1653643298,1653643298);
INSERT INTO player_score VALUES('638dc85dc',4,'54807fed2','61ba9da51',56760,1554,1654035578,1654035578);
INSERT INTO player_score VALUES('55576b747',4,'5597b76da','1b5d14cbf',83592,1482,1653654068,1653654068);
INSERT INTO player_score VALUES('61421240f',4,'5597b76da','23ac36ae9',32412,1606,1653973952,1653973952);
INSERT INTO player_score VALUES('62d140361',4,'5597b76da','2c031728',94860,1593,1654015809,1654015809);
INSERT INTO player_score VALUES('601a5160e',4,'5597b76da','34f91150b',1890,1599,1653942940,1653942940);
INSERT INTO player_score VALUES('5f7a7416b',4,'5597b76da','45f263aa4',119209,1628,1653926177,1653926177);
INSERT INTO player_score VALUES('63b512f72',4,'5597b76da','583c1c2a6',21414,1700,1654039698,1654039698);
INSERT INTO player_score VALUES('632f809f9',4,'5597b76da','5db884f9b',41128,1545,1654025692,1654025692);
INSERT INTO player_score VALUES('63882f445',4,'5597b76da','5ff8e1cbb',46464,1758,1654034991,1654034991);
INSERT INTO player_score VALUES('521cfe85f',4,'5597b76da','6131e5e7',85120,1407,1653567411,1653567411);
INSERT INTO player_score VALUES('63bed4884',4,'5597b76da','61ba9da51',266625,1727,1654040721,1654040721);
INSERT INTO player_score VALUES('58ab60101',4,'56d4dc661','1b5d14cbf',259120,1569,1653743402,1653743402);
INSERT INTO player_score VALUES('625907d75',4,'56d4dc661','23ac36ae9',404019,1635,1654003203,1654003203);
INSERT INTO player_score VALUES('5e829f3ea',4,'56d4dc661','2c031728',16560,1522,1653900190,1653900190);
INSERT INTO player_score VALUES('616f8ae37',4,'56d4dc661','34f91150b',0,1649,1653978720,1653978720);
INSERT INTO player_score VALUES('5d1ce6193',4,'56d4dc661','45f263aa4',52920,1475,1653862680,1653862680);
INSERT INTO player_score VALUES('61ab540f5',4,'56d4dc661','583c1c2a6',195804,1422,1653984989,1653984989);
INSERT INTO player_score VALUES('63acac13e',4,'56d4dc661','5db884f9b',121176,1685,1654038817,1654038817);
INSERT INTO player_score VALUES('63b238f8c',4,'56d4dc661','5ff8e1cbb',321552,1850,1654039399,1654039399);
INSERT INTO player_score VALUES('553d16c05',4,'56d4dc661','6131e5e7',200880,1474,1653651307,1653651307);
INSERT INTO player_score VALUES('63a612a42',4,'56d4dc661','61ba9da51',85728,1644,1654038125,1654038125);
INSERT INTO player_score VALUES('636946aa3',4,'5a09d26ac','23ac36ae9',90720,1661,1654031750,1654031750);
INSERT INTO player_score VALUES('60445b182',4,'5a09d26ac','2c031728',637056,1546,1653947348,1653947348);
INSERT INTO player_score VALUES('6268b580c',4,'5a09d26ac','34f91150b',38592,1688,1654004847,1654004847);
INSERT INTO player_score VALUES('60640491c',4,'5a09d26ac','45f263aa4',11700,1696,1653950668,1653950668);
INSERT INTO player_score VALUES('63615c4a4',4,'5a09d26ac','583c1c2a6',209061,1651,1654030920,1654030920);
INSERT INTO player_score VALUES('63b80a3c6',4,'5a09d26ac','5db884f9b',21488,1694,1654040009,1654040009);
INSERT INTO player_score VALUES('636405754',4,'5a09d26ac','61ba9da51',80040,1404,1654031199,1654031199);
INSERT INTO player_score VALUES('5f48f04e0',4,'5b1bbee8e','23ac36ae9',164883,1554,1653920985,1653920985);
INSERT INTO player_score VALUES('633f0e8cc',4,'5b1bbee8e','2c031728',469920,1606,1654027323,1654027323);
INSERT INTO player_score VALUES('63253da81',4,'5b1bbee8e','34f91150b',135915,1715,1654024616,1654024616);
INSERT INTO player_score VALUES('5d03f365b',4,'5b1bbee8e','45f263aa4',132799,1465,1653860064,1653860064);
INSERT INTO player_score VALUES('632d39206',4,'5b1bbee8e','583c1c2a6',63648,1625,1654025453,1654025453);
INSERT INTO player_score VALUES('63a953279',4,'5b1bbee8e','5db884f9b',2964,1682,1654038466,1654038466);
INSERT INTO player_score VALUES('63a8c0a73',4,'5b1bbee8e','5ff8e1cbb',285688,1829,1654038406,1654038406);
INSERT INTO player_score VALUES('63bc4639d',4,'5b1bbee8e','61ba9da51',55650,1714,1654040453,1654040453);
INSERT INTO player_score VALUES('59f2c5869',4,'5c560c5b0','23ac36ae9',167552,1414,1653777732,1653777732);
INSERT INTO player_score VALUES('632531786',4,'5c560c5b0','2c031728',251658,1603,1654024611,1654024611);
INSERT INTO player_score VALUES('578373398',4,'5c560c5b0','34f91150b',17360,1282,1653712372,1653712372);
INSERT INTO player_score VALUES('60071ed21',4,'5c560c5b0','45f263aa4',341628,1670,1653940927,1653940927);
INSERT INTO player_score VALUES('63222916c',4,'5c560c5b0','583c1c2a6',31620,1617,1654024293,1654024293);
INSERT INTO player_score VALUES('6390a4cb2',4,'5c560c5b0','5db884f9b',293436,1655,1654035878,1654035878);
INSERT INTO player_score VALUES('63b4c267e',4,'5c560c5b0','5ff8e1cbb',92394,1854,1654039665,1654039665);
INSERT INTO player_score VALUES('63bda8397',4,'5c560c5b0','61ba9da51',37524,1721,1654040598,1654040598);
INSERT INTO player_score VALUES('563026df4',4,'5d92b25b6','23ac36ae9',7049,1313,1653676794,1653676794);
INSERT INTO player_score VALUES('6312a75cb',4,'5d92b25b6','2c031728',200000,1599,1654022667,1654022667);
INSERT INTO player_score VALUES('5edecb73a',4,'5d92b25b6','34f91150b',28288,1565,1653909855,1653909855);
INSERT INTO player_score VALUES('5f03b6211',4,'5d92b25b6','45f263aa4',48960,1594,1653913726,1653913726);
INSERT INTO player_score VALUES('62de97b90',4,'5d92b25b6','583c1c2a6',25520,1580,1654017208,1654017208);
INSERT INTO player_score VALUES('639773f38',4,'5d92b25b6','5db884f9b',80560,1666,1654036592,1654036592);
INSERT INTO player_score VALUES('63a857add',4,'5d92b25b6','61ba9da51',138852,1655,1654038363,1654038363);
INSERT INTO player_score VALUES('58503b87a',4,'5f57f5de','1b5d14cbf',76700,1562,1653733845,1653733845);
INSERT INTO player_score VALUES('2bd04e840',4,'5f57f5de','1e6e75ea7',0,762,1652539315,1652539315);
INSERT INTO player_score VALUES('5e994806d',4,'5f57f5de','23ac36ae9',8160,1539,1653902566,1653902566);
INSERT INTO player_score VALUES('5d7352222',4,'5f57f5de','2c031728',6048,1506,1653871742,1653871742);
INSERT INTO player_score VALUES('3f0a3ab87',4,'5f57f5de','33e3dcf4e',96558,906,1653055416,1653055416);
INSERT INTO player_score VALUES('63b9675d4',4,'5f57f5de','34f91150b',154560,1740,1654040152,1654040152);
INSERT INTO player_score VALUES('60324ff56',4,'5f57f5de','45f263aa4',49914,1684,1653945456,1653945456);
INSERT INTO player_score VALUES('637d09423',4,'5f57f5de','583c1c2a6',40500,1668,1654033822,1654033822);
INSERT INTO player_score VALUES('6330d6684',4,'5f57f5de','5db884f9b',14784,1549,1654025832,1654025832);
INSERT INTO player_score VALUES('63be6dfda',4,'5f57f5de','5ff8e1cbb',471440,1866,1654040679,1654040679);
INSERT INTO player_score VALUES('63b3babca',4,'5f57f5de','61ba9da51',84375,1695,1654039557,1654039557);
INSERT INTO player_score VALUES('61a6aa38f',4,'5f5d9ad33','23ac36ae9',494109,1617,1653984500,1653984500);
INSERT INTO player_score VALUES('609604dad',4,'5f5d9ad33','2c031728',97500,1551,1653955911,1653955911);
INSERT INTO player_score VALUES('63b71135b',4,'5f5d9ad33','34f91150b',96807,1739,1654039907,1654039907);
INSERT INTO player_score VALUES('5e87072eb',4,'5f5d9ad33','45f263aa4',5280,1561,1653900652,1653900652);
INSERT INTO player_score VALUES('6330ca36d',4,'5f5d9ad33','583c1c2a6',78030,1627,1654025827,1654025827);
INSERT INTO player_score VALUES('63543cea1',4,'5f5d9ad33','5db884f9b',131040,1601,1654029544,1654029544);
INSERT INTO player_score VALUES('63a603fd8',4,'5f5d9ad33','5ff8e1cbb',97416,1823,1654038119,1654038119);
INSERT INTO player_score VALUES('63952040e',4,'5f5d9ad33','61ba9da51',505400,1580,1654036348,1654036348);
INSERT INTO player_score VALUES('6126babed',4,'60b9703f1','23ac36ae9',146080,1602,1653971085,1653971085);
INSERT INTO player_score VALUES('5f68d940f',4,'60b9703f1','2c031728',223146,1539,1653924331,1653924331);
INSERT INTO player_score VALUES('633235fdd',4,'60b9703f1','34f91150b',390915,1718,1654025976,1654025976);
INSERT INTO player_score VALUES('6392a57b9',4,'60b9703f1','583c1c2a6',193515,1678,1654036088,1654036088);
INSERT INTO player_score VALUES('63affb3e5',4,'60b9703f1','5ff8e1cbb',125,1845,1654039164,1654039164);
INSERT INTO player_score VALUES('63bc4d8d7',4,'60b9703f1','61ba9da51',175695,1716,1654040456,1654040456);
INSERT INTO player_score VALUES('628837e80',4,'620ae7d95','23ac36ae9',158120,1639,1654008151,1654008151);
INSERT INTO player_score VALUES('61f84ca7c',4,'620ae7d95','2c031728',1656,1577,1653993060,1653993060);
INSERT INTO player_score VALUES('63af70163',4,'620ae7d95','583c1c2a6',155904,1697,1654039107,1654039107);
INSERT INTO player_score VALUES('63c1087a2',4,'620ae7d95','5db884f9b',68000,1698,1654040952,1654040952);
INSERT INTO player_score VALUES('63a7e9d22',4,'620ae7d95','5ff8e1cbb',6270,1827,1654038318,1654038318);
INSERT INTO player_score VALUES('63c3a7e13',4,'620ae7d95','61ba9da51',154812,1734,1654041227,1654041227);
INSERT INTO player_score VALUES('5e7d2ac69',4,'631a8cd8e','23ac36ae9',346104,1535,1653899618,1653899618);
INSERT INTO player_score VALUES('555208127',4,'631a8cd8e','2c031728',84429,1368,1653653503,1653653503);
INSERT INTO player_score VALUES('638cca771',4,'631a8cd8e','34f91150b',431730,1735,1654035474,1654035474);
INSERT INTO player_score VALUES('63c2e4911',4,'631a8cd8e','583c1c2a6',157604,1708,1654041147,1654041147);
INSERT INTO player_score VALUES('639a21fc5',4,'631a8cd8e','5db884f9b',360,1673,1654036873,1654036873);
INSERT INTO player_score VALUES('63bb87c8a',4,'631a8cd8e','5ff8e1cbb',26800,1859,1654040375,1654040375);
INSERT INTO player_score VALUES('63c53d27b',4,'631a8cd8e','61ba9da51',58464,1736,1654041393,1654041393);
INSERT INTO player_score VALUES('60cf69393',4,'6377ea361','2c031728',219996,1555,1653961929,1653961929);
INSERT INTO player_score VALUES('622657c50',4,'6377ea361','34f91150b',82280,1678,1653997888,1653997888);
INSERT INTO player_score VALUES('63302df83',4,'6377ea361','5db884f9b',306900,1548,1654025763,1654025763);
INSERT INTO player_score VALUES('6398066e9',4,'6377ea361','5ff8e1cbb',55352,1792,1654036652,1654036652);
INSERT INTO player_score VALUES('63bcaa516',4,'6377ea361','61ba9da51',10752,1717,1654040494,1654040494);
INSERT INTO player_score VALUES('56bbb6681',4,'9e9e6290','1b5d14cbf',56448,1515,1653691428,1653691428);
INSERT INTO player_score VALUES('2c29e0370',4,'9e9e6290','1e6e75ea7',47320,776,1652548707,1652548707);
INSERT INTO player_score VALUES('61d2d1eb7',4,'9e9e6290','23ac36ae9',55440,1623,1653989130,1653989130);
INSERT INTO player_score VALUES('54f9e7064',4,'9e9e6290','2c031728',209061,1360,1653644262,1653644262);
INSERT INTO player_score VALUES('400ea6394',4,'9e9e6290','33e3dcf4e',2365,988,1653082723,1653082723);
INSERT INTO player_score VALUES('635c7cbd6',4,'9e9e6290','34f91150b',90880,1728,1654030409,1654030409);
INSERT INTO player_score VALUES('5d6d26877',4,'9e9e6290','45f263aa4',166320,1499,1653871095,1653871095);
INSERT INTO player_score VALUES('63baae84b',4,'9e9e6290','583c1c2a6',4050,1704,1654040286,1654040286);
INSERT INTO player_score VALUES('635e4f0da',4,'9e9e6290','5db884f9b',158720,1612,1654030600,1654030600);
INSERT INTO player_score VALUES('63a9d21b5',4,'9e9e6290','5ff8e1cbb',8624,1832,1654038518,1654038518);
INSERT INTO player_score VALUES('55d6f466a',4,'9e9e6290','6131e5e7',40000,1486,1653667441,1653667441);
INSERT INTO player_score VALUES('63ab341b9',4,'9e9e6290','61ba9da51',202536,1667,1654038663,1654038663);
INSERT INTO player_score VALUES('5597498e8',4,'aa58db48','1b5d14cbf',69300,1488,1653660765,1653660765);
INSERT INTO player_score VALUES('2c28439da',4,'aa58db48','1e6e75ea7',7740,775,1652548538,1652548538);
INSERT INTO player_score VALUES('603eedee2',4,'aa58db48','2c031728',2808,1545,1653946779,1653946779);
INSERT INTO player_score VALUES('402894659',4,'aa58db48','33e3dcf4e',266992,993,1653085442,1653085442);
INSERT INTO player_score VALUES('63a2fb9a9',4,'aa58db48','34f91150b',10836,1736,1654037801,1654037801);
INSERT INTO player_score VALUES('5fc533d43',4,'aa58db48','45f263aa4',43500,1647,1653934015,1653934015);
INSERT INTO player_score VALUES('63c04a0db',4,'aa58db48','583c1c2a6',89100,1707,1654040874,1654040874);
INSERT INTO player_score VALUES('63624b8f2',4,'aa58db48','5db884f9b',247968,1618,1654031018,1654031018);
INSERT INTO player_score VALUES('63749b0a0',4,'aa58db48','5ff8e1cbb',310068,1712,1654032938,1654032938);
INSERT INTO player_score VALUES('55a9bdae1',4,'aa58db48','6131e5e7',312,1482,1653662700,1653662700);
INSERT INTO player_score VALUES('63b84e968',4,'aa58db48','61ba9da51',183540,1707,1654040037,1654040037);
INSERT INTO player_score VALUES('4e7b5f202',4,'bb596d26','1b5d14cbf',132840,1308,1653469933,1653469933);
INSERT INTO player_score VALUES('2c575db80',4,'bb596d26','1e6e75ea7',82944,789,1652553477,1652553477);
INSERT INTO player_score VALUES('636a27452',4,'bb596d26','23ac36ae9',7176,1662,1654031842,1654031842);
INSERT INTO player_score VALUES('637f8dc8e',4,'bb596d26','2c031728',122130,1613,1654034086,1654034086);
INSERT INTO player_score VALUES('3f7832990',4,'bb596d26','33e3dcf4e',5280,933,1653066947,1653066947);
INSERT INTO player_score VALUES('60d8da3b3',4,'bb596d26','34f91150b',516460,1632,1653962919,1653962919);
INSERT INTO player_score VALUES('5fda33ce3',4,'bb596d26','45f263aa4',49248,1657,1653936217,1653936217);
INSERT INTO player_score VALUES('639a1f8b7',4,'bb596d26','583c1c2a6',8019,1683,1654036872,1654036872);
INSERT INTO player_score VALUES('63c4f3ea7',4,'bb596d26','5db884f9b',85272,1701,1654041363,1654041363);
INSERT INTO player_score VALUES('63a45b307',4,'bb596d26','5ff8e1cbb',5400,1817,1654037945,1654037945);
INSERT INTO player_score VALUES('63bdf65ab',4,'bb596d26','61ba9da51',240786,1722,1654040630,1654040630);
INSERT INTO player_score VALUES('574ad97a8',4,'bbbe4996','1b5d14cbf',227760,1534,1653706437,1653706437);
INSERT INTO player_score VALUES('2c14725ca',4,'bbbe4996','1e6e75ea7',297171,771,1652546460,1652546460);
INSERT INTO player_score VALUES('5f9582595',4,'bbbe4996','23ac36ae9',204120,1565,1653929014,1653929014);
INSERT INTO player_score VALUES('5b6fefa4f',4,'bbbe4996','2c031728',285957,1475,1653817700,1653817700);
INSERT INTO player_score VALUES('4033c90e7',4,'bbbe4996','33e3dcf4e',198528,1000,1653086617,1653086617);
INSERT INTO player_score VALUES('635a52881',4,'bbbe4996','34f91150b',22200,1727,1654030182,1654030182);
INSERT INTO player_score VALUES('5f0f2a432',4,'bbbe4996','45f263aa4',6300,1597,1653914927,1653914927);
INSERT INTO player_score VALUES('630c153f6',4,'bbbe4996','583c1c2a6',1056,1601,1654021978,1654021978);
INSERT INTO player_score VALUES('63b1dc337',4,'bbbe4996','5db884f9b',5520,1690,1654039361,1654039361);
INSERT INTO player_score VALUES('637949c9a',4,'bbbe4996','5ff8e1cbb',54978,1724,1654033429,1654033429);
INSERT INTO player_score VALUES('557d73cc9',4,'bbbe4996','6131e5e7',26896,1477,1653658056,1653658056);
INSERT INTO player_score VALUES('574c73a1b',4,'bc5d4887','1b5d14cbf',617400,1535,1653706605,1653706605);
INSERT INTO player_score VALUES('2c562a1be',4,'bc5d4887','1e6e75ea7',310800,788,1652553351,1652553351);
INSERT INTO player_score VALUES('61aa00b6f',4,'bc5d4887','23ac36ae9',45540,1618,1653984850,1653984850);
INSERT INTO player_score VALUES('5dc429eec',4,'bc5d4887','2c031728',19440,1516,1653880219,1653880219);
INSERT INTO player_score VALUES('3fb8577f1',4,'bc5d4887','33e3dcf4e',45045,954,1653073673,1653073673);
INSERT INTO player_score VALUES('618457993',4,'bc5d4887','34f91150b',81081,1652,1653980901,1653980901);
INSERT INTO player_score VALUES('5fdfc0b0d',4,'bc5d4887','45f263aa4',29700,1659,1653936799,1653936799);
INSERT INTO player_score VALUES('62563c7f0',4,'bc5d4887','583c1c2a6',127204,1507,1654002910,1654002910);
INSERT INTO player_score VALUES('6327349a6',4,'bc5d4887','5db884f9b',145656,1533,1654024822,1654024822);
INSERT INTO player_score VALUES('63986f6d0',4,'bc5d4887','5ff8e1cbb',408672,1796,1654036695,1654036695);
INSERT INTO player_score VALUES('537473536',4,'bc5d4887','6131e5e7',104052,1427,1653603425,1653603425);
INSERT INTO player_score VALUES('63a45d9ce',4,'bc5d4887','61ba9da51',47736,1638,1654037946,1654037946);
INSERT INTO player_score VALUES('58317c718',4,'c117004c','1b5d14cbf',44032,1557,1653730621,1653730621);
INSERT INTO player_score VALUES('2c37b6b31',4,'c117004c','1e6e75ea7',58995,782,1652550158,1652550158);
INSERT INTO player_score VALUES('5f2a7a737',4,'c117004c','23ac36ae9',136080,1551,1653917791,1653917791);
INSERT INTO player_score VALUES('4f1070bcc',4,'c117004c','2c031728',10241,1273,1653485564,1653485564);
INSERT INTO player_score VALUES('3f1aae281',4,'c117004c','33e3dcf4e',662400,910,1653057141,1653057141);
INSERT INTO player_score VALUES('61eb804a2',4,'c117004c','34f91150b',119280,1667,1653991718,1653991718);
INSERT INTO player_score VALUES('5fe452232',4,'c117004c','45f263aa4',46332,1661,1653937278,1653937278);
INSERT INTO player_score VALUES('63ba4589c',4,'c117004c','583c1c2a6',245180,1703,1654040243,1654040243);
INSERT INTO player_score VALUES('6388d7b8a',4,'c117004c','5db884f9b',439749,1647,1654035060,1654035060);
INSERT INTO player_score VALUES('63c602e3e',4,'c117004c','5ff8e1cbb',13284,1877,1654041474,1654041474);
INSERT INTO player_score VALUES('562f48b05',4,'c117004c','6131e5e7',12480,1496,1653676703,1653676703);
INSERT INTO player_score VALUES('638c30a3d',4,'c117004c','61ba9da51',25500,1542,1654035411,1654035411);
INSERT INTO player_score VALUES('583da539d',4,'cae31689','1b5d14cbf',20805,1561,1653731896,1653731896);
INSERT INTO player_score VALUES('2c5aec600',4,'cae31689','1e6e75ea7',10824,792,1652553850,1652553850);
INSERT INTO player_score VALUES('3e9b38c26',4,'cae31689','33e3dcf4e',0,877,1653043776,1653043776);
INSERT INTO player_score VALUES('6311b81ef',4,'cae31689','34f91150b',106470,1713,1654022569,1654022569);
INSERT INTO player_score VALUES('5e87be493',4,'cae31689','45f263aa4',42210,1562,1653900727,1653900727);
INSERT INTO player_score VALUES('635d07e39',4,'cae31689','583c1c2a6',6580,1645,1654030466,1654030466);
INSERT INTO player_score VALUES('63befb94e',4,'cae31689','5ff8e1cbb',4872,1869,1654040737,1654040737);
INSERT INTO player_score VALUES('5710cf150',4,'cae31689','6131e5e7',5423,1517,1653700351,1653700351);
INSERT INTO player_score VALUES('56dbd02f0',4,'e1d93b19','1b5d14cbf',72750,1520,1653694794,1653694794);
INSERT INTO player_score VALUES('618d8b901',4,'e1d93b19','2c031728',96775,1569,1653981866,1653981866);
INSERT INTO player_score VALUES('61a74675a',4,'e1d93b19','34f91150b',5220,1656,1653984564,1653984564);
INSERT INTO player_score VALUES('604dd3686',4,'e1d93b19','45f263aa4',2418,1691,1653948341,1653948341);
INSERT INTO player_score VALUES('62a8457da',4,'e1d93b19','583c1c2a6',208050,1548,1654011512,1654011512);
INSERT INTO player_score VALUES('630919165',4,'e1d93b19','5db884f9b',116424,1495,1654021665,1654021665);
INSERT INTO player_score VALUES('639fd113a',4,'e1d93b19','5ff8e1cbb',39160,1810,1654037469,1654037469);
INSERT INTO player_score VALUES('53de36894',4,'e1d93b19','6131e5e7',14144,1446,1653614515,1653614515);
INSERT INTO player_score VALUES('638ed006b',4,'e1d93b19','61ba9da51',197532,1557,1654035686,1654035686);
INSERT INTO player_score VALUES('5796b46c5',4,'e307f730','1b5d14cbf',64584,1541,1653714391,1653714391);
INSERT INTO player_score VALUES('2c5d73538',4,'e307f730','1e6e75ea7',6642,794,1652554115,1652554115);
INSERT INTO player_score VALUES('62c7133c4',4,'e307f730','23ac36ae9',7772,1647,1654014742,1654014742);
INSERT INTO player_score VALUES('607fd896c',4,'e307f730','2c031728',187408,1549,1653953586,1653953586);
INSERT INTO player_score VALUES('3ea65c511',4,'e307f730','33e3dcf4e',38458,881,1653044944,1653044944);
INSERT INTO player_score VALUES('603b3d1b1',4,'e307f730','45f263aa4',417105,1685,1653946392,1653946392);
INSERT INTO player_score VALUES('6330ca36c',4,'e307f730','583c1c2a6',17072,1628,1654025827,1654025827);
INSERT INTO player_score VALUES('632d16f13',4,'e307f730','5db884f9b',283140,1539,1654025439,1654025439);
INSERT INTO player_score VALUES('63a45b308',4,'e307f730','5ff8e1cbb',430254,1818,1654037945,1654037945);
INSERT INTO player_score VALUES('51bd6fa49',4,'e307f730','6131e5e7',34020,1399,1653557391,1653557391);
INSERT INTO player_score VALUES('63b4ac6d8',4,'e307f730','61ba9da51',109200,1698,1654039656,1654039656);
INSERT INTO player_score VALUES('58a26b906',4,'fcc922a2','1b5d14cbf',64380,1567,1653742463,1653742463);
INSERT INTO player_score VALUES('2b822e85b',4,'fcc922a2','1e6e75ea7',312,743,1652531123,1652531123);
INSERT INTO player_score VALUES('63b7643b0',4,'fcc922a2','23ac36ae9',57000,1669,1654039941,1654039941);
INSERT INTO player_score VALUES('5a3daec6c',4,'fcc922a2','2c031728',3864,1457,1653785587,1653785587);
INSERT INTO player_score VALUES('402ab7454',4,'fcc922a2','33e3dcf4e',114114,995,1653085666,1653085666);
INSERT INTO player_score VALUES('62dbc9f5f',4,'fcc922a2','34f91150b',48321,1705,1654016914,1654016914);
INSERT INTO player_score VALUES('5f2ac1414',4,'fcc922a2','45f263aa4',342380,1601,1653917820,1653917820);
INSERT INTO player_score VALUES('62218bbc6',4,'fcc922a2','583c1c2a6',70312,1481,1653997385,1653997385);
INSERT INTO player_score VALUES('635a835f8',4,'fcc922a2','5db884f9b',278460,1603,1654030202,1654030202);
INSERT INTO player_score VALUES('63a478787',4,'fcc922a2','5ff8e1cbb',650,1819,1654037957,1654037957);
INSERT INTO player_score VALUES('56bc8fb03',4,'fcc922a2','6131e5e7',323360,1510,1653691517,1653691517);
INSERT INTO player_score VALUES('63c59025c',4,'fcc922a2','61ba9da51',110271,1737,1654041427,1654041427);
COMMIT;
