
BEGIN;
CREATE TABLE IF NOT EXISTS competition (
  id VARCHAR(255) NOT NULL PRIMARY KEY,
  tenant_id BIGINT NOT NULL,
  title TEXT NOT NULL,
  finished_at BIGINT NULL,
  created_at BIGINT NOT NULL,
  updated_at BIGINT NOT NULL
);
INSERT INTO competition VALUES('127cddcaf',41,'エールだもの',1652849328,1651859477,1652849328);
INSERT INTO competition VALUES('504581d40',41,'青山一丁目天国 vol.3',1653680858,1653517972,1653680858);
CREATE TABLE IF NOT EXISTS player (
  id VARCHAR(255) NOT NULL PRIMARY KEY,
  tenant_id BIGINT NOT NULL,
  display_name TEXT NOT NULL,
  is_disqualified BOOLEAN NOT NULL,
  created_at BIGINT NOT NULL,
  updated_at BIGINT NOT NULL
);
INSERT INTO player VALUES('12378b34e',41,'Reinhold Wisoky DDS',0,1651852208,1653370779);
INSERT INTO player VALUES('13dd86898',41,'Gerardo Kub',0,1651896456,1652578504);
INSERT INTO player VALUES('14c2ec227',41,'Rozella Fritsch V',0,1651920510,1653607555);
INSERT INTO player VALUES('15ca5b164',41,'Owen Tremblay',0,1651948133,1653733479);
INSERT INTO player VALUES('1612e6def',41,'Ms. Dina Rolfson',0,1651955740,1653612810);
INSERT INTO player VALUES('16b12791c',41,'Amani Kihn',0,1651972334,1653902014);
INSERT INTO player VALUES('16e037e67',41,'Maia Okuneva',0,1651977269,1652328413);
INSERT INTO player VALUES('17c420a02',41,'Grayce Murray',0,1652001167,1652118518);
INSERT INTO player VALUES('185415a64',41,'Keyon Sauer',0,1652016262,1652212703);
INSERT INTO player VALUES('19346d4f1',41,'Cecil Crist',0,1652039786,1652506953);
INSERT INTO player VALUES('196f13f52',41,'Russel Rolfson',0,1652045936,1652429012);
INSERT INTO player VALUES('1dc901fa1',41,'Leanna Harber',0,1652162740,1653385108);
INSERT INTO player VALUES('1def00874',41,'Griffin Schamberger',0,1652166724,1652937533);
INSERT INTO player VALUES('1e9945675',41,'Mr. Melany Hills V',0,1652184578,1652217159);
INSERT INTO player VALUES('2189da88f',41,'Brittany Stamm',0,1652263492,1653982293);
INSERT INTO player VALUES('21ae06c50',41,'Jada Hane',1,1652267285,1653100682);
INSERT INTO player VALUES('22374c60b',41,'Mr. Raoul Schmidt',0,1652281679,1653342606);
INSERT INTO player VALUES('224874794',41,'Gwen Dooley',1,1652283478,1653885460);
INSERT INTO player VALUES('225b5b585',41,'Kaylin Dibbert III',0,1652285460,1652379590);
INSERT INTO player VALUES('226fa9157',41,'Kasey Ryan',0,1652287589,1653903550);
INSERT INTO player VALUES('22a3b648c',41,'Trever Lynch',0,1652293047,1653613726);
INSERT INTO player VALUES('22eb3a627',41,'Ms. Kara Stamm II',1,1652300546,1653204538);
INSERT INTO player VALUES('233e65e49',41,'Freeda Hintz',0,1652309267,1653928295);
INSERT INTO player VALUES('23902a828',41,'Mr. Quentin Feil',0,1652317841,1652555400);
INSERT INTO player VALUES('23f9e6640',41,'Moises Corwin',0,1652328928,1653666973);
INSERT INTO player VALUES('247444102',41,'Koby Dickinson',0,1652341759,1653782347);
INSERT INTO player VALUES('24b90def4',41,'Joe Grady',0,1652348972,1653646662);
INSERT INTO player VALUES('250acb3ad',41,'Barbara Gutmann',1,1652357543,1652466282);
INSERT INTO player VALUES('258088d52',41,'Sammie Jenkins',0,1652369889,1653461078);
INSERT INTO player VALUES('25a60872a',41,'Chauncey Spencer',0,1652373821,1652584768);
INSERT INTO player VALUES('25b95d2b6',41,'Adrian Bartoletti',0,1652375848,1652429579);
INSERT INTO player VALUES('2621ef304',41,'Braeden Walker',0,1652386813,1653228255);
INSERT INTO player VALUES('26478c181',41,'Casandra Abbott',0,1652390757,1652920626);
INSERT INTO player VALUES('270941f2a',41,'Ms. Leonie Von',0,1652411069,1652776832);
INSERT INTO player VALUES('275d0c235',41,'Lucio Purdy',0,1652419855,1653314898);
INSERT INTO player VALUES('28921103a',41,'Mr. Rusty Hammes PhD',0,1652452258,1653964373);
INSERT INTO player VALUES('294edd87c',41,'Joelle Harvey',0,1652472055,1654001374);
INSERT INTO player VALUES('2a54161ad',41,'Beulah Miller',0,1652499446,1653631472);
INSERT INTO player VALUES('2b4643281',41,'Darrin Kemmer',0,1652524840,1652913189);
INSERT INTO player VALUES('2c5ebf5b2',41,'Michel Gusikowski',0,1652554251,1653871724);
INSERT INTO player VALUES('2c903962e',41,'Emmy Mosciski',0,1652559439,1653700438);
INSERT INTO player VALUES('2cfbc2b11',41,'Ms. Syble Ortiz V',1,1652570715,1653367918);
INSERT INTO player VALUES('2d7e53f6a',41,'Mauricio Prosacco',0,1652584406,1652624742);
INSERT INTO player VALUES('2db6899cb',41,'Ms. Gregoria Greenholt',0,1652590300,1652596190);
INSERT INTO player VALUES('2f0b30a48',41,'Miller Casper',0,1652626020,1653499522);
INSERT INTO player VALUES('2f903f297',41,'Carrie Langworth',0,1652639972,1653881958);
INSERT INTO player VALUES('2fff7e267',41,'Jeff Kemmer',0,1652651637,1653451278);
INSERT INTO player VALUES('30e9c5be6',41,'Mr. Roberto Murphy',0,1652676203,1653444625);
INSERT INTO player VALUES('31889b5db',41,'Jasper Howe',0,1652692858,1653726182);
INSERT INTO player VALUES('318f792bf',41,'Mr. Brain McDermott III',0,1652693578,1653675765);
INSERT INTO player VALUES('322d0a17e',41,'Mr. Edd Stoltenberg MD',0,1652710100,1653175777);
INSERT INTO player VALUES('3255a0b4b',41,'Jesus Gulgowski',0,1652714356,1654033880);
INSERT INTO player VALUES('33356d2f3',41,'Jarred Windler',0,1652737823,1653244530);
INSERT INTO player VALUES('341cbb0e1',41,'Deondre Windler',0,1652762077,1653684120);
INSERT INTO player VALUES('3522f3f64',41,'Paula Larson',0,1652789573,1653168179);
INSERT INTO player VALUES('354ca83d2',41,'Mr. Easton Gerhold',0,1652793946,1653789343);
INSERT INTO player VALUES('37ae3048e',41,'Rose Beer',0,1652857860,1653957844);
INSERT INTO player VALUES('37c2ce9a9',41,'Elza Hartmann',0,1652860022,1653581525);
INSERT INTO player VALUES('37d2182da',41,'Mr. Garret Botsford',0,1652861625,1653774251);
INSERT INTO player VALUES('37d6876fe',41,'Ms. Calista Russel',0,1652862090,1653128247);
INSERT INTO player VALUES('389aa20fe',41,'Phoebe Fisher',0,1652882653,1653883443);
INSERT INTO player VALUES('393006af7',41,'Dortha Eichmann',0,1652898318,1653369254);
INSERT INTO player VALUES('3987c3a2a',41,'Nathanael Shields',0,1652907518,1653680081);
INSERT INTO player VALUES('39aa079cd',41,'Lew Lynch',0,1652911111,1653801734);
INSERT INTO player VALUES('3a7c41f6c',41,'Gavin Kautzer',0,1652933155,1653070073);
INSERT INTO player VALUES('3ab139882',41,'Leonardo Casper PhD',0,1652938709,1653096546);
INSERT INTO player VALUES('3b562256f',41,'Mozell Hoeger',1,1652956001,1653093859);
INSERT INTO player VALUES('3d9ce2e45',41,'Mr. Merle Rath DDS',0,1653017107,1653510724);
INSERT INTO player VALUES('3df57b92f',41,'Ms. Clemmie Crona',0,1653026397,1653387945);
INSERT INTO player VALUES('3e2ff6414',41,'Ms. Marlene Botsford',0,1653032529,1653082635);
INSERT INTO player VALUES('3f2f47994',41,'Marian Pfeffer',1,1653059301,1653458875);
INSERT INTO player VALUES('3feb95261',41,'Berta Fahey III',1,1653079046,1653952990);
INSERT INTO player VALUES('409b31373',41,'Ms. Lizzie Christiansen Jr.',0,1653097460,1654005371);
INSERT INTO player VALUES('40d728c68',41,'Noemi Swaniawski',0,1653103748,1654016054);
INSERT INTO player VALUES('417cab63f',41,'Ms. Amely Stiedemann',0,1653121103,1653695301);
INSERT INTO player VALUES('423336583',41,'Mr. Zachariah Schaefer Sr.',0,1653140244,1653194502);
INSERT INTO player VALUES('42d028915',41,'Brisa Stamm',1,1653156701,1653678445);
INSERT INTO player VALUES('43641c8d4',41,'Alexandrine Fahey Jr.',0,1653172215,1653559251);
INSERT INTO player VALUES('43b7013b5',41,'Mr. Larry Stark Sr.',0,1653180907,1653197239);
INSERT INTO player VALUES('43b983582',41,'Hayden Jacobi',0,1653181170,1653629945);
INSERT INTO player VALUES('4473d785b',41,'Pattie Brekke',0,1653200708,1653532691);
INSERT INTO player VALUES('457279152',41,'Eve Bayer',0,1653227408,1653795025);
INSERT INTO player VALUES('469b1f723',41,'Ophelia Heathcote',0,1653258514,1653450310);
INSERT INTO player VALUES('46cc3f25b',41,'Malcolm Bayer',0,1653263665,1653904105);
INSERT INTO player VALUES('473a6a454',41,'Mr. Elias Bauch II',0,1653275217,1653636689);
INSERT INTO player VALUES('4a64b9394',41,'Morgan Turner',0,1653360184,1653623294);
INSERT INTO player VALUES('4b1173fd3',41,'Mr. Tyrel Eichmann MD',0,1653378296,1653437214);
INSERT INTO player VALUES('4c7de8c37',41,'Morgan Batz',0,1653416512,1653652072);
INSERT INTO player VALUES('4cbdb837f',41,'Cyrus Hoppe',0,1653423203,1653620754);
INSERT INTO player VALUES('4d785cf9d',41,'Mr. Elton White',0,1653442774,1653739509);
INSERT INTO player VALUES('4dd04abd8',41,'Jerrod Oberbrunner',1,1653451994,1653472218);
INSERT INTO player VALUES('4f403f860',41,'Elias Mraz',0,1653490577,1653767602);
INSERT INTO player VALUES('4fc94cf4e',41,'Lesley Pacocha',0,1653504948,1653579817);
INSERT INTO player VALUES('502188d9d',41,'Glen Rippin',0,1653514200,1653938220);
INSERT INTO player VALUES('50382a51e',41,'Harmon Kutch MD',0,1653516573,1653520687);
INSERT INTO player VALUES('50467119a',41,'Lillian Hauck',0,1653518070,1653541749);
INSERT INTO player VALUES('50f5ed68d',41,'Trenton Conroy',0,1653536471,1653738204);
INSERT INTO player VALUES('512d6e65b',41,'Ms. Reba Pollich',0,1653542291,1653579303);
INSERT INTO player VALUES('5210c9852',41,'Ms. Kaitlyn Mitchell',0,1653566131,1653587131);
INSERT INTO player VALUES('52632584d',41,'Nia Langosh V',0,1653574767,1653575335);
INSERT INTO player VALUES('532b2b8e6',41,'Mabelle Bosco MD',0,1653595741,1654029574);
INSERT INTO player VALUES('533dba881',41,'Brooke Spinka',0,1653597687,1654015222);
INSERT INTO player VALUES('5374f729c',41,'Arely Haag',1,1653603479,1653624238);
INSERT INTO player VALUES('543aa981a',41,'Libby Moen',0,1653624209,1654012401);
INSERT INTO player VALUES('5441ae61d',41,'Ms. Beryl Beier II',0,1653624945,1654005556);
INSERT INTO player VALUES('545a15f5e',41,'Heloise Cassin',0,1653627504,1653791890);
INSERT INTO player VALUES('5461e573d',41,'Ryley Dare',1,1653628323,1653977971);
INSERT INTO player VALUES('559e42390',41,'Mr. Tommie Kuhic',1,1653661496,1654033698);
INSERT INTO player VALUES('55d820ac8',41,'Mr. Blaze Pacocha',0,1653667564,1653763341);
INSERT INTO player VALUES('5712b0092',41,'Ms. Virgie Schumm',0,1653700548,1653782640);
INSERT INTO player VALUES('571e74b83',41,'Markus Quitzon II',0,1653701782,1653717656);
INSERT INTO player VALUES('5725cf09f',41,'Ashton Bernier',0,1653702553,1653893977);
INSERT INTO player VALUES('572f58711',41,'Mr. Steve Tromp',0,1653703553,1653905569);
INSERT INTO player VALUES('5769dcee5',41,'Ivy Kassulke',0,1653709689,1653739138);
INSERT INTO player VALUES('57c29ca6d',41,'Keaton Schuster',0,1653718995,1653726802);
INSERT INTO player VALUES('57dbb3ff7',41,'Marjory Runte',0,1653721626,1653942710);
INSERT INTO player VALUES('57ff418a6',41,'Elinor Price',0,1653725354,1653805508);
INSERT INTO player VALUES('586199538',41,'Lulu Boehm',0,1653735666,1653928210);
INSERT INTO player VALUES('591c8754f',41,'Roel Huel',0,1653755267,1654011676);
INSERT INTO player VALUES('594d56764',41,'Verdie Leffler',1,1653760385,1653996314);
INSERT INTO player VALUES('5968783f5',41,'Ms. Valerie Kerluke Jr.',1,1653763230,1653972428);
INSERT INTO player VALUES('59fc6eaf2',41,'Kristofer Wolff',0,1653778745,1653952172);
INSERT INTO player VALUES('5a1b26725',41,'Broderick Olson Sr.',0,1653781966,1653885355);
INSERT INTO player VALUES('5aeccbde3',41,'Verna Nikolaus',0,1653803949,1653878134);
INSERT INTO player VALUES('5b3138f95',41,'Joseph Ziemann III',0,1653811124,1653881697);
INSERT INTO player VALUES('5d0b06eb5',41,'Ms. Beaulah Fahey',0,1653860806,1654004375);
INSERT INTO player VALUES('5e3af416e',41,'Alfredo Murray',0,1653892675,1654015822);
INSERT INTO player VALUES('5fe9ba66f',41,'Flavie Erdman',0,1653937845,1654033368);
INSERT INTO player VALUES('607be8490',41,'Victor Zulauf',0,1653953173,1654021321);
INSERT INTO player VALUES('60cd2deff',41,'Tessie Feeney',0,1653961695,1654023370);
INSERT INTO player VALUES('6181fc936',41,'Ms. Dawn Lockman',0,1653980654,1653980687);
INSERT INTO player VALUES('61a1de321',41,'Brandt Kuhn',0,1653983997,1654034765);
INSERT INTO player VALUES('61e4d0da6',41,'Mr. Alek Walsh I',0,1653991017,1654041490);
INSERT INTO player VALUES('62b4f21b6',41,'Rigoberto Nitzsche',0,1654012841,1654031037);
INSERT INTO player VALUES('62cc483c7',41,'Gennaro Kerluke',0,1654015288,1654020266);
INSERT INTO player VALUES('6332693da',41,'Jolie Graham I',0,1654025997,1654028471);
CREATE TABLE IF NOT EXISTS player_score (
                              id VARCHAR(255) NOT NULL PRIMARY KEY,
                              tenant_id BIGINT NOT NULL,
                              player_id VARCHAR(255) NOT NULL,
                              competition_id VARCHAR(255) NOT NULL,
                              score BIGINT NOT NULL,
                              row_num BIGINT NOT NULL,
                              created_at BIGINT NOT NULL,
                              updated_at BIGINT NOT NULL
);
INSERT INTO player_score VALUES('373f88a63',41,'12378b34e','127cddcaf',30537,977,1652846257,1652846257);
INSERT INTO player_score VALUES('5648d054d',41,'12378b34e','504581d40',1764,1931,1653679380,1653679380);
INSERT INTO player_score VALUES('329ab644a',41,'13dd86898','127cddcaf',375530,847,1652721600,1652721600);
INSERT INTO player_score VALUES('559727600',41,'13dd86898','504581d40',342342,1700,1653660751,1653660751);
INSERT INTO player_score VALUES('3397dfd3b',41,'14c2ec227','127cddcaf',23124,867,1652748146,1652748146);
INSERT INTO player_score VALUES('561719478',41,'14c2ec227','504581d40',16575,1870,1653674167,1653674167);
INSERT INTO player_score VALUES('346c816c2',41,'15ca5b164','127cddcaf',5820,890,1652770442,1652770442);
INSERT INTO player_score VALUES('55f0046b0',41,'15ca5b164','504581d40',30276,1822,1653670069,1653670069);
INSERT INTO player_score VALUES('55c36ed65',41,'1612e6def','504581d40',74052,1759,1653665394,1653665394);
INSERT INTO player_score VALUES('34df0f9c2',41,'16b12791c','127cddcaf',436995,905,1652782454,1652782454);
INSERT INTO player_score VALUES('564f89871',41,'16b12791c','504581d40',465600,1940,1653680085,1653680085);
INSERT INTO player_score VALUES('35183bd5e',41,'16e037e67','127cddcaf',7452,914,1652788449,1652788449);
INSERT INTO player_score VALUES('56401400b',41,'16e037e67','504581d40',3234,1921,1653678464,1653678464);
INSERT INTO player_score VALUES('371036600',41,'17c420a02','127cddcaf',80240,974,1652841295,1652841295);
INSERT INTO player_score VALUES('36f059a36',41,'185415a64','127cddcaf',74880,970,1652837954,1652837954);
INSERT INTO player_score VALUES('55e974b8f',41,'185415a64','504581d40',73776,1813,1653669381,1653669381);
INSERT INTO player_score VALUES('340712a2b',41,'19346d4f1','127cddcaf',161460,884,1652759806,1652759806);
INSERT INTO player_score VALUES('3654da84d',41,'196f13f52','127cddcaf',35640,953,1652821649,1652821649);
INSERT INTO player_score VALUES('55e274b97',41,'196f13f52','504581d40',49972,1801,1653668647,1653668647);
INSERT INTO player_score VALUES('34fc2100d',41,'1dc901fa1','127cddcaf',211050,912,1652785502,1652785502);
INSERT INTO player_score VALUES('561deae5e',41,'1dc901fa1','504581d40',11310,1880,1653674882,1653674882);
INSERT INTO player_score VALUES('33f99b5c5',41,'1def00874','127cddcaf',325920,880,1652758394,1652758394);
INSERT INTO player_score VALUES('33efdeb33',41,'1e9945675','127cddcaf',0,876,1652757373,1652757373);
INSERT INTO player_score VALUES('561a01ee0',41,'1e9945675','504581d40',5808,1872,1653674472,1653674472);
INSERT INTO player_score VALUES('36566fc7c',41,'2189da88f','127cddcaf',17446,954,1652821815,1652821815);
INSERT INTO player_score VALUES('5599f0450',41,'2189da88f','504581d40',21896,1704,1653661043,1653661043);
INSERT INTO player_score VALUES('368f10d9c',41,'21ae06c50','127cddcaf',489027,962,1652827753,1652827753);
INSERT INTO player_score VALUES('562aa8a00',41,'21ae06c50','504581d40',86505,1894,1653676218,1653676218);
INSERT INTO player_score VALUES('366169da0',41,'22374c60b','127cddcaf',367920,957,1652822966,1652822966);
INSERT INTO player_score VALUES('562b3b1ba',41,'22374c60b','504581d40',60512,1896,1653676278,1653676278);
INSERT INTO player_score VALUES('35fc61947',41,'224874794','127cddcaf',381988,946,1652812372,1652812372);
INSERT INTO player_score VALUES('563a53d59',41,'224874794','504581d40',232557,1914,1653677861,1653677861);
INSERT INTO player_score VALUES('34ce751e9',41,'225b5b585','127cddcaf',173382,899,1652780713,1652780713);
INSERT INTO player_score VALUES('373ddfd93',41,'226fa9157','127cddcaf',364,976,1652846083,1652846083);
INSERT INTO player_score VALUES('55c4a9c81',41,'226fa9157','504581d40',325458,1761,1653665523,1653665523);
INSERT INTO player_score VALUES('375b1abe1',41,'22a3b648c','127cddcaf',145114,980,1652849148,1652849148);
INSERT INTO player_score VALUES('55fbbf533',41,'22a3b648c','504581d40',80850,1838,1653671299,1653671299);
INSERT INTO player_score VALUES('34ed78922',41,'22eb3a627','127cddcaf',27140,908,1652783965,1652783965);
INSERT INTO player_score VALUES('5597eab4d',41,'22eb3a627','504581d40',123728,1701,1653660831,1653660831);
INSERT INTO player_score VALUES('339a9a117',41,'233e65e49','127cddcaf',164268,868,1652748432,1652748432);
INSERT INTO player_score VALUES('55e98f920',41,'233e65e49','504581d40',7500,1814,1653669392,1653669392);
INSERT INTO player_score VALUES('366a08e00',41,'23902a828','127cddcaf',73500,959,1652823870,1652823870);
INSERT INTO player_score VALUES('564577682',41,'23902a828','504581d40',31365,1927,1653679029,1653679029);
INSERT INTO player_score VALUES('2bd0b02e2',41,'23f9e6640','127cddcaf',81528,674,1652539355,1652539355);
INSERT INTO player_score VALUES('5655c1552',41,'23f9e6640','504581d40',4366,1950,1653680737,1653680737);
INSERT INTO player_score VALUES('350d729c1',41,'247444102','127cddcaf',0,913,1652787318,1652787318);
INSERT INTO player_score VALUES('5652b8f37',41,'247444102','504581d40',75600,1946,1653680419,1653680419);
INSERT INTO player_score VALUES('36b3f91cf',41,'24b90def4','127cddcaf',4590,965,1652831623,1652831623);
INSERT INTO player_score VALUES('55d7e1378',41,'24b90def4','504581d40',149600,1794,1653667538,1653667538);
INSERT INTO player_score VALUES('365eb95ec',41,'250acb3ad','127cddcaf',201480,956,1652822684,1652822684);
INSERT INTO player_score VALUES('562d4a724',41,'250acb3ad','504581d40',41888,1899,1653676494,1653676494);
INSERT INTO player_score VALUES('36712d7fe',41,'258088d52','127cddcaf',106288,961,1652824619,1652824619);
INSERT INTO player_score VALUES('56439dc76',41,'258088d52','504581d40',306000,1926,1653678835,1653678835);
INSERT INTO player_score VALUES('35bb39e6a',41,'25b95d2b6','127cddcaf',304980,935,1652805540,1652805540);
INSERT INTO player_score VALUES('564cd69c5',41,'25b95d2b6','504581d40',14560,1936,1653679802,1653679802);
INSERT INTO player_score VALUES('374664010',41,'26478c181','127cddcaf',1734,979,1652846976,1652846976);
INSERT INTO player_score VALUES('55b519646',41,'26478c181','504581d40',43860,1744,1653663891,1653663891);
INSERT INTO player_score VALUES('35d91d448',41,'270941f2a','127cddcaf',99015,943,1652808674,1652808674);
INSERT INTO player_score VALUES('55827a683',41,'270941f2a','504581d40',4958,1672,1653658583,1653658583);
INSERT INTO player_score VALUES('36b57386f',41,'275d0c235','127cddcaf',56133,966,1652831778,1652831778);
INSERT INTO player_score VALUES('550b92f3e',41,'275d0c235','504581d40',17820,1529,1653646115,1653646115);
INSERT INTO player_score VALUES('55fd1792e',41,'28921103a','504581d40',174468,1840,1653671440,1653671440);
INSERT INTO player_score VALUES('3268014bb',41,'294edd87c','127cddcaf',277472,841,1652716283,1652716283);
INSERT INTO player_score VALUES('56435e4c5',41,'294edd87c','504581d40',172380,1925,1653678809,1653678809);
INSERT INTO player_score VALUES('36f35d206',41,'2a54161ad','127cddcaf',166439,972,1652838270,1652838270);
INSERT INTO player_score VALUES('560905c6b',41,'2a54161ad','504581d40',58968,1853,1653672691,1653672691);
INSERT INTO player_score VALUES('358b7ea95',41,'2b4643281','127cddcaf',200655,925,1652800535,1652800535);
INSERT INTO player_score VALUES('56528d071',41,'2b4643281','504581d40',15680,1945,1653680401,1653680401);
INSERT INTO player_score VALUES('35ace959a',41,'2c5ebf5b2','127cddcaf',468952,932,1652804039,1652804039);
INSERT INTO player_score VALUES('5613527dd',41,'2c5ebf5b2','504581d40',420420,1867,1653673771,1653673771);
INSERT INTO player_score VALUES('3665ef136',41,'2c903962e','127cddcaf',228690,958,1652823440,1652823440);
INSERT INTO player_score VALUES('564613ab0',41,'2c903962e','504581d40',204288,1929,1653679093,1653679093);
INSERT INTO player_score VALUES('363c5a8b7',41,'2cfbc2b11','127cddcaf',193347,951,1652819080,1652819080);
INSERT INTO player_score VALUES('5622442a4',41,'2cfbc2b11','504581d40',512148,1885,1653675338,1653675338);
INSERT INTO player_score VALUES('5628bde31',41,'2d7e53f6a','504581d40',140616,1890,1653676017,1653676017);
INSERT INTO player_score VALUES('349b8ce30',41,'2db6899cb','127cddcaf',428740,891,1652775375,1652775375);
INSERT INTO player_score VALUES('55d8b32d1',41,'2db6899cb','504581d40',64600,1796,1653667624,1653667624);
INSERT INTO player_score VALUES('35d85c638',41,'2f0b30a48','127cddcaf',207400,942,1652808595,1652808595);
INSERT INTO player_score VALUES('55cb210e4',41,'2f0b30a48','504581d40',27324,1769,1653666201,1653666201);
INSERT INTO player_score VALUES('36d8e1591',41,'2f903f297','127cddcaf',121481,968,1652835493,1652835493);
INSERT INTO player_score VALUES('563ce4938',41,'2f903f297','504581d40',0,1918,1653678130,1653678130);
INSERT INTO player_score VALUES('35b987554',41,'2fff7e267','127cddcaf',4465,933,1652805362,1652805362);
INSERT INTO player_score VALUES('2ca2978a5',41,'30e9c5be6','127cddcaf',151200,700,1652561365,1652561365);
INSERT INTO player_score VALUES('55f168d98',41,'30e9c5be6','504581d40',15975,1826,1653670215,1653670215);
INSERT INTO player_score VALUES('36d9197e9',41,'31889b5db','127cddcaf',75924,969,1652835516,1652835516);
INSERT INTO player_score VALUES('366d1d74e',41,'318f792bf','127cddcaf',150234,960,1652824193,1652824193);
INSERT INTO player_score VALUES('562342123',41,'318f792bf','504581d40',175500,1886,1653675442,1653675442);
INSERT INTO player_score VALUES('563013553',41,'322d0a17e','504581d40',180320,1903,1653676786,1653676786);
INSERT INTO player_score VALUES('353fe811d',41,'33356d2f3','127cddcaf',134850,917,1652792609,1652792609);
INSERT INTO player_score VALUES('557a900c2',41,'33356d2f3','504581d40',75240,1661,1653657753,1653657753);
INSERT INTO player_score VALUES('36f0d3b55',41,'341cbb0e1','127cddcaf',60888,971,1652838004,1652838004);
INSERT INTO player_score VALUES('563809e5e',41,'341cbb0e1','504581d40',155376,1910,1653677621,1653677621);
INSERT INTO player_score VALUES('36c3d0485',41,'3522f3f64','127cddcaf',19710,967,1652833284,1652833284);
INSERT INTO player_score VALUES('564c21f2f',41,'3522f3f64','504581d40',25228,1935,1653679728,1653679728);
INSERT INTO player_score VALUES('28b94a883',41,'354ca83d2','127cddcaf',126400,588,1652456371,1652456371);
INSERT INTO player_score VALUES('561280899',41,'354ca83d2','504581d40',30888,1866,1653673685,1653673685);
INSERT INTO player_score VALUES('560fb2c43',41,'37ae3048e','504581d40',69888,1859,1653673391,1653673391);
INSERT INTO player_score VALUES('55f0b42f7',41,'37c2ce9a9','504581d40',329940,1823,1653670141,1653670141);
INSERT INTO player_score VALUES('5645db7ec',41,'37d6876fe','504581d40',53820,1928,1653679070,1653679070);
INSERT INTO player_score VALUES('5654a61f8',41,'389aa20fe','504581d40',22176,1948,1653680621,1653680621);
INSERT INTO player_score VALUES('560ca7f40',41,'393006af7','504581d40',1672,1858,1653673072,1653673072);
INSERT INTO player_score VALUES('55cc4876e',41,'3987c3a2a','504581d40',38947,1772,1653666322,1653666322);
INSERT INTO player_score VALUES('5606db931',41,'39aa079cd','504581d40',497475,1851,1653672464,1653672464);
INSERT INTO player_score VALUES('564a19eb5',41,'3a7c41f6c','504581d40',97867,1933,1653679515,1653679515);
INSERT INTO player_score VALUES('5629f182c',41,'3ab139882','504581d40',147264,1891,1653676143,1653676143);
INSERT INTO player_score VALUES('5639733dc',41,'3b562256f','504581d40',10880,1912,1653677769,1653677769);
INSERT INTO player_score VALUES('56569d0b9',41,'3d9ce2e45','504581d40',102600,1951,1653680827,1653680827);
INSERT INTO player_score VALUES('562f463ea',41,'3df57b92f','504581d40',106950,1901,1653676702,1653676702);
INSERT INTO player_score VALUES('562894653',41,'3e2ff6414','504581d40',684480,1889,1653676000,1653676000);
INSERT INTO player_score VALUES('5611a9b25',41,'3f2f47994','504581d40',88200,1863,1653673597,1653673597);
INSERT INTO player_score VALUES('561c8b565',41,'3feb95261','504581d40',80960,1876,1653674738,1653674738);
INSERT INTO player_score VALUES('56508ec57',41,'409b31373','504581d40',151528,1943,1653680192,1653680192);
INSERT INTO player_score VALUES('558d747b6',41,'40d728c68','504581d40',370944,1684,1653659734,1653659734);
INSERT INTO player_score VALUES('561c077f4',41,'417cab63f','504581d40',302784,1874,1653674684,1653674684);
INSERT INTO player_score VALUES('561ed5470',41,'423336583','504581d40',721280,1881,1653674978,1653674978);
INSERT INTO player_score VALUES('556488692',41,'42d028915','504581d40',100485,1631,1653655443,1653655443);
INSERT INTO player_score VALUES('56320560f',41,'43641c8d4','504581d40',4400,1905,1653676990,1653676990);
INSERT INTO player_score VALUES('55e789fec',41,'43b7013b5','504581d40',10816,1812,1653669180,1653669180);
INSERT INTO player_score VALUES('563c03fbd',41,'43b983582','504581d40',36900,1917,1653678038,1653678038);
INSERT INTO player_score VALUES('563a73929',41,'4473d785b','504581d40',441796,1915,1653677874,1653677874);
INSERT INTO player_score VALUES('5637d6a35',41,'457279152','504581d40',41118,1909,1653677600,1653677600);
INSERT INTO player_score VALUES('55ec27a62',41,'469b1f723','504581d40',3400,1816,1653669664,1653669664);
INSERT INTO player_score VALUES('55d4242dd',41,'46cc3f25b','504581d40',231756,1783,1653667146,1653667146);
INSERT INTO player_score VALUES('55e658d23',41,'473a6a454','504581d40',58212,1809,1653669055,1653669055);
INSERT INTO player_score VALUES('5611bfa83',41,'4a64b9394','504581d40',238140,1864,1653673606,1653673606);
INSERT INTO player_score VALUES('5609935e7',41,'4c7de8c37','504581d40',3888,1855,1653672749,1653672749);
INSERT INTO player_score VALUES('55cd6135d',41,'4cbdb837f','504581d40',0,1773,1653666437,1653666437);
INSERT INTO player_score VALUES('560bd38cc',41,'4d785cf9d','504581d40',140300,1857,1653672985,1653672985);
INSERT INTO player_score VALUES('561d25215',41,'4dd04abd8','504581d40',131130,1878,1653674801,1653674801);
INSERT INTO player_score VALUES('5588c0dba',41,'4f403f860','504581d40',23562,1678,1653659241,1653659241);
INSERT INTO player_score VALUES('564ee5f5e',41,'4fc94cf4e','504581d40',0,1938,1653680018,1653680018);
INSERT INTO player_score VALUES('565014aef',41,'502188d9d','504581d40',2492,1941,1653680142,1653680142);
INSERT INTO player_score VALUES('55c4d5b58',41,'50382a51e','504581d40',72240,1762,1653665541,1653665541);
INSERT INTO player_score VALUES('562aa8a01',41,'50467119a','504581d40',64152,1893,1653676218,1653676218);
INSERT INTO player_score VALUES('5652ca0ed',41,'50f5ed68d','504581d40',90000,1947,1653680426,1653680426);
INSERT INTO player_score VALUES('564f7d562',41,'512d6e65b','504581d40',218178,1939,1653680080,1653680080);
INSERT INTO player_score VALUES('564cef092',41,'5210c9852','504581d40',130720,1937,1653679812,1653679812);
INSERT INTO player_score VALUES('56327822b',41,'52632584d','504581d40',17080,1906,1653677037,1653677037);
INSERT INTO player_score VALUES('5646e59b6',41,'532b2b8e6','504581d40',275964,1930,1653679179,1653679179);
INSERT INTO player_score VALUES('560072f18',41,'533dba881','504581d40',238000,1844,1653671792,1653671792);
INSERT INTO player_score VALUES('563995680',41,'5374f729c','504581d40',7285,1913,1653677783,1653677783);
INSERT INTO player_score VALUES('565595627',41,'543aa981a','504581d40',24024,1949,1653680719,1653680719);
INSERT INTO player_score VALUES('54be2ef04',41,'5441ae61d','504581d40',58968,1419,1653638000,1653638000);
INSERT INTO player_score VALUES('55d541d49',41,'545a15f5e','504581d40',20160,1786,1653667263,1653667263);
INSERT INTO player_score VALUES('5650df56f',41,'5461e573d','504581d40',23688,1944,1653680225,1653680225);
INSERT INTO player_score VALUES('55f8e55af',41,'559e42390','504581d40',398848,1834,1653671000,1653671000);
INSERT INTO player_score VALUES('561c3fa3d',41,'55d820ac8','504581d40',105966,1875,1653674707,1653674707);
COMMIT;
