
BEGIN;
CREATE TABLE IF NOT EXISTS competition (
  id VARCHAR(255) NOT NULL PRIMARY KEY,
  tenant_id BIGINT NOT NULL,
  title TEXT NOT NULL,
  finished_at BIGINT NULL,
  created_at BIGINT NOT NULL,
  updated_at BIGINT NOT NULL
);
INSERT INTO competition VALUES('15c1690cd',42,'すこしマンゴーマニア vol.0',1653775538,1651947195,1653775538);
INSERT INTO competition VALUES('16ff4a03b',42,'第3回 リリー大好き',1652533967,1651980527,1652533967);
INSERT INTO competition VALUES('18cf95e14',42,'北千住テーマパーク大会',NULL,1652029212,1653338729);
INSERT INTO competition VALUES('1a37549b0',42,'平面的ワインの世界 #3',NULL,1652066934,1653100027);
INSERT INTO competition VALUES('1d969640a',42,'世界のたまプラーザ完全理解杯',NULL,1652157453,1653564495);
INSERT INTO competition VALUES('27d3e00c4',42,'第7回 苦み高校',1653007278,1652432315,1653007278);
INSERT INTO competition VALUES('323a5f2fa',42,'レモン姉妹大会',NULL,1652711498,1652891400);
INSERT INTO competition VALUES('3aabb8d70',42,'ベンチマーク式 vol.1',1653364284,1652938132,1653364284);
INSERT INTO competition VALUES('3ad4ee251',42,'ふつう津田沼事務所',1653816851,1652942453,1653816851);
INSERT INTO competition VALUES('3b9a79740',42,'買える白菜_allカップ',NULL,1652963167,1653136374);
INSERT INTO competition VALUES('3ddb15c0d',42,'あんかけなすカレー',1653143886,1653023629,1653143886);
INSERT INTO competition VALUES('419e77b93',42,'第4回 運営こわれました',NULL,1653124647,1653692299);
INSERT INTO competition VALUES('44deff29a',42,'第4回 限界集落おばさん基地',1653296613,1653211944,1653296613);
INSERT INTO competition VALUES('570db32a5',42,'100万回ミルク以外カップ',NULL,1653700025,1653735229);
INSERT INTO competition VALUES('5b76cfea3',42,'ヤバポンカンず',NULL,1653818421,1654038661);
INSERT INTO competition VALUES('5c82e8baa',42,'いっけな〜いカレーがヤバい大会',NULL,1653846533,1653917304);
CREATE TABLE IF NOT EXISTS player (
  id VARCHAR(255) NOT NULL PRIMARY KEY,
  tenant_id BIGINT NOT NULL,
  display_name TEXT NOT NULL,
  is_disqualified BOOLEAN NOT NULL,
  created_at BIGINT NOT NULL,
  updated_at BIGINT NOT NULL
);
INSERT INTO player VALUES('11228058d',42,'Lauren Predovic PhD',0,1651823158,1652802631);
INSERT INTO player VALUES('113f4d652',42,'Hertha Abbott',1,1651826178,1653822065);
INSERT INTO player VALUES('11d54e46a',42,'Ms. Lilian Nolan Sr.',0,1651841907,1653287350);
INSERT INTO player VALUES('11d5691e2',42,'Pink Bosco',0,1651841918,1652075844);
INSERT INTO player VALUES('132bf873a',42,'Mr. Arnoldo Collins PhD',0,1651877838,1653502871);
INSERT INTO player VALUES('16cba35ce',42,'Stacy Schiller',0,1651975111,1652492626);
INSERT INTO player VALUES('16d4a40af',42,'Ms. Taryn Fay III',1,1651976055,1652434641);
INSERT INTO player VALUES('171810c71',42,'Jakob Towne',0,1651983125,1652128988);
INSERT INTO player VALUES('1a0f26f53',42,'Kaleb Stiedemann',0,1652062721,1652566145);
INSERT INTO player VALUES('1a2f7b506',42,'Ms. Paige Lueilwitz',0,1652066111,1653404258);
INSERT INTO player VALUES('1a793d259',42,'Mr. Glen Gaylord II',0,1652073845,1652191493);
INSERT INTO player VALUES('1c3fcc5a6',42,'Bart Kessler',1,1652121509,1653059273);
INSERT INTO player VALUES('1d202b4c4',42,'Scottie Anderson',1,1652145036,1652972850);
INSERT INTO player VALUES('1d339ae51',42,'Mr. Nolan Johns DDS',0,1652147074,1653879661);
INSERT INTO player VALUES('1dcee9339',42,'Drew Collins',0,1652163359,1653399760);
INSERT INTO player VALUES('1ee065688',42,'Verona Nienow',0,1652192036,1653622001);
INSERT INTO player VALUES('20449ccd7',42,'Lawrence Gutkowski',0,1652229388,1652465695);
INSERT INTO player VALUES('21a06ae46',42,'Kaylee Altenwerth',1,1652265858,1652355135);
INSERT INTO player VALUES('23fcb6970',42,'Jennings Watsica',0,1652329223,1653915870);
INSERT INTO player VALUES('24ea041c4',42,'Mr. Hayley Turner DVM',0,1652354106,1653493255);
INSERT INTO player VALUES('2659c8113',42,'Enoch Schamberger',0,1652392669,1652940822);
INSERT INTO player VALUES('2665a79cf',42,'Mr. Tristian Zieme',0,1652393914,1653739644);
INSERT INTO player VALUES('26c0e96e2',42,'Anita Fay',0,1652403483,1653602297);
INSERT INTO player VALUES('28422aee4',42,'Dorothy Price',0,1652443880,1653136984);
INSERT INTO player VALUES('2875af644',42,'Mr. Gayle Gibson Jr.',0,1652449282,1653664339);
INSERT INTO player VALUES('28bcaac83',42,'Elian Mann',0,1652456725,1654030467);
INSERT INTO player VALUES('29e44bed6',42,'Tomasa Moore',0,1652487724,1653024104);
INSERT INTO player VALUES('2b488f8e1',42,'Ms. Felicia Daugherty V',0,1652525081,1653832163);
INSERT INTO player VALUES('2beb4942d',42,'Mr. Gardner Rippin Sr.',0,1652542144,1652730323);
INSERT INTO player VALUES('2c8f209d1',42,'Ms. Jude Krajcik II',0,1652559324,1653287099);
INSERT INTO player VALUES('2f1d2840e',42,'Mr. Will Keeling',0,1652627904,1653826078);
INSERT INTO player VALUES('3026c8bd6',42,'Ms. Hailie Stiedemann',0,1652655757,1652774403);
INSERT INTO player VALUES('31a9627b7',42,'Danika Sauer',0,1652696295,1653555330);
INSERT INTO player VALUES('31e0b2a19',42,'Percival Murray III',0,1652702095,1653938538);
INSERT INTO player VALUES('322a54b91',42,'Edmund Spencer Sr.',0,1652709816,1652991923);
INSERT INTO player VALUES('32b155467',42,'Ms. Beulah Emmerich Sr.',0,1652723972,1652851598);
INSERT INTO player VALUES('338762a40',42,'Rocky White',0,1652746417,1653900218);
INSERT INTO player VALUES('344fc3099',42,'Anthony Stoltenberg',0,1652767428,1653936766);
INSERT INTO player VALUES('35feadf7e',42,'Mr. Saul Parisian DDS',0,1652812613,1653238070);
INSERT INTO player VALUES('370a42f0f',42,'Fermin Nicolas',0,1652840671,1653260876);
INSERT INTO player VALUES('37cb74f30',42,'Demarcus Schimmel',0,1652860929,1653955179);
INSERT INTO player VALUES('3840dd1c0',42,'Theresa Zulauf',0,1652873240,1653444188);
INSERT INTO player VALUES('387d67270',42,'Levi Kohler',0,1652879588,1653016934);
INSERT INTO player VALUES('3a919c47d',42,'Ms. Rose Hessel',0,1652935394,1653290162);
INSERT INTO player VALUES('3e7122d81',42,'Mr. Travis Padberg',0,1653039363,1653818169);
INSERT INTO player VALUES('3eb672fc0',42,'Cheyenne Turner',1,1653046631,1653329270);
INSERT INTO player VALUES('3f83c403d',42,'Reuben Krajcik',0,1653068160,1653380607);
INSERT INTO player VALUES('4003c9739',42,'Isac Fahey',0,1653081584,1653708323);
INSERT INTO player VALUES('41cfb9985',42,'Mr. Rosario Green II',0,1653129812,1653485398);
INSERT INTO player VALUES('41ea15a11',42,'Mr. Johnathan Harvey',0,1653132576,1653649693);
INSERT INTO player VALUES('42ddff0a7',42,'Ms. Daisy Morar IV',0,1653158152,1653958672);
INSERT INTO player VALUES('43514e176',42,'Devante Rohan',0,1653170243,1653276466);
INSERT INTO player VALUES('43abddad5',42,'Ken Glover PhD',0,1653179739,1653364817);
INSERT INTO player VALUES('43b2f3a76',42,'Kathryne Hamill',0,1653180482,1653503937);
INSERT INTO player VALUES('4448b50b1',42,'Ms. Taryn Haag Jr.',0,1653196185,1653363222);
INSERT INTO player VALUES('44b5c0161',42,'Tabitha Wilderman',0,1653207619,1653300995);
INSERT INTO player VALUES('44d246575',42,'Conrad Doyle',0,1653210610,1653624019);
INSERT INTO player VALUES('454aca625',42,'Mr. Soledad Ondricka',0,1653223247,1653454540);
INSERT INTO player VALUES('45ddddbe7',42,'Angelica Kiehn',0,1653238669,1653278186);
INSERT INTO player VALUES('45f3618f6',42,'Julius Lind IV',0,1653240925,1653544403);
INSERT INTO player VALUES('47d38227a',42,'Ms. Mafalda McLaughlin MD',0,1653291270,1653662753);
INSERT INTO player VALUES('47ec3a464',42,'Mr. Arden Pagac',1,1653293862,1653295933);
INSERT INTO player VALUES('4822c2420',42,'Sidney Nolan',0,1653299580,1653316840);
INSERT INTO player VALUES('4a71aa3a1',42,'Macey Klocko',0,1653361541,1653752043);
INSERT INTO player VALUES('4a867bd1f',42,'Ulises Toy',0,1653363724,1653972090);
INSERT INTO player VALUES('4b14eca94',42,'Jaydon Schuster IV',0,1653378660,1653946145);
INSERT INTO player VALUES('4cb13785d',42,'Madge Powlowski',0,1653421892,1653485894);
INSERT INTO player VALUES('4d55beac8',42,'Nicklaus Predovic',0,1653439144,1653902423);
INSERT INTO player VALUES('4ec15c9be',42,'Adrain Bode',0,1653477272,1653485410);
INSERT INTO player VALUES('50521d626',42,'Mr. Tod Monahan',0,1653519294,1653817725);
INSERT INTO player VALUES('51260a4df',42,'Verner Cartwright MD',0,1653541516,1653679083);
INSERT INTO player VALUES('51a27ea95',42,'Triston Kertzmann',0,1653554566,1653780807);
INSERT INTO player VALUES('51a76f4ef',42,'Hailee Gulgowski',0,1653555084,1653700046);
INSERT INTO player VALUES('526d3ef78',42,'Ms. Elvie Buckridge DVM',0,1653575826,1653641735);
INSERT INTO player VALUES('5415620c5',42,'Ms. Celine Conn',0,1653620300,1653634632);
INSERT INTO player VALUES('549422cbd',42,'Lois Shields',0,1653633591,1653669755);
INSERT INTO player VALUES('55bcf2afc',42,'Ms. Marcella Huels',0,1653664714,1653763427);
INSERT INTO player VALUES('569cc19a1',42,'Mohammed Shields',0,1653688182,1653996003);
INSERT INTO player VALUES('56e425f81',42,'Ms. Aubrey Abshire Sr.',0,1653695668,1653711518);
INSERT INTO player VALUES('56e97ab84',42,'Mr. Desmond Osinski',0,1653696227,1653819411);
INSERT INTO player VALUES('5769850b5',42,'Ezra Cruickshank MD',0,1653709653,1653939772);
INSERT INTO player VALUES('5826fc722',42,'Lennie Boehm',0,1653729520,1653813737);
INSERT INTO player VALUES('587d6d58b',42,'Liliana Stehr',0,1653738584,1653840910);
INSERT INTO player VALUES('596dd933d',42,'Eden Brekke III',0,1653763794,1653893489);
INSERT INTO player VALUES('5a8eada49',42,'Eleonore Cronin',1,1653794080,1653898763);
INSERT INTO player VALUES('5be89fa57',42,'Elias O"Connell',0,1653830355,1653872075);
INSERT INTO player VALUES('5d85d4e96',42,'Ms. Dariana Ryan',0,1653873683,1653960079);
INSERT INTO player VALUES('5ec7ef63d',42,'Augustus Hane',0,1653907458,1654033818);
INSERT INTO player VALUES('612f80d74',42,'Ms. Lessie Osinski',0,1653972005,1654018979);
INSERT INTO player VALUES('61b04e7d4',42,'Ryleigh Corkery',0,1653985511,1654024649);
INSERT INTO player VALUES('6335915d9',42,'Mr. Laron Bradtke',0,1654026328,1654040349);
CREATE TABLE IF NOT EXISTS IF NOT EXISTS player_score (
                              id VARCHAR(255) NOT NULL PRIMARY KEY,
                              tenant_id BIGINT NOT NULL,
                              player_id VARCHAR(255) NOT NULL,
                              competition_id VARCHAR(255) NOT NULL,
                              score BIGINT NOT NULL,
                              row_num BIGINT NOT NULL,
                              created_at BIGINT NOT NULL,
                              updated_at BIGINT NOT NULL
);
INSERT INTO player_score VALUES('57170e335',42,'11228058d','15c1690cd',249984,1523,1653701006,1653701006);
INSERT INTO player_score VALUES('2a3ca2af5',42,'11228058d','16ff4a03b',7728,416,1652496987,1652496987);
INSERT INTO player_score VALUES('600745e04',42,'11228058d','18cf95e14',4636,1565,1653940943,1653940943);
INSERT INTO player_score VALUES('59dfdc364',42,'11228058d','1a37549b0',49662,1527,1653775749,1653775749);
INSERT INTO player_score VALUES('3c0d4bf7a',42,'11228058d','27d3e00c4',12768,797,1652975207,1652975207);
INSERT INTO player_score VALUES('6187e3ccc',42,'11228058d','323a5f2fa',828768,1665,1653981273,1653981273);
INSERT INTO player_score VALUES('4a325c284',42,'11228058d','3aabb8d70',700,1125,1653354903,1653354903);
INSERT INTO player_score VALUES('576914b97',42,'11228058d','3ad4ee251',244032,1332,1653709607,1653709607);
INSERT INTO player_score VALUES('61bd9eae5',42,'11228058d','3b9a79740',158118,1771,1653986907,1653986907);
INSERT INTO player_score VALUES('41ffccbab',42,'11228058d','3ddb15c0d',108288,837,1653134853,1653134853);
INSERT INTO player_score VALUES('63b83ff10',42,'11228058d','419e77b93',812160,1843,1654040031,1654040031);
INSERT INTO player_score VALUES('47ee1b3d4',42,'11228058d','44deff29a',275616,1068,1653294059,1653294059);
INSERT INTO player_score VALUES('62a24845a',42,'11228058d','570db32a5',720544,1514,1654010884,1654010884);
INSERT INTO player_score VALUES('636ff88a8',42,'11228058d','5b76cfea3',300560,1569,1654032452,1654032452);
INSERT INTO player_score VALUES('636b05708',42,'11228058d','5c82e8baa',488835,1558,1654031933,1654031933);
INSERT INTO player_score VALUES('583a6c0c2',42,'113f4d652','15c1690cd',17739,1547,1653731558,1653731558);
INSERT INTO player_score VALUES('6255e49ef',42,'113f4d652','18cf95e14',96048,1617,1654002874,1654002874);
INSERT INTO player_score VALUES('5e6223d58',42,'113f4d652','1a37549b0',624,1640,1653896784,1653896784);
INSERT INTO player_score VALUES('62ab3a542',42,'113f4d652','1d969640a',21060,1614,1654011822,1654011822);
INSERT INTO player_score VALUES('3ccc25661',42,'113f4d652','27d3e00c4',159775,829,1652995219,1652995219);
INSERT INTO player_score VALUES('5b7bf8b7e',42,'113f4d652','323a5f2fa',196352,1444,1653818962,1653818962);
INSERT INTO player_score VALUES('580d7c1e2',42,'113f4d652','3ad4ee251',27528,1367,1653726846,1653726846);
INSERT INTO player_score VALUES('61a8382ce',42,'113f4d652','3b9a79740',221112,1768,1653984663,1653984663);
INSERT INTO player_score VALUES('422bbc490',42,'113f4d652','3ddb15c0d',549753,868,1653139460,1653139460);
INSERT INTO player_score VALUES('63c2c745b',42,'113f4d652','419e77b93',65348,1846,1654041135,1654041135);
INSERT INTO player_score VALUES('47fd6c24f',42,'113f4d652','44deff29a',37908,1090,1653295665,1653295665);
INSERT INTO player_score VALUES('639d1e245',42,'113f4d652','570db32a5',65600,1638,1654037186,1654037186);
INSERT INTO player_score VALUES('6361883ac',42,'113f4d652','5b76cfea3',134784,1558,1654030938,1654030938);
INSERT INTO player_score VALUES('630e444f2',42,'113f4d652','5c82e8baa',14322,1473,1654022207,1654022207);
INSERT INTO player_score VALUES('5996501ac',42,'11d54e46a','15c1690cd',143640,1574,1653768037,1653768037);
INSERT INTO player_score VALUES('2a266a349',42,'11d54e46a','16ff4a03b',436590,414,1652494657,1652494657);
INSERT INTO player_score VALUES('6223321b4',42,'11d54e46a','18cf95e14',391682,1615,1653997558,1653997558);
INSERT INTO player_score VALUES('62acd208d',42,'11d54e46a','1a37549b0',267177,1734,1654011989,1654011989);
INSERT INTO player_score VALUES('61bab60f9',42,'11d54e46a','1d969640a',46640,1597,1653986602,1653986602);
INSERT INTO player_score VALUES('3c7d7f213',42,'11d54e46a','27d3e00c4',127400,813,1652986972,1652986972);
INSERT INTO player_score VALUES('61b6e30d9',42,'11d54e46a','323a5f2fa',77922,1672,1653986201,1653986201);
INSERT INTO player_score VALUES('4a08ffc76',42,'11d54e46a','3aabb8d70',394632,1113,1653350566,1653350566);
INSERT INTO player_score VALUES('60b5dcb5a',42,'11d54e46a','3b9a79740',89280,1725,1653959250,1653959250);
INSERT INTO player_score VALUES('63be3d281',42,'11d54e46a','419e77b93',346290,1845,1654040659,1654040659);
INSERT INTO player_score VALUES('638f36955',42,'11d54e46a','570db32a5',579124,1632,1654035728,1654035728);
INSERT INTO player_score VALUES('6393b6e87',42,'11d54e46a','5b76cfea3',57288,1598,1654036200,1654036200);
INSERT INTO player_score VALUES('59cd63352',42,'11d5691e2','15c1690cd',42900,1582,1653773812,1653773812);
INSERT INTO player_score VALUES('2a2be8720',42,'11d5691e2','16ff4a03b',25440,415,1652495233,1652495233);
INSERT INTO player_score VALUES('62ac29945',42,'11d5691e2','18cf95e14',690,1623,1654011920,1654011920);
INSERT INTO player_score VALUES('63b325cd0',42,'11d5691e2','1a37549b0',5776,1761,1654039496,1654039496);
INSERT INTO player_score VALUES('604438e9a',42,'11d5691e2','1d969640a',61712,1551,1653947334,1653947334);
INSERT INTO player_score VALUES('3c4cf1ed8',42,'11d5691e2','27d3e00c4',48944,809,1652981881,1652981881);
INSERT INTO player_score VALUES('5ca9db6e2',42,'11d5691e2','323a5f2fa',424840,1489,1653850617,1653850617);
INSERT INTO player_score VALUES('59ccb3718',42,'11d5691e2','3ad4ee251',0,1435,1653773740,1653773740);
INSERT INTO player_score VALUES('62f183797',42,'11d5691e2','3b9a79740',568008,1818,1654019192,1654019192);
INSERT INTO player_score VALUES('41a2ebdcf',42,'11d5691e2','3ddb15c0d',358190,759,1653125114,1653125114);
INSERT INTO player_score VALUES('639d1943a',42,'11d5691e2','419e77b93',75762,1831,1654037184,1654037184);
INSERT INTO player_score VALUES('47fa1f673',42,'11d5691e2','44deff29a',96048,1084,1653295319,1653295319);
INSERT INTO player_score VALUES('63781d7c9',42,'11d5691e2','570db32a5',75276,1624,1654033306,1654033306);
INSERT INTO player_score VALUES('630b59421',42,'11d5691e2','5b76cfea3',471504,1497,1654021901,1654021901);
INSERT INTO player_score VALUES('63aaeadbc',42,'11d5691e2','5c82e8baa',6612,1617,1654038633,1654038633);
INSERT INTO player_score VALUES('58d73e883',42,'132bf873a','15c1690cd',20100,1562,1653748002,1653748002);
INSERT INTO player_score VALUES('28b406df1',42,'132bf873a','16ff4a03b',142800,384,1652455819,1652455819);
INSERT INTO player_score VALUES('615a10d7d',42,'132bf873a','18cf95e14',198800,1598,1653976468,1653976468);
INSERT INTO player_score VALUES('6315e7e40',42,'132bf873a','1a37549b0',3600,1744,1654023008,1654023008);
INSERT INTO player_score VALUES('62468ed2a',42,'132bf873a','1d969640a',0,1604,1654001266,1654001266);
INSERT INTO player_score VALUES('3b40a3689',42,'132bf873a','27d3e00c4',16932,763,1652953747,1652953747);
INSERT INTO player_score VALUES('626b24106',42,'132bf873a','323a5f2fa',88537,1706,1654005102,1654005102);
INSERT INTO player_score VALUES('4a3da93a3',42,'132bf873a','3aabb8d70',105840,1130,1653356088,1653356088);
INSERT INTO player_score VALUES('5513c68fd',42,'132bf873a','3ad4ee251',98784,1249,1653646975,1653646975);
INSERT INTO player_score VALUES('61f0b2dd4',42,'132bf873a','3b9a79740',78561,1780,1653992263,1653992263);
INSERT INTO player_score VALUES('41b11cab7',42,'132bf873a','3ddb15c0d',504504,772,1653126602,1653126602);
INSERT INTO player_score VALUES('47a610dc3',42,'132bf873a','44deff29a',538704,973,1653286505,1653286505);
INSERT INTO player_score VALUES('636a0edb4',42,'132bf873a','570db32a5',197470,1618,1654031832,1654031832);
INSERT INTO player_score VALUES('635e0d1dc',42,'132bf873a','5b76cfea3',90720,1556,1654030573,1654030573);
INSERT INTO player_score VALUES('63710c670',42,'132bf873a','5c82e8baa',74052,1562,1654032565,1654032565);
INSERT INTO player_score VALUES('2a085870e',42,'16cba35ce','16ff4a03b',110880,411,1652491504,1652491504);
INSERT INTO player_score VALUES('5d5ade5b4',42,'16cba35ce','18cf95e14',153357,1505,1653869178,1653869178);
INSERT INTO player_score VALUES('5a1905ff5',42,'16cba35ce','1a37549b0',73696,1535,1653781743,1653781743);
INSERT INTO player_score VALUES('62b304f17',42,'16cba35ce','1d969640a',667776,1616,1654012639,1654012639);
INSERT INTO player_score VALUES('3cfdd040f',42,'16cba35ce','27d3e00c4',10836,837,1653000427,1653000427);
INSERT INTO player_score VALUES('6307ca9b5',42,'16cba35ce','323a5f2fa',17787,1730,1654021528,1654021528);
INSERT INTO player_score VALUES('497953fe3',42,'16cba35ce','3aabb8d70',186966,1079,1653335501,1653335501);
INSERT INTO player_score VALUES('596947c90',42,'16cba35ce','3ad4ee251',4752,1421,1653763315,1653763315);
INSERT INTO player_score VALUES('6286a7867',42,'16cba35ce','3b9a79740',3212,1806,1654007987,1654007987);
INSERT INTO player_score VALUES('6247437da',42,'16cba35ce','419e77b93',92300,1757,1654001340,1654001340);
INSERT INTO player_score VALUES('47f83e781',42,'16cba35ce','44deff29a',41760,1080,1653295122,1653295122);
INSERT INTO player_score VALUES('6369a5e31',42,'16cba35ce','570db32a5',24552,1616,1654031789,1654031789);
INSERT INTO player_score VALUES('636ca47a5',42,'16cba35ce','5b76cfea3',271908,1565,1654032103,1654032103);
INSERT INTO player_score VALUES('639a3f48b',42,'16cba35ce','5c82e8baa',252280,1601,1654036885,1654036885);
INSERT INTO player_score VALUES('4ab3dc038',42,'16d4a40af','15c1690cd',3024,1224,1653368482,1653368482);
INSERT INTO player_score VALUES('5f808c23c',42,'16d4a40af','18cf95e14',18354,1556,1653926816,1653926816);
INSERT INTO player_score VALUES('639341bce',42,'16d4a40af','1a37549b0',180310,1757,1654036152,1654036152);
INSERT INTO player_score VALUES('6084c6cd2',42,'16d4a40af','1d969640a',240122,1559,1653954103,1653954103);
INSERT INTO player_score VALUES('3cd7aa9f7',42,'16d4a40af','27d3e00c4',45540,831,1652996427,1652996427);
INSERT INTO player_score VALUES('6237fecfa',42,'16d4a40af','323a5f2fa',274762,1696,1653999739,1653999739);
INSERT INTO player_score VALUES('4886576b3',42,'16d4a40af','3aabb8d70',41600,1004,1653310022,1653310022);
INSERT INTO player_score VALUES('6394f92df',42,'16d4a40af','3b9a79740',58320,1843,1654036332,1654036332);
INSERT INTO player_score VALUES('4242e402c',42,'16d4a40af','3ddb15c0d',497475,885,1653141888,1653141888);
INSERT INTO player_score VALUES('62fbba3c2',42,'16d4a40af','419e77b93',26928,1792,1654020263,1654020263);
INSERT INTO player_score VALUES('4800720e1',42,'16d4a40af','44deff29a',445500,1096,1653295982,1653295982);
INSERT INTO player_score VALUES('624f500e5',42,'16d4a40af','570db32a5',54990,1476,1654002184,1654002184);
INSERT INTO player_score VALUES('6381f7737',42,'16d4a40af','5b76cfea3',96492,1588,1654034339,1654034339);
INSERT INTO player_score VALUES('632e59381',42,'16d4a40af','5c82e8baa',9234,1501,1654025571,1654025571);
INSERT INTO player_score VALUES('54c5f4b48',42,'171810c71','15c1690cd',149600,1478,1653638815,1653638815);
INSERT INTO player_score VALUES('2aeffbc28',42,'171810c71','16ff4a03b',76704,435,1652515793,1652515793);
INSERT INTO player_score VALUES('6049223bd',42,'171810c71','18cf95e14',29000,1575,1653947849,1653947849);
INSERT INTO player_score VALUES('5c75a248d',42,'171810c71','1a37549b0',29100,1594,1653845141,1653845141);
INSERT INTO player_score VALUES('3ccbb9fac',42,'171810c71','27d3e00c4',239400,828,1652995175,1652995175);
INSERT INTO player_score VALUES('5eecd2c34',42,'171810c71','323a5f2fa',421344,1561,1653911326,1653911326);
INSERT INTO player_score VALUES('49e6469f0',42,'171810c71','3aabb8d70',348348,1098,1653346925,1653346925);
INSERT INTO player_score VALUES('5a90bcfd5',42,'171810c71','3ad4ee251',36960,1471,1653794296,1653794296);
INSERT INTO player_score VALUES('5c7da783c',42,'171810c71','3b9a79740',6004,1538,1653845982,1653845982);
INSERT INTO player_score VALUES('424e66cb6',42,'171810c71','3ddb15c0d',79212,895,1653143095,1653143095);
INSERT INTO player_score VALUES('61da275fa',42,'171810c71','419e77b93',274995,1731,1653989899,1653989899);
INSERT INTO player_score VALUES('4802cf89e',42,'171810c71','44deff29a',3196,1103,1653296230,1653296230);
INSERT INTO player_score VALUES('63a299f33',42,'171810c71','570db32a5',76896,1644,1654037761,1654037761);
INSERT INTO player_score VALUES('62f5a97da',42,'171810c71','5c82e8baa',18876,1457,1654019627,1654019627);
INSERT INTO player_score VALUES('5658ce91c',42,'1a0f26f53','15c1690cd',256768,1503,1653681057,1653681057);
INSERT INTO player_score VALUES('2b96f8cbb',42,'1a0f26f53','16ff4a03b',332010,446,1652533303,1652533303);
INSERT INTO player_score VALUES('614bdb276',42,'1a0f26f53','18cf95e14',439587,1595,1653974978,1653974978);
INSERT INTO player_score VALUES('607cd9fb8',42,'1a0f26f53','1a37549b0',114000,1693,1653953272,1653953272);
INSERT INTO player_score VALUES('619e93e7a',42,'1a0f26f53','1d969640a',32130,1593,1653983652,1653983652);
INSERT INTO player_score VALUES('3cfec941f',42,'1a0f26f53','27d3e00c4',13348,838,1653000529,1653000529);
INSERT INTO player_score VALUES('63500d232',42,'1a0f26f53','323a5f2fa',181152,1740,1654029105,1654029105);
INSERT INTO player_score VALUES('48578de1a',42,'1a0f26f53','3aabb8d70',39105,994,1653305116,1653305116);
INSERT INTO player_score VALUES('5b42d15ec',42,'1a0f26f53','3ad4ee251',35991,1504,1653812969,1653812969);
INSERT INTO player_score VALUES('62f392d55',42,'1a0f26f53','3b9a79740',112229,1819,1654019408,1654019408);
INSERT INTO player_score VALUES('420c795a9',42,'1a0f26f53','3ddb15c0d',134550,850,1653136182,1653136182);
INSERT INTO player_score VALUES('61bfb2e73',42,'1a0f26f53','419e77b93',54600,1723,1653987125,1653987125);
INSERT INTO player_score VALUES('48016b1a1',42,'1a0f26f53','44deff29a',36736,1097,1653296084,1653296084);
INSERT INTO player_score VALUES('63568e2b6',42,'1a0f26f53','570db32a5',10064,1607,1654029787,1654029787);
INSERT INTO player_score VALUES('63b7ef61f',42,'1a0f26f53','5b76cfea3',184320,1618,1654039998,1654039998);
INSERT INTO player_score VALUES('637358c8c',42,'1a0f26f53','5c82e8baa',31752,1565,1654032806,1654032806);
INSERT INTO player_score VALUES('57f7991a9',42,'1a2f7b506','15c1690cd',151632,1542,1653724551,1653724551);
INSERT INTO player_score VALUES('2a80ba4f9',42,'1a2f7b506','16ff4a03b',193050,421,1652504127,1652504127);
INSERT INTO player_score VALUES('60bfca334',42,'1a2f7b506','18cf95e14',16896,1585,1653960291,1653960291);
INSERT INTO player_score VALUES('6074fe460',42,'1a2f7b506','1a37549b0',2178,1691,1653952448,1653952448);
INSERT INTO player_score VALUES('5d70b79f1',42,'1a2f7b506','1d969640a',0,1481,1653871469,1653871469);
INSERT INTO player_score VALUES('3a58ea1ca',42,'1a2f7b506','27d3e00c4',26325,736,1652929449,1652929449);
INSERT INTO player_score VALUES('633a7ab13',42,'1a2f7b506','323a5f2fa',2835,1734,1654026843,1654026843);
INSERT INTO player_score VALUES('4a79fd8f6',42,'1a2f7b506','3aabb8d70',184016,1148,1653362414,1653362414);
INSERT INTO player_score VALUES('5a0bf2d60',42,'1a2f7b506','3ad4ee251',71280,1448,1653780372,1653780372);
INSERT INTO player_score VALUES('61bfeb117',42,'1a2f7b506','3b9a79740',31122,1772,1653987148,1653987148);
INSERT INTO player_score VALUES('418821f50',42,'1a2f7b506','3ddb15c0d',14112,735,1653122305,1653122305);
INSERT INTO player_score VALUES('62ae38eae',42,'1a2f7b506','419e77b93',178534,1778,1654012136,1654012136);
INSERT INTO player_score VALUES('47e890c63',42,'1a2f7b506','44deff29a',41013,1058,1653293478,1653293478);
INSERT INTO player_score VALUES('636d76732',42,'1a2f7b506','5b76cfea3',52360,1567,1654032189,1654032189);
INSERT INTO player_score VALUES('562b81e7b',42,'1a793d259','15c1690cd',4392,1500,1653676307,1653676307);
INSERT INTO player_score VALUES('5f437e3ee',42,'1a793d259','18cf95e14',44280,1548,1653920414,1653920414);
INSERT INTO player_score VALUES('4cb37c94c',42,'1a793d259','1a37549b0',311220,1215,1653422130,1653422130);
INSERT INTO player_score VALUES('639f018f5',42,'1a793d259','1d969640a',54264,1634,1654037384,1654037384);
INSERT INTO player_score VALUES('3cadb46fb',42,'1a793d259','27d3e00c4',31280,823,1652992027,1652992027);
INSERT INTO player_score VALUES('635285795',42,'1a793d259','323a5f2fa',0,1742,1654029364,1654029364);
INSERT INTO player_score VALUES('49f9bff8a',42,'1a793d259','3aabb8d70',214266,1104,1653348967,1653348967);
INSERT INTO player_score VALUES('54c2130df',42,'1a793d259','3ad4ee251',181288,1232,1653638408,1653638408);
INSERT INTO player_score VALUES('63acdce9b',42,'1a793d259','3b9a79740',0,1844,1654038837,1654038837);
INSERT INTO player_score VALUES('4244c9db9',42,'1a793d259','3ddb15c0d',381546,890,1653142087,1653142087);
INSERT INTO player_score VALUES('6339e5c34',42,'1a793d259','419e77b93',92829,1806,1654026782,1654026782);
INSERT INTO player_score VALUES('47f513e7b',42,'1a793d259','44deff29a',108054,1075,1653294790,1653294790);
INSERT INTO player_score VALUES('63a8fdb39',42,'1a793d259','570db32a5',22715,1648,1654038431,1654038431);
INSERT INTO player_score VALUES('634365652',42,'1a793d259','5b76cfea3',91800,1536,1654027778,1654027778);
INSERT INTO player_score VALUES('6312c4a7b',42,'1a793d259','5c82e8baa',12200,1479,1654022679,1654022679);
INSERT INTO player_score VALUES('592e3f777',42,'1c3fcc5a6','15c1690cd',54560,1570,1653757125,1653757125);
INSERT INTO player_score VALUES('2b874b1b7',42,'1c3fcc5a6','16ff4a03b',63360,445,1652531659,1652531659);
INSERT INTO player_score VALUES('5cb9e0fa1',42,'1c3fcc5a6','1a37549b0',234156,1603,1653852297,1653852297);
INSERT INTO player_score VALUES('5e5d38126',42,'1c3fcc5a6','1d969640a',70686,1504,1653896268,1653896268);
INSERT INTO player_score VALUES('3cd77c3c4',42,'1c3fcc5a6','27d3e00c4',5148,830,1652996408,1652996408);
INSERT INTO player_score VALUES('624e3c281',42,'1c3fcc5a6','323a5f2fa',179928,1701,1654002071,1654002071);
INSERT INTO player_score VALUES('4a5cf85ca',42,'1c3fcc5a6','3aabb8d70',38556,1139,1653359371,1653359371);
INSERT INTO player_score VALUES('5b241996a',42,'1c3fcc5a6','3ad4ee251',352800,1500,1653809748,1653809748);
INSERT INTO player_score VALUES('634fd01d0',42,'1c3fcc5a6','3b9a79740',6930,1832,1654029080,1654029080);
INSERT INTO player_score VALUES('4242df215',42,'1c3fcc5a6','3ddb15c0d',348600,884,1653141886,1653141886);
INSERT INTO player_score VALUES('5ec652cce',42,'1c3fcc5a6','419e77b93',186000,1575,1653907289,1653907289);
INSERT INTO player_score VALUES('4750808e4',42,'1c3fcc5a6','44deff29a',40000,856,1653277533,1653277533);
INSERT INTO player_score VALUES('638afa98b',42,'1c3fcc5a6','570db32a5',216580,1629,1654035284,1654035284);
INSERT INTO player_score VALUES('63b7de4af',42,'1c3fcc5a6','5c82e8baa',18815,1628,1654039991,1654039991);
INSERT INTO player_score VALUES('58d34202b',42,'1d202b4c4','15c1690cd',59136,1561,1653747584,1653747584);
INSERT INTO player_score VALUES('2ab3bfd8f',42,'1d202b4c4','16ff4a03b',12177,428,1652509477,1652509477);
INSERT INTO player_score VALUES('61dcabe67',42,'1d202b4c4','18cf95e14',44720,1607,1653990163,1653990163);
INSERT INTO player_score VALUES('629354291',42,'1d202b4c4','1a37549b0',438045,1732,1654009316,1654009316);
INSERT INTO player_score VALUES('5fc399a7e',42,'1d202b4c4','1d969640a',14091,1531,1653933847,1653933847);
INSERT INTO player_score VALUES('3bc99d518',42,'1d202b4c4','27d3e00c4',27720,788,1652968110,1652968110);
INSERT INTO player_score VALUES('633d9de4e',42,'1d202b4c4','323a5f2fa',8932,1736,1654027172,1654027172);
INSERT INTO player_score VALUES('5a2c0a2e1',42,'1d202b4c4','3ad4ee251',680,1453,1653783737,1653783737);
INSERT INTO player_score VALUES('639400268',42,'1d202b4c4','3b9a79740',235125,1842,1654036230,1654036230);
INSERT INTO player_score VALUES('423e09585',42,'1d202b4c4','3ddb15c0d',133824,883,1653141379,1653141379);
INSERT INTO player_score VALUES('63758cbeb',42,'1d202b4c4','419e77b93',52440,1823,1654033037,1654033037);
INSERT INTO player_score VALUES('47f798737',42,'1d202b4c4','44deff29a',936,1079,1653295054,1653295054);
INSERT INTO player_score VALUES('62eed5749',42,'1d202b4c4','570db32a5',118560,1559,1654018911,1654018911);
INSERT INTO player_score VALUES('6374a4d47',42,'1d202b4c4','5b76cfea3',225330,1574,1654032942,1654032942);
INSERT INTO player_score VALUES('639da1fda',42,'1d202b4c4','5c82e8baa',31899,1605,1654037240,1654037240);
INSERT INTO player_score VALUES('555deeefd',42,'1d339ae51','15c1690cd',61047,1488,1653654751,1653654751);
INSERT INTO player_score VALUES('2b833b15a',42,'1d339ae51','16ff4a03b',1848,443,1652531233,1652531233);
INSERT INTO player_score VALUES('60d2f3014',42,'1d339ae51','18cf95e14',318780,1588,1653962300,1653962300);
INSERT INTO player_score VALUES('626fe3e40',42,'1d339ae51','1a37549b0',6000,1729,1654005600,1654005600);
INSERT INTO player_score VALUES('63a1a0f2e',42,'1d339ae51','1d969640a',40,1635,1654037659,1654037659);
INSERT INTO player_score VALUES('3d0d26036',42,'1d339ae51','27d3e00c4',269008,840,1653002035,1653002035);
INSERT INTO player_score VALUES('63813425e',42,'1d339ae51','323a5f2fa',114840,1746,1654034259,1654034259);
INSERT INTO player_score VALUES('5b5691860',42,'1d339ae51','3ad4ee251',32256,1508,1653815040,1653815040);
INSERT INTO player_score VALUES('6382e1d5b',42,'1d339ae51','3b9a79740',104788,1838,1654034435,1654034435);
INSERT INTO player_score VALUES('61ac2603b',42,'1d339ae51','419e77b93',120714,1714,1653985075,1653985075);
INSERT INTO player_score VALUES('627a8aeff',42,'1d339ae51','570db32a5',49533,1499,1654006717,1654006717);
INSERT INTO player_score VALUES('632b115fb',42,'1d339ae51','5b76cfea3',88209,1518,1654025227,1654025227);
INSERT INTO player_score VALUES('638c68ce6',42,'1d339ae51','5c82e8baa',139440,1583,1654035434,1654035434);
INSERT INTO player_score VALUES('2b3d84644',42,'1dcee9339','16ff4a03b',165984,439,1652523923,1652523923);
INSERT INTO player_score VALUES('5d2aadf04',42,'1dcee9339','18cf95e14',203060,1499,1653864125,1653864125);
INSERT INTO player_score VALUES('5f7a6f352',42,'1dcee9339','1a37549b0',80352,1665,1653926175,1653926175);
INSERT INTO player_score VALUES('62f639892',42,'1dcee9339','1d969640a',117660,1620,1654019686,1654019686);
INSERT INTO player_score VALUES('3cc926cdb',42,'1dcee9339','27d3e00c4',8880,827,1652994905,1652994905);
INSERT INTO player_score VALUES('5c48dbe28',42,'1dcee9339','323a5f2fa',32430,1477,1653840446,1653840446);
INSERT INTO player_score VALUES('4a061c0c3',42,'1dcee9339','3aabb8d70',9240,1110,1653350263,1653350263);
INSERT INTO player_score VALUES('5abed1dab',42,'1dcee9339','3ad4ee251',5000,1482,1653799128,1653799128);
INSERT INTO player_score VALUES('614c0bf6e',42,'1dcee9339','3b9a79740',327600,1752,1653974998,1653974998);
INSERT INTO player_score VALUES('41afda6b2',42,'1dcee9339','3ddb15c0d',118750,770,1653126470,1653126470);
INSERT INTO player_score VALUES('63bc4d8dc',42,'1dcee9339','419e77b93',64844,1844,1654040456,1654040456);
INSERT INTO player_score VALUES('6357eb4e9',42,'1dcee9339','5b76cfea3',186252,1554,1654029930,1654029930);
INSERT INTO player_score VALUES('59b952815',42,'1ee065688','15c1690cd',192192,1579,1653771708,1653771708);
INSERT INTO player_score VALUES('2b7472e43',42,'1ee065688','16ff4a03b',66825,441,1652529683,1652529683);
INSERT INTO player_score VALUES('6151e48fb',42,'1ee065688','18cf95e14',31570,1597,1653975611,1653975611);
INSERT INTO player_score VALUES('62f07bcc3',42,'1ee065688','1a37549b0',18941,1741,1654019084,1654019084);
INSERT INTO player_score VALUES('5be312c08',42,'1ee065688','1d969640a',5412,1446,1653829773,1653829773);
INSERT INTO player_score VALUES('35f239803',42,'1ee065688','27d3e00c4',17280,567,1652811307,1652811307);
INSERT INTO player_score VALUES('61f6b4ee2',42,'1ee065688','323a5f2fa',506880,1682,1653992893,1653992893);
INSERT INTO player_score VALUES('4a69546c7',42,'1ee065688','3aabb8d70',296700,1142,1653360667,1653360667);
INSERT INTO player_score VALUES('5a8be7327',42,'1ee065688','3ad4ee251',885,1470,1653793789,1653793789);
INSERT INTO player_score VALUES('424454aaf',42,'1ee065688','3ddb15c0d',36278,888,1653142039,1653142039);
INSERT INTO player_score VALUES('4804c6750',42,'1ee065688','44deff29a',2241,1107,1653296436,1653296436);
INSERT INTO player_score VALUES('6328969d9',42,'1ee065688','570db32a5',30096,1582,1654024967,1654024967);
INSERT INTO player_score VALUES('63bb6f607',42,'1ee065688','5b76cfea3',111780,1620,1654040365,1654040365);
INSERT INTO player_score VALUES('63b9d2cb9',42,'1ee065688','5c82e8baa',31350,1631,1654040196,1654040196);
INSERT INTO player_score VALUES('59da59165',42,'20449ccd7','15c1690cd',97266,1583,1653775171,1653775171);
INSERT INTO player_score VALUES('63c3d8b39',42,'20449ccd7','18cf95e14',47580,1645,1654041247,1654041247);
INSERT INTO player_score VALUES('62809bac0',42,'20449ccd7','1a37549b0',568512,1730,1654007353,1654007353);
INSERT INTO player_score VALUES('589c33c85',42,'20449ccd7','1d969640a',216972,1372,1653741811,1653741811);
INSERT INTO player_score VALUES('3d0495a37',42,'20449ccd7','27d3e00c4',57240,839,1653001137,1653001137);
INSERT INTO player_score VALUES('618a4d7a8',42,'20449ccd7','323a5f2fa',45684,1666,1653981526,1653981526);
INSERT INTO player_score VALUES('4a0418e51',42,'20449ccd7','3aabb8d70',238948,1108,1653350052,1653350052);
INSERT INTO player_score VALUES('62a287c0a',42,'20449ccd7','3b9a79740',177408,1809,1654010910,1654010910);
INSERT INTO player_score VALUES('4201dc0e7',42,'20449ccd7','3ddb15c0d',155127,838,1653135069,1653135069);
INSERT INTO player_score VALUES('6345269b9',42,'20449ccd7','419e77b93',87472,1810,1654027962,1654027962);
INSERT INTO player_score VALUES('6374ae932',42,'20449ccd7','570db32a5',3872,1623,1654032946,1654032946);
INSERT INTO player_score VALUES('63744a797',42,'20449ccd7','5b76cfea3',27832,1572,1654032905,1654032905);
INSERT INTO player_score VALUES('6293ce367',42,'20449ccd7','5c82e8baa',306180,1369,1654009366,1654009366);
INSERT INTO player_score VALUES('56dbe3b3f',42,'21a06ae46','15c1690cd',20196,1519,1653694802,1653694802);
INSERT INTO player_score VALUES('2b6ca8481',42,'21a06ae46','16ff4a03b',19950,440,1652528866,1652528866);
INSERT INTO player_score VALUES('62e0fef86',42,'21a06ae46','18cf95e14',7668,1630,1654017460,1654017460);
INSERT INTO player_score VALUES('6113a57fe',42,'21a06ae46','1a37549b0',244440,1713,1653969084,1653969084);
INSERT INTO player_score VALUES('63bdb951c',42,'21a06ae46','1d969640a',414414,1638,1654040605,1654040605);
INSERT INTO player_score VALUES('3b9dde937',42,'21a06ae46','27d3e00c4',518144,781,1652963523,1652963523);
INSERT INTO player_score VALUES('62a77385e',42,'21a06ae46','323a5f2fa',0,1717,1654011426,1654011426);
INSERT INTO player_score VALUES('4a13bccde',42,'21a06ae46','3aabb8d70',168,1115,1653351692,1653351692);
INSERT INTO player_score VALUES('63880aa28',42,'21a06ae46','3b9a79740',52416,1840,1654034976,1654034976);
INSERT INTO player_score VALUES('6157087b3',42,'21a06ae46','419e77b93',22440,1693,1653976150,1653976150);
INSERT INTO player_score VALUES('48058272c',42,'21a06ae46','44deff29a',516780,1108,1653296513,1653296513);
INSERT INTO player_score VALUES('626635df4',42,'21a06ae46','570db32a5',101626,1489,1654004585,1654004585);
INSERT INTO player_score VALUES('6394d4920',42,'21a06ae46','5b76cfea3',2002,1599,1654036317,1654036317);
INSERT INTO player_score VALUES('63b007780',42,'21a06ae46','5c82e8baa',26928,1621,1654039169,1654039169);
INSERT INTO player_score VALUES('638baf428',42,'23fcb6970','18cf95e14',28440,1643,1654035358,1654035358);
INSERT INTO player_score VALUES('5cd8e1fcd',42,'23fcb6970','1a37549b0',233964,1611,1653855548,1653855548);
INSERT INTO player_score VALUES('615cf2227',42,'23fcb6970','1d969640a',3800,1578,1653976770,1653976770);
INSERT INTO player_score VALUES('5e77941d8',42,'23fcb6970','323a5f2fa',153216,1544,1653899032,1653899032);
INSERT INTO player_score VALUES('4a829f0c6',42,'23fcb6970','3aabb8d70',541200,1151,1653363319,1653363319);
INSERT INTO player_score VALUES('5ac4290ca',42,'23fcb6970','3ad4ee251',4686,1484,1653799688,1653799688);
INSERT INTO player_score VALUES('608f9002b',42,'23fcb6970','3b9a79740',85536,1715,1653955234,1653955234);
INSERT INTO player_score VALUES('625a4efbe',42,'23fcb6970','419e77b93',41300,1766,1654003337,1654003337);
INSERT INTO player_score VALUES('47fd8e4f9',42,'23fcb6970','44deff29a',2700,1091,1653295679,1653295679);
INSERT INTO player_score VALUES('63be706c5',42,'23fcb6970','5c82e8baa',412800,1633,1654040680,1654040680);
INSERT INTO player_score VALUES('57d2197c5',42,'24ea041c4','15c1690cd',87248,1539,1653720619,1653720619);
INSERT INTO player_score VALUES('2a7a62c76',42,'24ea041c4','16ff4a03b',14904,420,1652503462,1652503462);
INSERT INTO player_score VALUES('5a1b06b15',42,'24ea041c4','1a37549b0',72726,1536,1653781953,1653781953);
INSERT INTO player_score VALUES('60231c59c',42,'24ea041c4','1d969640a',10206,1547,1653943862,1653943862);
INSERT INTO player_score VALUES('3bd1d35cd',42,'24ea041c4','27d3e00c4',136604,789,1652968971,1652968971);
INSERT INTO player_score VALUES('4954890d1',42,'24ea041c4','3aabb8d70',148176,1058,1653331643,1653331643);
INSERT INTO player_score VALUES('618d1b3f5',42,'24ea041c4','3b9a79740',119474,1763,1653981820,1653981820);
INSERT INTO player_score VALUES('4224fe362',42,'24ea041c4','3ddb15c0d',185588,867,1653138753,1653138753);
INSERT INTO player_score VALUES('63723b23e',42,'24ea041c4','419e77b93',436821,1820,1654032689,1654032689);
INSERT INTO player_score VALUES('47a93413f',42,'24ea041c4','44deff29a',580336,977,1653286834,1653286834);
INSERT INTO player_score VALUES('62265a36a',42,'24ea041c4','570db32a5',101639,1452,1653997889,1653997889);
INSERT INTO player_score VALUES('639c51129',42,'24ea041c4','5b76cfea3',35931,1602,1654037102,1654037102);
INSERT INTO player_score VALUES('56d663042',42,'2659c8113','15c1690cd',66960,1518,1653694225,1653694225);
INSERT INTO player_score VALUES('62d446200',42,'2659c8113','18cf95e14',14490,1629,1654016126,1654016126);
INSERT INTO player_score VALUES('58ea42b22',42,'2659c8113','1a37549b0',116584,1497,1653749996,1653749996);
INSERT INTO player_score VALUES('59c6151b3',42,'2659c8113','1d969640a',223380,1400,1653773046,1653773046);
INSERT INTO player_score VALUES('38d4214cb',42,'2659c8113','27d3e00c4',7040,682,1652888682,1652888682);
INSERT INTO player_score VALUES('62d5aa94d',42,'2659c8113','323a5f2fa',8505,1724,1654016272,1654016272);
INSERT INTO player_score VALUES('4a85127a0',42,'2659c8113','3aabb8d70',53320,1152,1653363576,1653363576);
INSERT INTO player_score VALUES('61f3c28c7',42,'2659c8113','3b9a79740',49728,1782,1653992584,1653992584);
INSERT INTO player_score VALUES('4253bb88c',42,'2659c8113','3ddb15c0d',170520,898,1653143654,1653143654);
INSERT INTO player_score VALUES('62ad8443f',42,'2659c8113','419e77b93',62350,1777,1654012062,1654012062);
INSERT INTO player_score VALUES('47f3b1e98',42,'2659c8113','44deff29a',9212,1073,1653294645,1653294645);
INSERT INTO player_score VALUES('6356a699e',42,'2659c8113','5b76cfea3',74970,1551,1654029797,1654029797);
INSERT INTO player_score VALUES('63c24d2ee',42,'2659c8113','5c82e8baa',192960,1637,1654041085,1654041085);
INSERT INTO player_score VALUES('579373e76',42,'2665a79cf','15c1690cd',216720,1533,1653714050,1653714050);
INSERT INTO player_score VALUES('2ac0f531f',42,'2665a79cf','16ff4a03b',603,430,1652510862,1652510862);
INSERT INTO player_score VALUES('638919a20',42,'2665a79cf','18cf95e14',259200,1642,1654035087,1654035087);
INSERT INTO player_score VALUES('60e110444',42,'2665a79cf','1a37549b0',130560,1706,1653963780,1653963780);
INSERT INTO player_score VALUES('617c1a3b5',42,'2665a79cf','1d969640a',24000,1584,1653980037,1653980037);
INSERT INTO player_score VALUES('3ce4e2683',42,'2665a79cf','27d3e00c4',624680,833,1652997813,1652997813);
INSERT INTO player_score VALUES('623404baf',42,'2665a79cf','323a5f2fa',47424,1695,1653999322,1653999322);
INSERT INTO player_score VALUES('4a6d11763',42,'2665a79cf','3aabb8d70',312,1144,1653361059,1653361059);
INSERT INTO player_score VALUES('5b45f497f',42,'2665a79cf','3ad4ee251',27528,1505,1653813298,1653813298);
INSERT INTO player_score VALUES('424334918',42,'2665a79cf','3ddb15c0d',16055,886,1653141921,1653141921);
INSERT INTO player_score VALUES('62528bb18',42,'2665a79cf','419e77b93',73416,1762,1654002523,1654002523);
INSERT INTO player_score VALUES('63b0ecf02',42,'2665a79cf','570db32a5',22140,1652,1654039263,1654039263);
INSERT INTO player_score VALUES('637e50647',42,'2665a79cf','5b76cfea3',67896,1585,1654033956,1654033956);
INSERT INTO player_score VALUES('638e649d9',42,'2665a79cf','5c82e8baa',241425,1586,1654035642,1654035642);
INSERT INTO player_score VALUES('56c88a15d',42,'26c0e96e2','15c1690cd',72384,1515,1653692773,1653692773);
INSERT INTO player_score VALUES('2b850fd44',42,'26c0e96e2','16ff4a03b',47952,444,1652531425,1652531425);
INSERT INTO player_score VALUES('5f3637d29',42,'26c0e96e2','1a37549b0',214650,1662,1653919022,1653919022);
INSERT INTO player_score VALUES('5a31ea139',42,'26c0e96e2','1d969640a',92568,1408,1653784353,1653784353);
INSERT INTO player_score VALUES('3bf214362',42,'26c0e96e2','27d3e00c4',51660,794,1652972353,1652972353);
INSERT INTO player_score VALUES('61e757d39',42,'26c0e96e2','323a5f2fa',276078,1679,1653991282,1653991282);
INSERT INTO player_score VALUES('49664132f',42,'26c0e96e2','3aabb8d70',98739,1068,1653333501,1653333501);
INSERT INTO player_score VALUES('588fa4726',42,'26c0e96e2','3ad4ee251',15600,1392,1653740494,1653740494);
INSERT INTO player_score VALUES('63269ac8a',42,'26c0e96e2','3b9a79740',30450,1826,1654024759,1654024759);
INSERT INTO player_score VALUES('41bd43042',42,'26c0e96e2','3ddb15c0d',58344,778,1653127876,1653127876);
INSERT INTO player_score VALUES('5e577a54f',42,'26c0e96e2','419e77b93',11644,1546,1653895666,1653895666);
INSERT INTO player_score VALUES('47662b71f',42,'26c0e96e2','44deff29a',39858,884,1653279805,1653279805);
INSERT INTO player_score VALUES('6349cb93c',42,'26c0e96e2','570db32a5',353584,1600,1654028449,1654028449);
INSERT INTO player_score VALUES('62df86fa9',42,'26c0e96e2','5b76cfea3',234436,1451,1654017306,1654017306);
INSERT INTO player_score VALUES('59426fec3',42,'28422aee4','15c1690cd',682560,1571,1653759242,1653759242);
INSERT INTO player_score VALUES('2b2ec119e',42,'28422aee4','16ff4a03b',91728,438,1652522375,1652522375);
INSERT INTO player_score VALUES('5f1a1cff5',42,'28422aee4','18cf95e14',160,1541,1653916075,1653916075);
INSERT INTO player_score VALUES('5c890336a',42,'28422aee4','1a37549b0',146224,1598,1653847173,1653847173);
INSERT INTO player_score VALUES('5fd1888ef',42,'28422aee4','1d969640a',13035,1534,1653935308,1653935308);
INSERT INTO player_score VALUES('3c7f7d5e0',42,'28422aee4','27d3e00c4',361760,815,1652987181,1652987181);
INSERT INTO player_score VALUES('6280e75e1',42,'28422aee4','323a5f2fa',244400,1710,1654007384,1654007384);
INSERT INTO player_score VALUES('49c4ab1ec',42,'28422aee4','3aabb8d70',20160,1091,1653343401,1653343401);
INSERT INTO player_score VALUES('5aeaa9024',42,'28422aee4','3ad4ee251',190740,1490,1653803725,1653803725);
INSERT INTO player_score VALUES('6251a62e6',42,'28422aee4','3b9a79740',25160,1794,1654002429,1654002429);
INSERT INTO player_score VALUES('42075089b',42,'28422aee4','3ddb15c0d',406000,846,1653135641,1653135641);
INSERT INTO player_score VALUES('62e73e14e',42,'28422aee4','419e77b93',446976,1786,1654018115,1654018115);
INSERT INTO player_score VALUES('47a30fcf8',42,'28422aee4','44deff29a',388056,969,1653286190,1653286190);
INSERT INTO player_score VALUES('63744f5e4',42,'28422aee4','570db32a5',193440,1622,1654032907,1654032907);
INSERT INTO player_score VALUES('6390061b0',42,'28422aee4','5b76cfea3',122892,1594,1654035813,1654035813);
INSERT INTO player_score VALUES('630ea869b',42,'28422aee4','5c82e8baa',53040,1474,1654022248,1654022248);
INSERT INTO player_score VALUES('5128b5e9d',42,'2875af644','15c1690cd',10440,1380,1653541796,1653541796);
INSERT INTO player_score VALUES('2ad039e05',42,'2875af644','16ff4a03b',27360,431,1652512463,1652512463);
INSERT INTO player_score VALUES('60b4c8d5c',42,'2875af644','18cf95e14',192,1584,1653959137,1653959137);
INSERT INTO player_score VALUES('592389c4b',42,'2875af644','1a37549b0',134640,1502,1653756002,1653756002);
INSERT INTO player_score VALUES('629683977',42,'2875af644','1d969640a',237120,1612,1654009650,1654009650);
INSERT INTO player_score VALUES('3c3c501d3',42,'2875af644','27d3e00c4',143550,806,1652980137,1652980137);
INSERT INTO player_score VALUES('4c3928ab9',42,'2875af644','323a5f2fa',58604,966,1653409303,1653409303);
INSERT INTO player_score VALUES('4a77aebe5',42,'2875af644','3aabb8d70',190026,1147,1653362172,1653362172);
INSERT INTO player_score VALUES('6388abc80',42,'2875af644','3b9a79740',1206,1841,1654035042,1654035042);
INSERT INTO player_score VALUES('42356a4de',42,'2875af644','3ddb15c0d',50512,876,1653140475,1653140475);
INSERT INTO player_score VALUES('62554accd',42,'2875af644','419e77b93',6764,1764,1654002811,1654002811);
INSERT INTO player_score VALUES('47ef8974b',42,'2875af644','44deff29a',149520,1069,1653294209,1653294209);
INSERT INTO player_score VALUES('6092edd33',42,'2875af644','570db32a5',3900,1228,1653955587,1653955587);
INSERT INTO player_score VALUES('6313990fe',42,'2875af644','5b76cfea3',67014,1504,1654022766,1654022766);
INSERT INTO player_score VALUES('6242a0f90',42,'2875af644','5c82e8baa',6783,1285,1654000854,1654000854);
INSERT INTO player_score VALUES('59c91d780',42,'28bcaac83','15c1690cd',14560,1581,1653773364,1653773364);
INSERT INTO player_score VALUES('607b0a1a8',42,'28bcaac83','18cf95e14',33825,1578,1653953082,1653953082);
INSERT INTO player_score VALUES('5c8072d43',42,'28bcaac83','1a37549b0',344341,1596,1653846275,1653846275);
INSERT INTO player_score VALUES('5dfa1a878',42,'28bcaac83','1d969640a',55056,1498,1653885875,1653885875);
INSERT INTO player_score VALUES('3cec52b4d',42,'28bcaac83','27d3e00c4',24568,835,1652998593,1652998593);
INSERT INTO player_score VALUES('62f23345a',42,'28bcaac83','323a5f2fa',13630,1729,1654019264,1654019264);
INSERT INTO player_score VALUES('4a61b0df5',42,'28bcaac83','3aabb8d70',97650,1140,1653359866,1653359866);
INSERT INTO player_score VALUES('5a54c569c',42,'28bcaac83','3ad4ee251',5369,1458,1653788008,1653788008);
INSERT INTO player_score VALUES('611dadd9e',42,'28bcaac83','3b9a79740',7840,1745,1653970136,1653970136);
INSERT INTO player_score VALUES('41d9e6909',42,'28bcaac83','3ddb15c0d',201782,800,1653130879,1653130879);
INSERT INTO player_score VALUES('63a0e7629',42,'28bcaac83','419e77b93',67320,1832,1654037583,1654037583);
INSERT INTO player_score VALUES('47d916607',42,'28bcaac83','44deff29a',84075,1040,1653291855,1653291855);
INSERT INTO player_score VALUES('63c2e96e7',42,'28bcaac83','5b76cfea3',366951,1626,1654041149,1654041149);
INSERT INTO player_score VALUES('639c00801',42,'28bcaac83','5c82e8baa',488880,1602,1654037069,1654037069);
INSERT INTO player_score VALUES('529b871bf',42,'29e44bed6','15c1690cd',329400,1418,1653580679,1653580679);
INSERT INTO player_score VALUES('2af6b7662',42,'29e44bed6','16ff4a03b',7320,436,1652516499,1652516499);
INSERT INTO player_score VALUES('6283d750d',42,'29e44bed6','18cf95e14',1000,1619,1654007692,1654007692);
INSERT INTO player_score VALUES('62c1afd72',42,'29e44bed6','1a37549b0',201292,1737,1654014177,1654014177);
INSERT INTO player_score VALUES('639ccb21a',42,'29e44bed6','1d969640a',960,1633,1654037152,1654037152);
INSERT INTO player_score VALUES('3ced9ebae',42,'29e44bed6','27d3e00c4',25800,836,1652998729,1652998729);
INSERT INTO player_score VALUES('5f678ac2d',42,'29e44bed6','323a5f2fa',11286,1574,1653924194,1653924194);
INSERT INTO player_score VALUES('4a0e87cae',42,'29e44bed6','3aabb8d70',238728,1114,1653351146,1653351146);
INSERT INTO player_score VALUES('5b02c4def',42,'29e44bed6','3ad4ee251',570,1496,1653806253,1653806253);
INSERT INTO player_score VALUES('62d59499b',42,'29e44bed6','3b9a79740',198720,1816,1654016263,1654016263);
INSERT INTO player_score VALUES('424622168',42,'29e44bed6','3ddb15c0d',16530,891,1653142228,1653142228);
INSERT INTO player_score VALUES('5e88840e3',42,'29e44bed6','419e77b93',12900,1555,1653900808,1653900808);
INSERT INTO player_score VALUES('47b985561',42,'29e44bed6','44deff29a',22869,997,1653288545,1653288545);
INSERT INTO player_score VALUES('63aa510c6',42,'29e44bed6','570db32a5',31005,1649,1654038570,1654038570);
INSERT INTO player_score VALUES('637e8b00c',42,'29e44bed6','5c82e8baa',2975,1573,1654033980,1654033980);
INSERT INTO player_score VALUES('4d047de32',42,'2b488f8e1','15c1690cd',480150,1270,1653430624,1653430624);
INSERT INTO player_score VALUES('2aa3d796d',42,'2b488f8e1','16ff4a03b',262683,426,1652507809,1652507809);
INSERT INTO player_score VALUES('632e1c2ee',42,'2b488f8e1','18cf95e14',303552,1636,1654025546,1654025546);
INSERT INTO player_score VALUES('634b85794',42,'2b488f8e1','1a37549b0',240,1752,1654028630,1654028630);
INSERT INTO player_score VALUES('630b1ea85',42,'2b488f8e1','1d969640a',70577,1621,1654021877,1654021877);
INSERT INTO player_score VALUES('39b1ab2e3',42,'2b488f8e1','27d3e00c4',14300,713,1652911912,1652911912);
INSERT INTO player_score VALUES('61352d78b',42,'2b488f8e1','323a5f2fa',14352,1649,1653972600,1653972600);
INSERT INTO player_score VALUES('49738a10f',42,'2b488f8e1','3aabb8d70',252800,1075,1653334894,1653334894);
INSERT INTO player_score VALUES('59e13e3a0',42,'2b488f8e1','3ad4ee251',16530,1438,1653775894,1653775894);
INSERT INTO player_score VALUES('637ca2b43',42,'2b488f8e1','3b9a79740',10752,1835,1654033780,1654033780);
INSERT INTO player_score VALUES('4252f8372',42,'2b488f8e1','3ddb15c0d',55000,897,1653143574,1653143574);
INSERT INTO player_score VALUES('633af9a07',42,'2b488f8e1','419e77b93',363072,1807,1654026895,1654026895);
INSERT INTO player_score VALUES('47bf0ae97',42,'2b488f8e1','44deff29a',49000,1004,1653289124,1653289124);
INSERT INTO player_score VALUES('637f8674d',42,'2b488f8e1','570db32a5',5292,1625,1654034083,1654034083);
INSERT INTO player_score VALUES('638c7c53c',42,'2b488f8e1','5c82e8baa',6600,1584,1654035442,1654035442);
INSERT INTO player_score VALUES('54663ec02',42,'2beb4942d','15c1690cd',1485,1467,1653628779,1653628779);
INSERT INTO player_score VALUES('63051a242',42,'2beb4942d','18cf95e14',154700,1634,1654021246,1654021246);
INSERT INTO player_score VALUES('633e55001',42,'2beb4942d','1a37549b0',35100,1749,1654027247,1654027247);
INSERT INTO player_score VALUES('616d9b4a2',42,'2beb4942d','1d969640a',221400,1582,1653978517,1653978517);
INSERT INTO player_score VALUES('3ce5e532c',42,'2beb4942d','27d3e00c4',651,834,1652997919,1652997919);
INSERT INTO player_score VALUES('6045ce2cd',42,'2beb4942d','323a5f2fa',334170,1610,1653947500,1653947500);
INSERT INTO player_score VALUES('4a6c35bcd',42,'2beb4942d','3aabb8d70',126500,1143,1653360969,1653360969);
INSERT INTO player_score VALUES('5b2229fe4',42,'2beb4942d','3ad4ee251',33984,1499,1653809545,1653809545);
INSERT INTO player_score VALUES('636560216',42,'2beb4942d','3b9a79740',253764,1834,1654031341,1654031341);
INSERT INTO player_score VALUES('41c824adf',42,'2beb4942d','3ddb15c0d',150738,787,1653129017,1653129017);
INSERT INTO player_score VALUES('63a944822',42,'2beb4942d','419e77b93',157320,1833,1654038460,1654038460);
INSERT INTO player_score VALUES('478b66b18',42,'2beb4942d','44deff29a',51216,939,1653283709,1653283709);
INSERT INTO player_score VALUES('629c59b79',42,'2beb4942d','5b76cfea3',468832,1392,1654010262,1654010262);
INSERT INTO player_score VALUES('639379e53',42,'2beb4942d','5c82e8baa',180960,1593,1654036175,1654036175);
INSERT INTO player_score VALUES('5bc9de1d5',42,'2c8f209d1','1a37549b0',12720,1574,1653827130,1653827130);
INSERT INTO player_score VALUES('6284eda38',42,'2c8f209d1','1d969640a',73800,1611,1654007806,1654007806);
INSERT INTO player_score VALUES('3c255ba27',42,'2c8f209d1','27d3e00c4',698544,800,1652977730,1652977730);
INSERT INTO player_score VALUES('5fc4f1e57',42,'2c8f209d1','323a5f2fa',337272,1592,1653933988,1653933988);
INSERT INTO player_score VALUES('583caea85',42,'2c8f209d1','3ad4ee251',116800,1376,1653731795,1653731795);
INSERT INTO player_score VALUES('5b69059f1',42,'2c8f209d1','3b9a79740',726528,1499,1653816975,1653816975);
INSERT INTO player_score VALUES('4202eb0d4',42,'2c8f209d1','3ddb15c0d',448,842,1653135180,1653135180);
INSERT INTO player_score VALUES('62f08ce42',42,'2c8f209d1','419e77b93',211735,1788,1654019091,1654019091);
INSERT INTO player_score VALUES('47828aa0c',42,'2c8f209d1','44deff29a',51282,926,1653282780,1653282780);
INSERT INTO player_score VALUES('6220b9c52',42,'2c8f209d1','570db32a5',212520,1445,1653997299,1653997299);
INSERT INTO player_score VALUES('56f733e6b',42,'2f1d2840e','15c1690cd',13668,1522,1653697666,1653697666);
INSERT INTO player_score VALUES('5f86fe86d',42,'2f1d2840e','18cf95e14',14688,1558,1653927492,1653927492);
INSERT INTO player_score VALUES('5b9ed40c3',42,'2f1d2840e','1a37549b0',7889,1572,1653822617,1653822617);
INSERT INTO player_score VALUES('5cf58f4d6',42,'2f1d2840e','1d969640a',264120,1467,1653858555,1653858555);
INSERT INTO player_score VALUES('3b27146b1',42,'2f1d2840e','27d3e00c4',49600,757,1652951067,1652951067);
INSERT INTO player_score VALUES('571cb5f15',42,'2f1d2840e','323a5f2fa',289408,1307,1653701599,1653701599);
INSERT INTO player_score VALUES('4957f7f48',42,'2f1d2840e','3aabb8d70',11340,1061,1653332003,1653332003);
INSERT INTO player_score VALUES('5843f7e31',42,'2f1d2840e','3ad4ee251',48576,1378,1653732559,1653732559);
INSERT INTO player_score VALUES('637cd38b1',42,'2f1d2840e','3b9a79740',70560,1836,1654033800,1654033800);
INSERT INTO player_score VALUES('63adf81f4',42,'2f1d2840e','419e77b93',465696,1837,1654038953,1654038953);
INSERT INTO player_score VALUES('47c0547b1',42,'2f1d2840e','44deff29a',61380,1007,1653289259,1653289259);
INSERT INTO player_score VALUES('63bcd643b',42,'2f1d2840e','570db32a5',59972,1656,1654040512,1654040512);
INSERT INTO player_score VALUES('630615999',42,'2f1d2840e','5b76cfea3',13200,1489,1654021349,1654021349);
INSERT INTO player_score VALUES('63967398a',42,'2f1d2840e','5c82e8baa',206397,1599,1654036487,1654036487);
INSERT INTO player_score VALUES('58b5f604f',42,'3026c8bd6','15c1690cd',35673,1558,1653744512,1653744512);
INSERT INTO player_score VALUES('52ede5845',42,'3026c8bd6','18cf95e14',511560,1253,1653589316,1653589316);
INSERT INTO player_score VALUES('62149d330',42,'3026c8bd6','1a37549b0',48032,1726,1653996029,1653996029);
INSERT INTO player_score VALUES('6339fbbbb',42,'3026c8bd6','1d969640a',41184,1628,1654026791,1654026791);
INSERT INTO player_score VALUES('399cd4b05',42,'3026c8bd6','27d3e00c4',17082,711,1652909727,1652909727);
INSERT INTO player_score VALUES('5cc4b3fd6',42,'3026c8bd6','323a5f2fa',53352,1493,1653853432,1653853432);
INSERT INTO player_score VALUES('48adb5870',42,'3026c8bd6','3aabb8d70',99450,1013,1653314150,1653314150);
INSERT INTO player_score VALUES('53f807687',42,'3026c8bd6','3ad4ee251',67704,1190,1653617222,1653617222);
INSERT INTO player_score VALUES('62b0a77b7',42,'3026c8bd6','3b9a79740',134200,1812,1654012391,1654012391);
INSERT INTO player_score VALUES('62f15c6e2',42,'3026c8bd6','419e77b93',43129,1790,1654019176,1654019176);
INSERT INTO player_score VALUES('4803b9eb6',42,'3026c8bd6','44deff29a',559884,1105,1653296326,1653296326);
INSERT INTO player_score VALUES('62ea292ac',42,'3026c8bd6','570db32a5',20167,1553,1654018421,1654018421);
INSERT INTO player_score VALUES('63c06277c',42,'3026c8bd6','5b76cfea3',130052,1624,1654040884,1654040884);
INSERT INTO player_score VALUES('63c2ce96f',42,'3026c8bd6','5c82e8baa',433008,1639,1654041138,1654041138);
INSERT INTO player_score VALUES('628612980',42,'31a9627b7','18cf95e14',413910,1620,1654007926,1654007926);
INSERT INTO player_score VALUES('5512e8682',42,'31a9627b7','1d969640a',136345,1297,1653646884,1653646884);
INSERT INTO player_score VALUES('3b402bc64',42,'31a9627b7','27d3e00c4',25840,761,1652953698,1652953698);
INSERT INTO player_score VALUES('5855b7598',42,'31a9627b7','323a5f2fa',265200,1344,1653734420,1653734420);
INSERT INTO player_score VALUES('5a0ba726f',42,'31a9627b7','3ad4ee251',78624,1447,1653780341,1653780341);
INSERT INTO player_score VALUES('608f61a28',42,'31a9627b7','3b9a79740',39840,1714,1653955215,1653955215);
INSERT INTO player_score VALUES('422c672d9',42,'31a9627b7','3ddb15c0d',42228,871,1653139530,1653139530);
INSERT INTO player_score VALUES('633416f32',42,'31a9627b7','419e77b93',4386,1805,1654026173,1654026173);
INSERT INTO player_score VALUES('47e7a3f9a',42,'31a9627b7','44deff29a',133770,1057,1653293381,1653293381);
INSERT INTO player_score VALUES('63a405b98',42,'31a9627b7','570db32a5',0,1646,1654037910,1654037910);
INSERT INTO player_score VALUES('63c1b0f18',42,'31a9627b7','5b76cfea3',50876,1625,1654041021,1654041021);
INSERT INTO player_score VALUES('634ac49a0',42,'31a9627b7','5c82e8baa',0,1528,1654028551,1654028551);
INSERT INTO player_score VALUES('52a3e1c77',42,'31e0b2a19','15c1690cd',612000,1419,1653581555,1653581555);
INSERT INTO player_score VALUES('63bd1f82a',42,'31e0b2a19','18cf95e14',229320,1644,1654040542,1654040542);
INSERT INTO player_score VALUES('566639a60',42,'31e0b2a19','1a37549b0',1536,1441,1653682464,1653682464);
INSERT INTO player_score VALUES('3d37a9cec',42,'31e0b2a19','27d3e00c4',20856,843,1653006493,1653006493);
INSERT INTO player_score VALUES('6290a13b1',42,'31e0b2a19','323a5f2fa',19096,1713,1654009033,1654009033);
INSERT INTO player_score VALUES('4a41886e7',42,'31e0b2a19','3aabb8d70',386496,1133,1653356494,1653356494);
INSERT INTO player_score VALUES('5a2ce3766',42,'31e0b2a19','3ad4ee251',19800,1454,1653783826,1653783826);
INSERT INTO player_score VALUES('6263c7507',42,'31e0b2a19','3b9a79740',11700,1799,1654004330,1654004330);
INSERT INTO player_score VALUES('41da435a3',42,'31e0b2a19','3ddb15c0d',94952,801,1653130917,1653130917);
INSERT INTO player_score VALUES('632af40fd',42,'31e0b2a19','419e77b93',312480,1802,1654025215,1654025215);
INSERT INTO player_score VALUES('47e0054a3',42,'31e0b2a19','44deff29a',49056,1047,1653292582,1653292582);
INSERT INTO player_score VALUES('62a9c254c',42,'31e0b2a19','570db32a5',46075,1520,1654011668,1654011668);
INSERT INTO player_score VALUES('63a58c5d3',42,'31e0b2a19','5b76cfea3',1892,1606,1654038070,1654038070);
INSERT INTO player_score VALUES('639089f07',42,'31e0b2a19','5c82e8baa',292378,1589,1654035867,1654035867);
INSERT INTO player_score VALUES('5478d77b0',42,'322a54b91','15c1690cd',118080,1468,1653630729,1653630729);
INSERT INTO player_score VALUES('5b7eba44a',42,'322a54b91','18cf95e14',5846,1463,1653819251,1653819251);
INSERT INTO player_score VALUES('635248711',42,'322a54b91','1a37549b0',14688,1754,1654029339,1654029339);
INSERT INTO player_score VALUES('62f2445c4',42,'322a54b91','1d969640a',130720,1619,1654019271,1654019271);
INSERT INTO player_score VALUES('3ca216ceb',42,'322a54b91','27d3e00c4',45318,821,1652990809,1652990809);
INSERT INTO player_score VALUES('5d52db92f',42,'322a54b91','323a5f2fa',213194,1512,1653868338,1653868338);
INSERT INTO player_score VALUES('49caca7d3',42,'322a54b91','3aabb8d70',288960,1093,1653344043,1653344043);
INSERT INTO player_score VALUES('510924d73',42,'322a54b91','3ad4ee251',446488,1056,1653538486,1653538486);
INSERT INTO player_score VALUES('63c572db7',42,'322a54b91','3b9a79740',319600,1849,1654041415,1654041415);
INSERT INTO player_score VALUES('42439d917',42,'322a54b91','3ddb15c0d',129456,887,1653141964,1653141964);
INSERT INTO player_score VALUES('63b468120',42,'322a54b91','419e77b93',20295,1841,1654039628,1654039628);
INSERT INTO player_score VALUES('47ebe9b8c',42,'322a54b91','44deff29a',29890,1065,1653293829,1653293829);
INSERT INTO player_score VALUES('634107ee9',42,'322a54b91','570db32a5',44352,1596,1654027530,1654027530);
INSERT INTO player_score VALUES('632b69406',42,'322a54b91','5b76cfea3',16653,1519,1654025263,1654025263);
INSERT INTO player_score VALUES('58c208d6c',42,'32b155467','15c1690cd',3080,1559,1653745778,1653745778);
INSERT INTO player_score VALUES('61ec3c455',42,'32b155467','18cf95e14',302400,1609,1653991795,1653991795);
INSERT INTO player_score VALUES('6378d70ae',42,'32b155467','1a37549b0',304164,1756,1654033382,1654033382);
INSERT INTO player_score VALUES('60de07e72',42,'32b155467','1d969640a',45152,1566,1653963462,1653963462);
INSERT INTO player_score VALUES('3c809d745',42,'32b155467','27d3e00c4',901692,816,1652987299,1652987299);
INSERT INTO player_score VALUES('63883b747',42,'32b155467','323a5f2fa',38220,1748,1654034996,1654034996);
INSERT INTO player_score VALUES('49dc62e0b',42,'32b155467','3aabb8d70',281160,1097,1653345888,1653345888);
INSERT INTO player_score VALUES('59e95968e',42,'32b155467','3ad4ee251',46956,1440,1653776744,1653776744);
INSERT INTO player_score VALUES('421aee82c',42,'32b155467','3ddb15c0d',153502,859,1653137698,1653137698);
INSERT INTO player_score VALUES('63ae77148',42,'32b155467','419e77b93',427196,1838,1654039005,1654039005);
INSERT INTO player_score VALUES('48018fb3d',42,'32b155467','44deff29a',68796,1099,1653296099,1653296099);
INSERT INTO player_score VALUES('6281ea27a',42,'32b155467','570db32a5',128570,1502,1654007490,1654007490);
INSERT INTO player_score VALUES('63b2fc4dc',42,'32b155467','5c82e8baa',120000,1623,1654039479,1654039479);
INSERT INTO player_score VALUES('56a815fa7',42,'338762a40','15c1690cd',161184,1511,1653689370,1653689370);
INSERT INTO player_score VALUES('620cab7d8',42,'338762a40','1d969640a',198559,1603,1653995196,1653995196);
INSERT INTO player_score VALUES('3b532148e',42,'338762a40','27d3e00c4',16600,766,1652955686,1652955686);
INSERT INTO player_score VALUES('5c2fdcf64',42,'338762a40','323a5f2fa',16416,1474,1653837825,1653837825);
INSERT INTO player_score VALUES('4a5437255',42,'338762a40','3aabb8d70',16720,1137,1653358453,1653358453);
INSERT INTO player_score VALUES('57fc6ee78',42,'338762a40','3ad4ee251',196000,1364,1653725058,1653725058);
INSERT INTO player_score VALUES('622a1c1b6',42,'338762a40','3b9a79740',15600,1788,1653998283,1653998283);
INSERT INTO player_score VALUES('420b51f0b',42,'338762a40','3ddb15c0d',505920,849,1653136061,1653136061);
INSERT INTO player_score VALUES('62c652595',42,'338762a40','419e77b93',40768,1781,1654014663,1654014663);
INSERT INTO player_score VALUES('47fe47df9',42,'338762a40','44deff29a',12312,1092,1653295755,1653295755);
INSERT INTO player_score VALUES('630d59f0d',42,'338762a40','5b76cfea3',15678,1499,1654022111,1654022111);
INSERT INTO player_score VALUES('63bd41b0a',42,'338762a40','5c82e8baa',744,1632,1654040556,1654040556);
INSERT INTO player_score VALUES('56ae2b9c3',42,'344fc3099','15c1690cd',25520,1513,1653690008,1653690008);
INSERT INTO player_score VALUES('5ef7d6924',42,'344fc3099','18cf95e14',60984,1538,1653912481,1653912481);
INSERT INTO player_score VALUES('5f8e9fa7c',42,'344fc3099','1a37549b0',265050,1668,1653928292,1653928292);
INSERT INTO player_score VALUES('5c36320a0',42,'344fc3099','1d969640a',60500,1450,1653838489,1653838489);
INSERT INTO player_score VALUES('3d32e51f3',42,'344fc3099','27d3e00c4',167328,841,1653005993,1653005993);
INSERT INTO player_score VALUES('4a392dc62',42,'344fc3099','3aabb8d70',247500,1128,1653355618,1653355618);
INSERT INTO player_score VALUES('6273d4303',42,'344fc3099','3b9a79740',246012,1802,1654006013,1654006013);
INSERT INTO player_score VALUES('4236523ba',42,'344fc3099','3ddb15c0d',41748,878,1653140570,1653140570);
INSERT INTO player_score VALUES('6328bda9a',42,'344fc3099','419e77b93',143956,1801,1654024983,1654024983);
INSERT INTO player_score VALUES('47f276f79',42,'344fc3099','44deff29a',42735,1072,1653294516,1653294516);
INSERT INTO player_score VALUES('62dd24a52',42,'344fc3099','570db32a5',164736,1547,1654017056,1654017056);
INSERT INTO player_score VALUES('636b8bb78',42,'344fc3099','5b76cfea3',2520,1564,1654031988,1654031988);
INSERT INTO player_score VALUES('63adb3c42',42,'344fc3099','5c82e8baa',299376,1619,1654038925,1654038925);
INSERT INTO player_score VALUES('59bb6e095',42,'35feadf7e','15c1690cd',166023,1580,1653771929,1653771929);
INSERT INTO player_score VALUES('5d8409e7f',42,'35feadf7e','18cf95e14',451440,1508,1653873495,1653873495);
INSERT INTO player_score VALUES('5bce59958',42,'35feadf7e','1a37549b0',540408,1575,1653827600,1653827600);
INSERT INTO player_score VALUES('6103013bc',42,'35feadf7e','1d969640a',14500,1572,1653967339,1653967339);
INSERT INTO player_score VALUES('3d32fd860',42,'35feadf7e','27d3e00c4',43776,842,1653006003,1653006003);
INSERT INTO player_score VALUES('5754a9ae2',42,'35feadf7e','323a5f2fa',20160,1315,1653707466,1653707466);
INSERT INTO player_score VALUES('49b3fd188',42,'35feadf7e','3aabb8d70',409944,1089,1653341652,1653341652);
INSERT INTO player_score VALUES('5ae163f76',42,'35feadf7e','3ad4ee251',1742,1489,1653802753,1653802753);
INSERT INTO player_score VALUES('611602f9e',42,'35feadf7e','3b9a79740',229824,1742,1653969332,1653969332);
INSERT INTO player_score VALUES('42540258d',42,'35feadf7e','3ddb15c0d',70810,899,1653143683,1653143683);
INSERT INTO player_score VALUES('618df9682',42,'35feadf7e','419e77b93',199044,1709,1653981911,1653981911);
INSERT INTO player_score VALUES('47febd0ea',42,'35feadf7e','44deff29a',70587,1094,1653295803,1653295803);
INSERT INTO player_score VALUES('6394ea88b',42,'35feadf7e','570db32a5',68541,1636,1654036326,1654036326);
INSERT INTO player_score VALUES('63756f764',42,'35feadf7e','5b76cfea3',58029,1576,1654033025,1654033025);
INSERT INTO player_score VALUES('639201e5a',42,'35feadf7e','5c82e8baa',12416,1590,1654036021,1654036021);
INSERT INTO player_score VALUES('63872797f',42,'370a42f0f','18cf95e14',13432,1641,1654034883,1654034883);
INSERT INTO player_score VALUES('632a3f65f',42,'370a42f0f','1a37549b0',123255,1747,1654025141,1654025141);
INSERT INTO player_score VALUES('6327ce68e',42,'370a42f0f','1d969640a',3264,1625,1654024885,1654024885);
INSERT INTO player_score VALUES('3ca48f1fd',42,'370a42f0f','27d3e00c4',122636,822,1652991068,1652991068);
INSERT INTO player_score VALUES('61cd40245',42,'370a42f0f','323a5f2fa',52380,1674,1653988546,1653988546);
INSERT INTO player_score VALUES('497973bfe',42,'370a42f0f','3aabb8d70',40960,1080,1653335514,1653335514);
INSERT INTO player_score VALUES('581ae24d4',42,'370a42f0f','3ad4ee251',22720,1372,1653728251,1653728251);
INSERT INTO player_score VALUES('617bb891e',42,'370a42f0f','3b9a79740',48128,1759,1653979997,1653979997);
INSERT INTO player_score VALUES('62d08dfa4',42,'370a42f0f','419e77b93',236550,1784,1654015736,1654015736);
INSERT INTO player_score VALUES('47f6080ca',42,'370a42f0f','44deff29a',73644,1077,1653294890,1653294890);
INSERT INTO player_score VALUES('63bc65f3d',42,'370a42f0f','570db32a5',2212,1655,1654040466,1654040466);
INSERT INTO player_score VALUES('623c09f55',42,'370a42f0f','5b76cfea3',78880,1322,1654000163,1654000163);
INSERT INTO player_score VALUES('63c3acc33',42,'370a42f0f','5c82e8baa',14720,1641,1654041229,1654041229);
INSERT INTO player_score VALUES('625a5da27',42,'37cb74f30','18cf95e14',173840,1618,1654003343,1654003343);
INSERT INTO player_score VALUES('5ccac72af',42,'37cb74f30','1a37549b0',415415,1608,1653854069,1653854069);
INSERT INTO player_score VALUES('5d8739562',42,'37cb74f30','1d969640a',262808,1483,1653873829,1653873829);
INSERT INTO player_score VALUES('3cbe515da',42,'37cb74f30','27d3e00c4',78000,824,1652993769,1652993769);
INSERT INTO player_score VALUES('61fbcca71',42,'37cb74f30','323a5f2fa',175483,1683,1653993427,1653993427);
INSERT INTO player_score VALUES('4a21c420d',42,'37cb74f30','3aabb8d70',299754,1121,1653353163,1653353163);
INSERT INTO player_score VALUES('5a0403957',42,'37cb74f30','3ad4ee251',79464,1444,1653779540,1653779540);
INSERT INTO player_score VALUES('63bda839a',42,'37cb74f30','3b9a79740',64260,1848,1654040598,1654040598);
INSERT INTO player_score VALUES('4248b060b',42,'37cb74f30','3ddb15c0d',161994,892,1653142496,1653142496);
INSERT INTO player_score VALUES('61b9ce202',42,'37cb74f30','419e77b93',80883,1720,1653986507,1653986507);
INSERT INTO player_score VALUES('4801d1a1d',42,'37cb74f30','44deff29a',50400,1102,1653296126,1653296126);
INSERT INTO player_score VALUES('63b6ad1bc',42,'37cb74f30','5c82e8baa',9620,1626,1654039866,1654039866);
INSERT INTO player_score VALUES('49a7f406d',42,'3840dd1c0','15c1690cd',32940,1197,1653340390,1653340390);
INSERT INTO player_score VALUES('5b585eeda',42,'3840dd1c0','1a37549b0',129015,1567,1653815229,1653815229);
INSERT INTO player_score VALUES('630d8d357',42,'3840dd1c0','1d969640a',8442,1622,1654022132,1654022132);
INSERT INTO player_score VALUES('61dab4fa1',42,'3840dd1c0','323a5f2fa',21780,1677,1653989957,1653989957);
INSERT INTO player_score VALUES('4973bfc7b',42,'3840dd1c0','3aabb8d70',62304,1076,1653334916,1653334916);
INSERT INTO player_score VALUES('5a08c5dc9',42,'3840dd1c0','3ad4ee251',46368,1446,1653780039,1653780039);
INSERT INTO player_score VALUES('635a37ac3',42,'3840dd1c0','3b9a79740',318318,1833,1654030171,1654030171);
INSERT INTO player_score VALUES('41edab9a7',42,'3840dd1c0','3ddb15c0d',131376,818,1653132952,1653132952);
INSERT INTO player_score VALUES('5fa1e34bf',42,'3840dd1c0','419e77b93',39690,1610,1653930312,1653930312);
INSERT INTO player_score VALUES('480305417',42,'3840dd1c0','44deff29a',353600,1104,1653296252,1653296252);
INSERT INTO player_score VALUES('62a37e591',42,'3840dd1c0','570db32a5',196800,1515,1654011011,1654011011);
INSERT INTO player_score VALUES('63a21fe0f',42,'3840dd1c0','5b76cfea3',680400,1604,1654037711,1654037711);
INSERT INTO player_score VALUES('63a7af3a6',42,'3840dd1c0','5c82e8baa',78736,1613,1654038294,1654038294);
INSERT INTO player_score VALUES('60ce18552',42,'387d67270','18cf95e14',64872,1587,1653961791,1653961791);
INSERT INTO player_score VALUES('6338296de',42,'387d67270','1a37549b0',90683,1748,1654026600,1654026600);
INSERT INTO player_score VALUES('5ff343ce7',42,'387d67270','1d969640a',2744,1542,1653938845,1653938845);
INSERT INTO player_score VALUES('3cc6f0636',42,'387d67270','27d3e00c4',285285,826,1652994673,1652994673);
INSERT INTO player_score VALUES('6048cf3ca',42,'387d67270','323a5f2fa',35217,1611,1653947815,1653947815);
INSERT INTO player_score VALUES('4a288231b',42,'387d67270','3aabb8d70',520,1123,1653353870,1653353870);
INSERT INTO player_score VALUES('59e649b7a',42,'387d67270','3ad4ee251',610718,1439,1653776423,1653776423);
INSERT INTO player_score VALUES('61dc1e4b2',42,'387d67270','3b9a79740',172774,1774,1653990105,1653990105);
INSERT INTO player_score VALUES('4216bc4bf',42,'387d67270','3ddb15c0d',40590,856,1653137258,1653137258);
INSERT INTO player_score VALUES('6306ea01d',42,'387d67270','419e77b93',477555,1795,1654021436,1654021436);
INSERT INTO player_score VALUES('47d1446c3',42,'387d67270','44deff29a',348502,1028,1653291035,1653291035);
INSERT INTO player_score VALUES('6392c2c77',42,'387d67270','570db32a5',161000,1634,1654036100,1654036100);
INSERT INTO player_score VALUES('63be11384',42,'387d67270','5b76cfea3',541728,1621,1654040641,1654040641);
INSERT INTO player_score VALUES('63641dda6',42,'387d67270','5c82e8baa',30400,1552,1654031209,1654031209);
INSERT INTO player_score VALUES('59aef990d',42,'3a919c47d','15c1690cd',85320,1577,1653770623,1653770623);
INSERT INTO player_score VALUES('5cec9863a',42,'3a919c47d','1a37549b0',219780,1613,1653857615,1653857615);
INSERT INTO player_score VALUES('5ed2e702d',42,'3a919c47d','1d969640a',25284,1512,1653908608,1653908608);
INSERT INTO player_score VALUES('3d3c20626',42,'3a919c47d','27d3e00c4',2550,844,1653006961,1653006961);
INSERT INTO player_score VALUES('633aadf41',42,'3a919c47d','323a5f2fa',27540,1735,1654026864,1654026864);
INSERT INTO player_score VALUES('4a1e1d0d7',42,'3a919c47d','3aabb8d70',120000,1119,1653352780,1653352780);
INSERT INTO player_score VALUES('59fd7657d',42,'3a919c47d','3ad4ee251',2175,1443,1653778853,1653778853);
INSERT INTO player_score VALUES('62301bc2e',42,'3a919c47d','3b9a79740',58608,1790,1653998912,1653998912);
INSERT INTO player_score VALUES('420df1535',42,'3a919c47d','3ddb15c0d',148120,852,1653136336,1653136336);
INSERT INTO player_score VALUES('632e6cbc2',42,'3a919c47d','419e77b93',129575,1804,1654025579,1654025579);
INSERT INTO player_score VALUES('62172428b',42,'3a919c47d','570db32a5',97020,1439,1653996294,1653996294);
INSERT INTO player_score VALUES('63a983fbc',42,'3a919c47d','5b76cfea3',482690,1610,1654038486,1654038486);
INSERT INTO player_score VALUES('63693f57e',42,'3a919c47d','5c82e8baa',103600,1556,1654031747,1654031747);
INSERT INTO player_score VALUES('547a8eee5',42,'3e7122d81','15c1690cd',154301,1469,1653630909,1653630909);
INSERT INTO player_score VALUES('5e6f40c2a',42,'3e7122d81','1a37549b0',6321,1642,1653898159,1653898159);
INSERT INTO player_score VALUES('5fd3c8b83',42,'3e7122d81','1d969640a',69552,1535,1653935544,1653935544);
INSERT INTO player_score VALUES('6242de007',42,'3e7122d81','323a5f2fa',410913,1699,1654000879,1654000879);
INSERT INTO player_score VALUES('49f29dcf0',42,'3e7122d81','3aabb8d70',310068,1099,1653348219,1653348219);
INSERT INTO player_score VALUES('5a77d8e98',42,'3e7122d81','3ad4ee251',186000,1469,1653791686,1653791686);
INSERT INTO player_score VALUES('63bb19ee9',42,'3e7122d81','3b9a79740',9360,1847,1654040330,1654040330);
INSERT INTO player_score VALUES('424dc81a3',42,'3e7122d81','3ddb15c0d',15640,894,1653143030,1653143030);
INSERT INTO player_score VALUES('62f0991c1',42,'3e7122d81','419e77b93',200070,1789,1654019096,1654019096);
INSERT INTO player_score VALUES('47e6e3166',42,'3e7122d81','44deff29a',424800,1056,1653293302,1653293302);
INSERT INTO player_score VALUES('63aefd5bf',42,'3e7122d81','570db32a5',2550,1651,1654039060,1654039060);
INSERT INTO player_score VALUES('63929bb4b',42,'3e7122d81','5b76cfea3',153900,1597,1654036084,1654036084);
INSERT INTO player_score VALUES('63a9113b9',42,'3e7122d81','5c82e8baa',3948,1615,1654038439,1654038439);
INSERT INTO player_score VALUES('548df2503',42,'3eb672fc0','15c1690cd',10560,1474,1653632942,1653632942);
INSERT INTO player_score VALUES('6383a526e',42,'3eb672fc0','18cf95e14',151807,1640,1654034515,1654034515);
INSERT INTO player_score VALUES('61cde62a6',42,'3eb672fc0','1a37549b0',5643,1724,1653988614,1653988614);
INSERT INTO player_score VALUES('61b864c87',42,'3eb672fc0','1d969640a',112480,1596,1653986359,1653986359);
INSERT INTO player_score VALUES('633f18523',42,'3eb672fc0','323a5f2fa',41184,1737,1654027327,1654027327);
INSERT INTO player_score VALUES('49ca506e9',42,'3eb672fc0','3aabb8d70',199578,1092,1653343993,1653343993);
INSERT INTO player_score VALUES('5c325a29f',42,'3eb672fc0','3b9a79740',720,1528,1653838086,1653838086);
INSERT INTO player_score VALUES('4250c9239',42,'3eb672fc0','3ddb15c0d',24548,896,1653143345,1653143345);
INSERT INTO player_score VALUES('63b63a5cc',42,'3eb672fc0','419e77b93',76734,1842,1654039819,1654039819);
INSERT INTO player_score VALUES('47d80eb64',42,'3eb672fc0','44deff29a',14212,1037,1653291747,1653291747);
INSERT INTO player_score VALUES('63ac3e35d',42,'3eb672fc0','570db32a5',267840,1650,1654038772,1654038772);
INSERT INTO player_score VALUES('631c9c34b',42,'3eb672fc0','5b76cfea3',13376,1509,1654023711,1654023711);
INSERT INTO player_score VALUES('63a35d430',42,'3eb672fc0','5c82e8baa',173900,1609,1654037841,1654037841);
INSERT INTO player_score VALUES('4f2a3088b',42,'3f83c403d','15c1690cd',16200,1320,1653488264,1653488264);
INSERT INTO player_score VALUES('62c8d2007',42,'3f83c403d','18cf95e14',63973,1627,1654014925,1654014925);
INSERT INTO player_score VALUES('6037716d7',42,'3f83c403d','1a37549b0',32400,1686,1653945994,1653945994);
INSERT INTO player_score VALUES('5bca4e6be',42,'3f83c403d','1d969640a',36639,1442,1653827176,1653827176);
INSERT INTO player_score VALUES('622bc008c',42,'3f83c403d','323a5f2fa',343392,1692,1653998455,1653998455);
INSERT INTO player_score VALUES('5b399614c',42,'3f83c403d','3ad4ee251',13350,1503,1653812001,1653812001);
INSERT INTO player_score VALUES('637d8836f',42,'3f83c403d','3b9a79740',6912,1837,1654033874,1654033874);
INSERT INTO player_score VALUES('42542e457',42,'3f83c403d','3ddb15c0d',0,900,1653143701,1653143701);
INSERT INTO player_score VALUES('62956fb29',42,'3f83c403d','419e77b93',218416,1772,1654009537,1654009537);
INSERT INTO player_score VALUES('480188632',42,'3f83c403d','44deff29a',183750,1098,1653296096,1653296096);
INSERT INTO player_score VALUES('639254ecf',42,'3f83c403d','570db32a5',84700,1633,1654036055,1654036055);
INSERT INTO player_score VALUES('63a6b3c4d',42,'3f83c403d','5b76cfea3',51192,1607,1654038191,1654038191);
INSERT INTO player_score VALUES('63bfc3c67',42,'3f83c403d','5c82e8baa',4256,1636,1654040819,1654040819);
INSERT INTO player_score VALUES('544ef7438',42,'4003c9739','15c1690cd',84630,1463,1653626338,1653626338);
INSERT INTO player_score VALUES('5e33a3846',42,'4003c9739','18cf95e14',217620,1524,1653891908,1653891908);
INSERT INTO player_score VALUES('60cb6a49e',42,'4003c9739','1a37549b0',18975,1704,1653961510,1653961510);
INSERT INTO player_score VALUES('57883f3f9',42,'4003c9739','1d969640a',27048,1350,1653712875,1653712875);
INSERT INTO player_score VALUES('604cd57eb',42,'4003c9739','323a5f2fa',287040,1614,1653948237,1653948237);
INSERT INTO player_score VALUES('4a4536d04',42,'4003c9739','3aabb8d70',376200,1134,1653356880,1653356880);
INSERT INTO player_score VALUES('5b15abbe2',42,'4003c9739','3ad4ee251',54450,1498,1653808235,1653808235);
INSERT INTO player_score VALUES('63b8585d1',42,'4003c9739','3b9a79740',68080,1846,1654040041,1654040041);
INSERT INTO player_score VALUES('422d2f5d4',42,'4003c9739','3ddb15c0d',71750,872,1653139612,1653139612);
INSERT INTO player_score VALUES('635ef02df',42,'4003c9739','419e77b93',302460,1819,1654030666,1654030666);
INSERT INTO player_score VALUES('47fce5dae',42,'4003c9739','44deff29a',50024,1088,1653295610,1653295610);
INSERT INTO player_score VALUES('62aed04be',42,'4003c9739','570db32a5',139680,1521,1654012198,1654012198);
INSERT INTO player_score VALUES('63bb59669',42,'4003c9739','5b76cfea3',538200,1619,1654040356,1654040356);
INSERT INTO player_score VALUES('63a835808',42,'4003c9739','5c82e8baa',66792,1614,1654038349,1654038349);
INSERT INTO player_score VALUES('584bd3983',42,'41cfb9985','15c1690cd',69836,1549,1653733383,1653733383);
INSERT INTO player_score VALUES('5c45ebef8',42,'41cfb9985','18cf95e14',268584,1480,1653840138,1653840138);
INSERT INTO player_score VALUES('5e6aeecdf',42,'41cfb9985','1a37549b0',50752,1641,1653897706,1653897706);
INSERT INTO player_score VALUES('6255967be',42,'41cfb9985','323a5f2fa',40887,1702,1654002842,1654002842);
INSERT INTO player_score VALUES('4a63a55ca',42,'41cfb9985','3aabb8d70',43214,1141,1653360071,1653360071);
INSERT INTO player_score VALUES('62afae75f',42,'41cfb9985','3b9a79740',113400,1811,1654012289,1654012289);
INSERT INTO player_score VALUES('41d276472',42,'41cfb9985','3ddb15c0d',307800,796,1653130099,1653130099);
INSERT INTO player_score VALUES('623337a80',42,'41cfb9985','419e77b93',448140,1748,1653999238,1653999238);
INSERT INTO player_score VALUES('48019bedb',42,'41cfb9985','44deff29a',75240,1100,1653296104,1653296104);
INSERT INTO player_score VALUES('6365b5937',42,'41cfb9985','570db32a5',3744,1612,1654031376,1654031376);
INSERT INTO player_score VALUES('63b554e2b',42,'41cfb9985','5b76cfea3',15252,1617,1654039725,1654039725);
INSERT INTO player_score VALUES('6395e38e9',42,'41cfb9985','5c82e8baa',85995,1598,1654036428,1654036428);
INSERT INTO player_score VALUES('5c8862180',42,'41ea15a11','18cf95e14',131979,1487,1653847107,1653847107);
INSERT INTO player_score VALUES('6120d865a',42,'41ea15a11','1a37549b0',370880,1715,1653970468,1653970468);
INSERT INTO player_score VALUES('606878b1c',42,'41ea15a11','323a5f2fa',33456,1620,1653951135,1653951135);
INSERT INTO player_score VALUES('498fa7576',42,'41ea15a11','3aabb8d70',11648,1082,1653337842,1653337842);
INSERT INTO player_score VALUES('5a7796fe3',42,'41ea15a11','3ad4ee251',51620,1468,1653791659,1653791659);
INSERT INTO player_score VALUES('622eed05f',42,'41ea15a11','3b9a79740',64260,1789,1653998788,1653998788);
INSERT INTO player_score VALUES('423763acb',42,'41ea15a11','3ddb15c0d',57096,879,1653140682,1653140682);
INSERT INTO player_score VALUES('624d4a781',42,'41ea15a11','419e77b93',136068,1758,1654001972,1654001972);
INSERT INTO player_score VALUES('47f7197c9',42,'41ea15a11','44deff29a',137862,1078,1653295002,1653295002);
INSERT INTO player_score VALUES('638a214c2',42,'41ea15a11','570db32a5',14820,1628,1654035195,1654035195);
INSERT INTO player_score VALUES('633de4b44',42,'41ea15a11','5b76cfea3',150480,1532,1654027201,1654027201);
INSERT INTO player_score VALUES('63b1b7989',42,'41ea15a11','5c82e8baa',299390,1622,1654039346,1654039346);
INSERT INTO player_score VALUES('4c7826256',42,'42ddff0a7','15c1690cd',60697,1261,1653415908,1653415908);
INSERT INTO player_score VALUES('61d9d6ce1',42,'42ddff0a7','18cf95e14',9928,1605,1653989866,1653989866);
INSERT INTO player_score VALUES('62c405f86',42,'42ddff0a7','1a37549b0',228920,1738,1654014422,1654014422);
INSERT INTO player_score VALUES('614ba08bb',42,'42ddff0a7','1d969640a',208656,1577,1653974954,1653974954);
INSERT INTO player_score VALUES('61f6115de',42,'42ddff0a7','323a5f2fa',72618,1681,1653992826,1653992826);
INSERT INTO player_score VALUES('4a735f3c5',42,'42ddff0a7','3aabb8d70',67068,1146,1653361720,1653361720);
INSERT INTO player_score VALUES('5ab1d9894',42,'42ddff0a7','3ad4ee251',90300,1481,1653797768,1653797768);
INSERT INTO player_score VALUES('61f61d916',42,'42ddff0a7','3b9a79740',3267,1783,1653992831,1653992831);
INSERT INTO player_score VALUES('6301f475a',42,'42ddff0a7','419e77b93',41000,1793,1654020916,1654020916);
INSERT INTO player_score VALUES('4803c3aef',42,'42ddff0a7','44deff29a',39962,1106,1653296330,1653296330);
INSERT INTO player_score VALUES('62ed625bb',42,'42ddff0a7','570db32a5',4256,1556,1654018759,1654018759);
INSERT INTO player_score VALUES('637ff6c1e',42,'42ddff0a7','5b76cfea3',30702,1587,1654034129,1654034129);
INSERT INTO player_score VALUES('62587f1b4',42,'42ddff0a7','5c82e8baa',410400,1316,1654003147,1654003147);
INSERT INTO player_score VALUES('59092db8a',42,'43514e176','15c1690cd',160776,1568,1653753238,1653753238);
INSERT INTO player_score VALUES('62c338e2c',42,'43514e176','18cf95e14',371070,1626,1654014338,1654014338);
INSERT INTO player_score VALUES('5b90ea0b5',42,'43514e176','1a37549b0',33210,1571,1653821158,1653821158);
INSERT INTO player_score VALUES('63c5b7344',42,'43514e176','1d969640a',103455,1639,1654041443,1654041443);
INSERT INTO player_score VALUES('5f0ac9aa4',42,'43514e176','323a5f2fa',58000,1564,1653914468,1653914468);
INSERT INTO player_score VALUES('4a7cd0372',42,'43514e176','3aabb8d70',343911,1150,1653362710,1653362710);
INSERT INTO player_score VALUES('5ffb2e2d6',42,'43514e176','3b9a79740',9240,1688,1653939675,1653939675);
INSERT INTO player_score VALUES('6355d4a1d',42,'43514e176','419e77b93',493124,1817,1654029711,1654029711);
INSERT INTO player_score VALUES('47fd032b4',42,'43514e176','44deff29a',10120,1089,1653295622,1653295622);
INSERT INTO player_score VALUES('63b118e59',42,'43514e176','5b76cfea3',102672,1615,1654039281,1654039281);
INSERT INTO player_score VALUES('639963912',42,'43514e176','5c82e8baa',25704,1600,1654036795,1654036795);
INSERT INTO player_score VALUES('51f75cbc5',42,'43abddad5','15c1690cd',262080,1400,1653563465,1653563465);
INSERT INTO player_score VALUES('630e66809',42,'43abddad5','18cf95e14',76048,1635,1654022221,1654022221);
INSERT INTO player_score VALUES('54ddd86a4',42,'43abddad5','1a37549b0',120267,1412,1653641320,1653641320);
INSERT INTO player_score VALUES('625661223',42,'43abddad5','1d969640a',376000,1608,1654002925,1654002925);
INSERT INTO player_score VALUES('62a7f279e',42,'43abddad5','323a5f2fa',44772,1718,1654011478,1654011478);
INSERT INTO player_score VALUES('49acebff8',42,'43abddad5','3aabb8d70',24800,1087,1653340911,1653340911);
INSERT INTO player_score VALUES('5b47d31b2',42,'43abddad5','3ad4ee251',10560,1506,1653813494,1653813494);
INSERT INTO player_score VALUES('47f0fa1ad',42,'43abddad5','44deff29a',194184,1071,1653294360,1653294360);
INSERT INTO player_score VALUES('634282584',42,'43abddad5','570db32a5',6372,1598,1654027685,1654027685);
INSERT INTO player_score VALUES('63992dd70',42,'43abddad5','5b76cfea3',478800,1600,1654036773,1654036773);
INSERT INTO player_score VALUES('63aeeeaf6',42,'43abddad5','5c82e8baa',61425,1620,1654039054,1654039054);
INSERT INTO player_score VALUES('56d582698',42,'43b2f3a76','15c1690cd',29862,1517,1653694133,1653694133);
INSERT INTO player_score VALUES('609eb768e',42,'43b2f3a76','1a37549b0',26433,1699,1653956823,1653956823);
INSERT INTO player_score VALUES('632c699c2',42,'43b2f3a76','1d969640a',4400,1626,1654025368,1654025368);
INSERT INTO player_score VALUES('62a2bfe99',42,'43b2f3a76','323a5f2fa',57794,1716,1654010933,1654010933);
INSERT INTO player_score VALUES('61fd7303b',42,'43b2f3a76','3b9a79740',157080,1785,1653993600,1653993600);
INSERT INTO player_score VALUES('626858bca',42,'43b2f3a76','419e77b93',129000,1770,1654004809,1654004809);
INSERT INTO player_score VALUES('475830547',42,'43b2f3a76','44deff29a',440910,867,1653278339,1653278339);
INSERT INTO player_score VALUES('6252f71a4',42,'43b2f3a76','570db32a5',0,1479,1654002567,1654002567);
INSERT INTO player_score VALUES('63afe5480',42,'43b2f3a76','5b76cfea3',164864,1612,1654039155,1654039155);
INSERT INTO player_score VALUES('59aebef89',42,'4448b50b1','15c1690cd',366792,1576,1653770599,1653770599);
INSERT INTO player_score VALUES('61143cdef',42,'4448b50b1','18cf95e14',29760,1590,1653969146,1653969146);
INSERT INTO player_score VALUES('60e93f00b',42,'4448b50b1','1a37549b0',18696,1709,1653964638,1653964638);
INSERT INTO player_score VALUES('6337e9eef',42,'4448b50b1','1d969640a',91168,1627,1654026574,1654026574);
INSERT INTO player_score VALUES('631c1acdc',42,'4448b50b1','323a5f2fa',52479,1732,1654023658,1654023658);
INSERT INTO player_score VALUES('47fe8273e',42,'4448b50b1','3aabb8d70',219480,966,1653295779,1653295779);
INSERT INTO player_score VALUES('5a95fbc24',42,'4448b50b1','3ad4ee251',100100,1473,1653794846,1653794846);
INSERT INTO player_score VALUES('611f9622c',42,'4448b50b1','3b9a79740',326192,1746,1653970336,1653970336);
INSERT INTO player_score VALUES('60bb9f51a',42,'4448b50b1','419e77b93',54648,1661,1653959854,1653959854);
INSERT INTO player_score VALUES('47ff96540',42,'4448b50b1','44deff29a',70686,1095,1653295892,1653295892);
INSERT INTO player_score VALUES('636625e1a',42,'4448b50b1','570db32a5',489636,1613,1654031422,1654031422);
INSERT INTO player_score VALUES('63398b698',42,'4448b50b1','5b76cfea3',79200,1527,1654026745,1654026745);
INSERT INTO player_score VALUES('6388cdf65',42,'4448b50b1','5c82e8baa',26400,1579,1654035056,1654035056);
INSERT INTO player_score VALUES('51ab7ce93',42,'44b5c0161','15c1690cd',125664,1391,1653555509,1653555509);
INSERT INTO player_score VALUES('61c4b9850',42,'44b5c0161','18cf95e14',0,1603,1653987652,1653987652);
INSERT INTO player_score VALUES('5fe0a62f9',42,'44b5c0161','1a37549b0',5852,1680,1653936893,1653936893);
INSERT INTO player_score VALUES('5ba34d113',42,'44b5c0161','1d969640a',17766,1439,1653823086,1653823086);
INSERT INTO player_score VALUES('639e877b5',42,'44b5c0161','323a5f2fa',117734,1750,1654037334,1654037334);
INSERT INTO player_score VALUES('49fff0725',42,'44b5c0161','3aabb8d70',12276,1105,1653349616,1653349616);
INSERT INTO player_score VALUES('5aa717a31',42,'44b5c0161','3ad4ee251',93879,1476,1653796640,1653796640);
INSERT INTO player_score VALUES('60e669e8a',42,'44b5c0161','3b9a79740',56457,1735,1653964341,1653964341);
INSERT INTO player_score VALUES('62161a095',42,'44b5c0161','419e77b93',20384,1742,1653996185,1653996185);
INSERT INTO player_score VALUES('47fabba78',42,'44b5c0161','44deff29a',3655,1085,1653295383,1653295383);
INSERT INTO player_score VALUES('63631d822',42,'44b5c0161','570db32a5',27540,1611,1654031104,1654031104);
INSERT INTO player_score VALUES('637e3a6fa',42,'44b5c0161','5b76cfea3',272376,1584,1654033947,1654033947);
INSERT INTO player_score VALUES('54431c9b8',42,'44d246575','15c1690cd',190548,1460,1653625095,1653625095);
INSERT INTO player_score VALUES('612c4efb1',42,'44d246575','18cf95e14',41580,1592,1653971670,1653971670);
INSERT INTO player_score VALUES('62ae16bb5',42,'44d246575','1a37549b0',276576,1735,1654012122,1654012122);
INSERT INTO player_score VALUES('61bc7e9b6',42,'44d246575','1d969640a',286944,1598,1653986789,1653986789);
INSERT INTO player_score VALUES('60b5b3371',42,'44d246575','323a5f2fa',63826,1633,1653959233,1653959233);
INSERT INTO player_score VALUES('5b2d57504',42,'44d246575','3ad4ee251',587860,1502,1653810717,1653810717);
INSERT INTO player_score VALUES('62a68b97f',42,'44d246575','3b9a79740',29400,1810,1654011331,1654011331);
INSERT INTO player_score VALUES('6233fd6a9',42,'44d246575','419e77b93',26928,1749,1653999319,1653999319);
INSERT INTO player_score VALUES('47e504980',42,'44d246575','44deff29a',302841,1053,1653293106,1653293106);
INSERT INTO player_score VALUES('62c6636f0',42,'44d246575','570db32a5',62640,1532,1654014670,1654014670);
INSERT INTO player_score VALUES('63c32679b',42,'44d246575','5b76cfea3',408870,1627,1654041174,1654041174);
INSERT INTO player_score VALUES('63a464ef0',42,'44d246575','5c82e8baa',34848,1610,1654037949,1654037949);
INSERT INTO player_score VALUES('4fe922615',42,'454aca625','15c1690cd',93120,1344,1653508286,1653508286);
INSERT INTO player_score VALUES('5d4e47b23',42,'454aca625','18cf95e14',17112,1503,1653867858,1653867858);
INSERT INTO player_score VALUES('60e4e34aa',42,'454aca625','1a37549b0',4968,1708,1653964181,1653964181);
INSERT INTO player_score VALUES('63bb5bda1',42,'454aca625','1d969640a',81243,1637,1654040357,1654040357);
INSERT INTO player_score VALUES('600bd26f7',42,'454aca625','323a5f2fa',30015,1606,1653941420,1653941420);
INSERT INTO player_score VALUES('4a6d89189',42,'454aca625','3aabb8d70',80730,1145,1653361108,1653361108);
INSERT INTO player_score VALUES('5a76e9a82',42,'454aca625','3ad4ee251',44080,1467,1653791588,1653791588);
INSERT INTO player_score VALUES('60a3773cd',42,'454aca625','3b9a79740',43416,1720,1653957321,1653957321);
INSERT INTO player_score VALUES('625a564d1',42,'454aca625','419e77b93',3276,1767,1654003340,1654003340);
INSERT INTO player_score VALUES('63900fdce',42,'454aca625','5b76cfea3',159600,1595,1654035817,1654035817);
INSERT INTO player_score VALUES('63442d97f',42,'454aca625','5c82e8baa',2088,1524,1654027860,1654027860);
INSERT INTO player_score VALUES('57f8a33a0',42,'45ddddbe7','15c1690cd',168665,1543,1653724660,1653724660);
INSERT INTO player_score VALUES('615ea248e',42,'45ddddbe7','18cf95e14',311100,1599,1653976947,1653976947);
INSERT INTO player_score VALUES('60c4e45e5',42,'45ddddbe7','1a37549b0',615524,1702,1653960826,1653960826);
INSERT INTO player_score VALUES('61912b4a0',42,'45ddddbe7','1d969640a',102564,1590,1653982246,1653982246);
INSERT INTO player_score VALUES('60eb533ce',42,'45ddddbe7','323a5f2fa',114632,1640,1653964856,1653964856);
INSERT INTO player_score VALUES('5a9228c25',42,'45ddddbe7','3ad4ee251',792000,1472,1653794445,1653794445);
INSERT INTO player_score VALUES('63b2d057e',42,'45ddddbe7','419e77b93',48880,1840,1654039461,1654039461);
INSERT INTO player_score VALUES('47fc58448',42,'45ddddbe7','44deff29a',104400,1087,1653295552,1653295552);
INSERT INTO player_score VALUES('630086406',42,'45ddddbe7','570db32a5',21627,1565,1654020766,1654020766);
INSERT INTO player_score VALUES('63ad8cb4c',42,'45ddddbe7','5b76cfea3',223200,1611,1654038909,1654038909);
INSERT INTO player_score VALUES('639cb04a1',42,'45ddddbe7','5c82e8baa',9568,1604,1654037141,1654037141);
INSERT INTO player_score VALUES('52b6a4031',42,'45f3618f6','15c1690cd',104,1420,1653583522,1653583522);
INSERT INTO player_score VALUES('5a2b4bbc1',42,'45f3618f6','18cf95e14',36828,1431,1653783659,1653783659);
INSERT INTO player_score VALUES('5ec7ea803',42,'45f3618f6','1a37549b0',71100,1653,1653907456,1653907456);
INSERT INTO player_score VALUES('5fe6ad254',42,'45f3618f6','323a5f2fa',113646,1600,1653937525,1653937525);
INSERT INTO player_score VALUES('4911c2532',42,'45f3618f6','3aabb8d70',197208,1040,1653324641,1653324641);
INSERT INTO player_score VALUES('59df007f1',42,'45f3618f6','3ad4ee251',308550,1437,1653775659,1653775659);
INSERT INTO player_score VALUES('615e9fd3e',42,'45f3618f6','3b9a79740',15876,1753,1653976946,1653976946);
INSERT INTO player_score VALUES('619fc9f79',42,'45f3618f6','419e77b93',5425,1713,1653983779,1653983779);
INSERT INTO player_score VALUES('47cb3b041',42,'45f3618f6','44deff29a',263424,1021,1653290402,1653290402);
INSERT INTO player_score VALUES('633d04181',42,'45f3618f6','570db32a5',487600,1595,1654027109,1654027109);
INSERT INTO player_score VALUES('62d85fed4',42,'45f3618f6','5b76cfea3',56588,1447,1654016556,1654016556);
INSERT INTO player_score VALUES('636957c20',42,'45f3618f6','5c82e8baa',175,1557,1654031757,1654031757);
INSERT INTO player_score VALUES('58e565905',42,'47d38227a','15c1690cd',75757,1565,1653749486,1653749486);
INSERT INTO player_score VALUES('6023d3725',42,'47d38227a','18cf95e14',174798,1570,1653943937,1653943937);
INSERT INTO player_score VALUES('608e04820',42,'47d38227a','1a37549b0',8580,1695,1653955072,1653955072);
INSERT INTO player_score VALUES('63748eda0',42,'47d38227a','1d969640a',127903,1631,1654032933,1654032933);
INSERT INTO player_score VALUES('61d8a59d9',42,'47d38227a','323a5f2fa',16530,1675,1653989741,1653989741);
INSERT INTO player_score VALUES('5aeadeb39',42,'47d38227a','3ad4ee251',283020,1491,1653803747,1653803747);
INSERT INTO player_score VALUES('632e5ba7d',42,'47d38227a','3b9a79740',70980,1827,1654025572,1654025572);
INSERT INTO player_score VALUES('5f98f1400',42,'47d38227a','419e77b93',62186,1607,1653929374,1653929374);
INSERT INTO player_score VALUES('47e9ae703',42,'47d38227a','44deff29a',167384,1061,1653293595,1653293595);
INSERT INTO player_score VALUES('6303b81ea',42,'47d38227a','5b76cfea3',192192,1485,1654021101,1654021101);
INSERT INTO player_score VALUES('63b85fae5',42,'47d38227a','5c82e8baa',58968,1630,1654040044,1654040044);
INSERT INTO player_score VALUES('57547dba9',42,'47ec3a464','15c1690cd',94770,1528,1653707448,1653707448);
INSERT INTO player_score VALUES('62d029e54',42,'47ec3a464','18cf95e14',28490,1628,1654015695,1654015695);
INSERT INTO player_score VALUES('5cc2679a0',42,'47ec3a464','1a37549b0',97216,1607,1653853191,1653853191);
INSERT INTO player_score VALUES('5b50dffd6',42,'47ec3a464','1d969640a',112746,1431,1653814443,1653814443);
INSERT INTO player_score VALUES('4a4780c2b',42,'47ec3a464','3aabb8d70',187440,1135,1653357120,1653357120);
INSERT INTO player_score VALUES('59f37a347',42,'47ec3a464','3ad4ee251',3248,1441,1653777806,1653777806);
INSERT INTO player_score VALUES('62fd14e54',42,'47ec3a464','3b9a79740',404274,1821,1654020405,1654020405);
INSERT INTO player_score VALUES('6380d00c8',42,'47ec3a464','419e77b93',13260,1826,1654034218,1654034218);
INSERT INTO player_score VALUES('47f86cda9',42,'47ec3a464','44deff29a',52920,1081,1653295141,1653295141);
INSERT INTO player_score VALUES('639da6def',42,'47ec3a464','570db32a5',558600,1639,1654037242,1654037242);
INSERT INTO player_score VALUES('63a743cff',42,'47ec3a464','5b76cfea3',64728,1608,1654038250,1654038250);
INSERT INTO player_score VALUES('58dfa084d',42,'4822c2420','15c1690cd',46500,1564,1653748881,1653748881);
INSERT INTO player_score VALUES('6300ca9b1',42,'4822c2420','18cf95e14',2000,1633,1654020794,1654020794);
INSERT INTO player_score VALUES('5f8db063e',42,'4822c2420','1d969640a',2030,1525,1653928194,1653928194);
INSERT INTO player_score VALUES('63c6cffcf',42,'4822c2420','323a5f2fa',240,1754,1654041558,1654041558);
INSERT INTO player_score VALUES('4a05871cd',42,'4822c2420','3aabb8d70',217686,1109,1653350202,1653350202);
INSERT INTO player_score VALUES('5b5307c24',42,'4822c2420','3ad4ee251',1120,1507,1653814669,1653814669);
INSERT INTO player_score VALUES('61eb6cc11',42,'4822c2420','3b9a79740',2640,1777,1653991710,1653991710);
INSERT INTO player_score VALUES('62285fc68',42,'4822c2420','419e77b93',100320,1745,1653998101,1653998101);
INSERT INTO player_score VALUES('634273b24',42,'4822c2420','570db32a5',46354,1597,1654027679,1654027679);
INSERT INTO player_score VALUES('639980dda',42,'4822c2420','5b76cfea3',15912,1601,1654036807,1654036807);
INSERT INTO player_score VALUES('635e2a6af',42,'4822c2420','5c82e8baa',2250,1547,1654030585,1654030585);
INSERT INTO player_score VALUES('58ae219dd',42,'4a71aa3a1','15c1690cd',220374,1556,1653743691,1653743691);
INSERT INTO player_score VALUES('611be0716',42,'4a71aa3a1','18cf95e14',382200,1591,1653969947,1653969947);
INSERT INTO player_score VALUES('5ca3494a8',42,'4a71aa3a1','1a37549b0',15392,1599,1653849928,1653849928);
INSERT INTO player_score VALUES('5980e23ed',42,'4a71aa3a1','1d969640a',122915,1395,1653765790,1653765790);
INSERT INTO player_score VALUES('62c53c08f',42,'4a71aa3a1','323a5f2fa',23600,1720,1654014549,1654014549);
INSERT INTO player_score VALUES('4a403c6bd',42,'4a71aa3a1','3aabb8d70',49500,1132,1653356358,1653356358);
INSERT INTO player_score VALUES('58fe29e4b',42,'4a71aa3a1','3ad4ee251',87552,1410,1653752083,1653752083);
INSERT INTO player_score VALUES('5e7983b3d',42,'4a71aa3a1','3b9a79740',210924,1611,1653899235,1653899235);
INSERT INTO player_score VALUES('639c18eba',42,'4a71aa3a1','419e77b93',96075,1830,1654037079,1654037079);
INSERT INTO player_score VALUES('637491483',42,'4a71aa3a1','5b76cfea3',81900,1573,1654032934,1654032934);
INSERT INTO player_score VALUES('6349e6725',42,'4a71aa3a1','5c82e8baa',17080,1527,1654028460,1654028460);
INSERT INTO player_score VALUES('5141ad807',42,'4a867bd1f','15c1690cd',51840,1384,1653544414,1653544414);
INSERT INTO player_score VALUES('5db8c6e1b',42,'4a867bd1f','18cf95e14',205000,1515,1653879025,1653879025);
INSERT INTO player_score VALUES('5f10d5819',42,'4a867bd1f','1a37549b0',49500,1660,1653915102,1653915102);
INSERT INTO player_score VALUES('625d3c811',42,'4a867bd1f','323a5f2fa',374556,1704,1654003644,1654003644);
INSERT INTO player_score VALUES('49f7760a2',42,'4a867bd1f','3aabb8d70',5848,1103,1653348727,1653348727);
INSERT INTO player_score VALUES('5afd77719',42,'4a867bd1f','3ad4ee251',133590,1493,1653805697,1653805697);
INSERT INTO player_score VALUES('63b391358',42,'4a867bd1f','3b9a79740',1440,1845,1654039540,1654039540);
INSERT INTO player_score VALUES('615c55e2d',42,'4a867bd1f','419e77b93',273060,1695,1653976706,1653976706);
INSERT INTO player_score VALUES('6322ec677',42,'4a867bd1f','570db32a5',17280,1579,1654024373,1654024373);
INSERT INTO player_score VALUES('63631ff60',42,'4a867bd1f','5b76cfea3',45120,1559,1654031105,1654031105);
INSERT INTO player_score VALUES('599a58d06',42,'4b14eca94','15c1690cd',401104,1575,1653768460,1653768460);
INSERT INTO player_score VALUES('61db93228',42,'4b14eca94','18cf95e14',10350,1606,1653990048,1653990048);
INSERT INTO player_score VALUES('6289e809e',42,'4b14eca94','1a37549b0',453618,1731,1654008328,1654008328);
INSERT INTO player_score VALUES('5f5bef94b',42,'4b14eca94','1d969640a',209664,1522,1653922977,1653922977);
INSERT INTO player_score VALUES('6387f4a72',42,'4b14eca94','323a5f2fa',1440,1747,1654034967,1654034967);
INSERT INTO player_score VALUES('597d1de3a',42,'4b14eca94','3ad4ee251',653200,1425,1653765395,1653765395);
INSERT INTO player_score VALUES('61e0d93ab',42,'4b14eca94','3b9a79740',68970,1775,1653990601,1653990601);
INSERT INTO player_score VALUES('620ae080c',42,'4b14eca94','419e77b93',112560,1740,1653995008,1653995008);
INSERT INTO player_score VALUES('63bfc638a',42,'4b14eca94','570db32a5',420,1657,1654040820,1654040820);
INSERT INTO player_score VALUES('6343b8651',42,'4b14eca94','5b76cfea3',381800,1537,1654027812,1654027812);
INSERT INTO player_score VALUES('635c3fb1b',42,'4b14eca94','5c82e8baa',86387,1546,1654030384,1654030384);
INSERT INTO player_score VALUES('58cb57a72',42,'4cb13785d','15c1690cd',21825,1560,1653746754,1653746754);
INSERT INTO player_score VALUES('62e204302',42,'4cb13785d','18cf95e14',540,1631,1654017567,1654017567);
INSERT INTO player_score VALUES('5aef4432a',42,'4cb13785d','1a37549b0',46592,1560,1653804208,1653804208);
INSERT INTO player_score VALUES('624b3d902',42,'4cb13785d','1d969640a',24900,1606,1654001757,1654001757);
INSERT INTO player_score VALUES('6198a2ea1',42,'4cb13785d','323a5f2fa',242788,1667,1653983029,1653983029);
INSERT INTO player_score VALUES('5aac58dbe',42,'4cb13785d','3ad4ee251',1891,1479,1653797191,1653797191);
INSERT INTO player_score VALUES('619f48940',42,'4cb13785d','419e77b93',7392,1712,1653983726,1653983726);
INSERT INTO player_score VALUES('63b1ba091',42,'4cb13785d','570db32a5',473616,1653,1654039347,1654039347);
INSERT INTO player_score VALUES('6377888d5',42,'4cb13785d','5b76cfea3',4560,1581,1654033245,1654033245);
INSERT INTO player_score VALUES('62ecb020b',42,'4cb13785d','5c82e8baa',151256,1452,1654018686,1654018686);
INSERT INTO player_score VALUES('536483bd8',42,'4d55beac8','15c1690cd',40014,1436,1653601754,1653601754);
INSERT INTO player_score VALUES('5dbdadc85',42,'4d55beac8','18cf95e14',7020,1516,1653879539,1653879539);
INSERT INTO player_score VALUES('5d9d2fe73',42,'4d55beac8','1a37549b0',48203,1622,1653876132,1653876132);
INSERT INTO player_score VALUES('60e69d300',42,'4d55beac8','1d969640a',99603,1568,1653964362,1653964362);
INSERT INTO player_score VALUES('607e51f5e',42,'4d55beac8','323a5f2fa',2508,1626,1653953426,1653953426);
INSERT INTO player_score VALUES('592679b96',42,'4d55beac8','3ad4ee251',397110,1415,1653756310,1653756310);
INSERT INTO player_score VALUES('62c6992a8',42,'4d55beac8','3b9a79740',1350,1814,1654014692,1654014692);
INSERT INTO player_score VALUES('625e10e7c',42,'4d55beac8','419e77b93',42029,1768,1654003731,1654003731);
INSERT INTO player_score VALUES('63a126de7',42,'4d55beac8','570db32a5',251370,1641,1654037609,1654037609);
INSERT INTO player_score VALUES('63bfadd04',42,'4d55beac8','5b76cfea3',109620,1623,1654040810,1654040810);
INSERT INTO player_score VALUES('62d6afcd9',42,'4d55beac8','5c82e8baa',180120,1429,1654016379,1654016379);
INSERT INTO player_score VALUES('58b269cf6',42,'4ec15c9be','15c1690cd',45441,1557,1653744140,1653744140);
INSERT INTO player_score VALUES('63c05644d',42,'4ec15c9be','1a37549b0',87185,1762,1654040879,1654040879);
INSERT INTO player_score VALUES('5e3974ca8',42,'4ec15c9be','1d969640a',135200,1502,1653892518,1653892518);
INSERT INTO player_score VALUES('61a1e7f43',42,'4ec15c9be','323a5f2fa',159120,1668,1653984001,1653984001);
INSERT INTO player_score VALUES('59b41b0a3',42,'4ec15c9be','3ad4ee251',139840,1432,1653771161,1653771161);
INSERT INTO player_score VALUES('634b152db',42,'4ec15c9be','3b9a79740',314985,1830,1654028584,1654028584);
INSERT INTO player_score VALUES('61659aee7',42,'4ec15c9be','419e77b93',257856,1698,1653977678,1653977678);
INSERT INTO player_score VALUES('62d8da010',42,'4ec15c9be','570db32a5',160208,1542,1654016606,1654016606);
INSERT INTO player_score VALUES('637f07842',42,'4ec15c9be','5b76cfea3',51408,1586,1654034031,1654034031);
INSERT INTO player_score VALUES('53445dbf9',42,'50521d626','15c1690cd',78936,1431,1653598383,1653598383);
INSERT INTO player_score VALUES('5b6b37296',42,'50521d626','18cf95e14',189428,1461,1653817205,1653817205);
INSERT INTO player_score VALUES('6395c3d22',42,'50521d626','1a37549b0',236118,1758,1654036415,1654036415);
INSERT INTO player_score VALUES('5eca03a17',42,'50521d626','1d969640a',212400,1511,1653907676,1653907676);
INSERT INTO player_score VALUES('628b42b73',42,'50521d626','323a5f2fa',294,1712,1654008470,1654008470);
INSERT INTO player_score VALUES('5aa4d779b',42,'50521d626','3ad4ee251',26496,1475,1653796404,1653796404);
INSERT INTO player_score VALUES('625e94ba7',42,'50521d626','3b9a79740',178068,1797,1654003785,1654003785);
INSERT INTO player_score VALUES('63aca4c2a',42,'50521d626','419e77b93',0,1836,1654038814,1654038814);
INSERT INTO player_score VALUES('62c53244c',42,'50521d626','5b76cfea3',382536,1430,1654014545,1654014545);
INSERT INTO player_score VALUES('631d13d1d',42,'50521d626','5c82e8baa',1092,1483,1654023760,1654023760);
INSERT INTO player_score VALUES('584e8b667',42,'51260a4df','15c1690cd',17955,1550,1653733668,1653733668);
INSERT INTO player_score VALUES('5fb9e6c05',42,'51260a4df','18cf95e14',56700,1559,1653932830,1653932830);
INSERT INTO player_score VALUES('5cec9863b',42,'51260a4df','1a37549b0',164560,1612,1653857615,1653857615);
INSERT INTO player_score VALUES('6248eec11',42,'51260a4df','1d969640a',114816,1605,1654001515,1654001515);
INSERT INTO player_score VALUES('62dc048f2',42,'51260a4df','323a5f2fa',151389,1726,1654016938,1654016938);
INSERT INTO player_score VALUES('561bfdb85',42,'51260a4df','3ad4ee251',528528,1282,1653674680,1653674680);
INSERT INTO player_score VALUES('5fc73e4ad',42,'51260a4df','3b9a79740',27300,1677,1653934229,1653934229);
INSERT INTO player_score VALUES('5fb1f77ef',42,'51260a4df','419e77b93',12150,1617,1653931998,1653931998);
INSERT INTO player_score VALUES('63548d7ad',42,'51260a4df','570db32a5',548700,1606,1654029577,1654029577);
INSERT INTO player_score VALUES('63b002932',42,'51260a4df','5b76cfea3',12870,1613,1654039167,1654039167);
INSERT INTO player_score VALUES('63bf6e539',42,'51260a4df','5c82e8baa',267750,1635,1654040784,1654040784);
INSERT INTO player_score VALUES('592ce2577',42,'51a27ea95','15c1690cd',19136,1569,1653756982,1653756982);
INSERT INTO player_score VALUES('63743967d',42,'51a27ea95','18cf95e14',235224,1639,1654032898,1654032898);
INSERT INTO player_score VALUES('635ba855c',42,'51a27ea95','1d969640a',149898,1630,1654030322,1654030322);
INSERT INTO player_score VALUES('6395140c4',42,'51a27ea95','323a5f2fa',26962,1749,1654036343,1654036343);
INSERT INTO player_score VALUES('5a19d0a50',42,'51a27ea95','3ad4ee251',127050,1450,1653781826,1653781826);
INSERT INTO player_score VALUES('618112324',42,'51a27ea95','3b9a79740',3795,1761,1653980558,1653980558);
INSERT INTO player_score VALUES('62f0069d1',42,'51a27ea95','419e77b93',38164,1787,1654019036,1654019036);
INSERT INTO player_score VALUES('632e14d8a',42,'51a27ea95','570db32a5',560,1587,1654025543,1654025543);
INSERT INTO player_score VALUES('63772479c',42,'51a27ea95','5b76cfea3',16226,1580,1654033204,1654033204);
INSERT INTO player_score VALUES('45bbd1f0d',42,'51a76f4ef','15c1690cd',42480,1096,1653235099,1653235099);
INSERT INTO player_score VALUES('5fec8f824',42,'51a76f4ef','18cf95e14',522144,1563,1653938142,1653938142);
INSERT INTO player_score VALUES('5e010e519',42,'51a76f4ef','1a37549b0',78408,1633,1653886604,1653886604);
INSERT INTO player_score VALUES('62cd8cf17',42,'51a76f4ef','1d969640a',167433,1617,1654015421,1654015421);
INSERT INTO player_score VALUES('6324f1ff4',42,'51a76f4ef','323a5f2fa',48672,1733,1654024585,1654024585);
INSERT INTO player_score VALUES('5b65af25f',42,'51a76f4ef','3ad4ee251',242597,1509,1653816625,1653816625);
INSERT INTO player_score VALUES('62f667ec0',42,'51a76f4ef','3b9a79740',192231,1820,1654019705,1654019705);
INSERT INTO player_score VALUES('635457c48',42,'51a76f4ef','419e77b93',109076,1815,1654029555,1654029555);
INSERT INTO player_score VALUES('63373546a',42,'51a76f4ef','570db32a5',96432,1594,1654026500,1654026500);
INSERT INTO player_score VALUES('632da96f7',42,'51a76f4ef','5b76cfea3',7040,1520,1654025499,1654025499);
INSERT INTO player_score VALUES('6383f346c',42,'51a76f4ef','5c82e8baa',190278,1575,1654034547,1654034547);
INSERT INTO player_score VALUES('56acc72a3',42,'526d3ef78','15c1690cd',1944,1512,1653689862,1653689862);
INSERT INTO player_score VALUES('5d398e85b',42,'526d3ef78','18cf95e14',629760,1502,1653865685,1653865685);
INSERT INTO player_score VALUES('5eab46fb3',42,'526d3ef78','1a37549b0',94500,1647,1653904453,1653904453);
INSERT INTO player_score VALUES('5d38bf03a',42,'526d3ef78','1d969640a',0,1473,1653865600,1653865600);
INSERT INTO player_score VALUES('63c38d079',42,'526d3ef78','323a5f2fa',205623,1753,1654041216,1654041216);
INSERT INTO player_score VALUES('5a73ded9c',42,'526d3ef78','3ad4ee251',37888,1465,1653791269,1653791269);
INSERT INTO player_score VALUES('62643a0c4',42,'526d3ef78','3b9a79740',450800,1800,1654004377,1654004377);
INSERT INTO player_score VALUES('6372e12a2',42,'526d3ef78','419e77b93',229810,1821,1654032757,1654032757);
INSERT INTO player_score VALUES('639780263',42,'526d3ef78','570db32a5',206925,1637,1654036597,1654036597);
INSERT INTO player_score VALUES('6304a27e3',42,'526d3ef78','5b76cfea3',216480,1486,1654021197,1654021197);
INSERT INTO player_score VALUES('63a1d6a67',42,'526d3ef78','5c82e8baa',178120,1608,1654037681,1654037681);
INSERT INTO player_score VALUES('5311c1376',42,'5415620c5','15c1690cd',386880,1427,1653593076,1653593076);
INSERT INTO player_score VALUES('608356216',42,'5415620c5','18cf95e14',22032,1579,1653953952,1653953952);
INSERT INTO player_score VALUES('5dacd3cc6',42,'5415620c5','1a37549b0',26208,1625,1653877772,1653877772);
INSERT INTO player_score VALUES('5dcc897f4',42,'5415620c5','1d969640a',77520,1491,1653881097,1653881097);
INSERT INTO player_score VALUES('6350da392',42,'5415620c5','323a5f2fa',0,1741,1654029189,1654029189);
INSERT INTO player_score VALUES('56de59974',42,'5415620c5','3ad4ee251',2640,1314,1653695060,1653695060);
INSERT INTO player_score VALUES('62627660a',42,'5415620c5','3b9a79740',13104,1798,1654004192,1654004192);
INSERT INTO player_score VALUES('632d9856a',42,'5415620c5','419e77b93',144000,1803,1654025492,1654025492);
INSERT INTO player_score VALUES('6336fab24',42,'5415620c5','570db32a5',11468,1593,1654026476,1654026476);
INSERT INTO player_score VALUES('6371b4de2',42,'5415620c5','5b76cfea3',2400,1570,1654032634,1654032634);
INSERT INTO player_score VALUES('63b7a8944',42,'5415620c5','5c82e8baa',0,1627,1654039969,1654039969);
INSERT INTO player_score VALUES('52680c641',42,'549422cbd','15c1690cd',13724,1414,1653575281,1653575281);
INSERT INTO player_score VALUES('621af99b7',42,'549422cbd','18cf95e14',25515,1614,1653996696,1653996696);
INSERT INTO player_score VALUES('62f4896a4',42,'549422cbd','1a37549b0',22176,1742,1654019509,1654019509);
INSERT INTO player_score VALUES('5de10a80a',42,'549422cbd','1d969640a',40584,1493,1653883247,1653883247);
INSERT INTO player_score VALUES('634c0bc02',42,'549422cbd','323a5f2fa',11660,1739,1654028685,1654028685);
INSERT INTO player_score VALUES('5237cfbfc',42,'549422cbd','3ad4ee251',4350,1114,1653570223,1653570223);
INSERT INTO player_score VALUES('5fdde4a12',42,'549422cbd','3b9a79740',3384,1681,1653936604,1653936604);
INSERT INTO player_score VALUES('63506c5a0',42,'549422cbd','419e77b93',127680,1814,1654029144,1654029144);
INSERT INTO player_score VALUES('62d247ddc',42,'549422cbd','570db32a5',41958,1539,1654015917,1654015917);
INSERT INTO player_score VALUES('6342b0b8c',42,'549422cbd','5b76cfea3',162288,1535,1654027704,1654027704);
INSERT INTO player_score VALUES('633fbe555',42,'549422cbd','5c82e8baa',228330,1517,1654027395,1654027395);
INSERT INTO player_score VALUES('58e5e4869',42,'55bcf2afc','15c1690cd',90576,1566,1653749538,1653749538);
INSERT INTO player_score VALUES('62b2a5b8b',42,'55bcf2afc','18cf95e14',74976,1624,1654012600,1654012600);
INSERT INTO player_score VALUES('60e409fc3',42,'55bcf2afc','1a37549b0',43824,1707,1653964092,1653964092);
INSERT INTO player_score VALUES('63aefd5be',42,'55bcf2afc','1d969640a',2867,1636,1654039060,1654039060);
INSERT INTO player_score VALUES('611058c6f',42,'55bcf2afc','323a5f2fa',123480,1646,1653968738,1653968738);
INSERT INTO player_score VALUES('5b277c47c',42,'55bcf2afc','3ad4ee251',57816,1501,1653810103,1653810103);
INSERT INTO player_score VALUES('6010a5c7d',42,'55bcf2afc','3b9a79740',84175,1694,1653941926,1653941926);
INSERT INTO player_score VALUES('6378cd446',42,'55bcf2afc','419e77b93',106020,1824,1654033378,1654033378);
INSERT INTO player_score VALUES('6302980bc',42,'55bcf2afc','570db32a5',265398,1567,1654020983,1654020983);
INSERT INTO player_score VALUES('63720cc1c',42,'55bcf2afc','5b76cfea3',95480,1571,1654032670,1654032670);
INSERT INTO player_score VALUES('63672fff3',42,'55bcf2afc','5c82e8baa',194040,1554,1654031531,1654031531);
INSERT INTO player_score VALUES('590329346',42,'569cc19a1','15c1690cd',649152,1567,1653752607,1653752607);
INSERT INTO player_score VALUES('610c575fe',42,'569cc19a1','18cf95e14',12144,1589,1653968318,1653968318);
INSERT INTO player_score VALUES('5ff069d43',42,'569cc19a1','1a37549b0',172200,1681,1653938546,1653938546);
INSERT INTO player_score VALUES('6163e37ca',42,'569cc19a1','323a5f2fa',66880,1660,1653977498,1653977498);
INSERT INTO player_score VALUES('5ac64229f',42,'569cc19a1','3ad4ee251',71852,1485,1653799908,1653799908);
INSERT INTO player_score VALUES('60d6f1f10',42,'569cc19a1','3b9a79740',4836,1734,1653962719,1653962719);
INSERT INTO player_score VALUES('63aa31542',42,'569cc19a1','419e77b93',246960,1835,1654038557,1654038557);
INSERT INTO player_score VALUES('627678785',42,'569cc19a1','570db32a5',571912,1496,1654006290,1654006290);
INSERT INTO player_score VALUES('611457b5a',42,'569cc19a1','5b76cfea3',27528,1090,1653969157,1653969157);
INSERT INTO player_score VALUES('634e6e18a',42,'569cc19a1','5c82e8baa',418176,1534,1654028935,1654028935);
INSERT INTO player_score VALUES('5946fa071',42,'56e425f81','15c1690cd',37632,1572,1653759718,1653759718);
INSERT INTO player_score VALUES('6030d7f62',42,'56e425f81','18cf95e14',5125,1571,1653945302,1653945302);
INSERT INTO player_score VALUES('639c8e18a',42,'56e425f81','1a37549b0',1224,1760,1654037127,1654037127);
INSERT INTO player_score VALUES('62828b46b',42,'56e425f81','1d969640a',19360,1610,1654007556,1654007556);
INSERT INTO player_score VALUES('57871a482',42,'56e425f81','3ad4ee251',108810,1340,1653712755,1653712755);
INSERT INTO player_score VALUES('630d10b32',42,'56e425f81','3b9a79740',7995,1823,1654022081,1654022081);
INSERT INTO player_score VALUES('639b49659',42,'56e425f81','419e77b93',558756,1829,1654036994,1654036994);
INSERT INTO player_score VALUES('63b3b3665',42,'56e425f81','570db32a5',20468,1654,1654039554,1654039554);
INSERT INTO player_score VALUES('63b0b4c94',42,'56e425f81','5b76cfea3',0,1614,1654039240,1654039240);
INSERT INTO player_score VALUES('63466b507',42,'56e425f81','5c82e8baa',126480,1525,1654028095,1654028095);
INSERT INTO player_score VALUES('59725e71c',42,'56e97ab84','15c1690cd',6930,1573,1653764268,1653764268);
INSERT INTO player_score VALUES('5d581cce2',42,'56e97ab84','18cf95e14',27816,1504,1653868889,1653868889);
INSERT INTO player_score VALUES('636fffd86',42,'56e97ab84','1a37549b0',80100,1755,1654032455,1654032455);
INSERT INTO player_score VALUES('637abce10',42,'56e97ab84','1d969640a',1720,1632,1654033581,1654033581);
INSERT INTO player_score VALUES('6072f8aeb',42,'56e97ab84','323a5f2fa',237553,1622,1653952236,1653952236);
INSERT INTO player_score VALUES('58b39fdd1',42,'56e97ab84','3ad4ee251',16704,1398,1653744267,1653744267);
INSERT INTO player_score VALUES('5f26d0f2b',42,'56e97ab84','3b9a79740',148764,1649,1653917407,1653917407);
INSERT INTO player_score VALUES('5ff488876',42,'56e97ab84','419e77b93',53352,1631,1653938978,1653938978);
INSERT INTO player_score VALUES('63a6ebec3',42,'56e97ab84','570db32a5',66309,1647,1654038214,1654038214);
INSERT INTO player_score VALUES('6308227c6',42,'56e97ab84','5b76cfea3',215760,1491,1654021564,1654021564);
INSERT INTO player_score VALUES('63ac5b856',42,'56e97ab84','5c82e8baa',77805,1618,1654038784,1654038784);
INSERT INTO player_score VALUES('57711783b',42,'5769850b5','15c1690cd',1848,1530,1653710447,1653710447);
INSERT INTO player_score VALUES('5f47e6322',42,'5769850b5','18cf95e14',134784,1549,1653920876,1653920876);
INSERT INTO player_score VALUES('633edb4b5',42,'5769850b5','1a37549b0',65016,1750,1654027302,1654027302);
INSERT INTO player_score VALUES('614360bf5',42,'5769850b5','1d969640a',255024,1576,1653974089,1653974089);
INSERT INTO player_score VALUES('62d2eb721',42,'5769850b5','323a5f2fa',464454,1723,1654015984,1654015984);
INSERT INTO player_score VALUES('55ce88a36',42,'5769850b5','3ad4ee251',273600,1274,1653666558,1653666558);
INSERT INTO player_score VALUES('60052092e',42,'5769850b5','3b9a79740',307800,1691,1653940718,1653940718);
INSERT INTO player_score VALUES('61ee72ad5',42,'5769850b5','419e77b93',11610,1737,1653992027,1653992027);
INSERT INTO player_score VALUES('613a6eb0f',42,'5769850b5','570db32a5',564696,1313,1653973151,1653973151);
INSERT INTO player_score VALUES('637626900',42,'5769850b5','5b76cfea3',12922,1577,1654033100,1654033100);
INSERT INTO player_score VALUES('63322c37d',42,'5769850b5','5c82e8baa',100878,1504,1654025972,1654025972);
INSERT INTO player_score VALUES('562c45338',42,'5826fc722','15c1690cd',108783,1501,1653676387,1653676387);
INSERT INTO player_score VALUES('634e497d4',42,'5826fc722','1a37549b0',187920,1753,1654028920,1654028920);
INSERT INTO player_score VALUES('5fc78ed98',42,'5826fc722','1d969640a',111000,1532,1653934262,1653934262);
INSERT INTO player_score VALUES('62d6382c5',42,'5826fc722','323a5f2fa',123904,1725,1654016330,1654016330);
INSERT INTO player_score VALUES('5b0040578',42,'5826fc722','3ad4ee251',76041,1494,1653805989,1653805989);
INSERT INTO player_score VALUES('5cb674882',42,'5826fc722','3b9a79740',138663,1546,1653851938,1653851938);
INSERT INTO player_score VALUES('634b375be',42,'5826fc722','419e77b93',271584,1811,1654028598,1654028598);
INSERT INTO player_score VALUES('630f5d157',42,'5826fc722','570db32a5',82336,1573,1654022322,1654022322);
INSERT INTO player_score VALUES('63a7d64d2',42,'5826fc722','5b76cfea3',50232,1609,1654038310,1654038310);
INSERT INTO player_score VALUES('6360faa4f',42,'5826fc722','5c82e8baa',108376,1550,1654030880,1654030880);
INSERT INTO player_score VALUES('560c5eb56',42,'587d6d58b','15c1690cd',286200,1497,1653673042,1653673042);
INSERT INTO player_score VALUES('5db76c33b',42,'587d6d58b','18cf95e14',81224,1514,1653878883,1653878883);
INSERT INTO player_score VALUES('62be965e3',42,'587d6d58b','1a37549b0',59000,1736,1654013852,1654013852);
INSERT INTO player_score VALUES('620a1fa5d',42,'587d6d58b','323a5f2fa',4312,1688,1653994929,1653994929);
INSERT INTO player_score VALUES('5aad40c79',42,'587d6d58b','3ad4ee251',476256,1480,1653797286,1653797286);
INSERT INTO player_score VALUES('6332a3d91',42,'587d6d58b','3b9a79740',742438,1828,1654026021,1654026021);
INSERT INTO player_score VALUES('62f804863',42,'587d6d58b','419e77b93',80808,1791,1654019874,1654019874);
INSERT INTO player_score VALUES('632cefe05',42,'587d6d58b','570db32a5',35280,1585,1654025423,1654025423);
INSERT INTO player_score VALUES('63bf362ef',42,'587d6d58b','5b76cfea3',48450,1622,1654040761,1654040761);
INSERT INTO player_score VALUES('6389b8513',42,'587d6d58b','5c82e8baa',364743,1582,1654035152,1654035152);
INSERT INTO player_score VALUES('57d4d62cf',42,'596dd933d','15c1690cd',378000,1541,1653720906,1653720906);
INSERT INTO player_score VALUES('5b0c72e5b',42,'596dd933d','18cf95e14',85050,1452,1653807268,1653807268);
INSERT INTO player_score VALUES('5ec17cffe',42,'596dd933d','1a37549b0',0,1651,1653906782,1653906782);
INSERT INTO player_score VALUES('5f8f03bee',42,'596dd933d','1d969640a',29106,1527,1653928333,1653928333);
INSERT INTO player_score VALUES('627874446',42,'596dd933d','323a5f2fa',555449,1707,1654006498,1654006498);
INSERT INTO player_score VALUES('5564b937b',42,'596dd933d','3ad4ee251',44352,1254,1653655463,1653655463);
INSERT INTO player_score VALUES('61f1f03d7',42,'596dd933d','3b9a79740',513421,1781,1653992393,1653992393);
INSERT INTO player_score VALUES('63979fe89',42,'596dd933d','419e77b93',33320,1828,1654036610,1654036610);
INSERT INTO player_score VALUES('62fc196e9',42,'596dd933d','570db32a5',501984,1562,1654020302,1654020302);
INSERT INTO player_score VALUES('62fccba88',42,'596dd933d','5b76cfea3',17100,1479,1654020375,1654020375);
INSERT INTO player_score VALUES('63c37e5f0',42,'596dd933d','5c82e8baa',191862,1640,1654041210,1654041210);
INSERT INTO player_score VALUES('5f5d73c5c',42,'5a8eada49','18cf95e14',532440,1552,1653923136,1653923136);
INSERT INTO player_score VALUES('6399a30c7',42,'5a8eada49','1a37549b0',118750,1759,1654036821,1654036821);
INSERT INTO player_score VALUES('6041bbb56',42,'5a8eada49','1d969640a',105336,1550,1653947073,1653947073);
INSERT INTO player_score VALUES('5b012ab6c',42,'5a8eada49','3ad4ee251',78960,1495,1653806085,1653806085);
INSERT INTO player_score VALUES('638795733',42,'5a8eada49','3b9a79740',325467,1839,1654034928,1654034928);
INSERT INTO player_score VALUES('608efff9f',42,'5a8eada49','419e77b93',23360,1653,1653955175,1653955175);
INSERT INTO player_score VALUES('634e6e189',42,'5a8eada49','570db32a5',8892,1602,1654028935,1654028935);
INSERT INTO player_score VALUES('63923048c',42,'5a8eada49','5b76cfea3',27360,1596,1654036040,1654036040);
INSERT INTO player_score VALUES('63c254849',42,'5a8eada49','5c82e8baa',81972,1638,1654041088,1654041088);
INSERT INTO player_score VALUES('621264562',42,'5be89fa57','18cf95e14',0,1612,1653995796,1653995796);
INSERT INTO player_score VALUES('5ac022c27',42,'5be89fa57','1a37549b0',20280,1554,1653799266,1653799266);
INSERT INTO player_score VALUES('61ed3f111',42,'5be89fa57','1d969640a',68250,1600,1653991901,1653991901);
INSERT INTO player_score VALUES('63c2c9b26',42,'5be89fa57','323a5f2fa',57013,1752,1654041136,1654041136);
INSERT INTO player_score VALUES('61fa794ad',42,'5be89fa57','3b9a79740',408204,1784,1653993288,1653993288);
INSERT INTO player_score VALUES('621059e08',42,'5be89fa57','419e77b93',188860,1741,1653995582,1653995582);
INSERT INTO player_score VALUES('6229edbb4',42,'5be89fa57','570db32a5',421200,1454,1653998264,1653998264);
INSERT INTO player_score VALUES('638b0bac1',42,'5be89fa57','5b76cfea3',27783,1592,1654035291,1654035291);
INSERT INTO player_score VALUES('63beea7d7',42,'5be89fa57','5c82e8baa',60060,1634,1654040730,1654040730);
INSERT INTO player_score VALUES('5d8f7e0a5',42,'5d85d4e96','18cf95e14',86564,1509,1653874696,1653874696);
INSERT INTO player_score VALUES('612a00282',42,'5d85d4e96','1a37549b0',13572,1716,1653971428,1653971428);
INSERT INTO player_score VALUES('579d998c2',42,'5d85d4e96','1d969640a',83025,1352,1653715114,1653715114);
INSERT INTO player_score VALUES('551bff12f',42,'5d85d4e96','323a5f2fa',0,1251,1653647837,1653647837);
INSERT INTO player_score VALUES('631020655',42,'5d85d4e96','3b9a79740',262200,1824,1654022402,1654022402);
INSERT INTO player_score VALUES('616e944cd',42,'5d85d4e96','419e77b93',13530,1700,1653978619,1653978619);
INSERT INTO player_score VALUES('63a14908b',42,'5d85d4e96','570db32a5',223146,1642,1654037623,1654037623);
INSERT INTO player_score VALUES('62f632353',42,'5d85d4e96','5b76cfea3',91008,1469,1654019683,1654019683);
INSERT INTO player_score VALUES('635f03b7f',42,'5d85d4e96','5c82e8baa',10692,1549,1654030674,1654030674);
INSERT INTO player_score VALUES('62b3494db',42,'5ec7ef63d','18cf95e14',1072,1625,1654012667,1654012667);
INSERT INTO player_score VALUES('63210b728',42,'5ec7ef63d','1a37549b0',169041,1746,1654024176,1654024176);
INSERT INTO player_score VALUES('5b466753b',42,'5ec7ef63d','1d969640a',56760,1429,1653813345,1653813345);
INSERT INTO player_score VALUES('5ce449ed4',42,'5ec7ef63d','323a5f2fa',125048,1497,1653856744,1653856744);
INSERT INTO player_score VALUES('630772b5c',42,'5ec7ef63d','3b9a79740',2100,1822,1654021492,1654021492);
INSERT INTO player_score VALUES('63a97f17a',42,'5ec7ef63d','419e77b93',9108,1834,1654038484,1654038484);
INSERT INTO player_score VALUES('6330c7c7a',42,'5ec7ef63d','570db32a5',36190,1588,1654025826,1654025826);
INSERT INTO player_score VALUES('63a45d9d5',42,'5ec7ef63d','5b76cfea3',57456,1605,1654037946,1654037946);
INSERT INTO player_score VALUES('63a4a6dda',42,'5ec7ef63d','5c82e8baa',266560,1611,1654037976,1654037976);
INSERT INTO player_score VALUES('5f27880b6',42,'612f80d74','18cf95e14',194940,1544,1653917482,1653917482);
INSERT INTO player_score VALUES('619478016',42,'612f80d74','1d969640a',6612,1591,1653982592,1653982592);
INSERT INTO player_score VALUES('614586102',42,'612f80d74','3b9a79740',910,1749,1653974314,1653974314);
INSERT INTO player_score VALUES('630e90017',42,'612f80d74','570db32a5',0,1572,1654022238,1654022238);
INSERT INTO player_score VALUES('637704b83',42,'612f80d74','5b76cfea3',372960,1579,1654033191,1654033191);
INSERT INTO player_score VALUES('6353c0672',42,'612f80d74','5c82e8baa',45696,1539,1654029493,1654029493);
INSERT INTO player_score VALUES('62f802121',42,'61b04e7d4','18cf95e14',22320,1632,1654019873,1654019873);
INSERT INTO player_score VALUES('605f4c104',42,'61b04e7d4','1a37549b0',139356,1689,1653950173,1653950173);
INSERT INTO player_score VALUES('54c698474',42,'61b04e7d4','1d969640a',1056,1288,1653638882,1653638882);
INSERT INTO player_score VALUES('627a1aa3a',42,'61b04e7d4','323a5f2fa',28302,1708,1654006671,1654006671);
INSERT INTO player_score VALUES('625269818',42,'61b04e7d4','3b9a79740',5544,1795,1654002509,1654002509);
INSERT INTO player_score VALUES('63af9c0a8',42,'61b04e7d4','419e77b93',1512,1839,1654039125,1654039125);
INSERT INTO player_score VALUES('62fe2dad6',42,'61b04e7d4','570db32a5',0,1563,1654020520,1654020520);
INSERT INTO player_score VALUES('63b59e1ee',42,'61b04e7d4','5c82e8baa',10788,1625,1654039755,1654039755);
INSERT INTO player_score VALUES('62a6f4911',42,'6335915d9','18cf95e14',37350,1622,1654011374,1654011374);
INSERT INTO player_score VALUES('5eccb41bb',42,'6335915d9','1a37549b0',135408,1655,1653907958,1653907958);
INSERT INTO player_score VALUES('6161468b4',42,'6335915d9','1d969640a',0,1579,1653977224,1653977224);
INSERT INTO player_score VALUES('61ff5db9d',42,'6335915d9','323a5f2fa',29536,1684,1653993801,1653993801);
INSERT INTO player_score VALUES('5fae4e00b',42,'6335915d9','3b9a79740',663,1673,1653931614,1653931614);
INSERT INTO player_score VALUES('631d81b0d',42,'6335915d9','419e77b93',418600,1798,1654023805,1654023805);
INSERT INTO player_score VALUES('638cc3203',42,'6335915d9','5b76cfea3',201190,1593,1654035471,1654035471);
INSERT INTO player_score VALUES('63952c755',42,'6335915d9','5c82e8baa',18954,1596,1654036353,1654036353);
COMMIT;
