
BEGIN;
CREATE TABLE IF NOT EXISTS competition (
  id VARCHAR(255) NOT NULL PRIMARY KEY,
  tenant_id BIGINT NOT NULL,
  title TEXT NOT NULL,
  finished_at BIGINT NULL,
  created_at BIGINT NOT NULL,
  updated_at BIGINT NOT NULL
);
INSERT INTO competition VALUES('12d6549d3',44,'桜木町のお茶会杯',1653912945,1651868858,1653912945);
INSERT INTO competition VALUES('187691c88',44,'会えるカメラ書房 #6',1652710498,1652019878,1652710498);
INSERT INTO competition VALUES('19feda94a',44,'エール症候群 vol.4',NULL,1652061012,1653470790);
INSERT INTO competition VALUES('1c2910056',44,'マルチハーの世界大会',NULL,1652119125,1653316441);
INSERT INTO competition VALUES('1eb27c77b',44,'第8回 ネットワークしかねえ',NULL,1652187222,1652554654);
INSERT INTO competition VALUES('20f006a24',44,'青山一丁目大好き #5',1653486848,1652247362,1653486848);
INSERT INTO competition VALUES('214f07ec1',44,'第2回 自動桜木町家族',NULL,1652257324,1654025591);
INSERT INTO competition VALUES('2226b1e3d',44,'キャベツだねえ杯',NULL,1652279938,1653596543);
INSERT INTO competition VALUES('2293b0b93',44,'アロエしてもろて',1653228249,1652291367,1653228249);
INSERT INTO competition VALUES('319ff17c0',44,'大宮ずカップ',1653190542,1652695305,1653190542);
INSERT INTO competition VALUES('35b7ab402',44,'細麺BETTER vol.6',1653788712,1652805167,1653788712);
INSERT INTO competition VALUES('370de03dc',44,'武蔵小杉理論 #3',1653083221,1652841050,1653083221);
INSERT INTO competition VALUES('3a3a129d2',44,'さあシークワーサーの如しカップ',NULL,1652926215,1653887921);
INSERT INTO competition VALUES('4ac12c3aa',44,'ゆっくりダッシュ王国カップ',NULL,1653369878,1653485862);
INSERT INTO competition VALUES('50a1d9fc0',44,'キャベツオフライン大会',NULL,1653527655,1653812406);
INSERT INTO competition VALUES('5348ea4ff',44,'私のバ美肉ラボ',NULL,1653598860,1653767993);
INSERT INTO competition VALUES('6085daad9',44,'MCBuffers賛歌',NULL,1653954216,1653970653);
INSERT INTO competition VALUES('609604daf',44,'ミラ軒カップ',NULL,1653955911,1653999091);
INSERT INTO competition VALUES('60e804116',44,'ハッピー苦み商事大会',NULL,1653964509,1653992280);
INSERT INTO competition VALUES('634325ea6',44,'第1回 新宿醸造',NULL,1654027752,1654034615);
CREATE TABLE IF NOT EXISTS player (
  id VARCHAR(255) NOT NULL PRIMARY KEY,
  tenant_id BIGINT NOT NULL,
  display_name TEXT NOT NULL,
  is_disqualified BOOLEAN NOT NULL,
  created_at BIGINT NOT NULL,
  updated_at BIGINT NOT NULL
);
INSERT INTO player VALUES('11ee87c9b',44,'Wallace Halvorson',0,1651844552,1653604855);
INSERT INTO player VALUES('1592871b0',44,'Miles Macejkovic',0,1651942279,1652664701);
INSERT INTO player VALUES('17218b8d3',44,'Mr. Dustin Stehr I',0,1651984119,1652439327);
INSERT INTO player VALUES('1928113e0',44,'Meredith Nader',1,1652038490,1653078743);
INSERT INTO player VALUES('1cb97caee',44,'Tillman Walker',0,1652134269,1653458433);
INSERT INTO player VALUES('1ce2c0a41',44,'Zella Casper',0,1652138596,1652880193);
INSERT INTO player VALUES('1e5fcd7cf',44,'Katherine Reynolds',0,1652178552,1653960502);
INSERT INTO player VALUES('1ee50ccf6',44,'Owen Kessler',0,1652192524,1653706228);
INSERT INTO player VALUES('1f746a7af',44,'Mr. Tristin Kihn I',0,1652207557,1652569270);
INSERT INTO player VALUES('20ec8b863',44,'Noemy Stracke',0,1652246997,1653441440);
INSERT INTO player VALUES('270cc1f06',44,'Louie Collier',0,1652411436,1653322320);
INSERT INTO player VALUES('274183cc7',44,'Mr. Benton Jacobs V',0,1652416968,1653406559);
INSERT INTO player VALUES('276c422d3',44,'Rosa Koss',0,1652421450,1652424999);
INSERT INTO player VALUES('2b953a009',44,'Mr. Jalen Hayes Sr.',0,1652533120,1653784355);
INSERT INTO player VALUES('2d9303625',44,'Cleve Conroy II',1,1652586575,1653573787);
INSERT INTO player VALUES('2f90f15e3',44,'Mr. D"angelo Lind',0,1652640045,1653670495);
INSERT INTO player VALUES('32729e978',44,'Mr. Deon Davis III',0,1652717396,1653926002);
INSERT INTO player VALUES('34b2556a2',44,'Lambert Romaguera',0,1652777764,1654008975);
INSERT INTO player VALUES('3601375f8',44,'Allan Auer',0,1652812879,1653102787);
INSERT INTO player VALUES('36bf414b9',44,'Mr. Paris Koss IV',0,1652832806,1653073835);
INSERT INTO player VALUES('3b3b7a979',44,'Elenora Haag DDS',0,1652953206,1653937681);
INSERT INTO player VALUES('3c9df33c5',44,'Fleta Schneider I',0,1652990375,1653548043);
INSERT INTO player VALUES('3ca1a8f05',44,'Mr. Jovan Fahey',1,1652990764,1653578698);
INSERT INTO player VALUES('3e860a66f',44,'Davonte Jacobson',0,1653041555,1653375003);
INSERT INTO player VALUES('402486ccb',44,'Ms. Dovie Stokes',0,1653085017,1653903832);
INSERT INTO player VALUES('480166352',44,'Milton Greenholt',0,1653296082,1653935276);
INSERT INTO player VALUES('49202b4bb',44,'Martina Hackett',0,1653326152,1653965121);
INSERT INTO player VALUES('4f56b9e9c',44,'Horace Fritsch',0,1653492934,1653843024);
INSERT INTO player VALUES('500ca62b7',44,'Heather Hauck',0,1653512010,1653768174);
INSERT INTO player VALUES('54f982edf',44,'Briana Stokes',0,1653644221,1653762138);
INSERT INTO player VALUES('554b53c2b',44,'Ms. Litzy Rau',0,1653652800,1654001465);
INSERT INTO player VALUES('56dc25a2f',44,'Mr. Geo Heller',0,1653694829,1653872194);
INSERT INTO player VALUES('574141697',44,'Stephan Kilback',0,1653705431,1653908257);
INSERT INTO player VALUES('5a1c10d02',44,'Giles Cruickshank',0,1653782062,1653891927);
INSERT INTO player VALUES('5a8694e00',44,'Teresa Upton',0,1653793231,1653795597);
INSERT INTO player VALUES('5db339fe5',44,'Brown Christiansen',0,1653878443,1653970691);
INSERT INTO player VALUES('625cb8a7c',44,'Sibyl Kunze',0,1654003590,1654034652);
INSERT INTO player VALUES('63551d89a',44,'Jeremie Marquardt V',0,1654029636,1654040852);
CREATE TABLE IF NOT EXISTS IF NOT EXISTS player_score (
                              id VARCHAR(255) NOT NULL PRIMARY KEY,
                              tenant_id BIGINT NOT NULL,
                              player_id VARCHAR(255) NOT NULL,
                              competition_id VARCHAR(255) NOT NULL,
                              score BIGINT NOT NULL,
                              row_num BIGINT NOT NULL,
                              created_at BIGINT NOT NULL,
                              updated_at BIGINT NOT NULL
);
INSERT INTO player_score VALUES('5cb3821fc',44,'11ee87c9b','12d6549d3',85200,581,1653851629,1653851629);
INSERT INTO player_score VALUES('31f5f96a4',44,'11ee87c9b','187691c88',394416,289,1652704326,1652704326);
INSERT INTO player_score VALUES('62c5f3251',44,'11ee87c9b','19feda94a',50463,776,1654014624,1654014624);
INSERT INTO player_score VALUES('5f1808c20',44,'11ee87c9b','1c2910056',33948,748,1653915857,1653915857);
INSERT INTO player_score VALUES('62eaea08e',44,'11ee87c9b','1eb27c77b',49210,738,1654018500,1654018500);
INSERT INTO player_score VALUES('4d640575d',44,'11ee87c9b','20f006a24',53600,462,1653440641,1653440641);
INSERT INTO player_score VALUES('5cdc360db',44,'11ee87c9b','214f07ec1',82128,523,1653855897,1653855897);
INSERT INTO player_score VALUES('6306db5af',44,'11ee87c9b','2226b1e3d',2754,649,1654021430,1654021430);
INSERT INTO player_score VALUES('4231025ed',44,'11ee87c9b','319ff17c0',439824,407,1653140013,1653140013);
INSERT INTO player_score VALUES('541f742d8',44,'11ee87c9b','35b7ab402',127500,519,1653621356,1653621356);
INSERT INTO player_score VALUES('3fc842332',44,'11ee87c9b','370de03dc',241870,434,1653075342,1653075342);
INSERT INTO player_score VALUES('62b36b7d2',44,'11ee87c9b','3a3a129d2',59059,737,1654012681,1654012681);
INSERT INTO player_score VALUES('61fd0045e',44,'11ee87c9b','4ac12c3aa',268920,768,1653993553,1653993553);
INSERT INTO player_score VALUES('62b31d5d9',44,'11ee87c9b','50a1d9fc0',251193,671,1654012649,1654012649);
INSERT INTO player_score VALUES('63880d158',44,'11ee87c9b','5348ea4ff',2479,670,1654034977,1654034977);
INSERT INTO player_score VALUES('63bb4ac1e',44,'11ee87c9b','60e804116',171456,717,1654040350,1654040350);
INSERT INTO player_score VALUES('63c038f4c',44,'11ee87c9b','634325ea6',480,605,1654040867,1654040867);
INSERT INTO player_score VALUES('5c399e822',44,'1592871b0','12d6549d3',40896,579,1653838848,1653838848);
INSERT INTO player_score VALUES('313bb8bdf',44,'1592871b0','187691c88',16020,282,1652684796,1652684796);
INSERT INTO player_score VALUES('5e3a3a8c1',44,'1592871b0','19feda94a',0,734,1653892599,1653892599);
INSERT INTO player_score VALUES('5d1174683',44,'1592871b0','1c2910056',59616,719,1653861480,1653861480);
INSERT INTO player_score VALUES('5dbfa9965',44,'1592871b0','1eb27c77b',45864,686,1653879747,1653879747);
INSERT INTO player_score VALUES('4be097505',44,'1592871b0','20f006a24',20025,447,1653400016,1653400016);
INSERT INTO player_score VALUES('5cef8fa8b',44,'1592871b0','214f07ec1',102921,525,1653857926,1653857926);
INSERT INTO player_score VALUES('5b418f16a',44,'1592871b0','2226b1e3d',1924,569,1653812837,1653812837);
INSERT INTO player_score VALUES('44416e420',44,'1592871b0','2293b0b93',21024,459,1653195422,1653195422);
INSERT INTO player_score VALUES('433ec66c5',44,'1592871b0','319ff17c0',148896,425,1653168300,1653168300);
INSERT INTO player_score VALUES('59d5a5766',44,'1592871b0','35b7ab402',65880,605,1653774678,1653774678);
INSERT INTO player_score VALUES('3fce4e0b5',44,'1592871b0','370de03dc',201600,435,1653075976,1653075976);
INSERT INTO player_score VALUES('63ba47f87',44,'1592871b0','3a3a129d2',19292,755,1654040244,1654040244);
INSERT INTO player_score VALUES('60d8f2a56',44,'1592871b0','4ac12c3aa',416988,724,1653962929,1653962929);
INSERT INTO player_score VALUES('615e7da91',44,'1592871b0','50a1d9fc0',40040,621,1653976932,1653976932);
INSERT INTO player_score VALUES('63682de88',44,'1592871b0','5348ea4ff',142884,665,1654031635,1654031635);
INSERT INTO player_score VALUES('63a1c58ff',44,'1592871b0','6085daad9',109296,648,1654037674,1654037674);
INSERT INTO player_score VALUES('6359b8bb8',44,'1592871b0','609604daf',6270,594,1654030119,1654030119);
INSERT INTO player_score VALUES('63c40bfb2',44,'1592871b0','60e804116',18522,724,1654041268,1654041268);
INSERT INTO player_score VALUES('63c3770ab',44,'1592871b0','634325ea6',11205,632,1654041207,1654041207);
INSERT INTO player_score VALUES('5ae2f1e70',44,'17218b8d3','12d6549d3',130585,569,1653802916,1653802916);
INSERT INTO player_score VALUES('60ed20a5a',44,'17218b8d3','19feda94a',139425,760,1653965045,1653965045);
INSERT INTO player_score VALUES('5b634a5ae',44,'17218b8d3','1c2910056',117552,699,1653816374,1653816374);
INSERT INTO player_score VALUES('62117eda0',44,'17218b8d3','1eb27c77b',159432,733,1653995702,1653995702);
INSERT INTO player_score VALUES('636dac27d',44,'17218b8d3','214f07ec1',50864,566,1654032211,1654032211);
INSERT INTO player_score VALUES('6219b758f',44,'17218b8d3','2226b1e3d',5400,639,1653996564,1653996564);
INSERT INTO player_score VALUES('42ab25750',44,'17218b8d3','2293b0b93',138600,436,1653152820,1653152820);
INSERT INTO player_score VALUES('43a0ba20f',44,'17218b8d3','319ff17c0',19393,433,1653178571,1653178571);
INSERT INTO player_score VALUES('5a54997c3',44,'17218b8d3','35b7ab402',15132,613,1653787990,1653787990);
INSERT INTO player_score VALUES('3ffaf723d',44,'17218b8d3','370de03dc',172020,442,1653080659,1653080659);
INSERT INTO player_score VALUES('634e9c7ff',44,'17218b8d3','3a3a129d2',282555,747,1654028954,1654028954);
INSERT INTO player_score VALUES('629c32ab6',44,'17218b8d3','4ac12c3aa',16470,788,1654010246,1654010246);
INSERT INTO player_score VALUES('6334ce0c0',44,'17218b8d3','50a1d9fc0',71400,694,1654026248,1654026248);
INSERT INTO player_score VALUES('613f61cc5',44,'17218b8d3','5348ea4ff',26400,563,1653973670,1653973670);
INSERT INTO player_score VALUES('63b95d967',44,'17218b8d3','6085daad9',18810,671,1654040148,1654040148);
INSERT INTO player_score VALUES('63b20827e',44,'17218b8d3','60e804116',71440,705,1654039379,1654039379);
INSERT INTO player_score VALUES('63c361105',44,'17218b8d3','634325ea6',37050,630,1654041198,1654041198);
INSERT INTO player_score VALUES('5ca87969b',44,'1928113e0','12d6549d3',51888,580,1653850472,1653850472);
INSERT INTO player_score VALUES('2f4be3277',44,'1928113e0','187691c88',205920,264,1652632804,1652632804);
INSERT INTO player_score VALUES('606108640',44,'1928113e0','19feda94a',401800,753,1653950355,1653950355);
INSERT INTO player_score VALUES('608a70fe6',44,'1928113e0','1c2910056',38416,767,1653954697,1653954697);
INSERT INTO player_score VALUES('455305544',44,'1928113e0','1eb27c77b',277380,445,1653224110,1653224110);
INSERT INTO player_score VALUES('4edfd9c68',44,'1928113e0','20f006a24',331170,479,1653480469,1653480469);
INSERT INTO player_score VALUES('54be9a616',44,'1928113e0','214f07ec1',63336,449,1653638044,1653638044);
INSERT INTO player_score VALUES('5fac59869',44,'1928113e0','2226b1e3d',552900,614,1653931409,1653931409);
INSERT INTO player_score VALUES('41717e0f6',44,'1928113e0','2293b0b93',69930,415,1653119931,1653119931);
INSERT INTO player_score VALUES('4221d6164',44,'1928113e0','319ff17c0',51282,403,1653138422,1653138422);
INSERT INTO player_score VALUES('5a391877c',44,'1928113e0','35b7ab402',147420,611,1653785106,1653785106);
INSERT INTO player_score VALUES('3fa2858eb',44,'1928113e0','370de03dc',134096,422,1653071385,1653071385);
INSERT INTO player_score VALUES('63ac51c20',44,'1928113e0','3a3a129d2',0,753,1654038780,1654038780);
INSERT INTO player_score VALUES('62ed20720',44,'1928113e0','4ac12c3aa',31372,794,1654018732,1654018732);
INSERT INTO player_score VALUES('6392d651f',44,'1928113e0','50a1d9fc0',100602,710,1654036108,1654036108);
INSERT INTO player_score VALUES('639469225',44,'1928113e0','5348ea4ff',32292,672,1654036273,1654036273);
INSERT INTO player_score VALUES('639279874',44,'1928113e0','6085daad9',63812,631,1654036070,1654036070);
INSERT INTO player_score VALUES('63b1a19e7',44,'1928113e0','609604daf',52096,668,1654039337,1654039337);
INSERT INTO player_score VALUES('63b439ad7',44,'1928113e0','60e804116',249600,708,1654039609,1654039609);
INSERT INTO player_score VALUES('5e84df6e2',44,'1cb97caee','12d6549d3',118404,593,1653900426,1653900426);
INSERT INTO player_score VALUES('635430b7d',44,'1cb97caee','19feda94a',106628,782,1654029539,1654029539);
INSERT INTO player_score VALUES('5ae39f3b8',44,'1cb97caee','1c2910056',375803,691,1653802987,1653802987);
INSERT INTO player_score VALUES('62759a4d2',44,'1cb97caee','1eb27c77b',130143,736,1654006199,1654006199);
INSERT INTO player_score VALUES('4b5d7d4e5',44,'1cb97caee','20f006a24',459360,442,1653386269,1653386269);
INSERT INTO player_score VALUES('62a1430b2',44,'1cb97caee','2226b1e3d',14640,644,1654010777,1654010777);
INSERT INTO player_score VALUES('4570c411b',44,'1cb97caee','2293b0b93',74000,473,1653227229,1653227229);
INSERT INTO player_score VALUES('435519c11',44,'1cb97caee','319ff17c0',2460,426,1653170641,1653170641);
INSERT INTO player_score VALUES('59ccc9666',44,'1cb97caee','35b7ab402',142674,604,1653773749,1653773749);
INSERT INTO player_score VALUES('637afc57b',44,'1cb97caee','3a3a129d2',41860,750,1654033607,1654033607);
INSERT INTO player_score VALUES('635c6ba68',44,'1cb97caee','4ac12c3aa',17556,810,1654030402,1654030402);
INSERT INTO player_score VALUES('635265bbf',44,'1cb97caee','50a1d9fc0',414,701,1654029351,1654029351);
INSERT INTO player_score VALUES('63bf5fb11',44,'1cb97caee','6085daad9',27840,676,1654040778,1654040778);
INSERT INTO player_score VALUES('63b48f1ef',44,'1cb97caee','609604daf',38190,669,1654039644,1654039644);
INSERT INTO player_score VALUES('63c5a3b18',44,'1cb97caee','60e804116',14280,726,1654041435,1654041435);
INSERT INTO player_score VALUES('5e9c8fde2',44,'1ce2c0a41','12d6549d3',63600,594,1653902910,1653902910);
INSERT INTO player_score VALUES('305d24c23',44,'1ce2c0a41','187691c88',110000,273,1652661457,1652661457);
INSERT INTO player_score VALUES('638882445',44,'1ce2c0a41','19feda94a',756,783,1654035025,1654035025);
INSERT INTO player_score VALUES('62c13aa5c',44,'1ce2c0a41','1c2910056',50544,794,1654014129,1654014129);
INSERT INTO player_score VALUES('61cece15c',44,'1ce2c0a41','1eb27c77b',6708,731,1653988709,1653988709);
INSERT INTO player_score VALUES('48c0ad7dc',44,'1ce2c0a41','20f006a24',25920,414,1653316139,1653316139);
INSERT INTO player_score VALUES('59b511a41',44,'1ce2c0a41','214f07ec1',92664,500,1653771262,1653771262);
INSERT INTO player_score VALUES('5e1a1be06',44,'1ce2c0a41','2226b1e3d',504900,600,1653889231,1653889231);
INSERT INTO player_score VALUES('457410c75',44,'1ce2c0a41','2293b0b93',576,474,1653227575,1653227575);
INSERT INTO player_score VALUES('56d305354',44,'1ce2c0a41','35b7ab402',172536,567,1653693872,1653693872);
INSERT INTO player_score VALUES('3f711f0de',44,'1ce2c0a41','370de03dc',152425,408,1653066205,1653066205);
INSERT INTO player_score VALUES('63b487cb4',44,'1ce2c0a41','3a3a129d2',87552,754,1654039641,1654039641);
INSERT INTO player_score VALUES('62352c268',44,'1ce2c0a41','4ac12c3aa',282240,779,1653999443,1653999443);
INSERT INTO player_score VALUES('62e62ca82',44,'1ce2c0a41','5348ea4ff',204480,638,1654018003,1654018003);
INSERT INTO player_score VALUES('63955fbb5',44,'1ce2c0a41','6085daad9',138592,636,1654036374,1654036374);
INSERT INTO player_score VALUES('637b40b89',44,'1ce2c0a41','609604daf',15470,621,1654033635,1654033635);
INSERT INTO player_score VALUES('63c5929a1',44,'1ce2c0a41','60e804116',30940,725,1654041428,1654041428);
INSERT INTO player_score VALUES('63c6de9de',44,'1ce2c0a41','634325ea6',6270,644,1654041564,1654041564);
INSERT INTO player_score VALUES('5abef19b8',44,'1e5fcd7cf','12d6549d3',15120,566,1653799141,1653799141);
INSERT INTO player_score VALUES('31bf14ae0',44,'1e5fcd7cf','187691c88',276900,288,1652698570,1652698570);
INSERT INTO player_score VALUES('5b5e3c687',44,'1e5fcd7cf','19feda94a',21735,702,1653815844,1653815844);
INSERT INTO player_score VALUES('635b4dffb',44,'1e5fcd7cf','1c2910056',284200,801,1654030285,1654030285);
INSERT INTO player_score VALUES('62cd525a7',44,'1e5fcd7cf','1eb27c77b',157113,737,1654015397,1654015397);
INSERT INTO player_score VALUES('4e4c6e831',44,'1e5fcd7cf','20f006a24',192720,473,1653465011,1653465011);
INSERT INTO player_score VALUES('639b24c46',44,'1e5fcd7cf','214f07ec1',28842,569,1654036979,1654036979);
INSERT INTO player_score VALUES('5efe7759f',44,'1e5fcd7cf','2226b1e3d',46648,609,1653913176,1653913176);
INSERT INTO player_score VALUES('4176f28af',44,'1e5fcd7cf','2293b0b93',85280,416,1653120503,1653120503);
INSERT INTO player_score VALUES('438286308',44,'1e5fcd7cf','319ff17c0',7920,428,1653175404,1653175404);
INSERT INTO player_score VALUES('5796e05ae',44,'1e5fcd7cf','35b7ab402',16340,581,1653714409,1653714409);
INSERT INTO player_score VALUES('4002517b6',44,'1e5fcd7cf','370de03dc',393525,443,1653081430,1653081430);
INSERT INTO player_score VALUES('63a104ade',44,'1e5fcd7cf','3a3a129d2',31152,752,1654037595,1654037595);
INSERT INTO player_score VALUES('6222d2df5',44,'1e5fcd7cf','4ac12c3aa',6048,776,1653997519,1653997519);
INSERT INTO player_score VALUES('62380d742',44,'1e5fcd7cf','50a1d9fc0',207900,653,1653999745,1653999745);
INSERT INTO player_score VALUES('6305ec146',44,'1e5fcd7cf','5348ea4ff',6480,641,1654021332,1654021332);
INSERT INTO player_score VALUES('637f9c722',44,'1e5fcd7cf','6085daad9',76818,616,1654034092,1654034092);
INSERT INTO player_score VALUES('638da14db',44,'1e5fcd7cf','609604daf',107070,643,1654035562,1654035562);
INSERT INTO player_score VALUES('63ae2b61f',44,'1e5fcd7cf','60e804116',60720,700,1654038974,1654038974);
INSERT INTO player_score VALUES('63c46da0a',44,'1e5fcd7cf','634325ea6',91368,635,1654041308,1654041308);
INSERT INTO player_score VALUES('30bfa399a',44,'1ee50ccf6','187691c88',0,277,1652671785,1652671785);
INSERT INTO player_score VALUES('62a1d58b1',44,'1ee50ccf6','19feda94a',0,774,1654010837,1654010837);
INSERT INTO player_score VALUES('62d9122b7',44,'1ee50ccf6','1c2910056',407682,795,1654016629,1654016629);
INSERT INTO player_score VALUES('617bf0b71',44,'1ee50ccf6','1eb27c77b',53350,727,1653980020,1653980020);
INSERT INTO player_score VALUES('4d32d7203',44,'1ee50ccf6','20f006a24',115292,461,1653435484,1653435484);
INSERT INTO player_score VALUES('5727ad8da',44,'1ee50ccf6','214f07ec1',332280,475,1653702749,1653702749);
INSERT INTO player_score VALUES('62df8e4dd',44,'1ee50ccf6','2226b1e3d',220248,647,1654017309,1654017309);
INSERT INTO player_score VALUES('44f3a9af9',44,'1ee50ccf6','2293b0b93',494,469,1653214111,1653214111);
INSERT INTO player_score VALUES('433a524d3',44,'1ee50ccf6','319ff17c0',0,424,1653167833,1653167833);
INSERT INTO player_score VALUES('55307b363',44,'1ee50ccf6','35b7ab402',672210,542,1653649985,1653649985);
INSERT INTO player_score VALUES('3fbcedce9',44,'1ee50ccf6','370de03dc',34048,432,1653074154,1653074154);
INSERT INTO player_score VALUES('638cca773',44,'1ee50ccf6','3a3a129d2',5145,751,1654035474,1654035474);
INSERT INTO player_score VALUES('637af9e85',44,'1ee50ccf6','4ac12c3aa',42140,814,1654033606,1654033606);
INSERT INTO player_score VALUES('634604c9f',44,'1ee50ccf6','50a1d9fc0',59052,698,1654028053,1654028053);
INSERT INTO player_score VALUES('630ed45b5',44,'1ee50ccf6','5348ea4ff',33408,644,1654022266,1654022266);
INSERT INTO player_score VALUES('63958ba92',44,'1ee50ccf6','6085daad9',65170,637,1654036392,1654036392);
INSERT INTO player_score VALUES('638326335',44,'1ee50ccf6','609604daf',427,632,1654034463,1654034463);
INSERT INTO player_score VALUES('63af4b769',44,'1ee50ccf6','60e804116',75075,702,1654039092,1654039092);
INSERT INTO player_score VALUES('63c1edfc1',44,'1ee50ccf6','634325ea6',25200,618,1654041046,1654041046);
INSERT INTO player_score VALUES('32103f7da',44,'1f746a7af','187691c88',212576,290,1652707081,1652707081);
INSERT INTO player_score VALUES('63446f804',44,'1f746a7af','19feda94a',356224,780,1654027887,1654027887);
INSERT INTO player_score VALUES('610ae44bf',44,'1f746a7af','1eb27c77b',392656,721,1653968166,1653968166);
INSERT INTO player_score VALUES('63714e510',44,'1f746a7af','214f07ec1',51408,567,1654032592,1654032592);
INSERT INTO player_score VALUES('5c02d231d',44,'1f746a7af','2226b1e3d',170000,573,1653833102,1653833102);
INSERT INTO player_score VALUES('43b40c65f',44,'1f746a7af','2293b0b93',0,453,1653180597,1653180597);
INSERT INTO player_score VALUES('43971fa14',44,'1f746a7af','319ff17c0',27306,432,1653177564,1653177564);
INSERT INTO player_score VALUES('553773dc4',44,'1f746a7af','35b7ab402',40824,543,1653650716,1653650716);
INSERT INTO player_score VALUES('3fb1f1503',44,'1f746a7af','370de03dc',250488,426,1653073002,1653073002);
INSERT INTO player_score VALUES('632d2f594',44,'1f746a7af','3a3a129d2',24225,744,1654025449,1654025449);
INSERT INTO player_score VALUES('6190483bc',44,'1f746a7af','4ac12c3aa',80500,753,1653982153,1653982153);
INSERT INTO player_score VALUES('6253b5860',44,'1f746a7af','50a1d9fc0',111780,658,1654002645,1654002645);
INSERT INTO player_score VALUES('628591324',44,'1f746a7af','5348ea4ff',27300,626,1654007873,1654007873);
INSERT INTO player_score VALUES('635d49d2a',44,'1f746a7af','6085daad9',182070,592,1654030493,1654030493);
INSERT INTO player_score VALUES('63c5028ca',44,'1f746a7af','609604daf',182336,680,1654041369,1654041369);
INSERT INTO player_score VALUES('63bfdea60',44,'1f746a7af','60e804116',356065,720,1654040830,1654040830);
INSERT INTO player_score VALUES('63c1ff127',44,'1f746a7af','634325ea6',8784,619,1654041053,1654041053);
INSERT INTO player_score VALUES('5e7d4813d',44,'20ec8b863','12d6549d3',384580,592,1653899630,1653899630);
INSERT INTO player_score VALUES('2f8e287c7',44,'20ec8b863','187691c88',6615,265,1652639753,1652639753);
INSERT INTO player_score VALUES('624754947',44,'20ec8b863','19feda94a',26100,771,1654001347,1654001347);
INSERT INTO player_score VALUES('623cb26bd',44,'20ec8b863','1c2910056',60450,786,1654000232,1654000232);
INSERT INTO player_score VALUES('615d9f7bd',44,'20ec8b863','1eb27c77b',31552,726,1653976841,1653976841);
INSERT INTO player_score VALUES('4d7b8edb0',44,'20ec8b863','20f006a24',43524,464,1653443109,1653443109);
INSERT INTO player_score VALUES('60255ef7b',44,'20ec8b863','214f07ec1',128991,545,1653944099,1653944099);
INSERT INTO player_score VALUES('5d02a27c7',44,'20ec8b863','2226b1e3d',36666,588,1653859926,1653859926);
INSERT INTO player_score VALUES('44d00628a',44,'20ec8b863','2293b0b93',566720,467,1653210374,1653210374);
INSERT INTO player_score VALUES('4367e5c8b',44,'20ec8b863','319ff17c0',26754,427,1653172612,1653172612);
INSERT INTO player_score VALUES('5a57f2684',44,'20ec8b863','35b7ab402',41160,614,1653788341,1653788341);
INSERT INTO player_score VALUES('3f8e79b54',44,'20ec8b863','370de03dc',119394,416,1653069283,1653069283);
INSERT INTO player_score VALUES('59995fc68',44,'20ec8b863','3a3a129d2',268632,580,1653768358,1653768358);
INSERT INTO player_score VALUES('63ae638ba',44,'20ec8b863','4ac12c3aa',23030,819,1654038997,1654038997);
INSERT INTO player_score VALUES('6359522eb',44,'20ec8b863','50a1d9fc0',46956,703,1654030077,1654030077);
INSERT INTO player_score VALUES('62ecb292b',44,'20ec8b863','5348ea4ff',19448,639,1654018687,1654018687);
INSERT INTO player_score VALUES('63a06ae1e',44,'20ec8b863','6085daad9',10962,647,1654037532,1654037532);
INSERT INTO player_score VALUES('6395426a9',44,'20ec8b863','609604daf',32016,649,1654036362,1654036362);
INSERT INTO player_score VALUES('63baa72f2',44,'20ec8b863','60e804116',0,715,1654040283,1654040283);
INSERT INTO player_score VALUES('63c6f70b6',44,'20ec8b863','634325ea6',54340,645,1654041574,1654041574);
INSERT INTO player_score VALUES('4a234fa29',44,'270cc1f06','12d6549d3',0,440,1653353325,1653353325);
INSERT INTO player_score VALUES('3127b43f1',44,'270cc1f06','187691c88',6250,280,1652682697,1652682697);
INSERT INTO player_score VALUES('5a34f752a',44,'270cc1f06','19feda94a',16302,691,1653784673,1653784673);
INSERT INTO player_score VALUES('612012a8c',44,'270cc1f06','1c2910056',186558,772,1653970387,1653970387);
INSERT INTO player_score VALUES('5cfa14898',44,'270cc1f06','1eb27c77b',110376,678,1653859029,1653859029);
INSERT INTO player_score VALUES('4c716cf5f',44,'270cc1f06','20f006a24',648,455,1653415203,1653415203);
INSERT INTO player_score VALUES('604bf4e1b',44,'270cc1f06','214f07ec1',221160,548,1653948145,1653948145);
INSERT INTO player_score VALUES('6290bc14c',44,'270cc1f06','2226b1e3d',292656,643,1654009044,1654009044);
INSERT INTO player_score VALUES('435eacf07',44,'270cc1f06','2293b0b93',47850,447,1653171645,1653171645);
INSERT INTO player_score VALUES('41450f88e',44,'270cc1f06','319ff17c0',273060,379,1653115272,1653115272);
INSERT INTO player_score VALUES('55c6f3b63',44,'270cc1f06','35b7ab402',28665,550,1653665763,1653665763);
INSERT INTO player_score VALUES('3f79c2f9c',44,'270cc1f06','370de03dc',265050,410,1653067111,1653067111);
INSERT INTO player_score VALUES('61e8fe34a',44,'270cc1f06','3a3a129d2',161024,721,1653991455,1653991455);
INSERT INTO player_score VALUES('63be46ea4',44,'270cc1f06','4ac12c3aa',0,820,1654040663,1654040663);
INSERT INTO player_score VALUES('636d82a4d',44,'270cc1f06','50a1d9fc0',101568,706,1654032194,1654032194);
INSERT INTO player_score VALUES('631f0d311',44,'270cc1f06','5348ea4ff',80388,648,1654023967,1654023967);
INSERT INTO player_score VALUES('63b679d78',44,'270cc1f06','6085daad9',13440,668,1654039845,1654039845);
INSERT INTO player_score VALUES('637e49170',44,'270cc1f06','609604daf',53010,625,1654033953,1654033953);
INSERT INTO player_score VALUES('6391fa94b',44,'270cc1f06','60e804116',0,673,1654036018,1654036018);
INSERT INTO player_score VALUES('63c08bfb9',44,'270cc1f06','634325ea6',102080,609,1654040901,1654040901);
INSERT INTO player_score VALUES('314c61dfb',44,'274183cc7','187691c88',48048,284,1652686543,1652686543);
INSERT INTO player_score VALUES('619a138e2',44,'274183cc7','19feda94a',67704,764,1653983180,1653983180);
INSERT INTO player_score VALUES('6306aa886',44,'274183cc7','1eb27c77b',0,739,1654021410,1654021410);
INSERT INTO player_score VALUES('4d9ab47b9',44,'274183cc7','20f006a24',321984,467,1653446375,1653446375);
INSERT INTO player_score VALUES('63b61aa21',44,'274183cc7','214f07ec1',400660,570,1654039806,1654039806);
INSERT INTO player_score VALUES('5ecc4d8e1',44,'274183cc7','2226b1e3d',0,607,1653907916,1653907916);
INSERT INTO player_score VALUES('3f7902195',44,'274183cc7','370de03dc',120000,409,1653067032,1653067032);
INSERT INTO player_score VALUES('624034dab',44,'274183cc7','3a3a129d2',252875,732,1654000600,1654000600);
INSERT INTO player_score VALUES('5cddab938',44,'274183cc7','4ac12c3aa',838080,585,1653856050,1653856050);
INSERT INTO player_score VALUES('63391d911',44,'274183cc7','50a1d9fc0',153120,695,1654026700,1654026700);
INSERT INTO player_score VALUES('62a1960e2',44,'274183cc7','5348ea4ff',47628,632,1654010811,1654010811);
INSERT INTO player_score VALUES('63c572db8',44,'274183cc7','609604daf',0,681,1654041415,1654041415);
INSERT INTO player_score VALUES('639a8131c',44,'274183cc7','60e804116',93288,688,1654036912,1654036912);
INSERT INTO player_score VALUES('63c2632a4',44,'274183cc7','634325ea6',4368,621,1654041094,1654041094);
INSERT INTO player_score VALUES('587b6cabd',44,'276c422d3','12d6549d3',147600,548,1653738374,1653738374);
INSERT INTO player_score VALUES('3088eacf2',44,'276c422d3','187691c88',17550,275,1652666047,1652666047);
INSERT INTO player_score VALUES('5c1db967f',44,'276c422d3','19feda94a',14640,708,1653835923,1653835923);
INSERT INTO player_score VALUES('628f07119',44,'276c422d3','1c2910056',45144,792,1654008865,1654008865);
INSERT INTO player_score VALUES('603bde3df',44,'276c422d3','1eb27c77b',139128,713,1653946458,1653946458);
INSERT INTO player_score VALUES('4d9bc85cc',44,'276c422d3','20f006a24',6016,468,1653446488,1653446488);
INSERT INTO player_score VALUES('613ef8cf6',44,'276c422d3','214f07ec1',138138,552,1653973627,1653973627);
INSERT INTO player_score VALUES('612ef33f6',44,'276c422d3','2226b1e3d',97713,635,1653971947,1653971947);
INSERT INTO player_score VALUES('452358ba1',44,'276c422d3','2293b0b93',115200,470,1653219111,1653219111);
INSERT INTO player_score VALUES('42b102ed9',44,'276c422d3','319ff17c0',270248,415,1653153435,1653153435);
INSERT INTO player_score VALUES('562531b08',44,'276c422d3','35b7ab402',41850,555,1653675645,1653675645);
INSERT INTO player_score VALUES('401027f44',44,'276c422d3','370de03dc',780,444,1653082881,1653082881);
INSERT INTO player_score VALUES('6233a313c',44,'276c422d3','3a3a129d2',13940,731,1653999282,1653999282);
INSERT INTO player_score VALUES('61cfb6049',44,'276c422d3','4ac12c3aa',103680,761,1653988804,1653988804);
INSERT INTO player_score VALUES('63853cdac',44,'276c422d3','50a1d9fc0',83070,707,1654034682,1654034682);
INSERT INTO player_score VALUES('614189883',44,'276c422d3','5348ea4ff',3104,566,1653973896,1653973896);
INSERT INTO player_score VALUES('636e76c72',44,'276c422d3','609604daf',1875,610,1654032294,1654032294);
INSERT INTO player_score VALUES('63a096d63',44,'276c422d3','60e804116',7952,694,1654037550,1654037550);
INSERT INTO player_score VALUES('63b8eada9',44,'276c422d3','634325ea6',198432,573,1654040101,1654040101);
INSERT INTO player_score VALUES('5a2cc3b77',44,'2b953a009','12d6549d3',41250,559,1653783813,1653783813);
INSERT INTO player_score VALUES('317f00db5',44,'2b953a009','187691c88',91455,286,1652691851,1652691851);
INSERT INTO player_score VALUES('5f97a0576',44,'2b953a009','19feda94a',235305,744,1653929236,1653929236);
INSERT INTO player_score VALUES('61862ec90',44,'2b953a009','1c2910056',14322,779,1653981094,1653981094);
INSERT INTO player_score VALUES('58dc6c320',44,'2b953a009','1eb27c77b',9024,632,1653748545,1653748545);
INSERT INTO player_score VALUES('4f0269730',44,'2b953a009','20f006a24',437920,482,1653484093,1653484093);
INSERT INTO player_score VALUES('5efa0a8a9',44,'2b953a009','214f07ec1',264516,540,1653912712,1653912712);
INSERT INTO player_score VALUES('63761097d',44,'2b953a009','2226b1e3d',402783,652,1654033091,1654033091);
INSERT INTO player_score VALUES('43dd7ec2b',44,'2b953a009','2293b0b93',738,455,1653184943,1653184943);
INSERT INTO player_score VALUES('432811707',44,'2b953a009','319ff17c0',118000,422,1653165919,1653165919);
INSERT INTO player_score VALUES('59a805c75',44,'2b953a009','35b7ab402',44226,599,1653769894,1653769894);
INSERT INTO player_score VALUES('3fbb58899',44,'2b953a009','370de03dc',596134,430,1653073988,1653073988);
INSERT INTO player_score VALUES('615f2fde1',44,'2b953a009','3a3a129d2',361152,708,1653977005,1653977005);
INSERT INTO player_score VALUES('632091622',44,'2b953a009','4ac12c3aa',105875,804,1654024126,1654024126);
INSERT INTO player_score VALUES('638920f3c',44,'2b953a009','50a1d9fc0',2940,709,1654035090,1654035090);
INSERT INTO player_score VALUES('636e12adc',44,'2b953a009','5348ea4ff',209264,666,1654032253,1654032253);
INSERT INTO player_score VALUES('63c4998f8',44,'2b953a009','6085daad9',129360,679,1654041326,1654041326);
INSERT INTO player_score VALUES('63bb2140a',44,'2b953a009','60e804116',101640,716,1654040333,1654040333);
INSERT INTO player_score VALUES('63c6f9798',44,'2b953a009','634325ea6',38700,646,1654041575,1654041575);
INSERT INTO player_score VALUES('30a6b3570',44,'2d9303625','187691c88',40890,276,1652669170,1652669170);
INSERT INTO player_score VALUES('61a96e3b4',44,'2d9303625','19feda94a',27816,765,1653984790,1653984790);
INSERT INTO player_score VALUES('6399f60cf',44,'2d9303625','1c2910056',245499,804,1654036855,1654036855);
INSERT INTO player_score VALUES('61e8f9521',44,'2d9303625','1eb27c77b',12376,732,1653991453,1653991453);
INSERT INTO player_score VALUES('4ef4e386b',44,'2d9303625','20f006a24',46200,480,1653482675,1653482675);
INSERT INTO player_score VALUES('61903244c',44,'2d9303625','214f07ec1',45045,555,1653982144,1653982144);
INSERT INTO player_score VALUES('6377ca798',44,'2d9303625','2226b1e3d',46644,653,1654033272,1654033272);
INSERT INTO player_score VALUES('41396d076',44,'2d9303625','2293b0b93',2328,413,1653114052,1653114052);
INSERT INTO player_score VALUES('438d348c2',44,'2d9303625','319ff17c0',125488,431,1653176524,1653176524);
INSERT INTO player_score VALUES('5a47de340',44,'2d9303625','35b7ab402',112500,612,1653786655,1653786655);
INSERT INTO player_score VALUES('3ff8a102f',44,'2d9303625','370de03dc',29160,441,1653080414,1653080414);
INSERT INTO player_score VALUES('618a68569',44,'2d9303625','3a3a129d2',41580,713,1653981537,1653981537);
INSERT INTO player_score VALUES('6354247f3',44,'2d9303625','4ac12c3aa',214038,809,1654029534,1654029534);
INSERT INTO player_score VALUES('635867cf3',44,'2d9303625','50a1d9fc0',148960,702,1654029981,1654029981);
INSERT INTO player_score VALUES('63b4f5a86',44,'2d9303625','6085daad9',18600,666,1654039686,1654039686);
INSERT INTO player_score VALUES('63895b8de',44,'2d9303625','609604daf',17496,638,1654035114,1654035114);
INSERT INTO player_score VALUES('63c42e272',44,'2d9303625','634325ea6',61920,634,1654041282,1654041282);
INSERT INTO player_score VALUES('32225945a',44,'2f90f15e3','187691c88',77376,291,1652708979,1652708979);
INSERT INTO player_score VALUES('6272d1660',44,'2f90f15e3','19feda94a',384605,772,1654005907,1654005907);
INSERT INTO player_score VALUES('61ce7d844',44,'2f90f15e3','1c2910056',131692,781,1653988676,1653988676);
INSERT INTO player_score VALUES('4dcd7a878',44,'2f90f15e3','20f006a24',97266,470,1653451699,1653451699);
INSERT INTO player_score VALUES('63449b74b',44,'2f90f15e3','214f07ec1',918,565,1654027905,1654027905);
INSERT INTO player_score VALUES('6138b259d',44,'2f90f15e3','2226b1e3d',99900,636,1653972969,1653972969);
INSERT INTO player_score VALUES('44bc28b6a',44,'2f90f15e3','2293b0b93',298816,466,1653208291,1653208291);
INSERT INTO player_score VALUES('41e9fac8f',44,'2f90f15e3','319ff17c0',257040,397,1653132565,1653132565);
INSERT INTO player_score VALUES('3ff29a080',44,'2f90f15e3','370de03dc',482202,439,1653079782,1653079782);
INSERT INTO player_score VALUES('5ff84cdf3',44,'2f90f15e3','3a3a129d2',126100,683,1653939373,1653939373);
INSERT INTO player_score VALUES('63bfead79',44,'2f90f15e3','4ac12c3aa',836,821,1654040835,1654040835);
INSERT INTO player_score VALUES('62b0a77b8',44,'2f90f15e3','50a1d9fc0',2450,670,1654012391,1654012391);
INSERT INTO player_score VALUES('6381d7baf',44,'2f90f15e3','5348ea4ff',340725,668,1654034326,1654034326);
INSERT INTO player_score VALUES('63a28dc01',44,'2f90f15e3','6085daad9',1050,649,1654037756,1654037756);
INSERT INTO player_score VALUES('63817d654',44,'2f90f15e3','609604daf',377360,629,1654034289,1654034289);
INSERT INTO player_score VALUES('639837439',44,'2f90f15e3','60e804116',17408,684,1654036672,1654036672);
INSERT INTO player_score VALUES('63c136e18',44,'2f90f15e3','634325ea6',175028,615,1654040971,1654040971);
INSERT INTO player_score VALUES('5dc1bdd30',44,'32729e978','12d6549d3',98020,585,1653879965,1653879965);
INSERT INTO player_score VALUES('5ba4af150',44,'32729e978','19feda94a',98532,705,1653823231,1653823231);
INSERT INTO player_score VALUES('6292b7e58',44,'32729e978','1c2910056',24180,793,1654009252,1654009252);
INSERT INTO player_score VALUES('604dbd6fe',44,'32729e978','1eb27c77b',29520,714,1653948332,1653948332);
INSERT INTO player_score VALUES('6182435d1',44,'32729e978','214f07ec1',157624,554,1653980683,1653980683);
INSERT INTO player_score VALUES('63ae01e4c',44,'32729e978','2226b1e3d',392700,655,1654038957,1654038957);
INSERT INTO player_score VALUES('453a1ed09',44,'32729e978','2293b0b93',30960,472,1653221499,1653221499);
INSERT INTO player_score VALUES('3e98d3f81',44,'32729e978','319ff17c0',123750,316,1653043525,1653043525);
INSERT INTO player_score VALUES('595c2fbb8',44,'32729e978','35b7ab402',15840,597,1653761942,1653761942);
INSERT INTO player_score VALUES('3f954dc04',44,'32729e978','370de03dc',65736,419,1653069999,1653069999);
INSERT INTO player_score VALUES('6183f5ee1',44,'32729e978','3a3a129d2',11520,712,1653980861,1653980861);
INSERT INTO player_score VALUES('630b0b1ef',44,'32729e978','4ac12c3aa',40320,800,1654021869,1654021869);
INSERT INTO player_score VALUES('6332338c1',44,'32729e978','50a1d9fc0',300612,693,1654025975,1654025975);
INSERT INTO player_score VALUES('6274691e6',44,'32729e978','5348ea4ff',122808,621,1654006074,1654006074);
INSERT INTO player_score VALUES('63b3edfdb',44,'32729e978','6085daad9',410379,665,1654039578,1654039578);
INSERT INTO player_score VALUES('63c34d876',44,'32729e978','609604daf',60112,678,1654041190,1654041190);
INSERT INTO player_score VALUES('636060d39',44,'32729e978','60e804116',0,624,1654030817,1654030817);
INSERT INTO player_score VALUES('63c0dc89b',44,'32729e978','634325ea6',729,612,1654040934,1654040934);
INSERT INTO player_score VALUES('510bda334',44,'34b2556a2','12d6549d3',55944,493,1653538770,1653538770);
INSERT INTO player_score VALUES('63ba8c523',44,'34b2556a2','19feda94a',50540,784,1654040272,1654040272);
INSERT INTO player_score VALUES('616d8f153',44,'34b2556a2','1c2910056',170982,777,1653978512,1653978512);
INSERT INTO player_score VALUES('601e4b701',44,'34b2556a2','1eb27c77b',443256,712,1653943357,1653943357);
INSERT INTO player_score VALUES('4ead92ad1',44,'34b2556a2','20f006a24',46376,477,1653475197,1653475197);
INSERT INTO player_score VALUES('61ea343f6',44,'34b2556a2','214f07ec1',2860,559,1653991582,1653991582);
INSERT INTO player_score VALUES('5f1241440',44,'34b2556a2','2226b1e3d',77805,611,1653915251,1653915251);
INSERT INTO player_score VALUES('44aa50d4f',44,'34b2556a2','2293b0b93',7560,464,1653206420,1653206420);
INSERT INTO player_score VALUES('43aeade5a',44,'34b2556a2','319ff17c0',424350,434,1653180034,1653180034);
INSERT INTO player_score VALUES('589968708',44,'34b2556a2','35b7ab402',49980,591,1653741518,1653741518);
INSERT INTO player_score VALUES('3fa4f8fd1',44,'34b2556a2','370de03dc',58905,423,1653071642,1653071642);
INSERT INTO player_score VALUES('5fc43aca9',44,'34b2556a2','3a3a129d2',66062,677,1653933913,1653933913);
INSERT INTO player_score VALUES('6346e7d4b',44,'34b2556a2','4ac12c3aa',108339,807,1654028146,1654028146);
INSERT INTO player_score VALUES('61a977fa8',44,'34b2556a2','50a1d9fc0',7055,633,1653984794,1653984794);
INSERT INTO player_score VALUES('62889c01a',44,'34b2556a2','5348ea4ff',388800,627,1654008192,1654008192);
INSERT INTO player_score VALUES('63ab98340',44,'34b2556a2','6085daad9',144760,656,1654038704,1654038704);
INSERT INTO player_score VALUES('63a55430c',44,'34b2556a2','609604daf',2928,659,1654038047,1654038047);
INSERT INTO player_score VALUES('63aeacc9a',44,'34b2556a2','60e804116',0,701,1654039027,1654039027);
INSERT INTO player_score VALUES('63c05d959',44,'34b2556a2','634325ea6',288640,606,1654040882,1654040882);
INSERT INTO player_score VALUES('5ecff97d7',44,'3601375f8','12d6549d3',78408,595,1653908301,1653908301);
INSERT INTO player_score VALUES('5f6ec2ed1',44,'3601375f8','19feda94a',15336,743,1653924951,1653924951);
INSERT INTO player_score VALUES('5ca143b8c',44,'3601375f8','1c2910056',236196,713,1653849716,1653849716);
INSERT INTO player_score VALUES('62376ec5d',44,'3601375f8','1eb27c77b',58240,734,1653999680,1653999680);
INSERT INTO player_score VALUES('61dccba3c',44,'3601375f8','214f07ec1',19992,558,1653990176,1653990176);
INSERT INTO player_score VALUES('62df4ed68',44,'3601375f8','2226b1e3d',435708,646,1654017283,1654017283);
INSERT INTO player_score VALUES('438f6af55',44,'3601375f8','2293b0b93',136120,450,1653176756,1653176756);
INSERT INTO player_score VALUES('40c1f3159',44,'3601375f8','319ff17c0',55860,369,1653101524,1653101524);
INSERT INTO player_score VALUES('588a2ff68',44,'3601375f8','35b7ab402',0,590,1653739922,1653739922);
INSERT INTO player_score VALUES('63bdddf03',44,'3601375f8','3a3a129d2',95904,756,1654040620,1654040620);
INSERT INTO player_score VALUES('63851aace',44,'3601375f8','4ac12c3aa',473088,815,1654034668,1654034668);
INSERT INTO player_score VALUES('6272b41ae',44,'3601375f8','50a1d9fc0',38610,664,1654005895,1654005895);
INSERT INTO player_score VALUES('62ae20834',44,'3601375f8','5348ea4ff',201135,633,1654012126,1654012126);
INSERT INTO player_score VALUES('635a8f8fc',44,'3601375f8','6085daad9',78546,589,1654030207,1654030207);
INSERT INTO player_score VALUES('63adc9bdc',44,'3601375f8','609604daf',104448,666,1654038934,1654038934);
INSERT INTO player_score VALUES('63991a510',44,'3601375f8','60e804116',429247,687,1654036765,1654036765);
INSERT INTO player_score VALUES('63c629f6b',44,'3601375f8','634325ea6',118548,641,1654041490,1654041490);
INSERT INTO player_score VALUES('54f321a54',44,'36bf414b9','12d6549d3',32000,526,1653643552,1653643552);
INSERT INTO player_score VALUES('63976ca35',44,'36bf414b9','1c2910056',243089,803,1654036589,1654036589);
INSERT INTO player_score VALUES('5e799e929',44,'36bf414b9','1eb27c77b',20826,695,1653899246,1653899246);
INSERT INTO player_score VALUES('4e2a9ade3',44,'36bf414b9','20f006a24',51680,471,1653461464,1653461464);
INSERT INTO player_score VALUES('6298250e9',44,'36bf414b9','214f07ec1',54600,562,1654009821,1654009821);
INSERT INTO player_score VALUES('62c676f6d',44,'36bf414b9','2226b1e3d',2562,645,1654014678,1654014678);
INSERT INTO player_score VALUES('445c3d0b2',44,'36bf414b9','2293b0b93',74088,462,1653198233,1653198233);
INSERT INTO player_score VALUES('540c30886',44,'36bf414b9','35b7ab402',246675,517,1653619336,1653619336);
INSERT INTO player_score VALUES('3fd3682fc',44,'36bf414b9','370de03dc',52668,436,1653076511,1653076511);
INSERT INTO player_score VALUES('63be18872',44,'36bf414b9','3a3a129d2',26560,757,1654040644,1654040644);
INSERT INTO player_score VALUES('639ca412b',44,'36bf414b9','4ac12c3aa',115668,816,1654037136,1654037136);
INSERT INTO player_score VALUES('63ab9d180',44,'36bf414b9','50a1d9fc0',307989,713,1654038706,1654038706);
INSERT INTO player_score VALUES('63c151bae',44,'36bf414b9','6085daad9',24192,677,1654040982,1654040982);
INSERT INTO player_score VALUES('6384241b3',44,'36bf414b9','609604daf',189200,633,1654034567,1654034567);
INSERT INTO player_score VALUES('63981516c',44,'36bf414b9','60e804116',19166,683,1654036658,1654036658);
INSERT INTO player_score VALUES('63c613fbe',44,'36bf414b9','634325ea6',94367,639,1654041481,1654041481);
INSERT INTO player_score VALUES('5d08e6778',44,'3b3b7a979','12d6549d3',191360,583,1653860583,1653860583);
INSERT INTO player_score VALUES('5841a6a12',44,'3b3b7a979','19feda94a',6536,665,1653732316,1653732316);
INSERT INTO player_score VALUES('63bbe9741',44,'3b3b7a979','1c2910056',10374,806,1654040415,1654040415);
INSERT INTO player_score VALUES('5dca669cd',44,'3b3b7a979','1eb27c77b',34944,688,1653880873,1653880873);
INSERT INTO player_score VALUES('4ef84ffcb',44,'3b3b7a979','20f006a24',23520,481,1653483034,1653483034);
INSERT INTO player_score VALUES('5ee4844a4',44,'3b3b7a979','214f07ec1',398268,538,1653910455,1653910455);
INSERT INTO player_score VALUES('61ec28bed',44,'3b3b7a979','2226b1e3d',162000,638,1653991787,1653991787);
INSERT INTO player_score VALUES('45348d03d',44,'3b3b7a979','2293b0b93',12900,471,1653220915,1653220915);
INSERT INTO player_score VALUES('42ebd7fa1',44,'3b3b7a979','319ff17c0',305500,418,1653159604,1653159604);
INSERT INTO player_score VALUES('51260cbf6',44,'3b3b7a979','35b7ab402',108680,469,1653541517,1653541517);
INSERT INTO player_score VALUES('3faf78f72',44,'3b3b7a979','370de03dc',16192,425,1653072743,1653072743);
INSERT INTO player_score VALUES('60b4ab8a1',44,'3b3b7a979','3a3a129d2',388080,695,1653959125,1653959125);
INSERT INTO player_score VALUES('62dd7ef6d',44,'3b3b7a979','4ac12c3aa',13440,793,1654017093,1654017093);
INSERT INTO player_score VALUES('633b677d7',44,'3b3b7a979','5348ea4ff',8932,659,1654026940,1654026940);
INSERT INTO player_score VALUES('63bd5c88d',44,'3b3b7a979','6085daad9',115640,673,1654040567,1654040567);
INSERT INTO player_score VALUES('63c690813',44,'3b3b7a979','609604daf',303195,682,1654041532,1654041532);
INSERT INTO player_score VALUES('63c02a527',44,'3b3b7a979','60e804116',51357,721,1654040861,1654040861);
INSERT INTO player_score VALUES('639623067',44,'3b3b7a979','634325ea6',5940,417,1654036454,1654036454);
INSERT INTO player_score VALUES('5bba3a362',44,'3c9df33c5','12d6549d3',785088,573,1653825490,1653825490);
INSERT INTO player_score VALUES('5fcfd6004',44,'3c9df33c5','19feda94a',13860,747,1653935130,1653935130);
INSERT INTO player_score VALUES('614e4c23d',44,'3c9df33c5','1eb27c77b',3900,724,1653975234,1653975234);
INSERT INTO player_score VALUES('4c56a57b5',44,'3c9df33c5','20f006a24',14976,452,1653412395,1653412395);
INSERT INTO player_score VALUES('5ea61468f',44,'3c9df33c5','214f07ec1',1820,537,1653903908,1653903908);
INSERT INTO player_score VALUES('601ed6974',44,'3c9df33c5','2226b1e3d',278080,620,1653943414,1653943414);
INSERT INTO player_score VALUES('42afb476f',44,'3c9df33c5','2293b0b93',57510,437,1653153298,1653153298);
INSERT INTO player_score VALUES('43fd28379',44,'3c9df33c5','319ff17c0',189200,439,1653188263,1653188263);
INSERT INTO player_score VALUES('568b50452',44,'3c9df33c5','35b7ab402',4508,564,1653686353,1653686353);
INSERT INTO player_score VALUES('5bb363bb6',44,'3c9df33c5','3a3a129d2',83160,616,1653824773,1653824773);
INSERT INTO player_score VALUES('63a66f68f',44,'3c9df33c5','4ac12c3aa',96068,817,1654038163,1654038163);
INSERT INTO player_score VALUES('623c92af0',44,'3c9df33c5','50a1d9fc0',12584,654,1654000219,1654000219);
INSERT INTO player_score VALUES('6273db853',44,'3c9df33c5','5348ea4ff',27945,620,1654006016,1654006016);
INSERT INTO player_score VALUES('63b09c625',44,'3c9df33c5','6085daad9',19800,659,1654039230,1654039230);
INSERT INTO player_score VALUES('6376464b1',44,'3c9df33c5','609604daf',2280,617,1654033113,1654033113);
INSERT INTO player_score VALUES('6387119b9',44,'3c9df33c5','60e804116',73899,662,1654034874,1654034874);
INSERT INTO player_score VALUES('63c41f7e6',44,'3c9df33c5','634325ea6',94,633,1654041276,1654041276);
INSERT INTO player_score VALUES('620400446',44,'3ca1a8f05','19feda94a',41616,770,1653994287,1653994287);
INSERT INTO player_score VALUES('6163de9b3',44,'3ca1a8f05','1c2910056',139004,776,1653977496,1653977496);
INSERT INTO player_score VALUES('5eec1e180',44,'3ca1a8f05','1eb27c77b',29546,697,1653911252,1653911252);
INSERT INTO player_score VALUES('4d22e789f',44,'3ca1a8f05','20f006a24',29370,460,1653433813,1653433813);
INSERT INTO player_score VALUES('5d8194065',44,'3ca1a8f05','214f07ec1',12400,529,1653873237,1653873237);
INSERT INTO player_score VALUES('636cc1c54',44,'3ca1a8f05','2226b1e3d',62328,650,1654032115,1654032115);
INSERT INTO player_score VALUES('438c677a7',44,'3ca1a8f05','319ff17c0',22464,430,1653176440,1653176440);
INSERT INTO player_score VALUES('59458bd63',44,'3ca1a8f05','35b7ab402',116994,596,1653759568,1653759568);
INSERT INTO player_score VALUES('5f059e6a3',44,'3ca1a8f05','3a3a129d2',6188,665,1653913926,1653913926);
INSERT INTO player_score VALUES('634d3cedd',44,'3ca1a8f05','4ac12c3aa',112640,808,1654028810,1654028810);
INSERT INTO player_score VALUES('63452ded5',44,'3ca1a8f05','5348ea4ff',367629,662,1654027965,1654027965);
INSERT INTO player_score VALUES('63ae8f7c0',44,'3ca1a8f05','6085daad9',26208,658,1654039015,1654039015);
INSERT INTO player_score VALUES('63b864905',44,'3ca1a8f05','609604daf',47424,672,1654040046,1654040046);
INSERT INTO player_score VALUES('63c61dc25',44,'3ca1a8f05','60e804116',250096,727,1654041485,1654041485);
INSERT INTO player_score VALUES('63c618de8',44,'3ca1a8f05','634325ea6',48060,640,1654041483,1654041483);
INSERT INTO player_score VALUES('5633d2ce9',44,'3e860a66f','12d6549d3',1638,538,1653677179,1653677179);
INSERT INTO player_score VALUES('63c32dcfc',44,'3e860a66f','19feda94a',21942,785,1654041177,1654041177);
INSERT INTO player_score VALUES('60cffe2b9',44,'3e860a66f','1c2910056',20090,769,1653961990,1653961990);
INSERT INTO player_score VALUES('59584b9fe',44,'3e860a66f','1eb27c77b',238392,639,1653761534,1653761534);
INSERT INTO player_score VALUES('5e8deec0f',44,'3e860a66f','214f07ec1',0,536,1653901376,1653901376);
INSERT INTO player_score VALUES('599cd877e',44,'3e860a66f','2226b1e3d',79856,552,1653768722,1653768722);
INSERT INTO player_score VALUES('4452dd24d',44,'3e860a66f','2293b0b93',106314,461,1653197250,1653197250);
INSERT INTO player_score VALUES('59e94d377',44,'3e860a66f','35b7ab402',32292,606,1653776739,1653776739);
INSERT INTO player_score VALUES('3ff6b3d5a',44,'3e860a66f','370de03dc',38048,440,1653080212,1653080212);
INSERT INTO player_score VALUES('5e962e927',44,'3e860a66f','3a3a129d2',11115,654,1653902241,1653902241);
INSERT INTO player_score VALUES('5e93a2b6b',44,'3e860a66f','4ac12c3aa',52000,642,1653901974,1653901974);
INSERT INTO player_score VALUES('63152be5b',44,'3e860a66f','50a1d9fc0',22500,690,1654022931,1654022931);
INSERT INTO player_score VALUES('6399f398a',44,'3e860a66f','5348ea4ff',265236,673,1654036854,1654036854);
INSERT INTO player_score VALUES('63a054e97',44,'3e860a66f','6085daad9',35904,646,1654037523,1654037523);
INSERT INTO player_score VALUES('638d4bdaa',44,'3e860a66f','609604daf',344520,642,1654035527,1654035527);
INSERT INTO player_score VALUES('63515e0b5',44,'3e860a66f','60e804116',30000,612,1654029243,1654029243);
INSERT INTO player_score VALUES('4fb635421',44,'402486ccb','12d6549d3',74046,484,1653502946,1653502946);
INSERT INTO player_score VALUES('5394eec2c',44,'402486ccb','19feda94a',167400,609,1653606831,1653606831);
INSERT INTO player_score VALUES('62dcbba8b',44,'402486ccb','1c2910056',38870,796,1654017013,1654017013);
INSERT INTO player_score VALUES('5c5a94024',44,'402486ccb','1eb27c77b',0,669,1653842304,1653842304);
INSERT INTO player_score VALUES('4c88ddef9',44,'402486ccb','20f006a24',60900,456,1653417661,1653417661);
INSERT INTO player_score VALUES('435fa1115',44,'402486ccb','2293b0b93',13200,448,1653171745,1653171745);
INSERT INTO player_score VALUES('43ccb100b',44,'402486ccb','319ff17c0',3312,437,1653183181,1653183181);
INSERT INTO player_score VALUES('5c24cf5e9',44,'402486ccb','3a3a129d2',7296,624,1653836666,1653836666);
INSERT INTO player_score VALUES('61e7137bc',44,'402486ccb','4ac12c3aa',126730,764,1653991254,1653991254);
INSERT INTO player_score VALUES('6122ad298',44,'402486ccb','50a1d9fc0',169728,612,1653970660,1653970660);
INSERT INTO player_score VALUES('6338a5ef1',44,'402486ccb','5348ea4ff',303750,658,1654026651,1654026651);
INSERT INTO player_score VALUES('63b8cd8f0',44,'402486ccb','609604daf',0,673,1654040089,1654040089);
INSERT INTO player_score VALUES('63b697273',44,'402486ccb','60e804116',40404,711,1654039857,1654039857);
INSERT INTO player_score VALUES('63c5028cb',44,'402486ccb','634325ea6',74690,637,1654041369,1654041369);
INSERT INTO player_score VALUES('5e274ecce',44,'480166352','12d6549d3',139536,588,1653890615,1653890615);
INSERT INTO player_score VALUES('601b8ebee',44,'480166352','19feda94a',19266,751,1653943070,1653943070);
INSERT INTO player_score VALUES('5f9cf7889',44,'480166352','1c2910056',228144,753,1653929796,1653929796);
INSERT INTO player_score VALUES('63770c102',44,'480166352','1eb27c77b',9660,740,1654033194,1654033194);
INSERT INTO player_score VALUES('4ed89a4d8',44,'480166352','20f006a24',30176,478,1653479709,1653479709);
INSERT INTO player_score VALUES('6079c7dc9',44,'480166352','214f07ec1',27608,549,1653952950,1653952950);
INSERT INTO player_score VALUES('57d62237b',44,'480166352','35b7ab402',42180,585,1653721042,1653721042);
INSERT INTO player_score VALUES('6325c1803',44,'480166352','4ac12c3aa',65520,805,1654024670,1654024670);
INSERT INTO player_score VALUES('6396034bc',44,'480166352','50a1d9fc0',11475,712,1654036441,1654036441);
INSERT INTO player_score VALUES('631d4bfd3',44,'480166352','5348ea4ff',36352,647,1654023783,1654023783);
INSERT INTO player_score VALUES('639a999f0',44,'480166352','6085daad9',183456,641,1654036922,1654036922);
INSERT INTO player_score VALUES('63ae7bf54',44,'480166352','609604daf',32250,667,1654039007,1654039007);
INSERT INTO player_score VALUES('63691f96e',44,'480166352','60e804116',209440,632,1654031734,1654031734);
INSERT INTO player_score VALUES('63c6314c5',44,'480166352','634325ea6',35695,642,1654041493,1654041493);
INSERT INTO player_score VALUES('5ac7d76f3',44,'49202b4bb','12d6549d3',7182,567,1653800074,1653800074);
INSERT INTO player_score VALUES('5e1373c89',44,'49202b4bb','19feda94a',460412,730,1653888533,1653888533);
INSERT INTO player_score VALUES('598eb8baa',44,'49202b4bb','1c2910056',43290,676,1653767241,1653767241);
INSERT INTO player_score VALUES('637c59775',44,'49202b4bb','1eb27c77b',343980,741,1654033750,1654033750);
INSERT INTO player_score VALUES('4d97fa3d4',44,'49202b4bb','20f006a24',35100,466,1653446089,1653446089);
INSERT INTO player_score VALUES('637459243',44,'49202b4bb','214f07ec1',238280,568,1654032911,1654032911);
INSERT INTO player_score VALUES('63988a44a',44,'49202b4bb','2226b1e3d',44712,654,1654036706,1654036706);
INSERT INTO player_score VALUES('5a01be86a',44,'49202b4bb','35b7ab402',637362,607,1653779302,1653779302);
INSERT INTO player_score VALUES('6253cb810',44,'49202b4bb','3a3a129d2',49700,734,1654002654,1654002654);
INSERT INTO player_score VALUES('63799f39a',44,'49202b4bb','4ac12c3aa',290532,813,1654033464,1654033464);
INSERT INTO player_score VALUES('62797e5fd',44,'49202b4bb','5348ea4ff',51324,623,1654006607,1654006607);
INSERT INTO player_score VALUES('63b253d90',44,'49202b4bb','6085daad9',55080,661,1654039410,1654039410);
INSERT INTO player_score VALUES('63c413494',44,'49202b4bb','609604daf',34020,679,1654041271,1654041271);
INSERT INTO player_score VALUES('63b5a2fff',44,'49202b4bb','60e804116',576720,709,1654039757,1654039757);
INSERT INTO player_score VALUES('63c160624',44,'49202b4bb','634325ea6',71064,616,1654040988,1654040988);
INSERT INTO player_score VALUES('5eda6d486',44,'4f56b9e9c','19feda94a',3588,737,1653909397,1653909397);
INSERT INTO player_score VALUES('611f395ee',44,'4f56b9e9c','1c2910056',225828,771,1653970298,1653970298);
INSERT INTO player_score VALUES('61cc1b2d9',44,'4f56b9e9c','1eb27c77b',26950,730,1653988426,1653988426);
INSERT INTO player_score VALUES('61d043a35',44,'4f56b9e9c','214f07ec1',6336,557,1653988862,1653988862);
INSERT INTO player_score VALUES('5e8f1fee0',44,'4f56b9e9c','2226b1e3d',67900,606,1653901501,1653901501);
INSERT INTO player_score VALUES('567d0499f',44,'4f56b9e9c','35b7ab402',235125,561,1653684854,1653684854);
INSERT INTO player_score VALUES('62e5ab427',44,'4f56b9e9c','3a3a129d2',425292,739,1654017950,1654017950);
INSERT INTO player_score VALUES('630af2b93',44,'4f56b9e9c','4ac12c3aa',22050,799,1654021859,1654021859);
INSERT INTO player_score VALUES('62e714930',44,'4f56b9e9c','50a1d9fc0',0,685,1654018098,1654018098);
INSERT INTO player_score VALUES('639fe70da',44,'4f56b9e9c','5348ea4ff',11076,674,1654037478,1654037478);
INSERT INTO player_score VALUES('639e913d9',44,'4f56b9e9c','6085daad9',31977,644,1654037338,1654037338);
INSERT INTO player_score VALUES('63688f8c6',44,'4f56b9e9c','609604daf',102366,607,1654031675,1654031675);
INSERT INTO player_score VALUES('639f45e68',44,'4f56b9e9c','60e804116',40937,691,1654037412,1654037412);
INSERT INTO player_score VALUES('63c076031',44,'4f56b9e9c','634325ea6',515361,607,1654040892,1654040892);
INSERT INTO player_score VALUES('60bcf2ac1',44,'500ca62b7','19feda94a',89856,759,1653959993,1653959993);
INSERT INTO player_score VALUES('5e4386eaf',44,'500ca62b7','1c2910056',321468,733,1653893574,1653893574);
INSERT INTO player_score VALUES('5bdf841b8',44,'500ca62b7','1eb27c77b',22736,663,1653829400,1653829400);
INSERT INTO player_score VALUES('63737fdb6',44,'500ca62b7','2226b1e3d',68400,651,1654032822,1654032822);
INSERT INTO player_score VALUES('526414c43',44,'500ca62b7','35b7ab402',123840,494,1653574865,1653574865);
INSERT INTO player_score VALUES('630102c6c',44,'500ca62b7','4ac12c3aa',54808,798,1654020817,1654020817);
INSERT INTO player_score VALUES('62e6fe9e2',44,'500ca62b7','50a1d9fc0',339570,684,1654018089,1654018089);
INSERT INTO player_score VALUES('63a992a2b',44,'500ca62b7','5348ea4ff',123500,675,1654038492,1654038492);
INSERT INTO player_score VALUES('63b2eda77',44,'500ca62b7','6085daad9',0,664,1654039473,1654039473);
INSERT INTO player_score VALUES('63708d768',44,'500ca62b7','609604daf',54684,611,1654032513,1654032513);
INSERT INTO player_score VALUES('63681097c',44,'500ca62b7','60e804116',198720,631,1654031623,1654031623);
INSERT INTO player_score VALUES('63be4e411',44,'500ca62b7','634325ea6',60750,599,1654040666,1654040666);
INSERT INTO player_score VALUES('5a4dec807',44,'54f982edf','12d6549d3',5248,561,1653787290,1653787290);
INSERT INTO player_score VALUES('62d8d78f6',44,'54f982edf','19feda94a',661770,778,1654016605,1654016605);
INSERT INTO player_score VALUES('6262d0b7d',44,'54f982edf','1c2910056',122880,788,1654004229,1654004229);
INSERT INTO player_score VALUES('5cadae6c1',44,'54f982edf','1eb27c77b',7770,675,1653851018,1653851018);
INSERT INTO player_score VALUES('5fcc0088c',44,'54f982edf','214f07ec1',27720,543,1653934728,1653934728);
INSERT INTO player_score VALUES('5374587a5',44,'54f982edf','2226b1e3d',40158,495,1653603414,1653603414);
INSERT INTO player_score VALUES('57504910c',44,'54f982edf','35b7ab402',208980,574,1653707007,1653707007);
INSERT INTO player_score VALUES('5e7168845',44,'54f982edf','3a3a129d2',80724,647,1653898385,1653898385);
INSERT INTO player_score VALUES('6363189e5',44,'54f982edf','4ac12c3aa',0,811,1654031102,1654031102);
INSERT INTO player_score VALUES('63bc2679e',44,'54f982edf','5348ea4ff',119130,676,1654040440,1654040440);
INSERT INTO player_score VALUES('63991a50f',44,'54f982edf','6085daad9',0,638,1654036765,1654036765);
INSERT INTO player_score VALUES('63867f22c',44,'54f982edf','609604daf',59943,636,1654034814,1654034814);
INSERT INTO player_score VALUES('632e0d84a',44,'54f982edf','60e804116',44992,569,1654025540,1654025540);
INSERT INTO player_score VALUES('63bc91e5a',44,'54f982edf','634325ea6',35916,592,1654040484,1654040484);
INSERT INTO player_score VALUES('5d631bbb4',44,'554b53c2b','12d6549d3',175152,584,1653870042,1653870042);
INSERT INTO player_score VALUES('628af70c2',44,'554b53c2b','19feda94a',79112,773,1654008439,1654008439);
INSERT INTO player_score VALUES('626805b94',44,'554b53c2b','1c2910056',557232,789,1654004775,1654004775);
INSERT INTO player_score VALUES('5950291f1',44,'554b53c2b','1eb27c77b',164052,638,1653760681,1653760681);
INSERT INTO player_score VALUES('617d9714a',44,'554b53c2b','2226b1e3d',40824,637,1653980193,1653980193);
INSERT INTO player_score VALUES('59c38e1dc',44,'554b53c2b','35b7ab402',40896,602,1653772781,1653772781);
INSERT INTO player_score VALUES('6353ffe04',44,'554b53c2b','3a3a129d2',46240,748,1654029519,1654029519);
INSERT INTO player_score VALUES('63c6d4ded',44,'554b53c2b','4ac12c3aa',10260,822,1654041560,1654041560);
INSERT INTO player_score VALUES('63322271f',44,'554b53c2b','50a1d9fc0',19992,692,1654025968,1654025968);
INSERT INTO player_score VALUES('61bd222c6',44,'554b53c2b','5348ea4ff',11868,589,1653986856,1653986856);
INSERT INTO player_score VALUES('63c276b38',44,'554b53c2b','6085daad9',15288,678,1654041102,1654041102);
INSERT INTO player_score VALUES('63b6fdacf',44,'554b53c2b','609604daf',23760,671,1654039899,1654039899);
INSERT INTO player_score VALUES('63bd09892',44,'554b53c2b','60e804116',107590,719,1654040533,1654040533);
INSERT INTO player_score VALUES('63c6ab5a4',44,'554b53c2b','634325ea6',422334,643,1654041543,1654041543);
INSERT INTO player_score VALUES('5ccfae09c',44,'56dc25a2f','12d6549d3',244881,582,1653854583,1653854583);
INSERT INTO player_score VALUES('5dddb190b',44,'56dc25a2f','19feda94a',13845,729,1653882896,1653882896);
INSERT INTO player_score VALUES('6089a1760',44,'56dc25a2f','1c2910056',84916,766,1653954612,1653954612);
INSERT INTO player_score VALUES('6185a1305',44,'56dc25a2f','1eb27c77b',69190,728,1653981036,1653981036);
INSERT INTO player_score VALUES('63aedb2d6',44,'56dc25a2f','2226b1e3d',49300,656,1654039046,1654039046);
INSERT INTO player_score VALUES('59c964452',44,'56dc25a2f','35b7ab402',95976,603,1653773393,1653773393);
INSERT INTO player_score VALUES('6344375de',44,'56dc25a2f','3a3a129d2',27552,745,1654027864,1654027864);
INSERT INTO player_score VALUES('622a914ce',44,'56dc25a2f','4ac12c3aa',383460,778,1653998331,1653998331);
INSERT INTO player_score VALUES('637704b84',44,'56dc25a2f','5348ea4ff',97055,667,1654033191,1654033191);
INSERT INTO player_score VALUES('639a7ec02',44,'56dc25a2f','6085daad9',619974,640,1654036911,1654036911);
INSERT INTO player_score VALUES('637892afa',44,'56dc25a2f','609604daf',51084,620,1654033354,1654033354);
INSERT INTO player_score VALUES('63b71d6a5',44,'56dc25a2f','60e804116',84546,713,1654039912,1654039912);
INSERT INTO player_score VALUES('63c4b46d7',44,'56dc25a2f','634325ea6',109500,636,1654041337,1654041337);
INSERT INTO player_score VALUES('5e2a87fc5',44,'574141697','12d6549d3',45276,589,1653890953,1653890953);
INSERT INTO player_score VALUES('62d4c5127',44,'574141697','19feda94a',0,777,1654016178,1654016178);
INSERT INTO player_score VALUES('5cc7a65e5',44,'574141697','214f07ec1',13440,522,1653853741,1653853741);
INSERT INTO player_score VALUES('622086810',44,'574141697','2226b1e3d',46904,640,1653997278,1653997278);
INSERT INTO player_score VALUES('5a11f75d0',44,'574141697','35b7ab402',107900,609,1653781003,1653781003);
INSERT INTO player_score VALUES('62b61e65b',44,'574141697','3a3a129d2',19012,738,1654012964,1654012964);
INSERT INTO player_score VALUES('6313e4be7',44,'574141697','4ac12c3aa',69513,801,1654022797,1654022797);
INSERT INTO player_score VALUES('619444bde',44,'574141697','50a1d9fc0',14872,628,1653982571,1653982571);
INSERT INTO player_score VALUES('6364204c9',44,'574141697','5348ea4ff',201960,664,1654031210,1654031210);
INSERT INTO player_score VALUES('6382e92c1',44,'574141697','609604daf',15228,631,1654034438,1654034438);
INSERT INTO player_score VALUES('63c2f0c3d',44,'574141697','60e804116',243432,722,1654041152,1654041152);
INSERT INTO player_score VALUES('63bfd750e',44,'574141697','634325ea6',69531,604,1654040827,1654040827);
INSERT INTO player_score VALUES('527aaee8c',44,'5a1c10d02','12d6549d3',82082,507,1653577235,1653577235);
INSERT INTO player_score VALUES('5c5220ef4',44,'5a1c10d02','19feda94a',1360,709,1653841418,1653841418);
INSERT INTO player_score VALUES('6090fbc76',44,'5a1c10d02','1c2910056',172872,768,1653955383,1653955383);
INSERT INTO player_score VALUES('5f9879a05',44,'5a1c10d02','1eb27c77b',11328,706,1653929325,1653929325);
INSERT INTO player_score VALUES('5dedc8398',44,'5a1c10d02','214f07ec1',94848,533,1653884583,1653884583);
INSERT INTO player_score VALUES('60d06e786',44,'5a1c10d02','2226b1e3d',40608,625,1653962036,1653962036);
INSERT INTO player_score VALUES('5a0dfadb4',44,'5a1c10d02','35b7ab402',252000,608,1653780585,1653780585);
INSERT INTO player_score VALUES('5fd4b7fe6',44,'5a1c10d02','3a3a129d2',463140,681,1653935642,1653935642);
INSERT INTO player_score VALUES('6280b1a3d',44,'5a1c10d02','4ac12c3aa',170820,785,1654007362,1654007362);
INSERT INTO player_score VALUES('63bab3647',44,'5a1c10d02','50a1d9fc0',4380,714,1654040288,1654040288);
INSERT INTO player_score VALUES('633c481be',44,'5a1c10d02','5348ea4ff',96390,660,1654027032,1654027032);
INSERT INTO player_score VALUES('63b8f49e2',44,'5a1c10d02','6085daad9',154224,670,1654040105,1654040105);
INSERT INTO player_score VALUES('63ba3e343',44,'5a1c10d02','609604daf',1440,674,1654040240,1654040240);
INSERT INTO player_score VALUES('639e78d4b',44,'5a1c10d02','60e804116',59940,689,1654037328,1654037328);
INSERT INTO player_score VALUES('63c363838',44,'5a1c10d02','634325ea6',9016,631,1654041199,1654041199);
INSERT INTO player_score VALUES('5ee75e453',44,'5a8694e00','12d6549d3',761306,596,1653910754,1653910754);
INSERT INTO player_score VALUES('633ba96cc',44,'5a8694e00','19feda94a',5040,779,1654026967,1654026967);
INSERT INTO player_score VALUES('63a4d0605',44,'5a8694e00','1c2910056',50445,805,1654037993,1654037993);
INSERT INTO player_score VALUES('60aa5ed24',44,'5a8694e00','1eb27c77b',281580,718,1653958045,1653958045);
INSERT INTO player_score VALUES('5c0964537',44,'5a8694e00','214f07ec1',36784,513,1653833791,1653833791);
INSERT INTO player_score VALUES('6262d808f',44,'5a8694e00','2226b1e3d',396264,641,1654004232,1654004232);
INSERT INTO player_score VALUES('6286966d7',44,'5a8694e00','3a3a129d2',1640,735,1654007980,1654007980);
INSERT INTO player_score VALUES('625ad7b4e',44,'5a8694e00','4ac12c3aa',0,782,1654003393,1654003393);
INSERT INTO player_score VALUES('638775b6a',44,'5a8694e00','50a1d9fc0',51660,708,1654034915,1654034915);
INSERT INTO player_score VALUES('6387d4eb9',44,'5a8694e00','5348ea4ff',443718,669,1654034954,1654034954);
INSERT INTO player_score VALUES('63ad8a3ed',44,'5a8694e00','609604daf',36400,664,1654038908,1654038908);
INSERT INTO player_score VALUES('63a21fe11',44,'5a8694e00','60e804116',4488,696,1654037711,1654037711);
INSERT INTO player_score VALUES('63c5dbd70',44,'5a8694e00','634325ea6',477000,638,1654041458,1654041458);
INSERT INTO player_score VALUES('5e39a59cf',44,'5db339fe5','12d6549d3',32670,590,1653892538,1653892538);
INSERT INTO player_score VALUES('5fcfc0034',44,'5db339fe5','19feda94a',22540,746,1653935121,1653935121);
INSERT INTO player_score VALUES('62e1546cb',44,'5db339fe5','1c2910056',24300,797,1654017495,1654017495);
INSERT INTO player_score VALUES('6195c8eaa',44,'5db339fe5','1eb27c77b',186000,729,1653982730,1653982730);
INSERT INTO player_score VALUES('61cdcdc16',44,'5db339fe5','214f07ec1',28800,556,1653988604,1653988604);
INSERT INTO player_score VALUES('4bb36a621',44,'5db339fe5','2226b1e3d',116480,415,1653395279,1653395279);
INSERT INTO player_score VALUES('630606f23',44,'5db339fe5','3a3a129d2',100300,741,1654021343,1654021343);
INSERT INTO player_score VALUES('62602c714',44,'5db339fe5','4ac12c3aa',214400,783,1654003952,1654003952);
INSERT INTO player_score VALUES('61c547215',44,'5db339fe5','50a1d9fc0',308511,637,1653987710,1653987710);
INSERT INTO player_score VALUES('61f499607',44,'5db339fe5','5348ea4ff',404544,598,1653992672,1653992672);
INSERT INTO player_score VALUES('63be299fe',44,'5db339fe5','6085daad9',23944,675,1654040651,1654040651);
INSERT INTO player_score VALUES('63bdc3143',44,'5db339fe5','609604daf',328944,676,1654040609,1654040609);
INSERT INTO player_score VALUES('638714108',44,'5db339fe5','60e804116',21756,663,1654034875,1654034875);
INSERT INTO player_score VALUES('635422135',44,'625cb8a7c','19feda94a',44400,781,1654029533,1654029533);
INSERT INTO player_score VALUES('637f50bd2',44,'625cb8a7c','1c2910056',53760,802,1654034061,1654034061);
INSERT INTO player_score VALUES('62590562f',44,'625cb8a7c','1eb27c77b',11880,735,1654003202,1654003202);
INSERT INTO player_score VALUES('608ed196b',44,'625cb8a7c','214f07ec1',55800,550,1653955156,1653955156);
INSERT INTO player_score VALUES('6058472eb',44,'625cb8a7c','2226b1e3d',379392,624,1653949437,1653949437);
INSERT INTO player_score VALUES('5f0142afd',44,'625cb8a7c','3a3a129d2',0,664,1653913469,1653913469);
INSERT INTO player_score VALUES('5cccfb1f3',44,'625cb8a7c','4ac12c3aa',62465,579,1653854300,1653854300);
INSERT INTO player_score VALUES('617e99de8',44,'625cb8a7c','50a1d9fc0',146000,626,1653980299,1653980299);
INSERT INTO player_score VALUES('5f8e2808f',44,'625cb8a7c','5348ea4ff',14628,508,1653928243,1653928243);
INSERT INTO player_score VALUES('63a8294d0',44,'625cb8a7c','6085daad9',61600,653,1654038344,1654038344);
INSERT INTO player_score VALUES('63bc8d054',44,'625cb8a7c','609604daf',24948,675,1654040482,1654040482);
INSERT INTO player_score VALUES('63bc4b1a3',44,'625cb8a7c','60e804116',600,718,1654040455,1654040455);
INSERT INTO player_score VALUES('63c0b3089',44,'625cb8a7c','634325ea6',4698,611,1654040917,1654040917);
INSERT INTO player_score VALUES('61687278f',44,'63551d89a','19feda94a',2128,762,1653977976,1653977976);
INSERT INTO player_score VALUES('6254b5e20',44,'63551d89a','1c2910056',202464,787,1654002750,1654002750);
INSERT INTO player_score VALUES('5d8a5f03c',44,'63551d89a','1eb27c77b',86802,683,1653874159,1653874159);
INSERT INTO player_score VALUES('5e47b1cd0',44,'63551d89a','214f07ec1',173667,535,1653894011,1653894011);
INSERT INTO player_score VALUES('5fc5e60b7',44,'63551d89a','3a3a129d2',58500,679,1653934088,1653934088);
INSERT INTO player_score VALUES('634ed4a37',44,'63551d89a','50a1d9fc0',7350,700,1654028977,1654028977);
INSERT INTO player_score VALUES('6328e72d9',44,'63551d89a','5348ea4ff',540540,652,1654025000,1654025000);
INSERT INTO player_score VALUES('63b530411',44,'63551d89a','6085daad9',29400,667,1654039710,1654039710);
INSERT INTO player_score VALUES('63a7f6074',44,'63551d89a','609604daf',2268,662,1654038323,1654038323);
INSERT INTO player_score VALUES('63a0bde08',44,'63551d89a','60e804116',349272,695,1654037566,1654037566);
INSERT INTO player_score VALUES('63c33ee4c',44,'63551d89a','634325ea6',612943,629,1654041184,1654041184);
COMMIT;
