
BEGIN;
CREATE TABLE IF NOT EXISTS competition (
  id VARCHAR(255) NOT NULL PRIMARY KEY,
  tenant_id BIGINT NOT NULL,
  title TEXT NOT NULL,
  finished_at BIGINT NULL,
  created_at BIGINT NOT NULL,
  updated_at BIGINT NOT NULL
);
INSERT INTO competition VALUES('16dbd26db',47,'二子玉川商事カップ',1652256508,1651976808,1652256508);
INSERT INTO competition VALUES('1a182c84a',47,'第9回 ステージングモリス計画',NULL,1652063667,1652192313);
INSERT INTO competition VALUES('1e199a485',47,'ミルクシスターズ',1653693270,1652171191,1653693270);
INSERT INTO competition VALUES('1f12597a2',47,'第8回 千葉のアワビごはん',1652214487,1652197274,1652214487);
INSERT INTO competition VALUES('286e09613',47,'おじさんPERFECTカップ',NULL,1652448480,1652775859);
INSERT INTO competition VALUES('2ac550ec3',47,'解体会杯',NULL,1652511319,1652542844);
INSERT INTO competition VALUES('2d1b3b50d',47,'渋谷高校',1653357088,1652574015,1653357088);
INSERT INTO competition VALUES('2e7886435',47,'第2回 年収乙女',1653305954,1652610641,1653305954);
INSERT INTO competition VALUES('347ea9db1',47,'第6回 目黒序曲',NULL,1652772346,1653231617);
INSERT INTO competition VALUES('35e6a80fd',47,'北ポンカン酒店大会',NULL,1652810094,1653657871);
INSERT INTO competition VALUES('400f782a8',47,'いつもの年収人大会',NULL,1653082809,1653800815);
INSERT INTO competition VALUES('50dc5e705',47,'大人のリリーする方法 vol.7',1653810112,1653533791,1653810112);
INSERT INTO competition VALUES('5777b84c4',47,'カニドーナツ',NULL,1653711142,1653809140);
CREATE TABLE IF NOT EXISTS player (
  id VARCHAR(255) NOT NULL PRIMARY KEY,
  tenant_id BIGINT NOT NULL,
  display_name TEXT NOT NULL,
  is_disqualified BOOLEAN NOT NULL,
  created_at BIGINT NOT NULL,
  updated_at BIGINT NOT NULL
);
INSERT INTO player VALUES('1430a0f4b',47,'Keyon Thiel',0,1651905170,1652647014);
INSERT INTO player VALUES('15d80331d',47,'Mr. Jordy Metz',0,1651949565,1653098271);
INSERT INTO player VALUES('15fcb8260',47,'Daisha Emard III',0,1651953414,1653507878);
INSERT INTO player VALUES('1676fd6d9',47,'Lauryn Franecki',0,1651966235,1653793311);
INSERT INTO player VALUES('171b6747a',47,'Woodrow Tremblay',0,1651983475,1653877942);
INSERT INTO player VALUES('1a0c67d43',47,'Weston Schumm',0,1652062433,1653873867);
INSERT INTO player VALUES('1a4300e39',47,'Willy Gottlieb',0,1652068158,1652689500);
INSERT INTO player VALUES('1ab8753f3',47,'Kaden Mann',0,1652080474,1652408432);
INSERT INTO player VALUES('1ee7740bc',47,'Jarrett Ziemann',0,1652192776,1653509787);
INSERT INTO player VALUES('1f0c96e20',47,'Jimmy Douglas',0,1652196670,1653002851);
INSERT INTO player VALUES('211ea43d8',47,'Timothy Feeney III',0,1652252250,1652687290);
INSERT INTO player VALUES('213955bb9',47,'Miles Green II',0,1652255049,1652647784);
INSERT INTO player VALUES('215c0c71b',47,'Ms. Oma Ferry',1,1652258689,1652372916);
INSERT INTO player VALUES('2236becae',47,'Aliyah Lebsack',0,1652281621,1652852138);
INSERT INTO player VALUES('235851a57',47,'Mr. Elroy Kuhic DVM',0,1652311985,1652437955);
INSERT INTO player VALUES('240867c65',47,'Mr. Christ O"Hara',0,1652330449,1653269085);
INSERT INTO player VALUES('2522d11fd',47,'Ryan Considine',0,1652360062,1653594102);
INSERT INTO player VALUES('256a887e3',47,'Melisa Moen II',0,1652367582,1653976480);
INSERT INTO player VALUES('28d72900e',47,'Maggie Schumm',0,1652459503,1653133872);
INSERT INTO player VALUES('28ecf8807',47,'Princess Langworth',0,1652461790,1653388591);
INSERT INTO player VALUES('28fed0614',47,'Jayson Heathcote',0,1652463661,1653175196);
INSERT INTO player VALUES('2af991643',47,'Stan Gusikowski',0,1652516798,1652817252);
INSERT INTO player VALUES('2c1c5a4b4',47,'Joyce Stamm',0,1652547289,1653393015);
INSERT INTO player VALUES('2cbc35277',47,'Precious Bahringer II',0,1652564051,1652785707);
INSERT INTO player VALUES('2eeae12ad',47,'Ms. Nannie Hudson II',0,1652622632,1653045287);
INSERT INTO player VALUES('2ef38edb8',47,'Jonathan Casper',0,1652623542,1653916524);
INSERT INTO player VALUES('30e8418fb',47,'Isobel Price',0,1652676044,1652774255);
INSERT INTO player VALUES('30ec540ac',47,'Arnoldo Hodkiewicz',0,1652676471,1653346182);
INSERT INTO player VALUES('312b58dd0',47,'Fatima Stoltenberg',1,1652683079,1653220008);
INSERT INTO player VALUES('3133b5f71',47,'Casimer Wintheiser',0,1652683956,1652891627);
INSERT INTO player VALUES('3324d2b31',47,'Dane Corwin',0,1652736082,1652793719);
INSERT INTO player VALUES('350bbd972',47,'Mr. Deshawn Baumbach',0,1652787139,1652985909);
INSERT INTO player VALUES('35aaf26af',47,'Jarret Robel',1,1652803833,1653492293);
INSERT INTO player VALUES('362fa1b38',47,'Ms. Dasia Bauch II',0,1652817746,1653993630);
INSERT INTO player VALUES('36c90c99b',47,'Frank Lockman I',0,1652833833,1653555020);
INSERT INTO player VALUES('37e3cdde3',47,'Destiny Champlin',0,1652863482,1652877703);
INSERT INTO player VALUES('3905c9b6e',47,'Kristina Hudson',0,1652893889,1653193292);
INSERT INTO player VALUES('3a266adf3',47,'Nicola Monahan',0,1652924154,1653038214);
INSERT INTO player VALUES('3c677c5ad',47,'Mr. Maximillian Wolff',0,1652984664,1653864323);
INSERT INTO player VALUES('3f47218d9',47,'Haylie Stoltenberg',0,1653061802,1653954896);
INSERT INTO player VALUES('411322c53',47,'Murl Hyatt',0,1653110037,1653615762);
INSERT INTO player VALUES('421468980',47,'Ward Wisoky',0,1653137014,1653914707);
INSERT INTO player VALUES('4295fbfab',47,'Garry Lakin DDS',0,1653150601,1653392230);
INSERT INTO player VALUES('42ef6b7ee',47,'Ms. Melyna Hudson DVM',1,1653159979,1653349461);
INSERT INTO player VALUES('42fb7be14',47,'Ms. Rosemarie Beatty',0,1653161244,1653958009);
INSERT INTO player VALUES('439414d04',47,'Idella Mueller',0,1653177245,1654036273);
INSERT INTO player VALUES('43a69c7a2',47,'Simone Sipes',0,1653179188,1653606838);
INSERT INTO player VALUES('44b617faa',47,'Price Bosco',0,1653207655,1653537189);
INSERT INTO player VALUES('450178d8e',47,'Mr. Murray Beier',0,1653215559,1653303357);
INSERT INTO player VALUES('468a98817',47,'Ms. Edyth Dicki II',0,1653256781,1653381590);
INSERT INTO player VALUES('476b829ef',47,'Dennis Greenholt',0,1653280365,1654006206);
INSERT INTO player VALUES('489d09f28',47,'Tyrique McLaughlin Sr.',0,1653312402,1653811438);
INSERT INTO player VALUES('4942a289d',47,'Mr. Mose Huels Sr.',1,1653329766,1653985558);
INSERT INTO player VALUES('494a6846b',47,'Evans Dooley',0,1653330581,1653469062);
INSERT INTO player VALUES('4e5fc3400',47,'Ms. Asia Kovacek',0,1653467038,1653939409);
INSERT INTO player VALUES('52430e2fc',47,'Ms. Adella Kerluke',0,1653571402,1653885028);
INSERT INTO player VALUES('52d986aff',47,'Carmella Wilkinson',1,1653587180,1653948157);
INSERT INTO player VALUES('534c40ce8',47,'Brant Flatley',0,1653599210,1653799669);
INSERT INTO player VALUES('53cdc58cc',47,'Ms. Aisha Denesik Sr.',0,1653612791,1653737724);
INSERT INTO player VALUES('53fd3519f',47,'Dino Graham',0,1653617765,1653980591);
INSERT INTO player VALUES('549787edd',47,'Esperanza Nikolaus',0,1653633947,1653965803);
INSERT INTO player VALUES('5503a3b37',47,'Branson Hessel',0,1653645283,1653987768);
INSERT INTO player VALUES('57c144669',47,'Mr. Doug Kutch I',0,1653718854,1653917931);
INSERT INTO player VALUES('587daa617',47,'Helena Murray MD',0,1653738609,1653754319);
INSERT INTO player VALUES('5b74997ef',47,'Mr. Rowland Daugherty',0,1653818189,1653888827);
INSERT INTO player VALUES('5bb867e4a',47,'Cleo Cassin',0,1653825299,1654018980);
INSERT INTO player VALUES('5e2b5780d',47,'Mckenzie Ledner I',0,1653891038,1653980592);
INSERT INTO player VALUES('5e3c22d2e',47,'Bailee Schimmel PhD',0,1653892799,1653926762);
INSERT INTO player VALUES('5f6a2f0b7',47,'Josiane O"Kon',0,1653924471,1653975350);
INSERT INTO player VALUES('60b6df80a',47,'Aimee Jerde',0,1653959356,1653961535);
INSERT INTO player VALUES('62d97d974',47,'Mr. Derrick Senger',0,1654016673,1654040873);
CREATE TABLE IF NOT EXISTS IF NOT EXISTS "player_score" (
                              id VARCHAR(255) NOT NULL PRIMARY KEY,
                              tenant_id BIGINT NOT NULL,
                              player_id VARCHAR(255) NOT NULL,
                              competition_id VARCHAR(255) NOT NULL,
                              score BIGINT NOT NULL,
                              row_num BIGINT NOT NULL,
                              created_at BIGINT NOT NULL,
                              updated_at BIGINT NOT NULL
);
INSERT INTO player_score VALUES('2109932a5',47,'1430a0f4b','16dbd26db',120700,173,1652250041,1652250041);
INSERT INTO player_score VALUES('486878ef9',47,'1430a0f4b','1e199a485',4599,856,1653306890,1653306890);
INSERT INTO player_score VALUES('5f44f3ca3',47,'1430a0f4b','2ac550ec3',143964,1168,1653920567,1653920567);
INSERT INTO player_score VALUES('49c549cea',47,'1430a0f4b','2d1b3b50d',102564,1020,1653343466,1653343466);
INSERT INTO player_score VALUES('4852825ff',47,'1430a0f4b','2e7886435',65016,969,1653304587,1653304587);
INSERT INTO player_score VALUES('614412f2c',47,'1430a0f4b','347ea9db1',69350,1304,1653974162,1653974162);
INSERT INTO player_score VALUES('636682a67',47,'1430a0f4b','35e6a80fd',4104,1448,1654031460,1654031460);
INSERT INTO player_score VALUES('63675e634',47,'1430a0f4b','400f782a8',2420,1390,1654031550,1654031550);
INSERT INTO player_score VALUES('5a8e2eb14',47,'1430a0f4b','50dc5e705',257152,1213,1653794028,1653794028);
INSERT INTO player_score VALUES('62ddd94d9',47,'1430a0f4b','5777b84c4',258030,1269,1654017130,1654017130);
INSERT INTO player_score VALUES('21322c3ef',47,'15d80331d','16dbd26db',67200,176,1652254298,1652254298);
INSERT INTO player_score VALUES('631d02ba8',47,'15d80331d','1a182c84a',25650,1250,1654023753,1654023753);
INSERT INTO player_score VALUES('53a525236',47,'15d80331d','1e199a485',0,1096,1653608531,1653608531);
INSERT INTO player_score VALUES('1fa8de323',47,'15d80331d','1f12597a2',986,194,1652213057,1652213057);
INSERT INTO player_score VALUES('622b28ad2',47,'15d80331d','286e09613',100100,1219,1653998393,1653998393);
INSERT INTO player_score VALUES('582f46077',47,'15d80331d','2ac550ec3',126420,1012,1653730389,1653730389);
INSERT INTO player_score VALUES('499c873ce',47,'15d80331d','2d1b3b50d',10032,1017,1653339192,1653339192);
INSERT INTO player_score VALUES('638956abf',47,'15d80331d','347ea9db1',33440,1370,1654035112,1654035112);
INSERT INTO player_score VALUES('61f31c857',47,'15d80331d','35e6a80fd',44352,1404,1653992516,1653992516);
INSERT INTO player_score VALUES('611279317',47,'15d80331d','400f782a8',22050,1293,1653968961,1653968961);
INSERT INTO player_score VALUES('5a932dfb3',47,'15d80331d','50dc5e705',275724,1215,1653794552,1653794552);
INSERT INTO player_score VALUES('63b8f22f9',47,'15d80331d','5777b84c4',64800,1361,1654040104,1654040104);
INSERT INTO player_score VALUES('20f31171b',47,'15fcb8260','16dbd26db',99360,170,1652247681,1652247681);
INSERT INTO player_score VALUES('4c5d80df5',47,'15fcb8260','1e199a485',36000,936,1653413114,1653413114);
INSERT INTO player_score VALUES('1fb0906d0',47,'15fcb8260','1f12597a2',279496,203,1652213864,1652213864);
INSERT INTO player_score VALUES('6145134d6',47,'15fcb8260','286e09613',89856,1200,1653974267,1653974267);
INSERT INTO player_score VALUES('486ea6f27',47,'15fcb8260','2d1b3b50d',206625,976,1653307538,1653307538);
INSERT INTO player_score VALUES('48484e0db',47,'15fcb8260','2e7886435',68000,968,1653303517,1653303517);
INSERT INTO player_score VALUES('61d2a387c',47,'15fcb8260','347ea9db1',81,1319,1653989111,1653989111);
INSERT INTO player_score VALUES('61f6a6489',47,'15fcb8260','35e6a80fd',237162,1405,1653992887,1653992887);
INSERT INTO player_score VALUES('622a655cf',47,'15fcb8260','400f782a8',11550,1333,1653998313,1653998313);
INSERT INTO player_score VALUES('5ab358d8f',47,'15fcb8260','50dc5e705',135546,1225,1653797925,1653797925);
INSERT INTO player_score VALUES('629ef1c98',47,'15fcb8260','5777b84c4',124740,1242,1654010534,1654010534);
INSERT INTO player_score VALUES('210761a78',47,'1676fd6d9','16dbd26db',11484,172,1652249811,1652249811);
INSERT INTO player_score VALUES('5ca418ce7',47,'1676fd6d9','1a182c84a',138720,1147,1653850013,1653850013);
INSERT INTO player_score VALUES('566a759e4',47,'1676fd6d9','1e199a485',232960,1146,1653682908,1653682908);
INSERT INTO player_score VALUES('1fac3c055',47,'1676fd6d9','1f12597a2',246078,197,1652213410,1652213410);
INSERT INTO player_score VALUES('5ded4e280',47,'1676fd6d9','286e09613',0,1142,1653884533,1653884533);
INSERT INTO player_score VALUES('62a276abe',47,'1676fd6d9','2ac550ec3',135200,1242,1654010903,1654010903);
INSERT INTO player_score VALUES('4a02ccdc3',47,'1676fd6d9','2d1b3b50d',217800,1026,1653349916,1653349916);
INSERT INTO player_score VALUES('47872d277',47,'1676fd6d9','2e7886435',24960,937,1653283266,1653283266);
INSERT INTO player_score VALUES('61ff00f57',47,'1676fd6d9','347ea9db1',288444,1324,1653993763,1653993763);
INSERT INTO player_score VALUES('60e2f3aff',47,'1676fd6d9','35e6a80fd',254150,1365,1653963978,1653963978);
INSERT INTO player_score VALUES('62ceb4576',47,'1676fd6d9','400f782a8',193050,1363,1654015542,1654015542);
INSERT INTO player_score VALUES('5b0e20960',47,'1676fd6d9','50dc5e705',240408,1272,1653807444,1653807444);
INSERT INTO player_score VALUES('639495148',47,'1676fd6d9','5777b84c4',433440,1344,1654036291,1654036291);
INSERT INTO player_score VALUES('5f8de13a6',47,'171b6747a','1a182c84a',45552,1197,1653928214,1653928214);
INSERT INTO player_score VALUES('1fb5db662',47,'171b6747a','1f12597a2',195534,210,1652214419,1652214419);
INSERT INTO player_score VALUES('6012166df',47,'171b6747a','286e09613',42849,1179,1653942077,1653942077);
INSERT INTO player_score VALUES('6187f4e32',47,'171b6747a','2ac550ec3',76752,1214,1653981280,1653981280);
INSERT INTO player_score VALUES('45d715e93',47,'171b6747a','2d1b3b50d',121260,893,1653237958,1653237958);
INSERT INTO player_score VALUES('47f1ee3f4',47,'171b6747a','2e7886435',60078,955,1653294460,1653294460);
INSERT INTO player_score VALUES('630bd8315',47,'171b6747a','347ea9db1',12705,1354,1654021953,1654021953);
INSERT INTO player_score VALUES('63b802e82',47,'171b6747a','35e6a80fd',16170,1463,1654040006,1654040006);
INSERT INTO player_score VALUES('5d810dbe7',47,'171b6747a','400f782a8',67095,1162,1653873182,1653873182);
INSERT INTO player_score VALUES('5afc13021',47,'171b6747a','50dc5e705',2450,1262,1653805551,1653805551);
INSERT INTO player_score VALUES('62decb012',47,'171b6747a','5777b84c4',62208,1270,1654017229,1654017229);
INSERT INTO player_score VALUES('205816284',47,'1a0c67d43','16dbd26db',242880,160,1652231430,1652231430);
INSERT INTO player_score VALUES('614ac7447',47,'1a0c67d43','1a182c84a',328790,1221,1653974865,1653974865);
INSERT INTO player_score VALUES('558881614',47,'1a0c67d43','1e199a485',39235,1132,1653659215,1653659215);
INSERT INTO player_score VALUES('1fb23e183',47,'1a0c67d43','1f12597a2',53196,205,1652214040,1652214040);
INSERT INTO player_score VALUES('62fc4f28b',47,'1a0c67d43','286e09613',3520,1239,1654020324,1654020324);
INSERT INTO player_score VALUES('617783e82',47,'1a0c67d43','2ac550ec3',52416,1213,1653979556,1653979556);
INSERT INTO player_score VALUES('45ffaef93',47,'1a0c67d43','2e7886435',238374,888,1653242215,1653242215);
INSERT INTO player_score VALUES('62fbb2e41',47,'1a0c67d43','400f782a8',99712,1371,1654020260,1654020260);
INSERT INTO player_score VALUES('58a07714c',47,'1a0c67d43','50dc5e705',300960,973,1653742258,1653742258);
INSERT INTO player_score VALUES('63603751f',47,'1a0c67d43','5777b84c4',527310,1314,1654030800,1654030800);
INSERT INTO player_score VALUES('56c2301c1',47,'1a4300e39','1e199a485',4005,1155,1653692107,1653692107);
INSERT INTO player_score VALUES('1fb2ce25b',47,'1a4300e39','1f12597a2',9660,206,1652214099,1652214099);
INSERT INTO player_score VALUES('6340cfc4f',47,'1a4300e39','286e09613',222000,1248,1654027507,1654027507);
INSERT INTO player_score VALUES('62d93ba89',47,'1a4300e39','2ac550ec3',247500,1247,1654016646,1654016646);
INSERT INTO player_score VALUES('492353652',47,'1a4300e39','2d1b3b50d',0,1000,1653326483,1653326483);
INSERT INTO player_score VALUES('47f6a9301',47,'1a4300e39','2e7886435',6534,957,1653294956,1653294956);
INSERT INTO player_score VALUES('637eea362',47,'1a4300e39','347ea9db1',247293,1368,1654034019,1654034019);
INSERT INTO player_score VALUES('63881e2d7',47,'1a4300e39','35e6a80fd',11220,1452,1654034984,1654034984);
INSERT INTO player_score VALUES('617c06afa',47,'1a4300e39','400f782a8',127776,1304,1653980029,1653980029);
INSERT INTO player_score VALUES('5b1bd9c54',47,'1a4300e39','50dc5e705',154280,1282,1653808883,1653808883);
INSERT INTO player_score VALUES('63c276b39',47,'1a4300e39','5777b84c4',87843,1368,1654041102,1654041102);
INSERT INTO player_score VALUES('2146c5ad7',47,'1ab8753f3','16dbd26db',259740,177,1652256458,1652256458);
INSERT INTO player_score VALUES('5793171d6',47,'1ab8753f3','1a182c84a',16928,1057,1653714012,1653714012);
INSERT INTO player_score VALUES('534292c76',47,'1ab8753f3','1e199a485',295470,1087,1653598195,1653598195);
INSERT INTO player_score VALUES('1fb31012e',47,'1ab8753f3','1f12597a2',135240,207,1652214126,1652214126);
INSERT INTO player_score VALUES('6368f1338',47,'1ab8753f3','286e09613',19224,1250,1654031715,1654031715);
INSERT INTO player_score VALUES('61715fa06',47,'1ab8753f3','2ac550ec3',104832,1212,1653978912,1653978912);
INSERT INTO player_score VALUES('4a044e9b3',47,'1ab8753f3','2d1b3b50d',0,1027,1653350074,1653350074);
INSERT INTO player_score VALUES('46c4a2e4f',47,'1ab8753f3','2e7886435',144807,911,1653262867,1653262867);
INSERT INTO player_score VALUES('607411701',47,'1ab8753f3','347ea9db1',163254,1274,1653952351,1653952351);
INSERT INTO player_score VALUES('5fff4a6a8',47,'1ab8753f3','35e6a80fd',279496,1339,1653940106,1653940106);
INSERT INTO player_score VALUES('62d73af6e',47,'1ab8753f3','400f782a8',348524,1364,1654016436,1654016436);
INSERT INTO player_score VALUES('5b04ad266',47,'1ab8753f3','50dc5e705',16302,1268,1653806453,1653806453);
INSERT INTO player_score VALUES('639fcc300',47,'1ab8753f3','5777b84c4',0,1350,1654037467,1654037467);
INSERT INTO player_score VALUES('2098fe621',47,'1ee7740bc','16dbd26db',206400,166,1652238236,1652238236);
INSERT INTO player_score VALUES('52ae35d3a',47,'1ee7740bc','1e199a485',12960,1075,1653582638,1653582638);
INSERT INTO player_score VALUES('1fb01dac0',47,'1ee7740bc','1f12597a2',8400,202,1652213817,1652213817);
INSERT INTO player_score VALUES('61c3418c6',47,'1ee7740bc','286e09613',100130,1210,1653987498,1653987498);
INSERT INTO player_score VALUES('635a8ab32',47,'1ee7740bc','2ac550ec3',266112,1255,1654030205,1654030205);
INSERT INTO player_score VALUES('490af59a7',47,'1ee7740bc','2d1b3b50d',55860,997,1653323928,1653323928);
INSERT INTO player_score VALUES('463d2d27d',47,'1ee7740bc','2e7886435',102060,898,1653248663,1653248663);
INSERT INTO player_score VALUES('63aeaa549',47,'1ee7740bc','347ea9db1',19845,1375,1654039026,1654039026);
INSERT INTO player_score VALUES('6027c151d',47,'1ee7740bc','35e6a80fd',4770,1345,1653944349,1653944349);
INSERT INTO player_score VALUES('63312e4e7',47,'1ee7740bc','400f782a8',62868,1378,1654025868,1654025868);
INSERT INTO player_score VALUES('5a3299dcf',47,'1ee7740bc','50dc5e705',58400,1170,1653784425,1653784425);
INSERT INTO player_score VALUES('632274c57',47,'1ee7740bc','5777b84c4',130944,1299,1654024324,1654024324);
INSERT INTO player_score VALUES('205ddb390',47,'1f0c96e20','16dbd26db',22692,161,1652232035,1652232035);
INSERT INTO player_score VALUES('55c56f866',47,'1f0c96e20','1e199a485',425517,1136,1653665604,1653665604);
INSERT INTO player_score VALUES('1fb116b1f',47,'1f0c96e20','1f12597a2',8976,204,1652213919,1652213919);
INSERT INTO player_score VALUES('633f57ca8',47,'1f0c96e20','286e09613',33345,1247,1654027353,1654027353);
INSERT INTO player_score VALUES('603ebaabb',47,'1f0c96e20','2ac550ec3',3344,1187,1653946758,1653946758);
INSERT INTO player_score VALUES('479ec04b1',47,'1f0c96e20','2e7886435',0,940,1653285738,1653285738);
INSERT INTO player_score VALUES('6364ade93',47,'1f0c96e20','347ea9db1',33060,1363,1654031268,1654031268);
INSERT INTO player_score VALUES('62fe4614e',47,'1f0c96e20','35e6a80fd',0,1438,1654020530,1654020530);
INSERT INTO player_score VALUES('6354359a5',47,'1f0c96e20','400f782a8',44744,1386,1654029541,1654029541);
INSERT INTO player_score VALUES('5a5921249',47,'1f0c96e20','50dc5e705',398400,1186,1653788465,1653788465);
INSERT INTO player_score VALUES('63a30f260',47,'1f0c96e20','5777b84c4',340,1352,1654037809,1654037809);
INSERT INTO player_score VALUES('623aaf466',47,'211ea43d8','1a182c84a',241101,1231,1654000021,1654000021);
INSERT INTO player_score VALUES('588437a29',47,'211ea43d8','286e09613',22680,1018,1653739296,1653739296);
INSERT INTO player_score VALUES('5e99914a3',47,'211ea43d8','2ac550ec3',52972,1149,1653902596,1653902596);
INSERT INTO player_score VALUES('499eb8c39',47,'211ea43d8','2d1b3b50d',174064,1018,1653339422,1653339422);
INSERT INTO player_score VALUES('459edb63a',47,'211ea43d8','2e7886435',223479,873,1653232062,1653232062);
INSERT INTO player_score VALUES('5af85fbe0',47,'211ea43d8','347ea9db1',195408,1108,1653805163,1653805163);
INSERT INTO player_score VALUES('5c32ddff9',47,'211ea43d8','35e6a80fd',28224,1219,1653838140,1653838140);
INSERT INTO player_score VALUES('61613a54d',47,'211ea43d8','400f782a8',628672,1300,1653977219,1653977219);
INSERT INTO player_score VALUES('5abb8c748',47,'211ea43d8','50dc5e705',84600,1229,1653798785,1653798785);
INSERT INTO player_score VALUES('63209640f',47,'211ea43d8','5777b84c4',22265,1298,1654024128,1654024128);
INSERT INTO player_score VALUES('211e36619',47,'213955bb9','16dbd26db',12696,175,1652252205,1652252205);
INSERT INTO player_score VALUES('5c381cc50',47,'213955bb9','1a182c84a',67320,1139,1653838690,1653838690);
INSERT INTO player_score VALUES('560cd658a',47,'213955bb9','1e199a485',257400,1140,1653673091,1653673091);
INSERT INTO player_score VALUES('62a365ee6',47,'213955bb9','286e09613',197948,1231,1654011001,1654011001);
INSERT INTO player_score VALUES('63245a9cb',47,'213955bb9','2ac550ec3',10797,1250,1654024523,1654024523);
INSERT INTO player_score VALUES('4a3e03905',47,'213955bb9','2d1b3b50d',160176,1035,1653356125,1653356125);
INSERT INTO player_score VALUES('481a085bc',47,'213955bb9','2e7886435',20520,960,1653298665,1653298665);
INSERT INTO player_score VALUES('62d7fbd7d',47,'213955bb9','347ea9db1',296608,1348,1654016515,1654016515);
INSERT INTO player_score VALUES('61b871015',47,'213955bb9','35e6a80fd',18144,1394,1653986364,1653986364);
INSERT INTO player_score VALUES('63b585b28',47,'213955bb9','400f782a8',368668,1404,1654039745,1654039745);
INSERT INTO player_score VALUES('5affadd93',47,'213955bb9','50dc5e705',36828,1265,1653805929,1653805929);
INSERT INTO player_score VALUES('6374ce544',47,'213955bb9','5777b84c4',91350,1326,1654032959,1654032959);
INSERT INTO player_score VALUES('59b959d4b',47,'215c0c71b','1a182c84a',92598,1102,1653771711,1653771711);
INSERT INTO player_score VALUES('561640041',47,'215c0c71b','1e199a485',69696,1143,1653674078,1653674078);
INSERT INTO player_score VALUES('62b221e77',47,'215c0c71b','286e09613',19712,1234,1654012546,1654012546);
INSERT INTO player_score VALUES('60be2b2ba',47,'215c0c71b','2ac550ec3',238680,1202,1653960121,1653960121);
INSERT INTO player_score VALUES('4751ca29e',47,'215c0c71b','2e7886435',7442,927,1653277668,1653277668);
INSERT INTO player_score VALUES('60efe71a2',47,'215c0c71b','347ea9db1',86016,1290,1653965336,1653965336);
INSERT INTO player_score VALUES('554ee4d75',47,'215c0c71b','35e6a80fd',58806,997,1653653174,1653653174);
INSERT INTO player_score VALUES('62f67692e',47,'215c0c71b','400f782a8',230472,1369,1654019711,1654019711);
INSERT INTO player_score VALUES('5af5ffd83',47,'215c0c71b','50dc5e705',48960,1260,1653804914,1653804914);
INSERT INTO player_score VALUES('6301f475b',47,'215c0c71b','5777b84c4',5280,1286,1654020916,1654020916);
INSERT INTO player_score VALUES('55be3c441',47,'2236becae','1e199a485',163268,1135,1653664849,1653664849);
INSERT INTO player_score VALUES('5ff80d640',47,'2236becae','286e09613',31824,1176,1653939347,1653939347);
INSERT INTO player_score VALUES('6264638a6',47,'2236becae','2ac550ec3',65988,1236,1654004394,1654004394);
INSERT INTO player_score VALUES('48a8f8287',47,'2236becae','2d1b3b50d',160000,982,1653313653,1653313653);
INSERT INTO player_score VALUES('46b897654',47,'2236becae','2e7886435',227088,910,1653261604,1653261604);
INSERT INTO player_score VALUES('63c67cf7e',47,'2236becae','35e6a80fd',42300,1464,1654041524,1654041524);
INSERT INTO player_score VALUES('627c4c269',47,'2236becae','400f782a8',28560,1345,1654006901,1654006901);
INSERT INTO player_score VALUES('5ad0e9324',47,'2236becae','50dc5e705',2652,1244,1653801025,1653801025);
INSERT INTO player_score VALUES('636174b2b',47,'2236becae','5777b84c4',190512,1315,1654030930,1654030930);
INSERT INTO player_score VALUES('5ec5c7a1b',47,'235851a57','1a182c84a',221184,1182,1653907232,1653907232);
INSERT INTO player_score VALUES('569071be0',47,'235851a57','1e199a485',119504,1151,1653686891,1653686891);
INSERT INTO player_score VALUES('56c399711',47,'235851a57','286e09613',24276,981,1653692255,1653692255);
INSERT INTO player_score VALUES('5ce82e056',47,'235851a57','2ac550ec3',13440,1105,1653857152,1653857152);
INSERT INTO player_score VALUES('4a2f1ba5d',47,'235851a57','2d1b3b50d',3332,1034,1653354562,1653354562);
INSERT INTO player_score VALUES('48460de54',47,'235851a57','2e7886435',2090,967,1653303281,1653303281);
INSERT INTO player_score VALUES('620684ca6',47,'235851a57','347ea9db1',153400,1326,1653994551,1653994551);
INSERT INTO player_score VALUES('5ec7ea804',47,'235851a57','35e6a80fd',119168,1304,1653907456,1653907456);
INSERT INTO player_score VALUES('635f2102b',47,'235851a57','400f782a8',16240,1389,1654030686,1654030686);
INSERT INTO player_score VALUES('5aa93a858',47,'235851a57','50dc5e705',384912,1222,1653796864,1653796864);
INSERT INTO player_score VALUES('637a27f29',47,'235851a57','5777b84c4',116622,1331,1654033520,1654033520);
INSERT INTO player_score VALUES('5e93bb239',47,'240867c65','1a182c84a',202500,1178,1653901984,1653901984);
INSERT INTO player_score VALUES('47a9abb77',47,'240867c65','1e199a485',0,846,1653286883,1653286883);
INSERT INTO player_score VALUES('5fabee18d',47,'240867c65','286e09613',3000,1169,1653931365,1653931365);
INSERT INTO player_score VALUES('61d7e2518',47,'240867c65','2ac550ec3',18538,1220,1653989661,1653989661);
INSERT INTO player_score VALUES('49be400bb',47,'240867c65','2d1b3b50d',15687,1019,1653342728,1653342728);
INSERT INTO player_score VALUES('481a2cf8f',47,'240867c65','2e7886435',11648,961,1653298680,1653298680);
INSERT INTO player_score VALUES('62c26e3f3',47,'240867c65','347ea9db1',66144,1343,1654014255,1654014255);
INSERT INTO player_score VALUES('5be022cbe',47,'240867c65','35e6a80fd',416330,1211,1653829465,1653829465);
INSERT INTO player_score VALUES('60b0b8c99',47,'240867c65','400f782a8',44712,1280,1653958711,1653958711);
INSERT INTO player_score VALUES('5a4df8b2b',47,'240867c65','50dc5e705',9984,1181,1653787295,1653787295);
INSERT INTO player_score VALUES('6355b4e2b',47,'240867c65','5777b84c4',1950,1312,1654029698,1654029698);
INSERT INTO player_score VALUES('61125496d',47,'2522d11fd','1a182c84a',2400,1218,1653968946,1653968946);
INSERT INTO player_score VALUES('542b20780',47,'2522d11fd','1e199a485',28224,1111,1653622580,1653622580);
INSERT INTO player_score VALUES('61eafee23',47,'2522d11fd','286e09613',274536,1213,1653991665,1653991665);
INSERT INTO player_score VALUES('625b56a7e',47,'2522d11fd','2ac550ec3',2835,1232,1654003445,1654003445);
INSERT INTO player_score VALUES('4983eed87',47,'2522d11fd','2d1b3b50d',83334,1016,1653336613,1653336613);
INSERT INTO player_score VALUES('48357f9a9',47,'2522d11fd','2e7886435',157850,966,1653301545,1653301545);
INSERT INTO player_score VALUES('62dae95aa',47,'2522d11fd','347ea9db1',6408,1349,1654016822,1654016822);
INSERT INTO player_score VALUES('631a2da5f',47,'2522d11fd','35e6a80fd',1128,1444,1654023456,1654023456);
INSERT INTO player_score VALUES('633540caf',47,'2522d11fd','400f782a8',108290,1379,1654026295,1654026295);
INSERT INTO player_score VALUES('6392d16bd',47,'2522d11fd','5777b84c4',3040,1343,1654036106,1654036106);
INSERT INTO player_score VALUES('614d72dd9',47,'256a887e3','1a182c84a',468,1222,1653975145,1653975145);
INSERT INTO player_score VALUES('54767791a',47,'256a887e3','1e199a485',54288,1115,1653630480,1653630480);
INSERT INTO player_score VALUES('619c90c79',47,'256a887e3','286e09613',56595,1205,1653983441,1653983441);
INSERT INTO player_score VALUES('4a41e2c41',47,'256a887e3','2d1b3b50d',2812,1036,1653356531,1653356531);
INSERT INTO player_score VALUES('469bf64d5',47,'256a887e3','2e7886435',47520,907,1653258602,1653258602);
INSERT INTO player_score VALUES('5f9929653',47,'256a887e3','347ea9db1',0,1247,1653929397,1653929397);
INSERT INTO player_score VALUES('5fad6af62',47,'256a887e3','35e6a80fd',68076,1333,1653931521,1653931521);
INSERT INTO player_score VALUES('5e80ef1dd',47,'256a887e3','400f782a8',7650,1204,1653900013,1653900013);
INSERT INTO player_score VALUES('5aeceb9e4',47,'256a887e3','50dc5e705',60750,1255,1653803962,1653803962);
INSERT INTO player_score VALUES('63b674f6d',47,'256a887e3','5777b84c4',332500,1360,1654039843,1654039843);
INSERT INTO player_score VALUES('5310900c7',47,'28d72900e','1e199a485',7680,1081,1653592951,1653592951);
INSERT INTO player_score VALUES('5abdffe78',47,'28d72900e','286e09613',54054,1063,1653799042,1653799042);
INSERT INTO player_score VALUES('4a469b482',47,'28d72900e','2d1b3b50d',79200,1038,1653357026,1653357026);
INSERT INTO player_score VALUES('47c69fd45',47,'28d72900e','2e7886435',510608,949,1653289919,1653289919);
INSERT INTO player_score VALUES('639b4965a',47,'28d72900e','347ea9db1',40172,1373,1654036994,1654036994);
INSERT INTO player_score VALUES('638b2418f',47,'28d72900e','35e6a80fd',2280,1453,1654035301,1654035301);
INSERT INTO player_score VALUES('6337cca83',47,'28d72900e','400f782a8',0,1380,1654026562,1654026562);
INSERT INTO player_score VALUES('5ad14add1',47,'28d72900e','50dc5e705',129129,1245,1653801065,1653801065);
INSERT INTO player_score VALUES('638fa6e2c',47,'28d72900e','5777b84c4',806652,1342,1654035774,1654035774);
INSERT INTO player_score VALUES('62db80b78',47,'28ecf8807','1a182c84a',70356,1246,1654016884,1654016884);
INSERT INTO player_score VALUES('54b67f2ce',47,'28ecf8807','1e199a485',120000,1119,1653637194,1653637194);
INSERT INTO player_score VALUES('62b0b891e',47,'28ecf8807','286e09613',31968,1233,1654012398,1654012398);
INSERT INTO player_score VALUES('619caba10',47,'28ecf8807','2ac550ec3',595595,1217,1653983452,1653983452);
INSERT INTO player_score VALUES('484c43413',47,'28ecf8807','2d1b3b50d',66500,973,1653303932,1653303932);
INSERT INTO player_score VALUES('480f4dca1',47,'28ecf8807','2e7886435',0,959,1653297540,1653297540);
INSERT INTO player_score VALUES('61b9ba992',47,'28ecf8807','347ea9db1',28826,1316,1653986499,1653986499);
INSERT INTO player_score VALUES('638d18946',47,'28ecf8807','35e6a80fd',70300,1454,1654035506,1654035506);
INSERT INTO player_score VALUES('6358bad4f',47,'28ecf8807','400f782a8',589950,1387,1654030015,1654030015);
INSERT INTO player_score VALUES('5ad2639e8',47,'28ecf8807','50dc5e705',355680,1246,1653801180,1653801180);
INSERT INTO player_score VALUES('6394de532',47,'28ecf8807','5777b84c4',170200,1345,1654036321,1654036321);
INSERT INTO player_score VALUES('5e4f1d385',47,'28fed0614','1a182c84a',259200,1175,1653894789,1653894789);
INSERT INTO player_score VALUES('53bee9d24',47,'28fed0614','1e199a485',235950,1100,1653611233,1653611233);
INSERT INTO player_score VALUES('626aa9fd1',47,'28fed0614','286e09613',76700,1223,1654005052,1654005052);
INSERT INTO player_score VALUES('627d25743',47,'28fed0614','2ac550ec3',90048,1237,1654006990,1654006990);
INSERT INTO player_score VALUES('4a24833d0',47,'28fed0614','2d1b3b50d',205821,1032,1653353451,1653353451);
INSERT INTO player_score VALUES('4831d137c',47,'28fed0614','2e7886435',304128,965,1653301159,1653301159);
INSERT INTO player_score VALUES('628de21bc',47,'28fed0614','347ea9db1',38570,1338,1654008745,1654008745);
INSERT INTO player_score VALUES('628e7e5bc',47,'28fed0614','400f782a8',70560,1350,1654008809,1654008809);
INSERT INTO player_score VALUES('5acc5f15c',47,'28fed0614','50dc5e705',188784,1240,1653800549,1653800549);
INSERT INTO player_score VALUES('5f2f68a78',47,'2af991643','1a182c84a',18600,1192,1653918308,1653918308);
INSERT INTO player_score VALUES('4ec4cdf59',47,'2af991643','1e199a485',191970,988,1653477633,1653477633);
INSERT INTO player_score VALUES('6125082dd',47,'2af991643','2ac550ec3',63875,1209,1653970907,1653970907);
INSERT INTO player_score VALUES('47f22b47f',47,'2af991643','2d1b3b50d',130680,962,1653294485,1653294485);
INSERT INTO player_score VALUES('464f7f19e',47,'2af991643','2e7886435',123354,900,1653250584,1653250584);
INSERT INTO player_score VALUES('620ef08f4',47,'2af991643','347ea9db1',39648,1329,1653995434,1653995434);
INSERT INTO player_score VALUES('632ff83d4',47,'2af991643','35e6a80fd',36134,1445,1654025741,1654025741);
INSERT INTO player_score VALUES('62e2cc648',47,'2af991643','400f782a8',90896,1366,1654017649,1654017649);
INSERT INTO player_score VALUES('5ac510f9a',47,'2af991643','50dc5e705',47064,1233,1653799783,1653799783);
INSERT INTO player_score VALUES('62ba9c4f8',47,'2af991643','5777b84c4',164920,1251,1654013435,1654013435);
INSERT INTO player_score VALUES('5f0d690cb',47,'2c1c5a4b4','1a182c84a',158400,1189,1653914743,1653914743);
INSERT INTO player_score VALUES('55deefd81',47,'2c1c5a4b4','1e199a485',474000,1138,1653668278,1653668278);
INSERT INTO player_score VALUES('5fa90ccb5',47,'2c1c5a4b4','2ac550ec3',327712,1174,1653931063,1653931063);
INSERT INTO player_score VALUES('481dd8eda',47,'2c1c5a4b4','2d1b3b50d',18239,969,1653299065,1653299065);
INSERT INTO player_score VALUES('466fbff40',47,'2c1c5a4b4','2e7886435',175398,902,1653253966,1653253966);
INSERT INTO player_score VALUES('5fca973a6',47,'2c1c5a4b4','347ea9db1',178500,1254,1653934580,1653934580);
INSERT INTO player_score VALUES('63096735f',47,'2c1c5a4b4','35e6a80fd',46656,1442,1654021697,1654021697);
INSERT INTO player_score VALUES('5d04a0ba0',47,'2c1c5a4b4','400f782a8',38493,1145,1653860135,1653860135);
INSERT INTO player_score VALUES('5b10807f7',47,'2c1c5a4b4','50dc5e705',429128,1273,1653807693,1653807693);
INSERT INTO player_score VALUES('63c3a5714',47,'2c1c5a4b4','5777b84c4',5740,1369,1654041226,1654041226);
INSERT INTO player_score VALUES('613781304',47,'2cbc35277','1a182c84a',19665,1220,1653972844,1653972844);
INSERT INTO player_score VALUES('54e2c1bd9',47,'2cbc35277','1e199a485',209520,1121,1653641835,1653641835);
INSERT INTO player_score VALUES('5d2e2def6',47,'2cbc35277','286e09613',0,1116,1653864492,1653864492);
INSERT INTO player_score VALUES('5feedbe07',47,'2cbc35277','2ac550ec3',54432,1179,1653938383,1653938383);
INSERT INTO player_score VALUES('49189b40a',47,'2cbc35277','2d1b3b50d',105600,998,1653325359,1653325359);
INSERT INTO player_score VALUES('4747edbed',47,'2cbc35277','2e7886435',168480,926,1653276634,1653276634);
INSERT INTO player_score VALUES('5d61d228d',47,'2cbc35277','347ea9db1',106920,1178,1653869907,1653869907);
INSERT INTO player_score VALUES('61196cfea',47,'2cbc35277','35e6a80fd',7728,1370,1653969690,1653969690);
INSERT INTO player_score VALUES('63821252b',47,'2cbc35277','400f782a8',242136,1395,1654034350,1654034350);
INSERT INTO player_score VALUES('5ac6a15fe',47,'2cbc35277','50dc5e705',99066,1235,1653799947,1653799947);
INSERT INTO player_score VALUES('6318f7945',47,'2cbc35277','5777b84c4',94080,1294,1654023329,1654023329);
INSERT INTO player_score VALUES('5f882d403',47,'2eeae12ad','1a182c84a',217260,1195,1653927616,1653927616);
INSERT INTO player_score VALUES('61ff7143c',47,'2eeae12ad','286e09613',211642,1217,1653993809,1653993809);
INSERT INTO player_score VALUES('623ba0fe4',47,'2eeae12ad','2ac550ec3',4355,1228,1654000120,1654000120);
INSERT INTO player_score VALUES('48bd0dc05',47,'2eeae12ad','2d1b3b50d',54315,984,1653315759,1653315759);
INSERT INTO player_score VALUES('44ac19627',47,'2eeae12ad','2e7886435',372000,843,1653206607,1653206607);
INSERT INTO player_score VALUES('63ac25cf1',47,'2eeae12ad','347ea9db1',3420,1374,1654038762,1654038762);
INSERT INTO player_score VALUES('60feec522',47,'2eeae12ad','35e6a80fd',103664,1368,1653966911,1653966911);
INSERT INTO player_score VALUES('63b3a2525',47,'2eeae12ad','400f782a8',484218,1403,1654039547,1654039547);
INSERT INTO player_score VALUES('5b14f4a4c',47,'2eeae12ad','50dc5e705',36720,1277,1653808160,1653808160);
INSERT INTO player_score VALUES('62d954150',47,'2eeae12ad','5777b84c4',24444,1266,1654016656,1654016656);
INSERT INTO player_score VALUES('631b7e8c4',47,'2ef38edb8','1a182c84a',585395,1249,1654023594,1654023594);
INSERT INTO player_score VALUES('4ed79c673',47,'2ef38edb8','1e199a485',2352,992,1653479605,1653479605);
INSERT INTO player_score VALUES('61f3c28c8',47,'2ef38edb8','286e09613',206184,1214,1653992584,1653992584);
INSERT INTO player_score VALUES('5f58d13af',47,'2ef38edb8','2ac550ec3',29876,1169,1653922650,1653922650);
INSERT INTO player_score VALUES('494380b5b',47,'2ef38edb8','2d1b3b50d',210975,1005,1653329857,1653329857);
INSERT INTO player_score VALUES('46ed015d8',47,'2ef38edb8','2e7886435',286672,916,1653267100,1653267100);
INSERT INTO player_score VALUES('626c10e3d',47,'2ef38edb8','347ea9db1',40572,1332,1654005199,1654005199);
INSERT INTO player_score VALUES('63048535a',47,'2ef38edb8','35e6a80fd',73320,1440,1654021185,1654021185);
INSERT INTO player_score VALUES('63715f6a5',47,'2ef38edb8','400f782a8',52185,1391,1654032599,1654032599);
INSERT INTO player_score VALUES('58e680c4f',47,'2ef38edb8','50dc5e705',34658,1010,1653749602,1653749602);
INSERT INTO player_score VALUES('6276600d6',47,'2ef38edb8','5777b84c4',44352,1227,1654006280,1654006280);
INSERT INTO player_score VALUES('6398940a6',47,'30e8418fb','1a182c84a',135877,1252,1654036710,1654036710);
INSERT INTO player_score VALUES('54ff6c9c0',47,'30e8418fb','1e199a485',1452,1126,1653644841,1653644841);
INSERT INTO player_score VALUES('6028e3da7',47,'30e8418fb','286e09613',497700,1182,1653944468,1653944468);
INSERT INTO player_score VALUES('5dc5f2769',47,'30e8418fb','2ac550ec3',50592,1127,1653880406,1653880406);
INSERT INTO player_score VALUES('495815430',47,'30e8418fb','2d1b3b50d',31350,1009,1653332015,1653332015);
INSERT INTO player_score VALUES('44b4e6cf9',47,'30e8418fb','2e7886435',160820,844,1653207530,1653207530);
INSERT INTO player_score VALUES('636d4f5f6',47,'30e8418fb','35e6a80fd',66528,1449,1654032173,1654032173);
INSERT INTO player_score VALUES('6272156bf',47,'30e8418fb','400f782a8',78936,1342,1654005830,1654005830);
INSERT INTO player_score VALUES('5b004c8b0',47,'30e8418fb','50dc5e705',310612,1266,1653805994,1653805994);
INSERT INTO player_score VALUES('639ec6f37',47,'30e8418fb','5777b84c4',37908,1348,1654037360,1654037360);
INSERT INTO player_score VALUES('627901dfe',47,'30ec540ac','1a182c84a',66560,1236,1654006556,1654006556);
INSERT INTO player_score VALUES('6239067be',47,'30ec540ac','286e09613',92904,1220,1653999847,1653999847);
INSERT INTO player_score VALUES('46fdca3c9',47,'30ec540ac','2d1b3b50d',111456,933,1653268860,1653268860);
INSERT INTO player_score VALUES('47f073d67',47,'30ec540ac','2e7886435',124362,954,1653294305,1653294305);
INSERT INTO player_score VALUES('637c8f2e3',47,'30ec540ac','347ea9db1',138348,1366,1654033772,1654033772);
INSERT INTO player_score VALUES('60e957692',47,'30ec540ac','35e6a80fd',307098,1366,1653964648,1653964648);
INSERT INTO player_score VALUES('609f16a25',47,'30ec540ac','400f782a8',106722,1275,1653956862,1653956862);
INSERT INTO player_score VALUES('5b19a83fa',47,'30ec540ac','50dc5e705',145236,1280,1653808653,1653808653);
INSERT INTO player_score VALUES('622c74b1a',47,'30ec540ac','5777b84c4',38070,1195,1653998529,1653998529);
INSERT INTO player_score VALUES('5cb8b990c',47,'312b58dd0','1a182c84a',4644,1150,1653852176,1653852176);
INSERT INTO player_score VALUES('4ed0d703e',47,'312b58dd0','1e199a485',7650,990,1653478895,1653478895);
INSERT INTO player_score VALUES('630a874cb',47,'312b58dd0','286e09613',70725,1242,1654021815,1654021815);
INSERT INTO player_score VALUES('62fc8c2ff',47,'312b58dd0','2ac550ec3',2835,1248,1654020349,1654020349);
INSERT INTO player_score VALUES('478ad6a51',47,'312b58dd0','2d1b3b50d',382104,953,1653283650,1653283650);
INSERT INTO player_score VALUES('47d2c1490',47,'312b58dd0','2e7886435',117300,952,1653291191,1653291191);
INSERT INTO player_score VALUES('6355ed0eb',47,'312b58dd0','347ea9db1',201110,1361,1654029721,1654029721);
INSERT INTO player_score VALUES('62edc6749',47,'312b58dd0','35e6a80fd',63720,1436,1654018800,1654018800);
INSERT INTO player_score VALUES('63ae3a0b0',47,'312b58dd0','400f782a8',219632,1401,1654038980,1654038980);
INSERT INTO player_score VALUES('5a1bacb56',47,'312b58dd0','50dc5e705',11760,1161,1653782021,1653782021);
INSERT INTO player_score VALUES('63badf566',47,'312b58dd0','5777b84c4',0,1362,1654040306,1654040306);
INSERT INTO player_score VALUES('62b66c85f',47,'3133b5f71','1a182c84a',112420,1240,1654012996,1654012996);
INSERT INTO player_score VALUES('55db94771',47,'3133b5f71','1e199a485',72576,1137,1653667926,1653667926);
INSERT INTO player_score VALUES('614de32b4',47,'3133b5f71','286e09613',24064,1202,1653975191,1653975191);
INSERT INTO player_score VALUES('5d61c5f0d',47,'3133b5f71','2ac550ec3',12420,1117,1653869902,1653869902);
INSERT INTO player_score VALUES('493727153',47,'3133b5f71','2d1b3b50d',97280,1004,1653328562,1653328562);
INSERT INTO player_score VALUES('475a8408d',47,'3133b5f71','2e7886435',415989,931,1653278583,1653278583);
INSERT INTO player_score VALUES('630ea118a',47,'3133b5f71','347ea9db1',32364,1355,1654022245,1654022245);
INSERT INTO player_score VALUES('63aaeadbd',47,'3133b5f71','35e6a80fd',150040,1460,1654038633,1654038633);
INSERT INTO player_score VALUES('624ca472b',47,'3133b5f71','400f782a8',255780,1337,1654001904,1654001904);
INSERT INTO player_score VALUES('5acd8dd1d',47,'3133b5f71','50dc5e705',14904,1243,1653800673,1653800673);
INSERT INTO player_score VALUES('62f400b00',47,'3133b5f71','5777b84c4',158400,1281,1654019453,1654019453);
INSERT INTO player_score VALUES('62d8f74b5',47,'3324d2b31','1a182c84a',9120,1244,1654016618,1654016618);
INSERT INTO player_score VALUES('50c4bca17',47,'3324d2b31','1e199a485',369024,1036,1653531313,1653531313);
INSERT INTO player_score VALUES('628dd106d',47,'3324d2b31','286e09613',0,1226,1654008738,1654008738);
INSERT INTO player_score VALUES('5a7f94e37',47,'3324d2b31','2ac550ec3',39192,1050,1653792497,1653792497);
INSERT INTO player_score VALUES('637316e16',47,'3324d2b31','347ea9db1',42300,1364,1654032779,1654032779);
INSERT INTO player_score VALUES('62e7fc81f',47,'3324d2b31','35e6a80fd',234900,1433,1654018193,1654018193);
INSERT INTO player_score VALUES('61bca3390',47,'3324d2b31','400f782a8',156240,1315,1653986804,1653986804);
INSERT INTO player_score VALUES('5acd18a39',47,'3324d2b31','50dc5e705',145728,1241,1653800625,1653800625);
INSERT INTO player_score VALUES('63a540ad1',47,'3324d2b31','5777b84c4',41540,1353,1654038039,1654038039);
INSERT INTO player_score VALUES('626a5489b',47,'350bbd972','1a182c84a',41580,1234,1654005017,1654005017);
INSERT INTO player_score VALUES('62df7ac6c',47,'350bbd972','286e09613',0,1237,1654017301,1654017301);
INSERT INTO player_score VALUES('5f11e6f32',47,'350bbd972','2ac550ec3',49395,1161,1653915214,1653915214);
INSERT INTO player_score VALUES('47af5857c',47,'350bbd972','2d1b3b50d',14384,958,1653287478,1653287478);
INSERT INTO player_score VALUES('48590d2dd',47,'350bbd972','2e7886435',112056,971,1653305273,1653305273);
INSERT INTO player_score VALUES('6093c9922',47,'350bbd972','347ea9db1',44616,1278,1653955677,1653955677);
INSERT INTO player_score VALUES('5fa81ffb8',47,'350bbd972','35e6a80fd',279444,1331,1653930966,1653930966);
INSERT INTO player_score VALUES('63b36a260',47,'350bbd972','400f782a8',33600,1402,1654039524,1654039524);
INSERT INTO player_score VALUES('5b122e326',47,'350bbd972','50dc5e705',104490,1275,1653807869,1653807869);
INSERT INTO player_score VALUES('62811d0ea',47,'350bbd972','5777b84c4',432216,1230,1654007406,1654007406);
INSERT INTO player_score VALUES('56771d5f8',47,'35aaf26af','1e199a485',143412,1148,1653684235,1653684235);
INSERT INTO player_score VALUES('5f6792184',47,'35aaf26af','286e09613',51200,1165,1653924197,1653924197);
INSERT INTO player_score VALUES('480eced36',47,'35aaf26af','2d1b3b50d',151200,968,1653297488,1653297488);
INSERT INTO player_score VALUES('47f865861',47,'35aaf26af','2e7886435',166698,958,1653295138,1653295138);
INSERT INTO player_score VALUES('62017946b',47,'35aaf26af','347ea9db1',66600,1325,1653994022,1653994022);
INSERT INTO player_score VALUES('5d3dc3324',47,'35aaf26af','35e6a80fd',32400,1256,1653866126,1653866126);
INSERT INTO player_score VALUES('63ade2268',47,'35aaf26af','400f782a8',24272,1400,1654038944,1654038944);
INSERT INTO player_score VALUES('5af15d4f4',47,'35aaf26af','50dc5e705',435344,1257,1653804428,1653804428);
INSERT INTO player_score VALUES('639c2041c',47,'35aaf26af','5777b84c4',99630,1347,1654037082,1654037082);
INSERT INTO player_score VALUES('628397d70',47,'362fa1b38','1a182c84a',394499,1237,1654007666,1654007666);
INSERT INTO player_score VALUES('54d3e8762',47,'362fa1b38','1e199a485',114680,1120,1653640278,1653640278);
INSERT INTO player_score VALUES('63030ac86',47,'362fa1b38','286e09613',11286,1240,1654021030,1654021030);
INSERT INTO player_score VALUES('63364d57d',47,'362fa1b38','2ac550ec3',2116,1252,1654026405,1654026405);
INSERT INTO player_score VALUES('492e5e8bf',47,'362fa1b38','2d1b3b50d',14756,1002,1653327641,1653327641);
INSERT INTO player_score VALUES('47b705af7',47,'362fa1b38','2e7886435',5248,944,1653288283,1653288283);
INSERT INTO player_score VALUES('60258fcbe',47,'362fa1b38','347ea9db1',275772,1263,1653944119,1653944119);
INSERT INTO player_score VALUES('63942c1b5',47,'362fa1b38','400f782a8',4272,1398,1654036248,1654036248);
INSERT INTO player_score VALUES('58ef8da93',47,'362fa1b38','50dc5e705',3906,1018,1653750551,1653750551);
INSERT INTO player_score VALUES('63c01455a',47,'362fa1b38','5777b84c4',14250,1366,1654040852,1654040852);
INSERT INTO player_score VALUES('626552cff',47,'36c90c99b','1a182c84a',110976,1233,1654004492,1654004492);
INSERT INTO player_score VALUES('56bce522d',47,'36c90c99b','1e199a485',0,1153,1653691552,1653691552);
INSERT INTO player_score VALUES('6342b810c',47,'36c90c99b','286e09613',21879,1249,1654027707,1654027707);
INSERT INTO player_score VALUES('60e108f12',47,'36c90c99b','2ac550ec3',0,1206,1653963777,1653963777);
INSERT INTO player_score VALUES('49838fa2a',47,'36c90c99b','2d1b3b50d',90712,1015,1653336574,1653336574);
INSERT INTO player_score VALUES('48544fc95',47,'36c90c99b','2e7886435',262108,970,1653304776,1653304776);
INSERT INTO player_score VALUES('62af2f7d9',47,'36c90c99b','347ea9db1',300495,1342,1654012237,1654012237);
INSERT INTO player_score VALUES('5f2b9cf87',47,'36c90c99b','35e6a80fd',11439,1315,1653917910,1653917910);
INSERT INTO player_score VALUES('637cff7af',47,'36c90c99b','400f782a8',31320,1393,1654033818,1654033818);
INSERT INTO player_score VALUES('59c81839f',47,'36c90c99b','50dc5e705',12740,1127,1653773257,1653773257);
INSERT INTO player_score VALUES('63bdb1ff3',47,'36c90c99b','5777b84c4',155952,1364,1654040602,1654040602);
INSERT INTO player_score VALUES('5d3c5c4cc',47,'37e3cdde3','1a182c84a',499200,1161,1653865979,1653865979);
INSERT INTO player_score VALUES('5632bc7b8',47,'37e3cdde3','1e199a485',4048,1144,1653677065,1653677065);
INSERT INTO player_score VALUES('633a70e7d',47,'37e3cdde3','286e09613',220320,1246,1654026839,1654026839);
INSERT INTO player_score VALUES('622844eb4',47,'37e3cdde3','2ac550ec3',2912,1225,1653998090,1653998090);
INSERT INTO player_score VALUES('487b7f889',47,'37e3cdde3','2d1b3b50d',188505,978,1653308885,1653308885);
INSERT INTO player_score VALUES('475b252cf',47,'37e3cdde3','2e7886435',269892,932,1653278649,1653278649);
INSERT INTO player_score VALUES('639882f3e',47,'37e3cdde3','347ea9db1',48321,1372,1654036703,1654036703);
INSERT INTO player_score VALUES('61566755c',47,'37e3cdde3','35e6a80fd',281160,1382,1653976084,1653976084);
INSERT INTO player_score VALUES('6326fee63',47,'37e3cdde3','400f782a8',48114,1375,1654024800,1654024800);
INSERT INTO player_score VALUES('5b23c4245',47,'37e3cdde3','50dc5e705',709632,1283,1653809713,1653809713);
INSERT INTO player_score VALUES('62c7e2bc8',47,'37e3cdde3','5777b84c4',215414,1261,1654014827,1654014827);
INSERT INTO player_score VALUES('62eb88ba8',47,'3905c9b6e','1a182c84a',53820,1247,1654018565,1654018565);
INSERT INTO player_score VALUES('60d97dcb2',47,'3905c9b6e','286e09613',45584,1193,1653962986,1653962986);
INSERT INTO player_score VALUES('4a2e9a3f0',47,'3905c9b6e','2d1b3b50d',4896,1033,1653354509,1653354509);
INSERT INTO player_score VALUES('48308a121',47,'3905c9b6e','2e7886435',592800,964,1653301025,1653301025);
INSERT INTO player_score VALUES('5f3a3ba36',47,'3905c9b6e','347ea9db1',400000,1232,1653919443,1653919443);
INSERT INTO player_score VALUES('62d193357',47,'3905c9b6e','35e6a80fd',49572,1430,1654015843,1654015843);
INSERT INTO player_score VALUES('5a854667d',47,'3905c9b6e','50dc5e705',93720,1210,1653793094,1653793094);
INSERT INTO player_score VALUES('637b40b8a',47,'3905c9b6e','5777b84c4',304268,1333,1654033635,1654033635);
INSERT INTO player_score VALUES('58c332ac6',47,'3a266adf3','1a182c84a',180400,1083,1653745900,1653745900);
INSERT INTO player_score VALUES('513648049',47,'3a266adf3','1e199a485',115056,1043,1653543219,1653543219);
INSERT INTO player_score VALUES('628390830',47,'3a266adf3','286e09613',18810,1225,1654007663,1654007663);
INSERT INTO player_score VALUES('623ccad6c',47,'3a266adf3','2ac550ec3',101680,1229,1654000242,1654000242);
INSERT INTO player_score VALUES('47f5a8d3d',47,'3a266adf3','2d1b3b50d',3040,964,1653294851,1653294851);
INSERT INTO player_score VALUES('6272cef73',47,'3a266adf3','347ea9db1',20672,1334,1654005906,1654005906);
INSERT INTO player_score VALUES('6357a20df',47,'3a266adf3','35e6a80fd',14448,1447,1654029900,1654029900);
INSERT INTO player_score VALUES('5f6f667e6',47,'3a266adf3','400f782a8',0,1238,1653925018,1653925018);
INSERT INTO player_score VALUES('5aff78246',47,'3a266adf3','50dc5e705',10664,1264,1653805907,1653805907);
INSERT INTO player_score VALUES('63ab627df',47,'3a266adf3','5777b84c4',84490,1355,1654038682,1654038682);
INSERT INTO player_score VALUES('5eccd1684',47,'3c677c5ad','1a182c84a',62415,1185,1653907970,1653907970);
INSERT INTO player_score VALUES('5450f0a1d',47,'3c677c5ad','1e199a485',275400,1114,1653626545,1653626545);
INSERT INTO player_score VALUES('6321fd247',47,'3c677c5ad','286e09613',11934,1245,1654024275,1654024275);
INSERT INTO player_score VALUES('5dedd6de2',47,'3c677c5ad','2ac550ec3',28400,1131,1653884589,1653884589);
INSERT INTO player_score VALUES('469042b05',47,'3c677c5ad','2d1b3b50d',46980,921,1653257375,1653257375);
INSERT INTO player_score VALUES('472161962',47,'3c677c5ad','2e7886435',47360,921,1653272592,1653272592);
INSERT INTO player_score VALUES('63bacbcc9',47,'3c677c5ad','347ea9db1',56544,1377,1654040298,1654040298);
INSERT INTO player_score VALUES('6279a5735',47,'3c677c5ad','35e6a80fd',67716,1421,1654006623,1654006623);
INSERT INTO player_score VALUES('63808baed',47,'3c677c5ad','400f782a8',390080,1394,1654034190,1654034190);
INSERT INTO player_score VALUES('5aed3c2bc',47,'3c677c5ad','50dc5e705',29600,1256,1653803995,1653803995);
INSERT INTO player_score VALUES('630432319',47,'3c677c5ad','5777b84c4',51832,1290,1654021151,1654021151);
INSERT INTO player_score VALUES('5fa20a589',47,'3f47218d9','1a182c84a',17360,1198,1653930328,1653930328);
INSERT INTO player_score VALUES('5539aa46b',47,'3f47218d9','1e199a485',1300,1129,1653650948,1653650948);
INSERT INTO player_score VALUES('5d8d193dc',47,'3f47218d9','2ac550ec3',150800,1120,1653874445,1653874445);
INSERT INTO player_score VALUES('436061f36',47,'3f47218d9','2d1b3b50d',81168,794,1653171824,1653171824);
INSERT INTO player_score VALUES('485af5772',47,'3f47218d9','2e7886435',97308,972,1653305473,1653305473);
INSERT INTO player_score VALUES('637caa07a',47,'3f47218d9','347ea9db1',227664,1367,1654033783,1654033783);
INSERT INTO player_score VALUES('6077ff4ba',47,'3f47218d9','35e6a80fd',211500,1353,1653952763,1653952763);
INSERT INTO player_score VALUES('62b1c2b15',47,'3f47218d9','400f782a8',134045,1355,1654012507,1654012507);
INSERT INTO player_score VALUES('5ad590998',47,'3f47218d9','50dc5e705',19656,1248,1653801513,1653801513);
INSERT INTO player_score VALUES('5d2f8d7c6',47,'411322c53','1a182c84a',27880,1160,1653864636,1653864636);
INSERT INTO player_score VALUES('54e30afd5',47,'411322c53','1e199a485',65286,1122,1653641865,1653641865);
INSERT INTO player_score VALUES('629fb2aa1',47,'411322c53','286e09613',58590,1230,1654010613,1654010613);
INSERT INTO player_score VALUES('63405a960',47,'411322c53','2ac550ec3',1584,1253,1654027459,1654027459);
INSERT INTO player_score VALUES('49c7b5e94',47,'411322c53','2d1b3b50d',108360,1021,1653343720,1653343720);
INSERT INTO player_score VALUES('4829b607c',47,'411322c53','2e7886435',15960,963,1653300309,1653300309);
INSERT INTO player_score VALUES('60f269303',47,'411322c53','347ea9db1',109228,1291,1653965599,1653965599);
INSERT INTO player_score VALUES('5f9057187',47,'411322c53','35e6a80fd',220752,1328,1653928472,1653928472);
INSERT INTO player_score VALUES('629fe10e6',47,'411322c53','400f782a8',102300,1351,1654010632,1654010632);
INSERT INTO player_score VALUES('5b113048d',47,'411322c53','50dc5e705',461817,1274,1653807765,1653807765);
INSERT INTO player_score VALUES('639f4acaa',47,'411322c53','5777b84c4',386705,1349,1654037414,1654037414);
INSERT INTO player_score VALUES('62d90d451',47,'421468980','1a182c84a',984,1245,1654016627,1654016627);
INSERT INTO player_score VALUES('567a78bb6',47,'421468980','1e199a485',437502,1150,1653684587,1653684587);
INSERT INTO player_score VALUES('63b0d6fb7',47,'421468980','286e09613',98280,1255,1654039254,1654039254);
INSERT INTO player_score VALUES('636547b93',47,'421468980','2ac550ec3',954,1257,1654031331,1654031331);
INSERT INTO player_score VALUES('4a047a8f6',47,'421468980','2d1b3b50d',408332,1028,1653350092,1653350092);
INSERT INTO player_score VALUES('47d3367b2',47,'421468980','2e7886435',280665,953,1653291239,1653291239);
INSERT INTO player_score VALUES('5f0849fef',47,'421468980','347ea9db1',5472,1224,1653914206,1653914206);
INSERT INTO player_score VALUES('63a90eca0',47,'421468980','35e6a80fd',476190,1459,1654038438,1654038438);
INSERT INTO player_score VALUES('634ca31b7',47,'421468980','400f782a8',7350,1383,1654028747,1654028747);
INSERT INTO player_score VALUES('59da20eec',47,'421468980','50dc5e705',51128,1135,1653775148,1653775148);
INSERT INTO player_score VALUES('6215bfb7f',47,'421468980','5777b84c4',52836,1183,1653996148,1653996148);
INSERT INTO player_score VALUES('5605d3e6a',47,'4295fbfab','1e199a485',9490,1139,1653672356,1653672356);
INSERT INTO player_score VALUES('61bcea059',47,'4295fbfab','286e09613',9460,1209,1653986833,1653986833);
INSERT INTO player_score VALUES('60b388ff6',47,'4295fbfab','2ac550ec3',573755,1201,1653959006,1653959006);
INSERT INTO player_score VALUES('495449965',47,'4295fbfab','2d1b3b50d',500832,1008,1653331617,1653331617);
INSERT INTO player_score VALUES('481d5c684',47,'4295fbfab','2e7886435',161408,962,1653299014,1653299014);
INSERT INTO player_score VALUES('5fbd7cb93',47,'4295fbfab','347ea9db1',253440,1251,1653933206,1653933206);
INSERT INTO player_score VALUES('61e08d8ea',47,'4295fbfab','35e6a80fd',32164,1399,1653990570,1653990570);
INSERT INTO player_score VALUES('62c4fefcb',47,'4295fbfab','400f782a8',134875,1361,1654014524,1654014524);
INSERT INTO player_score VALUES('5afa8c61c',47,'4295fbfab','50dc5e705',4257,1261,1653805391,1653805391);
INSERT INTO player_score VALUES('638f23090',47,'4295fbfab','5777b84c4',71400,1341,1654035720,1654035720);
INSERT INTO player_score VALUES('54746d1c1',47,'42ef6b7ee','1a182c84a',217872,1002,1653630266,1653630266);
INSERT INTO player_score VALUES('552f9828e',47,'42ef6b7ee','1e199a485',4836,1128,1653649892,1653649892);
INSERT INTO player_score VALUES('630e4931e',47,'42ef6b7ee','286e09613',60840,1244,1654022209,1654022209);
INSERT INTO player_score VALUES('638a0b57f',47,'42ef6b7ee','2ac550ec3',8640,1260,1654035186,1654035186);
INSERT INTO player_score VALUES('46443e3ed',47,'42ef6b7ee','2d1b3b50d',5120,905,1653249404,1653249404);
INSERT INTO player_score VALUES('47067a5b3',47,'42ef6b7ee','2e7886435',232509,918,1653269771,1653269771);
INSERT INTO player_score VALUES('5f6ddfddf',47,'42ef6b7ee','347ea9db1',687456,1241,1653924858,1653924858);
INSERT INTO player_score VALUES('63b5cef05',47,'42ef6b7ee','35e6a80fd',260400,1462,1654039775,1654039775);
INSERT INTO player_score VALUES('60e433802',47,'42ef6b7ee','400f782a8',273070,1288,1653964109,1653964109);
INSERT INTO player_score VALUES('5ad413c38',47,'42ef6b7ee','50dc5e705',6450,1247,1653801357,1653801357);
INSERT INTO player_score VALUES('61c9f0fa5',47,'42ef6b7ee','5777b84c4',38720,1161,1653988199,1653988199);
INSERT INTO player_score VALUES('5811392a9',47,'42fb7be14','1a182c84a',99000,1064,1653727238,1653727238);
INSERT INTO player_score VALUES('525542d11',47,'42fb7be14','1e199a485',104576,1065,1653573311,1653573311);
INSERT INTO player_score VALUES('62c1de36f',47,'42fb7be14','2ac550ec3',138624,1245,1654014196,1654014196);
INSERT INTO player_score VALUES('4a06b3664',47,'42fb7be14','2d1b3b50d',20400,1029,1653350325,1653350325);
INSERT INTO player_score VALUES('46e3cfdd2',47,'42fb7be14','2e7886435',483084,914,1653266136,1653266136);
INSERT INTO player_score VALUES('616fccd12',47,'42fb7be14','347ea9db1',121440,1311,1653978747,1653978747);
INSERT INTO player_score VALUES('61ca0bd32',47,'42fb7be14','35e6a80fd',305760,1396,1653988210,1653988210);
INSERT INTO player_score VALUES('63468b0e0',47,'42fb7be14','400f782a8',226446,1382,1654028108,1654028108);
INSERT INTO player_score VALUES('5abc2d949',47,'42fb7be14','50dc5e705',145920,1230,1653798851,1653798851);
INSERT INTO player_score VALUES('610e1b0a7',47,'42fb7be14','5777b84c4',2580,1068,1653968503,1653968503);
INSERT INTO player_score VALUES('62c462be3',47,'439414d04','1a182c84a',347760,1242,1654014460,1654014460);
INSERT INTO player_score VALUES('5417bf875',47,'439414d04','1e199a485',16744,1108,1653620548,1653620548);
INSERT INTO player_score VALUES('637fea8e4',47,'439414d04','2ac550ec3',532,1259,1654034124,1654034124);
INSERT INTO player_score VALUES('4a1002388',47,'439414d04','2d1b3b50d',48300,1030,1653351301,1653351301);
INSERT INTO player_score VALUES('47beb7e2a',47,'439414d04','2e7886435',237553,947,1653289090,1653289090);
INSERT INTO player_score VALUES('63632e980',47,'439414d04','347ea9db1',49680,1362,1654031111,1654031111);
INSERT INTO player_score VALUES('605c12df0',47,'439414d04','35e6a80fd',316498,1349,1653949835,1653949835);
INSERT INTO player_score VALUES('6272aa545',47,'439414d04','400f782a8',1701,1343,1654005891,1654005891);
INSERT INTO player_score VALUES('5a434090c',47,'439414d04','50dc5e705',13068,1177,1653786171,1653786171);
INSERT INTO player_score VALUES('60dc2967a',47,'439414d04','5777b84c4',26208,1050,1653963266,1653963266);
INSERT INTO player_score VALUES('5ec2871de',47,'43a69c7a2','1a182c84a',74048,1181,1653906891,1653906891);
INSERT INTO player_score VALUES('5f27329c5',47,'43a69c7a2','286e09613',187572,1159,1653917447,1653917447);
INSERT INTO player_score VALUES('628ea7df5',47,'43a69c7a2','2ac550ec3',93744,1240,1654008826,1654008826);
INSERT INTO player_score VALUES('49036591f',47,'43a69c7a2','2d1b3b50d',161357,996,1653323135,1653323135);
INSERT INTO player_score VALUES('46d39be7d',47,'43a69c7a2','2e7886435',114075,912,1653264437,1653264437);
INSERT INTO player_score VALUES('59c91625a',47,'43a69c7a2','347ea9db1',203280,1081,1653773361,1653773361);
INSERT INTO player_score VALUES('62e714931',47,'43a69c7a2','35e6a80fd',57154,1432,1654018098,1654018098);
INSERT INTO player_score VALUES('6274ab05a',47,'43a69c7a2','400f782a8',8804,1344,1654006101,1654006101);
INSERT INTO player_score VALUES('5b17f33e4',47,'43a69c7a2','50dc5e705',156240,1278,1653808474,1653808474);
INSERT INTO player_score VALUES('63be5591c',47,'43a69c7a2','5777b84c4',1450,1365,1654040669,1654040669);
INSERT INTO player_score VALUES('60a79fade',47,'44b617faa','1a182c84a',216717,1216,1653957757,1653957757);
INSERT INTO player_score VALUES('5578488d8',47,'44b617faa','1e199a485',884070,1131,1653657514,1653657514);
INSERT INTO player_score VALUES('63a405b99',47,'44b617faa','286e09613',66150,1254,1654037910,1654037910);
INSERT INTO player_score VALUES('6370099e7',47,'44b617faa','2ac550ec3',9856,1258,1654032459,1654032459);
INSERT INTO player_score VALUES('4a4471110',47,'44b617faa','2d1b3b50d',152064,1037,1653356799,1653356799);
INSERT INTO player_score VALUES('43fe3c1b8',47,'44b617faa','2e7886435',8800,812,1653188376,1653188376);
INSERT INTO player_score VALUES('5c98764cf',47,'44b617faa','347ea9db1',25740,1161,1653848793,1653848793);
INSERT INTO player_score VALUES('5f560d3da',47,'44b617faa','35e6a80fd',0,1323,1653922360,1653922360);
INSERT INTO player_score VALUES('60d4947cb',47,'44b617faa','400f782a8',114000,1285,1653962471,1653962471);
INSERT INTO player_score VALUES('599da7fb9',47,'44b617faa','50dc5e705',0,1100,1653768807,1653768807);
INSERT INTO player_score VALUES('63c41a9cb',47,'44b617faa','5777b84c4',30132,1370,1654041274,1654041274);
INSERT INTO player_score VALUES('5a993eb5d',47,'450178d8e','1a182c84a',114219,1113,1653795188,1653795188);
INSERT INTO player_score VALUES('56bdd463b',47,'450178d8e','1e199a485',51408,1154,1653691650,1653691650);
INSERT INTO player_score VALUES('6263b8a68',47,'450178d8e','2ac550ec3',68112,1235,1654004324,1654004324);
INSERT INTO player_score VALUES('49dea09d8',47,'450178d8e','2d1b3b50d',374556,1023,1653346123,1653346123);
INSERT INTO player_score VALUES('4752b6fa1',47,'450178d8e','2e7886435',111766,929,1653277765,1653277765);
INSERT INTO player_score VALUES('61e2142a7',47,'450178d8e','347ea9db1',648,1321,1653990730,1653990730);
INSERT INTO player_score VALUES('61e5aa271',47,'450178d8e','35e6a80fd',514008,1401,1653991106,1653991106);
INSERT INTO player_score VALUES('628c2aa9f',47,'450178d8e','400f782a8',27968,1349,1654008565,1654008565);
INSERT INTO player_score VALUES('5ac6f6d0e',47,'450178d8e','50dc5e705',201960,1236,1653799982,1653799982);
INSERT INTO player_score VALUES('63c22d71c',47,'450178d8e','5777b84c4',44370,1367,1654041072,1654041072);
INSERT INTO player_score VALUES('5cd4e57b5',47,'468a98817','1a182c84a',66880,1151,1653855130,1653855130);
INSERT INTO player_score VALUES('56c79d456',47,'468a98817','1e199a485',7448,1156,1653692676,1653692676);
INSERT INTO player_score VALUES('48cfc15a4',47,'468a98817','2d1b3b50d',24360,985,1653317720,1653317720);
INSERT INTO player_score VALUES('47bab67f8',47,'468a98817','2e7886435',501410,946,1653288670,1653288670);
INSERT INTO player_score VALUES('6346f19bc',47,'468a98817','347ea9db1',117777,1359,1654028150,1654028150);
INSERT INTO player_score VALUES('6313aa288',47,'468a98817','35e6a80fd',66082,1443,1654022773,1654022773);
INSERT INTO player_score VALUES('622942d75',47,'468a98817','5777b84c4',10920,1189,1653998194,1653998194);
INSERT INTO player_score VALUES('63c5de49b',47,'476b829ef','1a182c84a',191232,1253,1654041459,1654041459);
INSERT INTO player_score VALUES('49aa6c5cc',47,'476b829ef','1e199a485',352800,879,1653340649,1653340649);
INSERT INTO player_score VALUES('6146e32e1',47,'476b829ef','286e09613',107730,1201,1653974457,1653974457);
INSERT INTO player_score VALUES('613d3c763',47,'476b829ef','2ac550ec3',146520,1210,1653973445,1653973445);
INSERT INTO player_score VALUES('4842582fc',47,'476b829ef','2d1b3b50d',7930,972,1653302892,1653302892);
INSERT INTO player_score VALUES('62c69b989',47,'476b829ef','347ea9db1',23970,1345,1654014693,1654014693);
INSERT INTO player_score VALUES('61b0053ab',47,'476b829ef','35e6a80fd',127400,1391,1653985481,1653985481);
INSERT INTO player_score VALUES('62bacd1f5',47,'476b829ef','400f782a8',84816,1356,1654013455,1654013455);
INSERT INTO player_score VALUES('5ac7e886e',47,'476b829ef','50dc5e705',276768,1238,1653800081,1653800081);
INSERT INTO player_score VALUES('62ae144ea',47,'489d09f28','1a182c84a',114985,1239,1654012121,1654012121);
INSERT INTO player_score VALUES('5551891c8',47,'489d09f28','1e199a485',196156,1130,1653653451,1653653451);
INSERT INTO player_score VALUES('608785ec9',47,'489d09f28','286e09613',416,1190,1653954391,1653954391);
INSERT INTO player_score VALUES('60755d7b4',47,'489d09f28','2ac550ec3',85697,1192,1653952487,1653952487);
INSERT INTO player_score VALUES('492763730',47,'489d09f28','2d1b3b50d',250560,1001,1653326909,1653326909);
INSERT INTO player_score VALUES('63746cac5',47,'489d09f28','347ea9db1',4128,1365,1654032919,1654032919);
INSERT INTO player_score VALUES('62e8a0148',47,'489d09f28','35e6a80fd',539600,1434,1654018260,1654018260);
INSERT INTO player_score VALUES('62e2a556b',47,'489d09f28','400f782a8',358182,1365,1654017633,1654017633);
INSERT INTO player_score VALUES('5ad605ca8',47,'489d09f28','50dc5e705',0,1249,1653801561,1653801561);
INSERT INTO player_score VALUES('63619bc67',47,'489d09f28','5777b84c4',99960,1316,1654030946,1654030946);
INSERT INTO player_score VALUES('622990f86',47,'4942a289d','1a182c84a',83754,1229,1653998226,1653998226);
INSERT INTO player_score VALUES('53a1cea9b',47,'4942a289d','1e199a485',566544,1095,1653608181,1653608181);
INSERT INTO player_score VALUES('56d188556',47,'4942a289d','286e09613',262640,983,1653693716,1653693716);
INSERT INTO player_score VALUES('61e035a99',47,'4942a289d','2ac550ec3',261144,1222,1653990534,1653990534);
INSERT INTO player_score VALUES('49d1099e1',47,'4942a289d','2d1b3b50d',18876,1022,1653344698,1653344698);
INSERT INTO player_score VALUES('575d54ea8',47,'4942a289d','347ea9db1',0,1005,1653708375,1653708375);
INSERT INTO player_score VALUES('608d069c3',47,'4942a289d','35e6a80fd',229900,1358,1653954968,1653954968);
INSERT INTO player_score VALUES('61f5221a7',47,'4942a289d','400f782a8',133045,1322,1653992728,1653992728);
INSERT INTO player_score VALUES('5abb062e7',47,'4942a289d','50dc5e705',81840,1228,1653798730,1653798730);
INSERT INTO player_score VALUES('637ffe172',47,'4942a289d','5777b84c4',10780,1335,1654034132,1654034132);
INSERT INTO player_score VALUES('6272e00b1',47,'494a6846b','1a182c84a',14924,1235,1654005913,1654005913);
INSERT INTO player_score VALUES('54ef55f3e',47,'494a6846b','1e199a485',5418,1123,1653643154,1653643154);
INSERT INTO player_score VALUES('62ab10d28',47,'494a6846b','286e09613',27000,1232,1654011805,1654011805);
INSERT INTO player_score VALUES('5cd87de39',47,'494a6846b','2ac550ec3',181192,1103,1653855507,1653855507);
INSERT INTO player_score VALUES('4a11cfa2b',47,'494a6846b','2d1b3b50d',40120,1031,1653351490,1653351490);
INSERT INTO player_score VALUES('6165198c8',47,'494a6846b','347ea9db1',328328,1308,1653977625,1653977625);
INSERT INTO player_score VALUES('628ba945a',47,'494a6846b','35e6a80fd',123200,1423,1654008512,1654008512);
INSERT INTO player_score VALUES('6352dfce9',47,'494a6846b','400f782a8',0,1384,1654029401,1654029401);
INSERT INTO player_score VALUES('5a5aaca53',47,'494a6846b','50dc5e705',377300,1189,1653788627,1653788627);
INSERT INTO player_score VALUES('62c42825c',47,'494a6846b','5777b84c4',445500,1255,1654014436,1654014436);
INSERT INTO player_score VALUES('5fc9af46c',47,'4e5fc3400','1a182c84a',4290,1200,1653934485,1653934485);
INSERT INTO player_score VALUES('56142bc84',47,'4e5fc3400','1e199a485',127490,1142,1653673860,1653673860);
INSERT INTO player_score VALUES('59c81f8d9',47,'4e5fc3400','286e09613',34960,1046,1653773260,1653773260);
INSERT INTO player_score VALUES('5e124ed07',47,'4e5fc3400','2ac550ec3',15908,1133,1653888413,1653888413);
INSERT INTO player_score VALUES('62efd83bd',47,'4e5fc3400','347ea9db1',436600,1352,1654019017,1654019017);
INSERT INTO player_score VALUES('6185c5d09',47,'4e5fc3400','35e6a80fd',93275,1387,1653981051,1653981051);
INSERT INTO player_score VALUES('62e6a6b61',47,'4e5fc3400','400f782a8',383292,1367,1654018053,1654018053);
INSERT INTO player_score VALUES('5adf01982',47,'4e5fc3400','50dc5e705',35280,1252,1653802503,1653802503);
INSERT INTO player_score VALUES('6229a20bb',47,'4e5fc3400','5777b84c4',4158,1190,1653998233,1653998233);
INSERT INTO player_score VALUES('61d11f5c9',47,'52430e2fc','1a182c84a',39798,1226,1653988952,1653988952);
INSERT INTO player_score VALUES('566d3e84e',47,'52430e2fc','1e199a485',36400,1147,1653683200,1653683200);
INSERT INTO player_score VALUES('60090236b',47,'52430e2fc','286e09613',131100,1178,1653941125,1653941125);
INSERT INTO player_score VALUES('5e6957156',47,'52430e2fc','2ac550ec3',36993,1142,1653897539,1653897539);
INSERT INTO player_score VALUES('607b5d21c',47,'52430e2fc','347ea9db1',40800,1275,1653953116,1653953116);
INSERT INTO player_score VALUES('63974320e',47,'52430e2fc','35e6a80fd',92928,1455,1654036572,1654036572);
INSERT INTO player_score VALUES('6322836cc',47,'52430e2fc','400f782a8',736,1374,1654024330,1654024330);
INSERT INTO player_score VALUES('622abfb44',47,'52430e2fc','5777b84c4',99015,1194,1653998350,1653998350);
INSERT INTO player_score VALUES('5cde7d8c2',47,'52d986aff','1a182c84a',177974,1155,1653856136,1653856136);
INSERT INTO player_score VALUES('508424fea',47,'52d986aff','1e199a485',3542,1031,1653524540,1653524540);
INSERT INTO player_score VALUES('5cb984344',47,'52d986aff','286e09613',108780,1110,1653852259,1653852259);
INSERT INTO player_score VALUES('62aa57441',47,'52d986aff','2ac550ec3',238392,1243,1654011729,1654011729);
INSERT INTO player_score VALUES('622a8c6da',47,'52d986aff','347ea9db1',131144,1330,1653998329,1653998329);
INSERT INTO player_score VALUES('5df260fa3',47,'52d986aff','35e6a80fd',8118,1282,1653885065,1653885065);
INSERT INTO player_score VALUES('63202d463',47,'52d986aff','400f782a8',468720,1373,1654024085,1654024085);
INSERT INTO player_score VALUES('61f06c0f5',47,'52d986aff','5777b84c4',32400,1176,1653992234,1653992234);
INSERT INTO player_score VALUES('52b30446f',47,'534c40ce8','1e199a485',11880,1076,1653583142,1653583142);
INSERT INTO player_score VALUES('61d8d403f',47,'534c40ce8','286e09613',50127,1212,1653989760,1653989760);
INSERT INTO player_score VALUES('62cf09cc1',47,'534c40ce8','2ac550ec3',621000,1246,1654015577,1654015577);
INSERT INTO player_score VALUES('61b9d7e0a',47,'534c40ce8','347ea9db1',8316,1317,1653986511,1653986511);
INSERT INTO player_score VALUES('6135150f8',47,'534c40ce8','35e6a80fd',21777,1375,1653972590,1653972590);
INSERT INTO player_score VALUES('63542963f',47,'534c40ce8','400f782a8',100345,1385,1654029536,1654029536);
INSERT INTO player_score VALUES('5aaa75733',47,'534c40ce8','50dc5e705',172368,1223,1653796993,1653796993);
INSERT INTO player_score VALUES('61c86f3a6',47,'534c40ce8','5777b84c4',44308,1158,1653988041,1653988041);
INSERT INTO player_score VALUES('5fe2da292',47,'53cdc58cc','1a182c84a',176400,1203,1653937124,1653937124);
INSERT INTO player_score VALUES('53490c7d6',47,'53cdc58cc','1e199a485',223104,1088,1653598874,1653598874);
INSERT INTO player_score VALUES('5d3e4bead',47,'53cdc58cc','286e09613',269136,1118,1653866182,1653866182);
INSERT INTO player_score VALUES('62bb33ac1',47,'53cdc58cc','2ac550ec3',837000,1244,1654013497,1654013497);
INSERT INTO player_score VALUES('60eb819c7',47,'53cdc58cc','347ea9db1',62400,1288,1653964875,1653964875);
INSERT INTO player_score VALUES('62f0991c2',47,'53cdc58cc','35e6a80fd',96750,1437,1654019096,1654019096);
INSERT INTO player_score VALUES('603435cd7',47,'53cdc58cc','400f782a8',391875,1259,1653945655,1653945655);
INSERT INTO player_score VALUES('5ac3e23dc',47,'53cdc58cc','50dc5e705',883476,1232,1653799659,1653799659);
INSERT INTO player_score VALUES('612ac8574',47,'53cdc58cc','5777b84c4',54145,1080,1653971510,1653971510);
INSERT INTO player_score VALUES('5f1ae2bfc',47,'53fd3519f','1a182c84a',18850,1191,1653916156,1653916156);
INSERT INTO player_score VALUES('564b7229d',47,'53fd3519f','1e199a485',53650,1145,1653679656,1653679656);
INSERT INTO player_score VALUES('620756c2f',47,'53fd3519f','286e09613',739722,1218,1653994637,1653994637);
INSERT INTO player_score VALUES('632ac5ad1',47,'53fd3519f','2ac550ec3',64090,1251,1654025196,1654025196);
INSERT INTO player_score VALUES('6246ff21e',47,'53fd3519f','35e6a80fd',4080,1415,1654001312,1654001312);
INSERT INTO player_score VALUES('61e3d563f',47,'53fd3519f','400f782a8',72000,1318,1653990914,1653990914);
INSERT INTO player_score VALUES('5b1af44ad',47,'53fd3519f','50dc5e705',278400,1281,1653808789,1653808789);
INSERT INTO player_score VALUES('6345bb8d1',47,'549787edd','2ac550ec3',82908,1254,1654028023,1654028023);
INSERT INTO player_score VALUES('62cb604df',47,'549787edd','347ea9db1',272688,1346,1654015193,1654015193);
INSERT INTO player_score VALUES('621393104',47,'549787edd','35e6a80fd',62640,1410,1653995920,1653995920);
INSERT INTO player_score VALUES('602abb05b',47,'549787edd','400f782a8',284316,1258,1653944661,1653944661);
INSERT INTO player_score VALUES('5b00da27d',47,'549787edd','50dc5e705',585200,1267,1653806052,1653806052);
INSERT INTO player_score VALUES('63bb39a8c',47,'549787edd','5777b84c4',539616,1363,1654040343,1654040343);
INSERT INTO player_score VALUES('62c2b50db',47,'5503a3b37','1a182c84a',95040,1241,1654014284,1654014284);
INSERT INTO player_score VALUES('52f24140c',47,'5503a3b37','1e199a485',107016,1079,1653589773,1653589773);
INSERT INTO player_score VALUES('630db44a2',47,'5503a3b37','286e09613',47328,1243,1654022148,1654022148);
INSERT INTO player_score VALUES('5e617197a',47,'5503a3b37','2ac550ec3',231280,1141,1653896711,1653896711);
INSERT INTO player_score VALUES('63ba19955',47,'5503a3b37','347ea9db1',156510,1376,1654040225,1654040225);
INSERT INTO player_score VALUES('5ca95526a',47,'5503a3b37','35e6a80fd',63878,1230,1653850562,1653850562);
INSERT INTO player_score VALUES('608db6665',47,'5503a3b37','400f782a8',6237,1272,1653955040,1653955040);
INSERT INTO player_score VALUES('5b130c5b7',47,'5503a3b37','50dc5e705',7840,1276,1653807960,1653807960);
INSERT INTO player_score VALUES('6076d571a',47,'57c144669','1a182c84a',297792,1213,1653952641,1653952641);
INSERT INTO player_score VALUES('5f6a561a9',47,'57c144669','286e09613',95700,1167,1653924487,1653924487);
INSERT INTO player_score VALUES('5e6f65626',47,'57c144669','2ac550ec3',42160,1143,1653898174,1653898174);
INSERT INTO player_score VALUES('631479aed',47,'57c144669','347ea9db1',58625,1356,1654022858,1654022858);
INSERT INTO player_score VALUES('63a8553ce',47,'57c144669','35e6a80fd',5280,1458,1654038362,1654038362);
INSERT INTO player_score VALUES('638e81ea5',47,'57c144669','400f782a8',41890,1397,1654035654,1654035654);
INSERT INTO player_score VALUES('5b09f340c',47,'57c144669','50dc5e705',73530,1269,1653807006,1653807006);
INSERT INTO player_score VALUES('62b490725',47,'57c144669','5777b84c4',12243,1248,1654012801,1654012801);
INSERT INTO player_score VALUES('59f4fe5f4',47,'587daa617','1a182c84a',9600,1106,1653777965,1653777965);
INSERT INTO player_score VALUES('5e6012098',47,'587daa617','286e09613',342912,1146,1653896567,1653896567);
INSERT INTO player_score VALUES('631a7471f',47,'587daa617','2ac550ec3',1872,1249,1654023485,1654023485);
INSERT INTO player_score VALUES('638007db4',47,'587daa617','347ea9db1',15105,1369,1654034136,1654034136);
INSERT INTO player_score VALUES('60b933333',47,'587daa617','35e6a80fd',304794,1363,1653959600,1653959600);
INSERT INTO player_score VALUES('63a50fd69',47,'587daa617','400f782a8',3382,1399,1654038019,1654038019);
INSERT INTO player_score VALUES('5afd21ff4',47,'587daa617','50dc5e705',260400,1263,1653805662,1653805662);
INSERT INTO player_score VALUES('62580c5ed',47,'587daa617','5777b84c4',361760,1213,1654003100,1654003100);
INSERT INTO player_score VALUES('5867ff824',47,'5b74997ef','1a182c84a',347634,1072,1653736337,1653736337);
INSERT INTO player_score VALUES('6120a2b12',47,'5b74997ef','286e09613',49184,1196,1653970446,1653970446);
INSERT INTO player_score VALUES('629a87673',47,'5b74997ef','2ac550ec3',11680,1241,1654010071,1654010071);
INSERT INTO player_score VALUES('61586f594',47,'5b74997ef','347ea9db1',198968,1306,1653976297,1653976297);
INSERT INTO player_score VALUES('637b3bd23',47,'5b74997ef','400f782a8',152684,1392,1654033633,1654033633);
INSERT INTO player_score VALUES('63ae3ee7e',47,'5b74997ef','5777b84c4',343728,1356,1654038982,1654038982);
INSERT INTO player_score VALUES('62d3742cd',47,'5bb867e4a','1a182c84a',72912,1243,1654016040,1654016040);
INSERT INTO player_score VALUES('61295c949',47,'5bb867e4a','286e09613',27600,1198,1653971361,1653971361);
INSERT INTO player_score VALUES('5fd2b4d7f',47,'5bb867e4a','2ac550ec3',93786,1177,1653935431,1653935431);
INSERT INTO player_score VALUES('6101f994d',47,'5bb867e4a','347ea9db1',83600,1296,1653967231,1653967231);
INSERT INTO player_score VALUES('614f145a0',47,'5bb867e4a','35e6a80fd',290400,1378,1653975316,1653975316);
INSERT INTO player_score VALUES('63c02cc1b',47,'5bb867e4a','400f782a8',2842,1405,1654040862,1654040862);
INSERT INTO player_score VALUES('63a2dbe01',47,'5bb867e4a','5777b84c4',221760,1351,1654037788,1654037788);
INSERT INTO player_score VALUES('6000f5ad1',47,'5e2b5780d','1a182c84a',12320,1207,1653940281,1653940281);
INSERT INTO player_score VALUES('639fe228a',47,'5e2b5780d','286e09613',9401,1253,1654037476,1654037476);
INSERT INTO player_score VALUES('5f422605d',47,'5e2b5780d','2ac550ec3',226950,1167,1653920273,1653920273);
INSERT INTO player_score VALUES('57867b979',47,'5e2b5780d','347ea9db1',72576,1011,1653712690,1653712690);
INSERT INTO player_score VALUES('615527815',47,'5e2b5780d','35e6a80fd',383760,1380,1653975953,1653975953);
INSERT INTO player_score VALUES('6038a77a1',47,'5e2b5780d','400f782a8',41250,1261,1653946121,1653946121);
INSERT INTO player_score VALUES('6378e5ae1',47,'5e2b5780d','5777b84c4',32428,1330,1654033388,1654033388);
INSERT INTO player_score VALUES('634e9eef7',47,'5e3c22d2e','1a182c84a',164016,1251,1654028955,1654028955);
INSERT INTO player_score VALUES('62924c78a',47,'5e3c22d2e','286e09613',56758,1227,1654009208,1654009208);
INSERT INTO player_score VALUES('61f34ae8a',47,'5e3c22d2e','2ac550ec3',414720,1223,1653992535,1653992535);
INSERT INTO player_score VALUES('5d0e1defb',47,'5e3c22d2e','347ea9db1',115884,1169,1653861130,1653861130);
INSERT INTO player_score VALUES('61f097fe2',47,'5e3c22d2e','35e6a80fd',14355,1403,1653992252,1653992252);
INSERT INTO player_score VALUES('61cbca9e7',47,'5e3c22d2e','400f782a8',264704,1316,1653988393,1653988393);
INSERT INTO player_score VALUES('5e5d6dc7c',47,'5f6a2f0b7','1a182c84a',4620,1176,1653896290,1653896290);
INSERT INTO player_score VALUES('62d49922a',47,'5f6a2f0b7','286e09613',33408,1236,1654016160,1654016160);
INSERT INTO player_score VALUES('5d1fc288f',47,'5f6a2f0b7','2ac550ec3',19227,1114,1653862980,1653862980);
INSERT INTO player_score VALUES('632b8b710',47,'5f6a2f0b7','347ea9db1',424242,1358,1654025277,1654025277);
INSERT INTO player_score VALUES('6261257b6',47,'5f6a2f0b7','35e6a80fd',23862,1419,1654004054,1654004054);
INSERT INTO player_score VALUES('62bb5d2fe',47,'5f6a2f0b7','400f782a8',41496,1357,1654013514,1654013514);
INSERT INTO player_score VALUES('638ac754b',47,'5f6a2f0b7','5777b84c4',1188,1339,1654035263,1654035263);
INSERT INTO player_score VALUES('62a1df4d5',47,'60b6df80a','1a182c84a',50490,1238,1654010841,1654010841);
INSERT INTO player_score VALUES('63b3f7c59',47,'60b6df80a','286e09613',331760,1256,1654039582,1654039582);
INSERT INTO player_score VALUES('629cbb613',47,'60b6df80a','347ea9db1',82156,1339,1654010302,1654010302);
INSERT INTO player_score VALUES('5e8e88924',47,'60b6df80a','35e6a80fd',66176,1299,1653901439,1653901439);
INSERT INTO player_score VALUES('628427e2b',47,'60b6df80a','400f782a8',52836,1348,1654007725,1654007725);
INSERT INTO player_score VALUES('62f1d40a8',47,'60b6df80a','5777b84c4',161226,1280,1654019225,1654019225);
INSERT INTO player_score VALUES('5da1cffed',47,'62d97d974','1a182c84a',120150,1166,1653876617,1653876617);
INSERT INTO player_score VALUES('5fc461dea',47,'62d97d974','286e09613',4428,1173,1653933929,1653933929);
INSERT INTO player_score VALUES('6003bc225',47,'62d97d974','2ac550ec3',13500,1182,1653940572,1653940572);
INSERT INTO player_score VALUES('63905dfeb',47,'62d97d974','347ea9db1',166600,1371,1654035849,1654035849);
INSERT INTO player_score VALUES('612207246',47,'62d97d974','35e6a80fd',101500,1372,1653970592,1653970592);
INSERT INTO player_score VALUES('638bf87fa',47,'62d97d974','400f782a8',554700,1396,1654035388,1654035388);
INSERT INTO player_score VALUES('638dfe12e',47,'62d97d974','5777b84c4',417240,1340,1654035600,1654035600);
COMMIT;
