
BEGIN;
CREATE TABLE IF NOT EXISTS competition (
  id VARCHAR(255) NOT NULL PRIMARY KEY,
  tenant_id BIGINT NOT NULL,
  title TEXT NOT NULL,
  finished_at BIGINT NULL,
  created_at BIGINT NOT NULL,
  updated_at BIGINT NOT NULL
);
INSERT INTO competition VALUES('14e3cbaa3',48,'第9回 すべからく魔剤支部',1652121209,1651923957,1652121209);
INSERT INTO competition VALUES('1fd2b7172',48,'第5回 マンゴスチン同好会',1654013754,1652217445,1654013754);
INSERT INTO competition VALUES('20eb46d41',48,'さいたま新都心鎮魂歌 vol.9',NULL,1652246864,1653549116);
INSERT INTO competition VALUES('2a489aa2e',48,'並行CPUロワイヤル vol.5',1653241415,1652498242,1653241415);
INSERT INTO competition VALUES('3b4c521e0',48,'おしゃれパエリア食べたい vol.6',1653832973,1652954972,1653832973);
INSERT INTO competition VALUES('3c668835e',48,'第8回 マジック海老名鎮魂歌',1653224890,1652984564,1653224890);
INSERT INTO competition VALUES('3f698a24b',48,'第5回 おばさんクラッシャー',NULL,1653065410,1653208362);
INSERT INTO competition VALUES('43fa09e20',48,'アロエ家 vol.8',NULL,1653187936,1653418989);
INSERT INTO competition VALUES('520d47161',48,'キウイ図書館 #7',NULL,1653565763,1653896045);
INSERT INTO competition VALUES('539890f26',48,'がんばれ代々木都市杯',1653764434,1653607212,1653764434);
INSERT INTO competition VALUES('54808744f',48,'量子NAT屋さんカップ',NULL,1653631535,1653748238);
INSERT INTO competition VALUES('586eb1624',48,'カニシステムカップ',1653840673,1653737039,1653840673);
INSERT INTO competition VALUES('597095e6f',48,'黒広尾穏健派カップ',NULL,1653764081,1653829498);
INSERT INTO competition VALUES('5c09051dc',48,'ラーメンTHAN杯',1653842419,1653833752,1653842419);
INSERT INTO competition VALUES('6081d464f',48,'太麺に全振りカップ',1653991601,1653953794,1653991601);
INSERT INTO competition VALUES('6383f5b81',48,'家ビーチカップ',1654035120,1654034548,1654035120);
CREATE TABLE IF NOT EXISTS player (
  id VARCHAR(255) NOT NULL PRIMARY KEY,
  tenant_id BIGINT NOT NULL,
  display_name TEXT NOT NULL,
  is_disqualified BOOLEAN NOT NULL,
  created_at BIGINT NOT NULL,
  updated_at BIGINT NOT NULL
);
INSERT INTO player VALUES('1568f2934',48,'Ellis Casper',0,1651937919,1653897179);
INSERT INTO player VALUES('15af71743',48,'Amanda Connelly',0,1651945311,1652076386);
INSERT INTO player VALUES('177095ea2',48,'Randall Roberts',0,1651992407,1652767068);
INSERT INTO player VALUES('18b4481dd',48,'Forest Hudson MD',0,1652026349,1652565295);
INSERT INTO player VALUES('192fe0c2f',48,'Providenci Green',0,1652039309,1652903066);
INSERT INTO player VALUES('1b1dba85d',48,'Yessenia Schuppe',0,1652091093,1652203331);
INSERT INTO player VALUES('1c766a478',48,'Susie Bashirian',0,1652127236,1652541546);
INSERT INTO player VALUES('2247015eb',48,'Dewayne Rogahn',0,1652283326,1652664237);
INSERT INTO player VALUES('2294e4598',48,'Jordy Kunde',0,1652291493,1653120127);
INSERT INTO player VALUES('22e77aedb',48,'Gonzalo Fahey',0,1652300153,1653449362);
INSERT INTO player VALUES('22ebc0aed',48,'Mr. Curtis Lemke',0,1652300601,1653748055);
INSERT INTO player VALUES('2326dc805',48,'Katharina Monahan',0,1652306799,1653991278);
INSERT INTO player VALUES('23668ea9c',48,'Ms. Katlyn Gorczany',0,1652313478,1652461861);
INSERT INTO player VALUES('252db7a88',48,'Stanley Wehner Jr.',0,1652361205,1653136251);
INSERT INTO player VALUES('253cc6a15',48,'Christopher Friesen',0,1652362784,1652462435);
INSERT INTO player VALUES('262b629dd',48,'Peyton Mueller',0,1652387804,1652976400);
INSERT INTO player VALUES('27952bce7',48,'Gus Baumbach',0,1652425740,1652539172);
INSERT INTO player VALUES('28a334379',48,'Mr. Tyrese Ruecker IV',0,1652454055,1652739605);
INSERT INTO player VALUES('2a8d8b921',48,'Shaniya Hyatt',0,1652505471,1653980885);
INSERT INTO player VALUES('2e919b2d1',48,'Ms. Lue Blanda PhD',0,1652613271,1653032701);
INSERT INTO player VALUES('2f011735c',48,'Sincere Altenwerth',0,1652624961,1653918713);
INSERT INTO player VALUES('2fa3daac4',48,'Gracie Heller',0,1652642028,1653099442);
INSERT INTO player VALUES('2fcc20bbe',48,'Ally Veum',0,1652646251,1652895356);
INSERT INTO player VALUES('3175b6f29',48,'Pansy Miller',0,1652690877,1653188609);
INSERT INTO player VALUES('3211b9e63',48,'Colton VonRueden',0,1652707236,1654021578);
INSERT INTO player VALUES('33fc4966f',48,'Malvina Kris',0,1652758675,1653345008);
INSERT INTO player VALUES('350702a93',48,'Aletha Nienow',0,1652786643,1653544832);
INSERT INTO player VALUES('3542e6af2',48,'Kaleigh Bernier',0,1652792923,1653627940);
INSERT INTO player VALUES('36e6ae104',48,'Jamal Nienow Sr.',0,1652836940,1653465990);
INSERT INTO player VALUES('37af8885b',48,'Emmett Conn',0,1652858001,1653989411);
INSERT INTO player VALUES('37ecb8932',48,'Ms. Estella Stehr',0,1652864417,1652928020);
INSERT INTO player VALUES('3951b0dc8',48,'Angelo Herzog',0,1652901848,1653455877);
INSERT INTO player VALUES('39ed4ad5f',48,'Taryn Green',0,1652918164,1653362194);
INSERT INTO player VALUES('3c1600fb7',48,'Maye Ziemann',0,1652976120,1653870120);
INSERT INTO player VALUES('3cd40d519',48,'Mr. Chadrick Hansen PhD',0,1652996048,1653770796);
INSERT INTO player VALUES('3da18f327',48,'Lorna Harber',0,1653017597,1653844385);
INSERT INTO player VALUES('3e70200e4',48,'Ms. Erna Jones',0,1653039257,1653935814);
INSERT INTO player VALUES('3ec4b2718',48,'Aliyah Green',0,1653048125,1653300122);
INSERT INTO player VALUES('3fe82b245',48,'Kelsi Ziemann',0,1653078688,1653994047);
INSERT INTO player VALUES('419cc047a',48,'Lane Rice III',0,1653124467,1653573772);
INSERT INTO player VALUES('455961ba6',48,'Diana Ullrich',0,1653224777,1653587339);
INSERT INTO player VALUES('45b917aec',48,'Sadie Rohan',0,1653234813,1653661035);
INSERT INTO player VALUES('47969403a',48,'Mr. Selmer Medhurst DDS',0,1653284881,1653843387);
INSERT INTO player VALUES('49c75441c',48,'Greg Sawayn',0,1653343680,1653540320);
INSERT INTO player VALUES('4a3954d36',48,'Ms. Meagan Rippin Sr.',1,1653355634,1653748410);
INSERT INTO player VALUES('4a83959c7',48,'Kayleigh Heidenreich',0,1653363420,1653663498);
INSERT INTO player VALUES('4b64c68c7',48,'Erna Metz DVM',0,1653387033,1653805650);
INSERT INTO player VALUES('4c5ec31f3',48,'Rigoberto Stamm',0,1653413246,1653933967);
INSERT INTO player VALUES('4c7b447b6',48,'Ms. Shany Dickinson',0,1653416235,1653660200);
INSERT INTO player VALUES('4dc04c80e',48,'Ms. Vida Hudson V',0,1653450317,1653679715);
INSERT INTO player VALUES('4f015f534',48,'Ms. Margarete Welch II',0,1653483984,1653810365);
INSERT INTO player VALUES('50ecc81d0',48,'Ardith Goldner',0,1653535512,1653709749);
INSERT INTO player VALUES('51c125586',48,'Brandt Ullrich',0,1653557780,1653848745);
INSERT INTO player VALUES('5ac97b581',48,'Mr. Baron Stehr II',0,1653800246,1653836235);
INSERT INTO player VALUES('5ae909f5c',48,'Yasmeen Mertz',1,1653803555,1653932850);
INSERT INTO player VALUES('5bad297dc',48,'Bonita Towne',0,1653824120,1654033182);
INSERT INTO player VALUES('5fd7f8825',48,'Evelyn Medhurst DDS',0,1653935983,1653959592);
INSERT INTO player VALUES('608d2b387',48,'Arlo Mann',0,1653954983,1654036624);
INSERT INTO player VALUES('60c2d0260',48,'Albertha Daniel',0,1653960608,1654025165);
INSERT INTO player VALUES('611b15c84',48,'Elvie Medhurst V',0,1653969864,1654014345);
INSERT INTO player VALUES('6294c73d3',48,'Noel Senger',0,1654009468,1654031296);
INSERT INTO player VALUES('632091624',48,'Verner Cruickshank',0,1654024126,1654027532);
CREATE TABLE IF NOT EXISTS player_score (
                              id VARCHAR(255) NOT NULL PRIMARY KEY,
                              tenant_id BIGINT NOT NULL,
                              player_id VARCHAR(255) NOT NULL,
                              competition_id VARCHAR(255) NOT NULL,
                              score BIGINT NOT NULL,
                              row_num BIGINT NOT NULL,
                              created_at BIGINT NOT NULL,
                              updated_at BIGINT NOT NULL
);
INSERT INTO player_score VALUES('1c2eb5580',48,'1568f2934','14e3cbaa3',112926,149,1652119717,1652119717);
INSERT INTO player_score VALUES('548b8634b',48,'1568f2934','1fd2b7172',94248,906,1653632688,1653632688);
INSERT INTO player_score VALUES('452779dd9',48,'1568f2934','2a489aa2e',305252,756,1653219544,1653219544);
INSERT INTO player_score VALUES('5ba51a7d5',48,'1568f2934','3b4c521e0',19872,978,1653823275,1653823275);
INSERT INTO player_score VALUES('4523f0170',48,'1568f2934','3c668835e',17472,765,1653219173,1653219173);
INSERT INTO player_score VALUES('6044feabb',48,'1568f2934','3f698a24b',168168,1013,1653947415,1653947415);
INSERT INTO player_score VALUES('618ca39c4',48,'1568f2934','43fa09e20',6364,1129,1653981771,1653981771);
INSERT INTO player_score VALUES('638755fa6',48,'1568f2934','520d47161',143106,1126,1654034902,1654034902);
INSERT INTO player_score VALUES('596521c26',48,'1568f2934','539890f26',1820,956,1653762880,1653762880);
INSERT INTO player_score VALUES('6350d2e2b',48,'1568f2934','54808744f',11316,1237,1654029186,1654029186);
INSERT INTO player_score VALUES('5c3cb317b',48,'1568f2934','586eb1624',7623,1023,1653839171,1653839171);
INSERT INTO player_score VALUES('5c5a325cd',48,'1568f2934','5c09051dc',45441,950,1653842264,1653842264);
INSERT INTO player_score VALUES('61abc45f9',48,'1568f2934','6081d464f',626080,936,1653985035,1653985035);
INSERT INTO player_score VALUES('638839052',48,'1568f2934','6383f5b81',291776,950,1654034995,1654034995);
INSERT INTO player_score VALUES('1c3040db5',48,'15af71743','14e3cbaa3',85540,150,1652119879,1652119879);
INSERT INTO player_score VALUES('5f037b889',48,'15af71743','1fd2b7172',141372,1079,1653913702,1653913702);
INSERT INTO player_score VALUES('573f5b956',48,'15af71743','20eb46d41',46560,874,1653705232,1653705232);
INSERT INTO player_score VALUES('4410f2231',48,'15af71743','2a489aa2e',251100,728,1653190338,1653190338);
INSERT INTO player_score VALUES('5bdd8abbe',48,'15af71743','3b4c521e0',258258,984,1653829193,1653829193);
INSERT INTO player_score VALUES('45532c5ea',48,'15af71743','3c668835e',71760,780,1653224126,1653224126);
INSERT INTO player_score VALUES('61e63f153',48,'15af71743','3f698a24b',23408,1066,1653991167,1653991167);
INSERT INTO player_score VALUES('61a815fbb',48,'15af71743','43fa09e20',7038,1133,1653984649,1653984649);
INSERT INTO player_score VALUES('626c41b94',48,'15af71743','520d47161',47040,1056,1654005219,1654005219);
INSERT INTO player_score VALUES('593aa0678',48,'15af71743','539890f26',130560,925,1653758423,1653758423);
INSERT INTO player_score VALUES('60c6c5556',48,'15af71743','54808744f',39715,1054,1653961023,1653961023);
INSERT INTO player_score VALUES('5c425ad48',48,'15af71743','586eb1624',275280,1030,1653839764,1653839764);
INSERT INTO player_score VALUES('63b393a6c',48,'15af71743','597095e6f',17875,1218,1654039541,1654039541);
INSERT INTO player_score VALUES('5c59b0f4c',48,'15af71743','5c09051dc',5346,944,1653842211,1653842211);
INSERT INTO player_score VALUES('61d447747',48,'15af71743','6081d464f',434496,1055,1653989283,1653989283);
INSERT INTO player_score VALUES('1c2e8e480',48,'177095ea2','14e3cbaa3',254540,148,1652119701,1652119701);
INSERT INTO player_score VALUES('5c692b5e7',48,'177095ea2','1fd2b7172',41847,1031,1653843834,1653843834);
INSERT INTO player_score VALUES('4543441ca',48,'177095ea2','2a489aa2e',305280,759,1653222458,1653222458);
INSERT INTO player_score VALUES('54f9a791d',48,'177095ea2','3b4c521e0',71712,796,1653644236,1653644236);
INSERT INTO player_score VALUES('4474f047e',48,'177095ea2','3c668835e',73458,700,1653200823,1653200823);
INSERT INTO player_score VALUES('631ee13f3',48,'177095ea2','3f698a24b',100448,1115,1654023949,1654023949);
INSERT INTO player_score VALUES('61f8ae50a',48,'177095ea2','43fa09e20',42408,1143,1653993100,1653993100);
INSERT INTO player_score VALUES('631ec8d5f',48,'177095ea2','520d47161',33120,1095,1654023939,1654023939);
INSERT INTO player_score VALUES('59689ce2b',48,'177095ea2','539890f26',87750,958,1653763245,1653763245);
INSERT INTO player_score VALUES('63b0929c9',48,'177095ea2','54808744f',6045,1259,1654039226,1654039226);
INSERT INTO player_score VALUES('5c39ef131',48,'177095ea2','586eb1624',83435,1019,1653838881,1653838881);
INSERT INTO player_score VALUES('6300ca9b2',48,'177095ea2','597095e6f',1536,1138,1654020794,1654020794);
INSERT INTO player_score VALUES('5c54f87a4',48,'177095ea2','5c09051dc',74100,884,1653841716,1653841716);
INSERT INTO player_score VALUES('61db47760',48,'177095ea2','6081d464f',476520,1073,1653990017,1653990017);
INSERT INTO player_score VALUES('63891e85e',48,'177095ea2','6383f5b81',62640,1164,1654035089,1654035089);
INSERT INTO player_score VALUES('1b71e3f02',48,'18b4481dd','14e3cbaa3',58050,135,1652099918,1652099918);
INSERT INTO player_score VALUES('5ef4457e1',48,'18b4481dd','1fd2b7172',38335,1076,1653912107,1653912107);
INSERT INTO player_score VALUES('618298cf9',48,'18b4481dd','20eb46d41',183600,1055,1653980718,1653980718);
INSERT INTO player_score VALUES('45e831cd3',48,'18b4481dd','2a489aa2e',150304,778,1653239752,1653239752);
INSERT INTO player_score VALUES('5a56b508b',48,'18b4481dd','3b4c521e0',469800,939,1653788211,1653788211);
INSERT INTO player_score VALUES('452e7c4b5',48,'18b4481dd','3c668835e',45650,772,1653220279,1653220279);
INSERT INTO player_score VALUES('5e354c585',48,'18b4481dd','43fa09e20',31850,994,1653892082,1653892082);
INSERT INTO player_score VALUES('6137f8ce9',48,'18b4481dd','520d47161',17936,995,1653972893,1653972893);
INSERT INTO player_score VALUES('6334dcb0c',48,'18b4481dd','54808744f',13230,1234,1654026254,1654026254);
INSERT INTO player_score VALUES('5c18008df',48,'18b4481dd','586eb1624',171072,986,1653835323,1653835323);
INSERT INTO player_score VALUES('63a517278',48,'18b4481dd','597095e6f',1440,1207,1654038022,1654038022);
INSERT INTO player_score VALUES('5c5b28f28',48,'18b4481dd','5c09051dc',251940,965,1653842365,1653842365);
INSERT INTO player_score VALUES('61e94c534',48,'18b4481dd','6081d464f',24480,1116,1653991487,1653991487);
INSERT INTO player_score VALUES('6388fc54a',48,'18b4481dd','6383f5b81',375535,1138,1654035075,1654035075);
INSERT INTO player_score VALUES('1c2e89636',48,'192fe0c2f','14e3cbaa3',2800,147,1652119699,1652119699);
INSERT INTO player_score VALUES('6270ae86d',48,'192fe0c2f','20eb46d41',61712,1070,1654005683,1654005683);
INSERT INTO player_score VALUES('4277f6727',48,'192fe0c2f','2a489aa2e',163800,701,1653147453,1653147453);
INSERT INTO player_score VALUES('58adee562',48,'192fe0c2f','3b4c521e0',378,891,1653743670,1653743670);
INSERT INTO player_score VALUES('452473f0b',48,'192fe0c2f','3c668835e',7656,766,1653219227,1653219227);
INSERT INTO player_score VALUES('5f2de2094',48,'192fe0c2f','3f698a24b',47520,977,1653918148,1653918148);
INSERT INTO player_score VALUES('6127ee603',48,'192fe0c2f','43fa09e20',341760,1111,1653971211,1653971211);
INSERT INTO player_score VALUES('63791b62b',48,'192fe0c2f','520d47161',6630,1119,1654033410,1654033410);
INSERT INTO player_score VALUES('58ecff5c1',48,'192fe0c2f','539890f26',29040,881,1653750283,1653750283);
INSERT INTO player_score VALUES('63aca9a58',48,'192fe0c2f','54808744f',11160,1258,1654038816,1654038816);
INSERT INTO player_score VALUES('62c560a63',48,'192fe0c2f','597095e6f',136488,1116,1654014564,1654014564);
INSERT INTO player_score VALUES('5c5a87ccc',48,'192fe0c2f','5c09051dc',106200,955,1653842299,1653842299);
INSERT INTO player_score VALUES('61e3c9328',48,'192fe0c2f','6081d464f',6000,1099,1653990909,1653990909);
INSERT INTO player_score VALUES('6388c6a1b',48,'192fe0c2f','6383f5b81',1020,1083,1654035053,1654035053);
INSERT INTO player_score VALUES('1bcd14ae3',48,'1b1dba85d','14e3cbaa3',13104,141,1652109480,1652109480);
INSERT INTO player_score VALUES('5f805b4f7',48,'1b1dba85d','1fd2b7172',328328,1088,1653926796,1653926796);
INSERT INTO player_score VALUES('5cf1164c1',48,'1b1dba85d','20eb46d41',286224,971,1653858086,1653858086);
INSERT INTO player_score VALUES('435d2b31c',48,'1b1dba85d','2a489aa2e',24700,716,1653171487,1653171487);
INSERT INTO player_score VALUES('5b8218159',48,'1b1dba85d','3b4c521e0',118335,972,1653819604,1653819604);
INSERT INTO player_score VALUES('45502193e',48,'1b1dba85d','3c668835e',375648,779,1653223807,1653223807);
INSERT INTO player_score VALUES('637022067',48,'1b1dba85d','3f698a24b',104130,1128,1654032469,1654032469);
INSERT INTO player_score VALUES('629f07c13',48,'1b1dba85d','43fa09e20',47600,1160,1654010543,1654010543);
INSERT INTO player_score VALUES('63b7b9ae9',48,'1b1dba85d','520d47161',169785,1138,1654039976,1654039976);
INSERT INTO player_score VALUES('5958bbf1e',48,'1b1dba85d','539890f26',109040,948,1653761580,1653761580);
INSERT INTO player_score VALUES('639789ee7',48,'1b1dba85d','54808744f',11610,1253,1654036601,1654036601);
INSERT INTO player_score VALUES('5c4a11f29',48,'1b1dba85d','586eb1624',416330,1042,1653840573,1653840573);
INSERT INTO player_score VALUES('632a15e42',48,'1b1dba85d','597095e6f',22720,1158,1654025124,1654025124);
INSERT INTO player_score VALUES('5c5b12f68',48,'1b1dba85d','5c09051dc',13266,964,1653842356,1653842356);
INSERT INTO player_score VALUES('61e55242b',48,'1b1dba85d','6081d464f',546048,1103,1653991070,1653991070);
INSERT INTO player_score VALUES('63895dfdc',48,'1b1dba85d','6383f5b81',66528,1220,1654035115,1654035115);
INSERT INTO player_score VALUES('617844c8f',48,'1c766a478','1fd2b7172',68799,1113,1653979635,1653979635);
INSERT INTO player_score VALUES('62a8d5871',48,'1c766a478','20eb46d41',44220,1073,1654011571,1654011571);
INSERT INTO player_score VALUES('454f76aab',48,'1c766a478','2a489aa2e',272076,764,1653223737,1653223737);
INSERT INTO player_score VALUES('5bdca7b0b',48,'1c766a478','3b4c521e0',101136,983,1653829100,1653829100);
INSERT INTO player_score VALUES('4529b5225',48,'1c766a478','3c668835e',51350,770,1653219778,1653219778);
INSERT INTO player_score VALUES('6356ed648',48,'1c766a478','3f698a24b',25440,1120,1654029826,1654029826);
INSERT INTO player_score VALUES('63b347fb0',48,'1c766a478','520d47161',99372,1134,1654039510,1654039510);
INSERT INTO player_score VALUES('6295881c5',48,'1c766a478','54808744f',4560,1186,1654009547,1654009547);
INSERT INTO player_score VALUES('5bd64db37',48,'1c766a478','586eb1624',496620,908,1653828434,1653828434);
INSERT INTO player_score VALUES('63502a72a',48,'1c766a478','597095e6f',427248,1174,1654029117,1654029117);
INSERT INTO player_score VALUES('5c5afa8bd',48,'1c766a478','5c09051dc',66690,963,1653842346,1653842346);
INSERT INTO player_score VALUES('61e68fa12',48,'1c766a478','6081d464f',80388,1106,1653991200,1653991200);
INSERT INTO player_score VALUES('638945962',48,'1c766a478','6383f5b81',22620,1195,1654035105,1654035105);
INSERT INTO player_score VALUES('62702f92c',48,'2247015eb','1fd2b7172',24000,1135,1654005631,1654005631);
INSERT INTO player_score VALUES('61d6b1225',48,'2247015eb','20eb46d41',39556,1062,1653989536,1653989536);
INSERT INTO player_score VALUES('45738a840',48,'2247015eb','2a489aa2e',280966,769,1653227520,1653227520);
INSERT INTO player_score VALUES('5beff9f97',48,'2247015eb','3b4c521e0',46494,987,1653831126,1653831126);
INSERT INTO player_score VALUES('450a638fa',48,'2247015eb','3c668835e',39690,753,1653216494,1653216494);
INSERT INTO player_score VALUES('6387e1246',48,'2247015eb','3f698a24b',81408,1130,1654034959,1654034959);
INSERT INTO player_score VALUES('63bbaedc2',48,'2247015eb','43fa09e20',122640,1201,1654040391,1654040391);
INSERT INTO player_score VALUES('63abfebbe',48,'2247015eb','520d47161',216,1132,1654038746,1654038746);
INSERT INTO player_score VALUES('5949e9fc0',48,'2247015eb','539890f26',753300,934,1653760026,1653760026);
INSERT INTO player_score VALUES('63a79e264',48,'2247015eb','54808744f',85320,1256,1654038287,1654038287);
INSERT INTO player_score VALUES('5c330ed29',48,'2247015eb','586eb1624',17457,1013,1653838160,1653838160);
INSERT INTO player_score VALUES('63b1b798b',48,'2247015eb','597095e6f',5896,1216,1654039346,1654039346);
INSERT INTO player_score VALUES('5c57fbf10',48,'2247015eb','5c09051dc',141100,922,1653842032,1653842032);
INSERT INTO player_score VALUES('61adffa5a',48,'2247015eb','6081d464f',36480,943,1653985269,1653985269);
INSERT INTO player_score VALUES('638923671',48,'2247015eb','6383f5b81',68208,1169,1654035091,1654035091);
INSERT INTO player_score VALUES('5ee6123b5',48,'2294e4598','1fd2b7172',356902,1074,1653910618,1653910618);
INSERT INTO player_score VALUES('63a18614e',48,'2294e4598','20eb46d41',36024,1085,1654037648,1654037648);
INSERT INTO player_score VALUES('45987ef57',48,'2294e4598','2a489aa2e',4160,773,1653231395,1653231395);
INSERT INTO player_score VALUES('5ad388997',48,'2294e4598','3b4c521e0',15180,952,1653801300,1653801300);
INSERT INTO player_score VALUES('44f00ed77',48,'2294e4598','3c668835e',179088,740,1653213733,1653213733);
INSERT INTO player_score VALUES('630f55c05',48,'2294e4598','3f698a24b',22932,1109,1654022319,1654022319);
INSERT INTO player_score VALUES('61001d7dd',48,'2294e4598','43fa09e20',34720,1107,1653967036,1653967036);
INSERT INTO player_score VALUES('63c33c762',48,'2294e4598','520d47161',3584,1146,1654041183,1654041183);
INSERT INTO player_score VALUES('5949f1517',48,'2294e4598','539890f26',263384,935,1653760029,1653760029);
INSERT INTO player_score VALUES('637ef8ded',48,'2294e4598','54808744f',276675,1245,1654034025,1654034025);
INSERT INTO player_score VALUES('5c42a6868',48,'2294e4598','586eb1624',10452,1032,1653839795,1653839795);
INSERT INTO player_score VALUES('631d18b25',48,'2294e4598','597095e6f',39936,1152,1654023762,1654023762);
INSERT INTO player_score VALUES('5c5960647',48,'2294e4598','5c09051dc',93960,940,1653842178,1653842178);
INSERT INTO player_score VALUES('61b8d9fa6',48,'2294e4598','6081d464f',72072,971,1653986407,1653986407);
INSERT INTO player_score VALUES('638923672',48,'2294e4598','6383f5b81',93896,1174,1654035091,1654035091);
INSERT INTO player_score VALUES('6217ddb65',48,'22e77aedb','1fd2b7172',150480,1128,1653996370,1653996370);
INSERT INTO player_score VALUES('6219b9c69',48,'22e77aedb','20eb46d41',253968,1066,1653996565,1653996565);
INSERT INTO player_score VALUES('42970fddc',48,'22e77aedb','2a489aa2e',289440,703,1653150714,1653150714);
INSERT INTO player_score VALUES('5b5f94a2e',48,'22e77aedb','3b4c521e0',32120,967,1653815985,1653815985);
INSERT INTO player_score VALUES('44a712c4a',48,'22e77aedb','3c668835e',89856,717,1653206080,1653206080);
INSERT INTO player_score VALUES('63c317d5b',48,'22e77aedb','3f698a24b',11968,1137,1654041168,1654041168);
INSERT INTO player_score VALUES('61d5910d2',48,'22e77aedb','43fa09e20',30954,1138,1653989418,1653989418);
INSERT INTO player_score VALUES('63bd4de33',48,'22e77aedb','520d47161',1496,1142,1654040561,1654040561);
INSERT INTO player_score VALUES('594a8b1cf',48,'22e77aedb','539890f26',36750,937,1653760092,1653760092);
INSERT INTO player_score VALUES('630797582',48,'22e77aedb','54808744f',5130,1220,1654021507,1654021507);
INSERT INTO player_score VALUES('5bfb4e5e6',48,'22e77aedb','586eb1624',323900,954,1653832314,1653832314);
INSERT INTO player_score VALUES('62c3032d0',48,'22e77aedb','597095e6f',142000,1114,1654014316,1654014316);
INSERT INTO player_score VALUES('5c5aee5a6',48,'22e77aedb','5c09051dc',69615,961,1653842341,1653842341);
INSERT INTO player_score VALUES('61e1beb76',48,'22e77aedb','6081d464f',306000,1093,1653990695,1653990695);
INSERT INTO player_score VALUES('63895b8e1',48,'22e77aedb','6383f5b81',40200,1219,1654035114,1654035114);
INSERT INTO player_score VALUES('5c45b3c66',48,'22ebc0aed','1fd2b7172',52800,1028,1653840115,1653840115);
INSERT INTO player_score VALUES('62e17b7a0',48,'22ebc0aed','20eb46d41',188150,1079,1654017511,1654017511);
INSERT INTO player_score VALUES('42775ca3b',48,'22ebc0aed','2a489aa2e',404376,700,1653147390,1653147390);
INSERT INTO player_score VALUES('5780e75d0',48,'22ebc0aed','3b4c521e0',56672,865,1653712105,1653712105);
INSERT INTO player_score VALUES('451490894',48,'22ebc0aed','3c668835e',110390,758,1653217561,1653217561);
INSERT INTO player_score VALUES('636143e1f',48,'22ebc0aed','3f698a24b',68376,1122,1654030910,1654030910);
INSERT INTO player_score VALUES('5fda6bf04',48,'22ebc0aed','43fa09e20',24752,1059,1653936240,1653936240);
INSERT INTO player_score VALUES('592acbac4',48,'22ebc0aed','539890f26',22360,916,1653756763,1653756763);
INSERT INTO player_score VALUES('63a19e808',48,'22ebc0aed','54808744f',29120,1254,1654037658,1654037658);
INSERT INTO player_score VALUES('5c44f555d',48,'22ebc0aed','586eb1624',9804,1034,1653840037,1653840037);
INSERT INTO player_score VALUES('62b595b10',48,'22ebc0aed','597095e6f',7100,1107,1654012908,1654012908);
INSERT INTO player_score VALUES('5c50e11a8',48,'22ebc0aed','5c09051dc',28224,839,1653841287,1653841287);
INSERT INTO player_score VALUES('61d99750f',48,'22ebc0aed','6081d464f',28424,1068,1653989840,1653989840);
INSERT INTO player_score VALUES('638890eb2',48,'22ebc0aed','6383f5b81',32436,1032,1654035031,1654035031);
INSERT INTO player_score VALUES('5d269de7b',48,'2326dc805','1fd2b7172',8112,1043,1653863699,1653863699);
INSERT INTO player_score VALUES('635c5d012',48,'2326dc805','20eb46d41',334552,1083,1654030396,1654030396);
INSERT INTO player_score VALUES('3de4d9c07',48,'2326dc805','2a489aa2e',76908,578,1653024653,1653024653);
INSERT INTO player_score VALUES('590d00ba5',48,'2326dc805','3b4c521e0',177600,903,1653753639,1653753639);
INSERT INTO player_score VALUES('452e0bfb1',48,'2326dc805','3c668835e',0,771,1653220233,1653220233);
INSERT INTO player_score VALUES('630768f14',48,'2326dc805','3f698a24b',124936,1108,1654021488,1654021488);
INSERT INTO player_score VALUES('638b80dd1',48,'2326dc805','43fa09e20',25960,1196,1654035339,1654035339);
INSERT INTO player_score VALUES('635896306',48,'2326dc805','520d47161',60306,1105,1654030000,1654030000);
INSERT INTO player_score VALUES('58ca7708e',48,'2326dc805','539890f26',53580,862,1653746662,1653746662);
INSERT INTO player_score VALUES('63c271d33',48,'2326dc805','54808744f',825,1264,1654041100,1654041100);
INSERT INTO player_score VALUES('5bf6c4432',48,'2326dc805','586eb1624',7482,950,1653831838,1653831838);
INSERT INTO player_score VALUES('6360bb2b8',48,'2326dc805','597095e6f',3780,1185,1654030854,1654030854);
INSERT INTO player_score VALUES('61c7df332',48,'2326dc805','6081d464f',113386,1019,1653987982,1653987982);
INSERT INTO player_score VALUES('638967c09',48,'2326dc805','6383f5b81',137280,1230,1654035119,1654035119);
INSERT INTO player_score VALUES('44e425859',48,'23668ea9c','2a489aa2e',19320,749,1653212484,1653212484);
INSERT INTO player_score VALUES('5bc5eb60e',48,'23668ea9c','3b4c521e0',26790,982,1653826716,1653826716);
INSERT INTO player_score VALUES('4519ad23b',48,'23668ea9c','3c668835e',95040,760,1653218097,1653218097);
INSERT INTO player_score VALUES('63701f944',48,'23668ea9c','3f698a24b',17225,1127,1654032468,1654032468);
INSERT INTO player_score VALUES('63986334d',48,'23668ea9c','43fa09e20',233864,1197,1654036690,1654036690);
INSERT INTO player_score VALUES('636f24214',48,'23668ea9c','520d47161',64220,1113,1654032365,1654032365);
INSERT INTO player_score VALUES('58c769ca7',48,'23668ea9c','539890f26',66960,858,1653746342,1653746342);
INSERT INTO player_score VALUES('5be61d8fd',48,'23668ea9c','586eb1624',347106,924,1653830092,1653830092);
INSERT INTO player_score VALUES('6390c96a5',48,'23668ea9c','597095e6f',9702,1198,1654035893,1654035893);
INSERT INTO player_score VALUES('5c5a0dbdd',48,'23668ea9c','5c09051dc',51324,946,1653842249,1653842249);
INSERT INTO player_score VALUES('61e32a81f',48,'23668ea9c','6081d464f',378140,1094,1653990844,1653990844);
INSERT INTO player_score VALUES('6388f9e37',48,'23668ea9c','6383f5b81',108360,1136,1654035074,1654035074);
INSERT INTO player_score VALUES('611090eee',48,'252db7a88','1fd2b7172',43056,1105,1653968761,1653968761);
INSERT INTO player_score VALUES('5f9185d90',48,'252db7a88','20eb46d41',100440,1023,1653928596,1653928596);
INSERT INTO player_score VALUES('45f682561',48,'252db7a88','2a489aa2e',39600,779,1653241253,1653241253);
INSERT INTO player_score VALUES('44c5a5e6a',48,'252db7a88','3c668835e',3712,730,1653209286,1653209286);
INSERT INTO player_score VALUES('60f96ba23',48,'252db7a88','3f698a24b',87120,1035,1653966334,1653966334);
INSERT INTO player_score VALUES('62d6cf8a2',48,'252db7a88','43fa09e20',60102,1170,1654016392,1654016392);
INSERT INTO player_score VALUES('63184cac0',48,'252db7a88','520d47161',0,1094,1654023259,1654023259);
INSERT INTO player_score VALUES('593d9f05b',48,'252db7a88','539890f26',231942,929,1653758737,1653758737);
INSERT INTO player_score VALUES('62c7419b9',48,'252db7a88','54808744f',331500,1197,1654014761,1654014761);
INSERT INTO player_score VALUES('5c4a600ef',48,'252db7a88','586eb1624',263900,1043,1653840605,1653840605);
INSERT INTO player_score VALUES('6352f3532',48,'252db7a88','597095e6f',9900,1178,1654029409,1654029409);
INSERT INTO player_score VALUES('5c553cd0a',48,'252db7a88','5c09051dc',4275,889,1653841744,1653841744);
INSERT INTO player_score VALUES('61d972b47',48,'252db7a88','6081d464f',13860,1067,1653989825,1653989825);
INSERT INTO player_score VALUES('63892d2bf',48,'252db7a88','6383f5b81',1666,1182,1654035095,1654035095);
INSERT INTO player_score VALUES('61d37f430',48,'253cc6a15','1fd2b7172',25155,1124,1653989201,1653989201);
INSERT INTO player_score VALUES('5f4f9386a',48,'253cc6a15','20eb46d41',14994,1019,1653921681,1653921681);
INSERT INTO player_score VALUES('42feb5114',48,'253cc6a15','2a489aa2e',77490,711,1653161582,1653161582);
INSERT INTO player_score VALUES('5bb452fc0',48,'253cc6a15','3b4c521e0',620928,980,1653824871,1653824871);
INSERT INTO player_score VALUES('5f22f1bf6',48,'253cc6a15','3f698a24b',242556,975,1653917001,1653917001);
INSERT INTO player_score VALUES('5f91ddbdc',48,'253cc6a15','43fa09e20',168756,1048,1653928632,1653928632);
INSERT INTO player_score VALUES('636438b78',48,'253cc6a15','520d47161',89667,1109,1654031220,1654031220);
INSERT INTO player_score VALUES('592b6f414',48,'253cc6a15','539890f26',81874,917,1653756830,1653756830);
INSERT INTO player_score VALUES('63656ec58',48,'253cc6a15','54808744f',18981,1240,1654031347,1654031347);
INSERT INTO player_score VALUES('63207ddab',48,'253cc6a15','597095e6f',284700,1155,1654024118,1654024118);
INSERT INTO player_score VALUES('61e709b7c',48,'253cc6a15','6081d464f',583947,1108,1653991250,1653991250);
INSERT INTO player_score VALUES('63896a33f',48,'253cc6a15','6383f5b81',356960,1232,1654035120,1654035120);
INSERT INTO player_score VALUES('6214b3298',48,'262b629dd','1fd2b7172',182062,1127,1653996038,1653996038);
INSERT INTO player_score VALUES('607955185',48,'262b629dd','20eb46d41',40656,1039,1653952903,1653952903);
INSERT INTO player_score VALUES('586b2ef22',48,'262b629dd','3b4c521e0',30672,885,1653736671,1653736671);
INSERT INTO player_score VALUES('450c61d35',48,'262b629dd','3c668835e',182400,755,1653216703,1653216703);
INSERT INTO player_score VALUES('62d8a6bae',48,'262b629dd','3f698a24b',508518,1099,1654016585,1654016585);
INSERT INTO player_score VALUES('627148579',48,'262b629dd','520d47161',4640,1058,1654005746,1654005746);
INSERT INTO player_score VALUES('59522eaf6',48,'262b629dd','539890f26',1197,945,1653760893,1653760893);
INSERT INTO player_score VALUES('63bda0e47',48,'262b629dd','54808744f',30132,1262,1654040595,1654040595);
INSERT INTO player_score VALUES('5c30103a7',48,'262b629dd','586eb1624',35776,1008,1653837846,1653837846);
INSERT INTO player_score VALUES('637ea84c2',48,'262b629dd','597095e6f',87552,1194,1654033992,1654033992);
INSERT INTO player_score VALUES('5c5a4851c',48,'262b629dd','5c09051dc',2232,951,1653842273,1653842273);
INSERT INTO player_score VALUES('6389606e8',48,'262b629dd','6383f5b81',233454,1225,1654035116,1654035116);
INSERT INTO player_score VALUES('5f64eb621',48,'27952bce7','1fd2b7172',505908,1085,1653923919,1653923919);
INSERT INTO player_score VALUES('5eb821fda',48,'27952bce7','20eb46d41',93879,1010,1653905801,1653905801);
INSERT INTO player_score VALUES('45dcb8c86',48,'27952bce7','2a489aa2e',48074,777,1653238549,1653238549);
INSERT INTO player_score VALUES('5b82f8b0f',48,'27952bce7','3b4c521e0',527040,973,1653819696,1653819696);
INSERT INTO player_score VALUES('44b65ec62',48,'27952bce7','3c668835e',237006,725,1653207684,1653207684);
INSERT INTO player_score VALUES('639f066fb',48,'27952bce7','3f698a24b',504630,1132,1654037386,1654037386);
INSERT INTO player_score VALUES('6380eae89',48,'27952bce7','43fa09e20',86469,1195,1654034229,1654034229);
INSERT INTO player_score VALUES('63bc85b24',48,'27952bce7','520d47161',51408,1140,1654040479,1654040479);
INSERT INTO player_score VALUES('581169ffe',48,'27952bce7','539890f26',37044,743,1653727258,1653727258);
INSERT INTO player_score VALUES('63a8ea2be',48,'27952bce7','54808744f',87048,1257,1654038423,1654038423);
INSERT INTO player_score VALUES('5c1878304',48,'27952bce7','586eb1624',279180,987,1653835372,1653835372);
INSERT INTO player_score VALUES('635069ebe',48,'27952bce7','597095e6f',20176,1175,1654029143,1654029143);
INSERT INTO player_score VALUES('5c582f372',48,'27952bce7','5c09051dc',230076,924,1653842053,1653842053);
INSERT INTO player_score VALUES('619455d83',48,'27952bce7','6081d464f',14960,861,1653982578,1653982578);
INSERT INTO player_score VALUES('63892d2c0',48,'27952bce7','6383f5b81',94248,1181,1654035095,1654035095);
INSERT INTO player_score VALUES('62aad155e',48,'28a334379','1fd2b7172',26650,1138,1654011779,1654011779);
INSERT INTO player_score VALUES('61b410622',48,'28a334379','20eb46d41',479787,1060,1653985905,1653985905);
INSERT INTO player_score VALUES('45777d434',48,'28a334379','2a489aa2e',41328,770,1653227934,1653227934);
INSERT INTO player_score VALUES('58ccfb919',48,'28a334379','3b4c521e0',55944,894,1653746926,1653746926);
INSERT INTO player_score VALUES('45377a893',48,'28a334379','3c668835e',89376,775,1653221222,1653221222);
INSERT INTO player_score VALUES('62d60c39a',48,'28a334379','43fa09e20',85536,1169,1654016312,1654016312);
INSERT INTO player_score VALUES('63820b010',48,'28a334379','520d47161',352408,1123,1654034347,1654034347);
INSERT INTO player_score VALUES('590cb9eed',48,'28a334379','539890f26',1072,898,1653753610,1653753610);
INSERT INTO player_score VALUES('614f9f832',48,'28a334379','54808744f',2484,1097,1653975373,1653975373);
INSERT INTO player_score VALUES('5c2df71b7',48,'28a334379','586eb1624',455,1007,1653837626,1653837626);
INSERT INTO player_score VALUES('63a90eca1',48,'28a334379','597095e6f',97713,1210,1654038438,1654038438);
INSERT INTO player_score VALUES('5c5714028',48,'28a334379','5c09051dc',40740,905,1653841937,1653841937);
INSERT INTO player_score VALUES('61deb8cf0',48,'28a334379','6081d464f',397902,1086,1653990378,1653990378);
INSERT INTO player_score VALUES('5dadef015',48,'2a8d8b921','1fd2b7172',68640,1052,1653877888,1653877888);
INSERT INTO player_score VALUES('606e9a831',48,'2a8d8b921','20eb46d41',100320,1037,1653951778,1653951778);
INSERT INTO player_score VALUES('44cfbce90',48,'2a8d8b921','2a489aa2e',395760,747,1653210344,1653210344);
INSERT INTO player_score VALUES('5b53efacf',48,'2a8d8b921','3b4c521e0',30375,965,1653814764,1653814764);
INSERT INTO player_score VALUES('4520fdb46',48,'2a8d8b921','3c668835e',110110,762,1653218864,1653218864);
INSERT INTO player_score VALUES('6290fe035',48,'2a8d8b921','3f698a24b',5166,1092,1654009071,1654009071);
INSERT INTO player_score VALUES('5ff5c85b5',48,'2a8d8b921','43fa09e20',327965,1064,1653939109,1653939109);
INSERT INTO player_score VALUES('63c6c1555',48,'2a8d8b921','520d47161',0,1147,1654041552,1654041552);
INSERT INTO player_score VALUES('628a3d808',48,'2a8d8b921','54808744f',476256,1180,1654008363,1654008363);
INSERT INTO player_score VALUES('5c41a62d3',48,'2a8d8b921','586eb1624',16875,1028,1653839690,1653839690);
INSERT INTO player_score VALUES('5c53f5ae8',48,'2a8d8b921','5c09051dc',271728,871,1653841610,1653841610);
INSERT INTO player_score VALUES('61dc232c8',48,'2a8d8b921','6081d464f',97478,1075,1653990107,1653990107);
INSERT INTO player_score VALUES('63892f986',48,'2a8d8b921','6383f5b81',0,1183,1654035096,1654035096);
INSERT INTO player_score VALUES('5837cf15d',48,'2e919b2d1','1fd2b7172',333060,960,1653731284,1653731284);
INSERT INTO player_score VALUES('5fff4cdc8',48,'2e919b2d1','20eb46d41',412482,1030,1653940107,1653940107);
INSERT INTO player_score VALUES('45f7481a1',48,'2e919b2d1','2a489aa2e',67201,780,1653241334,1653241334);
INSERT INTO player_score VALUES('5a991a190',48,'2e919b2d1','3b4c521e0',23520,947,1653795173,1653795173);
INSERT INTO player_score VALUES('453af3337',48,'2e919b2d1','3c668835e',56056,776,1653221586,1653221586);
INSERT INTO player_score VALUES('63b69e7b0',48,'2e919b2d1','3f698a24b',274659,1134,1654039860,1654039860);
INSERT INTO player_score VALUES('62421d239',48,'2e919b2d1','43fa09e20',49368,1152,1654000800,1654000800);
INSERT INTO player_score VALUES('6368db3e3',48,'2e919b2d1','520d47161',10584,1110,1654031706,1654031706);
INSERT INTO player_score VALUES('5946d56af',48,'2e919b2d1','539890f26',98325,932,1653759703,1653759703);
INSERT INTO player_score VALUES('639773f3b',48,'2e919b2d1','54808744f',776,1252,1654036592,1654036592);
INSERT INTO player_score VALUES('63b36a261',48,'2e919b2d1','597095e6f',113646,1217,1654039524,1654039524);
INSERT INTO player_score VALUES('5c59913c6',48,'2e919b2d1','5c09051dc',633080,941,1653842198,1653842198);
INSERT INTO player_score VALUES('638956ac1',48,'2e919b2d1','6383f5b81',573804,1211,1654035112,1654035112);
INSERT INTO player_score VALUES('5fc06a3ba',48,'2f011735c','1fd2b7172',119392,1091,1653933513,1653933513);
INSERT INTO player_score VALUES('55827f4d3',48,'2f011735c','20eb46d41',35301,849,1653658585,1653658585);
INSERT INTO player_score VALUES('454684a2f',48,'2f011735c','2a489aa2e',139568,760,1653222799,1653222799);
INSERT INTO player_score VALUES('5ad937aa1',48,'2f011735c','3b4c521e0',3750,954,1653801896,1653801896);
INSERT INTO player_score VALUES('44c2f56e3',48,'2f011735c','3c668835e',65688,729,1653209004,1653209004);
INSERT INTO player_score VALUES('62595fb86',48,'2f011735c','3f698a24b',31500,1084,1654003239,1654003239);
INSERT INTO player_score VALUES('62bf043e7',48,'2f011735c','43fa09e20',202176,1166,1654013897,1654013897);
INSERT INTO player_score VALUES('629fe10e7',48,'2f011735c','520d47161',1218,1066,1654010632,1654010632);
INSERT INTO player_score VALUES('59560b72c',48,'2f011735c','539890f26',171680,946,1653761298,1653761298);
INSERT INTO player_score VALUES('63955d492',48,'2f011735c','54808744f',283185,1251,1654036373,1654036373);
INSERT INTO player_score VALUES('5c1daabf9',48,'2f011735c','586eb1624',10080,992,1653835917,1653835917);
INSERT INTO player_score VALUES('635eabd2d',48,'2f011735c','597095e6f',166518,1181,1654030638,1654030638);
INSERT INTO player_score VALUES('5c5864f05',48,'2f011735c','5c09051dc',5796,929,1653842075,1653842075);
INSERT INTO player_score VALUES('61e8e3562',48,'2f011735c','6081d464f',53298,1113,1653991444,1653991444);
INSERT INTO player_score VALUES('63896a340',48,'2f011735c','6383f5b81',587723,1231,1654035120,1654035120);
INSERT INTO player_score VALUES('5cddc670a',48,'2fa3daac4','1fd2b7172',5046,1038,1653856061,1653856061);
INSERT INTO player_score VALUES('619faca86',48,'2fa3daac4','20eb46d41',0,1057,1653983767,1653983767);
INSERT INTO player_score VALUES('437705d87',48,'2fa3daac4','2a489aa2e',37202,718,1653174198,1653174198);
INSERT INTO player_score VALUES('5b9e74d23',48,'2fa3daac4','3b4c521e0',36855,976,1653822578,1653822578);
INSERT INTO player_score VALUES('44e8f18f6',48,'2fa3daac4','3c668835e',51660,739,1653212987,1653212987);
INSERT INTO player_score VALUES('60e723716',48,'2fa3daac4','3f698a24b',274560,1033,1653964417,1653964417);
INSERT INTO player_score VALUES('63210b729',48,'2fa3daac4','43fa09e20',99000,1186,1654024176,1654024176);
INSERT INTO player_score VALUES('62f3f6eb3',48,'2fa3daac4','520d47161',74304,1088,1654019449,1654019449);
INSERT INTO player_score VALUES('596a9b1ef',48,'2fa3daac4','539890f26',415800,959,1653763454,1653763454);
INSERT INTO player_score VALUES('63820b011',48,'2fa3daac4','54808744f',22287,1247,1654034347,1654034347);
INSERT INTO player_score VALUES('5c4278239',48,'2fa3daac4','586eb1624',3294,1031,1653839776,1653839776);
INSERT INTO player_score VALUES('6289d2122',48,'2fa3daac4','597095e6f',29250,1080,1654008319,1654008319);
INSERT INTO player_score VALUES('5c529fdf4',48,'2fa3daac4','5c09051dc',6612,853,1653841470,1653841470);
INSERT INTO player_score VALUES('61e65c5bc',48,'2fa3daac4','6081d464f',38640,1105,1653991179,1653991179);
INSERT INTO player_score VALUES('6389591a8',48,'2fa3daac4','6383f5b81',15138,1214,1654035113,1654035113);
INSERT INTO player_score VALUES('5af3d5a0d',48,'2fcc20bbe','1fd2b7172',15400,1011,1653804687,1653804687);
INSERT INTO player_score VALUES('60dc02571',48,'2fcc20bbe','20eb46d41',97240,1041,1653963250,1653963250);
INSERT INTO player_score VALUES('44adbadb1',48,'2fcc20bbe','2a489aa2e',27600,743,1653206778,1653206778);
INSERT INTO player_score VALUES('563303484',48,'2fcc20bbe','3b4c521e0',117078,833,1653677094,1653677094);
INSERT INTO player_score VALUES('44ad98b0e',48,'2fcc20bbe','3c668835e',52500,719,1653206764,1653206764);
INSERT INTO player_score VALUES('6283c8a84',48,'2fcc20bbe','3f698a24b',109200,1090,1654007686,1654007686);
INSERT INTO player_score VALUES('6308d246d',48,'2fcc20bbe','43fa09e20',6656,1178,1654021636,1654021636);
INSERT INTO player_score VALUES('63569cd3b',48,'2fcc20bbe','520d47161',16530,1104,1654029793,1654029793);
INSERT INTO player_score VALUES('59334137d',48,'2fcc20bbe','539890f26',26796,922,1653757650,1653757650);
INSERT INTO player_score VALUES('60fbd54ba',48,'2fcc20bbe','54808744f',117612,1069,1653966587,1653966587);
INSERT INTO player_score VALUES('5c0b00eb5',48,'2fcc20bbe','586eb1624',0,973,1653833960,1653833960);
INSERT INTO player_score VALUES('6372204ae',48,'2fcc20bbe','597095e6f',14274,1191,1654032678,1654032678);
INSERT INTO player_score VALUES('5c507f710',48,'2fcc20bbe','5c09051dc',16125,835,1653841247,1653841247);
INSERT INTO player_score VALUES('61e5e24a6',48,'2fcc20bbe','6081d464f',22960,1104,1653991129,1653991129);
INSERT INTO player_score VALUES('6388f28fc',48,'2fcc20bbe','6383f5b81',196800,1128,1654035071,1654035071);
INSERT INTO player_score VALUES('61ad3c598',48,'3175b6f29','1fd2b7172',268056,1119,1653985189,1653985189);
INSERT INTO player_score VALUES('5f0e86ac2',48,'3175b6f29','20eb46d41',75072,1018,1653914860,1653914860);
INSERT INTO player_score VALUES('5b133d2e6',48,'3175b6f29','3b4c521e0',187920,960,1653807980,1653807980);
INSERT INTO player_score VALUES('45106cf7d',48,'3175b6f29','3c668835e',225568,756,1653217127,1653217127);
INSERT INTO player_score VALUES('622de7cd4',48,'3175b6f29','3f698a24b',44659,1078,1653998681,1653998681);
INSERT INTO player_score VALUES('611279318',48,'3175b6f29','43fa09e20',543998,1109,1653968961,1653968961);
INSERT INTO player_score VALUES('62f42ca23',48,'3175b6f29','520d47161',97929,1089,1654019471,1654019471);
INSERT INTO player_score VALUES('595010afb',48,'3175b6f29','539890f26',228690,942,1653760671,1653760671);
INSERT INTO player_score VALUES('6246e1d67',48,'3175b6f29','54808744f',66360,1161,1654001300,1654001300);
INSERT INTO player_score VALUES('5c0b5daf3',48,'3175b6f29','586eb1624',184080,975,1653833998,1653833998);
INSERT INTO player_score VALUES('6219e8281',48,'3175b6f29','597095e6f',1484,1034,1653996584,1653996584);
INSERT INTO player_score VALUES('5c58e3e4e',48,'3175b6f29','5c09051dc',22116,936,1653842127,1653842127);
INSERT INTO player_score VALUES('61c06c72d',48,'3175b6f29','6081d464f',30705,1001,1653987201,1653987201);
INSERT INTO player_score VALUES('63890d6db',48,'3175b6f29','6383f5b81',148512,1152,1654035082,1654035082);
INSERT INTO player_score VALUES('61871b9b5',48,'3211b9e63','1fd2b7172',59280,1115,1653981191,1653981191);
INSERT INTO player_score VALUES('632a248cd',48,'3211b9e63','20eb46d41',60329,1082,1654025130,1654025130);
INSERT INTO player_score VALUES('5bf5f4bae',48,'3211b9e63','3b4c521e0',297135,988,1653831753,1653831753);
INSERT INTO player_score VALUES('4527f17cb',48,'3211b9e63','3c668835e',24360,769,1653219593,1653219593);
INSERT INTO player_score VALUES('6362729fa',48,'3211b9e63','3f698a24b',15092,1123,1654031034,1654031034);
INSERT INTO player_score VALUES('631bb9245',48,'3211b9e63','43fa09e20',1330,1183,1654023618,1654023618);
INSERT INTO player_score VALUES('635f25e62',48,'3211b9e63','520d47161',576384,1107,1654030688,1654030688);
INSERT INTO player_score VALUES('5963f579a',48,'3211b9e63','539890f26',22572,954,1653762757,1653762757);
INSERT INTO player_score VALUES('63821252c',48,'3211b9e63','54808744f',19008,1248,1654034350,1654034350);
INSERT INTO player_score VALUES('5c47469a4',48,'3211b9e63','586eb1624',147400,1038,1653840280,1653840280);
INSERT INTO player_score VALUES('613109e8d',48,'3211b9e63','597095e6f',136068,935,1653972166,1653972166);
INSERT INTO player_score VALUES('5c5a659f3',48,'3211b9e63','5c09051dc',114240,954,1653842285,1653842285);
INSERT INTO player_score VALUES('61d54cb3b',48,'3211b9e63','6081d464f',67022,1058,1653989390,1653989390);
INSERT INTO player_score VALUES('6388e3eec',48,'3211b9e63','6383f5b81',19360,1112,1654035065,1654035065);
INSERT INTO player_score VALUES('611771304',48,'33fc4966f','1fd2b7172',19656,1106,1653969482,1653969482);
INSERT INTO player_score VALUES('628de6ff3',48,'33fc4966f','20eb46d41',10098,1071,1654008747,1654008747);
INSERT INTO player_score VALUES('4415be2c2',48,'33fc4966f','2a489aa2e',588672,729,1653190841,1653190841);
INSERT INTO player_score VALUES('5a7fc3450',48,'33fc4966f','3b4c521e0',311052,943,1653792516,1653792516);
INSERT INTO player_score VALUES('45550603d',48,'33fc4966f','3c668835e',136136,781,1653224320,1653224320);
INSERT INTO player_score VALUES('6368a5876',48,'33fc4966f','3f698a24b',126990,1126,1654031684,1654031684);
INSERT INTO player_score VALUES('62ed2a327',48,'33fc4966f','43fa09e20',22560,1174,1654018736,1654018736);
INSERT INTO player_score VALUES('639f45e69',48,'33fc4966f','520d47161',50820,1130,1654037412,1654037412);
INSERT INTO player_score VALUES('5811fee8d',48,'33fc4966f','539890f26',65736,745,1653727319,1653727319);
INSERT INTO player_score VALUES('6322b1d07',48,'33fc4966f','54808744f',19320,1226,1654024349,1654024349);
INSERT INTO player_score VALUES('5c4055410',48,'33fc4966f','586eb1624',734700,1026,1653839552,1653839552);
INSERT INTO player_score VALUES('637f38594',48,'33fc4966f','597095e6f',3441,1195,1654034051,1654034051);
INSERT INTO player_score VALUES('5c57cffe3',48,'33fc4966f','5c09051dc',26752,917,1653842014,1653842014);
INSERT INTO player_score VALUES('61e6b4436',48,'33fc4966f','6081d464f',647190,1107,1653991215,1653991215);
INSERT INTO player_score VALUES('6389347c5',48,'33fc4966f','6383f5b81',582552,1186,1654035098,1654035098);
INSERT INTO player_score VALUES('5a7e41887',48,'350702a93','1fd2b7172',127374,999,1653792358,1653792358);
INSERT INTO player_score VALUES('5fe64df29',48,'350702a93','20eb46d41',165996,1029,1653937486,1653937486);
INSERT INTO player_score VALUES('45b13236f',48,'350702a93','2a489aa2e',104328,774,1653233985,1653233985);
INSERT INTO player_score VALUES('5aa6c7119',48,'350702a93','3b4c521e0',42560,949,1653796607,1653796607);
INSERT INTO player_score VALUES('6316cd634',48,'350702a93','3f698a24b',71280,1112,1654023102,1654023102);
INSERT INTO player_score VALUES('628b2f2fa',48,'350702a93','43fa09e20',197432,1157,1654008462,1654008462);
INSERT INTO player_score VALUES('63b4325d0',48,'350702a93','520d47161',6960,1135,1654039606,1654039606);
INSERT INTO player_score VALUES('594f9df35',48,'350702a93','539890f26',231840,940,1653760624,1653760624);
INSERT INTO player_score VALUES('632906e7e',48,'350702a93','54808744f',1261,1231,1654025013,1654025013);
INSERT INTO player_score VALUES('5c1f9a5a0',48,'350702a93','586eb1624',18690,995,1653836120,1653836120);
INSERT INTO player_score VALUES('624ca6e47',48,'350702a93','597095e6f',240948,1058,1654001905,1654001905);
INSERT INTO player_score VALUES('61d5e680f',48,'350702a93','6081d464f',60444,1059,1653989453,1653989453);
INSERT INTO player_score VALUES('6389591a9',48,'350702a93','6383f5b81',1150,1217,1654035113,1654035113);
INSERT INTO player_score VALUES('6296e53ba',48,'3542e6af2','1fd2b7172',9503,1137,1654009690,1654009690);
INSERT INTO player_score VALUES('44855ed76',48,'3542e6af2','2a489aa2e',22440,741,1653202546,1653202546);
INSERT INTO player_score VALUES('5bfb1d877',48,'3542e6af2','3b4c521e0',282240,989,1653832294,1653832294);
INSERT INTO player_score VALUES('450388300',48,'3542e6af2','3c668835e',60375,750,1653215775,1653215775);
INSERT INTO player_score VALUES('63b8ba050',48,'3542e6af2','3f698a24b',3675,1136,1654040081,1654040081);
INSERT INTO player_score VALUES('5df507b34',48,'3542e6af2','43fa09e20',119474,986,1653885343,1653885343);
INSERT INTO player_score VALUES('621ff1970',48,'3542e6af2','520d47161',319600,1040,1653997217,1653997217);
INSERT INTO player_score VALUES('594c784b2',48,'3542e6af2','539890f26',2100,939,1653760294,1653760294);
INSERT INTO player_score VALUES('638328a47',48,'3542e6af2','54808744f',229710,1249,1654034464,1654034464);
INSERT INTO player_score VALUES('6338be58d',48,'3542e6af2','597095e6f',91676,1166,1654026661,1654026661);
INSERT INTO player_score VALUES('5c583b6b5',48,'3542e6af2','5c09051dc',19344,926,1653842058,1653842058);
INSERT INTO player_score VALUES('61ea39244',48,'3542e6af2','6081d464f',200873,1120,1653991584,1653991584);
INSERT INTO player_score VALUES('638951cb7',48,'3542e6af2','6383f5b81',230400,1209,1654035110,1654035110);
INSERT INTO player_score VALUES('6235421f1',48,'36e6ae104','1fd2b7172',141520,1131,1653999452,1653999452);
INSERT INTO player_score VALUES('451019f60',48,'36e6ae104','2a489aa2e',148680,753,1653217093,1653217093);
INSERT INTO player_score VALUES('5912fdef8',48,'36e6ae104','3b4c521e0',94080,905,1653754267,1653754267);
INSERT INTO player_score VALUES('447eb44cd',48,'36e6ae104','3c668835e',194688,704,1653201847,1653201847);
INSERT INTO player_score VALUES('6365e1846',48,'36e6ae104','3f698a24b',26488,1124,1654031394,1654031394);
INSERT INTO player_score VALUES('62a23e84a',48,'36e6ae104','43fa09e20',200655,1161,1654010880,1654010880);
INSERT INTO player_score VALUES('637761826',48,'36e6ae104','520d47161',15028,1118,1654033229,1654033229);
INSERT INTO player_score VALUES('5925265c9',48,'36e6ae104','539890f26',3894,912,1653756171,1653756171);
INSERT INTO player_score VALUES('62571d1da',48,'36e6ae104','54808744f',22680,1170,1654003002,1654003002);
INSERT INTO player_score VALUES('5bf3666e2',48,'36e6ae104','586eb1624',7905,940,1653831485,1653831485);
INSERT INTO player_score VALUES('5c5650b56',48,'36e6ae104','5c09051dc',218880,897,1653841857,1653841857);
INSERT INTO player_score VALUES('61e46a52e',48,'36e6ae104','6081d464f',150480,1100,1653990975,1653990975);
INSERT INTO player_score VALUES('638956ac2',48,'36e6ae104','6383f5b81',1404,1213,1654035112,1654035112);
INSERT INTO player_score VALUES('6094105dd',48,'37af8885b','1fd2b7172',2160,1099,1653955706,1653955706);
INSERT INTO player_score VALUES('5f6e7e8c6',48,'37af8885b','20eb46d41',17056,1020,1653924923,1653924923);
INSERT INTO player_score VALUES('456445d33',48,'37af8885b','2a489aa2e',129108,766,1653225919,1653225919);
INSERT INTO player_score VALUES('5aa7d1319',48,'37af8885b','3b4c521e0',0,950,1653796716,1653796716);
INSERT INTO player_score VALUES('44d43acf7',48,'37af8885b','3c668835e',0,736,1653210815,1653210815);
INSERT INTO player_score VALUES('6027732db',48,'37af8885b','3f698a24b',147231,1009,1653944317,1653944317);
INSERT INTO player_score VALUES('636ebd941',48,'37af8885b','43fa09e20',57868,1192,1654032323,1654032323);
INSERT INTO player_score VALUES('609d15ef9',48,'37af8885b','520d47161',445797,957,1653956652,1653956652);
INSERT INTO player_score VALUES('596e35faa',48,'37af8885b','539890f26',26448,960,1653763832,1653763832);
INSERT INTO player_score VALUES('63512d388',48,'37af8885b','54808744f',35152,1238,1654029223,1654029223);
INSERT INTO player_score VALUES('6345a801d',48,'37af8885b','597095e6f',266112,1172,1654028015,1654028015);
INSERT INTO player_score VALUES('5c593e367',48,'37af8885b','5c09051dc',3358,938,1653842164,1653842164);
INSERT INTO player_score VALUES('61ddb603d',48,'37af8885b','6081d464f',52224,1083,1653990272,1653990272);
INSERT INTO player_score VALUES('63894f594',48,'37af8885b','6383f5b81',74971,1205,1654035109,1654035109);
INSERT INTO player_score VALUES('60b001afc',48,'37ecb8932','1fd2b7172',69300,1100,1653958636,1653958636);
INSERT INTO player_score VALUES('5e41a1142',48,'37ecb8932','20eb46d41',16320,1001,1653893375,1653893375);
INSERT INTO player_score VALUES('45b7c939f',48,'37ecb8932','2a489aa2e',5700,775,1653234676,1653234676);
INSERT INTO player_score VALUES('5be9a272c',48,'37ecb8932','3b4c521e0',47175,986,1653830461,1653830461);
INSERT INTO player_score VALUES('451a72e6e',48,'37ecb8932','3c668835e',485514,761,1653218178,1653218178);
INSERT INTO player_score VALUES('627f150b5',48,'37ecb8932','3f698a24b',17952,1089,1654007193,1654007193);
INSERT INTO player_score VALUES('61ebdd0c4',48,'37ecb8932','43fa09e20',9486,1140,1653991756,1653991756);
INSERT INTO player_score VALUES('637044378',48,'37ecb8932','520d47161',30305,1115,1654032483,1654032483);
INSERT INTO player_score VALUES('59031cfb4',48,'37ecb8932','539890f26',62640,892,1653752602,1653752602);
INSERT INTO player_score VALUES('62207f2fd',48,'37ecb8932','54808744f',248160,1151,1653997275,1653997275);
INSERT INTO player_score VALUES('5c4922add',48,'37ecb8932','586eb1624',5429,1041,1653840475,1653840475);
INSERT INTO player_score VALUES('62cce6eb8',48,'37ecb8932','597095e6f',2337,1117,1654015353,1654015353);
INSERT INTO player_score VALUES('5c5b2b634',48,'37ecb8932','5c09051dc',70,966,1653842366,1653842366);
INSERT INTO player_score VALUES('61e7bbedd',48,'37ecb8932','6081d464f',173800,1111,1653991323,1653991323);
INSERT INTO player_score VALUES('63894ce69',48,'37ecb8932','6383f5b81',152880,1204,1654035108,1654035108);
INSERT INTO player_score VALUES('5202c719e',48,'3951b0dc8','1fd2b7172',118560,869,1653564662,1653564662);
INSERT INTO player_score VALUES('45da4f1da',48,'3951b0dc8','2a489aa2e',397700,776,1653238296,1653238296);
INSERT INTO player_score VALUES('59537d273',48,'3951b0dc8','3b4c521e0',282752,914,1653761030,1653761030);
INSERT INTO player_score VALUES('454d36815',48,'3951b0dc8','3c668835e',5904,778,1653223501,1653223501);
INSERT INTO player_score VALUES('623488956',48,'3951b0dc8','43fa09e20',124320,1149,1653999376,1653999376);
INSERT INTO player_score VALUES('633f2e4df',48,'3951b0dc8','520d47161',54824,1100,1654027336,1654027336);
INSERT INTO player_score VALUES('594093d89',48,'3951b0dc8','539890f26',2376,931,1653759047,1653759047);
INSERT INTO player_score VALUES('62c83aa35',48,'3951b0dc8','54808744f',306936,1198,1654014863,1654014863);
INSERT INTO player_score VALUES('5c15ec52f',48,'3951b0dc8','586eb1624',273904,985,1653835105,1653835105);
INSERT INTO player_score VALUES('6352a7a75',48,'3951b0dc8','597095e6f',5824,1177,1654029378,1654029378);
INSERT INTO player_score VALUES('5c558fd37',48,'3951b0dc8','5c09051dc',79380,892,1653841778,1653841778);
INSERT INTO player_score VALUES('61cdbf17d',48,'3951b0dc8','6081d464f',205590,1036,1653988598,1653988598);
INSERT INTO player_score VALUES('63894ce6a',48,'3951b0dc8','6383f5b81',44352,1203,1654035108,1654035108);
INSERT INTO player_score VALUES('6136aa568',48,'39ed4ad5f','1fd2b7172',23400,1110,1653972756,1653972756);
INSERT INTO player_score VALUES('5fe0ad853',48,'39ed4ad5f','20eb46d41',409860,1028,1653936896,1653936896);
INSERT INTO player_score VALUES('456b9db74',48,'39ed4ad5f','2a489aa2e',104904,767,1653226689,1653226689);
INSERT INTO player_score VALUES('5b5ac6297',48,'39ed4ad5f','3b4c521e0',7176,966,1653815481,1653815481);
INSERT INTO player_score VALUES('45229cbde',48,'39ed4ad5f','3c668835e',40572,764,1653219034,1653219034);
INSERT INTO player_score VALUES('6310d77df',48,'39ed4ad5f','3f698a24b',314766,1110,1654022477,1654022477);
INSERT INTO player_score VALUES('62398cc07',48,'39ed4ad5f','43fa09e20',36582,1150,1653999902,1653999902);
INSERT INTO player_score VALUES('6252deb1d',48,'39ed4ad5f','54808744f',89910,1168,1654002557,1654002557);
INSERT INTO player_score VALUES('5c39183a8',48,'39ed4ad5f','586eb1624',44160,1018,1653838793,1653838793);
INSERT INTO player_score VALUES('5c52ee01e',48,'39ed4ad5f','5c09051dc',357048,858,1653841502,1653841502);
INSERT INTO player_score VALUES('61d41915f',48,'39ed4ad5f','6081d464f',733320,1054,1653989264,1653989264);
INSERT INTO player_score VALUES('638962df2',48,'39ed4ad5f','6383f5b81',75600,1228,1654035117,1654035117);
INSERT INTO player_score VALUES('5d7940b0d',48,'3c1600fb7','1fd2b7172',897,1049,1653872364,1653872364);
INSERT INTO player_score VALUES('515e07cd2',48,'3c1600fb7','20eb46d41',2808,788,1653547387,1653547387);
INSERT INTO player_score VALUES('435fe2fd7',48,'3c1600fb7','2a489aa2e',407640,717,1653171772,1653171772);
INSERT INTO player_score VALUES('452172e1f',48,'3c1600fb7','3c668835e',40040,763,1653218912,1653218912);
INSERT INTO player_score VALUES('63b6cf4c3',48,'3c1600fb7','3f698a24b',14784,1135,1654039880,1654039880);
INSERT INTO player_score VALUES('6259a4158',48,'3c1600fb7','43fa09e20',77000,1154,1654003267,1654003267);
INSERT INTO player_score VALUES('63b5a3000',48,'3c1600fb7','520d47161',362880,1136,1654039757,1654039757);
INSERT INTO player_score VALUES('596269f43',48,'3c1600fb7','539890f26',12958,952,1653762595,1653762595);
INSERT INTO player_score VALUES('6386978ac',48,'3c1600fb7','54808744f',206080,1250,1654034824,1654034824);
INSERT INTO player_score VALUES('62d07a75f',48,'3c1600fb7','597095e6f',67704,1121,1654015728,1654015728);
INSERT INTO player_score VALUES('5c584c836',48,'3c1600fb7','5c09051dc',149978,928,1653842065,1653842065);
INSERT INTO player_score VALUES('61e75083f',48,'3c1600fb7','6081d464f',17760,1109,1653991279,1653991279);
INSERT INTO player_score VALUES('61e42ad6d',48,'3cd40d519','1fd2b7172',83600,1126,1653990949,1653990949);
INSERT INTO player_score VALUES('61f8da408',48,'3cd40d519','20eb46d41',14625,1064,1653993118,1653993118);
INSERT INTO player_score VALUES('45051143b',48,'3cd40d519','2a489aa2e',29925,752,1653215936,1653215936);
INSERT INTO player_score VALUES('5a6357e3b',48,'3cd40d519','3b4c521e0',277992,940,1653789536,1653789536);
INSERT INTO player_score VALUES('62745a76c',48,'3cd40d519','3f698a24b',410380,1087,1654006068,1654006068);
INSERT INTO player_score VALUES('608c40d77',48,'3cd40d519','43fa09e20',261990,1094,1653954887,1653954887);
INSERT INTO player_score VALUES('63c26a806',48,'3cd40d519','520d47161',9702,1145,1654041097,1654041097);
INSERT INTO player_score VALUES('5764a57c5',48,'3cd40d519','539890f26',134292,625,1653709142,1653709142);
INSERT INTO player_score VALUES('63c0eda40',48,'3cd40d519','54808744f',75348,1263,1654040941,1654040941);
INSERT INTO player_score VALUES('5c0ccbe4a',48,'3cd40d519','586eb1624',705600,978,1653834148,1653834148);
INSERT INTO player_score VALUES('63907b4b2',48,'3cd40d519','597095e6f',83200,1197,1654035861,1654035861);
INSERT INTO player_score VALUES('5c58c427f',48,'3cd40d519','5c09051dc',248640,932,1653842114,1653842114);
INSERT INTO player_score VALUES('61ea1bd55',48,'3cd40d519','6081d464f',214704,1119,1653991572,1653991572);
INSERT INTO player_score VALUES('6389606ea',48,'3cd40d519','6383f5b81',189504,1223,1654035116,1654035116);
INSERT INTO player_score VALUES('60d0eafb7',48,'3da18f327','1fd2b7172',6305,1102,1653962087,1653962087);
INSERT INTO player_score VALUES('60f75c466',48,'3da18f327','20eb46d41',45440,1044,1653966118,1653966118);
INSERT INTO player_score VALUES('4082dd30b',48,'3da18f327','2a489aa2e',51840,647,1653094909,1653094909);
INSERT INTO player_score VALUES('5b6f620d3',48,'3da18f327','3b4c521e0',49632,971,1653817642,1653817642);
INSERT INTO player_score VALUES('4557685a9',48,'3da18f327','3c668835e',308880,782,1653224570,1653224570);
INSERT INTO player_score VALUES('62665f5b0',48,'3da18f327','3f698a24b',71208,1085,1654004602,1654004602);
INSERT INTO player_score VALUES('631df6e28',48,'3da18f327','43fa09e20',479277,1184,1654023853,1654023853);
INSERT INTO player_score VALUES('6348a42e4',48,'3da18f327','520d47161',111435,1101,1654028328,1654028328);
INSERT INTO player_score VALUES('62da323c5',48,'3da18f327','54808744f',90396,1206,1654016747,1654016747);
INSERT INTO player_score VALUES('5c3afe132',48,'3da18f327','586eb1624',676800,1022,1653838992,1653838992);
INSERT INTO player_score VALUES('63381ac5a',48,'3da18f327','597095e6f',0,1164,1654026594,1654026594);
INSERT INTO player_score VALUES('5c5ae4967',48,'3da18f327','5c09051dc',3645,960,1653842337,1653842337);
INSERT INTO player_score VALUES('61c01492b',48,'3da18f327','6081d464f',292824,1000,1653987165,1653987165);
INSERT INTO player_score VALUES('6389606eb',48,'3da18f327','6383f5b81',13662,1224,1654035116,1654035116);
INSERT INTO player_score VALUES('60f4a6eea',48,'3e70200e4','1fd2b7172',56406,1104,1653965834,1653965834);
INSERT INTO player_score VALUES('5e55e77f9',48,'3e70200e4','20eb46d41',154224,1002,1653895501,1653895501);
INSERT INTO player_score VALUES('42b87cff6',48,'3e70200e4','2a489aa2e',138768,710,1653154219,1653154219);
INSERT INTO player_score VALUES('59b575b92',48,'3e70200e4','3b4c521e0',32400,926,1653771303,1653771303);
INSERT INTO player_score VALUES('452f5a77b',48,'3e70200e4','3c668835e',55800,773,1653220370,1653220370);
INSERT INTO player_score VALUES('632045b4d',48,'3e70200e4','43fa09e20',120120,1185,1654024095,1654024095);
INSERT INTO player_score VALUES('637ee7c51',48,'3e70200e4','520d47161',35904,1121,1654034018,1654034018);
INSERT INTO player_score VALUES('595213d6c',48,'3e70200e4','539890f26',637560,944,1653760882,1653760882);
INSERT INTO player_score VALUES('62db154e3',48,'3e70200e4','54808744f',37800,1207,1654016840,1654016840);
INSERT INTO player_score VALUES('5b96ced37',48,'3e70200e4','586eb1624',150150,854,1653821776,1653821776);
INSERT INTO player_score VALUES('628ba945b',48,'3e70200e4','597095e6f',457232,1082,1654008512,1654008512);
INSERT INTO player_score VALUES('5c5504aaf',48,'3e70200e4','5c09051dc',3304,885,1653841721,1653841721);
INSERT INTO player_score VALUES('61e0fddb4',48,'3e70200e4','6081d464f',93860,1091,1653990616,1653990616);
INSERT INTO player_score VALUES('638940b33',48,'3e70200e4','6383f5b81',26892,1193,1654035103,1654035103);
INSERT INTO player_score VALUES('61de4fd0b',48,'3ec4b2718','1fd2b7172',12276,1125,1653990335,1653990335);
INSERT INTO player_score VALUES('522f8b11b',48,'3ec4b2718','20eb46d41',710220,801,1653569356,1653569356);
INSERT INTO player_score VALUES('44923c4b2',48,'3ec4b2718','2a489aa2e',34404,742,1653203895,1653203895);
INSERT INTO player_score VALUES('5bb7232f6',48,'3ec4b2718','3b4c521e0',16380,981,1653825166,1653825166);
INSERT INTO player_score VALUES('56a9eabe8',48,'3ec4b2718','3f698a24b',166050,728,1653689562,1653689562);
INSERT INTO player_score VALUES('62afac02d',48,'3ec4b2718','43fa09e20',418656,1163,1654012288,1654012288);
INSERT INTO player_score VALUES('607865d6f',48,'3ec4b2718','520d47161',104139,943,1653952805,1653952805);
INSERT INTO player_score VALUES('585767799',48,'3ec4b2718','539890f26',42920,798,1653734597,1653734597);
INSERT INTO player_score VALUES('6366480d2',48,'3ec4b2718','54808744f',310288,1241,1654031436,1654031436);
INSERT INTO player_score VALUES('628edb21d',48,'3ec4b2718','597095e6f',406224,1085,1654008847,1654008847);
INSERT INTO player_score VALUES('5c5a2fe7c',48,'3ec4b2718','5c09051dc',298497,948,1653842263,1653842263);
INSERT INTO player_score VALUES('61de1c902',48,'3ec4b2718','6081d464f',243320,1084,1653990314,1653990314);
INSERT INTO player_score VALUES('6389654f6',48,'3ec4b2718','6383f5b81',21021,1229,1654035118,1654035118);
INSERT INTO player_score VALUES('5e86f618a',48,'3fe82b245','1fd2b7172',274125,1065,1653900645,1653900645);
INSERT INTO player_score VALUES('63c4ccd76',48,'3fe82b245','20eb46d41',249480,1087,1654041347,1654041347);
INSERT INTO player_score VALUES('454c22a1a',48,'3fe82b245','2a489aa2e',114680,762,1653223388,1653223388);
INSERT INTO player_score VALUES('58a17ec36',48,'3fe82b245','3b4c521e0',300160,889,1653742366,1653742366);
INSERT INTO player_score VALUES('45028f29d',48,'3fe82b245','3c668835e',89250,749,1653215673,1653215673);
INSERT INTO player_score VALUES('63a81aa90',48,'3fe82b245','3f698a24b',2496,1133,1654038338,1654038338);
INSERT INTO player_score VALUES('6338c5ab8',48,'3fe82b245','43fa09e20',17200,1188,1654026664,1654026664);
INSERT INTO player_score VALUES('639f2b0c0',48,'3fe82b245','520d47161',75852,1129,1654037401,1654037401);
INSERT INTO player_score VALUES('58c11e73f',48,'3fe82b245','539890f26',28416,854,1653745682,1653745682);
INSERT INTO player_score VALUES('6328c76ce',48,'3fe82b245','54808744f',532224,1230,1654024987,1654024987);
INSERT INTO player_score VALUES('5c47ec9cd',48,'3fe82b245','586eb1624',49837,1040,1653840348,1653840348);
INSERT INTO player_score VALUES('63b67eba5',48,'3fe82b245','597095e6f',39339,1220,1654039847,1654039847);
INSERT INTO player_score VALUES('5c57f22ca',48,'3fe82b245','5c09051dc',4896,920,1653842028,1653842028);
INSERT INTO player_score VALUES('61e05f287',48,'3fe82b245','6081d464f',36000,1088,1653990551,1653990551);
INSERT INTO player_score VALUES('63892d2c2',48,'3fe82b245','6383f5b81',150212,1179,1654035095,1654035095);
INSERT INTO player_score VALUES('5fc901f02',48,'419cc047a','1fd2b7172',0,1092,1653934414,1653934414);
INSERT INTO player_score VALUES('613e99989',48,'419cc047a','20eb46d41',27324,1048,1653973588,1653973588);
INSERT INTO player_score VALUES('4457ba44a',48,'419cc047a','2a489aa2e',88000,736,1653197760,1653197760);
INSERT INTO player_score VALUES('59c3b04ed',48,'419cc047a','3b4c521e0',153920,928,1653772795,1653772795);
INSERT INTO player_score VALUES('45021c6dc',48,'419cc047a','3c668835e',418320,748,1653215626,1653215626);
INSERT INTO player_score VALUES('628f26d04',48,'419cc047a','3f698a24b',6144,1091,1654008878,1654008878);
INSERT INTO player_score VALUES('63461fa5c',48,'419cc047a','43fa09e20',246015,1189,1654028064,1654028064);
INSERT INTO player_score VALUES('6399f60d0',48,'419cc047a','520d47161',21868,1128,1654036855,1654036855);
INSERT INTO player_score VALUES('5903b1ebb',48,'419cc047a','539890f26',1764,893,1653752663,1653752663);
INSERT INTO player_score VALUES('62cab2f67',48,'419cc047a','54808744f',274659,1201,1654015122,1654015122);
INSERT INTO player_score VALUES('5c40701f3',48,'419cc047a','586eb1624',441750,1027,1653839563,1653839563);
INSERT INTO player_score VALUES('63a83f453',48,'419cc047a','597095e6f',4320,1209,1654038353,1654038353);
INSERT INTO player_score VALUES('61e77522d',48,'419cc047a','6081d464f',149358,1110,1653991294,1653991294);
INSERT INTO player_score VALUES('6388d7b8d',48,'419cc047a','6383f5b81',0,1097,1654035060,1654035060);
INSERT INTO player_score VALUES('5b13afeca',48,'455961ba6','1fd2b7172',112608,1012,1653808027,1653808027);
INSERT INTO player_score VALUES('5e0124484',48,'455961ba6','20eb46d41',40572,997,1653886613,1653886613);
INSERT INTO player_score VALUES('456ee0a9d',48,'455961ba6','2a489aa2e',88200,768,1653227031,1653227031);
INSERT INTO player_score VALUES('453c10d97',48,'455961ba6','3c668835e',22011,777,1653221703,1653221703);
INSERT INTO player_score VALUES('6180feaaa',48,'455961ba6','43fa09e20',478224,1125,1653980550,1653980550);
INSERT INTO player_score VALUES('62b5b2fbf',48,'455961ba6','520d47161',112035,1069,1654012920,1654012920);
INSERT INTO player_score VALUES('59655023c',48,'455961ba6','539890f26',82650,957,1653762899,1653762899);
INSERT INTO player_score VALUES('62e879080',48,'455961ba6','54808744f',169248,1214,1654018244,1654018244);
INSERT INTO player_score VALUES('5c1b0b5d0',48,'455961ba6','586eb1624',207495,990,1653835642,1653835642);
INSERT INTO player_score VALUES('63acb849c',48,'455961ba6','597095e6f',125048,1213,1654038822,1654038822);
INSERT INTO player_score VALUES('5c56f1d81',48,'455961ba6','5c09051dc',201600,903,1653841923,1653841923);
INSERT INTO player_score VALUES('638887267',48,'455961ba6','6383f5b81',1300,1019,1654035027,1654035027);
INSERT INTO player_score VALUES('5e9773475',48,'45b917aec','1fd2b7172',1596,1067,1653902374,1653902374);
INSERT INTO player_score VALUES('62fa3fd04',48,'45b917aec','20eb46d41',139680,1080,1654020108,1654020108);
INSERT INTO player_score VALUES('44685e820',48,'45b917aec','2a489aa2e',264330,737,1653199505,1653199505);
INSERT INTO player_score VALUES('5ba17fa4c',48,'45b917aec','3b4c521e0',154570,977,1653822897,1653822897);
INSERT INTO player_score VALUES('638ed006c',48,'45b917aec','3f698a24b',56940,1131,1654035686,1654035686);
INSERT INTO player_score VALUES('63bfcb1b0',48,'45b917aec','520d47161',118668,1144,1654040822,1654040822);
INSERT INTO player_score VALUES('5962c44c8',48,'45b917aec','539890f26',433182,953,1653762632,1653762632);
INSERT INTO player_score VALUES('628a8e0e9',48,'45b917aec','54808744f',10164,1181,1654008396,1654008396);
INSERT INTO player_score VALUES('5c32c805b',48,'45b917aec','586eb1624',347565,1012,1653838131,1653838131);
INSERT INTO player_score VALUES('633a1b7a2',48,'45b917aec','597095e6f',7980,1168,1654026804,1654026804);
INSERT INTO player_score VALUES('5c5842c0f',48,'45b917aec','5c09051dc',132720,927,1653842061,1653842061);
INSERT INTO player_score VALUES('61d288acc',48,'45b917aec','6081d464f',2142,1047,1653989100,1653989100);
INSERT INTO player_score VALUES('63895b8e2',48,'45b917aec','6383f5b81',384912,1218,1654035114,1654035114);
INSERT INTO player_score VALUES('5f2fe0494',48,'47969403a','1fd2b7172',5880,1083,1653918357,1653918357);
INSERT INTO player_score VALUES('61726751c',48,'47969403a','20eb46d41',696514,1052,1653979020,1653979020);
INSERT INTO player_score VALUES('576f45322',48,'47969403a','3b4c521e0',9672,863,1653710256,1653710256);
INSERT INTO player_score VALUES('62301bc2f',48,'47969403a','3f698a24b',558110,1079,1653998912,1653998912);
INSERT INTO player_score VALUES('603bb72aa',48,'47969403a','43fa09e20',36652,1080,1653946442,1653946442);
INSERT INTO player_score VALUES('63bf8ba34',48,'47969403a','520d47161',124254,1143,1654040796,1654040796);
INSERT INTO player_score VALUES('591d4aa8e',48,'47969403a','539890f26',78948,908,1653755347,1653755347);
INSERT INTO player_score VALUES('63075a4f0',48,'47969403a','54808744f',126126,1219,1654021482,1654021482);
INSERT INTO player_score VALUES('5bf7b8652',48,'47969403a','586eb1624',48620,951,1653831938,1653831938);
INSERT INTO player_score VALUES('63c6b03d2',48,'47969403a','597095e6f',42315,1224,1654041545,1654041545);
INSERT INTO player_score VALUES('5c576226c',48,'47969403a','5c09051dc',104000,909,1653841969,1653841969);
INSERT INTO player_score VALUES('61e9a1c57',48,'47969403a','6081d464f',218025,1117,1653991522,1653991522);
INSERT INTO player_score VALUES('6388c1c0d',48,'47969403a','6383f5b81',275616,1079,1654035051,1654035051);
INSERT INTO player_score VALUES('61a6217c9',48,'49c75441c','1fd2b7172',316480,1118,1653984444,1653984444);
INSERT INTO player_score VALUES('5f75be091',48,'49c75441c','20eb46d41',126360,1021,1653925683,1653925683);
INSERT INTO player_score VALUES('5b91704d4',48,'49c75441c','3b4c521e0',130032,974,1653821213,1653821213);
INSERT INTO player_score VALUES('631c703d9',48,'49c75441c','3f698a24b',2304,1113,1654023693,1654023693);
INSERT INTO player_score VALUES('63b89cb85',48,'49c75441c','43fa09e20',67536,1199,1654040069,1654040069);
INSERT INTO player_score VALUES('62febdb7d',48,'49c75441c','520d47161',100912,1091,1654020579,1654020579);
INSERT INTO player_score VALUES('5921f6f39',48,'49c75441c','539890f26',12600,911,1653755837,1653755837);
INSERT INTO player_score VALUES('5e6d2051b',48,'49c75441c','54808744f',129600,851,1653897936,1653897936);
INSERT INTO player_score VALUES('5c1205caa',48,'49c75441c','586eb1624',142576,982,1653834696,1653834696);
INSERT INTO player_score VALUES('639ff8215',48,'49c75441c','597095e6f',325920,1205,1654037485,1654037485);
INSERT INTO player_score VALUES('5c5b43cdf',48,'49c75441c','5c09051dc',368184,967,1653842376,1653842376);
INSERT INTO player_score VALUES('638951cb9',48,'49c75441c','6383f5b81',0,1207,1654035110,1654035110);
INSERT INTO player_score VALUES('6054df9c9',48,'4a3954d36','1fd2b7172',106722,1095,1653949080,1653949080);
INSERT INTO player_score VALUES('63ab2a54d',48,'4a3954d36','20eb46d41',14440,1086,1654038659,1654038659);
INSERT INTO player_score VALUES('5af2abc91',48,'4a3954d36','3b4c521e0',214500,957,1653804565,1653804565);
INSERT INTO player_score VALUES('61b1a1d7a',48,'4a3954d36','3f698a24b',196044,1060,1653985650,1653985650);
INSERT INTO player_score VALUES('5db3d3cb1',48,'4a3954d36','43fa09e20',15510,977,1653878506,1653878506);
INSERT INTO player_score VALUES('58cccf9d3',48,'4a3954d36','539890f26',324558,864,1653746908,1653746908);
INSERT INTO player_score VALUES('6275fbf45',48,'4a3954d36','54808744f',97524,1174,1654006239,1654006239);
INSERT INTO player_score VALUES('5bb6ab92b',48,'4a3954d36','586eb1624',117600,884,1653825117,1653825117);
INSERT INTO player_score VALUES('636c628e3',48,'4a3954d36','597095e6f',234416,1188,1654032076,1654032076);
INSERT INTO player_score VALUES('5c5adfb28',48,'4a3954d36','5c09051dc',5814,958,1653842335,1653842335);
INSERT INTO player_score VALUES('6388f7776',48,'4a3954d36','6383f5b81',39061,1132,1654035073,1654035073);
INSERT INTO player_score VALUES('5e56ecbd1',48,'4a83959c7','1fd2b7172',96096,1061,1653895608,1653895608);
INSERT INTO player_score VALUES('522b84c89',48,'4a83959c7','3b4c521e0',1920,714,1653568934,1653568934);
INSERT INTO player_score VALUES('5f58dfe3d',48,'4a83959c7','3f698a24b',29415,983,1653922656,1653922656);
INSERT INTO player_score VALUES('60a0f522c',48,'4a83959c7','43fa09e20',126819,1097,1653957058,1653957058);
INSERT INTO player_score VALUES('63ba801c5',48,'4a83959c7','520d47161',269040,1139,1654040267,1654040267);
INSERT INTO player_score VALUES('590ac08be',48,'4a83959c7','539890f26',298760,897,1653753403,1653753403);
INSERT INTO player_score VALUES('63448a5b0',48,'4a83959c7','54808744f',163392,1236,1654027898,1654027898);
INSERT INTO player_score VALUES('5c47be3ef',48,'4a83959c7','586eb1624',78300,1039,1653840329,1653840329);
INSERT INTO player_score VALUES('62988927d',48,'4a83959c7','597095e6f',65688,1094,1654009862,1654009862);
INSERT INTO player_score VALUES('5c531ed81',48,'4a83959c7','5c09051dc',91140,861,1653841522,1653841522);
INSERT INTO player_score VALUES('61e85d0f7',48,'4a83959c7','6081d464f',53300,1112,1653991389,1653991389);
INSERT INTO player_score VALUES('6388f28fe',48,'4a83959c7','6383f5b81',431200,1125,1654035071,1654035071);
INSERT INTO player_score VALUES('626def669',48,'4b64c68c7','1fd2b7172',6580,1134,1654005395,1654005395);
INSERT INTO player_score VALUES('5dd9b9f3b',48,'4b64c68c7','20eb46d41',10395,993,1653882480,1653882480);
INSERT INTO player_score VALUES('5a41201ca',48,'4b64c68c7','3b4c521e0',46980,938,1653785948,1653785948);
INSERT INTO player_score VALUES('6169f6ad7',48,'4b64c68c7','3f698a24b',85995,1051,1653978135,1653978135);
INSERT INTO player_score VALUES('63ba961ae',48,'4b64c68c7','43fa09e20',272745,1200,1654040276,1654040276);
INSERT INTO player_score VALUES('6321460bc',48,'4b64c68c7','520d47161',235425,1096,1654024200,1654024200);
INSERT INTO player_score VALUES('593cf8fe2',48,'4b64c68c7','539890f26',200736,927,1653758669,1653758669);
INSERT INTO player_score VALUES('63b38c552',48,'4b64c68c7','54808744f',3230,1260,1654039538,1654039538);
INSERT INTO player_score VALUES('5c376f6f3',48,'4b64c68c7','586eb1624',502152,1017,1653838619,1653838619);
INSERT INTO player_score VALUES('62a0e3d3a',48,'4b64c68c7','597095e6f',0,1098,1654010738,1654010738);
INSERT INTO player_score VALUES('5c599fe26',48,'4b64c68c7','5c09051dc',308320,942,1653842204,1653842204);
INSERT INTO player_score VALUES('61e37ff56',48,'4b64c68c7','6081d464f',0,1097,1653990879,1653990879);
INSERT INTO player_score VALUES('6387bef4e',48,'4b64c68c7','6383f5b81',40959,858,1654034945,1654034945);
INSERT INTO player_score VALUES('5b99cafc1',48,'4c5ec31f3','1fd2b7172',0,1019,1653822089,1653822089);
INSERT INTO player_score VALUES('60ea26f0c',48,'4c5ec31f3','20eb46d41',228690,1043,1653964733,1653964733);
INSERT INTO player_score VALUES('62d2c6d63',48,'4c5ec31f3','3f698a24b',156078,1098,1654015969,1654015969);
INSERT INTO player_score VALUES('6318f5264',48,'4c5ec31f3','43fa09e20',6972,1181,1654023328,1654023328);
INSERT INTO player_score VALUES('63544e02a',48,'4c5ec31f3','520d47161',24299,1103,1654029551,1654029551);
INSERT INTO player_score VALUES('5957ccaff',48,'4c5ec31f3','539890f26',12900,947,1653761482,1653761482);
INSERT INTO player_score VALUES('63c3d8b3b',48,'4c5ec31f3','54808744f',187488,1265,1654041247,1654041247);
INSERT INTO player_score VALUES('5c2193b95',48,'4c5ec31f3','586eb1624',97767,997,1653836327,1653836327);
INSERT INTO player_score VALUES('63a9b4ce5',48,'4c5ec31f3','597095e6f',16356,1211,1654038506,1654038506);
INSERT INTO player_score VALUES('5c5a325ce',48,'4c5ec31f3','5c09051dc',780,949,1653842264,1653842264);
INSERT INTO player_score VALUES('61d810b2a',48,'4c5ec31f3','6081d464f',30672,1065,1653989680,1653989680);
INSERT INTO player_score VALUES('6389591ab',48,'4c5ec31f3','6383f5b81',40734,1216,1654035113,1654035113);
INSERT INTO player_score VALUES('611915191',48,'4c7b447b6','1fd2b7172',6768,1107,1653969654,1653969654);
INSERT INTO player_score VALUES('62b754744',48,'4c7b447b6','20eb46d41',119880,1074,1654013091,1654013091);
INSERT INTO player_score VALUES('5afbee61f',48,'4c7b447b6','3b4c521e0',338640,959,1653805536,1653805536);
INSERT INTO player_score VALUES('5d5acd449',48,'4c7b447b6','3f698a24b',210600,925,1653869171,1653869171);
INSERT INTO player_score VALUES('6368e01de',48,'4c7b447b6','43fa09e20',82150,1191,1654031708,1654031708);
INSERT INTO player_score VALUES('6383633c0',48,'4c7b447b6','520d47161',21756,1124,1654034488,1654034488);
INSERT INTO player_score VALUES('59156eeda',48,'4c7b447b6','539890f26',224664,904,1653754523,1653754523);
INSERT INTO player_score VALUES('629f62144',48,'4c7b447b6','54808744f',76368,1188,1654010580,1654010580);
INSERT INTO player_score VALUES('5c2d2c7b3',48,'4c7b447b6','586eb1624',29025,1005,1653837543,1653837543);
INSERT INTO player_score VALUES('63a3203f2',48,'4c7b447b6','597095e6f',51870,1206,1654037816,1654037816);
INSERT INTO player_score VALUES('5c564e44b',48,'4c7b447b6','5c09051dc',92340,895,1653841856,1653841856);
INSERT INTO player_score VALUES('61c83e6b0',48,'4c7b447b6','6081d464f',67150,1022,1653988021,1653988021);
INSERT INTO player_score VALUES('6388edb1d',48,'4c7b447b6','6383f5b81',11092,1123,1654035069,1654035069);
INSERT INTO player_score VALUES('61b308b5a',48,'4dc04c80e','1fd2b7172',55380,1120,1653985797,1653985797);
INSERT INTO player_score VALUES('6182b3ad2',48,'4dc04c80e','20eb46d41',402402,1056,1653980729,1653980729);
INSERT INTO player_score VALUES('5ba8f4d23',48,'4dc04c80e','3b4c521e0',1995,979,1653823679,1653823679);
INSERT INTO player_score VALUES('61e900a19',48,'4dc04c80e','3f698a24b',52380,1068,1653991456,1653991456);
INSERT INTO player_score VALUES('60fd0dd00',48,'4dc04c80e','43fa09e20',1100,1106,1653966715,1653966715);
INSERT INTO player_score VALUES('62e8cc09a',48,'4dc04c80e','520d47161',430404,1081,1654018278,1654018278);
INSERT INTO player_score VALUES('5964d8854',48,'4dc04c80e','539890f26',79764,955,1653762850,1653762850);
INSERT INTO player_score VALUES('62f983d4e',48,'4dc04c80e','54808744f',195300,1218,1654020031,1654020031);
INSERT INTO player_score VALUES('5c3a077de',48,'4dc04c80e','586eb1624',486400,1020,1653838891,1653838891);
INSERT INTO player_score VALUES('6308116af',48,'4dc04c80e','597095e6f',361336,1143,1654021557,1654021557);
INSERT INTO player_score VALUES('5c5a4ac46',48,'4dc04c80e','5c09051dc',67932,952,1653842274,1653842274);
INSERT INTO player_score VALUES('61d7153c9',48,'4dc04c80e','6081d464f',8064,1063,1653989577,1653989577);
INSERT INTO player_score VALUES('6389088aa',48,'4dc04c80e','6383f5b81',50880,1146,1654035080,1654035080);
INSERT INTO player_score VALUES('6131902f9',48,'4f015f534','1fd2b7172',435,1109,1653972221,1653972221);
INSERT INTO player_score VALUES('5fc1e4a9c',48,'4f015f534','20eb46d41',1736,1026,1653933668,1653933668);
INSERT INTO player_score VALUES('560939091',48,'4f015f534','3b4c521e0',78624,826,1653672712,1653672712);
INSERT INTO player_score VALUES('633c0b106',48,'4f015f534','3f698a24b',365634,1118,1654027007,1654027007);
INSERT INTO player_score VALUES('614018e65',48,'4f015f534','520d47161',6480,997,1653973745,1653973745);
INSERT INTO player_score VALUES('593c0ea1a',48,'4f015f534','539890f26',273600,926,1653758573,1653758573);
INSERT INTO player_score VALUES('62cd7e4d6',48,'4f015f534','54808744f',53064,1203,1654015415,1654015415);
INSERT INTO player_score VALUES('5c31dda42',48,'4f015f534','586eb1624',164738,1009,1653838035,1653838035);
INSERT INTO player_score VALUES('63c558009',48,'4f015f534','597095e6f',28224,1222,1654041404,1654041404);
INSERT INTO player_score VALUES('5c570a41a',48,'4f015f534','5c09051dc',113400,904,1653841933,1653841933);
INSERT INTO player_score VALUES('61e4f7eec',48,'4f015f534','6081d464f',22878,1101,1653991033,1653991033);
INSERT INTO player_score VALUES('5f7d2700a',48,'50ecc81d0','1fd2b7172',4704,1086,1653926460,1653926460);
INSERT INTO player_score VALUES('61734a5f2',48,'50ecc81d0','20eb46d41',65700,1053,1653979113,1653979113);
INSERT INTO player_score VALUES('59c90eceb',48,'50ecc81d0','3b4c521e0',134670,929,1653773358,1653773358);
INSERT INTO player_score VALUES('6062742e3',48,'50ecc81d0','3f698a24b',7546,1018,1653950504,1653950504);
INSERT INTO player_score VALUES('63aef3940',48,'50ecc81d0','43fa09e20',531441,1198,1654039056,1654039056);
INSERT INTO player_score VALUES('5d56718b0',48,'50ecc81d0','520d47161',274999,723,1653868714,1653868714);
INSERT INTO player_score VALUES('595c879e5',48,'50ecc81d0','539890f26',145600,949,1653761978,1653761978);
INSERT INTO player_score VALUES('633f507c5',48,'50ecc81d0','54808744f',147906,1235,1654027350,1654027350);
INSERT INTO player_score VALUES('5bf0b115a',48,'50ecc81d0','586eb1624',288,938,1653831201,1653831201);
INSERT INTO player_score VALUES('639febeaa',48,'50ecc81d0','597095e6f',26100,1204,1654037480,1654037480);
INSERT INTO player_score VALUES('5c5a56f7f',48,'50ecc81d0','5c09051dc',45696,953,1653842279,1653842279);
INSERT INTO player_score VALUES('61e099c26',48,'50ecc81d0','6081d464f',51086,1089,1653990575,1653990575);
INSERT INTO player_score VALUES('6388cb84a',48,'50ecc81d0','6383f5b81',0,1087,1654035055,1654035055);
INSERT INTO player_score VALUES('5cbee529a',48,'51c125586','1fd2b7172',23902,1034,1653852823,1653852823);
INSERT INTO player_score VALUES('59838b68f',48,'51c125586','20eb46d41',73425,915,1653766069,1653766069);
INSERT INTO player_score VALUES('5926fd901',48,'51c125586','3b4c521e0',212628,909,1653756364,1653756364);
INSERT INTO player_score VALUES('632e25f21',48,'51c125586','3f698a24b',150336,1117,1654025550,1654025550);
INSERT INTO player_score VALUES('63c6166db',48,'51c125586','43fa09e20',293898,1202,1654041482,1654041482);
INSERT INTO player_score VALUES('62e952533',48,'51c125586','520d47161',81614,1083,1654018333,1654018333);
INSERT INTO player_score VALUES('594a2e573',48,'51c125586','539890f26',287280,936,1653760054,1653760054);
INSERT INTO player_score VALUES('6265a844c',48,'51c125586','54808744f',7857,1172,1654004527,1654004527);
INSERT INTO player_score VALUES('5c2a37a40',48,'51c125586','586eb1624',32760,1001,1653837233,1653837233);
INSERT INTO player_score VALUES('63919dce7',48,'51c125586','597095e6f',61100,1199,1654035980,1654035980);
INSERT INTO player_score VALUES('5c54a301b',48,'51c125586','5c09051dc',33488,877,1653841681,1653841681);
INSERT INTO player_score VALUES('61e93dac7',48,'51c125586','6081d464f',7912,1115,1653991481,1653991481);
INSERT INTO player_score VALUES('6389088ab',48,'51c125586','6383f5b81',57456,1148,1654035080,1654035080);
INSERT INTO player_score VALUES('623276ccc',48,'5ac97b581','1fd2b7172',39168,1130,1653999159,1653999159);
INSERT INTO player_score VALUES('5af3c96ee',48,'5ac97b581','3b4c521e0',53664,958,1653804682,1653804682);
INSERT INTO player_score VALUES('63043715d',48,'5ac97b581','3f698a24b',99630,1107,1654021153,1654021153);
INSERT INTO player_score VALUES('60f8b4855',48,'5ac97b581','43fa09e20',133056,1105,1653966259,1653966259);
INSERT INTO player_score VALUES('620f486fe',48,'5ac97b581','520d47161',20304,1035,1653995470,1653995470);
INSERT INTO player_score VALUES('6183acb34',48,'5ac97b581','54808744f',43120,1118,1653980831,1653980831);
INSERT INTO player_score VALUES('5c035d57b',48,'5ac97b581','586eb1624',26970,963,1653833159,1653833159);
INSERT INTO player_score VALUES('63ab898cc',48,'5ac97b581','597095e6f',215985,1212,1654038698,1654038698);
INSERT INTO player_score VALUES('5c58c907a',48,'5ac97b581','5c09051dc',10976,933,1653842116,1653842116);
INSERT INTO player_score VALUES('61b88e4c7',48,'5ac97b581','6081d464f',194481,969,1653986376,1653986376);
INSERT INTO player_score VALUES('63895dfdd',48,'5ac97b581','6383f5b81',436912,1221,1654035115,1654035115);
INSERT INTO player_score VALUES('624263f38',48,'5ae909f5c','1fd2b7172',67626,1132,1654000829,1654000829);
INSERT INTO player_score VALUES('6234220bf',48,'5ae909f5c','20eb46d41',749075,1068,1653999334,1653999334);
INSERT INTO player_score VALUES('58e9277b8',48,'5ae909f5c','3b4c521e0',240300,898,1653749880,1653749880);
INSERT INTO player_score VALUES('61798beb8',48,'5ae909f5c','43fa09e20',3105,1124,1653979769,1653979769);
INSERT INTO player_score VALUES('63bcb8f7d',48,'5ae909f5c','520d47161',48384,1141,1654040500,1654040500);
INSERT INTO player_score VALUES('6294065f2',48,'5ae909f5c','54808744f',284900,1185,1654009389,1654009389);
INSERT INTO player_score VALUES('5c472e343',48,'5ae909f5c','586eb1624',34300,1036,1653840270,1653840270);
INSERT INTO player_score VALUES('63340abd9',48,'5ae909f5c','597095e6f',89300,1163,1654026168,1654026168);
INSERT INTO player_score VALUES('5c54af370',48,'5ae909f5c','5c09051dc',23808,880,1653841686,1653841686);
INSERT INTO player_score VALUES('61d076e65',48,'5ae909f5c','6081d464f',11968,1040,1653988883,1653988883);
INSERT INTO player_score VALUES('638914c0e',48,'5ae909f5c','6383f5b81',318096,1159,1654035085,1654035085);
INSERT INTO player_score VALUES('5ea3469e5',48,'5bad297dc','1fd2b7172',80325,1068,1653903614,1653903614);
INSERT INTO player_score VALUES('60feb42b3',48,'5bad297dc','20eb46d41',46000,1045,1653966888,1653966888);
INSERT INTO player_score VALUES('561f543b5',48,'5bad297dc','3b4c521e0',5400,831,1653675030,1653675030);
INSERT INTO player_score VALUES('5fcad6b17',48,'5bad297dc','3f698a24b',23296,998,1653934606,1653934606);
INSERT INTO player_score VALUES('622d1848d',48,'5bad297dc','43fa09e20',420525,1148,1653998596,1653998596);
INSERT INTO player_score VALUES('63b26c416',48,'5bad297dc','520d47161',7296,1133,1654039420,1654039420);
INSERT INTO player_score VALUES('627dabbb5',48,'5bad297dc','54808744f',12654,1177,1654007045,1654007045);
INSERT INTO player_score VALUES('5c4741b80',48,'5bad297dc','586eb1624',119250,1037,1653840278,1653840278);
INSERT INTO player_score VALUES('63b419f22',48,'5bad297dc','597095e6f',10920,1219,1654039596,1654039596);
INSERT INTO player_score VALUES('5c5a1c63d',48,'5bad297dc','5c09051dc',87100,947,1653842255,1653842255);
INSERT INTO player_score VALUES('61d207480',48,'5bad297dc','6081d464f',459900,1044,1653989047,1653989047);
INSERT INTO player_score VALUES('638948059',48,'5bad297dc','6383f5b81',38400,1201,1654035106,1654035106);
INSERT INTO player_score VALUES('58b225748',48,'5fd7f8825','1fd2b7172',101136,968,1653744112,1653744112);
INSERT INTO player_score VALUES('6224263d0',48,'5fd7f8825','20eb46d41',8680,1067,1653997658,1653997658);
INSERT INTO player_score VALUES('5ffdefbf9',48,'5fd7f8825','3f698a24b',117390,1002,1653939964,1653939964);
INSERT INTO player_score VALUES('634a089e1',48,'5fd7f8825','43fa09e20',87561,1190,1654028474,1654028474);
INSERT INTO player_score VALUES('62eecbab7',48,'5fd7f8825','520d47161',27060,1085,1654018907,1654018907);
INSERT INTO player_score VALUES('619cf74bf',48,'5fd7f8825','54808744f',69440,1124,1653983483,1653983483);
INSERT INTO player_score VALUES('639bad7fb',48,'5fd7f8825','597095e6f',3776,1202,1654037035,1654037035);
INSERT INTO player_score VALUES('638919a22',48,'5fd7f8825','6383f5b81',23765,1162,1654035087,1654035087);
INSERT INTO player_score VALUES('61d30c868',48,'608d2b387','1fd2b7172',126480,1123,1653989154,1653989154);
INSERT INTO player_score VALUES('635f08969',48,'608d2b387','20eb46d41',47235,1084,1654030676,1654030676);
INSERT INTO player_score VALUES('636796879',48,'608d2b387','3f698a24b',7920,1125,1654031573,1654031573);
INSERT INTO player_score VALUES('5ebd98e8f',48,'608d2b387','43fa09e20',347256,1013,1653906374,1653906374);
INSERT INTO player_score VALUES('62de9f10d',48,'608d2b387','520d47161',5300,1077,1654017211,1654017211);
INSERT INTO player_score VALUES('62e7eb6b1',48,'608d2b387','54808744f',64680,1213,1654018186,1654018186);
INSERT INTO player_score VALUES('61e9fc194',48,'608d2b387','6081d464f',17052,1118,1653991559,1653991559);
INSERT INTO player_score VALUES('63895dfde',48,'608d2b387','6383f5b81',8690,1222,1654035115,1654035115);
INSERT INTO player_score VALUES('619745c79',48,'60c2d0260','1fd2b7172',141075,1117,1653982886,1653982886);
INSERT INTO player_score VALUES('61fe4ebee',48,'60c2d0260','20eb46d41',0,1065,1653993690,1653993690);
INSERT INTO player_score VALUES('6323fdd77',48,'60c2d0260','3f698a24b',400113,1116,1654024485,1654024485);
INSERT INTO player_score VALUES('62f645c02',48,'60c2d0260','43fa09e20',39312,1176,1654019691,1654019691);
INSERT INTO player_score VALUES('6104d38b8',48,'60c2d0260','520d47161',575280,982,1653967530,1653967530);
INSERT INTO player_score VALUES('62e649ef3',48,'60c2d0260','54808744f',3360,1212,1654018015,1654018015);
INSERT INTO player_score VALUES('63b0d48ce',48,'60c2d0260','597095e6f',34200,1215,1654039253,1654039253);
INSERT INTO player_score VALUES('61c808b32',48,'60c2d0260','6081d464f',468864,1021,1653987999,1653987999);
INSERT INTO player_score VALUES('638956ac3',48,'60c2d0260','6383f5b81',13572,1212,1654035112,1654035112);
INSERT INTO player_score VALUES('5fb37e20f',48,'611b15c84','1fd2b7172',17496,1090,1653932158,1653932158);
INSERT INTO player_score VALUES('62bd7b28a',48,'611b15c84','20eb46d41',7480,1075,1654013736,1654013736);
INSERT INTO player_score VALUES('61df57800',48,'611b15c84','3f698a24b',0,1064,1653990443,1653990443);
INSERT INTO player_score VALUES('60bd349a0',48,'611b15c84','43fa09e20',2850,1099,1653960020,1653960020);
INSERT INTO player_score VALUES('6386fe172',48,'611b15c84','520d47161',39249,1125,1654034866,1654034866);
INSERT INTO player_score VALUES('62d49e051',48,'611b15c84','54808744f',283185,1204,1654016162,1654016162);
INSERT INTO player_score VALUES('63c581807',48,'611b15c84','597095e6f',14664,1223,1654041421,1654041421);
INSERT INTO player_score VALUES('61d32c44a',48,'611b15c84','6081d464f',188496,1048,1653989167,1653989167);
INSERT INTO player_score VALUES('63894805a',48,'611b15c84','6383f5b81',1530,1202,1654035106,1654035106);
INSERT INTO player_score VALUES('5e4b5b4b9',48,'6294c73d3','1fd2b7172',449920,1059,1653894395,1653894395);
INSERT INTO player_score VALUES('62bfdff3e',48,'6294c73d3','20eb46d41',73656,1076,1654013987,1654013987);
INSERT INTO player_score VALUES('634f22c43',48,'6294c73d3','3f698a24b',202752,1119,1654029009,1654029009);
INSERT INTO player_score VALUES('604fb93d7',48,'6294c73d3','43fa09e20',201760,1083,1653948540,1653948540);
INSERT INTO player_score VALUES('637316e17',48,'6294c73d3','520d47161',54418,1116,1654032779,1654032779);
INSERT INTO player_score VALUES('632315eb2',48,'6294c73d3','597095e6f',162526,1157,1654024390,1654024390);
INSERT INTO player_score VALUES('638962df3',48,'6294c73d3','6383f5b81',180320,1227,1654035117,1654035117);
INSERT INTO player_score VALUES('56b485971',48,'632091624','20eb46d41',285768,868,1653690674,1653690674);
INSERT INTO player_score VALUES('6387d4eba',48,'632091624','3f698a24b',3186,1129,1654034954,1654034954);
INSERT INTO player_score VALUES('637e1840e',48,'632091624','43fa09e20',84694,1194,1654033933,1654033933);
INSERT INTO player_score VALUES('637c1c6e8',48,'632091624','54808744f',82992,1244,1654033725,1654033725);
INSERT INTO player_score VALUES('6388f5039',48,'632091624','6383f5b81',93744,1129,1654035072,1654035072);
COMMIT;
