
BEGIN;
CREATE TABLE IF NOT EXISTS competition (
  id VARCHAR(255) NOT NULL PRIMARY KEY,
  tenant_id BIGINT NOT NULL,
  title TEXT NOT NULL,
  finished_at BIGINT NULL,
  created_at BIGINT NOT NULL,
  updated_at BIGINT NOT NULL
);
INSERT INTO competition VALUES('1700d7f64',49,'白ペペロンチーノ工場カップ',1653890681,1651980690,1653890681);
INSERT INTO competition VALUES('1af57e3fd',49,'第3回 IPA派',NULL,1652086874,1653841718);
INSERT INTO competition VALUES('1e5c796c3',49,'大きなミニトマトできた #1',NULL,1652178203,1653286692);
INSERT INTO competition VALUES('2203ea170',49,'レタスがいる #4',1652317292,1652276291,1652317292);
INSERT INTO competition VALUES('25587879a',49,'すもも神社',1653934937,1652365688,1653934937);
INSERT INTO competition VALUES('2ad53b9e1',49,'三鷹のーと vol.0',NULL,1652512988,1653841346);
INSERT INTO competition VALUES('2c0bdd1e3',49,'第1回 チューリップ家',1653377325,1652545560,1653377325);
INSERT INTO competition VALUES('336e8ac84',49,'すこしエール乙女 vol.8',1653252215,1652743812,1653252215);
INSERT INTO competition VALUES('35aec7df4',49,'ソフトウェア.rsカップ',NULL,1652804235,1653370585);
INSERT INTO competition VALUES('36fbf263b',49,'やっぱり鏡派杯',1652878266,1652839170,1652878266);
INSERT INTO competition VALUES('4abb931b7',49,'朝までダッシュ賛歌杯',1653701995,1653369291,1653701995);
INSERT INTO competition VALUES('4dd2b46ae',49,'リアル無職帝国 vol.9',NULL,1653452247,1654031486);
INSERT INTO competition VALUES('4f7eea009',49,'第2回 業務中にクライアント劇場',1653907354,1653497148,1653907354);
INSERT INTO competition VALUES('4fcdf6ce1',49,'今夜は高学歴方式カップ',NULL,1653505437,1653921829);
INSERT INTO competition VALUES('51a5737fd',49,'おしゃれマンゴー方式 #5',1653593796,1653554876,1653593796);
INSERT INTO competition VALUES('5daa6c904',49,'ミルク党大会',NULL,1653877520,1653959812);
INSERT INTO competition VALUES('61443c78a',49,'無農薬コーヒー基地杯',1653999083,1653974179,1653999083);
INSERT INTO competition VALUES('620a332ad',49,'手動シークワーサー株式会社 #1',NULL,1653994937,1654020956);
CREATE TABLE IF NOT EXISTS player (
  id VARCHAR(255) NOT NULL PRIMARY KEY,
  tenant_id BIGINT NOT NULL,
  display_name TEXT NOT NULL,
  is_disqualified BOOLEAN NOT NULL,
  created_at BIGINT NOT NULL,
  updated_at BIGINT NOT NULL
);
INSERT INTO player VALUES('140f89479',49,'Anastacio Grant',0,1651901700,1652593167);
INSERT INTO player VALUES('145c118d5',49,'Ethelyn Deckow III',0,1651909725,1653359912);
INSERT INTO player VALUES('166d19b3a',49,'Kaylin Hermiston III',0,1651965198,1653775287);
INSERT INTO player VALUES('17159ae89',49,'Valentina Dooley I',0,1651982867,1652536546);
INSERT INTO player VALUES('17727951d',49,'Edgardo Nader Sr.',0,1651992605,1653153082);
INSERT INTO player VALUES('1839976fc',49,'Xavier O"Hara II',0,1652013484,1652671855);
INSERT INTO player VALUES('19cf291c6',49,'Evert Bergnaum DDS',0,1652056011,1653051948);
INSERT INTO player VALUES('1a452633d',49,'Ms. Herta Stoltenberg',0,1652068383,1652189365);
INSERT INTO player VALUES('1b039916a',49,'Sheila Runolfsdottir',0,1652088353,1652434458);
INSERT INTO player VALUES('1b318e345',49,'Saul Nikolaus',0,1652093172,1653213367);
INSERT INTO player VALUES('1b73d11db',49,'Noble Hammes',0,1652100120,1652799038);
INSERT INTO player VALUES('1c448c2a7',49,'Zachary Leffler',0,1652122007,1653074039);
INSERT INTO player VALUES('1c7500f0c',49,'Tad Donnelly III',1,1652127088,1652951270);
INSERT INTO player VALUES('1d24d5257',49,'Cloyd Kertzmann',0,1652145525,1653381320);
INSERT INTO player VALUES('1f4b6adb9',49,'Mr. Tyrique Johnston',0,1652203258,1653855379);
INSERT INTO player VALUES('1f4fd5399',49,'Makenzie Ritchie',0,1652203721,1652891154);
INSERT INTO player VALUES('1f5232b15',49,'Juliana Kohler',0,1652203969,1653013174);
INSERT INTO player VALUES('1f9c4518d',49,'Misael Cole',0,1652211736,1653706562);
INSERT INTO player VALUES('20e2573ba',49,'Ivory Rempel',0,1652245927,1652515091);
INSERT INTO player VALUES('20f938294',49,'Mr. Zackary Wisoky Sr.',0,1652248326,1652542960);
INSERT INTO player VALUES('21b897dbb',49,'Hans Boyle',0,1652268393,1652441349);
INSERT INTO player VALUES('22ef877a8',49,'Ms. Evalyn Green',1,1652300997,1652586174);
INSERT INTO player VALUES('231fed9c5',49,'Elise Hackett',0,1652306072,1653905624);
INSERT INTO player VALUES('23d1438e2',49,'Ms. Stefanie Stiedemann MD',0,1652324667,1653406078);
INSERT INTO player VALUES('25a83ed5a',49,'Mr. Dorthy Price',0,1652374053,1652568905);
INSERT INTO player VALUES('25bf4e2cb',49,'Mr. Oda Nader PhD',0,1652376471,1652389790);
INSERT INTO player VALUES('25fdd8e55',49,'Earlene Little',0,1652383029,1652707624);
INSERT INTO player VALUES('28ff76615',49,'Marco Zieme Jr.',0,1652463729,1652705347);
INSERT INTO player VALUES('299005370',49,'Ms. Jessyca Grimes III',0,1652478887,1653885204);
INSERT INTO player VALUES('29e25ec4a',49,'Ms. Noemie Gibson',0,1652487522,1652832022);
INSERT INTO player VALUES('2bbec9a6f',49,'Imelda O"Reilly',0,1652537478,1653372808);
INSERT INTO player VALUES('2cb7ecf71',49,'Enrico Abshire',1,1652563602,1653413497);
INSERT INTO player VALUES('2d065b14b',49,'Krystina Howell',0,1652571826,1652729491);
INSERT INTO player VALUES('2d193aa22',49,'Ms. Clarissa Murray II',0,1652573805,1653027699);
INSERT INTO player VALUES('2d310acf4',49,'Avery Pagac',0,1652576302,1653171854);
INSERT INTO player VALUES('2d46eb661',49,'Vida Turner',0,1652578596,1653848555);
INSERT INTO player VALUES('2e4b93e8d',49,'Javier Stiedemann',0,1652605928,1652662023);
INSERT INTO player VALUES('2ec738bf8',49,'Matteo Pfannerstill DDS',1,1652618893,1653268932);
INSERT INTO player VALUES('2f0b8afdc',49,'Catalina Hand',0,1652626057,1653958695);
INSERT INTO player VALUES('2fe1b3340',49,'Zora Erdman II',0,1652648513,1652893719);
INSERT INTO player VALUES('30a126714',49,'Camren Stark',0,1652668588,1652982063);
INSERT INTO player VALUES('315349732',49,'Ms. Rose Johnston',0,1652687267,1653980010);
INSERT INTO player VALUES('32ae89f09',49,'Ms. Rosella Keebler',0,1652723679,1653528532);
INSERT INTO player VALUES('33c6565f4',49,'Sarai Gulgowski',0,1652753018,1653704804);
INSERT INTO player VALUES('33dd3ea1b',49,'Carmen O"Hara',0,1652755420,1653960301);
INSERT INTO player VALUES('34094de8d',49,'Ms. Jany Fadel',0,1652760040,1652774916);
INSERT INTO player VALUES('348c9da64',49,'Hector Howe',0,1652773809,1653554114);
INSERT INTO player VALUES('34d232253',49,'Mr. Bill Weimann',0,1652781105,1653973262);
INSERT INTO player VALUES('34d3e2471',49,'Vita Bradtke PhD',0,1652781282,1653983171);
INSERT INTO player VALUES('379e17323',49,'Mr. Jacques Corkery II',0,1652856172,1653993681);
INSERT INTO player VALUES('38e483a5e',49,'Maximo West',0,1652890400,1653584760);
INSERT INTO player VALUES('3a034645a',49,'Mr. Nash Sawayn',1,1652920469,1653899326);
INSERT INTO player VALUES('3a79bafa7',49,'Dixie Leannon',1,1652932890,1652970338);
INSERT INTO player VALUES('3bbb28249',49,'Quinten O"Conner DVM',0,1652966594,1653426895);
INSERT INTO player VALUES('3be68a173',49,'Maia Lockman',0,1652971143,1653522049);
INSERT INTO player VALUES('3ce4e9b8b',49,'Forest Tromp',0,1652997816,1653866722);
INSERT INTO player VALUES('3e76a8664',49,'Megane Wisoky',0,1653039942,1653925821);
INSERT INTO player VALUES('3ef5c37b6',49,'Ms. Marian Barton Jr.',0,1653053270,1653180127);
INSERT INTO player VALUES('3f84a981e',49,'Toni Botsford DVM',0,1653068254,1653777848);
INSERT INTO player VALUES('40b5aa90d',49,'Michaela Murazik',0,1653100236,1653813155);
INSERT INTO player VALUES('4123878ed',49,'Mr. Oliver Tremblay I',0,1653111756,1653225548);
INSERT INTO player VALUES('41b90befc',49,'Mr. Edgardo Schamberger',1,1653127434,1653227194);
INSERT INTO player VALUES('42472751a',49,'Mr. Tyree Upton DDS',0,1653142335,1653976189);
INSERT INTO player VALUES('4250bf607',49,'Dejuan Nolan',0,1653143341,1654017667);
INSERT INTO player VALUES('42b02736c',49,'Berry Toy',0,1653153345,1653345396);
INSERT INTO player VALUES('42c998e13',49,'Ms. Anastasia Schamberger IV',0,1653156013,1653995020);
INSERT INTO player VALUES('432956272',49,'Nasir Waelchi Jr.',0,1653166052,1653644334);
INSERT INTO player VALUES('435caeafa',49,'Mr. Dallas Kub',0,1653171436,1654020690);
INSERT INTO player VALUES('441e006c8',49,'Alec Kassulke',0,1653191707,1653321813);
INSERT INTO player VALUES('44ddc6ab6',49,'Edna Glover DDS',0,1653211816,1653575466);
INSERT INTO player VALUES('44e227432',49,'Michelle Turcotte',0,1653212275,1653428669);
INSERT INTO player VALUES('454137391',49,'Mr. Kadin Schuster',0,1653222243,1653501256);
INSERT INTO player VALUES('4765681f4',49,'Janice Kessler',1,1653279725,1653561841);
INSERT INTO player VALUES('47b0bf3dc',49,'Theodora O"Connell',0,1653287625,1653697318);
INSERT INTO player VALUES('47d78fc54',49,'Ms. Jeanette Crist III',0,1653291695,1653997990);
INSERT INTO player VALUES('48db79d5b',49,'Jamarcus Weissnat',0,1653318949,1653349284);
INSERT INTO player VALUES('49abf56b3',49,'Lexus Okuneva Jr.',0,1653340810,1653516643);
INSERT INTO player VALUES('4ac67e881',49,'Sierra Stehr',1,1653370436,1653861525);
INSERT INTO player VALUES('4b2de6af5',49,'Eliezer Hermann',0,1653381279,1653948416);
INSERT INTO player VALUES('4cb88f690',49,'Cole Harber',0,1653422662,1654038065);
INSERT INTO player VALUES('4cbe4841f',49,'Ms. Marcelina Runolfsson II',0,1653423262,1653934783);
INSERT INTO player VALUES('50756de7a',49,'Jettie Emard',0,1653522997,1653709041);
INSERT INTO player VALUES('5262f71d4',49,'Abigale Bruen',0,1653574748,1654022636);
INSERT INTO player VALUES('52e57753d',49,'Mr. Bobbie Cummings DDS',1,1653588432,1653944027);
INSERT INTO player VALUES('53bf8af5f',49,'Piper Kunde IV',0,1653611299,1653697771);
INSERT INTO player VALUES('53e1f38ba',49,'Mr. Macey Botsford',0,1653614907,1654015796);
INSERT INTO player VALUES('542f1f6b1',49,'Liana Glover',0,1653622999,1653980014);
INSERT INTO player VALUES('5487abe05',49,'Ms. Ollie Grimes',0,1653632284,1653803267);
INSERT INTO player VALUES('54964a899',49,'Ms. Ocie Cormier',0,1653633817,1653994109);
INSERT INTO player VALUES('54c5e87d0',49,'Cortney Bogan',0,1653638810,1654022273);
INSERT INTO player VALUES('557f6d2a3',49,'Nikolas Wunsch',0,1653658263,1653957169);
INSERT INTO player VALUES('562beae45',49,'Mr. Anastacio Brown Jr.',0,1653676350,1653864376);
INSERT INTO player VALUES('56ef1d984',49,'Ms. Novella Fay MD',0,1653696818,1653970696);
INSERT INTO player VALUES('57a5a3a9d',49,'Josue Roberts MD',0,1653715957,1654024856);
INSERT INTO player VALUES('57d49e08a',49,'Christian Crona Sr.',0,1653720883,1654011670);
INSERT INTO player VALUES('595e2dfb1',49,'Mr. Timmy Tromp DVM',0,1653762151,1653858164);
INSERT INTO player VALUES('5abbf5706',49,'Ms. Catalina McGlynn IV',1,1653798828,1653991088);
INSERT INTO player VALUES('5d4392038',49,'Ms. Isabelle Schultz',0,1653866735,1653950018);
INSERT INTO player VALUES('5daf84495',49,'Mr. Juvenal Bartell Sr.',0,1653878054,1653999000);
INSERT INTO player VALUES('5e3fb3e7e',49,'Candace Lebsack',0,1653893173,1653939387);
INSERT INTO player VALUES('5ea8cc34a',49,'Mr. Adolph Mills PhD',0,1653904193,1653916739);
INSERT INTO player VALUES('60629dab1',49,'Zane Abernathy',0,1653950521,1653996522);
INSERT INTO player VALUES('61116a36b',49,'Kiarra Stoltenberg',0,1653968850,1654020560);
INSERT INTO player VALUES('6232b8b5b',49,'Ethyl Friesen II',0,1653999186,1654001202);
INSERT INTO player VALUES('638692ab5',49,'Mr. Dustin O"Reilly V',0,1654034822,1654037100);
CREATE TABLE IF NOT EXISTS player_score (
                              id VARCHAR(255) NOT NULL PRIMARY KEY,
                              tenant_id BIGINT NOT NULL,
                              player_id VARCHAR(255) NOT NULL,
                              competition_id VARCHAR(255) NOT NULL,
                              score BIGINT NOT NULL,
                              row_num BIGINT NOT NULL,
                              created_at BIGINT NOT NULL,
                              updated_at BIGINT NOT NULL
);
INSERT INTO player_score VALUES('5a784e1ae',49,'140f89479','1700d7f64',52,1616,1653791734,1653791734);
INSERT INTO player_score VALUES('5d9593a95',49,'140f89479','1af57e3fd',98560,1929,1653875334,1653875334);
INSERT INTO player_score VALUES('61bd6b66a',49,'140f89479','1e5c796c3',188100,1829,1653986886,1653986886);
INSERT INTO player_score VALUES('237c79045',49,'140f89479','2203ea170',25536,424,1652315776,1652315776);
INSERT INTO player_score VALUES('5b21d21b4',49,'140f89479','25587879a',86400,1730,1653809509,1653809509);
INSERT INTO player_score VALUES('62ac690b3',49,'140f89479','2ad53b9e1',73470,1941,1654011946,1654011946);
INSERT INTO player_score VALUES('4a8ff1b07',49,'140f89479','2c0bdd1e3',108936,1451,1653364716,1653364716);
INSERT INTO player_score VALUES('6346bbe36',49,'140f89479','35aec7df4',162925,1869,1654028128,1654028128);
INSERT INTO player_score VALUES('386518043',49,'140f89479','36fbf263b',0,988,1652877039,1652877039);
INSERT INTO player_score VALUES('5661700e0',49,'140f89479','4abb931b7',5060,1525,1653681962,1653681962);
INSERT INTO player_score VALUES('639bcd3c1',49,'140f89479','4dd2b46ae',121992,1876,1654037048,1654037048);
INSERT INTO player_score VALUES('5caaecdd3',49,'140f89479','4f7eea009',103488,1558,1653850729,1653850729);
INSERT INTO player_score VALUES('63c3c79ce',49,'140f89479','4fcdf6ce1',165528,1892,1654041240,1654041240);
INSERT INTO player_score VALUES('5317cd0ff',49,'140f89479','51a5737fd',35904,1547,1653593710,1653593710);
INSERT INTO player_score VALUES('63249c888',49,'140f89479','5daa6c904',97760,1706,1654024550,1654024550);
INSERT INTO player_score VALUES('6231bacc3',49,'140f89479','61443c78a',64515,1888,1653999082,1653999082);
INSERT INTO player_score VALUES('63c46da0b',49,'140f89479','620a332ad',26928,1979,1654041308,1654041308);
INSERT INTO player_score VALUES('5b1b2a002',49,'145c118d5','1700d7f64',741024,1640,1653808811,1653808811);
INSERT INTO player_score VALUES('5a11cddf3',49,'145c118d5','1af57e3fd',31155,1818,1653780986,1653780986);
INSERT INTO player_score VALUES('6164b573f',49,'145c118d5','1e5c796c3',23232,1817,1653977584,1653977584);
INSERT INTO player_score VALUES('23860c306',49,'145c118d5','2203ea170',119925,437,1652316780,1652316780);
INSERT INTO player_score VALUES('5c7006bc7',49,'145c118d5','25587879a',36480,1766,1653844553,1653844553);
INSERT INTO player_score VALUES('62b0b891f',49,'145c118d5','2ad53b9e1',16800,1942,1654012398,1654012398);
INSERT INTO player_score VALUES('47e7f48be',49,'145c118d5','2c0bdd1e3',109564,1307,1653293414,1653293414);
INSERT INTO player_score VALUES('4619f50ba',49,'145c118d5','336e8ac84',63104,1319,1653244970,1653244970);
INSERT INTO player_score VALUES('63ba62d54',49,'145c118d5','35aec7df4',5005,1883,1654040255,1654040255);
INSERT INTO player_score VALUES('382f8432a',49,'145c118d5','36fbf263b',30723,853,1652871421,1652871421);
INSERT INTO player_score VALUES('56d82dfda',49,'145c118d5','4abb931b7',476560,1583,1653694413,1653694413);
INSERT INTO player_score VALUES('62aa35152',49,'145c118d5','4dd2b46ae',287280,1782,1654011715,1654011715);
INSERT INTO player_score VALUES('5d438f914',49,'145c118d5','4f7eea009',379456,1619,1653866734,1653866734);
INSERT INTO player_score VALUES('630adf303',49,'145c118d5','4fcdf6ce1',11745,1815,1654021851,1654021851);
INSERT INTO player_score VALUES('52cd7da20',49,'145c118d5','51a5737fd',300656,1278,1653585918,1653585918);
INSERT INTO player_score VALUES('62d98007b',49,'145c118d5','5daa6c904',38626,1622,1654016674,1654016674);
INSERT INTO player_score VALUES('62244fc03',49,'145c118d5','61443c78a',1335,1774,1653997675,1653997675);
INSERT INTO player_score VALUES('63bd79d87',49,'145c118d5','620a332ad',59892,1949,1654040579,1654040579);
INSERT INTO player_score VALUES('5789028c9',49,'166d19b3a','1700d7f64',90524,1540,1653712955,1653712955);
INSERT INTO player_score VALUES('62d30b312',49,'166d19b3a','1af57e3fd',27183,2083,1654015997,1654015997);
INSERT INTO player_score VALUES('639570cd9',49,'166d19b3a','1e5c796c3',14042,1881,1654036381,1654036381);
INSERT INTO player_score VALUES('238989bc1',49,'166d19b3a','2203ea170',53196,445,1652317146,1652317146);
INSERT INTO player_score VALUES('50bb5cbb0',49,'166d19b3a','25587879a',186381,1423,1653530330,1653530330);
INSERT INTO player_score VALUES('62fb53b24',49,'166d19b3a','2ad53b9e1',58261,1950,1654020221,1654020221);
INSERT INTO player_score VALUES('4b0367cc4',49,'166d19b3a','2c0bdd1e3',247506,1474,1653376823,1653376823);
INSERT INTO player_score VALUES('452cf8193',49,'166d19b3a','336e8ac84',3520,1257,1653220120,1653220120);
INSERT INTO player_score VALUES('636a644d3',49,'166d19b3a','35aec7df4',229696,1875,1654031867,1654031867);
INSERT INTO player_score VALUES('384cd7851',49,'166d19b3a','36fbf263b',13104,929,1652874496,1652874496);
INSERT INTO player_score VALUES('56a4f2c38',49,'166d19b3a','4abb931b7',184675,1558,1653689041,1653689041);
INSERT INTO player_score VALUES('639af666c',49,'166d19b3a','4dd2b46ae',0,1874,1654036960,1654036960);
INSERT INTO player_score VALUES('5e81a159f',49,'166d19b3a','4f7eea009',79350,1765,1653900086,1653900086);
INSERT INTO player_score VALUES('530e65d62',49,'166d19b3a','51a5737fd',415288,1516,1653592724,1653592724);
INSERT INTO player_score VALUES('63b2b7f0a',49,'166d19b3a','5daa6c904',11475,1891,1654039451,1654039451);
INSERT INTO player_score VALUES('622ff4b27',49,'166d19b3a','61443c78a',320712,1869,1653998896,1653998896);
INSERT INTO player_score VALUES('5d12c072b',49,'17159ae89','1700d7f64',284592,1684,1653861616,1653861616);
INSERT INTO player_score VALUES('5fac4fbf7',49,'17159ae89','1af57e3fd',152250,1989,1653931405,1653931405);
INSERT INTO player_score VALUES('5e98712fd',49,'17159ae89','1e5c796c3',0,1737,1653902478,1653902478);
INSERT INTO player_score VALUES('235c02742',49,'17159ae89','2203ea170',9360,381,1652312372,1652312372);
INSERT INTO player_score VALUES('572c6fd48',49,'17159ae89','25587879a',124062,1606,1653703248,1653703248);
INSERT INTO player_score VALUES('6379538e6',49,'17159ae89','2ad53b9e1',287280,1967,1654033433,1654033433);
INSERT INTO player_score VALUES('45f71e9a0',49,'17159ae89','336e8ac84',1276,1308,1653241317,1653241317);
INSERT INTO player_score VALUES('61cdf7426',49,'17159ae89','35aec7df4',4480,1814,1653988621,1653988621);
INSERT INTO player_score VALUES('3838763a6',49,'17159ae89','36fbf263b',571802,874,1652872359,1652872359);
INSERT INTO player_score VALUES('566effbbf',49,'17159ae89','4abb931b7',67522,1530,1653683384,1653683384);
INSERT INTO player_score VALUES('61bfeb118',49,'17159ae89','4dd2b46ae',299710,1701,1653987148,1653987148);
INSERT INTO player_score VALUES('5eb431b11',49,'17159ae89','4f7eea009',626220,1782,1653905388,1653905388);
INSERT INTO player_score VALUES('52f259a96',49,'17159ae89','51a5737fd',280330,1408,1653589783,1653589783);
INSERT INTO player_score VALUES('639efa3b4',49,'17159ae89','5daa6c904',64728,1866,1654037381,1654037381);
INSERT INTO player_score VALUES('6228475f3',49,'17159ae89','61443c78a',52470,1804,1653998091,1653998091);
INSERT INTO player_score VALUES('63ba9afb1',49,'17159ae89','620a332ad',353556,1939,1654040278,1654040278);
INSERT INTO player_score VALUES('5b31479c4',49,'17727951d','1700d7f64',188082,1642,1653811130,1653811130);
INSERT INTO player_score VALUES('636e3c337',49,'17727951d','1af57e3fd',463320,2102,1654032270,1654032270);
INSERT INTO player_score VALUES('638ed7599',49,'17727951d','1e5c796c3',179280,1879,1654035689,1654035689);
INSERT INTO player_score VALUES('5c51d05b5',49,'17727951d','25587879a',71346,1762,1653841385,1653841385);
INSERT INTO player_score VALUES('5d0c4e0dd',49,'17727951d','2ad53b9e1',57288,1748,1653860940,1653860940);
INSERT INTO player_score VALUES('43b5d4f1d',49,'17727951d','2c0bdd1e3',156800,1105,1653180784,1653180784);
INSERT INTO player_score VALUES('386a126b7',49,'17727951d','36fbf263b',120384,1005,1652877561,1652877561);
INSERT INTO player_score VALUES('560a6a35e',49,'17727951d','4abb931b7',281295,1473,1653672837,1653672837);
INSERT INTO player_score VALUES('62b2ccca4',49,'17727951d','4dd2b46ae',230888,1788,1654012616,1654012616);
INSERT INTO player_score VALUES('5e47e9f70',49,'17727951d','4f7eea009',6480,1739,1653894034,1653894034);
INSERT INTO player_score VALUES('62b6f2cc9',49,'17727951d','4fcdf6ce1',3318,1780,1654013051,1654013051);
INSERT INTO player_score VALUES('52d861b9d',49,'17727951d','51a5737fd',73365,1319,1653587060,1653587060);
INSERT INTO player_score VALUES('63c1b5d5d',49,'17727951d','5daa6c904',6300,1910,1654041023,1654041023);
INSERT INTO player_score VALUES('6364671cf',49,'1839976fc','1af57e3fd',65985,2099,1654031239,1654031239);
INSERT INTO player_score VALUES('238abae83',49,'1839976fc','2203ea170',257580,447,1652317271,1652317271);
INSERT INTO player_score VALUES('53280fa79',49,'1839976fc','25587879a',24960,1494,1653595415,1653595415);
INSERT INTO player_score VALUES('621a623ae',49,'1839976fc','2ad53b9e1',15600,1920,1653996634,1653996634);
INSERT INTO player_score VALUES('48c766ae1',49,'1839976fc','2c0bdd1e3',177408,1356,1653316844,1653316844);
INSERT INTO player_score VALUES('461097965',49,'1839976fc','336e8ac84',16128,1316,1653243988,1653243988);
INSERT INTO player_score VALUES('61ad217b2',49,'1839976fc','35aec7df4',195520,1810,1653985178,1653985178);
INSERT INTO player_score VALUES('3850ca3fb',49,'1839976fc','36fbf263b',158080,938,1652874910,1652874910);
INSERT INTO player_score VALUES('56b5a81df',49,'1839976fc','4abb931b7',5916,1565,1653690793,1653690793);
INSERT INTO player_score VALUES('62f039e6c',49,'1839976fc','4dd2b46ae',145530,1813,1654019057,1654019057);
INSERT INTO player_score VALUES('5b23627e2',49,'1839976fc','4f7eea009',80652,1367,1653809673,1653809673);
INSERT INTO player_score VALUES('6389fcad6',49,'1839976fc','4fcdf6ce1',20069,1865,1654035180,1654035180);
INSERT INTO player_score VALUES('52e19cffa',49,'1839976fc','51a5737fd',67760,1356,1653588028,1653588028);
INSERT INTO player_score VALUES('63c42e273',49,'1839976fc','5daa6c904',98496,1919,1654041282,1654041282);
INSERT INTO player_score VALUES('63c6bee62',49,'1839976fc','620a332ad',417312,1990,1654041551,1654041551);
INSERT INTO player_score VALUES('60cb45ab4',49,'19cf291c6','1af57e3fd',10560,2020,1653961495,1653961495);
INSERT INTO player_score VALUES('62e06eea9',49,'19cf291c6','1e5c796c3',302080,1854,1654017401,1654017401);
INSERT INTO player_score VALUES('2379d72c8',49,'19cf291c6','2203ea170',89838,419,1652315500,1652315500);
INSERT INTO player_score VALUES('5b77c199c',49,'19cf291c6','25587879a',65340,1737,1653818520,1653818520);
INSERT INTO player_score VALUES('5f0e18d04',49,'19cf291c6','2ad53b9e1',4352,1801,1653914815,1653914815);
INSERT INTO player_score VALUES('4873cd501',49,'19cf291c6','2c0bdd1e3',1856,1342,1653308078,1653308078);
INSERT INTO player_score VALUES('462684651',49,'19cf291c6','336e8ac84',13020,1322,1653246287,1653246287);
INSERT INTO player_score VALUES('62e14d183',49,'19cf291c6','35aec7df4',475600,1855,1654017492,1654017492);
INSERT INTO player_score VALUES('386f9f517',49,'19cf291c6','36fbf263b',435942,1015,1652878143,1652878143);
INSERT INTO player_score VALUES('56c987fe5',49,'19cf291c6','4abb931b7',41888,1574,1653692877,1653692877);
INSERT INTO player_score VALUES('5d9b16cb4',49,'19cf291c6','4f7eea009',426666,1656,1653875912,1653875912);
INSERT INTO player_score VALUES('6242ca7ab',49,'19cf291c6','4fcdf6ce1',286209,1742,1654000871,1654000871);
INSERT INTO player_score VALUES('52f93eced',49,'19cf291c6','51a5737fd',208164,1432,1653590506,1653590506);
INSERT INTO player_score VALUES('63bc80cfe',49,'19cf291c6','5daa6c904',209760,1903,1654040477,1654040477);
INSERT INTO player_score VALUES('62302a66c',49,'19cf291c6','61443c78a',46480,1874,1653998918,1653998918);
INSERT INTO player_score VALUES('63ac51c21',49,'19cf291c6','620a332ad',115808,1871,1654038780,1654038780);
INSERT INTO player_score VALUES('5d97e0073',49,'1a452633d','1700d7f64',9450,1696,1653875575,1653875575);
INSERT INTO player_score VALUES('61387f152',49,'1a452633d','1af57e3fd',138240,2035,1653972948,1653972948);
INSERT INTO player_score VALUES('61151b096',49,'1a452633d','1e5c796c3',222105,1812,1653969237,1653969237);
INSERT INTO player_score VALUES('2389678cf',49,'1a452633d','2203ea170',229680,444,1652317132,1652317132);
INSERT INTO player_score VALUES('62c70e571',49,'1a452633d','2ad53b9e1',380512,1945,1654014740,1654014740);
INSERT INTO player_score VALUES('4a2278cb3',49,'1a452633d','2c0bdd1e3',980,1429,1653353237,1653353237);
INSERT INTO player_score VALUES('434c9327a',49,'1a452633d','336e8ac84',175440,1125,1653169747,1653169747);
INSERT INTO player_score VALUES('634a40c24',49,'1a452633d','35aec7df4',28755,1870,1654028497,1654028497);
INSERT INTO player_score VALUES('386945565',49,'1a452633d','36fbf263b',10830,1002,1652877477,1652877477);
INSERT INTO player_score VALUES('5f2807047',49,'1a452633d','4dd2b46ae',270720,1471,1653917534,1653917534);
INSERT INTO player_score VALUES('5e352f085',49,'1a452633d','4f7eea009',167808,1733,1653892070,1653892070);
INSERT INTO player_score VALUES('52bfe1bbb',49,'1a452633d','51a5737fd',84755,1226,1653584491,1653584491);
INSERT INTO player_score VALUES('63b68d634',49,'1a452633d','5daa6c904',26884,1896,1654039853,1654039853);
INSERT INTO player_score VALUES('620581fd7',49,'1a452633d','61443c78a',92400,1521,1653994445,1653994445);
INSERT INTO player_score VALUES('63c5cabc9',49,'1a452633d','620a332ad',38880,1987,1654041451,1654041451);
INSERT INTO player_score VALUES('59b996db2',49,'1b039916a','1700d7f64',276480,1595,1653771736,1653771736);
INSERT INTO player_score VALUES('5ca14d7e6',49,'1b039916a','1af57e3fd',118000,1887,1653849720,1653849720);
INSERT INTO player_score VALUES('63bc6d4b7',49,'1b039916a','1e5c796c3',127374,1886,1654040469,1654040469);
INSERT INTO player_score VALUES('23834d10c',49,'1b039916a','2203ea170',209520,434,1652316492,1652316492);
INSERT INTO player_score VALUES('5fa2cdac6',49,'1b039916a','25587879a',168960,1853,1653930408,1653930408);
INSERT INTO player_score VALUES('61b8d2aa5',49,'1b039916a','2ad53b9e1',191360,1911,1653986404,1653986404);
INSERT INTO player_score VALUES('4a953f1b1',49,'1b039916a','2c0bdd1e3',125715,1453,1653365272,1653365272);
INSERT INTO player_score VALUES('44fb2d843',49,'1b039916a','336e8ac84',827700,1246,1653214899,1653214899);
INSERT INTO player_score VALUES('63b47446f',49,'1b039916a','35aec7df4',2475,1882,1654039633,1654039633);
INSERT INTO player_score VALUES('3870a21cb',49,'1b039916a','36fbf263b',81972,1020,1652878249,1652878249);
INSERT INTO player_score VALUES('5e3dce111',49,'1b039916a','4f7eea009',234624,1735,1653892974,1653892974);
INSERT INTO player_score VALUES('63b81670d',49,'1b039916a','4fcdf6ce1',85000,1885,1654040014,1654040014);
INSERT INTO player_score VALUES('531211c80',49,'1b039916a','51a5737fd',159360,1526,1653593109,1653593109);
INSERT INTO player_score VALUES('63acda79d',49,'1b039916a','5daa6c904',22736,1879,1654038836,1654038836);
INSERT INTO player_score VALUES('622e44940',49,'1b039916a','61443c78a',0,1849,1653998719,1653998719);
INSERT INTO player_score VALUES('63a9cfa91',49,'1b039916a','620a332ad',171399,1861,1654038517,1654038517);
INSERT INTO player_score VALUES('5c06c27f1',49,'1b318e345','1700d7f64',161700,1660,1653833515,1653833515);
INSERT INTO player_score VALUES('61226b3b5',49,'1b318e345','1af57e3fd',58140,2032,1653970633,1653970633);
INSERT INTO player_score VALUES('635d9cd54',49,'1b318e345','1e5c796c3',264600,1876,1654030527,1654030527);
INSERT INTO player_score VALUES('238a14e69',49,'1b318e345','2203ea170',49770,446,1652317203,1652317203);
INSERT INTO player_score VALUES('5e0d9da21',49,'1b318e345','25587879a',80750,1807,1653887921,1653887921);
INSERT INTO player_score VALUES('61df0bcf0',49,'1b318e345','2ad53b9e1',282744,1914,1653990412,1653990412);
INSERT INTO player_score VALUES('4a56af79a',49,'1b318e345','2c0bdd1e3',26013,1442,1653358712,1653358712);
INSERT INTO player_score VALUES('439105219',49,'1b318e345','336e8ac84',242880,1151,1653176924,1653176924);
INSERT INTO player_score VALUES('629df6557',49,'1b318e345','35aec7df4',76500,1848,1654010431,1654010431);
INSERT INTO player_score VALUES('385905332',49,'1b318e345','36fbf263b',41600,961,1652875773,1652875773);
INSERT INTO player_score VALUES('571fdb999',49,'1b318e345','4abb931b7',361456,1625,1653701929,1653701929);
INSERT INTO player_score VALUES('5e50e5c1e',49,'1b318e345','4dd2b46ae',26928,1407,1653894976,1653894976);
INSERT INTO player_score VALUES('5e3248d71',49,'1b318e345','4f7eea009',30690,1732,1653891766,1653891766);
INSERT INTO player_score VALUES('63bd0233d',49,'1b318e345','4fcdf6ce1',29600,1888,1654040530,1654040530);
INSERT INTO player_score VALUES('530536c45',49,'1b318e345','51a5737fd',827200,1471,1653591761,1653591761);
INSERT INTO player_score VALUES('638613b38',49,'1b318e345','5daa6c904',12960,1826,1654034770,1654034770);
INSERT INTO player_score VALUES('62252b79e',49,'1b318e345','61443c78a',242725,1782,1653997765,1653997765);
INSERT INTO player_score VALUES('639a1f8ba',49,'1b318e345','620a332ad',57915,1803,1654036872,1654036872);
INSERT INTO player_score VALUES('5c131c1e7',49,'1b73d11db','1700d7f64',206416,1662,1653834810,1653834810);
INSERT INTO player_score VALUES('5fb80ab11',49,'1b73d11db','1af57e3fd',141570,1992,1653932635,1653932635);
INSERT INTO player_score VALUES('63bb06689',49,'1b73d11db','1e5c796c3',42228,1885,1654040322,1654040322);
INSERT INTO player_score VALUES('237fea5e9',49,'1b73d11db','2203ea170',68000,428,1652316137,1652316137);
INSERT INTO player_score VALUES('5eb64d3e9',49,'1b73d11db','25587879a',104000,1823,1653905609,1653905609);
INSERT INTO player_score VALUES('63b6af8f2',49,'1b73d11db','2ad53b9e1',115600,1972,1654039867,1654039867);
INSERT INTO player_score VALUES('4983db4d3',49,'1b73d11db','2c0bdd1e3',111552,1397,1653336605,1653336605);
INSERT INTO player_score VALUES('4509967b2',49,'1b73d11db','336e8ac84',12040,1248,1653216410,1653216410);
INSERT INTO player_score VALUES('59a3c75f1',49,'1b73d11db','35aec7df4',46368,1483,1653769449,1653769449);
INSERT INTO player_score VALUES('385545ba1',49,'1b73d11db','36fbf263b',54720,949,1652875380,1652875380);
INSERT INTO player_score VALUES('56c53d613',49,'1b73d11db','4abb931b7',196779,1571,1653692427,1653692427);
INSERT INTO player_score VALUES('635056635',49,'1b73d11db','4dd2b46ae',195300,1842,1654029135,1654029135);
INSERT INTO player_score VALUES('5d3061e54',49,'1b73d11db','4f7eea009',79365,1612,1653864723,1653864723);
INSERT INTO player_score VALUES('63790a4fc',49,'1b73d11db','4fcdf6ce1',351912,1857,1654033403,1654033403);
INSERT INTO player_score VALUES('530268fc9',49,'1b73d11db','51a5737fd',121695,1463,1653591467,1653591467);
INSERT INTO player_score VALUES('63c35c311',49,'1b73d11db','5daa6c904',4080,1918,1654041196,1654041196);
INSERT INTO player_score VALUES('622f909b9',49,'1b73d11db','61443c78a',104448,1863,1653998855,1653998855);
INSERT INTO player_score VALUES('5c39ca723',49,'1c448c2a7','1af57e3fd',212576,1875,1653838866,1653838866);
INSERT INTO player_score VALUES('63c368641',49,'1c448c2a7','1e5c796c3',6864,1890,1654041201,1654041201);
INSERT INTO player_score VALUES('23816253a',49,'1c448c2a7','2203ea170',10248,432,1652316291,1652316291);
INSERT INTO player_score VALUES('5826f0407',49,'1c448c2a7','25587879a',94848,1638,1653729515,1653729515);
INSERT INTO player_score VALUES('63188743a',49,'1c448c2a7','2ad53b9e1',118370,1954,1654023283,1654023283);
INSERT INTO player_score VALUES('460810f9e',49,'1c448c2a7','336e8ac84',417240,1315,1653243094,1653243094);
INSERT INTO player_score VALUES('629081804',49,'1c448c2a7','35aec7df4',11310,1847,1654009020,1654009020);
INSERT INTO player_score VALUES('386d3336d',49,'1c448c2a7','36fbf263b',34320,1011,1652877889,1652877889);
INSERT INTO player_score VALUES('561156b0d',49,'1c448c2a7','4abb931b7',410256,1478,1653673563,1653673563);
INSERT INTO player_score VALUES('62e58df54',49,'1c448c2a7','4dd2b46ae',171864,1809,1654017938,1654017938);
INSERT INTO player_score VALUES('5c5409325',49,'1c448c2a7','4f7eea009',16632,1514,1653841618,1653841618);
INSERT INTO player_score VALUES('622e72f2d',49,'1c448c2a7','4fcdf6ce1',29440,1731,1653998738,1653998738);
INSERT INTO player_score VALUES('63a0f60bb',49,'1c448c2a7','5daa6c904',901692,1868,1654037589,1654037589);
INSERT INTO player_score VALUES('6226c0bbd',49,'1c448c2a7','61443c78a',196416,1789,1653997931,1653997931);
INSERT INTO player_score VALUES('639309925',49,'1c448c2a7','620a332ad',47970,1769,1654036129,1654036129);
INSERT INTO player_score VALUES('581f518d3',49,'1c7500f0c','1700d7f64',6480,1560,1653728716,1653728716);
INSERT INTO player_score VALUES('60a47524e',49,'1c7500f0c','1af57e3fd',171000,2017,1653957425,1653957425);
INSERT INTO player_score VALUES('5f33e41de',49,'1c7500f0c','1e5c796c3',8208,1760,1653918778,1653918778);
INSERT INTO player_score VALUES('2362e044c',49,'1c7500f0c','2203ea170',97104,389,1652313092,1652313092);
INSERT INTO player_score VALUES('5f15fbdc1',49,'1c7500f0c','25587879a',240462,1836,1653915642,1653915642);
INSERT INTO player_score VALUES('4ab0412b5',49,'1c7500f0c','2c0bdd1e3',382464,1459,1653368104,1653368104);
INSERT INTO player_score VALUES('60d312ba0',49,'1c7500f0c','35aec7df4',6248,1782,1653962313,1653962313);
INSERT INTO player_score VALUES('3860ed203',49,'1c7500f0c','36fbf263b',112266,980,1652876602,1652876602);
INSERT INTO player_score VALUES('56c9a54a9',49,'1c7500f0c','4abb931b7',3850,1575,1653692889,1653692889);
INSERT INTO player_score VALUES('63817af05',49,'1c7500f0c','4dd2b46ae',87032,1866,1654034288,1654034288);
INSERT INTO player_score VALUES('5e65952b0',49,'1c7500f0c','4f7eea009',44368,1755,1653897145,1653897145);
INSERT INTO player_score VALUES('6320a27a8',49,'1c7500f0c','4fcdf6ce1',110160,1824,1654024133,1654024133);
INSERT INTO player_score VALUES('531606f59',49,'1c7500f0c','51a5737fd',393588,1534,1653593524,1653593524);
INSERT INTO player_score VALUES('63c1edfc2',49,'1c7500f0c','5daa6c904',4992,1912,1654041046,1654041046);
INSERT INTO player_score VALUES('622cd8ce3',49,'1c7500f0c','61443c78a',192126,1838,1653998570,1653998570);
INSERT INTO player_score VALUES('63b5f394d',49,'1c7500f0c','620a332ad',329994,1913,1654039790,1654039790);
INSERT INTO player_score VALUES('5ba01b32b',49,'1d24d5257','1700d7f64',99110,1653,1653822751,1653822751);
INSERT INTO player_score VALUES('5d5bcda0f',49,'1d24d5257','1e5c796c3',386794,1701,1653869276,1653869276);
INSERT INTO player_score VALUES('2366986be',49,'1d24d5257','2203ea170',96900,393,1652313482,1652313482);
INSERT INTO player_score VALUES('52983a5f4',49,'1d24d5257','25587879a',8120,1482,1653580333,1653580333);
INSERT INTO player_score VALUES('6225cf0c3',49,'1d24d5257','2ad53b9e1',9360,1922,1653997832,1653997832);
INSERT INTO player_score VALUES('484dbb36c',49,'1d24d5257','2c0bdd1e3',40848,1333,1653304086,1653304086);
INSERT INTO player_score VALUES('464c0b50c',49,'1d24d5257','336e8ac84',162368,1334,1653250222,1653250222);
INSERT INTO player_score VALUES('5694d4ca5',49,'1d24d5257','4abb931b7',15950,1546,1653687351,1653687351);
INSERT INTO player_score VALUES('6330a8095',49,'1d24d5257','4dd2b46ae',88128,1832,1654025813,1654025813);
INSERT INTO player_score VALUES('5e8d8d1c4',49,'1d24d5257','4f7eea009',284444,1770,1653901336,1653901336);
INSERT INTO player_score VALUES('61e207fb2',49,'1d24d5257','4fcdf6ce1',20619,1696,1653990725,1653990725);
INSERT INTO player_score VALUES('53075e83e',49,'1d24d5257','51a5737fd',24115,1485,1653591987,1653591987);
INSERT INTO player_score VALUES('638a87da6',49,'1d24d5257','5daa6c904',69768,1833,1654035237,1654035237);
INSERT INTO player_score VALUES('622fa9037',49,'1d24d5257','61443c78a',144900,1864,1653998865,1653998865);
INSERT INTO player_score VALUES('6394ef6da',49,'1d24d5257','620a332ad',86436,1774,1654036328,1654036328);
INSERT INTO player_score VALUES('51cc88634',49,'1f4b6adb9','1700d7f64',381096,1413,1653558974,1653558974);
INSERT INTO player_score VALUES('60bb1b79c',49,'1f4b6adb9','1af57e3fd',38808,2018,1653959800,1653959800);
INSERT INTO player_score VALUES('5f3a05f01',49,'1f4b6adb9','1e5c796c3',58212,1761,1653919421,1653919421);
INSERT INTO player_score VALUES('23888bd59',49,'1f4b6adb9','2203ea170',80817,442,1652317042,1652317042);
INSERT INTO player_score VALUES('5f89f840f',49,'1f4b6adb9','25587879a',96492,1850,1653927804,1653927804);
INSERT INTO player_score VALUES('636d3214f',49,'1f4b6adb9','2ad53b9e1',217408,1964,1654032161,1654032161);
INSERT INTO player_score VALUES('4921be1e4',49,'1f4b6adb9','2c0bdd1e3',32208,1374,1653326317,1653326317);
INSERT INTO player_score VALUES('45ed841a6',49,'1f4b6adb9','336e8ac84',35280,1304,1653240310,1653240310);
INSERT INTO player_score VALUES('62fd56d5d',49,'1f4b6adb9','35aec7df4',22464,1861,1654020432,1654020432);
INSERT INTO player_score VALUES('38567470d',49,'1f4b6adb9','36fbf263b',192576,952,1652875504,1652875504);
INSERT INTO player_score VALUES('570037074',49,'1f4b6adb9','4abb931b7',567,1606,1653698611,1653698611);
INSERT INTO player_score VALUES('63a18af42',49,'1f4b6adb9','4dd2b46ae',0,1879,1654037650,1654037650);
INSERT INTO player_score VALUES('5dbc9021d',49,'1f4b6adb9','4f7eea009',928,1673,1653879422,1653879422);
INSERT INTO player_score VALUES('630dc2ef8',49,'1f4b6adb9','4fcdf6ce1',22464,1817,1654022154,1654022154);
INSERT INTO player_score VALUES('53054a4cf',49,'1f4b6adb9','51a5737fd',52140,1472,1653591769,1653591769);
INSERT INTO player_score VALUES('63b87f6c4',49,'1f4b6adb9','5daa6c904',361712,1898,1654040057,1654040057);
INSERT INTO player_score VALUES('622f782f2',49,'1f4b6adb9','61443c78a',45504,1862,1653998845,1653998845);
INSERT INTO player_score VALUES('63c1d801e',49,'1f4b6adb9','620a332ad',81000,1968,1654041037,1654041037);
INSERT INTO player_score VALUES('5aacd55fa',49,'1f4fd5399','1700d7f64',226512,1624,1653797242,1653797242);
INSERT INTO player_score VALUES('63996d520',49,'1f4fd5399','1af57e3fd',75276,2111,1654036799,1654036799);
INSERT INTO player_score VALUES('5ed93c1c5',49,'1f4fd5399','1e5c796c3',24780,1747,1653909272,1653909272);
INSERT INTO player_score VALUES('23823ba01',49,'1f4fd5399','2203ea170',138040,433,1652316380,1652316380);
INSERT INTO player_score VALUES('5bb38fa99',49,'1f4fd5399','25587879a',256320,1745,1653824791,1653824791);
INSERT INTO player_score VALUES('619e594ec',49,'1f4fd5399','2ad53b9e1',16150,1906,1653983628,1653983628);
INSERT INTO player_score VALUES('49fc88dca',49,'1f4fd5399','2c0bdd1e3',114912,1420,1653349259,1653349259);
INSERT INTO player_score VALUES('43e354e42',49,'1f4fd5399','336e8ac84',134568,1177,1653185555,1653185555);
INSERT INTO player_score VALUES('63a3c3cdc',49,'1f4fd5399','35aec7df4',73892,1880,1654037883,1654037883);
INSERT INTO player_score VALUES('386097a92',49,'1f4fd5399','36fbf263b',425568,978,1652876567,1652876567);
INSERT INTO player_score VALUES('568c4bba3',49,'1f4fd5399','4abb931b7',81000,1542,1653686456,1653686456);
INSERT INTO player_score VALUES('63af10e04',49,'1f4fd5399','4dd2b46ae',13158,1885,1654039068,1654039068);
INSERT INTO player_score VALUES('635430b7e',49,'1f4fd5399','4fcdf6ce1',102564,1838,1654029539,1654029539);
INSERT INTO player_score VALUES('53104bab4',49,'1f4fd5399','51a5737fd',51840,1521,1653592923,1653592923);
INSERT INTO player_score VALUES('63c597781',49,'1f4fd5399','5daa6c904',70980,1921,1654041430,1654041430);
INSERT INTO player_score VALUES('623134872',49,'1f4fd5399','61443c78a',210870,1879,1653999027,1653999027);
INSERT INTO player_score VALUES('63be5f584',49,'1f4fd5399','620a332ad',99144,1954,1654040673,1654040673);
INSERT INTO player_score VALUES('5d27b919e',49,'1f5232b15','1700d7f64',62244,1688,1653863815,1653863815);
INSERT INTO player_score VALUES('624a4218e',49,'1f5232b15','1af57e3fd',1350,2065,1654001654,1654001654);
INSERT INTO player_score VALUES('63c0711ce',49,'1f5232b15','1e5c796c3',26344,1889,1654040890,1654040890);
INSERT INTO player_score VALUES('238061fbb',49,'1f5232b15','2203ea170',0,431,1652316186,1652316186);
INSERT INTO player_score VALUES('59ffe003c',49,'1f5232b15','25587879a',41616,1698,1653779106,1653779106);
INSERT INTO player_score VALUES('5ec77ca7e',49,'1f5232b15','2ad53b9e1',15552,1793,1653907411,1653907411);
INSERT INTO player_score VALUES('4b038ed89',49,'1f5232b15','2c0bdd1e3',138446,1475,1653376839,1653376839);
INSERT INTO player_score VALUES('465457554',49,'1f5232b15','336e8ac84',59400,1337,1653251092,1653251092);
INSERT INTO player_score VALUES('60392190d',49,'1f5232b15','35aec7df4',125440,1755,1653946171,1653946171);
INSERT INTO player_score VALUES('56f00f462',49,'1f5232b15','4abb931b7',145119,1598,1653696917,1653696917);
INSERT INTO player_score VALUES('63ad39b1c',49,'1f5232b15','4dd2b46ae',328104,1884,1654038875,1654038875);
INSERT INTO player_score VALUES('5e770dd5e',49,'1f5232b15','4f7eea009',70882,1760,1653898977,1653898977);
INSERT INTO player_score VALUES('60d960805',49,'1f5232b15','4fcdf6ce1',104076,1597,1653962974,1653962974);
INSERT INTO player_score VALUES('634c5c533',49,'1f5232b15','5daa6c904',57460,1754,1654028718,1654028718);
INSERT INTO player_score VALUES('622e114ac',49,'1f5232b15','61443c78a',657000,1846,1653998698,1653998698);
INSERT INTO player_score VALUES('639e78d4c',49,'1f5232b15','620a332ad',168948,1813,1654037328,1654037328);
INSERT INTO player_score VALUES('57b07df98',49,'1f9c4518d','1700d7f64',2322,1548,1653717095,1653717095);
INSERT INTO player_score VALUES('5df042fc5',49,'1f9c4518d','1af57e3fd',103224,1947,1653884843,1653884843);
INSERT INTO player_score VALUES('6037ce35e',49,'1f9c4518d','1e5c796c3',14700,1792,1653946032,1653946032);
INSERT INTO player_score VALUES('237df84f2',49,'1f9c4518d','2203ea170',9918,425,1652315933,1652315933);
INSERT INTO player_score VALUES('5f4365d5b',49,'1f9c4518d','25587879a',139500,1840,1653920404,1653920404);
INSERT INTO player_score VALUES('6193e5894',49,'1f9c4518d','2ad53b9e1',18460,1904,1653982532,1653982532);
INSERT INTO player_score VALUES('48430583c',49,'1f9c4518d','2c0bdd1e3',142569,1325,1653302963,1653302963);
INSERT INTO player_score VALUES('465e29fd0',49,'1f9c4518d','336e8ac84',267030,1338,1653252122,1653252122);
INSERT INTO player_score VALUES('6237dca34',49,'1f9c4518d','35aec7df4',121581,1830,1653999725,1653999725);
INSERT INTO player_score VALUES('387020b46',49,'1f9c4518d','36fbf263b',433200,1017,1652878196,1652878196);
INSERT INTO player_score VALUES('56425b813',49,'1f9c4518d','4abb931b7',198588,1503,1653678703,1653678703);
INSERT INTO player_score VALUES('624f8aa08',49,'1f9c4518d','4dd2b46ae',15576,1750,1654002208,1654002208);
INSERT INTO player_score VALUES('5e2abdb39',49,'1f9c4518d','4f7eea009',139932,1727,1653890975,1653890975);
INSERT INTO player_score VALUES('636a27459',49,'1f9c4518d','4fcdf6ce1',0,1848,1654031842,1654031842);
INSERT INTO player_score VALUES('5314ce75a',49,'1f9c4518d','51a5737fd',198135,1532,1653593396,1653593396);
INSERT INTO player_score VALUES('63b9b09c4',49,'1f9c4518d','5daa6c904',39732,1899,1654040182,1654040182);
INSERT INTO player_score VALUES('6217fd700',49,'1f9c4518d','61443c78a',51480,1674,1653996383,1653996383);
INSERT INTO player_score VALUES('63a2d48e5',49,'1f9c4518d','620a332ad',220410,1830,1654037785,1654037785);
INSERT INTO player_score VALUES('5e1336bca',49,'20e2573ba','1700d7f64',218400,1705,1653888508,1653888508);
INSERT INTO player_score VALUES('6372a1b0f',49,'20e2573ba','1e5c796c3',0,1878,1654032731,1654032731);
INSERT INTO player_score VALUES('2388f9b13',49,'20e2573ba','2203ea170',15840,443,1652317087,1652317087);
INSERT INTO player_score VALUES('5cfde9fcd',49,'20e2573ba','25587879a',97614,1778,1653859431,1653859431);
INSERT INTO player_score VALUES('58186034e',49,'20e2573ba','2ad53b9e1',52200,1579,1653727988,1653727988);
INSERT INTO player_score VALUES('4ad629c41',49,'20e2573ba','2c0bdd1e3',30100,1464,1653372079,1653372079);
INSERT INTO player_score VALUES('4652c2113',49,'20e2573ba','336e8ac84',103488,1336,1653250926,1653250926);
INSERT INTO player_score VALUES('639eb36d1',49,'20e2573ba','35aec7df4',9240,1879,1654037352,1654037352);
INSERT INTO player_score VALUES('385c4f7b6',49,'20e2573ba','36fbf263b',1320,970,1652876118,1652876118);
INSERT INTO player_score VALUES('55cab5a01',49,'20e2573ba','4abb931b7',557280,1432,1653666157,1653666157);
INSERT INTO player_score VALUES('63342a77d',49,'20e2573ba','4dd2b46ae',44118,1833,1654026181,1654026181);
INSERT INTO player_score VALUES('5e890a507',49,'20e2573ba','4f7eea009',98900,1767,1653900863,1653900863);
INSERT INTO player_score VALUES('530cf7a0d',49,'20e2573ba','51a5737fd',13680,1507,1653592574,1653592574);
INSERT INTO player_score VALUES('631b6fe63',49,'20e2573ba','5daa6c904',450450,1694,1654023588,1654023588);
INSERT INTO player_score VALUES('621e094d9',49,'20e2573ba','61443c78a',25480,1732,1653997017,1653997017);
INSERT INTO player_score VALUES('639c893bb',49,'20e2573ba','620a332ad',1050,1809,1654037125,1654037125);
INSERT INTO player_score VALUES('5c47aab69',49,'20f938294','1700d7f64',176715,1668,1653840321,1653840321);
INSERT INTO player_score VALUES('236a3d085',49,'20f938294','2203ea170',12584,401,1652313864,1652313864);
INSERT INTO player_score VALUES('5df404e75',49,'20f938294','2ad53b9e1',164736,1769,1653885237,1653885237);
INSERT INTO player_score VALUES('4a9fe62ab',49,'20f938294','2c0bdd1e3',336,1456,1653366389,1653366389);
INSERT INTO player_score VALUES('4635bce0e',49,'20f938294','336e8ac84',13662,1326,1653247883,1653247883);
INSERT INTO player_score VALUES('61b504896',49,'20f938294','35aec7df4',18564,1811,1653986005,1653986005);
INSERT INTO player_score VALUES('382db4553',49,'20f938294','36fbf263b',237984,845,1652871231,1652871231);
INSERT INTO player_score VALUES('56c8c4b1d',49,'20f938294','4abb931b7',36000,1573,1653692797,1653692797);
INSERT INTO player_score VALUES('634cd3f10',49,'20f938294','4dd2b46ae',17784,1840,1654028767,1654028767);
INSERT INTO player_score VALUES('5e5ab115c',49,'20f938294','4f7eea009',11475,1750,1653896003,1653896003);
INSERT INTO player_score VALUES('635712068',49,'20f938294','4fcdf6ce1',314160,1840,1654029841,1654029841);
INSERT INTO player_score VALUES('530bd9fd0',49,'20f938294','51a5737fd',480480,1503,1653592457,1653592457);
INSERT INTO player_score VALUES('625f46f30',49,'20f938294','5daa6c904',510340,1478,1654003858,1654003858);
INSERT INTO player_score VALUES('622e3fb21',49,'20f938294','61443c78a',179450,1848,1653998717,1653998717);
INSERT INTO player_score VALUES('63c1a24b2',49,'20f938294','620a332ad',15309,1967,1654041015,1654041015);
INSERT INTO player_score VALUES('5d13c33d2',49,'21b897dbb','1700d7f64',20880,1685,1653861722,1653861722);
INSERT INTO player_score VALUES('5fe479305',49,'21b897dbb','1af57e3fd',7770,2000,1653937294,1653937294);
INSERT INTO player_score VALUES('624abe9bf',49,'21b897dbb','1e5c796c3',64386,1838,1654001705,1654001705);
INSERT INTO player_score VALUES('23771f5f2',49,'21b897dbb','2203ea170',12720,416,1652315215,1652315215);
INSERT INTO player_score VALUES('5938c454a',49,'21b897dbb','25587879a',53724,1667,1653758228,1653758228);
INSERT INTO player_score VALUES('5c5811ed8',49,'21b897dbb','2ad53b9e1',127500,1728,1653842041,1653842041);
INSERT INTO player_score VALUES('4afbb593b',49,'21b897dbb','2c0bdd1e3',75140,1473,1653376016,1653376016);
INSERT INTO player_score VALUES('45a9d7de0',49,'21b897dbb','336e8ac84',198900,1290,1653233214,1653233214);
INSERT INTO player_score VALUES('62e368a31',49,'21b897dbb','35aec7df4',30628,1856,1654017713,1654017713);
INSERT INTO player_score VALUES('38698741b',49,'21b897dbb','36fbf263b',804,1003,1652877504,1652877504);
INSERT INTO player_score VALUES('55d1ae4bc',49,'21b897dbb','4abb931b7',17712,1438,1653666888,1653666888);
INSERT INTO player_score VALUES('63a52d265',49,'21b897dbb','4dd2b46ae',405072,1880,1654038031,1654038031);
INSERT INTO player_score VALUES('5e61da973',49,'21b897dbb','4f7eea009',6710,1753,1653896754,1653896754);
INSERT INTO player_score VALUES('62f5a70bc',49,'21b897dbb','4fcdf6ce1',702744,1806,1654019626,1654019626);
INSERT INTO player_score VALUES('53183399c',49,'21b897dbb','51a5737fd',38000,1548,1653593752,1653593752);
INSERT INTO player_score VALUES('63abbcd23',49,'21b897dbb','5daa6c904',378,1878,1654038719,1654038719);
INSERT INTO player_score VALUES('61f89d3a8',49,'21b897dbb','61443c78a',148500,1434,1653993093,1653993093);
INSERT INTO player_score VALUES('5b3fb7e4b',49,'22ef877a8','1700d7f64',63661,1643,1653812644,1653812644);
INSERT INTO player_score VALUES('63a66cf82',49,'22ef877a8','1af57e3fd',136068,2113,1654038162,1654038162);
INSERT INTO player_score VALUES('639ac800d',49,'22ef877a8','1e5c796c3',6528,1882,1654036941,1654036941);
INSERT INTO player_score VALUES('2387e0ef5',49,'22ef877a8','2203ea170',6474,441,1652316972,1652316972);
INSERT INTO player_score VALUES('5f8c7cc7a',49,'22ef877a8','25587879a',59040,1851,1653928068,1653928068);
INSERT INTO player_score VALUES('5f221122c',49,'22ef877a8','2ad53b9e1',149760,1803,1653916909,1653916909);
INSERT INTO player_score VALUES('455ddac05',49,'22ef877a8','336e8ac84',55760,1268,1653225246,1653225246);
INSERT INTO player_score VALUES('5f76703f0',49,'22ef877a8','35aec7df4',8673,1729,1653925756,1653925756);
INSERT INTO player_score VALUES('38692f60f',49,'22ef877a8','36fbf263b',7047,1001,1652877468,1652877468);
INSERT INTO player_score VALUES('61dca2205',49,'22ef877a8','4dd2b46ae',129,1710,1653990159,1653990159);
INSERT INTO player_score VALUES('62929d0d2',49,'22ef877a8','4fcdf6ce1',43152,1767,1654009241,1654009241);
INSERT INTO player_score VALUES('530bd78b3',49,'22ef877a8','51a5737fd',57072,1502,1653592456,1653592456);
INSERT INTO player_score VALUES('622b8a518',49,'22ef877a8','61443c78a',1914,1826,1653998433,1653998433);
INSERT INTO player_score VALUES('63ac03a17',49,'22ef877a8','620a332ad',10950,1870,1654038748,1654038748);
INSERT INTO player_score VALUES('591f32ee8',49,'231fed9c5','1700d7f64',21560,1579,1653755547,1653755547);
INSERT INTO player_score VALUES('620c95884',49,'231fed9c5','1af57e3fd',48960,2057,1653995187,1653995187);
INSERT INTO player_score VALUES('62f3ed291',49,'231fed9c5','1e5c796c3',103968,1855,1654019445,1654019445);
INSERT INTO player_score VALUES('2386b4a69',49,'231fed9c5','2203ea170',268125,439,1652316849,1652316849);
INSERT INTO player_score VALUES('56171e2be',49,'231fed9c5','25587879a',2940,1572,1653674169,1653674169);
INSERT INTO player_score VALUES('60946f95f',49,'231fed9c5','2ad53b9e1',90636,1867,1653955745,1653955745);
INSERT INTO player_score VALUES('4af4da36d',49,'231fed9c5','2c0bdd1e3',241468,1468,1653375297,1653375297);
INSERT INTO player_score VALUES('460141d22',49,'231fed9c5','336e8ac84',33696,1313,1653242380,1653242380);
INSERT INTO player_score VALUES('625af290a',49,'231fed9c5','35aec7df4',116160,1833,1654003404,1654003404);
INSERT INTO player_score VALUES('386f847a2',49,'231fed9c5','36fbf263b',1190,1014,1652878132,1652878132);
INSERT INTO player_score VALUES('5717290d6',49,'231fed9c5','4abb931b7',133945,1619,1653701017,1653701017);
INSERT INTO player_score VALUES('63c0da1b0',49,'231fed9c5','4dd2b46ae',64306,1892,1654040933,1654040933);
INSERT INTO player_score VALUES('5e89b7a8e',49,'231fed9c5','4f7eea009',9860,1768,1653900934,1653900934);
INSERT INTO player_score VALUES('613061760',49,'231fed9c5','4fcdf6ce1',329511,1632,1653972097,1653972097);
INSERT INTO player_score VALUES('5308eee87',49,'231fed9c5','51a5737fd',36720,1492,1653592151,1653592151);
INSERT INTO player_score VALUES('63b5240d9',49,'231fed9c5','5daa6c904',10200,1893,1654039705,1654039705);
INSERT INTO player_score VALUES('621181488',49,'231fed9c5','61443c78a',427488,1616,1653995703,1653995703);
INSERT INTO player_score VALUES('63add10d2',49,'231fed9c5','620a332ad',247500,1876,1654038937,1654038937);
INSERT INTO player_score VALUES('5db5ad6ff',49,'23d1438e2','1700d7f64',267960,1699,1653878700,1653878700);
INSERT INTO player_score VALUES('5c253378c',49,'23d1438e2','1af57e3fd',48762,1869,1653836707,1653836707);
INSERT INTO player_score VALUES('5db66e50c',49,'23d1438e2','25587879a',166294,1794,1653878779,1653878779);
INSERT INTO player_score VALUES('623d1410d',49,'23d1438e2','2ad53b9e1',1980,1927,1654000272,1654000272);
INSERT INTO player_score VALUES('4a2e3d793',49,'23d1438e2','2c0bdd1e3',80017,1433,1653354471,1653354471);
INSERT INTO player_score VALUES('43d916d51',49,'23d1438e2','336e8ac84',43316,1173,1653184481,1653184481);
INSERT INTO player_score VALUES('386a67df1',49,'23d1438e2','36fbf263b',135036,1006,1652877596,1652877596);
INSERT INTO player_score VALUES('63b7b4c78',49,'23d1438e2','4dd2b46ae',23140,1888,1654039974,1654039974);
INSERT INTO player_score VALUES('5e9e86cdd',49,'23d1438e2','4f7eea009',13454,1773,1653903116,1653903116);
INSERT INTO player_score VALUES('634494233',49,'23d1438e2','4fcdf6ce1',354960,1834,1654027902,1654027902);
INSERT INTO player_score VALUES('52f7b349c',49,'23d1438e2','51a5737fd',75504,1424,1653590344,1653590344);
INSERT INTO player_score VALUES('6303abead',49,'23d1438e2','5daa6c904',65637,1670,1654021096,1654021096);
INSERT INTO player_score VALUES('6220bc353',49,'23d1438e2','61443c78a',4512,1758,1653997300,1653997300);
INSERT INTO player_score VALUES('63c5272bc',49,'23d1438e2','620a332ad',58212,1984,1654041384,1654041384);
INSERT INTO player_score VALUES('5c6466a74',49,'25a83ed5a','1700d7f64',13068,1669,1653843334,1653843334);
INSERT INTO player_score VALUES('638044e38',49,'25a83ed5a','1af57e3fd',61321,2105,1654034161,1654034161);
INSERT INTO player_score VALUES('615e653f5',49,'25a83ed5a','1e5c796c3',15552,1816,1653976922,1653976922);
INSERT INTO player_score VALUES('5ccb5e863',49,'25a83ed5a','25587879a',401940,1771,1653854131,1653854131);
INSERT INTO player_score VALUES('6185f1c0d',49,'25a83ed5a','2ad53b9e1',8118,1901,1653981069,1653981069);
INSERT INTO player_score VALUES('4af79e332',49,'25a83ed5a','2c0bdd1e3',1800,1471,1653375587,1653375587);
INSERT INTO player_score VALUES('4647aab88',49,'25a83ed5a','336e8ac84',288508,1332,1653249763,1653249763);
INSERT INTO player_score VALUES('635f1c21a',49,'25a83ed5a','35aec7df4',48000,1872,1654030684,1654030684);
INSERT INTO player_score VALUES('38661ac9b',49,'25a83ed5a','36fbf263b',370832,990,1652877145,1652877145);
INSERT INTO player_score VALUES('56b29adf4',49,'25a83ed5a','4abb931b7',55080,1563,1653690473,1653690473);
INSERT INTO player_score VALUES('63935c97d',49,'25a83ed5a','4dd2b46ae',62478,1872,1654036163,1654036163);
INSERT INTO player_score VALUES('5e3067e3a',49,'25a83ed5a','4f7eea009',141372,1731,1653891569,1653891569);
INSERT INTO player_score VALUES('63770246e',49,'25a83ed5a','4fcdf6ce1',471240,1856,1654033190,1654033190);
INSERT INTO player_score VALUES('5312dedd5',49,'25a83ed5a','51a5737fd',25800,1528,1653593193,1653593193);
INSERT INTO player_score VALUES('622ede5f0',49,'25a83ed5a','61443c78a',24339,1854,1653998782,1653998782);
INSERT INTO player_score VALUES('63c173e85',49,'25a83ed5a','620a332ad',3960,1965,1654040996,1654040996);
INSERT INTO player_score VALUES('5c1f0f316',49,'25bf4e2cb','1700d7f64',166911,1664,1653836063,1653836063);
INSERT INTO player_score VALUES('63a5babf5',49,'25bf4e2cb','1af57e3fd',0,2112,1654038089,1654038089);
INSERT INTO player_score VALUES('6357df195',49,'25bf4e2cb','1e5c796c3',19584,1874,1654029925,1654029925);
INSERT INTO player_score VALUES('5a856fe82',49,'25bf4e2cb','25587879a',49300,1711,1653793111,1653793111);
INSERT INTO player_score VALUES('5ca2615ce',49,'25bf4e2cb','2ad53b9e1',152958,1741,1653849833,1653849833);
INSERT INTO player_score VALUES('4ac0e089c',49,'25bf4e2cb','2c0bdd1e3',3256,1461,1653369847,1653369847);
INSERT INTO player_score VALUES('45ff830a9',49,'25bf4e2cb','336e8ac84',82368,1312,1653242197,1653242197);
INSERT INTO player_score VALUES('6268e3e49',49,'25bf4e2cb','35aec7df4',17664,1837,1654004866,1654004866);
INSERT INTO player_score VALUES('38708e91c',49,'25bf4e2cb','36fbf263b',16198,1019,1652878241,1652878241);
INSERT INTO player_score VALUES('570108fb9',49,'25bf4e2cb','4abb931b7',39520,1607,1653698697,1653698697);
INSERT INTO player_score VALUES('6391a040f',49,'25bf4e2cb','4dd2b46ae',314028,1871,1654035981,1654035981);
INSERT INTO player_score VALUES('5c56ea85d',49,'25bf4e2cb','4f7eea009',14960,1517,1653841920,1653841920);
INSERT INTO player_score VALUES('627c75a9a',49,'25bf4e2cb','4fcdf6ce1',204400,1763,1654006918,1654006918);
INSERT INTO player_score VALUES('52ed4e261',49,'25bf4e2cb','51a5737fd',260544,1396,1653589254,1653589254);
INSERT INTO player_score VALUES('6395f985f',49,'25bf4e2cb','5daa6c904',196992,1851,1654036437,1654036437);
INSERT INTO player_score VALUES('6228a1b63',49,'25bf4e2cb','61443c78a',41160,1806,1653998128,1653998128);
INSERT INTO player_score VALUES('63b01afa3',49,'25bf4e2cb','620a332ad',82502,1884,1654039177,1654039177);
INSERT INTO player_score VALUES('5bd9adf49',49,'25fdd8e55','1700d7f64',284700,1656,1653828788,1653828788);
INSERT INTO player_score VALUES('611f23659',49,'25fdd8e55','1af57e3fd',391300,2030,1653970289,1653970289);
INSERT INTO player_score VALUES('6319b38e8',49,'25fdd8e55','1e5c796c3',164934,1864,1654023406,1654023406);
INSERT INTO player_score VALUES('5f6cb3943',49,'25fdd8e55','25587879a',257050,1846,1653924735,1653924735);
INSERT INTO player_score VALUES('5f9536a83',49,'25fdd8e55','2ad53b9e1',206894,1820,1653928983,1653928983);
INSERT INTO player_score VALUES('4883517bb',49,'25fdd8e55','2c0bdd1e3',32708,1344,1653309705,1653309705);
INSERT INTO player_score VALUES('42e482874',49,'25fdd8e55','336e8ac84',48165,1092,1653158835,1653158835);
INSERT INTO player_score VALUES('6319852fc',49,'25fdd8e55','35aec7df4',181896,1864,1654023387,1654023387);
INSERT INTO player_score VALUES('3868a1c7b',49,'25fdd8e55','36fbf263b',1140,1000,1652877410,1652877410);
INSERT INTO player_score VALUES('56497b3aa',49,'25fdd8e55','4abb931b7',229632,1508,1653679450,1653679450);
INSERT INTO player_score VALUES('632368ec7',49,'25fdd8e55','4dd2b46ae',15470,1829,1654024424,1654024424);
INSERT INTO player_score VALUES('5ea073f6c',49,'25fdd8e55','4f7eea009',111384,1776,1653903318,1653903318);
INSERT INTO player_score VALUES('63ae61164',49,'25fdd8e55','4fcdf6ce1',1232,1878,1654038996,1654038996);
INSERT INTO player_score VALUES('530302cb0',49,'25fdd8e55','51a5737fd',234612,1466,1653591530,1653591530);
INSERT INTO player_score VALUES('63762de27',49,'25fdd8e55','5daa6c904',140,1809,1654033103,1654033103);
INSERT INTO player_score VALUES('62151e929',49,'25fdd8e55','61443c78a',501840,1647,1653996082,1653996082);
INSERT INTO player_score VALUES('63c19afb4',49,'25fdd8e55','620a332ad',442805,1966,1654041012,1654041012);
INSERT INTO player_score VALUES('5b9d6f9ac',49,'28ff76615','1700d7f64',12696,1652,1653822471,1653822471);
INSERT INTO player_score VALUES('595a90b07',49,'28ff76615','1af57e3fd',181220,1788,1653761772,1653761772);
INSERT INTO player_score VALUES('609d2704f',49,'28ff76615','1e5c796c3',55104,1798,1653956659,1653956659);
INSERT INTO player_score VALUES('5e653864e',49,'28ff76615','25587879a',816,1813,1653897107,1653897107);
INSERT INTO player_score VALUES('6348c65b8',49,'28ff76615','2ad53b9e1',2508,1961,1654028342,1654028342);
INSERT INTO player_score VALUES('4b06c0b6f',49,'28ff76615','2c0bdd1e3',44800,1476,1653377174,1653377174);
INSERT INTO player_score VALUES('45a91be66',49,'28ff76615','336e8ac84',127224,1288,1653233137,1653233137);
INSERT INTO player_score VALUES('5c857704e',49,'28ff76615','35aec7df4',249228,1608,1653846801,1653846801);
INSERT INTO player_score VALUES('3848b3f07',49,'28ff76615','36fbf263b',117845,915,1652874062,1652874062);
INSERT INTO player_score VALUES('568171668',49,'28ff76615','4abb931b7',31212,1537,1653685318,1653685318);
INSERT INTO player_score VALUES('6338fdd29',49,'28ff76615','4dd2b46ae',309400,1834,1654026687,1654026687);
INSERT INTO player_score VALUES('5e531c2cf',49,'28ff76615','4f7eea009',87609,1744,1653895208,1653895208);
INSERT INTO player_score VALUES('63a04d97d',49,'28ff76615','5daa6c904',5208,1867,1654037520,1654037520);
INSERT INTO player_score VALUES('621bfc633',49,'28ff76615','61443c78a',20880,1708,1653996802,1653996802);
INSERT INTO player_score VALUES('63b73f9c2',49,'28ff76615','620a332ad',13846,1920,1654039926,1654039926);
INSERT INTO player_score VALUES('57910558f',49,'299005370','1700d7f64',0,1542,1653713795,1653713795);
INSERT INTO player_score VALUES('6224263d1',49,'299005370','1af57e3fd',195048,2059,1653997658,1653997658);
INSERT INTO player_score VALUES('5aaf5c539',49,'299005370','25587879a',163800,1718,1653797507,1653797507);
INSERT INTO player_score VALUES('6048eef75',49,'299005370','2ad53b9e1',221760,1855,1653947828,1653947828);
INSERT INTO player_score VALUES('4a3cd744b',49,'299005370','2c0bdd1e3',14212,1436,1653356002,1653356002);
INSERT INTO player_score VALUES('463c1466e',49,'299005370','336e8ac84',82620,1330,1653248548,1653248548);
INSERT INTO player_score VALUES('62737019f',49,'299005370','35aec7df4',2816,1841,1654005972,1654005972);
INSERT INTO player_score VALUES('387031d09',49,'299005370','36fbf263b',58220,1018,1652878203,1652878203);
INSERT INTO player_score VALUES('55e52c85a',49,'299005370','4abb931b7',76560,1449,1653668932,1653668932);
INSERT INTO player_score VALUES('62bbab506',49,'299005370','4dd2b46ae',36080,1792,1654013546,1654013546);
INSERT INTO player_score VALUES('5e578dde8',49,'299005370','4f7eea009',413952,1747,1653895674,1653895674);
INSERT INTO player_score VALUES('5f29a3984',49,'299005370','4fcdf6ce1',20880,1448,1653917703,1653917703);
INSERT INTO player_score VALUES('5302cf883',49,'299005370','51a5737fd',277380,1465,1653591509,1653591509);
INSERT INTO player_score VALUES('63b4ce998',49,'299005370','5daa6c904',323988,1892,1654039670,1654039670);
INSERT INTO player_score VALUES('621babd23',49,'299005370','61443c78a',121680,1705,1653996769,1653996769);
INSERT INTO player_score VALUES('63bf5d3dc',49,'299005370','620a332ad',526400,1963,1654040777,1654040777);
INSERT INTO player_score VALUES('59f7c7427',49,'29e25ec4a','1700d7f64',86864,1601,1653778257,1653778257);
INSERT INTO player_score VALUES('63c4d69b8',49,'29e25ec4a','1af57e3fd',12288,2115,1654041351,1654041351);
INSERT INTO player_score VALUES('5f9f01ff2',49,'29e25ec4a','1e5c796c3',229320,1774,1653930010,1653930010);
INSERT INTO player_score VALUES('5e579531a',49,'29e25ec4a','25587879a',0,1811,1653895677,1653895677);
INSERT INTO player_score VALUES('5c023d412',49,'29e25ec4a','2ad53b9e1',383724,1717,1653833041,1653833041);
INSERT INTO player_score VALUES('4a50f1bf0',49,'29e25ec4a','2c0bdd1e3',105280,1439,1653358110,1653358110);
INSERT INTO player_score VALUES('461e50c4d',49,'29e25ec4a','336e8ac84',13376,1320,1653245427,1653245427);
INSERT INTO player_score VALUES('386a6f333',49,'29e25ec4a','36fbf263b',185976,1007,1652877599,1652877599);
INSERT INTO player_score VALUES('5636a0920',49,'29e25ec4a','4abb931b7',71568,1494,1653677473,1653677473);
INSERT INTO player_score VALUES('5f83b43dc',49,'29e25ec4a','4dd2b46ae',167580,1501,1653927147,1653927147);
INSERT INTO player_score VALUES('5eba8935c',49,'29e25ec4a','4f7eea009',5544,1786,1653906053,1653906053);
INSERT INTO player_score VALUES('63bd99933',49,'29e25ec4a','4fcdf6ce1',41172,1889,1654040592,1654040592);
INSERT INTO player_score VALUES('5302c5c1c',49,'29e25ec4a','51a5737fd',329084,1464,1653591505,1653591505);
INSERT INTO player_score VALUES('638f453a3',49,'29e25ec4a','5daa6c904',64032,1844,1654035734,1654035734);
INSERT INTO player_score VALUES('622ec866f',49,'29e25ec4a','61443c78a',334800,1852,1653998773,1653998773);
INSERT INTO player_score VALUES('6396f01cf',49,'29e25ec4a','620a332ad',846,1786,1654036538,1654036538);
INSERT INTO player_score VALUES('5cd2aca61',49,'2bbec9a6f','1700d7f64',25584,1680,1653854897,1653854897);
INSERT INTO player_score VALUES('6285a4bef',49,'2bbec9a6f','1af57e3fd',304000,2075,1654007881,1654007881);
INSERT INTO player_score VALUES('635abdf32',49,'2bbec9a6f','1e5c796c3',95256,1875,1654030226,1654030226);
INSERT INTO player_score VALUES('5e94ec532',49,'2bbec9a6f','25587879a',39904,1820,1653902109,1653902109);
INSERT INTO player_score VALUES('6043de96e',49,'2bbec9a6f','2ad53b9e1',546700,1853,1653947297,1653947297);
INSERT INTO player_score VALUES('4a5b658ae',49,'2bbec9a6f','2c0bdd1e3',296704,1444,1653359206,1653359206);
INSERT INTO player_score VALUES('43b7c2203',49,'2bbec9a6f','336e8ac84',235365,1165,1653180986,1653180986);
INSERT INTO player_score VALUES('63c114b20',49,'2bbec9a6f','35aec7df4',295974,1884,1654040957,1654040957);
INSERT INTO player_score VALUES('386ef6e04',49,'2bbec9a6f','36fbf263b',192060,1012,1652878074,1652878074);
INSERT INTO player_score VALUES('569c7faec',49,'2bbec9a6f','4abb931b7',83160,1550,1653688155,1653688155);
INSERT INTO player_score VALUES('638c1358f',49,'2bbec9a6f','4dd2b46ae',529720,1869,1654035399,1654035399);
INSERT INTO player_score VALUES('5e89f4b41',49,'2bbec9a6f','4f7eea009',28160,1769,1653900959,1653900959);
INSERT INTO player_score VALUES('62d7499c1',49,'2bbec9a6f','4fcdf6ce1',0,1791,1654016442,1654016442);
INSERT INTO player_score VALUES('52cbc62e9',49,'2bbec9a6f','51a5737fd',64980,1271,1653585738,1653585738);
INSERT INTO player_score VALUES('63b5b4193',49,'2bbec9a6f','5daa6c904',23902,1895,1654039764,1654039764);
INSERT INTO player_score VALUES('622f3b276',49,'2bbec9a6f','61443c78a',19305,1860,1653998820,1653998820);
INSERT INTO player_score VALUES('59e8590f2',49,'2cb7ecf71','1700d7f64',15555,1598,1653776639,1653776639);
INSERT INTO player_score VALUES('5d99495e4',49,'2cb7ecf71','1af57e3fd',71344,1931,1653875723,1653875723);
INSERT INTO player_score VALUES('5e410e968',49,'2cb7ecf71','1e5c796c3',138840,1722,1653893315,1653893315);
INSERT INTO player_score VALUES('5f2484941',49,'2cb7ecf71','25587879a',1364,1838,1653917166,1653917166);
INSERT INTO player_score VALUES('63c239a67',49,'2cb7ecf71','2ad53b9e1',145728,1974,1654041077,1654041077);
INSERT INTO player_score VALUES('4894bb80c',49,'2cb7ecf71','2c0bdd1e3',144900,1349,1653311531,1653311531);
INSERT INTO player_score VALUES('45f740c84',49,'2cb7ecf71','336e8ac84',219296,1309,1653241331,1653241331);
INSERT INTO player_score VALUES('62af1bf8f',49,'2cb7ecf71','35aec7df4',1404,1850,1654012229,1654012229);
INSERT INTO player_score VALUES('383f6c756',49,'2cb7ecf71','36fbf263b',145250,888,1652873089,1652873089);
INSERT INTO player_score VALUES('56997ea32',49,'2cb7ecf71','4abb931b7',8400,1547,1653687840,1653687840);
INSERT INTO player_score VALUES('62ab9bfa0',49,'2cb7ecf71','4dd2b46ae',143775,1784,1654011862,1654011862);
INSERT INTO player_score VALUES('63b6294a9',49,'2cb7ecf71','4fcdf6ce1',111104,1884,1654039812,1654039812);
INSERT INTO player_score VALUES('530ed3b60',49,'2cb7ecf71','51a5737fd',200596,1517,1653592769,1653592769);
INSERT INTO player_score VALUES('6387d27b6',49,'2cb7ecf71','5daa6c904',12705,1828,1654034953,1654034953);
INSERT INTO player_score VALUES('6231a2641',49,'2cb7ecf71','61443c78a',27864,1886,1653999072,1653999072);
INSERT INTO player_score VALUES('5adfdfc29',49,'2d065b14b','1700d7f64',7245,1634,1653802594,1653802594);
INSERT INTO player_score VALUES('6380c167a',49,'2d065b14b','1af57e3fd',117040,2106,1654034212,1654034212);
INSERT INTO player_score VALUES('63acf5536',49,'2d065b14b','1e5c796c3',332059,1883,1654038847,1654038847);
INSERT INTO player_score VALUES('5eb8ea2cc',49,'2d065b14b','25587879a',882,1824,1653905883,1653905883);
INSERT INTO player_score VALUES('6339ad97e',49,'2d065b14b','2ad53b9e1',18630,1960,1654026759,1654026759);
INSERT INTO player_score VALUES('4a3b77b65',49,'2d065b14b','2c0bdd1e3',9880,1435,1653355858,1653355858);
INSERT INTO player_score VALUES('452a871bf',49,'2d065b14b','336e8ac84',90528,1256,1653219864,1653219864);
INSERT INTO player_score VALUES('63c3a7e17',49,'2d065b14b','35aec7df4',252,1885,1654041227,1654041227);
INSERT INTO player_score VALUES('384bb0173',49,'2d065b14b','36fbf263b',238260,925,1652874375,1652874375);
INSERT INTO player_score VALUES('63749d7b1',49,'2d065b14b','4dd2b46ae',0,1859,1654032939,1654032939);
INSERT INTO player_score VALUES('5ea756adf',49,'2d065b14b','4f7eea009',19684,1779,1653904040,1653904040);
INSERT INTO player_score VALUES('636a2e989',49,'2d065b14b','4fcdf6ce1',691416,1849,1654031845,1654031845);
INSERT INTO player_score VALUES('5307c77f2',49,'2d065b14b','51a5737fd',115050,1487,1653592030,1653592030);
INSERT INTO player_score VALUES('63bbcc2ad',49,'2d065b14b','5daa6c904',645120,1901,1654040403,1654040403);
INSERT INTO player_score VALUES('63bf0556b',49,'2d065b14b','620a332ad',11286,1960,1654040741,1654040741);
INSERT INTO player_score VALUES('62c9bed49',49,'2d193aa22','1af57e3fd',32400,2082,1654015022,1654015022);
INSERT INTO player_score VALUES('612dd59b5',49,'2d193aa22','1e5c796c3',94656,1814,1653971830,1653971830);
INSERT INTO player_score VALUES('5e93040a0',49,'2d193aa22','25587879a',402960,1819,1653901909,1653901909);
INSERT INTO player_score VALUES('62e78ea4e',49,'2d193aa22','2ad53b9e1',101920,1947,1654018148,1654018148);
INSERT INTO player_score VALUES('4af2e829a',49,'2d193aa22','2c0bdd1e3',210444,1467,1653375093,1653375093);
INSERT INTO player_score VALUES('46216a3d2',49,'2d193aa22','336e8ac84',12864,1321,1653245752,1653245752);
INSERT INTO player_score VALUES('61d2508aa',49,'2d193aa22','35aec7df4',56430,1815,1653989077,1653989077);
INSERT INTO player_score VALUES('386677945',49,'2d193aa22','36fbf263b',87024,993,1652877183,1652877183);
INSERT INTO player_score VALUES('548e1bd18',49,'2d193aa22','4abb931b7',26832,1288,1653632959,1653632959);
INSERT INTO player_score VALUES('62d5f3ce8',49,'2d193aa22','4dd2b46ae',6000,1803,1654016302,1654016302);
INSERT INTO player_score VALUES('5bb43f6fb',49,'2d193aa22','4f7eea009',18426,1435,1653824863,1653824863);
INSERT INTO player_score VALUES('628d60ba7',49,'2d193aa22','4fcdf6ce1',70350,1765,1654008692,1654008692);
INSERT INTO player_score VALUES('52fcc3b03',49,'2d193aa22','51a5737fd',57288,1444,1653590875,1653590875);
INSERT INTO player_score VALUES('634f16906',49,'2d193aa22','5daa6c904',11319,1758,1654029004,1654029004);
INSERT INTO player_score VALUES('622fc8bf6',49,'2d193aa22','61443c78a',63544,1866,1653998878,1653998878);
INSERT INTO player_score VALUES('63ba31feb',49,'2d193aa22','620a332ad',151776,1938,1654040235,1654040235);
INSERT INTO player_score VALUES('5a231f769',49,'2d310acf4','1700d7f64',110124,1607,1653782802,1653782802);
INSERT INTO player_score VALUES('623547016',49,'2d310acf4','1af57e3fd',38808,2061,1653999454,1653999454);
INSERT INTO player_score VALUES('5b63bf8a0',49,'2d310acf4','25587879a',104580,1736,1653816422,1653816422);
INSERT INTO player_score VALUES('601286c0c',49,'2d310acf4','2ad53b9e1',711110,1846,1653942123,1653942123);
INSERT INTO player_score VALUES('4975d66f1',49,'2d310acf4','2c0bdd1e3',6500,1392,1653335135,1653335135);
INSERT INTO player_score VALUES('45baf1533',49,'2d310acf4','336e8ac84',262548,1294,1653235007,1653235007);
INSERT INTO player_score VALUES('5c8f9f1bb',49,'2d310acf4','35aec7df4',478325,1609,1653847866,1653847866);
INSERT INTO player_score VALUES('38671162d',49,'2d310acf4','36fbf263b',76608,996,1652877246,1652877246);
INSERT INTO player_score VALUES('567db4622',49,'2d310acf4','4abb931b7',17280,1536,1653684926,1653684926);
INSERT INTO player_score VALUES('5d846e041',49,'2d310acf4','4f7eea009',101480,1648,1653873536,1653873536);
INSERT INTO player_score VALUES('6232d86f9',49,'2d310acf4','4fcdf6ce1',307840,1734,1653999199,1653999199);
INSERT INTO player_score VALUES('531077a1d',49,'2d310acf4','51a5737fd',2310,1522,1653592941,1653592941);
INSERT INTO player_score VALUES('6380fe732',49,'2d310acf4','5daa6c904',240160,1821,1654034237,1654034237);
INSERT INTO player_score VALUES('6231989dc',49,'2d310acf4','61443c78a',262416,1885,1653999068,1653999068);
INSERT INTO player_score VALUES('63c647426',49,'2d310acf4','620a332ad',18480,1988,1654041502,1654041502);
INSERT INTO player_score VALUES('5aebf026f',49,'2d46eb661','1700d7f64',572,1638,1653803859,1653803859);
INSERT INTO player_score VALUES('5f12b8e60',49,'2d46eb661','1e5c796c3',16544,1754,1653915300,1653915300);
INSERT INTO player_score VALUES('5fa8a3cf4',49,'2d46eb661','25587879a',99600,1854,1653931020,1653931020);
INSERT INTO player_score VALUES('60b6d0da6',49,'2d46eb661','2ad53b9e1',87216,1876,1653959350,1653959350);
INSERT INTO player_score VALUES('4af909fb0',49,'2d46eb661','2c0bdd1e3',9216,1472,1653375736,1653375736);
INSERT INTO player_score VALUES('461702a78',49,'2d46eb661','336e8ac84',68034,1317,1653244661,1653244661);
INSERT INTO player_score VALUES('383173cd2',49,'2d46eb661','36fbf263b',49280,857,1652871624,1652871624);
INSERT INTO player_score VALUES('56880add6',49,'2d46eb661','4abb931b7',530400,1541,1653686010,1653686010);
INSERT INTO player_score VALUES('62be0174d',49,'2d46eb661','4dd2b46ae',178560,1793,1654013791,1654013791);
INSERT INTO player_score VALUES('5ea073f6d',49,'2d46eb661','4f7eea009',237820,1775,1653903318,1653903318);
INSERT INTO player_score VALUES('63ba765d7',49,'2d46eb661','4fcdf6ce1',25056,1886,1654040263,1654040263);
INSERT INTO player_score VALUES('530afbce9',49,'2d46eb661','51a5737fd',13110,1499,1653592366,1653592366);
INSERT INTO player_score VALUES('63393118c',49,'2d46eb661','5daa6c904',42525,1729,1654026708,1654026708);
INSERT INTO player_score VALUES('6229035dd',49,'2d46eb661','61443c78a',24948,1808,1653998168,1653998168);
INSERT INTO player_score VALUES('63c3e7572',49,'2d46eb661','620a332ad',200376,1976,1654041253,1654041253);
INSERT INTO player_score VALUES('5e245c647',49,'2e4b93e8d','1700d7f64',154224,1707,1653890306,1653890306);
INSERT INTO player_score VALUES('61f5025d5',49,'2e4b93e8d','1af57e3fd',8778,2054,1653992715,1653992715);
INSERT INTO player_score VALUES('62bb3fdec',49,'2e4b93e8d','1e5c796c3',253890,1850,1654013502,1654013502);
INSERT INTO player_score VALUES('5e5e5f79b',49,'2e4b93e8d','25587879a',25542,1812,1653896389,1653896389);
INSERT INTO player_score VALUES('60f2867fc',49,'2e4b93e8d','2ad53b9e1',16770,1881,1653965611,1653965611);
INSERT INTO player_score VALUES('4919bb555',49,'2e4b93e8d','2c0bdd1e3',199578,1371,1653325477,1653325477);
INSERT INTO player_score VALUES('4579d8455',49,'2e4b93e8d','336e8ac84',72865,1278,1653228181,1653228181);
INSERT INTO player_score VALUES('5c79c0fae',49,'2e4b93e8d','35aec7df4',54096,1607,1653845573,1653845573);
INSERT INTO player_score VALUES('38671162e',49,'2e4b93e8d','36fbf263b',55484,995,1652877246,1652877246);
INSERT INTO player_score VALUES('633c62f6e',49,'2e4b93e8d','4dd2b46ae',430920,1837,1654027043,1654027043);
INSERT INTO player_score VALUES('5e4a476d1',49,'2e4b93e8d','4f7eea009',124740,1741,1653894282,1653894282);
INSERT INTO player_score VALUES('637d9bbcb',49,'2e4b93e8d','4fcdf6ce1',370500,1860,1654033882,1654033882);
INSERT INTO player_score VALUES('638421ab2',49,'2e4b93e8d','5daa6c904',52440,1824,1654034566,1654034566);
INSERT INTO player_score VALUES('6230e8d84',49,'2e4b93e8d','61443c78a',110544,1878,1653998996,1653998996);
INSERT INTO player_score VALUES('5dc3160f9',49,'2ec738bf8','1700d7f64',2380,1700,1653880106,1653880106);
INSERT INTO player_score VALUES('5b101030c',49,'2ec738bf8','1af57e3fd',227328,1840,1653807647,1653807647);
INSERT INTO player_score VALUES('6306c7cfd',49,'2ec738bf8','1e5c796c3',9828,1861,1654021422,1654021422);
INSERT INTO player_score VALUES('5f6c9b283',49,'2ec738bf8','25587879a',0,1845,1653924725,1653924725);
INSERT INTO player_score VALUES('632ea9c72',49,'2ec738bf8','2ad53b9e1',42336,1959,1654025604,1654025604);
INSERT INTO player_score VALUES('43a825891',49,'2ec738bf8','336e8ac84',428736,1157,1653179349,1653179349);
INSERT INTO player_score VALUES('5e0e43a95',49,'2ec738bf8','35aec7df4',0,1678,1653887989,1653887989);
INSERT INTO player_score VALUES('38593fc79',49,'2ec738bf8','36fbf263b',5396,962,1652875797,1652875797);
INSERT INTO player_score VALUES('563d12f7d',49,'2ec738bf8','4abb931b7',333925,1499,1653678149,1653678149);
INSERT INTO player_score VALUES('63a5395b1',49,'2ec738bf8','4dd2b46ae',18480,1881,1654038036,1654038036);
INSERT INTO player_score VALUES('5d87ae89b',49,'2ec738bf8','4f7eea009',71687,1651,1653873877,1653873877);
INSERT INTO player_score VALUES('63c2f5a7f',49,'2ec738bf8','4fcdf6ce1',22032,1891,1654041154,1654041154);
INSERT INTO player_score VALUES('52d97ceb7',49,'2ec738bf8','51a5737fd',97650,1327,1653587176,1653587176);
INSERT INTO player_score VALUES('639c697a1',49,'2ec738bf8','620a332ad',304560,1807,1654037112,1654037112);
INSERT INTO player_score VALUES('628ddac97',49,'2f0b8afdc','1af57e3fd',60192,2077,1654008742,1654008742);
INSERT INTO player_score VALUES('6292b3081',49,'2f0b8afdc','1e5c796c3',69290,1844,1654009250,1654009250);
INSERT INTO player_score VALUES('62c6e9b95',49,'2f0b8afdc','2ad53b9e1',233016,1944,1654014725,1654014725);
INSERT INTO player_score VALUES('4a200cac6',49,'2f0b8afdc','2c0bdd1e3',6300,1428,1653352983,1653352983);
INSERT INTO player_score VALUES('450e11f10',49,'2f0b8afdc','336e8ac84',187726,1251,1653216880,1653216880);
INSERT INTO player_score VALUES('62ed7fa81',49,'2f0b8afdc','35aec7df4',384975,1858,1654018771,1654018771);
INSERT INTO player_score VALUES('3867a3dfb',49,'2f0b8afdc','36fbf263b',14760,997,1652877306,1652877306);
INSERT INTO player_score VALUES('570542863',49,'2f0b8afdc','4abb931b7',301920,1610,1653699140,1653699140);
INSERT INTO player_score VALUES('604d631cf',49,'2f0b8afdc','4fcdf6ce1',19600,1550,1653948295,1653948295);
INSERT INTO player_score VALUES('5311dc132',49,'2f0b8afdc','51a5737fd',146160,1525,1653593087,1653593087);
INSERT INTO player_score VALUES('628dbfeda',49,'2f0b8afdc','5daa6c904',41160,1536,1654008731,1654008731);
INSERT INTO player_score VALUES('62250e2a9',49,'2f0b8afdc','61443c78a',191400,1781,1653997753,1653997753);
INSERT INTO player_score VALUES('63c51fd71',49,'2f0b8afdc','620a332ad',410400,1983,1654041381,1654041381);
INSERT INTO player_score VALUES('5befd5576',49,'2fe1b3340','1700d7f64',0,1658,1653831111,1653831111);
INSERT INTO player_score VALUES('61af09c5c',49,'2fe1b3340','1af57e3fd',467544,2048,1653985378,1653985378);
INSERT INTO player_score VALUES('632d0d2e4',49,'2fe1b3340','1e5c796c3',62582,1866,1654025435,1654025435);
INSERT INTO player_score VALUES('5f100adef',49,'2fe1b3340','25587879a',0,1834,1653915019,1653915019);
INSERT INTO player_score VALUES('493f44b76',49,'2fe1b3340','2c0bdd1e3',132000,1380,1653329413,1653329413);
INSERT INTO player_score VALUES('4607ca2a2',49,'2fe1b3340','336e8ac84',345450,1314,1653243065,1653243065);
INSERT INTO player_score VALUES('61dbdc611',49,'2fe1b3340','35aec7df4',15504,1817,1653990078,1653990078);
INSERT INTO player_score VALUES('38661106b',49,'2fe1b3340','36fbf263b',121125,989,1652877141,1652877141);
INSERT INTO player_score VALUES('56d8a0bd9',49,'2fe1b3340','4abb931b7',34216,1584,1653694460,1653694460);
INSERT INTO player_score VALUES('6245df101',49,'2fe1b3340','4dd2b46ae',20358,1747,1654001194,1654001194);
INSERT INTO player_score VALUES('5dfb94f30',49,'2fe1b3340','4f7eea009',24752,1707,1653886030,1653886030);
INSERT INTO player_score VALUES('52b6cb16d',49,'2fe1b3340','51a5737fd',5330,1174,1653583538,1653583538);
INSERT INTO player_score VALUES('63c341544',49,'2fe1b3340','5daa6c904',40768,1916,1654041185,1654041185);
INSERT INTO player_score VALUES('621d4ae03',49,'2fe1b3340','61443c78a',70907,1724,1653996939,1653996939);
INSERT INTO player_score VALUES('63b12035d',49,'2fe1b3340','620a332ad',408800,1895,1654039284,1654039284);
INSERT INTO player_score VALUES('5aa776db3',49,'30a126714','1700d7f64',287470,1623,1653796679,1653796679);
INSERT INTO player_score VALUES('6320e1f52',49,'30a126714','1af57e3fd',221760,2092,1654024159,1654024159);
INSERT INTO player_score VALUES('62b4dc246',49,'30a126714','1e5c796c3',179256,1848,1654012832,1654012832);
INSERT INTO player_score VALUES('5aa8ec625',49,'30a126714','25587879a',279888,1717,1653796832,1653796832);
INSERT INTO player_score VALUES('5fce8ed57',49,'30a126714','2ad53b9e1',95850,1831,1653934996,1653934996);
INSERT INTO player_score VALUES('4a133b686',49,'30a126714','2c0bdd1e3',22680,1425,1653351639,1653351639);
INSERT INTO player_score VALUES('63b2871b3',49,'30a126714','35aec7df4',278160,1881,1654039431,1654039431);
INSERT INTO player_score VALUES('385a3b420',49,'30a126714','36fbf263b',103224,964,1652875900,1652875900);
INSERT INTO player_score VALUES('55f6ceaf1',49,'30a126714','4abb931b7',9108,1462,1653670781,1653670781);
INSERT INTO player_score VALUES('63675bee7',49,'30a126714','4dd2b46ae',179025,1852,1654031549,1654031549);
INSERT INTO player_score VALUES('5eba49c07',49,'30a126714','4f7eea009',301320,1785,1653906027,1653906027);
INSERT INTO player_score VALUES('63883423e',49,'30a126714','4fcdf6ce1',251256,1864,1654034993,1654034993);
INSERT INTO player_score VALUES('530336156',49,'30a126714','51a5737fd',40500,1468,1653591551,1653591551);
INSERT INTO player_score VALUES('63c1fa2d7',49,'30a126714','5daa6c904',117936,1913,1654041051,1654041051);
INSERT INTO player_score VALUES('622dca7e5',49,'30a126714','61443c78a',32384,1844,1653998669,1653998669);
INSERT INTO player_score VALUES('5da3d0ae8',49,'315349732','1700d7f64',150414,1697,1653876827,1653876827);
INSERT INTO player_score VALUES('626f93511',49,'315349732','1af57e3fd',321200,2071,1654005567,1654005567);
INSERT INTO player_score VALUES('5d0eed742',49,'315349732','25587879a',331500,1779,1653861215,1653861215);
INSERT INTO player_score VALUES('48e60aeef',49,'315349732','2c0bdd1e3',113950,1360,1653320057,1653320057);
INSERT INTO player_score VALUES('44fa591ff',49,'315349732','336e8ac84',1624,1245,1653214812,1653214812);
INSERT INTO player_score VALUES('60334ddc8',49,'315349732','35aec7df4',430560,1753,1653945560,1653945560);
INSERT INTO player_score VALUES('385df8464',49,'315349732','36fbf263b',351372,974,1652876292,1652876292);
INSERT INTO player_score VALUES('56f94f703',49,'315349732','4abb931b7',110124,1602,1653697887,1653697887);
INSERT INTO player_score VALUES('625a4efbf',49,'315349732','4dd2b46ae',154,1755,1654003337,1654003337);
INSERT INTO player_score VALUES('5e4043f52',49,'315349732','4f7eea009',17460,1736,1653893232,1653893232);
INSERT INTO player_score VALUES('616721922',49,'315349732','4fcdf6ce1',32400,1655,1653977838,1653977838);
INSERT INTO player_score VALUES('531537724',49,'315349732','51a5737fd',309960,1533,1653593439,1653593439);
INSERT INTO player_score VALUES('63c4b94f8',49,'315349732','5daa6c904',180090,1920,1654041339,1654041339);
INSERT INTO player_score VALUES('622e29b86',49,'315349732','61443c78a',686952,1847,1653998708,1653998708);
INSERT INTO player_score VALUES('638555498',49,'315349732','620a332ad',522880,1704,1654034692,1654034692);
INSERT INTO player_score VALUES('550c898d5',49,'32ae89f09','1700d7f64',22715,1483,1653646216,1653646216);
INSERT INTO player_score VALUES('61add3b43',49,'32ae89f09','1af57e3fd',72928,2047,1653985251,1653985251);
INSERT INTO player_score VALUES('613e1d170',49,'32ae89f09','1e5c796c3',3150,1815,1653973537,1653973537);
INSERT INTO player_score VALUES('5e08e2b4c',49,'32ae89f09','25587879a',14580,1806,1653887425,1653887425);
INSERT INTO player_score VALUES('631b9213f',49,'32ae89f09','2ad53b9e1',59942,1955,1654023602,1654023602);
INSERT INTO player_score VALUES('488c23c82',49,'32ae89f09','2c0bdd1e3',366825,1346,1653310630,1653310630);
INSERT INTO player_score VALUES('45c9a5f9b',49,'32ae89f09','336e8ac84',104976,1298,1653236549,1653236549);
INSERT INTO player_score VALUES('5c350aa64',49,'32ae89f09','35aec7df4',451605,1599,1653838368,1653838368);
INSERT INTO player_score VALUES('3842689ef',49,'32ae89f09','36fbf263b',121800,898,1652873402,1652873402);
INSERT INTO player_score VALUES('56c5c8854',49,'32ae89f09','4abb931b7',12420,1572,1653692484,1653692484);
INSERT INTO player_score VALUES('62d74c0c2',49,'32ae89f09','4dd2b46ae',250245,1804,1654016443,1654016443);
INSERT INTO player_score VALUES('5eb4257bf',49,'32ae89f09','4f7eea009',185000,1781,1653905383,1653905383);
INSERT INTO player_score VALUES('631131d81',49,'32ae89f09','4fcdf6ce1',845,1818,1654022514,1654022514);
INSERT INTO player_score VALUES('52d50b366',49,'32ae89f09','51a5737fd',83979,1308,1653586710,1653586710);
INSERT INTO player_score VALUES('6391f3440',49,'32ae89f09','5daa6c904',212160,1846,1654036015,1654036015);
INSERT INTO player_score VALUES('6229a20bc',49,'32ae89f09','61443c78a',138348,1816,1653998233,1653998233);
INSERT INTO player_score VALUES('63b8118e6',49,'32ae89f09','620a332ad',31185,1924,1654040012,1654040012);
INSERT INTO player_score VALUES('61fb77350',49,'33c6565f4','1af57e3fd',69426,2055,1653993392,1653993392);
INSERT INTO player_score VALUES('5aab31734',49,'33c6565f4','1e5c796c3',334950,1639,1653797070,1653797070);
INSERT INTO player_score VALUES('5a3c5415f',49,'33c6565f4','25587879a',19152,1704,1653785445,1653785445);
INSERT INTO player_score VALUES('61760e5d9',49,'33c6565f4','2ad53b9e1',11745,1897,1653979403,1653979403);
INSERT INTO player_score VALUES('4279427a8',49,'33c6565f4','336e8ac84',152110,1053,1653147589,1653147589);
INSERT INTO player_score VALUES('5bb946123',49,'33c6565f4','35aec7df4',57330,1577,1653825390,1653825390);
INSERT INTO player_score VALUES('3864412b5',49,'33c6565f4','36fbf263b',191100,986,1652876951,1652876951);
INSERT INTO player_score VALUES('566f070e5',49,'33c6565f4','4abb931b7',9020,1531,1653683387,1653683387);
INSERT INTO player_score VALUES('625f99f46',49,'33c6565f4','4dd2b46ae',73944,1763,1654003892,1654003892);
INSERT INTO player_score VALUES('5e1b9b31b',49,'33c6565f4','4f7eea009',78880,1719,1653889388,1653889388);
INSERT INTO player_score VALUES('620ccb3c9',49,'33c6565f4','4fcdf6ce1',334950,1711,1653995209,1653995209);
INSERT INTO player_score VALUES('531699741',49,'33c6565f4','51a5737fd',70688,1542,1653593584,1653593584);
INSERT INTO player_score VALUES('6362e55c8',49,'33c6565f4','5daa6c904',42826,1788,1654031081,1654031081);
INSERT INTO player_score VALUES('6214231f2',49,'33c6565f4','61443c78a',63000,1636,1653995979,1653995979);
INSERT INTO player_score VALUES('63c45051b',49,'33c6565f4','620a332ad',178848,1977,1654041296,1654041296);
INSERT INTO player_score VALUES('5b8a6ddfe',49,'33dd3ea1b','1700d7f64',80100,1650,1653820478,1653820478);
INSERT INTO player_score VALUES('5ca06cdd5',49,'33dd3ea1b','1af57e3fd',204000,1886,1653849628,1653849628);
INSERT INTO player_score VALUES('601648a5d',49,'33dd3ea1b','1e5c796c3',251082,1787,1653942517,1653942517);
INSERT INTO player_score VALUES('5f816a4bb',49,'33dd3ea1b','25587879a',46400,1849,1653926907,1653926907);
INSERT INTO player_score VALUES('61559f23d',49,'33dd3ea1b','2ad53b9e1',18032,1895,1653976002,1653976002);
INSERT INTO player_score VALUES('4af735383',49,'33dd3ea1b','2c0bdd1e3',208035,1469,1653375544,1653375544);
INSERT INTO player_score VALUES('457279153',49,'33dd3ea1b','336e8ac84',52668,1276,1653227408,1653227408);
INSERT INTO player_score VALUES('62135aeb8',49,'33dd3ea1b','35aec7df4',176700,1822,1653995897,1653995897);
INSERT INTO player_score VALUES('386be72be',49,'33dd3ea1b','36fbf263b',209230,1008,1652877753,1652877753);
INSERT INTO player_score VALUES('57026fe24',49,'33dd3ea1b','4abb931b7',171912,1608,1653698844,1653698844);
INSERT INTO player_score VALUES('6353612ed',49,'33dd3ea1b','4dd2b46ae',234784,1844,1654029454,1654029454);
INSERT INTO player_score VALUES('5b38515dc',49,'33dd3ea1b','4f7eea009',0,1374,1653811868,1653811868);
INSERT INTO player_score VALUES('63636ba0d',49,'33dd3ea1b','4fcdf6ce1',122388,1846,1654031136,1654031136);
INSERT INTO player_score VALUES('6396082cd',49,'33dd3ea1b','5daa6c904',110664,1852,1654036443,1654036443);
INSERT INTO player_score VALUES('622dafa28',49,'33dd3ea1b','61443c78a',264000,1842,1653998658,1653998658);
INSERT INTO player_score VALUES('63c513a76',49,'33dd3ea1b','620a332ad',240300,1982,1654041376,1654041376);
INSERT INTO player_score VALUES('585cbeab0',49,'34094de8d','1700d7f64',171399,1562,1653735157,1653735157);
INSERT INTO player_score VALUES('5d26f0e78',49,'34094de8d','1af57e3fd',112608,1913,1653863733,1653863733);
INSERT INTO player_score VALUES('636b4005f',49,'34094de8d','1e5c796c3',7938,1877,1654031957,1654031957);
INSERT INTO player_score VALUES('5f6d0b750',49,'34094de8d','25587879a',66177,1847,1653924771,1653924771);
INSERT INTO player_score VALUES('61a766379',49,'34094de8d','2ad53b9e1',15180,1907,1653984577,1653984577);
INSERT INTO player_score VALUES('45d2190e4',49,'34094de8d','336e8ac84',34592,1299,1653237435,1653237435);
INSERT INTO player_score VALUES('5f6ba4947',49,'34094de8d','35aec7df4',84456,1728,1653924624,1653924624);
INSERT INTO player_score VALUES('386fd5060',49,'34094de8d','36fbf263b',18496,1016,1652878165,1652878165);
INSERT INTO player_score VALUES('56d467340',49,'34094de8d','4abb931b7',537600,1581,1653694017,1653694017);
INSERT INTO player_score VALUES('626ea8f3b',49,'34094de8d','4dd2b46ae',1020,1766,1654005471,1654005471);
INSERT INTO player_score VALUES('5dda6748b',49,'34094de8d','4f7eea009',31395,1697,1653882551,1653882551);
INSERT INTO player_score VALUES('52ebd89e8',49,'34094de8d','51a5737fd',37224,1389,1653589101,1653589101);
INSERT INTO player_score VALUES('623189f9f',49,'34094de8d','61443c78a',76440,1884,1653999062,1653999062);
INSERT INTO player_score VALUES('638a5224f',49,'34094de8d','620a332ad',16632,1730,1654035215,1654035215);
INSERT INTO player_score VALUES('602abfeaf',49,'348c9da64','1e5c796c3',6800,1790,1653944663,1653944663);
INSERT INTO player_score VALUES('5f1c3fdc4',49,'348c9da64','25587879a',45666,1837,1653916299,1653916299);
INSERT INTO player_score VALUES('6310fe922',49,'348c9da64','2ad53b9e1',85910,1953,1654022493,1654022493);
INSERT INTO player_score VALUES('4973126f6',49,'348c9da64','2c0bdd1e3',316368,1391,1653334845,1653334845);
INSERT INTO player_score VALUES('457019294',49,'348c9da64','336e8ac84',557428,1274,1653227159,1653227159);
INSERT INTO player_score VALUES('5488915cc',49,'348c9da64','35aec7df4',24320,1267,1653632378,1653632378);
INSERT INTO player_score VALUES('3862a9734',49,'348c9da64','36fbf263b',270351,984,1652876784,1652876784);
INSERT INTO player_score VALUES('56d2b9872',49,'348c9da64','4abb931b7',9840,1580,1653693841,1653693841);
INSERT INTO player_score VALUES('63ba20ea7',49,'348c9da64','4dd2b46ae',136080,1890,1654040228,1654040228);
INSERT INTO player_score VALUES('5e7682a8f',49,'348c9da64','4f7eea009',9800,1759,1653898920,1653898920);
INSERT INTO player_score VALUES('6343ac330',49,'348c9da64','4fcdf6ce1',18144,1832,1654027807,1654027807);
INSERT INTO player_score VALUES('531663ba9',49,'348c9da64','51a5737fd',192700,1539,1653593562,1653593562);
INSERT INTO player_score VALUES('639df01b8',49,'348c9da64','5daa6c904',137280,1863,1654037272,1654037272);
INSERT INTO player_score VALUES('622537aaf',49,'348c9da64','61443c78a',33670,1783,1653997770,1653997770);
INSERT INTO player_score VALUES('63c690814',49,'348c9da64','620a332ad',192456,1989,1654041532,1654041532);
INSERT INTO player_score VALUES('5ce50ac7c',49,'34d232253','1700d7f64',51667,1681,1653856823,1653856823);
INSERT INTO player_score VALUES('5b427493e',49,'34d232253','1af57e3fd',66700,1843,1653812931,1653812931);
INSERT INTO player_score VALUES('60ccf5c91',49,'34d232253','1e5c796c3',426216,1802,1653961672,1653961672);
INSERT INTO player_score VALUES('4ac1cae91',49,'34d232253','25587879a',121176,1235,1653369943,1653369943);
INSERT INTO player_score VALUES('61eec822e',49,'34d232253','2ad53b9e1',44772,1916,1653992062,1653992062);
INSERT INTO player_score VALUES('4a5626c15',49,'34d232253','2c0bdd1e3',67320,1441,1653358656,1653358656);
INSERT INTO player_score VALUES('5e5f4ebbd',49,'34d232253','35aec7df4',41580,1692,1653896487,1653896487);
INSERT INTO player_score VALUES('56caf156f',49,'34d232253','4abb931b7',604513,1576,1653693025,1653693025);
INSERT INTO player_score VALUES('6231c4938',49,'34d232253','4dd2b46ae',88560,1736,1653999086,1653999086);
INSERT INTO player_score VALUES('63a68a411',49,'34d232253','4fcdf6ce1',408408,1875,1654038174,1654038174);
INSERT INTO player_score VALUES('5316ddcf6',49,'34d232253','51a5737fd',10296,1544,1653593612,1653593612);
INSERT INTO player_score VALUES('63772479d',49,'34d232253','5daa6c904',127800,1811,1654033204,1654033204);
INSERT INTO player_score VALUES('622c9202d',49,'34d232253','61443c78a',530376,1834,1653998541,1653998541);
INSERT INTO player_score VALUES('63be9c5f1',49,'34d232253','620a332ad',69936,1957,1654040698,1654040698);
INSERT INTO player_score VALUES('5a28e481b',49,'34d3e2471','1700d7f64',199392,1608,1653783407,1653783407);
INSERT INTO player_score VALUES('63649cce7',49,'34d3e2471','1af57e3fd',90132,2100,1654031261,1654031261);
INSERT INTO player_score VALUES('61b67ef61',49,'34d3e2471','1e5c796c3',5670,1826,1653986160,1653986160);
INSERT INTO player_score VALUES('5e6581a70',49,'34d3e2471','25587879a',273420,1814,1653897137,1653897137);
INSERT INTO player_score VALUES('636bb538a',49,'34d3e2471','2ad53b9e1',0,1963,1654032005,1654032005);
INSERT INTO player_score VALUES('495b42417',49,'34d3e2471','2c0bdd1e3',160160,1386,1653332348,1653332348);
INSERT INTO player_score VALUES('43849f4b1',49,'34d3e2471','336e8ac84',35343,1143,1653175624,1653175624);
INSERT INTO player_score VALUES('60ba9052f',49,'34d3e2471','35aec7df4',1932,1777,1653959743,1653959743);
INSERT INTO player_score VALUES('3866c5b47',49,'34d3e2471','36fbf263b',19885,994,1652877215,1652877215);
INSERT INTO player_score VALUES('5611b1009',49,'34d3e2471','4abb931b7',9500,1479,1653673600,1653673600);
INSERT INTO player_score VALUES('632be5c3d',49,'34d3e2471','4dd2b46ae',109917,1831,1654025314,1654025314);
INSERT INTO player_score VALUES('638c6b3d7',49,'34d3e2471','4fcdf6ce1',89700,1866,1654035435,1654035435);
INSERT INTO player_score VALUES('52ec4dce0',49,'34d3e2471','51a5737fd',53466,1392,1653589149,1653589149);
INSERT INTO player_score VALUES('6382061a0',49,'34d3e2471','5daa6c904',20592,1822,1654034345,1654034345);
INSERT INTO player_score VALUES('62297afa9',49,'34d3e2471','61443c78a',25800,1813,1653998217,1653998217);
INSERT INTO player_score VALUES('63bb03f70',49,'34d3e2471','620a332ad',166152,1943,1654040321,1654040321);
INSERT INTO player_score VALUES('5932e1ff4',49,'379e17323','1700d7f64',344925,1582,1653757611,1653757611);
INSERT INTO player_score VALUES('6311d5666',49,'379e17323','1af57e3fd',165816,2091,1654022581,1654022581);
INSERT INTO player_score VALUES('62c6a07bb',49,'379e17323','1e5c796c3',24750,1851,1654014695,1654014695);
INSERT INTO player_score VALUES('59bcd9d0b',49,'379e17323','25587879a',1344,1690,1653772078,1653772078);
INSERT INTO player_score VALUES('626cb2069',49,'379e17323','2ad53b9e1',1287,1932,1654005265,1654005265);
INSERT INTO player_score VALUES('49f7a6dbb',49,'379e17323','2c0bdd1e3',38528,1419,1653348747,1653348747);
INSERT INTO player_score VALUES('44cd1d881',49,'379e17323','336e8ac84',49856,1234,1653210069,1653210069);
INSERT INTO player_score VALUES('6231e92e1',49,'379e17323','35aec7df4',339416,1829,1653999101,1653999101);
INSERT INTO player_score VALUES('386f6c0d5',49,'379e17323','36fbf263b',794592,1013,1652878122,1652878122);
INSERT INTO player_score VALUES('5705e88cd',49,'379e17323','4abb931b7',42340,1611,1653699208,1653699208);
INSERT INTO player_score VALUES('63a5da7a8',49,'379e17323','4dd2b46ae',75764,1883,1654038102,1654038102);
INSERT INTO player_score VALUES('62f37f4d8',49,'379e17323','4fcdf6ce1',93500,1802,1654019400,1654019400);
INSERT INTO player_score VALUES('530bfe9b7',49,'379e17323','51a5737fd',134460,1504,1653592472,1653592472);
INSERT INTO player_score VALUES('63b543c70',49,'379e17323','5daa6c904',498960,1894,1654039718,1654039718);
INSERT INTO player_score VALUES('622c9bc75',49,'379e17323','61443c78a',10150,1836,1653998545,1653998545);
INSERT INTO player_score VALUES('63bada732',49,'379e17323','620a332ad',56525,1942,1654040304,1654040304);
INSERT INTO player_score VALUES('5c3d1c126',49,'38e483a5e','1700d7f64',2139,1667,1653839214,1653839214);
INSERT INTO player_score VALUES('62f17748f',49,'38e483a5e','1af57e3fd',952,2089,1654019187,1654019187);
INSERT INTO player_score VALUES('63c681daa',49,'38e483a5e','1e5c796c3',270100,1891,1654041526,1654041526);
INSERT INTO player_score VALUES('5a010c4f9',49,'38e483a5e','25587879a',88500,1699,1653779229,1653779229);
INSERT INTO player_score VALUES('61f40204a',49,'38e483a5e','2ad53b9e1',379600,1917,1653992610,1653992610);
INSERT INTO player_score VALUES('48ad27ef0',49,'38e483a5e','2c0bdd1e3',98208,1350,1653314092,1653314092);
INSERT INTO player_score VALUES('46392bc69',49,'38e483a5e','336e8ac84',639189,1328,1653248243,1653248243);
INSERT INTO player_score VALUES('571e9206c',49,'38e483a5e','4abb931b7',177840,1623,1653701794,1653701794);
INSERT INTO player_score VALUES('61d0e7315',49,'38e483a5e','4dd2b46ae',128898,1703,1653988929,1653988929);
INSERT INTO player_score VALUES('5dda95af7',49,'38e483a5e','4f7eea009',816,1698,1653882570,1653882570);
INSERT INTO player_score VALUES('63aea7e69',49,'38e483a5e','4fcdf6ce1',235620,1879,1654039025,1654039025);
INSERT INTO player_score VALUES('53166ff19',49,'38e483a5e','51a5737fd',137781,1540,1653593567,1653593567);
INSERT INTO player_score VALUES('63657d697',49,'38e483a5e','5daa6c904',2736,1790,1654031353,1654031353);
INSERT INTO player_score VALUES('622200eda',49,'38e483a5e','61443c78a',112970,1765,1653997433,1653997433);
INSERT INTO player_score VALUES('63a90292a',49,'38e483a5e','620a332ad',130050,1856,1654038433,1654038433);
INSERT INTO player_score VALUES('625925250',49,'3a034645a','1af57e3fd',107961,2070,1654003215,1654003215);
INSERT INTO player_score VALUES('5921d7308',49,'3a034645a','25587879a',3136,1663,1653755824,1653755824);
INSERT INTO player_score VALUES('5ba3df8f1',49,'3a034645a','2ad53b9e1',52332,1703,1653823146,1653823146);
INSERT INTO player_score VALUES('498789b31',49,'3a034645a','2c0bdd1e3',154496,1399,1653336991,1653336991);
INSERT INTO player_score VALUES('62f08ce45',49,'3a034645a','35aec7df4',126336,1859,1654019091,1654019091);
INSERT INTO player_score VALUES('56e467e52',49,'3a034645a','4abb931b7',107800,1591,1653695695,1653695695);
INSERT INTO player_score VALUES('62e404e3e',49,'3a034645a','4dd2b46ae',252000,1808,1654017777,1654017777);
INSERT INTO player_score VALUES('5de73134f',49,'3a034645a','4f7eea009',9044,1699,1653883892,1653883892);
INSERT INTO player_score VALUES('623fd5a4f',49,'3a034645a','4fcdf6ce1',52360,1741,1654000561,1654000561);
INSERT INTO player_score VALUES('530723ef9',49,'3a034645a','51a5737fd',14960,1484,1653591963,1653591963);
INSERT INTO player_score VALUES('63c348a7f',49,'3a034645a','5daa6c904',306544,1917,1654041188,1654041188);
INSERT INTO player_score VALUES('622504662',49,'3a034645a','61443c78a',19314,1780,1653997749,1653997749);
INSERT INTO player_score VALUES('63a3b2bb8',49,'3a034645a','620a332ad',89640,1835,1654037876,1654037876);
INSERT INTO player_score VALUES('5c0d2d8ce',49,'3a79bafa7','1700d7f64',54150,1661,1653834188,1653834188);
INSERT INTO player_score VALUES('61de4d638',49,'3a79bafa7','1af57e3fd',98118,2050,1653990334,1653990334);
INSERT INTO player_score VALUES('60e9f61ad',49,'3a79bafa7','1e5c796c3',321024,1804,1653964713,1653964713);
INSERT INTO player_score VALUES('51320246b',49,'3a79bafa7','25587879a',1890,1435,1653542771,1653542771);
INSERT INTO player_score VALUES('60483a4b7',49,'3a79bafa7','2ad53b9e1',32000,1854,1653947754,1653947754);
INSERT INTO player_score VALUES('49c4b4dfc',49,'3a79bafa7','2c0bdd1e3',0,1408,1653343405,1653343405);
INSERT INTO player_score VALUES('446355734',49,'3a79bafa7','336e8ac84',178600,1207,1653198977,1653198977);
INSERT INTO player_score VALUES('6363b9c24',49,'3a79bafa7','35aec7df4',298595,1873,1654031168,1654031168);
INSERT INTO player_score VALUES('56bf70fec',49,'3a79bafa7','4abb931b7',67940,1570,1653691819,1653691819);
INSERT INTO player_score VALUES('63a0a0957',49,'3a79bafa7','4dd2b46ae',2668,1878,1654037554,1654037554);
INSERT INTO player_score VALUES('5d2059e4b',49,'3a79bafa7','4f7eea009',414400,1607,1653863042,1653863042);
INSERT INTO player_score VALUES('62ee9ad81',49,'3a79bafa7','4fcdf6ce1',316834,1799,1654018887,1654018887);
INSERT INTO player_score VALUES('5313ba955',49,'3a79bafa7','51a5737fd',173484,1530,1653593283,1653593283);
INSERT INTO player_score VALUES('63c30e11f',49,'3a79bafa7','5daa6c904',122544,1915,1654041164,1654041164);
INSERT INTO player_score VALUES('623000e6d',49,'3a79bafa7','61443c78a',233044,1871,1653998901,1653998901);
INSERT INTO player_score VALUES('63b65efc2',49,'3a79bafa7','620a332ad',152724,1915,1654039834,1654039834);
INSERT INTO player_score VALUES('5a5b0e4e7',49,'3bbb28249','1700d7f64',52635,1613,1653788667,1653788667);
INSERT INTO player_score VALUES('5b5637309',49,'3bbb28249','1af57e3fd',16560,1846,1653815003,1653815003);
INSERT INTO player_score VALUES('5f1f0da23',49,'3bbb28249','1e5c796c3',290304,1756,1653916593,1653916593);
INSERT INTO player_score VALUES('5f51b1842',49,'3bbb28249','25587879a',230175,1841,1653921903,1653921903);
INSERT INTO player_score VALUES('62f023ee4',49,'3bbb28249','2ad53b9e1',390,1949,1654019048,1654019048);
INSERT INTO player_score VALUES('4a9075874',49,'3bbb28249','2c0bdd1e3',29480,1452,1653364770,1653364770);
INSERT INTO player_score VALUES('4643e17ab',49,'3bbb28249','336e8ac84',24024,1331,1653249366,1653249366);
INSERT INTO player_score VALUES('6324c1280',49,'3bbb28249','35aec7df4',14976,1866,1654024565,1654024565);
INSERT INTO player_score VALUES('56089095a',49,'3bbb28249','4abb931b7',1980,1471,1653672643,1653672643);
INSERT INTO player_score VALUES('62f33fd43',49,'3bbb28249','4dd2b46ae',10836,1814,1654019374,1654019374);
INSERT INTO player_score VALUES('5d7cc58fc',49,'3bbb28249','4f7eea009',192444,1644,1653872733,1653872733);
INSERT INTO player_score VALUES('63871b638',49,'3bbb28249','4fcdf6ce1',3600,1862,1654034878,1654034878);
INSERT INTO player_score VALUES('53031da6e',49,'3bbb28249','51a5737fd',330220,1467,1653591541,1653591541);
INSERT INTO player_score VALUES('63c30e120',49,'3bbb28249','5daa6c904',204250,1914,1654041164,1654041164);
INSERT INTO player_score VALUES('62215aeb8',49,'3bbb28249','61443c78a',37023,1762,1653997365,1653997365);
INSERT INTO player_score VALUES('63be22496',49,'3bbb28249','620a332ad',239953,1952,1654040648,1654040648);
INSERT INTO player_score VALUES('6082cd6d4',49,'3be68a173','1af57e3fd',156839,2014,1653953896,1653953896);
INSERT INTO player_score VALUES('51488dc38',49,'3be68a173','1e5c796c3',233682,1385,1653545135,1653545135);
INSERT INTO player_score VALUES('5aa370938',49,'3be68a173','25587879a',46368,1716,1653796257,1653796257);
INSERT INTO player_score VALUES('539304091',49,'3be68a173','2ad53b9e1',72000,1422,1653606630,1653606630);
INSERT INTO player_score VALUES('48fe07111',49,'3be68a173','2c0bdd1e3',21373,1369,1653322572,1653322572);
INSERT INTO player_score VALUES('45fdfed9b',49,'3be68a173','336e8ac84',66990,1311,1653242038,1653242038);
INSERT INTO player_score VALUES('632f8cd23',49,'3be68a173','35aec7df4',32214,1867,1654025697,1654025697);
INSERT INTO player_score VALUES('566c0874d',49,'3be68a173','4abb931b7',2050,1529,1653683073,1653683073);
INSERT INTO player_score VALUES('637be9289',49,'3be68a173','4dd2b46ae',12276,1864,1654033704,1654033704);
INSERT INTO player_score VALUES('5e783a1f7',49,'3be68a173','4f7eea009',45318,1762,1653899100,1653899100);
INSERT INTO player_score VALUES('63b144da2',49,'3be68a173','4fcdf6ce1',42008,1882,1654039299,1654039299);
INSERT INTO player_score VALUES('52fd402e2',49,'3be68a173','51a5737fd',469200,1447,1653590926,1653590926);
INSERT INTO player_score VALUES('63ad7448c',49,'3be68a173','5daa6c904',113960,1882,1654038899,1654038899);
INSERT INTO player_score VALUES('621c9153c',49,'3be68a173','61443c78a',855,1715,1653996863,1653996863);
INSERT INTO player_score VALUES('5ccd5f36d',49,'3ce4e9b8b','1700d7f64',287928,1679,1653854341,1653854341);
INSERT INTO player_score VALUES('61f4613c5',49,'3ce4e9b8b','1af57e3fd',59670,2053,1653992649,1653992649);
INSERT INTO player_score VALUES('635223cf1',49,'3ce4e9b8b','1e5c796c3',136500,1871,1654029324,1654029324);
INSERT INTO player_score VALUES('5a3e329a2',49,'3ce4e9b8b','25587879a',113103,1705,1653785641,1653785641);
INSERT INTO player_score VALUES('5fa6b4314',49,'3ce4e9b8b','2ad53b9e1',92820,1824,1653930817,1653930817);
INSERT INTO player_score VALUES('4975e78b6',49,'3ce4e9b8b','2c0bdd1e3',173995,1393,1653335142,1653335142);
INSERT INTO player_score VALUES('462b92558',49,'3ce4e9b8b','336e8ac84',41895,1325,1653246817,1653246817);
INSERT INTO player_score VALUES('622ca31a7',49,'3ce4e9b8b','35aec7df4',9792,1828,1653998548,1653998548);
INSERT INTO player_score VALUES('57154a8a9',49,'3ce4e9b8b','4abb931b7',37224,1618,1653700821,1653700821);
INSERT INTO player_score VALUES('63136d1c9',49,'3ce4e9b8b','4dd2b46ae',8526,1822,1654022748,1654022748);
INSERT INTO player_score VALUES('5dfcc88df',49,'3ce4e9b8b','4f7eea009',0,1708,1653886156,1653886156);
INSERT INTO player_score VALUES('636226edd',49,'3ce4e9b8b','4fcdf6ce1',47817,1845,1654031003,1654031003);
INSERT INTO player_score VALUES('530ab0230',49,'3ce4e9b8b','51a5737fd',86240,1496,1653592335,1653592335);
INSERT INTO player_score VALUES('622b17989',49,'3ce4e9b8b','61443c78a',161568,1823,1653998386,1653998386);
INSERT INTO player_score VALUES('63bf47469',49,'3ce4e9b8b','620a332ad',143463,1962,1654040768,1654040768);
INSERT INTO player_score VALUES('5d4d58728',49,'3e76a8664','1700d7f64',85728,1692,1653867760,1653867760);
INSERT INTO player_score VALUES('6096f1abf',49,'3e76a8664','1af57e3fd',41078,2015,1653956008,1653956008);
INSERT INTO player_score VALUES('5c2e194d6',49,'3e76a8664','1e5c796c3',6636,1674,1653837640,1653837640);
INSERT INTO player_score VALUES('5f05cf3de',49,'3e76a8664','25587879a',47250,1831,1653913946,1653913946);
INSERT INTO player_score VALUES('628cedfb2',49,'3e76a8664','2ad53b9e1',18850,1937,1654008645,1654008645);
INSERT INTO player_score VALUES('49bb26976',49,'3e76a8664','2c0bdd1e3',29952,1407,1653342403,1653342403);
INSERT INTO player_score VALUES('461844eb2',49,'3e76a8664','336e8ac84',242925,1318,1653244793,1653244793);
INSERT INTO player_score VALUES('571f13698',49,'3e76a8664','4abb931b7',72124,1624,1653701847,1653701847);
INSERT INTO player_score VALUES('62d47bd94',49,'3e76a8664','4dd2b46ae',119016,1802,1654016148,1654016148);
INSERT INTO player_score VALUES('63ae09356',49,'3e76a8664','4fcdf6ce1',38715,1877,1654038960,1654038960);
INSERT INTO player_score VALUES('63b25d9b1',49,'3e76a8664','5daa6c904',35550,1889,1654039414,1654039414);
INSERT INTO player_score VALUES('62208dd41',49,'3e76a8664','61443c78a',6664,1757,1653997281,1653997281);
INSERT INTO player_score VALUES('63c4b6ddc',49,'3e76a8664','620a332ad',46200,1980,1654041338,1654041338);
INSERT INTO player_score VALUES('62e1ff4fc',49,'3ef5c37b6','1af57e3fd',103840,2086,1654017565,1654017565);
INSERT INTO player_score VALUES('63402ea41',49,'3ef5c37b6','1e5c796c3',102912,1868,1654027441,1654027441);
INSERT INTO player_score VALUES('5e8f6ba08',49,'3ef5c37b6','25587879a',2772,1818,1653901532,1653901532);
INSERT INTO player_score VALUES('612475b1e',49,'3ef5c37b6','2ad53b9e1',22800,1887,1653970847,1653970847);
INSERT INTO player_score VALUES('4a963d04e',49,'3ef5c37b6','2c0bdd1e3',110544,1454,1653365376,1653365376);
INSERT INTO player_score VALUES('458b02cfb',49,'3ef5c37b6','336e8ac84',477630,1281,1653229981,1653229981);
INSERT INTO player_score VALUES('56d785892',49,'3ef5c37b6','4abb931b7',19926,1582,1653694344,1653694344);
INSERT INTO player_score VALUES('638fba68c',49,'3ef5c37b6','4dd2b46ae',6144,1870,1654035782,1654035782);
INSERT INTO player_score VALUES('60a6a6abe',49,'3ef5c37b6','4fcdf6ce1',0,1579,1653957655,1653957655);
INSERT INTO player_score VALUES('52b7d5303',49,'3ef5c37b6','51a5737fd',14976,1181,1653583647,1653583647);
INSERT INTO player_score VALUES('6312fcd0c',49,'3ef5c37b6','5daa6c904',109200,1687,1654022702,1654022702);
INSERT INTO player_score VALUES('622fb53c5',49,'3ef5c37b6','61443c78a',23779,1865,1653998870,1653998870);
INSERT INTO player_score VALUES('6389c6f9c',49,'3ef5c37b6','620a332ad',346983,1725,1654035158,1654035158);
INSERT INTO player_score VALUES('5d4a946f5',49,'3f84a981e','1700d7f64',485100,1691,1653867470,1653867470);
INSERT INTO player_score VALUES('624168764',49,'3f84a981e','1af57e3fd',55776,2064,1654000726,1654000726);
INSERT INTO player_score VALUES('6303bf70a',49,'3f84a981e','1e5c796c3',229416,1860,1654021104,1654021104);
INSERT INTO player_score VALUES('58c06c3ee',49,'3f84a981e','25587879a',4290,1652,1653745609,1653745609);
INSERT INTO player_score VALUES('60efc9d1f',49,'3f84a981e','2ad53b9e1',85085,1880,1653965324,1653965324);
INSERT INTO player_score VALUES('485231cfc',49,'3f84a981e','2c0bdd1e3',31104,1335,1653304554,1653304554);
INSERT INTO player_score VALUES('464ead26c',49,'3f84a981e','336e8ac84',276612,1335,1653250498,1653250498);
INSERT INTO player_score VALUES('603076521',49,'3f84a981e','35aec7df4',61200,1751,1653945262,1653945262);
INSERT INTO player_score VALUES('56e52b325',49,'3f84a981e','4abb931b7',181220,1592,1653695775,1653695775);
INSERT INTO player_score VALUES('61769bf77',49,'3f84a981e','4dd2b46ae',269780,1679,1653979461,1653979461);
INSERT INTO player_score VALUES('5cae5e352',49,'3f84a981e','4f7eea009',7592,1560,1653851090,1653851090);
INSERT INTO player_score VALUES('52fcf20f4',49,'3f84a981e','51a5737fd',164424,1445,1653590894,1653590894);
INSERT INTO player_score VALUES('6351ff32a',49,'3f84a981e','5daa6c904',14960,1761,1654029309,1654029309);
INSERT INTO player_score VALUES('621929bf1',49,'3f84a981e','61443c78a',6080,1689,1653996506,1653996506);
INSERT INTO player_score VALUES('63885b35c',49,'3f84a981e','620a332ad',408639,1718,1654035009,1654035009);
INSERT INTO player_score VALUES('5b4121399',49,'40b5aa90d','1700d7f64',12672,1644,1653812792,1653812792);
INSERT INTO player_score VALUES('5dbe67528',49,'40b5aa90d','1af57e3fd',8584,1938,1653879615,1653879615);
INSERT INTO player_score VALUES('6035c3bcc',49,'40b5aa90d','1e5c796c3',31536,1791,1653945818,1653945818);
INSERT INTO player_score VALUES('594fd13b1',49,'40b5aa90d','25587879a',17064,1671,1653760645,1653760645);
INSERT INTO player_score VALUES('631cbe61a',49,'40b5aa90d','2ad53b9e1',82350,1956,1654023725,1654023725);
INSERT INTO player_score VALUES('4a14717b9',49,'40b5aa90d','2c0bdd1e3',218595,1426,1653351766,1653351766);
INSERT INTO player_score VALUES('45ee22cc1',49,'40b5aa90d','336e8ac84',348524,1305,1653240375,1653240375);
INSERT INTO player_score VALUES('59ebef0a7',49,'40b5aa90d','35aec7df4',18870,1494,1653777015,1653777015);
INSERT INTO player_score VALUES('56efa8bed',49,'40b5aa90d','4abb931b7',1260,1597,1653696875,1653696875);
INSERT INTO player_score VALUES('5db75b1cb',49,'40b5aa90d','4f7eea009',3600,1671,1653878876,1653878876);
INSERT INTO player_score VALUES('637384bb2',49,'40b5aa90d','4fcdf6ce1',2860,1853,1654032824,1654032824);
INSERT INTO player_score VALUES('531657896',49,'40b5aa90d','51a5737fd',2720,1537,1653593557,1653593557);
INSERT INTO player_score VALUES('63b7c0fd7',49,'40b5aa90d','5daa6c904',401580,1897,1654039979,1654039979);
INSERT INTO player_score VALUES('63c12358d',49,'40b5aa90d','620a332ad',48160,1964,1654040963,1654040963);
INSERT INTO player_score VALUES('5cc334ad1',49,'4123878ed','1700d7f64',413952,1678,1653853275,1653853275);
INSERT INTO player_score VALUES('634bd878b',49,'4123878ed','1af57e3fd',227853,2095,1654028664,1654028664);
INSERT INTO player_score VALUES('61ba4831b',49,'4123878ed','1e5c796c3',180000,1827,1653986557,1653986557);
INSERT INTO player_score VALUES('56871b9c4',49,'4123878ed','25587879a',220500,1587,1653685912,1653685912);
INSERT INTO player_score VALUES('625c19f71',49,'4123878ed','2ad53b9e1',256608,1931,1654003525,1654003525);
INSERT INTO player_score VALUES('4aa2b17d5',49,'4123878ed','2c0bdd1e3',131196,1457,1653366682,1653366682);
INSERT INTO player_score VALUES('4599b2934',49,'4123878ed','336e8ac84',259072,1285,1653231521,1653231521);
INSERT INTO player_score VALUES('5f2416b23',49,'4123878ed','35aec7df4',78624,1718,1653917121,1653917121);
INSERT INTO player_score VALUES('562ae3368',49,'4123878ed','4abb931b7',115444,1487,1653676242,1653676242);
INSERT INTO player_score VALUES('62e324460',49,'4123878ed','4dd2b46ae',22800,1807,1654017685,1654017685);
INSERT INTO player_score VALUES('5e6ed7c89',49,'4123878ed','4f7eea009',148896,1756,1653898116,1653898116);
INSERT INTO player_score VALUES('5f669b82a',49,'4123878ed','4fcdf6ce1',10556,1471,1653924096,1653924096);
INSERT INTO player_score VALUES('5308810b1',49,'4123878ed','51a5737fd',536796,1490,1653592106,1653592106);
INSERT INTO player_score VALUES('63987b9ef',49,'4123878ed','5daa6c904',891800,1856,1654036700,1654036700);
INSERT INTO player_score VALUES('63c20b496',49,'4123878ed','620a332ad',276816,1969,1654041058,1654041058);
INSERT INTO player_score VALUES('592b80586',49,'41b90befc','1700d7f64',12320,1581,1653756837,1653756837);
INSERT INTO player_score VALUES('5df7f7a8c',49,'41b90befc','1af57e3fd',147928,1948,1653885651,1653885651);
INSERT INTO player_score VALUES('62fb11c38',49,'41b90befc','1e5c796c3',3564,1858,1654020194,1654020194);
INSERT INTO player_score VALUES('5ae8554c2',49,'41b90befc','25587879a',59496,1723,1653803481,1653803481);
INSERT INTO player_score VALUES('626ee5fc6',49,'41b90befc','2ad53b9e1',11220,1933,1654005496,1654005496);
INSERT INTO player_score VALUES('4a666478d',49,'41b90befc','2c0bdd1e3',36190,1445,1653360359,1653360359);
INSERT INTO player_score VALUES('4422c2b22',49,'41b90befc','336e8ac84',51072,1191,1653192206,1653192206);
INSERT INTO player_score VALUES('6036eb24a',49,'41b90befc','35aec7df4',618450,1754,1653945939,1653945939);
INSERT INTO player_score VALUES('563a7fc92',49,'41b90befc','4abb931b7',92092,1498,1653677879,1653677879);
INSERT INTO player_score VALUES('62b0bfe38',49,'41b90befc','4dd2b46ae',249075,1787,1654012401,1654012401);
INSERT INTO player_score VALUES('63be929ad',49,'41b90befc','4fcdf6ce1',7812,1890,1654040694,1654040694);
INSERT INTO player_score VALUES('531305ec3',49,'41b90befc','51a5737fd',72210,1529,1653593209,1653593209);
INSERT INTO player_score VALUES('6223089ab',49,'41b90befc','61443c78a',41382,1771,1653997541,1653997541);
INSERT INTO player_score VALUES('63b8f70c9',49,'41b90befc','620a332ad',32760,1931,1654040106,1654040106);
INSERT INTO player_score VALUES('61bde5793',49,'42472751a','1af57e3fd',493120,2049,1653986936,1653986936);
INSERT INTO player_score VALUES('638ef71ba',49,'42472751a','1e5c796c3',150500,1880,1654035702,1654035702);
INSERT INTO player_score VALUES('5573c3558',49,'42472751a','25587879a',126852,1549,1653657040,1653657040);
INSERT INTO player_score VALUES('5fc82ffc4',49,'42472751a','2ad53b9e1',21056,1830,1653934328,1653934328);
INSERT INTO player_score VALUES('497ec60b6',49,'42472751a','2c0bdd1e3',76532,1395,1653336072,1653336072);
INSERT INTO player_score VALUES('5a133e818',49,'42472751a','35aec7df4',317016,1501,1653781137,1653781137);
INSERT INTO player_score VALUES('571e46531',49,'42472751a','4abb931b7',2700,1622,1653701763,1653701763);
INSERT INTO player_score VALUES('639a3a694',49,'42472751a','4dd2b46ae',72072,1873,1654036883,1654036883);
INSERT INTO player_score VALUES('5de903885',49,'42472751a','4f7eea009',10560,1700,1653884083,1653884083);
INSERT INTO player_score VALUES('62bca4536',49,'42472751a','4fcdf6ce1',95450,1782,1654013648,1654013648);
INSERT INTO player_score VALUES('5306b12c4',49,'42472751a','51a5737fd',0,1480,1653591916,1653591916);
INSERT INTO player_score VALUES('63603ea84',49,'42472751a','5daa6c904',149184,1781,1654030803,1654030803);
INSERT INTO player_score VALUES('621dc4f2e',49,'42472751a','61443c78a',30450,1729,1653996989,1653996989);
INSERT INTO player_score VALUES('6380a8fd0',49,'42472751a','620a332ad',183744,1682,1654034202,1654034202);
INSERT INTO player_score VALUES('5c7cdcdd4',49,'4250bf607','1700d7f64',26752,1673,1653845899,1653845899);
INSERT INTO player_score VALUES('63ade977c',49,'4250bf607','1af57e3fd',35721,2114,1654038947,1654038947);
INSERT INTO player_score VALUES('5ee34475e',49,'4250bf607','25587879a',315810,1827,1653910324,1653910324);
INSERT INTO player_score VALUES('486e7b058',49,'4250bf607','2c0bdd1e3',304200,1340,1653307520,1653307520);
INSERT INTO player_score VALUES('446edf90b',49,'4250bf607','336e8ac84',249690,1211,1653200187,1653200187);
INSERT INTO player_score VALUES('609bd61a4',49,'4250bf607','35aec7df4',0,1774,1653956521,1653956521);
INSERT INTO player_score VALUES('5718fb5dd',49,'4250bf607','4abb931b7',49280,1621,1653701208,1653701208);
INSERT INTO player_score VALUES('63b908258',49,'4250bf607','4dd2b46ae',169128,1889,1654040113,1654040113);
INSERT INTO player_score VALUES('5d3adf749',49,'4250bf607','4f7eea009',40128,1614,1653865823,1653865823);
INSERT INTO player_score VALUES('6315ea568',49,'4250bf607','4fcdf6ce1',11600,1820,1654023009,1654023009);
INSERT INTO player_score VALUES('52f7197d0',49,'4250bf607','51a5737fd',22344,1421,1653590281,1653590281);
INSERT INTO player_score VALUES('62eed7e14',49,'4250bf607','5daa6c904',3009,1648,1654018912,1654018912);
INSERT INTO player_score VALUES('621f024f4',49,'4250bf607','61443c78a',548800,1738,1653997119,1653997119);
INSERT INTO player_score VALUES('639a0721e',49,'4250bf607','620a332ad',18612,1802,1654036862,1654036862);
INSERT INTO player_score VALUES('5e1233f78',49,'42b02736c','1700d7f64',379960,1704,1653888402,1653888402);
INSERT INTO player_score VALUES('627056a07',49,'42b02736c','1af57e3fd',621600,2072,1654005647,1654005647);
INSERT INTO player_score VALUES('5f6405e5b',49,'42b02736c','1e5c796c3',22737,1766,1653923825,1653923825);
INSERT INTO player_score VALUES('5e66bf041',49,'42b02736c','25587879a',6528,1815,1653897267,1653897267);
INSERT INTO player_score VALUES('609cb1d57',49,'42b02736c','2ad53b9e1',281880,1869,1653956611,1653956611);
INSERT INTO player_score VALUES('3f84f5302',49,'42b02736c','2c0bdd1e3',133152,905,1653068285,1653068285);
INSERT INTO player_score VALUES('438c5183b',49,'42b02736c','336e8ac84',96600,1147,1653176431,1653176431);
INSERT INTO player_score VALUES('5eabb4d5b',49,'42b02736c','35aec7df4',242352,1702,1653904498,1653904498);
INSERT INTO player_score VALUES('56655b7a9',49,'42b02736c','4abb931b7',118320,1526,1653682373,1653682373);
INSERT INTO player_score VALUES('639b09eb3',49,'42b02736c','4dd2b46ae',293522,1875,1654036968,1654036968);
INSERT INTO player_score VALUES('5e4b16f54',49,'42b02736c','4f7eea009',14664,1742,1653894367,1653894367);
INSERT INTO player_score VALUES('62fde6e13',49,'42b02736c','4fcdf6ce1',60000,1811,1654020491,1654020491);
INSERT INTO player_score VALUES('53103345a',49,'42b02736c','51a5737fd',43824,1520,1653592913,1653592913);
INSERT INTO player_score VALUES('637c2d89d',49,'42b02736c','5daa6c904',151585,1818,1654033732,1654033732);
INSERT INTO player_score VALUES('6227a8af1',49,'42b02736c','61443c78a',161184,1798,1653998026,1653998026);
INSERT INTO player_score VALUES('63b3a733f',49,'42b02736c','620a332ad',41391,1904,1654039549,1654039549);
INSERT INTO player_score VALUES('5d4e31bcc',49,'42c998e13','1700d7f64',99840,1693,1653867849,1653867849);
INSERT INTO player_score VALUES('6398e4991',49,'42c998e13','1af57e3fd',51408,2110,1654036743,1654036743);
INSERT INTO player_score VALUES('5cd1baf1d',49,'42c998e13','25587879a',78408,1773,1653854798,1653854798);
INSERT INTO player_score VALUES('6231d0c69',49,'42c998e13','2ad53b9e1',158080,1923,1653999091,1653999091);
INSERT INTO player_score VALUES('4a5b435a3',49,'42c998e13','2c0bdd1e3',320960,1443,1653359192,1653359192);
INSERT INTO player_score VALUES('60ed00ea5',49,'42c998e13','35aec7df4',3136,1787,1653965032,1653965032);
INSERT INTO player_score VALUES('636944358',49,'42c998e13','4dd2b46ae',63591,1854,1654031749,1654031749);
INSERT INTO player_score VALUES('5dcdf05e1',49,'42c998e13','4f7eea009',406560,1683,1653881244,1653881244);
INSERT INTO player_score VALUES('631248271',49,'42c998e13','4fcdf6ce1',5100,1819,1654022628,1654022628);
INSERT INTO player_score VALUES('5316c7d3f',49,'42c998e13','51a5737fd',12350,1543,1653593603,1653593603);
INSERT INTO player_score VALUES('62301e334',49,'42c998e13','61443c78a',9460,1873,1653998913,1653998913);
INSERT INTO player_score VALUES('63bc9938c',49,'42c998e13','620a332ad',1014,1947,1654040487,1654040487);
INSERT INTO player_score VALUES('467392f20',49,'432956272','1700d7f64',9570,1161,1653254367,1653254367);
INSERT INTO player_score VALUES('5e65e34b8',49,'432956272','1af57e3fd',18330,1958,1653897177,1653897177);
INSERT INTO player_score VALUES('5d25c97eb',49,'432956272','25587879a',314588,1785,1653863612,1653863612);
INSERT INTO player_score VALUES('625951114',49,'432956272','2ad53b9e1',22908,1929,1654003233,1654003233);
INSERT INTO player_score VALUES('4ae2f1411',49,'432956272','2c0bdd1e3',708876,1465,1653373419,1653373419);
INSERT INTO player_score VALUES('45f24dad9',49,'432956272','336e8ac84',5520,1306,1653240812,1653240812);
INSERT INTO player_score VALUES('5717e024c',49,'432956272','4abb931b7',18900,1620,1653701092,1653701092);
INSERT INTO player_score VALUES('63a059c77',49,'432956272','4dd2b46ae',159600,1877,1654037525,1654037525);
INSERT INTO player_score VALUES('5eb126e0d',49,'432956272','4f7eea009',167018,1780,1653905069,1653905069);
INSERT INTO player_score VALUES('6393bbd08',49,'432956272','4fcdf6ce1',7020,1869,1654036202,1654036202);
INSERT INTO player_score VALUES('52ed88c15',49,'432956272','51a5737fd',280872,1398,1653589278,1653589278);
INSERT INTO player_score VALUES('63aae5faa',49,'432956272','5daa6c904',101244,1877,1654038631,1654038631);
INSERT INTO player_score VALUES('622f0cc2d',49,'432956272','61443c78a',266112,1856,1653998801,1653998801);
INSERT INTO player_score VALUES('63c317d5c',49,'432956272','620a332ad',109620,1971,1654041168,1654041168);
INSERT INTO player_score VALUES('59d23b763',49,'435caeafa','1af57e3fd',440,1804,1653774320,1653774320);
INSERT INTO player_score VALUES('63b668c50',49,'435caeafa','1e5c796c3',98455,1884,1654039838,1654039838);
INSERT INTO player_score VALUES('5b79769ed',49,'435caeafa','25587879a',295740,1738,1653818699,1653818699);
INSERT INTO player_score VALUES('60cc76d5d',49,'435caeafa','2ad53b9e1',17160,1877,1653961620,1653961620);
INSERT INTO player_score VALUES('499ef0e95',49,'435caeafa','2c0bdd1e3',19470,1403,1653339445,1653339445);
INSERT INTO player_score VALUES('42e5791bf',49,'435caeafa','336e8ac84',4669,1093,1653158936,1653158936);
INSERT INTO player_score VALUES('62dbb18d6',49,'435caeafa','35aec7df4',16380,1854,1654016904,1654016904);
INSERT INTO player_score VALUES('63c72cc20',49,'435caeafa','4dd2b46ae',133893,1894,1654041596,1654041596);
INSERT INTO player_score VALUES('63707ecf3',49,'435caeafa','4fcdf6ce1',0,1850,1654032507,1654032507);
INSERT INTO player_score VALUES('5317be68b',49,'435caeafa','51a5737fd',99264,1546,1653593704,1653593704);
INSERT INTO player_score VALUES('623156b72',49,'435caeafa','61443c78a',0,1881,1653999041,1653999041);
INSERT INTO player_score VALUES('63a440527',49,'435caeafa','620a332ad',46440,1838,1654037934,1654037934);
INSERT INTO player_score VALUES('58ee7c3bd',49,'441e006c8','1700d7f64',28006,1577,1653750439,1653750439);
INSERT INTO player_score VALUES('61a0f3cf5',49,'441e006c8','1e5c796c3',312340,1823,1653983901,1653983901);
INSERT INTO player_score VALUES('5c5f2f333',49,'441e006c8','25587879a',99360,1765,1653842787,1653842787);
INSERT INTO player_score VALUES('4af7576b6',49,'441e006c8','2c0bdd1e3',192850,1470,1653375558,1653375558);
INSERT INTO player_score VALUES('45a9a70f3',49,'441e006c8','336e8ac84',9200,1289,1653233194,1653233194);
INSERT INTO player_score VALUES('63162eae5',49,'441e006c8','35aec7df4',35000,1863,1654023037,1654023037);
INSERT INTO player_score VALUES('560d77761',49,'441e006c8','4abb931b7',74358,1475,1653673157,1653673157);
INSERT INTO player_score VALUES('5ebf97282',49,'441e006c8','4f7eea009',20010,1789,1653906583,1653906583);
INSERT INTO player_score VALUES('530ab505f',49,'441e006c8','51a5737fd',0,1497,1653592337,1653592337);
INSERT INTO player_score VALUES('63985700b',49,'441e006c8','5daa6c904',152320,1855,1654036685,1654036685);
INSERT INTO player_score VALUES('63b802e83',49,'441e006c8','620a332ad',185808,1923,1654040006,1654040006);
INSERT INTO player_score VALUES('5acb96e90',49,'44ddc6ab6','1700d7f64',139449,1631,1653800467,1653800467);
INSERT INTO player_score VALUES('62e0dcc81',49,'44ddc6ab6','1af57e3fd',322056,2085,1654017446,1654017446);
INSERT INTO player_score VALUES('630e8b214',49,'44ddc6ab6','1e5c796c3',84,1862,1654022236,1654022236);
INSERT INTO player_score VALUES('5f56e6829',49,'44ddc6ab6','25587879a',28812,1842,1653922449,1653922449);
INSERT INTO player_score VALUES('63ac9b016',49,'44ddc6ab6','2ad53b9e1',613536,1971,1654038810,1654038810);
INSERT INTO player_score VALUES('49d2e5b22',49,'44ddc6ab6','2c0bdd1e3',69700,1413,1653344893,1653344893);
INSERT INTO player_score VALUES('4627fc5b6',49,'44ddc6ab6','336e8ac84',391644,1323,1653246441,1653246441);
INSERT INTO player_score VALUES('6383aeea2',49,'44ddc6ab6','35aec7df4',455400,1878,1654034519,1654034519);
INSERT INTO player_score VALUES('55da85772',49,'44ddc6ab6','4abb931b7',5712,1443,1653667815,1653667815);
INSERT INTO player_score VALUES('63742fa41',49,'44ddc6ab6','4dd2b46ae',93670,1858,1654032894,1654032894);
INSERT INTO player_score VALUES('5dfeede05',49,'44ddc6ab6','4f7eea009',18700,1710,1653886381,1653886381);
INSERT INTO player_score VALUES('6392611cf',49,'44ddc6ab6','4fcdf6ce1',14924,1867,1654036060,1654036060);
INSERT INTO player_score VALUES('621d91aa2',49,'44ddc6ab6','61443c78a',13024,1727,1653996968,1653996968);
INSERT INTO player_score VALUES('63bdfb3c6',49,'44ddc6ab6','620a332ad',55352,1950,1654040632,1654040632);
INSERT INTO player_score VALUES('5caf15528',49,'44e227432','1700d7f64',405306,1675,1653851165,1653851165);
INSERT INTO player_score VALUES('5fc447017',49,'44e227432','1af57e3fd',260924,1994,1653933918,1653933918);
INSERT INTO player_score VALUES('62d480bc2',49,'44e227432','1e5c796c3',10400,1853,1654016150,1654016150);
INSERT INTO player_score VALUES('5ecc3ee76',49,'44e227432','25587879a',8580,1825,1653907910,1653907910);
INSERT INTO player_score VALUES('6239633ef',49,'44e227432','2ad53b9e1',15604,1925,1653999885,1653999885);
INSERT INTO player_score VALUES('4a7c5fea9',49,'44e227432','2c0bdd1e3',395928,1449,1653362664,1653362664);
INSERT INTO player_score VALUES('4579a5043',49,'44e227432','336e8ac84',39780,1277,1653228160,1653228160);
INSERT INTO player_score VALUES('627f82e76',49,'44e227432','35aec7df4',332424,1843,1654007238,1654007238);
INSERT INTO player_score VALUES('56fe169a4',49,'44e227432','4abb931b7',332880,1604,1653698388,1653698388);
INSERT INTO player_score VALUES('60f272f48',49,'44e227432','4dd2b46ae',55936,1629,1653965603,1653965603);
INSERT INTO player_score VALUES('5eb7f398f',49,'44e227432','4f7eea009',6612,1784,1653905782,1653905782);
INSERT INTO player_score VALUES('6316b9d81',49,'44e227432','4fcdf6ce1',544272,1822,1654023094,1654023094);
INSERT INTO player_score VALUES('53179c3db',49,'44e227432','51a5737fd',487983,1545,1653593690,1653593690);
INSERT INTO player_score VALUES('635b83b60',49,'44e227432','5daa6c904',92340,1773,1654030307,1654030307);
INSERT INTO player_score VALUES('622fc8bf7',49,'44e227432','61443c78a',86526,1867,1653998878,1653998878);
INSERT INTO player_score VALUES('63795d535',49,'44e227432','620a332ad',7072,1644,1654033437,1654033437);
INSERT INTO player_score VALUES('5a634e1d0',49,'454137391','1700d7f64',126825,1614,1653789532,1653789532);
INSERT INTO player_score VALUES('55fbbce6e',49,'454137391','1af57e3fd',1584,1678,1653671298,1653671298);
INSERT INTO player_score VALUES('628d76b10',49,'454137391','1e5c796c3',133824,1843,1654008701,1654008701);
INSERT INTO player_score VALUES('5bfc0ccae',49,'454137391','25587879a',15360,1754,1653832392,1653832392);
INSERT INTO player_score VALUES('606234afa',49,'454137391','2ad53b9e1',227700,1859,1653950478,1653950478);
INSERT INTO player_score VALUES('4a7b0a1cd',49,'454137391','2c0bdd1e3',7125,1447,1653362524,1653362524);
INSERT INTO player_score VALUES('45b4556e4',49,'454137391','336e8ac84',123200,1292,1653234314,1653234314);
INSERT INTO player_score VALUES('616866438',49,'454137391','35aec7df4',10920,1798,1653977971,1653977971);
INSERT INTO player_score VALUES('56dfd6762',49,'454137391','4abb931b7',361284,1589,1653695216,1653695216);
INSERT INTO player_score VALUES('61ed26a85',49,'454137391','4dd2b46ae',51975,1715,1653991891,1653991891);
INSERT INTO player_score VALUES('5ebbf28d3',49,'454137391','4f7eea009',83916,1787,1653906201,1653906201);
INSERT INTO player_score VALUES('638758690',49,'454137391','4fcdf6ce1',83520,1863,1654034903,1654034903);
INSERT INTO player_score VALUES('52f50f07f',49,'454137391','51a5737fd',97565,1416,1653590067,1653590067);
INSERT INTO player_score VALUES('6396564c6',49,'454137391','5daa6c904',2100,1853,1654036475,1654036475);
INSERT INTO player_score VALUES('622bf0dfa',49,'454137391','61443c78a',265608,1830,1653998475,1653998475);
INSERT INTO player_score VALUES('63a02dd4c',49,'454137391','620a332ad',84180,1818,1654037507,1654037507);
INSERT INTO player_score VALUES('612028a04',49,'4765681f4','1af57e3fd',13090,2031,1653970396,1653970396);
INSERT INTO player_score VALUES('63437dd17',49,'4765681f4','1e5c796c3',238210,1869,1654027788,1654027788);
INSERT INTO player_score VALUES('5949b9284',49,'4765681f4','25587879a',3968,1668,1653760006,1653760006);
INSERT INTO player_score VALUES('627b04ffa',49,'4765681f4','2ad53b9e1',85360,1935,1654006767,1654006767);
INSERT INTO player_score VALUES('492464d52',49,'4765681f4','2c0bdd1e3',20400,1375,1653326595,1653326595);
INSERT INTO player_score VALUES('62211de04',49,'4765681f4','35aec7df4',3312,1825,1653997340,1653997340);
INSERT INTO player_score VALUES('570dba7d4',49,'4765681f4','4abb931b7',18032,1614,1653700028,1653700028);
INSERT INTO player_score VALUES('637d1f3bd',49,'4765681f4','4dd2b46ae',88200,1865,1654033831,1654033831);
INSERT INTO player_score VALUES('5e74a6999',49,'4765681f4','4f7eea009',71424,1758,1653898725,1653898725);
INSERT INTO player_score VALUES('63651bc29',49,'4765681f4','4fcdf6ce1',1775,1847,1654031313,1654031313);
INSERT INTO player_score VALUES('530ad251a',49,'4765681f4','51a5737fd',249275,1498,1653592349,1653592349);
INSERT INTO player_score VALUES('634958d4d',49,'4765681f4','5daa6c904',369350,1751,1654028402,1654028402);
INSERT INTO player_score VALUES('622d7ed16',49,'4765681f4','61443c78a',307762,1840,1653998638,1653998638);
INSERT INTO player_score VALUES('63aff65e8',49,'4765681f4','620a332ad',292320,1881,1654039162,1654039162);
INSERT INTO player_score VALUES('5b87d3611',49,'47b0bf3dc','1700d7f64',9212,1649,1653820205,1653820205);
INSERT INTO player_score VALUES('623572f54',49,'47b0bf3dc','1af57e3fd',4080,2062,1653999472,1653999472);
INSERT INTO player_score VALUES('5f6ebe08b',49,'47b0bf3dc','25587879a',95325,1848,1653924949,1653924949);
INSERT INTO player_score VALUES('62efc4b75',49,'47b0bf3dc','2ad53b9e1',273000,1948,1654019009,1654019009);
INSERT INTO player_score VALUES('4a85594b0',49,'47b0bf3dc','2c0bdd1e3',1800,1450,1653363605,1653363605);
INSERT INTO player_score VALUES('614b7becf',49,'47b0bf3dc','35aec7df4',47520,1796,1653974939,1653974939);
INSERT INTO player_score VALUES('6309c3f8a',49,'47b0bf3dc','4dd2b46ae',253184,1819,1654021735,1654021735);
INSERT INTO player_score VALUES('5e82698c7',49,'47b0bf3dc','4f7eea009',83839,1766,1653900168,1653900168);
INSERT INTO player_score VALUES('6370c3295',49,'47b0bf3dc','4fcdf6ce1',13000,1851,1654032535,1654032535);
INSERT INTO player_score VALUES('5312c8e41',49,'47b0bf3dc','51a5737fd',178068,1527,1653593184,1653593184);
INSERT INTO player_score VALUES('6331de197',49,'47b0bf3dc','5daa6c904',123046,1722,1654025940,1654025940);
INSERT INTO player_score VALUES('621f57c84',49,'47b0bf3dc','61443c78a',102060,1743,1653997154,1653997154);
INSERT INTO player_score VALUES('63c3574cf',49,'47b0bf3dc','620a332ad',325680,1974,1654041194,1654041194);
INSERT INTO player_score VALUES('5b97ddd4b',49,'47d78fc54','1700d7f64',487080,1651,1653821887,1653821887);
INSERT INTO player_score VALUES('5eb1cce26',49,'47d78fc54','1af57e3fd',500905,1965,1653905137,1653905137);
INSERT INTO player_score VALUES('597fd341e',49,'47d78fc54','1e5c796c3',278382,1618,1653765679,1653765679);
INSERT INTO player_score VALUES('609b0b779',49,'47d78fc54','2ad53b9e1',141000,1868,1653956438,1653956438);
INSERT INTO player_score VALUES('49d23fac5',49,'47d78fc54','2c0bdd1e3',546480,1412,1653344825,1653344825);
INSERT INTO player_score VALUES('637f55a57',49,'47d78fc54','35aec7df4',1632,1877,1654034063,1654034063);
INSERT INTO player_score VALUES('55214eeed',49,'47d78fc54','4abb931b7',3920,1357,1653648394,1653648394);
INSERT INTO player_score VALUES('6234e2e79',49,'47d78fc54','4dd2b46ae',855000,1738,1653999413,1653999413);
INSERT INTO player_score VALUES('5ebcc9643',49,'47d78fc54','4f7eea009',358986,1788,1653906289,1653906289);
INSERT INTO player_score VALUES('620dd556f',49,'47d78fc54','4fcdf6ce1',9900,1715,1653995318,1653995318);
INSERT INTO player_score VALUES('52e5aa98b',49,'47d78fc54','51a5737fd',8840,1367,1653588453,1653588453);
INSERT INTO player_score VALUES('63c09d10d',49,'47d78fc54','5daa6c904',18240,1909,1654040908,1654040908);
INSERT INTO player_score VALUES('621f72a30',49,'47d78fc54','61443c78a',68640,1744,1653997165,1653997165);
INSERT INTO player_score VALUES('63c4fb37d',49,'47d78fc54','620a332ad',18768,1981,1654041366,1654041366);
INSERT INTO player_score VALUES('5dd2e3781',49,'48db79d5b','1700d7f64',46410,1701,1653881763,1653881763);
INSERT INTO player_score VALUES('5b8a864d8',49,'48db79d5b','1af57e3fd',632960,1852,1653820488,1653820488);
INSERT INTO player_score VALUES('50ca9effc',49,'48db79d5b','1e5c796c3',141404,1369,1653531930,1653531930);
INSERT INTO player_score VALUES('5ea461d5e',49,'48db79d5b','25587879a',98358,1822,1653903730,1653903730);
INSERT INTO player_score VALUES('63a3f7176',49,'48db79d5b','2ad53b9e1',18900,1969,1654037904,1654037904);
INSERT INTO player_score VALUES('4ac657752',49,'48db79d5b','2c0bdd1e3',366795,1463,1653370420,1653370420);
INSERT INTO player_score VALUES('5fc160d3f',49,'48db79d5b','35aec7df4',107892,1740,1653933614,1653933614);
INSERT INTO player_score VALUES('565210807',49,'48db79d5b','4abb931b7',21120,1516,1653680350,1653680350);
INSERT INTO player_score VALUES('5ea098982',49,'48db79d5b','4f7eea009',0,1777,1653903333,1653903333);
INSERT INTO player_score VALUES('63c71456c',49,'48db79d5b','4fcdf6ce1',4752,1894,1654041586,1654041586);
INSERT INTO player_score VALUES('5316614b7',49,'48db79d5b','51a5737fd',260680,1538,1653593561,1653593561);
INSERT INTO player_score VALUES('63ada51d1',49,'48db79d5b','5daa6c904',1860,1883,1654038919,1654038919);
INSERT INTO player_score VALUES('621b19599',49,'48db79d5b','61443c78a',224775,1701,1653996709,1653996709);
INSERT INTO player_score VALUES('63bb484fa',49,'48db79d5b','620a332ad',157320,1944,1654040349,1654040349);
INSERT INTO player_score VALUES('5a93f3b98',49,'49abf56b3','1700d7f64',161950,1620,1653794633,1653794633);
INSERT INTO player_score VALUES('63886768b',49,'49abf56b3','1af57e3fd',35673,2108,1654035014,1654035014);
INSERT INTO player_score VALUES('5f6841e14',49,'49abf56b3','1e5c796c3',12000,1767,1653924269,1653924269);
INSERT INTO player_score VALUES('520f9103f',49,'49abf56b3','25587879a',34000,1463,1653566003,1653566003);
INSERT INTO player_score VALUES('624fc53b9',49,'49abf56b3','2ad53b9e1',98280,1928,1654002232,1654002232);
INSERT INTO player_score VALUES('492519812',49,'49abf56b3','2c0bdd1e3',2640,1376,1653326669,1653326669);
INSERT INTO player_score VALUES('6083c190e',49,'49abf56b3','35aec7df4',74800,1769,1653953996,1653953996);
INSERT INTO player_score VALUES('567afc927',49,'49abf56b3','4abb931b7',6450,1535,1653684641,1653684641);
INSERT INTO player_score VALUES('63c11241e',49,'49abf56b3','4dd2b46ae',266112,1893,1654040956,1654040956);
INSERT INTO player_score VALUES('5ec03f9df',49,'49abf56b3','4f7eea009',3432,1791,1653906652,1653906652);
INSERT INTO player_score VALUES('5f6774cc8',49,'49abf56b3','4fcdf6ce1',275968,1472,1653924185,1653924185);
INSERT INTO player_score VALUES('531844b26',49,'49abf56b3','51a5737fd',75164,1549,1653593759,1653593759);
INSERT INTO player_score VALUES('63322ea89',49,'49abf56b3','5daa6c904',32214,1724,1654025973,1654025973);
INSERT INTO player_score VALUES('622b60d10',49,'49abf56b3','61443c78a',242112,1825,1653998416,1653998416);
INSERT INTO player_score VALUES('6397a73a2',49,'49abf56b3','620a332ad',178080,1789,1654036613,1654036613);
INSERT INTO player_score VALUES('5e0ff3cc0',49,'4ac67e881','1700d7f64',257152,1703,1653888166,1653888166);
INSERT INTO player_score VALUES('6274f447c',49,'4ac67e881','1af57e3fd',198400,2073,1654006131,1654006131);
INSERT INTO player_score VALUES('59ab21ac8',49,'4ac67e881','25587879a',47652,1686,1653770220,1653770220);
INSERT INTO player_score VALUES('634ad81fc',49,'4ac67e881','2ad53b9e1',93744,1962,1654028559,1654028559);
INSERT INTO player_score VALUES('4ab9ef305',49,'4ac67e881','2c0bdd1e3',84854,1460,1653369119,1653369119);
INSERT INTO player_score VALUES('617205a52',49,'4ac67e881','35aec7df4',27918,1799,1653978980,1653978980);
INSERT INTO player_score VALUES('5705f72f0',49,'4ac67e881','4abb931b7',583358,1612,1653699214,1653699214);
INSERT INTO player_score VALUES('62cba9899',49,'4ac67e881','4dd2b46ae',76328,1798,1654015223,1654015223);
INSERT INTO player_score VALUES('5da9f9d23',49,'4ac67e881','4f7eea009',37700,1665,1653877473,1653877473);
INSERT INTO player_score VALUES('6340c8708',49,'4ac67e881','4fcdf6ce1',51216,1830,1654027504,1654027504);
INSERT INTO player_score VALUES('53064aa3a',49,'4ac67e881','51a5737fd',13536,1478,1653591874,1653591874);
INSERT INTO player_score VALUES('633a0f442',49,'4ac67e881','5daa6c904',288093,1730,1654026799,1654026799);
INSERT INTO player_score VALUES('63c245e11',49,'4ac67e881','620a332ad',0,1970,1654041082,1654041082);
INSERT INTO player_score VALUES('5c1e13b93',49,'4b2de6af5','1700d7f64',93600,1663,1653835960,1653835960);
INSERT INTO player_score VALUES('5fd86b41e',49,'4b2de6af5','1af57e3fd',87318,1998,1653936030,1653936030);
INSERT INTO player_score VALUES('5e2dd9975',49,'4b2de6af5','1e5c796c3',547008,1718,1653891301,1653891301);
INSERT INTO player_score VALUES('5f2edb0ca',49,'4b2de6af5','25587879a',125460,1839,1653918250,1653918250);
INSERT INTO player_score VALUES('62b17bde5',49,'4b2de6af5','2ad53b9e1',6264,1943,1654012478,1654012478);
INSERT INTO player_score VALUES('61a519d62',49,'4b2de6af5','35aec7df4',68904,1808,1653984336,1653984336);
INSERT INTO player_score VALUES('56ff2cebf',49,'4b2de6af5','4abb931b7',86184,1605,1653698502,1653698502);
INSERT INTO player_score VALUES('62bffad29',49,'4b2de6af5','4dd2b46ae',28050,1794,1654013998,1654013998);
INSERT INTO player_score VALUES('5dd2843fc',49,'4b2de6af5','4f7eea009',495,1690,1653881724,1653881724);
INSERT INTO player_score VALUES('63285c02b',49,'4b2de6af5','4fcdf6ce1',0,1826,1654024943,1654024943);
INSERT INTO player_score VALUES('53167260a',49,'4b2de6af5','51a5737fd',24800,1541,1653593568,1653593568);
INSERT INTO player_score VALUES('638b48b52',49,'4b2de6af5','5daa6c904',21870,1834,1654035316,1654035316);
INSERT INTO player_score VALUES('622cacdb2',49,'4b2de6af5','61443c78a',51072,1837,1653998552,1653998552);
INSERT INTO player_score VALUES('63986cf88',49,'4b2de6af5','620a332ad',430560,1794,1654036694,1654036694);
INSERT INTO player_score VALUES('5a98e463e',49,'4cb88f690','1700d7f64',45942,1621,1653795151,1653795151);
INSERT INTO player_score VALUES('6255a0427',49,'4cb88f690','1af57e3fd',49280,2066,1654002846,1654002846);
INSERT INTO player_score VALUES('5e18d4b9b',49,'4cb88f690','1e5c796c3',41328,1715,1653889097,1653889097);
INSERT INTO player_score VALUES('5ef949ad8',49,'4cb88f690','25587879a',3388,1830,1653912633,1653912633);
INSERT INTO player_score VALUES('612eff714',49,'4cb88f690','2ad53b9e1',147168,1890,1653971952,1653971952);
INSERT INTO player_score VALUES('62cd7bdbd',49,'4cb88f690','35aec7df4',370668,1851,1654015414,1654015414);
INSERT INTO player_score VALUES('554f9bf3e',49,'4cb88f690','4abb931b7',251160,1380,1653653249,1653653249);
INSERT INTO player_score VALUES('627948ae0',49,'4cb88f690','4dd2b46ae',28812,1772,1654006585,1654006585);
INSERT INTO player_score VALUES('5d88bb156',49,'4cb88f690','4f7eea009',65520,1652,1653873987,1653873987);
INSERT INTO player_score VALUES('60fd26398',49,'4cb88f690','4fcdf6ce1',5040,1613,1653966725,1653966725);
INSERT INTO player_score VALUES('53076abc4',49,'4cb88f690','51a5737fd',17640,1486,1653591992,1653591992);
INSERT INTO player_score VALUES('6353d1826',49,'4cb88f690','5daa6c904',2176,1766,1654029500,1654029500);
INSERT INTO player_score VALUES('639cc6459',49,'4cb88f690','620a332ad',309024,1811,1654037150,1654037150);
INSERT INTO player_score VALUES('577d193cb',49,'4cbe4841f','1700d7f64',156468,1537,1653711706,1653711706);
INSERT INTO player_score VALUES('628b00cf4',49,'4cbe4841f','1af57e3fd',259284,2076,1654008443,1654008443);
INSERT INTO player_score VALUES('63553d41c',49,'4cbe4841f','1e5c796c3',22360,1873,1654029649,1654029649);
INSERT INTO player_score VALUES('5ee6590d4',49,'4cbe4841f','25587879a',269010,1828,1653910647,1653910647);
INSERT INTO player_score VALUES('63bd330b2',49,'4cbe4841f','2ad53b9e1',243243,1973,1654040550,1654040550);
INSERT INTO player_score VALUES('61a0a8200',49,'4cbe4841f','35aec7df4',20706,1807,1653983870,1653983870);
INSERT INTO player_score VALUES('56da13d4d',49,'4cbe4841f','4abb931b7',10400,1585,1653694612,1653694612);
INSERT INTO player_score VALUES('62566874e',49,'4cbe4841f','4dd2b46ae',216000,1753,1654002928,1654002928);
INSERT INTO player_score VALUES('5d680511f',49,'4cbe4841f','4f7eea009',220500,1635,1653870557,1653870557);
INSERT INTO player_score VALUES('5f984db15',49,'4cbe4841f','4fcdf6ce1',119700,1491,1653929307,1653929307);
INSERT INTO player_score VALUES('53022bf59',49,'4cbe4841f','51a5737fd',308,1462,1653591442,1653591442);
INSERT INTO player_score VALUES('639da1fdc',49,'4cbe4841f','5daa6c904',312524,1861,1654037240,1654037240);
INSERT INTO player_score VALUES('621f3808f',49,'4cbe4841f','61443c78a',51765,1741,1653997141,1653997141);
INSERT INTO player_score VALUES('63a22c15f',49,'4cbe4841f','620a332ad',344960,1826,1654037716,1654037716);
INSERT INTO player_score VALUES('5c93c03f9',49,'50756de7a','1700d7f64',330188,1674,1653848299,1653848299);
INSERT INTO player_score VALUES('637a405cf',49,'50756de7a','1af57e3fd',1782,2104,1654033530,1654033530);
INSERT INTO player_score VALUES('630173157',49,'50756de7a','1e5c796c3',32760,1859,1654020863,1654020863);
INSERT INTO player_score VALUES('5d24602ca',49,'50756de7a','25587879a',3328,1784,1653863464,1653863464);
INSERT INTO player_score VALUES('62e4aae7c',49,'50756de7a','35aec7df4',114400,1857,1654017845,1654017845);
INSERT INTO player_score VALUES('5713057a5',49,'50756de7a','4abb931b7',258274,1617,1653700583,1653700583);
INSERT INTO player_score VALUES('636054a09',49,'50756de7a','4dd2b46ae',530712,1846,1654030812,1654030812);
INSERT INTO player_score VALUES('5e77a2c3d',49,'50756de7a','4f7eea009',10857,1761,1653899038,1653899038);
INSERT INTO player_score VALUES('63bbf5aa4',49,'50756de7a','4fcdf6ce1',6935,1887,1654040420,1654040420);
INSERT INTO player_score VALUES('52f20439b',49,'50756de7a','51a5737fd',46800,1407,1653589748,1653589748);
INSERT INTO player_score VALUES('639dbf486',49,'50756de7a','5daa6c904',11400,1862,1654037252,1654037252);
INSERT INTO player_score VALUES('62306ec33',49,'50756de7a','61443c78a',20944,1876,1653998946,1653998946);
INSERT INTO player_score VALUES('63b253d91',49,'50756de7a','620a332ad',41184,1899,1654039410,1654039410);
INSERT INTO player_score VALUES('5d4586815',49,'5262f71d4','1700d7f64',82320,1690,1653866940,1653866940);
INSERT INTO player_score VALUES('5a6045c11',49,'5262f71d4','1af57e3fd',96390,1823,1653789214,1653789214);
INSERT INTO player_score VALUES('59b1808b4',49,'5262f71d4','1e5c796c3',15552,1624,1653770888,1653770888);
INSERT INTO player_score VALUES('5fbfeb487',49,'5262f71d4','25587879a',27720,1855,1653933461,1653933461);
INSERT INTO player_score VALUES('6148fc4ab',49,'5262f71d4','2ad53b9e1',66960,1894,1653974677,1653974677);
INSERT INTO player_score VALUES('5a5be0428',49,'5262f71d4','35aec7df4',587312,1510,1653788753,1653788753);
INSERT INTO player_score VALUES('56ddb8740',49,'5262f71d4','4abb931b7',119040,1588,1653694994,1653694994);
INSERT INTO player_score VALUES('62ac50a1b',49,'5262f71d4','4dd2b46ae',295066,1785,1654011936,1654011936);
INSERT INTO player_score VALUES('5c7de216c',49,'5262f71d4','4f7eea009',191808,1536,1653846006,1653846006);
INSERT INTO player_score VALUES('6182a2977',49,'5262f71d4','4fcdf6ce1',139320,1665,1653980722,1653980722);
INSERT INTO player_score VALUES('530d609a7',49,'5262f71d4','51a5737fd',224070,1508,1653592617,1653592617);
INSERT INTO player_score VALUES('638b99452',49,'5262f71d4','5daa6c904',106596,1836,1654035349,1654035349);
INSERT INTO player_score VALUES('622ebc34c',49,'5262f71d4','61443c78a',800,1850,1653998768,1653998768);
INSERT INTO player_score VALUES('63be66abb',49,'5262f71d4','620a332ad',306240,1955,1654040676,1654040676);
INSERT INTO player_score VALUES('5b6e7a211',49,'52e57753d','1700d7f64',52200,1648,1653817547,1653817547);
INSERT INTO player_score VALUES('62e5d250f',49,'52e57753d','1af57e3fd',3403,2087,1654017966,1654017966);
INSERT INTO player_score VALUES('63bd97238',49,'52e57753d','1e5c796c3',786780,1887,1654040591,1654040591);
INSERT INTO player_score VALUES('5afc946a4',49,'52e57753d','25587879a',288800,1726,1653805604,1653805604);
INSERT INTO player_score VALUES('615f065e3',49,'52e57753d','2ad53b9e1',49764,1896,1653976988,1653976988);
INSERT INTO player_score VALUES('5ec81195f',49,'52e57753d','35aec7df4',19110,1707,1653907472,1653907472);
INSERT INTO player_score VALUES('56fe030d4',49,'52e57753d','4abb931b7',966,1603,1653698380,1653698380);
INSERT INTO player_score VALUES('6371e0d15',49,'52e57753d','4fcdf6ce1',3312,1852,1654032652,1654032652);
INSERT INTO player_score VALUES('62316cacd',49,'52e57753d','61443c78a',144837,1882,1653999050,1653999050);
INSERT INTO player_score VALUES('63b83150b',49,'52e57753d','620a332ad',20832,1925,1654040025,1654040025);
INSERT INTO player_score VALUES('5331a063a',49,'53bf8af5f','1700d7f64',118096,1440,1653596418,1653596418);
INSERT INTO player_score VALUES('62570c060',49,'53bf8af5f','1af57e3fd',120384,2068,1654002995,1654002995);
INSERT INTO player_score VALUES('62b5fc366',49,'53bf8af5f','1e5c796c3',196581,1849,1654012950,1654012950);
INSERT INTO player_score VALUES('5f07054bb',49,'53bf8af5f','25587879a',68894,1832,1653914073,1653914073);
INSERT INTO player_score VALUES('63a9495fe',49,'53bf8af5f','2ad53b9e1',216720,1970,1654038462,1654038462);
INSERT INTO player_score VALUES('61e5439a1',49,'53bf8af5f','35aec7df4',34276,1820,1653991064,1653991064);
INSERT INTO player_score VALUES('56f02541f',49,'53bf8af5f','4abb931b7',624,1599,1653696926,1653696926);
INSERT INTO player_score VALUES('63277dd5c',49,'53bf8af5f','4dd2b46ae',1152,1830,1654024852,1654024852);
INSERT INTO player_score VALUES('5d65aeeb4',49,'53bf8af5f','4f7eea009',62400,1633,1653870312,1653870312);
INSERT INTO player_score VALUES('63af071ac',49,'53bf8af5f','4fcdf6ce1',504,1880,1654039064,1654039064);
INSERT INTO player_score VALUES('63bf7335e',49,'53bf8af5f','5daa6c904',317115,1907,1654040786,1654040786);
INSERT INTO player_score VALUES('622b4114a',49,'53bf8af5f','61443c78a',585395,1824,1653998403,1653998403);
INSERT INTO player_score VALUES('63b9a94a5',49,'53bf8af5f','620a332ad',16464,1935,1654040179,1654040179);
INSERT INTO player_score VALUES('5d15b5485',49,'53e1f38ba','1700d7f64',5850,1686,1653861926,1653861926);
INSERT INTO player_score VALUES('5d72a738f',49,'53e1f38ba','1af57e3fd',49538,1922,1653871672,1653871672);
INSERT INTO player_score VALUES('6231962f3',49,'53e1f38ba','1e5c796c3',70389,1836,1653999067,1653999067);
INSERT INTO player_score VALUES('5db700c7f',49,'53e1f38ba','25587879a',6120,1796,1653878839,1653878839);
INSERT INTO player_score VALUES('62a5aafce',49,'53e1f38ba','2ad53b9e1',141680,1939,1654011239,1654011239);
INSERT INTO player_score VALUES('6272797f3',49,'53e1f38ba','35aec7df4',77385,1840,1654005871,1654005871);
INSERT INTO player_score VALUES('55caa219e',49,'53e1f38ba','4abb931b7',31680,1431,1653666149,1653666149);
INSERT INTO player_score VALUES('637ae3f32',49,'53e1f38ba','4dd2b46ae',173166,1863,1654033597,1654033597);
INSERT INTO player_score VALUES('5e2df4724',49,'53e1f38ba','4f7eea009',73143,1730,1653891312,1653891312);
INSERT INTO player_score VALUES('630a84d9d',49,'53e1f38ba','4fcdf6ce1',288674,1814,1654021814,1654021814);
INSERT INTO player_score VALUES('63bea623b',49,'53e1f38ba','5daa6c904',26325,1906,1654040702,1654040702);
INSERT INTO player_score VALUES('6227c86ac',49,'53e1f38ba','61443c78a',90450,1799,1653998039,1653998039);
INSERT INTO player_score VALUES('63bad8033',49,'53e1f38ba','620a332ad',2728,1941,1654040303,1654040303);
INSERT INTO player_score VALUES('5ab55e6c8',49,'542f1f6b1','1700d7f64',91476,1626,1653798137,1653798137);
INSERT INTO player_score VALUES('63828c637',49,'542f1f6b1','1af57e3fd',798,2107,1654034400,1654034400);
INSERT INTO player_score VALUES('62383bd9c',49,'542f1f6b1','1e5c796c3',394632,1837,1653999764,1653999764);
INSERT INTO player_score VALUES('5dcddcd73',49,'542f1f6b1','25587879a',15834,1800,1653881236,1653881236);
INSERT INTO player_score VALUES('55b76d1ad',49,'542f1f6b1','2ad53b9e1',30800,1491,1653664135,1653664135);
INSERT INTO player_score VALUES('621da04f2',49,'542f1f6b1','35aec7df4',16544,1824,1653996974,1653996974);
INSERT INTO player_score VALUES('571063a4e',49,'542f1f6b1','4abb931b7',620,1615,1653700307,1653700307);
INSERT INTO player_score VALUES('638af0d40',49,'542f1f6b1','4dd2b46ae',73440,1868,1654035280,1654035280);
INSERT INTO player_score VALUES('5e4c8c7c3',49,'542f1f6b1','4f7eea009',391068,1743,1653894520,1653894520);
INSERT INTO player_score VALUES('62cad041c',49,'542f1f6b1','4fcdf6ce1',3465,1786,1654015134,1654015134);
INSERT INTO player_score VALUES('63c1b5d5e',49,'542f1f6b1','5daa6c904',303552,1911,1654041023,1654041023);
INSERT INTO player_score VALUES('6231b107d',49,'542f1f6b1','61443c78a',10164,1887,1653999078,1653999078);
INSERT INTO player_score VALUES('639776654',49,'542f1f6b1','620a332ad',0,1788,1654036593,1654036593);
INSERT INTO player_score VALUES('5c3355a05',49,'5487abe05','1700d7f64',45540,1666,1653838189,1653838189);
INSERT INTO player_score VALUES('60f861844',49,'5487abe05','1af57e3fd',212976,2027,1653966225,1653966225);
INSERT INTO player_score VALUES('593fbd03d',49,'5487abe05','1e5c796c3',39330,1615,1653758959,1653758959);
INSERT INTO player_score VALUES('61922930e',49,'5487abe05','35aec7df4',220896,1805,1653982350,1653982350);
INSERT INTO player_score VALUES('55daaa1ba',49,'5487abe05','4abb931b7',193050,1445,1653667830,1653667830);
INSERT INTO player_score VALUES('614cf656f',49,'5487abe05','4dd2b46ae',98496,1659,1653975094,1653975094);
INSERT INTO player_score VALUES('5ce3583a7',49,'5487abe05','4f7eea009',12782,1579,1653856645,1653856645);
INSERT INTO player_score VALUES('63c000cdf',49,'5487abe05','5daa6c904',437276,1908,1654040844,1654040844);
INSERT INTO player_score VALUES('622024d69',49,'5487abe05','61443c78a',42900,1753,1653997238,1653997238);
INSERT INTO player_score VALUES('63b9b09c5',49,'5487abe05','620a332ad',5100,1936,1654040182,1654040182);
INSERT INTO player_score VALUES('5de2b5c1d',49,'54964a899','1700d7f64',407400,1702,1653883422,1653883422);
INSERT INTO player_score VALUES('5efc9186f',49,'54964a899','1af57e3fd',261800,1973,1653912977,1653912977);
INSERT INTO player_score VALUES('611d203f6',49,'54964a899','1e5c796c3',75900,1813,1653970078,1653970078);
INSERT INTO player_score VALUES('59c5bfa50',49,'54964a899','25587879a',75072,1693,1653773011,1653773011);
INSERT INTO player_score VALUES('563d3045d',49,'54964a899','4abb931b7',35802,1500,1653678161,1653678161);
INSERT INTO player_score VALUES('628414598',49,'54964a899','4dd2b46ae',26696,1775,1654007717,1654007717);
INSERT INTO player_score VALUES('5ec00ecb8',49,'54964a899','4f7eea009',11400,1790,1653906632,1653906632);
INSERT INTO player_score VALUES('639b8dc38',49,'54964a899','5daa6c904',60480,1858,1654037022,1654037022);
INSERT INTO player_score VALUES('62265553d',49,'54964a899','61443c78a',12950,1786,1653997887,1653997887);
INSERT INTO player_score VALUES('63ba012d7',49,'54964a899','620a332ad',55755,1937,1654040215,1654040215);
INSERT INTO player_score VALUES('587c856f7',49,'54c5e87d0','1700d7f64',299250,1566,1653738489,1653738489);
INSERT INTO player_score VALUES('63673c30c',49,'54c5e87d0','1af57e3fd',5184,2101,1654031536,1654031536);
INSERT INTO player_score VALUES('60c96243c',49,'54c5e87d0','1e5c796c3',154284,1801,1653961297,1653961297);
INSERT INTO player_score VALUES('5c0617960',49,'54c5e87d0','25587879a',109620,1757,1653833445,1653833445);
INSERT INTO player_score VALUES('6259670e2',49,'54c5e87d0','2ad53b9e1',43920,1930,1654003242,1654003242);
INSERT INTO player_score VALUES('60e8c4f06',49,'54c5e87d0','35aec7df4',2926,1786,1653964588,1653964588);
INSERT INTO player_score VALUES('55a1e6da4',49,'54c5e87d0','4abb931b7',18360,1415,1653661878,1653661878);
INSERT INTO player_score VALUES('625233cc4',49,'54c5e87d0','4dd2b46ae',14352,1751,1654002487,1654002487);
INSERT INTO player_score VALUES('5e5792bc3',49,'54c5e87d0','4f7eea009',506922,1748,1653895676,1653895676);
INSERT INTO player_score VALUES('63164bf9e',49,'54c5e87d0','4fcdf6ce1',270816,1821,1654023049,1654023049);
INSERT INTO player_score VALUES('62290d226',49,'54c5e87d0','61443c78a',283968,1809,1653998172,1653998172);
INSERT INTO player_score VALUES('63a5e6b1b',49,'54c5e87d0','620a332ad',0,1845,1654038107,1654038107);
INSERT INTO player_score VALUES('5d823eee3',49,'557f6d2a3','1700d7f64',22842,1695,1653873307,1653873307);
INSERT INTO player_score VALUES('60f6aef02',49,'557f6d2a3','1af57e3fd',39249,2026,1653966047,1653966047);
INSERT INTO player_score VALUES('5e93e2350',49,'557f6d2a3','1e5c796c3',436500,1733,1653902000,1653902000);
INSERT INTO player_score VALUES('5db2a29e7',49,'557f6d2a3','25587879a',48160,1793,1653878381,1653878381);
INSERT INTO player_score VALUES('6111bac50',49,'557f6d2a3','2ad53b9e1',29403,1885,1653968883,1653968883);
INSERT INTO player_score VALUES('6363f93c7',49,'557f6d2a3','35aec7df4',0,1874,1654031194,1654031194);
INSERT INTO player_score VALUES('561361268',49,'557f6d2a3','4abb931b7',0,1480,1653673777,1653673777);
INSERT INTO player_score VALUES('62e81eb4e',49,'557f6d2a3','4dd2b46ae',126360,1810,1654018207,1654018207);
INSERT INTO player_score VALUES('5e5dad3c6',49,'557f6d2a3','4f7eea009',23976,1751,1653896316,1653896316);
INSERT INTO player_score VALUES('62cc483c8',49,'557f6d2a3','4fcdf6ce1',31428,1788,1654015288,1654015288);
INSERT INTO player_score VALUES('63bd07168',49,'557f6d2a3','5daa6c904',165110,1904,1654040532,1654040532);
INSERT INTO player_score VALUES('622f49cd9',49,'557f6d2a3','61443c78a',640332,1861,1653998826,1653998826);
INSERT INTO player_score VALUES('637d43d99',49,'557f6d2a3','620a332ad',57939,1663,1654033846,1654033846);
INSERT INTO player_score VALUES('62deadb2c',49,'562beae45','1af57e3fd',165336,2084,1654017217,1654017217);
INSERT INTO player_score VALUES('62243272e',49,'562beae45','1e5c796c3',20412,1834,1653997663,1653997663);
INSERT INTO player_score VALUES('614282946',49,'562beae45','35aec7df4',108120,1794,1653973998,1653973998);
INSERT INTO player_score VALUES('56e735ab1',49,'562beae45','4abb931b7',21756,1593,1653695989,1653695989);
INSERT INTO player_score VALUES('631d6e2a2',49,'562beae45','4dd2b46ae',5491,1828,1654023797,1654023797);
INSERT INTO player_score VALUES('5e62daebc',49,'562beae45','4f7eea009',0,1754,1653896859,1653896859);
INSERT INTO player_score VALUES('61eaa96ed',49,'562beae45','4fcdf6ce1',10416,1701,1653991630,1653991630);
INSERT INTO player_score VALUES('627c5d3ce',49,'562beae45','5daa6c904',421872,1515,1654006908,1654006908);
INSERT INTO player_score VALUES('622fe12d2',49,'562beae45','61443c78a',125550,1868,1653998888,1653998888);
INSERT INTO player_score VALUES('63c3c79cf',49,'562beae45','620a332ad',0,1975,1654041240,1654041240);
INSERT INTO player_score VALUES('4a4cd09e3',49,'56ef1d984','1700d7f64',243200,1245,1653357677,1653357677);
INSERT INTO player_score VALUES('60cc39cc5',49,'56ef1d984','1af57e3fd',94341,2021,1653961595,1653961595);
INSERT INTO player_score VALUES('628694004',49,'56ef1d984','1e5c796c3',26288,1842,1654007979,1654007979);
INSERT INTO player_score VALUES('5f0ba2f33',49,'56ef1d984','25587879a',482328,1833,1653914557,1653914557);
INSERT INTO player_score VALUES('60d83dfa5',49,'56ef1d984','2ad53b9e1',2394,1878,1653962855,1653962855);
INSERT INTO player_score VALUES('60ca4553f',49,'56ef1d984','35aec7df4',28710,1781,1653961390,1653961390);
INSERT INTO player_score VALUES('57087463f',49,'56ef1d984','4abb931b7',37908,1613,1653699475,1653699475);
INSERT INTO player_score VALUES('639f2d7c7',49,'56ef1d984','4fcdf6ce1',17000,1872,1654037402,1654037402);
INSERT INTO player_score VALUES('635f7dc73',49,'56ef1d984','5daa6c904',356592,1779,1654030724,1654030724);
INSERT INTO player_score VALUES('623154404',49,'56ef1d984','61443c78a',5096,1880,1653999040,1653999040);
INSERT INTO player_score VALUES('639578225',49,'56ef1d984','620a332ad',106920,1779,1654036384,1654036384);
INSERT INTO player_score VALUES('5e17dbb8c',49,'57a5a3a9d','1700d7f64',104280,1706,1653888995,1653888995);
INSERT INTO player_score VALUES('5d8f12a01',49,'57a5a3a9d','1af57e3fd',164970,1927,1653874652,1653874652);
INSERT INTO player_score VALUES('5464910e8',49,'57a5a3a9d','1e5c796c3',77688,1468,1653628603,1653628603);
INSERT INTO player_score VALUES('5fa026f78',49,'57a5a3a9d','25587879a',0,1852,1653930130,1653930130);
INSERT INTO player_score VALUES('639684af5',49,'57a5a3a9d','2ad53b9e1',41013,1968,1654036494,1654036494);
INSERT INTO player_score VALUES('5f9961907',49,'57a5a3a9d','35aec7df4',134400,1734,1653929420,1653929420);
INSERT INTO player_score VALUES('63b08b4c6',49,'57a5a3a9d','4dd2b46ae',76818,1886,1654039223,1654039223);
INSERT INTO player_score VALUES('63c40bfb3',49,'57a5a3a9d','4fcdf6ce1',87087,1893,1654041268,1654041268);
INSERT INTO player_score VALUES('6309b5556',49,'57a5a3a9d','5daa6c904',121410,1676,1654021729,1654021729);
INSERT INTO player_score VALUES('6214a212e',49,'57a5a3a9d','61443c78a',71500,1642,1653996031,1653996031);
INSERT INTO player_score VALUES('63b5c5300',49,'57a5a3a9d','620a332ad',237429,1912,1654039771,1654039771);
INSERT INTO player_score VALUES('5a8e2c3d6',49,'57d49e08a','1700d7f64',112176,1618,1653794027,1653794027);
INSERT INTO player_score VALUES('618b6ffe7',49,'57d49e08a','1af57e3fd',4704,2041,1653981645,1653981645);
INSERT INTO player_score VALUES('6065ad5a4',49,'57d49e08a','1e5c796c3',6664,1795,1653950842,1653950842);
INSERT INTO player_score VALUES('5f60c2ed4',49,'57d49e08a','25587879a',316480,1843,1653923483,1653923483);
INSERT INTO player_score VALUES('6271f0ccb',49,'57d49e08a','2ad53b9e1',0,1934,1654005815,1654005815);
INSERT INTO player_score VALUES('627c7f6f9',49,'57d49e08a','35aec7df4',78260,1842,1654006922,1654006922);
INSERT INTO player_score VALUES('6381ba6a1',49,'57d49e08a','4dd2b46ae',625670,1867,1654034314,1654034314);
INSERT INTO player_score VALUES('5ea18a4dc',49,'57d49e08a','4f7eea009',52560,1778,1653903432,1653903432);
INSERT INTO player_score VALUES('63a77e696',49,'57d49e08a','4fcdf6ce1',71820,1876,1654038274,1654038274);
INSERT INTO player_score VALUES('63af37f26',49,'57d49e08a','5daa6c904',62730,1886,1654039084,1654039084);
INSERT INTO player_score VALUES('62317b504',49,'57d49e08a','61443c78a',69840,1883,1653999056,1653999056);
INSERT INTO player_score VALUES('5d5e01993',49,'595e2dfb1','1700d7f64',1357,1694,1653869507,1653869507);
INSERT INTO player_score VALUES('63407300d',49,'595e2dfb1','1af57e3fd',653376,2093,1654027469,1654027469);
INSERT INTO player_score VALUES('5ef484f8a',49,'595e2dfb1','1e5c796c3',3772,1752,1653912133,1653912133);
INSERT INTO player_score VALUES('5b19f3ee4',49,'595e2dfb1','25587879a',65550,1729,1653808684,1653808684);
INSERT INTO player_score VALUES('5e24eee0d',49,'595e2dfb1','2ad53b9e1',18954,1775,1653890366,1653890366);
INSERT INTO player_score VALUES('5e29b1227',49,'595e2dfb1','35aec7df4',10250,1684,1653890865,1653890865);
INSERT INTO player_score VALUES('63beecf29',49,'595e2dfb1','4dd2b46ae',207900,1891,1654040731,1654040731);
INSERT INTO player_score VALUES('6327d5b9b',49,'595e2dfb1','4fcdf6ce1',195,1825,1654024888,1654024888);
INSERT INTO player_score VALUES('63aa007a8',49,'595e2dfb1','5daa6c904',7700,1875,1654038537,1654038537);
INSERT INTO player_score VALUES('622f07e29',49,'595e2dfb1','61443c78a',141040,1855,1653998799,1653998799);
INSERT INTO player_score VALUES('63babab6e',49,'595e2dfb1','620a332ad',109824,1940,1654040291,1654040291);
INSERT INTO player_score VALUES('63495180a',49,'5abbf5706','1af57e3fd',74592,2094,1654028399,1654028399);
INSERT INTO player_score VALUES('5b561ec2f',49,'5abbf5706','1e5c796c3',31620,1652,1653814993,1653814993);
INSERT INTO player_score VALUES('5f67e2a7a',49,'5abbf5706','25587879a',141288,1844,1653924230,1653924230);
INSERT INTO player_score VALUES('610b45f27',49,'5abbf5706','2ad53b9e1',0,1884,1653968206,1653968206);
INSERT INTO player_score VALUES('6151bd7bf',49,'5abbf5706','35aec7df4',523320,1797,1653975595,1653975595);
INSERT INTO player_score VALUES('6361639eb',49,'5abbf5706','4dd2b46ae',244188,1847,1654030923,1654030923);
INSERT INTO player_score VALUES('620d6c5cb',49,'5abbf5706','4fcdf6ce1',6900,1712,1653995275,1653995275);
INSERT INTO player_score VALUES('638889980',49,'5abbf5706','5daa6c904',81000,1830,1654035028,1654035028);
INSERT INTO player_score VALUES('6218db9fe',49,'5abbf5706','61443c78a',358800,1685,1653996474,1653996474);
INSERT INTO player_score VALUES('63c5272bd',49,'5abbf5706','620a332ad',0,1985,1654041384,1654041384);
INSERT INTO player_score VALUES('50dfde72c',49,'5d4392038','1700d7f64',290836,1395,1653534158,1653534158);
INSERT INTO player_score VALUES('62bf43b71',49,'5d4392038','1af57e3fd',212400,2081,1654013923,1654013923);
INSERT INTO player_score VALUES('631fedcbe',49,'5d4392038','1e5c796c3',11904,1865,1654024059,1654024059);
INSERT INTO player_score VALUES('5d26ceb7a',49,'5d4392038','25587879a',42496,1786,1653863719,1653863719);
INSERT INTO player_score VALUES('5d43f88de',49,'5d4392038','2ad53b9e1',64800,1751,1653866777,1653866777);
INSERT INTO player_score VALUES('627089e90',49,'5d4392038','35aec7df4',2736,1839,1654005668,1654005668);
INSERT INTO player_score VALUES('63a5a4c1e',49,'5d4392038','4dd2b46ae',409640,1882,1654038080,1654038080);
INSERT INTO player_score VALUES('5e59d2edc',49,'5d4392038','4f7eea009',2960,1749,1653895912,1653895912);
INSERT INTO player_score VALUES('62f7042bb',49,'5d4392038','4fcdf6ce1',328164,1807,1654019769,1654019769);
INSERT INTO player_score VALUES('621ca9bac',49,'5d4392038','61443c78a',80850,1717,1653996873,1653996873);
INSERT INTO player_score VALUES('63b8e3896',49,'5d4392038','620a332ad',231192,1930,1654040098,1654040098);
INSERT INTO player_score VALUES('5abe1ac09',49,'5daf84495','1700d7f64',292142,1628,1653799053,1653799053);
INSERT INTO player_score VALUES('59f782e93',49,'5daf84495','1af57e3fd',81900,1813,1653778229,1653778229);
INSERT INTO player_score VALUES('628ea08d2',49,'5daf84495','2ad53b9e1',259776,1938,1654008823,1654008823);
INSERT INTO player_score VALUES('60f03f00b',49,'5daf84495','35aec7df4',129360,1788,1653965372,1653965372);
INSERT INTO player_score VALUES('633afc152',49,'5daf84495','4dd2b46ae',10800,1836,1654026896,1654026896);
INSERT INTO player_score VALUES('5e42ef8dd',49,'5daf84495','4f7eea009',118326,1737,1653893512,1653893512);
INSERT INTO player_score VALUES('63a453dbe',49,'5daf84495','4fcdf6ce1',277350,1873,1654037942,1654037942);
INSERT INTO player_score VALUES('6397961f6',49,'5daf84495','5daa6c904',852,1854,1654036606,1654036606);
INSERT INTO player_score VALUES('622f2a110',49,'5daf84495','61443c78a',55062,1858,1653998813,1653998813);
INSERT INTO player_score VALUES('6392f12d4',49,'5daf84495','620a332ad',68991,1768,1654036119,1654036119);
INSERT INTO player_score VALUES('6193b7279',49,'5e3fb3e7e','1af57e3fd',38160,2043,1653982513,1653982513);
INSERT INTO player_score VALUES('510da04ea',49,'5e3fb3e7e','1e5c796c3',695970,1375,1653538956,1653538956);
INSERT INTO player_score VALUES('5b87287cf',49,'5e3fb3e7e','25587879a',543320,1740,1653820135,1653820135);
INSERT INTO player_score VALUES('63b142676',49,'5e3fb3e7e','4dd2b46ae',135280,1887,1654039298,1654039298);
INSERT INTO player_score VALUES('5ce97c7b9',49,'5e3fb3e7e','4f7eea009',29172,1581,1653857289,1653857289);
INSERT INTO player_score VALUES('635b184b4',49,'5e3fb3e7e','4fcdf6ce1',2790,1842,1654030263,1654030263);
INSERT INTO player_score VALUES('623073a9b',49,'5e3fb3e7e','61443c78a',21600,1877,1653998948,1653998948);
INSERT INTO player_score VALUES('63c3526aa',49,'5e3fb3e7e','620a332ad',14628,1973,1654041192,1654041192);
INSERT INTO player_score VALUES('5f80eb586',49,'5ea8cc34a','1af57e3fd',69930,1983,1653926855,1653926855);
INSERT INTO player_score VALUES('5cf2fc1e6',49,'5ea8cc34a','25587879a',19250,1776,1653858285,1653858285);
INSERT INTO player_score VALUES('61c845bc5',49,'5ea8cc34a','2ad53b9e1',277680,1912,1653988024,1653988024);
INSERT INTO player_score VALUES('631eba2e5',49,'5ea8cc34a','35aec7df4',2325,1865,1654023933,1654023933);
INSERT INTO player_score VALUES('627c9a470',49,'5ea8cc34a','4dd2b46ae',675766,1774,1654006933,1654006933);
INSERT INTO player_score VALUES('5df0abf86',49,'5ea8cc34a','4f7eea009',22500,1702,1653884886,1653884886);
INSERT INTO player_score VALUES('623efc5ac',49,'5ea8cc34a','4fcdf6ce1',38232,1740,1654000472,1654000472);
INSERT INTO player_score VALUES('63bc7bf0e',49,'5ea8cc34a','5daa6c904',18018,1902,1654040475,1654040475);
INSERT INTO player_score VALUES('622c4da76',49,'5ea8cc34a','61443c78a',69720,1833,1653998513,1653998513);
INSERT INTO player_score VALUES('638b1cc7b',49,'5ea8cc34a','620a332ad',5600,1734,1654035298,1654035298);
INSERT INTO player_score VALUES('61a97f50c',49,'60629dab1','1af57e3fd',16296,2046,1653984797,1653984797);
INSERT INTO player_score VALUES('5e4b42e62',49,'60629dab1','1e5c796c3',73470,1725,1653894385,1653894385);
INSERT INTO player_score VALUES('6179a6c84',49,'60629dab1','35aec7df4',26082,1801,1653979780,1653979780);
INSERT INTO player_score VALUES('62ead1a02',49,'60629dab1','4dd2b46ae',10560,1811,1654018490,1654018490);
INSERT INTO player_score VALUES('63931aa82',49,'60629dab1','4fcdf6ce1',412920,1868,1654036136,1654036136);
INSERT INTO player_score VALUES('63b2b30aa',49,'60629dab1','5daa6c904',314640,1890,1654039449,1654039449);
INSERT INTO player_score VALUES('63b920904',49,'60629dab1','620a332ad',17850,1933,1654040123,1654040123);
INSERT INTO player_score VALUES('60d6708e8',49,'61116a36b','1af57e3fd',267140,2023,1653962666,1653962666);
INSERT INTO player_score VALUES('5f86401ba',49,'61116a36b','1e5c796c3',140483,1769,1653927414,1653927414);
INSERT INTO player_score VALUES('5fb5b215d',49,'61116a36b','2ad53b9e1',411768,1828,1653932389,1653932389);
INSERT INTO player_score VALUES('5ecd309a5',49,'61116a36b','35aec7df4',864,1708,1653908009,1653908009);
INSERT INTO player_score VALUES('60658b2dc',49,'61116a36b','4dd2b46ae',2556,1568,1653950828,1653950828);
INSERT INTO player_score VALUES('637e1d1f9',49,'61116a36b','4fcdf6ce1',63756,1861,1654033935,1654033935);
INSERT INTO player_score VALUES('6376ec52f',49,'61116a36b','5daa6c904',90804,1810,1654033181,1654033181);
INSERT INTO player_score VALUES('62304f056',49,'61116a36b','61443c78a',32096,1875,1653998933,1653998933);
INSERT INTO player_score VALUES('6375a79d8',49,'61116a36b','620a332ad',163154,1616,1654033048,1654033048);
INSERT INTO player_score VALUES('63bdad1a4',49,'6232b8b5b','1e5c796c3',11520,1888,1654040600,1654040600);
INSERT INTO player_score VALUES('5fb993c24',49,'6232b8b5b','2ad53b9e1',4864,1829,1653932796,1653932796);
INSERT INTO player_score VALUES('62fbc3fc1',49,'6232b8b5b','35aec7df4',72504,1860,1654020267,1654020267);
INSERT INTO player_score VALUES('6393ddfb4',49,'6232b8b5b','4fcdf6ce1',306680,1870,1654036216,1654036216);
INSERT INTO player_score VALUES('63926600f',49,'6232b8b5b','5daa6c904',188846,1847,1654036062,1654036062);
INSERT INTO player_score VALUES('63be977a1',49,'6232b8b5b','620a332ad',17329,1956,1654040696,1654040696);
INSERT INTO player_score VALUES('63703ce08',49,'638692ab5','1af57e3fd',100440,2103,1654032480,1654032480);
INSERT INTO player_score VALUES('6352b64ba',49,'638692ab5','1e5c796c3',98280,1872,1654029384,1654029384);
INSERT INTO player_score VALUES('5e087e997',49,'638692ab5','2ad53b9e1',47397,1773,1653887384,1653887384);
INSERT INTO player_score VALUES('61015d556',49,'638692ab5','35aec7df4',42120,1789,1653967167,1653967167);
INSERT INTO player_score VALUES('61611d091',49,'638692ab5','4dd2b46ae',3402,1665,1653977207,1653977207);
INSERT INTO player_score VALUES('63b30fd55',49,'638692ab5','4fcdf6ce1',350343,1883,1654039487,1654039487);
INSERT INTO player_score VALUES('6326762b9',49,'638692ab5','5daa6c904',171948,1707,1654024744,1654024744);
INSERT INTO player_score VALUES('63b09c626',49,'638692ab5','620a332ad',25488,1889,1654039230,1654039230);
COMMIT;
