
BEGIN;
CREATE TABLE IF NOT EXISTS competition (
  id VARCHAR(255) NOT NULL PRIMARY KEY,
  tenant_id BIGINT NOT NULL,
  title TEXT NOT NULL,
  finished_at BIGINT NULL,
  created_at BIGINT NOT NULL,
  updated_at BIGINT NOT NULL
);
INSERT INTO competition VALUES('a471c79e',5,'第1回 ウルトラ柿部',1653656979,1651639092,1653656979);
INSERT INTO competition VALUES('15a76c3b4',5,'トマトは諦めた杯',NULL,1651944470,1653478410);
INSERT INTO competition VALUES('235feb6f9',5,'第4回 たまプラーザで再起動',1653755543,1652312782,1653755543);
INSERT INTO competition VALUES('54804a3af',5,'海老名卒',1653774928,1653631510,1653774928);
INSERT INTO competition VALUES('56d7ff9c5',5,'第7回 空からカスタード茶',NULL,1653694394,1653709290);
INSERT INTO competition VALUES('628246e90',5,'第5回 西春巻きドリブン',1654035576,1654007528,1654035576);
CREATE TABLE IF NOT EXISTS player (
  id VARCHAR(255) NOT NULL PRIMARY KEY,
  tenant_id BIGINT NOT NULL,
  display_name TEXT NOT NULL,
  is_disqualified BOOLEAN NOT NULL,
  created_at BIGINT NOT NULL,
  updated_at BIGINT NOT NULL
);
INSERT INTO player VALUES('39b60491',5,'Ms. Jazmyn Tremblay II',0,1651460023,1653191341);
INSERT INTO player VALUES('3a3853da',5,'Ottis Sanford',0,1651460877,1653948577);
INSERT INTO player VALUES('3c6286dc',5,'Myra Champlin',0,1651464509,1652502183);
INSERT INTO player VALUES('442a1aea',5,'Ms. Abigail Pouros Jr.',0,1651477561,1653583265);
INSERT INTO player VALUES('4c1255bf',5,'Ned Kreiger',0,1651490827,1652105112);
INSERT INTO player VALUES('4e5fc86a',5,'Ms. Isabelle Corwin MD',0,1651494690,1653853252);
INSERT INTO player VALUES('84741515',5,'Ms. Eden Ryan Sr.',0,1651585420,1653565512);
INSERT INTO player VALUES('87ba185f',5,'Ms. Eleanore Lockman DDS',0,1651590912,1652723961);
INSERT INTO player VALUES('90b3272d',5,'Ms. Ruthie Moore',0,1651605966,1653356722);
INSERT INTO player VALUES('9274fb6a',5,'Mr. Jeromy Hickle',0,1651608914,1653043574);
INSERT INTO player VALUES('960b8fa0',5,'Ms. Libby Kshlerin',0,1651614934,1652911112);
INSERT INTO player VALUES('969299c6',5,'Avery Schamberger',0,1651615819,1653719069);
INSERT INTO player VALUES('a0871fb5',5,'Moriah Conroy',0,1651632521,1653604720);
INSERT INTO player VALUES('b33bca12',5,'Ms. Hailie Hills Sr.',0,1651663904,1653045166);
INSERT INTO player VALUES('b4f783e3',5,'Wilfrid Hansen PhD',0,1651666812,1654030989);
INSERT INTO player VALUES('b998d186',5,'Ms. Marianne Blanda Jr.',0,1651674580,1653027925);
INSERT INTO player VALUES('c3515fbe',5,'Ms. Jacquelyn Johns MD',0,1651690889,1653100546);
INSERT INTO player VALUES('e71c46b3',5,'Yessenia Wintheiser',0,1651750939,1653217421);
INSERT INTO player VALUES('e78eb7c7',5,'Priscilla Hyatt',0,1651751689,1653933789);
INSERT INTO player VALUES('faa70616',5,'Nolan Walker',0,1651783725,1652870056);
INSERT INTO player VALUES('10e655825',5,'Jaiden Kerluke',0,1651816849,1652647975);
INSERT INTO player VALUES('113aef3b0',5,'Ms. Drew Bednar I',0,1651825720,1653959554);
INSERT INTO player VALUES('120428e57',5,'Ms. Loma Stamm I',0,1651846820,1652393717);
INSERT INTO player VALUES('12b240c35',5,'Lorna Smith',0,1651865075,1652497252);
INSERT INTO player VALUES('13446ea5e',5,'Neha Stokes',0,1651880403,1652798510);
INSERT INTO player VALUES('142e98f1f',5,'Ms. Erna Stracke',0,1651904957,1653636366);
INSERT INTO player VALUES('14a894f51',5,'Mr. Berry Lemke Sr.',0,1651917748,1652363215);
INSERT INTO player VALUES('14ec0b787',5,'Esteban Rutherford',0,1651924822,1653177862);
INSERT INTO player VALUES('1521009ce',5,'Easton Schaefer DVM',0,1651930375,1653192422);
INSERT INTO player VALUES('15a98553f',5,'Ms. Novella Stark Jr.',0,1651944690,1653487396);
INSERT INTO player VALUES('16f8cddba',5,'Milo Schuppe',0,1651979847,1653618866);
INSERT INTO player VALUES('195c0121f',5,'Krystina Hansen',0,1652043936,1652047036);
INSERT INTO player VALUES('1a376d00d',5,'Vida Miller',0,1652066944,1653302323);
INSERT INTO player VALUES('1e28ba5a0',5,'Gregory Johnston',0,1652172777,1652408840);
INSERT INTO player VALUES('1e7fd3bad',5,'Mr. Jeramy Rutherford IV',1,1652181910,1653840163);
INSERT INTO player VALUES('1f4f6c426',5,'Mr. Cesar Roberts',1,1652203678,1652281908);
INSERT INTO player VALUES('1f51102f8',5,'Nikko Stamm II',0,1652203850,1652258542);
INSERT INTO player VALUES('1fbea8d02',5,'Mr. Donnie Hegmann',0,1652215342,1652954888);
INSERT INTO player VALUES('201e465c7',5,'Jett Fritsch',0,1652225368,1653056941);
INSERT INTO player VALUES('24eb2df74',5,'Ms. Chaya Daugherty IV',0,1652354228,1652857286);
INSERT INTO player VALUES('25425d4e4',5,'Jadon Lind',0,1652363370,1653405806);
INSERT INTO player VALUES('2630c11f7',5,'Bridget Mitchell',1,1652388367,1653146811);
INSERT INTO player VALUES('271cf0fd6',5,'Ms. Emelia Purdy DVM',0,1652413133,1653686652);
INSERT INTO player VALUES('274b31cf7',5,'Ms. Felicita Feeney MD',0,1652417983,1653753936);
INSERT INTO player VALUES('285263c11',5,'Fiona Russel',0,1652445581,1652845660);
INSERT INTO player VALUES('288bf1a19',5,'Ms. Bethel Mertz',0,1652451616,1653067053);
INSERT INTO player VALUES('2a8c41fd7',5,'Arlo McLaughlin III',0,1652505336,1653147689);
INSERT INTO player VALUES('2ac819ced',5,'Mr. Kendall Parisian',0,1652511611,1653480825);
INSERT INTO player VALUES('2ae4d833b',5,'Mr. Eliezer Adams',0,1652514625,1653311047);
INSERT INTO player VALUES('2aed3a32d',5,'Daren Stanton IV',0,1652515504,1652812704);
INSERT INTO player VALUES('2bc4e69ab',5,'Sincere Quitzon',0,1652538119,1652941462);
INSERT INTO player VALUES('2c302dfbb',5,'Reyes Spencer PhD',0,1652549368,1653862776);
INSERT INTO player VALUES('2c882f476',5,'Derick Gislason',0,1652558596,1653549811);
INSERT INTO player VALUES('2c9fe49fd',5,'Carmelo Fay',0,1652561082,1652941766);
INSERT INTO player VALUES('2f0d9cc5b',5,'Hobart Johnson',0,1652626274,1653179851);
INSERT INTO player VALUES('2f411c5b8',5,'Mr. Tobin Gibson',0,1652631674,1652907139);
INSERT INTO player VALUES('308f18d93',5,'Declan Stokes',1,1652666695,1653076135);
INSERT INTO player VALUES('34e4f942d',5,'Clark Mosciski',0,1652783074,1653209314);
INSERT INTO player VALUES('354db259f',5,'Alford Baumbach V',1,1652794055,1654024754);
INSERT INTO player VALUES('3574fa81d',5,'Jonatan Carter I',0,1652798174,1653689633);
INSERT INTO player VALUES('3584c0989',5,'Shaniya Hagenes',0,1652799828,1653151497);
INSERT INTO player VALUES('36c43e24d',5,'Shyann Mueller',0,1652833329,1653226502);
INSERT INTO player VALUES('36eff31d3',5,'Abdiel Hettinger',0,1652837912,1652866217);
INSERT INTO player VALUES('3772fc082',5,'Martin Murphy',0,1652851652,1653010312);
INSERT INTO player VALUES('379330a62',5,'Ms. Ariane Rodriguez DVM',0,1652855029,1652967357);
INSERT INTO player VALUES('379e7db86',5,'Ms. Haylie Bashirian DDS',1,1652856214,1653619417);
INSERT INTO player VALUES('38989a0d2',5,'Ms. Aylin Auer III',0,1652882440,1653908472);
INSERT INTO player VALUES('394c859c2',5,'Maynard Kulas',0,1652901306,1654019960);
INSERT INTO player VALUES('39b0be589',5,'Caroline Bauch Sr.',0,1652911815,1653164538);
INSERT INTO player VALUES('3a0c9edd2',5,'Ms. Caterina Oberbrunner DDS',0,1652921449,1653878349);
INSERT INTO player VALUES('3a6f50f63',5,'Keagan Quitzon Jr.',0,1652931798,1653910138);
INSERT INTO player VALUES('3b8fa6754',5,'Agustina Hintz',0,1652962032,1653234065);
INSERT INTO player VALUES('3be129255',5,'Lee Hoeger',0,1652970579,1653556674);
INSERT INTO player VALUES('3d48f8fa5',5,'Dale Kuhic',0,1653008308,1653385520);
INSERT INTO player VALUES('3e6ca4f1b',5,'Ms. Cassandre Koelpin',0,1653038892,1653550884);
INSERT INTO player VALUES('3eba2d915',5,'Mr. Bell Yundt Sr.',0,1653047022,1653279387);
INSERT INTO player VALUES('3ef7c1b71',5,'Leora Bode',0,1653053479,1653395415);
INSERT INTO player VALUES('3f38213b3',5,'Casey Wisoky',0,1653060229,1653967612);
INSERT INTO player VALUES('3fed788f4',5,'Ms. May Cremin MD',0,1653079244,1653929671);
INSERT INTO player VALUES('3ffd39c48',5,'Mr. Jimmie Lehner PhD',1,1653080896,1653580188);
INSERT INTO player VALUES('40261c134',5,'Birdie Spinka',0,1653085183,1653439311);
INSERT INTO player VALUES('40d9d461d',5,'Rickie Dach',0,1653104028,1653407405);
INSERT INTO player VALUES('40f873ba5',5,'Yolanda Mueller',0,1653107239,1653913924);
INSERT INTO player VALUES('425611af0',5,'Ms. Twila Pouros',0,1653143899,1653927434);
INSERT INTO player VALUES('42cd00769',5,'Mr. Stephan Botsford',0,1653156370,1654001838);
INSERT INTO player VALUES('43a2ae9a3',5,'Andy Waters',0,1653178776,1653777145);
INSERT INTO player VALUES('43dfed53e',5,'Barbara Fritsch',0,1653185198,1653494689);
INSERT INTO player VALUES('44b587ed1',5,'Ms. Destinee Gerlach Sr.',0,1653207596,1653219926);
INSERT INTO player VALUES('469ad8aa9',5,'Earl Hettinger Jr.',0,1653258485,1653944386);
INSERT INTO player VALUES('47159a72a',5,'Mr. Rafael Lesch Jr.',0,1653271357,1653456045);
INSERT INTO player VALUES('479f04a79',5,'Annabelle Murphy III',0,1653285766,1653887426);
INSERT INTO player VALUES('496abf19b',5,'Cecil Weimann PhD',1,1653333972,1653891564);
INSERT INTO player VALUES('4996ce657',5,'Giovanni Rempel',0,1653338592,1653499015);
INSERT INTO player VALUES('4c023f0a4',5,'Ms. Leda Strosin Jr.',0,1653403545,1653922813);
INSERT INTO player VALUES('4d068d3c1',5,'Casey Witting II',0,1653430840,1653895211);
INSERT INTO player VALUES('4eeb52ce4',5,'Mr. Keon Quigley',0,1653481672,1653912929);
INSERT INTO player VALUES('501857550',5,'Lexi Bins',0,1653513236,1653707058);
INSERT INTO player VALUES('5033dac91',5,'Ernesto Tromp',0,1653516121,1654000406);
INSERT INTO player VALUES('5148f44eb',5,'Mr. Jayden Bruen PhD',0,1653545177,1654017280);
INSERT INTO player VALUES('5289e764d',5,'Marquis Kertzmann',0,1653578831,1653662043);
INSERT INTO player VALUES('52c023aa9',5,'Bertram Lesch',0,1653584518,1653747723);
INSERT INTO player VALUES('53596ed1f',5,'Kaya Bogan',0,1653600592,1653662494);
INSERT INTO player VALUES('53e5d5373',5,'Lazaro Hammes',0,1653615314,1653621064);
INSERT INTO player VALUES('5511f6b63',5,'Napoleon Rogahn',0,1653646785,1654021329);
INSERT INTO player VALUES('556c7532d',5,'Tara Toy',1,1653656274,1653810828);
INSERT INTO player VALUES('557aaae9e',5,'Ms. Sydni Marks',0,1653657764,1653725668);
INSERT INTO player VALUES('558844574',5,'Lue Dickens',0,1653659190,1653944044);
INSERT INTO player VALUES('565da6ce7',5,'Ms. Alene Lubowitz Sr.',0,1653681565,1653979770);
INSERT INTO player VALUES('5682399c6',5,'Citlalli Rutherford',0,1653685400,1653977196);
INSERT INTO player VALUES('5686cd789',5,'Graciela Kuphal',0,1653685880,1653759867);
INSERT INTO player VALUES('569aef47d',5,'Arlie Barrows',0,1653687991,1653725241);
INSERT INTO player VALUES('5bdb98b2a',5,'Harvey Abbott',1,1653828989,1653854120);
INSERT INTO player VALUES('5e029761e',5,'Adela Fahey V',0,1653886765,1653907082);
INSERT INTO player VALUES('5eded056d',5,'Ms. Erica Schuppe DDS',1,1653909857,1654033784);
INSERT INTO player VALUES('5eef4d876',5,'Ms. Raquel Lang I',0,1653911586,1653923336);
INSERT INTO player VALUES('603fd5dd6',5,'Autumn Torp',0,1653946874,1653949057);
INSERT INTO player VALUES('60a2460ca',5,'Tessie Aufderhar',0,1653957196,1654033465);
INSERT INTO player VALUES('61fbffeb7',5,'Florence Rowe',0,1653993448,1654027326);
INSERT INTO player VALUES('622b1ee6d',5,'Meda Kohler',0,1653998389,1654028132);
INSERT INTO player VALUES('62ecc13b3',5,'Ms. Anjali Spencer III',0,1654018693,1654038036);
INSERT INTO player VALUES('63a0b8fdb',5,'Ms. Queenie O"Reilly IV',0,1654037564,1654037569);
CREATE TABLE IF NOT EXISTS player_score (
                              id VARCHAR(255) NOT NULL PRIMARY KEY,
                              tenant_id BIGINT NOT NULL,
                              player_id VARCHAR(255) NOT NULL,
                              competition_id VARCHAR(255) NOT NULL,
                              score BIGINT NOT NULL,
                              row_num BIGINT NOT NULL,
                              created_at BIGINT NOT NULL,
                              updated_at BIGINT NOT NULL
);
INSERT INTO player_score VALUES('4a9688b0a',5,'10e655825','15a76c3b4',15552,1531,1653365407,1653365407);
INSERT INTO player_score VALUES('54c7f0827',5,'10e655825','235feb6f9',104760,1955,1653639023,1653639023);
INSERT INTO player_score VALUES('5931d7df5',5,'10e655825','54804a3af',95760,1880,1653757502,1653757502);
INSERT INTO player_score VALUES('63c5cfa47',5,'10e655825','56d7ff9c5',61479,2308,1654041453,1654041453);
INSERT INTO player_score VALUES('6371819a1',5,'10e655825','628246e90',36180,2053,1654032613,1654032613);
INSERT INTO player_score VALUES('54e340b52',5,'10e655825','a471c79e',32832,1925,1653641887,1653641887);
INSERT INTO player_score VALUES('59158757c',5,'113aef3b0','15a76c3b4',7776,1938,1653754533,1653754533);
INSERT INTO player_score VALUES('56ec5e731',5,'113aef3b0','235feb6f9',36036,2047,1653696530,1653696530);
INSERT INTO player_score VALUES('59a3c9ce7',5,'113aef3b0','54804a3af',214368,2065,1653769450,1653769450);
INSERT INTO player_score VALUES('626803483',5,'113aef3b0','56d7ff9c5',105840,2045,1654004774,1654004774);
INSERT INTO player_score VALUES('6373cdf78',5,'113aef3b0','628246e90',88722,2081,1654032854,1654032854);
INSERT INTO player_score VALUES('528684ae9',5,'113aef3b0','a471c79e',137228,1855,1653578476,1653578476);
INSERT INTO player_score VALUES('582a68e98',5,'120428e57','235feb6f9',34800,2108,1653729879,1653729879);
INSERT INTO player_score VALUES('5975de6e5',5,'120428e57','54804a3af',26624,1992,1653764635,1653764635);
INSERT INTO player_score VALUES('6335433b5',5,'120428e57','56d7ff9c5',7750,2197,1654026296,1654026296);
INSERT INTO player_score VALUES('6361e5014',5,'120428e57','628246e90',4224,1914,1654030976,1654030976);
INSERT INTO player_score VALUES('5b90b6c38',5,'12b240c35','15a76c3b4',208152,2013,1653821137,1653821137);
INSERT INTO player_score VALUES('54500b24e',5,'12b240c35','235feb6f9',3536,1933,1653626451,1653626451);
INSERT INTO player_score VALUES('5991979a2',5,'12b240c35','54804a3af',68355,2025,1653767542,1653767542);
INSERT INTO player_score VALUES('63538f94d',5,'12b240c35','56d7ff9c5',465696,2226,1654029473,1654029473);
INSERT INTO player_score VALUES('53d2c9b8c',5,'12b240c35','a471c79e',455,1891,1653613317,1653613317);
INSERT INTO player_score VALUES('571b258cd',5,'13446ea5e','235feb6f9',1012,2057,1653701435,1653701435);
INSERT INTO player_score VALUES('59d4b6380',5,'13446ea5e','54804a3af',59400,2149,1653774580,1653774580);
INSERT INTO player_score VALUES('63a7ca157',5,'13446ea5e','56d7ff9c5',13818,2290,1654038305,1654038305);
INSERT INTO player_score VALUES('637d1f3b9',5,'13446ea5e','628246e90',0,2149,1654033831,1654033831);
INSERT INTO player_score VALUES('4f6f9b8b9',5,'13446ea5e','a471c79e',177216,1766,1653495543,1653495543);
INSERT INTO player_score VALUES('6048aa9ca',5,'142e98f1f','15a76c3b4',107653,2137,1653947800,1653947800);
INSERT INTO player_score VALUES('535122cfe',5,'142e98f1f','235feb6f9',30960,1886,1653599722,1653599722);
INSERT INTO player_score VALUES('59c080e09',5,'142e98f1f','54804a3af',11680,2113,1653772461,1653772461);
INSERT INTO player_score VALUES('638fdc98f',5,'142e98f1f','56d7ff9c5',51948,2266,1654035796,1654035796);
INSERT INTO player_score VALUES('63863fa96',5,'142e98f1f','628246e90',278070,2231,1654034788,1654034788);
INSERT INTO player_score VALUES('523bc4f31',5,'142e98f1f','a471c79e',231660,1850,1653570638,1653570638);
INSERT INTO player_score VALUES('587f3ac7e',5,'14a894f51','15a76c3b4',2745,1922,1653738773,1653738773);
INSERT INTO player_score VALUES('5846a5ea6',5,'14a894f51','235feb6f9',146250,2117,1653732840,1653732840);
INSERT INTO player_score VALUES('59b507ded',5,'14a894f51','54804a3af',19584,2095,1653771258,1653771258);
INSERT INTO player_score VALUES('634061e69',5,'14a894f51','56d7ff9c5',6160,2210,1654027462,1654027462);
INSERT INTO player_score VALUES('638629ab8',5,'14a894f51','628246e90',31212,2229,1654034779,1654034779);
INSERT INTO player_score VALUES('61f3c01a2',5,'14ec0b787','15a76c3b4',31450,2174,1653992583,1653992583);
INSERT INTO player_score VALUES('581fc931a',5,'14ec0b787','235feb6f9',4420,2104,1653728765,1653728765);
INSERT INTO player_score VALUES('59d4e2270',5,'14ec0b787','54804a3af',18788,2150,1653774598,1653774598);
INSERT INTO player_score VALUES('633cb5f5d',5,'14ec0b787','56d7ff9c5',16815,2206,1654027077,1654027077);
INSERT INTO player_score VALUES('63895b8dc',5,'14ec0b787','628246e90',16932,2258,1654035114,1654035114);
INSERT INTO player_score VALUES('549a449d4',5,'14ec0b787','a471c79e',177232,1916,1653634234,1653634234);
INSERT INTO player_score VALUES('61070782f',5,'1521009ce','15a76c3b4',9936,2157,1653967761,1653967761);
INSERT INTO player_score VALUES('575e7ec30',5,'1521009ce','235feb6f9',64428,2069,1653708497,1653708497);
INSERT INTO player_score VALUES('59b78031a',5,'1521009ce','54804a3af',58266,2099,1653771517,1653771517);
INSERT INTO player_score VALUES('63b14e998',5,'1521009ce','56d7ff9c5',18304,2295,1654039303,1654039303);
INSERT INTO player_score VALUES('6383aa089',5,'1521009ce','628246e90',4675,2201,1654034517,1654034517);
INSERT INTO player_score VALUES('46e370a14',5,'1521009ce','a471c79e',105840,1540,1653266097,1653266097);
INSERT INTO player_score VALUES('5795ec394',5,'15a98553f','15a76c3b4',6240,1889,1653714309,1653714309);
INSERT INTO player_score VALUES('58d64a645',5,'15a98553f','235feb6f9',93555,2136,1653747902,1653747902);
INSERT INTO player_score VALUES('59c5e1d5f',5,'15a98553f','54804a3af',225423,2129,1653773025,1653773025);
INSERT INTO player_score VALUES('639dfec16',5,'15a98553f','56d7ff9c5',6384,2279,1654037278,1654037278);
INSERT INTO player_score VALUES('638ca844b',5,'15a98553f','628246e90',7920,2284,1654035460,1654035460);
INSERT INTO player_score VALUES('553f85502',5,'15a98553f','a471c79e',179200,1941,1653651562,1653651562);
INSERT INTO player_score VALUES('56a5260c1',5,'16f8cddba','235feb6f9',101460,2032,1653689062,1653689062);
INSERT INTO player_score VALUES('598dbad3a',5,'16f8cddba','54804a3af',238491,2021,1653767137,1653767137);
INSERT INTO player_score VALUES('6254395d5',5,'16f8cddba','56d7ff9c5',11628,2027,1654002699,1654002699);
INSERT INTO player_score VALUES('638ad5f5f',5,'16f8cddba','628246e90',145426,2268,1654035269,1654035269);
INSERT INTO player_score VALUES('550094084',5,'16f8cddba','a471c79e',26928,1929,1653644962,1653644962);
INSERT INTO player_score VALUES('628ae111f',5,'195c0121f','15a76c3b4',27918,2191,1654008430,1654008430);
INSERT INTO player_score VALUES('59c975592',5,'195c0121f','54804a3af',217560,2135,1653773400,1653773400);
INSERT INTO player_score VALUES('63b227e5f',5,'195c0121f','56d7ff9c5',158841,2296,1654039392,1654039392);
INSERT INTO player_score VALUES('636c84bb3',5,'195c0121f','628246e90',171825,1992,1654032090,1654032090);
INSERT INTO player_score VALUES('5510ef09e',5,'195c0121f','a471c79e',12375,1933,1653646677,1653646677);
INSERT INTO player_score VALUES('637a84b9e',5,'1a376d00d','15a76c3b4',129948,2221,1654033558,1654033558);
INSERT INTO player_score VALUES('57ea6ff89',5,'1a376d00d','235feb6f9',221832,2095,1653723171,1653723171);
INSERT INTO player_score VALUES('59a234849',5,'1a376d00d','54804a3af',12920,2062,1653769284,1653769284);
INSERT INTO player_score VALUES('63868402f',5,'1a376d00d','56d7ff9c5',41412,2263,1654034816,1654034816);
INSERT INTO player_score VALUES('6383a5269',5,'1a376d00d','628246e90',398634,2200,1654034515,1654034515);
INSERT INTO player_score VALUES('630ecf7a0',5,'1e28ba5a0','15a76c3b4',25272,2204,1654022264,1654022264);
INSERT INTO player_score VALUES('59c4d7b8f',5,'1e28ba5a0','54804a3af',156978,2126,1653772916,1653772916);
INSERT INTO player_score VALUES('62bdeb784',5,'1e28ba5a0','56d7ff9c5',167504,2104,1654013782,1654013782);
INSERT INTO player_score VALUES('53b8d9192',5,'1e28ba5a0','a471c79e',50463,1886,1653610597,1653610597);
INSERT INTO player_score VALUES('5a332ec8c',5,'1e7fd3bad','15a76c3b4',111600,1974,1653784486,1653784486);
INSERT INTO player_score VALUES('58b60e701',5,'1e7fd3bad','235feb6f9',5670,2133,1653744522,1653744522);
INSERT INTO player_score VALUES('59982e9b4',5,'1e7fd3bad','54804a3af',5256,2045,1653768233,1653768233);
INSERT INTO player_score VALUES('611865510',5,'1e7fd3bad','56d7ff9c5',35264,1823,1653969582,1653969582);
INSERT INTO player_score VALUES('6388516e4',5,'1e7fd3bad','628246e90',62608,2250,1654035005,1654035005);
INSERT INTO player_score VALUES('53e34e3b2',5,'1e7fd3bad','a471c79e',148044,1892,1653615049,1653615049);
INSERT INTO player_score VALUES('5665cbc8f',5,'1f4f6c426','15a76c3b4',60480,1859,1653682419,1653682419);
INSERT INTO player_score VALUES('58b7fb96b',5,'1f4f6c426','235feb6f9',299464,2134,1653744724,1653744724);
INSERT INTO player_score VALUES('597302029',5,'1f4f6c426','54804a3af',110880,1986,1653764335,1653764335);
INSERT INTO player_score VALUES('63a246f4e',5,'1f4f6c426','56d7ff9c5',41400,2287,1654037727,1654037727);
INSERT INTO player_score VALUES('638c35860',5,'1f4f6c426','628246e90',18048,2279,1654035413,1654035413);
INSERT INTO player_score VALUES('4c28d4fbd',5,'1f4f6c426','a471c79e',4515,1686,1653407591,1653407591);
INSERT INTO player_score VALUES('522f4e064',5,'1f51102f8','15a76c3b4',2112,1740,1653569331,1653569331);
INSERT INTO player_score VALUES('4be629182',5,'1f51102f8','235feb6f9',122544,1576,1653400600,1653400600);
INSERT INTO player_score VALUES('5f584fd7c',5,'1f51102f8','56d7ff9c5',63495,1540,1653922597,1653922597);
INSERT INTO player_score VALUES('63736c4ed',5,'1f51102f8','628246e90',148200,2071,1654032814,1654032814);
INSERT INTO player_score VALUES('553ebaa87',5,'1f51102f8','a471c79e',6426,1939,1653651479,1653651479);
INSERT INTO player_score VALUES('61cf211a2',5,'1fbea8d02','15a76c3b4',267140,2171,1653988743,1653988743);
INSERT INTO player_score VALUES('54d211452',5,'1fbea8d02','235feb6f9',289440,1956,1653640085,1653640085);
INSERT INTO player_score VALUES('59bfaeed5',5,'1fbea8d02','54804a3af',32292,2111,1653772375,1653772375);
INSERT INTO player_score VALUES('6313d3a64',5,'1fbea8d02','56d7ff9c5',220252,2171,1654022790,1654022790);
INSERT INTO player_score VALUES('634d50765',5,'1fbea8d02','628246e90',624150,1733,1654028818,1654028818);
INSERT INTO player_score VALUES('50af7ac0f',5,'1fbea8d02','a471c79e',54120,1802,1653529084,1653529084);
INSERT INTO player_score VALUES('52e2a23a4',5,'201e465c7','15a76c3b4',541446,1758,1653588135,1653588135);
INSERT INTO player_score VALUES('59174d718',5,'201e465c7','235feb6f9',332288,2142,1653754719,1653754719);
INSERT INTO player_score VALUES('59b00d756',5,'201e465c7','54804a3af',5280,2083,1653770736,1653770736);
INSERT INTO player_score VALUES('6378951c7',5,'201e465c7','56d7ff9c5',60984,2252,1654033355,1654033355);
INSERT INTO player_score VALUES('6389fcad2',5,'201e465c7','628246e90',30888,2261,1654035180,1654035180);
INSERT INTO player_score VALUES('5300265f7',5,'201e465c7','a471c79e',174960,1864,1653591230,1653591230);
INSERT INTO player_score VALUES('627793a7d',5,'24eb2df74','15a76c3b4',60320,2187,1654006406,1654006406);
INSERT INTO player_score VALUES('54a599040',5,'24eb2df74','235feb6f9',1040,1949,1653635422,1653635422);
INSERT INTO player_score VALUES('59b8e9862',5,'24eb2df74','54804a3af',567644,2100,1653771665,1653771665);
INSERT INTO player_score VALUES('53902c7fd',5,'24eb2df74','a471c79e',24568,1881,1653606332,1653606332);
INSERT INTO player_score VALUES('5c5b4d8c7',5,'25425d4e4','15a76c3b4',69552,2031,1653842380,1653842380);
INSERT INTO player_score VALUES('57f04d6d3',5,'25425d4e4','235feb6f9',37905,2097,1653723786,1653723786);
INSERT INTO player_score VALUES('598894796',5,'25425d4e4','54804a3af',99099,2011,1653766597,1653766597);
INSERT INTO player_score VALUES('6264acc99',5,'25425d4e4','56d7ff9c5',223015,2037,1654004424,1654004424);
INSERT INTO player_score VALUES('638d7a3a9',5,'25425d4e4','628246e90',35574,2290,1654035546,1654035546);
INSERT INTO player_score VALUES('5401ae1e5',5,'25425d4e4','a471c79e',308880,1897,1653618234,1653618234);
INSERT INTO player_score VALUES('6348d7733',5,'2630c11f7','15a76c3b4',364344,2214,1654028349,1654028349);
INSERT INTO player_score VALUES('5589a3e68',5,'2630c11f7','235feb6f9',46431,1993,1653659334,1653659334);
INSERT INTO player_score VALUES('59ba6180d',5,'2630c11f7','54804a3af',159324,2105,1653771819,1653771819);
INSERT INTO player_score VALUES('638256ac6',5,'2630c11f7','56d7ff9c5',56916,2260,1654034378,1654034378);
INSERT INTO player_score VALUES('638b2418b',5,'2630c11f7','628246e90',4464,2270,1654035301,1654035301);
INSERT INTO player_score VALUES('502da2fef',5,'2630c11f7','a471c79e',346764,1793,1653515469,1653515469);
INSERT INTO player_score VALUES('62f27a106',5,'271cf0fd6','15a76c3b4',37449,2202,1654019293,1654019293);
INSERT INTO player_score VALUES('565cde9ba',5,'271cf0fd6','235feb6f9',243810,2023,1653681483,1653681483);
INSERT INTO player_score VALUES('590fdab48',5,'271cf0fd6','54804a3af',220320,1828,1653753938,1653753938);
INSERT INTO player_score VALUES('63bebc19c',5,'271cf0fd6','56d7ff9c5',151200,2302,1654040711,1654040711);
INSERT INTO player_score VALUES('638b85c08',5,'271cf0fd6','628246e90',286160,2273,1654035341,1654035341);
INSERT INTO player_score VALUES('4f054f9f0',5,'271cf0fd6','a471c79e',356178,1753,1653484397,1653484397);
INSERT INTO player_score VALUES('5f75d3fe1',5,'274b31cf7','15a76c3b4',68628,2117,1653925692,1653925692);
INSERT INTO player_score VALUES('59942d391',5,'274b31cf7','54804a3af',92960,2034,1653767813,1653767813);
INSERT INTO player_score VALUES('62d189732',5,'274b31cf7','56d7ff9c5',43296,2120,1654015839,1654015839);
INSERT INTO player_score VALUES('63612422f',5,'274b31cf7','628246e90',182952,1907,1654030897,1654030897);
INSERT INTO player_score VALUES('54338ea9e',5,'274b31cf7','a471c79e',45000,1906,1653623464,1653623464);
INSERT INTO player_score VALUES('63a09bb50',5,'285263c11','15a76c3b4',29370,2226,1654037552,1654037552);
INSERT INTO player_score VALUES('57fbf7470',5,'285263c11','235feb6f9',0,2100,1653725009,1653725009);
INSERT INTO player_score VALUES('595bc6c02',5,'285263c11','54804a3af',388080,1951,1653761899,1653761899);
INSERT INTO player_score VALUES('62e379ba4',5,'285263c11','56d7ff9c5',0,2135,1654017720,1654017720);
INSERT INTO player_score VALUES('63835977a',5,'285263c11','628246e90',360096,2196,1654034484,1654034484);
INSERT INTO player_score VALUES('54c17baca',5,'285263c11','a471c79e',89640,1923,1653638346,1653638346);
INSERT INTO player_score VALUES('6152a7df2',5,'288bf1a19','15a76c3b4',90288,2162,1653975691,1653975691);
INSERT INTO player_score VALUES('58789a02d',5,'288bf1a19','235feb6f9',1518,2123,1653738078,1653738078);
INSERT INTO player_score VALUES('59bfb158a',5,'288bf1a19','54804a3af',37758,2112,1653772376,1653772376);
INSERT INTO player_score VALUES('62fcabeed',5,'288bf1a19','56d7ff9c5',29146,2157,1654020362,1654020362);
INSERT INTO player_score VALUES('638c617b9',5,'288bf1a19','628246e90',256080,2283,1654035431,1654035431);
INSERT INTO player_score VALUES('5b4d69c19',5,'2a8c41fd7','15a76c3b4',23814,2005,1653814080,1653814080);
INSERT INTO player_score VALUES('590eb5bad',5,'2a8c41fd7','235feb6f9',64512,2140,1653753818,1653753818);
INSERT INTO player_score VALUES('59d14750d',5,'2a8c41fd7','54804a3af',15510,2144,1653774220,1653774220);
INSERT INTO player_score VALUES('6352ee717',5,'2a8c41fd7','56d7ff9c5',32390,2225,1654029407,1654029407);
INSERT INTO player_score VALUES('53973b208',5,'2a8c41fd7','a471c79e',0,1882,1653607072,1653607072);
INSERT INTO player_score VALUES('62b1b197d',5,'2ac819ced','15a76c3b4',237006,2196,1654012500,1654012500);
INSERT INTO player_score VALUES('5882cbdd2',5,'2ac819ced','235feb6f9',2262,2126,1653739147,1653739147);
INSERT INTO player_score VALUES('59b1151d7',5,'2ac819ced','54804a3af',88288,2088,1653770844,1653770844);
INSERT INTO player_score VALUES('6397961f3',5,'2ac819ced','56d7ff9c5',153900,2271,1654036606,1654036606);
INSERT INTO player_score VALUES('6382c488b',5,'2ac819ced','628246e90',132600,2189,1654034423,1654034423);
INSERT INTO player_score VALUES('5358adf45',5,'2ac819ced','a471c79e',60016,1876,1653600513,1653600513);
INSERT INTO player_score VALUES('62ffacfa8',5,'2ae4d833b','15a76c3b4',13140,2203,1654020677,1654020677);
INSERT INTO player_score VALUES('54ddfd0a5',5,'2ae4d833b','235feb6f9',98280,1958,1653641335,1653641335);
INSERT INTO player_score VALUES('63c56df7a',5,'2ae4d833b','56d7ff9c5',0,2307,1654041413,1654041413);
INSERT INTO player_score VALUES('638bd8c0a',5,'2ae4d833b','628246e90',3696,2275,1654035375,1654035375);
INSERT INTO player_score VALUES('636aaffdf',5,'2aed3a32d','15a76c3b4',121730,2216,1654031898,1654031898);
INSERT INTO player_score VALUES('5570d0ed7',5,'2aed3a32d','235feb6f9',392544,1983,1653656731,1653656731);
INSERT INTO player_score VALUES('59b7088ef',5,'2aed3a32d','54804a3af',26928,2098,1653771468,1653771468);
INSERT INTO player_score VALUES('636f10961',5,'2aed3a32d','628246e90',66000,2020,1654032357,1654032357);
INSERT INTO player_score VALUES('5478bca20',5,'2aed3a32d','a471c79e',103680,1913,1653630718,1653630718);
INSERT INTO player_score VALUES('63a7d3dad',5,'2bc4e69ab','15a76c3b4',103156,2228,1654038309,1654038309);
INSERT INTO player_score VALUES('56b92cfda',5,'2bc4e69ab','235feb6f9',231040,2038,1653691162,1653691162);
INSERT INTO player_score VALUES('59c6c7509',5,'2bc4e69ab','54804a3af',52440,2131,1653773119,1653773119);
INSERT INTO player_score VALUES('637b2fa06',5,'2bc4e69ab','628246e90',29250,2134,1654033628,1654033628);
INSERT INTO player_score VALUES('54bf1bc5e',5,'2bc4e69ab','a471c79e',64152,1921,1653638097,1653638097);
INSERT INTO player_score VALUES('5e1663bae',5,'2c302dfbb','15a76c3b4',91575,2081,1653888841,1653888841);
INSERT INTO player_score VALUES('51691f272',5,'2c302dfbb','235feb6f9',64680,1790,1653548550,1653548550);
INSERT INTO player_score VALUES('59296e8f2',5,'2c302dfbb','54804a3af',2268,1865,1653756620,1653756620);
INSERT INTO player_score VALUES('634c10a0b',5,'2c302dfbb','56d7ff9c5',30000,2219,1654028687,1654028687);
INSERT INTO player_score VALUES('63887fd31',5,'2c302dfbb','628246e90',265608,2251,1654035024,1654035024);
INSERT INTO player_score VALUES('521db0bf0',5,'2c302dfbb','a471c79e',108192,1844,1653567484,1653567484);
INSERT INTO player_score VALUES('612ba1a3a',5,'2c882f476','15a76c3b4',12760,2160,1653971599,1653971599);
INSERT INTO player_score VALUES('56568bf7f',5,'2c882f476','235feb6f9',364038,2022,1653680820,1653680820);
INSERT INTO player_score VALUES('5968cdb62',5,'2c882f476','54804a3af',253552,1975,1653763265,1653763265);
INSERT INTO player_score VALUES('633beb574',5,'2c882f476','56d7ff9c5',479250,2205,1654026994,1654026994);
INSERT INTO player_score VALUES('6381e8cf6',5,'2c882f476','628246e90',17700,2182,1654034333,1654034333);
INSERT INTO player_score VALUES('4dc24fa46',5,'2c882f476','a471c79e',6534,1723,1653450528,1653450528);
INSERT INTO player_score VALUES('5d0816f56',5,'2c9fe49fd','15a76c3b4',92160,2050,1653860498,1653860498);
INSERT INTO player_score VALUES('59150ad5f',5,'2c9fe49fd','235feb6f9',144342,2141,1653754482,1653754482);
INSERT INTO player_score VALUES('59c5d59f7',5,'2c9fe49fd','54804a3af',280,2128,1653773020,1653773020);
INSERT INTO player_score VALUES('63270ff79',5,'2c9fe49fd','56d7ff9c5',123310,2183,1654024807,1654024807);
INSERT INTO player_score VALUES('638a2d85f',5,'2c9fe49fd','628246e90',17160,2263,1654035200,1654035200);
INSERT INTO player_score VALUES('550883470',5,'2c9fe49fd','a471c79e',142800,1931,1653645794,1653645794);
INSERT INTO player_score VALUES('581cf1a90',5,'2f0d9cc5b','15a76c3b4',7236,1905,1653728467,1653728467);
INSERT INTO player_score VALUES('57e99dff4',5,'2f0d9cc5b','235feb6f9',235620,2094,1653723085,1653723085);
INSERT INTO player_score VALUES('59cdf0cec',5,'2f0d9cc5b','54804a3af',284444,2139,1653773870,1653773870);
INSERT INTO player_score VALUES('60651d53e',5,'2f0d9cc5b','56d7ff9c5',145530,1711,1653950783,1653950783);
INSERT INTO player_score VALUES('638c5061a',5,'2f0d9cc5b','628246e90',6696,2282,1654035424,1654035424);
INSERT INTO player_score VALUES('5401340be',5,'2f0d9cc5b','a471c79e',290250,1896,1653618184,1653618184);
INSERT INTO player_score VALUES('6191a559f',5,'2f411c5b8','15a76c3b4',25515,2165,1653982296,1653982296);
INSERT INTO player_score VALUES('4fda8d7b0',5,'2f411c5b8','235feb6f9',5508,1734,1653506757,1653506757);
INSERT INTO player_score VALUES('59c8cf59f',5,'2f411c5b8','54804a3af',1708,2133,1653773332,1653773332);
INSERT INTO player_score VALUES('63754384d',5,'2f411c5b8','56d7ff9c5',2915,2246,1654033007,1654033007);
INSERT INTO player_score VALUES('638282a09',5,'2f411c5b8','628246e90',4872,2187,1654034396,1654034396);
INSERT INTO player_score VALUES('52e3dab7a',5,'2f411c5b8','a471c79e',256968,1863,1653588263,1653588263);
INSERT INTO player_score VALUES('5e5ac9818',5,'308f18d93','15a76c3b4',328328,2091,1653896013,1653896013);
INSERT INTO player_score VALUES('583db16d6',5,'308f18d93','235feb6f9',414640,2113,1653731901,1653731901);
INSERT INTO player_score VALUES('59ba15ce2',5,'308f18d93','54804a3af',581664,2103,1653771788,1653771788);
INSERT INTO player_score VALUES('635201a36',5,'308f18d93','56d7ff9c5',17280,2224,1654029310,1654029310);
INSERT INTO player_score VALUES('638d050e8',5,'308f18d93','628246e90',19448,2286,1654035498,1654035498);
INSERT INTO player_score VALUES('548bb4950',5,'308f18d93','a471c79e',69984,1914,1653632707,1653632707);
INSERT INTO player_score VALUES('599be44f0',5,'34e4f942d','54804a3af',53760,2052,1653768622,1653768622);
INSERT INTO player_score VALUES('62f4ab94a',5,'34e4f942d','56d7ff9c5',100110,2151,1654019523,1654019523);
INSERT INTO player_score VALUES('63841cc61',5,'34e4f942d','628246e90',0,2208,1654034564,1654034564);
INSERT INTO player_score VALUES('5438cb030',5,'34e4f942d','a471c79e',22780,1907,1653624013,1653624013);
INSERT INTO player_score VALUES('58ebb0e2b',5,'354db259f','235feb6f9',29106,2138,1653750146,1653750146);
INSERT INTO player_score VALUES('5981269a7',5,'354db259f','54804a3af',177744,2006,1653765818,1653765818);
INSERT INTO player_score VALUES('63a110e6e',5,'354db259f','56d7ff9c5',2688,2283,1654037600,1654037600);
INSERT INTO player_score VALUES('638594c3b',5,'354db259f','628246e90',100776,2223,1654034718,1654034718);
INSERT INTO player_score VALUES('4d8bf8836',5,'354db259f','a471c79e',102375,1718,1653444830,1653444830);
INSERT INTO player_score VALUES('5a6b50e73',5,'3574fa81d','15a76c3b4',189504,1976,1653790372,1653790372);
INSERT INTO player_score VALUES('590435bef',5,'3574fa81d','235feb6f9',85008,2139,1653752717,1653752717);
INSERT INTO player_score VALUES('5979aefe3',5,'3574fa81d','54804a3af',141246,1994,1653765035,1653765035);
INSERT INTO player_score VALUES('63c28cad1',5,'3574fa81d','56d7ff9c5',8613,2305,1654041111,1654041111);
INSERT INTO player_score VALUES('635b220c5',5,'3574fa81d','628246e90',31752,1853,1654030267,1654030267);
INSERT INTO player_score VALUES('629046e7d',5,'3584c0989','15a76c3b4',127400,2193,1654008996,1654008996);
INSERT INTO player_score VALUES('57d526bc3',5,'3584c0989','235feb6f9',39900,2091,1653720939,1653720939);
INSERT INTO player_score VALUES('59140a7b3',5,'3584c0989','54804a3af',75040,1838,1653754377,1653754377);
INSERT INTO player_score VALUES('63bc240e9',5,'3584c0989','56d7ff9c5',114800,2301,1654040439,1654040439);
INSERT INTO player_score VALUES('637a7d651',5,'3584c0989','628246e90',70560,2125,1654033555,1654033555);
INSERT INTO player_score VALUES('52bbca5f4',5,'3584c0989','a471c79e',218592,1859,1653584062,1653584062);
INSERT INTO player_score VALUES('604f48eeb',5,'36c43e24d','15a76c3b4',126,2138,1653948494,1653948494);
INSERT INTO player_score VALUES('56435e4c1',5,'36c43e24d','235feb6f9',135360,2020,1653678809,1653678809);
INSERT INTO player_score VALUES('639eb5dd1',5,'36c43e24d','56d7ff9c5',9856,2281,1654037353,1654037353);
INSERT INTO player_score VALUES('6386e0ca9',5,'36c43e24d','628246e90',41756,2235,1654034854,1654034854);
INSERT INTO player_score VALUES('51ea50e45',5,'36c43e24d','a471c79e',87875,1838,1653562097,1653562097);
INSERT INTO player_score VALUES('635ebce81',5,'36eff31d3','15a76c3b4',198750,2215,1654030645,1654030645);
INSERT INTO player_score VALUES('545fffa1c',5,'36eff31d3','235feb6f9',76986,1939,1653628124,1653628124);
INSERT INTO player_score VALUES('59a781f49',5,'36eff31d3','54804a3af',10575,2068,1653769840,1653769840);
INSERT INTO player_score VALUES('639a79e1e',5,'36eff31d3','56d7ff9c5',239538,2273,1654036909,1654036909);
INSERT INTO player_score VALUES('6385fb4e1',5,'36eff31d3','628246e90',415520,2227,1654034760,1654034760);
INSERT INTO player_score VALUES('534c481e6',5,'36eff31d3','a471c79e',42315,1874,1653599213,1653599213);
INSERT INTO player_score VALUES('5da532ad1',5,'3772fc082','15a76c3b4',167808,2070,1653876972,1653876972);
INSERT INTO player_score VALUES('56ba630b4',5,'3772fc082','235feb6f9',268800,2039,1653691289,1653691289);
INSERT INTO player_score VALUES('599ea371a',5,'3772fc082','54804a3af',55692,2057,1653768910,1653768910);
INSERT INTO player_score VALUES('6351ac2da',5,'3772fc082','56d7ff9c5',255407,2223,1654029275,1654029275);
INSERT INTO player_score VALUES('638b17e35',5,'3772fc082','628246e90',47700,2269,1654035296,1654035296);
INSERT INTO player_score VALUES('533cbf13e',5,'3772fc082','a471c79e',30576,1872,1653597584,1653597584);
INSERT INTO player_score VALUES('5f875dbf9',5,'379330a62','15a76c3b4',75888,2118,1653927531,1653927531);
INSERT INTO player_score VALUES('5897347a1',5,'379330a62','235feb6f9',125440,2130,1653741287,1653741287);
INSERT INTO player_score VALUES('59637414d',5,'379330a62','54804a3af',210375,1963,1653762704,1653762704);
INSERT INTO player_score VALUES('6284e16bc',5,'379330a62','56d7ff9c5',237452,2067,1654007801,1654007801);
INSERT INTO player_score VALUES('637bd5a58',5,'379330a62','628246e90',1479,2141,1654033696,1654033696);
INSERT INTO player_score VALUES('5226dd609',5,'379330a62','a471c79e',0,1847,1653568446,1653568446);
INSERT INTO player_score VALUES('510295273',5,'379e7db86','15a76c3b4',285956,1696,1653537798,1653537798);
INSERT INTO player_score VALUES('55e98ab26',5,'379e7db86','235feb6f9',1200,2007,1653669390,1653669390);
INSERT INTO player_score VALUES('59d482f3d',5,'379e7db86','54804a3af',0,2148,1653774559,1653774559);
INSERT INTO player_score VALUES('638184b6e',5,'379e7db86','628246e90',34560,2180,1654034292,1654034292);
INSERT INTO player_score VALUES('540488193',5,'379e7db86','a471c79e',317520,1898,1653618533,1653618533);
INSERT INTO player_score VALUES('5fd841be6',5,'38989a0d2','15a76c3b4',15456,2129,1653936013,1653936013);
INSERT INTO player_score VALUES('58937ec72',5,'38989a0d2','235feb6f9',40420,2129,1653740898,1653740898);
INSERT INTO player_score VALUES('59c1665ea',5,'38989a0d2','54804a3af',3094,2115,1653772555,1653772555);
INSERT INTO player_score VALUES('62bc5d83f',5,'38989a0d2','56d7ff9c5',265268,2102,1654013619,1654013619);
INSERT INTO player_score VALUES('638925d83',5,'38989a0d2','628246e90',647400,2255,1654035092,1654035092);
INSERT INTO player_score VALUES('4f7f04d93',5,'38989a0d2','a471c79e',5168,1768,1653497159,1653497159);
INSERT INTO player_score VALUES('63b8c15a8',5,'394c859c2','15a76c3b4',150975,2230,1654040084,1654040084);
INSERT INTO player_score VALUES('588064a15',5,'394c859c2','235feb6f9',10440,2125,1653738895,1653738895);
INSERT INTO player_score VALUES('596a96416',5,'394c859c2','54804a3af',0,1978,1653763452,1653763452);
INSERT INTO player_score VALUES('63b284abb',5,'394c859c2','56d7ff9c5',105840,2297,1654039430,1654039430);
INSERT INTO player_score VALUES('6386be992',5,'394c859c2','628246e90',26796,2234,1654034840,1654034840);
INSERT INTO player_score VALUES('53e455eab',5,'394c859c2','a471c79e',334400,1893,1653615157,1653615157);
INSERT INTO player_score VALUES('633d5bfef',5,'39b0be589','15a76c3b4',39508,2211,1654027145,1654027145);
INSERT INTO player_score VALUES('582326fee',5,'39b0be589','235feb6f9',6840,2105,1653729118,1653729118);
INSERT INTO player_score VALUES('59ce2ddc9',5,'39b0be589','54804a3af',29614,2140,1653773895,1653773895);
INSERT INTO player_score VALUES('631efe896',5,'39b0be589','56d7ff9c5',79488,2180,1654023961,1654023961);
INSERT INTO player_score VALUES('637146ff9',5,'39b0be589','628246e90',12810,2049,1654032589,1654032589);
INSERT INTO player_score VALUES('538ff45ac',5,'39b0be589','a471c79e',6840,1880,1653606309,1653606309);
INSERT INTO player_score VALUES('5e88e344f',5,'39b60491','15a76c3b4',68544,2098,1653900847,1653900847);
INSERT INTO player_score VALUES('58981ed7a',5,'39b60491','235feb6f9',15680,2131,1653741383,1653741383);
INSERT INTO player_score VALUES('597d2537a',5,'39b60491','54804a3af',27456,1999,1653765398,1653765398);
INSERT INTO player_score VALUES('60f0bb809',5,'39b60491','56d7ff9c5',5850,1801,1653965423,1653965423);
INSERT INTO player_score VALUES('638c3f4c7',5,'39b60491','628246e90',118437,2281,1654035417,1654035417);
INSERT INTO player_score VALUES('51e15c6a0',5,'39b60491','a471c79e',24000,1837,1653561158,1653561158);
INSERT INTO player_score VALUES('52b5e327c',5,'3a0c9edd2','235feb6f9',88537,1855,1653583443,1653583443);
INSERT INTO player_score VALUES('59d471dde',5,'3a0c9edd2','54804a3af',10920,2147,1653774552,1653774552);
INSERT INTO player_score VALUES('63c1ff121',5,'3a0c9edd2','56d7ff9c5',3724,2304,1654041053,1654041053);
INSERT INTO player_score VALUES('638323bf4',5,'3a0c9edd2','628246e90',6248,2193,1654034462,1654034462);
INSERT INTO player_score VALUES('553f4f96a',5,'3a0c9edd2','a471c79e',59400,1940,1653651540,1653651540);
INSERT INTO player_score VALUES('6375e986c',5,'3a3853da','15a76c3b4',28120,2219,1654033075,1654033075);
INSERT INTO player_score VALUES('5945b7c56',5,'3a3853da','54804a3af',27666,1914,1653759586,1653759586);
INSERT INTO player_score VALUES('63c40e689',5,'3a3853da','56d7ff9c5',149850,2306,1654041269,1654041269);
INSERT INTO player_score VALUES('638a6a8f0',5,'3a3853da','628246e90',84506,2264,1654035225,1654035225);
INSERT INTO player_score VALUES('4d07297a9',5,'3a3853da','a471c79e',32900,1702,1653430904,1653430904);
INSERT INTO player_score VALUES('60a38ac25',5,'3a6f50f63','15a76c3b4',21168,2149,1653957329,1653957329);
INSERT INTO player_score VALUES('57ccdd2a6',5,'3a6f50f63','235feb6f9',145152,2089,1653720070,1653720070);
INSERT INTO player_score VALUES('59d6c5902',5,'3a6f50f63','54804a3af',67200,2153,1653774796,1653774796);
INSERT INTO player_score VALUES('62e3b6c58',5,'3a6f50f63','56d7ff9c5',199584,2136,1654017745,1654017745);
INSERT INTO player_score VALUES('638770d37',5,'3a6f50f63','628246e90',317856,2237,1654034913,1654034913);
INSERT INTO player_score VALUES('533a99c04',5,'3a6f50f63','a471c79e',48070,1871,1653597359,1653597359);
INSERT INTO player_score VALUES('60d61155e',5,'3b8fa6754','15a76c3b4',205860,2154,1653962627,1653962627);
INSERT INTO player_score VALUES('560d04b7a',5,'3b8fa6754','235feb6f9',12160,2012,1653673110,1653673110);
INSERT INTO player_score VALUES('59578d351',5,'3b8fa6754','54804a3af',117810,1940,1653761456,1653761456);
INSERT INTO player_score VALUES('637a7fd5e',5,'3b8fa6754','56d7ff9c5',39672,2256,1654033556,1654033556);
INSERT INTO player_score VALUES('6383c0028',5,'3b8fa6754','628246e90',0,2204,1654034526,1654034526);
INSERT INTO player_score VALUES('51f1fe3a7',5,'3b8fa6754','a471c79e',172302,1840,1653562902,1653562902);
INSERT INTO player_score VALUES('632507f24',5,'3be129255','15a76c3b4',43200,2207,1654024594,1654024594);
INSERT INTO player_score VALUES('57a4dde42',5,'3be129255','235feb6f9',40920,2082,1653715876,1653715876);
INSERT INTO player_score VALUES('599e75114',5,'3be129255','54804a3af',0,2056,1653768891,1653768891);
INSERT INTO player_score VALUES('638296256',5,'3be129255','628246e90',7812,2188,1654034404,1654034404);
INSERT INTO player_score VALUES('5517b94da',5,'3be129255','a471c79e',14820,1934,1653647389,1653647389);
INSERT INTO player_score VALUES('56219bbaa',5,'3c6286dc','235feb6f9',459610,2015,1653675269,1653675269);
INSERT INTO player_score VALUES('59c333cc1',5,'3c6286dc','54804a3af',22320,2122,1653772744,1653772744);
INSERT INTO player_score VALUES('63880f839',5,'3c6286dc','56d7ff9c5',102336,2264,1654034978,1654034978);
INSERT INTO player_score VALUES('6375f82c1',5,'3c6286dc','628246e90',20650,2096,1654033081,1654033081);
INSERT INTO player_score VALUES('5013f1d80',5,'3c6286dc','a471c79e',109224,1787,1653512775,1653512775);
INSERT INTO player_score VALUES('581c04d3a',5,'3d48f8fa5','15a76c3b4',65436,1904,1653728370,1653728370);
INSERT INTO player_score VALUES('5838c81be',5,'3d48f8fa5','235feb6f9',73920,2111,1653731386,1653731386);
INSERT INTO player_score VALUES('59c47fd53',5,'3d48f8fa5','54804a3af',277056,2125,1653772880,1653772880);
INSERT INTO player_score VALUES('62e976eed',5,'3d48f8fa5','56d7ff9c5',188892,2141,1654018348,1654018348);
INSERT INTO player_score VALUES('638a08e48',5,'3d48f8fa5','628246e90',36800,2262,1654035185,1654035185);
INSERT INTO player_score VALUES('542f2ba16',5,'3d48f8fa5','a471c79e',45066,1904,1653623004,1653623004);
INSERT INTO player_score VALUES('5f2e06a6f',5,'3e6ca4f1b','15a76c3b4',244200,2112,1653918163,1653918163);
INSERT INTO player_score VALUES('55bf947f8',5,'3e6ca4f1b','235feb6f9',52528,1998,1653664990,1653664990);
INSERT INTO player_score VALUES('59aa4863f',5,'3e6ca4f1b','54804a3af',214620,2074,1653770131,1653770131);
INSERT INTO player_score VALUES('63a14b7cc',5,'3e6ca4f1b','56d7ff9c5',2288,2284,1654037624,1654037624);
INSERT INTO player_score VALUES('637faff40',5,'3e6ca4f1b','628246e90',39150,2172,1654034100,1654034100);
INSERT INTO player_score VALUES('4ff0ad88d',5,'3e6ca4f1b','a471c79e',94392,1783,1653509077,1653509077);
INSERT INTO player_score VALUES('633ee780b',5,'3eba2d915','15a76c3b4',27300,2212,1654027307,1654027307);
INSERT INTO player_score VALUES('56d7af0db',5,'3eba2d915','235feb6f9',38160,2044,1653694361,1653694361);
INSERT INTO player_score VALUES('592403d92',5,'3eba2d915','54804a3af',178398,1861,1653756052,1653756052);
INSERT INTO player_score VALUES('63a1f8d07',5,'3eba2d915','56d7ff9c5',3224,2286,1654037695,1654037695);
INSERT INTO player_score VALUES('6389606e6',5,'3eba2d915','628246e90',256928,2259,1654035116,1654035116);
INSERT INTO player_score VALUES('4b67e270a',5,'3eba2d915','a471c79e',14640,1662,1653387359,1653387359);
INSERT INTO player_score VALUES('632154af1',5,'3ef7c1b71','15a76c3b4',26496,2206,1654024206,1654024206);
INSERT INTO player_score VALUES('58aaefc05',5,'3ef7c1b71','235feb6f9',3840,2132,1653743356,1653743356);
INSERT INTO player_score VALUES('62011c83f',5,'3ef7c1b71','56d7ff9c5',304612,1976,1653993984,1653993984);
INSERT INTO player_score VALUES('6383410e9',5,'3ef7c1b71','628246e90',32640,2195,1654034474,1654034474);
INSERT INTO player_score VALUES('54fc559a7',5,'3ef7c1b71','a471c79e',79632,1928,1653644517,1653644517);
INSERT INTO player_score VALUES('60220aea6',5,'3f38213b3','15a76c3b4',6880,2135,1653943750,1653943750);
INSERT INTO player_score VALUES('57f419183',5,'3f38213b3','235feb6f9',23199,2098,1653724184,1653724184);
INSERT INTO player_score VALUES('59b0f07f2',5,'3f38213b3','54804a3af',62370,2086,1653770829,1653770829);
INSERT INTO player_score VALUES('638352271',5,'3f38213b3','56d7ff9c5',133650,2261,1654034481,1654034481);
INSERT INTO player_score VALUES('636fa3149',5,'3f38213b3','628246e90',418900,2027,1654032417,1654032417);
INSERT INTO player_score VALUES('530ce4193',5,'3f38213b3','a471c79e',193980,1865,1653592566,1653592566);
INSERT INTO player_score VALUES('63a77e693',5,'3fed788f4','15a76c3b4',58800,2227,1654038274,1654038274);
INSERT INTO player_score VALUES('56b310097',5,'3fed788f4','235feb6f9',16170,2037,1653690521,1653690521);
INSERT INTO player_score VALUES('595b259c1',5,'3fed788f4','54804a3af',157464,1948,1653761833,1653761833);
INSERT INTO player_score VALUES('62e638da6',5,'3fed788f4','56d7ff9c5',7446,2139,1654018008,1654018008);
INSERT INTO player_score VALUES('638b4d964',5,'3fed788f4','628246e90',17100,2271,1654035318,1654035318);
INSERT INTO player_score VALUES('4d8f453c6',5,'3fed788f4','a471c79e',235790,1720,1653445176,1653445176);
INSERT INTO player_score VALUES('5efb9fd33',5,'3ffd39c48','15a76c3b4',136323,2109,1653912878,1653912878);
INSERT INTO player_score VALUES('5505404d1',5,'3ffd39c48','235feb6f9',152000,1970,1653645452,1653645452);
INSERT INTO player_score VALUES('638a2d85e',5,'3ffd39c48','56d7ff9c5',35150,2265,1654035200,1654035200);
INSERT INTO player_score VALUES('636cf02bd',5,'3ffd39c48','628246e90',560616,1999,1654032134,1654032134);
INSERT INTO player_score VALUES('6347226ce',5,'40261c134','15a76c3b4',7954,2213,1654028170,1654028170);
INSERT INTO player_score VALUES('5831ea4bd',5,'40261c134','235feb6f9',847780,2109,1653730666,1653730666);
INSERT INTO player_score VALUES('59b9af469',5,'40261c134','54804a3af',21414,2102,1653771746,1653771746);
INSERT INTO player_score VALUES('6392c2c73',5,'40261c134','56d7ff9c5',9108,2268,1654036100,1654036100);
INSERT INTO player_score VALUES('54c032168',5,'40261c134','a471c79e',306800,1922,1653638211,1653638211);
INSERT INTO player_score VALUES('63939c0de',5,'40d9d461d','15a76c3b4',161280,2224,1654036189,1654036189);
INSERT INTO player_score VALUES('573f0b01d',5,'40d9d461d','235feb6f9',2405,2059,1653705199,1653705199);
INSERT INTO player_score VALUES('6356894bf',5,'40d9d461d','56d7ff9c5',34572,2229,1654029785,1654029785);
INSERT INTO player_score VALUES('638a8cbaf',5,'40d9d461d','628246e90',105735,2265,1654035239,1654035239);
INSERT INTO player_score VALUES('4f7f44517',5,'40d9d461d','a471c79e',265598,1769,1653497185,1653497185);
INSERT INTO player_score VALUES('6377d43c5',5,'40f873ba5','15a76c3b4',34425,2220,1654033276,1654033276);
INSERT INTO player_score VALUES('54c15bf32',5,'40f873ba5','235feb6f9',128205,1952,1653638333,1653638333);
INSERT INTO player_score VALUES('59c1f66b8',5,'40f873ba5','54804a3af',78120,2116,1653772614,1653772614);
INSERT INTO player_score VALUES('633d01a4e',5,'40f873ba5','56d7ff9c5',0,2207,1654027108,1654027108);
INSERT INTO player_score VALUES('6383a0415',5,'40f873ba5','628246e90',663,2199,1654034513,1654034513);
INSERT INTO player_score VALUES('50d5af020',5,'40f873ba5','a471c79e',73920,1804,1653533090,1653533090);
INSERT INTO player_score VALUES('638a80883',5,'425611af0','15a76c3b4',123728,2223,1654035234,1654035234);
INSERT INTO player_score VALUES('57552632d',5,'425611af0','235feb6f9',119700,2063,1653707517,1653707517);
INSERT INTO player_score VALUES('59ad448e9',5,'425611af0','54804a3af',19712,2078,1653770444,1653770444);
INSERT INTO player_score VALUES('63b01fe23',5,'425611af0','56d7ff9c5',327180,2294,1654039179,1654039179);
INSERT INTO player_score VALUES('63879a55e',5,'425611af0','628246e90',414720,2238,1654034930,1654034930);
INSERT INTO player_score VALUES('552c94adf',5,'425611af0','a471c79e',267003,1937,1653649576,1653649576);
INSERT INTO player_score VALUES('614b3ee4e',5,'42cd00769','15a76c3b4',64512,2161,1653974914,1653974914);
INSERT INTO player_score VALUES('5891dfbe7',5,'42cd00769','235feb6f9',256355,2128,1653740728,1653740728);
INSERT INTO player_score VALUES('59b8ebf21',5,'42cd00769','54804a3af',102060,2101,1653771666,1653771666);
INSERT INTO player_score VALUES('63ab823a1',5,'42cd00769','56d7ff9c5',91168,2292,1654038695,1654038695);
INSERT INTO player_score VALUES('6388c4317',5,'42cd00769','628246e90',186000,2252,1654035052,1654035052);
INSERT INTO player_score VALUES('4b3a3de0f',5,'42cd00769','a471c79e',291,1655,1653382573,1653382573);
INSERT INTO player_score VALUES('5fbbcf08f',5,'43a2ae9a3','15a76c3b4',511584,2124,1653933030,1653933030);
INSERT INTO player_score VALUES('56dd65748',5,'43a2ae9a3','235feb6f9',157604,2045,1653694960,1653694960);
INSERT INTO player_score VALUES('59b23c87b',5,'43a2ae9a3','54804a3af',156060,2091,1653770965,1653770965);
INSERT INTO player_score VALUES('635f348b7',5,'43a2ae9a3','56d7ff9c5',112520,2238,1654030694,1654030694);
INSERT INTO player_score VALUES('6383b3c9a',5,'43a2ae9a3','628246e90',413802,2203,1654034521,1654034521);
INSERT INTO player_score VALUES('459373775',5,'43a2ae9a3','a471c79e',44352,1510,1653230866,1653230866);
INSERT INTO player_score VALUES('63b559c01',5,'43dfed53e','15a76c3b4',161014,2229,1654039727,1654039727);
INSERT INTO player_score VALUES('5714e4002',5,'43dfed53e','235feb6f9',20020,2056,1653700779,1653700779);
INSERT INTO player_score VALUES('59b678858',5,'43dfed53e','54804a3af',27216,2096,1653771409,1653771409);
INSERT INTO player_score VALUES('62f377f74',5,'43dfed53e','56d7ff9c5',9472,2150,1654019397,1654019397);
INSERT INTO player_score VALUES('638aaee7f',5,'43dfed53e','628246e90',153260,2267,1654035253,1654035253);
INSERT INTO player_score VALUES('54aa28024',5,'43dfed53e','a471c79e',0,1919,1653635900,1653635900);
INSERT INTO player_score VALUES('5f9625ecb',5,'442a1aea','15a76c3b4',7968,2119,1653929081,1653929081);
INSERT INTO player_score VALUES('59b020fa8',5,'442a1aea','54804a3af',390720,2084,1653770744,1653770744);
INSERT INTO player_score VALUES('634fd2896',5,'442a1aea','56d7ff9c5',122400,2221,1654029081,1654029081);
INSERT INTO player_score VALUES('6388d544d',5,'442a1aea','628246e90',1728,2253,1654035059,1654035059);
INSERT INTO player_score VALUES('53679851b',5,'442a1aea','a471c79e',263109,1877,1653602077,1653602077);
INSERT INTO player_score VALUES('62e1ac4f6',5,'44b587ed1','15a76c3b4',356400,2200,1654017531,1654017531);
INSERT INTO player_score VALUES('5770d809e',5,'44b587ed1','235feb6f9',315840,2074,1653710421,1653710421);
INSERT INTO player_score VALUES('59c238516',5,'44b587ed1','54804a3af',169818,2118,1653772641,1653772641);
INSERT INTO player_score VALUES('63a1c0aed',5,'44b587ed1','56d7ff9c5',86688,2285,1654037672,1654037672);
INSERT INTO player_score VALUES('6387a1a5e',5,'44b587ed1','628246e90',141750,2239,1654034933,1654034933);
INSERT INTO player_score VALUES('5519118c0',5,'44b587ed1','a471c79e',1974,1935,1653647530,1653647530);
INSERT INTO player_score VALUES('60ae825f3',5,'469ad8aa9','15a76c3b4',1460,2151,1653958479,1653958479);
INSERT INTO player_score VALUES('57ca22eae',5,'469ad8aa9','235feb6f9',873,2088,1653719784,1653719784);
INSERT INTO player_score VALUES('59c25cf2f',5,'469ad8aa9','54804a3af',4095,2119,1653772656,1653772656);
INSERT INTO player_score VALUES('637b43250',5,'469ad8aa9','628246e90',75768,2135,1654033636,1654033636);
INSERT INTO player_score VALUES('4c4b3d93a',5,'469ad8aa9','a471c79e',272365,1688,1653411199,1653411199);
INSERT INTO player_score VALUES('61fe4c4ab',5,'47159a72a','15a76c3b4',486563,2175,1653993689,1653993689);
INSERT INTO player_score VALUES('58bb659d4',5,'47159a72a','235feb6f9',45375,2135,1653745082,1653745082);
INSERT INTO player_score VALUES('59ba41bf9',5,'47159a72a','54804a3af',17094,2104,1653771806,1653771806);
INSERT INTO player_score VALUES('63aa733bb',5,'47159a72a','56d7ff9c5',4896,2291,1654038584,1654038584);
INSERT INTO player_score VALUES('529199986',5,'47159a72a','a471c79e',243236,1857,1653579638,1653579638);
INSERT INTO player_score VALUES('633179fee',5,'479f04a79','15a76c3b4',90801,2210,1654025899,1654025899);
INSERT INTO player_score VALUES('5860e71a0',5,'479f04a79','235feb6f9',4860,2120,1653735593,1653735593);
INSERT INTO player_score VALUES('59a8edb8c',5,'479f04a79','54804a3af',299376,2070,1653769989,1653769989);
INSERT INTO player_score VALUES('6348efd74',5,'479f04a79','56d7ff9c5',54264,2216,1654028359,1654028359);
INSERT INTO player_score VALUES('637b6071c',5,'479f04a79','628246e90',121800,2138,1654033648,1654033648);
INSERT INTO player_score VALUES('54952596c',5,'479f04a79','a471c79e',360,1915,1653633697,1653633697);
INSERT INTO player_score VALUES('619309caa',5,'496abf19b','15a76c3b4',302575,2166,1653982442,1653982442);
INSERT INTO player_score VALUES('5827c235e',5,'496abf19b','235feb6f9',20,2106,1653729601,1653729601);
INSERT INTO player_score VALUES('5993565e0',5,'496abf19b','54804a3af',27648,2031,1653767725,1653767725);
INSERT INTO player_score VALUES('63b44fa88',5,'496abf19b','56d7ff9c5',24244,2300,1654039618,1654039618);
INSERT INTO player_score VALUES('63864bde1',5,'496abf19b','628246e90',51324,2233,1654034793,1654034793);
INSERT INTO player_score VALUES('53513173c',5,'496abf19b','a471c79e',103040,1875,1653599728,1653599728);
INSERT INTO player_score VALUES('62a0e8b8d',5,'4996ce657','15a76c3b4',9240,2194,1654010740,1654010740);
INSERT INTO player_score VALUES('57e896520',5,'4996ce657','235feb6f9',3478,2093,1653722977,1653722977);
INSERT INTO player_score VALUES('59c8e06de',5,'4996ce657','54804a3af',328860,2134,1653773339,1653773339);
INSERT INTO player_score VALUES('63894f593',5,'4996ce657','628246e90',80190,2257,1654035109,1654035109);
INSERT INTO player_score VALUES('551f9ecbc',5,'4996ce657','a471c79e',8415,1936,1653648217,1653648217);
INSERT INTO player_score VALUES('6230fc608',5,'4c023f0a4','15a76c3b4',91884,2184,1653999004,1653999004);
INSERT INTO player_score VALUES('57e65d793',5,'4c023f0a4','235feb6f9',316008,2092,1653722744,1653722744);
INSERT INTO player_score VALUES('599643e37',5,'4c023f0a4','54804a3af',0,2043,1653768032,1653768032);
INSERT INTO player_score VALUES('639272337',5,'4c023f0a4','56d7ff9c5',12512,2267,1654036067,1654036067);
INSERT INTO player_score VALUES('6387deb14',5,'4c023f0a4','628246e90',16704,2241,1654034958,1654034958);
INSERT INTO player_score VALUES('53ff29973',5,'4c023f0a4','a471c79e',201690,1895,1653617970,1653617970);
INSERT INTO player_score VALUES('57ac77b6a',5,'4c1255bf','235feb6f9',210000,2084,1653716673,1653716673);
INSERT INTO player_score VALUES('598975177',5,'4c1255bf','54804a3af',139932,2014,1653766689,1653766689);
INSERT INTO player_score VALUES('614563dcd',5,'4c1255bf','56d7ff9c5',17248,1857,1653974300,1653974300);
INSERT INTO player_score VALUES('6389f0787',5,'4c1255bf','628246e90',91575,2260,1654035175,1654035175);
INSERT INTO player_score VALUES('5181907e9',5,'4c1255bf','a471c79e',11484,1820,1653551113,1653551113);
INSERT INTO player_score VALUES('5e19e62e9',5,'4d068d3c1','15a76c3b4',900,2082,1653889209,1653889209);
INSERT INTO player_score VALUES('56ac51f6e',5,'4d068d3c1','235feb6f9',380928,2034,1653689814,1653689814);
INSERT INTO player_score VALUES('59d594644',5,'4d068d3c1','54804a3af',113696,2152,1653774671,1653774671);
INSERT INTO player_score VALUES('63aef393c',5,'4d068d3c1','56d7ff9c5',401016,2293,1654039056,1654039056);
INSERT INTO player_score VALUES('637e04b92',5,'4d068d3c1','628246e90',8170,2157,1654033925,1654033925);
INSERT INTO player_score VALUES('53ad712bb',5,'4d068d3c1','a471c79e',8880,1885,1653609401,1653609401);
INSERT INTO player_score VALUES('6375d5fb8',5,'4e5fc86a','15a76c3b4',22311,2218,1654033067,1654033067);
INSERT INTO player_score VALUES('53f4c475e',5,'4e5fc86a','235feb6f9',43956,1921,1653616880,1653616880);
INSERT INTO player_score VALUES('5933217a2',5,'4e5fc86a','54804a3af',7808,1884,1653757637,1653757637);
INSERT INTO player_score VALUES('62e30e51d',5,'4e5fc86a','56d7ff9c5',34992,2132,1654017676,1654017676);
INSERT INTO player_score VALUES('6387efc5f',5,'4e5fc86a','628246e90',7182,2242,1654034965,1654034965);
INSERT INTO player_score VALUES('4a28bf393',5,'4e5fc86a','a471c79e',90630,1632,1653353895,1653353895);
INSERT INTO player_score VALUES('6196911c9',5,'4eeb52ce4','15a76c3b4',183222,2167,1653982812,1653982812);
INSERT INTO player_score VALUES('577040aac',5,'4eeb52ce4','235feb6f9',54340,2073,1653710359,1653710359);
INSERT INTO player_score VALUES('59a8872b3',5,'4eeb52ce4','54804a3af',135050,2069,1653769947,1653769947);
INSERT INTO player_score VALUES('63a799417',5,'4eeb52ce4','56d7ff9c5',77805,2289,1654038285,1654038285);
INSERT INTO player_score VALUES('638c1d1c6',5,'4eeb52ce4','628246e90',75640,2277,1654035403,1654035403);
INSERT INTO player_score VALUES('540ff274c',5,'4eeb52ce4','a471c79e',9405,1899,1653619730,1653619730);
INSERT INTO player_score VALUES('631c77959',5,'501857550','15a76c3b4',408240,2205,1654023696,1654023696);
INSERT INTO player_score VALUES('56bc6ff3b',5,'501857550','235feb6f9',78432,2040,1653691504,1653691504);
INSERT INTO player_score VALUES('63becd325',5,'501857550','56d7ff9c5',12672,2303,1654040718,1654040718);
INSERT INTO player_score VALUES('637238b3f',5,'501857550','628246e90',74250,2059,1654032688,1654032688);
INSERT INTO player_score VALUES('550fa573d',5,'501857550','a471c79e',222306,1932,1653646542,1653646542);
INSERT INTO player_score VALUES('6255b63cb',5,'5033dac91','15a76c3b4',10413,2186,1654002855,1654002855);
INSERT INTO player_score VALUES('52ba351de',5,'5033dac91','235feb6f9',250580,1857,1653583896,1653583896);
INSERT INTO player_score VALUES('59c202a04',5,'5033dac91','54804a3af',79849,2117,1653772619,1653772619);
INSERT INTO player_score VALUES('60fe17e98',5,'5033dac91','56d7ff9c5',660182,1809,1653966824,1653966824);
INSERT INTO player_score VALUES('638328a43',5,'5033dac91','628246e90',26970,2194,1654034464,1654034464);
INSERT INTO player_score VALUES('608fe7e97',5,'5148f44eb','15a76c3b4',54694,2147,1653955270,1653955270);
INSERT INTO player_score VALUES('587fc5eec',5,'5148f44eb','235feb6f9',75480,2124,1653738830,1653738830);
INSERT INTO player_score VALUES('59bca68e2',5,'5148f44eb','54804a3af',302760,2107,1653772057,1653772057);
INSERT INTO player_score VALUES('637a73a09',5,'5148f44eb','56d7ff9c5',449826,2255,1654033551,1654033551);
INSERT INTO player_score VALUES('638be768b',5,'5148f44eb','628246e90',134680,2276,1654035381,1654035381);
INSERT INTO player_score VALUES('4fd5f995b',5,'5148f44eb','a471c79e',205920,1777,1653506277,1653506277);
INSERT INTO player_score VALUES('637f90374',5,'5289e764d','15a76c3b4',24924,2222,1654034087,1654034087);
INSERT INTO player_score VALUES('558bf52f3',5,'5289e764d','235feb6f9',111860,1994,1653659577,1653659577);
INSERT INTO player_score VALUES('59d5093c1',5,'5289e764d','54804a3af',566396,2151,1653774614,1653774614);
INSERT INTO player_score VALUES('6341e61b3',5,'5289e764d','56d7ff9c5',11760,2211,1654027621,1654027621);
INSERT INTO player_score VALUES('638d5a823',5,'5289e764d','628246e90',243880,2289,1654035533,1654035533);
INSERT INTO player_score VALUES('53bb31ac8',5,'5289e764d','a471c79e',199584,1887,1653610843,1653610843);
INSERT INTO player_score VALUES('62db6abc1',5,'52c023aa9','15a76c3b4',69836,2199,1654016875,1654016875);
INSERT INTO player_score VALUES('556b726a3',5,'52c023aa9','235feb6f9',51972,1981,1653656168,1653656168);
INSERT INTO player_score VALUES('59cf81343',5,'52c023aa9','54804a3af',16080,2141,1653774034,1653774034);
INSERT INTO player_score VALUES('629c9930c',5,'52c023aa9','56d7ff9c5',15048,2081,1654010288,1654010288);
INSERT INTO player_score VALUES('636c7fdd7',5,'52c023aa9','628246e90',86428,1991,1654032088,1654032088);
INSERT INTO player_score VALUES('51ff00500',5,'52c023aa9','a471c79e',150479,1842,1653564266,1653564266);
INSERT INTO player_score VALUES('639e20eef',5,'53596ed1f','15a76c3b4',325920,2225,1654037292,1654037292);
INSERT INTO player_score VALUES('5842ae4a6',5,'53596ed1f','235feb6f9',86258,2115,1653732424,1653732424);
INSERT INTO player_score VALUES('59aa23c95',5,'53596ed1f','54804a3af',14580,2073,1653770116,1653770116);
INSERT INTO player_score VALUES('634dd6bca',5,'53596ed1f','56d7ff9c5',142692,2220,1654028873,1654028873);
INSERT INTO player_score VALUES('5431dc1b2',5,'53596ed1f','a471c79e',165888,1905,1653623286,1653623286);
INSERT INTO player_score VALUES('6204ad9b9',5,'53e5d5373','15a76c3b4',407376,2176,1653994358,1653994358);
INSERT INTO player_score VALUES('53c227e62',5,'53e5d5373','235feb6f9',177660,1912,1653611573,1653611573);
INSERT INTO player_score VALUES('59d6ef0d6',5,'53e5d5373','54804a3af',18675,2154,1653774813,1653774813);
INSERT INTO player_score VALUES('62c853092',5,'53e5d5373','56d7ff9c5',33930,2110,1654014873,1654014873);
INSERT INTO player_score VALUES('63848d173',5,'53e5d5373','628246e90',162162,2210,1654034610,1654034610);
INSERT INTO player_score VALUES('46dc9f0b6',5,'53e5d5373','a471c79e',268710,1538,1653265382,1653265382);
INSERT INTO player_score VALUES('5b4b97745',5,'5511f6b63','15a76c3b4',23750,2004,1653813889,1653813889);
INSERT INTO player_score VALUES('54be008df',5,'5511f6b63','235feb6f9',129033,1951,1653637981,1653637981);
INSERT INTO player_score VALUES('59378e473',5,'5511f6b63','54804a3af',3564,1889,1653758101,1653758101);
INSERT INTO player_score VALUES('635ad17dd',5,'5511f6b63','56d7ff9c5',157707,2234,1654030234,1654030234);
INSERT INTO player_score VALUES('63882099a',5,'5511f6b63','628246e90',12544,2245,1654034985,1654034985);
INSERT INTO player_score VALUES('4b0b633f6',5,'5511f6b63','a471c79e',7392,1648,1653377660,1653377660);
INSERT INTO player_score VALUES('636e2d8ad',5,'556c7532d','15a76c3b4',536544,2217,1654032264,1654032264);
INSERT INTO player_score VALUES('569f4b059',5,'556c7532d','235feb6f9',7956,2031,1653688448,1653688448);
INSERT INTO player_score VALUES('598b9584a',5,'556c7532d','54804a3af',68728,2019,1653766912,1653766912);
INSERT INTO player_score VALUES('6378114a0',5,'556c7532d','56d7ff9c5',73416,2251,1654033301,1654033301);
INSERT INTO player_score VALUES('637f3fa9b',5,'556c7532d','628246e90',12960,2168,1654034054,1654034054);
INSERT INTO player_score VALUES('549bd5033',5,'556c7532d','a471c79e',193952,1917,1653634398,1653634398);
INSERT INTO player_score VALUES('62d69eb58',5,'557aaae9e','15a76c3b4',9720,2198,1654016372,1654016372);
INSERT INTO player_score VALUES('5664b5721',5,'557aaae9e','235feb6f9',35112,2024,1653682305,1653682305);
INSERT INTO player_score VALUES('59c2d9785',5,'557aaae9e','54804a3af',9102,2121,1653772707,1653772707);
INSERT INTO player_score VALUES('62314a7e0',5,'557aaae9e','56d7ff9c5',84050,2001,1653999036,1653999036);
INSERT INTO player_score VALUES('638d22568',5,'557aaae9e','628246e90',9372,2287,1654035510,1654035510);
INSERT INTO player_score VALUES('603832499',5,'558844574','15a76c3b4',812,2136,1653946073,1653946073);
INSERT INTO player_score VALUES('562d1e80d',5,'558844574','235feb6f9',14742,2017,1653676476,1653676476);
INSERT INTO player_score VALUES('59733065c',5,'558844574','54804a3af',483392,1987,1653764354,1653764354);
INSERT INTO player_score VALUES('62ca11d5d',5,'558844574','56d7ff9c5',145500,2111,1654015056,1654015056);
INSERT INTO player_score VALUES('63518c6e9',5,'558844574','628246e90',280,1781,1654029262,1654029262);
INSERT INTO player_score VALUES('5ee00b438',5,'565da6ce7','15a76c3b4',260400,2105,1653909986,1653909986);
INSERT INTO player_score VALUES('58e27a814',5,'565da6ce7','235feb6f9',32186,2137,1653749180,1653749180);
INSERT INTO player_score VALUES('59353d073',5,'565da6ce7','54804a3af',137385,1887,1653757858,1653757858);
INSERT INTO player_score VALUES('62bfc038a',5,'565da6ce7','56d7ff9c5',218612,2105,1654013974,1654013974);
INSERT INTO player_score VALUES('637b4a772',5,'565da6ce7','628246e90',3162,2136,1654033639,1654033639);
INSERT INTO player_score VALUES('621c96358',5,'5682399c6','15a76c3b4',7200,2181,1653996865,1653996865);
INSERT INTO player_score VALUES('5812ff463',5,'5682399c6','235feb6f9',27225,2103,1653727424,1653727424);
INSERT INTO player_score VALUES('593312d22',5,'5682399c6','54804a3af',17228,1883,1653757631,1653757631);
INSERT INTO player_score VALUES('636b67151',5,'5682399c6','56d7ff9c5',81396,2241,1654031973,1654031973);
INSERT INTO player_score VALUES('637281f35',5,'5682399c6','628246e90',102718,2062,1654032718,1654032718);
INSERT INTO player_score VALUES('632bd4ae8',5,'5686cd789','15a76c3b4',45540,2208,1654025307,1654025307);
INSERT INTO player_score VALUES('579fc1512',5,'5686cd789','235feb6f9',670032,2080,1653715340,1653715340);
INSERT INTO player_score VALUES('59c2aff20',5,'5686cd789','54804a3af',0,2120,1653772690,1653772690);
INSERT INTO player_score VALUES('6384a57c8',5,'5686cd789','628246e90',16872,2211,1654034620,1654034620);
INSERT INTO player_score VALUES('58edc51e9',5,'569aef47d','15a76c3b4',128700,1931,1653750364,1653750364);
INSERT INTO player_score VALUES('57131b755',5,'569aef47d','235feb6f9',72420,2055,1653700592,1653700592);
INSERT INTO player_score VALUES('59511d405',5,'569aef47d','54804a3af',9660,1930,1653760781,1653760781);
INSERT INTO player_score VALUES('625e5f048',5,'569aef47d','56d7ff9c5',3780,2033,1654003763,1654003763);
INSERT INTO player_score VALUES('6385469fe',5,'569aef47d','628246e90',339891,2222,1654034686,1654034686);
INSERT INTO player_score VALUES('6307815c5',5,'5bdb98b2a','56d7ff9c5',17748,2162,1654021498,1654021498);
INSERT INTO player_score VALUES('638541bd4',5,'5bdb98b2a','628246e90',37296,2219,1654034684,1654034684);
INSERT INTO player_score VALUES('59efc6ed7',5,'5e029761e','15a76c3b4',20976,1963,1653777418,1653777418);
INSERT INTO player_score VALUES('63365e6d4',5,'5e029761e','56d7ff9c5',141912,2199,1654026412,1654026412);
INSERT INTO player_score VALUES('63850c0a2',5,'5e029761e','628246e90',15400,2216,1654034662,1654034662);
INSERT INTO player_score VALUES('60769ada4',5,'5eded056d','15a76c3b4',117800,2143,1653952617,1653952617);
INSERT INTO player_score VALUES('60d52485c',5,'5eded056d','56d7ff9c5',44100,1782,1653962530,1653962530);
INSERT INTO player_score VALUES('63862e8e5',5,'5eded056d','628246e90',134,2230,1654034781,1654034781);
INSERT INTO player_score VALUES('621f8b08c',5,'5eef4d876','15a76c3b4',2821,2183,1653997175,1653997175);
INSERT INTO player_score VALUES('638485c3e',5,'5eef4d876','56d7ff9c5',14960,2262,1654034607,1654034607);
INSERT INTO player_score VALUES('637621ade',5,'5eef4d876','628246e90',394416,2100,1654033098,1654033098);
INSERT INTO player_score VALUES('5d67135b4',5,'60a2460ca','15a76c3b4',21360,2064,1653870458,1653870458);
INSERT INTO player_score VALUES('639c474c5',5,'60a2460ca','56d7ff9c5',55352,2277,1654037098,1654037098);
INSERT INTO player_score VALUES('6374d8156',5,'60a2460ca','628246e90',20608,2087,1654032963,1654032963);
INSERT INTO player_score VALUES('6258a8a16',5,'61fbffeb7','56d7ff9c5',142100,2031,1654003164,1654003164);
INSERT INTO player_score VALUES('6374284e3',5,'61fbffeb7','628246e90',350889,2084,1654032891,1654032891);
INSERT INTO player_score VALUES('6012dc302',5,'622b1ee6d','15a76c3b4',36720,2132,1653942158,1653942158);
INSERT INTO player_score VALUES('63a66f685',5,'622b1ee6d','56d7ff9c5',294576,2288,1654038163,1654038163);
INSERT INTO player_score VALUES('5e311c8da',5,'62ecc13b3','15a76c3b4',218041,2086,1653891643,1653891643);
INSERT INTO player_score VALUES('63a0e7623',5,'62ecc13b3','56d7ff9c5',66120,2282,1654037583,1654037583);
INSERT INTO player_score VALUES('6383919e9',5,'62ecc13b3','628246e90',43008,2197,1654034507,1654034507);
INSERT INTO player_score VALUES('6021515ff',5,'63a0b8fdb','15a76c3b4',150350,2134,1653943674,1653943674);
INSERT INTO player_score VALUES('62f4d9f6c',5,'63a0b8fdb','56d7ff9c5',213120,2152,1654019542,1654019542);
INSERT INTO player_score VALUES('55e52a15e',5,'84741515','235feb6f9',115808,2003,1653668931,1653668931);
INSERT INTO player_score VALUES('59d24c8b0',5,'84741515','54804a3af',126170,2145,1653774327,1653774327);
INSERT INTO player_score VALUES('630d5c62b',5,'84741515','56d7ff9c5',0,2167,1654022112,1654022112);
INSERT INTO player_score VALUES('63884a1c9',5,'84741515','628246e90',8400,2249,1654035002,1654035002);
INSERT INTO player_score VALUES('54294464c',5,'84741515','a471c79e',57525,1903,1653622385,1653622385);
INSERT INTO player_score VALUES('583e7e81b',5,'87ba185f','235feb6f9',23460,2114,1653731985,1653731985);
INSERT INTO player_score VALUES('594ed8316',5,'87ba185f','54804a3af',217620,1928,1653760543,1653760543);
INSERT INTO player_score VALUES('63b312432',5,'87ba185f','56d7ff9c5',30600,2298,1654039488,1654039488);
INSERT INTO player_score VALUES('637015d29',5,'87ba185f','628246e90',24640,2037,1654032464,1654032464);
INSERT INTO player_score VALUES('519b7c3ad',5,'87ba185f','a471c79e',8694,1824,1653553831,1653553831);
INSERT INTO player_score VALUES('61e89a1b9',5,'90b3272d','15a76c3b4',189189,2173,1653991414,1653991414);
INSERT INTO player_score VALUES('586ab9c3f',5,'90b3272d','235feb6f9',11310,2121,1653736623,1653736623);
INSERT INTO player_score VALUES('636909a1b',5,'90b3272d','56d7ff9c5',149640,2239,1654031725,1654031725);
INSERT INTO player_score VALUES('638d4e4e3',5,'90b3272d','628246e90',63700,2288,1654035528,1654035528);
INSERT INTO player_score VALUES('50d6e2a14',5,'90b3272d','a471c79e',529200,1805,1653533216,1653533216);
INSERT INTO player_score VALUES('51de95f7b',5,'9274fb6a','15a76c3b4',248346,1725,1653560867,1653560867);
INSERT INTO player_score VALUES('586c69e3f',5,'9274fb6a','235feb6f9',134200,2122,1653736800,1653736800);
INSERT INTO player_score VALUES('59a4353c2',5,'9274fb6a','54804a3af',2646,2066,1653769494,1653769494);
INSERT INTO player_score VALUES('63807a9bd',5,'9274fb6a','56d7ff9c5',77748,2258,1654034183,1654034183);
INSERT INTO player_score VALUES('6378b4d9d',5,'9274fb6a','628246e90',346896,2115,1654033368,1654033368);
INSERT INTO player_score VALUES('6079c086a',5,'960b8fa0','15a76c3b4',278208,2144,1653952947,1653952947);
INSERT INTO player_score VALUES('58108e455',5,'960b8fa0','235feb6f9',40000,2102,1653727168,1653727168);
INSERT INTO player_score VALUES('5995e71f8',5,'960b8fa0','54804a3af',140,2040,1653767994,1653767994);
INSERT INTO player_score VALUES('639ba62aa',5,'960b8fa0','56d7ff9c5',60639,2275,1654037032,1654037032);
INSERT INTO player_score VALUES('638b54ec4',5,'960b8fa0','628246e90',12096,2272,1654035321,1654035321);
INSERT INTO player_score VALUES('61b3baef9',5,'969299c6','15a76c3b4',36400,2170,1653985870,1653985870);
INSERT INTO player_score VALUES('5395554cf',5,'969299c6','235feb6f9',136752,1895,1653606873,1653606873);
INSERT INTO player_score VALUES('59894924c',5,'969299c6','54804a3af',48174,2012,1653766671,1653766671);
INSERT INTO player_score VALUES('63495db95',5,'969299c6','56d7ff9c5',186960,2217,1654028404,1654028404);
INSERT INTO player_score VALUES('637d54ef7',5,'969299c6','628246e90',80000,2150,1654033853,1654033853);
INSERT INTO player_score VALUES('53f43bbb0',5,'969299c6','a471c79e',269730,1894,1653616824,1653616824);
INSERT INTO player_score VALUES('5b0dc3d21',5,'a0871fb5','15a76c3b4',19040,1993,1653807406,1653807406);
INSERT INTO player_score VALUES('58843ef7e',5,'a0871fb5','235feb6f9',181632,2127,1653739299,1653739299);
INSERT INTO player_score VALUES('6384ca1c9',5,'a0871fb5','628246e90',32130,2215,1654034635,1654034635);
INSERT INTO player_score VALUES('62811d0e6',5,'b33bca12','15a76c3b4',86250,2190,1654007406,1654007406);
INSERT INTO player_score VALUES('585821024',5,'b33bca12','235feb6f9',218025,2119,1653734673,1653734673);
INSERT INTO player_score VALUES('593add753',5,'b33bca12','54804a3af',5576,1897,1653758448,1653758448);
INSERT INTO player_score VALUES('635971ef0',5,'b33bca12','56d7ff9c5',15792,2231,1654030090,1654030090);
INSERT INTO player_score VALUES('63725d509',5,'b33bca12','628246e90',48285,2061,1654032703,1654032703);
INSERT INTO player_score VALUES('5b99cfddb',5,'b4f783e3','15a76c3b4',61677,2015,1653822091,1653822091);
INSERT INTO player_score VALUES('54f4b2068',5,'b4f783e3','235feb6f9',3780,1964,1653643716,1653643716);
INSERT INTO player_score VALUES('594673bf8',5,'b4f783e3','54804a3af',10080,1915,1653759663,1653759663);
INSERT INTO player_score VALUES('6303196ee',5,'b4f783e3','56d7ff9c5',272000,2158,1654021036,1654021036);
INSERT INTO player_score VALUES('638c3f4c8',5,'b4f783e3','628246e90',503230,2280,1654035417,1654035417);
INSERT INTO player_score VALUES('47f5d737e',5,'b4f783e3','a471c79e',168,1572,1653294870,1653294870);
INSERT INTO player_score VALUES('5de18e582',5,'b998d186','15a76c3b4',133371,2078,1653883301,1653883301);
INSERT INTO player_score VALUES('582a5a451',5,'b998d186','235feb6f9',9184,2107,1653729873,1653729873);
INSERT INTO player_score VALUES('59d069244',5,'b998d186','54804a3af',135531,2143,1653774129,1653774129);
INSERT INTO player_score VALUES('632eb38a6',5,'b998d186','56d7ff9c5',139656,2192,1654025608,1654025608);
INSERT INTO player_score VALUES('638ce5504',5,'b998d186','628246e90',6237,2285,1654035485,1654035485);
INSERT INTO player_score VALUES('5530f7b92',5,'b998d186','a471c79e',35332,1938,1653650036,1653650036);
INSERT INTO player_score VALUES('6217a8007',5,'c3515fbe','15a76c3b4',389536,2179,1653996348,1653996348);
INSERT INTO player_score VALUES('56fb17fce',5,'c3515fbe','235feb6f9',20900,2051,1653698074,1653698074);
INSERT INTO player_score VALUES('5993984d7',5,'c3515fbe','54804a3af',358800,2033,1653767752,1653767752);
INSERT INTO player_score VALUES('63b398897',5,'c3515fbe','56d7ff9c5',236600,2299,1654039543,1654039543);
INSERT INTO player_score VALUES('6389284ab',5,'c3515fbe','628246e90',47488,2256,1654035093,1654035093);
INSERT INTO player_score VALUES('46c2dccb4',5,'c3515fbe','a471c79e',144000,1533,1653262681,1653262681);
INSERT INTO player_score VALUES('612b7a910',5,'e71c46b3','15a76c3b4',39102,2159,1653971583,1653971583);
INSERT INTO player_score VALUES('52c505a74',5,'e71c46b3','235feb6f9',10212,1862,1653585030,1653585030);
INSERT INTO player_score VALUES('59d2b311d',5,'e71c46b3','54804a3af',2520,2146,1653774369,1653774369);
INSERT INTO player_score VALUES('631f6c6a3',5,'e71c46b3','56d7ff9c5',150960,2181,1654024006,1654024006);
INSERT INTO player_score VALUES('6371f6c95',5,'e71c46b3','628246e90',10920,2057,1654032661,1654032661);
INSERT INTO player_score VALUES('5227e50b1',5,'e71c46b3','a471c79e',118584,1848,1653568554,1653568554);
INSERT INTO player_score VALUES('627b8b497',5,'e78eb7c7','15a76c3b4',29484,2188,1654006822,1654006822);
INSERT INTO player_score VALUES('544086f84',5,'e78eb7c7','235feb6f9',87040,1929,1653624824,1653624824);
INSERT INTO player_score VALUES('59b481937',5,'e78eb7c7','54804a3af',87480,2094,1653771203,1653771203);
INSERT INTO player_score VALUES('639c7d073',5,'e78eb7c7','56d7ff9c5',25080,2278,1654037120,1654037120);
INSERT INTO player_score VALUES('63830674d',5,'e78eb7c7','628246e90',61200,2192,1654034450,1654034450);
INSERT INTO player_score VALUES('62bd0ae04',5,'faa70616','15a76c3b4',9900,2197,1654013690,1654013690);
INSERT INTO player_score VALUES('575fad7ff',5,'faa70616','235feb6f9',7626,2070,1653708621,1653708621);
INSERT INTO player_score VALUES('599de774e',5,'faa70616','54804a3af',189720,2055,1653768833,1653768833);
INSERT INTO player_score VALUES('6377a5d9e',5,'faa70616','56d7ff9c5',110058,2250,1654033257,1654033257);
INSERT INTO player_score VALUES('6384c0588',5,'faa70616','628246e90',44086,2214,1654034631,1654034631);
INSERT INTO player_score VALUES('546621734',5,'faa70616','a471c79e',74360,1911,1653628767,1653628767);
COMMIT;
