
BEGIN;
CREATE TABLE IF NOT EXISTS competition (
  id VARCHAR(255) NOT NULL PRIMARY KEY,
  tenant_id BIGINT NOT NULL,
  title TEXT NOT NULL,
  finished_at BIGINT NULL,
  created_at BIGINT NOT NULL,
  updated_at BIGINT NOT NULL
);
INSERT INTO competition VALUES('2ef3f2f53',51,'第6回 電気仕掛けの酸味団',NULL,1652623583,1653330622);
INSERT INTO competition VALUES('3b4b43222',51,'あわよくば太麺なら負けないカップ',NULL,1652954861,1653974034);
INSERT INTO competition VALUES('3d9ba0a2d',51,'バーチャル中目黒の如し #9',NULL,1653016975,1653484519);
INSERT INTO competition VALUES('4fc24cfb4',51,'第3回 ボルダリングだらけ',NULL,1653504214,1653923747);
INSERT INTO competition VALUES('54fe3de1a',51,'比較的細麺野郎',NULL,1653644717,1653997951);
INSERT INTO competition VALUES('620b645a9',51,'地中海風ペペロンチーノ.py vol.0',1653997934,1653995062,1653997934);
INSERT INTO competition VALUES('636255521',51,'アラフォーだってラーメン共和国杯',1654039596,1654031022,1654039596);
CREATE TABLE IF NOT EXISTS player (
  id VARCHAR(255) NOT NULL PRIMARY KEY,
  tenant_id BIGINT NOT NULL,
  display_name TEXT NOT NULL,
  is_disqualified BOOLEAN NOT NULL,
  created_at BIGINT NOT NULL,
  updated_at BIGINT NOT NULL
);
INSERT INTO player VALUES('15bc822a0',51,'Nathen Dickinson',0,1651946681,1653764122);
INSERT INTO player VALUES('1684b1b95',51,'Dolores Little',0,1651967672,1653072094);
INSERT INTO player VALUES('172599209',51,'Edna Gusikowski',0,1651984544,1653344954);
INSERT INTO player VALUES('181954258',51,'Ms. Eleonore Trantow DVM',0,1652010101,1653432139);
INSERT INTO player VALUES('192f30f96',51,'Heidi Bogisich DVM',0,1652039237,1653884289);
INSERT INTO player VALUES('19ac159d5',51,'Stella Hermann',0,1652052333,1653134489);
INSERT INTO player VALUES('19bbc82dd',51,'Lon Gerlach',0,1652053979,1652650620);
INSERT INTO player VALUES('1a5c5c92d',51,'Joelle Welch',0,1652070817,1653867034);
INSERT INTO player VALUES('1b207e882',51,'Francisco Collier',0,1652091383,1652475303);
INSERT INTO player VALUES('1cf192974',51,'Jarvis Schoen',0,1652140150,1652687254);
INSERT INTO player VALUES('1dadb6aaf',51,'Mr. Wendell Johnston',0,1652159878,1652968583);
INSERT INTO player VALUES('1e0324c55',51,'Mr. Quincy Hane',0,1652168836,1652559319);
INSERT INTO player VALUES('1ea477982',51,'Harvey Quitzon',0,1652185752,1653150836);
INSERT INTO player VALUES('1f050947b',51,'Harold Schiller',0,1652195878,1652605423);
INSERT INTO player VALUES('20527f7f2',51,'Judy O"Kon',1,1652230844,1653284903);
INSERT INTO player VALUES('2091f97eb',51,'Mr. Lenny Hyatt I',0,1652237500,1652350191);
INSERT INTO player VALUES('20c0fb315',51,'Vergie Fahey',0,1652242429,1653090929);
INSERT INTO player VALUES('211178a84',51,'Else Kessler DVM',0,1652250869,1652792275);
INSERT INTO player VALUES('2160faa97',51,'Ms. Citlalli Pfannerstill',0,1652259206,1653293555);
INSERT INTO player VALUES('21acfcac2',51,'General Stiedemann',0,1652267176,1652334076);
INSERT INTO player VALUES('22413774d',51,'Savanna Abernathy',0,1652282719,1653281817);
INSERT INTO player VALUES('228e830b8',51,'Mr. Duncan Effertz',0,1652290824,1653874774);
INSERT INTO player VALUES('23c6cd52f',51,'Tatyana White',0,1652323570,1652877761);
INSERT INTO player VALUES('2410a5219',51,'Jaqueline Reilly',1,1652331313,1653054677);
INSERT INTO player VALUES('24a5acfe0',51,'Arely Gibson',0,1652346940,1652390755);
INSERT INTO player VALUES('25d2d3b6a',51,'Jovan Hauck',0,1652378518,1653681809);
INSERT INTO player VALUES('265e91a86',51,'Jayne Steuber III',0,1652393171,1652619332);
INSERT INTO player VALUES('26932a02e',51,'Tamara Jones III',0,1652398686,1653917703);
INSERT INTO player VALUES('27d348aef',51,'Lisa Wolff',0,1652432253,1653668833);
INSERT INTO player VALUES('287a3e65d',51,'Ms. Carole Ankunding DDS',0,1652449760,1652895668);
INSERT INTO player VALUES('28c141182',51,'Ms. Kayli Hessel',0,1652457206,1653673530);
INSERT INTO player VALUES('28e6ad2ec',51,'Keenan Lowe',0,1652461130,1653323686);
INSERT INTO player VALUES('2952ba4f7',51,'Mr. Noe Fadel',0,1652472460,1653365262);
INSERT INTO player VALUES('2a1b861d8',51,'Anastasia Torp',0,1652493515,1652707421);
INSERT INTO player VALUES('2b404113c',51,'Darby Carter',0,1652524210,1653440408);
INSERT INTO player VALUES('2d18a0d35',51,'Mr. Eino Krajcik III',0,1652573742,1652772699);
INSERT INTO player VALUES('2d23f2c4d',51,'Twila Spinka Jr.',0,1652574929,1653822580);
INSERT INTO player VALUES('2d4f2b3b3',51,'Billy Grant',0,1652579461,1653727134);
INSERT INTO player VALUES('2dcda527e',51,'Maximilian Cruickshank MD',0,1652592723,1653691947);
INSERT INTO player VALUES('2df877111',51,'Corine Beatty',0,1652597213,1652783337);
INSERT INTO player VALUES('2e1bb8ef8',51,'Kathryn Johnson',0,1652600910,1653997107);
INSERT INTO player VALUES('2eb046b80',51,'Zoie Russel',0,1652616487,1653049779);
INSERT INTO player VALUES('2f3142bee',51,'Mr. Leland O"Connell DVM',0,1652630012,1653298828);
INSERT INTO player VALUES('2fb260f11',51,'Mr. Harmon Wuckert',0,1652643551,1654000500);
INSERT INTO player VALUES('2ff2a0b15',51,'River Ullrich',0,1652650288,1653083332);
INSERT INTO player VALUES('3102f3100',51,'Mable Willms',0,1652678843,1653160592);
INSERT INTO player VALUES('310cbe603',51,'Raymundo Parisian I',0,1652679870,1653020149);
INSERT INTO player VALUES('3135bb887',51,'Pearl Russel',0,1652684168,1654026737);
INSERT INTO player VALUES('313d136d5',51,'Deonte Luettgen V',0,1652684938,1653374054);
INSERT INTO player VALUES('31b9aed74',51,'Mr. Candido Cruickshank MD',0,1652698004,1653159355);
INSERT INTO player VALUES('31ef11d81',51,'Dovie Rau',0,1652703602,1653991062);
INSERT INTO player VALUES('323d910a1',51,'Santos Heathcote',0,1652711833,1652943272);
INSERT INTO player VALUES('3329a39ef',51,'Kaylie Sauer',0,1652736587,1652811622);
INSERT INTO player VALUES('33db47b28',51,'Malinda Abbott',0,1652755214,1653157946);
INSERT INTO player VALUES('346a60ff6',51,'Viva Heidenreich',0,1652770219,1653302291);
INSERT INTO player VALUES('3493d0e88',51,'Meghan Wuckert',0,1652774564,1652968845);
INSERT INTO player VALUES('3495aa8a7',51,'Ms. Cathrine Weimann',0,1652774758,1652805602);
INSERT INTO player VALUES('35606fb9c',51,'Ms. Diana Durgan',1,1652796020,1653565302);
INSERT INTO player VALUES('36adf702f',51,'Dorothea Howe',1,1652830993,1653032299);
INSERT INTO player VALUES('377aa47c6',51,'Norberto Mertz',0,1652852455,1653791077);
INSERT INTO player VALUES('3840f5863',51,'Hertha Lynch',0,1652873250,1653299388);
INSERT INTO player VALUES('3891d233e',51,'Sanford Kuvalis',0,1652881729,1653121067);
INSERT INTO player VALUES('38c2189ce',51,'Jazmyn Roob',0,1652886791,1653115771);
INSERT INTO player VALUES('38c76fc95',51,'Alexane Purdy',0,1652887351,1653234862);
INSERT INTO player VALUES('394a4f33c',51,'Rodrigo Davis',0,1652901074,1653751339);
INSERT INTO player VALUES('39abc663b',51,'Orland Abernathy',0,1652911294,1653369024);
INSERT INTO player VALUES('3b85378e2',51,'Ms. Leatha Crist',0,1652960938,1653841563);
INSERT INTO player VALUES('3b9dd7442',51,'Suzanne Rogahn',0,1652963520,1653056974);
INSERT INTO player VALUES('3c55a47e9',51,'Mattie Harris',0,1652982793,1653920977);
INSERT INTO player VALUES('3d5b0b707',51,'Mr. Raymond Friesen',0,1653010203,1653123095);
INSERT INTO player VALUES('3d9a08ed9',51,'Lavada Boyer',0,1653016808,1653094716);
INSERT INTO player VALUES('3e0dd2057',51,'Gus Jaskolski',0,1653028949,1653555017);
INSERT INTO player VALUES('3e7404254',51,'Patience Schaden',1,1653039665,1653478590);
INSERT INTO player VALUES('3e76d4584',51,'Mr. Terrell Armstrong Jr.',0,1653039960,1653633432);
INSERT INTO player VALUES('3fb246c1b',51,'Novella Rogahn',0,1653073037,1653454588);
INSERT INTO player VALUES('3ff473a9a',51,'Cullen Waters',0,1653079976,1653110949);
INSERT INTO player VALUES('40bcfd8d1',51,'Jorge Kessler',1,1653101004,1653788500);
INSERT INTO player VALUES('40ecb17c2',51,'Sedrick Macejkovic',0,1653106006,1653183957);
INSERT INTO player VALUES('411935f64',51,'Idella Brekke',0,1653110674,1653275559);
INSERT INTO player VALUES('413c29b95',51,'Harold Cummerata',0,1653114339,1653899394);
INSERT INTO player VALUES('414c05c7f',51,'Nina Howe',1,1653116002,1653507832);
INSERT INTO player VALUES('43338ce82',51,'Richard Shanahan',0,1653167123,1653897691);
INSERT INTO player VALUES('435340240',51,'Mr. Demario Stehr PhD',0,1653170447,1653969117);
INSERT INTO player VALUES('43579e49b',51,'Maia Kozey',0,1653170905,1653962339);
INSERT INTO player VALUES('43f516cc2',51,'Wilton Klein',0,1653187417,1653243279);
INSERT INTO player VALUES('442b3f8a4',51,'Cory Bechtelar',0,1653193096,1653528404);
INSERT INTO player VALUES('444ecf8d9',51,'Ambrose Price',0,1653196825,1653304454);
INSERT INTO player VALUES('4459127ee',51,'Mr. Sammy Lakin',0,1653197901,1653502035);
INSERT INTO player VALUES('44c1a6f3f',51,'Mr. Joel Glover',0,1653208867,1653716797);
INSERT INTO player VALUES('44dfdd53d',51,'Colby Bogan DVM',0,1653212035,1653463589);
INSERT INTO player VALUES('4557a5645',51,'Ms. Winnifred Tromp Sr.',0,1653224595,1654000106);
INSERT INTO player VALUES('461772f64',51,'Lauren Grant',0,1653244707,1653295775);
INSERT INTO player VALUES('464a4efa8',51,'Blair Kshlerin',0,1653250040,1653395852);
INSERT INTO player VALUES('46a7f0b5c',51,'Gregory Cronin MD',0,1653259858,1653400851);
INSERT INTO player VALUES('47e379142',51,'Lillian Wiegand I',0,1653292944,1653521293);
INSERT INTO player VALUES('47e747300',51,'Simeon Schneider',0,1653293343,1653886208);
INSERT INTO player VALUES('485e2ea73',51,'Ms. Grace Casper I',0,1653305811,1653886478);
INSERT INTO player VALUES('496809bb0',51,'Rey Wilkinson DDS',0,1653333688,1653467012);
INSERT INTO player VALUES('4a91f9b36',51,'Ms. Abbie Windler',0,1653364929,1653819111);
INSERT INTO player VALUES('4ad6a6435',51,'Ms. Nova Miller DDS',0,1653372130,1653643186);
INSERT INTO player VALUES('4c430edb0',51,'Mr. Erik Larkin MD',0,1653410341,1653419134);
INSERT INTO player VALUES('4df82f23d',51,'Mr. Fermin Hoppe PhD',0,1653456177,1653899563);
INSERT INTO player VALUES('4f6941920',51,'Collin Huels',0,1653494877,1653775590);
INSERT INTO player VALUES('51362f9bc',51,'Justen Ferry',0,1653543209,1653881975);
INSERT INTO player VALUES('51cc5edd4',51,'Brendon Schaefer',1,1653558957,1653652135);
INSERT INTO player VALUES('526b877e4',51,'Davonte Walter',0,1653575646,1653636590);
INSERT INTO player VALUES('52761d775',51,'Ms. Amber Kertzmann',0,1653576756,1654002361);
INSERT INTO player VALUES('53bb14612',51,'Kariane Hyatt',0,1653610831,1653996220);
INSERT INTO player VALUES('54c2acdaa',51,'Buford Mayert',0,1653638471,1653912556);
INSERT INTO player VALUES('54d929b33',51,'Mr. Frederick Greenholt DVM',0,1653640829,1653722065);
INSERT INTO player VALUES('54ee50b96',51,'Ms. Anabel Kozey IV',1,1653643047,1654014908);
INSERT INTO player VALUES('552af0c11',51,'Mortimer Jacobson',0,1653649404,1653708864);
INSERT INTO player VALUES('5594d61ea',51,'Sedrick Feest',0,1653660508,1653860261);
INSERT INTO player VALUES('55b23a861',51,'Ms. Tara Schiller Sr.',0,1653663590,1653697951);
INSERT INTO player VALUES('55d03da39',51,'Glenda Mosciski',0,1653666737,1653811850);
INSERT INTO player VALUES('55e3e7d54',51,'Eulah Christiansen',0,1653668799,1653859542);
INSERT INTO player VALUES('56acc249b',51,'Domingo Deckow',0,1653689860,1654004373);
INSERT INTO player VALUES('5746fcb42',51,'Lula Homenick',0,1653706032,1653908097);
INSERT INTO player VALUES('584cc06aa',51,'Princess Bednar',0,1653733480,1653824026);
INSERT INTO player VALUES('592b34a85',51,'Ms. Laurianne Collins IV',0,1653756806,1653873684);
INSERT INTO player VALUES('5ab48523b',51,'Ms. Herminia Brown DDS',0,1653798048,1653817995);
INSERT INTO player VALUES('5bf461e6e',51,'Malcolm Rau',0,1653831588,1653901725);
INSERT INTO player VALUES('5c036990e',51,'Merl Quigley',0,1653833164,1653954152);
INSERT INTO player VALUES('5c51f76aa',51,'Ms. Vivianne DuBuque V',0,1653841401,1653849774);
INSERT INTO player VALUES('5cc4d3b93',51,'Jacky Ryan',0,1653853445,1653912514);
INSERT INTO player VALUES('5cc5244bf',51,'Korbin Hegmann',1,1653853478,1653932913);
INSERT INTO player VALUES('5e1951401',51,'Jennings Wyman',1,1653889148,1653922587);
INSERT INTO player VALUES('5ed05d98f',51,'Beverly Kling',0,1653908342,1654002853);
INSERT INTO player VALUES('60d9fcc17',51,'Mr. Desmond Cummerata IV',0,1653963038,1654040930);
INSERT INTO player VALUES('61213ef18',51,'Mercedes Bahringer',0,1653970510,1654001049);
INSERT INTO player VALUES('61a76ff87',51,'Jaylon Hand III',0,1653984581,1654032864);
INSERT INTO player VALUES('61d734f7a',51,'Camryn Rolfson',0,1653989590,1654021916);
INSERT INTO player VALUES('62b33d1b8',51,'Trever Schaden',0,1654012662,1654017673);
INSERT INTO player VALUES('631f31d24',51,'Ericka Robel',0,1654023982,1654026362);
INSERT INTO player VALUES('63935c97e',51,'Curtis Ondricka',0,1654036163,1654040414);
CREATE TABLE IF NOT EXISTS player_score (
                              id VARCHAR(255) NOT NULL PRIMARY KEY,
                              tenant_id BIGINT NOT NULL,
                              player_id VARCHAR(255) NOT NULL,
                              competition_id VARCHAR(255) NOT NULL,
                              score BIGINT NOT NULL,
                              row_num BIGINT NOT NULL,
                              created_at BIGINT NOT NULL,
                              updated_at BIGINT NOT NULL
);
INSERT INTO player_score VALUES('612d199f3',51,'15bc822a0','2ef3f2f53',260,2391,1653971753,1653971753);
INSERT INTO player_score VALUES('61c321cf6',51,'15bc822a0','3b4b43222',1944,2287,1653987485,1653987485);
INSERT INTO player_score VALUES('6089fe3ba',51,'15bc822a0','3d9ba0a2d',70389,2273,1653954650,1653954650);
INSERT INTO player_score VALUES('63b799f1f',51,'15bc822a0','4fc24cfb4',289788,2466,1654039963,1654039963);
INSERT INTO player_score VALUES('6295b40de',51,'15bc822a0','54fe3de1a',219008,2282,1654009565,1654009565);
INSERT INTO player_score VALUES('622657c52',51,'15bc822a0','620b645a9',14190,2434,1653997888,1653997888);
INSERT INTO player_score VALUES('63af553f0',51,'15bc822a0','636255521',8010,2381,1654039096,1654039096);
INSERT INTO player_score VALUES('62c491213',51,'1684b1b95','2ef3f2f53',236544,2457,1654014479,1654014479);
INSERT INTO player_score VALUES('61d970451',51,'1684b1b95','3b4b43222',29370,2293,1653989824,1653989824);
INSERT INTO player_score VALUES('61db4022e',51,'1684b1b95','3d9ba0a2d',1122,2363,1653990014,1653990014);
INSERT INTO player_score VALUES('6388b5874',51,'1684b1b95','4fc24cfb4',8680,2441,1654035046,1654035046);
INSERT INTO player_score VALUES('62f21d4ba',51,'1684b1b95','54fe3de1a',0,2351,1654019255,1654019255);
INSERT INTO player_score VALUES('6222ba7a3',51,'1684b1b95','620b645a9',332196,2098,1653997509,1653997509);
INSERT INTO player_score VALUES('63aabeed2',51,'1684b1b95','636255521',194040,2233,1654038615,1654038615);
INSERT INTO player_score VALUES('5e6a2dec8',51,'172599209','2ef3f2f53',25185,2264,1653897627,1653897627);
INSERT INTO player_score VALUES('61b8e14ff',51,'172599209','3d9ba0a2d',199920,2353,1653986410,1653986410);
INSERT INTO player_score VALUES('639c5d485',51,'172599209','4fc24cfb4',160740,2452,1654037107,1654037107);
INSERT INTO player_score VALUES('63bd9e747',51,'172599209','54fe3de1a',310200,2478,1654040594,1654040594);
INSERT INTO player_score VALUES('63b3e919b',51,'172599209','636255521',44226,2533,1654039576,1654039576);
INSERT INTO player_score VALUES('62965c83e',51,'181954258','2ef3f2f53',260190,2449,1654009634,1654009634);
INSERT INTO player_score VALUES('6301a65a2',51,'181954258','3b4b43222',110880,2358,1654020884,1654020884);
INSERT INTO player_score VALUES('630445b7b',51,'181954258','3d9ba0a2d',368280,2441,1654021159,1654021159);
INSERT INTO player_score VALUES('6363189e7',51,'181954258','4fc24cfb4',18525,2425,1654031102,1654031102);
INSERT INTO player_score VALUES('62439c6e9',51,'181954258','54fe3de1a',59778,2220,1654000957,1654000957);
INSERT INTO player_score VALUES('62263807c',51,'181954258','620b645a9',477000,2424,1653997875,1653997875);
INSERT INTO player_score VALUES('63b32d21f',51,'181954258','636255521',107184,2503,1654039499,1654039499);
INSERT INTO player_score VALUES('61cea496f',51,'192f30f96','2ef3f2f53',98820,2416,1653988692,1653988692);
INSERT INTO player_score VALUES('62e6673df',51,'192f30f96','3b4b43222',330,2346,1654018027,1654018027);
INSERT INTO player_score VALUES('637092569',51,'192f30f96','4fc24cfb4',125970,2433,1654032515,1654032515);
INSERT INTO player_score VALUES('63aa81e21',51,'192f30f96','54fe3de1a',88396,2462,1654038590,1654038590);
INSERT INTO player_score VALUES('62251a616',51,'192f30f96','620b645a9',110376,2325,1653997758,1653997758);
INSERT INTO player_score VALUES('639ee9240',51,'192f30f96','636255521',53452,1859,1654037374,1654037374);
INSERT INTO player_score VALUES('63945f62b',51,'19ac159d5','2ef3f2f53',720,2483,1654036269,1654036269);
INSERT INTO player_score VALUES('62a26ce61',51,'19ac159d5','3b4b43222',28910,2333,1654010899,1654010899);
INSERT INTO player_score VALUES('608ef638c',51,'19ac159d5','3d9ba0a2d',293040,2276,1653955171,1653955171);
INSERT INTO player_score VALUES('615ef2d76',51,'19ac159d5','4fc24cfb4',161820,2187,1653976980,1653976980);
INSERT INTO player_score VALUES('6243a1540',51,'19ac159d5','54fe3de1a',57600,2221,1654000959,1654000959);
INSERT INTO player_score VALUES('6223da8df',51,'19ac159d5','620b645a9',100464,2202,1653997627,1653997627);
INSERT INTO player_score VALUES('63b07ca4b',51,'19ac159d5','636255521',3713,2420,1654039217,1654039217);
INSERT INTO player_score VALUES('60caa6fb2',51,'19bbc82dd','3b4b43222',519156,2233,1653961430,1653961430);
INSERT INTO player_score VALUES('62d6b240e',51,'19bbc82dd','4fc24cfb4',90692,2361,1654016380,1654016380);
INSERT INTO player_score VALUES('630004de3',51,'19bbc82dd','54fe3de1a',72025,2363,1654020713,1654020713);
INSERT INTO player_score VALUES('622666664',51,'19bbc82dd','620b645a9',31995,2439,1653997894,1653997894);
INSERT INTO player_score VALUES('634b9b6fb',51,'1a5c5c92d','2ef3f2f53',14040,2477,1654028639,1654028639);
INSERT INTO player_score VALUES('63a229a9b',51,'1a5c5c92d','3b4b43222',1200,2400,1654037715,1654037715);
INSERT INTO player_score VALUES('634fb05c8',51,'1a5c5c92d','3d9ba0a2d',52026,2471,1654029067,1654029067);
INSERT INTO player_score VALUES('62261d284',51,'1a5c5c92d','620b645a9',218736,2409,1653997864,1653997864);
INSERT INTO player_score VALUES('63ac765d0',51,'1a5c5c92d','636255521',51450,2294,1654038795,1654038795);
INSERT INTO player_score VALUES('6342258fc',51,'1b207e882','2ef3f2f53',71145,2474,1654027647,1654027647);
INSERT INTO player_score VALUES('6189435d6',51,'1b207e882','3d9ba0a2d',12996,2340,1653981417,1653981417);
INSERT INTO player_score VALUES('634114208',51,'1b207e882','4fc24cfb4',170170,2411,1654027535,1654027535);
INSERT INTO player_score VALUES('62267ed44',51,'1b207e882','620b645a9',1628,2453,1653997904,1653997904);
INSERT INTO player_score VALUES('63ad56fd7',51,'1b207e882','636255521',97776,2317,1654038887,1654038887);
INSERT INTO player_score VALUES('5d9aefbe1',51,'1cf192974','2ef3f2f53',86184,2221,1653875896,1653875896);
INSERT INTO player_score VALUES('619706520',51,'1cf192974','3b4b43222',0,2277,1653982860,1653982860);
INSERT INTO player_score VALUES('5f4cc0db9',51,'1cf192974','3d9ba0a2d',473928,2188,1653921385,1653921385);
INSERT INTO player_score VALUES('629278700',51,'1cf192974','4fc24cfb4',10614,2334,1654009226,1654009226);
INSERT INTO player_score VALUES('635073ac8',51,'1cf192974','54fe3de1a',120780,2414,1654029147,1654029147);
INSERT INTO player_score VALUES('622118fd9',51,'1cf192974','620b645a9',287280,1946,1653997338,1653997338);
INSERT INTO player_score VALUES('63af8fd2f',51,'1cf192974','636255521',555768,2391,1654039120,1654039120);
INSERT INTO player_score VALUES('6014d31d6',51,'1dadb6aaf','2ef3f2f53',43428,2330,1653942364,1653942364);
INSERT INTO player_score VALUES('6339449d9',51,'1dadb6aaf','3b4b43222',10092,2365,1654026716,1654026716);
INSERT INTO player_score VALUES('5f94b2d38',51,'1dadb6aaf','3d9ba0a2d',6480,2208,1653928929,1653928929);
INSERT INTO player_score VALUES('63a40a9b0',51,'1dadb6aaf','4fc24cfb4',0,2460,1654037912,1654037912);
INSERT INTO player_score VALUES('629568620',51,'1dadb6aaf','54fe3de1a',282720,2280,1654009534,1654009534);
INSERT INTO player_score VALUES('6226729e5',51,'1dadb6aaf','620b645a9',5376,2446,1653997899,1653997899);
INSERT INTO player_score VALUES('63b34cdeb',51,'1dadb6aaf','636255521',5814,2510,1654039512,1654039512);
INSERT INTO player_score VALUES('6059b5684',51,'1e0324c55','2ef3f2f53',21775,2350,1653949587,1653949587);
INSERT INTO player_score VALUES('606f1497f',51,'1e0324c55','3b4b43222',364980,2211,1653951828,1653951828);
INSERT INTO player_score VALUES('62b9cccb2',51,'1e0324c55','3d9ba0a2d',2135,2426,1654013350,1654013350);
INSERT INTO player_score VALUES('614ef70ce',51,'1e0324c55','4fc24cfb4',62400,2179,1653975304,1653975304);
INSERT INTO player_score VALUES('6310dc606',51,'1e0324c55','54fe3de1a',48960,2376,1654022479,1654022479);
INSERT INTO player_score VALUES('6225fb008',51,'1e0324c55','620b645a9',338496,2395,1653997850,1653997850);
INSERT INTO player_score VALUES('63b264ed9',51,'1e0324c55','636255521',66816,2478,1654039417,1654039417);
INSERT INTO player_score VALUES('61ac127d8',51,'1ea477982','2ef3f2f53',37324,2408,1653985067,1653985067);
INSERT INTO player_score VALUES('63001ad5a',51,'1ea477982','3b4b43222',279006,2357,1654020722,1654020722);
INSERT INTO player_score VALUES('62bda990e',51,'1ea477982','3d9ba0a2d',135024,2428,1654013755,1654013755);
INSERT INTO player_score VALUES('638b94675',51,'1ea477982','4fc24cfb4',37100,2443,1654035347,1654035347);
INSERT INTO player_score VALUES('6347c38d9',51,'1ea477982','54fe3de1a',38232,2410,1654028236,1654028236);
INSERT INTO player_score VALUES('622609a15',51,'1ea477982','620b645a9',50400,2402,1653997856,1653997856);
INSERT INTO player_score VALUES('63a10e77e',51,'1ea477982','636255521',29988,1927,1654037599,1654037599);
INSERT INTO player_score VALUES('61c7fc7c5',51,'1f050947b','2ef3f2f53',9555,2414,1653987994,1653987994);
INSERT INTO player_score VALUES('60af6f32a',51,'1f050947b','3b4b43222',0,2228,1653958576,1653958576);
INSERT INTO player_score VALUES('62950928f',51,'1f050947b','3d9ba0a2d',41724,2417,1654009495,1654009495);
INSERT INTO player_score VALUES('638147ad4',51,'1f050947b','4fc24cfb4',15680,2440,1654034267,1654034267);
INSERT INTO player_score VALUES('6289c84fb',51,'1f050947b','54fe3de1a',149625,2273,1654008315,1654008315);
INSERT INTO player_score VALUES('6226c5a24',51,'1f050947b','620b645a9',41850,2476,1653997933,1653997933);
INSERT INTO player_score VALUES('63ab9aa4f',51,'1f050947b','636255521',9381,2261,1654038705,1654038705);
INSERT INTO player_score VALUES('635176771',51,'20527f7f2','2ef3f2f53',11152,2478,1654029253,1654029253);
INSERT INTO player_score VALUES('627e5df28',51,'20527f7f2','3b4b43222',158400,2325,1654007118,1654007118);
INSERT INTO player_score VALUES('631a8a6a9',51,'20527f7f2','3d9ba0a2d',11858,2450,1654023494,1654023494);
INSERT INTO player_score VALUES('6311eb647',51,'20527f7f2','4fc24cfb4',52136,2390,1654022590,1654022590);
INSERT INTO player_score VALUES('62fb513ff',51,'20527f7f2','54fe3de1a',18144,2359,1654020220,1654020220);
INSERT INTO player_score VALUES('6225e021c',51,'20527f7f2','620b645a9',41140,2386,1653997839,1653997839);
INSERT INTO player_score VALUES('63aec79f4',51,'20527f7f2','636255521',204336,2363,1654039038,1654039038);
INSERT INTO player_score VALUES('627acf4de',51,'2091f97eb','2ef3f2f53',10672,2447,1654006745,1654006745);
INSERT INTO player_score VALUES('634fc3e3a',51,'2091f97eb','3b4b43222',5760,2374,1654029075,1654029075);
INSERT INTO player_score VALUES('634d68e17',51,'2091f97eb','3d9ba0a2d',36660,2468,1654028828,1654028828);
INSERT INTO player_score VALUES('6322fff34',51,'2091f97eb','54fe3de1a',5490,2388,1654024381,1654024381);
INSERT INTO player_score VALUES('6226a5e63',51,'2091f97eb','620b645a9',33934,2470,1653997920,1653997920);
INSERT INTO player_score VALUES('63af8d60b',51,'2091f97eb','636255521',15120,2390,1654039119,1654039119);
INSERT INTO player_score VALUES('5d0aa0615',51,'20c0fb315','2ef3f2f53',520,2188,1653860764,1653860764);
INSERT INTO player_score VALUES('6265294d4',51,'20c0fb315','3b4b43222',2816,2321,1654004475,1654004475);
INSERT INTO player_score VALUES('630cee88f',51,'20c0fb315','3d9ba0a2d',4928,2442,1654022067,1654022067);
INSERT INTO player_score VALUES('62804b186',51,'20c0fb315','4fc24cfb4',67200,2329,1654007320,1654007320);
INSERT INTO player_score VALUES('6289817e9',51,'20c0fb315','54fe3de1a',523260,2272,1654008286,1654008286);
INSERT INTO player_score VALUES('62265a36b',51,'20c0fb315','620b645a9',140580,2436,1653997889,1653997889);
INSERT INTO player_score VALUES('63ac4f4ee',51,'20c0fb315','636255521',189720,2288,1654038779,1654038779);
INSERT INTO player_score VALUES('55ff5a31d',51,'211178a84','2ef3f2f53',40992,1835,1653671677,1653671677);
INSERT INTO player_score VALUES('6090b01ca',51,'211178a84','3b4b43222',288420,2221,1653955352,1653955352);
INSERT INTO player_score VALUES('63aea093a',51,'211178a84','3d9ba0a2d',79056,2488,1654039022,1654039022);
INSERT INTO player_score VALUES('6279fae4a',51,'211178a84','4fc24cfb4',294,2326,1654006658,1654006658);
INSERT INTO player_score VALUES('62d435079',51,'211178a84','54fe3de1a',900,2337,1654016119,1654016119);
INSERT INTO player_score VALUES('622615da6',51,'211178a84','620b645a9',136242,2406,1653997861,1653997861);
INSERT INTO player_score VALUES('63b13631c',51,'211178a84','636255521',93220,2447,1654039293,1654039293);
INSERT INTO player_score VALUES('61729d045',51,'2160faa97','2ef3f2f53',31291,2398,1653979042,1653979042);
INSERT INTO player_score VALUES('6393e54e1',51,'2160faa97','3b4b43222',497904,2397,1654036219,1654036219);
INSERT INTO player_score VALUES('63be0c54c',51,'2160faa97','3d9ba0a2d',39585,2494,1654040639,1654040639);
INSERT INTO player_score VALUES('639bfe0e7',51,'2160faa97','4fc24cfb4',99645,2451,1654037068,1654037068);
INSERT INTO player_score VALUES('6225cc99c',51,'2160faa97','54fe3de1a',61000,2199,1653997831,1653997831);
INSERT INTO player_score VALUES('622609a16',51,'2160faa97','620b645a9',29100,2403,1653997856,1653997856);
INSERT INTO player_score VALUES('63acd8081',51,'2160faa97','636255521',75684,2304,1654038835,1654038835);
INSERT INTO player_score VALUES('5eea97759',51,'21acfcac2','2ef3f2f53',0,2285,1653911092,1653911092);
INSERT INTO player_score VALUES('63a810e31',51,'21acfcac2','3b4b43222',1560,2403,1654038334,1654038334);
INSERT INTO player_score VALUES('63378d293',51,'21acfcac2','4fc24cfb4',4896,2408,1654026536,1654026536);
INSERT INTO player_score VALUES('635cde612',51,'21acfcac2','54fe3de1a',216,2421,1654030449,1654030449);
INSERT INTO player_score VALUES('62253c90d',51,'21acfcac2','620b645a9',58368,2333,1653997772,1653997772);
INSERT INTO player_score VALUES('63ae79844',51,'21acfcac2','636255521',244404,2351,1654039006,1654039006);
INSERT INTO player_score VALUES('58bb4fa3e',51,'22413774d','3b4b43222',300118,1757,1653745073,1653745073);
INSERT INTO player_score VALUES('62169b709',51,'22413774d','3d9ba0a2d',10540,2383,1653996238,1653996238);
INSERT INTO player_score VALUES('63a1ea2e9',51,'22413774d','4fc24cfb4',55660,2458,1654037689,1654037689);
INSERT INTO player_score VALUES('6331a37fd',51,'22413774d','54fe3de1a',370656,2397,1654025916,1654025916);
INSERT INTO player_score VALUES('622609a17',51,'22413774d','620b645a9',38688,2401,1653997856,1653997856);
INSERT INTO player_score VALUES('63b0f6b52',51,'22413774d','636255521',182000,2437,1654039267,1654039267);
INSERT INTO player_score VALUES('61dfec6a2',51,'228e830b8','2ef3f2f53',346518,2417,1653990504,1653990504);
INSERT INTO player_score VALUES('60f81ab7e',51,'228e830b8','3d9ba0a2d',126558,2305,1653966196,1653966196);
INSERT INTO player_score VALUES('624779330',51,'228e830b8','4fc24cfb4',361584,2299,1654001362,1654001362);
INSERT INTO player_score VALUES('62ad780a3',51,'228e830b8','54fe3de1a',65170,2295,1654012057,1654012057);
INSERT INTO player_score VALUES('62268895b',51,'228e830b8','620b645a9',13671,2458,1653997908,1653997908);
INSERT INTO player_score VALUES('63b343164',51,'228e830b8','636255521',17864,2507,1654039508,1654039508);
INSERT INTO player_score VALUES('5b2d80d0c',51,'23c6cd52f','2ef3f2f53',90090,2087,1653810734,1653810734);
INSERT INTO player_score VALUES('61a87a13d',51,'23c6cd52f','3b4b43222',497640,2280,1653984690,1653984690);
INSERT INTO player_score VALUES('5e39b923d',51,'23c6cd52f','3d9ba0a2d',18975,2122,1653892546,1653892546);
INSERT INTO player_score VALUES('632ffaaf2',51,'23c6cd52f','4fc24cfb4',105846,2405,1654025742,1654025742);
INSERT INTO player_score VALUES('62a8716ec',51,'23c6cd52f','54fe3de1a',74700,2292,1654011530,1654011530);
INSERT INTO player_score VALUES('6225e9e72',51,'23c6cd52f','620b645a9',32830,2389,1653997843,1653997843);
INSERT INTO player_score VALUES('63b0ef657',51,'23c6cd52f','636255521',573705,2436,1654039264,1654039264);
INSERT INTO player_score VALUES('62587a3a5',51,'2410a5219','2ef3f2f53',266000,2440,1654003145,1654003145);
INSERT INTO player_score VALUES('629a6057b',51,'2410a5219','3b4b43222',69836,2331,1654010055,1654010055);
INSERT INTO player_score VALUES('612453861',51,'2410a5219','3d9ba0a2d',14784,2321,1653970833,1653970833);
INSERT INTO player_score VALUES('60cc2b261',51,'2410a5219','4fc24cfb4',210600,2117,1653961589,1653961589);
INSERT INTO player_score VALUES('61de4880e',51,'2410a5219','54fe3de1a',591945,2144,1653990332,1653990332);
INSERT INTO player_score VALUES('622686255',51,'2410a5219','620b645a9',1776,2457,1653997907,1653997907);
INSERT INTO player_score VALUES('63b334720',51,'2410a5219','636255521',279072,2505,1654039502,1654039502);
INSERT INTO player_score VALUES('624befcba',51,'24a5acfe0','3b4b43222',61336,2315,1654001830,1654001830);
INSERT INTO player_score VALUES('61c851edb',51,'24a5acfe0','3d9ba0a2d',200475,2358,1653988029,1653988029);
INSERT INTO player_score VALUES('63032a877',51,'24a5acfe0','4fc24cfb4',862400,2381,1654021043,1654021043);
INSERT INTO player_score VALUES('61b3d35b7',51,'24a5acfe0','54fe3de1a',232848,2116,1653985880,1653985880);
INSERT INTO player_score VALUES('62266b4b6',51,'24a5acfe0','620b645a9',4235,2440,1653997896,1653997896);
INSERT INTO player_score VALUES('63b3f551a',51,'24a5acfe0','636255521',254592,2535,1654039581,1654039581);
INSERT INTO player_score VALUES('587e8d723',51,'25d2d3b6a','2ef3f2f53',523260,1975,1653738702,1653738702);
INSERT INTO player_score VALUES('607765801',51,'25d2d3b6a','3d9ba0a2d',235840,2260,1653952700,1653952700);
INSERT INTO player_score VALUES('63c1da6f8',51,'25d2d3b6a','4fc24cfb4',94600,2477,1654041038,1654041038);
INSERT INTO player_score VALUES('625a8c039',51,'25d2d3b6a','54fe3de1a',9108,2239,1654003362,1654003362);
INSERT INTO player_score VALUES('6226750eb',51,'25d2d3b6a','620b645a9',159929,2447,1653997900,1653997900);
INSERT INTO player_score VALUES('63b1ba092',51,'25d2d3b6a','636255521',14700,2459,1654039347,1654039347);
INSERT INTO player_score VALUES('60a98f481',51,'265e91a86','2ef3f2f53',760,2364,1653957960,1653957960);
INSERT INTO player_score VALUES('6371c5f19',51,'265e91a86','3b4b43222',300960,2389,1654032641,1654032641);
INSERT INTO player_score VALUES('60b87e88b',51,'265e91a86','4fc24cfb4',19964,2108,1653959526,1653959526);
INSERT INTO player_score VALUES('62bf9e0ba',51,'265e91a86','54fe3de1a',60672,2316,1654013960,1654013960);
INSERT INTO player_score VALUES('622599544',51,'265e91a86','620b645a9',225423,2368,1653997810,1653997810);
INSERT INTO player_score VALUES('63b17d01b',51,'26932a02e','2ef3f2f53',33408,2489,1654039322,1654039322);
INSERT INTO player_score VALUES('5fd3ed58a',51,'26932a02e','3b4b43222',6864,2179,1653935559,1653935559);
INSERT INTO player_score VALUES('6033f3e09',51,'26932a02e','3d9ba0a2d',41760,2244,1653945628,1653945628);
INSERT INTO player_score VALUES('6363bea4c',51,'26932a02e','4fc24cfb4',82600,2426,1654031170,1654031170);
INSERT INTO player_score VALUES('61f2719f2',51,'26932a02e','54fe3de1a',44550,2164,1653992446,1653992446);
INSERT INTO player_score VALUES('6220e5b97',51,'26932a02e','620b645a9',193830,1925,1653997317,1653997317);
INSERT INTO player_score VALUES('63b3babd0',51,'26932a02e','636255521',0,2525,1654039557,1654039557);
INSERT INTO player_score VALUES('617ffe521',51,'27d348aef','3b4b43222',237820,2272,1653980445,1653980445);
INSERT INTO player_score VALUES('629d308eb',51,'27d348aef','3d9ba0a2d',50830,2420,1654010350,1654010350);
INSERT INTO player_score VALUES('63a51246c',51,'27d348aef','4fc24cfb4',1980,2461,1654038020,1654038020);
INSERT INTO player_score VALUES('62bd2d0da',51,'27d348aef','54fe3de1a',0,2310,1654013704,1654013704);
INSERT INTO player_score VALUES('62262bd37',51,'27d348aef','620b645a9',133120,2415,1653997870,1653997870);
INSERT INTO player_score VALUES('63b3ff159',51,'27d348aef','636255521',83980,2539,1654039585,1654039585);
INSERT INTO player_score VALUES('5ded4bb80',51,'287a3e65d','2ef3f2f53',12950,2241,1653884532,1653884532);
INSERT INTO player_score VALUES('62ec0a201',51,'287a3e65d','3b4b43222',644688,2348,1654018618,1654018618);
INSERT INTO player_score VALUES('633130c35',51,'287a3e65d','3d9ba0a2d',159300,2462,1654025869,1654025869);
INSERT INTO player_score VALUES('60e35554e',51,'287a3e65d','4fc24cfb4',32760,2128,1653964018,1653964018);
INSERT INTO player_score VALUES('632c33e65',51,'287a3e65d','54fe3de1a',511056,2392,1654025346,1654025346);
INSERT INTO player_score VALUES('6224a0506',51,'287a3e65d','620b645a9',547584,2280,1653997708,1653997708);
INSERT INTO player_score VALUES('63ae945e8',51,'287a3e65d','636255521',424175,2357,1654039017,1654039017);
INSERT INTO player_score VALUES('60f3c6510',51,'28c141182','2ef3f2f53',83952,2377,1653965742,1653965742);
INSERT INTO player_score VALUES('63ba9afb2',51,'28c141182','3b4b43222',96768,2409,1654040278,1654040278);
INSERT INTO player_score VALUES('63a43b6ef',51,'28c141182','3d9ba0a2d',95904,2486,1654037932,1654037932);
INSERT INTO player_score VALUES('62beb3ac1',51,'28c141182','54fe3de1a',526904,2311,1654013864,1654013864);
INSERT INTO player_score VALUES('62265553e',51,'28c141182','620b645a9',53985,2432,1653997887,1653997887);
INSERT INTO player_score VALUES('6349edc46',51,'28e6ad2ec','2ef3f2f53',53200,2476,1654028463,1654028463);
INSERT INTO player_score VALUES('60a987fa8',51,'28e6ad2ec','3d9ba0a2d',2100,2285,1653957957,1653957957);
INSERT INTO player_score VALUES('62afdcd6e',51,'28e6ad2ec','54fe3de1a',0,2296,1654012308,1654012308);
INSERT INTO player_score VALUES('63aff65e9',51,'28e6ad2ec','636255521',51136,2402,1654039162,1654039162);
INSERT INTO player_score VALUES('5dda0a843',51,'2952ba4f7','2ef3f2f53',87720,2233,1653882513,1653882513);
INSERT INTO player_score VALUES('62d443af4',51,'2952ba4f7','3d9ba0a2d',248500,2435,1654016125,1654016125);
INSERT INTO player_score VALUES('616a20299',51,'2952ba4f7','4fc24cfb4',243040,2194,1653978152,1653978152);
INSERT INTO player_score VALUES('63b2f4f6c',51,'2952ba4f7','636255521',33060,2495,1654039476,1654039476);
INSERT INTO player_score VALUES('61f7b0670',51,'2a1b861d8','2ef3f2f53',7656,2420,1653992996,1653992996);
INSERT INTO player_score VALUES('638cc3204',51,'2a1b861d8','3b4b43222',94752,2394,1654035471,1654035471);
INSERT INTO player_score VALUES('63bee80e6',51,'2a1b861d8','4fc24cfb4',0,2472,1654040729,1654040729);
INSERT INTO player_score VALUES('622463481',51,'2a1b861d8','620b645a9',46800,2249,1653997683,1653997683);
INSERT INTO player_score VALUES('63b23b6e0',51,'2a1b861d8','636255521',4656,2471,1654039400,1654039400);
INSERT INTO player_score VALUES('61eada429',51,'2b404113c','2ef3f2f53',49972,2418,1653991650,1653991650);
INSERT INTO player_score VALUES('636ab9c0e',51,'2b404113c','3b4b43222',7776,2387,1654031902,1654031902);
INSERT INTO player_score VALUES('5f3e3344e',51,'2b404113c','3d9ba0a2d',19488,2183,1653919859,1653919859);
INSERT INTO player_score VALUES('61b770a64',51,'2b404113c','4fc24cfb4',80600,2230,1653986259,1653986259);
INSERT INTO player_score VALUES('63b32aad3',51,'2b404113c','636255521',168480,2502,1654039498,1654039498);
INSERT INTO player_score VALUES('60408cf73',51,'2d18a0d35','2ef3f2f53',38998,2343,1653946949,1653946949);
INSERT INTO player_score VALUES('63b43e8d9',51,'2d18a0d35','3b4b43222',181584,2408,1654039611,1654039611);
INSERT INTO player_score VALUES('630fada41',51,'2d18a0d35','3d9ba0a2d',264480,2443,1654022355,1654022355);
INSERT INTO player_score VALUES('623d20455',51,'2d18a0d35','4fc24cfb4',76032,2293,1654000277,1654000277);
INSERT INTO player_score VALUES('634b0ddaf',51,'2d18a0d35','54fe3de1a',11715,2412,1654028581,1654028581);
INSERT INTO player_score VALUES('622566134',51,'2d18a0d35','620b645a9',37536,2347,1653997789,1653997789);
INSERT INTO player_score VALUES('63b24a11d',51,'2d18a0d35','636255521',6156,2476,1654039406,1654039406);
INSERT INTO player_score VALUES('5d1f2164e',51,'2d23f2c4d','2ef3f2f53',55872,2195,1653862914,1653862914);
INSERT INTO player_score VALUES('629a409ae',51,'2d23f2c4d','3b4b43222',93600,2330,1654010042,1654010042);
INSERT INTO player_score VALUES('6216f835a',51,'2d23f2c4d','3d9ba0a2d',123234,2384,1653996276,1653996276);
INSERT INTO player_score VALUES('61cfa00e8',51,'2d23f2c4d','4fc24cfb4',79380,2243,1653988795,1653988795);
INSERT INTO player_score VALUES('636df7d68',51,'2d23f2c4d','54fe3de1a',730701,2430,1654032242,1654032242);
INSERT INTO player_score VALUES('6225f3acc',51,'2d23f2c4d','620b645a9',128310,2392,1653997847,1653997847);
INSERT INTO player_score VALUES('63ac6064b',51,'2d23f2c4d','636255521',53820,2291,1654038786,1654038786);
INSERT INTO player_score VALUES('5c8e24afc',51,'2d4f2b3b3','2ef3f2f53',55080,2165,1653847711,1653847711);
INSERT INTO player_score VALUES('630f58309',51,'2d4f2b3b3','3b4b43222',46575,2359,1654022320,1654022320);
INSERT INTO player_score VALUES('5eb1e2dcd',51,'2d4f2b3b3','3d9ba0a2d',104958,2150,1653905146,1653905146);
INSERT INTO player_score VALUES('63c60cacc',51,'2d4f2b3b3','4fc24cfb4',104328,2481,1654041478,1654041478);
INSERT INTO player_score VALUES('622657c53',51,'2d4f2b3b3','620b645a9',63546,2433,1653997888,1653997888);
INSERT INTO player_score VALUES('63b3c95dd',51,'2d4f2b3b3','636255521',473715,2530,1654039563,1654039563);
INSERT INTO player_score VALUES('631e8e412',51,'2dcda527e','2ef3f2f53',23004,2471,1654023915,1654023915);
INSERT INTO player_score VALUES('616fa5be0',51,'2dcda527e','3b4b43222',377000,2269,1653978731,1653978731);
INSERT INTO player_score VALUES('621d63470',51,'2dcda527e','3d9ba0a2d',18360,2386,1653996949,1653996949);
INSERT INTO player_score VALUES('63a0f877d',51,'2dcda527e','4fc24cfb4',266526,2456,1654037590,1654037590);
INSERT INTO player_score VALUES('6226a103b',51,'2dcda527e','620b645a9',112000,2468,1653997918,1653997918);
INSERT INTO player_score VALUES('63b22301a',51,'2dcda527e','636255521',70400,2467,1654039390,1654039390);
INSERT INTO player_score VALUES('622d83b41',51,'2df877111','2ef3f2f53',31590,2427,1653998640,1653998640);
INSERT INTO player_score VALUES('6361e0218',51,'2df877111','3b4b43222',59400,2379,1654030974,1654030974);
INSERT INTO player_score VALUES('60992a846',51,'2df877111','3d9ba0a2d',464645,2278,1653956241,1653956241);
INSERT INTO player_score VALUES('62df49f21',51,'2df877111','4fc24cfb4',6885,2367,1654017281,1654017281);
INSERT INTO player_score VALUES('63204824d',51,'2df877111','54fe3de1a',390600,2387,1654024096,1654024096);
INSERT INTO player_score VALUES('62269c1fc',51,'2df877111','620b645a9',123354,2466,1653997916,1653997916);
INSERT INTO player_score VALUES('63b3c95de',51,'2df877111','636255521',560880,2529,1654039563,1654039563);
INSERT INTO player_score VALUES('60de86dda',51,'2e1bb8ef8','2ef3f2f53',84135,2373,1653963514,1653963514);
INSERT INTO player_score VALUES('5dd5f0b49',51,'2e1bb8ef8','3b4b43222',48708,2051,1653882083,1653882083);
INSERT INTO player_score VALUES('62d60ea98',51,'2e1bb8ef8','3d9ba0a2d',0,2436,1654016313,1654016313);
INSERT INTO player_score VALUES('632469412',51,'2e1bb8ef8','4fc24cfb4',2475,2396,1654024529,1654024529);
INSERT INTO player_score VALUES('63b46a80c',51,'2e1bb8ef8','54fe3de1a',50160,2467,1654039629,1654039629);
INSERT INTO player_score VALUES('6223cbe57',51,'2e1bb8ef8','620b645a9',561246,2197,1653997621,1653997621);
INSERT INTO player_score VALUES('6388bcdee',51,'2eb046b80','3d9ba0a2d',93600,2483,1654035049,1654035049);
INSERT INTO player_score VALUES('6356d288f',51,'2eb046b80','54fe3de1a',29072,2417,1654029815,1654029815);
INSERT INTO player_score VALUES('622635970',51,'2eb046b80','620b645a9',29880,2423,1653997874,1653997874);
INSERT INTO player_score VALUES('63a3908d3',51,'2eb046b80','636255521',5488,1998,1654037862,1654037862);
INSERT INTO player_score VALUES('62c14e29a',51,'2f3142bee','2ef3f2f53',13230,2455,1654014137,1654014137);
INSERT INTO player_score VALUES('6069853ff',51,'2f3142bee','3d9ba0a2d',153972,2256,1653951245,1653951245);
INSERT INTO player_score VALUES('62c970aef',51,'2f3142bee','4fc24cfb4',103488,2357,1654014990,1654014990);
INSERT INTO player_score VALUES('62b9ca596',51,'2f3142bee','54fe3de1a',15048,2306,1654013349,1654013349);
INSERT INTO player_score VALUES('6225c2d8b',51,'2f3142bee','620b645a9',5832,2378,1653997827,1653997827);
INSERT INTO player_score VALUES('63af26dc5',51,'2f3142bee','636255521',245830,2375,1654039077,1654039077);
INSERT INTO player_score VALUES('62d56157c',51,'2fb260f11','2ef3f2f53',18620,2462,1654016242,1654016242);
INSERT INTO player_score VALUES('6385b6ee3',51,'2fb260f11','3b4b43222',257312,2391,1654034732,1654034732);
INSERT INTO player_score VALUES('636f10963',51,'2fb260f11','3d9ba0a2d',211470,2478,1654032357,1654032357);
INSERT INTO player_score VALUES('62b5b08bf',51,'2fb260f11','4fc24cfb4',41650,2348,1654012919,1654012919);
INSERT INTO player_score VALUES('62266dbb3',51,'2fb260f11','620b645a9',3264,2443,1653997897,1653997897);
INSERT INTO player_score VALUES('63b1278a1',51,'2fb260f11','636255521',36630,2444,1654039287,1654039287);
INSERT INTO player_score VALUES('6373601b6',51,'2ff2a0b15','2ef3f2f53',78000,2480,1654032809,1654032809);
INSERT INTO player_score VALUES('629b56f0b',51,'2ff2a0b15','3b4b43222',84912,2332,1654010156,1654010156);
INSERT INTO player_score VALUES('63bfe112e',51,'2ff2a0b15','4fc24cfb4',291060,2475,1654040831,1654040831);
INSERT INTO player_score VALUES('6295af315',51,'2ff2a0b15','54fe3de1a',173826,2281,1654009563,1654009563);
INSERT INTO player_score VALUES('62262e454',51,'2ff2a0b15','620b645a9',119520,2418,1653997871,1653997871);
INSERT INTO player_score VALUES('63b3458a6',51,'2ff2a0b15','636255521',2346,2508,1654039509,1654039509);
INSERT INTO player_score VALUES('63bf844fb',51,'3102f3100','2ef3f2f53',226800,2491,1654040793,1654040793);
INSERT INTO player_score VALUES('5da4dd3c4',51,'3102f3100','3b4b43222',256432,2039,1653876937,1653876937);
INSERT INTO player_score VALUES('60c37d788',51,'3102f3100','3d9ba0a2d',142692,2292,1653960679,1653960679);
INSERT INTO player_score VALUES('63bb93fe7',51,'3102f3100','4fc24cfb4',150552,2469,1654040380,1654040380);
INSERT INTO player_score VALUES('62b31877e',51,'3102f3100','54fe3de1a',23184,2297,1654012647,1654012647);
INSERT INTO player_score VALUES('6225af4da',51,'3102f3100','620b645a9',77418,2374,1653997819,1653997819);
INSERT INTO player_score VALUES('63abe652f',51,'3102f3100','636255521',30498,2275,1654038736,1654038736);
INSERT INTO player_score VALUES('573c0c68b',51,'310cbe603','2ef3f2f53',495264,1894,1653704885,1653704885);
INSERT INTO player_score VALUES('611252260',51,'310cbe603','3b4b43222',43264,2247,1653968945,1653968945);
INSERT INTO player_score VALUES('60c844a0f',51,'310cbe603','3d9ba0a2d',34320,2294,1653961180,1653961180);
INSERT INTO player_score VALUES('634c92090',51,'310cbe603','4fc24cfb4',10584,2416,1654028740,1654028740);
INSERT INTO player_score VALUES('632001589',51,'310cbe603','54fe3de1a',105264,2386,1654024067,1654024067);
INSERT INTO player_score VALUES('62240dd2e',51,'310cbe603','620b645a9',390910,2217,1653997648,1653997648);
INSERT INTO player_score VALUES('63b149b97',51,'310cbe603','636255521',111962,2448,1654039301,1654039301);
INSERT INTO player_score VALUES('60ab86368',51,'3135bb887','2ef3f2f53',2000,2365,1653958166,1653958166);
INSERT INTO player_score VALUES('62f42551f',51,'3135bb887','3b4b43222',704613,2352,1654019468,1654019468);
INSERT INTO player_score VALUES('627da94a6',51,'3135bb887','3d9ba0a2d',2750,2409,1654007044,1654007044);
INSERT INTO player_score VALUES('639330a56',51,'3135bb887','4fc24cfb4',208506,2447,1654036145,1654036145);
INSERT INTO player_score VALUES('6344e4b14',51,'3135bb887','54fe3de1a',228960,2408,1654027935,1654027935);
INSERT INTO player_score VALUES('62255ebe2',51,'3135bb887','620b645a9',162540,2345,1653997786,1653997786);
INSERT INTO player_score VALUES('6342a216e',51,'313d136d5','2ef3f2f53',4515,2475,1654027698,1654027698);
INSERT INTO player_score VALUES('5fb339c73',51,'313d136d5','3b4b43222',0,2165,1653932130,1653932130);
INSERT INTO player_score VALUES('62f6211e6',51,'313d136d5','3d9ba0a2d',92400,2440,1654019676,1654019676);
INSERT INTO player_score VALUES('61bff9b32',51,'313d136d5','4fc24cfb4',42000,2235,1653987154,1653987154);
INSERT INTO player_score VALUES('62c2bc61f',51,'313d136d5','54fe3de1a',2530,2319,1654014287,1654014287);
INSERT INTO player_score VALUES('6224486ae',51,'313d136d5','620b645a9',126882,2240,1653997672,1653997672);
INSERT INTO player_score VALUES('63b35df1e',51,'313d136d5','636255521',26622,2511,1654039519,1654039519);
INSERT INTO player_score VALUES('604bed905',51,'31b9aed74','2ef3f2f53',1040,2344,1653948142,1653948142);
INSERT INTO player_score VALUES('62aab1985',51,'31b9aed74','3b4b43222',214020,2335,1654011766,1654011766);
INSERT INTO player_score VALUES('6359c9cf7',51,'31b9aed74','3d9ba0a2d',137808,2474,1654030126,1654030126);
INSERT INTO player_score VALUES('61e40fff2',51,'31b9aed74','4fc24cfb4',21812,2257,1653990938,1653990938);
INSERT INTO player_score VALUES('62f272bed',51,'31b9aed74','54fe3de1a',143491,2352,1654019290,1654019290);
INSERT INTO player_score VALUES('6225b69f6',51,'31b9aed74','620b645a9',228956,2375,1653997822,1653997822);
INSERT INTO player_score VALUES('63b242bce',51,'31b9aed74','636255521',539560,2473,1654039403,1654039403);
INSERT INTO player_score VALUES('608dc0291',51,'31ef11d81','2ef3f2f53',179580,2362,1653955044,1653955044);
INSERT INTO player_score VALUES('63247ccee',51,'31ef11d81','3b4b43222',197340,2362,1654024537,1654024537);
INSERT INTO player_score VALUES('5ebd3c211',51,'31ef11d81','3d9ba0a2d',95312,2155,1653906336,1653906336);
INSERT INTO player_score VALUES('60bc343e3',51,'31ef11d81','4fc24cfb4',466560,2110,1653959915,1653959915);
INSERT INTO player_score VALUES('638a98ec8',51,'31ef11d81','54fe3de1a',21340,2446,1654035244,1654035244);
INSERT INTO player_score VALUES('6225883f2',51,'31ef11d81','620b645a9',28800,2362,1653997803,1653997803);
INSERT INTO player_score VALUES('5f6f1378e',51,'323d910a1','3b4b43222',663872,2141,1653924984,1653924984);
INSERT INTO player_score VALUES('62555e58b',51,'323d910a1','3d9ba0a2d',101752,2403,1654002819,1654002819);
INSERT INTO player_score VALUES('636453930',51,'323d910a1','54fe3de1a',10206,2423,1654031231,1654031231);
INSERT INTO player_score VALUES('622423cd0',51,'323d910a1','620b645a9',122760,2227,1653997657,1653997657);
INSERT INTO player_score VALUES('607b0c901',51,'3329a39ef','2ef3f2f53',54050,2357,1653953083,1653953083);
INSERT INTO player_score VALUES('6399c0541',51,'3329a39ef','3b4b43222',516243,2398,1654036833,1654036833);
INSERT INTO player_score VALUES('6368cc94f',51,'3329a39ef','3d9ba0a2d',34216,2477,1654031700,1654031700);
INSERT INTO player_score VALUES('5f9ed87ab',51,'3329a39ef','4fc24cfb4',499422,1977,1653929993,1653929993);
INSERT INTO player_score VALUES('634f9a684',51,'3329a39ef','54fe3de1a',205128,2413,1654029058,1654029058);
INSERT INTO player_score VALUES('63b186c51',51,'3329a39ef','636255521',2511,2454,1654039326,1654039326);
INSERT INTO player_score VALUES('6265fb459',51,'33db47b28','2ef3f2f53',21105,2443,1654004561,1654004561);
INSERT INTO player_score VALUES('635633d9a',51,'33db47b28','3d9ba0a2d',12480,2472,1654029750,1654029750);
INSERT INTO player_score VALUES('62d36f4ab',51,'33db47b28','4fc24cfb4',132736,2360,1654016038,1654016038);
INSERT INTO player_score VALUES('638fdf07d',51,'33db47b28','54fe3de1a',365040,2452,1654035797,1654035797);
INSERT INTO player_score VALUES('6226c5a25',51,'33db47b28','620b645a9',28756,2475,1653997933,1653997933);
INSERT INTO player_score VALUES('63afbbc78',51,'33db47b28','636255521',11193,2394,1654039138,1654039138);
INSERT INTO player_score VALUES('61cf25fa7',51,'346a60ff6','3b4b43222',93456,2291,1653988745,1653988745);
INSERT INTO player_score VALUES('63860c64e',51,'346a60ff6','3d9ba0a2d',457600,2482,1654034767,1654034767);
INSERT INTO player_score VALUES('62e21c9a4',51,'346a60ff6','4fc24cfb4',262800,2369,1654017577,1654017577);
INSERT INTO player_score VALUES('62b593414',51,'346a60ff6','54fe3de1a',496,2304,1654012907,1654012907);
INSERT INTO player_score VALUES('63b34a69b',51,'346a60ff6','636255521',16965,2509,1654039511,1654039511);
INSERT INTO player_score VALUES('629c7495b',51,'3493d0e88','2ef3f2f53',8760,2450,1654010273,1654010273);
INSERT INTO player_score VALUES('5da5092fe',51,'3493d0e88','3b4b43222',147925,2040,1653876955,1653876955);
INSERT INTO player_score VALUES('632e74117',51,'3493d0e88','3d9ba0a2d',144540,2457,1654025582,1654025582);
INSERT INTO player_score VALUES('636f24215',51,'3493d0e88','4fc24cfb4',366892,2430,1654032365,1654032365);
INSERT INTO player_score VALUES('6378e81f3',51,'3493d0e88','54fe3de1a',195360,2437,1654033389,1654033389);
INSERT INTO player_score VALUES('6226a103c',51,'3493d0e88','620b645a9',0,2467,1653997918,1653997918);
INSERT INTO player_score VALUES('5faada39a',51,'3495aa8a7','2ef3f2f53',337610,2314,1653931252,1653931252);
INSERT INTO player_score VALUES('633df5cc6',51,'3495aa8a7','3b4b43222',1440,2367,1654027208,1654027208);
INSERT INTO player_score VALUES('63b8f49e3',51,'3495aa8a7','3d9ba0a2d',4896,2492,1654040105,1654040105);
INSERT INTO player_score VALUES('634b411cf',51,'3495aa8a7','4fc24cfb4',165,2415,1654028602,1654028602);
INSERT INTO player_score VALUES('622624810',51,'3495aa8a7','620b645a9',17612,2412,1653997867,1653997867);
INSERT INTO player_score VALUES('63b3988a0',51,'3495aa8a7','636255521',59136,2523,1654039543,1654039543);
INSERT INTO player_score VALUES('638f6ebc9',51,'35606fb9c','2ef3f2f53',55440,2482,1654035751,1654035751);
INSERT INTO player_score VALUES('61bd3d041',51,'35606fb9c','3b4b43222',436082,2285,1653986867,1653986867);
INSERT INTO player_score VALUES('62e533a27',51,'35606fb9c','3d9ba0a2d',167508,2439,1654017901,1654017901);
INSERT INTO player_score VALUES('630dcf1f5',51,'35606fb9c','4fc24cfb4',4704,2387,1654022159,1654022159);
INSERT INTO player_score VALUES('6226729e6',51,'35606fb9c','620b645a9',19680,2444,1653997899,1653997899);
INSERT INTO player_score VALUES('63abb09cd',51,'35606fb9c','636255521',386365,2264,1654038714,1654038714);
INSERT INTO player_score VALUES('61537eb7b',51,'36adf702f','2ef3f2f53',107730,2394,1653975779,1653975779);
INSERT INTO player_score VALUES('62164adfb',51,'36adf702f','3b4b43222',5304,2310,1653996205,1653996205);
INSERT INTO player_score VALUES('602557a58',51,'36adf702f','3d9ba0a2d',28000,2243,1653944096,1653944096);
INSERT INTO player_score VALUES('62b689d20',51,'36adf702f','4fc24cfb4',47515,2349,1654013008,1654013008);
INSERT INTO player_score VALUES('63702479a',51,'36adf702f','54fe3de1a',258129,2432,1654032470,1654032470);
INSERT INTO player_score VALUES('6226729e7',51,'36adf702f','620b645a9',223685,2445,1653997899,1653997899);
INSERT INTO player_score VALUES('63b14c291',51,'36adf702f','636255521',64032,2449,1654039302,1654039302);
INSERT INTO player_score VALUES('621fd6b9d',51,'377aa47c6','2ef3f2f53',213840,2425,1653997206,1653997206);
INSERT INTO player_score VALUES('5fd4b0a7b',51,'377aa47c6','3b4b43222',3200,2181,1653935639,1653935639);
INSERT INTO player_score VALUES('63b4807bb',51,'377aa47c6','54fe3de1a',5474,2468,1654039638,1654039638);
INSERT INTO player_score VALUES('62269259e',51,'377aa47c6','620b645a9',15540,2461,1653997912,1653997912);
INSERT INTO player_score VALUES('63b231a7c',51,'377aa47c6','636255521',68376,2468,1654039396,1654039396);
INSERT INTO player_score VALUES('56f836ada',51,'3840f5863','2ef3f2f53',366130,1883,1653697772,1653697772);
INSERT INTO player_score VALUES('5ad7ee161',51,'3840f5863','3b4b43222',151515,1882,1653801761,1653801761);
INSERT INTO player_score VALUES('61a501679',51,'3840f5863','3d9ba0a2d',221760,2350,1653984326,1653984326);
INSERT INTO player_score VALUES('639afdb93',51,'3840f5863','4fc24cfb4',236131,2450,1654036963,1654036963);
INSERT INTO player_score VALUES('62bce3d00',51,'3840f5863','54fe3de1a',41250,2309,1654013674,1654013674);
INSERT INTO player_score VALUES('622480923',51,'3840f5863','620b645a9',52200,2265,1653997695,1653997695);
INSERT INTO player_score VALUES('63b3c4805',51,'3840f5863','636255521',431739,2527,1654039561,1654039561);
INSERT INTO player_score VALUES('6202ffec5',51,'3891d233e','2ef3f2f53',48074,2422,1653994182,1653994182);
INSERT INTO player_score VALUES('5c2385c53',51,'3891d233e','3b4b43222',193546,1954,1653836531,1653836531);
INSERT INTO player_score VALUES('5e28bf6f9',51,'3891d233e','4fc24cfb4',34200,1791,1653890766,1653890766);
INSERT INTO player_score VALUES('63689201f',51,'3891d233e','54fe3de1a',103584,2428,1654031676,1654031676);
INSERT INTO player_score VALUES('6225acdce',51,'3891d233e','620b645a9',74704,2373,1653997818,1653997818);
INSERT INTO player_score VALUES('63af94b69',51,'3891d233e','636255521',2881,2392,1654039122,1654039122);
INSERT INTO player_score VALUES('62b5a4529',51,'38c2189ce','2ef3f2f53',146880,2454,1654012914,1654012914);
INSERT INTO player_score VALUES('62540887f',51,'38c2189ce','3b4b43222',29070,2316,1654002679,1654002679);
INSERT INTO player_score VALUES('5eae20f3e',51,'38c2189ce','3d9ba0a2d',166192,2148,1653904752,1653904752);
INSERT INTO player_score VALUES('636e6f745',51,'38c2189ce','4fc24cfb4',0,2429,1654032291,1654032291);
INSERT INTO player_score VALUES('61ad37777',51,'38c2189ce','54fe3de1a',5607,2111,1653985187,1653985187);
INSERT INTO player_score VALUES('62249b6ec',51,'38c2189ce','620b645a9',328692,2278,1653997706,1653997706);
INSERT INTO player_score VALUES('5db09829a',51,'38c76fc95','2ef3f2f53',31008,2225,1653878167,1653878167);
INSERT INTO player_score VALUES('636798f8d',51,'38c76fc95','3b4b43222',318087,2384,1654031574,1654031574);
INSERT INTO player_score VALUES('63571bc63',51,'38c76fc95','3d9ba0a2d',104880,2473,1654029845,1654029845);
INSERT INTO player_score VALUES('61e6c07a7',51,'38c76fc95','4fc24cfb4',33660,2261,1653991220,1653991220);
INSERT INTO player_score VALUES('639ba89df',51,'38c76fc95','54fe3de1a',69360,2457,1654037033,1654037033);
INSERT INTO player_score VALUES('622624811',51,'38c76fc95','620b645a9',7128,2413,1653997867,1653997867);
INSERT INTO player_score VALUES('63b37b3ec',51,'38c76fc95','636255521',185250,2514,1654039531,1654039531);
INSERT INTO player_score VALUES('62688721d',51,'394a4f33c','2ef3f2f53',4312,2445,1654004828,1654004828);
INSERT INTO player_score VALUES('636531bba',51,'394a4f33c','3b4b43222',208065,2383,1654031322,1654031322);
INSERT INTO player_score VALUES('63350ff62',51,'394a4f33c','3d9ba0a2d',286650,2464,1654026275,1654026275);
INSERT INTO player_score VALUES('629e24b36',51,'394a4f33c','54fe3de1a',754,2285,1654010450,1654010450);
INSERT INTO player_score VALUES('622633232',51,'394a4f33c','620b645a9',58968,2422,1653997873,1653997873);
INSERT INTO player_score VALUES('63b100794',51,'394a4f33c','636255521',417600,2439,1654039271,1654039271);
INSERT INTO player_score VALUES('625ca7931',51,'39abc663b','2ef3f2f53',0,2441,1654003583,1654003583);
INSERT INTO player_score VALUES('5cfe0c2a7',51,'39abc663b','3d9ba0a2d',24000,2047,1653859445,1653859445);
INSERT INTO player_score VALUES('632538cc1',51,'39abc663b','4fc24cfb4',146076,2398,1654024614,1654024614);
INSERT INTO player_score VALUES('638e908f8',51,'39abc663b','54fe3de1a',242962,2450,1654035660,1654035660);
INSERT INTO player_score VALUES('62263ce63',51,'39abc663b','620b645a9',25650,2426,1653997877,1653997877);
INSERT INTO player_score VALUES('63ae6adf4',51,'39abc663b','636255521',466830,2349,1654039000,1654039000);
INSERT INTO player_score VALUES('62c2e0ff8',51,'3b85378e2','2ef3f2f53',387260,2456,1654014302,1654014302);
INSERT INTO player_score VALUES('61d22be81',51,'3b85378e2','3b4b43222',124740,2292,1653989062,1653989062);
INSERT INTO player_score VALUES('63b4177eb',51,'3b85378e2','3d9ba0a2d',133224,2491,1654039595,1654039595);
INSERT INTO player_score VALUES('63c45c882',51,'3b85378e2','4fc24cfb4',234612,2480,1654041301,1654041301);
INSERT INTO player_score VALUES('62563ef24',51,'3b85378e2','54fe3de1a',124320,2236,1654002911,1654002911);
INSERT INTO player_score VALUES('622615da7',51,'3b85378e2','620b645a9',455421,2407,1653997861,1653997861);
INSERT INTO player_score VALUES('63b269d29',51,'3b85378e2','636255521',397782,2479,1654039419,1654039419);
INSERT INTO player_score VALUES('5c8916c1a',51,'3b9dd7442','3b4b43222',5070,1977,1653847181,1653847181);
INSERT INTO player_score VALUES('6373390a7',51,'3b9dd7442','3d9ba0a2d',69377,2481,1654032793,1654032793);
INSERT INTO player_score VALUES('6200fa547',51,'3b9dd7442','4fc24cfb4',410400,2273,1653993970,1653993970);
INSERT INTO player_score VALUES('62e86ccf9',51,'3b9dd7442','54fe3de1a',234300,2347,1654018239,1654018239);
INSERT INTO player_score VALUES('62226c58b',51,'3b9dd7442','620b645a9',19840,2072,1653997477,1653997477);
INSERT INTO player_score VALUES('63b27603b',51,'3b9dd7442','636255521',368874,2481,1654039424,1654039424);
INSERT INTO player_score VALUES('5f928ff3c',51,'3c55a47e9','2ef3f2f53',106260,2309,1653928705,1653928705);
INSERT INTO player_score VALUES('62f52a891',51,'3c55a47e9','3b4b43222',37600,2354,1654019575,1654019575);
INSERT INTO player_score VALUES('6392a57bb',51,'3c55a47e9','3d9ba0a2d',196980,2485,1654036088,1654036088);
INSERT INTO player_score VALUES('6222ba7a2',51,'3c55a47e9','4fc24cfb4',216720,2283,1653997509,1653997509);
INSERT INTO player_score VALUES('63b5bdd90',51,'3c55a47e9','54fe3de1a',181632,2471,1654039768,1654039768);
INSERT INTO player_score VALUES('6223ff2f6',51,'3c55a47e9','620b645a9',47082,2213,1653997642,1653997642);
INSERT INTO player_score VALUES('63afd1bf1',51,'3c55a47e9','636255521',19228,2398,1654039147,1654039147);
INSERT INTO player_score VALUES('6088f6909',51,'3d5b0b707','2ef3f2f53',122322,2360,1653954542,1653954542);
INSERT INTO player_score VALUES('633456678',51,'3d5b0b707','3b4b43222',99066,2364,1654026199,1654026199);
INSERT INTO player_score VALUES('6209772f4',51,'3d5b0b707','3d9ba0a2d',3520,2380,1653994860,1653994860);
INSERT INTO player_score VALUES('61a3dc715',51,'3d5b0b707','4fc24cfb4',3828,2221,1653984206,1653984206);
INSERT INTO player_score VALUES('633db8c4c',51,'3d5b0b707','54fe3de1a',32490,2401,1654027183,1654027183);
INSERT INTO player_score VALUES('6223eba47',51,'3d5b0b707','620b645a9',2346,2208,1653997634,1653997634);
INSERT INTO player_score VALUES('63b3fca2a',51,'3d5b0b707','636255521',271320,2538,1654039584,1654039584);
INSERT INTO player_score VALUES('6280c52b8',51,'3d9a08ed9','3b4b43222',560880,2326,1654007370,1654007370);
INSERT INTO player_score VALUES('631ce571d',51,'3d9a08ed9','3d9ba0a2d',205010,2452,1654023741,1654023741);
INSERT INTO player_score VALUES('613e37ec6',51,'3d9a08ed9','4fc24cfb4',1152,2170,1653973548,1653973548);
INSERT INTO player_score VALUES('635136fdb',51,'3d9a08ed9','54fe3de1a',145432,2415,1654029227,1654029227);
INSERT INTO player_score VALUES('6224d126b',51,'3d9a08ed9','620b645a9',85629,2299,1653997728,1653997728);
INSERT INTO player_score VALUES('63b2b57ed',51,'3d9a08ed9','636255521',120120,2489,1654039450,1654039450);
INSERT INTO player_score VALUES('639dc909b',51,'3e0dd2057','2ef3f2f53',53217,2484,1654037256,1654037256);
INSERT INTO player_score VALUES('624af1e0b',51,'3e0dd2057','3d9ba0a2d',26496,2398,1654001726,1654001726);
INSERT INTO player_score VALUES('63c41f7e7',51,'3e0dd2057','4fc24cfb4',154440,2479,1654041276,1654041276);
INSERT INTO player_score VALUES('63850c0ab',51,'3e0dd2057','54fe3de1a',22302,2440,1654034662,1654034662);
INSERT INTO player_score VALUES('63b0ea838',51,'3e0dd2057','636255521',89262,2435,1654039262,1654039262);
INSERT INTO player_score VALUES('5f95a2181',51,'3e7404254','2ef3f2f53',200736,2311,1653929027,1653929027);
INSERT INTO player_score VALUES('5f6253556',51,'3e7404254','3b4b43222',40480,2135,1653923647,1653923647);
INSERT INTO player_score VALUES('60f02dea9',51,'3e7404254','3d9ba0a2d',15360,2302,1653965365,1653965365);
INSERT INTO player_score VALUES('63c1f06c8',51,'3e7404254','4fc24cfb4',0,2478,1654041047,1654041047);
INSERT INTO player_score VALUES('6318fa050',51,'3e7404254','54fe3de1a',446400,2380,1654023330,1654023330);
INSERT INTO player_score VALUES('62263a754',51,'3e7404254','620b645a9',378,2425,1653997876,1653997876);
INSERT INTO player_score VALUES('63b2c6956',51,'3e7404254','636255521',22770,2491,1654039457,1654039457);
INSERT INTO player_score VALUES('63a27a370',51,'3e76d4584','2ef3f2f53',124020,2486,1654037748,1654037748);
INSERT INTO player_score VALUES('627dd05a0',51,'3e76d4584','3b4b43222',102300,2324,1654007060,1654007060);
INSERT INTO player_score VALUES('631a54b69',51,'3e76d4584','3d9ba0a2d',318920,2449,1654023472,1654023472);
INSERT INTO player_score VALUES('63b89a478',51,'3e76d4584','4fc24cfb4',22594,2467,1654040068,1654040068);
INSERT INTO player_score VALUES('62d314f5e',51,'3e76d4584','54fe3de1a',8360,2334,1654016001,1654016001);
INSERT INTO player_score VALUES('62261f9c6',51,'3e76d4584','620b645a9',223820,2411,1653997865,1653997865);
INSERT INTO player_score VALUES('63b08b4c7',51,'3e76d4584','636255521',259296,2422,1654039223,1654039223);
INSERT INTO player_score VALUES('6376771fa',51,'3fb246c1b','2ef3f2f53',332416,2481,1654033133,1654033133);
INSERT INTO player_score VALUES('6348f72fd',51,'3fb246c1b','3b4b43222',350784,2370,1654028362,1654028362);
INSERT INTO player_score VALUES('628512420',51,'3fb246c1b','3d9ba0a2d',227550,2411,1654007821,1654007821);
INSERT INTO player_score VALUES('623e3b7e4',51,'3fb246c1b','4fc24cfb4',31920,2294,1654000393,1654000393);
INSERT INTO player_score VALUES('63c6e8649',51,'3fb246c1b','54fe3de1a',56066,2482,1654041568,1654041568);
INSERT INTO player_score VALUES('622683b85',51,'3fb246c1b','620b645a9',277780,2455,1653997906,1653997906);
INSERT INTO player_score VALUES('63ae8a9a8',51,'3fb246c1b','636255521',518400,2352,1654039013,1654039013);
INSERT INTO player_score VALUES('63b8055d8',51,'3ff473a9a','2ef3f2f53',7776,2490,1654040007,1654040007);
INSERT INTO player_score VALUES('6362ef231',51,'3ff473a9a','3b4b43222',154980,2382,1654031085,1654031085);
INSERT INTO player_score VALUES('5e819a05d',51,'3ff473a9a','3d9ba0a2d',18228,2135,1653900083,1653900083);
INSERT INTO player_score VALUES('634e58204',51,'3ff473a9a','4fc24cfb4',25172,2418,1654028926,1654028926);
INSERT INTO player_score VALUES('638956ac4',51,'3ff473a9a','54fe3de1a',93840,2445,1654035112,1654035112);
INSERT INTO player_score VALUES('62253a1ee',51,'3ff473a9a','620b645a9',92628,2331,1653997771,1653997771);
INSERT INTO player_score VALUES('63b3f7c5a',51,'3ff473a9a','636255521',121968,2536,1654039582,1654039582);
INSERT INTO player_score VALUES('619eb6182',51,'40bcfd8d1','2ef3f2f53',49368,2406,1653983666,1653983666);
INSERT INTO player_score VALUES('6391ff7a6',51,'40bcfd8d1','3b4b43222',55566,2396,1654036020,1654036020);
INSERT INTO player_score VALUES('62cd65e35',51,'40bcfd8d1','3d9ba0a2d',7200,2433,1654015405,1654015405);
INSERT INTO player_score VALUES('6342b32f0',51,'40bcfd8d1','4fc24cfb4',289080,2413,1654027705,1654027705);
INSERT INTO player_score VALUES('63c4e05ea',51,'40bcfd8d1','54fe3de1a',57017,2481,1654041355,1654041355);
INSERT INTO player_score VALUES('6316f4722',51,'40ecb17c2','2ef3f2f53',183744,2469,1654023118,1654023118);
INSERT INTO player_score VALUES('61fb46602',51,'40ecb17c2','3d9ba0a2d',141588,2375,1653993372,1653993372);
INSERT INTO player_score VALUES('629a198e6',51,'40ecb17c2','4fc24cfb4',21090,2336,1654010026,1654010026);
INSERT INTO player_score VALUES('638ffec44',51,'40ecb17c2','54fe3de1a',359128,2454,1654035810,1654035810);
INSERT INTO player_score VALUES('6226aac7a',51,'40ecb17c2','620b645a9',231072,2471,1653997922,1653997922);
INSERT INTO player_score VALUES('63b2368a1',51,'40ecb17c2','636255521',530640,2469,1654039398,1654039398);
INSERT INTO player_score VALUES('6186ab4f5',51,'411935f64','2ef3f2f53',13200,2400,1653981145,1653981145);
INSERT INTO player_score VALUES('615e0ae7e',51,'411935f64','3b4b43222',35088,2263,1653976885,1653976885);
INSERT INTO player_score VALUES('634f8bbc8',51,'411935f64','3d9ba0a2d',3990,2470,1654029052,1654029052);
INSERT INTO player_score VALUES('6154b4c36',51,'411935f64','4fc24cfb4',66300,2184,1653975906,1653975906);
INSERT INTO player_score VALUES('63b31725b',51,'411935f64','54fe3de1a',1476,2466,1654039490,1654039490);
INSERT INTO player_score VALUES('62268142f',51,'411935f64','620b645a9',49280,2454,1653997905,1653997905);
INSERT INTO player_score VALUES('63b38eca0',51,'411935f64','636255521',14300,2520,1654039539,1654039539);
INSERT INTO player_score VALUES('5ebc913c1',51,'413c29b95','2ef3f2f53',127400,2275,1653906266,1653906266);
INSERT INTO player_score VALUES('638836941',51,'413c29b95','3b4b43222',190960,2392,1654034994,1654034994);
INSERT INTO player_score VALUES('62e4d1fab',51,'413c29b95','3d9ba0a2d',46200,2438,1654017861,1654017861);
INSERT INTO player_score VALUES('632a41d78',51,'413c29b95','4fc24cfb4',456,2402,1654025142,1654025142);
INSERT INTO player_score VALUES('638e9cc13',51,'413c29b95','54fe3de1a',9870,2451,1654035665,1654035665);
INSERT INTO player_score VALUES('62266dbb4',51,'413c29b95','620b645a9',130962,2442,1653997897,1653997897);
INSERT INTO player_score VALUES('63b393a6d',51,'413c29b95','636255521',248292,2522,1654039541,1654039541);
INSERT INTO player_score VALUES('62450833f',51,'414c05c7f','2ef3f2f53',73556,2435,1654001106,1654001106);
INSERT INTO player_score VALUES('61ea4f1ed',51,'414c05c7f','3b4b43222',457560,2301,1653991593,1653991593);
INSERT INTO player_score VALUES('634d8d7d3',51,'414c05c7f','3d9ba0a2d',17600,2469,1654028843,1654028843);
INSERT INTO player_score VALUES('6147efbc6',51,'414c05c7f','4fc24cfb4',43296,2176,1653974567,1653974567);
INSERT INTO player_score VALUES('63b5f1231',51,'414c05c7f','54fe3de1a',232320,2472,1654039789,1654039789);
INSERT INTO player_score VALUES('638d81924',51,'43338ce82','3b4b43222',94350,2395,1654035549,1654035549);
INSERT INTO player_score VALUES('61d4b2e02',51,'43338ce82','3d9ba0a2d',6210,2361,1653989327,1653989327);
INSERT INTO player_score VALUES('63b51a496',51,'43338ce82','54fe3de1a',108783,2469,1654039701,1654039701);
INSERT INTO player_score VALUES('63b290de3',51,'43338ce82','636255521',19434,2485,1654039435,1654039435);
INSERT INTO player_score VALUES('62d65099f',51,'435340240','2ef3f2f53',160132,2463,1654016340,1654016340);
INSERT INTO player_score VALUES('6216aefbf',51,'435340240','3b4b43222',637,2311,1653996246,1653996246);
INSERT INTO player_score VALUES('63220e405',51,'435340240','3d9ba0a2d',170400,2454,1654024282,1654024282);
INSERT INTO player_score VALUES('624438b08',51,'435340240','4fc24cfb4',442964,2297,1654001021,1654001021);
INSERT INTO player_score VALUES('6386532e2',51,'435340240','54fe3de1a',189504,2442,1654034796,1654034796);
INSERT INTO player_score VALUES('6224f34f3',51,'435340240','620b645a9',0,2312,1653997742,1653997742);
INSERT INTO player_score VALUES('63b3b3666',51,'435340240','636255521',46800,2524,1654039554,1654039554);
INSERT INTO player_score VALUES('5e02c8334',51,'43579e49b','3b4b43222',104652,2062,1653886785,1653886785);
INSERT INTO player_score VALUES('62d33c051',51,'43579e49b','3d9ba0a2d',173470,2434,1654016017,1654016017);
INSERT INTO player_score VALUES('62df429f1',51,'43579e49b','4fc24cfb4',5248,2366,1654017278,1654017278);
INSERT INTO player_score VALUES('63b192f95',51,'43579e49b','54fe3de1a',8800,2465,1654039331,1654039331);
INSERT INTO player_score VALUES('62259203e',51,'43579e49b','620b645a9',79980,2365,1653997807,1653997807);
INSERT INTO player_score VALUES('62f8c0828',51,'43f516cc2','2ef3f2f53',98940,2466,1654019951,1654019951);
INSERT INTO player_score VALUES('634b7bb42',51,'43f516cc2','3b4b43222',304128,2372,1654028626,1654028626);
INSERT INTO player_score VALUES('61b0a17a6',51,'43f516cc2','4fc24cfb4',496800,2227,1653985545,1653985545);
INSERT INTO player_score VALUES('620c36501',51,'43f516cc2','54fe3de1a',574940,2183,1653995148,1653995148);
INSERT INTO player_score VALUES('62253a1ef',51,'43f516cc2','620b645a9',16800,2332,1653997771,1653997771);
INSERT INTO player_score VALUES('63aabeed3',51,'43f516cc2','636255521',492750,2232,1654038615,1654038615);
INSERT INTO player_score VALUES('5e5b2d9c2',51,'442b3f8a4','2ef3f2f53',40940,2261,1653896054,1653896054);
INSERT INTO player_score VALUES('62f514929',51,'442b3f8a4','3b4b43222',127604,2353,1654019566,1654019566);
INSERT INTO player_score VALUES('6370729b5',51,'442b3f8a4','3d9ba0a2d',19530,2480,1654032502,1654032502);
INSERT INTO player_score VALUES('63961e29b',51,'442b3f8a4','4fc24cfb4',6888,2448,1654036452,1654036452);
INSERT INTO player_score VALUES('622543e15',51,'442b3f8a4','620b645a9',10527,2335,1653997775,1653997775);
INSERT INTO player_score VALUES('63b2d2cce',51,'442b3f8a4','636255521',200200,2492,1654039462,1654039462);
INSERT INTO player_score VALUES('6050494c3',51,'444ecf8d9','2ef3f2f53',30240,2346,1653948599,1653948599);
INSERT INTO player_score VALUES('634f11add',51,'444ecf8d9','3b4b43222',13542,2373,1654029002,1654029002);
INSERT INTO player_score VALUES('62b83ed85',51,'444ecf8d9','4fc24cfb4',57200,2353,1654013187,1654013187);
INSERT INTO player_score VALUES('633ec2dc5',51,'444ecf8d9','54fe3de1a',1600,2404,1654027292,1654027292);
INSERT INTO player_score VALUES('6226973f9',51,'444ecf8d9','620b645a9',2720,2464,1653997914,1653997914);
INSERT INTO player_score VALUES('63b336e24',51,'444ecf8d9','636255521',75680,2506,1654039503,1654039503);
INSERT INTO player_score VALUES('62474862e',51,'4459127ee','2ef3f2f53',351540,2436,1654001342,1654001342);
INSERT INTO player_score VALUES('62a38f6ea',51,'4459127ee','3b4b43222',27060,2334,1654011018,1654011018);
INSERT INTO player_score VALUES('6256ec499',51,'4459127ee','3d9ba0a2d',88060,2404,1654002982,1654002982);
INSERT INTO player_score VALUES('625be1d1e',51,'4459127ee','4fc24cfb4',178752,2313,1654003502,1654003502);
INSERT INTO player_score VALUES('620226a19',51,'4459127ee','54fe3de1a',2613,2176,1653994093,1653994093);
INSERT INTO player_score VALUES('622694cbe',51,'4459127ee','620b645a9',10290,2463,1653997913,1653997913);
INSERT INTO player_score VALUES('63b007783',51,'4459127ee','636255521',7029,2406,1654039169,1654039169);
INSERT INTO player_score VALUES('60f883b4e',51,'44c1a6f3f','2ef3f2f53',672111,2380,1653966239,1653966239);
INSERT INTO player_score VALUES('6191377e0',51,'44c1a6f3f','3b4b43222',18768,2275,1653982251,1653982251);
INSERT INTO player_score VALUES('63b3a7340',51,'44c1a6f3f','3d9ba0a2d',24480,2490,1654039549,1654039549);
INSERT INTO player_score VALUES('62d9b5bc3',51,'44c1a6f3f','4fc24cfb4',139748,2364,1654016696,1654016696);
INSERT INTO player_score VALUES('61ca13291',51,'44c1a6f3f','54fe3de1a',104390,2132,1653988213,1653988213);
INSERT INTO player_score VALUES('63aedb2da',51,'44c1a6f3f','636255521',157122,2366,1654039046,1654039046);
INSERT INTO player_score VALUES('6282b2590',51,'44dfdd53d','2ef3f2f53',2871,2448,1654007572,1654007572);
INSERT INTO player_score VALUES('62e243abe',51,'44dfdd53d','3b4b43222',103648,2344,1654017593,1654017593);
INSERT INTO player_score VALUES('61d087fe7',51,'44dfdd53d','3d9ba0a2d',21528,2359,1653988890,1653988890);
INSERT INTO player_score VALUES('63a028f6c',51,'44dfdd53d','4fc24cfb4',36036,2455,1654037505,1654037505);
INSERT INTO player_score VALUES('63c335204',51,'44dfdd53d','54fe3de1a',223776,2480,1654041180,1654041180);
INSERT INTO player_score VALUES('622679ee7',51,'44dfdd53d','620b645a9',452880,2448,1653997902,1653997902);
INSERT INTO player_score VALUES('63b38eca1',51,'44dfdd53d','636255521',10944,2521,1654039539,1654039539);
INSERT INTO player_score VALUES('62670cb22',51,'4557a5645','2ef3f2f53',290628,2444,1654004673,1654004673);
INSERT INTO player_score VALUES('63ab564ab',51,'4557a5645','3b4b43222',156519,2405,1654038677,1654038677);
INSERT INTO player_score VALUES('608d3c4f3',51,'4557a5645','3d9ba0a2d',390096,2274,1653954990,1653954990);
INSERT INTO player_score VALUES('639e6c9d3',51,'4557a5645','4fc24cfb4',76608,2453,1654037323,1654037323);
INSERT INTO player_score VALUES('636d0893d',51,'4557a5645','54fe3de1a',5280,2429,1654032144,1654032144);
INSERT INTO player_score VALUES('6222f02d3',51,'4557a5645','620b645a9',25872,2118,1653997531,1653997531);
INSERT INTO player_score VALUES('63ad0dbfd',51,'4557a5645','636255521',83520,2309,1654038857,1654038857);
INSERT INTO player_score VALUES('630bf7f2e',51,'461772f64','2ef3f2f53',37100,2468,1654021966,1654021966);
INSERT INTO player_score VALUES('5ef89021d',51,'461772f64','3b4b43222',840,2113,1653912557,1653912557);
INSERT INTO player_score VALUES('5d4354fb8',51,'461772f64','3d9ba0a2d',18360,2062,1653866710,1653866710);
INSERT INTO player_score VALUES('63329c858',51,'461772f64','4fc24cfb4',42864,2406,1654026018,1654026018);
INSERT INTO player_score VALUES('63c2e21cb',51,'461772f64','54fe3de1a',14848,2479,1654041146,1654041146);
INSERT INTO player_score VALUES('622323758',51,'461772f64','620b645a9',660000,2137,1653997552,1653997552);
INSERT INTO player_score VALUES('63af13536',51,'461772f64','636255521',335240,2373,1654039069,1654039069);
INSERT INTO player_score VALUES('624292524',51,'464a4efa8','2ef3f2f53',49725,2432,1654000848,1654000848);
INSERT INTO player_score VALUES('5b6f16610',51,'464a4efa8','3b4b43222',23460,1916,1653817611,1653817611);
INSERT INTO player_score VALUES('608405e9f',51,'464a4efa8','3d9ba0a2d',34650,2269,1653954024,1653954024);
INSERT INTO player_score VALUES('6318b81ac',51,'464a4efa8','4fc24cfb4',123120,2392,1654023303,1654023303);
INSERT INTO player_score VALUES('635e3b866',51,'464a4efa8','54fe3de1a',7128,2422,1654030592,1654030592);
INSERT INTO player_score VALUES('622683b86',51,'464a4efa8','620b645a9',27720,2456,1653997906,1653997906);
INSERT INTO player_score VALUES('63b1efbf4',51,'464a4efa8','636255521',13630,2464,1654039369,1654039369);
INSERT INTO player_score VALUES('611f2ab43',51,'46a7f0b5c','2ef3f2f53',115920,2385,1653970292,1653970292);
INSERT INTO player_score VALUES('62b71ebe7',51,'46a7f0b5c','3b4b43222',162288,2338,1654013069,1654013069);
INSERT INTO player_score VALUES('632f63512',51,'46a7f0b5c','3d9ba0a2d',250980,2459,1654025680,1654025680);
INSERT INTO player_score VALUES('63c19afb5',51,'46a7f0b5c','4fc24cfb4',12255,2476,1654041012,1654041012);
INSERT INTO player_score VALUES('63ae4d8e3',51,'46a7f0b5c','54fe3de1a',10878,2463,1654038988,1654038988);
INSERT INTO player_score VALUES('6222bf5b5',51,'46a7f0b5c','620b645a9',13440,2101,1653997511,1653997511);
INSERT INTO player_score VALUES('63adaedd0',51,'46a7f0b5c','636255521',76362,2325,1654038923,1654038923);
INSERT INTO player_score VALUES('62335ebc3',51,'47e379142','2ef3f2f53',324392,2429,1653999254,1653999254);
INSERT INTO player_score VALUES('62ef127ad',51,'47e379142','3b4b43222',12012,2349,1654018936,1654018936);
INSERT INTO player_score VALUES('61986ac44',51,'47e379142','3d9ba0a2d',270720,2343,1653983006,1653983006);
INSERT INTO player_score VALUES('63a712fc4',51,'47e379142','4fc24cfb4',48484,2462,1654038230,1654038230);
INSERT INTO player_score VALUES('62246f78d',51,'47e379142','620b645a9',220990,2254,1653997688,1653997688);
INSERT INTO player_score VALUES('63b2e8c2a',51,'47e379142','636255521',48180,2494,1654039471,1654039471);
INSERT INTO player_score VALUES('62c4c1f38',51,'47e747300','2ef3f2f53',0,2458,1654014499,1654014499);
INSERT INTO player_score VALUES('6112d86e4',51,'47e747300','3b4b43222',139194,2248,1653969000,1653969000);
INSERT INTO player_score VALUES('60c9fc11f',51,'47e747300','3d9ba0a2d',10800,2296,1653961360,1653961360);
INSERT INTO player_score VALUES('61d333951',51,'47e747300','4fc24cfb4',156,2247,1653989170,1653989170);
INSERT INTO player_score VALUES('633e09563',51,'47e747300','54fe3de1a',69966,2402,1654027216,1654027216);
INSERT INTO player_score VALUES('622630b33',51,'47e747300','620b645a9',482850,2420,1653997872,1653997872);
INSERT INTO player_score VALUES('63b24532f',51,'47e747300','636255521',10797,2474,1654039404,1654039404);
INSERT INTO player_score VALUES('5aa2492d2',51,'485e2ea73','2ef3f2f53',398820,2062,1653796136,1653796136);
INSERT INTO player_score VALUES('63bc63826',51,'485e2ea73','3b4b43222',18592,2410,1654040465,1654040465);
INSERT INTO player_score VALUES('6148f2847',51,'485e2ea73','3d9ba0a2d',86020,2326,1653974673,1653974673);
INSERT INTO player_score VALUES('639f32634',51,'485e2ea73','4fc24cfb4',198560,2454,1654037404,1654037404);
INSERT INTO player_score VALUES('63982b0c7',51,'485e2ea73','54fe3de1a',25200,2456,1654036667,1654036667);
INSERT INTO player_score VALUES('6226295f8',51,'485e2ea73','620b645a9',490912,2414,1653997869,1653997869);
INSERT INTO player_score VALUES('5ea221a6a',51,'496809bb0','2ef3f2f53',43992,2272,1653903494,1653903494);
INSERT INTO player_score VALUES('61d9f1a5e',51,'496809bb0','3b4b43222',50008,2294,1653989877,1653989877);
INSERT INTO player_score VALUES('62ac5f498',51,'496809bb0','3d9ba0a2d',13832,2424,1654011942,1654011942);
INSERT INTO player_score VALUES('63bf0f1e9',51,'496809bb0','4fc24cfb4',36960,2473,1654040745,1654040745);
INSERT INTO player_score VALUES('632e6a4c2',51,'496809bb0','54fe3de1a',2904,2393,1654025578,1654025578);
INSERT INTO player_score VALUES('622650715',51,'496809bb0','620b645a9',239850,2430,1653997885,1653997885);
INSERT INTO player_score VALUES('63b387770',51,'496809bb0','636255521',70470,2516,1654039536,1654039536);
INSERT INTO player_score VALUES('61a582cc7',51,'4a91f9b36','2ef3f2f53',369460,2407,1653984379,1653984379);
INSERT INTO player_score VALUES('61ecd6132',51,'4a91f9b36','3b4b43222',358670,2302,1653991858,1653991858);
INSERT INTO player_score VALUES('63a44a19c',51,'4a91f9b36','3d9ba0a2d',524032,2487,1654037938,1654037938);
INSERT INTO player_score VALUES('62cbbd10c',51,'4a91f9b36','4fc24cfb4',242176,2358,1654015231,1654015231);
INSERT INTO player_score VALUES('629de2cbb',51,'4a91f9b36','54fe3de1a',178176,2284,1654010423,1654010423);
INSERT INTO player_score VALUES('622661843',51,'4a91f9b36','620b645a9',26280,2438,1653997892,1653997892);
INSERT INTO player_score VALUES('63b3012aa',51,'4a91f9b36','636255521',88350,2497,1654039481,1654039481);
INSERT INTO player_score VALUES('61c22b3b7',51,'4ad6a6435','2ef3f2f53',215004,2412,1653987384,1653987384);
INSERT INTO player_score VALUES('63aa510c7',51,'4ad6a6435','3b4b43222',128440,2404,1654038570,1654038570);
INSERT INTO player_score VALUES('62c164236',51,'4ad6a6435','4fc24cfb4',990,2356,1654014146,1654014146);
INSERT INTO player_score VALUES('618fc9460',51,'4ad6a6435','54fe3de1a',84056,2083,1653982101,1653982101);
INSERT INTO player_score VALUES('6223bd45b',51,'4ad6a6435','620b645a9',29315,2190,1653997615,1653997615);
INSERT INTO player_score VALUES('63b2898a4',51,'4ad6a6435','636255521',51408,2484,1654039432,1654039432);
INSERT INTO player_score VALUES('6362925bb',51,'4c430edb0','3b4b43222',29704,2380,1654031047,1654031047);
INSERT INTO player_score VALUES('636f37a59',51,'4c430edb0','3d9ba0a2d',18144,2479,1654032373,1654032373);
INSERT INTO player_score VALUES('62654dee9',51,'4c430edb0','4fc24cfb4',6216,2322,1654004490,1654004490);
INSERT INTO player_score VALUES('631b4b48f',51,'4c430edb0','54fe3de1a',39780,2382,1654023573,1654023573);
INSERT INTO player_score VALUES('62268b078',51,'4c430edb0','620b645a9',127280,2459,1653997909,1653997909);
INSERT INTO player_score VALUES('63af13537',51,'4c430edb0','636255521',20300,2374,1654039069,1654039069);
INSERT INTO player_score VALUES('60b608a81',51,'4df82f23d','2ef3f2f53',97128,2369,1653959268,1653959268);
INSERT INTO player_score VALUES('629ca5663',51,'4df82f23d','3d9ba0a2d',31680,2419,1654010293,1654010293);
INSERT INTO player_score VALUES('63ae2b620',51,'4df82f23d','4fc24cfb4',362880,2465,1654038974,1654038974);
INSERT INTO player_score VALUES('628b27dc7',51,'4df82f23d','54fe3de1a',52890,2275,1654008459,1654008459);
INSERT INTO player_score VALUES('622609a18',51,'4df82f23d','620b645a9',55488,2400,1653997856,1653997856);
INSERT INTO player_score VALUES('63ab31ad7',51,'4df82f23d','636255521',8806,2252,1654038662,1654038662);
INSERT INTO player_score VALUES('62e8cc09b',51,'4f6941920','2ef3f2f53',180180,2464,1654018278,1654018278);
INSERT INTO player_score VALUES('6350f9f4f',51,'4f6941920','3b4b43222',99000,2375,1654029202,1654029202);
INSERT INTO player_score VALUES('61ebc2323',51,'4f6941920','3d9ba0a2d',36036,2371,1653991745,1653991745);
INSERT INTO player_score VALUES('62d86261e',51,'4f6941920','4fc24cfb4',2240,2362,1654016557,1654016557);
INSERT INTO player_score VALUES('6357d5579',51,'4f6941920','54fe3de1a',7056,2418,1654029921,1654029921);
INSERT INTO player_score VALUES('6222eb4d8',51,'4f6941920','620b645a9',41548,2117,1653997529,1653997529);
INSERT INTO player_score VALUES('63b0691cb',51,'4f6941920','636255521',12276,2417,1654039209,1654039209);
INSERT INTO player_score VALUES('5edcc5dfb',51,'51362f9bc','2ef3f2f53',2068,2283,1653909643,1653909643);
INSERT INTO player_score VALUES('63a50d671',51,'51362f9bc','3b4b43222',163371,2402,1654038018,1654038018);
INSERT INTO player_score VALUES('62c47d9c2',51,'51362f9bc','3d9ba0a2d',338776,2430,1654014471,1654014471);
INSERT INTO player_score VALUES('614653211',51,'51362f9bc','4fc24cfb4',46354,2175,1653974398,1653974398);
INSERT INTO player_score VALUES('638e69827',51,'51362f9bc','54fe3de1a',247500,2449,1654035644,1654035644);
INSERT INTO player_score VALUES('6226072fe',51,'51362f9bc','620b645a9',27450,2399,1653997855,1653997855);
INSERT INTO player_score VALUES('63b1a19e8',51,'51362f9bc','636255521',78936,2455,1654039337,1654039337);
INSERT INTO player_score VALUES('5d2c1e948',51,'51cc5edd4','2ef3f2f53',1782,2200,1653864276,1653864276);
INSERT INTO player_score VALUES('5ec15fb60',51,'51cc5edd4','3b4b43222',116000,2097,1653906770,1653906770);
INSERT INTO player_score VALUES('5f9fa0add',51,'51cc5edd4','3d9ba0a2d',123648,2212,1653930075,1653930075);
INSERT INTO player_score VALUES('61efbc480',51,'51cc5edd4','4fc24cfb4',9240,2266,1653992162,1653992162);
INSERT INTO player_score VALUES('62ccdd28d',51,'51cc5edd4','54fe3de1a',455175,2330,1654015349,1654015349);
INSERT INTO player_score VALUES('622289a64',51,'51cc5edd4','620b645a9',12144,2085,1653997489,1653997489);
INSERT INTO player_score VALUES('6326e8e72',51,'526b877e4','2ef3f2f53',400530,2472,1654024791,1654024791);
INSERT INTO player_score VALUES('6339fe289',51,'526b877e4','3b4b43222',21312,2366,1654026792,1654026792);
INSERT INTO player_score VALUES('612671809',51,'526b877e4','3d9ba0a2d',132660,2323,1653971055,1653971055);
INSERT INTO player_score VALUES('61f396999',51,'526b877e4','4fc24cfb4',120640,2268,1653992566,1653992566);
INSERT INTO player_score VALUES('6295f3894',51,'526b877e4','54fe3de1a',40768,2283,1654009591,1654009591);
INSERT INTO player_score VALUES('62269c1fd',51,'526b877e4','620b645a9',31080,2465,1653997916,1653997916);
INSERT INTO player_score VALUES('63b3039f8',51,'526b877e4','636255521',11466,2498,1654039482,1654039482);
INSERT INTO player_score VALUES('5cfa9fae6',51,'52761d775','2ef3f2f53',266760,2183,1653859086,1653859086);
INSERT INTO player_score VALUES('5bbd33ea8',51,'52761d775','3d9ba0a2d',93951,1953,1653825802,1653825802);
INSERT INTO player_score VALUES('63703ce09',51,'52761d775','4fc24cfb4',75850,2431,1654032480,1654032480);
INSERT INTO player_score VALUES('633048d3e',51,'52761d775','54fe3de1a',172368,2396,1654025774,1654025774);
INSERT INTO player_score VALUES('63b3c4806',51,'52761d775','636255521',4608,2528,1654039561,1654039561);
INSERT INTO player_score VALUES('5cff1b271',51,'53bb14612','2ef3f2f53',0,2184,1653859556,1653859556);
INSERT INTO player_score VALUES('62b1462af',51,'53bb14612','3b4b43222',166870,2336,1654012456,1654012456);
INSERT INTO player_score VALUES('62dff4da7',51,'53bb14612','3d9ba0a2d',18144,2437,1654017351,1654017351);
INSERT INTO player_score VALUES('637fb4da4',51,'53bb14612','4fc24cfb4',53621,2439,1654034102,1654034102);
INSERT INTO player_score VALUES('63bbbff37',51,'53bb14612','54fe3de1a',10904,2477,1654040398,1654040398);
INSERT INTO player_score VALUES('622485747',51,'53bb14612','620b645a9',182336,2269,1653997697,1653997697);
INSERT INTO player_score VALUES('63b02732b',51,'53bb14612','636255521',60480,2409,1654039182,1654039182);
INSERT INTO player_score VALUES('62a825bc8',51,'54c2acdaa','2ef3f2f53',57904,2451,1654011499,1654011499);
INSERT INTO player_score VALUES('63b077c6a',51,'54c2acdaa','3b4b43222',112288,2407,1654039215,1654039215);
INSERT INTO player_score VALUES('634702b1d',51,'54c2acdaa','3d9ba0a2d',90720,2467,1654028157,1654028157);
INSERT INTO player_score VALUES('637070286',51,'54c2acdaa','4fc24cfb4',79488,2432,1654032501,1654032501);
INSERT INTO player_score VALUES('62a6bc6c1',51,'54c2acdaa','54fe3de1a',14210,2290,1654011351,1654011351);
INSERT INTO player_score VALUES('6224e4ae1',51,'54c2acdaa','620b645a9',3888,2305,1653997736,1653997736);
INSERT INTO player_score VALUES('62025776c',51,'54d929b33','2ef3f2f53',245769,2421,1653994113,1653994113);
INSERT INTO player_score VALUES('5f946725a',51,'54d929b33','3b4b43222',437376,2155,1653928898,1653928898);
INSERT INTO player_score VALUES('609ef475d',51,'54d929b33','3d9ba0a2d',278052,2280,1653956848,1653956848);
INSERT INTO player_score VALUES('6328fab59',51,'54d929b33','4fc24cfb4',52640,2401,1654025008,1654025008);
INSERT INTO player_score VALUES('63ba6061b',51,'54d929b33','54fe3de1a',26334,2476,1654040254,1654040254);
INSERT INTO player_score VALUES('622633233',51,'54d929b33','620b645a9',20520,2421,1653997873,1653997873);
INSERT INTO player_score VALUES('63b0a623c',51,'54d929b33','636255521',427518,2424,1654039234,1654039234);
INSERT INTO player_score VALUES('62f07e402',51,'54ee50b96','3b4b43222',27900,2350,1654019085,1654019085);
INSERT INTO player_score VALUES('63305292d',51,'54ee50b96','3d9ba0a2d',2752,2460,1654025778,1654025778);
INSERT INTO player_score VALUES('63270b1a7',51,'54ee50b96','4fc24cfb4',16985,2400,1654024805,1654024805);
INSERT INTO player_score VALUES('63b90340e',51,'54ee50b96','54fe3de1a',101775,2475,1654040111,1654040111);
INSERT INTO player_score VALUES('62268d7a4',51,'54ee50b96','620b645a9',4940,2460,1653997910,1653997910);
INSERT INTO player_score VALUES('63b129fc9',51,'54ee50b96','636255521',81536,2446,1654039288,1654039288);
INSERT INTO player_score VALUES('5daa45819',51,'552af0c11','2ef3f2f53',76194,2224,1653877504,1653877504);
INSERT INTO player_score VALUES('5f9b030a1',51,'552af0c11','3b4b43222',382448,2157,1653929591,1653929591);
INSERT INTO player_score VALUES('631b06edb',51,'552af0c11','3d9ba0a2d',236060,2451,1654023545,1654023545);
INSERT INTO player_score VALUES('602a2b003',51,'552af0c11','4fc24cfb4',386389,2044,1653944602,1653944602);
INSERT INTO player_score VALUES('62246f78e',51,'552af0c11','620b645a9',374556,2256,1653997688,1653997688);
INSERT INTO player_score VALUES('63b3e919c',51,'552af0c11','636255521',102400,2532,1654039576,1654039576);
INSERT INTO player_score VALUES('62cf4e291',51,'5594d61ea','2ef3f2f53',317952,2461,1654015605,1654015605);
INSERT INTO player_score VALUES('6165bf901',51,'5594d61ea','3b4b43222',504592,2266,1653977693,1653977693);
INSERT INTO player_score VALUES('62979c58e',51,'5594d61ea','3d9ba0a2d',50787,2418,1654009765,1654009765);
INSERT INTO player_score VALUES('63bc48a82',51,'5594d61ea','4fc24cfb4',26950,2470,1654040454,1654040454);
INSERT INTO player_score VALUES('62e01707e',51,'5594d61ea','54fe3de1a',274540,2343,1654017365,1654017365);
INSERT INTO player_score VALUES('622610f54',51,'5594d61ea','620b645a9',33124,2405,1653997859,1653997859);
INSERT INTO player_score VALUES('63b216ce8',51,'5594d61ea','636255521',115255,2466,1654039385,1654039385);
INSERT INTO player_score VALUES('624226e7f',51,'55b23a861','2ef3f2f53',164619,2431,1654000804,1654000804);
INSERT INTO player_score VALUES('60e917ef4',51,'55b23a861','3b4b43222',71540,2240,1653964622,1653964622);
INSERT INTO player_score VALUES('638bf87fb',51,'55b23a861','3d9ba0a2d',253920,2484,1654035388,1654035388);
INSERT INTO player_score VALUES('62b31877d',51,'55b23a861','4fc24cfb4',179712,2347,1654012647,1654012647);
INSERT INTO player_score VALUES('638da14dc',51,'55b23a861','54fe3de1a',34362,2448,1654035562,1654035562);
INSERT INTO player_score VALUES('62267c622',51,'55b23a861','620b645a9',0,2449,1653997903,1653997903);
INSERT INTO player_score VALUES('63b3edfdd',51,'55b23a861','636255521',83187,2534,1654039578,1654039578);
INSERT INTO player_score VALUES('62444eac6',51,'55d03da39','2ef3f2f53',65208,2434,1654001030,1654001030);
INSERT INTO player_score VALUES('6040acb80',51,'55d03da39','3b4b43222',4680,2202,1653946962,1653946962);
INSERT INTO player_score VALUES('60f02b78f',51,'55d03da39','3d9ba0a2d',190080,2301,1653965364,1653965364);
INSERT INTO player_score VALUES('637877d37',51,'55d03da39','4fc24cfb4',161622,2436,1654033343,1654033343);
INSERT INTO player_score VALUES('61963e1dc',51,'55d03da39','54fe3de1a',108500,2089,1653982778,1653982778);
INSERT INTO player_score VALUES('622483004',51,'55d03da39','620b645a9',149688,2267,1653997696,1653997696);
INSERT INTO player_score VALUES('63b002933',51,'55d03da39','636255521',2106,2403,1654039167,1654039167);
INSERT INTO player_score VALUES('5c89870be',51,'55e3e7d54','2ef3f2f53',73359,2162,1653847227,1653847227);
INSERT INTO player_score VALUES('6161c09e8',51,'55e3e7d54','3b4b43222',196144,2265,1653977274,1653977274);
INSERT INTO player_score VALUES('63acedfe0',51,'55e3e7d54','4fc24cfb4',52480,2464,1654038844,1654038844);
INSERT INTO player_score VALUES('6223878eb',51,'55e3e7d54','620b645a9',73272,2172,1653997593,1653997593);
INSERT INTO player_score VALUES('63b05807d',51,'55e3e7d54','636255521',13448,2414,1654039202,1654039202);
INSERT INTO player_score VALUES('616783392',51,'56acc249b','2ef3f2f53',117936,2395,1653977878,1653977878);
INSERT INTO player_score VALUES('613cbd866',51,'56acc249b','3d9ba0a2d',414778,2324,1653973393,1653973393);
INSERT INTO player_score VALUES('6352a531c',51,'56acc249b','4fc24cfb4',13090,2420,1654029377,1654029377);
INSERT INTO player_score VALUES('6290ea793',51,'56acc249b','54fe3de1a',1200,2278,1654009063,1654009063);
INSERT INTO player_score VALUES('62267ed46',51,'56acc249b','620b645a9',278586,2452,1653997904,1653997904);
INSERT INTO player_score VALUES('63b2bcd35',51,'56acc249b','636255521',21708,2490,1654039453,1654039453);
INSERT INTO player_score VALUES('5faa4c9b4',51,'5746fcb42','2ef3f2f53',45360,2313,1653931194,1653931194);
INSERT INTO player_score VALUES('619106a95',51,'5746fcb42','3b4b43222',289250,2274,1653982231,1653982231);
INSERT INTO player_score VALUES('607a02735',51,'5746fcb42','3d9ba0a2d',97152,2263,1653952974,1653952974);
INSERT INTO player_score VALUES('631bb1d3f',51,'5746fcb42','4fc24cfb4',3520,2394,1654023615,1654023615);
INSERT INTO player_score VALUES('6377c5979',51,'5746fcb42','54fe3de1a',97650,2436,1654033270,1654033270);
INSERT INTO player_score VALUES('62262e456',51,'5746fcb42','620b645a9',236406,2419,1653997871,1653997871);
INSERT INTO player_score VALUES('63b2479ff',51,'5746fcb42','636255521',184316,2475,1654039405,1654039405);
INSERT INTO player_score VALUES('5f1cc145d',51,'584cc06aa','2ef3f2f53',153903,2294,1653916352,1653916352);
INSERT INTO player_score VALUES('61cd69a42',51,'584cc06aa','3b4b43222',442401,2290,1653988563,1653988563);
INSERT INTO player_score VALUES('62a4f16c5',51,'584cc06aa','3d9ba0a2d',756,2422,1654011163,1654011163);
INSERT INTO player_score VALUES('63972f961',51,'584cc06aa','4fc24cfb4',69768,2449,1654036564,1654036564);
INSERT INTO player_score VALUES('637ef188c',51,'584cc06aa','54fe3de1a',503712,2438,1654034022,1654034022);
INSERT INTO player_score VALUES('63b32f8f4',51,'584cc06aa','636255521',19040,2504,1654039500,1654039500);
INSERT INTO player_score VALUES('6190b6189',51,'592b34a85','2ef3f2f53',543576,2401,1653982198,1653982198);
INSERT INTO player_score VALUES('638afd0a5',51,'592b34a85','3b4b43222',55770,2393,1654035285,1654035285);
INSERT INTO player_score VALUES('61dc16f7b',51,'592b34a85','3d9ba0a2d',82950,2364,1653990102,1653990102);
INSERT INTO player_score VALUES('6325b54a7',51,'592b34a85','4fc24cfb4',29070,2399,1654024665,1654024665);
INSERT INTO player_score VALUES('6226be505',51,'592b34a85','620b645a9',66120,2473,1653997930,1653997930);
INSERT INTO player_score VALUES('6326fee64',51,'5ab48523b','2ef3f2f53',4356,2473,1654024800,1654024800);
INSERT INTO player_score VALUES('6008d8b59',51,'5ab48523b','3b4b43222',34748,2193,1653941108,1653941108);
INSERT INTO player_score VALUES('63439ffc0',51,'5ab48523b','3d9ba0a2d',4920,2466,1654027802,1654027802);
INSERT INTO player_score VALUES('627e40a42',51,'5ab48523b','4fc24cfb4',30000,2327,1654007106,1654007106);
INSERT INTO player_score VALUES('63034cb67',51,'5ab48523b','54fe3de1a',21924,2369,1654021057,1654021057);
INSERT INTO player_score VALUES('62252dea4',51,'5ab48523b','620b645a9',315126,2329,1653997766,1653997766);
INSERT INTO player_score VALUES('63b3fa33b',51,'5ab48523b','636255521',29484,2537,1654039583,1654039583);
INSERT INTO player_score VALUES('5deb80b99',51,'5bf461e6e','2ef3f2f53',287040,2239,1653884344,1653884344);
INSERT INTO player_score VALUES('62e453032',51,'5bf461e6e','3b4b43222',145464,2345,1654017809,1654017809);
INSERT INTO player_score VALUES('628ab5212',51,'5bf461e6e','3d9ba0a2d',104880,2413,1654008412,1654008412);
INSERT INTO player_score VALUES('62cc12846',51,'5bf461e6e','54fe3de1a',18200,2327,1654015266,1654015266);
INSERT INTO player_score VALUES('622506da0',51,'5bf461e6e','620b645a9',39121,2320,1653997750,1653997750);
INSERT INTO player_score VALUES('63af5c908',51,'5bf461e6e','636255521',375516,2382,1654039099,1654039099);
INSERT INTO player_score VALUES('62c519db5',51,'5c036990e','2ef3f2f53',146146,2459,1654014535,1654014535);
INSERT INTO player_score VALUES('611bf8da1',51,'5c036990e','3b4b43222',507600,2249,1653969957,1653969957);
INSERT INTO player_score VALUES('60e6b808f',51,'5c036990e','3d9ba0a2d',6560,2299,1653964373,1653964373);
INSERT INTO player_score VALUES('63bd92432',51,'5c036990e','4fc24cfb4',131765,2471,1654040589,1654040589);
INSERT INTO player_score VALUES('62bf5e93a',51,'5c036990e','54fe3de1a',5696,2314,1654013934,1654013934);
INSERT INTO player_score VALUES('6225d17e1',51,'5c036990e','620b645a9',1323,2381,1653997833,1653997833);
INSERT INTO player_score VALUES('639e1c0b3',51,'5c51f76aa','2ef3f2f53',50400,2485,1654037290,1654037290);
INSERT INTO player_score VALUES('5fa9a1ba0',51,'5c51f76aa','3b4b43222',2976,2159,1653931124,1653931124);
INSERT INTO player_score VALUES('608442f61',51,'5c51f76aa','3d9ba0a2d',2808,2270,1653954049,1653954049);
INSERT INTO player_score VALUES('62e8fcdda',51,'5c51f76aa','4fc24cfb4',46020,2371,1654018298,1654018298);
INSERT INTO player_score VALUES('63b89cb86',51,'5c51f76aa','54fe3de1a',84588,2474,1654040069,1654040069);
INSERT INTO player_score VALUES('6224e4ae2',51,'5c51f76aa','620b645a9',73080,2306,1653997736,1653997736);
INSERT INTO player_score VALUES('63b2febf1',51,'5c51f76aa','636255521',0,2496,1654039480,1654039480);
INSERT INTO player_score VALUES('5cd516539',51,'5cc4d3b93','2ef3f2f53',15372,2174,1653855150,1653855150);
INSERT INTO player_score VALUES('63ae79843',51,'5cc4d3b93','3b4b43222',29580,2406,1654039006,1654039006);
INSERT INTO player_score VALUES('63be1d696',51,'5cc4d3b93','3d9ba0a2d',67704,2495,1654040646,1654040646);
INSERT INTO player_score VALUES('63593c352',51,'5cc4d3b93','4fc24cfb4',122850,2421,1654030068,1654030068);
INSERT INTO player_score VALUES('61a155761',51,'5cc4d3b93','54fe3de1a',94392,2098,1653983941,1653983941);
INSERT INTO player_score VALUES('622694cbf',51,'5cc4d3b93','620b645a9',2205,2462,1653997913,1653997913);
INSERT INTO player_score VALUES('63ae0e169',51,'5cc4d3b93','636255521',6555,2338,1654038962,1654038962);
INSERT INTO player_score VALUES('62ac690b4',51,'5cc5244bf','2ef3f2f53',256802,2452,1654011946,1654011946);
INSERT INTO player_score VALUES('611e8e77d',51,'5cc5244bf','3d9ba0a2d',6670,2319,1653970228,1653970228);
INSERT INTO player_score VALUES('62a9372c0',51,'5cc5244bf','4fc24cfb4',9700,2343,1654011611,1654011611);
INSERT INTO player_score VALUES('63b76b8b7',51,'5cc5244bf','54fe3de1a',129920,2473,1654039944,1654039944);
INSERT INTO player_score VALUES('622526973',51,'5cc5244bf','620b645a9',26600,2328,1653997763,1653997763);
INSERT INTO player_score VALUES('63b0e3326',51,'5cc5244bf','636255521',200818,2433,1654039259,1654039259);
INSERT INTO player_score VALUES('63c36d465',51,'5e1951401','2ef3f2f53',0,2492,1654041203,1654041203);
INSERT INTO player_score VALUES('5ec8bc7b9',51,'5e1951401','3b4b43222',15795,2099,1653907542,1653907542);
INSERT INTO player_score VALUES('62400dccc',51,'5e1951401','3d9ba0a2d',5928,2396,1654000584,1654000584);
INSERT INTO player_score VALUES('63404bf0d',51,'5e1951401','4fc24cfb4',102486,2410,1654027453,1654027453);
INSERT INTO player_score VALUES('631eed774',51,'5e1951401','54fe3de1a',398720,2385,1654023954,1654023954);
INSERT INTO player_score VALUES('62260e832',51,'5e1951401','620b645a9',34510,2404,1653997858,1653997858);
INSERT INTO player_score VALUES('63b387771',51,'5e1951401','636255521',375144,2517,1654039536,1654039536);
INSERT INTO player_score VALUES('62f1bba19',51,'5ed05d98f','2ef3f2f53',238680,2465,1654019215,1654019215);
INSERT INTO player_score VALUES('635e95daf',51,'5ed05d98f','3b4b43222',20352,2378,1654030629,1654030629);
INSERT INTO player_score VALUES('61bbe9a86',51,'5ed05d98f','3d9ba0a2d',213850,2355,1653986728,1653986728);
INSERT INTO player_score VALUES('63aa510c8',51,'5ed05d98f','4fc24cfb4',95571,2463,1654038570,1654038570);
INSERT INTO player_score VALUES('633809ab8',51,'5ed05d98f','54fe3de1a',662400,2399,1654026587,1654026587);
INSERT INTO player_score VALUES('6226a5e64',51,'5ed05d98f','620b645a9',15876,2469,1653997920,1653997920);
INSERT INTO player_score VALUES('63b38c553',51,'5ed05d98f','636255521',0,2519,1654039538,1654039538);
INSERT INTO player_score VALUES('5c82563ac',51,'60d9fcc17','2ef3f2f53',66150,2159,1653846473,1653846473);
INSERT INTO player_score VALUES('6368b9119',51,'60d9fcc17','3b4b43222',339147,2386,1654031692,1654031692);
INSERT INTO player_score VALUES('62400dccd',51,'60d9fcc17','3d9ba0a2d',64935,2397,1654000584,1654000584);
INSERT INTO player_score VALUES('629e77b97',51,'60d9fcc17','4fc24cfb4',73865,2338,1654010484,1654010484);
INSERT INTO player_score VALUES('6222d0719',51,'60d9fcc17','54fe3de1a',286454,2196,1653997518,1653997518);
INSERT INTO player_score VALUES('6224c9cf7',51,'60d9fcc17','620b645a9',33759,2295,1653997725,1653997725);
INSERT INTO player_score VALUES('63b30d63b',51,'60d9fcc17','636255521',100800,2500,1654039486,1654039486);
INSERT INTO player_score VALUES('62b37a215',51,'61213ef18','2ef3f2f53',8832,2453,1654012687,1654012687);
INSERT INTO player_score VALUES('62e78ea4f',51,'61213ef18','3b4b43222',253968,2347,1654018148,1654018148);
INSERT INTO player_score VALUES('62b8b4070',51,'61213ef18','3d9ba0a2d',6474,2425,1654013235,1654013235);
INSERT INTO player_score VALUES('6362220dc',51,'61213ef18','4fc24cfb4',235170,2422,1654031001,1654031001);
INSERT INTO player_score VALUES('6310c1876',51,'61213ef18','54fe3de1a',127872,2375,1654022468,1654022468);
INSERT INTO player_score VALUES('6225d3eaf',51,'61213ef18','620b645a9',33408,2382,1653997834,1653997834);
INSERT INTO player_score VALUES('63b27fc53',51,'61213ef18','636255521',76228,2483,1654039428,1654039428);
INSERT INTO player_score VALUES('622f8bb7a',51,'61a76ff87','2ef3f2f53',798,2428,1653998853,1653998853);
INSERT INTO player_score VALUES('6362c32e5',51,'61a76ff87','3b4b43222',2470,2381,1654031067,1654031067);
INSERT INTO player_score VALUES('5cecb81d2',51,'61a76ff87','3d9ba0a2d',103774,2042,1653857628,1653857628);
INSERT INTO player_score VALUES('6178a66bf',51,'61a76ff87','4fc24cfb4',405306,2203,1653979675,1653979675);
INSERT INTO player_score VALUES('62b4f6fe9',51,'61a76ff87','54fe3de1a',121968,2301,1654012843,1654012843);
INSERT INTO player_score VALUES('622585cfb',51,'61a76ff87','620b645a9',87084,2361,1653997802,1653997802);
INSERT INTO player_score VALUES('63b1c8ab5',51,'61a76ff87','636255521',5376,2461,1654039353,1654039353);
INSERT INTO player_score VALUES('63647d123',51,'61d734f7a','2ef3f2f53',173628,2479,1654031248,1654031248);
INSERT INTO player_score VALUES('63a40f7f7',51,'61d734f7a','3b4b43222',224532,2401,1654037914,1654037914);
INSERT INTO player_score VALUES('634013c85',51,'61d734f7a','3d9ba0a2d',87108,2465,1654027430,1654027430);
INSERT INTO player_score VALUES('616a6214f',51,'61d734f7a','4fc24cfb4',428800,2195,1653978179,1653978179);
INSERT INTO player_score VALUES('6344a53a1',51,'61d734f7a','54fe3de1a',8970,2407,1654027909,1654027909);
INSERT INTO player_score VALUES('63b27d590',51,'61d734f7a','636255521',83776,2482,1654039427,1654039427);
INSERT INTO player_score VALUES('6257c3238',51,'62b33d1b8','2ef3f2f53',16100,2439,1654003070,1654003070);
INSERT INTO player_score VALUES('5f2ec2a57',51,'62b33d1b8','3b4b43222',236640,2124,1653918240,1653918240);
INSERT INTO player_score VALUES('63b8f97e3',51,'62b33d1b8','3d9ba0a2d',278052,2493,1654040107,1654040107);
INSERT INTO player_score VALUES('5f2aefa16',51,'62b33d1b8','4fc24cfb4',86742,1914,1653917839,1653917839);
INSERT INTO player_score VALUES('624275060',51,'62b33d1b8','54fe3de1a',26754,2217,1654000836,1654000836);
INSERT INTO player_score VALUES('636806d55',51,'631f31d24','3d9ba0a2d',148800,2476,1654031619,1654031619);
INSERT INTO player_score VALUES('6118a25cd',51,'631f31d24','4fc24cfb4',54740,2153,1653969607,1653969607);
INSERT INTO player_score VALUES('6365b3226',51,'631f31d24','54fe3de1a',184320,2426,1654031375,1654031375);
INSERT INTO player_score VALUES('63b3bd2ab',51,'631f31d24','636255521',382200,2526,1654039558,1654039558);
INSERT INTO player_score VALUES('62cd65e34',51,'63935c97e','2ef3f2f53',20202,2460,1654015405,1654015405);
INSERT INTO player_score VALUES('60d85db8f',51,'63935c97e','3b4b43222',112617,2235,1653962868,1653962868);
INSERT INTO player_score VALUES('627dc4251',51,'63935c97e','3d9ba0a2d',371925,2410,1654007055,1654007055);
INSERT INTO player_score VALUES('637b4a773',51,'63935c97e','4fc24cfb4',119000,2438,1654033639,1654033639);
INSERT INTO player_score VALUES('639fc9bc9',51,'63935c97e','54fe3de1a',171990,2459,1654037466,1654037466);
INSERT INTO player_score VALUES('63b36f09b',51,'63935c97e','636255521',32384,2512,1654039526,1654039526);
COMMIT;
