
BEGIN;
CREATE TABLE IF NOT EXISTS competition (
  id VARCHAR(255) NOT NULL PRIMARY KEY,
  tenant_id BIGINT NOT NULL,
  title TEXT NOT NULL,
  finished_at BIGINT NULL,
  created_at BIGINT NOT NULL,
  updated_at BIGINT NOT NULL
);
INSERT INTO competition VALUES('1b4b15ddc',52,'第1回 大きな舞浜する方法',NULL,1652095849,1653724637);
INSERT INTO competition VALUES('1f0070890',52,'クライアント家族 vol.3',1652916743,1652195396,1652916743);
INSERT INTO competition VALUES('25e7f3721',52,'チーズ乗り過ごし杯',1652784140,1652380733,1652784140);
INSERT INTO competition VALUES('25ee9435f',52,'町田穏健派 #2',NULL,1652381428,1652810868);
INSERT INTO competition VALUES('267d496c3',52,'ノンアルメモリ風大会',1652783276,1652396392,1652783276);
INSERT INTO competition VALUES('28df7ece6',52,'苦みエンジニア杯',1653456983,1652460377,1653456983);
INSERT INTO competition VALUES('2e50059d6',52,'三鷹シンポジウム vol.5',NULL,1652606394,1652857858);
INSERT INTO competition VALUES('301a82aac',52,'第7回 無料つくばスターズ',NULL,1652654470,1653012298);
INSERT INTO competition VALUES('32cde547b',52,'浸透.pl',NULL,1652726967,1652940928);
INSERT INTO competition VALUES('33bba7fb3',52,'第4回 実用段階プロファイリングでごめんなさい',NULL,1652751898,1653993277);
INSERT INTO competition VALUES('42e5ebd9c',52,'流山おおたかの森無双 #0',1653647443,1653158983,1653647443);
INSERT INTO competition VALUES('45e452926',52,'第4回 上腕二頭筋王国',1653768252,1653239346,1653768252);
INSERT INTO competition VALUES('46f166de6',52,'無限寿司ビーチ大会',NULL,1653267561,1653714420);
INSERT INTO competition VALUES('493741efd',52,'南運用計画',NULL,1653328573,1653911204);
INSERT INTO competition VALUES('496737c5f',52,'新しいNAT協奏曲カップ',1653541937,1653333602,1653541937);
INSERT INTO competition VALUES('50d71acc7',52,'第8回 たべられない苦みシスターズ',NULL,1653533239,1653820343);
INSERT INTO competition VALUES('53d274422',52,'100万回モリス爆弾 vol.7',1653707971,1653613282,1653707971);
INSERT INTO competition VALUES('5f5a493a0',52,'ステルスほうれん草の世界 vol.9',NULL,1653922804,1653947950);
CREATE TABLE IF NOT EXISTS player (
  id VARCHAR(255) NOT NULL PRIMARY KEY,
  tenant_id BIGINT NOT NULL,
  display_name TEXT NOT NULL,
  is_disqualified BOOLEAN NOT NULL,
  created_at BIGINT NOT NULL,
  updated_at BIGINT NOT NULL
);
INSERT INTO player VALUES('179ab59c9',52,'Vida Barton',1,1651996824,1652153672);
INSERT INTO player VALUES('199a059a3',52,'Cameron Conn',0,1652050439,1653018798);
INSERT INTO player VALUES('1cbd940b6',52,'Sigmund Ledner',0,1652134698,1653000563);
INSERT INTO player VALUES('1e0bc3ce9',52,'Leila Gerlach',1,1652169740,1653660661);
INSERT INTO player VALUES('1e212cc35',52,'Marcos Klocko',0,1652171985,1653235330);
INSERT INTO player VALUES('1e2de5984',52,'Gwen White',0,1652173319,1653240956);
INSERT INTO player VALUES('1f24538a4',52,'Berneice Denesik',0,1652199159,1652716669);
INSERT INTO player VALUES('2000df827',52,'Ernesto Schmidt',0,1652222285,1653028804);
INSERT INTO player VALUES('2114fd87a',52,'Mr. Garett Bogisich',0,1652251238,1653452614);
INSERT INTO player VALUES('22435cc46',52,'Ms. Lacy Nienow',0,1652282944,1652954041);
INSERT INTO player VALUES('236e853f0',52,'Mireya Streich',0,1652314313,1652431448);
INSERT INTO player VALUES('2449e277f',52,'Ramon Heathcote IV',0,1652337315,1653507706);
INSERT INTO player VALUES('259171727',52,'Noemi Walker MD',1,1652371662,1652823261);
INSERT INTO player VALUES('2ae7cd09f',52,'Elody Botsford',0,1652514935,1653968254);
INSERT INTO player VALUES('2b9da0e5d',52,'Vesta Rath',0,1652534001,1653177947);
INSERT INTO player VALUES('2e01929b1',52,'Laron Robel I',0,1652598168,1653624805);
INSERT INTO player VALUES('2f22d7585',52,'Stacey Wilderman',0,1652628500,1653156928);
INSERT INTO player VALUES('2f32da787',52,'Liam Greenfelder',0,1652630179,1652703844);
INSERT INTO player VALUES('30cea664a',52,'Deon Klein PhD',0,1652673359,1653579786);
INSERT INTO player VALUES('31977e674',52,'Melvin Kunze',0,1652694419,1653559362);
INSERT INTO player VALUES('33a4c49ff',52,'Giovani O"Kon',0,1652749498,1653749205);
INSERT INTO player VALUES('3660fbf98',52,'Alba Rodriguez PhD',0,1652822921,1653906508);
INSERT INTO player VALUES('368fd90c1',52,'Lenny Lockman',0,1652827835,1653121529);
INSERT INTO player VALUES('379b580dd',52,'Emory Bradtke Jr.',0,1652855884,1653688352);
INSERT INTO player VALUES('3f101d171',52,'Ms. Mya Graham',0,1653056033,1653179819);
INSERT INTO player VALUES('40a91175e',52,'Annabelle Erdman Sr.',0,1653098915,1653699322);
INSERT INTO player VALUES('40adf377c',52,'Jude Volkman',0,1653099427,1653410301);
INSERT INTO player VALUES('41b75479e',52,'Lavina Feest',0,1653127254,1653396671);
INSERT INTO player VALUES('42b7c5e20',52,'Jaron Mueller II',0,1653154144,1653951437);
INSERT INTO player VALUES('43a173a92',52,'Hermann Walter III',0,1653178647,1653769606);
INSERT INTO player VALUES('4858030f8',52,'Adah Gerhold',0,1653305164,1653313773);
INSERT INTO player VALUES('4912944c2',52,'Ms. Vella Rempel',0,1653324727,1653345027);
INSERT INTO player VALUES('4a098d659',52,'Mr. Devin Senger',0,1653350624,1653870695);
INSERT INTO player VALUES('4a233c19a',52,'Mr. Jocelyn Hoppe',0,1653353317,1653972777);
INSERT INTO player VALUES('4a355d36f',52,'Julio McCullough',0,1653355218,1653738378);
INSERT INTO player VALUES('4b8f20d46',52,'Constantin Stanton',0,1653391474,1653414335);
INSERT INTO player VALUES('4d52e4ad0',52,'Carlee Spencer',0,1653438845,1653499656);
INSERT INTO player VALUES('5048ebdad',52,'Ansley Bergstrom',0,1653518330,1653594959);
INSERT INTO player VALUES('518d10d06',52,'Marielle Torphy MD',0,1653552319,1653897390);
INSERT INTO player VALUES('583785db4',52,'Marques Kling',0,1653731254,1653995603);
INSERT INTO player VALUES('5841d2940',52,'Milo Dickinson',0,1653732334,1653795105);
INSERT INTO player VALUES('59b597ea4',52,'Leda Schmeler',0,1653771317,1653978547);
INSERT INTO player VALUES('59cca2572',52,'Mr. Justice Mraz IV',0,1653773733,1653936440);
INSERT INTO player VALUES('5a58eddcc',52,'Axel Little',0,1653788444,1653873343);
INSERT INTO player VALUES('5be7fe862',52,'Ms. Justine Lang',0,1653830289,1653958752);
INSERT INTO player VALUES('5d87717c6',52,'Marlon Volkman',0,1653873852,1653907122);
INSERT INTO player VALUES('5f17da613',52,'Easter Herzog',0,1653915838,1653978794);
INSERT INTO player VALUES('6012ead4e',52,'Dorthy Will',0,1653942164,1654017298);
CREATE TABLE IF NOT EXISTS player_score (
                              id VARCHAR(255) NOT NULL PRIMARY KEY,
                              tenant_id BIGINT NOT NULL,
                              player_id VARCHAR(255) NOT NULL,
                              competition_id VARCHAR(255) NOT NULL,
                              score BIGINT NOT NULL,
                              row_num BIGINT NOT NULL,
                              created_at BIGINT NOT NULL,
                              updated_at BIGINT NOT NULL
);
INSERT INTO player_score VALUES('637451cfb',52,'179ab59c9','1b4b15ddc',177450,853,1654032908,1654032908);
INSERT INTO player_score VALUES('348e6d84c',52,'179ab59c9','25e7f3721',66250,367,1652773999,1652773999);
INSERT INTO player_score VALUES('62afce32a',52,'179ab59c9','25ee9435f',105966,755,1654012302,1654012302);
INSERT INTO player_score VALUES('4c3ec1c3f',52,'179ab59c9','28df7ece6',6804,693,1653409890,1653409890);
INSERT INTO player_score VALUES('630f97aaa',52,'179ab59c9','2e50059d6',150328,940,1654022346,1654022346);
INSERT INTO player_score VALUES('63b4a5197',52,'179ab59c9','301a82aac',732641,880,1654039653,1654039653);
INSERT INTO player_score VALUES('628fddea5',52,'179ab59c9','32cde547b',203021,896,1654008953,1654008953);
INSERT INTO player_score VALUES('62b0a508b',52,'179ab59c9','33bba7fb3',3240,762,1654012390,1654012390);
INSERT INTO player_score VALUES('5335561d0',52,'179ab59c9','42e5ebd9c',133200,623,1653596807,1653596807);
INSERT INTO player_score VALUES('5851b8614',52,'179ab59c9','45e452926',54272,767,1653734001,1653734001);
INSERT INTO player_score VALUES('628791e85',52,'179ab59c9','46f166de6',280,814,1654008083,1654008083);
INSERT INTO player_score VALUES('62afa9901',52,'179ab59c9','493741efd',92394,765,1654012287,1654012287);
INSERT INTO player_score VALUES('6338f40de',52,'179ab59c9','50d71acc7',162624,838,1654026683,1654026683);
INSERT INTO player_score VALUES('631ad6172',52,'179ab59c9','5f5a493a0',358974,738,1654023525,1654023525);
INSERT INTO player_score VALUES('618d2ec5f',52,'199a059a3','1b4b15ddc',21216,831,1653981828,1653981828);
INSERT INTO player_score VALUES('398145063',52,'199a059a3','1f0070890',25920,463,1652906837,1652906837);
INSERT INTO player_score VALUES('3306139b5',52,'199a059a3','25e7f3721',158916,336,1652732858,1652732858);
INSERT INTO player_score VALUES('62a15b784',52,'199a059a3','25ee9435f',174964,753,1654010787,1654010787);
INSERT INTO player_score VALUES('32eb5d3f0',52,'199a059a3','267d496c3',126000,352,1652730057,1652730057);
INSERT INTO player_score VALUES('4db98bf9f',52,'199a059a3','28df7ece6',64000,735,1653449609,1653449609);
INSERT INTO player_score VALUES('62166829a',52,'199a059a3','2e50059d6',180120,920,1653996217,1653996217);
INSERT INTO player_score VALUES('6353af4e9',52,'199a059a3','32cde547b',26752,915,1654029486,1654029486);
INSERT INTO player_score VALUES('62ad5ac2e',52,'199a059a3','33bba7fb3',357602,761,1654012045,1654012045);
INSERT INTO player_score VALUES('548e4f152',52,'199a059a3','42e5ebd9c',515900,679,1653632980,1653632980);
INSERT INTO player_score VALUES('598c7b01e',52,'199a059a3','45e452926',87720,817,1653767006,1653767006);
INSERT INTO player_score VALUES('633f4b966',52,'199a059a3','46f166de6',61750,839,1654027348,1654027348);
INSERT INTO player_score VALUES('63009c3d3',52,'199a059a3','493741efd',116025,774,1654020775,1654020775);
INSERT INTO player_score VALUES('50f54c489',52,'199a059a3','496737c5f',96968,645,1653536405,1653536405);
INSERT INTO player_score VALUES('6322eed99',52,'199a059a3','50d71acc7',29348,835,1654024374,1654024374);
INSERT INTO player_score VALUES('636fb6993',52,'199a059a3','5f5a493a0',154070,796,1654032425,1654032425);
INSERT INTO player_score VALUES('39d1f5c3c',52,'1cbd940b6','1f0070890',402325,467,1652915298,1652915298);
INSERT INTO player_score VALUES('348545c0d',52,'1cbd940b6','25e7f3721',97014,366,1652773039,1652773039);
INSERT INTO player_score VALUES('5ca75200d',52,'1cbd940b6','25ee9435f',8910,683,1653850351,1653850351);
INSERT INTO player_score VALUES('34d2bd4f7',52,'1cbd940b6','267d496c3',160160,408,1652781162,1652781162);
INSERT INTO player_score VALUES('4d4e1d8c0',52,'1cbd940b6','28df7ece6',221088,725,1653438344,1653438344);
INSERT INTO player_score VALUES('624dd80fc',52,'1cbd940b6','2e50059d6',51408,923,1654002030,1654002030);
INSERT INTO player_score VALUES('615461c1a',52,'1cbd940b6','301a82aac',20064,842,1653975872,1653975872);
INSERT INTO player_score VALUES('61280e1af',52,'1cbd940b6','32cde547b',5040,864,1653971224,1653971224);
INSERT INTO player_score VALUES('53aa15cba',52,'1cbd940b6','42e5ebd9c',9588,635,1653609049,1653609049);
INSERT INTO player_score VALUES('5745e17fd',52,'1cbd940b6','45e452926',202752,725,1653705916,1653705916);
INSERT INTO player_score VALUES('62f0720c9',52,'1cbd940b6','46f166de6',564000,826,1654019080,1654019080);
INSERT INTO player_score VALUES('506b631c5',52,'1cbd940b6','496737c5f',40800,592,1653521944,1653521944);
INSERT INTO player_score VALUES('630487a29',52,'1cbd940b6','50d71acc7',0,829,1654021186,1654021186);
INSERT INTO player_score VALUES('572269e90',52,'1cbd940b6','53d274422',680400,730,1653702197,1653702197);
INSERT INTO player_score VALUES('63b7f4441',52,'1cbd940b6','5f5a493a0',101376,867,1654040000,1654040000);
INSERT INTO player_score VALUES('5eef9e17b',52,'1e0bc3ce9','1b4b15ddc',33600,803,1653911619,1653911619);
INSERT INTO player_score VALUES('375f78eaa',52,'1e0bc3ce9','1f0070890',183520,430,1652849606,1652849606);
INSERT INTO player_score VALUES('33d6e4a2a',52,'1e0bc3ce9','25e7f3721',37440,348,1652754754,1652754754);
INSERT INTO player_score VALUES('6179e8b1c',52,'1e0bc3ce9','25ee9435f',41400,739,1653979807,1653979807);
INSERT INTO player_score VALUES('33e031038',52,'1e0bc3ce9','267d496c3',35577,379,1652755729,1652755729);
INSERT INTO player_score VALUES('639719a17',52,'1e0bc3ce9','2e50059d6',308602,947,1654036555,1654036555);
INSERT INTO player_score VALUES('54ffb84dd',52,'1e0bc3ce9','42e5ebd9c',600,694,1653644872,1653644872);
INSERT INTO player_score VALUES('596def2e0',52,'1e0bc3ce9','45e452926',70560,814,1653763803,1653763803);
INSERT INTO player_score VALUES('639241606',52,'1e0bc3ce9','46f166de6',86240,848,1654036047,1654036047);
INSERT INTO player_score VALUES('62405e5a7',52,'1e0bc3ce9','493741efd',45900,755,1654000617,1654000617);
INSERT INTO player_score VALUES('5092053ea',52,'1e0bc3ce9','496737c5f',211600,611,1653525995,1653525995);
INSERT INTO player_score VALUES('6321a2d11',52,'1e0bc3ce9','50d71acc7',106000,834,1654024238,1654024238);
INSERT INTO player_score VALUES('57387dc26',52,'1e0bc3ce9','53d274422',138510,750,1653704512,1653704512);
INSERT INTO player_score VALUES('639f262a7',52,'1e0bc3ce9','5f5a493a0',25896,847,1654037399,1654037399);
INSERT INTO player_score VALUES('63485fcfc',52,'1e212cc35','1b4b15ddc',28470,852,1654028300,1654028300);
INSERT INTO player_score VALUES('391ee10a4',52,'1e212cc35','1f0070890',270864,458,1652896520,1652896520);
INSERT INTO player_score VALUES('34e623214',52,'1e212cc35','25e7f3721',155000,372,1652783196,1652783196);
INSERT INTO player_score VALUES('571021bb3',52,'1e212cc35','25ee9435f',82041,615,1653700280,1653700280);
INSERT INTO player_score VALUES('32d45f023',52,'1e212cc35','267d496c3',32760,350,1652727646,1652727646);
INSERT INTO player_score VALUES('4cfdbd5df',52,'1e212cc35','28df7ece6',36096,718,1653429916,1653429916);
INSERT INTO player_score VALUES('5ece420cb',52,'1e212cc35','2e50059d6',2760,861,1653908121,1653908121);
INSERT INTO player_score VALUES('5ff8dcea7',52,'1e212cc35','301a82aac',182817,811,1653939432,1653939432);
INSERT INTO player_score VALUES('5eb75c3df',52,'1e212cc35','32cde547b',181521,819,1653905720,1653905720);
INSERT INTO player_score VALUES('63aa38a4b',52,'1e212cc35','33bba7fb3',25641,778,1654038560,1654038560);
INSERT INTO player_score VALUES('5460acf3c',52,'1e212cc35','42e5ebd9c',342,672,1653628195,1653628195);
INSERT INTO player_score VALUES('582ed3499',52,'1e212cc35','45e452926',62700,760,1653730342,1653730342);
INSERT INTO player_score VALUES('62cbf0581',52,'1e212cc35','46f166de6',23976,822,1654015252,1654015252);
INSERT INTO player_score VALUES('5f7882093',52,'1e212cc35','493741efd',103664,667,1653925973,1653925973);
INSERT INTO player_score VALUES('50b2d13d9',52,'1e212cc35','496737c5f',4356,626,1653529434,1653529434);
INSERT INTO player_score VALUES('629c4d86b',52,'1e212cc35','50d71acc7',150147,812,1654010257,1654010257);
INSERT INTO player_score VALUES('571c5b9e1',52,'1e212cc35','53d274422',6072,722,1653701562,1653701562);
INSERT INTO player_score VALUES('63342a77e',52,'1e212cc35','5f5a493a0',171864,762,1654026181,1654026181);
INSERT INTO player_score VALUES('5bb5b2888',52,'1e2de5984','1b4b15ddc',84816,763,1653825015,1653825015);
INSERT INTO player_score VALUES('38ebca6d9',52,'1e2de5984','1f0070890',143560,454,1652891163,1652891163);
INSERT INTO player_score VALUES('3494d13da',52,'1e2de5984','25e7f3721',114342,368,1652774669,1652774669);
INSERT INTO player_score VALUES('62a851ae7',52,'1e2de5984','25ee9435f',34560,754,1654011517,1654011517);
INSERT INTO player_score VALUES('344d7432c',52,'1e2de5984','267d496c3',157624,395,1652767186,1652767186);
INSERT INTO player_score VALUES('4cf9cd117',52,'1e2de5984','28df7ece6',33660,717,1653429503,1653429503);
INSERT INTO player_score VALUES('61a76637a',52,'1e2de5984','2e50059d6',59400,908,1653984577,1653984577);
INSERT INTO player_score VALUES('614278cf7',52,'1e2de5984','301a82aac',780,840,1653973994,1653973994);
INSERT INTO player_score VALUES('62297d6ab',52,'1e2de5984','32cde547b',3264,883,1653998218,1653998218);
INSERT INTO player_score VALUES('5e4894ddb',52,'1e2de5984','33bba7fb3',245421,686,1653894104,1653894104);
INSERT INTO player_score VALUES('51eade804',52,'1e2de5984','42e5ebd9c',407484,580,1653562155,1653562155);
INSERT INTO player_score VALUES('598843e53',52,'1e2de5984','45e452926',2923,816,1653766564,1653766564);
INSERT INTO player_score VALUES('611d0cbbb',52,'1e2de5984','46f166de6',4374,767,1653970070,1653970070);
INSERT INTO player_score VALUES('63b6bbc6e',52,'1e2de5984','493741efd',0,800,1654039872,1654039872);
INSERT INTO player_score VALUES('573f0b01f',52,'1e2de5984','53d274422',185472,757,1653705199,1653705199);
INSERT INTO player_score VALUES('63b47e074',52,'1e2de5984','5f5a493a0',145512,865,1654039637,1654039637);
INSERT INTO player_score VALUES('5eb490e7b',52,'1f24538a4','1b4b15ddc',95634,798,1653905427,1653905427);
INSERT INTO player_score VALUES('3949b0850',52,'1f24538a4','1f0070890',15732,459,1652901009,1652901009);
INSERT INTO player_score VALUES('34727c2fd',52,'1f24538a4','25e7f3721',22776,364,1652771069,1652771069);
INSERT INTO player_score VALUES('57fba922d',52,'1f24538a4','25ee9435f',8526,628,1653724977,1653724977);
INSERT INTO player_score VALUES('34dc0e8f2',52,'1f24538a4','267d496c3',51688,409,1652782139,1652782139);
INSERT INTO player_score VALUES('4ddc5fff6',52,'1f24538a4','28df7ece6',4872,743,1653453261,1653453261);
INSERT INTO player_score VALUES('61e3a9760',52,'1f24538a4','2e50059d6',17424,916,1653990896,1653990896);
INSERT INTO player_score VALUES('60bfa0b75',52,'1f24538a4','301a82aac',181104,827,1653960274,1653960274);
INSERT INTO player_score VALUES('63325f7c7',52,'1f24538a4','32cde547b',107818,911,1654025993,1654025993);
INSERT INTO player_score VALUES('55078caf0',52,'1f24538a4','42e5ebd9c',170016,697,1653645693,1653645693);
INSERT INTO player_score VALUES('58af83a0f',52,'1f24538a4','45e452926',29565,784,1653743836,1653743836);
INSERT INTO player_score VALUES('632a72b03',52,'1f24538a4','493741efd',9048,779,1654025162,1654025162);
INSERT INTO player_score VALUES('50935b08f',52,'1f24538a4','496737c5f',50688,613,1653526135,1653526135);
INSERT INTO player_score VALUES('63c1fa2d8',52,'1f24538a4','50d71acc7',83850,855,1654041051,1654041051);
INSERT INTO player_score VALUES('573cf1e6e',52,'1f24538a4','53d274422',386992,753,1653704979,1653704979);
INSERT INTO player_score VALUES('63a540ad2',52,'1f24538a4','5f5a493a0',107675,851,1654038039,1654038039);
INSERT INTO player_score VALUES('5906c67cc',52,'2000df827','1b4b15ddc',111112,734,1653752986,1653752986);
INSERT INTO player_score VALUES('39557a1ac',52,'2000df827','1f0070890',513216,460,1652902245,1652902245);
INSERT INTO player_score VALUES('32aca41b8',52,'2000df827','25e7f3721',113886,333,1652723480,1652723480);
INSERT INTO player_score VALUES('5c0aa4259',52,'2000df827','25ee9435f',26936,674,1653833922,1653833922);
INSERT INTO player_score VALUES('344c14a3a',52,'2000df827','267d496c3',116160,393,1652767042,1652767042);
INSERT INTO player_score VALUES('4a624f8f7',52,'2000df827','28df7ece6',53760,659,1653359931,1653359931);
INSERT INTO player_score VALUES('61dd015b2',52,'2000df827','2e50059d6',50400,915,1653990198,1653990198);
INSERT INTO player_score VALUES('638cf8d9c',52,'2000df827','301a82aac',5445,878,1654035493,1654035493);
INSERT INTO player_score VALUES('63080efa1',52,'2000df827','32cde547b',23184,903,1654021556,1654021556);
INSERT INTO player_score VALUES('61eefb67d',52,'2000df827','33bba7fb3',152064,747,1653992083,1653992083);
INSERT INTO player_score VALUES('540ca5b94',52,'2000df827','42e5ebd9c',72326,658,1653619384,1653619384);
INSERT INTO player_score VALUES('577db57c8',52,'2000df827','45e452926',25092,733,1653711770,1653711770);
INSERT INTO player_score VALUES('6254f55eb',52,'2000df827','46f166de6',7280,807,1654002776,1654002776);
INSERT INTO player_score VALUES('62c34ee09',52,'2000df827','493741efd',514108,767,1654014347,1654014347);
INSERT INTO player_score VALUES('615b9c57f',52,'2000df827','50d71acc7',214484,749,1653976630,1653976630);
INSERT INTO player_score VALUES('573e76125',52,'2000df827','53d274422',193515,756,1653705138,1653705138);
INSERT INTO player_score VALUES('638847ad0',52,'2000df827','5f5a493a0',79808,822,1654035001,1654035001);
INSERT INTO player_score VALUES('60de2ef7e',52,'2114fd87a','1b4b15ddc',658350,823,1653963478,1653963478);
INSERT INTO player_score VALUES('386bcec55',52,'2114fd87a','1f0070890',195960,446,1652877743,1652877743);
INSERT INTO player_score VALUES('323b2c3f6',52,'2114fd87a','25e7f3721',150328,320,1652711582,1652711582);
INSERT INTO player_score VALUES('5f7cf14af',52,'2114fd87a','25ee9435f',93015,716,1653926438,1653926438);
INSERT INTO player_score VALUES('34bed136a',52,'2114fd87a','267d496c3',49348,405,1652779073,1652779073);
INSERT INTO player_score VALUES('4ccea824e',52,'2114fd87a','28df7ece6',55693,709,1653424979,1653424979);
INSERT INTO player_score VALUES('5e50f1fb1',52,'2114fd87a','2e50059d6',17248,855,1653894981,1653894981);
INSERT INTO player_score VALUES('619f2183c',52,'2114fd87a','301a82aac',90300,844,1653983710,1653983710);
INSERT INTO player_score VALUES('63993c81d',52,'2114fd87a','32cde547b',120400,922,1654036779,1654036779);
INSERT INTO player_score VALUES('58af1f86a',52,'2114fd87a','45e452926',1200,783,1653743795,1653743795);
INSERT INTO player_score VALUES('63850c0ad',52,'2114fd87a','46f166de6',3630,845,1654034662,1654034662);
INSERT INTO player_score VALUES('62e9a0722',52,'2114fd87a','493741efd',3726,769,1654018365,1654018365);
INSERT INTO player_score VALUES('50edb9cd8',52,'2114fd87a','496737c5f',125818,643,1653535611,1653535611);
INSERT INTO player_score VALUES('636bd014a',52,'2114fd87a','50d71acc7',80028,844,1654032016,1654032016);
INSERT INTO player_score VALUES('5758b4d75',52,'2114fd87a','53d274422',272757,777,1653707890,1653707890);
INSERT INTO player_score VALUES('62b4361ef',52,'22435cc46','1b4b15ddc',2790,837,1654012764,1654012764);
INSERT INTO player_score VALUES('391adfa61',52,'22435cc46','1f0070890',55242,456,1652896100,1652896100);
INSERT INTO player_score VALUES('343ef2d52',52,'22435cc46','25e7f3721',129076,355,1652765665,1652765665);
INSERT INTO player_score VALUES('5f520bd69',52,'22435cc46','25ee9435f',26015,715,1653921940,1653921940);
INSERT INTO player_score VALUES('34ac004f3',52,'22435cc46','267d496c3',53960,404,1652777100,1652777100);
INSERT INTO player_score VALUES('49e4c9c4e',52,'22435cc46','28df7ece6',48300,648,1653346769,1653346769);
INSERT INTO player_score VALUES('59fe9dbf0',52,'22435cc46','2e50059d6',17550,768,1653778974,1653778974);
INSERT INTO player_score VALUES('5c73f97a2',52,'22435cc46','301a82aac',92537,755,1653844967,1653844967);
INSERT INTO player_score VALUES('62865e466',52,'22435cc46','32cde547b',332332,894,1654007957,1654007957);
INSERT INTO player_score VALUES('634d814c2',52,'22435cc46','33bba7fb3',235790,773,1654028838,1654028838);
INSERT INTO player_score VALUES('549cbcf10',52,'22435cc46','42e5ebd9c',109040,683,1653634493,1653634493);
INSERT INTO player_score VALUES('595abf122',52,'22435cc46','45e452926',151962,811,1653761791,1653761791);
INSERT INTO player_score VALUES('638d707a0',52,'22435cc46','46f166de6',492156,846,1654035542,1654035542);
INSERT INTO player_score VALUES('63628625e',52,'22435cc46','493741efd',0,789,1654031042,1654031042);
INSERT INTO player_score VALUES('506bac575',52,'22435cc46','496737c5f',68000,593,1653521974,1653521974);
INSERT INTO player_score VALUES('5ff01e255',52,'22435cc46','50d71acc7',30800,683,1653938515,1653938515);
INSERT INTO player_score VALUES('570b6e1d4',52,'22435cc46','53d274422',75888,708,1653699787,1653699787);
INSERT INTO player_score VALUES('63bf95650',52,'22435cc46','5f5a493a0',19720,869,1654040800,1654040800);
INSERT INTO player_score VALUES('52a769191',52,'236e853f0','1b4b15ddc',8736,662,1653581925,1653581925);
INSERT INTO player_score VALUES('390b1720a',52,'236e853f0','1f0070890',87780,455,1652894445,1652894445);
INSERT INTO player_score VALUES('3440ec31c',52,'236e853f0','267d496c3',0,392,1652765872,1652765872);
INSERT INTO player_score VALUES('4cadcd838',52,'236e853f0','28df7ece6',247744,701,1653421534,1653421534);
INSERT INTO player_score VALUES('62ad780a4',52,'236e853f0','2e50059d6',105000,931,1654012057,1654012057);
INSERT INTO player_score VALUES('6058f6f82',52,'236e853f0','301a82aac',368668,816,1653949509,1653949509);
INSERT INTO player_score VALUES('61065a2fa',52,'236e853f0','32cde547b',19110,858,1653967690,1653967690);
INSERT INTO player_score VALUES('61f309022',52,'236e853f0','33bba7fb3',47355,748,1653992508,1653992508);
INSERT INTO player_score VALUES('54a25fd12',52,'236e853f0','42e5ebd9c',101250,685,1653635084,1653635084);
INSERT INTO player_score VALUES('5936360d8',52,'236e853f0','45e452926',84018,805,1653757960,1653757960);
INSERT INTO player_score VALUES('6327cbf9f',52,'236e853f0','46f166de6',0,836,1654024884,1654024884);
INSERT INTO player_score VALUES('51250c658',52,'236e853f0','496737c5f',9348,655,1653541412,1653541412);
INSERT INTO player_score VALUES('621a38bda',52,'236e853f0','50d71acc7',71148,789,1653996617,1653996617);
INSERT INTO player_score VALUES('56fbbe00d',52,'236e853f0','53d274422',125048,692,1653698142,1653698142);
INSERT INTO player_score VALUES('63aa8ba60',52,'236e853f0','5f5a493a0',154440,853,1654038594,1654038594);
INSERT INTO player_score VALUES('369ebe896',52,'2449e277f','1f0070890',79200,414,1652829397,1652829397);
INSERT INTO player_score VALUES('319f52c92',52,'2449e277f','25e7f3721',26144,305,1652695240,1652695240);
INSERT INTO player_score VALUES('608639e28',52,'2449e277f','25ee9435f',1116,727,1653954255,1653954255);
INSERT INTO player_score VALUES('3497de81f',52,'2449e277f','267d496c3',0,401,1652774989,1652774989);
INSERT INTO player_score VALUES('465bb41a3',52,'2449e277f','28df7ece6',69580,585,1653251864,1653251864);
INSERT INTO player_score VALUES('60212087c',52,'2449e277f','2e50059d6',95940,887,1653943654,1653943654);
INSERT INTO player_score VALUES('609f22d67',52,'2449e277f','301a82aac',6600,822,1653956867,1653956867);
INSERT INTO player_score VALUES('626d9c628',52,'2449e277f','32cde547b',14994,890,1654005361,1654005361);
INSERT INTO player_score VALUES('616c0ae19',52,'2449e277f','33bba7fb3',20740,742,1653978353,1653978353);
INSERT INTO player_score VALUES('5462e35d4',52,'2449e277f','42e5ebd9c',10710,673,1653628427,1653628427);
INSERT INTO player_score VALUES('54f38f7d9',52,'2449e277f','45e452926',1449,628,1653643597,1653643597);
INSERT INTO player_score VALUES('63acff19d',52,'2449e277f','46f166de6',47628,852,1654038851,1654038851);
INSERT INTO player_score VALUES('5ea954ecb',52,'2449e277f','493741efd',514560,644,1653904249,1653904249);
INSERT INTO player_score VALUES('511fade35',52,'2449e277f','496737c5f',103360,653,1653540849,1653540849);
INSERT INTO player_score VALUES('62d4859c9',52,'2449e277f','50d71acc7',158470,821,1654016152,1654016152);
INSERT INTO player_score VALUES('57329b680',52,'2449e277f','53d274422',370944,744,1653703895,1653703895);
INSERT INTO player_score VALUES('6364beff8',52,'2449e277f','5f5a493a0',172900,789,1654031275,1654031275);
INSERT INTO player_score VALUES('5ed55f53d',52,'259171727','1b4b15ddc',39168,802,1653908867,1653908867);
INSERT INTO player_score VALUES('396128cef',52,'259171727','1f0070890',24050,461,1652903470,1652903470);
INSERT INTO player_score VALUES('349559f71',52,'259171727','25e7f3721',1326,369,1652774725,1652774725);
INSERT INTO player_score VALUES('62406d041',52,'259171727','25ee9435f',73320,750,1654000623,1654000623);
INSERT INTO player_score VALUES('33adec5e7',52,'259171727','267d496c3',146664,374,1652750458,1652750458);
INSERT INTO player_score VALUES('4dd8cc7c0',52,'259171727','28df7ece6',137270,742,1653452886,1653452886);
INSERT INTO player_score VALUES('624b81ec9',52,'259171727','2e50059d6',0,922,1654001785,1654001785);
INSERT INTO player_score VALUES('629b854f3',52,'259171727','301a82aac',3990,858,1654010175,1654010175);
INSERT INTO player_score VALUES('62b8bb59b',52,'259171727','32cde547b',47040,901,1654013238,1654013238);
INSERT INTO player_score VALUES('629456eee',52,'259171727','33bba7fb3',538020,759,1654009422,1654009422);
INSERT INTO player_score VALUES('5228e7d5e',52,'259171727','42e5ebd9c',79002,589,1653568660,1653568660);
INSERT INTO player_score VALUES('592f00586',52,'259171727','45e452926',14382,802,1653757204,1653757204);
INSERT INTO player_score VALUES('5f91d8da5',52,'259171727','46f166de6',139500,717,1653928630,1653928630);
INSERT INTO player_score VALUES('5ff502962',52,'259171727','493741efd',0,685,1653939028,1653939028);
INSERT INTO player_score VALUES('5129f5bc5',52,'259171727','496737c5f',109824,657,1653541927,1653541927);
INSERT INTO player_score VALUES('6066c88e3',52,'259171727','50d71acc7',110000,707,1653950958,1653950958);
INSERT INTO player_score VALUES('573fa9b5a',52,'259171727','53d274422',2964,759,1653705264,1653705264);
INSERT INTO player_score VALUES('637aa9579',52,'259171727','5f5a493a0',53664,809,1654033573,1654033573);
INSERT INTO player_score VALUES('380232a19',52,'2ae7cd09f','1f0070890',18031,441,1652866669,1652866669);
INSERT INTO player_score VALUES('631921134',52,'2ae7cd09f','25ee9435f',139360,759,1654023346,1654023346);
INSERT INTO player_score VALUES('33dfcce96',52,'2ae7cd09f','267d496c3',72912,378,1652755688,1652755688);
INSERT INTO player_score VALUES('4bed21c39',52,'2ae7cd09f','28df7ece6',82173,690,1653401331,1653401331);
INSERT INTO player_score VALUES('628af70c3',52,'2ae7cd09f','32cde547b',4070,895,1654008439,1654008439);
INSERT INTO player_score VALUES('5cfc9df3e',52,'2ae7cd09f','33bba7fb3',51170,665,1653859295,1653859295);
INSERT INTO player_score VALUES('54b78465e',52,'2ae7cd09f','42e5ebd9c',7353,687,1653637301,1653637301);
INSERT INTO player_score VALUES('58aa38a1a',52,'2ae7cd09f','45e452926',19080,782,1653743281,1653743281);
INSERT INTO player_score VALUES('62b78a2d0',52,'2ae7cd09f','493741efd',73872,766,1654013113,1654013113);
INSERT INTO player_score VALUES('50eb01fec',52,'2ae7cd09f','496737c5f',78540,642,1653535326,1653535326);
INSERT INTO player_score VALUES('6124e870a',52,'2ae7cd09f','50d71acc7',3990,736,1653970894,1653970894);
INSERT INTO player_score VALUES('575247541',52,'2ae7cd09f','53d274422',170640,773,1653707216,1653707216);
INSERT INTO player_score VALUES('5fb42de9f',52,'2b9da0e5d','1b4b15ddc',72000,814,1653932230,1653932230);
INSERT INTO player_score VALUES('346e90c3b',52,'2b9da0e5d','25e7f3721',30186,362,1652770658,1652770658);
INSERT INTO player_score VALUES('607c191ec',52,'2b9da0e5d','25ee9435f',223938,725,1653953193,1653953193);
INSERT INTO player_score VALUES('34cbfa567',52,'2b9da0e5d','267d496c3',45600,406,1652780453,1652780453);
INSERT INTO player_score VALUES('4db91bae5',52,'2b9da0e5d','28df7ece6',114345,734,1653449563,1653449563);
INSERT INTO player_score VALUES('634cd6614',52,'2b9da0e5d','2e50059d6',70602,944,1654028768,1654028768);
INSERT INTO player_score VALUES('61f022cce',52,'2b9da0e5d','301a82aac',26714,850,1653992204,1653992204);
INSERT INTO player_score VALUES('5ee3076f6',52,'2b9da0e5d','32cde547b',761805,822,1653910299,1653910299);
INSERT INTO player_score VALUES('619645712',52,'2b9da0e5d','33bba7fb3',0,744,1653982781,1653982781);
INSERT INTO player_score VALUES('54f7abc1b',52,'2b9da0e5d','42e5ebd9c',372738,692,1653644028,1653644028);
INSERT INTO player_score VALUES('594c22d64',52,'2b9da0e5d','45e452926',66360,809,1653760259,1653760259);
INSERT INTO player_score VALUES('639a83a76',52,'2b9da0e5d','46f166de6',260400,850,1654036913,1654036913);
INSERT INTO player_score VALUES('639d1e247',52,'2b9da0e5d','493741efd',177600,796,1654037186,1654037186);
INSERT INTO player_score VALUES('61d91109b',52,'2b9da0e5d','50d71acc7',6956,778,1653989785,1653989785);
INSERT INTO player_score VALUES('570fec030',52,'2b9da0e5d','53d274422',28728,710,1653700258,1653700258);
INSERT INTO player_score VALUES('63aec5332',52,'2b9da0e5d','5f5a493a0',164492,859,1654039037,1654039037);
INSERT INTO player_score VALUES('626382eee',52,'2e01929b1','1b4b15ddc',231990,836,1654004302,1654004302);
INSERT INTO player_score VALUES('3989abe91',52,'2e01929b1','1f0070890',133380,464,1652907718,1652907718);
INSERT INTO player_score VALUES('33e4856a3',52,'2e01929b1','25e7f3721',102340,350,1652756183,1652756183);
INSERT INTO player_score VALUES('6201e2416',52,'2e01929b1','25ee9435f',79002,748,1653994065,1653994065);
INSERT INTO player_score VALUES('346114a07',52,'2e01929b1','267d496c3',476280,398,1652769244,1652769244);
INSERT INTO player_score VALUES('4c002fb48',52,'2e01929b1','28df7ece6',174048,691,1653403329,1653403329);
INSERT INTO player_score VALUES('63a58eced',52,'2e01929b1','2e50059d6',18834,948,1654038071,1654038071);
INSERT INTO player_score VALUES('624cbcdb9',52,'2e01929b1','301a82aac',93496,853,1654001914,1654001914);
INSERT INTO player_score VALUES('62b3e0aa0',52,'2e01929b1','32cde547b',8064,900,1654012729,1654012729);
INSERT INTO player_score VALUES('5fb6162fa',52,'2e01929b1','33bba7fb3',38376,711,1653932430,1653932430);
INSERT INTO player_score VALUES('549516f14',52,'2e01929b1','42e5ebd9c',27768,682,1653633691,1653633691);
INSERT INTO player_score VALUES('58fbb8e58',52,'2e01929b1','45e452926',269874,797,1653751827,1653751827);
INSERT INTO player_score VALUES('61eed4542',52,'2e01929b1','46f166de6',25200,797,1653992067,1653992067);
INSERT INTO player_score VALUES('6365f02e4',52,'2e01929b1','493741efd',15925,790,1654031400,1654031400);
INSERT INTO player_score VALUES('5113ce549',52,'2e01929b1','496737c5f',66234,648,1653539604,1653539604);
INSERT INTO player_score VALUES('61cd5afd9',52,'2e01929b1','50d71acc7',369600,772,1653988557,1653988557);
INSERT INTO player_score VALUES('574c899b6',52,'2e01929b1','53d274422',207900,769,1653706614,1653706614);
INSERT INTO player_score VALUES('639c956ee',52,'2e01929b1','5f5a493a0',0,843,1654037130,1654037130);
INSERT INTO player_score VALUES('60f8f8e19',52,'2f22d7585','1b4b15ddc',27450,825,1653966287,1653966287);
INSERT INTO player_score VALUES('3977a5a59',52,'2f22d7585','1f0070890',24480,462,1652905828,1652905828);
INSERT INTO player_score VALUES('335a90064',52,'2f22d7585','25e7f3721',47736,340,1652741717,1652741717);
INSERT INTO player_score VALUES('61ba371bc',52,'2f22d7585','25ee9435f',57112,746,1653986550,1653986550);
INSERT INTO player_score VALUES('34cfdbfe8',52,'2f22d7585','267d496c3',129870,407,1652780860,1652780860);
INSERT INTO player_score VALUES('4dedcee52',52,'2f22d7585','28df7ece6',177276,745,1653455089,1653455089);
INSERT INTO player_score VALUES('612bd006d',52,'2f22d7585','2e50059d6',29302,901,1653971618,1653971618);
INSERT INTO player_score VALUES('61d516fcf',52,'2f22d7585','301a82aac',212139,849,1653989368,1653989368);
INSERT INTO player_score VALUES('60af2113f',52,'2f22d7585','32cde547b',52026,850,1653958544,1653958544);
INSERT INTO player_score VALUES('634269f0d',52,'2f22d7585','33bba7fb3',464100,772,1654027675,1654027675);
INSERT INTO player_score VALUES('599339147',52,'2f22d7585','45e452926',2880,819,1653767713,1653767713);
INSERT INTO player_score VALUES('638f39066',52,'2f22d7585','46f166de6',21060,847,1654035729,1654035729);
INSERT INTO player_score VALUES('63b284abf',52,'2f22d7585','493741efd',253440,799,1654039430,1654039430);
INSERT INTO player_score VALUES('504da1e89',52,'2f22d7585','496737c5f',160524,576,1653518824,1653518824);
INSERT INTO player_score VALUES('61c965d06',52,'2f22d7585','50d71acc7',703950,771,1653988142,1653988142);
INSERT INTO player_score VALUES('571aa1b62',52,'2f22d7585','53d274422',134784,720,1653701381,1653701381);
INSERT INTO player_score VALUES('63b440ffc',52,'2f22d7585','5f5a493a0',6364,864,1654039612,1654039612);
INSERT INTO player_score VALUES('6306f3c23',52,'2f32da787','1b4b15ddc',38502,848,1654021440,1654021440);
INSERT INTO player_score VALUES('38cef12cf',52,'2f32da787','1f0070890',0,452,1652888138,1652888138);
INSERT INTO player_score VALUES('346045184',52,'2f32da787','25e7f3721',0,359,1652769159,1652769159);
INSERT INTO player_score VALUES('6018cf9e4',52,'2f32da787','25ee9435f',86275,720,1653942782,1653942782);
INSERT INTO player_score VALUES('330136807',52,'2f32da787','267d496c3',532530,353,1652732348,1652732348);
INSERT INTO player_score VALUES('4bc223ec5',52,'2f32da787','28df7ece6',169832,683,1653396823,1653396823);
INSERT INTO player_score VALUES('62fb0ce37',52,'2f32da787','2e50059d6',126360,937,1654020192,1654020192);
INSERT INTO player_score VALUES('6357c91d5',52,'2f32da787','301a82aac',52650,872,1654029916,1654029916);
INSERT INTO player_score VALUES('626cf8cfc',52,'2f32da787','32cde547b',119952,889,1654005294,1654005294);
INSERT INTO player_score VALUES('5f777a5e1',52,'2f32da787','33bba7fb3',1694,705,1653925865,1653925865);
INSERT INTO player_score VALUES('547a4f733',52,'2f32da787','42e5ebd9c',173448,677,1653630883,1653630883);
INSERT INTO player_score VALUES('58bfc154d',52,'2f32da787','45e452926',1764,788,1653745539,1653745539);
INSERT INTO player_score VALUES('633e8f97e',52,'2f32da787','46f166de6',100,838,1654027271,1654027271);
INSERT INTO player_score VALUES('511506d71',52,'2f32da787','496737c5f',69120,649,1653539732,1653539732);
INSERT INTO player_score VALUES('636060d3a',52,'2f32da787','50d71acc7',364000,843,1654030817,1654030817);
INSERT INTO player_score VALUES('5721a69a9',52,'2f32da787','53d274422',840,727,1653702117,1653702117);
INSERT INTO player_score VALUES('63b2c6957',52,'2f32da787','5f5a493a0',147764,861,1654039457,1654039457);
INSERT INTO player_score VALUES('62e976ef0',52,'30cea664a','1b4b15ddc',26158,845,1654018348,1654018348);
INSERT INTO player_score VALUES('3890aace2',52,'30cea664a','1f0070890',159896,448,1652881608,1652881608);
INSERT INTO player_score VALUES('34810004a',52,'30cea664a','25e7f3721',82688,365,1652772591,1652772591);
INSERT INTO player_score VALUES('33a1693b3',52,'30cea664a','267d496c3',4700,372,1652749146,1652749146);
INSERT INTO player_score VALUES('4b3aae306',52,'30cea664a','28df7ece6',127296,676,1653382619,1653382619);
INSERT INTO player_score VALUES('62a647384',52,'30cea664a','2e50059d6',4224,928,1654011303,1654011303);
INSERT INTO player_score VALUES('63c23c195',52,'30cea664a','301a82aac',34255,882,1654041078,1654041078);
INSERT INTO player_score VALUES('5c0e99532',52,'30cea664a','32cde547b',331200,764,1653834337,1653834337);
INSERT INTO player_score VALUES('6318a4912',52,'30cea664a','33bba7fb3',1387,770,1654023295,1654023295);
INSERT INTO player_score VALUES('5960d4b2a',52,'30cea664a','45e452926',14208,812,1653762429,1653762429);
INSERT INTO player_score VALUES('61babd5d5',52,'30cea664a','46f166de6',99897,788,1653986605,1653986605);
INSERT INTO player_score VALUES('6369d4451',52,'30cea664a','493741efd',40040,792,1654031808,1654031808);
INSERT INTO player_score VALUES('507167a25',52,'30cea664a','496737c5f',133280,597,1653522575,1653522575);
INSERT INTO player_score VALUES('635402551',52,'30cea664a','50d71acc7',5112,842,1654029520,1654029520);
INSERT INTO player_score VALUES('57477935a',52,'30cea664a','53d274422',118900,766,1653706083,1653706083);
INSERT INTO player_score VALUES('63c173e86',52,'30cea664a','5f5a493a0',31968,873,1654040996,1654040996);
INSERT INTO player_score VALUES('39bddb465',52,'31977e674','1f0070890',15400,466,1652913190,1652913190);
INSERT INTO player_score VALUES('345d26c06',52,'31977e674','25e7f3721',28060,358,1652768832,1652768832);
INSERT INTO player_score VALUES('5dc8b67d5',52,'31977e674','25ee9435f',290532,696,1653880696,1653880696);
INSERT INTO player_score VALUES('32ca4f540',52,'31977e674','267d496c3',199206,349,1652726591,1652726591);
INSERT INTO player_score VALUES('4d93af9c4',52,'31977e674','28df7ece6',256650,731,1653445639,1653445639);
INSERT INTO player_score VALUES('6368db3e5',52,'31977e674','2e50059d6',0,945,1654031706,1654031706);
INSERT INTO player_score VALUES('628567b60',52,'31977e674','301a82aac',154560,857,1654007856,1654007856);
INSERT INTO player_score VALUES('5ce1d197c',52,'31977e674','32cde547b',36888,784,1653856485,1653856485);
INSERT INTO player_score VALUES('54c5f4b49',52,'31977e674','42e5ebd9c',13068,688,1653638815,1653638815);
INSERT INTO player_score VALUES('58cdc3c17',52,'31977e674','45e452926',465000,791,1653747008,1653747008);
INSERT INTO player_score VALUES('638171323',52,'31977e674','46f166de6',902500,844,1654034284,1654034284);
INSERT INTO player_score VALUES('627959c21',52,'31977e674','493741efd',0,759,1654006592,1654006592);
INSERT INTO player_score VALUES('50b9b65e6',52,'31977e674','496737c5f',121968,631,1653530157,1653530157);
INSERT INTO player_score VALUES('6350fed86',52,'31977e674','50d71acc7',248400,841,1654029204,1654029204);
INSERT INTO player_score VALUES('57578fdad',52,'31977e674','53d274422',265200,776,1653707770,1653707770);
INSERT INTO player_score VALUES('62b595b11',52,'31977e674','5f5a493a0',102960,659,1654012908,1654012908);
INSERT INTO player_score VALUES('5cab5f98c',52,'33a4c49ff','1b4b15ddc',12354,777,1653850776,1653850776);
INSERT INTO player_score VALUES('35051ccf0',52,'33a4c49ff','1f0070890',254560,387,1652786444,1652786444);
INSERT INTO player_score VALUES('34e35a3d7',52,'33a4c49ff','25e7f3721',1792,371,1652782904,1652782904);
INSERT INTO player_score VALUES('626c246ac',52,'33a4c49ff','25ee9435f',44992,751,1654005207,1654005207);
INSERT INTO player_score VALUES('3368bbf69',52,'33a4c49ff','267d496c3',0,365,1652743203,1652743203);
INSERT INTO player_score VALUES('4c7555efb',52,'33a4c49ff','28df7ece6',7553,695,1653415613,1653415613);
INSERT INTO player_score VALUES('5ceba43c4',52,'33a4c49ff','2e50059d6',7695,827,1653857515,1653857515);
INSERT INTO player_score VALUES('61218a9f9',52,'33a4c49ff','301a82aac',4950,838,1653970541,1653970541);
INSERT INTO player_score VALUES('60268db2c',52,'33a4c49ff','32cde547b',98280,844,1653944223,1653944223);
INSERT INTO player_score VALUES('62c523a02',52,'33a4c49ff','33bba7fb3',358092,766,1654014539,1654014539);
INSERT INTO player_score VALUES('5945561d5',52,'33a4c49ff','45e452926',215832,807,1653759546,1653759546);
INSERT INTO player_score VALUES('63040d93b',52,'33a4c49ff','46f166de6',82320,830,1654021136,1654021136);
INSERT INTO player_score VALUES('63b7e0be6',52,'33a4c49ff','493741efd',58443,801,1654039992,1654039992);
INSERT INTO player_score VALUES('5117162f3',52,'33a4c49ff','496737c5f',310503,651,1653539948,1653539948);
INSERT INTO player_score VALUES('62c458f8f',52,'33a4c49ff','50d71acc7',0,816,1654014456,1654014456);
INSERT INTO player_score VALUES('638aebf06',52,'33a4c49ff','5f5a493a0',7728,825,1654035278,1654035278);
INSERT INTO player_score VALUES('5c11e39bb',52,'3660fbf98','1b4b15ddc',156090,769,1653834682,1653834682);
INSERT INTO player_score VALUES('37e5ce903',52,'3660fbf98','1f0070890',753480,438,1652863692,1652863692);
INSERT INTO player_score VALUES('632a8b161',52,'3660fbf98','25ee9435f',2664,762,1654025172,1654025172);
INSERT INTO player_score VALUES('4dd88f725',52,'3660fbf98','28df7ece6',110682,741,1653452861,1653452861);
INSERT INTO player_score VALUES('6137f661d',52,'3660fbf98','2e50059d6',10360,903,1653972892,1653972892);
INSERT INTO player_score VALUES('6327ebb76',52,'3660fbf98','301a82aac',43160,867,1654024897,1654024897);
INSERT INTO player_score VALUES('6351fcbe6',52,'3660fbf98','32cde547b',23256,914,1654029308,1654029308);
INSERT INTO player_score VALUES('54348a21a',52,'3660fbf98','42e5ebd9c',116280,664,1653623567,1653623567);
INSERT INTO player_score VALUES('5817895f8',52,'3660fbf98','45e452926',27900,756,1653727900,1653727900);
INSERT INTO player_score VALUES('5fcfdd530',52,'3660fbf98','46f166de6',78960,721,1653935133,1653935133);
INSERT INTO player_score VALUES('63111bd9e',52,'3660fbf98','493741efd',5166,776,1654022505,1654022505);
INSERT INTO player_score VALUES('63299bd5e',52,'3660fbf98','50d71acc7',0,836,1654025074,1654025074);
INSERT INTO player_score VALUES('5730da325',52,'3660fbf98','53d274422',34850,742,1653703711,1653703711);
INSERT INTO player_score VALUES('6392a0985',52,'3660fbf98','5f5a493a0',583270,831,1654036086,1654036086);
INSERT INTO player_score VALUES('5fb36827c',52,'368fd90c1','1b4b15ddc',132053,813,1653932149,1653932149);
INSERT INTO player_score VALUES('3762618bb',52,'368fd90c1','1f0070890',78720,431,1652849911,1652849911);
INSERT INTO player_score VALUES('62f1810cc',52,'368fd90c1','25ee9435f',58500,756,1654019191,1654019191);
INSERT INTO player_score VALUES('4dd74ab95',52,'368fd90c1','28df7ece6',26190,740,1653452728,1653452728);
INSERT INTO player_score VALUES('625c04001',52,'368fd90c1','2e50059d6',20160,924,1654003516,1654003516);
INSERT INTO player_score VALUES('632cc3f28',52,'368fd90c1','32cde547b',315,909,1654025405,1654025405);
INSERT INTO player_score VALUES('635e12009',52,'368fd90c1','33bba7fb3',12408,775,1654030575,1654030575);
INSERT INTO player_score VALUES('546a70f52',52,'368fd90c1','42e5ebd9c',395760,674,1653629219,1653629219);
INSERT INTO player_score VALUES('5987b3dc2',52,'368fd90c1','45e452926',59334,815,1653766505,1653766505);
INSERT INTO player_score VALUES('63c455378',52,'368fd90c1','46f166de6',106488,856,1654041298,1654041298);
INSERT INTO player_score VALUES('6353b4316',52,'368fd90c1','493741efd',166050,787,1654029488,1654029488);
INSERT INTO player_score VALUES('63a861723',52,'368fd90c1','50d71acc7',12250,854,1654038367,1654038367);
INSERT INTO player_score VALUES('57263f5ac',52,'368fd90c1','53d274422',128064,735,1653702599,1653702599);
INSERT INTO player_score VALUES('63c2dfae5',52,'368fd90c1','5f5a493a0',66528,876,1654041145,1654041145);
INSERT INTO player_score VALUES('39a5b5a28',52,'379b580dd','1f0070890',63684,465,1652910658,1652910658);
INSERT INTO player_score VALUES('4cd59bec4',52,'379b580dd','28df7ece6',35640,713,1653425708,1653425708);
INSERT INTO player_score VALUES('61bf56243',52,'379b580dd','2e50059d6',5950,910,1653987087,1653987087);
INSERT INTO player_score VALUES('6343f56db',52,'379b580dd','301a82aac',150588,871,1654027837,1654027837);
INSERT INTO player_score VALUES('632865c69',52,'379b580dd','32cde547b',62700,908,1654024947,1654024947);
INSERT INTO player_score VALUES('62f5b344b',52,'379b580dd','33bba7fb3',32718,769,1654019631,1654019631);
INSERT INTO player_score VALUES('58ee070cb',52,'379b580dd','45e452926',0,796,1653750391,1653750391);
INSERT INTO player_score VALUES('63b9b30e3',52,'379b580dd','493741efd',6380,802,1654040183,1654040183);
INSERT INTO player_score VALUES('50cd65730',52,'379b580dd','496737c5f',105732,635,1653532221,1653532221);
INSERT INTO player_score VALUES('637004bed',52,'379b580dd','50d71acc7',300200,845,1654032457,1654032457);
INSERT INTO player_score VALUES('56b9c1e9e',52,'379b580dd','53d274422',120050,642,1653691223,1653691223);
INSERT INTO player_score VALUES('63c2bb0f0',52,'379b580dd','5f5a493a0',8424,875,1654041130,1654041130);
INSERT INTO player_score VALUES('6371bc2f0',52,'3f101d171','25ee9435f',203278,764,1654032637,1654032637);
INSERT INTO player_score VALUES('4d6500edb',52,'3f101d171','28df7ece6',24700,728,1653440744,1653440744);
INSERT INTO player_score VALUES('5bc0d1356',52,'3f101d171','2e50059d6',1650,805,1653826181,1653826181);
INSERT INTO player_score VALUES('62142a72d',52,'3f101d171','301a82aac',40320,851,1653995982,1653995982);
INSERT INTO player_score VALUES('63c22d71d',52,'3f101d171','32cde547b',379776,925,1654041072,1654041072);
INSERT INTO player_score VALUES('550135295',52,'3f101d171','42e5ebd9c',68952,695,1653645028,1653645028);
INSERT INTO player_score VALUES('59903f5a7',52,'3f101d171','45e452926',22500,818,1653767401,1653767401);
INSERT INTO player_score VALUES('636926ea9',52,'3f101d171','46f166de6',12996,840,1654031737,1654031737);
INSERT INTO player_score VALUES('617a7b2f3',52,'3f101d171','493741efd',74008,732,1653979867,1653979867);
INSERT INTO player_score VALUES('511bb6446',52,'3f101d171','496737c5f',799000,652,1653540433,1653540433);
INSERT INTO player_score VALUES('607979b96',52,'3f101d171','50d71acc7',12480,708,1653952918,1653952918);
INSERT INTO player_score VALUES('57261f9f0',52,'3f101d171','53d274422',0,734,1653702586,1653702586);
INSERT INTO player_score VALUES('635529bed',52,'3f101d171','5f5a493a0',945,781,1654029641,1654029641);
INSERT INTO player_score VALUES('6311dcb95',52,'40a91175e','1b4b15ddc',321594,850,1654022584,1654022584);
INSERT INTO player_score VALUES('63521c7ee',52,'40a91175e','25ee9435f',19404,763,1654029321,1654029321);
INSERT INTO player_score VALUES('4d3674679',52,'40a91175e','28df7ece6',15088,723,1653435863,1653435863);
INSERT INTO player_score VALUES('61bb301e0',52,'40a91175e','2e50059d6',51200,909,1653986652,1653986652);
INSERT INTO player_score VALUES('62a1ae7ab',52,'40a91175e','301a82aac',79515,859,1654010821,1654010821);
INSERT INTO player_score VALUES('61d8291d1',52,'40a91175e','32cde547b',142880,878,1653989690,1653989690);
INSERT INTO player_score VALUES('62eaa5adf',52,'40a91175e','33bba7fb3',115884,768,1654018472,1654018472);
INSERT INTO player_score VALUES('5452132c6',52,'40a91175e','42e5ebd9c',139284,670,1653626664,1653626664);
INSERT INTO player_score VALUES('593317b16',52,'40a91175e','45e452926',6622,803,1653757633,1653757633);
INSERT INTO player_score VALUES('5d92a1452',52,'40a91175e','46f166de6',13272,652,1653875025,1653875025);
INSERT INTO player_score VALUES('4fe209f8c',52,'40a91175e','496737c5f',33,547,1653507542,1653507542);
INSERT INTO player_score VALUES('6379d7631',52,'40a91175e','50d71acc7',123480,848,1654033487,1654033487);
INSERT INTO player_score VALUES('574d4f5d0',52,'40a91175e','53d274422',6545,770,1653706695,1653706695);
INSERT INTO player_score VALUES('63c282e84',52,'40a91175e','5f5a493a0',175812,874,1654041107,1654041107);
INSERT INTO player_score VALUES('60cd4daeb',52,'40adf377c','1b4b15ddc',11760,821,1653961708,1653961708);
INSERT INTO player_score VALUES('63206a4f0',52,'40adf377c','25ee9435f',53820,760,1654024110,1654024110);
INSERT INTO player_score VALUES('4dcd166c2',52,'40adf377c','28df7ece6',523404,738,1653451658,1653451658);
INSERT INTO player_score VALUES('62c9a8d83',52,'40adf377c','2e50059d6',182000,933,1654015013,1654015013);
INSERT INTO player_score VALUES('5fc6a6ea6',52,'40adf377c','301a82aac',227520,806,1653934167,1653934167);
INSERT INTO player_score VALUES('63602158c',52,'40adf377c','32cde547b',13572,917,1654030791,1654030791);
INSERT INTO player_score VALUES('62b5d0475',52,'40adf377c','33bba7fb3',31248,764,1654012932,1654012932);
INSERT INTO player_score VALUES('547f1deca',52,'40adf377c','42e5ebd9c',0,678,1653631387,1653631387);
INSERT INTO player_score VALUES('584ae6c74',52,'40adf377c','45e452926',397782,765,1653733286,1653733286);
INSERT INTO player_score VALUES('63699c1c0',52,'40adf377c','493741efd',0,791,1654031785,1654031785);
INSERT INTO player_score VALUES('5068e1054',52,'40adf377c','496737c5f',3237,590,1653521681,1653521681);
INSERT INTO player_score VALUES('637683552',52,'40adf377c','50d71acc7',516096,847,1654033138,1654033138);
INSERT INTO player_score VALUES('5745cdf5d',52,'40adf377c','53d274422',84084,763,1653705908,1653705908);
INSERT INTO player_score VALUES('63b6f8cb8',52,'40adf377c','5f5a493a0',205530,866,1654039897,1654039897);
INSERT INTO player_score VALUES('55c493cf4',52,'41b75479e','1b4b15ddc',89964,695,1653665514,1653665514);
INSERT INTO player_score VALUES('5e4b69f5e',52,'41b75479e','25ee9435f',206720,700,1653894401,1653894401);
INSERT INTO player_score VALUES('49ceb37b0',52,'41b75479e','28df7ece6',26499,644,1653344453,1653344453);
INSERT INTO player_score VALUES('6329fff13',52,'41b75479e','2e50059d6',12462,943,1654025115,1654025115);
INSERT INTO player_score VALUES('5b0fc485f',52,'41b75479e','301a82aac',205200,727,1653807616,1653807616);
INSERT INTO player_score VALUES('625bd80be',52,'41b75479e','32cde547b',381900,887,1654003498,1654003498);
INSERT INTO player_score VALUES('62241c7a2',52,'41b75479e','33bba7fb3',800,754,1653997654,1653997654);
INSERT INTO player_score VALUES('5441c1e9a',52,'41b75479e','42e5ebd9c',138556,665,1653624953,1653624953);
INSERT INTO player_score VALUES('57f7fd304',52,'41b75479e','45e452926',485884,751,1653724592,1653724592);
INSERT INTO player_score VALUES('63c13e324',52,'41b75479e','46f166de6',88500,855,1654040974,1654040974);
INSERT INTO player_score VALUES('5f9185d92',52,'41b75479e','493741efd',37179,670,1653928596,1653928596);
INSERT INTO player_score VALUES('5127c4366',52,'41b75479e','496737c5f',42809,656,1653541697,1653541697);
INSERT INTO player_score VALUES('6222ba7a5',52,'41b75479e','50d71acc7',111972,792,1653997509,1653997509);
INSERT INTO player_score VALUES('56d972b83',52,'41b75479e','53d274422',32232,667,1653694546,1653694546);
INSERT INTO player_score VALUES('63c0208ad',52,'41b75479e','5f5a493a0',14094,870,1654040857,1654040857);
INSERT INTO player_score VALUES('5b12701b0',52,'42b7c5e20','1b4b15ddc',151656,754,1653807896,1653807896);
INSERT INTO player_score VALUES('4dbaa9a1a',52,'42b7c5e20','28df7ece6',44160,736,1653449726,1653449726);
INSERT INTO player_score VALUES('619ce8aaa',52,'42b7c5e20','2e50059d6',312228,907,1653983477,1653983477);
INSERT INTO player_score VALUES('637d06cea',52,'42b7c5e20','301a82aac',41118,877,1654033821,1654033821);
INSERT INTO player_score VALUES('610f25244',52,'42b7c5e20','32cde547b',266760,860,1653968612,1653968612);
INSERT INTO player_score VALUES('62d454c96',52,'42b7c5e20','33bba7fb3',90896,767,1654016132,1654016132);
INSERT INTO player_score VALUES('524c840a3',52,'42b7c5e20','42e5ebd9c',221991,598,1653572394,1653572394);
INSERT INTO player_score VALUES('636b89457',52,'42b7c5e20','46f166de6',27702,841,1654031987,1654031987);
INSERT INTO player_score VALUES('633d1ef3d',52,'42b7c5e20','493741efd',25500,783,1654027120,1654027120);
INSERT INTO player_score VALUES('505874e9a',52,'42b7c5e20','496737c5f',56070,583,1653519959,1653519959);
INSERT INTO player_score VALUES('637c21523',52,'42b7c5e20','50d71acc7',216000,850,1654033727,1654033727);
INSERT INTO player_score VALUES('570b64578',52,'42b7c5e20','53d274422',2021,707,1653699783,1653699783);
INSERT INTO player_score VALUES('63b38c554',52,'42b7c5e20','5f5a493a0',362208,862,1654039538,1654039538);
INSERT INTO player_score VALUES('610a766b2',52,'43a173a92','1b4b15ddc',685300,826,1653968121,1653968121);
INSERT INTO player_score VALUES('62768bfc0',52,'43a173a92','25ee9435f',23436,752,1654006298,1654006298);
INSERT INTO player_score VALUES('4dcc04ff2',52,'43a173a92','28df7ece6',1225,737,1653451546,1653451546);
INSERT INTO player_score VALUES('614219982',52,'43a173a92','2e50059d6',67200,904,1653973955,1653973955);
INSERT INTO player_score VALUES('63c0c9054',52,'43a173a92','301a82aac',4140,881,1654040926,1654040926);
INSERT INTO player_score VALUES('634d15dc6',52,'43a173a92','32cde547b',206640,913,1654028794,1654028794);
INSERT INTO player_score VALUES('5f8d5d641',52,'43a173a92','33bba7fb3',79497,707,1653928160,1653928160);
INSERT INTO player_score VALUES('550215c57',52,'43a173a92','42e5ebd9c',56880,696,1653645120,1653645120);
INSERT INTO player_score VALUES('62946ced4',52,'43a173a92','46f166de6',52920,817,1654009431,1654009431);
INSERT INTO player_score VALUES('635647622',52,'43a173a92','493741efd',122808,788,1654029758,1654029758);
INSERT INTO player_score VALUES('5081c9fb4',52,'43a173a92','496737c5f',114400,604,1653524293,1653524293);
INSERT INTO player_score VALUES('574fcc8dd',52,'43a173a92','53d274422',12960,772,1653706956,1653706956);
INSERT INTO player_score VALUES('639228f68',52,'43a173a92','5f5a493a0',73260,830,1654036037,1654036037);
INSERT INTO player_score VALUES('61697f0be',52,'4858030f8','1b4b15ddc',27839,828,1653978086,1653978086);
INSERT INTO player_score VALUES('5f103bb1e',52,'4858030f8','25ee9435f',285384,710,1653915039,1653915039);
INSERT INTO player_score VALUES('4cd1032c2',52,'4858030f8','28df7ece6',229824,711,1653425226,1653425226);
INSERT INTO player_score VALUES('62b876fdd',52,'4858030f8','301a82aac',84000,862,1654013210,1654013210);
INSERT INTO player_score VALUES('638c7ec50',52,'4858030f8','32cde547b',0,921,1654035443,1654035443);
INSERT INTO player_score VALUES('631e5888a',52,'4858030f8','33bba7fb3',68400,771,1654023893,1654023893);
INSERT INTO player_score VALUES('54cb81989',52,'4858030f8','42e5ebd9c',22950,690,1653639397,1653639397);
INSERT INTO player_score VALUES('58e857f7c',52,'4858030f8','45e452926',33516,794,1653749795,1653749795);
INSERT INTO player_score VALUES('62f84dc11',52,'4858030f8','46f166de6',102432,828,1654019904,1654019904);
INSERT INTO player_score VALUES('63788b5d2',52,'4858030f8','493741efd',385560,794,1654033351,1654033351);
INSERT INTO player_score VALUES('50b531236',52,'4858030f8','496737c5f',417879,629,1653529683,1653529683);
INSERT INTO player_score VALUES('62fbb2e42',52,'4858030f8','50d71acc7',634844,828,1654020260,1654020260);
INSERT INTO player_score VALUES('5752ab69f',52,'4858030f8','53d274422',124320,774,1653707257,1653707257);
INSERT INTO player_score VALUES('63945f62c',52,'4858030f8','5f5a493a0',448448,835,1654036269,1654036269);
INSERT INTO player_score VALUES('63b10a420',52,'4912944c2','1b4b15ddc',39424,856,1654039275,1654039275);
INSERT INTO player_score VALUES('6131b7424',52,'4912944c2','25ee9435f',5244,733,1653972237,1653972237);
INSERT INTO player_score VALUES('4dea2f287',52,'4912944c2','28df7ece6',82076,744,1653454709,1653454709);
INSERT INTO player_score VALUES('5faf952a5',52,'4912944c2','2e50059d6',140616,875,1653931748,1653931748);
INSERT INTO player_score VALUES('639817871',52,'4912944c2','301a82aac',113103,879,1654036659,1654036659);
INSERT INTO player_score VALUES('62694f520',52,'4912944c2','32cde547b',593782,888,1654004910,1654004910);
INSERT INTO player_score VALUES('5407584f5',52,'4912944c2','42e5ebd9c',117040,657,1653618828,1653618828);
INSERT INTO player_score VALUES('5997ecaed',52,'4912944c2','45e452926',90720,820,1653768206,1653768206);
INSERT INTO player_score VALUES('6394cfaf4',52,'4912944c2','46f166de6',345744,849,1654036315,1654036315);
INSERT INTO player_score VALUES('6342ba7c8',52,'4912944c2','493741efd',10530,785,1654027708,1654027708);
INSERT INTO player_score VALUES('5092a65ea',52,'4912944c2','496737c5f',137350,612,1653526061,1653526061);
INSERT INTO player_score VALUES('622b79406',52,'4912944c2','50d71acc7',7952,795,1653998426,1653998426);
INSERT INTO player_score VALUES('57494914d',52,'4912944c2','53d274422',2772,768,1653706273,1653706273);
INSERT INTO player_score VALUES('63960f833',52,'4912944c2','5f5a493a0',18693,837,1654036446,1654036446);
INSERT INTO player_score VALUES('638c92506',52,'4a098d659','1b4b15ddc',85407,855,1654035451,1654035451);
INSERT INTO player_score VALUES('5c4ac1b67',52,'4a098d659','25ee9435f',46900,678,1653840645,1653840645);
INSERT INTO player_score VALUES('4d0a2331e',52,'4a098d659','28df7ece6',319200,719,1653431216,1653431216);
INSERT INTO player_score VALUES('6279e00d4',52,'4a098d659','2e50059d6',283500,926,1654006647,1654006647);
INSERT INTO player_score VALUES('610b8cbde',52,'4a098d659','301a82aac',65780,836,1653968235,1653968235);
INSERT INTO player_score VALUES('61c0bf77c',52,'4a098d659','32cde547b',95424,877,1653987235,1653987235);
INSERT INTO player_score VALUES('542acb057',52,'4a098d659','42e5ebd9c',15035,662,1653622545,1653622545);
INSERT INTO player_score VALUES('58b225749',52,'4a098d659','45e452926',61132,785,1653744112,1653744112);
INSERT INTO player_score VALUES('625b395ed',52,'4a098d659','46f166de6',38528,809,1654003433,1654003433);
INSERT INTO player_score VALUES('5dee49a11',52,'4a098d659','493741efd',90528,618,1653884636,1653884636);
INSERT INTO player_score VALUES('5116d4476',52,'4a098d659','496737c5f',246015,650,1653539921,1653539921);
INSERT INTO player_score VALUES('6252f71a5',52,'4a098d659','50d71acc7',40800,802,1654002567,1654002567);
INSERT INTO player_score VALUES('5741ec4de',52,'4a098d659','53d274422',1890,760,1653705501,1653705501);
INSERT INTO player_score VALUES('6354bbe07',52,'4a098d659','5f5a493a0',0,780,1654029596,1654029596);
INSERT INTO player_score VALUES('60896e334',52,'4a233c19a','1b4b15ddc',113696,820,1653954591,1653954591);
INSERT INTO player_score VALUES('5e5c2df2b',52,'4a233c19a','25ee9435f',4860,701,1653896159,1653896159);
INSERT INTO player_score VALUES('4cbc478c8',52,'4a233c19a','28df7ece6',96280,705,1653423052,1653423052);
INSERT INTO player_score VALUES('5f7d94d9b',52,'4a233c19a','2e50059d6',141474,871,1653926505,1653926505);
INSERT INTO player_score VALUES('6372d0119',52,'4a233c19a','301a82aac',24200,876,1654032750,1654032750);
INSERT INTO player_score VALUES('6394532d6',52,'4a233c19a','33bba7fb3',397188,777,1654036264,1654036264);
INSERT INTO player_score VALUES('549f269e0',52,'4a233c19a','42e5ebd9c',148044,684,1653634746,1653634746);
INSERT INTO player_score VALUES('58720f35f',52,'4a233c19a','45e452926',53360,771,1653737392,1653737392);
INSERT INTO player_score VALUES('63b64b78d',52,'4a233c19a','46f166de6',108108,853,1654039826,1654039826);
INSERT INTO player_score VALUES('613c01857',52,'4a233c19a','493741efd',31500,725,1653973316,1653973316);
INSERT INTO player_score VALUES('637262360',52,'4a233c19a','50d71acc7',12075,846,1654032705,1654032705);
INSERT INTO player_score VALUES('574422bb3',52,'4a233c19a','53d274422',73216,762,1653705733,1653705733);
INSERT INTO player_score VALUES('63c55800a',52,'4a233c19a','5f5a493a0',22644,877,1654041404,1654041404);
INSERT INTO player_score VALUES('62e38d44b',52,'4a355d36f','1b4b15ddc',263228,844,1654017728,1654017728);
INSERT INTO player_score VALUES('5e5fe133b',52,'4a355d36f','25ee9435f',0,703,1653896547,1653896547);
INSERT INTO player_score VALUES('4db911ed4',52,'4a355d36f','28df7ece6',54912,733,1653449559,1653449559);
INSERT INTO player_score VALUES('61fbc2e27',52,'4a355d36f','2e50059d6',174048,917,1653993423,1653993423);
INSERT INTO player_score VALUES('5e360ac31',52,'4a355d36f','301a82aac',112320,784,1653892160,1653892160);
INSERT INTO player_score VALUES('6012537ba',52,'4a355d36f','32cde547b',0,840,1653942102,1653942102);
INSERT INTO player_score VALUES('627ab1fea',52,'4a355d36f','33bba7fb3',423801,758,1654006733,1654006733);
INSERT INTO player_score VALUES('54736f328',52,'4a355d36f','42e5ebd9c',10578,676,1653630162,1653630162);
INSERT INTO player_score VALUES('596cb1ce6',52,'4a355d36f','45e452926',54400,813,1653763673,1653763673);
INSERT INTO player_score VALUES('62717e0dd',52,'4a355d36f','46f166de6',44800,812,1654005768,1654005768);
INSERT INTO player_score VALUES('62f1f3cbe',52,'4a355d36f','493741efd',107730,772,1654019238,1654019238);
INSERT INTO player_score VALUES('50c99ea18',52,'4a355d36f','496737c5f',12480,633,1653531825,1653531825);
INSERT INTO player_score VALUES('623a6aeeb',52,'4a355d36f','50d71acc7',54264,799,1653999993,1653999993);
INSERT INTO player_score VALUES('56ee025e7',52,'4a355d36f','53d274422',42000,681,1653696702,1653696702);
INSERT INTO player_score VALUES('61e75cb50',52,'4b8f20d46','1b4b15ddc',0,833,1653991284,1653991284);
INSERT INTO player_score VALUES('6230d06fb',52,'4b8f20d46','25ee9435f',224532,749,1653998986,1653998986);
INSERT INTO player_score VALUES('4d4f86dff',52,'4b8f20d46','28df7ece6',470820,726,1653438492,1653438492);
INSERT INTO player_score VALUES('5fc767c79',52,'4b8f20d46','2e50059d6',142680,877,1653934246,1653934246);
INSERT INTO player_score VALUES('636c2a65e',52,'4b8f20d46','301a82aac',203520,875,1654032053,1654032053);
INSERT INTO player_score VALUES('63099806e',52,'4b8f20d46','32cde547b',7568,904,1654021717,1654021717);
INSERT INTO player_score VALUES('637bcbe10',52,'4b8f20d46','33bba7fb3',10296,776,1654033692,1654033692);
INSERT INTO player_score VALUES('520e75d40',52,'4b8f20d46','42e5ebd9c',74880,582,1653565887,1653565887);
INSERT INTO player_score VALUES('637d8d158',52,'4b8f20d46','46f166de6',67860,843,1654033876,1654033876);
INSERT INTO player_score VALUES('638b06caa',52,'4b8f20d46','493741efd',4230,795,1654035289,1654035289);
INSERT INTO player_score VALUES('5122a0494',52,'4b8f20d46','496737c5f',184000,654,1653541158,1653541158);
INSERT INTO player_score VALUES('637a6c526',52,'4b8f20d46','50d71acc7',127224,849,1654033548,1654033548);
INSERT INTO player_score VALUES('57555974b',52,'4b8f20d46','53d274422',17340,775,1653707538,1653707538);
INSERT INTO player_score VALUES('63b42feb7',52,'4b8f20d46','5f5a493a0',167400,863,1654039605,1654039605);
INSERT INTO player_score VALUES('61da69468',52,'4d52e4ad0','1b4b15ddc',71820,832,1653989926,1653989926);
INSERT INTO player_score VALUES('6197a9e23',52,'4d52e4ad0','25ee9435f',78608,743,1653982927,1653982927);
INSERT INTO player_score VALUES('4b8125bb1',52,'4d52e4ad0','28df7ece6',81257,680,1653390008,1653390008);
INSERT INTO player_score VALUES('6185fb846',52,'4d52e4ad0','2e50059d6',310156,906,1653981073,1653981073);
INSERT INTO player_score VALUES('62c17c908',52,'4d52e4ad0','301a82aac',456660,863,1654014156,1654014156);
INSERT INTO player_score VALUES('63b0fe0d2',52,'4d52e4ad0','32cde547b',17136,923,1654039270,1654039270);
INSERT INTO player_score VALUES('6297cf9bc',52,'4d52e4ad0','33bba7fb3',810,760,1654009786,1654009786);
INSERT INTO player_score VALUES('53e4efb87',52,'4d52e4ad0','42e5ebd9c',401850,646,1653615220,1653615220);
INSERT INTO player_score VALUES('588ae4a04',52,'4d52e4ad0','45e452926',49680,778,1653739996,1653739996);
INSERT INTO player_score VALUES('631629cef',52,'4d52e4ad0','46f166de6',87360,833,1654023035,1654023035);
INSERT INTO player_score VALUES('50a11dfb9',52,'4d52e4ad0','496737c5f',124488,619,1653527578,1653527578);
INSERT INTO player_score VALUES('62ca11d5e',52,'4d52e4ad0','50d71acc7',37944,819,1654015056,1654015056);
INSERT INTO player_score VALUES('57397baa5',52,'4d52e4ad0','53d274422',533544,752,1653704616,1653704616);
INSERT INTO player_score VALUES('5fd556ad3',52,'5048ebdad','1b4b15ddc',275264,815,1653935707,1653935707);
INSERT INTO player_score VALUES('5801b9e2e',52,'5048ebdad','25ee9435f',542700,630,1653725613,1653725613);
INSERT INTO player_score VALUES('609ce9fff',52,'5048ebdad','2e50059d6',0,894,1653956634,1653956634);
INSERT INTO player_score VALUES('626f5d9e7',52,'5048ebdad','301a82aac',121176,855,1654005545,1654005545);
INSERT INTO player_score VALUES('6386dbe7d',52,'5048ebdad','32cde547b',7140,920,1654034852,1654034852);
INSERT INTO player_score VALUES('63c629f6d',52,'5048ebdad','33bba7fb3',188232,779,1654041490,1654041490);
INSERT INTO player_score VALUES('545b3fca2',52,'5048ebdad','42e5ebd9c',59040,671,1653627626,1653627626);
INSERT INTO player_score VALUES('56c193e16',52,'5048ebdad','45e452926',579040,704,1653692043,1653692043);
INSERT INTO player_score VALUES('62b64f3b1',52,'5048ebdad','46f166de6',43860,820,1654012984,1654012984);
INSERT INTO player_score VALUES('620542891',52,'5048ebdad','493741efd',18200,747,1653994419,1653994419);
INSERT INTO player_score VALUES('50dcac92d',52,'5048ebdad','496737c5f',146025,639,1653533823,1653533823);
INSERT INTO player_score VALUES('638dc85e0',52,'5048ebdad','50d71acc7',67200,851,1654035578,1654035578);
INSERT INTO player_score VALUES('5747374a4',52,'5048ebdad','53d274422',2496,765,1653706056,1653706056);
INSERT INTO player_score VALUES('6394ef6dc',52,'5048ebdad','5f5a493a0',226884,836,1654036328,1654036328);
INSERT INTO player_score VALUES('516684a82',52,'518d10d06','1b4b15ddc',276120,643,1653548277,1653548277);
INSERT INTO player_score VALUES('614a4fa31',52,'518d10d06','25ee9435f',706560,735,1653974816,1653974816);
INSERT INTO player_score VALUES('5ff7b7f09',52,'518d10d06','2e50059d6',17028,883,1653939312,1653939312);
INSERT INTO player_score VALUES('61ace6e82',52,'518d10d06','32cde547b',217152,876,1653985154,1653985154);
INSERT INTO player_score VALUES('54ad96e98',52,'518d10d06','42e5ebd9c',354354,686,1653636260,1653636260);
INSERT INTO player_score VALUES('587323113',52,'518d10d06','45e452926',15600,772,1653737505,1653737505);
INSERT INTO player_score VALUES('63185dc80',52,'518d10d06','46f166de6',285525,834,1654023266,1654023266);
INSERT INTO player_score VALUES('60e5c3e54',52,'518d10d06','493741efd',76560,714,1653964273,1653964273);
INSERT INTO player_score VALUES('632ad6c7e',52,'518d10d06','50d71acc7',5395,837,1654025203,1654025203);
INSERT INTO player_score VALUES('5727fbb18',52,'518d10d06','53d274422',149292,739,1653702781,1653702781);
INSERT INTO player_score VALUES('62631783a',52,'518d10d06','5f5a493a0',3599,593,1654004258,1654004258);
INSERT INTO player_score VALUES('5d60d91ef',52,'583785db4','1b4b15ddc',216489,785,1653869805,1653869805);
INSERT INTO player_score VALUES('62b937dd7',52,'583785db4','2e50059d6',88330,932,1654013289,1654013289);
INSERT INTO player_score VALUES('5f88c4a08',52,'583785db4','301a82aac',313950,804,1653927678,1653927678);
INSERT INTO player_score VALUES('5e2ea1ca6',52,'583785db4','32cde547b',7920,804,1653891383,1653891383);
INSERT INTO player_score VALUES('5ab267264',52,'583785db4','33bba7fb3',159790,629,1653797826,1653797826);
INSERT INTO player_score VALUES('58a64ac75',52,'583785db4','45e452926',261120,781,1653742869,1653742869);
INSERT INTO player_score VALUES('634b2d962',52,'583785db4','493741efd',0,786,1654028594,1654028594);
INSERT INTO player_score VALUES('6291b9ff6',52,'583785db4','50d71acc7',864,810,1654009148,1654009148);
INSERT INTO player_score VALUES('635c0edf7',52,'583785db4','5f5a493a0',161424,784,1654030364,1654030364);
INSERT INTO player_score VALUES('5b17102de',52,'5841d2940','1b4b15ddc',238080,755,1653808381,1653808381);
INSERT INTO player_score VALUES('63c5dbd72',52,'5841d2940','25ee9435f',404587,765,1654041458,1654041458);
INSERT INTO player_score VALUES('5ec7cfa7c',52,'5841d2940','2e50059d6',144088,860,1653907445,1653907445);
INSERT INTO player_score VALUES('609ca0bfb',52,'5841d2940','301a82aac',1026,821,1653956604,1653956604);
INSERT INTO player_score VALUES('637e57bd2',52,'5841d2940','32cde547b',123984,919,1654033959,1654033959);
INSERT INTO player_score VALUES('5e2b4b4a6',52,'5841d2940','33bba7fb3',52962,683,1653891033,1653891033);
INSERT INTO player_score VALUES('58e3f007f',52,'5841d2940','45e452926',172380,793,1653749333,1653749333);
INSERT INTO player_score VALUES('62650c03c',52,'5841d2940','46f166de6',434720,810,1654004463,1654004463);
INSERT INTO player_score VALUES('632d25962',52,'5841d2940','493741efd',6355,780,1654025445,1654025445);
INSERT INTO player_score VALUES('63150e989',52,'5841d2940','50d71acc7',76896,832,1654022919,1654022919);
INSERT INTO player_score VALUES('63bc85b25',52,'5841d2940','5f5a493a0',20424,868,1654040479,1654040479);
INSERT INTO player_score VALUES('6323d93b4',52,'59b597ea4','1b4b15ddc',169740,851,1654024470,1654024470);
INSERT INTO player_score VALUES('61e61a764',52,'59b597ea4','25ee9435f',97152,747,1653991152,1653991152);
INSERT INTO player_score VALUES('5da6ef046',52,'59b597ea4','2e50059d6',140140,842,1653877154,1653877154);
INSERT INTO player_score VALUES('634058267',52,'59b597ea4','301a82aac',393120,870,1654027458,1654027458);
INSERT INTO player_score VALUES('633a4c4e2',52,'59b597ea4','32cde547b',774400,912,1654026824,1654026824);
INSERT INTO player_score VALUES('5e96644a3',52,'59b597ea4','33bba7fb3',30016,691,1653902263,1653902263);
INSERT INTO player_score VALUES('61e7b49d6',52,'59b597ea4','46f166de6',7840,795,1653991320,1653991320);
INSERT INTO player_score VALUES('626e64979',52,'59b597ea4','493741efd',93380,758,1654005443,1654005443);
INSERT INTO player_score VALUES('62f91ad8b',52,'59b597ea4','50d71acc7',4674,827,1654019988,1654019988);
INSERT INTO player_score VALUES('63adb8a18',52,'59b597ea4','5f5a493a0',16520,858,1654038927,1654038927);
INSERT INTO player_score VALUES('62e07b1fc',52,'59cca2572','1b4b15ddc',11628,843,1654017406,1654017406);
INSERT INTO player_score VALUES('5f2daec03',52,'59cca2572','25ee9435f',155277,713,1653918127,1653918127);
INSERT INTO player_score VALUES('6305c026b',52,'59cca2572','2e50059d6',95940,939,1654021314,1654021314);
INSERT INTO player_score VALUES('62ae4c746',52,'59cca2572','301a82aac',44550,861,1654012144,1654012144);
INSERT INTO player_score VALUES('5cb60dfd9',52,'59cca2572','32cde547b',314160,779,1653851896,1653851896);
INSERT INTO player_score VALUES('622cf88bf',52,'59cca2572','33bba7fb3',0,755,1653998583,1653998583);
INSERT INTO player_score VALUES('623856b15',52,'59cca2572','493741efd',1175,754,1653999775,1653999775);
INSERT INTO player_score VALUES('614b7e5da',52,'59cca2572','50d71acc7',13172,744,1653974940,1653974940);
INSERT INTO player_score VALUES('63c1087a6',52,'59cca2572','5f5a493a0',181764,872,1654040952,1654040952);
INSERT INTO player_score VALUES('59f5452f3',52,'5a58eddcc','1b4b15ddc',16632,744,1653777994,1653777994);
INSERT INTO player_score VALUES('6019bc754',52,'5a58eddcc','25ee9435f',41064,721,1653942879,1653942879);
INSERT INTO player_score VALUES('62a8ce34c',52,'5a58eddcc','2e50059d6',16490,929,1654011568,1654011568);
INSERT INTO player_score VALUES('61bdb98ae',52,'5a58eddcc','301a82aac',640640,845,1653986918,1653986918);
INSERT INTO player_score VALUES('635463fac',52,'5a58eddcc','32cde547b',47304,916,1654029560,1654029560);
INSERT INTO player_score VALUES('624754949',52,'5a58eddcc','33bba7fb3',6479,756,1654001347,1654001347);
INSERT INTO player_score VALUES('600edacfe',52,'5a58eddcc','46f166de6',45240,732,1653941738,1653941738);
INSERT INTO player_score VALUES('60a0a491c',52,'5a58eddcc','493741efd',30276,708,1653957025,1653957025);
INSERT INTO player_score VALUES('6314f3bc1',52,'5a58eddcc','50d71acc7',66612,831,1654022908,1654022908);
INSERT INTO player_score VALUES('63c0cde62',52,'5a58eddcc','5f5a493a0',123760,871,1654040928,1654040928);
INSERT INTO player_score VALUES('618a9927a',52,'5be7fe862','1b4b15ddc',7200,830,1653981557,1653981557);
INSERT INTO player_score VALUES('61abf0508',52,'5be7fe862','25ee9435f',18088,745,1653985053,1653985053);
INSERT INTO player_score VALUES('5e9463952',52,'5be7fe862','2e50059d6',9282,859,1653902053,1653902053);
INSERT INTO player_score VALUES('6327b38f6',52,'5be7fe862','32cde547b',43608,907,1654024874,1654024874);
INSERT INTO player_score VALUES('63500d233',52,'5be7fe862','33bba7fb3',142800,774,1654029105,1654029105);
INSERT INTO player_score VALUES('636ffd694',52,'5be7fe862','46f166de6',317772,842,1654032454,1654032454);
INSERT INTO player_score VALUES('626a3c248',52,'5be7fe862','50d71acc7',34279,806,1654005007,1654005007);
INSERT INTO player_score VALUES('639d4537f',52,'5be7fe862','5f5a493a0',0,845,1654037202,1654037202);
INSERT INTO player_score VALUES('62de5f96d',52,'5d87717c6','1b4b15ddc',218781,842,1654017185,1654017185);
INSERT INTO player_score VALUES('62e24fe35',52,'5d87717c6','2e50059d6',836,935,1654017598,1654017598);
INSERT INTO player_score VALUES('5e64862ec',52,'5d87717c6','301a82aac',26696,787,1653897034,1653897034);
INSERT INTO player_score VALUES('6013f765f',52,'5d87717c6','32cde547b',216580,841,1653942274,1653942274);
INSERT INTO player_score VALUES('6024833c6',52,'5d87717c6','33bba7fb3',179630,718,1653944009,1653944009);
INSERT INTO player_score VALUES('61f459ea4',52,'5d87717c6','46f166de6',38115,798,1653992646,1653992646);
INSERT INTO player_score VALUES('61a54d1ac',52,'5d87717c6','493741efd',19836,736,1653984357,1653984357);
INSERT INTO player_score VALUES('62c750431',52,'5d87717c6','50d71acc7',66976,818,1654014767,1654014767);
INSERT INTO player_score VALUES('639c956ef',52,'5d87717c6','5f5a493a0',111384,842,1654037130,1654037130);
INSERT INTO player_score VALUES('6189f8080',52,'5f17da613','1b4b15ddc',242550,829,1653981491,1653981491);
INSERT INTO player_score VALUES('6214b80c1',52,'5f17da613','2e50059d6',246400,919,1653996040,1653996040);
INSERT INTO player_score VALUES('5b62a6c57',52,'5f17da613','301a82aac',297675,732,1653816307,1653816307);
INSERT INTO player_score VALUES('63b9452c3',52,'5f17da613','32cde547b',617526,924,1654040138,1654040138);
INSERT INTO player_score VALUES('62b43d70e',52,'5f17da613','33bba7fb3',157728,763,1654012767,1654012767);
INSERT INTO player_score VALUES('633815e2c',52,'5f17da613','46f166de6',10200,837,1654026592,1654026592);
INSERT INTO player_score VALUES('636f612a4',52,'5f17da613','493741efd',17934,793,1654032390,1654032390);
INSERT INTO player_score VALUES('631df1ff1',52,'5f17da613','50d71acc7',59040,833,1654023851,1654023851);
INSERT INTO player_score VALUES('63ac03a18',52,'5f17da613','5f5a493a0',119880,857,1654038748,1654038748);
INSERT INTO player_score VALUES('637c60cd0',52,'6012ead4e','1b4b15ddc',58016,854,1654033753,1654033753);
INSERT INTO player_score VALUES('5f8a920ec',52,'6012ead4e','2e50059d6',277965,872,1653927867,1653927867);
INSERT INTO player_score VALUES('63664a80a',52,'6012ead4e','301a82aac',40338,874,1654031437,1654031437);
INSERT INTO player_score VALUES('61268c5bd',52,'6012ead4e','32cde547b',12771,863,1653971066,1653971066);
INSERT INTO player_score VALUES('62b6d3146',52,'6012ead4e','33bba7fb3',149940,765,1654013038,1654013038);
INSERT INTO player_score VALUES('63a65219c',52,'6012ead4e','46f166de6',9867,851,1654038151,1654038151);
INSERT INTO player_score VALUES('61f65d0a4',52,'6012ead4e','50d71acc7',22960,784,1653992857,1653992857);
INSERT INTO player_score VALUES('633efb046',52,'6012ead4e','5f5a493a0',6370,770,1654027315,1654027315);
COMMIT;
