
BEGIN;
CREATE TABLE IF NOT EXISTS competition (
  id VARCHAR(255) NOT NULL PRIMARY KEY,
  tenant_id BIGINT NOT NULL,
  title TEXT NOT NULL,
  finished_at BIGINT NULL,
  created_at BIGINT NOT NULL,
  updated_at BIGINT NOT NULL
);
INSERT INTO competition VALUES('1d5d20c8f',53,'第4回 腹筋クラッシャー',NULL,1652151428,1653354946);
INSERT INTO competition VALUES('35a3366e3',53,'キレごはん vol.0',NULL,1652803022,1653033010);
INSERT INTO competition VALUES('38728f449',53,'ブロッコリー！ vol.5',NULL,1652878451,1653011964);
INSERT INTO competition VALUES('40521567b',53,'第2回 メモリ！',1653381216,1653089794,1653381216);
INSERT INTO competition VALUES('41a21c58d',53,'Cache-Control興信所',1654016852,1653125029,1654016852);
INSERT INTO competition VALUES('4daf9e7c4',53,'マジックマンゴスチン過激派カップ',NULL,1653448568,1653876664);
INSERT INTO competition VALUES('519dfe502',53,'パブ協奏曲大会',NULL,1653554094,1653647952);
INSERT INTO competition VALUES('53e49a428',53,'日本のアワビプリン vol.1',1653615495,1653615185,1653615495);
INSERT INTO competition VALUES('5d7fd0600',53,'第5回 つくばファミリー',1653930756,1653873052,1653930756);
INSERT INTO competition VALUES('63b548af4',53,'カスタード乙女大会',1654041258,1654039720,1654041258);
CREATE TABLE IF NOT EXISTS player (
  id VARCHAR(255) NOT NULL PRIMARY KEY,
  tenant_id BIGINT NOT NULL,
  display_name TEXT NOT NULL,
  is_disqualified BOOLEAN NOT NULL,
  created_at BIGINT NOT NULL,
  updated_at BIGINT NOT NULL
);
INSERT INTO player VALUES('15908b4c2',53,'Ollie Ortiz DVM',0,1651942071,1652872233);
INSERT INTO player VALUES('168ce7c57',53,'Ms. Danika Goodwin',0,1651968533,1653870065);
INSERT INTO player VALUES('1ad0f5387',53,'Ericka Anderson',0,1652083043,1652436452);
INSERT INTO player VALUES('1b16da45d',53,'Ms. Mollie Turcotte',0,1652090372,1653124756);
INSERT INTO player VALUES('1bda53c51',53,'Mr. Moshe Schimmel',0,1652110869,1653437688);
INSERT INTO player VALUES('1c13c6cec',53,'Kristopher Hauck DDS',0,1652116893,1652700427);
INSERT INTO player VALUES('1d0fb3024',53,'Mr. Adrain Goodwin',0,1652143309,1652823737);
INSERT INTO player VALUES('1d9ce1910',53,'Okey Hagenes',0,1652158113,1652207732);
INSERT INTO player VALUES('1dacfd202',53,'Lula Dietrich',0,1652159802,1652685552);
INSERT INTO player VALUES('1f3acdee1',53,'Ms. Cecelia Ferry',1,1652201516,1653731344);
INSERT INTO player VALUES('231599925',53,'Ephraim Labadie',0,1652304989,1653013631);
INSERT INTO player VALUES('278f533b7',53,'Mr. Faustino Walsh',0,1652425127,1653527635);
INSERT INTO player VALUES('27a8c9c5b',53,'Mr. Cielo Block II',0,1652427797,1653446068);
INSERT INTO player VALUES('28402ca87',53,'Margarett Schulist',0,1652443671,1653150502);
INSERT INTO player VALUES('2a97df9d2',53,'Kristoffer Dietrich III',0,1652506554,1653062615);
INSERT INTO player VALUES('2afc77942',53,'Antonette Cummings',0,1652517102,1653337019);
INSERT INTO player VALUES('2c7e702b2',53,'Ms. Rosemarie Veum',1,1652557574,1652632265);
INSERT INTO player VALUES('2ca7ca1a4',53,'Ms. Rachael VonRueden Sr.',0,1652561910,1652664518);
INSERT INTO player VALUES('2cbfcd8c9',53,'Mr. Davion Quitzon II',0,1652564428,1653981175);
INSERT INTO player VALUES('2cc2d109c',53,'Alex Ebert',0,1652564744,1652626145);
INSERT INTO player VALUES('2e72e5d50',53,'Ms. Ana Hettinger III',0,1652610051,1652755655);
INSERT INTO player VALUES('2e9f2d471',53,'Maximillia Howe',0,1652614694,1653395827);
INSERT INTO player VALUES('2f99b9eaf',53,'Abe Parisian',0,1652640966,1652646141);
INSERT INTO player VALUES('304dcc8bb',53,'Keith Lesch',0,1652659848,1653818178);
INSERT INTO player VALUES('326b66727',53,'Ethan Gutmann',0,1652716639,1653095004);
INSERT INTO player VALUES('32726b51a',53,'Aracely Gutkowski',0,1652717375,1653154843);
INSERT INTO player VALUES('32c417856',53,'Ms. Julianne Jones MD',0,1652725939,1653213806);
INSERT INTO player VALUES('32e5e16cd',53,'Ms. Katherine Dach',0,1652729482,1653343749);
INSERT INTO player VALUES('34647754b',53,'Eulalia Schinner',0,1652769599,1653454095);
INSERT INTO player VALUES('368687cbd',53,'Vada Jacobson DDS',1,1652826858,1653296958);
INSERT INTO player VALUES('38f082ed4',53,'Madelyn Becker Sr.',0,1652891658,1653521230);
INSERT INTO player VALUES('3a4ef064b',53,'Justice Upton',0,1652928403,1653241484);
INSERT INTO player VALUES('3b1a93bfe',53,'Ms. Jailyn White',0,1652949756,1653854208);
INSERT INTO player VALUES('3b5f3b6cd',53,'Cleta Eichmann',0,1652956955,1653825813);
INSERT INTO player VALUES('3b955317b',53,'Russell Roberts',0,1652962627,1652990138);
INSERT INTO player VALUES('3c0d3ae50',53,'Santiago Moen',1,1652975200,1653419613);
INSERT INTO player VALUES('3c44fb569',53,'Rod Connelly III',0,1652981046,1653096728);
INSERT INTO player VALUES('3d93040cd',53,'Ms. Harmony Ankunding V',0,1653016072,1653860108);
INSERT INTO player VALUES('3df00982b',53,'Rosemarie Veum',0,1653025826,1653222954);
INSERT INTO player VALUES('3e9d5931b',53,'Wilfrid Conn',0,1653043999,1653553642);
INSERT INTO player VALUES('3f8635046',53,'Mr. Earl Bode PhD',0,1653068416,1653655372);
INSERT INTO player VALUES('4063c8a50',53,'Ms. Zetta Osinski Sr.',0,1653091650,1653978060);
INSERT INTO player VALUES('422f8f4a8',53,'Rosario Johnson',0,1653139861,1653291413);
INSERT INTO player VALUES('430dbcb73',53,'Gabe Friesen',0,1653163158,1653483305);
INSERT INTO player VALUES('44411db06',53,'Laura Hintz',1,1653195389,1653773040);
INSERT INTO player VALUES('45de9c2ca',53,'Kyla Botsford V',0,1653238747,1653257650);
INSERT INTO player VALUES('466767b49',53,'Ms. Georgiana Miller',0,1653253091,1654008750);
INSERT INTO player VALUES('46f122817',53,'Makenzie Hermiston',0,1653267533,1653877833);
INSERT INTO player VALUES('4739f0327',53,'Mr. Fredy Weber',0,1653275167,1653418473);
INSERT INTO player VALUES('4c4d320e3',53,'Halle Blanda',0,1653411404,1653520062);
INSERT INTO player VALUES('4c7b07738',53,'Madonna Bruen',0,1653416210,1653956791);
INSERT INTO player VALUES('4cf606442',53,'Lourdes Dooley',0,1653429107,1653859602);
INSERT INTO player VALUES('4d1217583',53,'Janis Dietrich',0,1653432050,1653566929);
INSERT INTO player VALUES('4d7cebf6a',53,'Santina Collier',0,1653443252,1653947851);
INSERT INTO player VALUES('4e3ed2a14',53,'Lempi Considine',0,1653463584,1653625686);
INSERT INTO player VALUES('4f1c0bef8',53,'Geovanny Okuneva',0,1653486781,1653586887);
INSERT INTO player VALUES('4f69b6c03',53,'Ms. Bella Runolfsson',0,1653494925,1653684047);
INSERT INTO player VALUES('4f85c0793',53,'Jesse Murazik',0,1653497865,1653534524);
INSERT INTO player VALUES('5078149f0',53,'Ms. Brittany Sipes IV',0,1653523275,1653744201);
INSERT INTO player VALUES('514130fc9',53,'Ms. Marge Shanahan IV',0,1653544363,1653690818);
INSERT INTO player VALUES('514dcc8ae',53,'Floyd Casper',1,1653545685,1654040160);
INSERT INTO player VALUES('519cea6e2',53,'Ms. Cordia McGlynn',1,1653553981,1654039091);
INSERT INTO player VALUES('51f38e9e6',53,'Mr. Donnell Eichmann Sr.',1,1653563066,1653972179);
INSERT INTO player VALUES('54e6f185e',53,'Tre Conn',0,1653642274,1653783482);
INSERT INTO player VALUES('54fded4f4',53,'Ms. Savannah Hintz',0,1653644684,1653792516);
INSERT INTO player VALUES('55e86d09b',53,'Mr. Gregory Muller',0,1653669273,1654030516);
INSERT INTO player VALUES('5714d0796',53,'Mr. Bertrand Yost II',0,1653700771,1653784676);
INSERT INTO player VALUES('5831a8613',53,'Mr. Bell Quigley MD',0,1653730639,1653872630);
INSERT INTO player VALUES('583f296b2',53,'Emmie Macejkovic',0,1653732055,1653839266);
INSERT INTO player VALUES('597b7518f',53,'Frieda Wiza',0,1653765221,1653998713);
INSERT INTO player VALUES('59c9077bd',53,'Mazie Bauch',0,1653773355,1653804620);
INSERT INTO player VALUES('59e50023a',53,'Ms. Kailey Kessler',0,1653776288,1653798479);
INSERT INTO player VALUES('5b31b30ba',53,'Mr. Sean Wyman',0,1653811174,1653950709);
INSERT INTO player VALUES('5c25d97cc',53,'Mr. Tavares Haley',0,1653836775,1653998310);
INSERT INTO player VALUES('5ceec9e72',53,'Dusty Lang DDS',0,1653857845,1653983456);
INSERT INTO player VALUES('5d7898392',53,'Justen Dibbert',0,1653872295,1653878871);
INSERT INTO player VALUES('5e8a369eb',53,'Madalyn Pfeffer',0,1653900986,1653971386);
INSERT INTO player VALUES('5e9d1b0b8',53,'Devin Harris',1,1653902967,1653930273);
INSERT INTO player VALUES('5ee8fd507',53,'Ms. Daniella Shields MD',0,1653910924,1653984573);
INSERT INTO player VALUES('5f59e790f',53,'Emanuel Schimmel',0,1653922764,1653963715);
INSERT INTO player VALUES('600a5a77b',53,'Sofia Considine Sr.',0,1653941266,1654009286);
INSERT INTO player VALUES('61bc02181',53,'Raina Spinka',0,1653986738,1653992300);
INSERT INTO player VALUES('626edc3a3',53,'Ronaldo Kuhic',0,1654005492,1654007798);
INSERT INTO player VALUES('633d65c30',53,'Mr. Marshall Larson I',0,1654027149,1654029648);
INSERT INTO player VALUES('63c0f0151',53,'Jacques Satterfield',0,1654040942,1654041220);
CREATE TABLE IF NOT EXISTS IF NOT EXISTS player_score (
                              id VARCHAR(255) NOT NULL PRIMARY KEY,
                              tenant_id BIGINT NOT NULL,
                              player_id VARCHAR(255) NOT NULL,
                              competition_id VARCHAR(255) NOT NULL,
                              score BIGINT NOT NULL,
                              row_num BIGINT NOT NULL,
                              created_at BIGINT NOT NULL,
                              updated_at BIGINT NOT NULL
);
INSERT INTO player_score VALUES('638c9c105',53,'15908b4c2','1d5d20c8f',61336,1554,1654035455,1654035455);
INSERT INTO player_score VALUES('5e784b371',53,'15908b4c2','38728f449',53352,1383,1653899107,1653899107);
INSERT INTO player_score VALUES('63c0feb7b',53,'15908b4c2','4daf9e7c4',75264,1502,1654040948,1654040948);
INSERT INTO player_score VALUES('63b92a52c',53,'15908b4c2','519dfe502',243936,1612,1654040127,1654040127);
INSERT INTO player_score VALUES('53e70db75',53,'15908b4c2','53e49a428',221850,935,1653615442,1653615442);
INSERT INTO player_score VALUES('5f9d51dc9',53,'15908b4c2','5d7fd0600',29412,1425,1653929833,1653929833);
INSERT INTO player_score VALUES('63c3c04b0',53,'15908b4c2','63b548af4',24400,1566,1654041237,1654041237);
INSERT INTO player_score VALUES('636405756',53,'168ce7c57','1d5d20c8f',116424,1549,1654031199,1654031199);
INSERT INTO player_score VALUES('638a410c9',53,'168ce7c57','38728f449',38016,1575,1654035208,1654035208);
INSERT INTO player_score VALUES('49eb8a4b6',53,'168ce7c57','40521567b',212040,838,1653347477,1653347477);
INSERT INTO player_score VALUES('633048d3f',53,'168ce7c57','4daf9e7c4',401062,1457,1654025774,1654025774);
INSERT INTO player_score VALUES('639bf6bcd',53,'168ce7c57','519dfe502',149400,1597,1654037065,1654037065);
INSERT INTO player_score VALUES('53e776ad8',53,'168ce7c57','53e49a428',94250,1101,1653615485,1653615485);
INSERT INTO player_score VALUES('5fa11b1c0',53,'168ce7c57','5d7fd0600',40089,1440,1653930230,1653930230);
INSERT INTO player_score VALUES('63c3881f8',53,'168ce7c57','63b548af4',331200,1545,1654041214,1654041214);
INSERT INTO player_score VALUES('63724eab2',53,'1ad0f5387','1d5d20c8f',33696,1551,1654032697,1654032697);
INSERT INTO player_score VALUES('62508fde5',53,'1ad0f5387','35a3366e3',97785,1601,1654002315,1654002315);
INSERT INTO player_score VALUES('635c92b50',53,'1ad0f5387','38728f449',0,1564,1654030418,1654030418);
INSERT INTO player_score VALUES('4b11829e2',53,'1ad0f5387','40521567b',295,944,1653378302,1653378302);
INSERT INTO player_score VALUES('62c6af205',53,'1ad0f5387','41a21c58d',40392,1588,1654014701,1654014701);
INSERT INTO player_score VALUES('63a1c31c8',53,'1ad0f5387','4daf9e7c4',9462,1492,1654037673,1654037673);
INSERT INTO player_score VALUES('639fe228b',53,'1ad0f5387','519dfe502',13500,1598,1654037476,1654037476);
INSERT INTO player_score VALUES('53e77b8f7',53,'1ad0f5387','53e49a428',9126,1107,1653615487,1653615487);
INSERT INTO player_score VALUES('5f9d8ee76',53,'1ad0f5387','5d7fd0600',715,1427,1653929858,1653929858);
INSERT INTO player_score VALUES('63c3e2790',53,'1ad0f5387','63b548af4',61677,1579,1654041251,1654041251);
INSERT INTO player_score VALUES('62bdb5c39',53,'1b16da45d','1d5d20c8f',120700,1535,1654013760,1654013760);
INSERT INTO player_score VALUES('62da87b22',53,'1b16da45d','38728f449',2394,1544,1654016782,1654016782);
INSERT INTO player_score VALUES('6231bfb0b',53,'1b16da45d','41a21c58d',68544,1566,1653999084,1653999084);
INSERT INTO player_score VALUES('606033fdc',53,'1b16da45d','4daf9e7c4',35392,1255,1653950268,1653950268);
INSERT INTO player_score VALUES('62c49fc8f',53,'1b16da45d','519dfe502',61640,1523,1654014485,1654014485);
INSERT INTO player_score VALUES('5f77dc05e',53,'1b16da45d','5d7fd0600',64782,1332,1653925905,1653925905);
INSERT INTO player_score VALUES('632684cfd',53,'1bda53c51','35a3366e3',68229,1629,1654024750,1654024750);
INSERT INTO player_score VALUES('62c6f85e6',53,'1bda53c51','38728f449',118800,1540,1654014731,1654014731);
INSERT INTO player_score VALUES('4aac22793',53,'1bda53c51','40521567b',126720,908,1653367672,1653367672);
INSERT INTO player_score VALUES('602adac4b',53,'1bda53c51','41a21c58d',30294,1469,1653944674,1653944674);
INSERT INTO player_score VALUES('630a4cb11',53,'1bda53c51','4daf9e7c4',403440,1451,1654021791,1654021791);
INSERT INTO player_score VALUES('63c04047c',53,'1bda53c51','519dfe502',67431,1617,1654040870,1654040870);
INSERT INTO player_score VALUES('53e7520f3',53,'1bda53c51','53e49a428',35568,1047,1653615470,1653615470);
INSERT INTO player_score VALUES('5f889b237',53,'1bda53c51','5d7fd0600',146286,1375,1653927661,1653927661);
INSERT INTO player_score VALUES('63c1c47be',53,'1bda53c51','63b548af4',4560,1336,1654041029,1654041029);
INSERT INTO player_score VALUES('593a8a711',53,'1c13c6cec','1d5d20c8f',246240,1319,1653758414,1653758414);
INSERT INTO player_score VALUES('63aba1fae',53,'1c13c6cec','35a3366e3',53580,1644,1654038708,1654038708);
INSERT INTO player_score VALUES('6399d3dc8',53,'1c13c6cec','38728f449',154048,1578,1654036841,1654036841);
INSERT INTO player_score VALUES('4b1156ae0',53,'1c13c6cec','40521567b',1785,943,1653378284,1653378284);
INSERT INTO player_score VALUES('6206650d8',53,'1c13c6cec','41a21c58d',151060,1556,1653994538,1653994538);
INSERT INTO player_score VALUES('62b3c0ee6',53,'1c13c6cec','4daf9e7c4',34656,1435,1654012716,1654012716);
INSERT INTO player_score VALUES('6349936d7',53,'1c13c6cec','519dfe502',46872,1575,1654028426,1654028426);
INSERT INTO player_score VALUES('53e6bab5c',53,'1c13c6cec','53e49a428',107712,825,1653615408,1653615408);
INSERT INTO player_score VALUES('5f7269fc5',53,'1c13c6cec','5d7fd0600',340560,1318,1653925334,1653925334);
INSERT INTO player_score VALUES('63c33ee4f',53,'1c13c6cec','63b548af4',335750,1509,1654041184,1654041184);
INSERT INTO player_score VALUES('57afce302',53,'1d0fb3024','1d5d20c8f',265188,1290,1653717023,1653717023);
INSERT INTO player_score VALUES('6286e7018',53,'1d0fb3024','35a3366e3',202800,1606,1654008013,1654008013);
INSERT INTO player_score VALUES('49361f691',53,'1d0fb3024','40521567b',257312,771,1653328454,1653328454);
INSERT INTO player_score VALUES('600a53245',53,'1d0fb3024','41a21c58d',88395,1462,1653941263,1653941263);
INSERT INTO player_score VALUES('6366ae9c4',53,'1d0fb3024','4daf9e7c4',46480,1469,1654031478,1654031478);
INSERT INTO player_score VALUES('63b84c27b',53,'1d0fb3024','519dfe502',87234,1611,1654040036,1654040036);
INSERT INTO player_score VALUES('53e78ca74',53,'1d0fb3024','53e49a428',174636,1129,1653615494,1653615494);
INSERT INTO player_score VALUES('5f920c204',53,'1d0fb3024','5d7fd0600',39008,1400,1653928651,1653928651);
INSERT INTO player_score VALUES('63c365f16',53,'1d0fb3024','63b548af4',156600,1528,1654041200,1654041200);
INSERT INTO player_score VALUES('5eee93f8f',53,'1d9ce1910','1d5d20c8f',43076,1458,1653911510,1653911510);
INSERT INTO player_score VALUES('6181c1f6d',53,'1d9ce1910','35a3366e3',133084,1565,1653980630,1653980630);
INSERT INTO player_score VALUES('6252fbfed',53,'1d9ce1910','38728f449',49445,1525,1654002569,1654002569);
INSERT INTO player_score VALUES('4b1bfdbad',53,'1d9ce1910','40521567b',249480,948,1653379401,1653379401);
INSERT INTO player_score VALUES('6244119fb',53,'1d9ce1910','41a21c58d',99712,1571,1654001005,1654001005);
INSERT INTO player_score VALUES('639e39597',53,'1d9ce1910','4daf9e7c4',10304,1491,1654037302,1654037302);
INSERT INTO player_score VALUES('607ac3522',53,'1d9ce1910','519dfe502',26180,1332,1653953053,1653953053);
INSERT INTO player_score VALUES('53e76f5c3',53,'1d9ce1910','53e49a428',1100,1094,1653615482,1653615482);
INSERT INTO player_score VALUES('5fa2168ff',53,'1d9ce1910','5d7fd0600',38313,1444,1653930333,1653930333);
INSERT INTO player_score VALUES('5cec9fb39',53,'1dacfd202','1d5d20c8f',13359,1411,1653857618,1653857618);
INSERT INTO player_score VALUES('62defe439',53,'1dacfd202','35a3366e3',24960,1617,1654017250,1654017250);
INSERT INTO player_score VALUES('5eaf1c6b0',53,'1dacfd202','38728f449',924,1391,1653904855,1653904855);
INSERT INTO player_score VALUES('4b01e87b5',53,'1dacfd202','40521567b',186960,937,1653376666,1653376666);
INSERT INTO player_score VALUES('607660466',53,'1dacfd202','41a21c58d',33792,1485,1653952593,1653952593);
INSERT INTO player_score VALUES('616ad265b',53,'1dacfd202','4daf9e7c4',49896,1330,1653978225,1653978225);
INSERT INTO player_score VALUES('6378692b0',53,'1dacfd202','519dfe502',8845,1589,1654033337,1654033337);
INSERT INTO player_score VALUES('5fa1f4626',53,'1dacfd202','5d7fd0600',79596,1443,1653930319,1653930319);
INSERT INTO player_score VALUES('63c34ffb0',53,'1dacfd202','63b548af4',102175,1518,1654041191,1654041191);
INSERT INTO player_score VALUES('62778c57f',53,'1f3acdee1','1d5d20c8f',27048,1530,1654006403,1654006403);
INSERT INTO player_score VALUES('62d32fcc9',53,'1f3acdee1','35a3366e3',139500,1615,1654016012,1654016012);
INSERT INTO player_score VALUES('62b0ff5d4',53,'1f3acdee1','38728f449',300832,1537,1654012427,1654012427);
INSERT INTO player_score VALUES('4af8fdc33',53,'1f3acdee1','40521567b',19404,930,1653375731,1653375731);
INSERT INTO player_score VALUES('60d3ff8c2',53,'1f3acdee1','41a21c58d',69454,1504,1653962410,1653962410);
INSERT INTO player_score VALUES('6374766f8',53,'1f3acdee1','4daf9e7c4',535624,1475,1654032923,1654032923);
INSERT INTO player_score VALUES('63b1f97eb',53,'1f3acdee1','519dfe502',119140,1606,1654039373,1654039373);
INSERT INTO player_score VALUES('53e76a7e4',53,'1f3acdee1','53e49a428',11200,1086,1653615480,1653615480);
INSERT INTO player_score VALUES('5f58bb426',53,'1f3acdee1','5d7fd0600',2592,1253,1653922641,1653922641);
INSERT INTO player_score VALUES('63c37e5f1',53,'1f3acdee1','63b548af4',451156,1540,1654041210,1654041210);
INSERT INTO player_score VALUES('5f04bdcad',53,'231599925','1d5d20c8f',12060,1459,1653913834,1653913834);
INSERT INTO player_score VALUES('609cfd826',53,'231599925','35a3366e3',174636,1544,1653956642,1653956642);
INSERT INTO player_score VALUES('609dd45e5',53,'231599925','38728f449',60268,1454,1653956730,1653956730);
INSERT INTO player_score VALUES('4b0def1a4',53,'231599925','40521567b',38080,941,1653377927,1653377927);
INSERT INTO player_score VALUES('6270b0f67',53,'231599925','41a21c58d',45724,1576,1654005684,1654005684);
INSERT INTO player_score VALUES('5f785d679',53,'231599925','4daf9e7c4',167164,1202,1653925958,1653925958);
INSERT INTO player_score VALUES('53e70b452',53,'231599925','53e49a428',0,930,1653615441,1653615441);
INSERT INTO player_score VALUES('5f3b853fb',53,'231599925','5d7fd0600',35424,1171,1653919578,1653919578);
INSERT INTO player_score VALUES('63c2fcf77',53,'231599925','63b548af4',20493,1467,1654041157,1654041157);
INSERT INTO player_score VALUES('61e72971d',53,'278f533b7','1d5d20c8f',28800,1519,1653991263,1653991263);
INSERT INTO player_score VALUES('623f3483e',53,'278f533b7','35a3366e3',2346,1597,1654000495,1654000495);
INSERT INTO player_score VALUES('62e782710',53,'278f533b7','38728f449',206080,1547,1654018143,1654018143);
INSERT INTO player_score VALUES('4ad328b9e',53,'278f533b7','40521567b',151776,918,1653371764,1653371764);
INSERT INTO player_score VALUES('6062f8007',53,'278f533b7','41a21c58d',56280,1480,1653950558,1653950558);
INSERT INTO player_score VALUES('62f6ce737',53,'278f533b7','519dfe502',19844,1539,1654019747,1654019747);
INSERT INTO player_score VALUES('5fa23da15',53,'278f533b7','5d7fd0600',638,1446,1653930349,1653930349);
INSERT INTO player_score VALUES('63c29b518',53,'278f533b7','63b548af4',325338,1431,1654041117,1654041117);
INSERT INTO player_score VALUES('59b0b5eab',53,'27a8c9c5b','1d5d20c8f',274896,1338,1653770805,1653770805);
INSERT INTO player_score VALUES('6398066ef',53,'27a8c9c5b','35a3366e3',269984,1642,1654036652,1654036652);
INSERT INTO player_score VALUES('5a580110d',53,'27a8c9c5b','38728f449',116160,1243,1653788347,1653788347);
INSERT INTO player_score VALUES('4ae2bb8a1',53,'27a8c9c5b','40521567b',0,926,1653373397,1653373397);
INSERT INTO player_score VALUES('628ddd3b2',53,'27a8c9c5b','41a21c58d',163614,1581,1654008743,1654008743);
INSERT INTO player_score VALUES('6393f182a',53,'27a8c9c5b','4daf9e7c4',1806,1487,1654036224,1654036224);
INSERT INTO player_score VALUES('53e776ada',53,'27a8c9c5b','53e49a428',425980,1103,1653615485,1653615485);
INSERT INTO player_score VALUES('5f8005da8',53,'27a8c9c5b','5d7fd0600',49590,1356,1653926761,1653926761);
INSERT INTO player_score VALUES('63c2e4914',53,'27a8c9c5b','63b548af4',21804,1455,1654041147,1654041147);
INSERT INTO player_score VALUES('5edfb8407',53,'28402ca87','1d5d20c8f',112896,1457,1653909952,1653909952);
INSERT INTO player_score VALUES('5e0915f71',53,'28402ca87','35a3366e3',249660,1467,1653887446,1653887446);
INSERT INTO player_score VALUES('620bd9890',53,'28402ca87','38728f449',0,1518,1653995110,1653995110);
INSERT INTO player_score VALUES('4978f4c96',53,'28402ca87','40521567b',5100,799,1653335462,1653335462);
INSERT INTO player_score VALUES('60e91cd33',53,'28402ca87','41a21c58d',12240,1508,1653964624,1653964624);
INSERT INTO player_score VALUES('622b23c92',53,'28402ca87','4daf9e7c4',29820,1391,1653998391,1653998391);
INSERT INTO player_score VALUES('633dfaabd',53,'28402ca87','519dfe502',65340,1570,1654027210,1654027210);
INSERT INTO player_score VALUES('53e782e72',53,'28402ca87','53e49a428',39263,1115,1653615490,1653615490);
INSERT INTO player_score VALUES('5f7722794',53,'28402ca87','5d7fd0600',100620,1327,1653925829,1653925829);
INSERT INTO player_score VALUES('63c2d1066',53,'28402ca87','63b548af4',16920,1447,1654041139,1654041139);
INSERT INTO player_score VALUES('5ff0ae2f1',53,'2a97df9d2','1d5d20c8f',128128,1487,1653938574,1653938574);
INSERT INTO player_score VALUES('61363798b',53,'2a97df9d2','35a3366e3',47520,1558,1653972709,1653972709);
INSERT INTO player_score VALUES('625643d3c',53,'2a97df9d2','38728f449',33495,1526,1654002913,1654002913);
INSERT INTO player_score VALUES('4b2bcb236',53,'2a97df9d2','40521567b',53795,954,1653381058,1653381058);
INSERT INTO player_score VALUES('62be9b437',53,'2a97df9d2','41a21c58d',126000,1586,1654013854,1654013854);
INSERT INTO player_score VALUES('62dcad041',53,'2a97df9d2','4daf9e7c4',27104,1441,1654017007,1654017007);
INSERT INTO player_score VALUES('53e78f1b3',53,'2a97df9d2','53e49a428',13104,1131,1653615495,1653615495);
INSERT INTO player_score VALUES('5f96915b5',53,'2a97df9d2','5d7fd0600',21924,1410,1653929125,1653929125);
INSERT INTO player_score VALUES('63c2a9f89',53,'2a97df9d2','63b548af4',0,1435,1654041123,1654041123);
INSERT INTO player_score VALUES('5e9e42720',53,'2afc77942','1d5d20c8f',3402,1447,1653903088,1653903088);
INSERT INTO player_score VALUES('628d10253',53,'2afc77942','35a3366e3',40508,1610,1654008659,1654008659);
INSERT INTO player_score VALUES('61e7ecbf7',53,'2afc77942','38728f449',30576,1514,1653991343,1653991343);
INSERT INTO player_score VALUES('4b11f7d27',53,'2afc77942','40521567b',100016,945,1653378350,1653378350);
INSERT INTO player_score VALUES('62caf7520',53,'2afc77942','41a21c58d',62350,1590,1654015150,1654015150);
INSERT INTO player_score VALUES('62661d736',53,'2afc77942','4daf9e7c4',193971,1414,1654004575,1654004575);
INSERT INTO player_score VALUES('61727d49c',53,'2afc77942','519dfe502',172368,1421,1653979029,1653979029);
INSERT INTO player_score VALUES('53e763288',53,'2afc77942','53e49a428',544,1074,1653615477,1653615477);
INSERT INTO player_score VALUES('5fa1078e2',53,'2afc77942','5d7fd0600',100450,1439,1653930222,1653930222);
INSERT INTO player_score VALUES('63c32679c',53,'2afc77942','63b548af4',25344,1495,1654041174,1654041174);
INSERT INTO player_score VALUES('60711066d',53,'2c7e702b2','1d5d20c8f',1725,1494,1653952036,1653952036);
INSERT INTO player_score VALUES('61f7c65d7',53,'2c7e702b2','35a3366e3',41976,1589,1653993005,1653993005);
INSERT INTO player_score VALUES('5bba1cea2',53,'2c7e702b2','38728f449',159600,1284,1653825478,1653825478);
INSERT INTO player_score VALUES('4a014b23b',53,'2c7e702b2','40521567b',40800,844,1653349758,1653349758);
INSERT INTO player_score VALUES('638bb1b41',53,'2c7e702b2','4daf9e7c4',278070,1485,1654035359,1654035359);
INSERT INTO player_score VALUES('63b4dad0b',53,'2c7e702b2','519dfe502',355110,1608,1654039675,1654039675);
INSERT INTO player_score VALUES('53e76a7e5',53,'2c7e702b2','53e49a428',6076,1082,1653615480,1653615480);
INSERT INTO player_score VALUES('5f984b3bb',53,'2c7e702b2','5d7fd0600',63840,1411,1653929306,1653929306);
INSERT INTO player_score VALUES('63c2ff690',53,'2c7e702b2','63b548af4',65807,1469,1654041158,1654041158);
INSERT INTO player_score VALUES('619fd14bc',53,'2ca7ca1a4','1d5d20c8f',485460,1513,1653983782,1653983782);
INSERT INTO player_score VALUES('60169e1d6',53,'2ca7ca1a4','35a3366e3',328300,1528,1653942552,1653942552);
INSERT INTO player_score VALUES('639751c70',53,'2ca7ca1a4','38728f449',62080,1577,1654036578,1654036578);
INSERT INTO player_score VALUES('4b1cef716',53,'2ca7ca1a4','40521567b',3500,950,1653379500,1653379500);
INSERT INTO player_score VALUES('60ea9c1f3',53,'2ca7ca1a4','41a21c58d',65100,1509,1653964781,1653964781);
INSERT INTO player_score VALUES('629ca7d6f',53,'2ca7ca1a4','4daf9e7c4',181675,1431,1654010294,1654010294);
INSERT INTO player_score VALUES('53e780776',53,'2ca7ca1a4','53e49a428',936,1112,1653615489,1653615489);
INSERT INTO player_score VALUES('63c3881f9',53,'2ca7ca1a4','63b548af4',90334,1546,1654041214,1654041214);
INSERT INTO player_score VALUES('61d31649a',53,'2cbfcd8c9','1d5d20c8f',79950,1518,1653989158,1653989158);
INSERT INTO player_score VALUES('636e0b5d7',53,'2cbfcd8c9','38728f449',57152,1570,1654032250,1654032250);
INSERT INTO player_score VALUES('4a7388bc8',53,'2cbfcd8c9','40521567b',561600,897,1653361737,1653361737);
INSERT INTO player_score VALUES('60f810f08',53,'2cbfcd8c9','41a21c58d',22176,1511,1653966192,1653966192);
INSERT INTO player_score VALUES('63c20183c',53,'2cbfcd8c9','519dfe502',71672,1618,1654041054,1654041054);
INSERT INTO player_score VALUES('53e7436b0',53,'2cbfcd8c9','53e49a428',290360,1026,1653615464,1653615464);
INSERT INTO player_score VALUES('5f938418e',53,'2cbfcd8c9','5d7fd0600',69720,1405,1653928805,1653928805);
INSERT INTO player_score VALUES('63c38a929',53,'2cbfcd8c9','63b548af4',15136,1549,1654041215,1654041215);
INSERT INTO player_score VALUES('5d09f7ea1',53,'2cc2d109c','1d5d20c8f',168960,1413,1653860695,1653860695);
INSERT INTO player_score VALUES('63b10560e',53,'2cc2d109c','35a3366e3',94430,1645,1654039273,1654039273);
INSERT INTO player_score VALUES('61c1f314f',53,'2cc2d109c','38728f449',1482,1509,1653987361,1653987361);
INSERT INTO player_score VALUES('4b19bffe4',53,'2cc2d109c','40521567b',131600,947,1653379166,1653379166);
INSERT INTO player_score VALUES('617537868',53,'2cc2d109c','41a21c58d',76995,1529,1653979315,1653979315);
INSERT INTO player_score VALUES('5fdfe2e22',53,'2cc2d109c','4daf9e7c4',19552,1226,1653936813,1653936813);
INSERT INTO player_score VALUES('620e51db7',53,'2cc2d109c','519dfe502',63200,1471,1653995369,1653995369);
INSERT INTO player_score VALUES('53e78f1b4',53,'2cc2d109c','53e49a428',14283,1133,1653615495,1653615495);
INSERT INTO player_score VALUES('5f3225542',53,'2cc2d109c','5d7fd0600',134640,1142,1653918595,1653918595);
INSERT INTO player_score VALUES('63c31a46c',53,'2cc2d109c','63b548af4',11550,1483,1654041169,1654041169);
INSERT INTO player_score VALUES('60e464528',53,'2e72e5d50','1d5d20c8f',6448,1501,1653964129,1653964129);
INSERT INTO player_score VALUES('5e7aab210',53,'2e72e5d50','35a3366e3',16524,1483,1653899356,1653899356);
INSERT INTO player_score VALUES('6355ab21e',53,'2e72e5d50','38728f449',271572,1563,1654029694,1654029694);
INSERT INTO player_score VALUES('4ab28157a',53,'2e72e5d50','40521567b',53946,909,1653368340,1653368340);
INSERT INTO player_score VALUES('627e45869',53,'2e72e5d50','41a21c58d',143616,1577,1654007108,1654007108);
INSERT INTO player_score VALUES('620f65c00',53,'2e72e5d50','4daf9e7c4',99900,1382,1653995482,1653995482);
INSERT INTO player_score VALUES('622cec55d',53,'2e72e5d50','519dfe502',19635,1481,1653998578,1653998578);
INSERT INTO player_score VALUES('53e7261d0',53,'2e72e5d50','53e49a428',40664,973,1653615452,1653615452);
INSERT INTO player_score VALUES('5f9ed12b4',53,'2e72e5d50','5d7fd0600',5016,1432,1653929990,1653929990);
INSERT INTO player_score VALUES('609256790',53,'2e9f2d471','1d5d20c8f',109824,1496,1653955525,1653955525);
INSERT INTO player_score VALUES('61ba1c3f8',53,'2e9f2d471','35a3366e3',259896,1577,1653986539,1653986539);
INSERT INTO player_score VALUES('61ccada8f',53,'2e9f2d471','38728f449',83545,1511,1653988486,1653988486);
INSERT INTO player_score VALUES('4b21c2cb9',53,'2e9f2d471','40521567b',77503,952,1653380006,1653380006);
INSERT INTO player_score VALUES('61e1953b9',53,'2e9f2d471','41a21c58d',33117,1550,1653990678,1653990678);
INSERT INTO player_score VALUES('59322ae53',53,'2e9f2d471','4daf9e7c4',5576,782,1653757536,1653757536);
INSERT INTO player_score VALUES('625fcd3c1',53,'2e9f2d471','519dfe502',55080,1497,1654003913,1654003913);
INSERT INTO player_score VALUES('53e78555a',53,'2e9f2d471','53e49a428',8832,1117,1653615491,1653615491);
INSERT INTO player_score VALUES('5fa34ca18',53,'2e9f2d471','5d7fd0600',218890,1450,1653930460,1653930460);
INSERT INTO player_score VALUES('63c3bddb1',53,'2e9f2d471','63b548af4',158400,1565,1654041236,1654041236);
INSERT INTO player_score VALUES('631cbe61b',53,'2f99b9eaf','1d5d20c8f',86240,1545,1654023725,1654023725);
INSERT INTO player_score VALUES('617a05fd2',53,'2f99b9eaf','35a3366e3',102492,1563,1653979819,1653979819);
INSERT INTO player_score VALUES('630858355',53,'2f99b9eaf','38728f449',26130,1552,1654021586,1654021586);
INSERT INTO player_score VALUES('4abf74c29',53,'2f99b9eaf','40521567b',601818,914,1653369698,1653369698);
INSERT INTO player_score VALUES('617bc251b',53,'2f99b9eaf','41a21c58d',71734,1531,1653980001,1653980001);
INSERT INTO player_score VALUES('63b5d3d58',53,'2f99b9eaf','519dfe502',14144,1610,1654039777,1654039777);
INSERT INTO player_score VALUES('53e780777',53,'2f99b9eaf','53e49a428',132594,1114,1653615489,1653615489);
INSERT INTO player_score VALUES('5f6cb604b',53,'2f99b9eaf','5d7fd0600',9982,1302,1653924736,1653924736);
INSERT INTO player_score VALUES('63c31a46d',53,'2f99b9eaf','63b548af4',5488,1481,1654041169,1654041169);
INSERT INTO player_score VALUES('63b73d2a0',53,'304dcc8bb','1d5d20c8f',165240,1559,1654039925,1654039925);
INSERT INTO player_score VALUES('615bcabcb',53,'304dcc8bb','35a3366e3',65664,1560,1653976649,1653976649);
INSERT INTO player_score VALUES('6221d2881',53,'304dcc8bb','38728f449',320320,1521,1653997414,1653997414);
INSERT INTO player_score VALUES('49e8f2390',53,'304dcc8bb','40521567b',176400,836,1653347205,1653347205);
INSERT INTO player_score VALUES('621d87e4d',53,'304dcc8bb','41a21c58d',27090,1560,1653996964,1653996964);
INSERT INTO player_score VALUES('6278e704e',53,'304dcc8bb','4daf9e7c4',541260,1422,1654006545,1654006545);
INSERT INTO player_score VALUES('63bdf8cc7',53,'304dcc8bb','519dfe502',63360,1615,1654040631,1654040631);
INSERT INTO player_score VALUES('53e74f9e5',53,'304dcc8bb','53e49a428',9660,1043,1653615469,1653615469);
INSERT INTO player_score VALUES('63c3b8f72',53,'304dcc8bb','63b548af4',9360,1563,1654041234,1654041234);
INSERT INTO player_score VALUES('62d5b1e64',53,'326b66727','1d5d20c8f',42224,1538,1654016275,1654016275);
INSERT INTO player_score VALUES('619eff51e',53,'326b66727','35a3366e3',56700,1571,1653983696,1653983696);
INSERT INTO player_score VALUES('4ae0592d4',53,'326b66727','40521567b',83226,924,1653373147,1653373147);
INSERT INTO player_score VALUES('61925eea8',53,'326b66727','41a21c58d',211600,1535,1653982372,1653982372);
INSERT INTO player_score VALUES('62e39e579',53,'326b66727','4daf9e7c4',153064,1442,1654017735,1654017735);
INSERT INTO player_score VALUES('638c10e9b',53,'326b66727','519dfe502',29680,1593,1654035398,1654035398);
INSERT INTO player_score VALUES('63c3cc7c1',53,'326b66727','63b548af4',109032,1570,1654041242,1654041242);
INSERT INTO player_score VALUES('5fcd676ff',53,'32726b51a','1d5d20c8f',129024,1480,1653934875,1653934875);
INSERT INTO player_score VALUES('63146d792',53,'32726b51a','35a3366e3',9333,1625,1654022853,1654022853);
INSERT INTO player_score VALUES('622cf3a8f',53,'32726b51a','38728f449',82560,1523,1653998581,1653998581);
INSERT INTO player_score VALUES('4b22ea31e',53,'32726b51a','40521567b',1200,953,1653380127,1653380127);
INSERT INTO player_score VALUES('623039114',53,'32726b51a','41a21c58d',676090,1565,1653998924,1653998924);
INSERT INTO player_score VALUES('5f4ce7ee3',53,'32726b51a','4daf9e7c4',162435,1184,1653921401,1653921401);
INSERT INTO player_score VALUES('6325401b4',53,'32726b51a','519dfe502',84600,1559,1654024617,1654024617);
INSERT INTO player_score VALUES('5f9f15832',53,'32726b51a','5d7fd0600',223146,1434,1653930018,1653930018);
INSERT INTO player_score VALUES('63c3ec3ce',53,'32726b51a','63b548af4',13195,1585,1654041255,1654041255);
INSERT INTO player_score VALUES('5e80ecb1d',53,'32c417856','1d5d20c8f',34048,1440,1653900012,1653900012);
INSERT INTO player_score VALUES('6166e488d',53,'32c417856','35a3366e3',44460,1562,1653977813,1653977813);
INSERT INTO player_score VALUES('4adf6ecb7',53,'32c417856','40521567b',219716,922,1653373051,1653373051);
INSERT INTO player_score VALUES('60526e985',53,'32c417856','41a21c58d',45100,1476,1653948824,1653948824);
INSERT INTO player_score VALUES('615028357',53,'32c417856','4daf9e7c4',31365,1324,1653975429,1653975429);
INSERT INTO player_score VALUES('61d640d44',53,'32c417856','519dfe502',30576,1455,1653989490,1653989490);
INSERT INTO player_score VALUES('5f40d9fc9',53,'32c417856','5d7fd0600',222264,1182,1653920137,1653920137);
INSERT INTO player_score VALUES('63c3bb698',53,'32c417856','63b548af4',207552,1564,1654041235,1654041235);
INSERT INTO player_score VALUES('5fa805214',53,'32e5e16cd','1d5d20c8f',33108,1477,1653930955,1653930955);
INSERT INTO player_score VALUES('60c565c1d',53,'32e5e16cd','35a3366e3',75140,1551,1653960879,1653960879);
INSERT INTO player_score VALUES('6314c2eaf',53,'32e5e16cd','38728f449',834372,1554,1654022888,1654022888);
INSERT INTO player_score VALUES('60583af8c',53,'32e5e16cd','41a21c58d',54912,1478,1653949432,1653949432);
INSERT INTO player_score VALUES('6348eaf91',53,'32e5e16cd','4daf9e7c4',4278,1464,1654028357,1654028357);
INSERT INTO player_score VALUES('6232ff82f',53,'32e5e16cd','519dfe502',924,1483,1653999215,1653999215);
INSERT INTO player_score VALUES('53e76f5c4',53,'32e5e16cd','53e49a428',23625,1092,1653615482,1653615482);
INSERT INTO player_score VALUES('5f8ba5ee4',53,'32e5e16cd','5d7fd0600',81282,1384,1653927980,1653927980);
INSERT INTO player_score VALUES('63c30b9fc',53,'32e5e16cd','63b548af4',82992,1475,1654041163,1654041163);
INSERT INTO player_score VALUES('62212c83f',53,'34647754b','1d5d20c8f',144540,1524,1653997346,1653997346);
INSERT INTO player_score VALUES('60b44ec34',53,'34647754b','35a3366e3',596400,1546,1653959087,1653959087);
INSERT INTO player_score VALUES('62be9db1b',53,'34647754b','38728f449',3094,1538,1654013855,1654013855);
INSERT INTO player_score VALUES('4aed19580',53,'34647754b','40521567b',357280,928,1653374484,1653374484);
INSERT INTO player_score VALUES('61bfa4441',53,'34647754b','41a21c58d',293248,1542,1653987119,1653987119);
INSERT INTO player_score VALUES('636f3c8be',53,'34647754b','4daf9e7c4',99572,1474,1654032375,1654032375);
INSERT INTO player_score VALUES('639b88e3b',53,'34647754b','519dfe502',35216,1596,1654037020,1654037020);
INSERT INTO player_score VALUES('53e779224',53,'34647754b','53e49a428',43470,1105,1653615486,1653615486);
INSERT INTO player_score VALUES('5f61b230a',53,'34647754b','5d7fd0600',85260,1272,1653923581,1653923581);
INSERT INTO player_score VALUES('63c33ee50',53,'34647754b','63b548af4',101920,1508,1654041184,1654041184);
INSERT INTO player_score VALUES('639c75b23',53,'368687cbd','1d5d20c8f',3456,1556,1654037117,1654037117);
INSERT INTO player_score VALUES('5ae3c64e7',53,'368687cbd','35a3366e3',66960,1358,1653803003,1653803003);
INSERT INTO player_score VALUES('628012f77',53,'368687cbd','38728f449',27412,1531,1654007297,1654007297);
INSERT INTO player_score VALUES('4a8bf04d6',53,'368687cbd','40521567b',126324,902,1653364296,1653364296);
INSERT INTO player_score VALUES('61a63ecbd',53,'368687cbd','41a21c58d',51714,1539,1653984456,1653984456);
INSERT INTO player_score VALUES('62f3dc129',53,'368687cbd','4daf9e7c4',90720,1446,1654019438,1654019438);
INSERT INTO player_score VALUES('637942753',53,'368687cbd','519dfe502',90584,1590,1654033426,1654033426);
INSERT INTO player_score VALUES('53e76a7e7',53,'368687cbd','53e49a428',89930,1085,1653615480,1653615480);
INSERT INTO player_score VALUES('5fa220517',53,'368687cbd','5d7fd0600',120528,1445,1653930337,1653930337);
INSERT INTO player_score VALUES('63c28cad7',53,'368687cbd','63b548af4',20748,1422,1654041111,1654041111);
INSERT INTO player_score VALUES('63172a247',53,'38f082ed4','1d5d20c8f',16240,1544,1654023140,1654023140);
INSERT INTO player_score VALUES('6048e530c',53,'38f082ed4','35a3366e3',28208,1538,1653947824,1653947824);
INSERT INTO player_score VALUES('61125e57f',53,'38f082ed4','38728f449',86856,1470,1653968950,1653968950);
INSERT INTO player_score VALUES('624910eae',53,'38f082ed4','41a21c58d',48048,1572,1654001529,1654001529);
INSERT INTO player_score VALUES('62d05f97e',53,'38f082ed4','4daf9e7c4',9380,1439,1654015717,1654015717);
INSERT INTO player_score VALUES('63a179dcb',53,'38f082ed4','519dfe502',19360,1600,1654037643,1654037643);
INSERT INTO player_score VALUES('53e7520f4',53,'38f082ed4','53e49a428',35964,1049,1653615470,1653615470);
INSERT INTO player_score VALUES('63c3e9c95',53,'38f082ed4','63b548af4',115498,1583,1654041254,1654041254);
INSERT INTO player_score VALUES('4a48886e0',53,'3a4ef064b','40521567b',152720,876,1653357228,1653357228);
INSERT INTO player_score VALUES('61c22daa0',53,'3a4ef064b','41a21c58d',672980,1543,1653987385,1653987385);
INSERT INTO player_score VALUES('6366ee141',53,'3a4ef064b','4daf9e7c4',12420,1470,1654031504,1654031504);
INSERT INTO player_score VALUES('6281e0640',53,'3a4ef064b','519dfe502',81928,1507,1654007486,1654007486);
INSERT INTO player_score VALUES('53e76a7e8',53,'3a4ef064b','53e49a428',103730,1084,1653615480,1653615480);
INSERT INTO player_score VALUES('5f9d5e0f0',53,'3a4ef064b','5d7fd0600',76230,1426,1653929838,1653929838);
INSERT INTO player_score VALUES('63c3acc34',53,'3a4ef064b','63b548af4',1260,1558,1654041229,1654041229);
INSERT INTO player_score VALUES('637a4c90e',53,'3b1a93bfe','1d5d20c8f',47430,1552,1654033535,1654033535);
INSERT INTO player_score VALUES('61d612723',53,'3b1a93bfe','35a3366e3',267960,1580,1653989471,1653989471);
INSERT INTO player_score VALUES('4afc878bd',53,'3b1a93bfe','40521567b',76725,933,1653376102,1653376102);
INSERT INTO player_score VALUES('60b23a859',53,'3b1a93bfe','41a21c58d',230092,1496,1653958869,1653958869);
INSERT INTO player_score VALUES('63c363839',53,'3b1a93bfe','4daf9e7c4',127500,1503,1654041199,1654041199);
INSERT INTO player_score VALUES('637659d54',53,'3b1a93bfe','519dfe502',479688,1588,1654033121,1654033121);
INSERT INTO player_score VALUES('53e740fc4',53,'3b1a93bfe','53e49a428',56400,1023,1653615463,1653615463);
INSERT INTO player_score VALUES('63c348a80',53,'3b1a93bfe','63b548af4',23265,1515,1654041188,1654041188);
INSERT INTO player_score VALUES('603e0ae0b',53,'3b5f3b6cd','1d5d20c8f',16800,1491,1653946686,1653946686);
INSERT INTO player_score VALUES('5be945a76',53,'3b5f3b6cd','35a3366e3',3354,1390,1653830423,1653830423);
INSERT INTO player_score VALUES('638747539',53,'3b5f3b6cd','38728f449',20976,1573,1654034896,1654034896);
INSERT INTO player_score VALUES('609dc828f',53,'3b5f3b6cd','41a21c58d',9044,1492,1653956725,1653956725);
INSERT INTO player_score VALUES('632d36af1',53,'3b5f3b6cd','4daf9e7c4',0,1456,1654025452,1654025452);
INSERT INTO player_score VALUES('63bc80cff',53,'3b5f3b6cd','519dfe502',145112,1614,1654040477,1654040477);
INSERT INTO player_score VALUES('53e787c5f',53,'3b5f3b6cd','53e49a428',15600,1120,1653615492,1653615492);
INSERT INTO player_score VALUES('5f8a354a5',53,'3b5f3b6cd','5d7fd0600',100659,1379,1653927829,1653927829);
INSERT INTO player_score VALUES('63c368642',53,'3b5f3b6cd','63b548af4',50301,1529,1654041201,1654041201);
INSERT INTO player_score VALUES('62d6b240f',53,'3b955317b','1d5d20c8f',19669,1539,1654016380,1654016380);
INSERT INTO player_score VALUES('63b85d3ef',53,'3b955317b','35a3366e3',9240,1647,1654040043,1654040043);
INSERT INTO player_score VALUES('5c8ba50ac',53,'3b955317b','38728f449',11448,1319,1653847449,1653847449);
INSERT INTO player_score VALUES('4afb0d204',53,'3b955317b','40521567b',144072,931,1653375947,1653375947);
INSERT INTO player_score VALUES('6287a7dfa',53,'3b955317b','41a21c58d',0,1579,1654008092,1654008092);
INSERT INTO player_score VALUES('637ffba7c',53,'3b955317b','4daf9e7c4',16731,1480,1654034131,1654034131);
INSERT INTO player_score VALUES('630a2cf62',53,'3b955317b','519dfe502',765,1546,1654021778,1654021778);
INSERT INTO player_score VALUES('53e76328a',53,'3b955317b','53e49a428',70818,1069,1653615477,1653615477);
INSERT INTO player_score VALUES('5fa40d7ef',53,'3b955317b','5d7fd0600',214491,1451,1653930539,1653930539);
INSERT INTO player_score VALUES('63c32dcfe',53,'3b955317b','63b548af4',10375,1502,1654041177,1654041177);
INSERT INTO player_score VALUES('61d0831cf',53,'3c0d3ae50','1d5d20c8f',79856,1517,1653988888,1653988888);
INSERT INTO player_score VALUES('634fb541e',53,'3c0d3ae50','35a3366e3',1470,1633,1654029069,1654029069);
INSERT INTO player_score VALUES('610dd43cb',53,'3c0d3ae50','38728f449',130572,1469,1653968474,1653968474);
INSERT INTO player_score VALUES('4b0b6d037',53,'3c0d3ae50','40521567b',261450,939,1653377664,1653377664);
INSERT INTO player_score VALUES('61ec5c01e',53,'3c0d3ae50','4daf9e7c4',6336,1366,1653991808,1653991808);
INSERT INTO player_score VALUES('6362d925f',53,'3c0d3ae50','519dfe502',43056,1581,1654031076,1654031076);
INSERT INTO player_score VALUES('53e78f1b5',53,'3c0d3ae50','53e49a428',287820,1132,1653615495,1653615495);
INSERT INTO player_score VALUES('5f63c66c6',53,'3c0d3ae50','5d7fd0600',143424,1283,1653923799,1653923799);
INSERT INTO player_score VALUES('5eb576635',53,'3c44fb569','1d5d20c8f',714,1451,1653905521,1653905521);
INSERT INTO player_score VALUES('6236c8bdd',53,'3c44fb569','35a3366e3',201066,1595,1653999612,1653999612);
INSERT INTO player_score VALUES('4a3df278f',53,'3c44fb569','40521567b',80400,871,1653356118,1653356118);
INSERT INTO player_score VALUES('62c779c3a',53,'3c44fb569','41a21c58d',75735,1589,1654014784,1654014784);
INSERT INTO player_score VALUES('62712d783',53,'3c44fb569','4daf9e7c4',502320,1418,1654005735,1654005735);
INSERT INTO player_score VALUES('6346c8179',53,'3c44fb569','519dfe502',86320,1572,1654028133,1654028133);
INSERT INTO player_score VALUES('53e75bd6d',53,'3c44fb569','53e49a428',198360,1057,1653615474,1653615474);
INSERT INTO player_score VALUES('5f8d3655e',53,'3c44fb569','5d7fd0600',91908,1387,1653928144,1653928144);
INSERT INTO player_score VALUES('63c27b97c',53,'3c44fb569','63b548af4',63825,1408,1654041104,1654041104);
INSERT INTO player_score VALUES('62d1785cd',53,'3d93040cd','1d5d20c8f',270738,1537,1654015832,1654015832);
INSERT INTO player_score VALUES('631e64bea',53,'3d93040cd','35a3366e3',502848,1627,1654023898,1654023898);
INSERT INTO player_score VALUES('60c5dd645',53,'3d93040cd','38728f449',166374,1456,1653960928,1653960928);
INSERT INTO player_score VALUES('4ac64db30',53,'3d93040cd','40521567b',177413,915,1653370416,1653370416);
INSERT INTO player_score VALUES('61cf1274c',53,'3d93040cd','41a21c58d',19513,1546,1653988737,1653988737);
INSERT INTO player_score VALUES('620c7f8fa',53,'3d93040cd','4daf9e7c4',109650,1379,1653995178,1653995178);
INSERT INTO player_score VALUES('5f7fefe3b',53,'3d93040cd','519dfe502',3692,1223,1653926752,1653926752);
INSERT INTO player_score VALUES('53e70b455',53,'3d93040cd','53e49a428',14160,934,1653615441,1653615441);
INSERT INTO player_score VALUES('5f9944420',53,'3d93040cd','5d7fd0600',22440,1415,1653929408,1653929408);
INSERT INTO player_score VALUES('63c36ad8b',53,'3d93040cd','63b548af4',156240,1530,1654041202,1654041202);
INSERT INTO player_score VALUES('58cc272ad',53,'3df00982b','35a3366e3',9717,1288,1653746839,1653746839);
INSERT INTO player_score VALUES('634ba0556',53,'3df00982b','38728f449',23490,1560,1654028641,1654028641);
INSERT INTO player_score VALUES('4a0fd8b5c',53,'3df00982b','40521567b',21762,855,1653351284,1653351284);
INSERT INTO player_score VALUES('622e3fb22',53,'3df00982b','41a21c58d',27692,1563,1653998717,1653998717);
INSERT INTO player_score VALUES('63687726b',53,'3df00982b','4daf9e7c4',1924,1471,1654031665,1654031665);
INSERT INTO player_score VALUES('636d2abf8',53,'3df00982b','519dfe502',58144,1584,1654032158,1654032158);
INSERT INTO player_score VALUES('53e710271',53,'3df00982b','53e49a428',1344,941,1653615443,1653615443);
INSERT INTO player_score VALUES('5f8954acc',53,'3df00982b','5d7fd0600',137632,1377,1653927737,1653927737);
INSERT INTO player_score VALUES('63c3ceee3',53,'3df00982b','63b548af4',20304,1573,1654041243,1654041243);
INSERT INTO player_score VALUES('601c45de7',53,'3e9d5931b','1d5d20c8f',578178,1489,1653943145,1653943145);
INSERT INTO player_score VALUES('6307e577b',53,'3e9d5931b','35a3366e3',85701,1624,1654021539,1654021539);
INSERT INTO player_score VALUES('63bdbbc04',53,'3e9d5931b','38728f449',364320,1583,1654040606,1654040606);
INSERT INTO player_score VALUES('4a01bb707',53,'3e9d5931b','40521567b',122550,846,1653349804,1653349804);
INSERT INTO player_score VALUES('602533032',53,'3e9d5931b','41a21c58d',21489,1467,1653944081,1653944081);
INSERT INTO player_score VALUES('637d1a593',53,'3e9d5931b','4daf9e7c4',174406,1479,1654033829,1654033829);
INSERT INTO player_score VALUES('634895827',53,'3e9d5931b','519dfe502',313038,1573,1654028322,1654028322);
INSERT INTO player_score VALUES('5fa04922b',53,'3e9d5931b','5d7fd0600',132132,1438,1653930144,1653930144);
INSERT INTO player_score VALUES('63c3b1a1a',53,'3e9d5931b','63b548af4',36960,1560,1654041231,1654041231);
INSERT INTO player_score VALUES('5f9a50ce8',53,'3f8635046','1d5d20c8f',122640,1475,1653929518,1653929518);
INSERT INTO player_score VALUES('5f6f2e542',53,'3f8635046','35a3366e3',2772,1503,1653924995,1653924995);
INSERT INTO player_score VALUES('60f929b4b',53,'3f8635046','38728f449',8750,1464,1653966307,1653966307);
INSERT INTO player_score VALUES('4b0e692de',53,'3f8635046','40521567b',3880,942,1653377977,1653377977);
INSERT INTO player_score VALUES('5fe3fcad1',53,'3f8635046','41a21c58d',95285,1453,1653937243,1653937243);
INSERT INTO player_score VALUES('63c6b03d3',53,'3f8635046','4daf9e7c4',467072,1504,1654041545,1654041545);
INSERT INTO player_score VALUES('622c04691',53,'3f8635046','519dfe502',1820,1480,1653998483,1653998483);
INSERT INTO player_score VALUES('53e74f9e8',53,'3f8635046','53e49a428',109512,1046,1653615469,1653615469);
INSERT INTO player_score VALUES('5f5e37118',53,'3f8635046','5d7fd0600',306306,1264,1653923216,1653923216);
INSERT INTO player_score VALUES('60228c4e5',53,'4063c8a50','1d5d20c8f',91770,1490,1653943803,1653943803);
INSERT INTO player_score VALUES('6372ab6f5',53,'4063c8a50','38728f449',43920,1571,1654032735,1654032735);
INSERT INTO player_score VALUES('4b1d22b54',53,'4063c8a50','40521567b',149600,951,1653379521,1653379521);
INSERT INTO player_score VALUES('5e5bf8398',53,'4063c8a50','41a21c58d',240000,1384,1653896137,1653896137);
INSERT INTO player_score VALUES('6389320bd',53,'4063c8a50','4daf9e7c4',7830,1484,1654035097,1654035097);
INSERT INTO player_score VALUES('631add6bf',53,'4063c8a50','519dfe502',672695,1554,1654023528,1654023528);
INSERT INTO player_score VALUES('53e76ceb5',53,'4063c8a50','53e49a428',278880,1090,1653615481,1653615481);
INSERT INTO player_score VALUES('5f9e5236a',53,'4063c8a50','5d7fd0600',189888,1428,1653929938,1653929938);
INSERT INTO player_score VALUES('63c301de7',53,'4063c8a50','63b548af4',84656,1470,1654041159,1654041159);
INSERT INTO player_score VALUES('5ddbd09db',53,'422f8f4a8','1d5d20c8f',328680,1429,1653882699,1653882699);
INSERT INTO player_score VALUES('62c024543',53,'422f8f4a8','35a3366e3',211200,1614,1654014015,1654014015);
INSERT INTO player_score VALUES('621adec1e',53,'422f8f4a8','38728f449',32955,1519,1653996685,1653996685);
INSERT INTO player_score VALUES('4afdf0dea',53,'422f8f4a8','40521567b',11904,935,1653376250,1653376250);
INSERT INTO player_score VALUES('61a3cb5c4',53,'422f8f4a8','41a21c58d',102168,1537,1653984199,1653984199);
INSERT INTO player_score VALUES('60a06eddf',53,'422f8f4a8','4daf9e7c4',945,1271,1653957003,1653957003);
INSERT INTO player_score VALUES('632924327',53,'422f8f4a8','519dfe502',113880,1561,1654025025,1654025025);
INSERT INTO player_score VALUES('53e78a391',53,'422f8f4a8','53e49a428',0,1127,1653615493,1653615493);
INSERT INTO player_score VALUES('5f8d5af1f',53,'422f8f4a8','5d7fd0600',175104,1389,1653928159,1653928159);
INSERT INTO player_score VALUES('63c36d466',53,'422f8f4a8','63b548af4',30378,1532,1654041203,1654041203);
INSERT INTO player_score VALUES('5a2fa2955',53,'430dbcb73','1d5d20c8f',5310,1351,1653784114,1653784114);
INSERT INTO player_score VALUES('625d06cb0',53,'430dbcb73','35a3366e3',190256,1603,1654003622,1654003622);
INSERT INTO player_score VALUES('62cdf5e95',53,'430dbcb73','38728f449',17556,1541,1654015464,1654015464);
INSERT INTO player_score VALUES('4abb14288',53,'430dbcb73','40521567b',50400,912,1653369239,1653369239);
INSERT INTO player_score VALUES('628520e75',53,'430dbcb73','41a21c58d',52611,1578,1654007827,1654007827);
INSERT INTO player_score VALUES('6112c000d',53,'430dbcb73','519dfe502',4876,1379,1653968990,1653968990);
INSERT INTO player_score VALUES('53e771cd1',53,'430dbcb73','53e49a428',9072,1097,1653615483,1653615483);
INSERT INTO player_score VALUES('5f8b814e8',53,'430dbcb73','5d7fd0600',80997,1383,1653927965,1653927965);
INSERT INTO player_score VALUES('63c3c2bcc',53,'430dbcb73','63b548af4',88872,1568,1654041238,1654041238);
INSERT INTO player_score VALUES('62f1355c2',53,'44411db06','1d5d20c8f',28500,1541,1654019160,1654019160);
INSERT INTO player_score VALUES('5ce42a2e6',53,'44411db06','35a3366e3',196460,1420,1653856731,1653856731);
INSERT INTO player_score VALUES('636ab9c0f',53,'44411db06','38728f449',156366,1568,1654031902,1654031902);
INSERT INTO player_score VALUES('4b15496d1',53,'44411db06','40521567b',765600,946,1653378698,1653378698);
INSERT INTO player_score VALUES('62b110776',53,'44411db06','41a21c58d',103950,1584,1654012434,1654012434);
INSERT INTO player_score VALUES('636a29b62',53,'44411db06','4daf9e7c4',19964,1472,1654031843,1654031843);
INSERT INTO player_score VALUES('62bbb9f52',53,'44411db06','519dfe502',19584,1520,1654013552,1654013552);
INSERT INTO player_score VALUES('53e72b030',53,'44411db06','53e49a428',202492,983,1653615454,1653615454);
INSERT INTO player_score VALUES('5f8dd2940',53,'44411db06','5d7fd0600',378972,1391,1653928208,1653928208);
INSERT INTO player_score VALUES('63c3749c9',53,'44411db06','63b548af4',367336,1536,1654041206,1654041206);
INSERT INTO player_score VALUES('632d7b0d7',53,'45de9c2ca','1d5d20c8f',21996,1546,1654025480,1654025480);
INSERT INTO player_score VALUES('628cf2dbf',53,'45de9c2ca','35a3366e3',3840,1609,1654008647,1654008647);
INSERT INTO player_score VALUES('5f857ccab',53,'45de9c2ca','38728f449',105450,1416,1653927334,1653927334);
INSERT INTO player_score VALUES('4b1c029ce',53,'45de9c2ca','40521567b',9100,949,1653379403,1653379403);
INSERT INTO player_score VALUES('5d680c65b',53,'45de9c2ca','41a21c58d',132066,1322,1653870560,1653870560);
INSERT INTO player_score VALUES('63bdf3e98',53,'45de9c2ca','4daf9e7c4',367920,1500,1654040629,1654040629);
INSERT INTO player_score VALUES('636f8d1bf',53,'45de9c2ca','519dfe502',273141,1586,1654032408,1654032408);
INSERT INTO player_score VALUES('53e78a392',53,'45de9c2ca','53e49a428',1292,1122,1653615493,1653615493);
INSERT INTO player_score VALUES('5fa5d126d',53,'45de9c2ca','5d7fd0600',28188,1452,1653930724,1653930724);
INSERT INTO player_score VALUES('63c3b685a',53,'45de9c2ca','63b548af4',24564,1561,1654041233,1654041233);
INSERT INTO player_score VALUES('60e891a96',53,'466767b49','35a3366e3',71424,1554,1653964567,1653964567);
INSERT INTO player_score VALUES('6195c40d1',53,'466767b49','38728f449',244634,1501,1653982728,1653982728);
INSERT INTO player_score VALUES('4afb5b3be',53,'466767b49','40521567b',68992,932,1653375979,1653375979);
INSERT INTO player_score VALUES('62cc3726a',53,'466767b49','41a21c58d',37422,1591,1654015281,1654015281);
INSERT INTO player_score VALUES('63bd7013d',53,'466767b49','4daf9e7c4',92232,1499,1654040575,1654040575);
INSERT INTO player_score VALUES('633b0d2d1',53,'466767b49','519dfe502',143500,1569,1654026903,1654026903);
INSERT INTO player_score VALUES('53e782e73',53,'466767b49','53e49a428',122472,1116,1653615490,1653615490);
INSERT INTO player_score VALUES('5fa2d9deb',53,'466767b49','5d7fd0600',84656,1448,1653930413,1653930413);
INSERT INTO player_score VALUES('63c3dd973',53,'466767b49','63b548af4',7600,1578,1654041249,1654041249);
INSERT INTO player_score VALUES('63a0af3cb',53,'46f122817','1d5d20c8f',8120,1557,1654037560,1654037560);
INSERT INTO player_score VALUES('637a453c2',53,'46f122817','35a3366e3',90000,1637,1654033532,1654033532);
INSERT INTO player_score VALUES('63662101e',53,'46f122817','38728f449',89096,1567,1654031420,1654031420);
INSERT INTO player_score VALUES('4a6df2100',53,'46f122817','40521567b',330410,894,1653361151,1653361151);
INSERT INTO player_score VALUES('623753eb1',53,'46f122817','41a21c58d',62181,1568,1653999669,1653999669);
INSERT INTO player_score VALUES('6228fe7bb',53,'46f122817','4daf9e7c4',1425,1390,1653998166,1653998166);
INSERT INTO player_score VALUES('62ef87ad5',53,'46f122817','519dfe502',411060,1536,1654018984,1654018984);
INSERT INTO player_score VALUES('53e776adb',53,'46f122817','53e49a428',400945,1104,1653615485,1653615485);
INSERT INTO player_score VALUES('5f9befdb5',53,'46f122817','5d7fd0600',1512,1421,1653929688,1653929688);
INSERT INTO player_score VALUES('63c3e9c96',53,'46f122817','63b548af4',4800,1582,1654041254,1654041254);
INSERT INTO player_score VALUES('5f38b024f',53,'4739f0327','1d5d20c8f',2200,1468,1653919281,1653919281);
INSERT INTO player_score VALUES('60c7a10a8',53,'4739f0327','35a3366e3',41440,1552,1653961113,1653961113);
INSERT INTO player_score VALUES('4a0dac148',53,'4739f0327','40521567b',22218,852,1653351056,1653351056);
INSERT INTO player_score VALUES('61fb2df29',53,'4739f0327','41a21c58d',13680,1553,1653993362,1653993362);
INSERT INTO player_score VALUES('629373e39',53,'4739f0327','4daf9e7c4',9882,1429,1654009329,1654009329);
INSERT INTO player_score VALUES('62833d814',53,'4739f0327','519dfe502',40248,1508,1654007629,1654007629);
INSERT INTO player_score VALUES('53e78f1b6',53,'4739f0327','53e49a428',119016,1130,1653615495,1653615495);
INSERT INTO player_score VALUES('5f98f892d',53,'4739f0327','5d7fd0600',257712,1413,1653929377,1653929377);
INSERT INTO player_score VALUES('53d845858',53,'4c4d320e3','1d5d20c8f',127764,1217,1653613892,1653613892);
INSERT INTO player_score VALUES('5fcf3c2f1',53,'4c4d320e3','35a3366e3',2574,1519,1653935067,1653935067);
INSERT INTO player_score VALUES('632d825c4',53,'4c4d320e3','38728f449',1254,1558,1654025483,1654025483);
INSERT INTO player_score VALUES('620d2a768',53,'4c4d320e3','41a21c58d',475272,1558,1653995248,1653995248);
INSERT INTO player_score VALUES('63a230fb3',53,'4c4d320e3','4daf9e7c4',2070,1493,1654037718,1654037718);
INSERT INTO player_score VALUES('61707c976',53,'4c4d320e3','519dfe502',384800,1419,1653978819,1653978819);
INSERT INTO player_score VALUES('53e78a393',53,'4c4d320e3','53e49a428',254100,1126,1653615493,1653615493);
INSERT INTO player_score VALUES('5f94d01e4',53,'4c4d320e3','5d7fd0600',0,1408,1653928941,1653928941);
INSERT INTO player_score VALUES('63c3044e2',53,'4c4d320e3','63b548af4',116736,1473,1654041160,1654041160);
INSERT INTO player_score VALUES('5be6497fb',53,'4c7b07738','1d5d20c8f',45864,1382,1653830110,1653830110);
INSERT INTO player_score VALUES('6379279cf',53,'4c7b07738','35a3366e3',84909,1636,1654033415,1654033415);
INSERT INTO player_score VALUES('63c036860',53,'4c7b07738','38728f449',48960,1584,1654040866,1654040866);
INSERT INTO player_score VALUES('5ea023664',53,'4c7b07738','41a21c58d',44688,1392,1653903285,1653903285);
INSERT INTO player_score VALUES('617cca023',53,'4c7b07738','4daf9e7c4',93600,1339,1653980109,1653980109);
INSERT INTO player_score VALUES('627a2bbba',53,'4c7b07738','519dfe502',394864,1502,1654006678,1654006678);
INSERT INTO player_score VALUES('53e78a394',53,'4c7b07738','53e49a428',21840,1124,1653615493,1653615493);
INSERT INTO player_score VALUES('5f2e5736e',53,'4c7b07738','5d7fd0600',180438,1125,1653918196,1653918196);
INSERT INTO player_score VALUES('63c0fc467',53,'4c7b07738','63b548af4',69003,1269,1654040947,1654040947);
INSERT INTO player_score VALUES('5f37a126c',53,'4cf606442','1d5d20c8f',78208,1467,1653919170,1653919170);
INSERT INTO player_score VALUES('63b724be6',53,'4cf606442','35a3366e3',80784,1646,1654039915,1654039915);
INSERT INTO player_score VALUES('62302cd7e',53,'4cf606442','41a21c58d',173888,1564,1653998919,1653998919);
INSERT INTO player_score VALUES('625f029a8',53,'4cf606442','4daf9e7c4',187746,1411,1654003830,1654003830);
INSERT INTO player_score VALUES('6354f197c',53,'4cf606442','519dfe502',3717,1578,1654029618,1654029618);
INSERT INTO player_score VALUES('53e7484bc',53,'4cf606442','53e49a428',43344,1030,1653615466,1653615466);
INSERT INTO player_score VALUES('63c187715',53,'4cf606442','63b548af4',10260,1317,1654041004,1654041004);
INSERT INTO player_score VALUES('607fe738c',53,'4d1217583','1d5d20c8f',300000,1495,1653953592,1653953592);
INSERT INTO player_score VALUES('618d0065d',53,'4d1217583','35a3366e3',49368,1568,1653981809,1653981809);
INSERT INTO player_score VALUES('60130a96c',53,'4d1217583','38728f449',68544,1431,1653942177,1653942177);
INSERT INTO player_score VALUES('62611e28c',53,'4d1217583','41a21c58d',149872,1575,1654004051,1654004051);
INSERT INTO player_score VALUES('60bfe29fc',53,'4d1217583','4daf9e7c4',195822,1282,1653960301,1653960301);
INSERT INTO player_score VALUES('63a2532a0',53,'4d1217583','519dfe502',155682,1601,1654037732,1654037732);
INSERT INTO player_score VALUES('53e78a395',53,'4d1217583','53e49a428',84084,1125,1653615493,1653615493);
INSERT INTO player_score VALUES('5f8d560fa',53,'4d1217583','5d7fd0600',114390,1388,1653928157,1653928157);
INSERT INTO player_score VALUES('63c3e7574',53,'4d1217583','63b548af4',297432,1580,1654041253,1654041253);
INSERT INTO player_score VALUES('60d339cba',53,'4d7cebf6a','1d5d20c8f',146160,1500,1653962329,1653962329);
INSERT INTO player_score VALUES('6350fed87',53,'4d7cebf6a','35a3366e3',168192,1634,1654029204,1654029204);
INSERT INTO player_score VALUES('5f295579f',53,'4d7cebf6a','38728f449',156658,1404,1653917671,1653917671);
INSERT INTO player_score VALUES('629d68b65',53,'4d7cebf6a','41a21c58d',430172,1583,1654010373,1654010373);
INSERT INTO player_score VALUES('61bb042bc',53,'4d7cebf6a','4daf9e7c4',283140,1353,1653986634,1653986634);
INSERT INTO player_score VALUES('634142852',53,'4d7cebf6a','519dfe502',2432,1571,1654027554,1654027554);
INSERT INTO player_score VALUES('53e74f9eb',53,'4d7cebf6a','53e49a428',85140,1040,1653615469,1653615469);
INSERT INTO player_score VALUES('5f82bda88',53,'4d7cebf6a','5d7fd0600',11592,1363,1653927046,1653927046);
INSERT INTO player_score VALUES('63c354df6',53,'4d7cebf6a','63b548af4',35880,1522,1654041193,1654041193);
INSERT INTO player_score VALUES('630d46685',53,'4e3ed2a14','1d5d20c8f',104832,1543,1654022103,1654022103);
INSERT INTO player_score VALUES('632a35a69',53,'4e3ed2a14','35a3366e3',13200,1630,1654025137,1654025137);
INSERT INTO player_score VALUES('636b11a3f',53,'4e3ed2a14','38728f449',33696,1569,1654031938,1654031938);
INSERT INTO player_score VALUES('62452a61f',53,'4e3ed2a14','4daf9e7c4',162110,1402,1654001120,1654001120);
INSERT INTO player_score VALUES('53e76328b',53,'4e3ed2a14','53e49a428',600600,1072,1653615477,1653615477);
INSERT INTO player_score VALUES('5f6d4fd28',53,'4e3ed2a14','5d7fd0600',55566,1305,1653924799,1653924799);
INSERT INTO player_score VALUES('63c35c312',53,'4e3ed2a14','63b548af4',192500,1523,1654041196,1654041196);
INSERT INTO player_score VALUES('63af21f58',53,'4f1c0bef8','1d5d20c8f',0,1558,1654039075,1654039075);
INSERT INTO player_score VALUES('62b8f5f0a',53,'4f1c0bef8','35a3366e3',0,1613,1654013262,1654013262);
INSERT INTO player_score VALUES('5ec588280',53,'4f1c0bef8','38728f449',434500,1394,1653907206,1653907206);
INSERT INTO player_score VALUES('5d8ea7331',53,'4f1c0bef8','41a21c58d',133920,1331,1653874608,1653874608);
INSERT INTO player_score VALUES('615377606',53,'4f1c0bef8','4daf9e7c4',9660,1326,1653975776,1653975776);
INSERT INTO player_score VALUES('62c8caaac',53,'4f1c0bef8','519dfe502',160480,1524,1654014922,1654014922);
INSERT INTO player_score VALUES('53e732561',53,'4f1c0bef8','53e49a428',84906,993,1653615457,1653615457);
INSERT INTO player_score VALUES('5f9910fb4',53,'4f1c0bef8','5d7fd0600',1008,1414,1653929387,1653929387);
INSERT INTO player_score VALUES('63c3ec3cf',53,'4f1c0bef8','63b548af4',67116,1584,1654041255,1654041255);
INSERT INTO player_score VALUES('5fec834aa',53,'4f69b6c03','1d5d20c8f',85822,1485,1653938137,1653938137);
INSERT INTO player_score VALUES('6300ef3f4',53,'4f69b6c03','35a3366e3',53960,1623,1654020809,1654020809);
INSERT INTO player_score VALUES('626a94072',53,'4f69b6c03','38728f449',21804,1528,1654005043,1654005043);
INSERT INTO player_score VALUES('62c0ca54b',53,'4f69b6c03','41a21c58d',452117,1587,1654014083,1654014083);
INSERT INTO player_score VALUES('63c00825b',53,'4f69b6c03','4daf9e7c4',90520,1501,1654040847,1654040847);
INSERT INTO player_score VALUES('617d838a4',53,'4f69b6c03','519dfe502',648736,1426,1653980185,1653980185);
INSERT INTO player_score VALUES('53e787c61',53,'4f69b6c03','53e49a428',86229,1118,1653615492,1653615492);
INSERT INTO player_score VALUES('63c3dd974',53,'4f69b6c03','63b548af4',2700,1577,1654041249,1654041249);
INSERT INTO player_score VALUES('5b17f81ce',53,'4f85c0793','1d5d20c8f',179568,1369,1653808476,1653808476);
INSERT INTO player_score VALUES('59f338479',53,'4f85c0793','35a3366e3',71760,1329,1653777779,1653777779);
INSERT INTO player_score VALUES('615132548',53,'4f85c0793','38728f449',437580,1485,1653975538,1653975538);
INSERT INTO player_score VALUES('61d6322ee',53,'4f85c0793','41a21c58d',223744,1548,1653989484,1653989484);
INSERT INTO player_score VALUES('62754e99d',53,'4f85c0793','4daf9e7c4',196416,1420,1654006168,1654006168);
INSERT INTO player_score VALUES('61ca466fb',53,'4f85c0793','519dfe502',207552,1452,1653988234,1653988234);
INSERT INTO player_score VALUES('53e7659ba',53,'4f85c0793','53e49a428',5852,1078,1653615478,1653615478);
INSERT INTO player_score VALUES('5f9a274ea',53,'4f85c0793','5d7fd0600',0,1416,1653929501,1653929501);
INSERT INTO player_score VALUES('63c22d71e',53,'4f85c0793','63b548af4',51060,1382,1654041072,1654041072);
INSERT INTO player_score VALUES('62a3351b0',53,'5078149f0','1d5d20c8f',40320,1532,1654010981,1654010981);
INSERT INTO player_score VALUES('61a97ce06',53,'5078149f0','35a3366e3',87792,1573,1653984796,1653984796);
INSERT INTO player_score VALUES('6153b1f9a',53,'5078149f0','38728f449',6720,1486,1653975800,1653975800);
INSERT INTO player_score VALUES('61ffdcad7',53,'5078149f0','41a21c58d',34580,1554,1653993853,1653993853);
INSERT INTO player_score VALUES('6306acf52',53,'5078149f0','519dfe502',9660,1543,1654021411,1654021411);
INSERT INTO player_score VALUES('53e760b50',53,'5078149f0','53e49a428',0,1067,1653615476,1653615476);
INSERT INTO player_score VALUES('5f9a6e1bd',53,'5078149f0','5d7fd0600',307476,1418,1653929530,1653929530);
INSERT INTO player_score VALUES('63c380cfe',53,'5078149f0','63b548af4',36456,1541,1654041211,1654041211);
INSERT INTO player_score VALUES('5eacf4a5e',53,'514130fc9','1d5d20c8f',23688,1449,1653904629,1653904629);
INSERT INTO player_score VALUES('624d48082',53,'514130fc9','35a3366e3',0,1600,1654001971,1654001971);
INSERT INTO player_score VALUES('62f84dc12',53,'514130fc9','38728f449',223851,1550,1654019904,1654019904);
INSERT INTO player_score VALUES('605cd14a4',53,'514130fc9','41a21c58d',32760,1479,1653949913,1653949913);
INSERT INTO player_score VALUES('63b3c6f11',53,'514130fc9','4daf9e7c4',235840,1498,1654039562,1654039562);
INSERT INTO player_score VALUES('63bfc638b',53,'514130fc9','519dfe502',7540,1616,1654040820,1654040820);
INSERT INTO player_score VALUES('53e7484bd',53,'514130fc9','53e49a428',26136,1031,1653615466,1653615466);
INSERT INTO player_score VALUES('63c3cc7c2',53,'514130fc9','63b548af4',192892,1571,1654041242,1654041242);
INSERT INTO player_score VALUES('6387ab6ee',53,'514dcc8ae','1d5d20c8f',115200,1553,1654034937,1654034937);
INSERT INTO player_score VALUES('63895b8e3',53,'514dcc8ae','35a3366e3',53040,1639,1654035114,1654035114);
INSERT INTO player_score VALUES('617d9714d',53,'514dcc8ae','38728f449',10824,1492,1653980193,1653980193);
INSERT INTO player_score VALUES('6035b9fb6',53,'514dcc8ae','41a21c58d',274164,1471,1653945814,1653945814);
INSERT INTO player_score VALUES('637a4a1ff',53,'514dcc8ae','4daf9e7c4',336798,1478,1654033534,1654033534);
INSERT INTO player_score VALUES('5f949a6cc',53,'514dcc8ae','519dfe502',114800,1229,1653928919,1653928919);
INSERT INTO player_score VALUES('53e78ca75',53,'514dcc8ae','53e49a428',59130,1128,1653615494,1653615494);
INSERT INTO player_score VALUES('5fa2f99f2',53,'514dcc8ae','5d7fd0600',28576,1449,1653930426,1653930426);
INSERT INTO player_score VALUES('6074ab444',53,'519cea6e2','35a3366e3',19312,1540,1653952414,1653952414);
INSERT INTO player_score VALUES('638cc8033',53,'519cea6e2','38728f449',259350,1576,1654035473,1654035473);
INSERT INTO player_score VALUES('615ec4765',53,'519cea6e2','41a21c58d',53784,1527,1653976961,1653976961);
INSERT INTO player_score VALUES('63a77bf23',53,'519cea6e2','4daf9e7c4',36864,1496,1654038273,1654038273);
INSERT INTO player_score VALUES('63b50ba14',53,'519cea6e2','519dfe502',189544,1609,1654039695,1654039695);
INSERT INTO player_score VALUES('53e771cd3',53,'519cea6e2','53e49a428',49880,1096,1653615483,1653615483);
INSERT INTO player_score VALUES('5f9d2ac95',53,'519cea6e2','5d7fd0600',34560,1424,1653929817,1653929817);
INSERT INTO player_score VALUES('583fc5a88',53,'51f38e9e6','1d5d20c8f',322752,1298,1653732119,1653732119);
INSERT INTO player_score VALUES('607e9b315',53,'51f38e9e6','35a3366e3',185484,1541,1653953456,1653953456);
INSERT INTO player_score VALUES('617c59b0e',53,'51f38e9e6','38728f449',2450,1491,1653980063,1653980063);
INSERT INTO player_score VALUES('62b50f676',53,'51f38e9e6','41a21c58d',58491,1585,1654012853,1654012853);
INSERT INTO player_score VALUES('63a5199c1',53,'51f38e9e6','4daf9e7c4',523412,1495,1654038023,1654038023);
INSERT INTO player_score VALUES('53e74d2c7',53,'51f38e9e6','53e49a428',378140,1039,1653615468,1653615468);
INSERT INTO player_score VALUES('5f73c98a6',53,'51f38e9e6','5d7fd0600',189297,1320,1653925478,1653925478);
INSERT INTO player_score VALUES('63c3c04b1',53,'51f38e9e6','63b548af4',144768,1567,1654041237,1654041237);
INSERT INTO player_score VALUES('61cd5fe3b',53,'54e6f185e','1d5d20c8f',6006,1516,1653988559,1653988559);
INSERT INTO player_score VALUES('614a373a6',53,'54e6f185e','35a3366e3',1680,1559,1653974806,1653974806);
INSERT INTO player_score VALUES('61ad3ec78',53,'54e6f185e','38728f449',0,1503,1653985190,1653985190);
INSERT INTO player_score VALUES('6240e7122',53,'54e6f185e','41a21c58d',292146,1570,1654000673,1654000673);
INSERT INTO player_score VALUES('62fe9b899',53,'54e6f185e','4daf9e7c4',5742,1449,1654020565,1654020565);
INSERT INTO player_score VALUES('6368ec54a',53,'54e6f185e','519dfe502',8580,1583,1654031713,1654031713);
INSERT INTO player_score VALUES('5f9a6e1be',53,'54e6f185e','5d7fd0600',341020,1417,1653929530,1653929530);
INSERT INTO player_score VALUES('63c32b5f6',53,'54e6f185e','63b548af4',113760,1499,1654041176,1654041176);
INSERT INTO player_score VALUES('612c69d41',53,'54fded4f4','1d5d20c8f',55200,1504,1653971681,1653971681);
INSERT INTO player_score VALUES('62fa18bc4',53,'54fded4f4','35a3366e3',109388,1621,1654020092,1654020092);
INSERT INTO player_score VALUES('61f831cc8',53,'54fded4f4','38728f449',43608,1516,1653993049,1653993049);
INSERT INTO player_score VALUES('6079096b3',53,'54fded4f4','41a21c58d',301644,1487,1653952872,1653952872);
INSERT INTO player_score VALUES('633e3547f',53,'54fded4f4','4daf9e7c4',158928,1460,1654027234,1654027234);
INSERT INTO player_score VALUES('61e8b284e',53,'54fded4f4','519dfe502',134134,1460,1653991424,1653991424);
INSERT INTO player_score VALUES('5f7efbbd7',53,'54fded4f4','5d7fd0600',187000,1354,1653926652,1653926652);
INSERT INTO player_score VALUES('63c36fbab',53,'54fded4f4','63b548af4',18603,1535,1654041204,1654041204);
INSERT INTO player_score VALUES('5cbf0eabb',53,'55e86d09b','1d5d20c8f',54180,1407,1653852840,1653852840);
INSERT INTO player_score VALUES('5e776a9ca',53,'55e86d09b','35a3366e3',258960,1482,1653899015,1653899015);
INSERT INTO player_score VALUES('60dad6086',53,'55e86d09b','38728f449',3880,1459,1653963127,1653963127);
INSERT INTO player_score VALUES('6258d7051',53,'55e86d09b','41a21c58d',217152,1573,1654003183,1654003183);
INSERT INTO player_score VALUES('63a34267f',53,'55e86d09b','519dfe502',63750,1604,1654037830,1654037830);
INSERT INTO player_score VALUES('5fa5dd5c4',53,'55e86d09b','5d7fd0600',50840,1453,1653930729,1653930729);
INSERT INTO player_score VALUES('63c39bad9',53,'55e86d09b','63b548af4',11660,1552,1654041222,1654041222);
INSERT INTO player_score VALUES('6213d01ae',53,'5714d0796','1d5d20c8f',97440,1522,1653995945,1653995945);
INSERT INTO player_score VALUES('5e32a8114',53,'5714d0796','35a3366e3',4898,1472,1653891805,1653891805);
INSERT INTO player_score VALUES('62d7472a1',53,'5714d0796','38728f449',408240,1542,1654016441,1654016441);
INSERT INTO player_score VALUES('61eb4f75d',53,'5714d0796','4daf9e7c4',3900,1365,1653991698,1653991698);
INSERT INTO player_score VALUES('6269ce482',53,'5714d0796','519dfe502',8052,1499,1654004962,1654004962);
INSERT INTO player_score VALUES('5f9e54a82',53,'5714d0796','5d7fd0600',49842,1429,1653929939,1653929939);
INSERT INTO player_score VALUES('60bf59ea5',53,'5831a8613','35a3366e3',385203,1548,1653960245,1653960245);
INSERT INTO player_score VALUES('62f76ab32',53,'5831a8613','38728f449',186624,1549,1654019811,1654019811);
INSERT INTO player_score VALUES('62dab1324',53,'5831a8613','41a21c58d',0,1593,1654016799,1654016799);
INSERT INTO player_score VALUES('6395cb25d',53,'5831a8613','4daf9e7c4',333680,1488,1654036418,1654036418);
INSERT INTO player_score VALUES('6335c22d9',53,'5831a8613','519dfe502',26496,1565,1654026348,1654026348);
INSERT INTO player_score VALUES('5f837e89a',53,'5831a8613','5d7fd0600',106272,1367,1653927125,1653927125);
INSERT INTO player_score VALUES('63c3240c3',53,'5831a8613','63b548af4',57276,1490,1654041173,1654041173);
INSERT INTO player_score VALUES('5d99a3b53',53,'583f296b2','1d5d20c8f',17787,1426,1653875760,1653875760);
INSERT INTO player_score VALUES('638629abc',53,'583f296b2','35a3366e3',385728,1638,1654034779,1654034779);
INSERT INTO player_score VALUES('62eacf2b9',53,'583f296b2','38728f449',138600,1548,1654018489,1654018489);
INSERT INTO player_score VALUES('60cc4d56d',53,'583f296b2','41a21c58d',0,1502,1653961603,1653961603);
INSERT INTO player_score VALUES('6319c717a',53,'583f296b2','4daf9e7c4',564975,1455,1654023414,1654023414);
INSERT INTO player_score VALUES('63b2d53ac',53,'583f296b2','519dfe502',371712,1607,1654039463,1654039463);
INSERT INTO player_score VALUES('5f7eb9d24',53,'583f296b2','5d7fd0600',384384,1352,1653926625,1653926625);
INSERT INTO player_score VALUES('63c3770ae',53,'583f296b2','63b548af4',6090,1537,1654041207,1654041207);
INSERT INTO player_score VALUES('61cc9c926',53,'597b7518f','1d5d20c8f',72996,1515,1653988479,1653988479);
INSERT INTO player_score VALUES('59e078799',53,'597b7518f','35a3366e3',116788,1323,1653775813,1653775813);
INSERT INTO player_score VALUES('616b9827d',53,'597b7518f','38728f449',864,1490,1653978306,1653978306);
INSERT INTO player_score VALUES('609c773f2',53,'597b7518f','41a21c58d',122425,1491,1653956587,1653956587);
INSERT INTO player_score VALUES('62f3de813',53,'597b7518f','4daf9e7c4',594456,1447,1654019439,1654019439);
INSERT INTO player_score VALUES('631bd6721',53,'597b7518f','519dfe502',3451,1555,1654023630,1654023630);
INSERT INTO player_score VALUES('5f9fb91ae',53,'597b7518f','5d7fd0600',12096,1436,1653930085,1653930085);
INSERT INTO player_score VALUES('63c22894f',53,'597b7518f','63b548af4',147000,1377,1654041070,1654041070);
INSERT INTO player_score VALUES('5f3591cf0',53,'59c9077bd','1d5d20c8f',37224,1466,1653918954,1653918954);
INSERT INTO player_score VALUES('639117896',53,'59c9077bd','35a3366e3',30943,1641,1654035925,1654035925);
INSERT INTO player_score VALUES('602ab1457',53,'59c9077bd','41a21c58d',79920,1468,1653944657,1653944657);
INSERT INTO player_score VALUES('6384bdeb6',53,'59c9077bd','4daf9e7c4',17082,1482,1654034630,1654034630);
INSERT INTO player_score VALUES('5f8e93730',53,'59c9077bd','5d7fd0600',242550,1395,1653928287,1653928287);
INSERT INTO player_score VALUES('63c385ae4',53,'59c9077bd','63b548af4',26013,1544,1654041213,1654041213);
INSERT INTO player_score VALUES('5e8d1578e',53,'59e50023a','1d5d20c8f',11760,1441,1653901287,1653901287);
INSERT INTO player_score VALUES('620a38106',53,'59e50023a','35a3366e3',66240,1591,1653994939,1653994939);
INSERT INTO player_score VALUES('63885b35d',53,'59e50023a','38728f449',493920,1574,1654035009,1654035009);
INSERT INTO player_score VALUES('614e314ad',53,'59e50023a','41a21c58d',148960,1524,1653975223,1653975223);
INSERT INTO player_score VALUES('61c7edd8d',53,'59e50023a','519dfe502',378651,1451,1653987988,1653987988);
INSERT INTO player_score VALUES('5fa29f496',53,'59e50023a','5d7fd0600',540,1447,1653930389,1653930389);
INSERT INTO player_score VALUES('63c3d1615',53,'59e50023a','63b548af4',23560,1575,1654041244,1654041244);
INSERT INTO player_score VALUES('63c0b0988',53,'5b31b30ba','1d5d20c8f',54000,1560,1654040916,1654040916);
INSERT INTO player_score VALUES('600b2edad',53,'5b31b30ba','35a3366e3',18620,1527,1653941353,1653941353);
INSERT INTO player_score VALUES('6067f4d9d',53,'5b31b30ba','38728f449',94068,1443,1653951081,1653951081);
INSERT INTO player_score VALUES('62b7b61d8',53,'5b31b30ba','4daf9e7c4',520992,1436,1654013131,1654013131);
INSERT INTO player_score VALUES('63a0bde09',53,'5b31b30ba','519dfe502',140530,1599,1654037566,1654037566);
INSERT INTO player_score VALUES('5f78eb065',53,'5b31b30ba','5d7fd0600',0,1337,1653926016,1653926016);
INSERT INTO player_score VALUES('63c3ceee4',53,'5b31b30ba','63b548af4',46398,1574,1654041243,1654041243);
INSERT INTO player_score VALUES('576bcc88f',53,'5c25d97cc','1d5d20c8f',689634,1286,1653709892,1653709892);
INSERT INTO player_score VALUES('6315e300f',53,'5c25d97cc','38728f449',54390,1555,1654023006,1654023006);
INSERT INTO player_score VALUES('61a87a13e',53,'5c25d97cc','41a21c58d',86508,1540,1653984690,1653984690);
INSERT INTO player_score VALUES('63ad0b4e2',53,'5c25d97cc','4daf9e7c4',17280,1497,1654038856,1654038856);
INSERT INTO player_score VALUES('62cd4892e',53,'5c25d97cc','519dfe502',0,1528,1654015393,1654015393);
INSERT INTO player_score VALUES('5f9ebda1d',53,'5c25d97cc','5d7fd0600',37050,1430,1653929982,1653929982);
INSERT INTO player_score VALUES('63c3ceee5',53,'5c25d97cc','63b548af4',604890,1572,1654041243,1654041243);
INSERT INTO player_score VALUES('62fd28702',53,'5ceec9e72','35a3366e3',167904,1622,1654020413,1654020413);
INSERT INTO player_score VALUES('63a205060',53,'5ceec9e72','38728f449',205128,1579,1654037700,1654037700);
INSERT INTO player_score VALUES('6205b7b65',53,'5ceec9e72','41a21c58d',11592,1555,1653994467,1653994467);
INSERT INTO player_score VALUES('635af6199',53,'5ceec9e72','4daf9e7c4',337392,1467,1654030249,1654030249);
INSERT INTO player_score VALUES('636fffd87',53,'5ceec9e72','519dfe502',255892,1587,1654032455,1654032455);
INSERT INTO player_score VALUES('5fa1ab247',53,'5ceec9e72','5d7fd0600',44226,1442,1653930289,1653930289);
INSERT INTO player_score VALUES('63c3aa4ee',53,'5ceec9e72','63b548af4',7110,1557,1654041228,1654041228);
INSERT INTO player_score VALUES('6170aaf92',53,'5d7898392','1d5d20c8f',92120,1508,1653978838,1653978838);
INSERT INTO player_score VALUES('634d3cedf',53,'5d7898392','35a3366e3',82992,1632,1654028810,1654028810);
INSERT INTO player_score VALUES('634fefd8b',53,'5d7898392','38728f449',170982,1561,1654029093,1654029093);
INSERT INTO player_score VALUES('5f95e673d',53,'5d7898392','41a21c58d',104400,1441,1653929055,1653929055);
INSERT INTO player_score VALUES('5e0a535ce',53,'5d7898392','519dfe502',204768,1098,1653887576,1653887576);
INSERT INTO player_score VALUES('5f8fd0d29',53,'5d7898392','5d7fd0600',292410,1399,1653928417,1653928417);
INSERT INTO player_score VALUES('63c35ea01',53,'5d7898392','63b548af4',61776,1526,1654041197,1654041197);
INSERT INTO player_score VALUES('623189fa0',53,'5e8a369eb','1d5d20c8f',95160,1525,1653999062,1653999062);
INSERT INTO player_score VALUES('61f346074',53,'5e8a369eb','35a3366e3',175616,1587,1653992533,1653992533);
INSERT INTO player_score VALUES('62814690d',53,'5e8a369eb','38728f449',313200,1533,1654007423,1654007423);
INSERT INTO player_score VALUES('612063367',53,'5e8a369eb','41a21c58d',17316,1518,1653970420,1653970420);
INSERT INTO player_score VALUES('60a99df3e',53,'5e8a369eb','4daf9e7c4',89600,1275,1653957966,1653957966);
INSERT INTO player_score VALUES('62fcabef2',53,'5e8a369eb','519dfe502',891,1540,1654020362,1654020362);
INSERT INTO player_score VALUES('5f9366c94',53,'5e8a369eb','5d7fd0600',95160,1403,1653928793,1653928793);
INSERT INTO player_score VALUES('63c3d8b3c',53,'5e8a369eb','63b548af4',82170,1576,1654041247,1654041247);
INSERT INTO player_score VALUES('589f8f256',53,'5e9d1b0b8','1d5d20c8f',20832,1308,1653742163,1653742163);
INSERT INTO player_score VALUES('633623d81',53,'5e9d1b0b8','38728f449',37905,1559,1654026388,1654026388);
INSERT INTO player_score VALUES('62d2b5bb3',53,'5e9d1b0b8','41a21c58d',1620,1592,1654015962,1654015962);
INSERT INTO player_score VALUES('618d7a752',53,'5e9d1b0b8','4daf9e7c4',178080,1344,1653981859,1653981859);
INSERT INTO player_score VALUES('63a3e11c7',53,'5e9d1b0b8','519dfe502',52260,1605,1654037895,1654037895);
INSERT INTO player_score VALUES('63c34b174',53,'5e9d1b0b8','63b548af4',16065,1516,1654041189,1654041189);
INSERT INTO player_score VALUES('63591a08a',53,'5ee8fd507','1d5d20c8f',31464,1548,1654030054,1654030054);
INSERT INTO player_score VALUES('5e1d79b21',53,'5ee8fd507','35a3366e3',63826,1470,1653889584,1653889584);
INSERT INTO player_score VALUES('61ba8c8d6',53,'5ee8fd507','38728f449',12936,1507,1653986585,1653986585);
INSERT INTO player_score VALUES('6297a88d3',53,'5ee8fd507','41a21c58d',169050,1582,1654009770,1654009770);
INSERT INTO player_score VALUES('62f39a237',53,'5ee8fd507','4daf9e7c4',84747,1445,1654019411,1654019411);
INSERT INTO player_score VALUES('616166485',53,'5ee8fd507','519dfe502',26840,1413,1653977237,1653977237);
INSERT INTO player_score VALUES('5fa00e88f',53,'5ee8fd507','5d7fd0600',33820,1437,1653930120,1653930120);
INSERT INTO player_score VALUES('63c3a08f2',53,'5ee8fd507','63b548af4',112914,1554,1654041224,1654041224);
INSERT INTO player_score VALUES('6392527b2',53,'5f59e790f','1d5d20c8f',20916,1555,1654036054,1654036054);
INSERT INTO player_score VALUES('631c30c8e',53,'5f59e790f','35a3366e3',11960,1626,1654023667,1654023667);
INSERT INTO player_score VALUES('63a44536f',53,'5f59e790f','38728f449',6204,1580,1654037936,1654037936);
INSERT INTO player_score VALUES('5ff66495c',53,'5f59e790f','41a21c58d',356400,1456,1653939173,1653939173);
INSERT INTO player_score VALUES('6375fa9f6',53,'5f59e790f','4daf9e7c4',91584,1476,1654033082,1654033082);
INSERT INTO player_score VALUES('6300ad545',53,'5f59e790f','519dfe502',255519,1542,1654020782,1654020782);
INSERT INTO player_score VALUES('5f7af3080',53,'5f59e790f','5d7fd0600',19872,1346,1653926229,1653926229);
INSERT INTO player_score VALUES('63c39e1cf',53,'5f59e790f','63b548af4',132066,1553,1654041223,1654041223);
INSERT INTO player_score VALUES('63706b45e',53,'600a5a77b','1d5d20c8f',0,1550,1654032499,1654032499);
INSERT INTO player_score VALUES('638a940ab',53,'600a5a77b','35a3366e3',179800,1640,1654035242,1654035242);
INSERT INTO player_score VALUES('5fe694bd9',53,'600a5a77b','38728f449',856128,1427,1653937515,1653937515);
INSERT INTO player_score VALUES('6119a5265',53,'600a5a77b','41a21c58d',154287,1517,1653969713,1653969713);
INSERT INTO player_score VALUES('636c5daff',53,'600a5a77b','4daf9e7c4',9216,1473,1654032074,1654032074);
INSERT INTO player_score VALUES('627b4e431',53,'600a5a77b','519dfe502',4576,1503,1654006797,1654006797);
INSERT INTO player_score VALUES('5dd7a8282',53,'61bc02181','1d5d20c8f',238392,1428,1653882263,1653882263);
INSERT INTO player_score VALUES('60183ab5a',53,'61bc02181','35a3366e3',9936,1529,1653942721,1653942721);
INSERT INTO player_score VALUES('6228204fc',53,'61bc02181','41a21c58d',26280,1561,1653998075,1653998075);
INSERT INTO player_score VALUES('619f0b8b2',53,'61bc02181','4daf9e7c4',3948,1347,1653983701,1653983701);
INSERT INTO player_score VALUES('619a4bb8a',53,'61bc02181','519dfe502',170170,1441,1653983203,1653983203);
INSERT INTO player_score VALUES('63c3acc35',53,'61bc02181','63b548af4',293040,1559,1654041229,1654041229);
INSERT INTO player_score VALUES('5f2305465',53,'626edc3a3','1d5d20c8f',715792,1461,1653917009,1653917009);
INSERT INTO player_score VALUES('639d7fcfd',53,'626edc3a3','35a3366e3',74880,1643,1654037226,1654037226);
INSERT INTO player_score VALUES('5ff649bf0',53,'626edc3a3','38728f449',349713,1428,1653939162,1653939162);
INSERT INTO player_score VALUES('616db892b',53,'626edc3a3','41a21c58d',158508,1528,1653978529,1653978529);
INSERT INTO player_score VALUES('628ca24c2',53,'626edc3a3','4daf9e7c4',71100,1427,1654008614,1654008614);
INSERT INTO player_score VALUES('63379e41a',53,'626edc3a3','519dfe502',78568,1566,1654026543,1654026543);
INSERT INTO player_score VALUES('63c3a08f3',53,'626edc3a3','63b548af4',127820,1555,1654041224,1654041224);
INSERT INTO player_score VALUES('6236f2421',53,'633d65c30','1d5d20c8f',594,1526,1653999629,1653999629);
INSERT INTO player_score VALUES('5f7acbf5e',53,'633d65c30','35a3366e3',366130,1505,1653926213,1653926213);
INSERT INTO player_score VALUES('6365f9ee6',53,'633d65c30','38728f449',288192,1566,1654031404,1654031404);
INSERT INTO player_score VALUES('62aca3a72',53,'633d65c30','4daf9e7c4',24640,1434,1654011970,1654011970);
INSERT INTO player_score VALUES('63ba4cd87',53,'633d65c30','519dfe502',19855,1613,1654040246,1654040246);
INSERT INTO player_score VALUES('63c3c2bcd',53,'633d65c30','63b548af4',42625,1569,1654041238,1654041238);
INSERT INTO player_score VALUES('6176bbb37',53,'63c0f0151','1d5d20c8f',67200,1509,1653979474,1653979474);
INSERT INTO player_score VALUES('61ab7640e',53,'63c0f0151','35a3366e3',728,1574,1653985003,1653985003);
INSERT INTO player_score VALUES('6195b7d4d',53,'63c0f0151','38728f449',70200,1500,1653982723,1653982723);
INSERT INTO player_score VALUES('6387670dd',53,'63c0f0151','4daf9e7c4',120640,1483,1654034909,1654034909);
INSERT INTO player_score VALUES('63a3203f4',53,'63c0f0151','519dfe502',95700,1603,1654037816,1654037816);
INSERT INTO player_score VALUES('63c32679f',53,'63c0f0151','63b548af4',168150,1496,1654041174,1654041174);
COMMIT;
