
BEGIN;
CREATE TABLE IF NOT EXISTS competition (
  id VARCHAR(255) NOT NULL PRIMARY KEY,
  tenant_id BIGINT NOT NULL,
  title TEXT NOT NULL,
  finished_at BIGINT NULL,
  created_at BIGINT NOT NULL,
  updated_at BIGINT NOT NULL
);
INSERT INTO competition VALUES('1724e4789',54,'必勝のモンゴ組 #3',NULL,1651984470,1653617622);
INSERT INTO competition VALUES('186e1eb48',54,'パッションフルーツ整骨院カップ',NULL,1652018992,1653727147);
INSERT INTO competition VALUES('1c9538068',54,'スマホさん杯',1654010416,1652130466,1654010416);
INSERT INTO competition VALUES('21bd4428f',54,'スライディングProtocolテーマパーク大会',NULL,1652268883,1652321940);
INSERT INTO competition VALUES('23356055c',54,'みなとみらいちゃん vol.2',1653358422,1652308321,1653358422);
INSERT INTO competition VALUES('237ec2f27',54,'栃木の春巻き屋 vol.0',1652748615,1652316016,1652748615);
INSERT INTO competition VALUES('296bc56e0',54,'さいたま新都心合衆国 #9',NULL,1652475086,1653869309);
INSERT INTO competition VALUES('32b224c98',54,'ゆっくりいちじく屋カップ',1653141555,1652724057,1653141555);
INSERT INTO competition VALUES('3ccc9f7a9',54,'あつまれマーケティング天国大会',1653933217,1652995269,1653933217);
INSERT INTO competition VALUES('40a22c51f',54,'第9回 イスメランコリー',NULL,1653098192,1653679414);
INSERT INTO competition VALUES('47d809d62',54,'運営プリン杯',1653933785,1653291745,1653933785);
INSERT INTO competition VALUES('4b4a32580',54,'いざくしい夜会 #2',NULL,1653384246,1653650363);
INSERT INTO competition VALUES('4bebb38ec',54,'DJ千葉爆弾 vol.5',NULL,1653401181,1653890339);
INSERT INTO competition VALUES('5680c6837',54,'パッと見ロードアベレージ地獄大会',1653936900,1653685248,1653936900);
INSERT INTO competition VALUES('56bd5a532',54,'まじめに町田合衆国大会',NULL,1653691600,1653996783);
INSERT INTO competition VALUES('56c795f43',54,'清酒（仮） vol.1',NULL,1653692673,1653814336);
INSERT INTO competition VALUES('5be426a3f',54,'第3回 おにぎり！',1654005600,1653829886,1654005600);
INSERT INTO competition VALUES('5d30e82e7',54,'第8回 真アラートなら負けない',NULL,1653864778,1653894575);
INSERT INTO competition VALUES('5dcff3849',54,'gRPC.pl vol.7',NULL,1653881455,1653979277);
CREATE TABLE IF NOT EXISTS player (
  id VARCHAR(255) NOT NULL PRIMARY KEY,
  tenant_id BIGINT NOT NULL,
  display_name TEXT NOT NULL,
  is_disqualified BOOLEAN NOT NULL,
  created_at BIGINT NOT NULL,
  updated_at BIGINT NOT NULL
);
INSERT INTO player VALUES('161deab11',54,'Samara Bins',0,1651956895,1653873619);
INSERT INTO player VALUES('17cd7ba4c',54,'Princess Dietrich',0,1652002148,1653638438);
INSERT INTO player VALUES('17f8db2d3',54,'Tracey Raynor V',0,1652006696,1653552787);
INSERT INTO player VALUES('1a6a6171b',54,'Mr. Forest Quigley',0,1652072287,1652472953);
INSERT INTO player VALUES('1b6d88387',54,'Winfield Halvorson',0,1652099461,1652149338);
INSERT INTO player VALUES('1bbea6d43',54,'Sven Becker',0,1652107967,1653208692);
INSERT INTO player VALUES('1c2d339c7',54,'Ms. Tania Jerde',0,1652119559,1653194768);
INSERT INTO player VALUES('1e434e8db',54,'Sadye Emmerich PhD',0,1652175564,1652676558);
INSERT INTO player VALUES('214f0cd18',54,'Arthur Braun',0,1652257326,1653858650);
INSERT INTO player VALUES('260d86967',54,'Charity Kiehn',0,1652384673,1653508314);
INSERT INTO player VALUES('2806ad6d4',54,'Ms. Marilou O"Kon V',1,1652437642,1653455051);
INSERT INTO player VALUES('292e2c642',54,'Julia Bayer',0,1652468627,1653377103);
INSERT INTO player VALUES('295c5e94c',54,'Ms. Litzy Aufderhar V',0,1652473471,1652575671);
INSERT INTO player VALUES('298a1e007',54,'Constance Halvorson',0,1652478268,1653471774);
INSERT INTO player VALUES('2b1c85245',54,'Chloe Collins Sr.',0,1652520463,1653040856);
INSERT INTO player VALUES('2d30848c2',54,'Mr. Modesto D"Amore DDS',0,1652576247,1653930329);
INSERT INTO player VALUES('3016f1900',54,'Rahul Lesch',0,1652654096,1653416287);
INSERT INTO player VALUES('31e85ffa0',54,'Mr. Isaac Ryan PhD',0,1652702900,1653975420);
INSERT INTO player VALUES('35fe44fbc',54,'Ignacio Rippin V',1,1652812570,1653751565);
INSERT INTO player VALUES('367e235e7',54,'Jackson Kassulke DVM',0,1652825978,1653497077);
INSERT INTO player VALUES('369849b4e',54,'Rose Schumm',0,1652828720,1653302686);
INSERT INTO player VALUES('3d2022def',54,'Presley Hauck',0,1653004026,1653444398);
INSERT INTO player VALUES('40ec264f5',54,'Preston Daniel',1,1653105949,1653426785);
INSERT INTO player VALUES('43bf65ad7',54,'Forrest Emmerich',0,1653181787,1653882354);
INSERT INTO player VALUES('4430b679a',54,'Jaqueline Herman',0,1653193669,1653934770);
INSERT INTO player VALUES('44820d3c1',54,'Marjolaine Herman',0,1653202198,1653970565);
INSERT INTO player VALUES('476cc7543',54,'Kyra Hintz',0,1653280498,1654009595);
INSERT INTO player VALUES('476dd8c2b',54,'Trever Robel',0,1653280610,1653601944);
INSERT INTO player VALUES('477aebedb',54,'Cornelius Kris',0,1653281981,1653398031);
INSERT INTO player VALUES('47ac8d062',54,'Mr. Norbert Sanford I',0,1653287185,1653581730);
INSERT INTO player VALUES('49be9f42c',54,'Mr. Adolphus Waelchi',1,1653342767,1653417794);
INSERT INTO player VALUES('49d517383',54,'Heber Gusikowski',0,1653345123,1653844515);
INSERT INTO player VALUES('4acb915b3',54,'Ms. Isabell Hammes',1,1653370968,1653714526);
INSERT INTO player VALUES('4d993a0ce',54,'Brady Roberts MD',1,1653446220,1653875834);
INSERT INTO player VALUES('4de6f3881',54,'Ms. Agustina Murray Sr.',0,1653454370,1653639633);
INSERT INTO player VALUES('4fe88fe43',54,'Mr. Mariano Hills II',0,1653508226,1653844782);
INSERT INTO player VALUES('54ec2416e',54,'Lulu Nienow DDS',0,1653642819,1653923344);
INSERT INTO player VALUES('5a0327db2',54,'Mr. Johnnie Schaden DVM',0,1653779450,1653977265);
INSERT INTO player VALUES('5a52c7288',54,'Allison Fritsch',0,1653787799,1654028641);
INSERT INTO player VALUES('5ef34ee7c',54,'Chadrick Leannon',0,1653912006,1654022466);
INSERT INTO player VALUES('5f51572ab',54,'Mr. Erick Kemmer',0,1653921866,1653971255);
INSERT INTO player VALUES('5faab0b8f',54,'Maiya Yost MD',0,1653931235,1654002740);
INSERT INTO player VALUES('6057c5c8c',54,'Keith Collins V',0,1653949384,1654001535);
INSERT INTO player VALUES('60f0576a8',54,'Mr. Grady Blick I',0,1653965382,1654003975);
CREATE TABLE IF NOT EXISTS player_score (
                              id VARCHAR(255) NOT NULL PRIMARY KEY,
                              tenant_id BIGINT NOT NULL,
                              player_id VARCHAR(255) NOT NULL,
                              competition_id VARCHAR(255) NOT NULL,
                              score BIGINT NOT NULL,
                              row_num BIGINT NOT NULL,
                              created_at BIGINT NOT NULL,
                              updated_at BIGINT NOT NULL
);
INSERT INTO player_score VALUES('5fcf4864c',54,'161deab11','1724e4789',49896,801,1653935072,1653935072);
INSERT INTO player_score VALUES('61a506491',54,'161deab11','186e1eb48',2688,668,1653984328,1653984328);
INSERT INTO player_score VALUES('5f170d4b0',54,'161deab11','1c9538068',32085,836,1653915754,1653915754);
INSERT INTO player_score VALUES('5fc6c6a4a',54,'161deab11','21bd4428f',89424,694,1653934180,1653934180);
INSERT INTO player_score VALUES('45d02491c',54,'161deab11','23356055c',63840,561,1653237230,1653237230);
INSERT INTO player_score VALUES('338c9532d',54,'161deab11','237ec2f27',39204,403,1652746962,1652746962);
INSERT INTO player_score VALUES('6148193a4',54,'161deab11','296bc56e0',63640,750,1653974584,1653974584);
INSERT INTO player_score VALUES('41a2c4cab',54,'161deab11','32b224c98',18760,383,1653125098,1653125098);
INSERT INTO player_score VALUES('5b8891cf8',54,'161deab11','3ccc9f7a9',285120,566,1653820283,1653820283);
INSERT INTO player_score VALUES('60969c38e',54,'161deab11','40a22c51f',38430,790,1653955973,1653955973);
INSERT INTO player_score VALUES('5b87ee3de',54,'161deab11','47d809d62',52416,587,1653820216,1653820216);
INSERT INTO player_score VALUES('62fe090f3',54,'161deab11','4b4a32580',29376,810,1654020505,1654020505);
INSERT INTO player_score VALUES('630b82c45',54,'161deab11','4bebb38ec',41013,821,1654021918,1654021918);
INSERT INTO player_score VALUES('5fda47553',54,'161deab11','5680c6837',199584,782,1653936225,1653936225);
INSERT INTO player_score VALUES('632aa8652',54,'161deab11','56bd5a532',7752,730,1654025184,1654025184);
INSERT INTO player_score VALUES('61a289137',54,'161deab11','56c795f43',294690,697,1653984067,1653984067);
INSERT INTO player_score VALUES('622eed060',54,'161deab11','5be426a3f',174344,747,1653998788,1653998788);
INSERT INTO player_score VALUES('63ae2dd20',54,'161deab11','5d30e82e7',603060,807,1654038975,1654038975);
INSERT INTO player_score VALUES('63a78346e',54,'161deab11','5dcff3849',298620,831,1654038276,1654038276);
INSERT INTO player_score VALUES('462a46494',54,'17cd7ba4c','1724e4789',55176,538,1653246681,1653246681);
INSERT INTO player_score VALUES('618a2668c',54,'17cd7ba4c','1c9538068',0,867,1653981510,1653981510);
INSERT INTO player_score VALUES('4a52eb216',54,'17cd7ba4c','23356055c',207570,624,1653358317,1653358317);
INSERT INTO player_score VALUES('326332d79',54,'17cd7ba4c','237ec2f27',80080,378,1652715779,1652715779);
INSERT INTO player_score VALUES('4168712aa',54,'17cd7ba4c','32b224c98',589950,378,1653118982,1653118982);
INSERT INTO player_score VALUES('5eb21fe5e',54,'17cd7ba4c','3ccc9f7a9',328950,621,1653905171,1653905171);
INSERT INTO player_score VALUES('602de325e',54,'17cd7ba4c','40a22c51f',30184,773,1653944992,1653944992);
INSERT INTO player_score VALUES('5f25bf813',54,'17cd7ba4c','47d809d62',56,698,1653917295,1653917295);
INSERT INTO player_score VALUES('60bc62a0d',54,'17cd7ba4c','4bebb38ec',100440,734,1653959934,1653959934);
INSERT INTO player_score VALUES('5f987e81d',54,'17cd7ba4c','5680c6837',4590,753,1653929327,1653929327);
INSERT INTO player_score VALUES('622b79407',54,'17cd7ba4c','56bd5a532',135675,676,1653998426,1653998426);
INSERT INTO player_score VALUES('63b9c690a',54,'17cd7ba4c','56c795f43',5346,852,1654040191,1654040191);
INSERT INTO player_score VALUES('63b155f1b',54,'17cd7ba4c','5d30e82e7',2745,809,1654039306,1654039306);
INSERT INTO player_score VALUES('6394c106a',54,'17cd7ba4c','5dcff3849',100800,827,1654036309,1654036309);
INSERT INTO player_score VALUES('6379bc85b',54,'17f8db2d3','1724e4789',109956,834,1654033476,1654033476);
INSERT INTO player_score VALUES('61e5dfd94',54,'17f8db2d3','1c9538068',184338,871,1653991128,1653991128);
INSERT INTO player_score VALUES('629c79765',54,'17f8db2d3','21bd4428f',8772,722,1654010275,1654010275);
INSERT INTO player_score VALUES('49a0cf697',54,'17f8db2d3','23356055c',39330,613,1653339641,1653339641);
INSERT INTO player_score VALUES('339a4bf39',54,'17f8db2d3','237ec2f27',36765,404,1652748400,1652748400);
INSERT INTO player_score VALUES('5edb3096d',54,'17f8db2d3','296bc56e0',2136,720,1653909477,1653909477);
INSERT INTO player_score VALUES('42205bada',54,'17f8db2d3','32b224c98',148962,398,1653138267,1653138267);
INSERT INTO player_score VALUES('5e99088f6',54,'17f8db2d3','3ccc9f7a9',151800,618,1653902540,1653902540);
INSERT INTO player_score VALUES('61dc16f7c',54,'17f8db2d3','40a22c51f',508080,822,1653990102,1653990102);
INSERT INTO player_score VALUES('5fab9ffa6',54,'17f8db2d3','47d809d62',258172,723,1653931333,1653931333);
INSERT INTO player_score VALUES('6296b6d88',54,'17f8db2d3','4b4a32580',119712,796,1654009671,1654009671);
INSERT INTO player_score VALUES('5fcb05153',54,'17f8db2d3','5680c6837',53130,774,1653934625,1653934625);
INSERT INTO player_score VALUES('63ac12474',54,'17f8db2d3','56bd5a532',127224,758,1654038754,1654038754);
INSERT INTO player_score VALUES('63229963f',54,'17f8db2d3','56c795f43',54560,805,1654024339,1654024339);
INSERT INTO player_score VALUES('626e1dcba',54,'17f8db2d3','5be426a3f',189544,774,1654005414,1654005414);
INSERT INTO player_score VALUES('6395167c7',54,'17f8db2d3','5dcff3849',340,828,1654036344,1654036344);
INSERT INTO player_score VALUES('630365209',54,'1a6a6171b','1724e4789',25382,830,1654021067,1654021067);
INSERT INTO player_score VALUES('5e68fcc1b',54,'1a6a6171b','1c9538068',39900,822,1653897502,1653897502);
INSERT INTO player_score VALUES('6233e5029',54,'1a6a6171b','21bd4428f',87500,716,1653999309,1653999309);
INSERT INTO player_score VALUES('32e6c4786',54,'1a6a6171b','237ec2f27',69874,388,1652729575,1652729575);
INSERT INTO player_score VALUES('639f37447',54,'1a6a6171b','296bc56e0',13024,780,1654037406,1654037406);
INSERT INTO player_score VALUES('41aa17d06',54,'1a6a6171b','32b224c98',32190,384,1653125866,1653125866);
INSERT INTO player_score VALUES('5d6a11f68',54,'1a6a6171b','3ccc9f7a9',24768,599,1653870772,1653870772);
INSERT INTO player_score VALUES('63befe052',54,'1a6a6171b','40a22c51f',4290,861,1654040738,1654040738);
INSERT INTO player_score VALUES('61b4b8d6b',54,'1a6a6171b','4b4a32580',152292,764,1653985974,1653985974);
INSERT INTO player_score VALUES('6297272b8',54,'1a6a6171b','4bebb38ec',300288,802,1654009717,1654009717);
INSERT INTO player_score VALUES('5fc87e196',54,'1a6a6171b','5680c6837',201438,772,1653934360,1653934360);
INSERT INTO player_score VALUES('6345242ab',54,'1a6a6171b','56bd5a532',31620,732,1654027961,1654027961);
INSERT INTO player_score VALUES('62ee2cfb9',54,'1a6a6171b','56c795f43',114920,790,1654018842,1654018842);
INSERT INTO player_score VALUES('63aa62229',54,'1a6a6171b','5d30e82e7',620160,803,1654038577,1654038577);
INSERT INTO player_score VALUES('637abce11',54,'1a6a6171b','5dcff3849',95,813,1654033581,1654033581);
INSERT INTO player_score VALUES('610cc7b1e',54,'1b6d88387','1c9538068',46440,858,1653968364,1653968364);
INSERT INTO player_score VALUES('5d7a940b1',54,'1b6d88387','21bd4428f',65598,665,1653872503,1653872503);
INSERT INTO player_score VALUES('49d39ccdc',54,'1b6d88387','23356055c',21360,617,1653344968,1653344968);
INSERT INTO player_score VALUES('325312688',54,'1b6d88387','237ec2f27',23452,376,1652714088,1652714088);
INSERT INTO player_score VALUES('60268db2d',54,'1b6d88387','296bc56e0',167200,729,1653944223,1653944223);
INSERT INTO player_score VALUES('408271c67',54,'1b6d88387','32b224c98',21888,358,1653094865,1653094865);
INSERT INTO player_score VALUES('5e52a48a4',54,'1b6d88387','3ccc9f7a9',208506,612,1653895159,1653895159);
INSERT INTO player_score VALUES('62dd00025',54,'1b6d88387','40a22c51f',48160,846,1654017041,1654017041);
INSERT INTO player_score VALUES('5f1edccfb',54,'1b6d88387','47d809d62',104832,697,1653916573,1653916573);
INSERT INTO player_score VALUES('617704f41',54,'1b6d88387','4b4a32580',3026,751,1653979504,1653979504);
INSERT INTO player_score VALUES('5fcd9ab2f',54,'1b6d88387','5680c6837',61880,776,1653934896,1653934896);
INSERT INTO player_score VALUES('62c7bbaff',54,'1b6d88387','56bd5a532',0,711,1654014811,1654014811);
INSERT INTO player_score VALUES('622367d12',54,'1b6d88387','5be426a3f',48279,740,1653997580,1653997580);
INSERT INTO player_score VALUES('62801cb97',54,'1b6d88387','5d30e82e7',0,656,1654007301,1654007301);
INSERT INTO player_score VALUES('63624dff0',54,'1b6d88387','5dcff3849',9477,800,1654031019,1654031019);
INSERT INTO player_score VALUES('5d89a5794',54,'1bbea6d43','1724e4789',48174,778,1653874083,1653874083);
INSERT INTO player_score VALUES('62c7c7e65',54,'1bbea6d43','186e1eb48',161424,686,1654014816,1654014816);
INSERT INTO player_score VALUES('60e6abd35',54,'1bbea6d43','1c9538068',960,855,1653964368,1653964368);
INSERT INTO player_score VALUES('5bb0392c3',54,'1bbea6d43','21bd4428f',362526,627,1653824441,1653824441);
INSERT INTO player_score VALUES('486051894',54,'1bbea6d43','23356055c',204120,598,1653306035,1653306035);
INSERT INTO player_score VALUES('3367e51c6',54,'1bbea6d43','237ec2f27',279312,399,1652743115,1652743115);
INSERT INTO player_score VALUES('6124b79da',54,'1bbea6d43','296bc56e0',210600,747,1653970874,1653970874);
INSERT INTO player_score VALUES('41d9bf83b',54,'1bbea6d43','32b224c98',7150,387,1653130863,1653130863);
INSERT INTO player_score VALUES('5b60f4336',54,'1bbea6d43','3ccc9f7a9',296208,563,1653816129,1653816129);
INSERT INTO player_score VALUES('61edd66f8',54,'1bbea6d43','40a22c51f',20090,823,1653991963,1653991963);
INSERT INTO player_score VALUES('5f82dfd74',54,'1bbea6d43','47d809d62',169764,719,1653927060,1653927060);
INSERT INTO player_score VALUES('63290e3df',54,'1bbea6d43','4b4a32580',152880,816,1654025016,1654025016);
INSERT INTO player_score VALUES('6316d722b',54,'1bbea6d43','4bebb38ec',5544,825,1654023106,1654023106);
INSERT INTO player_score VALUES('5fa11d893',54,'1bbea6d43','5680c6837',458896,759,1653930231,1653930231);
INSERT INTO player_score VALUES('635c69331',54,'1bbea6d43','56bd5a532',15480,737,1654030401,1654030401);
INSERT INTO player_score VALUES('63c3af31e',54,'1bbea6d43','56c795f43',25704,854,1654041230,1654041230);
INSERT INTO player_score VALUES('623c5cf89',54,'1bbea6d43','5be426a3f',340470,750,1654000197,1654000197);
INSERT INTO player_score VALUES('6369e2e91',54,'1bbea6d43','5d30e82e7',7293,769,1654031814,1654031814);
INSERT INTO player_score VALUES('63a826dc1',54,'1bbea6d43','5dcff3849',40672,832,1654038343,1654038343);
INSERT INTO player_score VALUES('63521eef8',54,'1c2d339c7','1724e4789',418460,832,1654029322,1654029322);
INSERT INTO player_score VALUES('60f07c053',54,'1c2d339c7','186e1eb48',55552,656,1653965397,1653965397);
INSERT INTO player_score VALUES('5b3b96c5a',54,'1c2d339c7','1c9538068',9072,783,1653812211,1653812211);
INSERT INTO player_score VALUES('6376bb7a7',54,'1c2d339c7','21bd4428f',2537,731,1654033161,1654033161);
INSERT INTO player_score VALUES('4a262e7ba',54,'1c2d339c7','23356055c',40425,621,1653353626,1653353626);
INSERT INTO player_score VALUES('32dbef0bf',54,'1c2d339c7','237ec2f27',145824,386,1652728439,1652728439);
INSERT INTO player_score VALUES('60fd2d888',54,'1c2d339c7','296bc56e0',10152,741,1653966728,1653966728);
INSERT INTO player_score VALUES('41dffc321',54,'1c2d339c7','32b224c98',85869,388,1653131517,1653131517);
INSERT INTO player_score VALUES('621829627',54,'1c2d339c7','40a22c51f',2772,826,1653996401,1653996401);
INSERT INTO player_score VALUES('5ed450573',54,'1c2d339c7','47d809d62',54708,689,1653908756,1653908756);
INSERT INTO player_score VALUES('636a1b127',54,'1c2d339c7','4b4a32580',225720,825,1654031837,1654031837);
INSERT INTO player_score VALUES('633c34937',54,'1c2d339c7','56bd5a532',0,731,1654027024,1654027024);
INSERT INTO player_score VALUES('636c0aa92',54,'1c2d339c7','56c795f43',54432,826,1654032040,1654032040);
INSERT INTO player_score VALUES('625922b3b',54,'1c2d339c7','5be426a3f',28500,767,1654003214,1654003214);
INSERT INTO player_score VALUES('63ab19420',54,'1c2d339c7','5d30e82e7',0,804,1654038652,1654038652);
INSERT INTO player_score VALUES('636aab1a6',54,'1c2d339c7','5dcff3849',162282,805,1654031896,1654031896);
INSERT INTO player_score VALUES('639ab6e8e',54,'1e434e8db','1724e4789',0,835,1654036934,1654036934);
INSERT INTO player_score VALUES('62e9d6282',54,'1e434e8db','186e1eb48',52632,687,1654018387,1654018387);
INSERT INTO player_score VALUES('4850cd59b',54,'1e434e8db','23356055c',15936,596,1653304408,1653304408);
INSERT INTO player_score VALUES('31d0b4636',54,'1e434e8db','237ec2f27',393300,363,1652700418,1652700418);
INSERT INTO player_score VALUES('61fc6dc74',54,'1e434e8db','296bc56e0',16107,761,1653993493,1653993493);
INSERT INTO player_score VALUES('411d10488',54,'1e434e8db','32b224c98',58072,371,1653111078,1653111078);
INSERT INTO player_score VALUES('5ce2ecc94',54,'1e434e8db','3ccc9f7a9',220160,587,1653856601,1653856601);
INSERT INTO player_score VALUES('6224f5c43',54,'1e434e8db','40a22c51f',213444,827,1653997743,1653997743);
INSERT INTO player_score VALUES('5ef0b1f7a',54,'1e434e8db','47d809d62',21228,694,1653911732,1653911732);
INSERT INTO player_score VALUES('6160f86c0',54,'1e434e8db','4b4a32580',448,748,1653977192,1653977192);
INSERT INTO player_score VALUES('629855e1f',54,'1e434e8db','4bebb38ec',95985,805,1654009841,1654009841);
INSERT INTO player_score VALUES('5fd13cde7',54,'1e434e8db','5680c6837',52920,778,1653935277,1653935277);
INSERT INTO player_score VALUES('62fe3ec09',54,'1e434e8db','56bd5a532',55278,722,1654020527,1654020527);
INSERT INTO player_score VALUES('639a09918',54,'1e434e8db','56c795f43',580944,840,1654036863,1654036863);
INSERT INTO player_score VALUES('626dbc1f1',54,'1e434e8db','5be426a3f',66528,773,1654005374,1654005374);
INSERT INTO player_score VALUES('6384faef8',54,'1e434e8db','5d30e82e7',100928,786,1654034655,1654034655);
INSERT INTO player_score VALUES('63a6ebec5',54,'214f0cd18','1724e4789',284144,838,1654038214,1654038214);
INSERT INTO player_score VALUES('5dc968b3b',54,'214f0cd18','186e1eb48',46852,622,1653880769,1653880769);
INSERT INTO player_score VALUES('60755896b',54,'214f0cd18','1c9538068',278144,848,1653952485,1653952485);
INSERT INTO player_score VALUES('63af5c909',54,'214f0cd18','21bd4428f',32640,733,1654039099,1654039099);
INSERT INTO player_score VALUES('49096c876',54,'214f0cd18','23356055c',204750,607,1653323767,1653323767);
INSERT INTO player_score VALUES('332da773f',54,'214f0cd18','237ec2f27',269280,391,1652737008,1652737008);
INSERT INTO player_score VALUES('62cdc034c',54,'214f0cd18','296bc56e0',0,768,1654015442,1654015442);
INSERT INTO player_score VALUES('4180f6023',54,'214f0cd18','32b224c98',442494,379,1653121553,1653121553);
INSERT INTO player_score VALUES('5f9c0d29c',54,'214f0cd18','3ccc9f7a9',36064,638,1653929700,1653929700);
INSERT INTO player_score VALUES('63b06b8ec',54,'214f0cd18','40a22c51f',147186,860,1654039210,1654039210);
INSERT INTO player_score VALUES('5f39143b2',54,'214f0cd18','47d809d62',15246,701,1653919322,1653919322);
INSERT INTO player_score VALUES('60eac80f8',54,'214f0cd18','4b4a32580',334407,732,1653964799,1653964799);
INSERT INTO player_score VALUES('62acd6e8b',54,'214f0cd18','4bebb38ec',62238,809,1654011991,1654011991);
INSERT INTO player_score VALUES('5f934beef',54,'214f0cd18','5680c6837',76531,749,1653928782,1653928782);
INSERT INTO player_score VALUES('63bc0ba4a',54,'214f0cd18','56bd5a532',1890,762,1654040429,1654040429);
INSERT INTO player_score VALUES('638d6e07c',54,'214f0cd18','56c795f43',70200,836,1654035541,1654035541);
INSERT INTO player_score VALUES('6254a4c9d',54,'214f0cd18','5be426a3f',93600,761,1654002743,1654002743);
INSERT INTO player_score VALUES('62ff921d0',54,'214f0cd18','5d30e82e7',0,708,1654020666,1654020666);
INSERT INTO player_score VALUES('639684af6',54,'214f0cd18','5dcff3849',434304,829,1654036494,1654036494);
INSERT INTO player_score VALUES('63a11f8c7',54,'260d86967','1724e4789',7904,837,1654037606,1654037606);
INSERT INTO player_score VALUES('6052bf2af',54,'260d86967','186e1eb48',18700,651,1653948857,1653948857);
INSERT INTO player_score VALUES('5ad2157f6',54,'260d86967','1c9538068',382725,778,1653801148,1653801148);
INSERT INTO player_score VALUES('639296d68',54,'260d86967','21bd4428f',9222,732,1654036082,1654036082);
INSERT INTO player_score VALUES('463e01907',54,'260d86967','23356055c',11475,571,1653248750,1653248750);
INSERT INTO player_score VALUES('319e4b1cc',54,'260d86967','237ec2f27',94248,356,1652695132,1652695132);
INSERT INTO player_score VALUES('6392d16be',54,'260d86967','296bc56e0',6272,779,1654036106,1654036106);
INSERT INTO player_score VALUES('40002746c',54,'260d86967','32b224c98',184320,341,1653081203,1653081203);
INSERT INTO player_score VALUES('5e5f97f91',54,'260d86967','3ccc9f7a9',633144,614,1653896517,1653896517);
INSERT INTO player_score VALUES('622ae1e24',54,'260d86967','40a22c51f',90383,828,1653998364,1653998364);
INSERT INTO player_score VALUES('5ef4234f2',54,'260d86967','47d809d62',19866,695,1653912093,1653912093);
INSERT INTO player_score VALUES('61baa0148',54,'260d86967','4b4a32580',116160,766,1653986593,1653986593);
INSERT INTO player_score VALUES('634153997',54,'260d86967','4bebb38ec',80668,829,1654027561,1654027561);
INSERT INTO player_score VALUES('5fc71e8c2',54,'260d86967','5680c6837',154570,770,1653934216,1653934216);
INSERT INTO player_score VALUES('62226c58e',54,'260d86967','56bd5a532',88452,671,1653997477,1653997477);
INSERT INTO player_score VALUES('636f2de4b',54,'260d86967','56c795f43',48790,827,1654032369,1654032369);
INSERT INTO player_score VALUES('625a3b74d',54,'260d86967','5be426a3f',25200,768,1654003329,1654003329);
INSERT INTO player_score VALUES('634939172',54,'260d86967','5d30e82e7',1920,753,1654028389,1654028389);
INSERT INTO player_score VALUES('62ac44711',54,'260d86967','5dcff3849',18480,697,1654011931,1654011931);
INSERT INTO player_score VALUES('5fe9f7716',54,'2806ad6d4','1724e4789',7104,803,1653937870,1653937870);
INSERT INTO player_score VALUES('609657dd8',54,'2806ad6d4','186e1eb48',82732,655,1653955945,1653955945);
INSERT INTO player_score VALUES('5d3b3003b',54,'2806ad6d4','1c9538068',46800,812,1653865856,1653865856);
INSERT INTO player_score VALUES('5e65226cd',54,'2806ad6d4','21bd4428f',240327,676,1653897098,1653897098);
INSERT INTO player_score VALUES('490e202a1',54,'2806ad6d4','23356055c',41400,608,1653324260,1653324260);
INSERT INTO player_score VALUES('335f68466',54,'2806ad6d4','237ec2f27',70200,398,1652742225,1652742225);
INSERT INTO player_score VALUES('4200e307e',54,'2806ad6d4','32b224c98',3850,394,1653134967,1653134967);
INSERT INTO player_score VALUES('5efb84f4b',54,'2806ad6d4','3ccc9f7a9',19224,625,1653912867,1653912867);
INSERT INTO player_score VALUES('5feff987f',54,'2806ad6d4','40a22c51f',18630,766,1653938500,1653938500);
INSERT INTO player_score VALUES('5ed0bcd15',54,'2806ad6d4','47d809d62',186930,688,1653908381,1653908381);
INSERT INTO player_score VALUES('61aa93332',54,'2806ad6d4','4b4a32580',15912,762,1653984910,1653984910);
INSERT INTO player_score VALUES('638055fe3',54,'2806ad6d4','4bebb38ec',52668,836,1654034168,1654034168);
INSERT INTO player_score VALUES('5f236208b',54,'2806ad6d4','5680c6837',217500,719,1653917047,1653917047);
INSERT INTO player_score VALUES('62aae4e00',54,'2806ad6d4','56bd5a532',45843,706,1654011787,1654011787);
INSERT INTO player_score VALUES('63ae638bb',54,'2806ad6d4','56c795f43',18815,848,1654038997,1654038997);
INSERT INTO player_score VALUES('61fde5c23',54,'2806ad6d4','5be426a3f',92736,721,1653993647,1653993647);
INSERT INTO player_score VALUES('63a458bec',54,'2806ad6d4','5d30e82e7',561,800,1654037944,1654037944);
INSERT INTO player_score VALUES('5b2130f44',54,'292e2c642','1724e4789',71253,750,1653809443,1653809443);
INSERT INTO player_score VALUES('62b3ea6ee',54,'292e2c642','186e1eb48',26448,683,1654012733,1654012733);
INSERT INTO player_score VALUES('61f0b7ba4',54,'292e2c642','1c9538068',0,872,1653992265,1653992265);
INSERT INTO player_score VALUES('60add508c',54,'292e2c642','21bd4428f',20944,699,1653958408,1653958408);
INSERT INTO player_score VALUES('49cc3b24d',54,'292e2c642','23356055c',180200,616,1653344194,1653344194);
INSERT INTO player_score VALUES('335b20148',54,'292e2c642','237ec2f27',124032,395,1652741776,1652741776);
INSERT INTO player_score VALUES('63be24bfb',54,'292e2c642','296bc56e0',0,783,1654040649,1654040649);
INSERT INTO player_score VALUES('421c7ee9c',54,'292e2c642','32b224c98',43296,396,1653137862,1653137862);
INSERT INTO player_score VALUES('62c5742f3',54,'292e2c642','40a22c51f',356250,843,1654014572,1654014572);
INSERT INTO player_score VALUES('5fb18c16b',54,'292e2c642','47d809d62',0,724,1653931954,1653931954);
INSERT INTO player_score VALUES('63c4a8368',54,'292e2c642','4b4a32580',63700,831,1654041332,1654041332);
INSERT INTO player_score VALUES('629783ecd',54,'292e2c642','4bebb38ec',66150,803,1654009755,1654009755);
INSERT INTO player_score VALUES('5fb71b6a4',54,'292e2c642','5680c6837',47500,764,1653932537,1653932537);
INSERT INTO player_score VALUES('6354b48ce',54,'292e2c642','56bd5a532',125424,735,1654029593,1654029593);
INSERT INTO player_score VALUES('63bc17d6b',54,'292e2c642','56c795f43',393825,853,1654040434,1654040434);
INSERT INTO player_score VALUES('63bb98e39',54,'292e2c642','5d30e82e7',10384,817,1654040382,1654040382);
INSERT INTO player_score VALUES('61d9cd0a5',54,'292e2c642','5dcff3849',56700,582,1653989862,1653989862);
INSERT INTO player_score VALUES('5c8293447',54,'295c5e94c','1724e4789',77004,767,1653846498,1653846498);
INSERT INTO player_score VALUES('550cabb95',54,'295c5e94c','186e1eb48',30498,541,1653646230,1653646230);
INSERT INTO player_score VALUES('6066b507f',54,'295c5e94c','1c9538068',178848,847,1653950950,1653950950);
INSERT INTO player_score VALUES('43758ddef',54,'295c5e94c','23356055c',32900,531,1653174044,1653174044);
INSERT INTO player_score VALUES('317aff7ae',54,'295c5e94c','237ec2f27',28083,354,1652691431,1652691431);
INSERT INTO player_score VALUES('5def0cf00',54,'295c5e94c','296bc56e0',221676,709,1653884716,1653884716);
INSERT INTO player_score VALUES('5d23b7b60',54,'295c5e94c','3ccc9f7a9',3904,592,1653863395,1653863395);
INSERT INTO player_score VALUES('5e8f2e93c',54,'295c5e94c','47d809d62',47610,683,1653901507,1653901507);
INSERT INTO player_score VALUES('62a8987ef',54,'295c5e94c','4b4a32580',215040,802,1654011546,1654011546);
INSERT INTO player_score VALUES('61f93493c',54,'295c5e94c','4bebb38ec',15840,782,1653993155,1653993155);
INSERT INTO player_score VALUES('5fd7e9ded',54,'295c5e94c','5680c6837',660440,781,1653935977,1653935977);
INSERT INTO player_score VALUES('63b9b57d4',54,'295c5e94c','56c795f43',26180,851,1654040184,1654040184);
INSERT INTO player_score VALUES('626729fe6',54,'295c5e94c','5be426a3f',98280,771,1654004685,1654004685);
INSERT INTO player_score VALUES('62eb2bf45',54,'295c5e94c','5d30e82e7',251720,697,1654018527,1654018527);
INSERT INTO player_score VALUES('628313ff2',54,'295c5e94c','5dcff3849',33176,674,1654007612,1654007612);
INSERT INTO player_score VALUES('61d01a221',54,'298a1e007','1724e4789',6399,820,1653988845,1653988845);
INSERT INTO player_score VALUES('61bc50358',54,'298a1e007','186e1eb48',158844,670,1653986770,1653986770);
INSERT INTO player_score VALUES('5e65b4ec4',54,'298a1e007','1c9538068',328440,821,1653897158,1653897158);
INSERT INTO player_score VALUES('6365f02e5',54,'298a1e007','21bd4428f',168480,730,1654031400,1654031400);
INSERT INTO player_score VALUES('48d59c601',54,'298a1e007','23356055c',173901,604,1653318334,1653318334);
INSERT INTO player_score VALUES('3282b5409',54,'298a1e007','237ec2f27',177801,379,1652719083,1652719083);
INSERT INTO player_score VALUES('5577b880c',54,'298a1e007','296bc56e0',918,597,1653657455,1653657455);
INSERT INTO player_score VALUES('42050def2',54,'298a1e007','32b224c98',11925,395,1653135404,1653135404);
INSERT INTO player_score VALUES('5e12736db',54,'298a1e007','3ccc9f7a9',272738,607,1653888428,1653888428);
INSERT INTO player_score VALUES('634a48178',54,'298a1e007','40a22c51f',11880,856,1654028500,1654028500);
INSERT INTO player_score VALUES('6382606ea',54,'298a1e007','4b4a32580',27456,829,1654034382,1654034382);
INSERT INTO player_score VALUES('61bb090cb',54,'298a1e007','4bebb38ec',5808,775,1653986636,1653986636);
INSERT INTO player_score VALUES('5fc7284e3',54,'298a1e007','5680c6837',43710,771,1653934220,1653934220);
INSERT INTO player_score VALUES('637bf2f20',54,'298a1e007','56bd5a532',76923,741,1654033708,1654033708);
INSERT INTO player_score VALUES('61f4b1cc6',54,'298a1e007','56c795f43',27360,719,1653992682,1653992682);
INSERT INTO player_score VALUES('61adf3707',54,'298a1e007','5be426a3f',396546,684,1653985264,1653985264);
INSERT INTO player_score VALUES('6392352e3',54,'298a1e007','5d30e82e7',49980,795,1654036042,1654036042);
INSERT INTO player_score VALUES('63af3cd48',54,'298a1e007','5dcff3849',374680,837,1654039086,1654039086);
INSERT INTO player_score VALUES('5de0e8553',54,'2b1c85245','186e1eb48',181815,623,1653883233,1653883233);
INSERT INTO player_score VALUES('60cbce64f',54,'2b1c85245','1c9538068',307200,852,1653961551,1653961551);
INSERT INTO player_score VALUES('5eb861766',54,'2b1c85245','21bd4428f',7446,683,1653905827,1653905827);
INSERT INTO player_score VALUES('46df175d1',54,'2b1c85245','23356055c',29376,580,1653265641,1653265641);
INSERT INTO player_score VALUES('334f8ea80',54,'2b1c85245','237ec2f27',26400,393,1652740563,1652740563);
INSERT INTO player_score VALUES('415a1468d',54,'2b1c85245','32b224c98',89913,375,1653117476,1653117476);
INSERT INTO player_score VALUES('5f1e1bf1e',54,'2b1c85245','3ccc9f7a9',113664,631,1653916494,1653916494);
INSERT INTO player_score VALUES('637b0fe36',54,'2b1c85245','40a22c51f',29160,858,1654033615,1654033615);
INSERT INTO player_score VALUES('5d856225d',54,'2b1c85245','47d809d62',14448,649,1653873636,1653873636);
INSERT INTO player_score VALUES('62dbf377d',54,'2b1c85245','4b4a32580',36890,807,1654016931,1654016931);
INSERT INTO player_score VALUES('61e2b54ee',54,'2b1c85245','4bebb38ec',9360,779,1653990796,1653990796);
INSERT INTO player_score VALUES('63afec9a8',54,'2b1c85245','56bd5a532',72576,760,1654039158,1654039158);
INSERT INTO player_score VALUES('63a774a0c',54,'2b1c85245','56c795f43',68112,844,1654038270,1654038270);
INSERT INTO player_score VALUES('63b8c8a94',54,'2b1c85245','5d30e82e7',183024,813,1654040087,1654040087);
INSERT INTO player_score VALUES('638b63952',54,'2b1c85245','5dcff3849',206388,821,1654035327,1654035327);
INSERT INTO player_score VALUES('60d24a8d2',54,'2d30848c2','1724e4789',109968,811,1653962231,1653962231);
INSERT INTO player_score VALUES('6251f1e0d',54,'2d30848c2','1c9538068',5247,878,1654002460,1654002460);
INSERT INTO player_score VALUES('5e9d72f0d',54,'2d30848c2','21bd4428f',31040,680,1653903003,1653903003);
INSERT INTO player_score VALUES('496a16a34',54,'2d30848c2','23356055c',2670,611,1653333903,1653333903);
INSERT INTO player_score VALUES('335c49efd',54,'2d30848c2','237ec2f27',52728,397,1652741898,1652741898);
INSERT INTO player_score VALUES('62f1f15b0',54,'2d30848c2','296bc56e0',598975,770,1654019237,1654019237);
INSERT INTO player_score VALUES('41e6143d9',54,'2d30848c2','32b224c98',88825,390,1653132156,1653132156);
INSERT INTO player_score VALUES('5a75aeb61',54,'2d30848c2','3ccc9f7a9',107640,545,1653791459,1653791459);
INSERT INTO player_score VALUES('62c281cb2',54,'2d30848c2','40a22c51f',343334,842,1654014263,1654014263);
INSERT INTO player_score VALUES('5f6780feb',54,'2d30848c2','47d809d62',400722,712,1653924190,1653924190);
INSERT INTO player_score VALUES('62a6c3bf2',54,'2d30848c2','4b4a32580',13824,800,1654011354,1654011354);
INSERT INTO player_score VALUES('63c4664fe',54,'2d30848c2','4bebb38ec',12348,843,1654041305,1654041305);
INSERT INTO player_score VALUES('5ebd34cf8',54,'2d30848c2','5680c6837',29160,686,1653906333,1653906333);
INSERT INTO player_score VALUES('639a94bf2',54,'2d30848c2','56bd5a532',0,752,1654036920,1654036920);
INSERT INTO player_score VALUES('63a5395b4',54,'2d30848c2','56c795f43',13312,841,1654038036,1654038036);
INSERT INTO player_score VALUES('624cb0a91',54,'2d30848c2','5be426a3f',140049,757,1654001909,1654001909);
INSERT INTO player_score VALUES('634e64562',54,'2d30848c2','5d30e82e7',111232,757,1654028931,1654028931);
INSERT INTO player_score VALUES('63c600779',54,'2d30848c2','5dcff3849',62084,847,1654041473,1654041473);
INSERT INTO player_score VALUES('60e597f00',54,'3016f1900','1724e4789',70000,813,1653964255,1653964255);
INSERT INTO player_score VALUES('5dcad4778',54,'3016f1900','1c9538068',19404,814,1653880918,1653880918);
INSERT INTO player_score VALUES('5508fd59b',54,'3016f1900','21bd4428f',24250,558,1653645844,1653645844);
INSERT INTO player_score VALUES('4a13e3dd1',54,'3016f1900','23356055c',3772,620,1653351708,1653351708);
INSERT INTO player_score VALUES('32c4262f0',54,'3016f1900','237ec2f27',5112,383,1652725945,1652725945);
INSERT INTO player_score VALUES('63ab0a9d6',54,'3016f1900','296bc56e0',600,781,1654038646,1654038646);
INSERT INTO player_score VALUES('41875ea5e',54,'3016f1900','32b224c98',60000,380,1653122225,1653122225);
INSERT INTO player_score VALUES('5f857091c',54,'3016f1900','3ccc9f7a9',137760,636,1653927329,1653927329);
INSERT INTO player_score VALUES('62d9a7144',54,'3016f1900','40a22c51f',5355,845,1654016690,1654016690);
INSERT INTO player_score VALUES('5f6e48d76',54,'3016f1900','47d809d62',25344,713,1653924901,1653924901);
INSERT INTO player_score VALUES('637797373',54,'3016f1900','4b4a32580',502227,827,1654033251,1654033251);
INSERT INTO player_score VALUES('5f19ec2b3',54,'3016f1900','5680c6837',72600,712,1653916055,1653916055);
INSERT INTO player_score VALUES('63a648557',54,'3016f1900','56bd5a532',35640,754,1654038147,1654038147);
INSERT INTO player_score VALUES('6357cdfef',54,'3016f1900','56c795f43',4864,822,1654029918,1654029918);
INSERT INTO player_score VALUES('623882a23',54,'3016f1900','5be426a3f',49011,748,1653999793,1653999793);
INSERT INTO player_score VALUES('63adac6c9',54,'3016f1900','5d30e82e7',21432,805,1654038922,1654038922);
INSERT INTO player_score VALUES('63323fc0c',54,'3016f1900','5dcff3849',309260,775,1654025980,1654025980);
INSERT INTO player_score VALUES('63aad9c7c',54,'31e85ffa0','1724e4789',10092,839,1654038626,1654038626);
INSERT INTO player_score VALUES('626b7bf84',54,'31e85ffa0','186e1eb48',248040,679,1654005138,1654005138);
INSERT INTO player_score VALUES('6201a056a',54,'31e85ffa0','1c9538068',14580,875,1653994038,1653994038);
INSERT INTO player_score VALUES('570c33e23',54,'31e85ffa0','21bd4428f',122892,571,1653699868,1653699868);
INSERT INTO player_score VALUES('49a129bf3',54,'31e85ffa0','23356055c',92736,614,1653339678,1653339678);
INSERT INTO player_score VALUES('338452f2a',54,'31e85ffa0','237ec2f27',220800,402,1652746096,1652746096);
INSERT INTO player_score VALUES('41fb896ae',54,'31e85ffa0','32b224c98',293475,393,1653134406,1653134406);
INSERT INTO player_score VALUES('6358d5ad6',54,'31e85ffa0','40a22c51f',184338,857,1654030026,1654030026);
INSERT INTO player_score VALUES('5f279e06d',54,'31e85ffa0','47d809d62',164424,699,1653917491,1653917491);
INSERT INTO player_score VALUES('6367ebf98',54,'31e85ffa0','4b4a32580',875,824,1654031608,1654031608);
INSERT INTO player_score VALUES('63ba569ba',54,'31e85ffa0','4bebb38ec',15088,841,1654040250,1654040250);
INSERT INTO player_score VALUES('5fd536f3d',54,'31e85ffa0','5680c6837',629090,780,1653935694,1653935694);
INSERT INTO player_score VALUES('62cd43b51',54,'31e85ffa0','56bd5a532',5160,713,1654015391,1654015391);
INSERT INTO player_score VALUES('63ad01858',54,'31e85ffa0','56c795f43',52800,847,1654038852,1654038852);
INSERT INTO player_score VALUES('625888e0a',54,'31e85ffa0','5be426a3f',16185,765,1654003151,1654003151);
INSERT INTO player_score VALUES('63b9b57d5',54,'31e85ffa0','5d30e82e7',18744,815,1654040184,1654040184);
INSERT INTO player_score VALUES('63a93849d',54,'31e85ffa0','5dcff3849',2688,833,1654038455,1654038455);
INSERT INTO player_score VALUES('5e650a044',54,'35fe44fbc','186e1eb48',122958,628,1653897088,1653897088);
INSERT INTO player_score VALUES('60e906da7',54,'35fe44fbc','1c9538068',125280,856,1653964615,1653964615);
INSERT INTO player_score VALUES('4a43536e1',54,'35fe44fbc','23356055c',398898,623,1653356682,1653356682);
INSERT INTO player_score VALUES('5ff9b6370',54,'35fe44fbc','296bc56e0',0,726,1653939521,1653939521);
INSERT INTO player_score VALUES('5a2aa34ac',54,'35fe44fbc','3ccc9f7a9',0,543,1653783590,1653783590);
INSERT INTO player_score VALUES('6304c4ae9',54,'35fe44fbc','40a22c51f',1080,848,1654021211,1654021211);
INSERT INTO player_score VALUES('5e8aedb93',54,'35fe44fbc','47d809d62',133903,682,1653901061,1653901061);
INSERT INTO player_score VALUES('62686eb33',54,'35fe44fbc','4b4a32580',9240,789,1654004818,1654004818);
INSERT INTO player_score VALUES('620a5f1c9',54,'35fe44fbc','4bebb38ec',13104,784,1653994955,1653994955);
INSERT INTO player_score VALUES('5f99ecb62',54,'35fe44fbc','5680c6837',184800,755,1653929477,1653929477);
INSERT INTO player_score VALUES('638658115',54,'35fe44fbc','56bd5a532',26676,747,1654034798,1654034798);
INSERT INTO player_score VALUES('61ae3f230',54,'35fe44fbc','56c795f43',0,701,1653985295,1653985295);
INSERT INTO player_score VALUES('621a0ccc8',54,'35fe44fbc','5be426a3f',207948,733,1653996599,1653996599);
INSERT INTO player_score VALUES('637e3a6fb',54,'35fe44fbc','5d30e82e7',672695,782,1654033947,1654033947);
INSERT INTO player_score VALUES('6384c7b00',54,'35fe44fbc','5dcff3849',115808,818,1654034634,1654034634);
INSERT INTO player_score VALUES('5cc2763d8',54,'367e235e7','1724e4789',55200,769,1653853197,1653853197);
INSERT INTO player_score VALUES('61b7cfdc9',54,'367e235e7','1c9538068',31752,870,1653986298,1653986298);
INSERT INTO player_score VALUES('5c78245e7',54,'367e235e7','21bd4428f',85544,639,1653845404,1653845404);
INSERT INTO player_score VALUES('419343148',54,'367e235e7','32b224c98',58194,382,1653123472,1653123472);
INSERT INTO player_score VALUES('5efcd100f',54,'367e235e7','3ccc9f7a9',192080,626,1653913003,1653913003);
INSERT INTO player_score VALUES('63265b507',54,'367e235e7','40a22c51f',9030,853,1654024733,1654024733);
INSERT INTO player_score VALUES('5f9ef3588',54,'367e235e7','47d809d62',33210,721,1653930004,1653930004);
INSERT INTO player_score VALUES('618a88127',54,'367e235e7','4b4a32580',170625,756,1653981550,1653981550);
INSERT INTO player_score VALUES('5fb50e84b',54,'367e235e7','5680c6837',186004,763,1653932322,1653932322);
INSERT INTO player_score VALUES('6379fe6fe',54,'367e235e7','56bd5a532',68904,740,1654033503,1654033503);
INSERT INTO player_score VALUES('63540e857',54,'367e235e7','56c795f43',34580,821,1654029525,1654029525);
INSERT INTO player_score VALUES('61fc83bfe',54,'367e235e7','5be426a3f',258075,718,1653993502,1653993502);
INSERT INTO player_score VALUES('638a10369',54,'367e235e7','5d30e82e7',16863,791,1654035188,1654035188);
INSERT INTO player_score VALUES('63c12d1cd',54,'367e235e7','5dcff3849',9396,843,1654040967,1654040967);
INSERT INTO player_score VALUES('5e1f73110',54,'369849b4e','1724e4789',331056,788,1653889791,1653889791);
INSERT INTO player_score VALUES('61702c059',54,'369849b4e','186e1eb48',167832,667,1653978786,1653978786);
INSERT INTO player_score VALUES('53bb7d5c5',54,'369849b4e','1c9538068',66528,682,1653610874,1653610874);
INSERT INTO player_score VALUES('6146e80e3',54,'369849b4e','21bd4428f',260760,705,1653974459,1653974459);
INSERT INTO player_score VALUES('47ce8a2fe',54,'369849b4e','23356055c',62320,592,1653290749,1653290749);
INSERT INTO player_score VALUES('6112681f8',54,'369849b4e','296bc56e0',109089,743,1653968954,1653968954);
INSERT INTO player_score VALUES('41ef0b2ac',54,'369849b4e','32b224c98',359073,392,1653133096,1653133096);
INSERT INTO player_score VALUES('5fa869357',54,'369849b4e','3ccc9f7a9',21328,640,1653930996,1653930996);
INSERT INTO player_score VALUES('62fb7fa41',54,'369849b4e','40a22c51f',426888,847,1654020239,1654020239);
INSERT INTO player_score VALUES('5da554da9',54,'369849b4e','47d809d62',53504,653,1653876986,1653876986);
INSERT INTO player_score VALUES('63b169759',54,'369849b4e','4bebb38ec',109980,838,1654039314,1654039314);
INSERT INTO player_score VALUES('6386ab117',54,'369849b4e','56bd5a532',296820,748,1654034832,1654034832);
INSERT INTO player_score VALUES('623c1b0a9',54,'369849b4e','56c795f43',97008,739,1654000170,1654000170);
INSERT INTO player_score VALUES('6254eb976',54,'369849b4e','5be426a3f',9360,762,1654002772,1654002772);
INSERT INTO player_score VALUES('63ba9afb4',54,'369849b4e','5d30e82e7',40238,816,1654040278,1654040278);
INSERT INTO player_score VALUES('6372cb30a',54,'369849b4e','5dcff3849',6120,811,1654032748,1654032748);
INSERT INTO player_score VALUES('5bb5b4f86',54,'3d2022def','1724e4789',305976,758,1653825016,1653825016);
INSERT INTO player_score VALUES('61d5280f6',54,'3d2022def','186e1eb48',9472,673,1653989375,1653989375);
INSERT INTO player_score VALUES('617e5cd40',54,'3d2022def','1c9538068',97185,865,1653980274,1653980274);
INSERT INTO player_score VALUES('5cdabb9e7',54,'3d2022def','21bd4428f',179580,647,1653855742,1653855742);
INSERT INTO player_score VALUES('497579ab4',54,'3d2022def','23356055c',7776,612,1653335097,1653335097);
INSERT INTO player_score VALUES('41c87a1e3',54,'3d2022def','32b224c98',1476,385,1653129052,1653129052);
INSERT INTO player_score VALUES('5e41ea536',54,'3d2022def','3ccc9f7a9',2002,610,1653893405,1653893405);
INSERT INTO player_score VALUES('5e41afb77',54,'3d2022def','47d809d62',28609,677,1653893381,1653893381);
INSERT INTO player_score VALUES('6111e4474',54,'3d2022def','4bebb38ec',31752,753,1653968900,1653968900);
INSERT INTO player_score VALUES('5e9fb7f9e',54,'3d2022def','5680c6837',140306,681,1653903241,1653903241);
INSERT INTO player_score VALUES('61cd8bd77',54,'3d2022def','56bd5a532',98400,649,1653988577,1653988577);
INSERT INTO player_score VALUES('6321a5431',54,'3d2022def','56c795f43',32242,804,1654024239,1654024239);
INSERT INTO player_score VALUES('626eb044c',54,'3d2022def','5be426a3f',207900,775,1654005474,1654005474);
INSERT INTO player_score VALUES('63c1ae7e8',54,'3d2022def','5d30e82e7',149234,819,1654041020,1654041020);
INSERT INTO player_score VALUES('63c5f6afc',54,'3d2022def','5dcff3849',532530,846,1654041469,1654041469);
INSERT INTO player_score VALUES('5db089821',54,'40ec264f5','1724e4789',63360,782,1653878161,1653878161);
INSERT INTO player_score VALUES('611cbe9c5',54,'40ec264f5','186e1eb48',25200,660,1653970038,1653970038);
INSERT INTO player_score VALUES('5fffc6f28',54,'40ec264f5','1c9538068',113344,843,1653940157,1653940157);
INSERT INTO player_score VALUES('5b0a24175',54,'40ec264f5','21bd4428f',34960,620,1653807026,1653807026);
INSERT INTO player_score VALUES('3e76d93e9',54,'40ec264f5','23356055c',369600,461,1653039962,1653039962);
INSERT INTO player_score VALUES('6113c7abf',54,'40ec264f5','296bc56e0',188160,744,1653969098,1653969098);
INSERT INTO player_score VALUES('41d4dd80a',54,'40ec264f5','32b224c98',33264,386,1653130351,1653130351);
INSERT INTO player_score VALUES('6272e27d0',54,'40ec264f5','40a22c51f',40768,835,1654005914,1654005914);
INSERT INTO player_score VALUES('5e2d8b79e',54,'40ec264f5','47d809d62',44928,673,1653891269,1653891269);
INSERT INTO player_score VALUES('634459893',54,'40ec264f5','4bebb38ec',178848,830,1654027878,1654027878);
INSERT INTO player_score VALUES('5f57a283c',54,'40ec264f5','5680c6837',435922,733,1653922526,1653922526);
INSERT INTO player_score VALUES('63ab38ff8',54,'40ec264f5','56bd5a532',133920,757,1654038665,1654038665);
INSERT INTO player_score VALUES('632a1d3d6',54,'40ec264f5','56c795f43',13122,808,1654025127,1654025127);
INSERT INTO player_score VALUES('6186de935',54,'40ec264f5','5be426a3f',25675,667,1653981166,1653981166);
INSERT INTO player_score VALUES('632e6f2e6',54,'40ec264f5','5dcff3849',36540,771,1654025580,1654025580);
INSERT INTO player_score VALUES('5d2216388',54,'43bf65ad7','1724e4789',81200,775,1653863224,1653863224);
INSERT INTO player_score VALUES('62aa266e8',54,'43bf65ad7','186e1eb48',38998,682,1654011709,1654011709);
INSERT INTO player_score VALUES('5f286d8ca',54,'43bf65ad7','1c9538068',460265,837,1653917576,1653917576);
INSERT INTO player_score VALUES('5fc352deb',54,'43bf65ad7','21bd4428f',197064,693,1653933818,1653933818);
INSERT INTO player_score VALUES('48b046439',54,'43bf65ad7','23356055c',96976,602,1653314419,1653314419);
INSERT INTO player_score VALUES('62e7f2c10',54,'43bf65ad7','296bc56e0',395158,769,1654018189,1654018189);
INSERT INTO player_score VALUES('6079180ea',54,'43bf65ad7','40a22c51f',12375,785,1653952878,1653952878);
INSERT INTO player_score VALUES('623c0ed52',54,'43bf65ad7','4b4a32580',112176,786,1654000165,1654000165);
INSERT INTO player_score VALUES('62acef53f',54,'43bf65ad7','4bebb38ec',68068,810,1654012001,1654012001);
INSERT INTO player_score VALUES('5fcc511cf',54,'43bf65ad7','5680c6837',2106,775,1653934761,1653934761);
INSERT INTO player_score VALUES('6382a25cf',54,'43bf65ad7','56bd5a532',249288,745,1654034409,1654034409);
INSERT INTO player_score VALUES('6372b5350',54,'43bf65ad7','56c795f43',54880,829,1654032739,1654032739);
INSERT INTO player_score VALUES('61a266e61',54,'43bf65ad7','5be426a3f',31773,678,1653984053,1653984053);
INSERT INTO player_score VALUES('63353223c',54,'43bf65ad7','5d30e82e7',0,744,1654026289,1654026289);
INSERT INTO player_score VALUES('63bb855aa',54,'43bf65ad7','5dcff3849',15730,842,1654040374,1654040374);
INSERT INTO player_score VALUES('4dfea1862',54,'4430b679a','1724e4789',113176,619,1653456853,1653456853);
INSERT INTO player_score VALUES('622ecfba7',54,'4430b679a','186e1eb48',362780,677,1653998776,1653998776);
INSERT INTO player_score VALUES('6213512b0',54,'4430b679a','1c9538068',78234,876,1653995893,1653995893);
INSERT INTO player_score VALUES('60d4a3238',54,'4430b679a','21bd4428f',35259,702,1653962477,1653962477);
INSERT INTO player_score VALUES('49fdadd49',54,'4430b679a','23356055c',171680,619,1653349379,1653349379);
INSERT INTO player_score VALUES('6342650ac',54,'4430b679a','296bc56e0',116550,775,1654027673,1654027673);
INSERT INTO player_score VALUES('5d373d441',54,'4430b679a','3ccc9f7a9',69300,594,1653865442,1653865442);
INSERT INTO player_score VALUES('62d7b50b5',54,'4430b679a','40a22c51f',128260,844,1654016486,1654016486);
INSERT INTO player_score VALUES('5f66e4c1d',54,'4430b679a','47d809d62',47628,711,1653924126,1653924126);
INSERT INTO player_score VALUES('63589d84b',54,'4430b679a','4b4a32580',702,822,1654030003,1654030003);
INSERT INTO player_score VALUES('601713494',54,'4430b679a','4bebb38ec',233120,703,1653942600,1653942600);
INSERT INTO player_score VALUES('5f598d3a1',54,'4430b679a','5680c6837',36456,734,1653922727,1653922727);
INSERT INTO player_score VALUES('63802c793',54,'4430b679a','56bd5a532',564975,744,1654034151,1654034151);
INSERT INTO player_score VALUES('636593645',54,'4430b679a','56c795f43',96460,825,1654031362,1654031362);
INSERT INTO player_score VALUES('62590cb6b',54,'4430b679a','5be426a3f',202800,766,1654003205,1654003205);
INSERT INTO player_score VALUES('62c98b8ea',54,'4430b679a','5d30e82e7',78764,680,1654015001,1654015001);
INSERT INTO player_score VALUES('633eeed16',54,'4430b679a','5dcff3849',448140,783,1654027310,1654027310);
INSERT INTO player_score VALUES('5e2bb449c',54,'44820d3c1','1724e4789',8160,790,1653891076,1653891076);
INSERT INTO player_score VALUES('63a5a735f',54,'44820d3c1','186e1eb48',29700,690,1654038081,1654038081);
INSERT INTO player_score VALUES('5681b355e',54,'44820d3c1','1c9538068',40950,713,1653685345,1653685345);
INSERT INTO player_score VALUES('60b60b189',54,'44820d3c1','21bd4428f',37444,700,1653959269,1653959269);
INSERT INTO player_score VALUES('47c75bcf8',54,'44820d3c1','23356055c',122672,591,1653289996,1653289996);
INSERT INTO player_score VALUES('6333a431a',54,'44820d3c1','296bc56e0',6384,773,1654026126,1654026126);
INSERT INTO player_score VALUES('6386273fc',54,'44820d3c1','40a22c51f',642528,859,1654034778,1654034778);
INSERT INTO player_score VALUES('5ee553d0d',54,'44820d3c1','47d809d62',276640,692,1653910540,1653910540);
INSERT INTO player_score VALUES('61a94999f',54,'44820d3c1','4b4a32580',177674,761,1653984775,1653984775);
INSERT INTO player_score VALUES('62f9a6003',54,'44820d3c1','4bebb38ec',13720,820,1654020045,1654020045);
INSERT INTO player_score VALUES('5f7c1ce2e',54,'44820d3c1','5680c6837',4753,746,1653926351,1653926351);
INSERT INTO player_score VALUES('63801dd2c',54,'44820d3c1','56bd5a532',0,743,1654034145,1654034145);
INSERT INTO player_score VALUES('63851f927',54,'44820d3c1','56c795f43',31842,835,1654034670,1654034670);
INSERT INTO player_score VALUES('621c4f685',54,'44820d3c1','5be426a3f',28665,738,1653996836,1653996836);
INSERT INTO player_score VALUES('639c44dcc',54,'44820d3c1','5d30e82e7',558404,798,1654037097,1654037097);
INSERT INTO player_score VALUES('63722799a',54,'44820d3c1','5dcff3849',197600,810,1654032681,1654032681);
INSERT INTO player_score VALUES('5cc4d1451',54,'476cc7543','1724e4789',48960,770,1653853444,1653853444);
INSERT INTO player_score VALUES('62bccb609',54,'476cc7543','186e1eb48',17845,685,1654013664,1654013664);
INSERT INTO player_score VALUES('6085ee32f',54,'476cc7543','1c9538068',281400,850,1653954224,1653954224);
INSERT INTO player_score VALUES('5d2b98504',54,'476cc7543','21bd4428f',219640,658,1653864221,1653864221);
INSERT INTO player_score VALUES('48ef3c6e5',54,'476cc7543','23356055c',28080,606,1653321021,1653321021);
INSERT INTO player_score VALUES('62f29eaf2',54,'476cc7543','296bc56e0',193936,771,1654019308,1654019308);
INSERT INTO player_score VALUES('5e46d8840',54,'476cc7543','3ccc9f7a9',38258,611,1653893922,1653893922);
INSERT INTO player_score VALUES('61d4dc633',54,'476cc7543','40a22c51f',121800,820,1653989344,1653989344);
INSERT INTO player_score VALUES('5ee1d63ee',54,'476cc7543','47d809d62',329280,690,1653910174,1653910174);
INSERT INTO player_score VALUES('62c6636f1',54,'476cc7543','4b4a32580',6825,804,1654014670,1654014670);
INSERT INTO player_score VALUES('5fc4ed071',54,'476cc7543','4bebb38ec',7224,688,1653933986,1653933986);
INSERT INTO player_score VALUES('5fdff3f9b',54,'476cc7543','5680c6837',3780,783,1653936820,1653936820);
INSERT INTO player_score VALUES('637f6b9cf',54,'476cc7543','56bd5a532',3186,742,1654034072,1654034072);
INSERT INTO player_score VALUES('614435260',54,'476cc7543','5be426a3f',224770,638,1653974176,1653974176);
INSERT INTO player_score VALUES('63c1f2df3',54,'476cc7543','5d30e82e7',74088,821,1654041048,1654041048);
INSERT INTO player_score VALUES('638987825',54,'476cc7543','5dcff3849',67000,820,1654035132,1654035132);
INSERT INTO player_score VALUES('629f2ed13',54,'476dd8c2b','1724e4789',37760,828,1654010559,1654010559);
INSERT INTO player_score VALUES('63aecc817',54,'476dd8c2b','186e1eb48',22176,691,1654039040,1654039040);
INSERT INTO player_score VALUES('6173764c8',54,'476dd8c2b','1c9538068',25935,864,1653979131,1653979131);
INSERT INTO player_score VALUES('63505db70',54,'476dd8c2b','21bd4428f',61318,727,1654029138,1654029138);
INSERT INTO player_score VALUES('4879b48a8',54,'476dd8c2b','23356055c',81600,599,1653308697,1653308697);
INSERT INTO player_score VALUES('5f97aefb4',54,'476dd8c2b','3ccc9f7a9',45990,637,1653929242,1653929242);
INSERT INTO player_score VALUES('606500061',54,'476dd8c2b','40a22c51f',40392,783,1653950771,1653950771);
INSERT INTO player_score VALUES('5b9aeb107',54,'476dd8c2b','47d809d62',23520,592,1653822207,1653822207);
INSERT INTO player_score VALUES('634bd127b',54,'476dd8c2b','4b4a32580',21344,819,1654028661,1654028661);
INSERT INTO player_score VALUES('62c93618e',54,'476dd8c2b','4bebb38ec',355200,815,1654014966,1654014966);
INSERT INTO player_score VALUES('63a774a0d',54,'476dd8c2b','56c795f43',32384,843,1654038270,1654038270);
INSERT INTO player_score VALUES('620ac819b',54,'476dd8c2b','5be426a3f',126360,728,1653994998,1653994998);
INSERT INTO player_score VALUES('63aabeed4',54,'476dd8c2b','5dcff3849',1872,835,1654038615,1654038615);
INSERT INTO player_score VALUES('5d99cac4a',54,'477aebedb','1724e4789',132000,780,1653875776,1653875776);
INSERT INTO player_score VALUES('60020e6eb',54,'477aebedb','186e1eb48',22200,645,1653940396,1653940396);
INSERT INTO player_score VALUES('5f0c1d038',54,'477aebedb','1c9538068',225852,834,1653914607,1653914607);
INSERT INTO player_score VALUES('633eb919a',54,'477aebedb','21bd4428f',68970,726,1654027288,1654027288);
INSERT INTO player_score VALUES('434e39806',54,'477aebedb','23356055c',298368,529,1653169920,1653169920);
INSERT INTO player_score VALUES('63bd3097d',54,'477aebedb','296bc56e0',34830,782,1654040549,1654040549);
INSERT INTO player_score VALUES('5f02c6dd2',54,'477aebedb','3ccc9f7a9',275356,628,1653913628,1653913628);
INSERT INTO player_score VALUES('6325efe1b',54,'477aebedb','40a22c51f',28809,852,1654024689,1654024689);
INSERT INTO player_score VALUES('5f5f28c7e',54,'477aebedb','47d809d62',592952,709,1653923315,1653923315);
INSERT INTO player_score VALUES('621b713ba',54,'477aebedb','4b4a32580',85690,782,1653996745,1653996745);
INSERT INTO player_score VALUES('60bc7146f',54,'477aebedb','4bebb38ec',4640,735,1653959940,1653959940);
INSERT INTO player_score VALUES('5fa74b942',54,'477aebedb','5680c6837',1320,761,1653930879,1653930879);
INSERT INTO player_score VALUES('637fc3819',54,'477aebedb','56c795f43',364658,833,1654034108,1654034108);
INSERT INTO player_score VALUES('62503a6de',54,'477aebedb','5be426a3f',141312,760,1654002280,1654002280);
INSERT INTO player_score VALUES('636dbacac',54,'477aebedb','5d30e82e7',174096,773,1654032217,1654032217);
INSERT INTO player_score VALUES('636d459e8',54,'477aebedb','5dcff3849',20400,807,1654032169,1654032169);
INSERT INTO player_score VALUES('625628f8d',54,'47ac8d062','1724e4789',15744,824,1654002902,1654002902);
INSERT INTO player_score VALUES('63721dd5a',54,'47ac8d062','186e1eb48',577344,689,1654032677,1654032677);
INSERT INTO player_score VALUES('5ebcb5dd1',54,'47ac8d062','1c9538068',43956,829,1653906281,1653906281);
INSERT INTO player_score VALUES('616ca2444',54,'47ac8d062','21bd4428f',7524,710,1653978415,1653978415);
INSERT INTO player_score VALUES('4191a1998',54,'47ac8d062','23356055c',8640,509,1653123301,1653123301);
INSERT INTO player_score VALUES('62a3c5215',54,'47ac8d062','296bc56e0',142506,767,1654011040,1654011040);
INSERT INTO player_score VALUES('5f17bd143',54,'47ac8d062','40a22c51f',41860,745,1653915826,1653915826);
INSERT INTO player_score VALUES('5d05e2ff8',54,'47ac8d062','47d809d62',33600,630,1653860267,1653860267);
INSERT INTO player_score VALUES('60362cb75',54,'47ac8d062','4b4a32580',18290,710,1653945861,1653945861);
INSERT INTO player_score VALUES('635c3ad01',54,'47ac8d062','4bebb38ec',100188,834,1654030382,1654030382);
INSERT INTO player_score VALUES('5f74b1776',54,'47ac8d062','5680c6837',58311,743,1653925573,1653925573);
INSERT INTO player_score VALUES('639f41053',54,'47ac8d062','56bd5a532',124416,753,1654037410,1654037410);
INSERT INTO player_score VALUES('6396ae315',54,'47ac8d062','56c795f43',684335,837,1654036511,1654036511);
INSERT INTO player_score VALUES('6207d8228',54,'47ac8d062','5be426a3f',74175,727,1653994690,1653994690);
INSERT INTO player_score VALUES('63acf7c49',54,'47ac8d062','5dcff3849',73260,836,1654038848,1654038848);
INSERT INTO player_score VALUES('6180b08a4',54,'49be9f42c','1724e4789',9504,815,1653980518,1653980518);
INSERT INTO player_score VALUES('61bd4baa3',54,'49be9f42c','186e1eb48',43700,671,1653986873,1653986873);
INSERT INTO player_score VALUES('586dbfb0d',54,'49be9f42c','1c9538068',207207,744,1653736940,1653736940);
INSERT INTO player_score VALUES('635a6af46',54,'49be9f42c','21bd4428f',270270,729,1654030192,1654030192);
INSERT INTO player_score VALUES('48b4df097',54,'49be9f42c','23356055c',446958,603,1653314901,1653314901);
INSERT INTO player_score VALUES('6361fafc9',54,'49be9f42c','296bc56e0',5782,777,1654030985,1654030985);
INSERT INTO player_score VALUES('5f22b7224',54,'49be9f42c','3ccc9f7a9',142623,632,1653916977,1653916977);
INSERT INTO player_score VALUES('628b36834',54,'49be9f42c','40a22c51f',107328,839,1654008465,1654008465);
INSERT INTO player_score VALUES('5f6f110b7',54,'49be9f42c','47d809d62',100740,714,1653924983,1653924983);
INSERT INTO player_score VALUES('5f5eb1239',54,'49be9f42c','4b4a32580',39680,678,1653923266,1653923266);
INSERT INTO player_score VALUES('62bed84ac',54,'49be9f42c','4bebb38ec',86400,812,1654013879,1654013879);
INSERT INTO player_score VALUES('63836cfef',54,'49be9f42c','56bd5a532',30000,746,1654034492,1654034492);
INSERT INTO player_score VALUES('62f5a22c0',54,'49be9f42c','56c795f43',6032,791,1654019624,1654019624);
INSERT INTO player_score VALUES('638baccee',54,'49be9f42c','5d30e82e7',8613,793,1654035357,1654035357);
INSERT INTO player_score VALUES('63b487cb6',54,'49be9f42c','5dcff3849',409200,839,1654039641,1654039641);
INSERT INTO player_score VALUES('621652309',54,'49d517383','1724e4789',35088,823,1653996208,1653996208);
INSERT INTO player_score VALUES('5f4c50908',54,'49d517383','186e1eb48',39204,636,1653921339,1653921339);
INSERT INTO player_score VALUES('5ca209786',54,'49d517383','1c9538068',102,799,1653849797,1653849797);
INSERT INTO player_score VALUES('63198a0e9',54,'49d517383','21bd4428f',13122,725,1654023389,1654023389);
INSERT INTO player_score VALUES('4a270ca75',54,'49d517383','23356055c',10325,622,1653353717,1653353717);
INSERT INTO player_score VALUES('5cd41d4d5',54,'49d517383','296bc56e0',10260,699,1653855048,1653855048);
INSERT INTO player_score VALUES('5e893b256',54,'49d517383','3ccc9f7a9',42840,616,1653900883,1653900883);
INSERT INTO player_score VALUES('627d16c8b',54,'49d517383','40a22c51f',69776,836,1654006984,1654006984);
INSERT INTO player_score VALUES('5fc02fa57',54,'49d517383','47d809d62',4114,726,1653933489,1653933489);
INSERT INTO player_score VALUES('62cf77a89',54,'49d517383','4b4a32580',110814,805,1654015622,1654015622);
INSERT INTO player_score VALUES('63c3b4136',54,'49d517383','4bebb38ec',223212,842,1654041232,1654041232);
INSERT INTO player_score VALUES('5fc52ef19',54,'49d517383','5680c6837',14352,769,1653934013,1653934013);
INSERT INTO player_score VALUES('61e530114',54,'49d517383','56bd5a532',175230,655,1653991056,1653991056);
INSERT INTO player_score VALUES('62fe2b389',54,'49d517383','56c795f43',3320,795,1654020519,1654020519);
INSERT INTO player_score VALUES('61f583c4e',54,'49d517383','5be426a3f',177375,713,1653992768,1653992768);
INSERT INTO player_score VALUES('63ae01e4d',54,'49d517383','5d30e82e7',5478,806,1654038957,1654038957);
INSERT INTO player_score VALUES('63b4f33b8',54,'49d517383','5dcff3849',61236,840,1654039685,1654039685);
INSERT INTO player_score VALUES('625a00de3',54,'4acb915b3','1724e4789',34224,825,1654003305,1654003305);
INSERT INTO player_score VALUES('61676fb04',54,'4acb915b3','186e1eb48',167567,665,1653977870,1653977870);
INSERT INTO player_score VALUES('58685c477',54,'4acb915b3','1c9538068',47064,742,1653736375,1653736375);
INSERT INTO player_score VALUES('6162d6ed5',54,'4acb915b3','21bd4428f',0,709,1653977388,1653977388);
INSERT INTO player_score VALUES('634e38613',54,'4acb915b3','296bc56e0',442800,776,1654028913,1654028913);
INSERT INTO player_score VALUES('5e03fbd00',54,'4acb915b3','3ccc9f7a9',60060,605,1653886911,1653886911);
INSERT INTO player_score VALUES('61d6349eb',54,'4acb915b3','40a22c51f',63360,821,1653989485,1653989485);
INSERT INTO player_score VALUES('5f5d7632c',54,'4acb915b3','47d809d62',884,708,1653923137,1653923137);
INSERT INTO player_score VALUES('628863dd2',54,'4acb915b3','4b4a32580',9486,792,1654008169,1654008169);
INSERT INTO player_score VALUES('63a028f6d',54,'4acb915b3','4bebb38ec',102850,837,1654037505,1654037505);
INSERT INTO player_score VALUES('5fa0380c9',54,'4acb915b3','5680c6837',469560,758,1653930137,1653930137);
INSERT INTO player_score VALUES('63aab79a3',54,'4acb915b3','56bd5a532',83160,755,1654038612,1654038612);
INSERT INTO player_score VALUES('63994d994',54,'4acb915b3','56c795f43',263376,838,1654036786,1654036786);
INSERT INTO player_score VALUES('626d8669e',54,'4acb915b3','5be426a3f',134850,772,1654005352,1654005352);
INSERT INTO player_score VALUES('63a730474',54,'4acb915b3','5d30e82e7',195840,801,1654038242,1654038242);
INSERT INTO player_score VALUES('63baf0707',54,'4acb915b3','5dcff3849',87542,841,1654040313,1654040313);
INSERT INTO player_score VALUES('5e3436045',54,'4d993a0ce','1724e4789',134355,791,1653891968,1653891968);
INSERT INTO player_score VALUES('58fd928ad',54,'4d993a0ce','1c9538068',121030,753,1653752021,1653752021);
INSERT INTO player_score VALUES('610013bc9',54,'4d993a0ce','21bd4428f',17490,703,1653967032,1653967032);
INSERT INTO player_score VALUES('5f18ebcea',54,'4d993a0ce','296bc56e0',73372,724,1653915950,1653915950);
INSERT INTO player_score VALUES('5ebb84ae3',54,'4d993a0ce','3ccc9f7a9',4800,623,1653906156,1653906156);
INSERT INTO player_score VALUES('60fcf2f2b',54,'4d993a0ce','4b4a32580',107707,733,1653966704,1653966704);
INSERT INTO player_score VALUES('622c1cd36',54,'4d993a0ce','4bebb38ec',350523,790,1653998493,1653998493);
INSERT INTO player_score VALUES('5f98242dc',54,'4d993a0ce','5680c6837',399168,752,1653929290,1653929290);
INSERT INTO player_score VALUES('62e43a9c4',54,'4d993a0ce','56c795f43',557568,788,1654017799,1654017799);
INSERT INTO player_score VALUES('61fe8e39d',54,'4d993a0ce','5be426a3f',46956,722,1653993716,1653993716);
INSERT INTO player_score VALUES('62675ad77',54,'4d993a0ce','5d30e82e7',227772,642,1654004705,1654004705);
INSERT INTO player_score VALUES('635bbe4dd',54,'4d993a0ce','5dcff3849',18480,798,1654030331,1654030331);
INSERT INTO player_score VALUES('628d4ac11',54,'4de6f3881','1724e4789',113960,826,1654008683,1654008683);
INSERT INTO player_score VALUES('61ceda4aa',54,'4de6f3881','186e1eb48',218080,672,1653988714,1653988714);
INSERT INTO player_score VALUES('5f3d021a0',54,'4de6f3881','1c9538068',11704,838,1653919734,1653919734);
INSERT INTO player_score VALUES('5ec68fd2d',54,'4de6f3881','21bd4428f',6068,684,1653907314,1653907314);
INSERT INTO player_score VALUES('61b15d781',54,'4de6f3881','296bc56e0',4617,758,1653985622,1653985622);
INSERT INTO player_score VALUES('5f01b7ddc',54,'4de6f3881','3ccc9f7a9',265680,627,1653913517,1653913517);
INSERT INTO player_score VALUES('61b2a7120',54,'4de6f3881','40a22c51f',34680,814,1653985757,1653985757);
INSERT INTO player_score VALUES('5e302fbc2',54,'4de6f3881','47d809d62',16575,674,1653891546,1653891546);
INSERT INTO player_score VALUES('61ca180cf',54,'4de6f3881','4b4a32580',28000,768,1653988215,1653988215);
INSERT INTO player_score VALUES('63652cd8d',54,'4de6f3881','4bebb38ec',77672,835,1654031320,1654031320);
INSERT INTO player_score VALUES('5f8020b4f',54,'4de6f3881','5680c6837',245630,747,1653926772,1653926772);
INSERT INTO player_score VALUES('63c312efa',54,'4de6f3881','56bd5a532',858,764,1654041166,1654041166);
INSERT INTO player_score VALUES('6343fcc45',54,'4de6f3881','56c795f43',34020,816,1654027840,1654027840);
INSERT INTO player_score VALUES('638aebf07',54,'4de6f3881','5d30e82e7',88466,792,1654035278,1654035278);
INSERT INTO player_score VALUES('63c2aed75',54,'4de6f3881','5dcff3849',442472,844,1654041125,1654041125);
INSERT INTO player_score VALUES('63c407143',54,'4fe88fe43','1724e4789',4536,840,1654041266,1654041266);
INSERT INTO player_score VALUES('5f94512ba',54,'4fe88fe43','186e1eb48',79376,640,1653928889,1653928889);
INSERT INTO player_score VALUES('5c4eaab18',54,'4fe88fe43','1c9538068',142200,792,1653841055,1653841055);
INSERT INTO player_score VALUES('60b743961',54,'4fe88fe43','21bd4428f',33880,701,1653959397,1653959397);
INSERT INTO player_score VALUES('618128297',54,'4fe88fe43','296bc56e0',7611,755,1653980567,1653980567);
INSERT INTO player_score VALUES('5fa7d92a4',54,'4fe88fe43','3ccc9f7a9',89318,639,1653930937,1653930937);
INSERT INTO player_score VALUES('635410f85',54,'4fe88fe43','4b4a32580',47988,821,1654029526,1654029526);
INSERT INTO player_score VALUES('5f1afb2a5',54,'4fe88fe43','5680c6837',44436,714,1653916166,1653916166);
INSERT INTO player_score VALUES('61bb96a92',54,'4fe88fe43','56c795f43',70470,703,1653986694,1653986694);
INSERT INTO player_score VALUES('626eeadcb',54,'4fe88fe43','5be426a3f',122640,776,1654005498,1654005498);
INSERT INTO player_score VALUES('6351f2f9c',54,'4fe88fe43','5d30e82e7',0,760,1654029304,1654029304);
INSERT INTO player_score VALUES('631eed775',54,'54ec2416e','1724e4789',145800,831,1654023954,1654023954);
INSERT INTO player_score VALUES('611647543',54,'54ec2416e','186e1eb48',26208,659,1653969360,1653969360);
INSERT INTO player_score VALUES('628aa677f',54,'54ec2416e','1c9538068',11264,880,1654008406,1654008406);
INSERT INTO player_score VALUES('5de34aae1',54,'54ec2416e','21bd4428f',349200,668,1653883483,1653883483);
INSERT INTO player_score VALUES('6299da148',54,'54ec2416e','296bc56e0',24200,766,1654010000,1654010000);
INSERT INTO player_score VALUES('5ea9e4f9a',54,'54ec2416e','3ccc9f7a9',86400,620,1653904308,1653904308);
INSERT INTO player_score VALUES('60cb51dce',54,'54ec2416e','40a22c51f',15120,795,1653961500,1653961500);
INSERT INTO player_score VALUES('5e19e3bcc',54,'54ec2416e','47d809d62',52020,668,1653889208,1653889208);
INSERT INTO player_score VALUES('6386a3c02',54,'54ec2416e','4b4a32580',27720,830,1654034829,1654034829);
INSERT INTO player_score VALUES('5e4ef3b60',54,'54ec2416e','5680c6837',33408,659,1653894772,1653894772);
INSERT INTO player_score VALUES('63b37b3ed',54,'54ec2416e','56bd5a532',0,761,1654039531,1654039531);
INSERT INTO player_score VALUES('62632ff1b',54,'54ec2416e','56c795f43',139490,748,1654004268,1654004268);
INSERT INTO player_score VALUES('613710dfc',54,'54ec2416e','5be426a3f',220038,630,1653972798,1653972798);
INSERT INTO player_score VALUES('635e3df3e',54,'54ec2416e','5d30e82e7',146124,761,1654030593,1654030593);
INSERT INTO player_score VALUES('63c37e5f3',54,'54ec2416e','5dcff3849',78408,845,1654041210,1654041210);
INSERT INTO player_score VALUES('5f4e36657',54,'5a0327db2','1724e4789',103194,798,1653921538,1653921538);
INSERT INTO player_score VALUES('61a630264',54,'5a0327db2','186e1eb48',316800,669,1653984450,1653984450);
INSERT INTO player_score VALUES('62513d35e',54,'5a0327db2','1c9538068',283360,877,1654002386,1654002386);
INSERT INTO player_score VALUES('63567d142',54,'5a0327db2','21bd4428f',456778,728,1654029780,1654029780);
INSERT INTO player_score VALUES('628e8d04e',54,'5a0327db2','296bc56e0',98010,765,1654008815,1654008815);
INSERT INTO player_score VALUES('5c4e999a8',54,'5a0327db2','3ccc9f7a9',84672,575,1653841048,1653841048);
INSERT INTO player_score VALUES('5ee369195',54,'5a0327db2','40a22c51f',86190,742,1653910339,1653910339);
INSERT INTO player_score VALUES('5f535a523',54,'5a0327db2','47d809d62',12168,705,1653922077,1653922077);
INSERT INTO player_score VALUES('630d6d7c4',54,'5a0327db2','4b4a32580',317952,811,1654022119,1654022119);
INSERT INTO player_score VALUES('62d7906cb',54,'5a0327db2','4bebb38ec',1568,818,1654016471,1654016471);
INSERT INTO player_score VALUES('5e5caf578',54,'5a0327db2','5680c6837',14904,662,1653896212,1653896212);
INSERT INTO player_score VALUES('63be0503d',54,'5a0327db2','56bd5a532',117096,763,1654040636,1654040636);
INSERT INTO player_score VALUES('633244a1a',54,'5a0327db2','56c795f43',118272,810,1654025982,1654025982);
INSERT INTO player_score VALUES('626f0d0ad',54,'5a0327db2','5be426a3f',29988,777,1654005512,1654005512);
INSERT INTO player_score VALUES('636c3dee4',54,'5a0327db2','5d30e82e7',79560,772,1654032061,1654032061);
INSERT INTO player_score VALUES('637ea36b6',54,'5a0327db2','5dcff3849',284928,814,1654033990,1654033990);
INSERT INTO player_score VALUES('61b6e7ef8',54,'5a52c7288','1724e4789',102510,819,1653986203,1653986203);
INSERT INTO player_score VALUES('5f0ee5e3f',54,'5a52c7288','186e1eb48',55814,633,1653914899,1653914899);
INSERT INTO player_score VALUES('5c880551b',54,'5a52c7288','1c9538068',0,798,1653847069,1653847069);
INSERT INTO player_score VALUES('61c5d2478',54,'5a52c7288','21bd4428f',64728,713,1653987767,1653987767);
INSERT INTO player_score VALUES('586f37aaf',54,'5a52c7288','296bc56e0',1800,640,1653737094,1653737094);
INSERT INTO player_score VALUES('5fb4a589d',54,'5a52c7288','47d809d62',6840,725,1653932279,1653932279);
INSERT INTO player_score VALUES('62a5e8034',54,'5a52c7288','4b4a32580',275264,799,1654011264,1654011264);
INSERT INTO player_score VALUES('616fe53b3',54,'5a52c7288','4bebb38ec',476595,767,1653978757,1653978757);
INSERT INTO player_score VALUES('5fc1bd999',54,'5a52c7288','5680c6837',196248,766,1653933652,1653933652);
INSERT INTO player_score VALUES('62ba5f478',54,'5a52c7288','56c795f43',92340,778,1654013410,1654013410);
INSERT INTO player_score VALUES('620e98ab3',54,'5a52c7288','5be426a3f',375487,729,1653995398,1653995398);
INSERT INTO player_score VALUES('6381676a6',54,'5a52c7288','5d30e82e7',208560,784,1654034280,1654034280);
INSERT INTO player_score VALUES('6357713bd',54,'5a52c7288','5dcff3849',47386,797,1654029880,1654029880);
INSERT INTO player_score VALUES('5e1f7cd8b',54,'5ef34ee7c','1724e4789',46172,789,1653889795,1653889795);
INSERT INTO player_score VALUES('6228c8c17',54,'5ef34ee7c','186e1eb48',11280,676,1653998144,1653998144);
INSERT INTO player_score VALUES('62f58c33d',54,'5ef34ee7c','21bd4428f',304560,724,1654019615,1654019615);
INSERT INTO player_score VALUES('5d1fec086',54,'5ef34ee7c','296bc56e0',380,701,1653862997,1653862997);
INSERT INTO player_score VALUES('5f0adf9df',54,'5ef34ee7c','3ccc9f7a9',128478,629,1653914477,1653914477);
INSERT INTO player_score VALUES('6259cd99f',54,'5ef34ee7c','40a22c51f',35500,831,1654003284,1654003284);
INSERT INTO player_score VALUES('5fa560d9e',54,'5ef34ee7c','47d809d62',156416,722,1653930678,1653930678);
INSERT INTO player_score VALUES('634468308',54,'5ef34ee7c','4b4a32580',270900,818,1654027884,1654027884);
INSERT INTO player_score VALUES('634149d9b',54,'5ef34ee7c','4bebb38ec',324870,828,1654027557,1654027557);
INSERT INTO player_score VALUES('5fd1bbd1b',54,'5ef34ee7c','5680c6837',217770,779,1653935329,1653935329);
INSERT INTO player_score VALUES('637256017',54,'5ef34ee7c','56c795f43',202752,828,1654032700,1654032700);
INSERT INTO player_score VALUES('63c2c745e',54,'5ef34ee7c','5d30e82e7',487390,822,1654041135,1654041135);
INSERT INTO player_score VALUES('628010850',54,'5ef34ee7c','5dcff3849',19656,673,1654007296,1654007296);
INSERT INTO player_score VALUES('5ba97155a',54,'5f51572ab','1724e4789',135432,756,1653823730,1653823730);
INSERT INTO player_score VALUES('62b99e66e',54,'5f51572ab','186e1eb48',95175,684,1654013331,1654013331);
INSERT INTO player_score VALUES('613ca0395',54,'5f51572ab','1c9538068',123648,861,1653973381,1653973381);
INSERT INTO player_score VALUES('5e901dd98',54,'5f51572ab','296bc56e0',304128,717,1653901605,1653901605);
INSERT INTO player_score VALUES('5f5837708',54,'5f51572ab','3ccc9f7a9',18304,633,1653922587,1653922587);
INSERT INTO player_score VALUES('6331bbe68',54,'5f51572ab','40a22c51f',16744,854,1654025926,1654025926);
INSERT INTO player_score VALUES('5ee79b503',54,'5f51572ab','47d809d62',747600,693,1653910779,1653910779);
INSERT INTO player_score VALUES('631025461',54,'5f51572ab','4b4a32580',4680,812,1654022404,1654022404);
INSERT INTO player_score VALUES('62983b09d',54,'5f51572ab','4bebb38ec',19500,804,1654009830,1654009830);
INSERT INTO player_score VALUES('5f9979f65',54,'5f51572ab','5680c6837',64944,754,1653929430,1653929430);
INSERT INTO player_score VALUES('63968e747',54,'5f51572ab','56bd5a532',266805,750,1654036498,1654036498);
INSERT INTO player_score VALUES('63af4695d',54,'5f51572ab','56c795f43',274896,849,1654039090,1654039090);
INSERT INTO player_score VALUES('624f68727',54,'5f51572ab','5be426a3f',891,758,1654002194,1654002194);
INSERT INTO player_score VALUES('5fb5b48bc',54,'5faab0b8f','1724e4789',76608,800,1653932390,1653932390);
INSERT INTO player_score VALUES('60280f6e6',54,'5faab0b8f','1c9538068',210375,844,1653944381,1653944381);
INSERT INTO player_score VALUES('62663fa02',54,'5faab0b8f','21bd4428f',204624,719,1654004589,1654004589);
INSERT INTO player_score VALUES('5f62a6570',54,'5faab0b8f','3ccc9f7a9',175584,635,1653923681,1653923681);
INSERT INTO player_score VALUES('63bfc638f',54,'5faab0b8f','40a22c51f',46200,862,1654040820,1654040820);
INSERT INTO player_score VALUES('5f897bbae',54,'5faab0b8f','47d809d62',65688,720,1653927753,1653927753);
INSERT INTO player_score VALUES('62e782711',54,'5faab0b8f','4b4a32580',139728,808,1654018143,1654018143);
INSERT INTO player_score VALUES('63b23b6e1',54,'5faab0b8f','4bebb38ec',37044,839,1654039400,1654039400);
INSERT INTO player_score VALUES('5f3ca551b',54,'5faab0b8f','5680c6837',2016,725,1653919696,1653919696);
INSERT INTO player_score VALUES('6244d00d6',54,'5faab0b8f','56bd5a532',136422,686,1654001083,1654001083);
INSERT INTO player_score VALUES('62fcb8202',54,'5faab0b8f','56c795f43',186912,793,1654020367,1654020367);
INSERT INTO player_score VALUES('63b80f1d6',54,'5faab0b8f','5d30e82e7',56700,812,1654040011,1654040011);
INSERT INTO player_score VALUES('63b3f551b',54,'5faab0b8f','5dcff3849',792,838,1654039581,1654039581);
INSERT INTO player_score VALUES('61e92a25d',54,'6057c5c8c','1724e4789',7332,821,1653991473,1653991473);
INSERT INTO player_score VALUES('627259c82',54,'6057c5c8c','186e1eb48',1920,681,1654005858,1654005858);
INSERT INTO player_score VALUES('62000632f',54,'6057c5c8c','1c9538068',340200,874,1653993870,1653993870);
INSERT INTO player_score VALUES('619937d68',54,'6057c5c8c','21bd4428f',11424,711,1653983090,1653983090);
INSERT INTO player_score VALUES('6111d32fb',54,'6057c5c8c','296bc56e0',2480,742,1653968893,1653968893);
INSERT INTO player_score VALUES('63c346354',54,'6057c5c8c','40a22c51f',44160,863,1654041187,1654041187);
INSERT INTO player_score VALUES('5f868205a',54,'6057c5c8c','4b4a32580',141255,687,1653927441,1653927441);
INSERT INTO player_score VALUES('624776c72',54,'6057c5c8c','4bebb38ec',115128,793,1654001361,1654001361);
INSERT INTO player_score VALUES('63114caeb',54,'6057c5c8c','56bd5a532',3876,724,1654022525,1654022525);
INSERT INTO player_score VALUES('630f3fc66',54,'6057c5c8c','56c795f43',77140,799,1654022310,1654022310);
INSERT INTO player_score VALUES('62638cb56',54,'6057c5c8c','5be426a3f',53760,770,1654004306,1654004306);
INSERT INTO player_score VALUES('6239dae46',54,'6057c5c8c','5d30e82e7',363660,621,1653999934,1653999934);
INSERT INTO player_score VALUES('632815380',54,'6057c5c8c','5dcff3849',3780,767,1654024914,1654024914);
INSERT INTO player_score VALUES('59a4660ca',54,'60f0576a8','1724e4789',25296,734,1653769514,1653769514);
INSERT INTO player_score VALUES('62106fd95',54,'60f0576a8','186e1eb48',3720,675,1653995591,1653995591);
INSERT INTO player_score VALUES('61830b8f3',54,'60f0576a8','1c9538068',582912,866,1653980765,1653980765);
INSERT INTO player_score VALUES('6267956bd',54,'60f0576a8','21bd4428f',29155,720,1654004729,1654004729);
INSERT INTO player_score VALUES('633e13169',54,'60f0576a8','296bc56e0',21045,774,1654027220,1654027220);
INSERT INTO player_score VALUES('6342edc48',54,'60f0576a8','40a22c51f',1088,855,1654027729,1654027729);
INSERT INTO player_score VALUES('6184d1aa5',54,'60f0576a8','4b4a32580',23384,754,1653980951,1653980951);
INSERT INTO player_score VALUES('61da7cd31',54,'60f0576a8','4bebb38ec',32760,777,1653989934,1653989934);
INSERT INTO player_score VALUES('63aabc787',54,'60f0576a8','56bd5a532',17028,756,1654038614,1654038614);
INSERT INTO player_score VALUES('637d15752',54,'60f0576a8','56c795f43',18486,832,1654033827,1654033827);
INSERT INTO player_score VALUES('61f581502',54,'60f0576a8','5be426a3f',20826,712,1653992767,1653992767);
INSERT INTO player_score VALUES('63788195d',54,'60f0576a8','5d30e82e7',281688,777,1654033347,1654033347);
INSERT INTO player_score VALUES('634e92b90',54,'60f0576a8','5dcff3849',10680,792,1654028950,1654028950);
COMMIT;
