
BEGIN;
CREATE TABLE IF NOT EXISTS competition (
  id VARCHAR(255) NOT NULL PRIMARY KEY,
  tenant_id BIGINT NOT NULL,
  title TEXT NOT NULL,
  finished_at BIGINT NULL,
  created_at BIGINT NOT NULL,
  updated_at BIGINT NOT NULL
);
INSERT INTO competition VALUES('1fed020a8',56,'いっけな〜いスイカ神社杯',NULL,1652220202,1652334219);
INSERT INTO competition VALUES('26847076a',56,'第7回 寿司しかねえ',NULL,1652397142,1653006086);
INSERT INTO competition VALUES('3334c24ca',56,'あんかけ運営は諦めた杯',NULL,1652737753,1652817358);
INSERT INTO competition VALUES('3de191e8f',56,'パッションフルーツ王国カップ',1653785903,1653024309,1653785903);
INSERT INTO competition VALUES('44969ce3c',56,'町田の中杯',1653511194,1653204354,1653511194);
INSERT INTO competition VALUES('4616ea3ce',56,'すもも雑貨店 #0',NULL,1653244651,1653567274);
INSERT INTO competition VALUES('550999950',56,'伝説の魔剤館',1653949989,1653645908,1653949989);
CREATE TABLE IF NOT EXISTS player (
  id VARCHAR(255) NOT NULL PRIMARY KEY,
  tenant_id BIGINT NOT NULL,
  display_name TEXT NOT NULL,
  is_disqualified BOOLEAN NOT NULL,
  created_at BIGINT NOT NULL,
  updated_at BIGINT NOT NULL
);
INSERT INTO player VALUES('1890c9340',56,'Jace Kovacek',0,1652022627,1653188689);
INSERT INTO player VALUES('19d528c2b',56,'Ms. Jaclyn Veum I',0,1652056640,1652205322);
INSERT INTO player VALUES('1a9c04f98',56,'Zena Morissette',0,1652077492,1652892017);
INSERT INTO player VALUES('1cb6d869b',56,'Amiya Dietrich',0,1652133992,1653232111);
INSERT INTO player VALUES('1ed7eafd6',56,'Danielle Watsica',0,1652191147,1653173379);
INSERT INTO player VALUES('22d34a756',56,'Urban Krajcik',0,1652298036,1652672111);
INSERT INTO player VALUES('230f9c5a3',56,'Andreanne Kozey',0,1652304361,1652984271);
INSERT INTO player VALUES('23199fd48',56,'Desiree Abshire',0,1652305411,1652966290);
INSERT INTO player VALUES('23982867e',56,'Dusty Stroman',0,1652318679,1652402746);
INSERT INTO player VALUES('23a440210',56,'Ms. Verna Romaguera II',0,1652319947,1652992387);
INSERT INTO player VALUES('259690780',56,'Ms. Euna Reichel DVM',1,1652372199,1653635345);
INSERT INTO player VALUES('2618dd699',56,'Nicola Christiansen',0,1652385862,1652732990);
INSERT INTO player VALUES('275aff3de',56,'Mr. Vicente Gibson III',0,1652419640,1653396586);
INSERT INTO player VALUES('2779136df',56,'Quinn Kunze V',0,1652422794,1653727824);
INSERT INTO player VALUES('2785d6091',56,'Eudora Bergstrom',0,1652424132,1653547498);
INSERT INTO player VALUES('27e43ff4c',56,'Mr. Erin Kovacek',0,1652434032,1653868645);
INSERT INTO player VALUES('28777581c',56,'Ms. Nakia Wilkinson',0,1652449468,1653722377);
INSERT INTO player VALUES('288ac5563',56,'Janessa Lakin',0,1652451493,1652799974);
INSERT INTO player VALUES('2a8ccab63',56,'Junior Ortiz',1,1652505392,1653656216);
INSERT INTO player VALUES('2b35bc385',56,'Mr. Dewitt Lynch Sr.',1,1652523107,1653488587);
INSERT INTO player VALUES('2d38dcc65',56,'Brendan Jast Sr.',0,1652577122,1653965489);
INSERT INTO player VALUES('2e309ba23',56,'Ignatius Casper',0,1652603100,1653024933);
INSERT INTO player VALUES('2f30c8ac9',56,'Santino Bosco',0,1652629962,1653543496);
INSERT INTO player VALUES('3137f4666',56,'Elvera Nikolaus',0,1652684401,1653639681);
INSERT INTO player VALUES('344422f25',56,'Makayla Feil',0,1652766209,1652815765);
INSERT INTO player VALUES('348b78ac4',56,'Grace Yost',0,1652773689,1653859376);
INSERT INTO player VALUES('350a59254',56,'Aida Klocko',0,1652786993,1653878519);
INSERT INTO player VALUES('3598b1909',56,'Tony Armstrong',1,1652801919,1653393837);
INSERT INTO player VALUES('37f081d01',56,'Vanessa Daniel',0,1652864814,1653787656);
INSERT INTO player VALUES('3911f280f',56,'Ms. Marilyne Zulauf',0,1652895164,1653853620);
INSERT INTO player VALUES('391ff00c6',56,'Mr. Tommie Turcotte',1,1652896631,1653886078);
INSERT INTO player VALUES('395502749',56,'Aileen Stanton',0,1652902196,1653091565);
INSERT INTO player VALUES('3969837ce',56,'Ms. Freida Raynor',0,1652904346,1653164406);
INSERT INTO player VALUES('39e50b042',56,'Marlene Hammes',0,1652917299,1653850920);
INSERT INTO player VALUES('3ac4cb4ba',56,'Ms. Gail Schmeler',0,1652940761,1653006849);
INSERT INTO player VALUES('3d39bb9c1',56,'Ms. Angelita Abshire',0,1653006710,1653589377);
INSERT INTO player VALUES('3d9f601c7',56,'Ozella Champlin',1,1653017368,1653173361);
INSERT INTO player VALUES('3dcc54e77',56,'Ada Gleichner',1,1653022082,1653453528);
INSERT INTO player VALUES('3e8b6b5b3',56,'Ike Koelpin',0,1653042119,1653699953);
INSERT INTO player VALUES('4026829ed',56,'Ms. Treva Gleason Sr.',0,1653085225,1653900583);
INSERT INTO player VALUES('4386ebae3',56,'Mr. Stuart Weimann',0,1653175865,1653515546);
INSERT INTO player VALUES('4398840f8',56,'Ms. Kristin Herzog I',0,1653177710,1653448059);
INSERT INTO player VALUES('45486cecf',56,'Jaclyn White',0,1653222999,1653434766);
INSERT INTO player VALUES('45a80f560',56,'Mr. Manuela Kassulke',0,1653233027,1653672312);
INSERT INTO player VALUES('47bd44ce7',56,'Hal Lesch',0,1653288938,1653358665);
INSERT INTO player VALUES('47cc27d73',56,'Lavinia Upton',1,1653290499,1653633803);
INSERT INTO player VALUES('481794ec6',56,'Jackeline Rempel',1,1653298408,1653821313);
INSERT INTO player VALUES('4bf10ac16',56,'Mr. Gaylord Ruecker',0,1653401741,1653523490);
INSERT INTO player VALUES('503f9a9c4',56,'Andreane Beahan',0,1653517353,1653921727);
INSERT INTO player VALUES('51125b3d2',56,'Abbie Murray V',0,1653539452,1654024584);
INSERT INTO player VALUES('533ab70d8',56,'Esther Johnston',0,1653597371,1653721125);
INSERT INTO player VALUES('533c00a51',56,'Esperanza Schaden PhD',0,1653597506,1653668992);
INSERT INTO player VALUES('5775a6808',56,'Estrella Leannon I',0,1653710925,1653821274);
INSERT INTO player VALUES('579cb682c',56,'Ms. Alicia Kulas',0,1653715021,1653844097);
INSERT INTO player VALUES('5d0f2f5bf',56,'Kylie Tremblay',0,1653861242,1653901967);
INSERT INTO player VALUES('5e29fa600',56,'Ms. Lucile Osinski',0,1653890895,1654009830);
INSERT INTO player VALUES('5f1f3e761',56,'Baby Boyer',0,1653916613,1653943098);
INSERT INTO player VALUES('5f4f4cb5c',56,'Clarissa Abbott',1,1653921652,1653977539);
INSERT INTO player VALUES('5feaac185',56,'Ms. Misty Rogahn',0,1653937944,1653997698);
INSERT INTO player VALUES('61166befa',56,'Nicolette O"Conner',0,1653969375,1653970472);
INSERT INTO player VALUES('618d7a753',56,'Mr. Armando Little',0,1653981859,1654004639);
INSERT INTO player VALUES('62d819213',56,'Constance Mueller',0,1654016527,1654030925);
INSERT INTO player VALUES('635769e68',56,'Vicenta Reinger',0,1654029877,1654034764);
INSERT INTO player VALUES('63b2f2868',56,'Jeffry Hermiston',0,1654039475,1654039907);
CREATE TABLE IF NOT EXISTS IF NOT EXISTS "player_score" (
                              id VARCHAR(255) NOT NULL PRIMARY KEY,
                              tenant_id BIGINT NOT NULL,
                              player_id VARCHAR(255) NOT NULL,
                              competition_id VARCHAR(255) NOT NULL,
                              score BIGINT NOT NULL,
                              row_num BIGINT NOT NULL,
                              created_at BIGINT NOT NULL,
                              updated_at BIGINT NOT NULL
);
INSERT INTO player_score VALUES('5cfc5e7a2',56,'1890c9340','1fed020a8',9982,998,1653859269,1653859269);
INSERT INTO player_score VALUES('62af3941c',56,'1890c9340','3334c24ca',128772,1192,1654012241,1654012241);
INSERT INTO player_score VALUES('58e85a67b',56,'1890c9340','3de191e8f',301056,1019,1653749796,1653749796);
INSERT INTO player_score VALUES('4e4c45056',56,'1890c9340','44969ce3c',233892,790,1653464994,1653464994);
INSERT INTO player_score VALUES('6310f4cb6',56,'1890c9340','4616ea3ce',0,1178,1654022489,1654022489);
INSERT INTO player_score VALUES('5f7fd29a5',56,'1890c9340','550999950',382974,978,1653926740,1653926740);
INSERT INTO player_score VALUES('5d78257ca',56,'19d528c2b','1fed020a8',345600,1009,1653872248,1653872248);
INSERT INTO player_score VALUES('5fbc9c1b3',56,'19d528c2b','26847076a',365256,981,1653933114,1653933114);
INSERT INTO player_score VALUES('627f01837',56,'19d528c2b','3334c24ca',37296,1187,1654007185,1654007185);
INSERT INTO player_score VALUES('5674c9acf',56,'19d528c2b','3de191e8f',8208,912,1653683991,1653683991);
INSERT INTO player_score VALUES('4f8dea51a',56,'19d528c2b','44969ce3c',96040,891,1653498721,1653498721);
INSERT INTO player_score VALUES('6320126c1',56,'19d528c2b','4616ea3ce',2448,1179,1654024074,1654024074);
INSERT INTO player_score VALUES('603756916',56,'19d528c2b','550999950',0,1033,1653945983,1653945983);
INSERT INTO player_score VALUES('6225bdf1b',56,'1a9c04f98','1fed020a8',209664,1084,1653997825,1653997825);
INSERT INTO player_score VALUES('6112ebf17',56,'1a9c04f98','26847076a',12420,1003,1653969008,1653969008);
INSERT INTO player_score VALUES('62bb81c97',56,'1a9c04f98','3334c24ca',153120,1194,1654013529,1654013529);
INSERT INTO player_score VALUES('5a3780bc8',56,'1a9c04f98','3de191e8f',159371,1062,1653784939,1653784939);
INSERT INTO player_score VALUES('4f99412ab',56,'1a9c04f98','44969ce3c',138278,897,1653499910,1653499910);
INSERT INTO player_score VALUES('622c77274',56,'1a9c04f98','4616ea3ce',16920,1133,1653998530,1653998530);
INSERT INTO player_score VALUES('5fa67e7fa',56,'1a9c04f98','550999950',32032,992,1653930795,1653930795);
INSERT INTO player_score VALUES('6148cb748',56,'1cb6d869b','1fed020a8',104958,1068,1653974657,1653974657);
INSERT INTO player_score VALUES('5bfa63feb',56,'1cb6d869b','26847076a',234234,914,1653832218,1653832218);
INSERT INTO player_score VALUES('58fbf860a',56,'1cb6d869b','3de191e8f',46207,1023,1653751853,1653751853);
INSERT INTO player_score VALUES('627e20e8c',56,'1cb6d869b','4616ea3ce',32802,1143,1654007093,1654007093);
INSERT INTO player_score VALUES('601fd4820',56,'1cb6d869b','550999950',39270,1027,1653943518,1653943518);
INSERT INTO player_score VALUES('5c289148a',56,'1ed7eafd6','1fed020a8',2700,985,1653837060,1653837060);
INSERT INTO player_score VALUES('60faed5e5',56,'1ed7eafd6','26847076a',11016,1002,1653966492,1653966492);
INSERT INTO player_score VALUES('61880386e',56,'1ed7eafd6','3334c24ca',101010,1160,1653981286,1653981286);
INSERT INTO player_score VALUES('55ed65080',56,'1ed7eafd6','3de191e8f',172608,891,1653669794,1653669794);
INSERT INTO player_score VALUES('4fe5b3798',56,'1ed7eafd6','44969ce3c',10434,922,1653507926,1653507926);
INSERT INTO player_score VALUES('5f2d51fa9',56,'1ed7eafd6','4616ea3ce',18900,1010,1653918089,1653918089);
INSERT INTO player_score VALUES('60bc58db2',56,'22d34a756','1fed020a8',12960,1058,1653959930,1653959930);
INSERT INTO player_score VALUES('63c0ba5c2',56,'22d34a756','26847076a',198240,1060,1654040920,1654040920);
INSERT INTO player_score VALUES('61a710c3a',56,'22d34a756','3334c24ca',162162,1162,1653984542,1653984542);
INSERT INTO player_score VALUES('55f1506e0',56,'22d34a756','3de191e8f',279720,892,1653670205,1653670205);
INSERT INTO player_score VALUES('4e37ae071',56,'22d34a756','44969ce3c',6370,783,1653462835,1653462835);
INSERT INTO player_score VALUES('639e78d4e',56,'22d34a756','4616ea3ce',31200,1196,1654037328,1654037328);
INSERT INTO player_score VALUES('600f303d4',56,'22d34a756','550999950',14807,1021,1653941773,1653941773);
INSERT INTO player_score VALUES('5eef68626',56,'230f9c5a3','3334c24ca',157920,1098,1653911597,1653911597);
INSERT INTO player_score VALUES('57d111d29',56,'230f9c5a3','3de191e8f',672,971,1653720511,1653720511);
INSERT INTO player_score VALUES('4eaf0d183',56,'230f9c5a3','44969ce3c',4272,822,1653475352,1653475352);
INSERT INTO player_score VALUES('6392ec4b0',56,'230f9c5a3','4616ea3ce',6080,1194,1654036117,1654036117);
INSERT INTO player_score VALUES('5fb6cd49e',56,'230f9c5a3','550999950',92120,995,1653932505,1653932505);
INSERT INTO player_score VALUES('5e9c3ce0b',56,'23199fd48','1fed020a8',41360,1023,1653902876,1653902876);
INSERT INTO player_score VALUES('61a5e957d',56,'23199fd48','26847076a',103208,1023,1653984421,1653984421);
INSERT INTO player_score VALUES('631f7b0f9',56,'23199fd48','3334c24ca',132405,1205,1654024012,1654024012);
INSERT INTO player_score VALUES('590df4e01',56,'23199fd48','3de191e8f',420,1025,1653753739,1653753739);
INSERT INTO player_score VALUES('4f9d0a66a',56,'23199fd48','44969ce3c',77112,899,1653500307,1653500307);
INSERT INTO player_score VALUES('6389d0c06',56,'23199fd48','4616ea3ce',4032,1191,1654035162,1654035162);
INSERT INTO player_score VALUES('5fda02f7b',56,'23199fd48','550999950',56550,1009,1653936197,1653936197);
INSERT INTO player_score VALUES('62f5d7df5',56,'23982867e','1fed020a8',305760,1098,1654019646,1654019646);
INSERT INTO player_score VALUES('57543960a',56,'23982867e','26847076a',13824,841,1653707420,1653707420);
INSERT INTO player_score VALUES('5e82894b0',56,'23982867e','3334c24ca',48678,1088,1653900181,1653900181);
INSERT INTO player_score VALUES('57ca31913',56,'23982867e','3de191e8f',47334,969,1653719790,1653719790);
INSERT INTO player_score VALUES('4ffb08e82',56,'23982867e','44969ce3c',193536,928,1653510163,1653510163);
INSERT INTO player_score VALUES('61a872c2f',56,'23a440210','3334c24ca',870,1163,1653984687,1653984687);
INSERT INTO player_score VALUES('56f01b7fd',56,'23a440210','3de191e8f',320193,932,1653696922,1653696922);
INSERT INTO player_score VALUES('4f89da4c1',56,'23a440210','44969ce3c',25530,888,1653498295,1653498295);
INSERT INTO player_score VALUES('5f4594ec9',56,'23a440210','4616ea3ce',549408,1014,1653920633,1653920633);
INSERT INTO player_score VALUES('615e653f6',56,'259690780','1fed020a8',24570,1071,1653976922,1653976922);
INSERT INTO player_score VALUES('62b82b505',56,'259690780','26847076a',417779,1045,1654013179,1654013179);
INSERT INTO player_score VALUES('62b263cf1',56,'259690780','3334c24ca',164016,1193,1654012573,1654012573);
INSERT INTO player_score VALUES('58cfa4b95',56,'259690780','3de191e8f',1710,1013,1653747205,1653747205);
INSERT INTO player_score VALUES('4fe6ebfb7',56,'259690780','44969ce3c',0,923,1653508054,1653508054);
INSERT INTO player_score VALUES('633e66185',56,'259690780','4616ea3ce',78591,1183,1654027254,1654027254);
INSERT INTO player_score VALUES('60351663e',56,'259690780','550999950',544824,1031,1653945747,1653945747);
INSERT INTO player_score VALUES('636e8300f',56,'2618dd699','1fed020a8',137760,1109,1654032299,1654032299);
INSERT INTO player_score VALUES('61ce6a014',56,'2618dd699','26847076a',578952,1029,1653988668,1653988668);
INSERT INTO player_score VALUES('4f205de36',56,'2618dd699','44969ce3c',46400,853,1653487234,1653487234);
INSERT INTO player_score VALUES('6303bf70b',56,'2618dd699','4616ea3ce',93984,1174,1654021104,1654021104);
INSERT INTO player_score VALUES('5f8b09ac8',56,'2618dd699','550999950',46816,983,1653927916,1653927916);
INSERT INTO player_score VALUES('5a3503867',56,'275aff3de','1fed020a8',128772,960,1653784678,1653784678);
INSERT INTO player_score VALUES('4fee66097',56,'275aff3de','26847076a',167475,717,1653508838,1653508838);
INSERT INTO player_score VALUES('61be2ebb2',56,'275aff3de','3334c24ca',8352,1167,1653986966,1653986966);
INSERT INTO player_score VALUES('5a2039459',56,'275aff3de','3de191e8f',87172,1061,1653782498,1653782498);
INSERT INTO player_score VALUES('4f33bc660',56,'275aff3de','44969ce3c',30940,863,1653489265,1653489265);
INSERT INTO player_score VALUES('622a8519c',56,'275aff3de','4616ea3ce',57600,1132,1653998326,1653998326);
INSERT INTO player_score VALUES('604b1b99d',56,'275aff3de','550999950',8000,1039,1653948056,1653948056);
INSERT INTO player_score VALUES('63a76870f',56,'2779136df','3334c24ca',390852,1215,1654038265,1654038265);
INSERT INTO player_score VALUES('59cce440b',56,'2779136df','3de191e8f',10716,1049,1653773760,1653773760);
INSERT INTO player_score VALUES('4f36a773a',56,'2779136df','44969ce3c',195392,866,1653489571,1653489571);
INSERT INTO player_score VALUES('637c6f71d',56,'2779136df','4616ea3ce',51000,1190,1654033759,1654033759);
INSERT INTO player_score VALUES('5f3360475',56,'2779136df','550999950',434720,951,1653918724,1653918724);
INSERT INTO player_score VALUES('63a230fb4',56,'2785d6091','1fed020a8',344447,1113,1654037718,1654037718);
INSERT INTO player_score VALUES('5c9cc5d27',56,'2785d6091','26847076a',78400,930,1653849245,1653849245);
INSERT INTO player_score VALUES('63938d69e',56,'2785d6091','3334c24ca',136800,1211,1654036183,1654036183);
INSERT INTO player_score VALUES('59cce1d01',56,'2785d6091','3de191e8f',127800,1048,1653773759,1653773759);
INSERT INTO player_score VALUES('4ff559d41',56,'2785d6091','44969ce3c',33696,927,1653509567,1653509567);
INSERT INTO player_score VALUES('629d700ce',56,'2785d6091','4616ea3ce',8772,1147,1654010376,1654010376);
INSERT INTO player_score VALUES('5fd0e76ff',56,'2785d6091','550999950',218736,1005,1653935242,1653935242);
INSERT INTO player_score VALUES('60eb581d9',56,'27e43ff4c','1fed020a8',18150,1063,1653964858,1653964858);
INSERT INTO player_score VALUES('62f7bb48c',56,'27e43ff4c','26847076a',437100,1051,1654019844,1654019844);
INSERT INTO player_score VALUES('6357bce8d',56,'27e43ff4c','3334c24ca',139400,1210,1654029911,1654029911);
INSERT INTO player_score VALUES('58b423b65',56,'27e43ff4c','3de191e8f',233200,1008,1653744321,1653744321);
INSERT INTO player_score VALUES('4fc5f4096',56,'27e43ff4c','44969ce3c',2332,911,1653504597,1653504597);
INSERT INTO player_score VALUES('638a5494b',56,'27e43ff4c','4616ea3ce',102638,1192,1654035216,1654035216);
INSERT INTO player_score VALUES('5efd4fefc',56,'27e43ff4c','550999950',15498,926,1653913055,1653913055);
INSERT INTO player_score VALUES('629d998da',56,'28777581c','1fed020a8',8232,1092,1654010393,1654010393);
INSERT INTO player_score VALUES('619d7d966',56,'28777581c','26847076a',4128,1022,1653983538,1653983538);
INSERT INTO player_score VALUES('63aebb6b4',56,'28777581c','3334c24ca',186000,1216,1654039033,1654039033);
INSERT INTO player_score VALUES('59644877a',56,'28777581c','3de191e8f',0,1037,1653762791,1653762791);
INSERT INTO player_score VALUES('4f136805c',56,'28777581c','44969ce3c',3036,846,1653485875,1653485875);
INSERT INTO player_score VALUES('63799f39d',56,'28777581c','4616ea3ce',235705,1188,1654033464,1654033464);
INSERT INTO player_score VALUES('5f8cab296',56,'28777581c','550999950',13144,984,1653928087,1653928087);
INSERT INTO player_score VALUES('63a384550',56,'288ac5563','1fed020a8',285768,1114,1654037857,1654037857);
INSERT INTO player_score VALUES('60d8e3fb9',56,'288ac5563','26847076a',175890,998,1653962923,1653962923);
INSERT INTO player_score VALUES('613286c28',56,'288ac5563','3334c24ca',11900,1152,1653972322,1653972322);
INSERT INTO player_score VALUES('58a748af6',56,'288ac5563','3de191e8f',144900,1005,1653742973,1653742973);
INSERT INTO player_score VALUES('4f79adac9',56,'288ac5563','44969ce3c',144875,885,1653496599,1653496599);
INSERT INTO player_score VALUES('615879217',56,'288ac5563','4616ea3ce',86304,1106,1653976301,1653976301);
INSERT INTO player_score VALUES('5f702c413',56,'288ac5563','550999950',301392,969,1653925099,1653925099);
INSERT INTO player_score VALUES('6031aed32',56,'2a8ccab63','1fed020a8',28576,1047,1653945390,1653945390);
INSERT INTO player_score VALUES('612041083',56,'2a8ccab63','26847076a',40880,1005,1653970406,1653970406);
INSERT INTO player_score VALUES('5993083d3',56,'2a8ccab63','3de191e8f',25578,1045,1653767693,1653767693);
INSERT INTO player_score VALUES('4f98f098a',56,'2a8ccab63','44969ce3c',362604,896,1653499877,1653499877);
INSERT INTO player_score VALUES('63a92c168',56,'2a8ccab63','4616ea3ce',259440,1200,1654038450,1654038450);
INSERT INTO player_score VALUES('6014ff0ed',56,'2a8ccab63','550999950',307192,1023,1653942382,1653942382);
INSERT INTO player_score VALUES('615243c32',56,'2b35bc385','1fed020a8',1000,1069,1653975650,1653975650);
INSERT INTO player_score VALUES('604676a50',56,'2b35bc385','3334c24ca',45360,1131,1653947569,1653947569);
INSERT INTO player_score VALUES('549bbc97f',56,'2b35bc385','3de191e8f',11571,847,1653634388,1653634388);
INSERT INTO player_score VALUES('4fa157782',56,'2b35bc385','44969ce3c',109032,901,1653500758,1653500758);
INSERT INTO player_score VALUES('634f0a5a1',56,'2b35bc385','4616ea3ce',12375,1185,1654028999,1654028999);
INSERT INTO player_score VALUES('630f9a1c4',56,'2d38dcc65','1fed020a8',1152,1100,1654022347,1654022347);
INSERT INTO player_score VALUES('614f9d10e',56,'2d38dcc65','26847076a',148764,1007,1653975372,1653975372);
INSERT INTO player_score VALUES('61db2063a',56,'2d38dcc65','3334c24ca',30960,1168,1653990001,1653990001);
INSERT INTO player_score VALUES('6012cb1d6',56,'2d38dcc65','4616ea3ce',486080,1043,1653942151,1653942151);
INSERT INTO player_score VALUES('5ff631562',56,'2d38dcc65','550999950',516672,1017,1653939152,1653939152);
INSERT INTO player_score VALUES('5e3cf737b',56,'2e309ba23','1fed020a8',59584,1018,1653892886,1653892886);
INSERT INTO player_score VALUES('5f8310ad7',56,'2e309ba23','26847076a',5840,975,1653927080,1653927080);
INSERT INTO player_score VALUES('5df2f378c',56,'2e309ba23','3334c24ca',0,1075,1653885125,1653885125);
INSERT INTO player_score VALUES('59efa9a22',56,'2e309ba23','3de191e8f',147744,1054,1653777406,1653777406);
INSERT INTO player_score VALUES('4fcbc5474',56,'2e309ba23','44969ce3c',21528,913,1653505207,1653505207);
INSERT INTO player_score VALUES('62c0dddbe',56,'2e309ba23','4616ea3ce',4335,1162,1654014091,1654014091);
INSERT INTO player_score VALUES('5ede4a0de',56,'2e309ba23','550999950',14976,911,1653909802,1653909802);
INSERT INTO player_score VALUES('6170a3a36',56,'2f30c8ac9','1fed020a8',10560,1073,1653978835,1653978835);
INSERT INTO player_score VALUES('5ad76cac3',56,'2f30c8ac9','26847076a',2640,893,1653801708,1653801708);
INSERT INTO player_score VALUES('639b66b16',56,'2f30c8ac9','3334c24ca',12480,1212,1654037006,1654037006);
INSERT INTO player_score VALUES('5829f3ba2',56,'2f30c8ac9','3de191e8f',0,984,1653729831,1653729831);
INSERT INTO player_score VALUES('4fdaa5e23',56,'2f30c8ac9','44969ce3c',13475,914,1653506767,1653506767);
INSERT INTO player_score VALUES('630e18608',56,'2f30c8ac9','4616ea3ce',20335,1177,1654022189,1654022189);
INSERT INTO player_score VALUES('5e5d3a7fe',56,'2f30c8ac9','550999950',202176,861,1653896269,1653896269);
INSERT INTO player_score VALUES('61afcf893',56,'3137f4666','3334c24ca',35200,1165,1653985459,1653985459);
INSERT INTO player_score VALUES('58e77006e',56,'3137f4666','3de191e8f',1035,1018,1653749700,1653749700);
INSERT INTO player_score VALUES('4fc7fc0ae',56,'3137f4666','44969ce3c',464640,912,1653504810,1653504810);
INSERT INTO player_score VALUES('6279c2bde',56,'3137f4666','4616ea3ce',8736,1142,1654006635,1654006635);
INSERT INTO player_score VALUES('5ff35c378',56,'3137f4666','550999950',73100,1016,1653938855,1653938855);
INSERT INTO player_score VALUES('58d08553d',56,'344422f25','1fed020a8',68820,934,1653747297,1653747297);
INSERT INTO player_score VALUES('60ac079fd',56,'344422f25','26847076a',80190,991,1653958219,1653958219);
INSERT INTO player_score VALUES('6009134d3',56,'344422f25','3334c24ca',95040,1124,1653941132,1653941132);
INSERT INTO player_score VALUES('57b8e9be9',56,'344422f25','3de191e8f',16500,966,1653717978,1653717978);
INSERT INTO player_score VALUES('4fe1b2155',56,'344422f25','44969ce3c',14706,919,1653507506,1653507506);
INSERT INTO player_score VALUES('63687e759',56,'344422f25','4616ea3ce',97614,1186,1654031668,1654031668);
INSERT INTO player_score VALUES('62e6a4469',56,'348b78ac4','1fed020a8',14040,1097,1654018052,1654018052);
INSERT INTO player_score VALUES('615551033',56,'348b78ac4','26847076a',42120,1009,1653975970,1653975970);
INSERT INTO player_score VALUES('5c16a0ffc',56,'348b78ac4','3334c24ca',303108,1041,1653835179,1653835179);
INSERT INTO player_score VALUES('59c4f772d',56,'348b78ac4','3de191e8f',96558,1046,1653772929,1653772929);
INSERT INTO player_score VALUES('4fbb6a490',56,'348b78ac4','44969ce3c',2420,906,1653503492,1653503492);
INSERT INTO player_score VALUES('6223c492d',56,'348b78ac4','4616ea3ce',78988,1129,1653997618,1653997618);
INSERT INTO player_score VALUES('5fb69ee9e',56,'348b78ac4','550999950',41760,994,1653932486,1653932486);
INSERT INTO player_score VALUES('5d2375ce2',56,'350a59254','1fed020a8',2940,1000,1653863368,1653863368);
INSERT INTO player_score VALUES('61615ef37',56,'350a59254','26847076a',0,1011,1653977234,1653977234);
INSERT INTO player_score VALUES('59444c011',56,'350a59254','3de191e8f',58320,1033,1653759437,1653759437);
INSERT INTO player_score VALUES('4f137e020',56,'350a59254','44969ce3c',190311,847,1653485884,1653485884);
INSERT INTO player_score VALUES('62d32608f',56,'350a59254','4616ea3ce',195195,1167,1654016008,1654016008);
INSERT INTO player_score VALUES('5f6c4a999',56,'350a59254','550999950',2128,966,1653924692,1653924692);
INSERT INTO player_score VALUES('60c6eed07',56,'3598b1909','26847076a',21080,994,1653961040,1653961040);
INSERT INTO player_score VALUES('60fefd6b4',56,'3598b1909','3334c24ca',16900,1143,1653966918,1653966918);
INSERT INTO player_score VALUES('59098cf05',56,'3598b1909','3de191e8f',463887,1024,1653753277,1653753277);
INSERT INTO player_score VALUES('4f778aca4',56,'3598b1909','44969ce3c',2295,881,1653496375,1653496375);
INSERT INTO player_score VALUES('6399f60d1',56,'3598b1909','4616ea3ce',132600,1195,1654036855,1654036855);
INSERT INTO player_score VALUES('5fcf6d019',56,'3598b1909','550999950',11844,1004,1653935087,1653935087);
INSERT INTO player_score VALUES('5d5d0fe0c',56,'37f081d01','1fed020a8',2968,1005,1653869408,1653869408);
INSERT INTO player_score VALUES('60d184cba',56,'37f081d01','26847076a',117096,996,1653962150,1653962150);
INSERT INTO player_score VALUES('629fed42c',56,'37f081d01','3334c24ca',23184,1191,1654010637,1654010637);
INSERT INTO player_score VALUES('59f3b4cb2',56,'37f081d01','3de191e8f',156240,1057,1653777830,1653777830);
INSERT INTO player_score VALUES('4fdbe3475',56,'37f081d01','44969ce3c',235170,915,1653506897,1653506897);
INSERT INTO player_score VALUES('63a384551',56,'37f081d01','4616ea3ce',19992,1198,1654037857,1654037857);
INSERT INTO player_score VALUES('6034383a3',56,'37f081d01','550999950',77400,1030,1653945656,1653945656);
INSERT INTO player_score VALUES('635e7fdd0',56,'3911f280f','1fed020a8',32300,1107,1654030620,1654030620);
INSERT INTO player_score VALUES('62738fd21',56,'3911f280f','26847076a',187440,1038,1654005985,1654005985);
INSERT INTO player_score VALUES('5f056641a',56,'3911f280f','3334c24ca',140400,1101,1653913903,1653913903);
INSERT INTO player_score VALUES('59f1d3d4a',56,'3911f280f','3de191e8f',245700,1056,1653777633,1653777633);
INSERT INTO player_score VALUES('4fdda47a0',56,'3911f280f','44969ce3c',312312,917,1653507081,1653507081);
INSERT INTO player_score VALUES('621aa1b4e',56,'3911f280f','4616ea3ce',259896,1128,1653996660,1653996660);
INSERT INTO player_score VALUES('5fe31c137',56,'3911f280f','550999950',176120,1013,1653937151,1653937151);
INSERT INTO player_score VALUES('60a6adfc8',56,'391ff00c6','26847076a',100674,990,1653957658,1653957658);
INSERT INTO player_score VALUES('6124f4a33',56,'391ff00c6','3334c24ca',61152,1148,1653970899,1653970899);
INSERT INTO player_score VALUES('598941cdd',56,'391ff00c6','3de191e8f',206886,1044,1653766668,1653766668);
INSERT INTO player_score VALUES('4f933f10d',56,'391ff00c6','44969ce3c',155232,893,1653499280,1653499280);
INSERT INTO player_score VALUES('6116f23ae',56,'391ff00c6','4616ea3ce',18513,1091,1653969430,1653969430);
INSERT INTO player_score VALUES('601f92962',56,'391ff00c6','550999950',268800,1026,1653943491,1653943491);
INSERT INTO player_score VALUES('618022f27',56,'395502749','1fed020a8',23490,1076,1653980460,1653980460);
INSERT INTO player_score VALUES('62d273d2d',56,'395502749','26847076a',67200,1047,1654015935,1654015935);
INSERT INTO player_score VALUES('574402fbc',56,'395502749','3de191e8f',8360,950,1653705720,1653705720);
INSERT INTO player_score VALUES('4f3505fe3',56,'395502749','44969ce3c',92300,864,1653489400,1653489400);
INSERT INTO player_score VALUES('5f7803150',56,'395502749','550999950',67725,975,1653925921,1653925921);
INSERT INTO player_score VALUES('60f442d1a',56,'3969837ce','1fed020a8',46740,1064,1653965793,1653965793);
INSERT INTO player_score VALUES('5dd7d68ba',56,'3969837ce','26847076a',13932,950,1653882282,1653882282);
INSERT INTO player_score VALUES('60f222639',56,'3969837ce','3334c24ca',204516,1141,1653965570,1653965570);
INSERT INTO player_score VALUES('59687f95a',56,'3969837ce','3de191e8f',53924,1039,1653763233,1653763233);
INSERT INTO player_score VALUES('4f8cf14da',56,'3969837ce','44969ce3c',80652,890,1653498619,1653498619);
INSERT INTO player_score VALUES('634585d1c',56,'39e50b042','1fed020a8',185220,1104,1654028001,1654028001);
INSERT INTO player_score VALUES('639d082c8',56,'39e50b042','26847076a',35392,1058,1654037177,1654037177);
INSERT INTO player_score VALUES('61e69e465',56,'39e50b042','3334c24ca',4592,1170,1653991206,1653991206);
INSERT INTO player_score VALUES('596e6e24e',56,'39e50b042','3de191e8f',0,1040,1653763855,1653763855);
INSERT INTO player_score VALUES('4ff20833a',56,'39e50b042','44969ce3c',157250,924,1653509219,1653509219);
INSERT INTO player_score VALUES('5f504d130',56,'39e50b042','550999950',36000,958,1653921757,1653921757);
INSERT INTO player_score VALUES('5666a50fa',56,'3ac4cb4ba','1fed020a8',222000,898,1653682508,1653682508);
INSERT INTO player_score VALUES('62cead07e',56,'3ac4cb4ba','3334c24ca',96800,1197,1654015539,1654015539);
INSERT INTO player_score VALUES('58955fb7d',56,'3ac4cb4ba','3de191e8f',53900,999,1653741095,1653741095);
INSERT INTO player_score VALUES('4ffffbffe',56,'3ac4cb4ba','44969ce3c',0,929,1653510682,1653510682);
INSERT INTO player_score VALUES('62a2e489f',56,'3ac4cb4ba','4616ea3ce',53820,1152,1654010948,1654010948);
INSERT INTO player_score VALUES('603fee462',56,'3ac4cb4ba','550999950',141192,1034,1653946884,1653946884);
INSERT INTO player_score VALUES('603277005',56,'3d39bb9c1','1fed020a8',134784,1048,1653945472,1653945472);
INSERT INTO player_score VALUES('63472ea2f',56,'3d39bb9c1','3334c24ca',7209,1208,1654028175,1654028175);
INSERT INTO player_score VALUES('591774833',56,'3d39bb9c1','3de191e8f',486,1027,1653754735,1653754735);
INSERT INTO player_score VALUES('638d24cc0',56,'3d39bb9c1','4616ea3ce',5568,1193,1654035511,1654035511);
INSERT INTO player_score VALUES('5f94b5425',56,'3d39bb9c1','550999950',28900,988,1653928930,1653928930);
INSERT INTO player_score VALUES('6315221f6',56,'3d9f601c7','1fed020a8',23920,1101,1654022927,1654022927);
INSERT INTO player_score VALUES('618affb0e',56,'3d9f601c7','26847076a',43520,1017,1653981599,1653981599);
INSERT INTO player_score VALUES('63b61aa25',56,'3d9f601c7','3334c24ca',87840,1218,1654039806,1654039806);
INSERT INTO player_score VALUES('4fe3eaf10',56,'3d9f601c7','44969ce3c',108405,921,1653507739,1653507739);
INSERT INTO player_score VALUES('6377cf5f3',56,'3d9f601c7','4616ea3ce',314526,1187,1654033274,1654033274);
INSERT INTO player_score VALUES('5ff795c62',56,'3d9f601c7','550999950',269874,1018,1653939298,1653939298);
INSERT INTO player_score VALUES('62d0d7387',56,'3dcc54e77','1fed020a8',40194,1096,1654015766,1654015766);
INSERT INTO player_score VALUES('62c783855',56,'3dcc54e77','26847076a',10602,1046,1654014788,1654014788);
INSERT INTO player_score VALUES('5f4b5c69b',56,'3dcc54e77','3334c24ca',8320,1108,1653921239,1653921239);
INSERT INTO player_score VALUES('56da24ebf',56,'3dcc54e77','3de191e8f',173880,928,1653694619,1653694619);
INSERT INTO player_score VALUES('61445c337',56,'3dcc54e77','4616ea3ce',4736,1102,1653974192,1653974192);
INSERT INTO player_score VALUES('60181af99',56,'3dcc54e77','550999950',14136,1024,1653942708,1653942708);
INSERT INTO player_score VALUES('6344c282f',56,'3e8b6b5b3','1fed020a8',240240,1103,1654027921,1654027921);
INSERT INTO player_score VALUES('61be905ff',56,'3e8b6b5b3','26847076a',58266,1027,1653987006,1653987006);
INSERT INTO player_score VALUES('6280e27aa',56,'3e8b6b5b3','3334c24ca',95760,1189,1654007382,1654007382);
INSERT INTO player_score VALUES('50014a77f',56,'3e8b6b5b3','44969ce3c',297920,931,1653510819,1653510819);
INSERT INTO player_score VALUES('62ac2722f',56,'3e8b6b5b3','4616ea3ce',105648,1158,1654011919,1654011919);
INSERT INTO player_score VALUES('6048a5bb2',56,'3e8b6b5b3','550999950',34125,1038,1653947798,1653947798);
INSERT INTO player_score VALUES('61d61c33e',56,'4026829ed','1fed020a8',201600,1081,1653989475,1653989475);
INSERT INTO player_score VALUES('6293c476a',56,'4026829ed','26847076a',239844,1041,1654009362,1654009362);
INSERT INTO player_score VALUES('5911048c5',56,'4026829ed','3de191e8f',84609,1026,1653754060,1653754060);
INSERT INTO player_score VALUES('4ff471e3c',56,'4026829ed','44969ce3c',47396,925,1653509472,1653509472);
INSERT INTO player_score VALUES('62f50acb0',56,'4026829ed','4616ea3ce',180624,1170,1654019562,1654019562);
INSERT INTO player_score VALUES('5f9d4cf90',56,'4026829ed','550999950',92114,991,1653929831,1653929831);
INSERT INTO player_score VALUES('6233e9e23',56,'4386ebae3','1fed020a8',490212,1086,1653999311,1653999311);
INSERT INTO player_score VALUES('61a319216',56,'4386ebae3','3334c24ca',93312,1161,1653984126,1653984126);
INSERT INTO player_score VALUES('5949d6743',56,'4386ebae3','3de191e8f',54720,1034,1653760018,1653760018);
INSERT INTO player_score VALUES('4f8df8f77',56,'4386ebae3','44969ce3c',1224,892,1653498727,1653498727);
INSERT INTO player_score VALUES('60803cb0e',56,'4386ebae3','4616ea3ce',6864,1062,1653953627,1653953627);
INSERT INTO player_score VALUES('5b016a33b',56,'4398840f8','26847076a',257830,896,1653806111,1653806111);
INSERT INTO player_score VALUES('605ee3139',56,'4398840f8','3334c24ca',414,1132,1653950130,1653950130);
INSERT INTO player_score VALUES('5899eebaf',56,'4398840f8','3de191e8f',9000,1001,1653741573,1653741573);
INSERT INTO player_score VALUES('4eb22b739',56,'4398840f8','44969ce3c',6600,824,1653475679,1653475679);
INSERT INTO player_score VALUES('63a617870',56,'4398840f8','4616ea3ce',5346,1199,1654038127,1654038127);
INSERT INTO player_score VALUES('601a4c7b0',56,'4398840f8','550999950',51870,1025,1653942938,1653942938);
INSERT INTO player_score VALUES('56cc44b0b',56,'45486cecf','1fed020a8',187340,911,1653693164,1653693164);
INSERT INTO player_score VALUES('621d215fe',56,'45486cecf','26847076a',45360,1034,1653996922,1653996922);
INSERT INTO player_score VALUES('6280a5717',56,'45486cecf','3334c24ca',0,1188,1654007357,1654007357);
INSERT INTO player_score VALUES('594a8d935',56,'45486cecf','3de191e8f',626535,1035,1653760093,1653760093);
INSERT INTO player_score VALUES('4f66c4598',56,'45486cecf','44969ce3c',19908,878,1653494616,1653494616);
INSERT INTO player_score VALUES('62b1462b0',56,'45486cecf','4616ea3ce',45214,1160,1654012456,1654012456);
INSERT INTO player_score VALUES('60424e305',56,'45486cecf','550999950',115072,1035,1653947133,1653947133);
INSERT INTO player_score VALUES('541f6a6c2',56,'45a80f560','1fed020a8',4440,849,1653621352,1653621352);
INSERT INTO player_score VALUES('5f855d0f5',56,'45a80f560','26847076a',17500,977,1653927321,1653927321);
INSERT INTO player_score VALUES('5e3c20616',56,'45a80f560','3334c24ca',168000,1083,1653892798,1653892798);
INSERT INTO player_score VALUES('59cc2f9a0',56,'45a80f560','3de191e8f',13600,1047,1653773686,1653773686);
INSERT INTO player_score VALUES('61dec021b',56,'45a80f560','4616ea3ce',1971,1119,1653990381,1653990381);
INSERT INTO player_score VALUES('5fbe475ba',56,'45a80f560','550999950',2128,998,1653933289,1653933289);
INSERT INTO player_score VALUES('60bbe88fa',56,'47bd44ce7','1fed020a8',17928,1057,1653959884,1653959884);
INSERT INTO player_score VALUES('62db1f102',56,'47bd44ce7','26847076a',16500,1048,1654016844,1654016844);
INSERT INTO player_score VALUES('5c95669c4',56,'47bd44ce7','3334c24ca',8505,1049,1653848472,1653848472);
INSERT INTO player_score VALUES('593d90615',56,'47bd44ce7','3de191e8f',4104,1032,1653758731,1653758731);
INSERT INTO player_score VALUES('4ea7a421a',56,'47bd44ce7','44969ce3c',67983,820,1653474575,1653474575);
INSERT INTO player_score VALUES('601fb4c2b',56,'47bd44ce7','4616ea3ce',11400,1045,1653943505,1653943505);
INSERT INTO player_score VALUES('5fdffdbbd',56,'47bd44ce7','550999950',66836,1011,1653936824,1653936824);
INSERT INTO player_score VALUES('6195bcb5a',56,'47cc27d73','1fed020a8',251412,1078,1653982725,1653982725);
INSERT INTO player_score VALUES('61b00a1da',56,'47cc27d73','26847076a',166320,1024,1653985483,1653985483);
INSERT INTO player_score VALUES('623c5f678',56,'47cc27d73','3334c24ca',109620,1180,1654000198,1654000198);
INSERT INTO player_score VALUES('5818a4934',56,'47cc27d73','3de191e8f',278124,982,1653728016,1653728016);
INSERT INTO player_score VALUES('4ff4cc36a',56,'47cc27d73','44969ce3c',42656,926,1653509509,1653509509);
INSERT INTO player_score VALUES('61e23b3ff',56,'47cc27d73','4616ea3ce',27839,1121,1653990746,1653990746);
INSERT INTO player_score VALUES('602716683',56,'47cc27d73','550999950',389880,1028,1653944279,1653944279);
INSERT INTO player_score VALUES('6328a2cf5',56,'481794ec6','26847076a',30720,1054,1654024972,1654024972);
INSERT INTO player_score VALUES('62c1d470c',56,'481794ec6','3334c24ca',199260,1196,1654014192,1654014192);
INSERT INTO player_score VALUES('59d6183a8',56,'481794ec6','3de191e8f',28910,1050,1653774725,1653774725);
INSERT INTO player_score VALUES('5000e65b3',56,'481794ec6','44969ce3c',14112,930,1653510778,1653510778);
INSERT INTO player_score VALUES('611aaa61c',56,'481794ec6','4616ea3ce',10206,1093,1653969820,1653969820);
INSERT INTO player_score VALUES('5ff96f67c',56,'481794ec6','550999950',189070,1019,1653939492,1653939492);
INSERT INTO player_score VALUES('615d58af0',56,'4bf10ac16','1fed020a8',337272,1070,1653976812,1653976812);
INSERT INTO player_score VALUES('6237872f3',56,'4bf10ac16','26847076a',184140,1037,1653999690,1653999690);
INSERT INTO player_score VALUES('60458010f',56,'4bf10ac16','3334c24ca',357000,1129,1653947468,1653947468);
INSERT INTO player_score VALUES('5a0b12385',56,'4bf10ac16','3de191e8f',103680,1059,1653780280,1653780280);
INSERT INTO player_score VALUES('4fe2ef79d',56,'4bf10ac16','44969ce3c',357864,920,1653507636,1653507636);
INSERT INTO player_score VALUES('5f83e7810',56,'4bf10ac16','4616ea3ce',72128,1029,1653927168,1653927168);
INSERT INTO player_score VALUES('5fbfa207a',56,'4bf10ac16','550999950',56672,999,1653933431,1653933431);
INSERT INTO player_score VALUES('6229c1c6b',56,'503f9a9c4','1fed020a8',182160,1085,1653998246,1653998246);
INSERT INTO player_score VALUES('63b50ba15',56,'503f9a9c4','26847076a',25296,1059,1654039695,1654039695);
INSERT INTO player_score VALUES('63b2a4670',56,'503f9a9c4','3334c24ca',66096,1217,1654039443,1654039443);
INSERT INTO player_score VALUES('59e769cda',56,'503f9a9c4','3de191e8f',88920,1053,1653776541,1653776541);
INSERT INTO player_score VALUES('623b5a2c0',56,'503f9a9c4','4616ea3ce',5616,1135,1654000091,1654000091);
INSERT INTO player_score VALUES('5f86a432f',56,'503f9a9c4','550999950',87360,981,1653927455,1653927455);
INSERT INTO player_score VALUES('638ee11f6',56,'51125b3d2','1fed020a8',35280,1111,1654035693,1654035693);
INSERT INTO player_score VALUES('629d998db',56,'51125b3d2','26847076a',238266,1042,1654010393,1654010393);
INSERT INTO player_score VALUES('623fd816d',56,'51125b3d2','3334c24ca',380538,1181,1654000562,1654000562);
INSERT INTO player_score VALUES('59890e8b6',56,'51125b3d2','3de191e8f',0,1043,1653766647,1653766647);
INSERT INTO player_score VALUES('5f1bb4b44',56,'51125b3d2','550999950',0,941,1653916242,1653916242);
INSERT INTO player_score VALUES('5db9e486b',56,'533ab70d8','1fed020a8',63360,1013,1653879142,1653879142);
INSERT INTO player_score VALUES('628a3899a',56,'533ab70d8','26847076a',207888,1039,1654008361,1654008361);
INSERT INTO player_score VALUES('61f2f574e',56,'533ab70d8','3334c24ca',72765,1172,1653992500,1653992500);
INSERT INTO player_score VALUES('5932d35a5',56,'533ab70d8','3de191e8f',598455,1029,1653757605,1653757605);
INSERT INTO player_score VALUES('62cc9b3ff',56,'533ab70d8','4616ea3ce',21280,1166,1654015322,1654015322);
INSERT INTO player_score VALUES('5f4782138',56,'533ab70d8','550999950',17052,957,1653920835,1653920835);
INSERT INTO player_score VALUES('62ce8fbb4',56,'533c00a51','1fed020a8',0,1095,1654015527,1654015527);
INSERT INTO player_score VALUES('6213fc0f7',56,'533c00a51','26847076a',327096,1032,1653995963,1653995963);
INSERT INTO player_score VALUES('639b8dc3a',56,'533c00a51','3334c24ca',57888,1213,1654037022,1654037022);
INSERT INTO player_score VALUES('5a1568b52',56,'533c00a51','3de191e8f',735,1060,1653781364,1653781364);
INSERT INTO player_score VALUES('600e484e7',56,'533c00a51','4616ea3ce',510340,1042,1653941678,1653941678);
INSERT INTO player_score VALUES('5f0e02d6b',56,'533c00a51','550999950',55860,934,1653914806,1653914806);
INSERT INTO player_score VALUES('592cd3b34',56,'5775a6808','1fed020a8',59262,939,1653756976,1653756976);
INSERT INTO player_score VALUES('6309f25a4',56,'5775a6808','26847076a',290700,1052,1654021754,1654021754);
INSERT INTO player_score VALUES('639dc6986',56,'5775a6808','3334c24ca',461776,1214,1654037255,1654037255);
INSERT INTO player_score VALUES('58eac1a47',56,'5775a6808','3de191e8f',411246,1020,1653750048,1653750048);
INSERT INTO player_score VALUES('6201dd629',56,'5775a6808','4616ea3ce',135415,1126,1653994063,1653994063);
INSERT INTO player_score VALUES('60309d61b',56,'5775a6808','550999950',112800,1029,1653945278,1653945278);
INSERT INTO player_score VALUES('5db6b2a85',56,'579cb682c','1fed020a8',88914,1012,1653878807,1653878807);
INSERT INTO player_score VALUES('6333ba2d0',56,'579cb682c','26847076a',8449,1055,1654026135,1654026135);
INSERT INTO player_score VALUES('62ef127af',56,'579cb682c','3334c24ca',553311,1201,1654018936,1654018936);
INSERT INTO player_score VALUES('58dc9f77f',56,'579cb682c','3de191e8f',305550,1015,1653748566,1653748566);
INSERT INTO player_score VALUES('6112103be',56,'579cb682c','4616ea3ce',400488,1089,1653968918,1653968918);
INSERT INTO player_score VALUES('6046b61bb',56,'579cb682c','550999950',6888,1037,1653947595,1653947595);
INSERT INTO player_score VALUES('63c55f565',56,'5d0f2f5bf','1fed020a8',221728,1115,1654041407,1654041407);
INSERT INTO player_score VALUES('629e0016f',56,'5d0f2f5bf','26847076a',89856,1043,1654010435,1654010435);
INSERT INTO player_score VALUES('631256cfb',56,'5d0f2f5bf','3334c24ca',140244,1203,1654022634,1654022634);
INSERT INTO player_score VALUES('612e066d4',56,'5d0f2f5bf','4616ea3ce',22680,1098,1653971850,1653971850);
INSERT INTO player_score VALUES('5fe6e7bff',56,'5d0f2f5bf','550999950',60112,1014,1653937549,1653937549);
INSERT INTO player_score VALUES('5ff78721b',56,'5e29fa600','1fed020a8',30912,1040,1653939292,1653939292);
INSERT INTO player_score VALUES('5ca94dd36',56,'5e29fa600','3334c24ca',158600,1053,1653850559,1653850559);
INSERT INTO player_score VALUES('615aa5c21',56,'5e29fa600','4616ea3ce',288512,1107,1653976529,1653976529);
INSERT INTO player_score VALUES('5fcf1c6e6',56,'5e29fa600','550999950',346086,1003,1653935054,1653935054);
INSERT INTO player_score VALUES('61ee221b5',56,'5f1f3e761','1fed020a8',836,1082,1653991994,1653991994);
INSERT INTO player_score VALUES('61ebf5790',56,'5f1f3e761','26847076a',590960,1030,1653991766,1653991766);
INSERT INTO player_score VALUES('623bde02c',56,'5f1f3e761','3334c24ca',31590,1179,1654000145,1654000145);
INSERT INTO player_score VALUES('62f44ece3',56,'5f1f3e761','4616ea3ce',0,1169,1654019485,1654019485);
INSERT INTO player_score VALUES('5f91fb056',56,'5f1f3e761','550999950',218776,985,1653928644,1653928644);
INSERT INTO player_score VALUES('61d0f848d',56,'5f4f4cb5c','1fed020a8',20184,1080,1653988936,1653988936);
INSERT INTO player_score VALUES('60c7a37b5',56,'5f4f4cb5c','26847076a',11151,995,1653961114,1653961114);
INSERT INTO player_score VALUES('6026c847a',56,'5f4f4cb5c','3334c24ca',23940,1127,1653944247,1653944247);
INSERT INTO player_score VALUES('639f6819a',56,'5f4f4cb5c','4616ea3ce',8840,1197,1654037426,1654037426);
INSERT INTO player_score VALUES('60360338d',56,'5f4f4cb5c','550999950',34656,1032,1653945844,1653945844);
INSERT INTO player_score VALUES('6394c85cf',56,'5feaac185','1fed020a8',193256,1112,1654036312,1654036312);
INSERT INTO player_score VALUES('62174b3a7',56,'5feaac185','26847076a',11808,1033,1653996310,1653996310);
INSERT INTO player_score VALUES('6159f86af',56,'5feaac185','3334c24ca',16512,1156,1653976458,1653976458);
INSERT INTO player_score VALUES('624801ec8',56,'5feaac185','4616ea3ce',66960,1136,1654001418,1654001418);
INSERT INTO player_score VALUES('5f0f75efa',56,'5feaac185','550999950',20900,936,1653914958,1653914958);
INSERT INTO player_score VALUES('5df5bc5cc',56,'61166befa','1fed020a8',17458,1016,1653885417,1653885417);
INSERT INTO player_score VALUES('5ded509ae',56,'61166befa','26847076a',88480,953,1653884534,1653884534);
INSERT INTO player_score VALUES('62979294b',56,'61166befa','3334c24ca',79800,1190,1654009761,1654009761);
INSERT INTO player_score VALUES('62a466474',56,'61166befa','4616ea3ce',105846,1156,1654011106,1654011106);
INSERT INTO player_score VALUES('62f986445',56,'618d7a753','1fed020a8',39420,1099,1654020032,1654020032);
INSERT INTO player_score VALUES('5fc472f5d',56,'618d7a753','26847076a',912,982,1653933936,1653933936);
INSERT INTO player_score VALUES('632a94dcb',56,'618d7a753','3334c24ca',97188,1206,1654025176,1654025176);
INSERT INTO player_score VALUES('633eaa725',56,'618d7a753','4616ea3ce',550368,1184,1654027282,1654027282);
INSERT INTO player_score VALUES('635dfc065',56,'62d819213','1fed020a8',0,1106,1654030566,1654030566);
INSERT INTO player_score VALUES('631c7795b',56,'62d819213','26847076a',21996,1053,1654023696,1654023696);
INSERT INTO player_score VALUES('624cedb10',56,'62d819213','3334c24ca',417186,1183,1654001934,1654001934);
INSERT INTO player_score VALUES('63becfa12',56,'62d819213','4616ea3ce',13608,1201,1654040719,1654040719);
INSERT INTO player_score VALUES('5ff600800',56,'635769e68','1fed020a8',2992,1039,1653939132,1653939132);
INSERT INTO player_score VALUES('637b6caad',56,'635769e68','26847076a',20706,1057,1654033653,1654033653);
INSERT INTO player_score VALUES('5d2964581',56,'635769e68','3334c24ca',4824,1061,1653863990,1653863990);
INSERT INTO player_score VALUES('4ce4a3970',56,'63b2f2868','1fed020a8',255255,740,1653427284,1653427284);
INSERT INTO player_score VALUES('618f122a7',56,'63b2f2868','26847076a',245376,1019,1653982026,1653982026);
COMMIT;
