
BEGIN;
CREATE TABLE IF NOT EXISTS competition (
  id VARCHAR(255) NOT NULL PRIMARY KEY,
  tenant_id BIGINT NOT NULL,
  title TEXT NOT NULL,
  finished_at BIGINT NULL,
  created_at BIGINT NOT NULL,
  updated_at BIGINT NOT NULL
);
INSERT INTO competition VALUES('1c05a9856',58,'第5回 焼き品川入門',NULL,1652115413,1653859603);
INSERT INTO competition VALUES('27d0a1fb7',58,'太麺_all杯',1653557843,1652431975,1653557843);
INSERT INTO competition VALUES('2aaf27192',58,'スイカ乗り過ごし',1653923534,1652508995,1653923534);
INSERT INTO competition VALUES('3c4c5f6d8',58,'第8回 三度の飯よりクイ（仮）',1653405781,1652981821,1653405781);
INSERT INTO competition VALUES('3d0c3ba87',58,'第8回 ロイヤルサーバレスもどき',1653090185,1653001939,1653090185);
INSERT INTO competition VALUES('433b2922c',58,'スライディングパフォーマンスガチ勢杯',NULL,1653167921,1653737286);
INSERT INTO competition VALUES('5787b6850',58,'ノーコード単推し杯',1654021902,1653712819,1654021902);
CREATE TABLE IF NOT EXISTS player (
  id VARCHAR(255) NOT NULL PRIMARY KEY,
  tenant_id BIGINT NOT NULL,
  display_name TEXT NOT NULL,
  is_disqualified BOOLEAN NOT NULL,
  created_at BIGINT NOT NULL,
  updated_at BIGINT NOT NULL
);
INSERT INTO player VALUES('17c015778',58,'Bart Watsica',1,1652000743,1653669120);
INSERT INTO player VALUES('1a39de03f',58,'Holden Keeling',0,1652067200,1653457672);
INSERT INTO player VALUES('1a5c469e4',58,'Stan Russel V',0,1652070808,1653273837);
INSERT INTO player VALUES('1b3d77850',58,'Torey Maggio',0,1652094421,1653613488);
INSERT INTO player VALUES('1b4ae2994',58,'Kristoffer Welch',1,1652095828,1652158052);
INSERT INTO player VALUES('1b4b94cfd',58,'Omer Botsford',0,1652095901,1653407494);
INSERT INTO player VALUES('1c378c865',58,'Odessa Brown I',0,1652120644,1653579041);
INSERT INTO player VALUES('1c463c4d9',58,'Cynthia Parisian',0,1652122184,1653355460);
INSERT INTO player VALUES('1c59873f0',58,'Lilly Frami',0,1652124207,1653328904);
INSERT INTO player VALUES('1cb122026',58,'Roderick Gorczany',0,1652133393,1653185029);
INSERT INTO player VALUES('1ce19e1fd',58,'Riley Klein II',0,1652138477,1652744022);
INSERT INTO player VALUES('1d06669f2',58,'Ms. Dianna Adams',0,1652142334,1652747246);
INSERT INTO player VALUES('1d6113824',58,'Candice Gleichner Jr.',0,1652151842,1653649684);
INSERT INTO player VALUES('1e53cbc03',58,'Ila Rempel',1,1652177293,1653257349);
INSERT INTO player VALUES('1e7b8dfa3',58,'Shyann Kulas',0,1652181462,1654041097);
INSERT INTO player VALUES('1eb8502f1',58,'Kenyon Kub II',0,1652187833,1652233946);
INSERT INTO player VALUES('1ef001fb1',58,'Eva Jakubowski',0,1652193673,1653910701);
INSERT INTO player VALUES('21444d5b8',58,'Ms. Ila Doyle Jr.',0,1652256199,1652297382);
INSERT INTO player VALUES('227e05dbc',58,'Jamar McKenzie',0,1652289095,1652688964);
INSERT INTO player VALUES('22a14a2aa',58,'Mr. Hazle McGlynn',0,1652292793,1653920382);
INSERT INTO player VALUES('23550278d',58,'Leila Pollich',1,1652311638,1653020734);
INSERT INTO player VALUES('23a656c8c',58,'Theron Johnston',0,1652320166,1653988911);
INSERT INTO player VALUES('240d4c358',58,'Katlynn Kertzmann',0,1652330962,1653734745);
INSERT INTO player VALUES('24b8f3113',58,'Mae Fisher II',0,1652348961,1653824460);
INSERT INTO player VALUES('255049c31',58,'Hans Schulist',1,1652364830,1653941614);
INSERT INTO player VALUES('2567f7c5d',58,'Katheryn Cummerata',1,1652367313,1652929270);
INSERT INTO player VALUES('25c4302bb',58,'Susan Vandervort',0,1652376983,1652670574);
INSERT INTO player VALUES('266552289',58,'Manuela Von',0,1652393879,1653374432);
INSERT INTO player VALUES('27c362da3',58,'Aurelia Gutkowski',0,1652430586,1652644050);
INSERT INTO player VALUES('28fdf714b',58,'Zackary Wuckert',0,1652463572,1652786785);
INSERT INTO player VALUES('2a0e421e3',58,'Maci Hammes',0,1652492124,1653769580);
INSERT INTO player VALUES('2ac259a29',58,'Mr. Willis Bernhard',0,1652511008,1652722735);
INSERT INTO player VALUES('2b4405701',58,'Ms. Filomena Becker',0,1652524605,1653574412);
INSERT INTO player VALUES('2b6d1622f',58,'Davonte Zieme',0,1652528911,1652646405);
INSERT INTO player VALUES('2cf4266da',58,'Orlo Pfeffer',0,1652569917,1652815963);
INSERT INTO player VALUES('2da2878de',58,'Bette Kling',0,1652588202,1652784245);
INSERT INTO player VALUES('2ddaae8e3',58,'Abbey Hyatt',0,1652594090,1653849998);
INSERT INTO player VALUES('2de2b8a6e',58,'Ms. Susana Rau',0,1652594933,1653637544);
INSERT INTO player VALUES('2e7799740',58,'Bernadette Reichel MD',0,1652610544,1652976383);
INSERT INTO player VALUES('309fb83be',58,'Remington Collier',0,1652668438,1654000691);
INSERT INTO player VALUES('3200fac93',58,'Gerry Keebler MD',0,1652705480,1653191865);
INSERT INTO player VALUES('320b86fdf',58,'Maxie Lehner',0,1652706586,1653476592);
INSERT INTO player VALUES('326faea53',58,'Briana Hammes',0,1652717088,1653470170);
INSERT INTO player VALUES('33271ca28',58,'Ava Weber',0,1652736322,1653809554);
INSERT INTO player VALUES('34199568f',58,'Favian Keebler',0,1652761747,1653066790);
INSERT INTO player VALUES('34da7bb87',58,'Montana Larson',0,1652781974,1652786754);
INSERT INTO player VALUES('34e0cbedf',58,'Adolphus Bednar',0,1652782636,1653875142);
INSERT INTO player VALUES('35670b9e8',58,'Ms. Celine Gulgowski',0,1652796713,1652972456);
INSERT INTO player VALUES('35ee137dc',58,'Horacio Jacobs',0,1652810872,1653760785);
INSERT INTO player VALUES('362ff7267',58,'Ms. Yasmin Wehner',0,1652817781,1653838501);
INSERT INTO player VALUES('363f62eab',58,'Ms. Mallie Bernier II',0,1652819398,1653312908);
INSERT INTO player VALUES('3693ac114',58,'Jasen Little',0,1652828236,1653138858);
INSERT INTO player VALUES('36b085519',58,'Ms. Addie Kshlerin IV',0,1652831261,1653206561);
INSERT INTO player VALUES('37a7aa5a5',58,'Marcelo Mohr',1,1652857176,1654007841);
INSERT INTO player VALUES('3834fb1ef',58,'Elsa Marvin',0,1652871994,1653405032);
INSERT INTO player VALUES('399addc6e',58,'Kacie Shields',0,1652909521,1653009802);
INSERT INTO player VALUES('3abf21181',58,'Mr. Efren Schiller Jr.',0,1652940167,1653767621);
INSERT INTO player VALUES('3b075ec19',58,'Mr. Brennan Beahan PhD',0,1652947742,1653707594);
INSERT INTO player VALUES('3b60ac167',58,'Dannie Lueilwitz',0,1652957106,1652980605);
INSERT INTO player VALUES('3d730a012',58,'Amira Nicolas',0,1653012719,1653980050);
INSERT INTO player VALUES('3e4e7d32a',58,'Ms. Janet Wehner',0,1653035730,1653862045);
INSERT INTO player VALUES('3e672b93b',58,'Karine Blick',0,1653038318,1653296434);
INSERT INTO player VALUES('4028a7ed6',58,'Angeline Roob III',0,1653085450,1653637824);
INSERT INTO player VALUES('40b09f0e6',58,'Devan Witting',0,1653099707,1653962245);
INSERT INTO player VALUES('41baafdbb',58,'Alvena Weissnat',0,1653127606,1653750230);
INSERT INTO player VALUES('4215a86c6',58,'Mr. Sim Hills',0,1653137145,1653926826);
INSERT INTO player VALUES('43564d626',58,'Burnice McLaughlin',1,1653170767,1653460939);
INSERT INTO player VALUES('4356cec5c',58,'Burley Block',0,1653170820,1653549537);
INSERT INTO player VALUES('43c1f66a7',58,'Mr. Murl Boyer',0,1653182056,1653857717);
INSERT INTO player VALUES('442c7a7f1',58,'Velma Mills',0,1653193225,1653532403);
INSERT INTO player VALUES('44634e1e5',58,'Ms. Paige Ward Jr.',0,1653198974,1653485876);
INSERT INTO player VALUES('452db1a55',58,'Ms. Ella Hammes PhD',0,1653220196,1653443414);
INSERT INTO player VALUES('4641c10a4',58,'Lisette Kassulke V',1,1653249143,1653712214);
INSERT INTO player VALUES('466a24678',58,'Mr. Devin Kutch',0,1653253378,1653732767);
INSERT INTO player VALUES('473278961',58,'Mr. Craig Romaguera DDS',0,1653274384,1653836854);
INSERT INTO player VALUES('47f2f3772',58,'Daniella Gleason',0,1653294567,1653578593);
INSERT INTO player VALUES('49de0bb29',58,'Nelle Abernathy',0,1653346062,1653996040);
INSERT INTO player VALUES('4a18f9271',58,'Jewel Paucek',1,1653352241,1653733020);
INSERT INTO player VALUES('4a3542578',58,'Alanis Torp PhD',0,1653355207,1653962179);
INSERT INTO player VALUES('4a649bf21',58,'Julien Zieme',0,1653360172,1653689552);
INSERT INTO player VALUES('4a80418fd',58,'Russ Rogahn',0,1653363071,1653770329);
INSERT INTO player VALUES('4b74399ff',58,'Florence Borer',0,1653388653,1653817817);
INSERT INTO player VALUES('4b9d9fc6c',58,'Merlin Zboncak',0,1653392994,1653691329);
INSERT INTO player VALUES('4bd6b394f',58,'Malinda Barton',0,1653398979,1653578298);
INSERT INTO player VALUES('4be0b22d3',58,'Jovan Reynolds',0,1653400027,1653903669);
INSERT INTO player VALUES('4beb8a10b',58,'Ms. Lacey Nienow Sr.',0,1653401164,1653661949);
INSERT INTO player VALUES('4c07481af',58,'Ms. Yasmin Huel Jr.',0,1653404073,1653514050);
INSERT INTO player VALUES('4cb7c7381',58,'Mr. Ernest Schoen',0,1653422580,1653590368);
INSERT INTO player VALUES('4d10031d2',58,'Cierra Green PhD',0,1653431832,1653671755);
INSERT INTO player VALUES('4def61b9d',58,'Tania Grady Sr.',0,1653455254,1653711664);
INSERT INTO player VALUES('4f1d2e77f',58,'Ms. Jewell Lynch DVM',0,1653486900,1654033070);
INSERT INTO player VALUES('4f668753f',58,'Malachi Grady',0,1653494591,1653903788);
INSERT INTO player VALUES('4f9893cfe',58,'Ms. Cassandra Durgan I',0,1653499839,1653728210);
INSERT INTO player VALUES('508ff8583',58,'Ms. Stephanie Boyer',0,1653525780,1653703857);
INSERT INTO player VALUES('514aa1fc3',58,'Mr. Jerel Ondricka',0,1653545353,1653839989);
INSERT INTO player VALUES('514d6ae0f',58,'Ms. Sandrine Kunze IV',0,1653545645,1653984393);
INSERT INTO player VALUES('51f3fa0a0',58,'Dino Kunde DVM',0,1653563110,1653901777);
INSERT INTO player VALUES('52a1d9c3e',58,'Rodrigo Mayer',0,1653581342,1653608437);
INSERT INTO player VALUES('5339e9f7b',58,'Ms. Kaya Renner PhD',0,1653597287,1653624758);
INSERT INTO player VALUES('536926409',58,'Caesar Conn',0,1653602240,1653666611);
INSERT INTO player VALUES('54172a97b',58,'Alexzander Kris',0,1653620487,1653875352);
INSERT INTO player VALUES('548d62457',58,'Mr. Houston Sawayn V',0,1653632883,1653885926);
INSERT INTO player VALUES('54c640634',58,'Reynold Bergnaum',1,1653638846,1653694117);
INSERT INTO player VALUES('5578a7c3a',58,'Nickolas Hayes',0,1653657553,1653951426);
INSERT INTO player VALUES('55d92d3ee',58,'Mr. Merlin Harris II',0,1653667674,1653745095);
INSERT INTO player VALUES('55e1fd197',58,'Stanford Hills',0,1653668598,1654002826);
INSERT INTO player VALUES('55e74f652',58,'Ansley Feest MD',0,1653669156,1653887115);
INSERT INTO player VALUES('55fc8c692',58,'Mr. Zack Rath',0,1653671383,1653799910);
INSERT INTO player VALUES('565651619',58,'Katlyn Balistreri',0,1653680796,1653699178);
INSERT INTO player VALUES('566dd5e0a',58,'Leonard Nienow',0,1653683262,1653919526);
INSERT INTO player VALUES('56d3ef964',58,'Darrin Oberbrunner',0,1653693968,1653769305);
INSERT INTO player VALUES('584adf775',58,'Mr. Irwin Parisian',1,1653733283,1653777702);
INSERT INTO player VALUES('5892b1b36',58,'Cali Huels',0,1653740814,1653887854);
INSERT INTO player VALUES('58a698e96',58,'Mr. Armando Wunsch III',0,1653742901,1653794067);
INSERT INTO player VALUES('58f675406',58,'Joshuah Jaskolski II',0,1653751275,1654035305);
INSERT INTO player VALUES('58f9e6950',58,'Brain Hermiston',0,1653751636,1653915129);
INSERT INTO player VALUES('58ffc8f2a',58,'Neal Lang I',1,1653752253,1653890961);
INSERT INTO player VALUES('5a77ec70c',58,'Ms. Gertrude Nicolas',0,1653791694,1654022207);
INSERT INTO player VALUES('5b72d5d6a',58,'Micaela Runolfsson',0,1653818004,1654035446);
INSERT INTO player VALUES('5b7dd9a98',58,'Mr. Sigrid Lind',0,1653819159,1654011929);
INSERT INTO player VALUES('5c448025b',58,'Haskell Thompson',0,1653839989,1653967659);
INSERT INTO player VALUES('5c536cf73',58,'Earl Reinger',0,1653841554,1654017166);
INSERT INTO player VALUES('5c92fa7ac',58,'Darrin Thiel',0,1653848218,1653987107);
INSERT INTO player VALUES('5e0aa17c8',58,'Cheyanne Buckridge',0,1653887608,1654039134);
INSERT INTO player VALUES('5e2d29ce0',58,'Marlee Quitzon',0,1653891229,1653907024);
INSERT INTO player VALUES('5ece61c79',58,'Roscoe Nolan',0,1653908134,1653973592);
INSERT INTO player VALUES('5f41b0d2f',58,'Norma Torp DDS',0,1653920225,1653997366);
INSERT INTO player VALUES('61eb852b3',58,'Vilma Braun',0,1653991720,1654040517);
INSERT INTO player VALUES('632b1640a',58,'Mathew Marks',0,1654025229,1654033536);
CREATE TABLE IF NOT EXISTS IF NOT EXISTS "player_score" (
                              id VARCHAR(255) NOT NULL PRIMARY KEY,
                              tenant_id BIGINT NOT NULL,
                              player_id VARCHAR(255) NOT NULL,
                              competition_id VARCHAR(255) NOT NULL,
                              score BIGINT NOT NULL,
                              row_num BIGINT NOT NULL,
                              created_at BIGINT NOT NULL,
                              updated_at BIGINT NOT NULL
);
INSERT INTO player_score VALUES('62ee7b1e9',58,'17c015778','1c05a9856',123552,2363,1654018874,1654018874);
INSERT INTO player_score VALUES('517dbb0c5',58,'17c015778','27d0a1fb7',309600,1752,1653550711,1653550711);
INSERT INTO player_score VALUES('5d3d79f0e',58,'17c015778','2aaf27192',11220,2217,1653866096,1653866096);
INSERT INTO player_score VALUES('4c0f30087',58,'17c015778','3c4c5f6d8',84966,1618,1653404902,1653404902);
INSERT INTO player_score VALUES('402ff60a9',58,'17c015778','3d0c3ba87',339300,1151,1653086216,1653086216);
INSERT INTO player_score VALUES('622b34e1b',58,'17c015778','5787b6850',14450,2199,1653998398,1653998398);
INSERT INTO player_score VALUES('61681a98a',58,'1a39de03f','1c05a9856',579600,2325,1653977940,1653977940);
INSERT INTO player_score VALUES('4bb27b203',58,'1a39de03f','27d0a1fb7',1980,1514,1653395181,1653395181);
INSERT INTO player_score VALUES('599dc2d75',58,'1a39de03f','2aaf27192',279136,2048,1653768818,1653768818);
INSERT INTO player_score VALUES('4bf025430',58,'1a39de03f','3c4c5f6d8',387100,1610,1653401647,1653401647);
INSERT INTO player_score VALUES('40151627b',58,'1a39de03f','3d0c3ba87',138195,1101,1653083398,1653083398);
INSERT INTO player_score VALUES('5f3af2c05',58,'1a39de03f','433b2922c',7590,2136,1653919518,1653919518);
INSERT INTO player_score VALUES('6289cd2e5',58,'1a39de03f','5787b6850',323640,2262,1654008317,1654008317);
INSERT INTO player_score VALUES('517ec79a2',58,'1a5c469e4','27d0a1fb7',598995,1753,1653550821,1653550821);
INSERT INTO player_score VALUES('5e73d7145',58,'1a5c469e4','2aaf27192',131670,2254,1653898640,1653898640);
INSERT INTO player_score VALUES('4aaaca3c4',58,'1a5c469e4','3c4c5f6d8',41895,1466,1653367531,1653367531);
INSERT INTO player_score VALUES('404816cec',58,'1a5c469e4','3d0c3ba87',17316,1193,1653088746,1653088746);
INSERT INTO player_score VALUES('5f1ba611f',58,'1a5c469e4','433b2922c',821275,2122,1653916236,1653916236);
INSERT INTO player_score VALUES('62250e2ac',58,'1a5c469e4','5787b6850',628749,2195,1653997753,1653997753);
INSERT INTO player_score VALUES('634111ae4',58,'1b3d77850','1c05a9856',124160,2379,1654027534,1654027534);
INSERT INTO player_score VALUES('4f5bb6c70',58,'1b3d77850','27d0a1fb7',106799,1672,1653493457,1653493457);
INSERT INTO player_score VALUES('5a6740dde',58,'1b3d77850','2aaf27192',47432,2092,1653789946,1653789946);
INSERT INTO player_score VALUES('4b8defa98',58,'1b3d77850','3c4c5f6d8',56,1570,1653391349,1653391349);
INSERT INTO player_score VALUES('4053ddee6',58,'1b3d77850','3d0c3ba87',122122,1205,1653089981,1653089981);
INSERT INTO player_score VALUES('63853a6ae',58,'1b3d77850','433b2922c',685216,2476,1654034681,1654034681);
INSERT INTO player_score VALUES('61883e1e6',58,'1b3d77850','5787b6850',54312,2071,1653981310,1653981310);
INSERT INTO player_score VALUES('5047d588c',58,'1b4ae2994','27d0a1fb7',232180,1700,1653518216,1653518216);
INSERT INTO player_score VALUES('5eaccb28f',58,'1b4ae2994','2aaf27192',65250,2265,1653904612,1653904612);
INSERT INTO player_score VALUES('4bdbd2a1f',58,'1b4ae2994','3c4c5f6d8',375648,1602,1653399516,1653399516);
INSERT INTO player_score VALUES('404da3b1b',58,'1b4ae2994','3d0c3ba87',346104,1198,1653089328,1653089328);
INSERT INTO player_score VALUES('635441cd5',58,'1b4ae2994','433b2922c',234876,2468,1654029546,1654029546);
INSERT INTO player_score VALUES('60847b194',58,'1b4ae2994','5787b6850',13846,1877,1653954072,1653954072);
INSERT INTO player_score VALUES('6307bbf84',58,'1b4b94cfd','1c05a9856',0,2368,1654021522,1654021522);
INSERT INTO player_score VALUES('49cd12000',58,'1b4b94cfd','27d0a1fb7',17760,1423,1653344282,1653344282);
INSERT INTO player_score VALUES('5e37f30b7',58,'1b4b94cfd','2aaf27192',0,2248,1653892360,1653892360);
INSERT INTO player_score VALUES('4b6d324c2',58,'1b4b94cfd','3c4c5f6d8',261268,1553,1653387916,1653387916);
INSERT INTO player_score VALUES('403d3527a',58,'1b4b94cfd','3d0c3ba87',9576,1174,1653087605,1653087605);
INSERT INTO player_score VALUES('629c8f6ec',58,'1b4b94cfd','433b2922c',191995,2413,1654010284,1654010284);
INSERT INTO player_score VALUES('61c62f0f6',58,'1b4b94cfd','5787b6850',179360,2127,1653987805,1653987805);
INSERT INTO player_score VALUES('5e3791615',58,'1c378c865','1c05a9856',81840,2214,1653892320,1653892320);
INSERT INTO player_score VALUES('50e76c06f',58,'1c378c865','27d0a1fb7',147343,1724,1653534950,1653534950);
INSERT INTO player_score VALUES('5a27e9086',58,'1c378c865','2aaf27192',23296,2078,1653783304,1653783304);
INSERT INTO player_score VALUES('4a6b8ad6b',58,'1c378c865','3c4c5f6d8',279444,1443,1653360899,1653360899);
INSERT INTO player_score VALUES('401a045e7',58,'1c378c865','3d0c3ba87',142884,1108,1653083915,1653083915);
INSERT INTO player_score VALUES('615941503',58,'1c378c865','433b2922c',205296,2305,1653976383,1653976383);
INSERT INTO player_score VALUES('62f3c1376',58,'1c378c865','5787b6850',89033,2356,1654019427,1654019427);
INSERT INTO player_score VALUES('637c9dd5d',58,'1c463c4d9','1c05a9856',171855,2385,1654033778,1654033778);
INSERT INTO player_score VALUES('4a3d1ba2f',58,'1c463c4d9','27d0a1fb7',495000,1443,1653356030,1653356030);
INSERT INTO player_score VALUES('5ee3cd2df',58,'1c463c4d9','2aaf27192',591850,2275,1653910380,1653910380);
INSERT INTO player_score VALUES('4bb731307',58,'1c463c4d9','3c4c5f6d8',2639,1584,1653395675,1653395675);
INSERT INTO player_score VALUES('40552c6bd',58,'1c463c4d9','3d0c3ba87',110700,1209,1653090118,1653090118);
INSERT INTO player_score VALUES('635eae410',58,'1c463c4d9','433b2922c',116130,2469,1654030639,1654030639);
INSERT INTO player_score VALUES('61a730800',58,'1c463c4d9','5787b6850',268090,2101,1653984555,1653984555);
INSERT INTO player_score VALUES('61fbfb097',58,'1c59873f0','1c05a9856',240825,2342,1653993446,1653993446);
INSERT INTO player_score VALUES('4a8a7d319',58,'1c59873f0','27d0a1fb7',47880,1456,1653364144,1653364144);
INSERT INTO player_score VALUES('5a91da9f7',58,'1c59873f0','2aaf27192',85470,2109,1653794413,1653794413);
INSERT INTO player_score VALUES('4a04c3ca6',58,'1c59873f0','3c4c5f6d8',25056,1415,1653350122,1653350122);
INSERT INTO player_score VALUES('3ff6b8ba3',58,'1c59873f0','3d0c3ba87',20128,1065,1653080214,1653080214);
INSERT INTO player_score VALUES('619c1e04b',58,'1c59873f0','433b2922c',19584,2324,1653983394,1653983394);
INSERT INTO player_score VALUES('62eca3ede',58,'1c59873f0','5787b6850',70448,2350,1654018681,1654018681);
INSERT INTO player_score VALUES('5bb0dcc1f',58,'1cb122026','1c05a9856',13720,2144,1653824508,1653824508);
INSERT INTO player_score VALUES('4ddcf75d6',58,'1cb122026','27d0a1fb7',84960,1608,1653453323,1653453323);
INSERT INTO player_score VALUES('5f3c85981',58,'1cb122026','2aaf27192',26505,2289,1653919683,1653919683);
INSERT INTO player_score VALUES('4040a8f02',58,'1cb122026','3d0c3ba87',199950,1178,1653087967,1653087967);
INSERT INTO player_score VALUES('6277ce400',58,'1cb122026','433b2922c',15120,2397,1654006430,1654006430);
INSERT INTO player_score VALUES('623c0783f',58,'1cb122026','5787b6850',15990,2206,1654000162,1654000162);
INSERT INTO player_score VALUES('62a064e3b',58,'1ce19e1fd','1c05a9856',11952,2351,1654010686,1654010686);
INSERT INTO player_score VALUES('4f30e4dd5',58,'1ce19e1fd','27d0a1fb7',24640,1660,1653488967,1653488967);
INSERT INTO player_score VALUES('5e294347c',58,'1ce19e1fd','2aaf27192',1452,2244,1653890820,1653890820);
INSERT INTO player_score VALUES('4a40bdd07',58,'1ce19e1fd','3c4c5f6d8',74592,1431,1653356411,1653356411);
INSERT INTO player_score VALUES('403dd3dbe',58,'1ce19e1fd','3d0c3ba87',23100,1175,1653087670,1653087670);
INSERT INTO player_score VALUES('633d46022',58,'1ce19e1fd','433b2922c',87120,2462,1654027136,1654027136);
INSERT INTO player_score VALUES('62cb8277b',58,'1ce19e1fd','5787b6850',18900,2315,1654015207,1654015207);
INSERT INTO player_score VALUES('509f9eafe',58,'1d06669f2','27d0a1fb7',123714,1714,1653527421,1653527421);
INSERT INTO player_score VALUES('5ee032578',58,'1d06669f2','2aaf27192',136998,2273,1653910002,1653910002);
INSERT INTO player_score VALUES('4b2e76bb1',58,'1d06669f2','3c4c5f6d8',332500,1523,1653381338,1653381338);
INSERT INTO player_score VALUES('402252d21',58,'1d06669f2','3d0c3ba87',132750,1117,1653084786,1653084786);
INSERT INTO player_score VALUES('629769157',58,'1d06669f2','5787b6850',16016,2277,1654009744,1654009744);
INSERT INTO player_score VALUES('56ea518c6',58,'1d6113824','1c05a9856',108108,2005,1653696315,1653696315);
INSERT INTO player_score VALUES('512016dd4',58,'1d6113824','27d0a1fb7',253890,1734,1653540892,1653540892);
INSERT INTO player_score VALUES('4b2511f71',58,'1d6113824','3c4c5f6d8',11008,1516,1653380353,1653380353);
INSERT INTO player_score VALUES('5de0b2a0e',58,'1d6113824','433b2922c',30800,2037,1653883211,1653883211);
INSERT INTO player_score VALUES('62d688bec',58,'1d6113824','5787b6850',4472,2331,1654016363,1654016363);
INSERT INTO player_score VALUES('5ffa04542',58,'1e53cbc03','1c05a9856',97524,2275,1653939553,1653939553);
INSERT INTO player_score VALUES('512ef777a',58,'1e53cbc03','27d0a1fb7',16128,1739,1653542452,1653542452);
INSERT INTO player_score VALUES('4bbe97b58',58,'1e53cbc03','3c4c5f6d8',65208,1590,1653396451,1653396451);
INSERT INTO player_score VALUES('4054fb95b',58,'1e53cbc03','3d0c3ba87',307020,1208,1653090098,1653090098);
INSERT INTO player_score VALUES('62de8df44',58,'1e53cbc03','433b2922c',12328,2432,1654017204,1654017204);
INSERT INTO player_score VALUES('6238a7463',58,'1e53cbc03','5787b6850',18228,2203,1653999808,1653999808);
INSERT INTO player_score VALUES('4f1928312',58,'1e7b8dfa3','27d0a1fb7',120285,1657,1653486478,1653486478);
INSERT INTO player_score VALUES('5f2da9e2b',58,'1e7b8dfa3','2aaf27192',430464,2284,1653918125,1653918125);
INSERT INTO player_score VALUES('4bbc1f634',58,'1e7b8dfa3','3c4c5f6d8',0,1587,1653396192,1653396192);
INSERT INTO player_score VALUES('40425b85a',58,'1e7b8dfa3','3d0c3ba87',7392,1182,1653088145,1653088145);
INSERT INTO player_score VALUES('6305328a5',58,'1e7b8dfa3','433b2922c',10260,2443,1654021256,1654021256);
INSERT INTO player_score VALUES('6284452d4',58,'1e7b8dfa3','5787b6850',74496,2255,1654007737,1654007737);
INSERT INTO player_score VALUES('62ec8df26',58,'1eb8502f1','1c05a9856',217800,2362,1654018672,1654018672);
INSERT INTO player_score VALUES('5193489f9',58,'1eb8502f1','27d0a1fb7',368456,1757,1653552971,1653552971);
INSERT INTO player_score VALUES('5a68b1847',58,'1eb8502f1','2aaf27192',38610,2096,1653790097,1653790097);
INSERT INTO player_score VALUES('4051a0374',58,'1eb8502f1','3d0c3ba87',393176,1203,1653089746,1653089746);
INSERT INTO player_score VALUES('638ea41a6',58,'1eb8502f1','433b2922c',158760,2479,1654035668,1654035668);
INSERT INTO player_score VALUES('5fc38d77b',58,'1ef001fb1','1c05a9856',158949,2269,1653933842,1653933842);
INSERT INTO player_score VALUES('4d11c4501',58,'1ef001fb1','27d0a1fb7',273000,1568,1653432016,1653432016);
INSERT INTO player_score VALUES('5cd7df351',58,'1ef001fb1','2aaf27192',167475,2194,1653855442,1653855442);
INSERT INTO player_score VALUES('487a7f2d0',58,'1ef001fb1','3c4c5f6d8',5166,1276,1653308780,1653308780);
INSERT INTO player_score VALUES('4024b2bcd',58,'1ef001fb1','3d0c3ba87',224224,1128,1653085035,1653085035);
INSERT INTO player_score VALUES('606a8cee6',58,'1ef001fb1','433b2922c',76832,2233,1653951353,1653951353);
INSERT INTO player_score VALUES('628c5428d',58,'1ef001fb1','5787b6850',152460,2265,1654008582,1654008582);
INSERT INTO player_score VALUES('61644524c',58,'21444d5b8','1c05a9856',2112,2323,1653977538,1653977538);
INSERT INTO player_score VALUES('4f3aa66be',58,'21444d5b8','27d0a1fb7',27900,1667,1653489990,1653489990);
INSERT INTO player_score VALUES('5d1067dab',58,'21444d5b8','2aaf27192',8928,2204,1653861370,1653861370);
INSERT INTO player_score VALUES('4bc8f7f3e',58,'21444d5b8','3c4c5f6d8',1988,1595,1653397539,1653397539);
INSERT INTO player_score VALUES('4038ef687',58,'21444d5b8','3d0c3ba87',313632,1170,1653087157,1653087157);
INSERT INTO player_score VALUES('6396c69f3',58,'21444d5b8','433b2922c',288000,2482,1654036521,1654036521);
INSERT INTO player_score VALUES('626bc053f',58,'21444d5b8','5787b6850',12760,2238,1654005166,1654005166);
INSERT INTO player_score VALUES('62f3583c2',58,'227e05dbc','1c05a9856',285138,2365,1654019384,1654019384);
INSERT INTO player_score VALUES('4e44c3a0b',58,'227e05dbc','27d0a1fb7',450500,1623,1653464207,1653464207);
INSERT INTO player_score VALUES('5e45a7595',58,'227e05dbc','2aaf27192',13728,2250,1653893797,1653893797);
INSERT INTO player_score VALUES('4bef1161f',58,'227e05dbc','3c4c5f6d8',127194,1609,1653401534,1653401534);
INSERT INTO player_score VALUES('4048fc4c0',58,'227e05dbc','3d0c3ba87',27435,1194,1653088840,1653088840);
INSERT INTO player_score VALUES('5f6d412b4',58,'227e05dbc','433b2922c',64288,2150,1653924793,1653924793);
INSERT INTO player_score VALUES('62ff0e466',58,'227e05dbc','5787b6850',7072,2366,1654020612,1654020612);
INSERT INTO player_score VALUES('62066c638',58,'22a14a2aa','1c05a9856',399360,2343,1653994541,1653994541);
INSERT INTO player_score VALUES('4eb209413',58,'22a14a2aa','27d0a1fb7',642880,1640,1653475665,1653475665);
INSERT INTO player_score VALUES('5e4709570',58,'22a14a2aa','2aaf27192',87912,2251,1653893942,1653893942);
INSERT INTO player_score VALUES('4b70de3f4',58,'22a14a2aa','3c4c5f6d8',172516,1554,1653388301,1653388301);
INSERT INTO player_score VALUES('402fc2c79',58,'22a14a2aa','3d0c3ba87',195455,1150,1653086195,1653086195);
INSERT INTO player_score VALUES('61aed6802',58,'22a14a2aa','433b2922c',141600,2330,1653985357,1653985357);
INSERT INTO player_score VALUES('62eba6012',58,'22a14a2aa','5787b6850',12096,2348,1654018577,1654018577);
INSERT INTO player_score VALUES('60f35121b',58,'23550278d','1c05a9856',664741,2309,1653965694,1653965694);
INSERT INTO player_score VALUES('515d6e014',58,'23550278d','27d0a1fb7',218776,1748,1653547324,1653547324);
INSERT INTO player_score VALUES('5eb03a0dd',58,'23550278d','2aaf27192',1650,2266,1653904972,1653904972);
INSERT INTO player_score VALUES('403598eb9',58,'23550278d','3d0c3ba87',55872,1163,1653086807,1653086807);
INSERT INTO player_score VALUES('63b5b6899',58,'23550278d','433b2922c',775376,2492,1654039765,1654039765);
INSERT INTO player_score VALUES('6144c2bbe',58,'23550278d','5787b6850',35720,2020,1653974234,1653974234);
INSERT INTO player_score VALUES('630bdaa31',58,'23a656c8c','1c05a9856',27840,2370,1654021954,1654021954);
INSERT INTO player_score VALUES('51151cd1a',58,'23a656c8c','27d0a1fb7',3784,1732,1653539741,1653539741);
INSERT INTO player_score VALUES('5e92061db',58,'23a656c8c','2aaf27192',13680,2259,1653901805,1653901805);
INSERT INTO player_score VALUES('4bffbcf7c',58,'23a656c8c','3c4c5f6d8',65736,1613,1653403282,1653403282);
INSERT INTO player_score VALUES('402f77169',58,'23a656c8c','3d0c3ba87',619164,1148,1653086164,1653086164);
INSERT INTO player_score VALUES('5fa0e2f3c',58,'23a656c8c','433b2922c',32625,2172,1653930207,1653930207);
INSERT INTO player_score VALUES('6179a4582',58,'23a656c8c','5787b6850',50700,2062,1653979779,1653979779);
INSERT INTO player_score VALUES('515f0344a',58,'240d4c358','27d0a1fb7',114400,1749,1653547490,1653547490);
INSERT INTO player_score VALUES('5d259d8db',58,'240d4c358','2aaf27192',426275,2211,1653863594,1653863594);
INSERT INTO player_score VALUES('4c0c73573',58,'240d4c358','3c4c5f6d8',1850,1616,1653404615,1653404615);
INSERT INTO player_score VALUES('4044d1676',58,'240d4c358','3d0c3ba87',151905,1188,1653088403,1653088403);
INSERT INTO player_score VALUES('62bed0f4d',58,'240d4c358','433b2922c',383040,2422,1654013876,1654013876);
INSERT INTO player_score VALUES('62a5cab85',58,'240d4c358','5787b6850',23736,2291,1654011252,1654011252);
INSERT INTO player_score VALUES('5de6b2415',58,'24b8f3113','1c05a9856',51948,2207,1653883840,1653883840);
INSERT INTO player_score VALUES('4f03a461a',58,'24b8f3113','27d0a1fb7',459228,1654,1653484222,1653484222);
INSERT INTO player_score VALUES('5dce8c9de',58,'24b8f3113','2aaf27192',75650,2234,1653881308,1653881308);
INSERT INTO player_score VALUES('404fd538c',58,'24b8f3113','3d0c3ba87',86640,1202,1653089558,1653089558);
INSERT INTO player_score VALUES('63bd63dc6',58,'24b8f3113','433b2922c',71668,2495,1654040570,1654040570);
INSERT INTO player_score VALUES('62c7a0d3e',58,'24b8f3113','5787b6850',30492,2309,1654014800,1654014800);
INSERT INTO player_score VALUES('5d1f9b788',58,'255049c31','1c05a9856',445740,2179,1653862964,1653862964);
INSERT INTO player_score VALUES('4acde50df',58,'255049c31','27d0a1fb7',481280,1467,1653371212,1653371212);
INSERT INTO player_score VALUES('4ba489cbe',58,'255049c31','3c4c5f6d8',48400,1579,1653393719,1653393719);
INSERT INTO player_score VALUES('40429d71c',58,'255049c31','3d0c3ba87',236880,1183,1653088172,1653088172);
INSERT INTO player_score VALUES('62e3578bb',58,'255049c31','433b2922c',497421,2433,1654017706,1654017706);
INSERT INTO player_score VALUES('626bd3d82',58,'255049c31','5787b6850',13728,2239,1654005174,1654005174);
INSERT INTO player_score VALUES('5c34d9d19',58,'2567f7c5d','1c05a9856',14877,2157,1653838348,1653838348);
INSERT INTO player_score VALUES('500f7180b',58,'2567f7c5d','27d0a1fb7',24012,1693,1653512303,1653512303);
INSERT INTO player_score VALUES('5b06908c2',58,'2567f7c5d','2aaf27192',212520,2125,1653806651,1653806651);
INSERT INTO player_score VALUES('4a9a0d93d',58,'2567f7c5d','3c4c5f6d8',6510,1460,1653365776,1653365776);
INSERT INTO player_score VALUES('4040d754b',58,'2567f7c5d','3d0c3ba87',46920,1179,1653087986,1653087986);
INSERT INTO player_score VALUES('639c0cb37',58,'2567f7c5d','433b2922c',4800,2485,1654037074,1654037074);
INSERT INTO player_score VALUES('61553b0a4',58,'2567f7c5d','5787b6850',139374,2029,1653975961,1653975961);
INSERT INTO player_score VALUES('60217adf1',58,'25c4302bb','1c05a9856',15552,2279,1653943691,1653943691);
INSERT INTO player_score VALUES('4c4b18f07',58,'25c4302bb','27d0a1fb7',21373,1539,1653411184,1653411184);
INSERT INTO player_score VALUES('5db1bd220',58,'25c4302bb','2aaf27192',384384,2226,1653878287,1653878287);
INSERT INTO player_score VALUES('4b1546ff3',58,'25c4302bb','3c4c5f6d8',252396,1508,1653378697,1653378697);
INSERT INTO player_score VALUES('403733135',58,'25c4302bb','3d0c3ba87',254800,1168,1653086975,1653086975);
INSERT INTO player_score VALUES('5c6a7c496',58,'25c4302bb','433b2922c',92400,1908,1653843972,1653843972);
INSERT INTO player_score VALUES('6290fe037',58,'25c4302bb','5787b6850',146405,2271,1654009071,1654009071);
INSERT INTO player_score VALUES('6322c0793',58,'266552289','1c05a9856',130075,2372,1654024355,1654024355);
INSERT INTO player_score VALUES('514b6a2d3',58,'266552289','27d0a1fb7',1980,1746,1653545435,1653545435);
INSERT INTO player_score VALUES('5d4e16e01',58,'266552289','2aaf27192',21600,2219,1653867838,1653867838);
INSERT INTO player_score VALUES('4ad6163d2',58,'266552289','3c4c5f6d8',4386,1480,1653372071,1653372071);
INSERT INTO player_score VALUES('403035853',58,'266552289','3d0c3ba87',97290,1153,1653086242,1653086242);
INSERT INTO player_score VALUES('63a157b48',58,'266552289','433b2922c',297680,2487,1654037629,1654037629);
INSERT INTO player_score VALUES('628685569',58,'266552289','5787b6850',72128,2259,1654007973,1654007973);
INSERT INTO player_score VALUES('60b763524',58,'27c362da3','1c05a9856',81874,2302,1653959410,1653959410);
INSERT INTO player_score VALUES('5edeb0973',58,'27c362da3','2aaf27192',38376,2271,1653909844,1653909844);
INSERT INTO player_score VALUES('4b87f757a',58,'27c362da3','3c4c5f6d8',45696,1564,1653390723,1653390723);
INSERT INTO player_score VALUES('402f3048a',58,'27c362da3','3d0c3ba87',25944,1147,1653086135,1653086135);
INSERT INTO player_score VALUES('638943226',58,'27c362da3','433b2922c',9500,2478,1654035104,1654035104);
INSERT INTO player_score VALUES('6271c746b',58,'27c362da3','5787b6850',105840,2244,1654005798,1654005798);
INSERT INTO player_score VALUES('5c4fef671',58,'28fdf714b','1c05a9856',3024,2159,1653841188,1653841188);
INSERT INTO player_score VALUES('4f22cee33',58,'28fdf714b','27d0a1fb7',6800,1658,1653487490,1653487490);
INSERT INTO player_score VALUES('5e9ac0055',58,'28fdf714b','2aaf27192',105952,2261,1653902720,1653902720);
INSERT INTO player_score VALUES('4b7886b45',58,'28fdf714b','3c4c5f6d8',0,1557,1653389104,1653389104);
INSERT INTO player_score VALUES('403f22545',58,'28fdf714b','3d0c3ba87',17952,1176,1653087807,1653087807);
INSERT INTO player_score VALUES('61c6b7ca8',58,'28fdf714b','433b2922c',44000,2336,1653987861,1653987861);
INSERT INTO player_score VALUES('5fced5a57',58,'2a0e421e3','1c05a9856',448,2270,1653935025,1653935025);
INSERT INTO player_score VALUES('51369b08e',58,'2a0e421e3','27d0a1fb7',358266,1742,1653543253,1653543253);
INSERT INTO player_score VALUES('5a55d46c6',58,'2a0e421e3','2aaf27192',3666,2087,1653788119,1653788119);
INSERT INTO player_score VALUES('4bec2b316',58,'2a0e421e3','3c4c5f6d8',258066,1606,1653401230,1653401230);
INSERT INTO player_score VALUES('4003b3791',58,'2a0e421e3','3d0c3ba87',9216,1079,1653081575,1653081575);
INSERT INTO player_score VALUES('5e504983c',58,'2a0e421e3','433b2922c',196560,2066,1653894912,1653894912);
INSERT INTO player_score VALUES('62e001114',58,'2a0e421e3','5787b6850',101790,2341,1654017356,1654017356);
INSERT INTO player_score VALUES('631ce571e',58,'2ac259a29','1c05a9856',17766,2371,1654023741,1654023741);
INSERT INTO player_score VALUES('50ea30087',58,'2ac259a29','27d0a1fb7',367822,1725,1653535240,1653535240);
INSERT INTO player_score VALUES('4bceb33cc',58,'2ac259a29','3c4c5f6d8',285936,1597,1653398140,1653398140);
INSERT INTO player_score VALUES('403721f99',58,'2ac259a29','3d0c3ba87',100947,1167,1653086968,1653086968);
INSERT INTO player_score VALUES('5fb14066f',58,'2ac259a29','433b2922c',6720,2176,1653931923,1653931923);
INSERT INTO player_score VALUES('61c20b7fd',58,'2ac259a29','5787b6850',58200,2123,1653987371,1653987371);
INSERT INTO player_score VALUES('58fafceb4',58,'2b4405701','1c05a9856',8712,2069,1653751750,1653751750);
INSERT INTO player_score VALUES('5183b5cbb',58,'2b4405701','27d0a1fb7',358425,1755,1653551338,1653551338);
INSERT INTO player_score VALUES('5bf143907',58,'2b4405701','2aaf27192',204820,2151,1653831261,1653831261);
INSERT INTO player_score VALUES('4bc7cba86',58,'2b4405701','3c4c5f6d8',109296,1593,1653397416,1653397416);
INSERT INTO player_score VALUES('401fc2194',58,'2b4405701','3d0c3ba87',14413,1113,1653084517,1653084517);
INSERT INTO player_score VALUES('6279dd97c',58,'2b4405701','5787b6850',64260,2248,1654006646,1654006646);
INSERT INTO player_score VALUES('624c230e4',58,'2b6d1622f','1c05a9856',220400,2348,1654001851,1654001851);
INSERT INTO player_score VALUES('5e7b2ef65',58,'2b6d1622f','2aaf27192',1575,2255,1653899410,1653899410);
INSERT INTO player_score VALUES('4b0953e45',58,'2b6d1622f','3c4c5f6d8',222111,1501,1653377444,1653377444);
INSERT INTO player_score VALUES('401020a08',58,'2b6d1622f','3d0c3ba87',264000,1088,1653082878,1653082878);
INSERT INTO player_score VALUES('621efb017',58,'2b6d1622f','433b2922c',98800,2364,1653997116,1653997116);
INSERT INTO player_score VALUES('61e342e88',58,'2b6d1622f','5787b6850',143640,2155,1653990854,1653990854);
INSERT INTO player_score VALUES('6297e807d',58,'2cf4266da','1c05a9856',115200,2350,1654009796,1654009796);
INSERT INTO player_score VALUES('4dc4f656f',58,'2cf4266da','27d0a1fb7',0,1602,1653450806,1653450806);
INSERT INTO player_score VALUES('58f0361ea',58,'2cf4266da','2aaf27192',269800,2021,1653750620,1653750620);
INSERT INTO player_score VALUES('4b50bd287',58,'2cf4266da','3c4c5f6d8',28747,1544,1653384932,1653384932);
INSERT INTO player_score VALUES('4037f660c',58,'2cf4266da','3d0c3ba87',302412,1169,1653087055,1653087055);
INSERT INTO player_score VALUES('600651c0b',58,'2da2878de','1c05a9856',12144,2276,1653940843,1653940843);
INSERT INTO player_score VALUES('51262a0aa',58,'2da2878de','27d0a1fb7',6240,1736,1653541529,1653541529);
INSERT INTO player_score VALUES('5d27a0b25',58,'2da2878de','2aaf27192',281271,2212,1653863805,1653863805);
INSERT INTO player_score VALUES('404afa8c6',58,'2da2878de','3d0c3ba87',57018,1196,1653089049,1653089049);
INSERT INTO player_score VALUES('629340a22',58,'2da2878de','433b2922c',311416,2408,1654009308,1654009308);
INSERT INTO player_score VALUES('613dd8ba6',58,'2da2878de','5787b6850',36729,2011,1653973509,1653973509);
INSERT INTO player_score VALUES('62a68e09e',58,'2ddaae8e3','1c05a9856',4048,2354,1654011332,1654011332);
INSERT INTO player_score VALUES('4f4a1bed8',58,'2ddaae8e3','27d0a1fb7',648,1670,1653491611,1653491611);
INSERT INTO player_score VALUES('5a70d6776',58,'2ddaae8e3','2aaf27192',26730,2100,1653790951,1653790951);
INSERT INTO player_score VALUES('4a1632b16',58,'2ddaae8e3','3c4c5f6d8',73656,1420,1653351950,1653351950);
INSERT INTO player_score VALUES('404036322',58,'2ddaae8e3','3d0c3ba87',0,1177,1653087920,1653087920);
INSERT INTO player_score VALUES('629d74eb2',58,'2ddaae8e3','5787b6850',41832,2281,1654010378,1654010378);
INSERT INTO player_score VALUES('506fc6255',58,'2de2b8a6e','27d0a1fb7',3082,1707,1653522404,1653522404);
INSERT INTO player_score VALUES('4bb28c35f',58,'2de2b8a6e','3c4c5f6d8',133632,1582,1653395188,1653395188);
INSERT INTO player_score VALUES('4021500d3',58,'2de2b8a6e','3d0c3ba87',35328,1116,1653084680,1653084680);
INSERT INTO player_score VALUES('63c65fac2',58,'2de2b8a6e','433b2922c',44520,2499,1654041512,1654041512);
INSERT INTO player_score VALUES('603891863',58,'2e7799740','1c05a9856',0,2281,1653946112,1653946112);
INSERT INTO player_score VALUES('502fd2169',58,'2e7799740','27d0a1fb7',215016,1697,1653515698,1653515698);
INSERT INTO player_score VALUES('4bbdf904c',58,'2e7799740','3c4c5f6d8',48654,1589,1653396386,1653396386);
INSERT INTO player_score VALUES('404574f65',58,'2e7799740','3d0c3ba87',27972,1189,1653088470,1653088470);
INSERT INTO player_score VALUES('63b1c1595',58,'2e7799740','433b2922c',17200,2490,1654039350,1654039350);
INSERT INTO player_score VALUES('6307be653',58,'2e7799740','5787b6850',0,2371,1654021523,1654021523);
INSERT INTO player_score VALUES('63094c57b',58,'309fb83be','1c05a9856',148461,2369,1654021686,1654021686);
INSERT INTO player_score VALUES('50361afa9',58,'309fb83be','27d0a1fb7',267520,1698,1653516357,1653516357);
INSERT INTO player_score VALUES('59c4ba6cc',58,'309fb83be','2aaf27192',17640,2054,1653772904,1653772904);
INSERT INTO player_score VALUES('4c03a10bc',58,'309fb83be','3c4c5f6d8',285065,1615,1653403690,1653403690);
INSERT INTO player_score VALUES('3fdef4bea',58,'309fb83be','3d0c3ba87',7755,1030,1653077722,1653077722);
INSERT INTO player_score VALUES('62723527e',58,'309fb83be','433b2922c',332112,2392,1654005843,1654005843);
INSERT INTO player_score VALUES('62d7b2990',58,'309fb83be','5787b6850',391680,2332,1654016485,1654016485);
INSERT INTO player_score VALUES('5fbb6aede',58,'3200fac93','1c05a9856',27768,2266,1653932989,1653932989);
INSERT INTO player_score VALUES('4bf474c8a',58,'3200fac93','3c4c5f6d8',168504,1611,1653402099,1653402099);
INSERT INTO player_score VALUES('4019a0439',58,'3200fac93','3d0c3ba87',111860,1107,1653083874,1653083874);
INSERT INTO player_score VALUES('61957ace6',58,'3200fac93','433b2922c',219996,2322,1653982698,1653982698);
INSERT INTO player_score VALUES('63ba6f06a',58,'320b86fdf','1c05a9856',60480,2392,1654040260,1654040260);
INSERT INTO player_score VALUES('4e9781440',58,'320b86fdf','27d0a1fb7',271584,1635,1653472883,1653472883);
INSERT INTO player_score VALUES('5dc0f0bbe',58,'320b86fdf','2aaf27192',299280,2230,1653879881,1653879881);
INSERT INTO player_score VALUES('4b8d4e860',58,'320b86fdf','3c4c5f6d8',53320,1568,1653391283,1653391283);
INSERT INTO player_score VALUES('4054950a4',58,'320b86fdf','3d0c3ba87',34974,1206,1653090056,1653090056);
INSERT INTO player_score VALUES('60374f3ec',58,'320b86fdf','433b2922c',27636,2216,1653945980,1653945980);
INSERT INTO player_score VALUES('62185ca7d',58,'320b86fdf','5787b6850',418880,2191,1653996422,1653996422);
INSERT INTO player_score VALUES('62ae90ce7',58,'326faea53','1c05a9856',266760,2356,1654012172,1654012172);
INSERT INTO player_score VALUES('4b56e64ad',58,'326faea53','27d0a1fb7',285032,1495,1653385578,1653385578);
INSERT INTO player_score VALUES('574355a58',58,'326faea53','2aaf27192',44764,1940,1653705649,1653705649);
INSERT INTO player_score VALUES('4bee3cfa4',58,'326faea53','3c4c5f6d8',466032,1607,1653401447,1653401447);
INSERT INTO player_score VALUES('40275e577',58,'326faea53','3d0c3ba87',182952,1136,1653085315,1653085315);
INSERT INTO player_score VALUES('629122a3c',58,'326faea53','433b2922c',200475,2407,1654009086,1654009086);
INSERT INTO player_score VALUES('62152ac81',58,'326faea53','5787b6850',439296,2189,1653996087,1653996087);
INSERT INTO player_score VALUES('622cddafb',58,'33271ca28','1c05a9856',118818,2346,1653998572,1653998572);
INSERT INTO player_score VALUES('513c89981',58,'33271ca28','27d0a1fb7',276086,1744,1653543875,1653543875);
INSERT INTO player_score VALUES('5f5d910ce',58,'33271ca28','2aaf27192',22528,2294,1653923148,1653923148);
INSERT INTO player_score VALUES('4c109bcfb',58,'33271ca28','3c4c5f6d8',8712,1620,1653405051,1653405051);
INSERT INTO player_score VALUES('63b325cd2',58,'33271ca28','433b2922c',234600,2491,1654039496,1654039496);
INSERT INTO player_score VALUES('62f059a40',58,'33271ca28','5787b6850',401310,2352,1654019070,1654019070);
INSERT INTO player_score VALUES('63b9f2867',58,'34199568f','1c05a9856',0,2391,1654040209,1654040209);
INSERT INTO player_score VALUES('50ac4b538',58,'34199568f','27d0a1fb7',100674,1717,1653528750,1653528750);
INSERT INTO player_score VALUES('5b0317e0e',58,'34199568f','2aaf27192',34848,2123,1653806287,1653806287);
INSERT INTO player_score VALUES('4b62dbd10',58,'34199568f','3c4c5f6d8',200192,1545,1653386832,1653386832);
INSERT INTO player_score VALUES('62a3b40a2',58,'34199568f','433b2922c',0,2415,1654011033,1654011033);
INSERT INTO player_score VALUES('62f2c0dde',58,'34199568f','5787b6850',252450,2355,1654019322,1654019322);
INSERT INTO player_score VALUES('53885335e',58,'34da7bb87','1c05a9856',244992,1906,1653605509,1653605509);
INSERT INTO player_score VALUES('518fb2a78',58,'34da7bb87','27d0a1fb7',0,1756,1653552595,1653552595);
INSERT INTO player_score VALUES('5cd88057c',58,'34da7bb87','2aaf27192',45448,2195,1653855508,1653855508);
INSERT INTO player_score VALUES('4bb99d4ac',58,'34da7bb87','3c4c5f6d8',660,1585,1653395929,1653395929);
INSERT INTO player_score VALUES('4053ad1e2',58,'34da7bb87','3d0c3ba87',412160,1204,1653089961,1653089961);
INSERT INTO player_score VALUES('60f194c92',58,'34da7bb87','433b2922c',20735,2273,1653965512,1653965512);
INSERT INTO player_score VALUES('6223b10d3',58,'34da7bb87','5787b6850',1536,2194,1653997610,1653997610);
INSERT INTO player_score VALUES('5ae98b593',58,'34e0cbedf','1c05a9856',37352,2118,1653803608,1653803608);
INSERT INTO player_score VALUES('5de90fb9f',58,'34e0cbedf','2aaf27192',773500,2238,1653884088,1653884088);
INSERT INTO player_score VALUES('4b9f68518',58,'34e0cbedf','3c4c5f6d8',48438,1576,1653393181,1653393181);
INSERT INTO player_score VALUES('4054c0ffa',58,'34e0cbedf','3d0c3ba87',145728,1207,1653090074,1653090074);
INSERT INTO player_score VALUES('62f73ec2d',58,'34e0cbedf','433b2922c',4977,2439,1654019793,1654019793);
INSERT INTO player_score VALUES('62c986a87',58,'34e0cbedf','5787b6850',2774,2311,1654014999,1654014999);
INSERT INTO player_score VALUES('63281c8b7',58,'35670b9e8','1c05a9856',198,2373,1654024917,1654024917);
INSERT INTO player_score VALUES('5130a7967',58,'35670b9e8','27d0a1fb7',26600,1741,1653542629,1653542629);
INSERT INTO player_score VALUES('5a69c7d75',58,'35670b9e8','2aaf27192',201630,2098,1653790211,1653790211);
INSERT INTO player_score VALUES('4bccbc510',58,'35670b9e8','3c4c5f6d8',79200,1596,1653397934,1653397934);
INSERT INTO player_score VALUES('4042bfa00',58,'35670b9e8','3d0c3ba87',68040,1184,1653088186,1653088186);
INSERT INTO player_score VALUES('6178bc65e',58,'35670b9e8','5787b6850',68992,2061,1653979684,1653979684);
INSERT INTO player_score VALUES('5f234e810',58,'35ee137dc','1c05a9856',18788,2242,1653917039,1653917039);
INSERT INTO player_score VALUES('4f805f88a',58,'35ee137dc','27d0a1fb7',164010,1677,1653497301,1653497301);
INSERT INTO player_score VALUES('5aa194807',58,'35ee137dc','2aaf27192',8760,2113,1653796062,1653796062);
INSERT INTO player_score VALUES('4b1fcbdc9',58,'35ee137dc','3c4c5f6d8',96628,1514,1653379800,1653379800);
INSERT INTO player_score VALUES('40410d092',58,'35ee137dc','3d0c3ba87',4386,1180,1653088008,1653088008);
INSERT INTO player_score VALUES('610697346',58,'35ee137dc','433b2922c',153720,2280,1653967715,1653967715);
INSERT INTO player_score VALUES('62d4bb4f3',58,'35ee137dc','5787b6850',44032,2330,1654016174,1654016174);
INSERT INTO player_score VALUES('634133ddb',58,'362ff7267','1c05a9856',37730,2380,1654027548,1654027548);
INSERT INTO player_score VALUES('4bc4c82f6',58,'362ff7267','27d0a1fb7',143313,1517,1653397100,1653397100);
INSERT INTO player_score VALUES('4a24092ba',58,'362ff7267','3c4c5f6d8',2340,1425,1653353401,1653353401);
INSERT INTO player_score VALUES('402728a11',58,'362ff7267','3d0c3ba87',414,1135,1653085293,1653085293);
INSERT INTO player_score VALUES('62e0037dd',58,'362ff7267','5787b6850',72360,2342,1654017357,1654017357);
INSERT INTO player_score VALUES('5df80da15',58,'363f62eab','1c05a9856',237006,2210,1653885660,1653885660);
INSERT INTO player_score VALUES('4fde6a3c4',58,'363f62eab','27d0a1fb7',9960,1687,1653507162,1653507162);
INSERT INTO player_score VALUES('5ecb1ed3c',58,'363f62eab','2aaf27192',157872,2268,1653907792,1653907792);
INSERT INTO player_score VALUES('4a901da31',58,'363f62eab','3c4c5f6d8',65472,1456,1653364734,1653364734);
INSERT INTO player_score VALUES('403be91e8',58,'363f62eab','3d0c3ba87',18228,1172,1653087469,1653087469);
INSERT INTO player_score VALUES('624595d04',58,'363f62eab','433b2922c',56832,2380,1654001164,1654001164);
INSERT INTO player_score VALUES('624fd3e24',58,'363f62eab','5787b6850',349575,2217,1654002238,1654002238);
INSERT INTO player_score VALUES('62a82aa06',58,'3693ac114','1c05a9856',180967,2355,1654011501,1654011501);
INSERT INTO player_score VALUES('5e980f87c',58,'3693ac114','2aaf27192',331500,2260,1653902438,1653902438);
INSERT INTO player_score VALUES('4ba46a0bb',58,'3693ac114','3c4c5f6d8',35640,1578,1653393706,1653393706);
INSERT INTO player_score VALUES('4055a678d',58,'3693ac114','3d0c3ba87',196992,1210,1653090168,1653090168);
INSERT INTO player_score VALUES('63c2f81ac',58,'3693ac114','433b2922c',34632,2497,1654041155,1654041155);
INSERT INTO player_score VALUES('620d23213',58,'3693ac114','5787b6850',155472,2184,1653995245,1653995245);
INSERT INTO player_score VALUES('62af62c65',58,'36b085519','1c05a9856',1400,2357,1654012258,1654012258);
INSERT INTO player_score VALUES('512a61258',58,'36b085519','27d0a1fb7',8010,1737,1653541971,1653541971);
INSERT INTO player_score VALUES('5e9d5332f',58,'36b085519','2aaf27192',2448,2263,1653902990,1653902990);
INSERT INTO player_score VALUES('4c0d9d321',58,'36b085519','3c4c5f6d8',33374,1617,1653404737,1653404737);
INSERT INTO player_score VALUES('40358f235',58,'36b085519','3d0c3ba87',47250,1162,1653086803,1653086803);
INSERT INTO player_score VALUES('62bbed36c',58,'36b085519','433b2922c',276500,2421,1654013573,1654013573);
INSERT INTO player_score VALUES('6308a8c95',58,'36b085519','5787b6850',347529,2372,1654021619,1654021619);
INSERT INTO player_score VALUES('60b877344',58,'37a7aa5a5','1c05a9856',33670,2303,1653959523,1653959523);
INSERT INTO player_score VALUES('4f11b574e',58,'37a7aa5a5','27d0a1fb7',75600,1655,1653485697,1653485697);
INSERT INTO player_score VALUES('5a7bbf701',58,'37a7aa5a5','2aaf27192',3690,2105,1653792095,1653792095);
INSERT INTO player_score VALUES('4a56a3446',58,'37a7aa5a5','3c4c5f6d8',85272,1437,1653358707,1653358707);
INSERT INTO player_score VALUES('4044af3b1',58,'37a7aa5a5','3d0c3ba87',400770,1187,1653088389,1653088389);
INSERT INTO player_score VALUES('6252167cd',58,'37a7aa5a5','433b2922c',483140,2384,1654002475,1654002475);
INSERT INTO player_score VALUES('62a022f4c',58,'37a7aa5a5','5787b6850',50544,2283,1654010659,1654010659);
INSERT INTO player_score VALUES('6018495b2',58,'3834fb1ef','1c05a9856',3663,2278,1653942727,1653942727);
INSERT INTO player_score VALUES('4e05388c3',58,'3834fb1ef','27d0a1fb7',4800,1616,1653457544,1653457544);
INSERT INTO player_score VALUES('5c05df740',58,'3834fb1ef','2aaf27192',5335,2153,1653833422,1653833422);
INSERT INTO player_score VALUES('4b632ed60',58,'3834fb1ef','3c4c5f6d8',123900,1546,1653386866,1653386866);
INSERT INTO player_score VALUES('403b34788',58,'3834fb1ef','3d0c3ba87',160524,1171,1653087395,1653087395);
INSERT INTO player_score VALUES('6234b965a',58,'3834fb1ef','433b2922c',26220,2372,1653999396,1653999396);
INSERT INTO player_score VALUES('62a3eea3b',58,'3834fb1ef','5787b6850',108072,2286,1654011057,1654011057);
INSERT INTO player_score VALUES('63a3d4e50',58,'399addc6e','1c05a9856',50592,2388,1654037890,1654037890);
INSERT INTO player_score VALUES('5102f6d33',58,'399addc6e','27d0a1fb7',5100,1729,1653537838,1653537838);
INSERT INTO player_score VALUES('5dbc72d28',58,'399addc6e','2aaf27192',24150,2228,1653879410,1653879410);
INSERT INTO player_score VALUES('4bfded163',58,'399addc6e','3c4c5f6d8',46699,1612,1653403092,1653403092);
INSERT INTO player_score VALUES('3fe1d60da',58,'399addc6e','3d0c3ba87',1296,1035,1653078024,1653078024);
INSERT INTO player_score VALUES('632e481fb',58,'399addc6e','433b2922c',11264,2457,1654025564,1654025564);
INSERT INTO player_score VALUES('629a4f42a',58,'399addc6e','5787b6850',11088,2278,1654010048,1654010048);
INSERT INTO player_score VALUES('5f5b7a619',58,'3abf21181','1c05a9856',780864,2253,1653922929,1653922929);
INSERT INTO player_score VALUES('519fd5813',58,'3abf21181','27d0a1fb7',47880,1759,1653554287,1653554287);
INSERT INTO player_score VALUES('5f1bf1bcf',58,'3abf21181','2aaf27192',167480,2280,1653916267,1653916267);
INSERT INTO player_score VALUES('401120fbc',58,'3abf21181','3d0c3ba87',48240,1092,1653082983,1653082983);
INSERT INTO player_score VALUES('62fc05eb0',58,'3abf21181','433b2922c',7514,2441,1654020294,1654020294);
INSERT INTO player_score VALUES('62fc2f6ca',58,'3abf21181','5787b6850',118800,2363,1654020311,1654020311);
INSERT INTO player_score VALUES('618987baa',58,'3b075ec19','1c05a9856',63,2330,1653981445,1653981445);
INSERT INTO player_score VALUES('503e86b8d',58,'3b075ec19','27d0a1fb7',0,1699,1653517240,1653517240);
INSERT INTO player_score VALUES('5a1b3c6b5',58,'3b075ec19','2aaf27192',8260,2072,1653781975,1653781975);
INSERT INTO player_score VALUES('4bd1948b1',58,'3b075ec19','3c4c5f6d8',6660,1600,1653398442,1653398442);
INSERT INTO player_score VALUES('61a606a41',58,'3b075ec19','433b2922c',24300,2326,1653984433,1653984433);
INSERT INTO player_score VALUES('615a441a6',58,'3b075ec19','5787b6850',22848,2032,1653976489,1653976489);
INSERT INTO player_score VALUES('6027b51a8',58,'3b60ac167','1c05a9856',154860,2280,1653944344,1653944344);
INSERT INTO player_score VALUES('4f3b710d4',58,'3b60ac167','27d0a1fb7',1134,1669,1653490073,1653490073);
INSERT INTO player_score VALUES('5a68c0280',58,'3b60ac167','2aaf27192',844800,2097,1653790103,1653790103);
INSERT INTO player_score VALUES('4c0fe4b3f',58,'3b60ac167','3c4c5f6d8',405162,1619,1653404976,1653404976);
INSERT INTO player_score VALUES('3fe631c25',58,'3b60ac167','3d0c3ba87',3648,1043,1653078481,1653078481);
INSERT INTO player_score VALUES('621487396',58,'3b60ac167','433b2922c',513324,2359,1653996020,1653996020);
INSERT INTO player_score VALUES('62b7b13ad',58,'3b60ac167','5787b6850',86400,2299,1654013129,1654013129);
INSERT INTO player_score VALUES('62fe572dd',58,'3d730a012','1c05a9856',22000,2367,1654020537,1654020537);
INSERT INTO player_score VALUES('4e12ef487',58,'3d730a012','27d0a1fb7',88396,1618,1653458982,1653458982);
INSERT INTO player_score VALUES('50cfc7c72',58,'3d730a012','2aaf27192',615888,1647,1653532471,1653532471);
INSERT INTO player_score VALUES('4b1ddeb22',58,'3d730a012','3c4c5f6d8',7700,1513,1653379598,1653379598);
INSERT INTO player_score VALUES('404f25702',58,'3d730a012','3d0c3ba87',123487,1200,1653089486,1653089486);
INSERT INTO player_score VALUES('627ec6eec',58,'3d730a012','433b2922c',190008,2400,1654007161,1654007161);
INSERT INTO player_score VALUES('62f8b9321',58,'3d730a012','5787b6850',19642,2359,1654019948,1654019948);
INSERT INTO player_score VALUES('6166a780f',58,'3e4e7d32a','1c05a9856',36580,2324,1653977788,1653977788);
INSERT INTO player_score VALUES('50e4884a6',58,'3e4e7d32a','27d0a1fb7',251991,1723,1653534647,1653534647);
INSERT INTO player_score VALUES('5c36877f9',58,'3e4e7d32a','2aaf27192',30000,2163,1653838524,1653838524);
INSERT INTO player_score VALUES('4b8dcd7b9',58,'3e4e7d32a','3c4c5f6d8',47142,1569,1653391335,1653391335);
INSERT INTO player_score VALUES('404f8e6c1',58,'3e4e7d32a','3d0c3ba87',56000,1201,1653089529,1653089529);
INSERT INTO player_score VALUES('60f1f6739',58,'3e4e7d32a','433b2922c',475376,2274,1653965552,1653965552);
INSERT INTO player_score VALUES('62fc6522e',58,'3e4e7d32a','5787b6850',276,2364,1654020333,1654020333);
INSERT INTO player_score VALUES('63adee5c6',58,'3e672b93b','1c05a9856',725560,2389,1654038949,1654038949);
INSERT INTO player_score VALUES('512d95784',58,'3e672b93b','27d0a1fb7',157080,1738,1653542307,1653542307);
INSERT INTO player_score VALUES('5e2b81020',58,'3e672b93b','2aaf27192',2240,2246,1653891055,1653891055);
INSERT INTO player_score VALUES('4bd8e51cb',58,'3e672b93b','3c4c5f6d8',57084,1601,1653399209,1653399209);
INSERT INTO player_score VALUES('4029be3de',58,'3e672b93b','3d0c3ba87',5088,1142,1653085564,1653085564);
INSERT INTO player_score VALUES('620e19b5f',58,'3e672b93b','433b2922c',3744,2356,1653995346,1653995346);
INSERT INTO player_score VALUES('624edd4c6',58,'3e672b93b','5787b6850',4165,2215,1654002137,1654002137);
INSERT INTO player_score VALUES('5d87e922d',58,'4028a7ed6','1c05a9856',14382,2190,1653873901,1653873901);
INSERT INTO player_score VALUES('5c2e73a20',58,'4028a7ed6','2aaf27192',5168,2158,1653837677,1653837677);
INSERT INTO player_score VALUES('4c13ab7e5',58,'4028a7ed6','3c4c5f6d8',11152,1621,1653405372,1653405372);
INSERT INTO player_score VALUES('62c8dbc1d',58,'4028a7ed6','433b2922c',152256,2425,1654014929,1654014929);
INSERT INTO player_score VALUES('619b5845a',58,'4028a7ed6','5787b6850',4158,2088,1653983313,1653983313);
INSERT INTO player_score VALUES('4d180d351',58,'40b09f0e6','1c05a9856',10374,1709,1653432675,1653432675);
INSERT INTO player_score VALUES('5090ccbc5',58,'40b09f0e6','27d0a1fb7',133980,1710,1653525867,1653525867);
INSERT INTO player_score VALUES('5d3bb3d8d',58,'40b09f0e6','2aaf27192',314237,2216,1653865910,1653865910);
INSERT INTO player_score VALUES('4bb6ea628',58,'40b09f0e6','3c4c5f6d8',198432,1583,1653395646,1653395646);
INSERT INTO player_score VALUES('6324eaa67',58,'40b09f0e6','433b2922c',269100,2455,1654024582,1654024582);
INSERT INTO player_score VALUES('62d47bd95',58,'40b09f0e6','5787b6850',613700,2329,1654016148,1654016148);
INSERT INTO player_score VALUES('5eef15614',58,'41baafdbb','1c05a9856',268840,2237,1653911563,1653911563);
INSERT INTO player_score VALUES('5049ffbea',58,'41baafdbb','27d0a1fb7',1960,1702,1653518443,1653518443);
INSERT INTO player_score VALUES('5c02f6d08',58,'41baafdbb','2aaf27192',243682,2152,1653833117,1653833117);
INSERT INTO player_score VALUES('631925f7a',58,'41baafdbb','433b2922c',0,2449,1654023348,1654023348);
INSERT INTO player_score VALUES('626053837',58,'41baafdbb','5787b6850',27540,2229,1654003968,1654003968);
INSERT INTO player_score VALUES('62fa50e5c',58,'4215a86c6','1c05a9856',9800,2366,1654020115,1654020115);
INSERT INTO player_score VALUES('4f39be78a',58,'4215a86c6','27d0a1fb7',89908,1666,1653489895,1653489895);
INSERT INTO player_score VALUES('5f0d9ec30',58,'4215a86c6','2aaf27192',54468,2278,1653914765,1653914765);
INSERT INTO player_score VALUES('62eb50923',58,'4215a86c6','433b2922c',280962,2434,1654018542,1654018542);
INSERT INTO player_score VALUES('62a511293',58,'4215a86c6','5787b6850',232655,2289,1654011176,1654011176);
INSERT INTO player_score VALUES('62a223a93',58,'43564d626','1c05a9856',84448,2353,1654010869,1654010869);
INSERT INTO player_score VALUES('51a90497b',58,'43564d626','27d0a1fb7',106894,1760,1653555250,1653555250);
INSERT INTO player_score VALUES('5f315362c',58,'43564d626','2aaf27192',1935,2285,1653918509,1653918509);
INSERT INTO player_score VALUES('4b4738a25',58,'43564d626','3c4c5f6d8',81000,1537,1653383934,1653383934);
INSERT INTO player_score VALUES('61e797501',58,'43564d626','433b2922c',105300,2345,1653991308,1653991308);
INSERT INTO player_score VALUES('62dc83806',58,'43564d626','5787b6850',176904,2337,1654016990,1654016990);
INSERT INTO player_score VALUES('60d8d7cab',58,'4356cec5c','1c05a9856',264792,2306,1653962918,1653962918);
INSERT INTO player_score VALUES('5d1d3dfe7',58,'4356cec5c','2aaf27192',214032,2206,1653862716,1653862716);
INSERT INTO player_score VALUES('49f6c3cef',58,'4356cec5c','3c4c5f6d8',9856,1410,1653348654,1653348654);
INSERT INTO player_score VALUES('63194d064',58,'4356cec5c','433b2922c',8800,2450,1654023364,1654023364);
INSERT INTO player_score VALUES('62b3fdf92',58,'4356cec5c','5787b6850',8120,2298,1654012741,1654012741);
INSERT INTO player_score VALUES('5214a1693',58,'43c1f66a7','1c05a9856',6300,1869,1653566534,1653566534);
INSERT INTO player_score VALUES('514827398',58,'43c1f66a7','27d0a1fb7',5124,1745,1653545093,1653545093);
INSERT INTO player_score VALUES('5db46d9d8',58,'43c1f66a7','2aaf27192',20502,2227,1653878569,1653878569);
INSERT INTO player_score VALUES('4b940545a',58,'43c1f66a7','3c4c5f6d8',204610,1572,1653391987,1653391987);
INSERT INTO player_score VALUES('6380622f3',58,'43c1f66a7','433b2922c',77408,2474,1654034173,1654034173);
INSERT INTO player_score VALUES('63048535c',58,'43c1f66a7','5787b6850',41400,2368,1654021185,1654021185);
INSERT INTO player_score VALUES('637e66633',58,'442c7a7f1','1c05a9856',543168,2386,1654033965,1654033965);
INSERT INTO player_score VALUES('50cdd82dd',58,'442c7a7f1','27d0a1fb7',18920,1722,1653532268,1653532268);
INSERT INTO player_score VALUES('5dcae0adf',58,'442c7a7f1','2aaf27192',56730,2233,1653880923,1653880923);
INSERT INTO player_score VALUES('4bd087ff9',58,'442c7a7f1','3c4c5f6d8',182094,1599,1653398332,1653398332);
INSERT INTO player_score VALUES('63a035291',58,'442c7a7f1','433b2922c',23250,2486,1654037510,1654037510);
INSERT INTO player_score VALUES('62e1c246f',58,'442c7a7f1','5787b6850',260736,2343,1654017540,1654017540);
INSERT INTO player_score VALUES('5a9d401b8',58,'44634e1e5','1c05a9856',34748,2109,1653795608,1653795608);
INSERT INTO player_score VALUES('4b28a30c9',58,'44634e1e5','3c4c5f6d8',149640,1518,1653380727,1653380727);
INSERT INTO player_score VALUES('62cb7d9b1',58,'44634e1e5','433b2922c',331296,2426,1654015205,1654015205);
INSERT INTO player_score VALUES('61cc73141',58,'44634e1e5','5787b6850',128656,2137,1653988462,1653988462);
INSERT INTO player_score VALUES('6115e0cac',58,'452db1a55','1c05a9856',20304,2313,1653969318,1653969318);
INSERT INTO player_score VALUES('51b188c29',58,'452db1a55','27d0a1fb7',37536,1761,1653556143,1653556143);
INSERT INTO player_score VALUES('5d190bc57',58,'452db1a55','2aaf27192',13965,2205,1653862276,1653862276);
INSERT INTO player_score VALUES('4bb1ab9a3',58,'452db1a55','3c4c5f6d8',115236,1581,1653395096,1653395096);
INSERT INTO player_score VALUES('62b157456',58,'452db1a55','433b2922c',720,2418,1654012463,1654012463);
INSERT INTO player_score VALUES('5e517aaed',58,'4641c10a4','1c05a9856',86330,2218,1653895037,1653895037);
INSERT INTO player_score VALUES('4eb90bb3b',58,'4641c10a4','27d0a1fb7',5832,1642,1653476400,1653476400);
INSERT INTO player_score VALUES('5d08e40a1',58,'4641c10a4','2aaf27192',315000,2202,1653860582,1653860582);
INSERT INTO player_score VALUES('625052d27',58,'4641c10a4','433b2922c',635040,2383,1654002290,1654002290);
INSERT INTO player_score VALUES('62ce3cb5c',58,'4641c10a4','5787b6850',127440,2319,1654015493,1654015493);
INSERT INTO player_score VALUES('6112f82ae',58,'466a24678','1c05a9856',17400,2312,1653969013,1653969013);
INSERT INTO player_score VALUES('511aac282',58,'466a24678','27d0a1fb7',651452,1733,1653540324,1653540324);
INSERT INTO player_score VALUES('4b6c56970',58,'466a24678','3c4c5f6d8',27600,1552,1653387826,1653387826);
INSERT INTO player_score VALUES('6335ff37a',58,'466a24678','433b2922c',208692,2460,1654026373,1654026373);
INSERT INTO player_score VALUES('63299961e',58,'473278961','1c05a9856',39900,2374,1654025073,1654025073);
INSERT INTO player_score VALUES('50bbdbb07',58,'473278961','27d0a1fb7',4092,1718,1653530382,1653530382);
INSERT INTO player_score VALUES('58ed39f67',58,'473278961','2aaf27192',4290,2020,1653750307,1653750307);
INSERT INTO player_score VALUES('4b6a2c605',58,'473278961','3c4c5f6d8',139062,1550,1653387599,1653387599);
INSERT INTO player_score VALUES('633db1727',58,'473278961','433b2922c',102240,2463,1654027180,1654027180);
INSERT INTO player_score VALUES('5cbb51a41',58,'47f2f3772','1c05a9856',576700,2169,1653852448,1653852448);
INSERT INTO player_score VALUES('59f4adcea',58,'47f2f3772','2aaf27192',111600,2062,1653777932,1653777932);
INSERT INTO player_score VALUES('4b47b2b5c',58,'47f2f3772','3c4c5f6d8',30272,1538,1653383984,1653383984);
INSERT INTO player_score VALUES('637741c56',58,'47f2f3772','433b2922c',24200,2472,1654033216,1654033216);
INSERT INTO player_score VALUES('61e8311d9',58,'47f2f3772','5787b6850',99264,2159,1653991371,1653991371);
INSERT INTO player_score VALUES('514edb877',58,'49de0bb29','27d0a1fb7',108054,1747,1653545796,1653545796);
INSERT INTO player_score VALUES('5df7938fb',58,'49de0bb29','2aaf27192',6579,2239,1653885610,1653885610);
INSERT INTO player_score VALUES('4a9a85337',58,'49de0bb29','3c4c5f6d8',86184,1461,1653365825,1653365825);
INSERT INTO player_score VALUES('63c3e2791',58,'49de0bb29','433b2922c',155064,2498,1654041251,1654041251);
INSERT INTO player_score VALUES('62a159051',58,'49de0bb29','5787b6850',60950,2284,1654010786,1654010786);
INSERT INTO player_score VALUES('4fa482072',58,'4a18f9271','27d0a1fb7',0,1680,1653501090,1653501090);
INSERT INTO player_score VALUES('57ddbe75c',58,'4a18f9271','2aaf27192',198810,1966,1653721840,1653721840);
INSERT INTO player_score VALUES('4b1af6123',58,'4a18f9271','3c4c5f6d8',246240,1511,1653379293,1653379293);
INSERT INTO player_score VALUES('605db6c9c',58,'4a18f9271','433b2922c',9856,2227,1653950007,1653950007);
INSERT INTO player_score VALUES('62bce15ef',58,'4a3542578','1c05a9856',143336,2358,1654013673,1654013673);
INSERT INTO player_score VALUES('51658b9f1',58,'4a3542578','27d0a1fb7',38250,1750,1653548175,1653548175);
INSERT INTO player_score VALUES('5edfc6e70',58,'4a3542578','2aaf27192',29680,2272,1653909958,1653909958);
INSERT INTO player_score VALUES('4b98c0338',58,'4a3542578','3c4c5f6d8',225498,1574,1653392483,1653392483);
INSERT INTO player_score VALUES('62d92d037',58,'4a3542578','433b2922c',3696,2429,1654016640,1654016640);
INSERT INTO player_score VALUES('618928804',58,'4a3542578','5787b6850',3195,2073,1653981406,1653981406);
INSERT INTO player_score VALUES('5b5072203',58,'4a649bf21','2aaf27192',509010,2132,1653814398,1653814398);
INSERT INTO player_score VALUES('6306ddccc',58,'4a649bf21','5787b6850',380380,2370,1654021431,1654021431);
INSERT INTO player_score VALUES('5fb6ea9a9',58,'4a80418fd','1c05a9856',26273,2265,1653932517,1653932517);
INSERT INTO player_score VALUES('513b5fbc4',58,'4a80418fd','27d0a1fb7',447552,1743,1653543753,1653543753);
INSERT INTO player_score VALUES('5f5032387',58,'4a80418fd','2aaf27192',194990,2290,1653921746,1653921746);
INSERT INTO player_score VALUES('4b9469605',58,'4a80418fd','3c4c5f6d8',150024,1573,1653392028,1653392028);
INSERT INTO player_score VALUES('605f0a278',58,'4a80418fd','433b2922c',495690,2228,1653950146,1653950146);
INSERT INTO player_score VALUES('624ed8687',58,'4a80418fd','5787b6850',96075,2214,1654002135,1654002135);
INSERT INTO player_score VALUES('5ede34149',58,'4b74399ff','1c05a9856',50400,2236,1653909793,1653909793);
INSERT INTO player_score VALUES('50a68d98a',58,'4b74399ff','27d0a1fb7',55488,1715,1653528148,1653528148);
INSERT INTO player_score VALUES('5dfa9e5c7',58,'4b74399ff','2aaf27192',49383,2241,1653885929,1653885929);
INSERT INTO player_score VALUES('4bee46bbb',58,'4b74399ff','3c4c5f6d8',7776,1608,1653401451,1653401451);
INSERT INTO player_score VALUES('6296e7ae5',58,'4b74399ff','433b2922c',119340,2409,1654009691,1654009691);
INSERT INTO player_score VALUES('6106afa11',58,'4b74399ff','5787b6850',1568,1972,1653967725,1653967725);
INSERT INTO player_score VALUES('61b5c7d55',58,'4b9d9fc6c','1c05a9856',595584,2335,1653986085,1653986085);
INSERT INTO player_score VALUES('50beeb63c',58,'4b9d9fc6c','27d0a1fb7',40040,1720,1653530703,1653530703);
INSERT INTO player_score VALUES('4abbb54a4',58,'4b9d9fc6c','3c4c5f6d8',2184,1473,1653369305,1653369305);
INSERT INTO player_score VALUES('62da853e0',58,'4b9d9fc6c','433b2922c',35100,2430,1654016781,1654016781);
INSERT INTO player_score VALUES('62bdabfea',58,'4b9d9fc6c','5787b6850',11172,2303,1654013756,1654013756);
INSERT INTO player_score VALUES('62eed574a',58,'4bd6b394f','1c05a9856',540,2364,1654018911,1654018911);
INSERT INTO player_score VALUES('4fed6823f',58,'4bd6b394f','27d0a1fb7',29029,1690,1653508734,1653508734);
INSERT INTO player_score VALUES('5a9e7147f',58,'4bd6b394f','2aaf27192',15960,2111,1653795733,1653795733);
INSERT INTO player_score VALUES('4a94bdb8a',58,'4bd6b394f','3c4c5f6d8',196560,1458,1653365219,1653365219);
INSERT INTO player_score VALUES('62c5b88b3',58,'4bd6b394f','433b2922c',107008,2424,1654014600,1654014600);
INSERT INTO player_score VALUES('62028abbd',58,'4bd6b394f','5787b6850',291679,2178,1653994134,1653994134);
INSERT INTO player_score VALUES('6135dad2a',58,'4be0b22d3','1c05a9856',111969,2316,1653972671,1653972671);
INSERT INTO player_score VALUES('517bdef61',58,'4be0b22d3','27d0a1fb7',30492,1751,1653550516,1653550516);
INSERT INTO player_score VALUES('59c9029c8',58,'4be0b22d3','2aaf27192',74088,2056,1653773353,1653773353);
INSERT INTO player_score VALUES('4b2921fbd',58,'4be0b22d3','3c4c5f6d8',71064,1519,1653380779,1653380779);
INSERT INTO player_score VALUES('6304ee2f2',58,'4be0b22d3','433b2922c',401940,2442,1654021228,1654021228);
INSERT INTO player_score VALUES('62dc1334d',58,'4be0b22d3','5787b6850',41580,2336,1654016944,1654016944);
INSERT INTO player_score VALUES('5ad7ff2d1',58,'4beb8a10b','1c05a9856',196554,2116,1653801768,1653801768);
INSERT INTO player_score VALUES('4edaf7c60',58,'4beb8a10b','27d0a1fb7',238784,1647,1653479957,1653479957);
INSERT INTO player_score VALUES('5a1c0e613',58,'4beb8a10b','2aaf27192',0,2073,1653782061,1653782061);
INSERT INTO player_score VALUES('4bdce8ef4',58,'4beb8a10b','3c4c5f6d8',283554,1603,1653399630,1653399630);
INSERT INTO player_score VALUES('629c79766',58,'4beb8a10b','433b2922c',95013,2412,1654010275,1654010275);
INSERT INTO player_score VALUES('62fd03d45',58,'4beb8a10b','5787b6850',2736,2365,1654020398,1654020398);
INSERT INTO player_score VALUES('5d13c33d3',58,'4c07481af','1c05a9856',183180,2177,1653861722,1653861722);
INSERT INTO player_score VALUES('512f1c17e',58,'4c07481af','27d0a1fb7',153090,1740,1653542467,1653542467);
INSERT INTO player_score VALUES('51b401127',58,'4c07481af','2aaf27192',11880,1690,1653556402,1653556402);
INSERT INTO player_score VALUES('4a3472d5f',58,'4c07481af','3c4c5f6d8',9477,1430,1653355122,1653355122);
INSERT INTO player_score VALUES('61a67bd17',58,'4c07481af','433b2922c',29484,2327,1653984481,1653984481);
INSERT INTO player_score VALUES('628868be7',58,'4c07481af','5787b6850',15730,2260,1654008171,1654008171);
INSERT INTO player_score VALUES('576716792',58,'4cb7c7381','1c05a9856',585783,2016,1653709398,1653709398);
INSERT INTO player_score VALUES('50588ae24',58,'4cb7c7381','27d0a1fb7',11520,1703,1653519968,1653519968);
INSERT INTO player_score VALUES('5ed380d30',58,'4cb7c7381','2aaf27192',609840,2269,1653908671,1653908671);
INSERT INTO player_score VALUES('62f894922',58,'4cb7c7381','5787b6850',64400,2358,1654019933,1654019933);
INSERT INTO player_score VALUES('55a254b61',58,'4d10031d2','1c05a9856',63492,1962,1653661923,1653661923);
INSERT INTO player_score VALUES('51bc4aaae',58,'4d10031d2','27d0a1fb7',207328,1762,1653557271,1653557271);
INSERT INTO player_score VALUES('5c1c21b00',58,'4d10031d2','2aaf27192',23120,2155,1653835756,1653835756);
INSERT INTO player_score VALUES('6282224d3',58,'4d10031d2','433b2922c',74655,2402,1654007513,1654007513);
INSERT INTO player_score VALUES('62aafd4aa',58,'4d10031d2','5787b6850',52808,2296,1654011797,1654011797);
INSERT INTO player_score VALUES('5db7eb28d',58,'4def61b9d','1c05a9856',184338,2201,1653878935,1653878935);
INSERT INTO player_score VALUES('5122326ce',58,'4def61b9d','27d0a1fb7',22032,1735,1653541113,1653541113);
INSERT INTO player_score VALUES('5efcf59b6',58,'4def61b9d','2aaf27192',23712,2277,1653913018,1653913018);
INSERT INTO player_score VALUES('60cd17fab',58,'4def61b9d','433b2922c',43344,2262,1653961686,1653961686);
INSERT INTO player_score VALUES('62930d58c',58,'4def61b9d','5787b6850',204624,2274,1654009287,1654009287);
INSERT INTO player_score VALUES('632a9c306',58,'4f1d2e77f','1c05a9856',237360,2375,1654025179,1654025179);
INSERT INTO player_score VALUES('510c125e4',58,'4f1d2e77f','27d0a1fb7',77220,1731,1653538793,1653538793);
INSERT INTO player_score VALUES('5e0abc54d',58,'4f1d2e77f','2aaf27192',142400,2242,1653887619,1653887619);
INSERT INTO player_score VALUES('63633d3f3',58,'4f1d2e77f','433b2922c',61776,2471,1654031117,1654031117);
INSERT INTO player_score VALUES('62bc6ea09',58,'4f1d2e77f','5787b6850',157700,2302,1654013626,1654013626);
INSERT INTO player_score VALUES('609205e56',58,'4f668753f','1c05a9856',0,2296,1653955492,1653955492);
INSERT INTO player_score VALUES('4ed7755b4',58,'4f668753f','27d0a1fb7',30912,1646,1653479589,1653479589);
INSERT INTO player_score VALUES('5f5d7b154',58,'4f668753f','2aaf27192',359100,2293,1653923139,1653923139);
INSERT INTO player_score VALUES('631f45599',58,'4f668753f','433b2922c',31824,2452,1654023990,1654023990);
INSERT INTO player_score VALUES('622792b44',58,'4f668753f','5787b6850',85312,2197,1653998017,1653998017);
INSERT INTO player_score VALUES('63b9934ef',58,'4f9893cfe','1c05a9856',36120,2390,1654040170,1654040170);
INSERT INTO player_score VALUES('4f034c7d1',58,'4f9893cfe','27d0a1fb7',5192,1653,1653484186,1653484186);
INSERT INTO player_score VALUES('5bed3ad8a',58,'4f9893cfe','2aaf27192',23430,2150,1653830838,1653830838);
INSERT INTO player_score VALUES('621194d35',58,'4f9893cfe','433b2922c',645606,2358,1653995711,1653995711);
INSERT INTO player_score VALUES('5fd6d116d',58,'508ff8583','1c05a9856',31980,2272,1653935862,1653935862);
INSERT INTO player_score VALUES('51963b050',58,'508ff8583','27d0a1fb7',69020,1758,1653553280,1653553280);
INSERT INTO player_score VALUES('5ce31da2c',58,'508ff8583','2aaf27192',1386,2198,1653856621,1653856621);
INSERT INTO player_score VALUES('6362b216c',58,'508ff8583','433b2922c',126170,2470,1654031060,1654031060);
INSERT INTO player_score VALUES('57ca9cfbf',58,'514aa1fc3','1c05a9856',113288,2027,1653719834,1653719834);
INSERT INTO player_score VALUES('4fef8b02e',58,'514aa1fc3','27d0a1fb7',191880,1691,1653508958,1653508958);
INSERT INTO player_score VALUES('5e7eac810',58,'514aa1fc3','2aaf27192',73600,2256,1653899776,1653899776);
INSERT INTO player_score VALUES('6317cb466',58,'514aa1fc3','433b2922c',17248,2448,1654023206,1654023206);
INSERT INTO player_score VALUES('6292cb6e1',58,'514aa1fc3','5787b6850',93148,2273,1654009260,1654009260);
INSERT INTO player_score VALUES('634454a95',58,'514d6ae0f','1c05a9856',2508,2381,1654027876,1654027876);
INSERT INTO player_score VALUES('51009e39a',58,'514d6ae0f','27d0a1fb7',39644,1728,1653537592,1653537592);
INSERT INTO player_score VALUES('62ffacfb0',58,'514d6ae0f','5787b6850',253472,2367,1654020677,1654020677);
INSERT INTO player_score VALUES('632ceb02e',58,'51f3fa0a0','1c05a9856',33150,2377,1654025421,1654025421);
INSERT INTO player_score VALUES('637f35e47',58,'51f3fa0a0','433b2922c',38088,2473,1654034050,1654034050);
INSERT INTO player_score VALUES('62fb8484c',58,'51f3fa0a0','5787b6850',68770,2362,1654020241,1654020241);
INSERT INTO player_score VALUES('61f5cd030',58,'52a1d9c3e','1c05a9856',67500,2340,1653992798,1653992798);
INSERT INTO player_score VALUES('63bd664f1',58,'52a1d9c3e','433b2922c',296400,2496,1654040571,1654040571);
INSERT INTO player_score VALUES('62566601c',58,'52a1d9c3e','5787b6850',384272,2221,1654002927,1654002927);
INSERT INTO player_score VALUES('61b308b5b',58,'5339e9f7b','1c05a9856',8096,2334,1653985797,1653985797);
INSERT INTO player_score VALUES('5f519915b',58,'5339e9f7b','2aaf27192',194376,2291,1653921893,1653921893);
INSERT INTO player_score VALUES('617539f88',58,'5339e9f7b','433b2922c',41600,2312,1653979316,1653979316);
INSERT INTO player_score VALUES('6295a7d91',58,'5339e9f7b','5787b6850',180668,2276,1654009560,1654009560);
INSERT INTO player_score VALUES('49f56e06f',58,'536926409','1c05a9856',74844,1594,1653348514,1653348514);
INSERT INTO player_score VALUES('5c4199f54',58,'536926409','2aaf27192',31671,2166,1653839685,1653839685);
INSERT INTO player_score VALUES('620d602af',58,'536926409','433b2922c',20720,2354,1653995270,1653995270);
INSERT INTO player_score VALUES('61f677e5d',58,'536926409','5787b6850',43520,2169,1653992868,1653992868);
INSERT INTO player_score VALUES('63c6621df',58,'54172a97b','1c05a9856',11132,2393,1654041513,1654041513);
INSERT INTO player_score VALUES('5c428e1d8',58,'54172a97b','2aaf27192',162336,2167,1653839785,1653839785);
INSERT INTO player_score VALUES('632461f26',58,'54172a97b','433b2922c',34385,2454,1654024526,1654024526);
INSERT INTO player_score VALUES('624cfc584',58,'54172a97b','5787b6850',194184,2213,1654001940,1654001940);
INSERT INTO player_score VALUES('583c0631f',58,'548d62457','1c05a9856',166050,2045,1653731726,1653731726);
INSERT INTO player_score VALUES('5dbfdcdcb',58,'548d62457','2aaf27192',124545,2229,1653879768,1653879768);
INSERT INTO player_score VALUES('6321f8442',58,'548d62457','433b2922c',69290,2453,1654024273,1654024273);
INSERT INTO player_score VALUES('62c1fb863',58,'548d62457','5787b6850',40959,2307,1654014208,1654014208);
INSERT INTO player_score VALUES('5eb11359d',58,'54c640634','1c05a9856',10560,2232,1653905061,1653905061);
INSERT INTO player_score VALUES('5e90d764a',58,'54c640634','2aaf27192',101430,2258,1653901681,1653901681);
INSERT INTO player_score VALUES('63455ec57',58,'54c640634','433b2922c',424424,2465,1654027985,1654027985);
INSERT INTO player_score VALUES('613c855f9',58,'54c640634','5787b6850',97920,2008,1653973370,1653973370);
INSERT INTO player_score VALUES('5859f5c18',58,'5578a7c3a','1c05a9856',57749,2051,1653734865,1653734865);
INSERT INTO player_score VALUES('5cade1b54',58,'5578a7c3a','2aaf27192',323000,2186,1653851039,1653851039);
INSERT INTO player_score VALUES('6307b49fa',58,'5578a7c3a','433b2922c',19440,2444,1654021519,1654021519);
INSERT INTO player_score VALUES('61b816abf',58,'5578a7c3a','5787b6850',244684,2113,1653986327,1653986327);
INSERT INTO player_score VALUES('6177f4386',58,'55d92d3ee','1c05a9856',2160,2326,1653979602,1653979602);
INSERT INTO player_score VALUES('5e576e1d7',58,'55d92d3ee','2aaf27192',819423,2253,1653895661,1653895661);
INSERT INTO player_score VALUES('63b869737',58,'55d92d3ee','433b2922c',27664,2494,1654040048,1654040048);
INSERT INTO player_score VALUES('5f426cd3f',58,'55e1fd197','1c05a9856',286836,2245,1653920302,1653920302);
INSERT INTO player_score VALUES('5df8fce13',58,'55e1fd197','2aaf27192',335160,2240,1653885758,1653885758);
INSERT INTO player_score VALUES('635426f38',58,'55e1fd197','433b2922c',283200,2467,1654029535,1654029535);
INSERT INTO player_score VALUES('62f81a814',58,'55e1fd197','5787b6850',55566,2357,1654019883,1654019883);
INSERT INTO player_score VALUES('568a796c8',58,'55e74f652','1c05a9856',157920,1991,1653686265,1653686265);
INSERT INTO player_score VALUES('5e2d4c012',58,'55e74f652','2aaf27192',206800,2247,1653891243,1653891243);
INSERT INTO player_score VALUES('63350ff64',58,'55e74f652','433b2922c',8100,2459,1654026275,1654026275);
INSERT INTO player_score VALUES('62a61b48e',58,'55e74f652','5787b6850',139650,2292,1654011285,1654011285);
INSERT INTO player_score VALUES('5ee33d226',58,'55fc8c692','2aaf27192',131440,2274,1653910321,1653910321);
INSERT INTO player_score VALUES('62b96d940',58,'55fc8c692','433b2922c',147552,2420,1654013311,1654013311);
INSERT INTO player_score VALUES('62ba5f47a',58,'55fc8c692','5787b6850',420420,2300,1654013410,1654013410);
INSERT INTO player_score VALUES('617b7df58',58,'565651619','1c05a9856',23205,2328,1653979973,1653979973);
INSERT INTO player_score VALUES('57c6832f3',58,'565651619','2aaf27192',81432,1961,1653719404,1653719404);
INSERT INTO player_score VALUES('632e7b633',58,'565651619','433b2922c',7980,2458,1654025585,1654025585);
INSERT INTO player_score VALUES('630554b87',58,'565651619','5787b6850',3240,2369,1654021270,1654021270);
INSERT INTO player_score VALUES('62e3f63ce',58,'566dd5e0a','1c05a9856',61936,2359,1654017771,1654017771);
INSERT INTO player_score VALUES('5f3adf392',58,'566dd5e0a','2aaf27192',106704,2288,1653919510,1653919510);
INSERT INTO player_score VALUES('6316d2436',58,'566dd5e0a','433b2922c',25872,2447,1654023104,1654023104);
INSERT INTO player_score VALUES('62de4e800',58,'566dd5e0a','5787b6850',65660,2339,1654017178,1654017178);
INSERT INTO player_score VALUES('624028a42',58,'56d3ef964','1c05a9856',22704,2347,1654000595,1654000595);
INSERT INTO player_score VALUES('61ae7c29a',58,'56d3ef964','433b2922c',18216,2329,1653985320,1653985320);
INSERT INTO player_score VALUES('6256db30a',58,'56d3ef964','5787b6850',162688,2222,1654002975,1654002975);
INSERT INTO player_score VALUES('61efab306',58,'584adf775','1c05a9856',347529,2339,1653992155,1653992155);
INSERT INTO player_score VALUES('5f2acfe26',58,'584adf775','2aaf27192',960,2283,1653917826,1653917826);
INSERT INTO player_score VALUES('60ce4e065',58,'584adf775','433b2922c',4482,2263,1653961813,1653961813);
INSERT INTO player_score VALUES('6267ab640',58,'584adf775','5787b6850',0,2236,1654004738,1654004738);
INSERT INTO player_score VALUES('614707c82',58,'5892b1b36','1c05a9856',74385,2318,1653974472,1653974472);
INSERT INTO player_score VALUES('5cc9037ec',58,'5892b1b36','2aaf27192',9108,2189,1653853884,1653853884);
INSERT INTO player_score VALUES('61e9428c4',58,'5892b1b36','433b2922c',57330,2346,1653991483,1653991483);
INSERT INTO player_score VALUES('622ccf09c',58,'5892b1b36','5787b6850',207792,2200,1653998566,1653998566);
INSERT INTO player_score VALUES('637c2d89e',58,'58a698e96','1c05a9856',62712,2384,1654033732,1654033732);
INSERT INTO player_score VALUES('5dc832a35',58,'58a698e96','2aaf27192',100890,2232,1653880642,1653880642);
INSERT INTO player_score VALUES('6388ba6c7',58,'58a698e96','433b2922c',86400,2477,1654035048,1654035048);
INSERT INTO player_score VALUES('62d00a26e',58,'58a698e96','5787b6850',109564,2323,1654015682,1654015682);
INSERT INTO player_score VALUES('57c98b8f6',58,'58f675406','1c05a9856',13160,2026,1653719722,1653719722);
INSERT INTO player_score VALUES('5f5230742',58,'58f675406','2aaf27192',38304,2292,1653921955,1653921955);
INSERT INTO player_score VALUES('62280300c',58,'58f675406','433b2922c',87210,2369,1653998063,1653998063);
INSERT INTO player_score VALUES('629ec849e',58,'58f675406','5787b6850',2088,2282,1654010517,1654010517);
INSERT INTO player_score VALUES('637c103e3',58,'58f9e6950','1c05a9856',69560,2383,1654033720,1654033720);
INSERT INTO player_score VALUES('5b3f6c38b',58,'58f9e6950','2aaf27192',154280,2129,1653812613,1653812613);
INSERT INTO player_score VALUES('6261760a7',58,'58f9e6950','433b2922c',406700,2388,1654004087,1654004087);
INSERT INTO player_score VALUES('62e47a156',58,'58f9e6950','5787b6850',478500,2346,1654017825,1654017825);
INSERT INTO player_score VALUES('61581506c',58,'58ffc8f2a','1c05a9856',121716,2319,1653976260,1653976260);
INSERT INTO player_score VALUES('5f39d9fcc',58,'58ffc8f2a','2aaf27192',396242,2287,1653919403,1653919403);
INSERT INTO player_score VALUES('631387fdb',58,'58ffc8f2a','433b2922c',231150,2445,1654022759,1654022759);
INSERT INTO player_score VALUES('62dc0be0d',58,'58ffc8f2a','5787b6850',300560,2335,1654016941,1654016941);
INSERT INTO player_score VALUES('63982d81f',58,'5a77ec70c','1c05a9856',4248,2387,1654036668,1654036668);
INSERT INTO player_score VALUES('5d2061393',58,'5a77ec70c','2aaf27192',95760,2209,1653863045,1653863045);
INSERT INTO player_score VALUES('6397bfa3c',58,'5a77ec70c','433b2922c',35640,2484,1654036623,1654036623);
INSERT INTO player_score VALUES('61c28f53c',58,'5a77ec70c','5787b6850',11900,2124,1653987425,1653987425);
INSERT INTO player_score VALUES('61c4a38ff',58,'5b72d5d6a','1c05a9856',1368,2336,1653987643,1653987643);
INSERT INTO player_score VALUES('5f227a193',58,'5b72d5d6a','2aaf27192',163098,2282,1653916952,1653916952);
INSERT INTO player_score VALUES('62f933434',58,'5b72d5d6a','5787b6850',477630,2360,1654019998,1654019998);
INSERT INTO player_score VALUES('635b86289',58,'5b7dd9a98','1c05a9856',26404,2382,1654030308,1654030308);
INSERT INTO player_score VALUES('5da93b647',58,'5b7dd9a98','2aaf27192',114478,2225,1653877395,1653877395);
INSERT INTO player_score VALUES('5e6747bbb',58,'5b7dd9a98','433b2922c',39060,2074,1653897323,1653897323);
INSERT INTO player_score VALUES('62b0372d9',58,'5b7dd9a98','5787b6850',56115,2297,1654012345,1654012345);
INSERT INTO player_score VALUES('5e15f8504',58,'5c448025b','1c05a9856',351500,2211,1653888797,1653888797);
INSERT INTO player_score VALUES('5ddc176a0',58,'5c448025b','2aaf27192',33744,2237,1653882728,1653882728);
INSERT INTO player_score VALUES('62a7c8f93',58,'5c448025b','433b2922c',26208,2416,1654011461,1654011461);
INSERT INTO player_score VALUES('62dc8d45c',58,'5c448025b','5787b6850',6700,2338,1654016994,1654016994);
INSERT INTO player_score VALUES('627625765',58,'5c536cf73','1c05a9856',22848,2349,1654006256,1654006256);
INSERT INTO player_score VALUES('585424815',58,'5c536cf73','2aaf27192',1088,1990,1653734255,1653734255);
INSERT INTO player_score VALUES('6202688c3',58,'5c536cf73','433b2922c',124032,2350,1653994120,1653994120);
INSERT INTO player_score VALUES('62cba4a96',58,'5c536cf73','5787b6850',26220,2316,1654015221,1654015221);
INSERT INTO player_score VALUES('62e808b95',58,'5c92fa7ac','1c05a9856',13832,2361,1654018198,1654018198);
INSERT INTO player_score VALUES('5f19acb2f',58,'5c92fa7ac','2aaf27192',23324,2279,1653916029,1653916029);
INSERT INTO player_score VALUES('601dc2b66',58,'5c92fa7ac','433b2922c',222768,2209,1653943301,1653943301);
INSERT INTO player_score VALUES('62f93a974',58,'5c92fa7ac','5787b6850',3294,2361,1654020001,1654020001);
INSERT INTO player_score VALUES('5b8771b82',58,'5e0aa17c8','1c05a9856',7986,2139,1653820165,1653820165);
INSERT INTO player_score VALUES('5f3757e94',58,'5e0aa17c8','2aaf27192',230584,2286,1653919140,1653919140);
INSERT INTO player_score VALUES('627b99edd',58,'5e0aa17c8','433b2922c',12960,2399,1654006828,1654006828);
INSERT INTO player_score VALUES('5fec7bf84',58,'5e0aa17c8','5787b6850',6720,1776,1653938134,1653938134);
INSERT INTO player_score VALUES('5ee6f7b96',58,'5e2d29ce0','2aaf27192',161772,2276,1653910712,1653910712);
INSERT INTO player_score VALUES('633ab0650',58,'5e2d29ce0','433b2922c',124832,2461,1654026865,1654026865);
INSERT INTO player_score VALUES('62a985506',58,'5e2d29ce0','5787b6850',7296,2295,1654011643,1654011643);
INSERT INTO player_score VALUES('610319a93',58,'5ece61c79','1c05a9856',3696,2311,1653967349,1653967349);
INSERT INTO player_score VALUES('63acd3277',58,'5ece61c79','433b2922c',34916,2489,1654038833,1654038833);
INSERT INTO player_score VALUES('62df27c62',58,'5ece61c79','5787b6850',0,2340,1654017267,1654017267);
INSERT INTO player_score VALUES('5e4ec06fd',58,'5f41b0d2f','1c05a9856',29029,2216,1653894751,1653894751);
INSERT INTO player_score VALUES('5c77e7580',58,'5f41b0d2f','2aaf27192',1300,2177,1653845379,1653845379);
INSERT INTO player_score VALUES('6273860ec',58,'5f41b0d2f','433b2922c',0,2394,1654005981,1654005981);
INSERT INTO player_score VALUES('628d918ce',58,'5f41b0d2f','5787b6850',42210,2268,1654008712,1654008712);
INSERT INTO player_score VALUES('60a518b84',58,'61eb852b3','1c05a9856',34200,2297,1653957492,1653957492);
INSERT INTO player_score VALUES('61f12a7ab',58,'61eb852b3','433b2922c',250560,2347,1653992312,1653992312);
INSERT INTO player_score VALUES('62cea5b44',58,'61eb852b3','5787b6850',35280,2320,1654015536,1654015536);
INSERT INTO player_score VALUES('60bf37b8f',58,'632b1640a','1c05a9856',42432,2304,1653960231,1653960231);
INSERT INTO player_score VALUES('6396e3e87',58,'632b1640a','433b2922c',79200,2483,1654036533,1654036533);
COMMIT;
