
BEGIN;
CREATE TABLE IF NOT EXISTS competition (
  id VARCHAR(255) NOT NULL PRIMARY KEY,
  tenant_id BIGINT NOT NULL,
  title TEXT NOT NULL,
  finished_at BIGINT NULL,
  created_at BIGINT NOT NULL,
  updated_at BIGINT NOT NULL
);
INSERT INTO competition VALUES('89d52fe9',6,'第8回 朝の船橋屋',1652069572,1651594445,1652069572);
INSERT INTO competition VALUES('acab7ddb',6,'第8回 あんかけ川崎まみれ',NULL,1651652892,1652139137);
INSERT INTO competition VALUES('badaa02e',6,'gRPC研究所カップ',1651920333,1651676689,1651920333);
INSERT INTO competition VALUES('ef35f224',6,'北千住組合 #0',1651814632,1651764529,1651814632);
INSERT INTO competition VALUES('16799ccfb',6,'プロセス同盟カップ',NULL,1651966510,1652967921);
INSERT INTO competition VALUES('1a8829f50',6,'昭和ダッシュを信じろカップ',1652785217,1652075410,1652785217);
INSERT INTO competition VALUES('31ae001f8',6,'第3回 白菜道場',NULL,1652696779,1653684625);
INSERT INTO competition VALUES('336a3660c',6,'第5回 ベルギービールラボ',NULL,1652743358,1652814782);
INSERT INTO competition VALUES('446944042',6,'第9回 じゃがいも激アツ',1653455770,1653199599,1653455770);
INSERT INTO competition VALUES('46d4cf86b',6,'ライブ夜会',NULL,1653264563,1653624863);
INSERT INTO competition VALUES('56377c4de',6,'マジックリリー家 vol.0',NULL,1653677563,1653792733);
INSERT INTO competition VALUES('5a8fe894e',6,'第7回 パッと見クライアント道場',NULL,1653794209,1653918771);
CREATE TABLE IF NOT EXISTS player (
  id VARCHAR(255) NOT NULL PRIMARY KEY,
  tenant_id BIGINT NOT NULL,
  display_name TEXT NOT NULL,
  is_disqualified BOOLEAN NOT NULL,
  created_at BIGINT NOT NULL,
  updated_at BIGINT NOT NULL
);
INSERT INTO player VALUES('4e754c25',6,'Mr. Dustin Durgan Jr.',0,1651494831,1651504978);
INSERT INTO player VALUES('50f7630b',6,'Ms. Daisy Kshlerin II',0,1651499039,1652217682);
INSERT INTO player VALUES('61feabe3',6,'Garry Fahey MD',1,1651527608,1652705376);
INSERT INTO player VALUES('6272a34b',6,'Alex Mante',0,1651528368,1653594695);
INSERT INTO player VALUES('9d08a73f',6,'Bart Morissette I',0,1651626659,1653872182);
INSERT INTO player VALUES('c7c4bf78',6,'Braxton Skiles',0,1651698356,1652573601);
INSERT INTO player VALUES('d49a6c24',6,'Mr. Lourdes Rolfson DDS',0,1651719889,1653406355);
INSERT INTO player VALUES('e8c1e06d',6,'Emilio Effertz',0,1651753702,1652208094);
INSERT INTO player VALUES('e921db12',6,'Brycen Reilly III',0,1651754331,1653661949);
INSERT INTO player VALUES('ead81672',6,'Eda Lind II',0,1651757203,1652744451);
INSERT INTO player VALUES('edb1c34e',6,'Shanel Wilkinson',0,1651761985,1653301901);
INSERT INTO player VALUES('ee86ed61',6,'Chauncey Bartell',0,1651763382,1652527467);
INSERT INTO player VALUES('13823d68c',6,'Mr. Louisa O"Reilly',0,1651886884,1653834395);
INSERT INTO player VALUES('14a5a021e',6,'Juston Koelpin',0,1651917438,1653764269);
INSERT INTO player VALUES('14ef709be',6,'Lou Hyatt',0,1651925178,1653543464);
INSERT INTO player VALUES('16899148a',6,'Gardner Brown',0,1651968183,1653127255);
INSERT INTO player VALUES('16cdcb1d2',6,'Ms. Sophie Jacobs III',0,1651975337,1653842021);
INSERT INTO player VALUES('170ec6d74',6,'Cloyd Kuvalis',1,1651982151,1653309298);
INSERT INTO player VALUES('180b801f0',6,'Mr. Dennis Nicolas',0,1652008651,1653987781);
INSERT INTO player VALUES('181be0009',6,'Mr. Hilton Emard',0,1652010368,1652037469);
INSERT INTO player VALUES('184c12df2',6,'Albertha Krajcik PhD',0,1652015422,1652943624);
INSERT INTO player VALUES('185ffc865',6,'Yessenia Volkman',0,1652017510,1653539099);
INSERT INTO player VALUES('18f34cf04',6,'Marjory Wolff',1,1652032957,1653988908);
INSERT INTO player VALUES('190dc8bb9',6,'Naomi Schamberger',1,1652035734,1652573454);
INSERT INTO player VALUES('1ae7d3b1e',6,'Maude Gleason',0,1652085441,1653141224);
INSERT INTO player VALUES('1afc17aec',6,'Germaine Bailey',0,1652087566,1653492699);
INSERT INTO player VALUES('1b548466b',6,'Ian Ziemann',0,1652096838,1652614430);
INSERT INTO player VALUES('1b6ea36ee',6,'Ms. Natalie Turner',0,1652099577,1652977550);
INSERT INTO player VALUES('1d181501b',6,'Mr. Monty Reichert',0,1652144188,1653301873);
INSERT INTO player VALUES('1d5b5aac9',6,'Ms. Ebba Mohr',0,1652151242,1652327126);
INSERT INTO player VALUES('1e09505f4',6,'Brad Schroeder',0,1652169483,1652576164);
INSERT INTO player VALUES('1e5b4f942',6,'Summer Bergnaum',0,1652178081,1653206070);
INSERT INTO player VALUES('2019904ee',6,'Faustino Krajcik',0,1652224874,1653361143);
INSERT INTO player VALUES('2145d66db',6,'Destini Anderson IV',0,1652256360,1652996030);
INSERT INTO player VALUES('22b6c6a8d',6,'Cydney Lueilwitz',1,1652295046,1653145246);
INSERT INTO player VALUES('22db0191c',6,'Mr. Marley Stoltenberg I',0,1652298845,1652712133);
INSERT INTO player VALUES('23c10d2cf',6,'Ms. Valentine Botsford I',0,1652322967,1652370824);
INSERT INTO player VALUES('26efcb651',6,'Ms. Golda Koelpin',0,1652408399,1653859589);
INSERT INTO player VALUES('276254ac8',6,'Jason Tremblay Sr.',0,1652420409,1652912535);
INSERT INTO player VALUES('27b39cc54',6,'Mr. Jean Weissnat',0,1652428932,1653033501);
INSERT INTO player VALUES('28172d0d3',6,'Veronica Abshire',0,1652439372,1652960031);
INSERT INTO player VALUES('283630853',6,'Harrison Price',0,1652442624,1653117987);
INSERT INTO player VALUES('29881fbb3',6,'Mr. Bret Grant',0,1652478059,1653507984);
INSERT INTO player VALUES('2ae308563',6,'Ms. Otilia Murazik',0,1652514435,1653675705);
INSERT INTO player VALUES('2b1caea1b',6,'Tyrell Schinner',0,1652520480,1653791773);
INSERT INTO player VALUES('2b4ad499c',6,'Tyra Feest II',0,1652525319,1652702436);
INSERT INTO player VALUES('2c65f02ec',6,'Ms. Leta Cummings',0,1652555005,1654002147);
INSERT INTO player VALUES('2d9ddb40a',6,'Ms. Freda Heller MD',1,1652587712,1653773087);
INSERT INTO player VALUES('2dbedf673',6,'Lee Ankunding',0,1652591174,1653512226);
INSERT INTO player VALUES('2e13bd7dc',6,'Ms. Jayda Altenwerth DDS',0,1652600073,1653609509);
INSERT INTO player VALUES('2ff199074',6,'Vickie Corkery I',0,1652650180,1652835271);
INSERT INTO player VALUES('30159e377',6,'Ms. Dianna Cartwright',0,1652653957,1652993673);
INSERT INTO player VALUES('31be2a4d9',6,'Mr. Bud Herman III',0,1652698474,1653357999);
INSERT INTO player VALUES('3291565ee',6,'Mr. Drake Cummerata DVM',0,1652720617,1653778487);
INSERT INTO player VALUES('33548df04',6,'Hildegard Heathcote',0,1652741087,1652983781);
INSERT INTO player VALUES('336ebe0e7',6,'Jewell Beier',0,1652743833,1653555463);
INSERT INTO player VALUES('33b011ab4',6,'Orion Jaskolski',0,1652750683,1652755061);
INSERT INTO player VALUES('345f7ce59',6,'Gregg Runolfsdottir',0,1652769077,1652957379);
INSERT INTO player VALUES('353628f46',6,'Berenice Schulist',0,1652791587,1653173773);
INSERT INTO player VALUES('357380137',6,'Shaylee Gleason',0,1652798019,1653699292);
INSERT INTO player VALUES('359b7f56c',6,'Jennifer Altenwerth PhD',0,1652802213,1653156044);
INSERT INTO player VALUES('3725e3b05',6,'Keeley Keeling',0,1652843568,1653245207);
INSERT INTO player VALUES('38230ad5c',6,'Tremaine Powlowski',0,1652870113,1653991073);
INSERT INTO player VALUES('39c94cf84',6,'Sherman Mraz III',0,1652914390,1653582854);
INSERT INTO player VALUES('3aa41a273',6,'Ms. Gladyce Windler IV',0,1652937333,1653665222);
INSERT INTO player VALUES('3b998f11d',6,'Mr. Santiago Hoppe IV',0,1652963071,1653759807);
INSERT INTO player VALUES('3dbd9b5eb',6,'Mr. Lawrence Bogan',0,1653020538,1653656620);
INSERT INTO player VALUES('3dc9dc916',6,'Eliseo Hintz',0,1653021823,1653466153);
INSERT INTO player VALUES('3ef0760a0',6,'Mr. Jermey Lowe MD',1,1653052714,1653899668);
INSERT INTO player VALUES('3f1541011',6,'Ms. Mona Ritchie',0,1653056572,1653252887);
INSERT INTO player VALUES('40e66142f',6,'Jamaal Lebsack',0,1653105344,1653783152);
INSERT INTO player VALUES('47f8d0f10',6,'Tressie Rutherford',0,1653295182,1653393282);
INSERT INTO player VALUES('4bf9ff3b0',6,'Jerrell Marks MD',0,1653402680,1653990312);
INSERT INTO player VALUES('4d50b809e',6,'Mr. Gerson Reichert DDS',1,1653438617,1653596363);
INSERT INTO player VALUES('4db24050e',6,'Judd Ortiz',0,1653448844,1653546003);
INSERT INTO player VALUES('4ef7bff00',6,'Jon Halvorson',0,1653482975,1653992484);
INSERT INTO player VALUES('4f3b3dc42',6,'Mr. Billy Cummerata',0,1653490052,1653948618);
INSERT INTO player VALUES('4f93e5162',6,'Mr. Mac Brown DDS',0,1653499348,1653783195);
INSERT INTO player VALUES('5073b6725',6,'Hollis King',0,1653522817,1653616836);
INSERT INTO player VALUES('50fe2ac90',6,'Werner Bergstrom',0,1653537335,1653831329);
INSERT INTO player VALUES('51448ecc3',6,'Casimir Mann II',0,1653544716,1653655126);
INSERT INTO player VALUES('51fbdd14c',6,'Juvenal McDermott',0,1653563937,1653626124);
INSERT INTO player VALUES('530d2fc9c',6,'Khalil Becker',0,1653592597,1653643756);
INSERT INTO player VALUES('542464d55',6,'Ms. Jena Cruickshank I',0,1653621874,1653828526);
INSERT INTO player VALUES('54781b7d4',6,'Camden Auer III',0,1653630652,1653735757);
INSERT INTO player VALUES('548019671',6,'Mariah Kautzer IV',0,1653631490,1653919111);
INSERT INTO player VALUES('55889276b',6,'Jamie Kulas',1,1653659222,1653916368);
INSERT INTO player VALUES('55ba7f3e6',6,'Mr. Roger Hauck',0,1653664457,1653929561);
INSERT INTO player VALUES('55bf10acd',6,'Ms. Bonnie Robel',1,1653664936,1653997907);
INSERT INTO player VALUES('561b469e8',6,'Ms. Celestine Bauch PhD',0,1653674605,1653950923);
INSERT INTO player VALUES('561b924fe',6,'Jany Flatley',1,1653674636,1653990409);
INSERT INTO player VALUES('568be2bf9',6,'Jacinthe Sporer',0,1653686413,1653843998);
INSERT INTO player VALUES('5856f248b',6,'Mr. Wiley Shields MD',0,1653734549,1653762396);
INSERT INTO player VALUES('58d8b40f7',6,'Courtney Orn',0,1653748155,1653863713);
INSERT INTO player VALUES('5989f1952',6,'Janis DuBuque I',1,1653766740,1653781327);
INSERT INTO player VALUES('59ebbbc66',6,'Santino Dietrich',0,1653776994,1653805514);
INSERT INTO player VALUES('5a141caf9',6,'Nils Turner Jr.',0,1653781228,1654012040);
INSERT INTO player VALUES('5a24187ac',6,'Mr. Haley O"Kon PhD',0,1653782904,1653795949);
INSERT INTO player VALUES('5a316d921',6,'Rogers Conroy',0,1653784302,1653959823);
INSERT INTO player VALUES('5bd2f4c70',6,'Ms. Kyra Dibbert Sr.',0,1653828083,1653963279);
INSERT INTO player VALUES('5c27e8d26',6,'Ms. Kara Gottlieb II',0,1653836991,1653879833);
INSERT INTO player VALUES('5d53ea947',6,'Clemens Dietrich',0,1653868449,1653957336);
INSERT INTO player VALUES('5deeed2fc',6,'Gino Halvorson MD',0,1653884703,1654028479);
INSERT INTO player VALUES('5f8defdf1',6,'Ms. Sasha Zieme',0,1653928220,1653930682);
INSERT INTO player VALUES('60e74f634',6,'Merlin Donnelly',0,1653964435,1653984565);
INSERT INTO player VALUES('625b34783',6,'Herta Wisoky',1,1654003431,1654028813);
CREATE TABLE IF NOT EXISTS player_score (
                              id VARCHAR(255) NOT NULL PRIMARY KEY,
                              tenant_id BIGINT NOT NULL,
                              player_id VARCHAR(255) NOT NULL,
                              competition_id VARCHAR(255) NOT NULL,
                              score BIGINT NOT NULL,
                              row_num BIGINT NOT NULL,
                              created_at BIGINT NOT NULL,
                              updated_at BIGINT NOT NULL
);
INSERT INTO player_score VALUES('5c96b02f8',6,'13823d68c','16799ccfb',46368,1701,1653848607,1653848607);
INSERT INTO player_score VALUES('316358c90',6,'13823d68c','1a8829f50',66906,871,1652688951,1652688951);
INSERT INTO player_score VALUES('62bdae6ff',6,'13823d68c','31ae001f8',244818,1936,1654013757,1654013757);
INSERT INTO player_score VALUES('62c1b9955',6,'13823d68c','336a3660c',11760,1773,1654014181,1654014181);
INSERT INTO player_score VALUES('4de929ef8',6,'13823d68c','446944042',121600,1405,1653454602,1653454602);
INSERT INTO player_score VALUES('63041005e',6,'13823d68c','46d4cf86b',319060,1817,1654021137,1654021137);
INSERT INTO player_score VALUES('62a58b3ce',6,'13823d68c','56377c4de',341040,1718,1654011226,1654011226);
INSERT INTO player_score VALUES('63a682f14',6,'13823d68c','5a8fe894e',19872,1863,1654038171,1654038171);
INSERT INTO player_score VALUES('19ce54b80',6,'13823d68c','89d52fe9',44352,524,1652055924,1652055924);
INSERT INTO player_score VALUES('61e1de77f',6,'13823d68c','acab7ddb',282828,1931,1653990708,1653990708);
INSERT INTO player_score VALUES('5ab2057d7',6,'14a5a021e','16799ccfb',137250,1661,1653797786,1653797786);
INSERT INTO player_score VALUES('344fb9437',6,'14a5a021e','1a8829f50',258060,994,1652767424,1652767424);
INSERT INTO player_score VALUES('6182bfde6',6,'14a5a021e','31ae001f8',313280,1894,1653980734,1653980734);
INSERT INTO player_score VALUES('62bcfea81',6,'14a5a021e','336a3660c',578178,1772,1654013685,1654013685);
INSERT INTO player_score VALUES('4c4c872a1',6,'14a5a021e','446944042',306000,1151,1653411334,1653411334);
INSERT INTO player_score VALUES('61295a231',6,'14a5a021e','46d4cf86b',107200,1696,1653971360,1653971360);
INSERT INTO player_score VALUES('636b11a3a',6,'14a5a021e','56377c4de',41360,1839,1654031938,1654031938);
INSERT INTO player_score VALUES('6375ff7cd',6,'14a5a021e','5a8fe894e',498095,1820,1654033084,1654033084);
INSERT INTO player_score VALUES('19f19de98',6,'14a5a021e','89d52fe9',6800,528,1652059624,1652059624);
INSERT INTO player_score VALUES('636f91fd1',6,'14a5a021e','acab7ddb',707168,1953,1654032410,1654032410);
INSERT INTO player_score VALUES('62bd3e24f',6,'14ef709be','16799ccfb',342022,1856,1654013711,1654013711);
INSERT INTO player_score VALUES('33e987257',6,'14ef709be','1a8829f50',265188,977,1652756708,1652756708);
INSERT INTO player_score VALUES('62c2ab4b4',6,'14ef709be','31ae001f8',215760,1937,1654014280,1654014280);
INSERT INTO player_score VALUES('63aea5729',6,'14ef709be','336a3660c',127652,1805,1654039024,1654039024);
INSERT INTO player_score VALUES('4df0b0348',6,'14ef709be','446944042',0,1409,1653455391,1653455391);
INSERT INTO player_score VALUES('626d1d706',6,'14ef709be','46d4cf86b',435456,1772,1654005309,1654005309);
INSERT INTO player_score VALUES('631432e06',6,'14ef709be','56377c4de',14400,1786,1654022829,1654022829);
INSERT INTO player_score VALUES('633cf5716',6,'14ef709be','5a8fe894e',1512,1787,1654027103,1654027103);
INSERT INTO player_score VALUES('1854c300a',6,'14ef709be','89d52fe9',11840,498,1652016333,1652016333);
INSERT INTO player_score VALUES('5f9dce61c',6,'14ef709be','acab7ddb',1804,1886,1653929884,1653929884);
INSERT INTO player_score VALUES('60841221e',6,'16899148a','16799ccfb',349566,1806,1653954029,1653954029);
INSERT INTO player_score VALUES('34d7b5481',6,'16899148a','1a8829f50',602,1019,1652781683,1652781683);
INSERT INTO player_score VALUES('6054f807e',6,'16899148a','31ae001f8',332640,1838,1653949090,1653949090);
INSERT INTO player_score VALUES('62b9d41da',6,'16899148a','336a3660c',283452,1771,1654013353,1654013353);
INSERT INTO player_score VALUES('4d7f50c49',6,'16899148a','446944042',47175,1334,1653443503,1653443503);
INSERT INTO player_score VALUES('63bb4d35e',6,'16899148a','46d4cf86b',960,1862,1654040351,1654040351);
INSERT INTO player_score VALUES('63bc1cb95',6,'16899148a','56377c4de',111186,1878,1654040436,1654040436);
INSERT INTO player_score VALUES('638b21a88',6,'16899148a','5a8fe894e',4752,1845,1654035300,1654035300);
INSERT INTO player_score VALUES('1706737f7',6,'16899148a','89d52fe9',91476,452,1651981278,1651981278);
INSERT INTO player_score VALUES('638716808',6,'16899148a','acab7ddb',135864,1956,1654034876,1654034876);
INSERT INTO player_score VALUES('5d671f947',6,'16cdcb1d2','16799ccfb',136382,1728,1653870463,1653870463);
INSERT INTO player_score VALUES('34394ff3f',6,'16cdcb1d2','1a8829f50',153090,989,1652765074,1652765074);
INSERT INTO player_score VALUES('627045882',6,'16cdcb1d2','31ae001f8',245220,1925,1654005640,1654005640);
INSERT INTO player_score VALUES('4df0b5111',6,'16cdcb1d2','446944042',0,1410,1653455393,1653455393);
INSERT INTO player_score VALUES('6252e3907',6,'16cdcb1d2','46d4cf86b',133632,1764,1654002559,1654002559);
INSERT INTO player_score VALUES('62a3bdcf3',6,'16cdcb1d2','56377c4de',16008,1717,1654011037,1654011037);
INSERT INTO player_score VALUES('637a9f96b',6,'16cdcb1d2','5a8fe894e',8778,1826,1654033569,1654033569);
INSERT INTO player_score VALUES('17b921b37',6,'16cdcb1d2','89d52fe9',546448,476,1652000014,1652000014);
INSERT INTO player_score VALUES('634d618af',6,'16cdcb1d2','acab7ddb',3498,1950,1654028825,1654028825);
INSERT INTO player_score VALUES('60f043e06',6,'170ec6d74','16799ccfb',125,1813,1653965374,1653965374);
INSERT INTO player_score VALUES('5af34326b',6,'170ec6d74','31ae001f8',392920,1630,1653804627,1653804627);
INSERT INTO player_score VALUES('622acbe8f',6,'170ec6d74','336a3660c',91686,1748,1653998355,1653998355);
INSERT INTO player_score VALUES('4d9e73f55',6,'170ec6d74','446944042',9945,1355,1653446768,1653446768);
INSERT INTO player_score VALUES('631b43f40',6,'170ec6d74','46d4cf86b',2460,1823,1654023570,1654023570);
INSERT INTO player_score VALUES('636c51772',6,'170ec6d74','56377c4de',63756,1841,1654032069,1654032069);
INSERT INTO player_score VALUES('62ca49f98',6,'170ec6d74','5a8fe894e',293216,1689,1654015079,1654015079);
INSERT INTO player_score VALUES('1a1e72f80',6,'170ec6d74','89d52fe9',21120,531,1652064325,1652064325);
INSERT INTO player_score VALUES('56948b8eb',6,'170ec6d74','acab7ddb',129168,1679,1653687321,1653687321);
INSERT INTO player_score VALUES('33a5794a3',6,'180b801f0','1a8829f50',73710,964,1652749572,1652749572);
INSERT INTO player_score VALUES('6397df615',6,'180b801f0','31ae001f8',319500,1975,1654036636,1654036636);
INSERT INTO player_score VALUES('4d85d9202',6,'180b801f0','446944042',253828,1341,1653444188,1653444188);
INSERT INTO player_score VALUES('62d80329c',6,'180b801f0','46d4cf86b',127280,1800,1654016518,1654016518);
INSERT INTO player_score VALUES('622af0888',6,'180b801f0','56377c4de',232716,1650,1653998370,1653998370);
INSERT INTO player_score VALUES('62b3c360f',6,'180b801f0','5a8fe894e',1400,1670,1654012717,1654012717);
INSERT INTO player_score VALUES('1922d2773',6,'180b801f0','89d52fe9',310200,517,1652037940,1652037940);
INSERT INTO player_score VALUES('51b5cc0e6',6,'180b801f0','acab7ddb',329728,1563,1653556590,1653556590);
INSERT INTO player_score VALUES('62829c5c9',6,'181be0009','16799ccfb',159900,1849,1654007563,1654007563);
INSERT INTO player_score VALUES('337fcb488',6,'181be0009','1a8829f50',171325,959,1652745621,1652745621);
INSERT INTO player_score VALUES('6087180da',6,'181be0009','31ae001f8',2656,1853,1653954346,1653954346);
INSERT INTO player_score VALUES('639b4bd52',6,'181be0009','336a3660c',4160,1803,1654036995,1654036995);
INSERT INTO player_score VALUES('4dc4a0e7c',6,'181be0009','446944042',45012,1380,1653450771,1653450771);
INSERT INTO player_score VALUES('63433be5d',6,'181be0009','46d4cf86b',5586,1833,1654027761,1654027761);
INSERT INTO player_score VALUES('63c332b1e',6,'181be0009','56377c4de',31416,1881,1654041179,1654041179);
INSERT INTO player_score VALUES('63b7be8ca',6,'181be0009','5a8fe894e',323680,1878,1654039978,1654039978);
INSERT INTO player_score VALUES('19ed29c7e',6,'181be0009','89d52fe9',741888,526,1652059157,1652059157);
INSERT INTO player_score VALUES('6311b33ca',6,'181be0009','acab7ddb',227700,1944,1654022567,1654022567);
INSERT INTO player_score VALUES('5ef4da699',6,'184c12df2','16799ccfb',10400,1770,1653912168,1653912168);
INSERT INTO player_score VALUES('33b5973fc',6,'184c12df2','1a8829f50',3420,967,1652751262,1652751262);
INSERT INTO player_score VALUES('5b1e9675b',6,'184c12df2','31ae001f8',102465,1633,1653809170,1653809170);
INSERT INTO player_score VALUES('5ceae0ef7',6,'184c12df2','336a3660c',261174,1560,1653857435,1653857435);
INSERT INTO player_score VALUES('4d2fdfd87',6,'184c12df2','446944042',443625,1293,1653435173,1653435173);
INSERT INTO player_score VALUES('632d95e7e',6,'184c12df2','56377c4de',88407,1808,1654025491,1654025491);
INSERT INTO player_score VALUES('1a208c124',6,'184c12df2','89d52fe9',9180,532,1652064545,1652064545);
INSERT INTO player_score VALUES('5df976f4c',6,'185ffc865','16799ccfb',487080,1743,1653885808,1653885808);
INSERT INTO player_score VALUES('335de6888',6,'185ffc865','1a8829f50',124410,954,1652742067,1652742067);
INSERT INTO player_score VALUES('629e92939',6,'185ffc865','31ae001f8',8460,1933,1654010495,1654010495);
INSERT INTO player_score VALUES('4d41a9101',6,'185ffc865','446944042',77190,1304,1653437038,1653437038);
INSERT INTO player_score VALUES('6373342d1',6,'185ffc865','46d4cf86b',463404,1847,1654032791,1654032791);
INSERT INTO player_score VALUES('63c2f3334',6,'185ffc865','56377c4de',11872,1880,1654041153,1654041153);
INSERT INTO player_score VALUES('631d6948e',6,'185ffc865','5a8fe894e',66339,1768,1654023795,1654023795);
INSERT INTO player_score VALUES('1a24ad34d',6,'185ffc865','89d52fe9',46800,533,1652064978,1652064978);
INSERT INTO player_score VALUES('5f6dcec8b',6,'185ffc865','acab7ddb',6300,1881,1653924851,1653924851);
INSERT INTO player_score VALUES('6359a7a49',6,'18f34cf04','16799ccfb',461734,1873,1654030112,1654030112);
INSERT INTO player_score VALUES('34c41c322',6,'18f34cf04','1a8829f50',8428,1015,1652779628,1652779628);
INSERT INTO player_score VALUES('612388e46',6,'18f34cf04','31ae001f8',195195,1881,1653970750,1653970750);
INSERT INTO player_score VALUES('614496cae',6,'18f34cf04','336a3660c',0,1705,1653974216,1653974216);
INSERT INTO player_score VALUES('4da72b641',6,'18f34cf04','446944042',311220,1360,1653447682,1653447682);
INSERT INTO player_score VALUES('60f14dfb8',6,'18f34cf04','46d4cf86b',63640,1687,1653965483,1653965483);
INSERT INTO player_score VALUES('630189084',6,'18f34cf04','56377c4de',6000,1779,1654020872,1654020872);
INSERT INTO player_score VALUES('63b10f215',6,'18f34cf04','5a8fe894e',80802,1870,1654039277,1654039277);
INSERT INTO player_score VALUES('189716fa6',6,'18f34cf04','89d52fe9',17955,501,1652023288,1652023288);
INSERT INTO player_score VALUES('63b90f765',6,'18f34cf04','acab7ddb',34398,1960,1654040116,1654040116);
INSERT INTO player_score VALUES('5f18df99d',6,'190dc8bb9','16799ccfb',21120,1775,1653915945,1653915945);
INSERT INTO player_score VALUES('329ded017',6,'190dc8bb9','1a8829f50',3600,917,1652721937,1652721937);
INSERT INTO player_score VALUES('62d73d66e',6,'190dc8bb9','31ae001f8',446215,1942,1654016437,1654016437);
INSERT INTO player_score VALUES('5bacca46a',6,'190dc8bb9','336a3660c',136275,1518,1653824081,1653824081);
INSERT INTO player_score VALUES('4c594c349',6,'190dc8bb9','446944042',195920,1164,1653412673,1653412673);
INSERT INTO player_score VALUES('6014bd269',6,'190dc8bb9','46d4cf86b',77924,1631,1653942355,1653942355);
INSERT INTO player_score VALUES('634398aad',6,'190dc8bb9','56377c4de',117936,1818,1654027799,1654027799);
INSERT INTO player_score VALUES('19f0a0055',6,'190dc8bb9','89d52fe9',41040,527,1652059520,1652059520);
INSERT INTO player_score VALUES('5afb4d3e4',6,'190dc8bb9','acab7ddb',150528,1780,1653805470,1653805470);
INSERT INTO player_score VALUES('5a6248e5c',6,'1ae7d3b1e','16799ccfb',113750,1654,1653789425,1653789425);
INSERT INTO player_score VALUES('6380b7a1b',6,'1ae7d3b1e','31ae001f8',25308,1971,1654034208,1654034208);
INSERT INTO player_score VALUES('6254124fe',6,'1ae7d3b1e','336a3660c',199584,1752,1654002683,1654002683);
INSERT INTO player_score VALUES('4d7944e7e',6,'1ae7d3b1e','446944042',5916,1331,1653442869,1653442869);
INSERT INTO player_score VALUES('62ff4b525',6,'1ae7d3b1e','46d4cf86b',303242,1815,1654020637,1654020637);
INSERT INTO player_score VALUES('637d41687',6,'1ae7d3b1e','5a8fe894e',152334,1828,1654033845,1654033845);
INSERT INTO player_score VALUES('61c5387be',6,'1afc17aec','16799ccfb',513240,1831,1653987704,1653987704);
INSERT INTO player_score VALUES('619595a63',6,'1afc17aec','31ae001f8',45696,1900,1653982709,1653982709);
INSERT INTO player_score VALUES('61ee41d82',6,'1afc17aec','336a3660c',275848,1733,1653992007,1653992007);
INSERT INTO player_score VALUES('4dd388d05',6,'1afc17aec','446944042',93240,1392,1653452334,1653452334);
INSERT INTO player_score VALUES('63c1087a3',6,'1afc17aec','46d4cf86b',48175,1866,1654040952,1654040952);
INSERT INTO player_score VALUES('637da7f3b',6,'1afc17aec','56377c4de',10010,1858,1654033887,1654033887);
INSERT INTO player_score VALUES('6389a4c9c',6,'1afc17aec','5a8fe894e',37152,1844,1654035144,1654035144);
INSERT INTO player_score VALUES('5fe652d07',6,'1afc17aec','acab7ddb',53504,1890,1653937488,1653937488);
INSERT INTO player_score VALUES('5db48121a',6,'1b548466b','16799ccfb',129200,1738,1653878577,1653878577);
INSERT INTO player_score VALUES('34d29d90c',6,'1b548466b','1a8829f50',0,1018,1652781149,1652781149);
INSERT INTO player_score VALUES('61da757f4',6,'1b548466b','31ae001f8',52500,1911,1653989931,1653989931);
INSERT INTO player_score VALUES('638a967f6',6,'1b548466b','336a3660c',389648,1797,1654035243,1654035243);
INSERT INTO player_score VALUES('4de4f2d1d',6,'1b548466b','446944042',6600,1403,1653454160,1653454160);
INSERT INTO player_score VALUES('62c462bdd',6,'1b548466b','46d4cf86b',22032,1795,1654014460,1654014460);
INSERT INTO player_score VALUES('62ffc2f1b',6,'1b548466b','56377c4de',626040,1777,1654020686,1654020686);
INSERT INTO player_score VALUES('63aceb905',6,'1b548466b','5a8fe894e',172224,1866,1654038843,1654038843);
INSERT INTO player_score VALUES('5f506f3d9',6,'1b548466b','acab7ddb',395772,1878,1653921771,1653921771);
INSERT INTO player_score VALUES('63c5afe58',6,'1b6ea36ee','16799ccfb',49500,1883,1654041440,1654041440);
INSERT INTO player_score VALUES('61e5b6584',6,'1b6ea36ee','31ae001f8',105120,1912,1653991111,1653991111);
INSERT INTO player_score VALUES('61e5ec0fe',6,'1b6ea36ee','336a3660c',2016,1731,1653991133,1653991133);
INSERT INTO player_score VALUES('4de063d4e',6,'1b6ea36ee','446944042',130758,1397,1653453682,1653453682);
INSERT INTO player_score VALUES('63b41c625',6,'1b6ea36ee','46d4cf86b',158079,1861,1654039597,1654039597);
INSERT INTO player_score VALUES('6348e3a63',6,'1b6ea36ee','56377c4de',15345,1821,1654028354,1654028354);
INSERT INTO player_score VALUES('62e01e59a',6,'1b6ea36ee','5a8fe894e',74000,1716,1654017368,1654017368);
INSERT INTO player_score VALUES('612b49bba',6,'1b6ea36ee','acab7ddb',520650,1915,1653971563,1653971563);
INSERT INTO player_score VALUES('5c582305e',6,'1d181501b','16799ccfb',62118,1694,1653842048,1653842048);
INSERT INTO player_score VALUES('34a8b6048',6,'1d181501b','1a8829f50',309024,1011,1652776755,1652776755);
INSERT INTO player_score VALUES('62c4149d8',6,'1d181501b','31ae001f8',130592,1938,1654014428,1654014428);
INSERT INTO player_score VALUES('628f94afd',6,'1d181501b','336a3660c',406912,1765,1654008923,1654008923);
INSERT INTO player_score VALUES('4d20aeb06',6,'1d181501b','446944042',106106,1283,1653433580,1653433580);
INSERT INTO player_score VALUES('631a7bc64',6,'1d181501b','46d4cf86b',221880,1822,1654023488,1654023488);
INSERT INTO player_score VALUES('62a8939c2',6,'1d181501b','56377c4de',141360,1722,1654011544,1654011544);
INSERT INTO player_score VALUES('63b231a79',6,'1d181501b','5a8fe894e',580041,1873,1654039396,1654039396);
INSERT INTO player_score VALUES('617fb2a20',6,'1d181501b','acab7ddb',5688,1922,1653980414,1653980414);
INSERT INTO player_score VALUES('5fa76dbf9',6,'1d5b5aac9','16799ccfb',33748,1787,1653930893,1653930893);
INSERT INTO player_score VALUES('348c80599',6,'1d5b5aac9','1a8829f50',2580,1006,1652773797,1652773797);
INSERT INTO player_score VALUES('60791f61b',6,'1d5b5aac9','31ae001f8',8866,1845,1653952881,1653952881);
INSERT INTO player_score VALUES('4df23bb16',6,'1d5b5aac9','446944042',276696,1412,1653455553,1653455553);
INSERT INTO player_score VALUES('62abf64ee',6,'1d5b5aac9','46d4cf86b',93600,1790,1654011899,1654011899);
INSERT INTO player_score VALUES('614131a93',6,'1d5b5aac9','acab7ddb',5808,1916,1653973860,1653973860);
INSERT INTO player_score VALUES('607bcfdc7',6,'1e09505f4','16799ccfb',84816,1803,1653953163,1653953163);
INSERT INTO player_score VALUES('347c143d4',6,'1e09505f4','1a8829f50',602688,1002,1652772075,1652772075);
INSERT INTO player_score VALUES('6264c5358',6,'1e09505f4','31ae001f8',63918,1924,1654004434,1654004434);
INSERT INTO player_score VALUES('5de1f9c69',6,'1e09505f4','336a3660c',1584,1586,1653883345,1653883345);
INSERT INTO player_score VALUES('4dbfdea45',6,'1e09505f4','446944042',28272,1378,1653450272,1653450272);
INSERT INTO player_score VALUES('6151b629a',6,'1e09505f4','46d4cf86b',15000,1708,1653975592,1653975592);
INSERT INTO player_score VALUES('63c19afb1',6,'1e09505f4','56377c4de',72345,1879,1654041012,1654041012);
INSERT INTO player_score VALUES('6321dfd74',6,'1e09505f4','5a8fe894e',49476,1771,1654024263,1654024263);
INSERT INTO player_score VALUES('5e29b3965',6,'1e09505f4','acab7ddb',4560,1851,1653890866,1653890866);
INSERT INTO player_score VALUES('63c3bb696',6,'1e5b4f942','16799ccfb',122915,1881,1654041235,1654041235);
INSERT INTO player_score VALUES('34ebad911',6,'1e5b4f942','1a8829f50',40700,1022,1652783777,1652783777);
INSERT INTO player_score VALUES('635e713bf',6,'1e5b4f942','31ae001f8',383724,1966,1654030614,1654030614);
INSERT INTO player_score VALUES('4da4d5404',6,'1e5b4f942','446944042',9720,1358,1653447437,1653447437);
INSERT INTO player_score VALUES('620ade0fe',6,'1e5b4f942','46d4cf86b',232470,1746,1653995007,1653995007);
INSERT INTO player_score VALUES('63ad19f08',6,'1e5b4f942','56377c4de',2970,1876,1654038862,1654038862);
INSERT INTO player_score VALUES('63b8ab5fa',6,'1e5b4f942','5a8fe894e',34425,1879,1654040075,1654040075);
INSERT INTO player_score VALUES('5b9ca287e',6,'1e5b4f942','acab7ddb',52416,1788,1653822387,1653822387);
INSERT INTO player_score VALUES('5eec9f7ae',6,'2019904ee','16799ccfb',0,1769,1653911305,1653911305);
INSERT INTO player_score VALUES('34153e8de',6,'2019904ee','1a8829f50',29036,985,1652761292,1652761292);
INSERT INTO player_score VALUES('60b121c35',6,'2019904ee','31ae001f8',47736,1861,1653958754,1653958754);
INSERT INTO player_score VALUES('6111e9282',6,'2019904ee','336a3660c',16720,1695,1653968902,1653968902);
INSERT INTO player_score VALUES('4ccb149f2',6,'2019904ee','446944042',1352,1229,1653424604,1653424604);
INSERT INTO player_score VALUES('6240570b9',6,'2019904ee','46d4cf86b',116654,1761,1654000614,1654000614);
INSERT INTO player_score VALUES('62f3d24d2',6,'2019904ee','56377c4de',1620,1768,1654019434,1654019434);
INSERT INTO player_score VALUES('6385be413',6,'2019904ee','5a8fe894e',50796,1840,1654034735,1654034735);
INSERT INTO player_score VALUES('5be33c43b',6,'2019904ee','acab7ddb',23496,1793,1653829790,1653829790);
INSERT INTO player_score VALUES('5ecf90830',6,'2145d66db','16799ccfb',0,1765,1653908258,1653908258);
INSERT INTO player_score VALUES('30f06b681',6,'2145d66db','1a8829f50',166430,853,1652676900,1652676900);
INSERT INTO player_score VALUES('61c9e4c37',6,'2145d66db','31ae001f8',17425,1908,1653988194,1653988194);
INSERT INTO player_score VALUES('63539e3af',6,'2145d66db','336a3660c',105600,1789,1654029479,1654029479);
INSERT INTO player_score VALUES('639ea4c5e',6,'2145d66db','56377c4de',11931,1871,1654037346,1654037346);
INSERT INTO player_score VALUES('6395deaa5',6,'2145d66db','5a8fe894e',372504,1854,1654036426,1654036426);
INSERT INTO player_score VALUES('5dd42f7f5',6,'2145d66db','acab7ddb',19780,1838,1653881899,1653881899);
INSERT INTO player_score VALUES('623987dff',6,'22b6c6a8d','16799ccfb',5700,1841,1653999900,1653999900);
INSERT INTO player_score VALUES('33c7e1e0c',6,'22b6c6a8d','1a8829f50',71820,970,1652753180,1652753180);
INSERT INTO player_score VALUES('638f9d1ad',6,'22b6c6a8d','31ae001f8',139196,1974,1654035770,1654035770);
INSERT INTO player_score VALUES('633b9fa5d',6,'22b6c6a8d','336a3660c',12144,1784,1654026963,1654026963);
INSERT INTO player_score VALUES('4cbe7b859',6,'22b6c6a8d','446944042',122728,1218,1653423283,1653423283);
INSERT INTO player_score VALUES('63729a5d7',6,'22b6c6a8d','46d4cf86b',145834,1846,1654032728,1654032728);
INSERT INTO player_score VALUES('62e597b68',6,'22b6c6a8d','56377c4de',98280,1758,1654017942,1654017942);
INSERT INTO player_score VALUES('63b35df1b',6,'22b6c6a8d','5a8fe894e',359424,1875,1654039519,1654039519);
INSERT INTO player_score VALUES('62fa9f051',6,'22b6c6a8d','acab7ddb',122304,1941,1654020147,1654020147);
INSERT INTO player_score VALUES('6343f7deb',6,'22db0191c','16799ccfb',3564,1867,1654027838,1654027838);
INSERT INTO player_score VALUES('34e5b0608',6,'22db0191c','1a8829f50',19584,1021,1652783149,1652783149);
INSERT INTO player_score VALUES('607c11cbd',6,'22db0191c','31ae001f8',18414,1846,1653953190,1653953190);
INSERT INTO player_score VALUES('4db8b5227',6,'22db0191c','446944042',315921,1371,1653449521,1653449521);
INSERT INTO player_score VALUES('62d675362',6,'22db0191c','56377c4de',0,1748,1654016355,1654016355);
INSERT INTO player_score VALUES('6398fa941',6,'22db0191c','5a8fe894e',29370,1857,1654036752,1654036752);
INSERT INTO player_score VALUES('61d072030',6,'22db0191c','acab7ddb',14620,1930,1653988881,1653988881);
INSERT INTO player_score VALUES('5edb8129f',6,'23c10d2cf','16799ccfb',203136,1766,1653909510,1653909510);
INSERT INTO player_score VALUES('33251bf05',6,'23c10d2cf','1a8829f50',9028,943,1652736112,1652736112);
INSERT INTO player_score VALUES('61417601e',6,'23c10d2cf','31ae001f8',157872,1886,1653973888,1653973888);
INSERT INTO player_score VALUES('5bda7d7e9',6,'23c10d2cf','336a3660c',8190,1524,1653828873,1653828873);
INSERT INTO player_score VALUES('4d337d21e',6,'23c10d2cf','446944042',151280,1294,1653435552,1653435552);
INSERT INTO player_score VALUES('63bd0988f',6,'23c10d2cf','46d4cf86b',91136,1864,1654040533,1654040533);
INSERT INTO player_score VALUES('62f40a76a',6,'23c10d2cf','56377c4de',130174,1769,1654019457,1654019457);
INSERT INTO player_score VALUES('63a1cf548',6,'23c10d2cf','5a8fe894e',240570,1861,1654037678,1654037678);
INSERT INTO player_score VALUES('6374236e9',6,'23c10d2cf','acab7ddb',93696,1954,1654032889,1654032889);
INSERT INTO player_score VALUES('63555f752',6,'26efcb651','16799ccfb',672,1871,1654029663,1654029663);
INSERT INTO player_score VALUES('32d125d1a',6,'26efcb651','1a8829f50',0,929,1652727308,1652727308);
INSERT INTO player_score VALUES('633b23262',6,'26efcb651','336a3660c',257070,1783,1654026912,1654026912);
INSERT INTO player_score VALUES('631c90004',6,'26efcb651','56377c4de',17664,1795,1654023706,1654023706);
INSERT INTO player_score VALUES('6379538e4',6,'26efcb651','5a8fe894e',37128,1824,1654033433,1654033433);
INSERT INTO player_score VALUES('6154ea7a3',6,'26efcb651','acab7ddb',104748,1917,1653975928,1653975928);
INSERT INTO player_score VALUES('3291cb8aa',6,'276254ac8','1a8829f50',80066,916,1652720665,1652720665);
INSERT INTO player_score VALUES('631e36572',6,'276254ac8','31ae001f8',93840,1953,1654023879,1654023879);
INSERT INTO player_score VALUES('62d53cb74',6,'276254ac8','336a3660c',7488,1774,1654016227,1654016227);
INSERT INTO player_score VALUES('4d92ffcf2',6,'276254ac8','446944042',37050,1346,1653445567,1653445567);
INSERT INTO player_score VALUES('6398f33ed',6,'276254ac8','46d4cf86b',80142,1856,1654036749,1654036749);
INSERT INTO player_score VALUES('635ed7c0a',6,'276254ac8','56377c4de',0,1831,1654030656,1654030656);
INSERT INTO player_score VALUES('626d24c1d',6,'276254ac8','5a8fe894e',7350,1614,1654005312,1654005312);
INSERT INTO player_score VALUES('635182aeb',6,'276254ac8','acab7ddb',20020,1951,1654029258,1654029258);
INSERT INTO player_score VALUES('6352d6066',6,'27b39cc54','16799ccfb',5328,1870,1654029397,1654029397);
INSERT INTO player_score VALUES('3492d5714',6,'27b39cc54','1a8829f50',194635,1008,1652774461,1652774461);
INSERT INTO player_score VALUES('609acc013',6,'27b39cc54','31ae001f8',118104,1857,1653956412,1653956412);
INSERT INTO player_score VALUES('5d0d7098d',6,'27b39cc54','336a3660c',128832,1565,1653861059,1653861059);
INSERT INTO player_score VALUES('63ad325a4',6,'27b39cc54','46d4cf86b',42000,1860,1654038872,1654038872);
INSERT INTO player_score VALUES('6372b534e',6,'27b39cc54','56377c4de',285000,1848,1654032739,1654032739);
INSERT INTO player_score VALUES('62dfbf24f',6,'27b39cc54','5a8fe894e',3024,1715,1654017329,1654017329);
INSERT INTO player_score VALUES('5d9a0caec',6,'27b39cc54','acab7ddb',49059,1834,1653875803,1653875803);
INSERT INTO player_score VALUES('6389e6b49',6,'28172d0d3','31ae001f8',21584,1973,1654035171,1654035171);
INSERT INTO player_score VALUES('5edc6919c',6,'28172d0d3','336a3660c',68904,1615,1653909605,1653909605);
INSERT INTO player_score VALUES('4d70d1d3a',6,'28172d0d3','446944042',486200,1325,1653441983,1653441983);
INSERT INTO player_score VALUES('625445952',6,'28172d0d3','46d4cf86b',44590,1766,1654002704,1654002704);
INSERT INTO player_score VALUES('63862e8e6',6,'28172d0d3','56377c4de',22048,1863,1654034781,1654034781);
INSERT INTO player_score VALUES('6293b5d20',6,'28172d0d3','5a8fe894e',226380,1646,1654009356,1654009356);
INSERT INTO player_score VALUES('5814a8117',6,'28172d0d3','acab7ddb',562107,1708,1653727598,1653727598);
INSERT INTO player_score VALUES('5fa44f66e',6,'283630853','16799ccfb',3100,1786,1653930566,1653930566);
INSERT INTO player_score VALUES('342dd2120',6,'283630853','1a8829f50',4050,986,1652763869,1652763869);
INSERT INTO player_score VALUES('61a10c3ae',6,'283630853','336a3660c',9792,1720,1653983911,1653983911);
INSERT INTO player_score VALUES('4d9a2bc3c',6,'283630853','446944042',305916,1350,1653446319,1653446319);
INSERT INTO player_score VALUES('621a539a0',6,'283630853','46d4cf86b',55660,1750,1653996628,1653996628);
INSERT INTO player_score VALUES('63a547fea',6,'283630853','56377c4de',118508,1874,1654038042,1654038042);
INSERT INTO player_score VALUES('63c535d58',6,'283630853','5a8fe894e',156262,1888,1654041390,1654041390);
INSERT INTO player_score VALUES('5c81250e9',6,'283630853','acab7ddb',42336,1807,1653846348,1653846348);
INSERT INTO player_score VALUES('5cdd9a809',6,'29881fbb3','16799ccfb',12672,1709,1653856043,1653856043);
INSERT INTO player_score VALUES('34b4ed75a',6,'29881fbb3','1a8829f50',776160,1014,1652778036,1652778036);
INSERT INTO player_score VALUES('5d804cdfc',6,'29881fbb3','31ae001f8',343380,1735,1653873103,1653873103);
INSERT INTO player_score VALUES('4dc653790',6,'29881fbb3','446944042',137788,1382,1653450949,1653450949);
INSERT INTO player_score VALUES('62aad8aae',6,'29881fbb3','46d4cf86b',0,1789,1654011782,1654011782);
INSERT INTO player_score VALUES('63c4b94f1',6,'29881fbb3','56377c4de',418656,1882,1654041339,1654041339);
INSERT INTO player_score VALUES('639ad4334',6,'29881fbb3','5a8fe894e',3201,1858,1654036946,1654036946);
INSERT INTO player_score VALUES('582427581',6,'29881fbb3','acab7ddb',363874,1711,1653729223,1653729223);
INSERT INTO player_score VALUES('625b45919',6,'2ae308563','16799ccfb',200984,1844,1654003438,1654003438);
INSERT INTO player_score VALUES('31cd987d8',6,'2ae308563','1a8829f50',22032,888,1652700092,1652700092);
INSERT INTO player_score VALUES('61541132e',6,'2ae308563','31ae001f8',65170,1888,1653975839,1653975839);
INSERT INTO player_score VALUES('5be951dcc',6,'2ae308563','336a3660c',350784,1526,1653830428,1653830428);
INSERT INTO player_score VALUES('4dccdbd22',6,'2ae308563','446944042',589475,1385,1653451634,1653451634);
INSERT INTO player_score VALUES('60f8e7c9c',6,'2ae308563','46d4cf86b',8580,1688,1653966280,1653966280);
INSERT INTO player_score VALUES('6387d00b8',6,'2ae308563','56377c4de',16165,1864,1654034952,1654034952);
INSERT INTO player_score VALUES('6358a9bd9',6,'2ae308563','5a8fe894e',22272,1802,1654030008,1654030008);
INSERT INTO player_score VALUES('5d71eb3c2',6,'2b1caea1b','16799ccfb',227700,1730,1653871595,1653871595);
INSERT INTO player_score VALUES('3484abf53',6,'2b1caea1b','1a8829f50',479787,1005,1652772976,1652772976);
INSERT INTO player_score VALUES('5fe92a5e0',6,'2b1caea1b','336a3660c',194040,1645,1653937786,1653937786);
INSERT INTO player_score VALUES('4de118817',6,'2b1caea1b','446944042',2400,1398,1653453756,1653453756);
INSERT INTO player_score VALUES('625632ba9',6,'2b1caea1b','46d4cf86b',10368,1767,1654002906,1654002906);
INSERT INTO player_score VALUES('63066148f',6,'2b1caea1b','5a8fe894e',2052,1750,1654021380,1654021380);
INSERT INTO player_score VALUES('5fe4e49ba',6,'2b4ad499c','16799ccfb',432523,1793,1653937338,1653937338);
INSERT INTO player_score VALUES('59b18f31e',6,'2b4ad499c','31ae001f8',213200,1578,1653770894,1653770894);
INSERT INTO player_score VALUES('5c6a10dc4',6,'2b4ad499c','336a3660c',180090,1545,1653843928,1653843928);
INSERT INTO player_score VALUES('4cf1c7d6f',6,'2b4ad499c','446944042',2860,1257,1653428662,1653428662);
INSERT INTO player_score VALUES('639c70cf5',6,'2b4ad499c','46d4cf86b',264132,1857,1654037115,1654037115);
INSERT INTO player_score VALUES('63c095bf8',6,'2b4ad499c','5a8fe894e',74529,1881,1654040905,1654040905);
INSERT INTO player_score VALUES('5e87ea3cb',6,'2b4ad499c','acab7ddb',10340,1860,1653900745,1653900745);
INSERT INTO player_score VALUES('31dddffae',6,'2c65f02ec','1a8829f50',65016,891,1652701799,1652701799);
INSERT INTO player_score VALUES('634ea1617',6,'2c65f02ec','31ae001f8',14014,1961,1654028956,1654028956);
INSERT INTO player_score VALUES('61c110082',6,'2c65f02ec','336a3660c',213750,1725,1653987268,1653987268);
INSERT INTO player_score VALUES('4dea5d886',6,'2c65f02ec','446944042',14250,1406,1653454728,1653454728);
INSERT INTO player_score VALUES('638de3356',6,'2c65f02ec','46d4cf86b',162180,1852,1654035589,1654035589);
INSERT INTO player_score VALUES('637395d08',6,'2c65f02ec','56377c4de',30195,1851,1654032831,1654032831);
INSERT INTO player_score VALUES('617245201',6,'2c65f02ec','5a8fe894e',60858,1409,1653979006,1653979006);
INSERT INTO player_score VALUES('639c9f32a',6,'2c65f02ec','acab7ddb',33930,1957,1654037134,1654037134);
INSERT INTO player_score VALUES('5271eb412',6,'2d9ddb40a','16799ccfb',14280,1474,1653576316,1653576316);
INSERT INTO player_score VALUES('34ae67890',6,'2d9ddb40a','1a8829f50',121765,1013,1652777352,1652777352);
INSERT INTO player_score VALUES('624226e7d',6,'2d9ddb40a','31ae001f8',19880,1922,1654000804,1654000804);
INSERT INTO player_score VALUES('634a4cfa3',6,'2d9ddb40a','336a3660c',181300,1788,1654028502,1654028502);
INSERT INTO player_score VALUES('4de2cb139',6,'2d9ddb40a','446944042',106488,1401,1653453934,1653453934);
INSERT INTO player_score VALUES('63773a6d5',6,'2d9ddb40a','46d4cf86b',55250,1848,1654033213,1654033213);
INSERT INTO player_score VALUES('6172367b6',6,'2d9ddb40a','56377c4de',5695,1542,1653979000,1653979000);
INSERT INTO player_score VALUES('63c4bbc24',6,'2d9ddb40a','5a8fe894e',125400,1887,1654041340,1654041340);
INSERT INTO player_score VALUES('5e392b89d',6,'2d9ddb40a','acab7ddb',4160,1852,1653892488,1653892488);
INSERT INTO player_score VALUES('63ab3b6c4',6,'2dbedf673','16799ccfb',112784,1880,1654038666,1654038666);
INSERT INTO player_score VALUES('60fe80e93',6,'2dbedf673','31ae001f8',288768,1876,1653966867,1653966867);
INSERT INTO player_score VALUES('63b1fe617',6,'2dbedf673','336a3660c',68265,1806,1654039375,1654039375);
INSERT INTO player_score VALUES('4ddedd358',6,'2dbedf673','446944042',19040,1396,1653453522,1653453522);
INSERT INTO player_score VALUES('638bbb77f',6,'2dbedf673','46d4cf86b',14688,1850,1654035363,1654035363);
INSERT INTO player_score VALUES('61d879afe',6,'2dbedf673','56377c4de',2520,1603,1653989723,1653989723);
INSERT INTO player_score VALUES('5f1f60a41',6,'2dbedf673','acab7ddb',248640,1876,1653916627,1653916627);
INSERT INTO player_score VALUES('6358da903',6,'2e13bd7dc','16799ccfb',268128,1872,1654030028,1654030028);
INSERT INTO player_score VALUES('3491450e2',6,'2e13bd7dc','1a8829f50',531216,1007,1652774297,1652774297);
INSERT INTO player_score VALUES('60b9ef334',6,'2e13bd7dc','31ae001f8',47736,1864,1653959677,1653959677);
INSERT INTO player_score VALUES('6356bf02d',6,'2e13bd7dc','336a3660c',652935,1791,1654029807,1654029807);
INSERT INTO player_score VALUES('4de47b343',6,'2e13bd7dc','446944042',145200,1402,1653454111,1653454111);
INSERT INTO player_score VALUES('638c7ec4d',6,'2e13bd7dc','46d4cf86b',100640,1851,1654035443,1654035443);
INSERT INTO player_score VALUES('62da398ed',6,'2e13bd7dc','56377c4de',50370,1751,1654016750,1654016750);
INSERT INTO player_score VALUES('63c474f20',6,'2e13bd7dc','5a8fe894e',349140,1886,1654041311,1654041311);
INSERT INTO player_score VALUES('63474e5cc',6,'2e13bd7dc','acab7ddb',0,1949,1654028188,1654028188);
INSERT INTO player_score VALUES('61bc72638',6,'2ff199074','16799ccfb',43848,1828,1653986784,1653986784);
INSERT INTO player_score VALUES('33313afc6',6,'2ff199074','1a8829f50',290752,947,1652737383,1652737383);
INSERT INTO player_score VALUES('6206c4444',6,'2ff199074','31ae001f8',19665,1915,1653994577,1653994577);
INSERT INTO player_score VALUES('610d617b7',6,'2ff199074','336a3660c',44400,1694,1653968427,1653968427);
INSERT INTO player_score VALUES('4cf95300e',6,'2ff199074','446944042',368016,1263,1653429453,1653429453);
INSERT INTO player_score VALUES('622742248',6,'2ff199074','46d4cf86b',118250,1753,1653997984,1653997984);
INSERT INTO player_score VALUES('637a1e2c2',6,'2ff199074','56377c4de',60996,1855,1654033516,1654033516);
INSERT INTO player_score VALUES('62f71c995',6,'2ff199074','5a8fe894e',4704,1735,1654019779,1654019779);
INSERT INTO player_score VALUES('624cdc9b9',6,'2ff199074','acab7ddb',48144,1938,1654001927,1654001927);
INSERT INTO player_score VALUES('61eecf736',6,'30159e377','16799ccfb',192375,1837,1653992065,1653992065);
INSERT INTO player_score VALUES('34eed5b03',6,'30159e377','1a8829f50',639450,1024,1652784108,1652784108);
INSERT INTO player_score VALUES('632c00a02',6,'30159e377','31ae001f8',129000,1957,1654025325,1654025325);
INSERT INTO player_score VALUES('6128b8fe3',6,'30159e377','336a3660c',104725,1699,1653971294,1653971294);
INSERT INTO player_score VALUES('6131902f7',6,'30159e377','46d4cf86b',215460,1699,1653972221,1653972221);
INSERT INTO player_score VALUES('62731352b',6,'30159e377','56377c4de',42300,1693,1654005934,1654005934);
INSERT INTO player_score VALUES('638699faa',6,'30159e377','5a8fe894e',102900,1841,1654034825,1654034825);
INSERT INTO player_score VALUES('564abd819',6,'30159e377','acab7ddb',304278,1666,1653679582,1653679582);
INSERT INTO player_score VALUES('5bc7d8862',6,'31be2a4d9','16799ccfb',248419,1685,1653826918,1653826918);
INSERT INTO player_score VALUES('335cc8e1e',6,'31be2a4d9','1a8829f50',120450,953,1652741950,1652741950);
INSERT INTO player_score VALUES('5f3fc61d6',6,'31be2a4d9','31ae001f8',185136,1805,1653920024,1653920024);
INSERT INTO player_score VALUES('5fb4c5475',6,'31be2a4d9','336a3660c',110682,1642,1653932292,1653932292);
INSERT INTO player_score VALUES('4dcdb03b9',6,'31be2a4d9','446944042',437000,1386,1653451721,1653451721);
INSERT INTO player_score VALUES('634b8a58c',6,'31be2a4d9','46d4cf86b',572000,1837,1654028632,1654028632);
INSERT INTO player_score VALUES('631225fa9',6,'31be2a4d9','56377c4de',228501,1784,1654022614,1654022614);
INSERT INTO player_score VALUES('63629c204',6,'31be2a4d9','5a8fe894e',401157,1811,1654031051,1654031051);
INSERT INTO player_score VALUES('5ead95cae',6,'31be2a4d9','acab7ddb',18270,1864,1653904695,1653904695);
INSERT INTO player_score VALUES('5ee311348',6,'3291565ee','16799ccfb',0,1767,1653910303,1653910303);
INSERT INTO player_score VALUES('33500d9a6',6,'3291565ee','1a8829f50',11200,951,1652740615,1652740615);
INSERT INTO player_score VALUES('63c317d57',6,'3291565ee','31ae001f8',375060,1983,1654041168,1654041168);
INSERT INTO player_score VALUES('4df09555f',6,'3291565ee','446944042',16000,1408,1653455380,1653455380);
INSERT INTO player_score VALUES('635aeecac',6,'3291565ee','46d4cf86b',0,1841,1654030246,1654030246);
INSERT INTO player_score VALUES('6372dc489',6,'3291565ee','56377c4de',85560,1849,1654032755,1654032755);
INSERT INTO player_score VALUES('635cb271c',6,'3291565ee','5a8fe894e',14616,1806,1654030431,1654030431);
INSERT INTO player_score VALUES('61118c661',6,'3291565ee','acab7ddb',11400,1913,1653968864,1653968864);
INSERT INTO player_score VALUES('6180cb636',6,'33548df04','16799ccfb',221100,1826,1653980529,1653980529);
INSERT INTO player_score VALUES('32a8374b6',6,'33548df04','1a8829f50',125579,922,1652723016,1652723016);
INSERT INTO player_score VALUES('618b10cb2',6,'33548df04','31ae001f8',54166,1897,1653981606,1653981606);
INSERT INTO player_score VALUES('6383a526a',6,'33548df04','336a3660c',0,1796,1654034515,1654034515);
INSERT INTO player_score VALUES('4da523627',6,'33548df04','446944042',12972,1359,1653447469,1653447469);
INSERT INTO player_score VALUES('62f8bba0a',6,'33548df04','46d4cf86b',13932,1811,1654019949,1654019949);
INSERT INTO player_score VALUES('631bfff44',6,'33548df04','56377c4de',118404,1794,1654023647,1654023647);
INSERT INTO player_score VALUES('638256ac7',6,'33548df04','5a8fe894e',127400,1835,1654034378,1654034378);
INSERT INTO player_score VALUES('60450fc3b',6,'33548df04','acab7ddb',3240,1898,1653947422,1653947422);
INSERT INTO player_score VALUES('5e35f9ad1',6,'336ebe0e7','16799ccfb',146076,1753,1653892153,1653892153);
INSERT INTO player_score VALUES('3443d9b31',6,'336ebe0e7','1a8829f50',65472,991,1652766179,1652766179);
INSERT INTO player_score VALUES('634cf61e7',6,'336ebe0e7','31ae001f8',72192,1959,1654028781,1654028781);
INSERT INTO player_score VALUES('5e4c3beaf',6,'336ebe0e7','336a3660c',90584,1601,1653894487,1653894487);
INSERT INTO player_score VALUES('4d78fbaac',6,'336ebe0e7','446944042',13572,1330,1653442839,1653442839);
INSERT INTO player_score VALUES('62f743a4d',6,'336ebe0e7','46d4cf86b',61864,1810,1654019795,1654019795);
INSERT INTO player_score VALUES('632489029',6,'336ebe0e7','56377c4de',48675,1801,1654024542,1654024542);
INSERT INTO player_score VALUES('62d0a3f3f',6,'336ebe0e7','5a8fe894e',48706,1699,1654015745,1654015745);
INSERT INTO player_score VALUES('632fdd637',6,'336ebe0e7','acab7ddb',64124,1946,1654025730,1654025730);
INSERT INTO player_score VALUES('33f0d5454',6,'33b011ab4','1a8829f50',299464,981,1652757474,1652757474);
INSERT INTO player_score VALUES('5cc092d81',6,'33b011ab4','31ae001f8',1102,1704,1653852999,1653852999);
INSERT INTO player_score VALUES('4dec2fdb7',6,'33b011ab4','446944042',136448,1407,1653454919,1653454919);
INSERT INTO player_score VALUES('635bcf62b',6,'33b011ab4','46d4cf86b',1560,1842,1654030338,1654030338);
INSERT INTO player_score VALUES('63705c9f0',6,'33b011ab4','56377c4de',4536,1845,1654032493,1654032493);
INSERT INTO player_score VALUES('622683b7e',6,'33b011ab4','5a8fe894e',56832,1553,1653997906,1653997906);
INSERT INTO player_score VALUES('5efe32fe9',6,'33b011ab4','acab7ddb',92160,1871,1653913148,1653913148);
INSERT INTO player_score VALUES('629069153',6,'345f7ce59','16799ccfb',37076,1852,1654009010,1654009010);
INSERT INTO player_score VALUES('3307ed3cd',6,'345f7ce59','1a8829f50',89100,938,1652733052,1652733052);
INSERT INTO player_score VALUES('639fe70cf',6,'345f7ce59','31ae001f8',1911,1977,1654037478,1654037478);
INSERT INTO player_score VALUES('62ab022b3',6,'345f7ce59','336a3660c',841,1769,1654011799,1654011799);
INSERT INTO player_score VALUES('4df15637e',6,'345f7ce59','446944042',212722,1411,1653455459,1653455459);
INSERT INTO player_score VALUES('6375e7125',6,'345f7ce59','56377c4de',232128,1853,1654033074,1654033074);
INSERT INTO player_score VALUES('635945f8d',6,'345f7ce59','5a8fe894e',5300,1804,1654030072,1654030072);
INSERT INTO player_score VALUES('5fdeeebd6',6,'345f7ce59','acab7ddb',231040,1889,1653936713,1653936713);
INSERT INTO player_score VALUES('5f8b9269a',6,'353628f46','16799ccfb',207168,1783,1653927972,1653927972);
INSERT INTO player_score VALUES('5e34f4705',6,'353628f46','31ae001f8',40800,1761,1653892046,1653892046);
INSERT INTO player_score VALUES('63b494030',6,'353628f46','336a3660c',640,1807,1654039646,1654039646);
INSERT INTO player_score VALUES('4dbc3ee6e',6,'353628f46','446944042',36288,1376,1653449892,1653449892);
INSERT INTO player_score VALUES('6337c0721',6,'353628f46','46d4cf86b',38584,1831,1654026557,1654026557);
INSERT INTO player_score VALUES('636708eca',6,'353628f46','56377c4de',45188,1835,1654031515,1654031515);
INSERT INTO player_score VALUES('63385cae3',6,'353628f46','5a8fe894e',93366,1784,1654026621,1654026621);
INSERT INTO player_score VALUES('4fb6ace84',6,'353628f46','acab7ddb',0,1520,1653502995,1653502995);
INSERT INTO player_score VALUES('6286743e2',6,'357380137','31ae001f8',517440,1927,1654007966,1654007966);
INSERT INTO player_score VALUES('626a23b95',6,'357380137','336a3660c',178266,1760,1654004997,1654004997);
INSERT INTO player_score VALUES('4ce34b5ca',6,'357380137','446944042',81900,1242,1653427143,1653427143);
INSERT INTO player_score VALUES('5ec336e8e',6,'357380137','46d4cf86b',242970,1547,1653906963,1653906963);
INSERT INTO player_score VALUES('63234e10f',6,'357380137','56377c4de',35640,1798,1654024413,1654024413);
INSERT INTO player_score VALUES('635441cd1',6,'357380137','5a8fe894e',186543,1797,1654029546,1654029546);
INSERT INTO player_score VALUES('5fc43379e',6,'359b7f56c','16799ccfb',0,1790,1653933910,1653933910);
INSERT INTO player_score VALUES('5bffac875',6,'359b7f56c','336a3660c',139776,1530,1653832772,1653832772);
INSERT INTO player_score VALUES('4ddc4041d',6,'359b7f56c','446944042',57120,1395,1653453248,1653453248);
INSERT INTO player_score VALUES('63bfd4dbf',6,'359b7f56c','46d4cf86b',273141,1865,1654040826,1654040826);
INSERT INTO player_score VALUES('635a6af43',6,'359b7f56c','56377c4de',24336,1828,1654030192,1654030192);
INSERT INTO player_score VALUES('623889f8e',6,'359b7f56c','5a8fe894e',310464,1568,1653999796,1653999796);
INSERT INTO player_score VALUES('58c171752',6,'359b7f56c','acab7ddb',163800,1729,1653745716,1653745716);
INSERT INTO player_score VALUES('5ec030f9f',6,'3725e3b05','16799ccfb',24696,1762,1653906646,1653906646);
INSERT INTO player_score VALUES('635fdd000',6,'3725e3b05','31ae001f8',13125,1967,1654030763,1654030763);
INSERT INTO player_score VALUES('62114442a',6,'3725e3b05','336a3660c',339948,1741,1653995678,1653995678);
INSERT INTO player_score VALUES('4d6e570d8',6,'3725e3b05','446944042',284084,1324,1653441723,1653441723);
INSERT INTO player_score VALUES('62178d23c',6,'3725e3b05','46d4cf86b',10752,1749,1653996337,1653996337);
INSERT INTO player_score VALUES('63acc2113',6,'3725e3b05','56377c4de',8436,1875,1654038826,1654038826);
INSERT INTO player_score VALUES('60d7b542e',6,'3725e3b05','acab7ddb',13200,1912,1653962799,1653962799);
INSERT INTO player_score VALUES('5b7ffa197',6,'38230ad5c','16799ccfb',130152,1676,1653819382,1653819382);
INSERT INTO player_score VALUES('6170e0ad9',6,'38230ad5c','31ae001f8',35055,1891,1653978860,1653978860);
INSERT INTO player_score VALUES('61b476f06',6,'38230ad5c','336a3660c',103950,1721,1653985947,1653985947);
INSERT INTO player_score VALUES('4dd20bf33',6,'38230ad5c','446944042',22878,1390,1653452178,1653452178);
INSERT INTO player_score VALUES('62d3cc0ff',6,'38230ad5c','46d4cf86b',213012,1798,1654016076,1654016076);
INSERT INTO player_score VALUES('62cf5f419',6,'38230ad5c','56377c4de',38315,1744,1654015612,1654015612);
INSERT INTO player_score VALUES('633edb4b4',6,'38230ad5c','5a8fe894e',0,1788,1654027302,1654027302);
INSERT INTO player_score VALUES('61582aff0',6,'38230ad5c','acab7ddb',241468,1918,1653976269,1653976269);
INSERT INTO player_score VALUES('617de2c38',6,'39c94cf84','16799ccfb',2784,1825,1653980224,1653980224);
INSERT INTO player_score VALUES('604a2ec84',6,'39c94cf84','31ae001f8',75992,1836,1653947959,1653947959);
INSERT INTO player_score VALUES('638dfe12b',6,'39c94cf84','336a3660c',97150,1798,1654035600,1654035600);
INSERT INTO player_score VALUES('4c37fed0a',6,'39c94cf84','446944042',60480,1132,1653409181,1653409181);
INSERT INTO player_score VALUES('5fee8dc24',6,'39c94cf84','56377c4de',178752,1341,1653938351,1653938351);
INSERT INTO player_score VALUES('63b788d55',6,'39c94cf84','5a8fe894e',440,1877,1654039956,1654039956);
INSERT INTO player_score VALUES('5c795a703',6,'39c94cf84','acab7ddb',480168,1804,1653845531,1653845531);
INSERT INTO player_score VALUES('61c3d677e',6,'3aa41a273','16799ccfb',95550,1830,1653987559,1653987559);
INSERT INTO player_score VALUES('61957ace1',6,'3aa41a273','31ae001f8',0,1899,1653982698,1653982698);
INSERT INTO player_score VALUES('62985ac87',6,'3aa41a273','336a3660c',51271,1767,1654009843,1654009843);
INSERT INTO player_score VALUES('4dba2f8d1',6,'3aa41a273','446944042',142835,1373,1653449676,1653449676);
INSERT INTO player_score VALUES('60346defe',6,'3aa41a273','46d4cf86b',39600,1643,1653945678,1653945678);
INSERT INTO player_score VALUES('637993067',6,'3aa41a273','56377c4de',32256,1854,1654033459,1654033459);
INSERT INTO player_score VALUES('619364244',6,'3aa41a273','5a8fe894e',81184,1437,1653982479,1653982479);
INSERT INTO player_score VALUES('5cb78381e',6,'3aa41a273','acab7ddb',134385,1815,1653852049,1653852049);
INSERT INTO player_score VALUES('63bdc5879',6,'3b998f11d','31ae001f8',96600,1981,1654040610,1654040610);
INSERT INTO player_score VALUES('5ff65861c',6,'3b998f11d','336a3660c',4816,1647,1653939168,1653939168);
INSERT INTO player_score VALUES('4db90828e',6,'3b998f11d','446944042',118720,1372,1653449555,1653449555);
INSERT INTO player_score VALUES('623208ec6',6,'3b998f11d','46d4cf86b',108570,1758,1653999114,1653999114);
INSERT INTO player_score VALUES('6385af9c4',6,'3b998f11d','56377c4de',30100,1861,1654034729,1654034729);
INSERT INTO player_score VALUES('6312fcd0a',6,'3b998f11d','5a8fe894e',59177,1760,1654022702,1654022702);
INSERT INTO player_score VALUES('60ce13735',6,'3b998f11d','acab7ddb',70356,1910,1653961789,1653961789);
INSERT INTO player_score VALUES('60c5ec08a',6,'3dbd9b5eb','16799ccfb',92160,1810,1653960934,1653960934);
INSERT INTO player_score VALUES('5ffd86c4c',6,'3dbd9b5eb','31ae001f8',118800,1827,1653939921,1653939921);
INSERT INTO player_score VALUES('4da8a83ff',6,'3dbd9b5eb','446944042',92820,1362,1653447838,1653447838);
INSERT INTO player_score VALUES('63912b134',6,'3dbd9b5eb','46d4cf86b',243360,1854,1654035933,1654035933);
INSERT INTO player_score VALUES('638f31b09',6,'3dbd9b5eb','56377c4de',456000,1866,1654035726,1654035726);
INSERT INTO player_score VALUES('633a33e39',6,'3dbd9b5eb','5a8fe894e',55796,1785,1654026814,1654026814);
INSERT INTO player_score VALUES('60bc87413',6,'3dbd9b5eb','acab7ddb',224,1908,1653959949,1653959949);
INSERT INTO player_score VALUES('61de1537f',6,'3dc9dc916','16799ccfb',45050,1835,1653990311,1653990311);
INSERT INTO player_score VALUES('62922cbb5',6,'3dc9dc916','31ae001f8',152830,1930,1654009195,1654009195);
INSERT INTO player_score VALUES('634050d37',6,'3dc9dc916','336a3660c',199800,1787,1654027455,1654027455);
INSERT INTO player_score VALUES('4ddbadca2',6,'3dc9dc916','446944042',71176,1394,1653453188,1653453188);
INSERT INTO player_score VALUES('63250a671',6,'3dc9dc916','46d4cf86b',29792,1825,1654024595,1654024595);
INSERT INTO player_score VALUES('617e6ded5',6,'3dc9dc916','56377c4de',0,1548,1653980281,1653980281);
INSERT INTO player_score VALUES('637a4c90c',6,'3dc9dc916','5a8fe894e',21328,1825,1654033535,1654033535);
INSERT INTO player_score VALUES('5f2791ceb',6,'3ef0760a0','31ae001f8',15600,1797,1653917486,1653917486);
INSERT INTO player_score VALUES('635f6a3cd',6,'3ef0760a0','336a3660c',82450,1794,1654030716,1654030716);
INSERT INTO player_score VALUES('4d68cf0c2',6,'3ef0760a0','446944042',31980,1321,1653441143,1653441143);
INSERT INTO player_score VALUES('5f4bd8ef8',6,'3ef0760a0','46d4cf86b',38,1584,1653921290,1653921290);
INSERT INTO player_score VALUES('62f12b947',6,'3ef0760a0','56377c4de',7052,1765,1654019156,1654019156);
INSERT INTO player_score VALUES('63818997a',6,'3ef0760a0','5a8fe894e',119232,1834,1654034294,1654034294);
INSERT INTO player_score VALUES('62df143fc',6,'3f1541011','16799ccfb',8736,1858,1654017259,1654017259);
INSERT INTO player_score VALUES('6355d982a',6,'3f1541011','31ae001f8',257856,1962,1654029713,1654029713);
INSERT INTO player_score VALUES('5ce297566',6,'3f1541011','336a3660c',96228,1558,1653856566,1653856566);
INSERT INTO player_score VALUES('63956499c',6,'3f1541011','5a8fe894e',46512,1853,1654036376,1654036376);
INSERT INTO player_score VALUES('6319daa16',6,'3f1541011','acab7ddb',19459,1945,1654023422,1654023422);
INSERT INTO player_score VALUES('6331ccff1',6,'40e66142f','16799ccfb',68040,1863,1654025933,1654025933);
INSERT INTO player_score VALUES('61afbbfd2',6,'40e66142f','31ae001f8',348600,1905,1653985451,1653985451);
INSERT INTO player_score VALUES('60ed58cee',6,'40e66142f','336a3660c',34272,1689,1653965068,1653965068);
INSERT INTO player_score VALUES('4d59bd9b5',6,'40e66142f','446944042',101250,1314,1653439563,1653439563);
INSERT INTO player_score VALUES('6001d64a3',6,'40e66142f','46d4cf86b',40992,1629,1653940373,1653940373);
INSERT INTO player_score VALUES('636944356',6,'40e66142f','56377c4de',162140,1837,1654031749,1654031749);
INSERT INTO player_score VALUES('638e7a95d',6,'40e66142f','5a8fe894e',38880,1847,1654035651,1654035651);
INSERT INTO player_score VALUES('63012011d',6,'40e66142f','acab7ddb',5616,1942,1654020829,1654020829);
INSERT INTO player_score VALUES('631bca3dd',6,'47f8d0f10','16799ccfb',69120,1862,1654023625,1654023625);
INSERT INTO player_score VALUES('6005c424f',6,'47f8d0f10','31ae001f8',334080,1829,1653940785,1653940785);
INSERT INTO player_score VALUES('63a93f9c0',6,'47f8d0f10','336a3660c',16940,1804,1654038458,1654038458);
INSERT INTO player_score VALUES('4cb330e36',6,'47f8d0f10','446944042',78884,1213,1653422099,1653422099);
INSERT INTO player_score VALUES('61411bb0b',6,'47f8d0f10','46d4cf86b',3752,1703,1653973851,1653973851);
INSERT INTO player_score VALUES('62d4d89af',6,'47f8d0f10','56377c4de',0,1746,1654016186,1654016186);
INSERT INTO player_score VALUES('63c1b846d',6,'47f8d0f10','5a8fe894e',85690,1882,1654041024,1654041024);
INSERT INTO player_score VALUES('6061b0dae',6,'47f8d0f10','acab7ddb',39798,1900,1653950424,1653950424);
INSERT INTO player_score VALUES('5f2325020',6,'4bf9ff3b0','16799ccfb',21888,1776,1653917022,1653917022);
INSERT INTO player_score VALUES('61a6bdc18',6,'4bf9ff3b0','31ae001f8',104040,1901,1653984508,1653984508);
INSERT INTO player_score VALUES('62f6fcd97',6,'4bf9ff3b0','336a3660c',94248,1778,1654019766,1654019766);
INSERT INTO player_score VALUES('4dbc88255',6,'4bf9ff3b0','446944042',12994,1377,1653449922,1653449922);
INSERT INTO player_score VALUES('62641088e',6,'4bf9ff3b0','46d4cf86b',28704,1769,1654004360,1654004360);
INSERT INTO player_score VALUES('6154de45d',6,'4bf9ff3b0','56377c4de',0,1529,1653975923,1653975923);
INSERT INTO player_score VALUES('62a37e590',6,'4bf9ff3b0','acab7ddb',5092,1940,1654011011,1654011011);
INSERT INTO player_score VALUES('617af7b36',6,'4d50b809e','16799ccfb',11934,1824,1653979918,1653979918);
INSERT INTO player_score VALUES('6369072d5',6,'4d50b809e','31ae001f8',106020,1969,1654031724,1654031724);
INSERT INTO player_score VALUES('6242eca64',6,'4d50b809e','336a3660c',430920,1751,1654000885,1654000885);
INSERT INTO player_score VALUES('4d4683bc8',6,'4d50b809e','446944042',146000,1306,1653437547,1653437547);
INSERT INTO player_score VALUES('635542275',6,'4d50b809e','46d4cf86b',581440,1839,1654029651,1654029651);
INSERT INTO player_score VALUES('636ed1201',6,'4d50b809e','56377c4de',55352,1843,1654032331,1654032331);
INSERT INTO player_score VALUES('635014765',6,'4d50b809e','5a8fe894e',8280,1795,1654029108,1654029108);
INSERT INTO player_score VALUES('600e2d754',6,'4d50b809e','acab7ddb',80520,1893,1653941667,1653941667);
INSERT INTO player_score VALUES('62c2c3b76',6,'4db24050e','16799ccfb',0,1857,1654014290,1654014290);
INSERT INTO player_score VALUES('5f15a8dd5',6,'4db24050e','31ae001f8',225216,1796,1653915608,1653915608);
INSERT INTO player_score VALUES('618c99d78',6,'4db24050e','336a3660c',28917,1716,1653981767,1653981767);
INSERT INTO player_score VALUES('4de508cac',6,'4db24050e','446944042',91140,1404,1653454169,1653454169);
INSERT INTO player_score VALUES('63a2c5e89',6,'4db24050e','46d4cf86b',5313,1858,1654037779,1654037779);
INSERT INTO player_score VALUES('6336c0157',6,'4db24050e','56377c4de',10920,1812,1654026452,1654026452);
INSERT INTO player_score VALUES('61d59862f',6,'4db24050e','5a8fe894e',142800,1489,1653989421,1653989421);
INSERT INTO player_score VALUES('5f7186ece',6,'4db24050e','acab7ddb',89628,1882,1653925241,1653925241);
INSERT INTO player_score VALUES('580f3d5bf',6,'4e754c25','16799ccfb',83520,1596,1653727030,1653727030);
INSERT INTO player_score VALUES('5e72e5611',6,'4e754c25','31ae001f8',61776,1769,1653898541,1653898541);
INSERT INTO player_score VALUES('63997e6c9',6,'4e754c25','336a3660c',26112,1800,1654036806,1654036806);
INSERT INTO player_score VALUES('62e851f41',6,'4e754c25','46d4cf86b',12663,1807,1654018228,1654018228);
INSERT INTO player_score VALUES('639335848',6,'4e754c25','5a8fe894e',64152,1850,1654036147,1654036147);
INSERT INTO player_score VALUES('191a2e8d5',6,'4e754c25','89d52fe9',70956,515,1652037034,1652037034);
INSERT INTO player_score VALUES('607ad6d7f',6,'4e754c25','acab7ddb',155925,1902,1653953061,1653953061);
INSERT INTO player_score VALUES('10a2fc4eb',6,'4e754c25','ef35f224',23925,220,1651809787,1651809787);
INSERT INTO player_score VALUES('5fd5088cf',6,'4ef7bff00','16799ccfb',165120,1791,1653935675,1653935675);
INSERT INTO player_score VALUES('61addd78d',6,'4ef7bff00','31ae001f8',175500,1904,1653985255,1653985255);
INSERT INTO player_score VALUES('5e953ce09',6,'4ef7bff00','336a3660c',72171,1608,1653902142,1653902142);
INSERT INTO player_score VALUES('5f33df398',6,'4ef7bff00','46d4cf86b',27048,1577,1653918776,1653918776);
INSERT INTO player_score VALUES('636614c99',6,'4ef7bff00','56377c4de',7832,1834,1654031415,1654031415);
INSERT INTO player_score VALUES('63835977b',6,'4ef7bff00','5a8fe894e',482400,1837,1654034484,1654034484);
INSERT INTO player_score VALUES('602eb789b',6,'4ef7bff00','acab7ddb',242520,1896,1653945079,1653945079);
INSERT INTO player_score VALUES('62b88a864',6,'4f3b3dc42','16799ccfb',144300,1854,1654013218,1654013218);
INSERT INTO player_score VALUES('6295af312',6,'4f3b3dc42','31ae001f8',36450,1931,1654009563,1654009563);
INSERT INTO player_score VALUES('614d86652',6,'4f3b3dc42','336a3660c',0,1706,1653975153,1653975153);
INSERT INTO player_score VALUES('60ce555da',6,'4f3b3dc42','46d4cf86b',307125,1676,1653961816,1653961816);
INSERT INTO player_score VALUES('634dd6bcb',6,'4f3b3dc42','56377c4de',3848,1823,1654028873,1654028873);
INSERT INTO player_score VALUES('630173155',6,'4f3b3dc42','5a8fe894e',159326,1743,1654020863,1654020863);
INSERT INTO player_score VALUES('5d2d28b27',6,'4f3b3dc42','acab7ddb',1680,1823,1653864385,1653864385);
INSERT INTO player_score VALUES('634fc3e37',6,'4f93e5162','16799ccfb',33948,1868,1654029075,1654029075);
INSERT INTO player_score VALUES('606eb7d3e',6,'4f93e5162','31ae001f8',244595,1843,1653951790,1653951790);
INSERT INTO player_score VALUES('63a46c465',6,'4f93e5162','46d4cf86b',24304,1859,1654037952,1654037952);
INSERT INTO player_score VALUES('6279eeada',6,'4f93e5162','56377c4de',0,1698,1654006653,1654006653);
INSERT INTO player_score VALUES('627917d77',6,'4f93e5162','5a8fe894e',706266,1629,1654006565,1654006565);
INSERT INTO player_score VALUES('623c2e930',6,'4f93e5162','acab7ddb',785664,1937,1654000178,1654000178);
INSERT INTO player_score VALUES('6395b2b88',6,'5073b6725','16799ccfb',374850,1878,1654036408,1654036408);
INSERT INTO player_score VALUES('63ac0fd81',6,'5073b6725','31ae001f8',2430,1979,1654038753,1654038753);
INSERT INTO player_score VALUES('627f680d0',6,'5073b6725','336a3660c',30360,1763,1654007227,1654007227);
INSERT INTO player_score VALUES('613be91be',6,'5073b6725','46d4cf86b',672,1702,1653973306,1653973306);
INSERT INTO player_score VALUES('633d1c849',6,'5073b6725','56377c4de',63000,1815,1654027119,1654027119);
INSERT INTO player_score VALUES('62f015426',6,'5073b6725','5a8fe894e',275184,1728,1654019042,1654019042);
INSERT INTO player_score VALUES('63acf06ec',6,'5073b6725','acab7ddb',66456,1959,1654038845,1654038845);
INSERT INTO player_score VALUES('5ced80531',6,'50f7630b','16799ccfb',415872,1710,1653857710,1653857710);
INSERT INTO player_score VALUES('344d1c521',6,'50f7630b','1a8829f50',12300,993,1652767150,1652767150);
INSERT INTO player_score VALUES('5c90367bc',6,'50f7630b','336a3660c',92259,1548,1653847928,1653847928);
INSERT INTO player_score VALUES('4d191755e',6,'50f7630b','446944042',54684,1278,1653432784,1653432784);
INSERT INTO player_score VALUES('638572924',6,'50f7630b','56377c4de',20412,1860,1654034704,1654034704);
INSERT INTO player_score VALUES('6397124f2',6,'50f7630b','5a8fe894e',470106,1856,1654036552,1654036552);
INSERT INTO player_score VALUES('18b517a34',6,'50f7630b','89d52fe9',350170,503,1652026434,1652026434);
INSERT INTO player_score VALUES('63a0cef87',6,'50f7630b','acab7ddb',41664,1958,1654037573,1654037573);
INSERT INTO player_score VALUES('14a07c352',6,'50f7630b','badaa02e',94815,155,1651916899,1651916899);
INSERT INTO player_score VALUES('10ce2aff6',6,'50f7630b','ef35f224',25168,241,1651814315,1651814315);
INSERT INTO player_score VALUES('61ee9c2dc',6,'50fe2ac90','16799ccfb',84796,1836,1653992044,1653992044);
INSERT INTO player_score VALUES('62d0de8c1',6,'50fe2ac90','31ae001f8',322812,1940,1654015769,1654015769);
INSERT INTO player_score VALUES('614792f57',6,'50fe2ac90','46d4cf86b',121212,1706,1653974529,1653974529);
INSERT INTO player_score VALUES('62e8d35a4',6,'50fe2ac90','56377c4de',14060,1760,1654018281,1654018281);
INSERT INTO player_score VALUES('62fad99cb',6,'50fe2ac90','5a8fe894e',90720,1740,1654020171,1654020171);
INSERT INTO player_score VALUES('63756d02d',6,'50fe2ac90','acab7ddb',331695,1955,1654033024,1654033024);
INSERT INTO player_score VALUES('60ea86266',6,'51448ecc3','16799ccfb',112464,1812,1653964772,1653964772);
INSERT INTO player_score VALUES('613b1e782',6,'51448ecc3','336a3660c',87318,1704,1653973223,1653973223);
INSERT INTO player_score VALUES('62c2ab4b5',6,'51448ecc3','46d4cf86b',223626,1794,1654014280,1654014280);
INSERT INTO player_score VALUES('62a6a4017',6,'51448ecc3','56377c4de',110656,1721,1654011341,1654011341);
INSERT INTO player_score VALUES('63aaa19e6',6,'51448ecc3','5a8fe894e',102258,1865,1654038603,1654038603);
INSERT INTO player_score VALUES('5d8ca8f2a',6,'51448ecc3','acab7ddb',249318,1832,1653874399,1653874399);
INSERT INTO player_score VALUES('610cd8c7a',6,'51fbdd14c','16799ccfb',276760,1815,1653968371,1653968371);
INSERT INTO player_score VALUES('62c4baa24',6,'51fbdd14c','31ae001f8',183264,1939,1654014496,1654014496);
INSERT INTO player_score VALUES('6190742fe',6,'51fbdd14c','336a3660c',226176,1717,1653982171,1653982171);
INSERT INTO player_score VALUES('62cd1ca07',6,'51fbdd14c','46d4cf86b',31648,1796,1654015375,1654015375);
INSERT INTO player_score VALUES('6354359a4',6,'51fbdd14c','56377c4de',159705,1826,1654029541,1654029541);
INSERT INTO player_score VALUES('639627ebc',6,'51fbdd14c','5a8fe894e',37908,1855,1654036456,1654036456);
INSERT INTO player_score VALUES('537ce8dba',6,'51fbdd14c','acab7ddb',829374,1605,1653604312,1653604312);
INSERT INTO player_score VALUES('5dd2a1887',6,'530d2fc9c','16799ccfb',121968,1740,1653881736,1653881736);
INSERT INTO player_score VALUES('63c178ca8',6,'530d2fc9c','31ae001f8',285180,1982,1654040998,1654040998);
INSERT INTO player_score VALUES('61352148c',6,'530d2fc9c','336a3660c',149566,1703,1653972595,1653972595);
INSERT INTO player_score VALUES('62f10486c',6,'530d2fc9c','46d4cf86b',481110,1808,1654019140,1654019140);
INSERT INTO player_score VALUES('60e5e3a25',6,'530d2fc9c','56377c4de',191808,1476,1653964286,1653964286);
INSERT INTO player_score VALUES('635644efc',6,'530d2fc9c','5a8fe894e',55566,1799,1654029757,1654029757);
INSERT INTO player_score VALUES('608079b78',6,'542464d55','16799ccfb',10332,1804,1653953652,1653953652);
INSERT INTO player_score VALUES('62d713e5a',6,'542464d55','31ae001f8',203840,1941,1654016420,1654016420);
INSERT INTO player_score VALUES('5e2a48854',6,'542464d55','336a3660c',73125,1597,1653890927,1653890927);
INSERT INTO player_score VALUES('61d0a7b92',6,'542464d55','56377c4de',1914,1595,1653988903,1653988903);
INSERT INTO player_score VALUES('63b0902d9',6,'542464d55','5a8fe894e',15006,1869,1654039225,1654039225);
INSERT INTO player_score VALUES('608281b95',6,'542464d55','acab7ddb',92053,1904,1653953865,1653953865);
INSERT INTO player_score VALUES('62b2356d8',6,'54781b7d4','16799ccfb',218064,1853,1654012554,1654012554);
INSERT INTO player_score VALUES('60ec0cc86',6,'54781b7d4','31ae001f8',175968,1873,1653964932,1653964932);
INSERT INTO player_score VALUES('5fabac2ab',6,'54781b7d4','336a3660c',380464,1641,1653931338,1653931338);
INSERT INTO player_score VALUES('627ff5a70',6,'54781b7d4','46d4cf86b',120120,1777,1654007285,1654007285);
INSERT INTO player_score VALUES('637b088eb',6,'54781b7d4','56377c4de',71040,1857,1654033612,1654033612);
INSERT INTO player_score VALUES('63c287c6f',6,'54781b7d4','5a8fe894e',23760,1883,1654041109,1654041109);
INSERT INTO player_score VALUES('630e52f53',6,'54781b7d4','acab7ddb',171396,1943,1654022213,1654022213);
INSERT INTO player_score VALUES('62fc0aca0',6,'548019671','16799ccfb',2331,1859,1654020296,1654020296);
INSERT INTO player_score VALUES('613004ae1',6,'548019671','31ae001f8',328692,1883,1653972059,1653972059);
INSERT INTO player_score VALUES('627df9d72',6,'548019671','336a3660c',125136,1762,1654007077,1654007077);
INSERT INTO player_score VALUES('6312063f3',6,'548019671','5a8fe894e',77004,1759,1654022601,1654022601);
INSERT INTO player_score VALUES('61e4df840',6,'548019671','acab7ddb',171120,1932,1653991023,1653991023);
INSERT INTO player_score VALUES('6250d43ce',6,'55889276b','16799ccfb',24832,1843,1654002343,1654002343);
INSERT INTO player_score VALUES('632595903',6,'55889276b','31ae001f8',128250,1954,1654024652,1654024652);
INSERT INTO player_score VALUES('629384faa',6,'55889276b','336a3660c',112800,1766,1654009336,1654009336);
INSERT INTO player_score VALUES('5ef12c0bf',6,'55889276b','46d4cf86b',48804,1562,1653911782,1653911782);
INSERT INTO player_score VALUES('634b85792',6,'55889276b','56377c4de',106600,1822,1654028630,1654028630);
INSERT INTO player_score VALUES('50d01376b',6,'55889276b','acab7ddb',24030,1542,1653532502,1653532502);
INSERT INTO player_score VALUES('5daf36271',6,'55ba7f3e6','16799ccfb',45360,1737,1653878022,1653878022);
INSERT INTO player_score VALUES('611fc488a',6,'55ba7f3e6','31ae001f8',10582,1880,1653970355,1653970355);
INSERT INTO player_score VALUES('63960aa1c',6,'55ba7f3e6','336a3660c',59148,1799,1654036444,1654036444);
INSERT INTO player_score VALUES('62a0f75c8',6,'55ba7f3e6','46d4cf86b',139932,1786,1654010746,1654010746);
INSERT INTO player_score VALUES('6241ffd87',6,'55ba7f3e6','5a8fe894e',145888,1579,1654000788,1654000788);
INSERT INTO player_score VALUES('5da264ec0',6,'55ba7f3e6','acab7ddb',7636,1835,1653876678,1653876678);
INSERT INTO player_score VALUES('4660a9a2a',6,'55bf10acd','16799ccfb',172516,1171,1653252384,1653252384);
INSERT INTO player_score VALUES('62fba6b28',6,'55bf10acd','46d4cf86b',143520,1814,1654020255,1654020255);
INSERT INTO player_score VALUES('63b21baf5',6,'55bf10acd','56377c4de',106560,1877,1654039387,1654039387);
INSERT INTO player_score VALUES('637afecd5',6,'55bf10acd','5a8fe894e',70840,1827,1654033608,1654033608);
INSERT INTO player_score VALUES('57143dfb3',6,'55bf10acd','acab7ddb',18400,1693,1653700711,1653700711);
INSERT INTO player_score VALUES('60141242c',6,'561b469e8','16799ccfb',0,1796,1653942285,1653942285);
INSERT INTO player_score VALUES('633f4b963',6,'561b469e8','336a3660c',408456,1786,1654027348,1654027348);
INSERT INTO player_score VALUES('634290ffa',6,'561b469e8','46d4cf86b',3780,1832,1654027691,1654027691);
INSERT INTO player_score VALUES('63655b3b4',6,'561b469e8','56377c4de',14300,1833,1654031339,1654031339);
INSERT INTO player_score VALUES('638446487',6,'561b469e8','5a8fe894e',149520,1839,1654034581,1654034581);
INSERT INTO player_score VALUES('61ac371e5',6,'561b469e8','acab7ddb',40320,1926,1653985082,1653985082);
INSERT INTO player_score VALUES('631ac5019',6,'561b924fe','16799ccfb',201600,1861,1654023518,1654023518);
INSERT INTO player_score VALUES('606ded2f8',6,'561b924fe','31ae001f8',67640,1842,1653951707,1653951707);
INSERT INTO player_score VALUES('6263066d8',6,'561b924fe','336a3660c',29988,1757,1654004251,1654004251);
INSERT INTO player_score VALUES('63c450518',6,'561b924fe','5a8fe894e',66375,1885,1654041296,1654041296);
INSERT INTO player_score VALUES('61ab0d431',6,'561b924fe','acab7ddb',166840,1925,1653984960,1653984960);
INSERT INTO player_score VALUES('63523c3b6',6,'568be2bf9','16799ccfb',12992,1869,1654029334,1654029334);
INSERT INTO player_score VALUES('63275454d',6,'568be2bf9','31ae001f8',5600,1955,1654024835,1654024835);
INSERT INTO player_score VALUES('635f8edd9',6,'568be2bf9','336a3660c',3772,1795,1654030731,1654030731);
INSERT INTO player_score VALUES('6073caa6b',6,'568be2bf9','46d4cf86b',97600,1654,1653952322,1653952322);
INSERT INTO player_score VALUES('631711bc8',6,'568be2bf9','56377c4de',53200,1789,1654023130,1654023130);
INSERT INTO player_score VALUES('63b641b57',6,'568be2bf9','5a8fe894e',19800,1876,1654039822,1654039822);
INSERT INTO player_score VALUES('4fd3bbded',6,'568be2bf9','acab7ddb',12096,1524,1653506042,1653506042);
INSERT INTO player_score VALUES('616a5fa45',6,'5856f248b','16799ccfb',264,1821,1653978178,1653978178);
INSERT INTO player_score VALUES('61a989122',6,'5856f248b','31ae001f8',26047,1902,1653984801,1653984801);
INSERT INTO player_score VALUES('600c67599',6,'5856f248b','336a3660c',507300,1650,1653941481,1653941481);
INSERT INTO player_score VALUES('6293828b9',6,'5856f248b','46d4cf86b',3913,1782,1654009335,1654009335);
INSERT INTO player_score VALUES('5ff638a36',6,'5856f248b','56377c4de',519156,1346,1653939155,1653939155);
INSERT INTO player_score VALUES('633ad7728',6,'5856f248b','5a8fe894e',154128,1786,1654026881,1654026881);
INSERT INTO player_score VALUES('602c1827e',6,'5856f248b','acab7ddb',162400,1895,1653944804,1653944804);
INSERT INTO player_score VALUES('638caf9c5',6,'58d8b40f7','16799ccfb',9280,1877,1654035463,1654035463);
INSERT INTO player_score VALUES('63a9cac74',6,'58d8b40f7','31ae001f8',176880,1978,1654038515,1654038515);
INSERT INTO player_score VALUES('5d8b929e3',6,'58d8b40f7','336a3660c',93480,1576,1653874285,1653874285);
INSERT INTO player_score VALUES('632fe2444',6,'58d8b40f7','46d4cf86b',262400,1828,1654025732,1654025732);
INSERT INTO player_score VALUES('617585a3d',6,'58d8b40f7','56377c4de',590304,1544,1653979347,1653979347);
INSERT INTO player_score VALUES('637770291',6,'58d8b40f7','5a8fe894e',159264,1822,1654033235,1654033235);
INSERT INTO player_score VALUES('617dd68e8',6,'58d8b40f7','acab7ddb',117180,1921,1653980219,1653980219);
INSERT INTO player_score VALUES('63c4ec933',6,'5989f1952','16799ccfb',38570,1882,1654041360,1654041360);
INSERT INTO player_score VALUES('6137e7b88',6,'5989f1952','31ae001f8',19992,1884,1653972886,1653972886);
INSERT INTO player_score VALUES('5daa56982',6,'5989f1952','336a3660c',57240,1579,1653877511,1653877511);
INSERT INTO player_score VALUES('60244d866',6,'5989f1952','46d4cf86b',228201,1636,1653943987,1653943987);
INSERT INTO player_score VALUES('6327879cf',6,'5989f1952','56377c4de',24570,1803,1654024856,1654024856);
INSERT INTO player_score VALUES('63b18e13c',6,'5989f1952','5a8fe894e',54020,1872,1654039329,1654039329);
INSERT INTO player_score VALUES('633d91af4',6,'59ebbbc66','16799ccfb',8526,1865,1654027167,1654027167);
INSERT INTO player_score VALUES('61d8bb9a0',6,'59ebbbc66','31ae001f8',22649,1910,1653989750,1653989750);
INSERT INTO player_score VALUES('638a633b2',6,'59ebbbc66','46d4cf86b',144337,1849,1654035222,1654035222);
INSERT INTO player_score VALUES('62b0e212c',6,'59ebbbc66','56377c4de',122512,1726,1654012415,1654012415);
INSERT INTO player_score VALUES('636270298',6,'59ebbbc66','5a8fe894e',25986,1810,1654031033,1654031033);
INSERT INTO player_score VALUES('636880e51',6,'59ebbbc66','acab7ddb',103730,1952,1654031669,1654031669);
INSERT INTO player_score VALUES('62771725f',6,'5a141caf9','31ae001f8',35002,1926,1654006355,1654006355);
INSERT INTO player_score VALUES('62da398ec',6,'5a141caf9','46d4cf86b',397188,1801,1654016750,1654016750);
INSERT INTO player_score VALUES('63720f31e',6,'5a141caf9','56377c4de',136344,1847,1654032671,1654032671);
INSERT INTO player_score VALUES('63060963c',6,'5a141caf9','5a8fe894e',102765,1749,1654021344,1654021344);
INSERT INTO player_score VALUES('61c8ebc04',6,'5a24187ac','16799ccfb',2368,1832,1653988092,1653988092);
INSERT INTO player_score VALUES('6329af5c8',6,'5a24187ac','336a3660c',2745,1782,1654025082,1654025082);
INSERT INTO player_score VALUES('60e78edf0',6,'5a24187ac','46d4cf86b',34560,1684,1653964461,1653964461);
INSERT INTO player_score VALUES('6369e2e8d',6,'5a24187ac','5a8fe894e',582736,1815,1654031814,1654031814);
INSERT INTO player_score VALUES('61e86945a',6,'5a24187ac','acab7ddb',44100,1933,1653991394,1653991394);
INSERT INTO player_score VALUES('615b0ebce',6,'5a316d921','16799ccfb',29920,1819,1653976572,1653976572);
INSERT INTO player_score VALUES('63800cbe1',6,'5a316d921','31ae001f8',17493,1970,1654034138,1654034138);
INSERT INTO player_score VALUES('5dff65834',6,'5a316d921','336a3660c',164650,1593,1653886430,1653886430);
INSERT INTO player_score VALUES('63592b22a',6,'5a316d921','46d4cf86b',70587,1840,1654030061,1654030061);
INSERT INTO player_score VALUES('63246e26d',6,'5a316d921','56377c4de',49140,1800,1654024531,1654024531);
INSERT INTO player_score VALUES('63100cdf5',6,'5a316d921','5a8fe894e',235008,1758,1654022394,1654022394);
INSERT INTO player_score VALUES('5e41fb68a',6,'5a316d921','acab7ddb',20900,1854,1653893412,1653893412);
INSERT INTO player_score VALUES('63a0f1249',6,'5bd2f4c70','16799ccfb',9600,1879,1654037587,1654037587);
INSERT INTO player_score VALUES('5f6412161',6,'5bd2f4c70','31ae001f8',283968,1810,1653923830,1653923830);
INSERT INTO player_score VALUES('5eb1db8b3',6,'5bd2f4c70','336a3660c',302304,1611,1653905143,1653905143);
INSERT INTO player_score VALUES('632e0ffb1',6,'5bd2f4c70','46d4cf86b',180180,1826,1654025541,1654025541);
INSERT INTO player_score VALUES('639f80800',6,'5bd2f4c70','56377c4de',104160,1872,1654037436,1654037436);
INSERT INTO player_score VALUES('6277a9a42',6,'5bd2f4c70','5a8fe894e',2600,1625,1654006415,1654006415);
INSERT INTO player_score VALUES('5e2599c66',6,'5bd2f4c70','acab7ddb',69678,1850,1653890436,1653890436);
INSERT INTO player_score VALUES('636054a04',6,'5c27e8d26','16799ccfb',14300,1875,1654030812,1654030812);
INSERT INTO player_score VALUES('624c76113',6,'5c27e8d26','31ae001f8',69930,1923,1654001885,1654001885);
INSERT INTO player_score VALUES('622ac4945',6,'5c27e8d26','336a3660c',79994,1747,1653998352,1653998352);
INSERT INTO player_score VALUES('6264e4f00',6,'5c27e8d26','46d4cf86b',21780,1770,1654004447,1654004447);
INSERT INTO player_score VALUES('632d4f16e',6,'5c27e8d26','56377c4de',400995,1807,1654025462,1654025462);
INSERT INTO player_score VALUES('63874ea55',6,'5c27e8d26','5a8fe894e',23408,1843,1654034899,1654034899);
INSERT INTO player_score VALUES('5a069938c',6,'5c27e8d26','acab7ddb',97308,1764,1653779811,1653779811);
INSERT INTO player_score VALUES('57072ad03',6,'5d53ea947','16799ccfb',32736,1578,1653699340,1653699340);
INSERT INTO player_score VALUES('63c34d873',6,'5d53ea947','31ae001f8',23936,1984,1654041190,1654041190);
INSERT INTO player_score VALUES('62dcbe1a2',6,'5d53ea947','336a3660c',73656,1775,1654017014,1654017014);
INSERT INTO player_score VALUES('6253194a8',6,'5d53ea947','46d4cf86b',4704,1765,1654002581,1654002581);
INSERT INTO player_score VALUES('632418b40',6,'5d53ea947','56377c4de',49300,1799,1654024496,1654024496);
INSERT INTO player_score VALUES('63b336e1f',6,'5d53ea947','5a8fe894e',11136,1874,1654039503,1654039503);
INSERT INTO player_score VALUES('628cce3b4',6,'5d53ea947','acab7ddb',3040,1939,1654008632,1654008632);
INSERT INTO player_score VALUES('5e5031168',6,'5deeed2fc','16799ccfb',34188,1754,1653894902,1653894902);
INSERT INTO player_score VALUES('62f955716',6,'5deeed2fc','31ae001f8',94047,1947,1654020012,1654020012);
INSERT INTO player_score VALUES('5ff13bcb0',6,'5deeed2fc','336a3660c',25200,1646,1653938632,1653938632);
INSERT INTO player_score VALUES('62e091195',6,'5deeed2fc','46d4cf86b',50622,1803,1654017415,1654017415);
INSERT INTO player_score VALUES('634013c81',6,'5deeed2fc','56377c4de',56280,1817,1654027430,1654027430);
INSERT INTO player_score VALUES('63652f4c7',6,'5deeed2fc','5a8fe894e',136400,1813,1654031321,1654031321);
INSERT INTO player_score VALUES('6183acb33',6,'5deeed2fc','acab7ddb',15675,1923,1653980831,1653980831);
INSERT INTO player_score VALUES('6023cc234',6,'5f8defdf1','16799ccfb',0,1797,1653943934,1653943934);
INSERT INTO player_score VALUES('63b8d4e32',6,'5f8defdf1','31ae001f8',10865,1980,1654040092,1654040092);
INSERT INTO player_score VALUES('5f06187c1',6,'5f8defdf1','336a3660c',163725,1620,1653913976,1653913976);
INSERT INTO player_score VALUES('61ec8cd9c',6,'5f8defdf1','46d4cf86b',23166,1741,1653991828,1653991828);
INSERT INTO player_score VALUES('62d32608d',6,'5f8defdf1','5a8fe894e',10098,1701,1654016008,1654016008);
INSERT INTO player_score VALUES('6336ee7bf',6,'5f8defdf1','acab7ddb',224,1948,1654026471,1654026471);
INSERT INTO player_score VALUES('5fed15c54',6,'60e74f634','16799ccfb',69540,1794,1653938197,1653938197);
INSERT INTO player_score VALUES('619c03275',6,'60e74f634','336a3660c',10164,1718,1653983383,1653983383);
INSERT INTO player_score VALUES('634ec86d7',6,'60e74f634','46d4cf86b',5239,1838,1654028972,1654028972);
INSERT INTO player_score VALUES('63b9e3ded',6,'60e74f634','5a8fe894e',96798,1880,1654040203,1654040203);
INSERT INTO player_score VALUES('61ae4dcaa',6,'60e74f634','acab7ddb',9890,1927,1653985301,1653985301);
INSERT INTO player_score VALUES('5ab96e767',6,'61feabe3','16799ccfb',50575,1662,1653798563,1653798563);
INSERT INTO player_score VALUES('3402aab31',6,'61feabe3','1a8829f50',176088,983,1652759344,1652759344);
INSERT INTO player_score VALUES('635dfc063',6,'61feabe3','31ae001f8',73150,1965,1654030566,1654030566);
INSERT INTO player_score VALUES('63befe04d',6,'61feabe3','336a3660c',35360,1809,1654040738,1654040738);
INSERT INTO player_score VALUES('4ced625c8',6,'61feabe3','446944042',278640,1253,1653428201,1653428201);
INSERT INTO player_score VALUES('635e3b863',6,'61feabe3','46d4cf86b',166320,1843,1654030592,1654030592);
INSERT INTO player_score VALUES('629989830',6,'61feabe3','56377c4de',65962,1713,1654009967,1654009967);
INSERT INTO player_score VALUES('63911edbe',6,'61feabe3','5a8fe894e',104400,1849,1654035928,1654035928);
INSERT INTO player_score VALUES('1a407504d',6,'61feabe3','89d52fe9',158004,535,1652067891,1652067891);
INSERT INTO player_score VALUES('14a80c3f2',6,'61feabe3','badaa02e',42240,156,1651917692,1651917692);
INSERT INTO player_score VALUES('10cddcdee',6,'61feabe3','ef35f224',104400,239,1651814283,1651814283);
INSERT INTO player_score VALUES('62baef521',6,'625b34783','16799ccfb',425320,1855,1654013469,1654013469);
INSERT INTO player_score VALUES('60ce5f1d5',6,'625b34783','31ae001f8',4290,1868,1653961820,1653961820);
INSERT INTO player_score VALUES('634b39ca9',6,'625b34783','46d4cf86b',465381,1835,1654028599,1654028599);
INSERT INTO player_score VALUES('6390fcaba',6,'625b34783','56377c4de',3344,1867,1654035914,1654035914);
INSERT INTO player_score VALUES('63941624b',6,'625b34783','5a8fe894e',0,1852,1654036239,1654036239);
INSERT INTO player_score VALUES('5f27d3be5',6,'625b34783','acab7ddb',158400,1877,1653917513,1653917513);
INSERT INTO player_score VALUES('5bcdbae05',6,'6272a34b','16799ccfb',15675,1686,1653827535,1653827535);
INSERT INTO player_score VALUES('345ef9134',6,'6272a34b','1a8829f50',23712,996,1652769023,1652769023);
INSERT INTO player_score VALUES('630cf5da0',6,'6272a34b','31ae001f8',25392,1950,1654022070,1654022070);
INSERT INTO player_score VALUES('5efca9ec3',6,'6272a34b','336a3660c',227550,1619,1653912987,1653912987);
INSERT INTO player_score VALUES('4d53ace37',6,'6272a34b','446944042',180320,1312,1653438927,1653438927);
INSERT INTO player_score VALUES('6333f2505',6,'6272a34b','46d4cf86b',52808,1830,1654026158,1654026158);
INSERT INTO player_score VALUES('62261367f',6,'6272a34b','56377c4de',1620,1642,1653997860,1653997860);
INSERT INTO player_score VALUES('63a6aee21',6,'6272a34b','5a8fe894e',47424,1864,1654038189,1654038189);
INSERT INTO player_score VALUES('19fceaf94',6,'6272a34b','89d52fe9',6720,529,1652060809,1652060809);
INSERT INTO player_score VALUES('5ef270bb0',6,'6272a34b','acab7ddb',0,1869,1653911915,1653911915);
INSERT INTO player_score VALUES('1074faf79',6,'6272a34b','ef35f224',35890,204,1651804963,1651804963);
INSERT INTO player_score VALUES('5f1341a01',6,'9d08a73f','16799ccfb',171904,1774,1653915356,1653915356);
INSERT INTO player_score VALUES('34cb9b22e',6,'9d08a73f','1a8829f50',58140,1016,1652780414,1652780414);
INSERT INTO player_score VALUES('633bf03a1',6,'9d08a73f','336a3660c',155135,1785,1654026996,1654026996);
INSERT INTO player_score VALUES('4d2420062',6,'9d08a73f','446944042',89600,1286,1653433941,1653433941);
INSERT INTO player_score VALUES('634b6d0ed',6,'9d08a73f','46d4cf86b',148104,1836,1654028620,1654028620);
INSERT INTO player_score VALUES('63186c685',6,'9d08a73f','56377c4de',28800,1791,1654023272,1654023272);
INSERT INTO player_score VALUES('635151d81',6,'9d08a73f','5a8fe894e',73080,1796,1654029238,1654029238);
INSERT INTO player_score VALUES('187a73721',6,'9d08a73f','89d52fe9',4410,500,1652020285,1652020285);
INSERT INTO player_score VALUES('6159a08bf',6,'c7c4bf78','16799ccfb',165126,1818,1653976422,1653976422);
INSERT INTO player_score VALUES('34826476f',6,'c7c4bf78','1a8829f50',387,1003,1652772737,1652772737);
INSERT INTO player_score VALUES('630a455d1',6,'c7c4bf78','31ae001f8',386280,1949,1654021788,1654021788);
INSERT INTO player_score VALUES('635a59dbf',6,'c7c4bf78','336a3660c',8280,1793,1654030185,1654030185);
INSERT INTO player_score VALUES('4dc87dabb',6,'c7c4bf78','446944042',19845,1383,1653451176,1653451176);
INSERT INTO player_score VALUES('5fd58ed5b',6,'c7c4bf78','46d4cf86b',185500,1622,1653935730,1653935730);
INSERT INTO player_score VALUES('631b79aad',6,'c7c4bf78','56377c4de',7900,1793,1654023592,1654023592);
INSERT INTO player_score VALUES('1928f6bb5',6,'c7c4bf78','89d52fe9',646800,518,1652038584,1652038584);
INSERT INTO player_score VALUES('550cd53c3',6,'c7c4bf78','acab7ddb',92070,1638,1653646247,1653646247);
INSERT INTO player_score VALUES('144228427',6,'c7c4bf78','badaa02e',1960,151,1651907008,1651907008);
INSERT INTO player_score VALUES('10c859bbd',6,'c7c4bf78','ef35f224',79300,236,1651813705,1651813705);
INSERT INTO player_score VALUES('626d0c5c6',6,'d49a6c24','16799ccfb',16575,1846,1654005302,1654005302);
INSERT INTO player_score VALUES('3235e6286',6,'d49a6c24','1a8829f50',5544,896,1652711029,1652711029);
INSERT INTO player_score VALUES('639a41ba1',6,'d49a6c24','336a3660c',55575,1801,1654036886,1654036886);
INSERT INTO player_score VALUES('4dd1b8f52',6,'d49a6c24','446944042',110983,1388,1653452144,1653452144);
INSERT INTO player_score VALUES('63054fd90',6,'d49a6c24','46d4cf86b',88740,1818,1654021268,1654021268);
INSERT INTO player_score VALUES('6398e227e',6,'d49a6c24','56377c4de',31680,1869,1654036742,1654036742);
INSERT INTO player_score VALUES('632f39d04',6,'d49a6c24','5a8fe894e',269136,1779,1654025663,1654025663);
INSERT INTO player_score VALUES('1957f86ec',6,'d49a6c24','89d52fe9',78336,519,1652043513,1652043513);
INSERT INTO player_score VALUES('5dddf10ea',6,'d49a6c24','acab7ddb',287928,1841,1653882922,1653882922);
INSERT INTO player_score VALUES('10b4098a8',6,'d49a6c24','ef35f224',3230,230,1651811575,1651811575);
INSERT INTO player_score VALUES('34de25397',6,'e8c1e06d','1a8829f50',46305,1020,1652782358,1652782358);
INSERT INTO player_score VALUES('60a985865',6,'e8c1e06d','336a3660c',21060,1677,1653957956,1653957956);
INSERT INTO player_score VALUES('4d855c9f3',6,'e8c1e06d','446944042',145350,1340,1653444137,1653444137);
INSERT INTO player_score VALUES('63730d175',6,'e8c1e06d','56377c4de',101866,1850,1654032775,1654032775);
INSERT INTO player_score VALUES('62dfb55fb',6,'e8c1e06d','5a8fe894e',609840,1714,1654017325,1654017325);
INSERT INTO player_score VALUES('1990c08cc',6,'e8c1e06d','89d52fe9',121429,522,1652049467,1652049467);
INSERT INTO player_score VALUES('12d9cada0',6,'e8c1e06d','badaa02e',0,134,1651869221,1651869221);
INSERT INTO player_score VALUES('10d021ea5',6,'e8c1e06d','ef35f224',108928,242,1651814521,1651814521);
INSERT INTO player_score VALUES('623c2e931',6,'e921db12','16799ccfb',112406,1842,1654000178,1654000178);
INSERT INTO player_score VALUES('34ededbdb',6,'e921db12','1a8829f50',225792,1023,1652784013,1652784013);
INSERT INTO player_score VALUES('5c5e5ad1d',6,'e921db12','31ae001f8',124992,1684,1653842700,1653842700);
INSERT INTO player_score VALUES('60caa6faf',6,'e921db12','336a3660c',28644,1686,1653961430,1653961430);
INSERT INTO player_score VALUES('4cc9e5e07',6,'e921db12','446944042',12040,1227,1653424480,1653424480);
INSERT INTO player_score VALUES('636f3a16e',6,'e921db12','46d4cf86b',318976,1845,1654032374,1654032374);
INSERT INTO player_score VALUES('6344dd5f0',6,'e921db12','5a8fe894e',109998,1789,1654027932,1654027932);
INSERT INTO player_score VALUES('17a88736b',6,'e921db12','89d52fe9',107870,473,1651998273,1651998273);
INSERT INTO player_score VALUES('12c123ccc',6,'e921db12','badaa02e',9450,132,1651866636,1651866636);
INSERT INTO player_score VALUES('10ce06608',6,'e921db12','ef35f224',15552,240,1651814300,1651814300);
INSERT INTO player_score VALUES('635dd9d9c',6,'ead81672','16799ccfb',74431,1874,1654030552,1654030552);
INSERT INTO player_score VALUES('34f4ae413',6,'ead81672','1a8829f50',6992,1025,1652784721,1652784721);
INSERT INTO player_score VALUES('6383ff7c5',6,'ead81672','31ae001f8',11484,1972,1654034552,1654034552);
INSERT INTO player_score VALUES('639a79e1f',6,'ead81672','336a3660c',640136,1802,1654036909,1654036909);
INSERT INTO player_score VALUES('4d79e6079',6,'ead81672','446944042',6336,1332,1653442935,1653442935);
INSERT INTO player_score VALUES('63028e47c',6,'ead81672','46d4cf86b',279312,1816,1654020979,1654020979);
INSERT INTO player_score VALUES('6385fb4e2',6,'ead81672','56377c4de',103014,1862,1654034760,1654034760);
INSERT INTO player_score VALUES('19beb341a',6,'ead81672','89d52fe9',15309,523,1652054285,1652054285);
INSERT INTO player_score VALUES('14019a608',6,'ead81672','badaa02e',72072,148,1651900239,1651900239);
INSERT INTO player_score VALUES('1094da244',6,'ead81672','ef35f224',41440,215,1651808305,1651808305);
INSERT INTO player_score VALUES('6341d4feb',6,'edb1c34e','16799ccfb',3572,1866,1654027614,1654027614);
INSERT INTO player_score VALUES('349cd406e',6,'edb1c34e','1a8829f50',69720,1009,1652775509,1652775509);
INSERT INTO player_score VALUES('632f5c004',6,'edb1c34e','31ae001f8',247455,1958,1654025677,1654025677);
INSERT INTO player_score VALUES('5aecbfaac',6,'edb1c34e','336a3660c',17480,1486,1653803944,1653803944);
INSERT INTO player_score VALUES('4de146e4b',6,'edb1c34e','446944042',76500,1399,1653453775,1653453775);
INSERT INTO player_score VALUES('63bb6a7f7',6,'edb1c34e','46d4cf86b',4611,1863,1654040363,1654040363);
INSERT INTO player_score VALUES('636a24d1b',6,'edb1c34e','56377c4de',15750,1838,1654031841,1654031841);
INSERT INTO player_score VALUES('638184b6f',6,'edb1c34e','5a8fe894e',366390,1833,1654034292,1654034292);
INSERT INTO player_score VALUES('182363d70',6,'edb1c34e','89d52fe9',21200,489,1652011156,1652011156);
INSERT INTO player_score VALUES('5eed9af36',6,'edb1c34e','acab7ddb',10752,1868,1653911408,1653911408);
INSERT INTO player_score VALUES('1490dabd9',6,'edb1c34e','badaa02e',4536,154,1651915260,1651915260);
INSERT INTO player_score VALUES('10b4a0e6d',6,'edb1c34e','ef35f224',123656,231,1651811637,1651811637);
INSERT INTO player_score VALUES('62105ec61',6,'ee86ed61','16799ccfb',85100,1839,1653995584,1653995584);
INSERT INTO player_score VALUES('34cc28b8a',6,'ee86ed61','1a8829f50',573104,1017,1652780472,1652780472);
INSERT INTO player_score VALUES('62379f990',6,'ee86ed61','336a3660c',9792,1750,1653999700,1653999700);
INSERT INTO player_score VALUES('4dd20232a',6,'ee86ed61','446944042',243695,1389,1653452174,1653452174);
INSERT INTO player_score VALUES('632cc8cfa',6,'ee86ed61','56377c4de',49632,1806,1654025407,1654025407);
INSERT INTO player_score VALUES('62e569578',6,'ee86ed61','5a8fe894e',17347,1718,1654017923,1654017923);
INSERT INTO player_score VALUES('1a2a9bc52',6,'ee86ed61','89d52fe9',110600,534,1652065600,1652065600);
INSERT INTO player_score VALUES('1467a08e2',6,'ee86ed61','badaa02e',7740,152,1651910937,1651910937);
INSERT INTO player_score VALUES('10cbe10f6',6,'ee86ed61','ef35f224',0,238,1651814075,1651814075);
COMMIT;
