
BEGIN;
CREATE TABLE IF NOT EXISTS competition (
  id VARCHAR(255) NOT NULL PRIMARY KEY,
  tenant_id BIGINT NOT NULL,
  title TEXT NOT NULL,
  finished_at BIGINT NULL,
  created_at BIGINT NOT NULL,
  updated_at BIGINT NOT NULL
);
INSERT INTO competition VALUES('1998c5c8e',61,'第8回 ネギプリン',NULL,1652050308,1652739820);
INSERT INTO competition VALUES('1a5b3ef03',61,'第8回 そば百貨店',NULL,1652070700,1653119192);
INSERT INTO competition VALUES('200bb9d45',61,'マスカット地獄杯',1652321559,1652223423,1652321559);
INSERT INTO competition VALUES('2121ec17e',61,'半二重ブルーベリーオペレーションズカップ',NULL,1652252594,1652595485);
INSERT INTO competition VALUES('2f812dbc9',61,'チャーシューコミック #6',NULL,1652638392,1652867945);
INSERT INTO competition VALUES('33b1454ee',61,'宇宙の白菜の缶詰大会',NULL,1652750809,1652907521);
INSERT INTO competition VALUES('3400d3818',61,'ステージング目白教室大会',1653438931,1652759151,1653438931);
INSERT INTO competition VALUES('38c5fa41a',61,'スーパー甘み共和国 #8',1653995959,1652887198,1653995959);
INSERT INTO competition VALUES('3a26e7629',61,'ファッション川崎家大会',1653842074,1652924205,1653842074);
INSERT INTO competition VALUES('42d71775c',61,'海老名のプロカップ',1654034047,1653157428,1654034047);
INSERT INTO competition VALUES('456a4f3e1',61,'カニ戦線',NULL,1653226552,1653296865);
INSERT INTO competition VALUES('5bfe14d09',61,'あのウィスキー式 vol.0',NULL,1653832605,1653842356);
INSERT INTO competition VALUES('5e0ccbae8',61,'センシティブ不足杯',1653928992,1653887835,1653928992);
CREATE TABLE IF NOT EXISTS player (
  id VARCHAR(255) NOT NULL PRIMARY KEY,
  tenant_id BIGINT NOT NULL,
  display_name TEXT NOT NULL,
  is_disqualified BOOLEAN NOT NULL,
  created_at BIGINT NOT NULL,
  updated_at BIGINT NOT NULL
);
INSERT INTO player VALUES('1bfd40358',61,'Ms. Beryl Tillman DVM',1,1652114531,1653718219);
INSERT INTO player VALUES('1c25fb743',61,'Danielle Lind V',0,1652118802,1652949300);
INSERT INTO player VALUES('1e1473f0b',61,'Alexandria Rutherford Jr.',0,1652170651,1652579116);
INSERT INTO player VALUES('22e6add54',61,'Era Sauer',0,1652300069,1653034700);
INSERT INTO player VALUES('2a3b14b8b',61,'Rhiannon O"Hara PhD',0,1652496824,1654011201);
INSERT INTO player VALUES('2a54c8551',61,'Judd Lakin',0,1652499519,1653848763);
INSERT INTO player VALUES('2b66532ef',61,'Landen Wilkinson',0,1652528202,1652545859);
INSERT INTO player VALUES('2f44dbd6d',61,'Haleigh Gorczany',1,1652632067,1653866910);
INSERT INTO player VALUES('342dfb8f7',61,'Vivien Feest',0,1652763886,1653488532);
INSERT INTO player VALUES('347037230',61,'Carole Breitenberg V',0,1652770831,1653942866);
INSERT INTO player VALUES('35479a485',61,'Jarrett Breitenberg',0,1652793416,1654024976);
INSERT INTO player VALUES('39bcb1715',61,'Natasha Crooks',0,1652913068,1653308276);
INSERT INTO player VALUES('3b22570d2',61,'Jess Bailey',0,1652950570,1653812930);
INSERT INTO player VALUES('4254de120',61,'Jayde Mills',0,1653143773,1653995851);
INSERT INTO player VALUES('451233162',61,'Mr. Arnaldo Schneider Sr.',0,1653217313,1653469953);
INSERT INTO player VALUES('4b1098428',61,'Kelli Schoen',0,1653378206,1653560472);
INSERT INTO player VALUES('4e19668ed',61,'Jakayla Stroman',0,1653459660,1653630950);
INSERT INTO player VALUES('4f2773df0',61,'Isaias Franecki',0,1653487977,1653873845);
INSERT INTO player VALUES('509f779d1',61,'Eleonore Schuppe',0,1653527405,1653827891);
INSERT INTO player VALUES('518a8c4a6',61,'Morris Predovic',0,1653552055,1653592842);
INSERT INTO player VALUES('5518dbd7d',61,'Alene Bartell',0,1653647508,1653681099);
INSERT INTO player VALUES('578a2c698',61,'Tomasa Thiel',0,1653713077,1653869568);
INSERT INTO player VALUES('6038f32bf',61,'Calista Toy',0,1653946152,1653964485);
INSERT INTO player VALUES('63447bb6f',61,'Mr. Emmett Harber DDS',0,1654027892,1654034341);
INSERT INTO player VALUES('63a9b25d3',61,'Charlie Olson',0,1654038505,1654040088);
CREATE TABLE IF NOT EXISTS IF NOT EXISTS "player_score" (
                              id VARCHAR(255) NOT NULL PRIMARY KEY,
                              tenant_id BIGINT NOT NULL,
                              player_id VARCHAR(255) NOT NULL,
                              competition_id VARCHAR(255) NOT NULL,
                              score BIGINT NOT NULL,
                              row_num BIGINT NOT NULL,
                              created_at BIGINT NOT NULL,
                              updated_at BIGINT NOT NULL
);
INSERT INTO player_score VALUES('60e6d070d',61,'1bfd40358','1998c5c8e',140864,482,1653964383,1653964383);
INSERT INTO player_score VALUES('62754c2d0',61,'1bfd40358','1a5b3ef03',225008,450,1654006167,1654006167);
INSERT INTO player_score VALUES('233cf05f7',61,'1bfd40358','200bb9d45',502200,80,1652309114,1652309114);
INSERT INTO player_score VALUES('63669ff5f',61,'1bfd40358','2f812dbc9',8428,478,1654031472,1654031472);
INSERT INTO player_score VALUES('61eddb500',61,'1bfd40358','33b1454ee',667850,415,1653991965,1653991965);
INSERT INTO player_score VALUES('4a6da3f20',61,'1bfd40358','3400d3818',499317,249,1653361119,1653361119);
INSERT INTO player_score VALUES('60b0a2d3c',61,'1bfd40358','38c5fa41a',346896,465,1653958702,1653958702);
INSERT INTO player_score VALUES('5b6251525',61,'1bfd40358','3a26e7629',3000,378,1653816272,1653816272);
INSERT INTO player_score VALUES('6060562e5',61,'1bfd40358','42d71775c',139568,374,1653950282,1653950282);
INSERT INTO player_score VALUES('61d34e6ee',61,'1bfd40358','456a4f3e1',272085,481,1653989181,1653989181);
INSERT INTO player_score VALUES('63b38c555',61,'1bfd40358','5bfe14d09',197880,474,1654039538,1654039538);
INSERT INTO player_score VALUES('5f80e407f',61,'1bfd40358','5e0ccbae8',157624,366,1653926852,1653926852);
INSERT INTO player_score VALUES('630b63025',61,'1c25fb743','1998c5c8e',7410,491,1654021905,1654021905);
INSERT INTO player_score VALUES('62e0a2339',61,'1c25fb743','1a5b3ef03',340632,454,1654017422,1654017422);
INSERT INTO player_score VALUES('239143477',61,'1c25fb743','200bb9d45',71808,87,1652317956,1652317956);
INSERT INTO player_score VALUES('5f67cf22d',61,'1c25fb743','2f812dbc9',22400,438,1653924222,1653924222);
INSERT INTO player_score VALUES('5fb9dcfac',61,'1c25fb743','33b1454ee',192780,394,1653932826,1653932826);
INSERT INTO player_score VALUES('619f4d74b',61,'1c25fb743','38c5fa41a',16170,477,1653983728,1653983728);
INSERT INTO player_score VALUES('5be978ef0',61,'1c25fb743','3a26e7629',29900,387,1653830444,1653830444);
INSERT INTO player_score VALUES('62bf3ed65',61,'1c25fb743','42d71775c',61268,395,1654013921,1654013921);
INSERT INTO player_score VALUES('630fb4fa3',61,'1c25fb743','456a4f3e1',735490,507,1654022358,1654022358);
INSERT INTO player_score VALUES('5f66cec7c',61,'1c25fb743','5e0ccbae8',9504,331,1653924117,1653924117);
INSERT INTO player_score VALUES('5b93d51c5',61,'1e1473f0b','1998c5c8e',110160,445,1653821464,1653821464);
INSERT INTO player_score VALUES('60554b085',61,'1e1473f0b','1a5b3ef03',240370,435,1653949124,1653949124);
INSERT INTO player_score VALUES('23930bd1d',61,'1e1473f0b','200bb9d45',43092,88,1652318143,1652318143);
INSERT INTO player_score VALUES('55a35510a',61,'1e1473f0b','2121ec17e',0,338,1653662028,1653662028);
INSERT INTO player_score VALUES('630594343',61,'1e1473f0b','2f812dbc9',13000,475,1654021296,1654021296);
INSERT INTO player_score VALUES('4b2691440',61,'1e1473f0b','3400d3818',463970,256,1653380510,1653380510);
INSERT INTO player_score VALUES('6149df569',61,'1e1473f0b','38c5fa41a',3024,472,1653974770,1653974770);
INSERT INTO player_score VALUES('56048f31e',61,'1e1473f0b','3a26e7629',18900,321,1653672223,1653672223);
INSERT INTO player_score VALUES('6159b40ee',61,'1e1473f0b','42d71775c',1197,382,1653976430,1653976430);
INSERT INTO player_score VALUES('62555223c',61,'1e1473f0b','456a4f3e1',28980,495,1654002814,1654002814);
INSERT INTO player_score VALUES('5f8040763',61,'1e1473f0b','5e0ccbae8',19200,364,1653926785,1653926785);
INSERT INTO player_score VALUES('5f7095375',61,'22e6add54','1998c5c8e',187968,473,1653925142,1653925142);
INSERT INTO player_score VALUES('60e8152a2',61,'22e6add54','1a5b3ef03',179340,440,1653964516,1653964516);
INSERT INTO player_score VALUES('23b27f93f',61,'22e6add54','200bb9d45',23324,89,1652321441,1652321441);
INSERT INTO player_score VALUES('5b58e2c6b',61,'22e6add54','2121ec17e',4096,379,1653815283,1653815283);
INSERT INTO player_score VALUES('637ea5d7c',61,'22e6add54','2f812dbc9',69600,480,1654033991,1654033991);
INSERT INTO player_score VALUES('4d26abe54',61,'22e6add54','3400d3818',7049,277,1653434208,1653434208);
INSERT INTO player_score VALUES('6071c7833',61,'22e6add54','38c5fa41a',49742,460,1653952111,1653952111);
INSERT INTO player_score VALUES('5835433a0',61,'22e6add54','3a26e7629',57960,347,1653731017,1653731017);
INSERT INTO player_score VALUES('60305de6b',61,'22e6add54','42d71775c',100776,372,1653945252,1653945252);
INSERT INTO player_score VALUES('629a3e2ba',61,'22e6add54','456a4f3e1',124416,499,1654010041,1654010041);
INSERT INTO player_score VALUES('63bcaf351',61,'22e6add54','5bfe14d09',69120,479,1654040496,1654040496);
INSERT INTO player_score VALUES('5f6c6a555',61,'22e6add54','5e0ccbae8',90155,338,1653924705,1653924705);
INSERT INTO player_score VALUES('63b86224a',61,'2a3b14b8b','1998c5c8e',744198,497,1654040045,1654040045);
INSERT INTO player_score VALUES('63522b257',61,'2a3b14b8b','1a5b3ef03',112955,456,1654029327,1654029327);
INSERT INTO player_score VALUES('631208ad4',61,'2a3b14b8b','2121ec17e',64119,422,1654022602,1654022602);
INSERT INTO player_score VALUES('62f4f4d50',61,'2a3b14b8b','2f812dbc9',397056,474,1654019553,1654019553);
INSERT INTO player_score VALUES('62bc144b1',61,'2a3b14b8b','33b1454ee',94770,422,1654013589,1654013589);
INSERT INTO player_score VALUES('4a34a13a2',61,'2a3b14b8b','3400d3818',53280,245,1653355141,1653355141);
INSERT INTO player_score VALUES('620b5823f',61,'2a3b14b8b','38c5fa41a',50544,486,1653995057,1653995057);
INSERT INTO player_score VALUES('572635944',61,'2a3b14b8b','3a26e7629',116640,337,1653702595,1653702595);
INSERT INTO player_score VALUES('62af3e268',61,'2a3b14b8b','42d71775c',171864,394,1654012243,1654012243);
INSERT INTO player_score VALUES('5a0579224',61,'2a3b14b8b','456a4f3e1',573300,347,1653779693,1653779693);
INSERT INTO player_score VALUES('63bc2b5eb',61,'2a3b14b8b','5bfe14d09',42273,476,1654040442,1654040442);
INSERT INTO player_score VALUES('5f58042af',61,'2a3b14b8b','5e0ccbae8',194656,312,1653922566,1653922566);
INSERT INTO player_score VALUES('63848f86a',61,'2a54c8551','1998c5c8e',744000,495,1654034611,1654034611);
INSERT INTO player_score VALUES('63ac7db56',61,'2a54c8551','1a5b3ef03',12320,458,1654038798,1654038798);
INSERT INTO player_score VALUES('60b877345',61,'2a54c8551','2f812dbc9',15840,454,1653959523,1653959523);
INSERT INTO player_score VALUES('61e29593d',61,'2a54c8551','33b1454ee',2090,414,1653990783,1653990783);
INSERT INTO player_score VALUES('4bf251e35',61,'2a54c8551','3400d3818',496174,263,1653401875,1653401875);
INSERT INTO player_score VALUES('61a286a74',61,'2a54c8551','38c5fa41a',193158,479,1653984066,1653984066);
INSERT INTO player_score VALUES('5a7763ba2',61,'2a54c8551','3a26e7629',8160,371,1653791638,1653791638);
INSERT INTO player_score VALUES('62f593870',61,'2a54c8551','456a4f3e1',345168,505,1654019618,1654019618);
INSERT INTO player_score VALUES('639ec9673',61,'2a54c8551','5bfe14d09',14688,472,1654037361,1654037361);
INSERT INTO player_score VALUES('5f93e8341',61,'2a54c8551','5e0ccbae8',324736,383,1653928846,1653928846);
INSERT INTO player_score VALUES('61f267da7',61,'2b66532ef','1998c5c8e',1232,487,1653992442,1653992442);
INSERT INTO player_score VALUES('62d13670e',61,'2b66532ef','1a5b3ef03',78913,453,1654015805,1654015805);
INSERT INTO player_score VALUES('6340a8b62',61,'2b66532ef','2121ec17e',184623,425,1654027491,1654027491);
INSERT INTO player_score VALUES('59bbf1e08',61,'2b66532ef','2f812dbc9',960,395,1653771983,1653771983);
INSERT INTO player_score VALUES('6228b05a3',61,'2b66532ef','33b1454ee',47740,416,1653998134,1653998134);
INSERT INTO player_score VALUES('4c11f67b5',61,'2b66532ef','3400d3818',374400,266,1653405193,1653405193);
INSERT INTO player_score VALUES('617e86577',61,'2b66532ef','38c5fa41a',9460,474,1653980291,1653980291);
INSERT INTO player_score VALUES('5c3b9300e',61,'2b66532ef','3a26e7629',76832,391,1653839053,1653839053);
INSERT INTO player_score VALUES('6300b9840',61,'2b66532ef','42d71775c',314244,396,1654020787,1654020787);
INSERT INTO player_score VALUES('62cea341d',61,'2b66532ef','456a4f3e1',314160,502,1654015535,1654015535);
INSERT INTO player_score VALUES('63634221c',61,'2b66532ef','5bfe14d09',42000,461,1654031119,1654031119);
INSERT INTO player_score VALUES('5f9438c23',61,'2b66532ef','5e0ccbae8',20140,384,1653928879,1653928879);
INSERT INTO player_score VALUES('5ba592217',61,'2f44dbd6d','1998c5c8e',82680,447,1653823324,1653823324);
INSERT INTO player_score VALUES('612e8a420',61,'2f44dbd6d','2121ec17e',226560,412,1653971904,1653971904);
INSERT INTO player_score VALUES('5e78d17e0',61,'2f44dbd6d','33b1454ee',52650,385,1653899162,1653899162);
INSERT INTO player_score VALUES('4ca045270',61,'2f44dbd6d','3400d3818',87912,270,1653420115,1653420115);
INSERT INTO player_score VALUES('61e4c716b',61,'2f44dbd6d','38c5fa41a',195552,482,1653991013,1653991013);
INSERT INTO player_score VALUES('5b92d7303',61,'2f44dbd6d','3a26e7629',523260,383,1653821360,1653821360);
INSERT INTO player_score VALUES('5fddcea70',61,'2f44dbd6d','42d71775c',221676,368,1653936595,1653936595);
INSERT INTO player_score VALUES('637caeea7',61,'2f44dbd6d','456a4f3e1',212160,511,1654033785,1654033785);
INSERT INTO player_score VALUES('62a9c254d',61,'2f44dbd6d','5bfe14d09',0,410,1654011668,1654011668);
INSERT INTO player_score VALUES('5f80b8133',61,'2f44dbd6d','5e0ccbae8',6048,365,1653926834,1653926834);
INSERT INTO player_score VALUES('5a6ee4703',61,'342dfb8f7','1998c5c8e',156520,439,1653790747,1653790747);
INSERT INTO player_score VALUES('629995b8c',61,'342dfb8f7','1a5b3ef03',42987,452,1654009972,1654009972);
INSERT INTO player_score VALUES('604a29e59',61,'342dfb8f7','2121ec17e',499016,407,1653947957,1653947957);
INSERT INTO player_score VALUES('5fbf601cf',61,'342dfb8f7','2f812dbc9',0,443,1653933404,1653933404);
INSERT INTO player_score VALUES('6374718c8',61,'342dfb8f7','33b1454ee',62160,430,1654032921,1654032921);
INSERT INTO player_score VALUES('4bbdcd132',61,'342dfb8f7','3400d3818',411768,261,1653396368,1653396368);
INSERT INTO player_score VALUES('61e83adfc',61,'342dfb8f7','38c5fa41a',213750,484,1653991375,1653991375);
INSERT INTO player_score VALUES('5c0b47b71',61,'342dfb8f7','3a26e7629',25872,389,1653833989,1653833989);
INSERT INTO player_score VALUES('61a12bf94',61,'342dfb8f7','456a4f3e1',336238,475,1653983924,1653983924);
INSERT INTO player_score VALUES('63917e128',61,'342dfb8f7','5bfe14d09',19500,467,1654035967,1654035967);
INSERT INTO player_score VALUES('5f513ec2c',61,'342dfb8f7','5e0ccbae8',101277,305,1653921856,1653921856);
INSERT INTO player_score VALUES('5f24ba48b',61,'347037230','1998c5c8e',44100,468,1653917188,1653917188);
INSERT INTO player_score VALUES('5a469498d',61,'347037230','1a5b3ef03',342720,391,1653786520,1653786520);
INSERT INTO player_score VALUES('624c0f85d',61,'347037230','2f812dbc9',3060,467,1654001843,1654001843);
INSERT INTO player_score VALUES('603e0fc19',61,'347037230','33b1454ee',42120,401,1653946688,1653946688);
INSERT INTO player_score VALUES('4d4ab116d',61,'347037230','3400d3818',42900,278,1653437985,1653437985);
INSERT INTO player_score VALUES('5fff9d702',61,'347037230','38c5fa41a',155344,453,1653940140,1653940140);
INSERT INTO player_score VALUES('5b628e5b4',61,'347037230','3a26e7629',83600,379,1653816297,1653816297);
INSERT INTO player_score VALUES('637dc05f4',61,'347037230','456a4f3e1',135135,512,1654033897,1654033897);
INSERT INTO player_score VALUES('63b8ed4aa',61,'347037230','5bfe14d09',599808,475,1654040102,1654040102);
INSERT INTO player_score VALUES('5f7ff7393',61,'347037230','5e0ccbae8',603060,363,1653926755,1653926755);
INSERT INTO player_score VALUES('6130972ce',61,'35479a485','1998c5c8e',339968,484,1653972119,1653972119);
INSERT INTO player_score VALUES('5c74da175',61,'35479a485','1a5b3ef03',5976,408,1653845059,1653845059);
INSERT INTO player_score VALUES('600330f61',61,'35479a485','2121ec17e',19488,405,1653940515,1653940515);
INSERT INTO player_score VALUES('6390a255b',61,'35479a485','2f812dbc9',111672,482,1654035877,1654035877);
INSERT INTO player_score VALUES('63a830a03',61,'35479a485','33b1454ee',9960,433,1654038347,1654038347);
INSERT INTO player_score VALUES('4cef5466d',61,'35479a485','3400d3818',178220,272,1653428405,1653428405);
INSERT INTO player_score VALUES('61bb042be',61,'35479a485','38c5fa41a',72128,480,1653986634,1653986634);
INSERT INTO player_score VALUES('63260d2dd',61,'35479a485','456a4f3e1',6272,508,1654024701,1654024701);
INSERT INTO player_score VALUES('63a4d5403',61,'35479a485','5bfe14d09',16008,473,1654037995,1654037995);
INSERT INTO player_score VALUES('5f9358253',61,'35479a485','5e0ccbae8',23400,382,1653928787,1653928787);
INSERT INTO player_score VALUES('5eed4a5fe',61,'39bcb1715','1998c5c8e',74760,467,1653911375,1653911375);
INSERT INTO player_score VALUES('60fb9ab4a',61,'39bcb1715','1a5b3ef03',460992,441,1653966563,1653966563);
INSERT INTO player_score VALUES('5e5fcdb16',61,'39bcb1715','2121ec17e',42504,396,1653896539,1653896539);
INSERT INTO player_score VALUES('639c0f28c',61,'39bcb1715','2f812dbc9',7280,483,1654037075,1654037075);
INSERT INTO player_score VALUES('63054af27',61,'39bcb1715','33b1454ee',49248,426,1654021266,1654021266);
INSERT INTO player_score VALUES('4d0f3d586',61,'39bcb1715','3400d3818',163836,276,1653431751,1653431751);
INSERT INTO player_score VALUES('5f400a768',61,'39bcb1715','38c5fa41a',91884,444,1653920052,1653920052);
INSERT INTO player_score VALUES('5e1807a73',61,'39bcb1715','42d71775c',317086,346,1653889013,1653889013);
INSERT INTO player_score VALUES('612525798',61,'39bcb1715','456a4f3e1',109865,468,1653970919,1653970919);
INSERT INTO player_score VALUES('63c3fd52f',61,'39bcb1715','5bfe14d09',140679,481,1654041262,1654041262);
INSERT INTO player_score VALUES('5f6a11bb5',61,'39bcb1715','5e0ccbae8',24633,335,1653924459,1653924459);
INSERT INTO player_score VALUES('611182a15',61,'3b22570d2','1998c5c8e',258300,483,1653968860,1653968860);
INSERT INTO player_score VALUES('6390f559e',61,'3b22570d2','1a5b3ef03',16560,457,1654035911,1654035911);
INSERT INTO player_score VALUES('636cba73a',61,'3b22570d2','2121ec17e',11275,426,1654032112,1654032112);
INSERT INTO player_score VALUES('6027d9b8e',61,'3b22570d2','2f812dbc9',172480,449,1653944359,1653944359);
INSERT INTO player_score VALUES('62ff26b29',61,'3b22570d2','33b1454ee',1206,425,1654020622,1654020622);
INSERT INTO player_score VALUES('4d0768f72',61,'3b22570d2','3400d3818',792490,275,1653430930,1653430930);
INSERT INTO player_score VALUES('6028d2c08',61,'3b22570d2','38c5fa41a',13600,454,1653944461,1653944461);
INSERT INTO player_score VALUES('5bc25a476',61,'3b22570d2','3a26e7629',14520,385,1653826342,1653826342);
INSERT INTO player_score VALUES('61be535a9',61,'3b22570d2','42d71775c',134292,386,1653986981,1653986981);
INSERT INTO player_score VALUES('620e3be12',61,'3b22570d2','456a4f3e1',255552,487,1653995360,1653995360);
INSERT INTO player_score VALUES('6336f0ed4',61,'3b22570d2','5bfe14d09',59532,450,1654026472,1654026472);
INSERT INTO player_score VALUES('5f8cf6dc5',61,'3b22570d2','5e0ccbae8',449280,371,1653928118,1653928118);
INSERT INTO player_score VALUES('62fa47219',61,'4254de120','1998c5c8e',183024,490,1654020111,1654020111);
INSERT INTO player_score VALUES('605ac9468',61,'4254de120','1a5b3ef03',252486,436,1653949700,1653949700);
INSERT INTO player_score VALUES('61d054b67',61,'4254de120','2121ec17e',25200,416,1653988869,1653988869);
INSERT INTO player_score VALUES('6321942b8',61,'4254de120','2f812dbc9',109269,476,1654024232,1654024232);
INSERT INTO player_score VALUES('6374f0827',61,'4254de120','33b1454ee',81984,431,1654032973,1654032973);
INSERT INTO player_score VALUES('605ca075e',61,'4254de120','38c5fa41a',37260,459,1653949893,1653949893);
INSERT INTO player_score VALUES('5c371c6eb',61,'4254de120','3a26e7629',25365,390,1653838585,1653838585);
INSERT INTO player_score VALUES('61c1a4f3e',61,'4254de120','42d71775c',169344,387,1653987329,1653987329);
INSERT INTO player_score VALUES('6384aa602',61,'4254de120','456a4f3e1',76000,514,1654034622,1654034622);
INSERT INTO player_score VALUES('6399bb746',61,'4254de120','5bfe14d09',11040,468,1654036831,1654036831);
INSERT INTO player_score VALUES('5f8dc3ed5',61,'4254de120','5e0ccbae8',76440,374,1653928202,1653928202);
INSERT INTO player_score VALUES('5a40cd202',61,'451233162','1998c5c8e',49392,437,1653785914,1653785914);
INSERT INTO player_score VALUES('62db0b843',61,'451233162','2121ec17e',218988,421,1654016836,1654016836);
INSERT INTO player_score VALUES('62e705ef9',61,'451233162','2f812dbc9',124800,471,1654018092,1654018092);
INSERT INTO player_score VALUES('4ac8d23de',61,'451233162','3400d3818',135415,253,1653370680,1653370680);
INSERT INTO player_score VALUES('63c5a3b19',61,'451233162','456a4f3e1',1290,519,1654041435,1654041435);
INSERT INTO player_score VALUES('6359ff886',61,'451233162','5bfe14d09',114816,458,1654030148,1654030148);
INSERT INTO player_score VALUES('5f913c9af',61,'451233162','5e0ccbae8',73920,379,1653928566,1653928566);
INSERT INTO player_score VALUES('61a506492',61,'4b1098428','1998c5c8e',383500,486,1653984328,1653984328);
INSERT INTO player_score VALUES('62f2d946f',61,'4b1098428','1a5b3ef03',105000,455,1654019332,1654019332);
INSERT INTO player_score VALUES('6283b5220',61,'4b1098428','2121ec17e',78057,420,1654007678,1654007678);
INSERT INTO player_score VALUES('62dd641b8',61,'4b1098428','2f812dbc9',151200,470,1654017082,1654017082);
INSERT INTO player_score VALUES('6282d6f7d',61,'4b1098428','33b1454ee',12210,421,1654007587,1654007587);
INSERT INTO player_score VALUES('4b3129a65',61,'4b1098428','3400d3818',9504,257,1653381621,1653381621);
INSERT INTO player_score VALUES('619d1bec7',61,'4b1098428','38c5fa41a',108336,476,1653983498,1653983498);
INSERT INTO player_score VALUES('5927aae89',61,'4b1098428','3a26e7629',60,357,1653756435,1653756435);
INSERT INTO player_score VALUES('61bd1ad61',61,'4b1098428','42d71775c',152880,385,1653986853,1653986853);
INSERT INTO player_score VALUES('63b5af369',61,'4b1098428','456a4f3e1',79695,518,1654039762,1654039762);
INSERT INTO player_score VALUES('63c3ca0d3',61,'4b1098428','5bfe14d09',47988,480,1654041241,1654041241);
INSERT INTO player_score VALUES('5f91fd7a0',61,'4b1098428','5e0ccbae8',0,381,1653928645,1653928645);
INSERT INTO player_score VALUES('631a30145',61,'4e19668ed','1998c5c8e',156288,492,1654023457,1654023457);
INSERT INTO player_score VALUES('625075011',61,'4e19668ed','1a5b3ef03',1326,449,1654002304,1654002304);
INSERT INTO player_score VALUES('5c1d8b011',61,'4e19668ed','2121ec17e',101376,385,1653835904,1653835904);
INSERT INTO player_score VALUES('637dfd66b',61,'4e19668ed','2f812dbc9',0,479,1654033922,1654033922);
INSERT INTO player_score VALUES('5e2828139',61,'4e19668ed','33b1454ee',49632,380,1653890704,1653890704);
INSERT INTO player_score VALUES('619f8ceed',61,'4e19668ed','38c5fa41a',357200,478,1653983754,1653983754);
INSERT INTO player_score VALUES('5989d6bec',61,'4e19668ed','3a26e7629',81548,360,1653766729,1653766729);
INSERT INTO player_score VALUES('634dbe556',61,'4e19668ed','42d71775c',84864,399,1654028863,1654028863);
INSERT INTO player_score VALUES('62f172657',61,'4e19668ed','456a4f3e1',15640,504,1654019185,1654019185);
INSERT INTO player_score VALUES('638cc3205',61,'4e19668ed','5bfe14d09',305025,466,1654035471,1654035471);
INSERT INTO player_score VALUES('609f2f0da',61,'4f2773df0','1998c5c8e',71808,480,1653956872,1653956872);
INSERT INTO player_score VALUES('5ea29e2e8',61,'4f2773df0','1a5b3ef03',216384,422,1653903545,1653903545);
INSERT INTO player_score VALUES('63be50af3',61,'4f2773df0','2121ec17e',177600,428,1654040667,1654040667);
INSERT INTO player_score VALUES('5fe6aab87',61,'4f2773df0','2f812dbc9',193536,445,1653937524,1653937524);
INSERT INTO player_score VALUES('612335e19',61,'4f2773df0','33b1454ee',1920,411,1653970716,1653970716);
INSERT INTO player_score VALUES('5f8ce0e1d',61,'4f2773df0','38c5fa41a',32718,451,1653928109,1653928109);
INSERT INTO player_score VALUES('5b76adb8b',61,'4f2773df0','3a26e7629',313158,380,1653818407,1653818407);
INSERT INTO player_score VALUES('625e7c543',61,'4f2773df0','42d71775c',0,393,1654003775,1654003775);
INSERT INTO player_score VALUES('63aee9d32',61,'4f2773df0','456a4f3e1',126720,517,1654039052,1654039052);
INSERT INTO player_score VALUES('6362a5e47',61,'4f2773df0','5bfe14d09',1518,460,1654031055,1654031055);
INSERT INTO player_score VALUES('5f7dd6c99',61,'4f2773df0','5e0ccbae8',63612,360,1653926532,1653926532);
INSERT INTO player_score VALUES('63a246f55',61,'509f779d1','1998c5c8e',153300,496,1654037727,1654037727);
INSERT INTO player_score VALUES('62148e8b6',61,'509f779d1','1a5b3ef03',72590,446,1653996023,1653996023);
INSERT INTO player_score VALUES('6384bb7ba',61,'509f779d1','2f812dbc9',48416,481,1654034629,1654034629);
INSERT INTO player_score VALUES('60eceaf55',61,'509f779d1','33b1454ee',46332,406,1653965023,1653965023);
INSERT INTO player_score VALUES('61cb026bf',61,'509f779d1','38c5fa41a',155925,481,1653988311,1653988311);
INSERT INTO player_score VALUES('5bf1ac8a4',61,'509f779d1','3a26e7629',37553,388,1653831304,1653831304);
INSERT INTO player_score VALUES('622bdfca6',61,'509f779d1','42d71775c',184005,391,1653998468,1653998468);
INSERT INTO player_score VALUES('61763f304',61,'509f779d1','456a4f3e1',63920,471,1653979423,1653979423);
INSERT INTO player_score VALUES('63bc9e200',61,'509f779d1','5bfe14d09',102564,478,1654040489,1654040489);
INSERT INTO player_score VALUES('5c9722f17',61,'518a8c4a6','1998c5c8e',71060,452,1653848654,1653848654);
INSERT INTO player_score VALUES('63929bb4c',61,'518a8c4a6','2121ec17e',139200,427,1654036084,1654036084);
INSERT INTO player_score VALUES('60953a392',61,'518a8c4a6','2f812dbc9',6177,453,1653955828,1653955828);
INSERT INTO player_score VALUES('5fc7c21e3',61,'518a8c4a6','33b1454ee',154752,395,1653934283,1653934283);
INSERT INTO player_score VALUES('620f1a104',61,'518a8c4a6','38c5fa41a',4473,487,1653995451,1653995451);
INSERT INTO player_score VALUES('5be04c505',61,'518a8c4a6','3a26e7629',0,386,1653829482,1653829482);
INSERT INTO player_score VALUES('635a8d222',61,'518a8c4a6','42d71775c',405600,400,1654030206,1654030206);
INSERT INTO player_score VALUES('61b219774',61,'518a8c4a6','456a4f3e1',36288,477,1653985699,1653985699);
INSERT INTO player_score VALUES('62e63dbe6',61,'518a8c4a6','5bfe14d09',494000,429,1654018010,1654018010);
INSERT INTO player_score VALUES('5f903c3d5',61,'518a8c4a6','5e0ccbae8',19995,377,1653928461,1653928461);
INSERT INTO player_score VALUES('5df7170c6',61,'5518dbd7d','1998c5c8e',3312,461,1653885559,1653885559);
INSERT INTO player_score VALUES('613a1bb1c',61,'5518dbd7d','1a5b3ef03',414932,443,1653973117,1653973117);
INSERT INTO player_score VALUES('4baa27c85',61,'5518dbd7d','2121ec17e',24000,273,1653394308,1653394308);
INSERT INTO player_score VALUES('622d1d2ab',61,'5518dbd7d','2f812dbc9',62930,466,1653998598,1653998598);
INSERT INTO player_score VALUES('59f5abb73',61,'5518dbd7d','38c5fa41a',26208,400,1653778036,1653778036);
INSERT INTO player_score VALUES('5afed222a',61,'5518dbd7d','3a26e7629',744,374,1653805839,1653805839);
INSERT INTO player_score VALUES('5fd35fc17',61,'5518dbd7d','42d71775c',120744,367,1653935501,1653935501);
INSERT INTO player_score VALUES('6295526b9',61,'5518dbd7d','456a4f3e1',24400,498,1654009525,1654009525);
INSERT INTO player_score VALUES('639c9a4d8',61,'5518dbd7d','5bfe14d09',93615,471,1654037132,1654037132);
INSERT INTO player_score VALUES('5f479cf0d',61,'5518dbd7d','5e0ccbae8',90060,297,1653920846,1653920846);
INSERT INTO player_score VALUES('622e2c277',61,'578a2c698','1a5b3ef03',5168,448,1653998709,1653998709);
INSERT INTO player_score VALUES('5febf8220',61,'578a2c698','2121ec17e',22896,404,1653938080,1653938080);
INSERT INTO player_score VALUES('61323b18b',61,'578a2c698','2f812dbc9',7200,460,1653972291,1653972291);
INSERT INTO player_score VALUES('61e5990dc',61,'578a2c698','38c5fa41a',90480,483,1653991099,1653991099);
INSERT INTO player_score VALUES('5b00c42c7',61,'578a2c698','3a26e7629',26973,375,1653806043,1653806043);
INSERT INTO player_score VALUES('610d2bca9',61,'578a2c698','42d71775c',531828,379,1653968405,1653968405);
INSERT INTO player_score VALUES('6392ca177',61,'578a2c698','456a4f3e1',3680,515,1654036103,1654036103);
INSERT INTO player_score VALUES('62e198c66',61,'578a2c698','5bfe14d09',173502,426,1654017523,1654017523);
INSERT INTO player_score VALUES('5f7f7f95a',61,'578a2c698','5e0ccbae8',7056,362,1653926706,1653926706);
INSERT INTO player_score VALUES('5c55294b9',61,'6038f32bf','1998c5c8e',38640,450,1653841736,1653841736);
INSERT INTO player_score VALUES('6106b2140',61,'6038f32bf','1a5b3ef03',322400,442,1653967726,1653967726);
INSERT INTO player_score VALUES('627a098a0',61,'6038f32bf','2121ec17e',0,418,1654006664,1654006664);
INSERT INTO player_score VALUES('605f13e72',61,'6038f32bf','2f812dbc9',0,452,1653950150,1653950150);
INSERT INTO player_score VALUES('632771a10',61,'6038f32bf','33b1454ee',39440,427,1654024847,1654024847);
INSERT INTO player_score VALUES('60ed7afe9',61,'6038f32bf','38c5fa41a',528984,467,1653965082,1653965082);
INSERT INTO player_score VALUES('63407573e',61,'6038f32bf','42d71775c',16380,398,1654027470,1654027470);
INSERT INTO player_score VALUES('63ada78db',61,'6038f32bf','456a4f3e1',211888,516,1654038920,1654038920);
INSERT INTO player_score VALUES('631a7bc67',61,'6038f32bf','5bfe14d09',86848,443,1654023488,1654023488);
INSERT INTO player_score VALUES('608104e31',61,'63447bb6f','1a5b3ef03',340032,437,1653953709,1653953709);
INSERT INTO player_score VALUES('5cb456897',61,'63447bb6f','2121ec17e',174600,389,1653851716,1653851716);
INSERT INTO player_score VALUES('62eddc6c9',61,'63447bb6f','2f812dbc9',458298,473,1654018809,1654018809);
INSERT INTO player_score VALUES('63906a328',61,'63447bb6f','33b1454ee',170324,432,1654035854,1654035854);
INSERT INTO player_score VALUES('631ebca42',61,'63447bb6f','42d71775c',13530,397,1654023934,1654023934);
INSERT INTO player_score VALUES('5f8bf8f1e',61,'63447bb6f','456a4f3e1',122202,449,1653928014,1653928014);
INSERT INTO player_score VALUES('62405e5a9',61,'63447bb6f','5bfe14d09',24565,379,1654000617,1654000617);
INSERT INTO player_score VALUES('637c5e5c4',61,'63a9b25d3','1998c5c8e',22308,494,1654033752,1654033752);
INSERT INTO player_score VALUES('60cba9c64',61,'63a9b25d3','1a5b3ef03',121401,439,1653961536,1653961536);
INSERT INTO player_score VALUES('632a7c708',61,'63a9b25d3','2121ec17e',1881,423,1654025166,1654025166);
INSERT INTO player_score VALUES('602fa4596',61,'63a9b25d3','2f812dbc9',12450,450,1653945176,1653945176);
INSERT INTO player_score VALUES('63ba23566',61,'63a9b25d3','33b1454ee',127088,434,1654040229,1654040229);
INSERT INTO player_score VALUES('638406cf2',61,'63a9b25d3','456a4f3e1',162162,513,1654034555,1654034555);
INSERT INTO player_score VALUES('639b9ed97',61,'63a9b25d3','5bfe14d09',345184,469,1654037029,1654037029);
COMMIT;
