
BEGIN;
CREATE TABLE IF NOT EXISTS competition (
  id VARCHAR(255) NOT NULL PRIMARY KEY,
  tenant_id BIGINT NOT NULL,
  title TEXT NOT NULL,
  finished_at BIGINT NULL,
  created_at BIGINT NOT NULL,
  updated_at BIGINT NOT NULL
);
INSERT INTO competition VALUES('5078604ed',62,'バーチャルサッカーPERFECT',1653562183,1653523306,1653562183);
INSERT INTO competition VALUES('5597b28c7',62,'第2回 椅子レタス図鑑',NULL,1653660808,1653923124);
CREATE TABLE IF NOT EXISTS player (
  id VARCHAR(255) NOT NULL PRIMARY KEY,
  tenant_id BIGINT NOT NULL,
  display_name TEXT NOT NULL,
  is_disqualified BOOLEAN NOT NULL,
  created_at BIGINT NOT NULL,
  updated_at BIGINT NOT NULL
);
INSERT INTO player VALUES('1956b8985',62,'Dayton Hermiston',0,1652043382,1653484898);
INSERT INTO player VALUES('197fd09bc',62,'Heather Sawayn',0,1652047691,1652308557);
INSERT INTO player VALUES('198d393e2',62,'Kris Kilback',0,1652049097,1653450353);
INSERT INTO player VALUES('1ac5d1a62',62,'Mr. Camron Kub DVM',0,1652081875,1653754176);
INSERT INTO player VALUES('1aec05ed5',62,'Mr. Jovani Goldner',0,1652085881,1654022491);
INSERT INTO player VALUES('1cdbcf4c5',62,'Ms. Samanta Stracke',0,1652137868,1652407695);
INSERT INTO player VALUES('1dcbbc37d',62,'Mr. Felix Emard',0,1652163026,1653581549);
INSERT INTO player VALUES('1dcfa79eb',62,'Laurie Robel',0,1652163437,1653375529);
INSERT INTO player VALUES('1e0a6440c',62,'Sheldon Wuckert',0,1652169596,1653115070);
INSERT INTO player VALUES('1e29cbcb1',62,'Mr. Oren Kilback',1,1652172889,1652202957);
INSERT INTO player VALUES('1e2bdb26d',62,'Roman Lindgren',0,1652173105,1652909195);
INSERT INTO player VALUES('1e7d20cc7',62,'Murray Auer I',0,1652181627,1653886699);
INSERT INTO player VALUES('1e9406a1a',62,'Nichole Strosin',0,1652184028,1653740435);
INSERT INTO player VALUES('1e9b63636',62,'Rosemary Farrell',0,1652184800,1653029181);
INSERT INTO player VALUES('1f9a5f43f',62,'Mr. Adolphus Barton III',0,1652211537,1652771041);
INSERT INTO player VALUES('1fceeb695',62,'Toni Nikolaus',0,1652217047,1652749351);
INSERT INTO player VALUES('200b29c50',62,'Thora Towne',0,1652223364,1652312250);
INSERT INTO player VALUES('20618243e',62,'Mr. Bryon Morissette Jr.',0,1652232418,1652803932);
INSERT INTO player VALUES('20a91505f',62,'Erica Heaney',0,1652239923,1653886274);
INSERT INTO player VALUES('21fecb0e9',62,'Miles McLaughlin',0,1652275754,1652301852);
INSERT INTO player VALUES('2200a4ac9',62,'Ms. Estelle Ruecker PhD',0,1652275948,1653515083);
INSERT INTO player VALUES('223ab8d98',62,'Mr. Scottie Lemke IV',0,1652282038,1652463892);
INSERT INTO player VALUES('225e306ed',62,'Annabelle Hilll',0,1652285757,1653070697);
INSERT INTO player VALUES('23b18b721',62,'Ms. Rebecca Steuber',0,1652321341,1652339224);
INSERT INTO player VALUES('245a5fa90',62,'Flo Lesch',1,1652339044,1653504072);
INSERT INTO player VALUES('2518e39f2',62,'Gussie Johnson',0,1652359021,1653758847);
INSERT INTO player VALUES('256ed8053',62,'Viola Willms DVM',0,1652368034,1653753316);
INSERT INTO player VALUES('25b9313a2',62,'Albert Wunsch',0,1652375830,1653180790);
INSERT INTO player VALUES('26b760039',62,'Jessy Huels',0,1652402483,1652536806);
INSERT INTO player VALUES('2727d2a6a',62,'Mr. Houston Donnelly',1,1652414274,1652522130);
INSERT INTO player VALUES('286d21747',62,'Lamar Heaney Jr.',0,1652448385,1653696360);
INSERT INTO player VALUES('28a22057b',62,'Chloe Turner',0,1652453942,1653437208);
INSERT INTO player VALUES('28dd45f1f',62,'Uriah Osinski',0,1652460144,1652855178);
INSERT INTO player VALUES('292a2d70a',62,'Herminia Champlin',0,1652468208,1653760928);
INSERT INTO player VALUES('2a169f3d1',62,'Asia Zieme',0,1652493001,1653539131);
INSERT INTO player VALUES('2a1cd9795',62,'Mr. Maxime Emmerich DDS',0,1652493654,1654040401);
INSERT INTO player VALUES('2a42fa340',62,'Stanley Feest',0,1652497652,1652817164);
INSERT INTO player VALUES('2b45872b8',62,'Mr. Rocky Kassulke',0,1652524763,1653771949);
INSERT INTO player VALUES('2b4b93091',62,'Theresia Rempel',0,1652525397,1652928646);
INSERT INTO player VALUES('2ba53d223',62,'Sedrick Walter PhD',0,1652534799,1653183062);
INSERT INTO player VALUES('2c63ed0db',62,'Jon Howell',0,1652554794,1653132559);
INSERT INTO player VALUES('2cc92b036',62,'Eldridge Schuppe',0,1652565410,1653612671);
INSERT INTO player VALUES('2cfa23a72',62,'Mariane Dickinson V',1,1652570545,1653083329);
INSERT INTO player VALUES('2d3c88b84',62,'Eudora Goyette',1,1652577507,1653814765);
INSERT INTO player VALUES('2d4e51f1e',62,'Ron Kuphal',0,1652579372,1653948073);
INSERT INTO player VALUES('2e3b42aee',62,'Fredy Keebler II',0,1652604217,1653652729);
INSERT INTO player VALUES('2e68b66a9',62,'Rosendo Murphy',0,1652608983,1653917052);
INSERT INTO player VALUES('2ed994740',62,'Ms. Gwen Welch',1,1652620818,1653517616);
INSERT INTO player VALUES('2ee318fa1',62,'Mr. Miguel Mueller',0,1652621816,1653504105);
INSERT INTO player VALUES('2ffd4a2e0',62,'Ms. Melissa Predovic MD',0,1652651406,1652653833);
INSERT INTO player VALUES('308b93f9e',62,'Dejuan Stark',0,1652666326,1653620366);
INSERT INTO player VALUES('30e1c0839',62,'Linnie Bernhard II',1,1652675362,1652808181);
INSERT INTO player VALUES('30f609621',62,'Tania Haag',0,1652677489,1654033563);
INSERT INTO player VALUES('31516d63e',62,'Kylee Parisian',0,1652687072,1652989593);
INSERT INTO player VALUES('31c3f1c91',62,'Mr. Marquis Wunsch',0,1652699080,1652934561);
INSERT INTO player VALUES('321fcd6af',62,'Bette Dicki',0,1652708712,1653476989);
INSERT INTO player VALUES('32e6d5914',62,'Hilton Moen',0,1652729582,1653962996);
INSERT INTO player VALUES('33050bf24',62,'Bernita Waelchi',1,1652732750,1653479149);
INSERT INTO player VALUES('33a378976',62,'Buddy Rau',0,1652749362,1653870169);
INSERT INTO player VALUES('33e622016',62,'Noemi Runolfsdottir',0,1652756352,1653029114);
INSERT INTO player VALUES('345694a45',62,'Bertha Glover III',0,1652768143,1653295646);
INSERT INTO player VALUES('34a819c3d',62,'Ms. Lurline Stiedemann',0,1652776691,1653017640);
INSERT INTO player VALUES('352d8c5e0',62,'Ms. Ava Waters',0,1652790684,1652921104);
INSERT INTO player VALUES('35a2c895e',62,'Myrtle Heidenreich',0,1652802977,1653351588);
INSERT INTO player VALUES('35d43b433',62,'Holly Weissnat III',0,1652808162,1653288913);
INSERT INTO player VALUES('35dc95f0f',62,'Mr. Santos Kuhic MD',0,1652809038,1653496718);
INSERT INTO player VALUES('35f40bcc8',62,'Mr. Immanuel Hauck',0,1652811498,1653558769);
INSERT INTO player VALUES('36408f356',62,'Ms. Iva Fadel MD',0,1652819521,1652952089);
INSERT INTO player VALUES('3692f0144',62,'German Homenick',0,1652828159,1653662380);
INSERT INTO player VALUES('36c369bfd',62,'Eugenia Ondricka',0,1652833242,1653795871);
INSERT INTO player VALUES('37339f53a',62,'Ms. Alda Balistreri',0,1652845008,1653161392);
INSERT INTO player VALUES('373992c33',62,'Ms. Kaelyn Haag',0,1652845632,1653178209);
INSERT INTO player VALUES('38b70b022',62,'Mr. Christ Halvorson MD',0,1652885632,1653176475);
INSERT INTO player VALUES('3a2a84ab9',62,'Trever Reichel',0,1652924584,1653071100);
INSERT INTO player VALUES('3a4b35cea',62,'Mr. Terry Walker V',0,1652928012,1653878644);
INSERT INTO player VALUES('3a5ac3be1',62,'Robert Brown',1,1652929643,1653354707);
INSERT INTO player VALUES('3ad668914',62,'Fermin Kerluke',1,1652942608,1653305046);
INSERT INTO player VALUES('3ae4c7c65',62,'Jaycee Halvorson',0,1652944115,1653974750);
INSERT INTO player VALUES('3b4ad05f4',62,'Armani Bradtke',0,1652954814,1653423271);
INSERT INTO player VALUES('3c3319b3a',62,'Demetris Kiehn',0,1652979171,1653590438);
INSERT INTO player VALUES('3cd303360',62,'Ms. Zena Nicolas V',1,1652995939,1653562776);
INSERT INTO player VALUES('3cf4f1bba',62,'Samanta Swaniawski',0,1652999497,1653957664);
INSERT INTO player VALUES('3d11cd6fb',62,'Kaelyn Ziemann',0,1653002523,1653630720);
INSERT INTO player VALUES('3d1aba97d',62,'Laurianne Abernathy Sr.',0,1653003459,1653091755);
INSERT INTO player VALUES('3d5a481cd',62,'Rafaela Kuhlman III',0,1653010123,1654008570);
INSERT INTO player VALUES('3e4cd6d9f',62,'Ms. Marilie Hayes Jr.',0,1653035557,1653212791);
INSERT INTO player VALUES('3ebe56024',62,'Ms. Melyna Schowalter IV',0,1653047458,1653810660);
INSERT INTO player VALUES('3f0573960',62,'Armando Ferry',1,1653054915,1653932819);
INSERT INTO player VALUES('402d199e3',62,'Howard Lebsack',0,1653085916,1654004553);
INSERT INTO player VALUES('40b53cb30',62,'Ms. Mercedes Yundt',0,1653100191,1653806439);
INSERT INTO player VALUES('40d9e574d',62,'Ambrose Runolfsdottir',0,1653104035,1653798308);
INSERT INTO player VALUES('40f271a63',62,'Elda Mante',0,1653106609,1653688089);
INSERT INTO player VALUES('40fd24e63',62,'Ms. Sandra Metz PhD',0,1653107731,1653684115);
INSERT INTO player VALUES('41141bcf3',62,'Axel Powlowski',0,1653110139,1653772074);
INSERT INTO player VALUES('41356451e',62,'Mr. Timmothy Breitenberg III',0,1653113629,1653275310);
INSERT INTO player VALUES('418924bc3',62,'Jesus Metz',0,1653122411,1653303191);
INSERT INTO player VALUES('41b161095',62,'Mr. Jayson Hauck',0,1653126630,1653406063);
INSERT INTO player VALUES('422e74132',62,'Jerrold Kuphal',1,1653139745,1653400203);
INSERT INTO player VALUES('42556ba96',62,'Andy Collier III',0,1653143831,1653301225);
INSERT INTO player VALUES('437ca3d78',62,'Dangelo Ondricka Sr.',0,1653174787,1653821791);
INSERT INTO player VALUES('447ef3c64',62,'Michael Schimmel PhD',0,1653201873,1653342387);
INSERT INTO player VALUES('448d75255',62,'Ms. Michaela Crona',0,1653203394,1653806425);
INSERT INTO player VALUES('44e23faee',62,'Bo Goodwin',0,1653212285,1653408187);
INSERT INTO player VALUES('4551ea1d1',62,'Manley Lockman',0,1653223994,1653851287);
INSERT INTO player VALUES('459059fea',62,'Brandon Schmeler',0,1653230541,1653890726);
INSERT INTO player VALUES('46144116c',62,'Hanna Dickens II',0,1653244372,1653541773);
INSERT INTO player VALUES('470443f41',62,'Antonetta Predovic Jr.',0,1653269539,1653837221);
INSERT INTO player VALUES('478f6a826',62,'Vicenta Huel',0,1653284130,1653405945);
INSERT INTO player VALUES('485f38c45',62,'Zakary Howe Sr.',1,1653305920,1653759677);
INSERT INTO player VALUES('48cd49081',62,'Ms. Cayla Senger IV',1,1653317461,1653897174);
INSERT INTO player VALUES('490d6decb',62,'Mack Lindgren',0,1653324187,1653961288);
INSERT INTO player VALUES('493d614fe',62,'Kip Cronin',0,1653329215,1653923317);
INSERT INTO player VALUES('4abe30123',62,'Alfreda Williamson',0,1653369565,1654005838);
INSERT INTO player VALUES('4bb75f8e0',62,'Summer Bogisich DDS',0,1653395694,1653572344);
INSERT INTO player VALUES('4bba6ccef',62,'Aiden Crist',1,1653396014,1653721407);
INSERT INTO player VALUES('4c62e1d2c',62,'Adriana Boehm',0,1653413678,1653690022);
INSERT INTO player VALUES('4d9f08de1',62,'Anabelle Dach MD',0,1653446829,1653865536);
INSERT INTO player VALUES('4da6e49b3',62,'Ms. Alessandra Labadie',0,1653447653,1653656375);
INSERT INTO player VALUES('4df2cbc0b',62,'Melyssa Ryan',0,1653455612,1653894180);
INSERT INTO player VALUES('4e2cc02b6',62,'Lora Lueilwitz MD',0,1653461689,1653680181);
INSERT INTO player VALUES('4ebd90ed9',62,'Brain Dibbert',0,1653476874,1653754295);
INSERT INTO player VALUES('4f06a0898',62,'Mr. Clifford Adams DDS',0,1653484535,1653975450);
INSERT INTO player VALUES('4f5613e58',62,'Jayme Bergnaum',1,1653492866,1653981394);
INSERT INTO player VALUES('4f6424f8e',62,'Ms. Sandrine Lockman',0,1653494341,1653622470);
INSERT INTO player VALUES('4f682b403',62,'Maudie Fritsch',0,1653494763,1653749792);
INSERT INTO player VALUES('4f6f17b59',62,'Brett Schinner IV',0,1653495489,1653710673);
INSERT INTO player VALUES('4f74d5700',62,'Joey D"Amore Sr.',0,1653496091,1653564192);
INSERT INTO player VALUES('4fb71d33d',62,'Rosalinda Collier',0,1653503041,1653557663);
INSERT INTO player VALUES('50bdf25d3',62,'Ivory Moore',0,1653530601,1653810455);
INSERT INTO player VALUES('50da53fae',62,'Webster McDermott',0,1653533577,1653548726);
INSERT INTO player VALUES('50dbcbf79',62,'Mr. Webster Purdy IV',0,1653533731,1653716797);
INSERT INTO player VALUES('51f02227f',62,'Anais McLaughlin',0,1653562707,1654021634);
INSERT INTO player VALUES('52c7cc1b2',62,'Crystal Graham',0,1653585321,1653946618);
INSERT INTO player VALUES('52e258fc9',62,'Mr. Santos Homenick II',0,1653588105,1653708408);
INSERT INTO player VALUES('534ca276b',62,'Gail Simonis',0,1653599250,1653679636);
INSERT INTO player VALUES('542977aad',62,'Ms. Marcelle Nikolaus',0,1653622406,1653860679);
INSERT INTO player VALUES('54551b87a',62,'Sylvester Satterfield',0,1653626982,1654027486);
INSERT INTO player VALUES('54d2f1e14',62,'Mr. Bernard Mills',1,1653640177,1653712278);
INSERT INTO player VALUES('5505eda3e',62,'Ms. Maybelline Prosacco III',0,1653645523,1653714683);
INSERT INTO player VALUES('5513e16f5',62,'Mr. Patrick Hoppe PhD',0,1653646986,1654022141);
INSERT INTO player VALUES('553eb5ca2',62,'Dexter Murazik',0,1653651477,1653831938);
INSERT INTO player VALUES('555683898',62,'Reilly Grady',0,1653653973,1653850071);
INSERT INTO player VALUES('561b0e771',62,'Jimmie Adams V',0,1653674582,1653853835);
INSERT INTO player VALUES('582ff0ed8',62,'Donavon Powlowski Jr.',0,1653730459,1653982319);
INSERT INTO player VALUES('591d39906',62,'Elvis Parker Sr.',0,1653755340,1653983219);
INSERT INTO player VALUES('59c349c56',62,'Alysson Nienow',0,1653772753,1653893996);
INSERT INTO player VALUES('59cf7ec45',62,'Kolby Smitham',0,1653774033,1653888981);
INSERT INTO player VALUES('5a0c1295a',62,'Ms. Darlene Rogahn V',0,1653780385,1653811981);
INSERT INTO player VALUES('5a1289d93',62,'Ms. Shyanne Ziemann',1,1653781063,1653898074);
INSERT INTO player VALUES('5a6d47d71',62,'Ms. Dortha Thiel Jr.',0,1653790578,1653963487);
INSERT INTO player VALUES('5a6e2ae0d',62,'Lina Swift',0,1653790671,1653893543);
INSERT INTO player VALUES('5a7fd6d02',62,'Devyn Eichmann IV',0,1653792524,1653993572);
INSERT INTO player VALUES('5aa4a913c',62,'Mr. Frankie Batz I',0,1653796385,1653832228);
INSERT INTO player VALUES('5ab6eecf7',62,'Jaylan Hessel',0,1653798301,1653944204);
INSERT INTO player VALUES('5c1000390',62,'Mr. Salvador Wolff',0,1653834484,1653838197);
INSERT INTO player VALUES('5cc6f6964',62,'Milan Hane',0,1653853669,1653855963);
INSERT INTO player VALUES('5cced251f',62,'Josiane Kessler',0,1653854493,1653988050);
INSERT INTO player VALUES('5cf262536',62,'Leonard Rolfson',1,1653858222,1653941464);
INSERT INTO player VALUES('5e4ddd63b',62,'Annamarie Schneider',1,1653894658,1654007839);
INSERT INTO player VALUES('5e8127482',62,'Celine Carroll',0,1653900036,1653909794);
INSERT INTO player VALUES('5f13a5ba8',62,'Ms. Hanna Kub',0,1653915397,1654000188);
INSERT INTO player VALUES('601a22fa2',62,'Vida Cremin III',0,1653942921,1653974802);
INSERT INTO player VALUES('6048a0d71',62,'Marion Hand',0,1653947796,1654019092);
INSERT INTO player VALUES('60678be08',62,'Mr. Vance Kuhic I',0,1653951038,1654022487);
INSERT INTO player VALUES('606f31e3b',62,'Ruthie Balistreri',1,1653951840,1654018753);
INSERT INTO player VALUES('6094301c0',62,'Bennie Rempel',0,1653955719,1654038454);
INSERT INTO player VALUES('60d9a9be7',62,'Sabryna Wolf',0,1653963004,1653978896);
INSERT INTO player VALUES('60f0d3ec4',62,'Johanna Gorczany',0,1653965433,1653970683);
INSERT INTO player VALUES('60f8d4448',62,'Vicenta Kiehn',0,1653966272,1654027026);
INSERT INTO player VALUES('615723535',62,'Irma Morar',1,1653976161,1654027734);
INSERT INTO player VALUES('620143938',62,'Stephon Boyle',0,1653994000,1654004183);
INSERT INTO player VALUES('6224263d5',62,'Sonya Hartmann',0,1653997658,1654008612);
INSERT INTO player VALUES('623defcae',62,'Breanna Mosciski',0,1654000362,1654032825);
INSERT INTO player VALUES('62d8a44d5',62,'Ruben Harvey MD',0,1654016584,1654039710);
INSERT INTO player VALUES('639948b26',62,'Mona Aufderhar Sr.',0,1654036784,1654038136);
CREATE TABLE IF NOT EXISTS IF NOT EXISTS "player_score" (
                              id VARCHAR(255) NOT NULL PRIMARY KEY,
                              tenant_id BIGINT NOT NULL,
                              player_id VARCHAR(255) NOT NULL,
                              competition_id VARCHAR(255) NOT NULL,
                              score BIGINT NOT NULL,
                              row_num BIGINT NOT NULL,
                              created_at BIGINT NOT NULL,
                              updated_at BIGINT NOT NULL
);
INSERT INTO player_score VALUES('51ead249f',62,'1956b8985','5078604ed',530796,2509,1653562150,1653562150);
INSERT INTO player_score VALUES('628d484ee',62,'1956b8985','5597b28c7',10608,3149,1654008682,1654008682);
INSERT INTO player_score VALUES('51e69b311',62,'197fd09bc','5078604ed',49335,2478,1653561708,1653561708);
INSERT INTO player_score VALUES('62f3b9e55',62,'197fd09bc','5597b28c7',460350,3251,1654019424,1654019424);
INSERT INTO player_score VALUES('51c086a47',62,'198d393e2','5078604ed',187758,2220,1653557715,1653557715);
INSERT INTO player_score VALUES('63c23c197',62,'198d393e2','5597b28c7',243729,3439,1654041078,1654041078);
INSERT INTO player_score VALUES('51db297e5',62,'1ac5d1a62','5078604ed',24576,2402,1653560508,1653560508);
INSERT INTO player_score VALUES('6272db27d',62,'1ac5d1a62','5597b28c7',61335,3114,1654005911,1654005911);
INSERT INTO player_score VALUES('629746e75',62,'1aec05ed5','5597b28c7',6324,3160,1654009730,1654009730);
INSERT INTO player_score VALUES('51d564718',62,'1cdbcf4c5','5078604ed',2451,2360,1653559903,1653559903);
INSERT INTO player_score VALUES('6374718c9',62,'1cdbcf4c5','5597b28c7',0,3370,1654032921,1654032921);
INSERT INTO player_score VALUES('51cda8746',62,'1dcbbc37d','5078604ed',16200,2305,1653559092,1653559092);
INSERT INTO player_score VALUES('63b11b54d',62,'1dcbbc37d','5597b28c7',234600,3427,1654039282,1654039282);
INSERT INTO player_score VALUES('6389f55c6',62,'1dcfa79eb','5597b28c7',119016,3392,1654035177,1654035177);
INSERT INTO player_score VALUES('51d937743',62,'1e0a6440c','5078604ed',156520,2386,1653560304,1653560304);
INSERT INTO player_score VALUES('634bcc466',62,'1e0a6440c','5597b28c7',491400,3329,1654028659,1654028659);
INSERT INTO player_score VALUES('51e86b0a8',62,'1e29cbcb1','5078604ed',540144,2493,1653561898,1653561898);
INSERT INTO player_score VALUES('6386d9786',62,'1e29cbcb1','5597b28c7',415415,3389,1654034851,1654034851);
INSERT INTO player_score VALUES('51d80b2ab',62,'1e2bdb26d','5078604ed',174798,2379,1653560181,1653560181);
INSERT INTO player_score VALUES('638d1fe7e',62,'1e2bdb26d','5597b28c7',97359,3398,1654035509,1654035509);
INSERT INTO player_score VALUES('51da2e076',62,'1e7d20cc7','5078604ed',156156,2393,1653560405,1653560405);
INSERT INTO player_score VALUES('63bfbee49',62,'1e7d20cc7','5597b28c7',170544,3436,1654040817,1654040817);
INSERT INTO player_score VALUES('51d2524fe',62,'1e9406a1a','5078604ed',57000,2340,1653559581,1653559581);
INSERT INTO player_score VALUES('63b6e2d43',62,'1e9406a1a','5597b28c7',34220,3432,1654039888,1654039888);
INSERT INTO player_score VALUES('51df82c66',62,'1e9b63636','5078604ed',0,2429,1653560964,1653560964);
INSERT INTO player_score VALUES('6330fb08d',62,'1e9b63636','5597b28c7',111848,3302,1654025847,1654025847);
INSERT INTO player_score VALUES('51c9b3455',62,'1f9a5f43f','5078604ed',13338,2275,1653558677,1653558677);
INSERT INTO player_score VALUES('6367a79c7',62,'1f9a5f43f','5597b28c7',25872,3356,1654031580,1654031580);
INSERT INTO player_score VALUES('51e87c220',62,'1fceeb695','5078604ed',14112,2494,1653561905,1653561905);
INSERT INTO player_score VALUES('63b6839f5',62,'1fceeb695','5597b28c7',191022,3431,1654039849,1654039849);
INSERT INTO player_score VALUES('51e717b55',62,'20618243e','5078604ed',74347,2481,1653561759,1653561759);
INSERT INTO player_score VALUES('639ef7c82',62,'20618243e','5597b28c7',230480,3415,1654037380,1654037380);
INSERT INTO player_score VALUES('51daf639a',62,'20a91505f','5078604ed',77615,2399,1653560487,1653560487);
INSERT INTO player_score VALUES('635228b12',62,'20a91505f','5597b28c7',50625,3334,1654029326,1654029326);
INSERT INTO player_score VALUES('51cac72ae',62,'21fecb0e9','5078604ed',64000,2287,1653558790,1653558790);
INSERT INTO player_score VALUES('633fb7040',62,'21fecb0e9','5597b28c7',3984,3310,1654027392,1654027392);
INSERT INTO player_score VALUES('51e0dd724',62,'2200a4ac9','5078604ed',515424,2440,1653561106,1653561106);
INSERT INTO player_score VALUES('61ee3a879',62,'2200a4ac9','5597b28c7',204000,2984,1653992004,1653992004);
INSERT INTO player_score VALUES('63a91d71e',62,'223ab8d98','5597b28c7',91520,3420,1654038444,1654038444);
INSERT INTO player_score VALUES('51e377f74',62,'225e306ed','5078604ed',236964,2462,1653561379,1653561379);
INSERT INTO player_score VALUES('633c93cb8',62,'225e306ed','5597b28c7',27778,3308,1654027063,1654027063);
INSERT INTO player_score VALUES('51d4f4270',62,'23b18b721','5078604ed',238000,2357,1653559857,1653559857);
INSERT INTO player_score VALUES('6344dfcda',62,'23b18b721','5597b28c7',212058,3315,1654027933,1654027933);
INSERT INTO player_score VALUES('51e81cef3',62,'245a5fa90','5078604ed',17010,2490,1653561866,1653561866);
INSERT INTO player_score VALUES('6295ec396',62,'245a5fa90','5597b28c7',161880,3158,1654009588,1654009588);
INSERT INTO player_score VALUES('51d31cf5e',62,'2518e39f2','5078604ed',49392,2346,1653559664,1653559664);
INSERT INTO player_score VALUES('63c31a470',62,'2518e39f2','5597b28c7',0,3440,1654041169,1654041169);
INSERT INTO player_score VALUES('51e08f56c',62,'256ed8053','5078604ed',218120,2438,1653561074,1653561074);
INSERT INTO player_score VALUES('637f1144b',62,'256ed8053','5597b28c7',208608,3381,1654034035,1654034035);
INSERT INTO player_score VALUES('51ca21252',62,'25b9313a2','5078604ed',214032,2277,1653558722,1653558722);
INSERT INTO player_score VALUES('635defd74',62,'25b9313a2','5597b28c7',332253,3345,1654030561,1654030561);
INSERT INTO player_score VALUES('51d7b5b22',62,'26b760039','5078604ed',171600,2374,1653560146,1653560146);
INSERT INTO player_score VALUES('631d3fc3b',62,'26b760039','5597b28c7',384540,3283,1654023778,1654023778);
INSERT INTO player_score VALUES('51e2a11bf',62,'2727d2a6a','5078604ed',31000,2457,1653561291,1653561291);
INSERT INTO player_score VALUES('62c763c94',62,'2727d2a6a','5597b28c7',82000,3206,1654014775,1654014775);
INSERT INTO player_score VALUES('51e87c221',62,'286d21747','5078604ed',332800,2495,1653561905,1653561905);
INSERT INTO player_score VALUES('636b204b2',62,'286d21747','5597b28c7',40612,3363,1654031944,1654031944);
INSERT INTO player_score VALUES('51e9b4a34',62,'28a22057b','5078604ed',5016,2504,1653562033,1653562033);
INSERT INTO player_score VALUES('62f8885db',62,'28a22057b','5597b28c7',71280,3255,1654019928,1654019928);
INSERT INTO player_score VALUES('51dfe952d',62,'28dd45f1f','5078604ed',14742,2436,1653561006,1653561006);
INSERT INTO player_score VALUES('620b449da',62,'28dd45f1f','5597b28c7',4550,3020,1653995049,1653995049);
INSERT INTO player_score VALUES('51dfa7646',62,'292a2d70a','5078604ed',439824,2432,1653560979,1653560979);
INSERT INTO player_score VALUES('6307074e1',62,'292a2d70a','5597b28c7',22320,3267,1654021448,1654021448);
INSERT INTO player_score VALUES('51e2026e6',62,'2a169f3d1','5078604ed',105120,2450,1653561226,1653561226);
INSERT INTO player_score VALUES('638fa94f9',62,'2a169f3d1','5597b28c7',312221,3399,1654035775,1654035775);
INSERT INTO player_score VALUES('51dc7cd8c',62,'2a1cd9795','5078604ed',38912,2410,1653560647,1653560647);
INSERT INTO player_score VALUES('62d729de4',62,'2a1cd9795','5597b28c7',140070,3227,1654016429,1654016429);
INSERT INTO player_score VALUES('51e7042a5',62,'2a42fa340','5078604ed',64600,2480,1653561751,1653561751);
INSERT INTO player_score VALUES('6327aea9b',62,'2a42fa340','5597b28c7',361746,3294,1654024872,1654024872);
INSERT INTO player_score VALUES('51e4980a2',62,'2b45872b8','5078604ed',714400,2465,1653561497,1653561497);
INSERT INTO player_score VALUES('62d2e4229',62,'2b45872b8','5597b28c7',31185,3218,1654015981,1654015981);
INSERT INTO player_score VALUES('627ff8193',62,'2b4b93091','5597b28c7',3168,3131,1654007286,1654007286);
INSERT INTO player_score VALUES('620aad3f8',62,'2ba53d223','5597b28c7',569664,3019,1653994987,1653994987);
INSERT INTO player_score VALUES('51dd56209',62,'2c63ed0db','5078604ed',196272,2415,1653560736,1653560736);
INSERT INTO player_score VALUES('6346b21fe',62,'2c63ed0db','5597b28c7',305118,3317,1654028124,1654028124);
INSERT INTO player_score VALUES('51d84f854',62,'2cc92b036','5078604ed',58212,2381,1653560209,1653560209);
INSERT INTO player_score VALUES('638bb6938',62,'2cc92b036','5597b28c7',231075,3395,1654035361,1654035361);
INSERT INTO player_score VALUES('51dece1c8',62,'2cfa23a72','5078604ed',10384,2424,1653560890,1653560890);
INSERT INTO player_score VALUES('63608f3a1',62,'2cfa23a72','5597b28c7',55242,3347,1654030836,1654030836);
INSERT INTO player_score VALUES('51dcd9a1e',62,'2d3c88b84','5078604ed',34125,2412,1653560685,1653560685);
INSERT INTO player_score VALUES('62bc0a843',62,'2d3c88b84','5597b28c7',336960,3196,1654013585,1654013585);
INSERT INTO player_score VALUES('51e523330',62,'2d4e51f1e','5078604ed',543576,2471,1653561554,1653561554);
INSERT INTO player_score VALUES('63b482ebd',62,'2d4e51f1e','5597b28c7',107160,3428,1654039639,1654039639);
INSERT INTO player_score VALUES('51e8180a2',62,'2e3b42aee','5078604ed',160740,2489,1653561864,1653561864);
INSERT INTO player_score VALUES('6399686fc',62,'2e3b42aee','5597b28c7',601425,3408,1654036797,1654036797);
INSERT INTO player_score VALUES('51c0a3f16',62,'2e68b66a9','5078604ed',271830,2221,1653557727,1653557727);
INSERT INTO player_score VALUES('63bfcffa0',62,'2e68b66a9','5597b28c7',233120,3437,1654040824,1654040824);
INSERT INTO player_score VALUES('51eb00ab7',62,'2ed994740','5078604ed',150480,2511,1653562169,1653562169);
INSERT INTO player_score VALUES('62f4d516f',62,'2ed994740','5597b28c7',322920,3252,1654019540,1654019540);
INSERT INTO player_score VALUES('51b6302b1',62,'2ee318fa1','5078604ed',33867,2143,1653556631,1653556631);
INSERT INTO player_score VALUES('62c6bb587',62,'2ee318fa1','5597b28c7',238680,3205,1654014706,1654014706);
INSERT INTO player_score VALUES('51d996aa8',62,'2ffd4a2e0','5078604ed',37240,2388,1653560343,1653560343);
INSERT INTO player_score VALUES('634ffc0e8',62,'2ffd4a2e0','5597b28c7',71680,3333,1654029098,1654029098);
INSERT INTO player_score VALUES('51d7e687f',62,'308b93f9e','5078604ed',4500,2377,1653560166,1653560166);
INSERT INTO player_score VALUES('6392c2c78',62,'308b93f9e','5597b28c7',1968,3402,1654036100,1654036100);
INSERT INTO player_score VALUES('51e17260b',62,'30e1c0839','5078604ed',67456,2444,1653561167,1653561167);
INSERT INTO player_score VALUES('62f933435',62,'30e1c0839','5597b28c7',1342,3256,1654019998,1654019998);
INSERT INTO player_score VALUES('51cab3a3c',62,'30f609621','5078604ed',10304,2284,1653558782,1653558782);
INSERT INTO player_score VALUES('62b0b8921',62,'30f609621','5597b28c7',2400,3181,1654012398,1654012398);
INSERT INTO player_score VALUES('51deba964',62,'31516d63e','5078604ed',8832,2421,1653560882,1653560882);
INSERT INTO player_score VALUES('6209995d1',62,'31516d63e','5597b28c7',66240,3017,1653994874,1653994874);
INSERT INTO player_score VALUES('51d7344dc',62,'31c3f1c91','5078604ed',550400,2371,1653560093,1653560093);
INSERT INTO player_score VALUES('639001339',62,'31c3f1c91','5597b28c7',9840,3400,1654035811,1654035811);
INSERT INTO player_score VALUES('51e85c68d',62,'321fcd6af','5078604ed',28392,2492,1653561892,1653561892);
INSERT INTO player_score VALUES('61e22c94f',62,'321fcd6af','5597b28c7',102648,2976,1653990740,1653990740);
INSERT INTO player_score VALUES('51dda925b',62,'32e6d5914','5078604ed',4232,2416,1653560770,1653560770);
INSERT INTO player_score VALUES('637944e39',62,'32e6d5914','5597b28c7',436500,3376,1654033427,1654033427);
INSERT INTO player_score VALUES('51debf779',62,'33050bf24','5078604ed',383250,2422,1653560884,1653560884);
INSERT INTO player_score VALUES('62f163bf2',62,'33050bf24','5597b28c7',300375,3246,1654019179,1654019179);
INSERT INTO player_score VALUES('51e4ba376',62,'33a378976','5078604ed',45276,2466,1653561511,1653561511);
INSERT INTO player_score VALUES('632ad1e5b',62,'33a378976','5597b28c7',11880,3296,1654025201,1654025201);
INSERT INTO player_score VALUES('51d720c8c',62,'33e622016','5078604ed',487971,2369,1653560085,1653560085);
INSERT INTO player_score VALUES('634af7e21',62,'33e622016','5597b28c7',49140,3328,1654028572,1654028572);
INSERT INTO player_score VALUES('6352d606b',62,'345694a45','5597b28c7',343980,3336,1654029397,1654029397);
INSERT INTO player_score VALUES('633fafb20',62,'34a819c3d','5597b28c7',17280,3309,1654027389,1654027389);
INSERT INTO player_score VALUES('51d114ee0',62,'352d8c5e0','5078604ed',19152,2332,1653559451,1653559451);
INSERT INTO player_score VALUES('51d917b8f',62,'35a2c895e','5078604ed',218592,2385,1653560291,1653560291);
INSERT INTO player_score VALUES('62d6111ee',62,'35a2c895e','5597b28c7',34445,3223,1654016314,1654016314);
INSERT INTO player_score VALUES('518a6c901',62,'35d43b433','5078604ed',433160,1857,1653552042,1653552042);
INSERT INTO player_score VALUES('61fe2f034',62,'35d43b433','5597b28c7',408170,3007,1653993677,1653993677);
INSERT INTO player_score VALUES('51da3a3d7',62,'35dc95f0f','5078604ed',368368,2394,1653560410,1653560410);
INSERT INTO player_score VALUES('62d58380d',62,'35dc95f0f','5597b28c7',180234,3221,1654016256,1654016256);
INSERT INTO player_score VALUES('51dda925c',62,'35f40bcc8','5078604ed',6468,2417,1653560770,1653560770);
INSERT INTO player_score VALUES('6345cca2f',62,'35f40bcc8','5597b28c7',188991,3316,1654028030,1654028030);
INSERT INTO player_score VALUES('51b0c7e38',62,'36408f356','5078604ed',256080,2108,1653556064,1653556064);
INSERT INTO player_score VALUES('62e8dd206',62,'36408f356','5597b28c7',399672,3238,1654018285,1654018285);
INSERT INTO player_score VALUES('51e68055f',62,'3692f0144','5078604ed',29988,2476,1653561697,1653561697);
INSERT INTO player_score VALUES('635531100',62,'3692f0144','5597b28c7',246477,3340,1654029644,1654029644);
INSERT INTO player_score VALUES('51ea22839',62,'36c369bfd','5078604ed',106470,2506,1653562078,1653562078);
INSERT INTO player_score VALUES('62acef541',62,'36c369bfd','5597b28c7',0,3179,1654012001,1654012001);
INSERT INTO player_score VALUES('51d6d2a6a',62,'37339f53a','5078604ed',76440,2368,1653560053,1653560053);
INSERT INTO player_score VALUES('62bbc8997',62,'37339f53a','5597b28c7',2967,3195,1654013558,1654013558);
INSERT INTO player_score VALUES('51ddd5188',62,'373992c33','5078604ed',38016,2419,1653560788,1653560788);
INSERT INTO player_score VALUES('634e47091',62,'38b70b022','5597b28c7',254184,3331,1654028919,1654028919);
INSERT INTO player_score VALUES('51db46cb6',62,'3a2a84ab9','5078604ed',7832,2404,1653560520,1653560520);
INSERT INTO player_score VALUES('6352fd16e',62,'3a2a84ab9','5597b28c7',510840,3337,1654029413,1654029413);
INSERT INTO player_score VALUES('51e7b8d64',62,'3a4b35cea','5078604ed',38048,2486,1653561825,1653561825);
INSERT INTO player_score VALUES('612854e84',62,'3a4b35cea','5597b28c7',380160,2817,1653971253,1653971253);
INSERT INTO player_score VALUES('51d48164d',62,'3a5ac3be1','5078604ed',54810,2355,1653559810,1653559810);
INSERT INTO player_score VALUES('63aef6059',62,'3a5ac3be1','5597b28c7',121968,3425,1654039057,1654039057);
INSERT INTO player_score VALUES('51e246cb2',62,'3ad668914','5078604ed',410913,2453,1653561254,1653561254);
INSERT INTO player_score VALUES('6399352f6',62,'3ad668914','5597b28c7',278400,3407,1654036776,1654036776);
INSERT INTO player_score VALUES('51e50d3c1',62,'3ae4c7c65','5078604ed',127872,2469,1653561545,1653561545);
INSERT INTO player_score VALUES('638a12a96',62,'3ae4c7c65','5597b28c7',132240,3393,1654035189,1654035189);
INSERT INTO player_score VALUES('51e536baf',62,'3b4ad05f4','5078604ed',110160,2473,1653561562,1653561562);
INSERT INTO player_score VALUES('634916e93',62,'3b4ad05f4','5597b28c7',1944,3322,1654028375,1654028375);
INSERT INTO player_score VALUES('51e80e464',62,'3c3319b3a','5078604ed',38400,2488,1653561860,1653561860);
INSERT INTO player_score VALUES('635426f39',62,'3c3319b3a','5597b28c7',67500,3339,1654029535,1654029535);
INSERT INTO player_score VALUES('51e8fd8af',62,'3cd303360','5078604ed',57408,2501,1653561958,1653561958);
INSERT INTO player_score VALUES('51e76ab14',62,'3cf4f1bba','5078604ed',93100,2483,1653561793,1653561793);
INSERT INTO player_score VALUES('62fe39dd8',62,'3cf4f1bba','5597b28c7',90200,3262,1654020525,1654020525);
INSERT INTO player_score VALUES('51e266843',62,'3d11cd6fb','5078604ed',1012,2455,1653561267,1653561267);
INSERT INTO player_score VALUES('6204b00c7',62,'3d11cd6fb','5597b28c7',362880,3013,1653994359,1653994359);
INSERT INTO player_score VALUES('51e8c7d0e',62,'3d1aba97d','5078604ed',46200,2497,1653561936,1653561936);
INSERT INTO player_score VALUES('61362dd25',62,'3d1aba97d','5597b28c7',25092,2827,1653972705,1653972705);
INSERT INTO player_score VALUES('51e39a244',62,'3d5a481cd','5078604ed',33048,2463,1653561393,1653561393);
INSERT INTO player_score VALUES('621f50701',62,'3d5a481cd','5597b28c7',2490,3040,1653997151,1653997151);
INSERT INTO player_score VALUES('51e8921ff',62,'3e4cd6d9f','5078604ed',732096,2496,1653561914,1653561914);
INSERT INTO player_score VALUES('638bd3e0e',62,'3e4cd6d9f','5597b28c7',9660,3396,1654035373,1654035373);
INSERT INTO player_score VALUES('51db1d47e',62,'3ebe56024','5078604ed',401940,2401,1653560503,1653560503);
INSERT INTO player_score VALUES('60dbc7bcb',62,'3ebe56024','5597b28c7',222144,2755,1653963226,1653963226);
INSERT INTO player_score VALUES('51df34a84',62,'3f0573960','5078604ed',369000,2426,1653560932,1653560932);
INSERT INTO player_score VALUES('63bf362f2',62,'3f0573960','5597b28c7',43732,3435,1654040761,1654040761);
INSERT INTO player_score VALUES('51e516fed',62,'402d199e3','5078604ed',85405,2470,1653561549,1653561549);
INSERT INTO player_score VALUES('6395d759b',62,'402d199e3','5597b28c7',89900,3406,1654036423,1654036423);
INSERT INTO player_score VALUES('51c3e2083',62,'40b53cb30','5078604ed',11844,2247,1653558067,1653558067);
INSERT INTO player_score VALUES('61783fe79',62,'40b53cb30','5597b28c7',28717,2882,1653979633,1653979633);
INSERT INTO player_score VALUES('51ce9546f',62,'40d9e574d','5078604ed',8910,2313,1653559189,1653559189);
INSERT INTO player_score VALUES('636db5eb5',62,'40d9e574d','5597b28c7',130378,3365,1654032215,1654032215);
INSERT INTO player_score VALUES('51e791c39',62,'40f271a63','5078604ed',166320,2485,1653561809,1653561809);
INSERT INTO player_score VALUES('62b72614f',62,'40f271a63','5597b28c7',223776,3190,1654013072,1654013072);
INSERT INTO player_score VALUES('51e2a8726',62,'40fd24e63','5078604ed',1824,2458,1653561294,1653561294);
INSERT INTO player_score VALUES('62bda990f',62,'40fd24e63','5597b28c7',14136,3197,1654013755,1654013755);
INSERT INTO player_score VALUES('51d62f15a',62,'41141bcf3','5078604ed',17820,2363,1653559986,1653559986);
INSERT INTO player_score VALUES('62fe1a241',62,'41141bcf3','5597b28c7',7920,3261,1654020512,1654020512);
INSERT INTO player_score VALUES('51e915f1d',62,'41356451e','5078604ed',118800,2502,1653561968,1653561968);
INSERT INTO player_score VALUES('6374cbe42',62,'41356451e','5597b28c7',163296,3371,1654032958,1654032958);
INSERT INTO player_score VALUES('51e7831f8',62,'418924bc3','5078604ed',25454,2484,1653561803,1653561803);
INSERT INTO player_score VALUES('61a14463c',62,'418924bc3','5597b28c7',54272,2923,1653983934,1653983934);
INSERT INTO player_score VALUES('51d2c9f27',62,'41b161095','5078604ed',94269,2343,1653559630,1653559630);
INSERT INTO player_score VALUES('62b1d3c3a',62,'41b161095','5597b28c7',78016,3183,1654012514,1654012514);
INSERT INTO player_score VALUES('51e6a9d82',62,'422e74132','5078604ed',770,2479,1653561714,1653561714);
INSERT INTO player_score VALUES('62ff52a5d',62,'422e74132','5597b28c7',61920,3263,1654020640,1654020640);
INSERT INTO player_score VALUES('51e952fdf',62,'42556ba96','5078604ed',399168,2503,1653561993,1653561993);
INSERT INTO player_score VALUES('6371fe1e1',62,'42556ba96','5597b28c7',12600,3367,1654032664,1654032664);
INSERT INTO player_score VALUES('51db7c822',62,'437ca3d78','5078604ed',225250,2405,1653560542,1653560542);
INSERT INTO player_score VALUES('63b4fcfc1',62,'437ca3d78','5597b28c7',82875,3429,1654039689,1654039689);
INSERT INTO player_score VALUES('51d0fc85a',62,'447ef3c64','5078604ed',58968,2331,1653559441,1653559441);
INSERT INTO player_score VALUES('624dc4893',62,'447ef3c64','5597b28c7',1650,3078,1654002022,1654002022);
INSERT INTO player_score VALUES('631962fe8',62,'448d75255','5597b28c7',190080,3281,1654023373,1654023373);
INSERT INTO player_score VALUES('51e1a818d',62,'44e23faee','5078604ed',99792,2448,1653561189,1653561189);
INSERT INTO player_score VALUES('637f38596',62,'44e23faee','5597b28c7',301977,3382,1654034051,1654034051);
INSERT INTO player_score VALUES('51ccd8f4c',62,'4551ea1d1','5078604ed',61920,2301,1653559007,1653559007);
INSERT INTO player_score VALUES('63c4b94f9',62,'4551ea1d1','5597b28c7',141414,3441,1654041339,1654041339);
INSERT INTO player_score VALUES('51defa0e8',62,'459059fea','5078604ed',74256,2425,1653560908,1653560908);
INSERT INTO player_score VALUES('63b548af5',62,'459059fea','5597b28c7',155520,3430,1654039720,1654039720);
INSERT INTO player_score VALUES('51e748881',62,'46144116c','5078604ed',26320,2482,1653561779,1653561779);
INSERT INTO player_score VALUES('63ad48544',62,'46144116c','5597b28c7',64960,3424,1654038881,1654038881);
INSERT INTO player_score VALUES('6392f60ab',62,'470443f41','5597b28c7',186186,3403,1654036121,1654036121);
INSERT INTO player_score VALUES('51d091175',62,'478f6a826','5078604ed',2739,2328,1653559397,1653559397);
INSERT INTO player_score VALUES('639af666d',62,'478f6a826','5597b28c7',136880,3409,1654036960,1654036960);
INSERT INTO player_score VALUES('51e8cf268',62,'485f38c45','5078604ed',223080,2498,1653561939,1653561939);
INSERT INTO player_score VALUES('62c22772d',62,'485f38c45','5597b28c7',4560,3200,1654014226,1654014226);
INSERT INTO player_score VALUES('51d8964eb',62,'48cd49081','5078604ed',67452,2382,1653560238,1653560238);
INSERT INTO player_score VALUES('639cb04a2',62,'48cd49081','5597b28c7',107055,3410,1654037141,1654037141);
INSERT INTO player_score VALUES('51e2e30ae',62,'490d6decb','5078604ed',62997,2460,1653561318,1653561318);
INSERT INTO player_score VALUES('636ea52ca',62,'490d6decb','5597b28c7',0,3366,1654032313,1654032313);
INSERT INTO player_score VALUES('51e4dc688',62,'493d614fe','5078604ed',212520,2467,1653561525,1653561525);
INSERT INTO player_score VALUES('637543853',62,'493d614fe','5597b28c7',160218,3372,1654033007,1654033007);
INSERT INTO player_score VALUES('51e628713',62,'4abe30123','5078604ed',97083,2474,1653561661,1653561661);
INSERT INTO player_score VALUES('623644e8d',62,'4abe30123','5597b28c7',72240,3060,1653999558,1653999558);
INSERT INTO player_score VALUES('51cc9e5ac',62,'4bb75f8e0','5078604ed',126336,2300,1653558983,1653558983);
INSERT INTO player_score VALUES('6348bc924',62,'4bb75f8e0','5597b28c7',224400,3319,1654028338,1654028338);
INSERT INTO player_score VALUES('51be4dcf4',62,'4bba6ccef','5078604ed',55440,2205,1653557482,1653557482);
INSERT INTO player_score VALUES('6304f0a18',62,'4bba6ccef','5597b28c7',75392,3266,1654021229,1654021229);
INSERT INTO player_score VALUES('51e0d6255',62,'4c62e1d2c','5078604ed',107250,2439,1653561103,1653561103);
INSERT INTO player_score VALUES('63a6f81ce',62,'4c62e1d2c','5597b28c7',295488,3418,1654038219,1654038219);
INSERT INTO player_score VALUES('51ac2f212',62,'4d9f08de1','5078604ed',266250,2068,1653555582,1653555582);
INSERT INTO player_score VALUES('6378a8a3c',62,'4d9f08de1','5597b28c7',48546,3375,1654033363,1654033363);
INSERT INTO player_score VALUES('51ddcdc1f',62,'4da6e49b3','5078604ed',83886,2418,1653560785,1653560785);
INSERT INTO player_score VALUES('63847719c',62,'4da6e49b3','5597b28c7',191880,3387,1654034601,1654034601);
INSERT INTO player_score VALUES('51d291c92',62,'4df2cbc0b','5078604ed',125496,2342,1653559607,1653559607);
INSERT INTO player_score VALUES('613c45e07',62,'4df2cbc0b','5597b28c7',12032,2832,1653973344,1653973344);
INSERT INTO player_score VALUES('51ea2eb3c',62,'4e2cc02b6','5078604ed',233454,2507,1653562083,1653562083);
INSERT INTO player_score VALUES('63892d2c3',62,'4e2cc02b6','5597b28c7',35784,3390,1654035095,1654035095);
INSERT INTO player_score VALUES('51da48e5e',62,'4ebd90ed9','5078604ed',278208,2395,1653560416,1653560416);
INSERT INTO player_score VALUES('51db3822f',62,'4f06a0898','5078604ed',0,2403,1653560514,1653560514);
INSERT INTO player_score VALUES('51e8fd8b0',62,'4f5613e58','5078604ed',2368,2500,1653561958,1653561958);
INSERT INTO player_score VALUES('622604bf6',62,'4f5613e58','5597b28c7',8019,3047,1653997854,1653997854);
INSERT INTO player_score VALUES('51dbcaa37',62,'4f6424f8e','5078604ed',228144,2408,1653560574,1653560574);
INSERT INTO player_score VALUES('637f3fa9e',62,'4f6424f8e','5597b28c7',461295,3383,1654034054,1654034054);
INSERT INTO player_score VALUES('51b48eb05',62,'4f682b403','5078604ed',254976,2132,1653556460,1653556460);
INSERT INTO player_score VALUES('6181764ad',62,'4f682b403','5597b28c7',12635,2893,1653980599,1653980599);
INSERT INTO player_score VALUES('51e68a1a7',62,'4f6f17b59','5078604ed',167200,2477,1653561701,1653561701);
INSERT INTO player_score VALUES('609190b81',62,'4f6f17b59','5597b28c7',98820,2680,1653955444,1653955444);
INSERT INTO player_score VALUES('51eae0ef2',62,'4f74d5700','5078604ed',303800,2510,1653562156,1653562156);
INSERT INTO player_score VALUES('6384e9de1',62,'4f74d5700','5597b28c7',62016,3388,1654034648,1654034648);
INSERT INTO player_score VALUES('51e152a22',62,'4fb71d33d','5078604ed',35061,2443,1653561154,1653561154);
INSERT INTO player_score VALUES('6372dc48c',62,'4fb71d33d','5597b28c7',19080,3369,1654032755,1654032755);
INSERT INTO player_score VALUES('51d9f0fdb',62,'50bdf25d3','5078604ed',401004,2391,1653560380,1653560380);
INSERT INTO player_score VALUES('62868caac',62,'50bdf25d3','5597b28c7',0,3138,1654007976,1654007976);
INSERT INTO player_score VALUES('51dce0f3e',62,'50da53fae','5078604ed',78540,2413,1653560688,1653560688);
INSERT INTO player_score VALUES('62d25dda4',62,'50da53fae','5597b28c7',35721,3217,1654015926,1654015926);
INSERT INTO player_score VALUES('51caaec07',62,'50dbcbf79','5078604ed',0,2283,1653558780,1653558780);
INSERT INTO player_score VALUES('633bae4bd',62,'50dbcbf79','5597b28c7',123318,3307,1654026969,1654026969);
INSERT INTO player_score VALUES('6088ad526',62,'52c7cc1b2','5597b28c7',165240,2674,1653954512,1653954512);
INSERT INTO player_score VALUES('627fc7448',62,'52e258fc9','5597b28c7',41888,3128,1654007266,1654007266);
INSERT INTO player_score VALUES('62ff7c259',62,'542977aad','5597b28c7',137256,3264,1654020657,1654020657);
INSERT INTO player_score VALUES('63b7f927b',62,'54551b87a','5597b28c7',83835,3433,1654040002,1654040002);
INSERT INTO player_score VALUES('637fb2654',62,'54d2f1e14','5597b28c7',338778,3385,1654034101,1654034101);
INSERT INTO player_score VALUES('62ead8f07',62,'5505eda3e','5597b28c7',153813,3241,1654018493,1654018493);
INSERT INTO player_score VALUES('6341fe81a',62,'5513e16f5','5597b28c7',0,3312,1654027631,1654027631);
INSERT INTO player_score VALUES('62b416635',62,'553eb5ca2','5597b28c7',229152,3186,1654012751,1654012751);
INSERT INTO player_score VALUES('626600289',62,'555683898','5597b28c7',78120,3100,1654004563,1654004563);
INSERT INTO player_score VALUES('639cdeaab',62,'561b0e771','5597b28c7',8487,3412,1654037160,1654037160);
INSERT INTO player_score VALUES('63a2e0c3f',62,'582ff0ed8','5597b28c7',588060,3417,1654037790,1654037790);
INSERT INTO player_score VALUES('63a929a66',62,'59c349c56','5597b28c7',77720,3421,1654038449,1654038449);
INSERT INTO player_score VALUES('6256575ef',62,'59cf7ec45','5597b28c7',43050,3088,1654002921,1654002921);
INSERT INTO player_score VALUES('63a9ea816',62,'5a0c1295a','5597b28c7',9790,3422,1654038528,1654038528);
INSERT INTO player_score VALUES('637e02472',62,'5a1289d93','5597b28c7',19250,3379,1654033924,1654033924);
INSERT INTO player_score VALUES('62856f088',62,'5a6d47d71','5597b28c7',11346,3136,1654007859,1654007859);
INSERT INTO player_score VALUES('62c50650a',62,'5a6e2ae0d','5597b28c7',62010,3202,1654014527,1654014527);
INSERT INTO player_score VALUES('63685284f',62,'5a7fd6d02','5597b28c7',77900,3358,1654031650,1654031650);
INSERT INTO player_score VALUES('622432731',62,'5aa4a913c','5597b28c7',241332,3042,1653997663,1653997663);
INSERT INTO player_score VALUES('63b0bc1ec',62,'5ab6eecf7','5597b28c7',3240,3426,1654039243,1654039243);
INSERT INTO player_score VALUES('630e68ef5',62,'5c1000390','5597b28c7',98784,3273,1654022222,1654022222);
INSERT INTO player_score VALUES('63c0d5348',62,'5cc6f6964','5597b28c7',152768,3438,1654040931,1654040931);
INSERT INTO player_score VALUES('6295e7526',62,'5cced251f','5597b28c7',255640,3157,1654009586,1654009586);
INSERT INTO player_score VALUES('63bc0ba4b',62,'5cf262536','5597b28c7',23400,3434,1654040429,1654040429);
INSERT INTO player_score VALUES('63072bec3',62,'5e4ddd63b','5597b28c7',344955,3268,1654021463,1654021463);
INSERT INTO player_score VALUES('62d71176a',62,'5e8127482','5597b28c7',235790,3226,1654016419,1654016419);
INSERT INTO player_score VALUES('63aaf7144',62,'5f13a5ba8','5597b28c7',316158,3423,1654038638,1654038638);
INSERT INTO player_score VALUES('635bbbdcc',62,'601a22fa2','5597b28c7',284444,3343,1654030330,1654030330);
INSERT INTO player_score VALUES('634f70e42',62,'6048a0d71','5597b28c7',980,3332,1654029041,1654029041);
INSERT INTO player_score VALUES('639e877b6',62,'60678be08','5597b28c7',36000,3413,1654037334,1654037334);
INSERT INTO player_score VALUES('6361f618e',62,'606f31e3b','5597b28c7',359600,3350,1654030983,1654030983);
INSERT INTO player_score VALUES('638463956',62,'60d9a9be7','5597b28c7',9016,3386,1654034593,1654034593);
INSERT INTO player_score VALUES('633266d23',62,'60f0d3ec4','5597b28c7',68250,3303,1654025996,1654025996);
INSERT INTO player_score VALUES('63905dfed',62,'60f8d4448','5597b28c7',35784,3401,1654035849,1654035849);
INSERT INTO player_score VALUES('630761a1c',62,'615723535','5597b28c7',92796,3269,1654021485,1654021485);
INSERT INTO player_score VALUES('62f804866',62,'620143938','5597b28c7',69258,3254,1654019874,1654019874);
INSERT INTO player_score VALUES('6376a30fd',62,'6224263d5','5597b28c7',93940,3374,1654033151,1654033151);
INSERT INTO player_score VALUES('629919338',62,'623defcae','5597b28c7',532440,3161,1654009921,1654009921);
INSERT INTO player_score VALUES('63a2643d9',62,'62d8a44d5','5597b28c7',53424,3416,1654037739,1654037739);
INSERT INTO player_score VALUES('639e9b02b',62,'639948b26','5597b28c7',111780,3414,1654037342,1654037342);
COMMIT;
