
BEGIN;
CREATE TABLE IF NOT EXISTS competition (
  id VARCHAR(255) NOT NULL PRIMARY KEY,
  tenant_id BIGINT NOT NULL,
  title TEXT NOT NULL,
  finished_at BIGINT NULL,
  created_at BIGINT NOT NULL,
  updated_at BIGINT NOT NULL
);
INSERT INTO competition VALUES('2365e8a82',63,'第8回 野生のgRPC.js',1653421147,1652313410,1653421147);
INSERT INTO competition VALUES('274489ba0',63,'バーチャルGPGPUネイティブ杯',1653245395,1652417285,1653245395);
INSERT INTO competition VALUES('3603e0867',63,'第8回 山のカレー大学',1654012353,1652813158,1654012353);
INSERT INTO competition VALUES('3a2b89e4e',63,'第3回 よく効くブルーベリーは飲み物です',1653696031,1652924691,1653696031);
INSERT INTO competition VALUES('3c170d885',63,'赤浸透不足',1653786650,1652976230,1653786650);
INSERT INTO competition VALUES('3cafc8a9c',63,'青山一丁目夜会 vol.0',1653213440,1652992245,1653213440);
INSERT INTO competition VALUES('421070fac',63,'エラスティックJSON色付け海岸',NULL,1653136598,1653805718);
INSERT INTO competition VALUES('492e8cefa',63,'第1回 世界の自作キーボード王国',NULL,1653327660,1653886963);
INSERT INTO competition VALUES('4b7541499',63,'枝豆書房杯',1653983007,1653388761,1653983007);
CREATE TABLE IF NOT EXISTS player (
  id VARCHAR(255) NOT NULL PRIMARY KEY,
  tenant_id BIGINT NOT NULL,
  display_name TEXT NOT NULL,
  is_disqualified BOOLEAN NOT NULL,
  created_at BIGINT NOT NULL,
  updated_at BIGINT NOT NULL
);
INSERT INTO player VALUES('199f111b3',63,'Mr. Brendan Monahan',0,1652050968,1653798845);
INSERT INTO player VALUES('19a1ab9c3',63,'Mr. Dedrick Skiles',0,1652051241,1652683879);
INSERT INTO player VALUES('1aa9be237',63,'Ms. June Little',0,1652078931,1652148279);
INSERT INTO player VALUES('1bb9ce96d',63,'Ivory Roob',0,1652107459,1652851327);
INSERT INTO player VALUES('1c2bb92f8',63,'Erna Friesen',0,1652119404,1654004977);
INSERT INTO player VALUES('1c6fa000b',63,'Linwood Haag',0,1652126524,1653692470);
INSERT INTO player VALUES('1cec58b61',63,'Letha Schmeler',0,1652139602,1653506624);
INSERT INTO player VALUES('1cf8c0fa8',63,'Golden Willms',0,1652140903,1652434334);
INSERT INTO player VALUES('1e01d64b4',63,'Mr. Jaylan Koch',0,1652168699,1652718750);
INSERT INTO player VALUES('1ec45ba81',63,'Arthur Ankunding',0,1652189096,1653051883);
INSERT INTO player VALUES('20275340c',63,'Graham Heller',0,1652226317,1652540028);
INSERT INTO player VALUES('20776f115',63,'Flo Larkin',0,1652234717,1653702152);
INSERT INTO player VALUES('223993dec',63,'Mr. Bernie Glover',0,1652281918,1653549635);
INSERT INTO player VALUES('2291274ed',63,'Ryley Stanton',0,1652291101,1653627329);
INSERT INTO player VALUES('22c4390cf',63,'Gloria Schmitt IV',0,1652296456,1652741574);
INSERT INTO player VALUES('237487535',63,'Timmothy West V',0,1652314943,1653279715);
INSERT INTO player VALUES('239932850',63,'Janessa Ryan',0,1652318788,1652973696);
INSERT INTO player VALUES('242df604c',63,'Wade Stokes',0,1652334387,1652671624);
INSERT INTO player VALUES('244159699',63,'Merl Windler',0,1652336420,1653445861);
INSERT INTO player VALUES('25ae372a8',63,'Ms. Emmy Morissette',0,1652374679,1653422343);
INSERT INTO player VALUES('25ffe8424',63,'Holly Kunze',0,1652383245,1652641964);
INSERT INTO player VALUES('2631f730b',63,'Vincent Hansen DDS',0,1652388494,1652628896);
INSERT INTO player VALUES('264056636',63,'Mathias Lindgren DDS',0,1652390001,1653508202);
INSERT INTO player VALUES('268a1d1c9',63,'Magali Wiza',0,1652397737,1653079540);
INSERT INTO player VALUES('26fbf9116',63,'Maximillia Smitham',0,1652409676,1653422277);
INSERT INTO player VALUES('2728edd89',63,'Bruce Wilkinson',0,1652414390,1653518293);
INSERT INTO player VALUES('272afabf2',63,'Missouri West',1,1652414605,1653538820);
INSERT INTO player VALUES('27eb9cb73',63,'Laurine Batz',0,1652434804,1653237083);
INSERT INTO player VALUES('2842e6e9a',63,'Shaun Davis',0,1652443957,1652610519);
INSERT INTO player VALUES('28b8936c0',63,'Ms. Ena Harber DDS',0,1652456296,1653266021);
INSERT INTO player VALUES('28c5e39fc',63,'Alessandra Prosacco',0,1652457692,1653367949);
INSERT INTO player VALUES('294f552b1',63,'Ms. Rosetta Sauer Sr.',1,1652472104,1653506900);
INSERT INTO player VALUES('29ad820f8',63,'Murl Schowalter',0,1652481979,1653711891);
INSERT INTO player VALUES('29c1e83b9',63,'Jermaine Carroll',0,1652484118,1653986682);
INSERT INTO player VALUES('2af391be2',63,'Ms. Mafalda Langosh',0,1652516169,1653460034);
INSERT INTO player VALUES('2b21ba25a',63,'Armani Leannon',0,1652521009,1652880889);
INSERT INTO player VALUES('2b2c2dee6',63,'Horace Franecki',0,1652522105,1653644999);
INSERT INTO player VALUES('2cd4c155c',63,'Erick Macejkovic IV',0,1652566625,1653251983);
INSERT INTO player VALUES('2d00bf89d',63,'Michael Brown',0,1652571238,1653924808);
INSERT INTO player VALUES('2e0bf54bf',63,'Mr. Kamron Mueller Sr.',0,1652599257,1653462289);
INSERT INTO player VALUES('2e2df2761',63,'Vincenzo Wiegand',0,1652602821,1653607951);
INSERT INTO player VALUES('2e31af82c',63,'Roxanne Parker V',0,1652603213,1652821401);
INSERT INTO player VALUES('2ed71e920',63,'Ms. Bulah Fisher V',0,1652620560,1653242465);
INSERT INTO player VALUES('2efb5e5e5',63,'Aisha Trantow',1,1652624361,1653793972);
INSERT INTO player VALUES('2f44495cc',63,'Destany Graham',0,1652632007,1653504174);
INSERT INTO player VALUES('2fde7a011',63,'Earnest Nolan',0,1652648175,1653116780);
INSERT INTO player VALUES('305323bd2',63,'Marion Hegmann Jr.',0,1652660408,1652685310);
INSERT INTO player VALUES('306aad210',63,'Elissa Nienow',0,1652662876,1653882476);
INSERT INTO player VALUES('307a2c691',63,'Jaylin Jacobi',0,1652664501,1653686683);
INSERT INTO player VALUES('313eeaa05',63,'Mossie Prohaska',0,1652685131,1653593816);
INSERT INTO player VALUES('3154734fd',63,'Darion McClure',0,1652687389,1653011003);
INSERT INTO player VALUES('31cd78c00',63,'Mr. Kayleigh Goldner',0,1652700079,1653426126);
INSERT INTO player VALUES('31fe875be',63,'Rosina Kirlin',1,1652705223,1652981143);
INSERT INTO player VALUES('32e23579f',63,'Ms. Blanche Little PhD',0,1652729097,1652749287);
INSERT INTO player VALUES('3320f85fc',63,'Ms. Augustine West',0,1652735678,1653249081);
INSERT INTO player VALUES('33de994e1',63,'Mr. Trent Weber Sr.',0,1652755562,1653938305);
INSERT INTO player VALUES('3506f66f9',63,'Taya Ruecker',0,1652786638,1653735077);
INSERT INTO player VALUES('35710a33a',63,'Ms. Alivia Haley II',0,1652797761,1652947610);
INSERT INTO player VALUES('35c5b7760',63,'Sophia Hermiston DDS',0,1652806640,1653135505);
INSERT INTO player VALUES('36a031a05',63,'Myra Rice',0,1652829549,1653486150);
INSERT INTO player VALUES('3705ffa48',63,'Dayne Upton',0,1652840224,1652978420);
INSERT INTO player VALUES('3717c186c',63,'Casimer Leuschke',1,1652842086,1652924117);
INSERT INTO player VALUES('3723e7e5e',63,'Ramona Borer PhD',0,1652843360,1653552785);
INSERT INTO player VALUES('3737fd7b7',63,'Alverta Gleichner Jr.',0,1652845466,1653238520);
INSERT INTO player VALUES('3739ab2d7',63,'Mr. Stanley Tremblay MD',0,1652845642,1653397018);
INSERT INTO player VALUES('380b6904a',63,'Ms. Margret McClure III',0,1652867635,1653327759);
INSERT INTO player VALUES('38954fc20',63,'Muhammad Pacocha',0,1652882095,1653249416);
INSERT INTO player VALUES('3981bca88',63,'Ms. Tania Purdy',0,1652906886,1653220358);
INSERT INTO player VALUES('39ae7bbe9',63,'Bernhard Legros',0,1652911578,1653743342);
INSERT INTO player VALUES('39ea16846',63,'Filomena Cronin',0,1652917828,1653315922);
INSERT INTO player VALUES('3a11ffd2c',63,'Mr. Dave Torp',0,1652922013,1653502507);
INSERT INTO player VALUES('3a7a74889',63,'Anibal Schulist',0,1652932966,1653036626);
INSERT INTO player VALUES('3a7dcfea1',63,'Margarette Corkery',1,1652933318,1653478873);
INSERT INTO player VALUES('3ac1418aa',63,'Marquise Bashirian',0,1652940390,1653325225);
INSERT INTO player VALUES('3adb4a938',63,'Mr. Russel Adams I',0,1652943120,1653739082);
INSERT INTO player VALUES('3aeadaf19',63,'Gladyce Bauch',0,1652944752,1653483120);
INSERT INTO player VALUES('3afd825a0',63,'Ms. Maribel Orn',0,1652946708,1653630349);
INSERT INTO player VALUES('3b4e74fdc',63,'Cornell Graham',0,1652955196,1653435811);
INSERT INTO player VALUES('3b51e6564',63,'Mr. Andy Padberg Jr.',0,1652955557,1653384321);
INSERT INTO player VALUES('3b5c9726a',63,'Rafael Graham',1,1652956678,1653306709);
INSERT INTO player VALUES('3c08937c5',63,'Magdalen Fay',0,1652974712,1653370027);
INSERT INTO player VALUES('3c2966ca0',63,'Waldo Bernier',0,1652978154,1654006836);
INSERT INTO player VALUES('3c3ecd52c',63,'Adah Friesen',0,1652980398,1653986417);
INSERT INTO player VALUES('3c8a04b05',63,'Kiana Boyer',0,1652988285,1653707425);
INSERT INTO player VALUES('3cca3358a',63,'Mara McLaughlin V',0,1652995015,1654014165);
INSERT INTO player VALUES('3ccf15583',63,'Elfrieda Cole',1,1652995527,1653068562);
INSERT INTO player VALUES('3d148efff',63,'Edyth Daugherty',0,1653002812,1653593015);
INSERT INTO player VALUES('3d89b53bc',63,'Garrick Reilly I',1,1653015096,1653878127);
INSERT INTO player VALUES('3ecc909c2',63,'Cheyenne Bartoletti',0,1653048950,1653927888);
INSERT INTO player VALUES('3ee03ac50',63,'Reymundo Schmeler DVM',0,1653051012,1653507850);
INSERT INTO player VALUES('3f3a245aa',63,'Demetrius Medhurst',0,1653060440,1653934981);
INSERT INTO player VALUES('40b0efa05',63,'Kamille Mills II',0,1653099740,1653959372);
INSERT INTO player VALUES('40bd927a4',63,'Eldon Metz',0,1653101065,1653156472);
INSERT INTO player VALUES('41259e3b5',63,'Christy Ullrich DVM',0,1653111975,1653975073);
INSERT INTO player VALUES('4227c235a',63,'Michaela Cormier',0,1653139043,1653827438);
INSERT INTO player VALUES('427022089',63,'Marco Cummings',0,1653146632,1653456703);
INSERT INTO player VALUES('4301917e1',63,'Rahsaan Friesen III',0,1653161882,1653583342);
INSERT INTO player VALUES('43332daf7',63,'Ramon Murazik',1,1653167084,1653540125);
INSERT INTO player VALUES('43ab01f4d',63,'Ms. Bert Reichel',0,1653179649,1653837857);
INSERT INTO player VALUES('45c0c779e',63,'Mr. Damian Johnson MD',0,1653235619,1653843804);
INSERT INTO player VALUES('468373e52',63,'Taya Beahan',0,1653256032,1653894633);
INSERT INTO player VALUES('46dab44d6',63,'Haskell Weimann',0,1653265181,1653272776);
INSERT INTO player VALUES('472fbbe1d',63,'Mr. Samir Klein',0,1653274097,1654006208);
INSERT INTO player VALUES('47dc7df5b',63,'Mr. Saul Larkin III',0,1653292212,1653351966);
INSERT INTO player VALUES('485e226ee',63,'Missouri Ledner',0,1653305806,1653966307);
INSERT INTO player VALUES('49039db76',63,'Cole Lockman',0,1653323158,1653382532);
INSERT INTO player VALUES('490f626b6',63,'Destiny Ullrich',0,1653324392,1653846793);
INSERT INTO player VALUES('49449705f',63,'Louisa Beahan',0,1653329971,1654026495);
INSERT INTO player VALUES('4986d778a',63,'Gino Powlowski',0,1653336918,1653703543);
INSERT INTO player VALUES('4a806d829',63,'Janelle Crist',0,1653363089,1653877452);
INSERT INTO player VALUES('4b37e54bc',63,'Ms. Marjorie Kovacek',0,1653382327,1653981003);
INSERT INTO player VALUES('4b7b40f34',63,'Lauriane Schmidt',0,1653389390,1653603138);
INSERT INTO player VALUES('4b7d3cc21',63,'Ms. Joanny Morar I',0,1653389598,1653707266);
INSERT INTO player VALUES('4b922933c',63,'Juston Kozey',0,1653391792,1653583654);
INSERT INTO player VALUES('4c6790894',63,'Mollie Towne',0,1653414169,1653847280);
INSERT INTO player VALUES('4da11836f',63,'Mr. Holden Parker PhD',0,1653447045,1653620321);
INSERT INTO player VALUES('4ecaeae56',63,'Ms. Corrine Kuhlman Jr.',0,1653478274,1653664618);
INSERT INTO player VALUES('4efdeb868',63,'Toni Morissette',0,1653483622,1653879322);
INSERT INTO player VALUES('4f2e541e4',63,'Felicita Larkin Jr.',0,1653488698,1653502500);
INSERT INTO player VALUES('4f79d99c7',63,'Karson Ledner',0,1653496617,1653518107);
INSERT INTO player VALUES('4f7d52458',63,'Jaleel Rosenbaum',0,1653496981,1654008655);
INSERT INTO player VALUES('4fa1c5547',63,'Cali Kilback',0,1653500803,1653918411);
INSERT INTO player VALUES('4fa7c4fa0',63,'Kristofer Champlin',0,1653501432,1653793234);
INSERT INTO player VALUES('5017a51e2',63,'Ms. Rebekah Parisian',0,1653513163,1653821444);
INSERT INTO player VALUES('50fae563c',63,'Freeman Balistreri',0,1653536992,1653596928);
INSERT INTO player VALUES('516a46925',63,'Lavina Hoeger III',0,1653548671,1653644537);
INSERT INTO player VALUES('52ccf75bd',63,'Carlee Stark DVM',0,1653585863,1653598786);
INSERT INTO player VALUES('5356b2217',63,'Unique Bartell',0,1653600305,1653760791);
INSERT INTO player VALUES('53ccf1230',63,'Raquel Leannon',0,1653612704,1653674522);
INSERT INTO player VALUES('53d670c83',63,'Amira Kuvalis III',0,1653613700,1653673959);
INSERT INTO player VALUES('542d742c9',63,'Amelia Mayert',0,1653622824,1653724179);
INSERT INTO player VALUES('548607f1e',63,'Aniya Botsford MD',0,1653632112,1653680397);
INSERT INTO player VALUES('54dab2c04',63,'Alvera Little',0,1653640990,1653902221);
INSERT INTO player VALUES('551b087e4',63,'Jeffery Collins',0,1653647736,1653679869);
INSERT INTO player VALUES('55204e931',63,'Mr. Jo Hoeger III',1,1653648289,1653792509);
INSERT INTO player VALUES('554abc674',63,'Ms. Aliyah Huels DVM',0,1653652738,1653804028);
INSERT INTO player VALUES('5554260eb',63,'Americo O"Keefe',0,1653653725,1653694534);
INSERT INTO player VALUES('55b35aa04',63,'Cedrick Legros',0,1653663708,1653921981);
INSERT INTO player VALUES('55bdc7167',63,'Darryl Lakin',0,1653664801,1653858753);
INSERT INTO player VALUES('56f5492e3',63,'Estel Bode',0,1653697465,1653974694);
INSERT INTO player VALUES('58eadc7f3',63,'Mr. Zackery DuBuque',0,1653750059,1654027385);
INSERT INTO player VALUES('59068975c',63,'Ryann Mills',0,1653752961,1653966247);
INSERT INTO player VALUES('5998bc369',63,'Frederic Prohaska',0,1653768291,1653870215);
INSERT INTO player VALUES('59c4e65ab',63,'Mckenzie Hauck',0,1653772922,1653835632);
INSERT INTO player VALUES('59e50023b',63,'Marion Bednar',0,1653776288,1653968292);
INSERT INTO player VALUES('5a714bab0',63,'Mr. Imani Price Sr.',0,1653790999,1653810631);
INSERT INTO player VALUES('5ab1e0e08',63,'Judge Aufderhar',0,1653797771,1653993231);
INSERT INTO player VALUES('5bdef67fa',63,'Mr. Dusty Ernser',0,1653829342,1653965586);
INSERT INTO player VALUES('5c6ee432c',63,'Isabell Mosciski',0,1653844434,1653957996);
INSERT INTO player VALUES('5cb824a77',63,'Anastasia Adams',0,1653852115,1653947463);
INSERT INTO player VALUES('5cce07aa5',63,'Helmer Ritchie',0,1653854410,1653874393);
INSERT INTO player VALUES('5e36ba892',63,'Ms. Heather Hayes Sr.',0,1653892232,1653995296);
INSERT INTO player VALUES('5ecbc4da2',63,'Morris Brown',0,1653907860,1653928059);
INSERT INTO player VALUES('5f2f5ee4e',63,'Mr. Joany Raynor',0,1653918304,1654019063);
INSERT INTO player VALUES('5f79dcb7d',63,'Will Braun MD',0,1653926115,1654001318);
INSERT INTO player VALUES('5f7a0b16f',63,'Hunter Donnelly I',0,1653926134,1653996985);
INSERT INTO player VALUES('5f82aa1ee',63,'Luna Koss',0,1653927038,1654011521);
INSERT INTO player VALUES('6054bafdb',63,'Araceli Corkery MD',0,1653949065,1653987601);
INSERT INTO player VALUES('61479a478',63,'Autumn Williamson',0,1653974532,1654018369);
INSERT INTO player VALUES('614a6cf01',63,'Mateo Turcotte',0,1653974828,1654036359);
INSERT INTO player VALUES('61811e684',63,'Toni McCullough',0,1653980563,1654027615);
INSERT INTO player VALUES('61a2906bd',63,'Maryjane Smitham',0,1653984070,1654000111);
INSERT INTO player VALUES('61b8ab998',63,'Scotty Fay',0,1653986388,1654032074);
INSERT INTO player VALUES('61e0221f3',63,'Otto Abbott',0,1653990526,1654019129);
INSERT INTO player VALUES('6226a3718',63,'Helmer O"Conner Jr.',1,1653997919,1654002777);
INSERT INTO player VALUES('623a43dda',63,'Mr. Wendell Ortiz',0,1653999977,1654016652);
INSERT INTO player VALUES('62e9a0723',63,'Roosevelt McKenzie',0,1654018365,1654030333);
INSERT INTO player VALUES('63106c14f',63,'Mr. Deon Dietrich',0,1654022433,1654027735);
INSERT INTO player VALUES('631c30c8f',63,'Ms. Amely Collier',0,1654023667,1654035225);
INSERT INTO player VALUES('632843975',63,'Ms. Hannah Predovic I',0,1654024933,1654036742);
INSERT INTO player VALUES('6329be011',63,'Sammy Quitzon',0,1654025088,1654025797);
INSERT INTO player VALUES('6340693e3',63,'Yesenia Tillman',0,1654027465,1654036998);
CREATE TABLE IF NOT EXISTS IF NOT EXISTS "player_score" (
                              id VARCHAR(255) NOT NULL PRIMARY KEY,
                              tenant_id BIGINT NOT NULL,
                              player_id VARCHAR(255) NOT NULL,
                              competition_id VARCHAR(255) NOT NULL,
                              score BIGINT NOT NULL,
                              row_num BIGINT NOT NULL,
                              created_at BIGINT NOT NULL,
                              updated_at BIGINT NOT NULL
);
INSERT INTO player_score VALUES('4c9897d0b',63,'199f111b3','2365e8a82',583929,2144,1653419310,1653419310);
INSERT INTO player_score VALUES('45c6e94d0',63,'199f111b3','274489ba0',92,1873,1653236262,1653236262);
INSERT INTO player_score VALUES('53a5e602b',63,'199f111b3','3a2b89e4e',89180,2158,1653608610,1653608610);
INSERT INTO player_score VALUES('58ccdbd43',63,'199f111b3','3c170d885',177039,2596,1653746913,1653746913);
INSERT INTO player_score VALUES('443db88a1',63,'199f111b3','3cafc8a9c',60588,1735,1653195033,1653195033);
INSERT INTO player_score VALUES('62164adfc',63,'199f111b3','492e8cefa',0,2883,1653996205,1653996205);
INSERT INTO player_score VALUES('6114e0725',63,'199f111b3','4b7541499',203320,2901,1653969213,1653969213);
INSERT INTO player_score VALUES('4a5b9db30',63,'19a1ab9c3','2365e8a82',32930,2039,1653359229,1653359229);
INSERT INTO player_score VALUES('43f2b4701',63,'19a1ab9c3','274489ba0',50400,1764,1653187167,1653187167);
INSERT INTO player_score VALUES('5c0a9a62f',63,'19a1ab9c3','3603e0867',7904,2681,1653833918,1653833918);
INSERT INTO player_score VALUES('58c3d8b4d',63,'19a1ab9c3','3c170d885',218880,2592,1653745968,1653745968);
INSERT INTO player_score VALUES('4410118c1',63,'19a1ab9c3','3cafc8a9c',14310,1703,1653190246,1653190246);
INSERT INTO player_score VALUES('6187d525c',63,'19a1ab9c3','421070fac',6825,3091,1653981267,1653981267);
INSERT INTO player_score VALUES('60b13ca2c',63,'19a1ab9c3','492e8cefa',302940,2706,1653958765,1653958765);
INSERT INTO player_score VALUES('60fd01995',63,'19a1ab9c3','4b7541499',71136,2891,1653966710,1653966710);
INSERT INTO player_score VALUES('4baf111c4',63,'1aa9be237','2365e8a82',140448,2104,1653394823,1653394823);
INSERT INTO player_score VALUES('55b8d3fa9',63,'1aa9be237','3a2b89e4e',25488,2352,1653664282,1653664282);
INSERT INTO player_score VALUES('5976057dc',63,'1aa9be237','3c170d885',39060,2652,1653764651,1653764651);
INSERT INTO player_score VALUES('62c7a0d3f',63,'1aa9be237','421070fac',8514,3212,1654014800,1654014800);
INSERT INTO player_score VALUES('5fb60788b',63,'1aa9be237','492e8cefa',150480,2579,1653932424,1653932424);
INSERT INTO player_score VALUES('618fd09c9',63,'1aa9be237','4b7541499',31050,2957,1653982104,1653982104);
INSERT INTO player_score VALUES('45f64a31d',63,'1bb9ce96d','2365e8a82',62720,1803,1653241230,1653241230);
INSERT INTO player_score VALUES('40a710c1b',63,'1bb9ce96d','274489ba0',69120,1550,1653098705,1653098705);
INSERT INTO player_score VALUES('62747ca48',63,'1bb9ce96d','3603e0867',460020,3152,1654006082,1654006082);
INSERT INTO player_score VALUES('56e5ee827',63,'1bb9ce96d','3a2b89e4e',186750,2466,1653695855,1653695855);
INSERT INTO player_score VALUES('588a5706b',63,'1bb9ce96d','3c170d885',12152,2565,1653739938,1653739938);
INSERT INTO player_score VALUES('44e0cf06b',63,'1bb9ce96d','3cafc8a9c',10230,1871,1653212134,1653212134);
INSERT INTO player_score VALUES('6001d3d67',63,'1bb9ce96d','421070fac',27720,2957,1653940372,1653940372);
INSERT INTO player_score VALUES('5fd82bc87',63,'1bb9ce96d','492e8cefa',115776,2599,1653936004,1653936004);
INSERT INTO player_score VALUES('4ac4370a2',63,'1c2bb92f8','2365e8a82',3492,2055,1653370197,1653370197);
INSERT INTO player_score VALUES('45ca97aa4',63,'1c2bb92f8','274489ba0',22644,1875,1653236648,1653236648);
INSERT INTO player_score VALUES('62031fa59',63,'1c2bb92f8','3603e0867',46200,3121,1653994195,1653994195);
INSERT INTO player_score VALUES('542680642',63,'1c2bb92f8','3a2b89e4e',21942,2205,1653622095,1653622095);
INSERT INTO player_score VALUES('5974c5ac3',63,'1c2bb92f8','3c170d885',12060,2651,1653764520,1653764520);
INSERT INTO player_score VALUES('412b9ddd9',63,'1c2bb92f8','3cafc8a9c',198000,1072,1653112604,1653112604);
INSERT INTO player_score VALUES('62a854239',63,'1c2bb92f8','421070fac',28934,3201,1654011518,1654011518);
INSERT INTO player_score VALUES('60e7125b9',63,'1c2bb92f8','4b7541499',15552,2878,1653964410,1653964410);
INSERT INTO player_score VALUES('4b10cb838',63,'1c6fa000b','2365e8a82',20672,2075,1653378227,1653378227);
INSERT INTO player_score VALUES('4514474e1',63,'1c6fa000b','274489ba0',7120,1831,1653217531,1653217531);
INSERT INTO player_score VALUES('56e462ff0',63,'1c6fa000b','3a2b89e4e',38570,2463,1653695693,1653695693);
INSERT INTO player_score VALUES('598a4beee',63,'1c6fa000b','3c170d885',19684,2660,1653766777,1653766777);
INSERT INTO player_score VALUES('44d974b5c',63,'1c6fa000b','3cafc8a9c',6300,1864,1653211363,1653211363);
INSERT INTO player_score VALUES('5f7a593a5',63,'1c6fa000b','421070fac',33228,2904,1653926166,1653926166);
INSERT INTO player_score VALUES('49c04a80b',63,'1cec58b61','2365e8a82',10560,2009,1653342942,1653342942);
INSERT INTO player_score VALUES('45e82f5d3',63,'1cec58b61','274489ba0',4224,1883,1653239751,1653239751);
INSERT INTO player_score VALUES('5679e3d31',63,'1cec58b61','3a2b89e4e',273296,2428,1653684526,1653684526);
INSERT INTO player_score VALUES('5a1022a08',63,'1cec58b61','3c170d885',276078,2703,1653780811,1653780811);
INSERT INTO player_score VALUES('4455f42bf',63,'1cec58b61','3cafc8a9c',124545,1751,1653197574,1653197574);
INSERT INTO player_score VALUES('626bb41ea',63,'1cec58b61','421070fac',8930,3179,1654005161,1654005161);
INSERT INTO player_score VALUES('61bb217bb',63,'1cec58b61','492e8cefa',0,2839,1653986646,1653986646);
INSERT INTO player_score VALUES('6139e86a7',63,'1cec58b61','4b7541499',27702,2921,1653973096,1653973096);
INSERT INTO player_score VALUES('4ba49fc27',63,'1cf8c0fa8','2365e8a82',11200,2100,1653393728,1653393728);
INSERT INTO player_score VALUES('455ca996b',63,'1cf8c0fa8','274489ba0',158598,1853,1653225121,1653225121);
INSERT INTO player_score VALUES('5d92ea850',63,'1cf8c0fa8','3603e0867',524144,2806,1653875055,1653875055);
INSERT INTO player_score VALUES('57e54e7a0',63,'1cf8c0fa8','3c170d885',205920,2516,1653722633,1653722633);
INSERT INTO player_score VALUES('444b8a229',63,'1cf8c0fa8','3cafc8a9c',273792,1745,1653196482,1653196482);
INSERT INTO player_score VALUES('612899437',63,'1cf8c0fa8','421070fac',287799,3057,1653971281,1653971281);
INSERT INTO player_score VALUES('5fc0c7033',63,'1cf8c0fa8','492e8cefa',364230,2584,1653933551,1653933551);
INSERT INTO player_score VALUES('603dbf316',63,'1cf8c0fa8','4b7541499',7436,2790,1653946655,1653946655);
INSERT INTO player_score VALUES('4c49b9655',63,'1e01d64b4','2365e8a82',327600,2132,1653411040,1653411040);
INSERT INTO player_score VALUES('42cc7068a',63,'1e01d64b4','274489ba0',23142,1683,1653156311,1653156311);
INSERT INTO player_score VALUES('6255e70cf',63,'1e01d64b4','3603e0867',28080,3146,1654002875,1654002875);
INSERT INTO player_score VALUES('5569b1359',63,'1e01d64b4','3a2b89e4e',57120,2327,1653655984,1653655984);
INSERT INTO player_score VALUES('57b449a93',63,'1e01d64b4','3c170d885',18150,2488,1653717493,1653717493);
INSERT INTO player_score VALUES('445a43ab7',63,'1e01d64b4','3cafc8a9c',66048,1758,1653198026,1653198026);
INSERT INTO player_score VALUES('5d801247d',63,'1e01d64b4','492e8cefa',812,2322,1653873079,1653873079);
INSERT INTO player_score VALUES('5dab1024e',63,'1e01d64b4','4b7541499',134385,2435,1653877587,1653877587);
INSERT INTO player_score VALUES('4bc24d6cb',63,'1ec45ba81','2365e8a82',17820,2109,1653396840,1653396840);
INSERT INTO player_score VALUES('45d8de794',63,'1ec45ba81','274489ba0',11253,1879,1653238145,1653238145);
INSERT INTO player_score VALUES('6079bba23',63,'1ec45ba81','3603e0867',261268,3010,1653952945,1653952945);
INSERT INTO player_score VALUES('5281e49be',63,'1ec45ba81','3a2b89e4e',37440,2068,1653577991,1653577991);
INSERT INTO player_score VALUES('595933916',63,'1ec45ba81','3c170d885',8750,2644,1653761629,1653761629);
INSERT INTO player_score VALUES('44db840fd',63,'1ec45ba81','3cafc8a9c',0,1865,1653211579,1653211579);
INSERT INTO player_score VALUES('63a593aeb',63,'1ec45ba81','421070fac',177815,3285,1654038073,1654038073);
INSERT INTO player_score VALUES('63a791f06',63,'1ec45ba81','492e8cefa',7920,3052,1654038282,1654038282);
INSERT INTO player_score VALUES('60656b71f',63,'1ec45ba81','4b7541499',121550,2810,1653950815,1653950815);
INSERT INTO player_score VALUES('4b95a9306',63,'20275340c','2365e8a82',338688,2097,1653392159,1653392159);
INSERT INTO player_score VALUES('410bdbff8',63,'20275340c','274489ba0',640,1578,1653109274,1653109274);
INSERT INTO player_score VALUES('5eb28dc23',63,'20275340c','3603e0867',46980,2875,1653905216,1653905216);
INSERT INTO player_score VALUES('535572516',63,'20275340c','3a2b89e4e',127270,2136,1653600174,1653600174);
INSERT INTO player_score VALUES('59ea06c3a',63,'20275340c','3c170d885',133510,2694,1653776815,1653776815);
INSERT INTO player_score VALUES('636d8c69c',63,'20275340c','421070fac',309024,3267,1654032198,1654032198);
INSERT INTO player_score VALUES('621c3bdda',63,'20275340c','492e8cefa',41480,2885,1653996828,1653996828);
INSERT INTO player_score VALUES('5fb63fafd',63,'20275340c','4b7541499',108914,2718,1653932447,1653932447);
INSERT INTO player_score VALUES('4ba5d8443',63,'20776f115','2365e8a82',80000,2101,1653393856,1653393856);
INSERT INTO player_score VALUES('451b58632',63,'20776f115','274489ba0',32256,1834,1653218272,1653218272);
INSERT INTO player_score VALUES('615d9f7be',63,'20776f115','3603e0867',16317,3083,1653976841,1653976841);
INSERT INTO player_score VALUES('561b5543f',63,'20776f115','3a2b89e4e',13770,2389,1653674611,1653674611);
INSERT INTO player_score VALUES('4498ff3fe',63,'20776f115','3cafc8a9c',80560,1819,1653204604,1653204604);
INSERT INTO player_score VALUES('62052c8c4',63,'20776f115','421070fac',36288,3126,1653994410,1653994410);
INSERT INTO player_score VALUES('62769d11a',63,'20776f115','492e8cefa',111720,2921,1654006305,1654006305);
INSERT INTO player_score VALUES('6182f5953',63,'20776f115','4b7541499',4860,2953,1653980756,1653980756);
INSERT INTO player_score VALUES('4c5f5cf1e',63,'223993dec','2365e8a82',6670,2135,1653413309,1653413309);
INSERT INTO player_score VALUES('451af6ba6',63,'223993dec','274489ba0',95220,1833,1653218232,1653218232);
INSERT INTO player_score VALUES('6272240e6',63,'223993dec','3603e0867',481650,3151,1654005836,1654005836);
INSERT INTO player_score VALUES('562bc1614',63,'223993dec','3a2b89e4e',37026,2393,1653676333,1653676333);
INSERT INTO player_score VALUES('58c2659c1',63,'223993dec','3c170d885',177408,2590,1653745816,1653745816);
INSERT INTO player_score VALUES('44b2eaff8',63,'223993dec','3cafc8a9c',248160,1838,1653207322,1653207322);
INSERT INTO player_score VALUES('63c101271',63,'223993dec','421070fac',532440,3292,1654040949,1654040949);
INSERT INTO player_score VALUES('61e10c832',63,'223993dec','492e8cefa',9800,2862,1653990622,1653990622);
INSERT INTO player_score VALUES('60ac18b63',63,'223993dec','4b7541499',64296,2842,1653958226,1653958226);
INSERT INTO player_score VALUES('47bec8fd2',63,'2291274ed','2365e8a82',14632,1897,1653289097,1653289097);
INSERT INTO player_score VALUES('41a817193',63,'2291274ed','274489ba0',26680,1621,1653125656,1653125656);
INSERT INTO player_score VALUES('6166e6f73',63,'2291274ed','3603e0867',36900,3085,1653977814,1653977814);
INSERT INTO player_score VALUES('55442cb2e',63,'2291274ed','3a2b89e4e',527310,2312,1653652050,1653652050);
INSERT INTO player_score VALUES('58e637884',63,'2291274ed','3c170d885',15912,2604,1653749572,1653749572);
INSERT INTO player_score VALUES('449ba384f',63,'2291274ed','3cafc8a9c',0,1822,1653204881,1653204881);
INSERT INTO player_score VALUES('60ed984a5',63,'2291274ed','421070fac',53504,3040,1653965094,1653965094);
INSERT INTO player_score VALUES('600fb8f6d',63,'2291274ed','492e8cefa',7560,2624,1653941829,1653941829);
INSERT INTO player_score VALUES('6180f4e38',63,'2291274ed','4b7541499',0,2952,1653980546,1653980546);
INSERT INTO player_score VALUES('4b864c19e',63,'22c4390cf','2365e8a82',219219,2092,1653390548,1653390548);
INSERT INTO player_score VALUES('455b081aa',63,'22c4390cf','274489ba0',5100,1852,1653224950,1653224950);
INSERT INTO player_score VALUES('5f6489bbf',63,'22c4390cf','3603e0867',170,2929,1653923879,1653923879);
INSERT INTO player_score VALUES('54c47f2ab',63,'22c4390cf','3a2b89e4e',369360,2267,1653638662,1653638662);
INSERT INTO player_score VALUES('597e00f32',63,'22c4390cf','3c170d885',148764,2656,1653765488,1653765488);
INSERT INTO player_score VALUES('447519c83',63,'22c4390cf','3cafc8a9c',99876,1789,1653200840,1653200840);
INSERT INTO player_score VALUES('63774b844',63,'22c4390cf','421070fac',31590,3268,1654033220,1654033220);
INSERT INTO player_score VALUES('639ea9a82',63,'22c4390cf','492e8cefa',269376,3050,1654037348,1654037348);
INSERT INTO player_score VALUES('60840378a',63,'22c4390cf','4b7541499',111982,2824,1653954023,1653954023);
INSERT INTO player_score VALUES('4bbf8216a',63,'237487535','2365e8a82',72576,2108,1653396547,1653396547);
INSERT INTO player_score VALUES('453b7497d',63,'237487535','274489ba0',0,1848,1653221639,1653221639);
INSERT INTO player_score VALUES('60e6abd36',63,'237487535','3603e0867',3915,3043,1653964368,1653964368);
INSERT INTO player_score VALUES('53b0ec47f',63,'237487535','3a2b89e4e',47616,2165,1653609766,1653609766);
INSERT INTO player_score VALUES('44abb2d96',63,'237487535','3cafc8a9c',102648,1833,1653206565,1653206565);
INSERT INTO player_score VALUES('60db43e8a',63,'237487535','421070fac',46904,3036,1653963172,1653963172);
INSERT INTO player_score VALUES('63c0cde65',63,'237487535','492e8cefa',4125,3065,1654040928,1654040928);
INSERT INTO player_score VALUES('5e5b99052',63,'237487535','4b7541499',114452,2538,1653896098,1653896098);
INSERT INTO player_score VALUES('4a52b7ddd',63,'239932850','2365e8a82',46046,2036,1653358296,1653358296);
INSERT INTO player_score VALUES('45a63d05e',63,'239932850','274489ba0',7476,1864,1653232836,1653232836);
INSERT INTO player_score VALUES('5b57a0849',63,'239932850','3603e0867',68952,2630,1653815151,1653815151);
INSERT INTO player_score VALUES('56b91704d',63,'239932850','3a2b89e4e',176400,2448,1653691153,1653691153);
INSERT INTO player_score VALUES('57d5ddda0',63,'239932850','3c170d885',131208,2503,1653721014,1653721014);
INSERT INTO player_score VALUES('5f419fba6',63,'239932850','421070fac',12245,2878,1653920218,1653920218);
INSERT INTO player_score VALUES('61735b70f',63,'239932850','492e8cefa',85845,2807,1653979120,1653979120);
INSERT INTO player_score VALUES('60bd349a1',63,'239932850','4b7541499',3654,2854,1653960020,1653960020);
INSERT INTO player_score VALUES('4bed2dfd6',63,'242df604c','2365e8a82',159565,2115,1653401336,1653401336);
INSERT INTO player_score VALUES('451a0777b',63,'242df604c','274489ba0',180900,1832,1653218134,1653218134);
INSERT INTO player_score VALUES('602c8391b',63,'242df604c','3603e0867',72960,2991,1653944848,1653944848);
INSERT INTO player_score VALUES('51345adf1',63,'242df604c','3a2b89e4e',6305,1943,1653543017,1653543017);
INSERT INTO player_score VALUES('557b1da87',63,'242df604c','3c170d885',72960,2287,1653657811,1653657811);
INSERT INTO player_score VALUES('44e006d67',63,'242df604c','3cafc8a9c',62952,1870,1653212052,1653212052);
INSERT INTO player_score VALUES('62febdb80',63,'242df604c','421070fac',132770,3230,1654020579,1654020579);
INSERT INTO player_score VALUES('5e11bc518',63,'242df604c','492e8cefa',90552,2386,1653888353,1653888353);
INSERT INTO player_score VALUES('5f8550d7e',63,'242df604c','4b7541499',52140,2681,1653927316,1653927316);
INSERT INTO player_score VALUES('4a55c2aa0',63,'244159699','2365e8a82',0,2037,1653358615,1653358615);
INSERT INTO player_score VALUES('445f6eec1',63,'244159699','274489ba0',86848,1795,1653198568,1653198568);
INSERT INTO player_score VALUES('624316281',63,'244159699','3603e0867',273000,3141,1654000902,1654000902);
INSERT INTO player_score VALUES('52d1a1335',63,'244159699','3c170d885',76636,2035,1653586352,1653586352);
INSERT INTO player_score VALUES('449814df6',63,'244159699','3cafc8a9c',287028,1817,1653204508,1653204508);
INSERT INTO player_score VALUES('62eaeee85',63,'244159699','421070fac',114920,3225,1654018502,1654018502);
INSERT INTO player_score VALUES('61c10d97a',63,'244159699','492e8cefa',28072,2844,1653987267,1653987267);
INSERT INTO player_score VALUES('611bf3f64',63,'244159699','4b7541499',33966,2905,1653969955,1653969955);
INSERT INTO player_score VALUES('4618204ff',63,'25ae372a8','274489ba0',58425,1896,1653244778,1653244778);
INSERT INTO player_score VALUES('6021e64b1',63,'25ae372a8','3603e0867',438480,2986,1653943735,1653943735);
INSERT INTO player_score VALUES('516c1dc41',63,'25ae372a8','3a2b89e4e',155520,1966,1653548864,1653548864);
INSERT INTO player_score VALUES('59a9ff264',63,'25ae372a8','3c170d885',267890,2671,1653770101,1653770101);
INSERT INTO player_score VALUES('449ccaee3',63,'25ae372a8','3cafc8a9c',71280,1823,1653205002,1653205002);
INSERT INTO player_score VALUES('634506df3',63,'25ae372a8','421070fac',91908,3254,1654027949,1654027949);
INSERT INTO player_score VALUES('630336bb9',63,'25ae372a8','492e8cefa',14976,2989,1654021048,1654021048);
INSERT INTO player_score VALUES('60e2b434d',63,'25ae372a8','4b7541499',35260,2876,1653963952,1653963952);
INSERT INTO player_score VALUES('4ba626651',63,'25ffe8424','2365e8a82',184300,2102,1653393888,1653393888);
INSERT INTO player_score VALUES('43463e0e9',63,'25ffe8424','274489ba0',22015,1715,1653169083,1653169083);
INSERT INTO player_score VALUES('54ca18475',63,'25ffe8424','3a2b89e4e',196560,2269,1653639249,1653639249);
INSERT INTO player_score VALUES('44999defa',63,'25ffe8424','3cafc8a9c',20592,1821,1653204669,1653204669);
INSERT INTO player_score VALUES('6067c8e82',63,'25ffe8424','421070fac',57519,2999,1653951063,1653951063);
INSERT INTO player_score VALUES('6198facd6',63,'25ffe8424','492e8cefa',183844,2816,1653983065,1653983065);
INSERT INTO player_score VALUES('6118bd37d',63,'25ffe8424','4b7541499',3068,2904,1653969618,1653969618);
INSERT INTO player_score VALUES('4c01264a0',63,'2631f730b','2365e8a82',77330,2120,1653403430,1653403430);
INSERT INTO player_score VALUES('450e341f6',63,'2631f730b','274489ba0',13056,1829,1653216894,1653216894);
INSERT INTO player_score VALUES('60d3c766f',63,'2631f730b','3603e0867',23814,3037,1653962387,1653962387);
INSERT INTO player_score VALUES('566f8604a',63,'2631f730b','3a2b89e4e',123420,2423,1653683439,1653683439);
INSERT INTO player_score VALUES('58e0e055d',63,'2631f730b','3c170d885',9600,2601,1653749012,1653749012);
INSERT INTO player_score VALUES('448c0bd1e',63,'2631f730b','3cafc8a9c',120960,1806,1653203246,1653203246);
INSERT INTO player_score VALUES('635aec58e',63,'2631f730b','421070fac',30429,3260,1654030245,1654030245);
INSERT INTO player_score VALUES('61b9085b5',63,'2631f730b','492e8cefa',0,2837,1653986426,1653986426);
INSERT INTO player_score VALUES('618e8221a',63,'2631f730b','4b7541499',28336,2956,1653981967,1653981967);
INSERT INTO player_score VALUES('4c8f7766f',63,'264056636','2365e8a82',68160,2142,1653418353,1653418353);
INSERT INTO player_score VALUES('45d9f4c64',63,'264056636','274489ba0',161838,1880,1653238259,1653238259);
INSERT INTO player_score VALUES('5e54dd62b',63,'264056636','3603e0867',607500,2850,1653895392,1653895392);
INSERT INTO player_score VALUES('529c3bc6c',63,'264056636','3a2b89e4e',68172,2081,1653580753,1653580753);
INSERT INTO player_score VALUES('5a37796e3',63,'264056636','3c170d885',344400,2714,1653784936,1653784936);
INSERT INTO player_score VALUES('44d3ea421',63,'264056636','3cafc8a9c',89148,1858,1653210782,1653210782);
INSERT INTO player_score VALUES('5e50d4ac2',63,'264056636','421070fac',79254,2773,1653894969,1653894969);
INSERT INTO player_score VALUES('63b0a8987',63,'264056636','492e8cefa',114912,3058,1654039235,1654039235);
INSERT INTO player_score VALUES('6168775ff',63,'264056636','4b7541499',362880,2943,1653977978,1653977978);
INSERT INTO player_score VALUES('457b85fa0',63,'268a1d1c9','274489ba0',28080,1860,1653228357,1653228357);
INSERT INTO player_score VALUES('60e1d87a3',63,'268a1d1c9','3603e0867',95370,3042,1653963862,1653963862);
INSERT INTO player_score VALUES('565450ae6',63,'268a1d1c9','3a2b89e4e',212400,2411,1653680586,1653680586);
INSERT INTO player_score VALUES('5a189822f',63,'268a1d1c9','3c170d885',377580,2705,1653781698,1653781698);
INSERT INTO player_score VALUES('44c8a9668',63,'268a1d1c9','3cafc8a9c',79895,1849,1653209602,1653209602);
INSERT INTO player_score VALUES('63495b47f',63,'268a1d1c9','421070fac',19656,3257,1654028403,1654028403);
INSERT INTO player_score VALUES('62a812383',63,'268a1d1c9','492e8cefa',170108,2952,1654011491,1654011491);
INSERT INTO player_score VALUES('609cf14f4',63,'268a1d1c9','4b7541499',5160,2833,1653956637,1653956637);
INSERT INTO player_score VALUES('46d497615',63,'26fbf9116','2365e8a82',196350,1845,1653264540,1653264540);
INSERT INTO player_score VALUES('4601ef27a',63,'26fbf9116','274489ba0',200260,1892,1653242451,1653242451);
INSERT INTO player_score VALUES('60bb9f51b',63,'26fbf9116','3603e0867',240834,3027,1653959854,1653959854);
INSERT INTO player_score VALUES('56431c606',63,'26fbf9116','3a2b89e4e',21056,2404,1653678782,1653678782);
INSERT INTO player_score VALUES('579415084',63,'26fbf9116','3c170d885',65190,2476,1653714116,1653714116);
INSERT INTO player_score VALUES('439297f21',63,'26fbf9116','3cafc8a9c',7770,1601,1653177089,1653177089);
INSERT INTO player_score VALUES('61d11326c',63,'26fbf9116','421070fac',30537,3114,1653988947,1653988947);
INSERT INTO player_score VALUES('615450a98',63,'26fbf9116','4b7541499',37440,2932,1653975865,1653975865);
INSERT INTO player_score VALUES('451c93518',63,'2728edd89','274489ba0',71553,1835,1653218401,1653218401);
INSERT INTO player_score VALUES('5e7841722',63,'2728edd89','3603e0867',142576,2860,1653899103,1653899103);
INSERT INTO player_score VALUES('56c1e950b',63,'2728edd89','3a2b89e4e',15168,2452,1653692078,1653692078);
INSERT INTO player_score VALUES('596ee5c22',63,'2728edd89','3c170d885',173280,2649,1653763904,1653763904);
INSERT INTO player_score VALUES('44b554a74',63,'2728edd89','3cafc8a9c',33408,1839,1653207575,1653207575);
INSERT INTO player_score VALUES('6234a5dee',63,'2728edd89','421070fac',0,3147,1653999388,1653999388);
INSERT INTO player_score VALUES('613061761',63,'2728edd89','4b7541499',48510,2918,1653972097,1653972097);
INSERT INTO player_score VALUES('4a922f6ba',63,'272afabf2','2365e8a82',9075,2048,1653364951,1653364951);
INSERT INTO player_score VALUES('45b6513c0',63,'272afabf2','274489ba0',148736,1867,1653234522,1653234522);
INSERT INTO player_score VALUES('6171f48f0',63,'272afabf2','3603e0867',6075,3088,1653978973,1653978973);
INSERT INTO player_score VALUES('445a96ae2',63,'272afabf2','3cafc8a9c',279744,1759,1653198060,1653198060);
INSERT INTO player_score VALUES('6193cf8ca',63,'272afabf2','421070fac',73260,3093,1653982523,1653982523);
INSERT INTO player_score VALUES('625b6a32b',63,'272afabf2','492e8cefa',512050,2913,1654003453,1654003453);
INSERT INTO player_score VALUES('611e7d5d7',63,'272afabf2','4b7541499',310080,2907,1653970221,1653970221);
INSERT INTO player_score VALUES('4afaab735',63,'27eb9cb73','2365e8a82',50600,2070,1653375907,1653375907);
INSERT INTO player_score VALUES('44e51e8d4',63,'27eb9cb73','274489ba0',180576,1821,1653212586,1653212586);
INSERT INTO player_score VALUES('6156033de',63,'27eb9cb73','3603e0867',214704,3079,1653976043,1653976043);
INSERT INTO player_score VALUES('56c8d0e63',63,'27eb9cb73','3a2b89e4e',353864,2455,1653692802,1653692802);
INSERT INTO player_score VALUES('5746ae93c',63,'27eb9cb73','3c170d885',52460,2445,1653706000,1653706000);
INSERT INTO player_score VALUES('44b9057dd',63,'27eb9cb73','3cafc8a9c',152000,1842,1653207962,1653207962);
INSERT INTO player_score VALUES('627edce6e',63,'27eb9cb73','421070fac',0,3189,1654007170,1654007170);
INSERT INTO player_score VALUES('62cd636c4',63,'27eb9cb73','492e8cefa',325992,2967,1654015404,1654015404);
INSERT INTO player_score VALUES('4c72f87b3',63,'2842e6e9a','2365e8a82',12768,2139,1653415365,1653415365);
INSERT INTO player_score VALUES('45f450d31',63,'2842e6e9a','274489ba0',0,1888,1653241023,1653241023);
INSERT INTO player_score VALUES('55f327a18',63,'2842e6e9a','3a2b89e4e',80400,2374,1653670398,1653670398);
INSERT INTO player_score VALUES('59cfca73c',63,'2842e6e9a','3c170d885',46376,2681,1653774064,1653774064);
INSERT INTO player_score VALUES('43bd4f05f',63,'2842e6e9a','3cafc8a9c',13286,1633,1653181568,1653181568);
INSERT INTO player_score VALUES('60a33f172',63,'2842e6e9a','421070fac',129360,3014,1653957298,1653957298);
INSERT INTO player_score VALUES('630e9ea50',63,'2842e6e9a','492e8cefa',139200,2992,1654022244,1654022244);
INSERT INTO player_score VALUES('5e1711160',63,'2842e6e9a','4b7541499',64242,2500,1653888912,1653888912);
INSERT INTO player_score VALUES('4b25bcd9c',63,'28b8936c0','2365e8a82',3080,2078,1653380423,1653380423);
INSERT INTO player_score VALUES('45260ba28',63,'28b8936c0','274489ba0',12844,1838,1653219394,1653219394);
INSERT INTO player_score VALUES('60c33b90c',63,'28b8936c0','3603e0867',29326,3029,1653960652,1653960652);
INSERT INTO player_score VALUES('52c6eb826',63,'28b8936c0','3a2b89e4e',87000,2094,1653585229,1653585229);
INSERT INTO player_score VALUES('59185c719',63,'28b8936c0','3c170d885',108300,2622,1653754830,1653754830);
INSERT INTO player_score VALUES('62b2e532c',63,'28b8936c0','421070fac',429,3206,1654012626,1654012626);
INSERT INTO player_score VALUES('634d4b954',63,'28b8936c0','492e8cefa',136640,3007,1654028816,1654028816);
INSERT INTO player_score VALUES('6168fda76',63,'28b8936c0','4b7541499',25988,2944,1653978033,1653978033);
INSERT INTO player_score VALUES('4bca6feeb',63,'28c5e39fc','2365e8a82',52416,2110,1653397693,1653397693);
INSERT INTO player_score VALUES('3e32fc339',63,'28c5e39fc','274489ba0',6678,1419,1653032846,1653032846);
INSERT INTO player_score VALUES('62221bc97',63,'28c5e39fc','3603e0867',264492,3133,1653997444,1653997444);
INSERT INTO player_score VALUES('5532af2b1',63,'28c5e39fc','3a2b89e4e',183600,2306,1653650216,1653650216);
INSERT INTO player_score VALUES('59a315218',63,'28c5e39fc','3c170d885',32384,2667,1653769376,1653769376);
INSERT INTO player_score VALUES('606154176',63,'28c5e39fc','4b7541499',141636,2806,1653950386,1653950386);
INSERT INTO player_score VALUES('4c960bf55',63,'294f552b1','2365e8a82',6438,2143,1653419043,1653419043);
INSERT INTO player_score VALUES('43ba5f106',63,'294f552b1','274489ba0',20736,1747,1653181260,1653181260);
INSERT INTO player_score VALUES('554299e11',63,'294f552b1','3a2b89e4e',16936,2311,1653651885,1653651885);
INSERT INTO player_score VALUES('58f398d02',63,'294f552b1','3c170d885',122877,2610,1653750975,1653750975);
INSERT INTO player_score VALUES('442c536a8',63,'294f552b1','3cafc8a9c',133300,1725,1653193209,1653193209);
INSERT INTO player_score VALUES('62cc3e75b',63,'294f552b1','492e8cefa',134784,2965,1654015284,1654015284);
INSERT INTO player_score VALUES('5faf819d3',63,'294f552b1','4b7541499',457002,2712,1653931740,1653931740);
INSERT INTO player_score VALUES('48c52b62a',63,'29ad820f8','2365e8a82',59904,1957,1653316610,1653316610);
INSERT INTO player_score VALUES('42efb72db',63,'29ad820f8','274489ba0',32640,1694,1653160010,1653160010);
INSERT INTO player_score VALUES('60e70147b',63,'29ad820f8','3603e0867',130052,3044,1653964403,1653964403);
INSERT INTO player_score VALUES('59282c4b6',63,'29ad820f8','3c170d885',22100,2632,1653756488,1653756488);
INSERT INTO player_score VALUES('44e6bb26c',63,'29ad820f8','3cafc8a9c',244440,1874,1653212755,1653212755);
INSERT INTO player_score VALUES('5fbc1aba6',63,'29ad820f8','4b7541499',21672,2722,1653933061,1653933061);
INSERT INTO player_score VALUES('476e70218',63,'29c1e83b9','2365e8a82',100926,1880,1653280672,1653280672);
INSERT INTO player_score VALUES('42f29aeb8',63,'29c1e83b9','274489ba0',30360,1695,1653160313,1653160313);
INSERT INTO player_score VALUES('61efb2823',63,'29c1e83b9','3603e0867',221100,3117,1653992158,1653992158);
INSERT INTO player_score VALUES('56d99c343',63,'29c1e83b9','3a2b89e4e',4080,2460,1653694563,1653694563);
INSERT INTO player_score VALUES('442cbc66e',63,'29c1e83b9','3cafc8a9c',37026,1726,1653193252,1653193252);
INSERT INTO player_score VALUES('61b54b561',63,'29c1e83b9','421070fac',97020,3104,1653986034,1653986034);
INSERT INTO player_score VALUES('632ad4561',63,'29c1e83b9','492e8cefa',626262,2995,1654025202,1654025202);
INSERT INTO player_score VALUES('45da9103b',63,'2af391be2','2365e8a82',28512,1795,1653238323,1653238323);
INSERT INTO player_score VALUES('45a479606',63,'2af391be2','274489ba0',96642,1863,1653232651,1653232651);
INSERT INTO player_score VALUES('62673d86d',63,'2af391be2','3603e0867',6840,3150,1654004693,1654004693);
INSERT INTO player_score VALUES('55667ce56',63,'2af391be2','3a2b89e4e',136080,2326,1653655648,1653655648);
INSERT INTO player_score VALUES('591d98c81',63,'2af391be2','3c170d885',90804,2625,1653755379,1653755379);
INSERT INTO player_score VALUES('445c9c40d',63,'2af391be2','3cafc8a9c',56700,1764,1653198272,1653198272);
INSERT INTO player_score VALUES('634fb7b45',63,'2af391be2','421070fac',653600,3258,1654029070,1654029070);
INSERT INTO player_score VALUES('626ac26ac',63,'2af391be2','492e8cefa',175218,2917,1654005062,1654005062);
INSERT INTO player_score VALUES('5e0b2a303',63,'2af391be2','4b7541499',405720,2496,1653887664,1653887664);
INSERT INTO player_score VALUES('46105cfda',63,'2b21ba25a','274489ba0',262668,1894,1653243964,1653243964);
INSERT INTO player_score VALUES('619f8a7ec',63,'2b21ba25a','3603e0867',232000,3097,1653983753,1653983753);
INSERT INTO player_score VALUES('5685557ff',63,'2b21ba25a','3a2b89e4e',5896,2432,1653685726,1653685726);
INSERT INTO player_score VALUES('58e2f7041',63,'2b21ba25a','3c170d885',75348,2602,1653749231,1653749231);
INSERT INTO player_score VALUES('6255ebf28',63,'2b21ba25a','421070fac',22048,3165,1654002877,1654002877);
INSERT INTO player_score VALUES('63b4792a0',63,'2b21ba25a','492e8cefa',37908,3059,1654039635,1654039635);
INSERT INTO player_score VALUES('617fb9f6a',63,'2b21ba25a','4b7541499',243530,2951,1653980417,1653980417);
INSERT INTO player_score VALUES('4b36156d0',63,'2b2c2dee6','2365e8a82',10185,2080,1653382137,1653382137);
INSERT INTO player_score VALUES('624d60723',63,'2b2c2dee6','3603e0867',45920,3144,1654001981,1654001981);
INSERT INTO player_score VALUES('55014d90f',63,'2b2c2dee6','3a2b89e4e',80850,2285,1653645038,1653645038);
INSERT INTO player_score VALUES('595d523dd',63,'2b2c2dee6','3c170d885',216090,2646,1653762061,1653762061);
INSERT INTO player_score VALUES('44ea11a12',63,'2b2c2dee6','3cafc8a9c',184875,1875,1653213105,1653213105);
INSERT INTO player_score VALUES('62f872625',63,'2b2c2dee6','421070fac',523296,3228,1654019919,1654019919);
INSERT INTO player_score VALUES('6199c7ddb',63,'2b2c2dee6','492e8cefa',2592,2818,1653983149,1653983149);
INSERT INTO player_score VALUES('6025664c2',63,'2b2c2dee6','4b7541499',99280,2780,1653944102,1653944102);
INSERT INTO player_score VALUES('4b4116ce0',63,'2cd4c155c','2365e8a82',2730,2084,1653383291,1653383291);
INSERT INTO player_score VALUES('45d63a328',63,'2cd4c155c','274489ba0',0,1877,1653237868,1653237868);
INSERT INTO player_score VALUES('62151e92c',63,'2cd4c155c','3603e0867',196800,3127,1653996082,1653996082);
INSERT INTO player_score VALUES('55c384cf1',63,'2cd4c155c','3a2b89e4e',88400,2355,1653665403,1653665403);
INSERT INTO player_score VALUES('5a45cc6aa',63,'2cd4c155c','3c170d885',6912,2718,1653786438,1653786438);
INSERT INTO player_score VALUES('44d4fe1f6',63,'2cd4c155c','3cafc8a9c',202500,1860,1653210895,1653210895);
INSERT INTO player_score VALUES('621b82525',63,'2cd4c155c','421070fac',91008,3135,1653996752,1653996752);
INSERT INTO player_score VALUES('63a56ca09',63,'2cd4c155c','492e8cefa',128520,3051,1654038057,1654038057);
INSERT INTO player_score VALUES('5c12390f2',63,'2cd4c155c','4b7541499',233728,2235,1653834717,1653834717);
INSERT INTO player_score VALUES('4a33308ea',63,'2d00bf89d','2365e8a82',60996,2030,1653354990,1653354990);
INSERT INTO player_score VALUES('5fb4ffde3',63,'2d00bf89d','3603e0867',90720,2959,1653932316,1653932316);
INSERT INTO player_score VALUES('56aaeb13d',63,'2d00bf89d','3a2b89e4e',48960,2443,1653689667,1653689667);
INSERT INTO player_score VALUES('59e2bff7c',63,'2d00bf89d','3c170d885',400945,2692,1653776052,1653776052);
INSERT INTO player_score VALUES('44a1c557f',63,'2d00bf89d','3cafc8a9c',3608,1827,1653205524,1653205524);
INSERT INTO player_score VALUES('63b1a19e9',63,'2d00bf89d','421070fac',16450,3288,1654039337,1654039337);
INSERT INTO player_score VALUES('63ac8ecc9',63,'2d00bf89d','492e8cefa',109296,3055,1654038805,1654038805);
INSERT INTO player_score VALUES('61069e8c7',63,'2d00bf89d','4b7541499',84448,2893,1653967718,1653967718);
INSERT INTO player_score VALUES('4c32bd9b3',63,'2e0bf54bf','2365e8a82',75712,2128,1653408630,1653408630);
INSERT INTO player_score VALUES('44f1c3dc9',63,'2e0bf54bf','274489ba0',19278,1825,1653213912,1653213912);
INSERT INTO player_score VALUES('607d6a056',63,'2e0bf54bf','3603e0867',20790,3014,1653953331,1653953331);
INSERT INTO player_score VALUES('51ec9d43a',63,'2e0bf54bf','3a2b89e4e',53460,2009,1653562338,1653562338);
INSERT INTO player_score VALUES('5a0580712',63,'2e0bf54bf','3c170d885',71340,2700,1653779696,1653779696);
INSERT INTO player_score VALUES('42d427824',63,'2e0bf54bf','3cafc8a9c',422730,1436,1653157120,1653157120);
INSERT INTO player_score VALUES('62cb6c84a',63,'2e0bf54bf','421070fac',86184,3215,1654015198,1654015198);
INSERT INTO player_score VALUES('6086e2585',63,'2e0bf54bf','492e8cefa',124928,2682,1653954324,1653954324);
INSERT INTO player_score VALUES('611f43203',63,'2e0bf54bf','4b7541499',1775,2908,1653970302,1653970302);
INSERT INTO player_score VALUES('4b3a23027',63,'2e2df2761','2365e8a82',156456,2081,1653382562,1653382562);
INSERT INTO player_score VALUES('4301435ed',63,'2e2df2761','274489ba0',166257,1697,1653161850,1653161850);
INSERT INTO player_score VALUES('6283314e2',63,'2e2df2761','3603e0867',134460,3155,1654007624,1654007624);
INSERT INTO player_score VALUES('5682b3af8',63,'2e2df2761','3a2b89e4e',40158,2431,1653685450,1653685450);
INSERT INTO player_score VALUES('55def2471',63,'2e2df2761','3c170d885',28480,2315,1653668279,1653668279);
INSERT INTO player_score VALUES('44cafaa63',63,'2e2df2761','3cafc8a9c',8700,1852,1653209845,1653209845);
INSERT INTO player_score VALUES('638677cf9',63,'2e2df2761','421070fac',2964,3274,1654034811,1654034811);
INSERT INTO player_score VALUES('60cc4ae77',63,'2e2df2761','4b7541499',111228,2863,1653961602,1653961602);
INSERT INTO player_score VALUES('4982fd23e',63,'2e31af82c','2365e8a82',483840,1991,1653336514,1653336514);
INSERT INTO player_score VALUES('4453d89e7',63,'2e31af82c','274489ba0',27440,1792,1653197353,1653197353);
INSERT INTO player_score VALUES('60a28f4dc',63,'2e31af82c','3603e0867',131535,3021,1653957226,1653957226);
INSERT INTO player_score VALUES('5491a8033',63,'2e31af82c','3a2b89e4e',436392,2248,1653633331,1653633331);
INSERT INTO player_score VALUES('599a84c2c',63,'2e31af82c','3c170d885',63140,2665,1653768478,1653768478);
INSERT INTO player_score VALUES('446a5a554',63,'2e31af82c','3cafc8a9c',88740,1778,1653199713,1653199713);
INSERT INTO player_score VALUES('63a6e227d',63,'2e31af82c','421070fac',108108,3286,1654038210,1654038210);
INSERT INTO player_score VALUES('5e80ecb1f',63,'2e31af82c','492e8cefa',34580,2450,1653900012,1653900012);
INSERT INTO player_score VALUES('60d1650c2',63,'2e31af82c','4b7541499',12096,2865,1653962137,1653962137);
INSERT INTO player_score VALUES('49d5da850',63,'2ed71e920','2365e8a82',155844,2014,1653345203,1653345203);
INSERT INTO player_score VALUES('45f6713ec',63,'2ed71e920','274489ba0',59850,1890,1653241246,1653241246);
INSERT INTO player_score VALUES('62aaffb6e',63,'2ed71e920','3603e0867',202752,3168,1654011798,1654011798);
INSERT INTO player_score VALUES('56c187a73',63,'2ed71e920','3a2b89e4e',53820,2450,1653692038,1653692038);
INSERT INTO player_score VALUES('596fa6a33',63,'2ed71e920','3c170d885',203112,2650,1653763983,1653763983);
INSERT INTO player_score VALUES('446307542',63,'2ed71e920','3cafc8a9c',51408,1771,1653198945,1653198945);
INSERT INTO player_score VALUES('634849d59',63,'2ed71e920','421070fac',1848,3256,1654028291,1654028291);
INSERT INTO player_score VALUES('62220d1ea',63,'2ed71e920','492e8cefa',16740,2889,1653997438,1653997438);
INSERT INTO player_score VALUES('60184477c',63,'2ed71e920','4b7541499',6240,2772,1653942725,1653942725);
INSERT INTO player_score VALUES('49337162a',63,'2efb5e5e5','2365e8a82',14112,1977,1653328173,1653328173);
INSERT INTO player_score VALUES('62a03dd17',63,'2efb5e5e5','3603e0867',248472,3166,1654010670,1654010670);
INSERT INTO player_score VALUES('527b882c6',63,'2efb5e5e5','3a2b89e4e',69350,2066,1653577324,1653577324);
INSERT INTO player_score VALUES('54b7efd20',63,'2efb5e5e5','3c170d885',38016,2215,1653637345,1653637345);
INSERT INTO player_score VALUES('43b2416b3',63,'2efb5e5e5','3cafc8a9c',29986,1625,1653180409,1653180409);
INSERT INTO player_score VALUES('635fdf6f0',63,'2efb5e5e5','492e8cefa',58344,3014,1654030764,1654030764);
INSERT INTO player_score VALUES('60dd38634',63,'2efb5e5e5','4b7541499',244902,2872,1653963377,1653963377);
INSERT INTO player_score VALUES('4c678e1dc',63,'2f44495cc','2365e8a82',665614,2137,1653414168,1653414168);
INSERT INTO player_score VALUES('453563df4',63,'2f44495cc','274489ba0',213900,1843,1653221003,1653221003);
INSERT INTO player_score VALUES('58bb48512',63,'2f44495cc','3603e0867',16920,2445,1653745070,1653745070);
INSERT INTO player_score VALUES('58971e808',63,'2f44495cc','3c170d885',167214,2571,1653741278,1653741278);
INSERT INTO player_score VALUES('4434c19d6',63,'2f44495cc','3cafc8a9c',0,1728,1653194093,1653194093);
INSERT INTO player_score VALUES('61707c978',63,'2f44495cc','421070fac',155100,3083,1653978819,1653978819);
INSERT INTO player_score VALUES('63c0934bf',63,'2f44495cc','492e8cefa',116622,3064,1654040904,1654040904);
INSERT INTO player_score VALUES('609e64697',63,'2f44495cc','4b7541499',4320,2836,1653956789,1653956789);
INSERT INTO player_score VALUES('4c87770e5',63,'2fde7a011','2365e8a82',553288,2141,1653417514,1653417514);
INSERT INTO player_score VALUES('45da6c67a',63,'2fde7a011','274489ba0',0,1881,1653238308,1653238308);
INSERT INTO player_score VALUES('62219f430',63,'2fde7a011','3603e0867',4320,3132,1653997393,1653997393);
INSERT INTO player_score VALUES('5608279d3',63,'2fde7a011','3a2b89e4e',527904,2380,1653672600,1653672600);
INSERT INTO player_score VALUES('57e0e41ca',63,'2fde7a011','3c170d885',95634,2512,1653722170,1653722170);
INSERT INTO player_score VALUES('44af0e360',63,'2fde7a011','3cafc8a9c',241920,1835,1653206917,1653206917);
INSERT INTO player_score VALUES('6331555c6',63,'2fde7a011','421070fac',531828,3245,1654025884,1654025884);
INSERT INTO player_score VALUES('638e3157b',63,'2fde7a011','492e8cefa',1104,3036,1654035621,1654035621);
INSERT INTO player_score VALUES('6013c41d5',63,'2fde7a011','4b7541499',0,2767,1653942253,1653942253);
INSERT INTO player_score VALUES('449afb0e9',63,'305323bd2','274489ba0',5280,1803,1653204812,1653204812);
INSERT INTO player_score VALUES('5f6f8d901',63,'305323bd2','3603e0867',10350,2937,1653925034,1653925034);
INSERT INTO player_score VALUES('56dc874ad',63,'305323bd2','3a2b89e4e',1536,2461,1653694869,1653694869);
INSERT INTO player_score VALUES('5865bce6f',63,'305323bd2','3c170d885',84480,2551,1653736100,1653736100);
INSERT INTO player_score VALUES('44dbf1eda',63,'305323bd2','3cafc8a9c',51840,1866,1653211624,1653211624);
INSERT INTO player_score VALUES('632025f52',63,'305323bd2','421070fac',74088,3239,1654024082,1654024082);
INSERT INTO player_score VALUES('62a32b540',63,'305323bd2','492e8cefa',42120,2949,1654010977,1654010977);
INSERT INTO player_score VALUES('6169ef597',63,'305323bd2','4b7541499',321776,2945,1653978132,1653978132);
INSERT INTO player_score VALUES('4a6f6c7ea',63,'306aad210','2365e8a82',117120,2042,1653361306,1653361306);
INSERT INTO player_score VALUES('432b594b0',63,'306aad210','274489ba0',28975,1707,1653166263,1653166263);
INSERT INTO player_score VALUES('62314a7e3',63,'306aad210','3603e0867',5850,3138,1653999036,1653999036);
INSERT INTO player_score VALUES('5278eb3b3',63,'306aad210','3a2b89e4e',36864,2063,1653577050,1653577050);
INSERT INTO player_score VALUES('5a2a48f17',63,'306aad210','3c170d885',21440,2709,1653783553,1653783553);
INSERT INTO player_score VALUES('441db72f7',63,'306aad210','3cafc8a9c',44020,1712,1653191677,1653191677);
INSERT INTO player_score VALUES('610290f15',63,'306aad210','421070fac',47450,3045,1653967293,1653967293);
INSERT INTO player_score VALUES('632c6247b',63,'306aad210','492e8cefa',7680,2997,1654025365,1654025365);
INSERT INTO player_score VALUES('612121a51',63,'306aad210','4b7541499',272160,2910,1653970498,1653970498);
INSERT INTO player_score VALUES('4b535efb3',63,'307a2c691','2365e8a82',34224,2086,1653385208,1653385208);
INSERT INTO player_score VALUES('4574f64ae',63,'307a2c691','274489ba0',256608,1858,1653227669,1653227669);
INSERT INTO player_score VALUES('622ec3899',63,'307a2c691','3603e0867',8360,3137,1653998771,1653998771);
INSERT INTO player_score VALUES('56775cd7d',63,'307a2c691','3a2b89e4e',352170,2427,1653684261,1653684261);
INSERT INTO player_score VALUES('5a24901e3',63,'307a2c691','3c170d885',0,2708,1653782953,1653782953);
INSERT INTO player_score VALUES('44e576710',63,'307a2c691','3cafc8a9c',43120,1873,1653212622,1653212622);
INSERT INTO player_score VALUES('63c449040',63,'307a2c691','421070fac',24304,3294,1654041293,1654041293);
INSERT INTO player_score VALUES('619274e2f',63,'307a2c691','492e8cefa',222720,2814,1653982381,1653982381);
INSERT INTO player_score VALUES('612ade53b',63,'307a2c691','4b7541499',24820,2915,1653971519,1653971519);
INSERT INTO player_score VALUES('49b75397a',63,'313eeaa05','2365e8a82',291200,2006,1653342002,1653342002);
INSERT INTO player_score VALUES('4381d3f37',63,'313eeaa05','274489ba0',59130,1730,1653175331,1653175331);
INSERT INTO player_score VALUES('62989cb32',63,'313eeaa05','3603e0867',3696,3163,1654009870,1654009870);
INSERT INTO player_score VALUES('510094760',63,'313eeaa05','3a2b89e4e',121500,1921,1653537588,1653537588);
INSERT INTO player_score VALUES('58e4430ad',63,'313eeaa05','3c170d885',300160,2603,1653749367,1653749367);
INSERT INTO player_score VALUES('44d7e4548',63,'313eeaa05','3cafc8a9c',77220,1861,1653211199,1653211199);
INSERT INTO player_score VALUES('62e2bdbd2',63,'313eeaa05','421070fac',4644,3224,1654017643,1654017643);
INSERT INTO player_score VALUES('635c1b15a',63,'313eeaa05','492e8cefa',56120,3013,1654030369,1654030369);
INSERT INTO player_score VALUES('6165409d5',63,'313eeaa05','4b7541499',0,2941,1653977641,1653977641);
INSERT INTO player_score VALUES('486182b52',63,'3154734fd','2365e8a82',1680,1938,1653306160,1653306160);
INSERT INTO player_score VALUES('45ba466e8',63,'3154734fd','274489ba0',305730,1869,1653234937,1653234937);
INSERT INTO player_score VALUES('629adcddf',63,'3154734fd','3603e0867',18032,3164,1654010106,1654010106);
INSERT INTO player_score VALUES('563a05bb1',63,'3154734fd','3a2b89e4e',17391,2402,1653677829,1653677829);
INSERT INTO player_score VALUES('5a47c5c5a',63,'3154734fd','3c170d885',2562,2720,1653786645,1653786645);
INSERT INTO player_score VALUES('44cba8021',63,'3154734fd','3cafc8a9c',432,1853,1653209916,1653209916);
INSERT INTO player_score VALUES('61f4f147d',63,'3154734fd','421070fac',113344,3118,1653992708,1653992708);
INSERT INTO player_score VALUES('63b8cffec',63,'3154734fd','492e8cefa',51084,3060,1654040090,1654040090);
INSERT INTO player_score VALUES('610ba79a4',63,'3154734fd','4b7541499',70070,2897,1653968246,1653968246);
INSERT INTO player_score VALUES('495771ae7',63,'31cd78c00','2365e8a82',234416,1984,1653331948,1653331948);
INSERT INTO player_score VALUES('442904409',63,'31cd78c00','274489ba0',17100,1783,1653192862,1653192862);
INSERT INTO player_score VALUES('626097dc7',63,'31cd78c00','3603e0867',76096,3149,1654003996,1654003996);
INSERT INTO player_score VALUES('54631df34',63,'31cd78c00','3a2b89e4e',555360,2231,1653628451,1653628451);
INSERT INTO player_score VALUES('59250b82e',63,'31cd78c00','3c170d885',69531,2629,1653756160,1653756160);
INSERT INTO player_score VALUES('44dc49d21',63,'31cd78c00','3cafc8a9c',328512,1868,1653211660,1653211660);
INSERT INTO player_score VALUES('63422f56f',63,'31cd78c00','421070fac',544,3250,1654027651,1654027651);
INSERT INTO player_score VALUES('6369554d8',63,'31cd78c00','492e8cefa',5184,3018,1654031756,1654031756);
INSERT INTO player_score VALUES('5f9e83092',63,'31cd78c00','4b7541499',2730,2700,1653929958,1653929958);
INSERT INTO player_score VALUES('4c759f308',63,'31fe875be','2365e8a82',27000,2140,1653415643,1653415643);
INSERT INTO player_score VALUES('45f6fedba',63,'31fe875be','274489ba0',122670,1891,1653241304,1653241304);
INSERT INTO player_score VALUES('5fd5061ae',63,'31fe875be','3603e0867',438984,2965,1653935674,1653935674);
INSERT INTO player_score VALUES('5619fa9b3',63,'31fe875be','3a2b89e4e',3430,2388,1653674469,1653674469);
INSERT INTO player_score VALUES('59431864a',63,'31fe875be','3c170d885',352512,2638,1653759311,1653759311);
INSERT INTO player_score VALUES('43b040b7e',63,'31fe875be','3cafc8a9c',181916,1622,1653180199,1653180199);
INSERT INTO player_score VALUES('5f907e283',63,'31fe875be','421070fac',13175,2914,1653928488,1653928488);
INSERT INTO player_score VALUES('627cfbefb',63,'31fe875be','492e8cefa',349184,2925,1654006973,1654006973);
INSERT INTO player_score VALUES('6078488e9',63,'31fe875be','4b7541499',293656,2815,1653952793,1653952793);
INSERT INTO player_score VALUES('4a7e630f9',63,'32e23579f','2365e8a82',19200,2047,1653362875,1653362875);
INSERT INTO player_score VALUES('45c9c5b44',63,'32e23579f','274489ba0',50820,1874,1653236562,1653236562);
INSERT INTO player_score VALUES('5edb33086',63,'32e23579f','3603e0867',96459,2891,1653909478,1653909478);
INSERT INTO player_score VALUES('5698acaea',63,'32e23579f','3a2b89e4e',64454,2438,1653687754,1653687754);
INSERT INTO player_score VALUES('57d9eb72f',63,'32e23579f','3c170d885',71370,2508,1653721439,1653721439);
INSERT INTO player_score VALUES('44ecc96ef',63,'32e23579f','3cafc8a9c',133950,1877,1653213390,1653213390);
INSERT INTO player_score VALUES('61692c09b',63,'32e23579f','421070fac',2625,3081,1653978052,1653978052);
INSERT INTO player_score VALUES('62f88fafd',63,'32e23579f','492e8cefa',4400,2986,1654019931,1654019931);
INSERT INTO player_score VALUES('60f525e0d',63,'32e23579f','4b7541499',198369,2882,1653965886,1653965886);
INSERT INTO player_score VALUES('49fcbc24f',63,'3320f85fc','2365e8a82',349272,2020,1653349280,1653349280);
INSERT INTO player_score VALUES('42481b753',63,'3320f85fc','274489ba0',77064,1653,1653142435,1653142435);
INSERT INTO player_score VALUES('5cf9cdbbb',63,'3320f85fc','3603e0867',8418,2743,1653859000,1653859000);
INSERT INTO player_score VALUES('55b8c7cae',63,'3320f85fc','3a2b89e4e',3240,2351,1653664277,1653664277);
INSERT INTO player_score VALUES('44adb1182',63,'3320f85fc','3cafc8a9c',195500,1834,1653206774,1653206774);
INSERT INTO player_score VALUES('62f197048',63,'3320f85fc','421070fac',339822,3227,1654019200,1654019200);
INSERT INTO player_score VALUES('6361c0644',63,'3320f85fc','492e8cefa',29640,3016,1654030961,1654030961);
INSERT INTO player_score VALUES('61782ecd6',63,'3320f85fc','4b7541499',134784,2948,1653979626,1653979626);
INSERT INTO player_score VALUES('4beddb545',63,'33de994e1','2365e8a82',441600,2116,1653401407,1653401407);
INSERT INTO player_score VALUES('45f20955d',63,'33de994e1','274489ba0',150332,1887,1653240784,1653240784);
INSERT INTO player_score VALUES('6034b72f4',63,'33de994e1','3603e0867',69139,2993,1653945708,1653945708);
INSERT INTO player_score VALUES('55f2114d6',63,'33de994e1','3a2b89e4e',51678,2372,1653670284,1653670284);
INSERT INTO player_score VALUES('583115e93',63,'33de994e1','3c170d885',25662,2536,1653730579,1653730579);
INSERT INTO player_score VALUES('44d92de80',63,'33de994e1','3cafc8a9c',84645,1863,1653211334,1653211334);
INSERT INTO player_score VALUES('625ccea3a',63,'33de994e1','421070fac',276736,3167,1654003599,1654003599);
INSERT INTO player_score VALUES('63c05644e',63,'33de994e1','492e8cefa',33642,3063,1654040879,1654040879);
INSERT INTO player_score VALUES('60ca9ac49',63,'33de994e1','4b7541499',104748,2861,1653961425,1653961425);
INSERT INTO player_score VALUES('44b79e987',63,'3506f66f9','274489ba0',28120,1809,1653207815,1653207815);
INSERT INTO player_score VALUES('6039d8a8e',63,'3506f66f9','3603e0867',242550,2995,1653946246,1653946246);
INSERT INTO player_score VALUES('526a8c0ce',63,'3506f66f9','3a2b89e4e',62208,2051,1653575543,1653575543);
INSERT INTO player_score VALUES('5a39509e5',63,'3506f66f9','3c170d885',102000,2715,1653785129,1653785129);
INSERT INTO player_score VALUES('60a9daf99',63,'3506f66f9','421070fac',51336,3021,1653957991,1653957991);
INSERT INTO player_score VALUES('61fadaf14',63,'3506f66f9','492e8cefa',208506,2870,1653993328,1653993328);
INSERT INTO player_score VALUES('615bf43ec',63,'3506f66f9','4b7541499',17082,2935,1653976666,1653976666);
INSERT INTO player_score VALUES('4a6831e75',63,'35710a33a','2365e8a82',245791,2041,1653360548,1653360548);
INSERT INTO player_score VALUES('45f1a05af',63,'35710a33a','274489ba0',99360,1886,1653240741,1653240741);
INSERT INTO player_score VALUES('61e9a435c',63,'35710a33a','3603e0867',230202,3115,1653991523,1653991523);
INSERT INTO player_score VALUES('55d6c8739',63,'35710a33a','3a2b89e4e',0,2363,1653667423,1653667423);
INSERT INTO player_score VALUES('44c9d5afe',63,'35710a33a','3cafc8a9c',17226,1851,1653209725,1653209725);
INSERT INTO player_score VALUES('6361b69ee',63,'35710a33a','421070fac',1440,3262,1654030957,1654030957);
INSERT INTO player_score VALUES('620da9668',63,'35710a33a','492e8cefa',169092,2879,1653995300,1653995300);
INSERT INTO player_score VALUES('617d0e5d9',63,'35710a33a','4b7541499',18360,2949,1653980137,1653980137);
INSERT INTO player_score VALUES('4b6f70074',63,'35c5b7760','2365e8a82',58212,2089,1653388151,1653388151);
INSERT INTO player_score VALUES('45055a800',63,'35c5b7760','274489ba0',607476,1827,1653215966,1653215966);
INSERT INTO player_score VALUES('5ffe0f7b8',63,'35c5b7760','3603e0867',182628,2975,1653939977,1653939977);
INSERT INTO player_score VALUES('58c6f70d5',63,'35c5b7760','3c170d885',253184,2594,1653746295,1653746295);
INSERT INTO player_score VALUES('442a775bc',63,'35c5b7760','3cafc8a9c',214500,1724,1653193014,1653193014);
INSERT INTO player_score VALUES('5fe5b690c',63,'35c5b7760','421070fac',206550,2947,1653937424,1653937424);
INSERT INTO player_score VALUES('62f01c971',63,'35c5b7760','492e8cefa',492328,2981,1654019045,1654019045);
INSERT INTO player_score VALUES('606461570',63,'35c5b7760','4b7541499',90720,2808,1653950706,1653950706);
INSERT INTO player_score VALUES('441ab893f',63,'36a031a05','274489ba0',194400,1778,1653191363,1653191363);
INSERT INTO player_score VALUES('61a606a42',63,'36a031a05','3603e0867',46848,3100,1653984433,1653984433);
INSERT INTO player_score VALUES('55dc99b3f',63,'36a031a05','3a2b89e4e',45500,2366,1653668033,1653668033);
INSERT INTO player_score VALUES('597ccfc4a',63,'36a031a05','3c170d885',26244,2655,1653765363,1653765363);
INSERT INTO player_score VALUES('447612d35',63,'36a031a05','3cafc8a9c',27336,1790,1653200942,1653200942);
INSERT INTO player_score VALUES('60bdff3c9',63,'36a031a05','421070fac',88320,3026,1653960103,1653960103);
INSERT INTO player_score VALUES('604e1ca71',63,'36a031a05','492e8cefa',7722,2654,1653948371,1653948371);
INSERT INTO player_score VALUES('61950f611',63,'36a031a05','4b7541499',6384,2959,1653982654,1653982654);
INSERT INTO player_score VALUES('4821cba70',63,'3705ffa48','2365e8a82',293643,1915,1653299479,1653299479);
INSERT INTO player_score VALUES('44b6ace6d',63,'3705ffa48','274489ba0',14586,1808,1653207716,1653207716);
INSERT INTO player_score VALUES('5f8b3f659',63,'3705ffa48','3603e0867',54600,2943,1653927938,1653927938);
INSERT INTO player_score VALUES('5631bc231',63,'3705ffa48','3a2b89e4e',51480,2396,1653676960,1653676960);
INSERT INTO player_score VALUES('5a2e6050d',63,'3705ffa48','3c170d885',256824,2711,1653783982,1653783982);
INSERT INTO player_score VALUES('4438be21c',63,'3705ffa48','3cafc8a9c',37240,1731,1653194511,1653194511);
INSERT INTO player_score VALUES('6278dd3d9',63,'3705ffa48','421070fac',29328,3185,1654006541,1654006541);
INSERT INTO player_score VALUES('633f30bb6',63,'3705ffa48','492e8cefa',206080,3003,1654027337,1654027337);
INSERT INTO player_score VALUES('60bb735f1',63,'3705ffa48','4b7541499',1168,2852,1653959836,1653959836);
INSERT INTO player_score VALUES('4b8d647fc',63,'3717c186c','2365e8a82',131705,2096,1653391292,1653391292);
INSERT INTO player_score VALUES('45e9d8291',63,'3717c186c','274489ba0',109296,1884,1653239925,1653239925);
INSERT INTO player_score VALUES('620826422',63,'3717c186c','3603e0867',161028,3123,1653994722,1653994722);
INSERT INTO player_score VALUES('536840c5d',63,'3717c186c','3a2b89e4e',612,2143,1653602146,1653602146);
INSERT INTO player_score VALUES('5903e7a14',63,'3717c186c','3c170d885',0,2617,1653752685,1653752685);
INSERT INTO player_score VALUES('44ce5d5c5',63,'3717c186c','3cafc8a9c',77550,1855,1653210200,1653210200);
INSERT INTO player_score VALUES('6184b45c0',63,'3717c186c','421070fac',115620,3089,1653980939,1653980939);
INSERT INTO player_score VALUES('61a0726ae',63,'3717c186c','492e8cefa',37820,2823,1653983848,1653983848);
INSERT INTO player_score VALUES('5d99fe08d',63,'3717c186c','4b7541499',5750,2427,1653875797,1653875797);
INSERT INTO player_score VALUES('490871136',63,'3723e7e5e','2365e8a82',11952,1971,1653323664,1653323664);
INSERT INTO player_score VALUES('456b7b869',63,'3723e7e5e','274489ba0',40,1855,1653226675,1653226675);
INSERT INTO player_score VALUES('62258d229',63,'3723e7e5e','3603e0867',19170,3134,1653997805,1653997805);
INSERT INTO player_score VALUES('555a0d4ba',63,'3723e7e5e','3a2b89e4e',684864,2321,1653654344,1653654344);
INSERT INTO player_score VALUES('572d8d7a8',63,'3723e7e5e','3c170d885',18894,2435,1653703365,1653703365);
INSERT INTO player_score VALUES('4484e7315',63,'3723e7e5e','3cafc8a9c',253330,1797,1653202497,1653202497);
INSERT INTO player_score VALUES('630e52f55',63,'3723e7e5e','421070fac',127575,3236,1654022213,1654022213);
INSERT INTO player_score VALUES('637632c67',63,'3723e7e5e','492e8cefa',114954,3024,1654033105,1654033105);
INSERT INTO player_score VALUES('5ed5161a1',63,'3723e7e5e','4b7541499',47709,2593,1653908837,1653908837);
INSERT INTO player_score VALUES('4bb2d7e7d',63,'3737fd7b7','2365e8a82',27144,2106,1653395219,1653395219);
INSERT INTO player_score VALUES('405717237',63,'3737fd7b7','274489ba0',80883,1532,1653090319,1653090319);
INSERT INTO player_score VALUES('614936e02',63,'3737fd7b7','3603e0867',456228,3075,1653974701,1653974701);
INSERT INTO player_score VALUES('56d505e81',63,'3737fd7b7','3a2b89e4e',11252,2459,1653694082,1653694082);
INSERT INTO player_score VALUES('44601eb20',63,'3737fd7b7','3cafc8a9c',214970,1767,1653198640,1653198640);
INSERT INTO player_score VALUES('63442642a',63,'3737fd7b7','421070fac',495360,3251,1654027857,1654027857);
INSERT INTO player_score VALUES('638337478',63,'3737fd7b7','492e8cefa',216576,3034,1654034470,1654034470);
INSERT INTO player_score VALUES('613f6e009',63,'3737fd7b7','4b7541499',178560,2923,1653973675,1653973675);
INSERT INTO player_score VALUES('4c0dc4465',63,'3739ab2d7','2365e8a82',146916,2122,1653404753,1653404753);
INSERT INTO player_score VALUES('46192a6af',63,'3739ab2d7','274489ba0',77280,1897,1653244887,1653244887);
INSERT INTO player_score VALUES('61b71b310',63,'3739ab2d7','3603e0867',202608,3102,1653986224,1653986224);
INSERT INTO player_score VALUES('5666dfa6a',63,'3739ab2d7','3a2b89e4e',310080,2419,1653682532,1653682532);
INSERT INTO player_score VALUES('59d90d0f5',63,'3739ab2d7','3c170d885',26730,2687,1653775035,1653775035);
INSERT INTO player_score VALUES('442299302',63,'3739ab2d7','3cafc8a9c',181779,1716,1653192189,1653192189);
INSERT INTO player_score VALUES('62b8b197b',63,'3739ab2d7','492e8cefa',22792,2961,1654013234,1654013234);
INSERT INTO player_score VALUES('5fc3db97a',63,'3739ab2d7','4b7541499',95400,2728,1653933874,1653933874);
INSERT INTO player_score VALUES('4846d886a',63,'380b6904a','2365e8a82',430920,1927,1653303364,1653303364);
INSERT INTO player_score VALUES('6214eb532',63,'380b6904a','3603e0867',101200,3126,1653996061,1653996061);
INSERT INTO player_score VALUES('56c1a4f27',63,'380b6904a','3a2b89e4e',2646,2451,1653692050,1653692050);
INSERT INTO player_score VALUES('59d69249e',63,'380b6904a','3c170d885',37050,2685,1653774775,1653774775);
INSERT INTO player_score VALUES('44487f545',63,'380b6904a','3cafc8a9c',403137,1742,1653196163,1653196163);
INSERT INTO player_score VALUES('633857cc0',63,'380b6904a','421070fac',6336,3246,1654026619,1654026619);
INSERT INTO player_score VALUES('63ab8bff8',63,'380b6904a','492e8cefa',185220,3053,1654038699,1654038699);
INSERT INTO player_score VALUES('6084c456b',63,'380b6904a','4b7541499',425790,2825,1653954102,1653954102);
INSERT INTO player_score VALUES('495d54080',63,'38954fc20','2365e8a82',137826,1987,1653332565,1653332565);
INSERT INTO player_score VALUES('4294ecfec',63,'38954fc20','274489ba0',565239,1671,1653150490,1653150490);
INSERT INTO player_score VALUES('62130a5be',63,'38954fc20','3603e0867',236980,3125,1653995864,1653995864);
INSERT INTO player_score VALUES('569f23f06',63,'38954fc20','3a2b89e4e',11088,2441,1653688432,1653688432);
INSERT INTO player_score VALUES('589b9c69a',63,'38954fc20','3c170d885',990,2574,1653741749,1653741749);
INSERT INTO player_score VALUES('447351428',63,'38954fc20','3cafc8a9c',52392,1787,1653200653,1653200653);
INSERT INTO player_score VALUES('6207dd085',63,'38954fc20','421070fac',43120,3128,1653994692,1653994692);
INSERT INTO player_score VALUES('637c6a92d',63,'38954fc20','492e8cefa',95865,3030,1654033757,1654033757);
INSERT INTO player_score VALUES('60647c321',63,'38954fc20','4b7541499',63602,2809,1653950717,1653950717);
INSERT INTO player_score VALUES('431ea2e80',63,'3981bca88','274489ba0',13542,1705,1653164930,1653164930);
INSERT INTO player_score VALUES('5feb7e102',63,'3981bca88','3603e0867',17556,2974,1653938030,1653938030);
INSERT INTO player_score VALUES('5457a9d82',63,'3981bca88','3a2b89e4e',0,2227,1653627250,1653627250);
INSERT INTO player_score VALUES('5959caec0',63,'3981bca88','3c170d885',87120,2645,1653761691,1653761691);
INSERT INTO player_score VALUES('448594895',63,'3981bca88','3cafc8a9c',0,1798,1653202568,1653202568);
INSERT INTO player_score VALUES('6397ae8ad',63,'3981bca88','421070fac',86436,3280,1654036616,1654036616);
INSERT INTO player_score VALUES('61db45059',63,'3981bca88','492e8cefa',15000,2861,1653990016,1653990016);
INSERT INTO player_score VALUES('602fc1a77',63,'3981bca88','4b7541499',3744,2784,1653945188,1653945188);
INSERT INTO player_score VALUES('4b6615065',63,'39ae7bbe9','2365e8a82',31878,2088,1653387170,1653387170);
INSERT INTO player_score VALUES('45bce5cf0',63,'39ae7bbe9','274489ba0',45240,1871,1653235212,1653235212);
INSERT INTO player_score VALUES('621fa101d',63,'39ae7bbe9','3603e0867',139500,3130,1653997184,1653997184);
INSERT INTO player_score VALUES('56e0b70c9',63,'39ae7bbe9','3a2b89e4e',325710,2462,1653695308,1653695308);
INSERT INTO player_score VALUES('5a2a8d528',63,'39ae7bbe9','3c170d885',510232,2710,1653783581,1653783581);
INSERT INTO player_score VALUES('4495b9d55',63,'39ae7bbe9','3cafc8a9c',90480,1815,1653204261,1653204261);
INSERT INTO player_score VALUES('626688de2',63,'39ae7bbe9','421070fac',62560,3173,1654004619,1654004619);
INSERT INTO player_score VALUES('60b97c724',63,'39ae7bbe9','492e8cefa',149872,2710,1653959630,1653959630);
INSERT INTO player_score VALUES('60ea8895b',63,'39ae7bbe9','4b7541499',137088,2879,1653964773,1653964773);
INSERT INTO player_score VALUES('3fa66c170',63,'39ea16846','2365e8a82',3978,1460,1653071794,1653071794);
INSERT INTO player_score VALUES('4536f1cee',63,'39ea16846','274489ba0',1260,1845,1653221166,1653221166);
INSERT INTO player_score VALUES('5f0515b0f',63,'39ea16846','3603e0867',48762,2903,1653913870,1653913870);
INSERT INTO player_score VALUES('55d2c97fd',63,'39ea16846','3a2b89e4e',59976,2361,1653667004,1653667004);
INSERT INTO player_score VALUES('54109ae83',63,'39ea16846','3c170d885',374808,2155,1653619799,1653619799);
INSERT INTO player_score VALUES('447bbf75c',63,'39ea16846','3cafc8a9c',158720,1792,1653201537,1653201537);
INSERT INTO player_score VALUES('623df23fc',63,'39ea16846','421070fac',15795,3153,1654000363,1654000363);
INSERT INTO player_score VALUES('6263c7509',63,'39ea16846','492e8cefa',7280,2916,1654004330,1654004330);
INSERT INTO player_score VALUES('60dedc503',63,'39ea16846','4b7541499',755964,2874,1653963549,1653963549);
INSERT INTO player_score VALUES('483cf4c72',63,'3a11ffd2c','2365e8a82',264960,1924,1653302327,1653302327);
INSERT INTO player_score VALUES('627b53240',63,'3a11ffd2c','3603e0867',147016,3154,1654006799,1654006799);
INSERT INTO player_score VALUES('55bf26a26',63,'3a11ffd2c','3a2b89e4e',1040,2353,1653664945,1653664945);
INSERT INTO player_score VALUES('59f026219',63,'3a11ffd2c','3c170d885',21840,2696,1653777457,1653777457);
INSERT INTO player_score VALUES('44a14181c',63,'3a11ffd2c','3cafc8a9c',14911,1826,1653205470,1653205470);
INSERT INTO player_score VALUES('5e4a6e7bd',63,'3a11ffd2c','421070fac',21672,2772,1653894298,1653894298);
INSERT INTO player_score VALUES('624682a1a',63,'3a11ffd2c','492e8cefa',279840,2903,1654001261,1654001261);
INSERT INTO player_score VALUES('603c9a3af',63,'3a11ffd2c','4b7541499',54180,2789,1653946535,1653946535);
INSERT INTO player_score VALUES('49b1edbd9',63,'3a7a74889','2365e8a82',18216,2005,1653341436,1653341436);
INSERT INTO player_score VALUES('461061dee',63,'3a7a74889','274489ba0',11570,1895,1653243966,1653243966);
INSERT INTO player_score VALUES('61ae48e3a',63,'3a7a74889','3603e0867',159744,3101,1653985299,1653985299);
INSERT INTO player_score VALUES('560448651',63,'3a7a74889','3a2b89e4e',84630,2378,1653672194,1653672194);
INSERT INTO player_score VALUES('586bbefa3',63,'3a7a74889','3c170d885',266288,2554,1653736730,1653736730);
INSERT INTO player_score VALUES('44942e58e',63,'3a7a74889','3cafc8a9c',56940,1814,1653204099,1653204099);
INSERT INTO player_score VALUES('63881466e',63,'3a7a74889','421070fac',396288,3276,1654034980,1654034980);
INSERT INTO player_score VALUES('6396eb3c4',63,'3a7a74889','492e8cefa',0,3044,1654036536,1654036536);
INSERT INTO player_score VALUES('614de0bb5',63,'3a7a74889','4b7541499',56000,2930,1653975190,1653975190);
INSERT INTO player_score VALUES('4c9b56ee1',63,'3a7dcfea1','2365e8a82',161472,2145,1653419598,1653419598);
INSERT INTO player_score VALUES('443174e7a',63,'3a7dcfea1','274489ba0',72600,1785,1653193747,1653193747);
INSERT INTO player_score VALUES('606725573',63,'3a7dcfea1','3603e0867',118800,3003,1653950996,1653950996);
INSERT INTO player_score VALUES('55cab32f3',63,'3a7dcfea1','3a2b89e4e',12600,2357,1653666156,1653666156);
INSERT INTO player_score VALUES('42b9a1f4f',63,'3a7dcfea1','3cafc8a9c',48216,1413,1653154339,1653154339);
INSERT INTO player_score VALUES('62040c75e',63,'3a7dcfea1','421070fac',16192,3125,1653994292,1653994292);
INSERT INTO player_score VALUES('6338c5abb',63,'3a7dcfea1','492e8cefa',130832,3001,1654026664,1654026664);
INSERT INTO player_score VALUES('48480c24e',63,'3ac1418aa','2365e8a82',54450,1928,1653303490,1653303490);
INSERT INTO player_score VALUES('4291b63f3',63,'3ac1418aa','274489ba0',195216,1668,1653150153,1653150153);
INSERT INTO player_score VALUES('619d0ad38',63,'3ac1418aa','3603e0867',6200,3095,1653983491,1653983491);
INSERT INTO player_score VALUES('56cd07ffa',63,'3ac1418aa','3a2b89e4e',192864,2457,1653693244,1653693244);
INSERT INTO player_score VALUES('4483fa660',63,'3ac1418aa','3cafc8a9c',0,1795,1653202400,1653202400);
INSERT INTO player_score VALUES('61e9efe5b',63,'3ac1418aa','492e8cefa',53040,2864,1653991554,1653991554);
INSERT INTO player_score VALUES('4b9782d3b',63,'3adb4a938','2365e8a82',56672,2098,1653392353,1653392353);
INSERT INTO player_score VALUES('44ef99a5f',63,'3adb4a938','274489ba0',139840,1824,1653213685,1653213685);
INSERT INTO player_score VALUES('6017af896',63,'3adb4a938','3603e0867',2204,2983,1653942664,1653942664);
INSERT INTO player_score VALUES('568599db7',63,'3adb4a938','3a2b89e4e',8586,2433,1653685754,1653685754);
INSERT INTO player_score VALUES('57977c9d0',63,'3adb4a938','3c170d885',16380,2477,1653714473,1653714473);
INSERT INTO player_score VALUES('44dc0a563',63,'3adb4a938','3cafc8a9c',37620,1867,1653211634,1653211634);
INSERT INTO player_score VALUES('614e4c23e',63,'3adb4a938','421070fac',7304,3069,1653975234,1653975234);
INSERT INTO player_score VALUES('63628b096',63,'3adb4a938','492e8cefa',301392,3017,1654031044,1654031044);
INSERT INTO player_score VALUES('6137bbc87',63,'3adb4a938','4b7541499',294147,2919,1653972868,1653972868);
INSERT INTO player_score VALUES('49338eae5',63,'3aeadaf19','2365e8a82',33456,1978,1653328185,1653328185);
INSERT INTO player_score VALUES('45ed8b6a3',63,'3aeadaf19','274489ba0',12441,1885,1653240313,1653240313);
INSERT INTO player_score VALUES('611ebcda1',63,'3aeadaf19','3603e0867',292160,3057,1653970247,1653970247);
INSERT INTO player_score VALUES('567683922',63,'3aeadaf19','3a2b89e4e',14280,2426,1653684172,1653684172);
INSERT INTO player_score VALUES('586bc8c3e',63,'3aeadaf19','3c170d885',5544,2555,1653736734,1653736734);
INSERT INTO player_score VALUES('443e880f8',63,'3aeadaf19','3cafc8a9c',10830,1737,1653195118,1653195118);
INSERT INTO player_score VALUES('637ce4a15',63,'3aeadaf19','421070fac',4032,3270,1654033807,1654033807);
INSERT INTO player_score VALUES('5f0b01cf0',63,'3aeadaf19','492e8cefa',378,2512,1653914491,1653914491);
INSERT INTO player_score VALUES('60f8ecaab',63,'3aeadaf19','4b7541499',50112,2886,1653966282,1653966282);
INSERT INTO player_score VALUES('49c23efc9',63,'3afd825a0','2365e8a82',60200,2010,1653343147,1653343147);
INSERT INTO player_score VALUES('5cf07ee89',63,'3afd825a0','3603e0867',568799,2736,1653858024,1653858024);
INSERT INTO player_score VALUES('543f24fc3',63,'3afd825a0','3a2b89e4e',49959,2217,1653624679,1653624679);
INSERT INTO player_score VALUES('5906ae146',63,'3afd825a0','3c170d885',41952,2620,1653752976,1653752976);
INSERT INTO player_score VALUES('44d4e3492',63,'3afd825a0','3cafc8a9c',176,1859,1653210884,1653210884);
INSERT INTO player_score VALUES('61d73768d',63,'3afd825a0','421070fac',62744,3115,1653989591,1653989591);
INSERT INTO player_score VALUES('626cdb844',63,'3afd825a0','492e8cefa',17640,2920,1654005282,1654005282);
INSERT INTO player_score VALUES('61382c13f',63,'3afd825a0','4b7541499',97008,2920,1653972914,1653972914);
INSERT INTO player_score VALUES('4be4df867',63,'3b4e74fdc','2365e8a82',62370,2113,1653400465,1653400465);
INSERT INTO player_score VALUES('438493178',63,'3b4e74fdc','274489ba0',38025,1733,1653175619,1653175619);
INSERT INTO player_score VALUES('55f303020',63,'3b4e74fdc','3a2b89e4e',103194,2373,1653670383,1653670383);
INSERT INTO player_score VALUES('445a1a2b5',63,'3b4e74fdc','3cafc8a9c',316800,1757,1653198009,1653198009);
INSERT INTO player_score VALUES('62fa5f8e6',63,'3b4e74fdc','421070fac',6800,3229,1654020121,1654020121);
INSERT INTO player_score VALUES('632b92c3b',63,'3b4e74fdc','492e8cefa',63360,2996,1654025280,1654025280);
INSERT INTO player_score VALUES('5f8ee8e53',63,'3b4e74fdc','4b7541499',119970,2690,1653928322,1653928322);
INSERT INTO player_score VALUES('49a0ea49f',63,'3b51e6564','2365e8a82',41472,1998,1653339652,1653339652);
INSERT INTO player_score VALUES('456c4b091',63,'3b51e6564','274489ba0',38822,1856,1653226760,1653226760);
INSERT INTO player_score VALUES('61e20cd7a',63,'3b51e6564','3603e0867',14280,3113,1653990727,1653990727);
INSERT INTO player_score VALUES('5660637f4',63,'3b51e6564','3a2b89e4e',47628,2415,1653681852,1653681852);
INSERT INTO player_score VALUES('563015c77',63,'3b51e6564','3c170d885',11250,2339,1653676787,1653676787);
INSERT INTO player_score VALUES('4498e1f5e',63,'3b51e6564','3cafc8a9c',79288,1818,1653204592,1653204592);
INSERT INTO player_score VALUES('63a33632a',63,'3b51e6564','421070fac',3510,3283,1654037825,1654037825);
INSERT INTO player_score VALUES('630702681',63,'3b51e6564','492e8cefa',335616,2990,1654021446,1654021446);
INSERT INTO player_score VALUES('601c59619',63,'3b51e6564','4b7541499',59840,2775,1653943153,1653943153);
INSERT INTO player_score VALUES('44cd97988',63,'3b5c9726a','274489ba0',38220,1816,1653210119,1653210119);
INSERT INTO player_score VALUES('6095c2f0f',63,'3b5c9726a','3603e0867',18368,3018,1653955884,1653955884);
INSERT INTO player_score VALUES('555554cc8',63,'3b5c9726a','3a2b89e4e',262260,2320,1653653849,1653653849);
INSERT INTO player_score VALUES('589871d9b',63,'3b5c9726a','3c170d885',133644,2572,1653741417,1653741417);
INSERT INTO player_score VALUES('44d82d8d6',63,'3b5c9726a','3cafc8a9c',63360,1862,1653211229,1653211229);
INSERT INTO player_score VALUES('61703837c',63,'3b5c9726a','421070fac',79380,3082,1653978791,1653978791);
INSERT INTO player_score VALUES('637b65540',63,'3b5c9726a','492e8cefa',273861,3029,1654033650,1654033650);
INSERT INTO player_score VALUES('612bd4e97',63,'3b5c9726a','4b7541499',219600,2916,1653971620,1653971620);
INSERT INTO player_score VALUES('4c55f5b32',63,'3c08937c5','2365e8a82',158472,2134,1653412323,1653412323);
INSERT INTO player_score VALUES('460f4b90f',63,'3c08937c5','274489ba0',318816,1893,1653243852,1653243852);
INSERT INTO player_score VALUES('5d2b195e4',63,'3c08937c5','3603e0867',42500,2759,1653864169,1653864169);
INSERT INTO player_score VALUES('5629be3f2',63,'3c08937c5','3a2b89e4e',433526,2392,1653676122,1653676122);
INSERT INTO player_score VALUES('5951444fa',63,'3c08937c5','3c170d885',81918,2642,1653760797,1653760797);
INSERT INTO player_score VALUES('62382d341',63,'3c08937c5','421070fac',57132,3150,1653999758,1653999758);
INSERT INTO player_score VALUES('61d66090e',63,'3c08937c5','492e8cefa',10580,2854,1653989503,1653989503);
INSERT INTO player_score VALUES('5f5d148ca',63,'3c08937c5','4b7541499',770,2662,1653923097,1653923097);
INSERT INTO player_score VALUES('4ae3de101',63,'3c2966ca0','2365e8a82',36000,2063,1653373516,1653373516);
INSERT INTO player_score VALUES('45bb6dd26',63,'3c2966ca0','274489ba0',451704,1870,1653235058,1653235058);
INSERT INTO player_score VALUES('61da92ccb',63,'3c2966ca0','3603e0867',70125,3110,1653989943,1653989943);
INSERT INTO player_score VALUES('5529f2d89',63,'3c2966ca0','3a2b89e4e',108864,2303,1653649300,1653649300);
INSERT INTO player_score VALUES('593bbb9ed',63,'3c2966ca0','3c170d885',37800,2637,1653758539,1653758539);
INSERT INTO player_score VALUES('44ecb108f',63,'3c2966ca0','3cafc8a9c',13202,1876,1653213380,1653213380);
INSERT INTO player_score VALUES('5ef737e3b',63,'3c2966ca0','421070fac',76260,2846,1653912416,1653912416);
INSERT INTO player_score VALUES('611845927',63,'3c2966ca0','4b7541499',10260,2903,1653969569,1653969569);
INSERT INTO player_score VALUES('49f2c9c20',63,'3c3ecd52c','2365e8a82',210678,2017,1653348237,1653348237);
INSERT INTO player_score VALUES('5e86b42e6',63,'3c3ecd52c','3603e0867',64512,2865,1653900618,1653900618);
INSERT INTO player_score VALUES('551420e60',63,'3c3ecd52c','3a2b89e4e',39900,2290,1653647012,1653647012);
INSERT INTO player_score VALUES('5968f254b',63,'3c3ecd52c','3c170d885',338800,2648,1653763280,1653763280);
INSERT INTO player_score VALUES('4449dee66',63,'3c3ecd52c','3cafc8a9c',59292,1743,1653196307,1653196307);
INSERT INTO player_score VALUES('5d37a15b4',63,'3c3ecd52c','421070fac',0,2655,1653865483,1653865483);
INSERT INTO player_score VALUES('619ce157e',63,'3c3ecd52c','492e8cefa',585714,2820,1653983474,1653983474);
INSERT INTO player_score VALUES('6146d9664',63,'3c3ecd52c','4b7541499',217728,2928,1653974453,1653974453);
INSERT INTO player_score VALUES('4c293df24',63,'3c8a04b05','2365e8a82',32864,2126,1653407634,1653407634);
INSERT INTO player_score VALUES('454fdd35c',63,'3c8a04b05','274489ba0',55845,1850,1653223779,1653223779);
INSERT INTO player_score VALUES('622cb4302',63,'3c8a04b05','3603e0867',75072,3136,1653998555,1653998555);
INSERT INTO player_score VALUES('568a8cf3a',63,'3c8a04b05','3a2b89e4e',25300,2434,1653686273,1653686273);
INSERT INTO player_score VALUES('589ea2583',63,'3c8a04b05','3c170d885',361746,2579,1653742066,1653742066);
INSERT INTO player_score VALUES('43bdc431f',63,'3c8a04b05','3cafc8a9c',133500,1634,1653181616,1653181616);
INSERT INTO player_score VALUES('610f3d934',63,'3c8a04b05','421070fac',8976,3050,1653968622,1653968622);
INSERT INTO player_score VALUES('49c868233',63,'3cca3358a','2365e8a82',283800,2012,1653343793,1653343793);
INSERT INTO player_score VALUES('452cbff69',63,'3cca3358a','274489ba0',207,1842,1653220097,1653220097);
INSERT INTO player_score VALUES('61bad83c8',63,'3cca3358a','3603e0867',269500,3104,1653986616,1653986616);
INSERT INTO player_score VALUES('54e10569b',63,'3cca3358a','3a2b89e4e',321552,2274,1653641653,1653641653);
INSERT INTO player_score VALUES('5a1901234',63,'3cca3358a','3c170d885',11224,2706,1653781741,1653781741);
INSERT INTO player_score VALUES('448aa9ce5',63,'3cca3358a','3cafc8a9c',50960,1801,1653203101,1653203101);
INSERT INTO player_score VALUES('620f48700',63,'3cca3358a','421070fac',26864,3133,1653995470,1653995470);
INSERT INTO player_score VALUES('63afcf502',63,'3cca3358a','492e8cefa',178794,3057,1654039146,1654039146);
INSERT INTO player_score VALUES('6037e90f6',63,'3cca3358a','4b7541499',6771,2786,1653946043,1653946043);
INSERT INTO player_score VALUES('4c46e4487',63,'3ccf15583','2365e8a82',2646,2131,1653410743,1653410743);
INSERT INTO player_score VALUES('431ab0262',63,'3ccf15583','274489ba0',73500,1703,1653164516,1653164516);
INSERT INTO player_score VALUES('628ef8701',63,'3ccf15583','3603e0867',48706,3159,1654008859,1654008859);
INSERT INTO player_score VALUES('59db548fc',63,'3ccf15583','3c170d885',6336,2689,1653775274,1653775274);
INSERT INTO player_score VALUES('44e006d68',63,'3ccf15583','3cafc8a9c',420732,1869,1653212052,1653212052);
INSERT INTO player_score VALUES('6291d267d',63,'3ccf15583','492e8cefa',496584,2936,1654009158,1654009158);
INSERT INTO player_score VALUES('4429748ff',63,'3d148efff','274489ba0',301077,1784,1653192908,1653192908);
INSERT INTO player_score VALUES('62973d211',63,'3d148efff','3603e0867',301665,3162,1654009726,1654009726);
INSERT INTO player_score VALUES('567dd9015',63,'3d148efff','3a2b89e4e',14256,2430,1653684941,1653684941);
INSERT INTO player_score VALUES('57cf075f2',63,'3d148efff','3c170d885',24552,2499,1653720297,1653720297);
INSERT INTO player_score VALUES('44d1d6084',63,'3d148efff','3cafc8a9c',0,1856,1653210564,1653210564);
INSERT INTO player_score VALUES('639a52d40',63,'3d148efff','421070fac',16170,3282,1654036893,1654036893);
INSERT INTO player_score VALUES('624e82fa2',63,'3d148efff','492e8cefa',39425,2909,1654002100,1654002100);
INSERT INTO player_score VALUES('61302bc0b',63,'3d148efff','4b7541499',133200,2917,1653972075,1653972075);
INSERT INTO player_score VALUES('4b0ff71e6',63,'3d89b53bc','2365e8a82',466200,2074,1653378140,1653378140);
INSERT INTO player_score VALUES('4574663c9',63,'3d89b53bc','274489ba0',48708,1857,1653227610,1653227610);
INSERT INTO player_score VALUES('5f69c6104',63,'3d89b53bc','3603e0867',322608,2933,1653924428,1653924428);
INSERT INTO player_score VALUES('5655f97cd',63,'3d89b53bc','3a2b89e4e',9882,2412,1653680760,1653680760);
INSERT INTO player_score VALUES('58453f0b0',63,'3d89b53bc','3c170d885',6636,2542,1653732693,1653732693);
INSERT INTO player_score VALUES('445ccf851',63,'3d89b53bc','3cafc8a9c',11664,1765,1653198293,1653198293);
INSERT INTO player_score VALUES('5fe0496d4',63,'3d89b53bc','421070fac',302744,2945,1653936855,1653936855);
INSERT INTO player_score VALUES('62792b620',63,'3d89b53bc','492e8cefa',78960,2923,1654006573,1654006573);
INSERT INTO player_score VALUES('60e16f7fd',63,'3d89b53bc','4b7541499',582912,2875,1653963819,1653963819);
INSERT INTO player_score VALUES('4c2550181',63,'3ecc909c2','2365e8a82',286224,2124,1653407222,1653407222);
INSERT INTO player_score VALUES('418d0667f',63,'3ecc909c2','274489ba0',18200,1618,1653122818,1653122818);
INSERT INTO player_score VALUES('614465f7b',63,'3ecc909c2','3603e0867',35532,3074,1653974196,1653974196);
INSERT INTO player_score VALUES('4b17e3ebf',63,'3ecc909c2','3a2b89e4e',67456,1418,1653378971,1653378971);
INSERT INTO player_score VALUES('44a80476e',63,'3ecc909c2','3cafc8a9c',29627,1831,1653206179,1653206179);
INSERT INTO player_score VALUES('62b896b99',63,'3ecc909c2','492e8cefa',1176,2960,1654013223,1654013223);
INSERT INTO player_score VALUES('60141991c',63,'3ecc909c2','4b7541499',341040,2768,1653942288,1653942288);
INSERT INTO player_score VALUES('48fe68b4d',63,'3ee03ac50','2365e8a82',10164,1968,1653322612,1653322612);
INSERT INTO player_score VALUES('44b0025e2',63,'3ee03ac50','274489ba0',113724,1807,1653207017,1653207017);
INSERT INTO player_score VALUES('602a288e2',63,'3ee03ac50','3603e0867',59202,2989,1653944601,1653944601);
INSERT INTO player_score VALUES('54fa0ba6e',63,'3ee03ac50','3a2b89e4e',87978,2283,1653644277,1653644277);
INSERT INTO player_score VALUES('563dd1654',63,'3ee03ac50','3c170d885',388440,2346,1653678227,1653678227);
INSERT INTO player_score VALUES('43420bd34',63,'3ee03ac50','3cafc8a9c',5280,1542,1653168643,1653168643);
INSERT INTO player_score VALUES('616288cf3',63,'3ee03ac50','421070fac',147,3078,1653977356,1653977356);
INSERT INTO player_score VALUES('637d9949d',63,'3ee03ac50','492e8cefa',19404,3032,1654033881,1654033881);
INSERT INTO player_score VALUES('5f28f6464',63,'3ee03ac50','4b7541499',40851,2638,1653917632,1653917632);
INSERT INTO player_score VALUES('4a01c2c2e',63,'3f3a245aa','2365e8a82',123984,2021,1653349807,1653349807);
INSERT INTO player_score VALUES('4455a6068',63,'3f3a245aa','274489ba0',8547,1793,1653197542,1653197542);
INSERT INTO player_score VALUES('547e66d2a',63,'3f3a245aa','3a2b89e4e',137886,2241,1653631312,1653631312);
INSERT INTO player_score VALUES('580ec5ba1',63,'3f3a245aa','3c170d885',0,2524,1653726981,1653726981);
INSERT INTO player_score VALUES('44c7c659c',63,'3f3a245aa','3cafc8a9c',88536,1847,1653209509,1653209509);
INSERT INTO player_score VALUES('6388f28ff',63,'3f3a245aa','421070fac',321100,3277,1654035071,1654035071);
INSERT INTO player_score VALUES('63728e28b',63,'3f3a245aa','492e8cefa',130872,3022,1654032723,1654032723);
INSERT INTO player_score VALUES('613a53d8c',63,'3f3a245aa','4b7541499',130900,2922,1653973140,1653973140);
INSERT INTO player_score VALUES('4c0b84189',63,'40b0efa05','2365e8a82',235200,2121,1653404517,1653404517);
INSERT INTO player_score VALUES('44db2268f',63,'40b0efa05','274489ba0',193520,1820,1653211539,1653211539);
INSERT INTO player_score VALUES('61ee751de',63,'40b0efa05','3603e0867',18432,3116,1653992028,1653992028);
INSERT INTO player_score VALUES('530514936',63,'40b0efa05','3a2b89e4e',1254,2112,1653591747,1653591747);
INSERT INTO player_score VALUES('59a11e32f',63,'40b0efa05','3c170d885',6384,2666,1653769170,1653769170);
INSERT INTO player_score VALUES('44c2f7ddf',63,'40b0efa05','3cafc8a9c',459170,1845,1653209005,1653209005);
INSERT INTO player_score VALUES('6285346d7',63,'40b0efa05','492e8cefa',5280,2930,1654007835,1654007835);
INSERT INTO player_score VALUES('614b6113e',63,'40b0efa05','4b7541499',0,2929,1653974928,1653974928);
INSERT INTO player_score VALUES('4bd33fced',63,'40bd927a4','2365e8a82',1110,2111,1653398617,1653398617);
INSERT INTO player_score VALUES('6221846a6',63,'40bd927a4','3603e0867',26208,3131,1653997382,1653997382);
INSERT INTO player_score VALUES('56990e572',63,'40bd927a4','3a2b89e4e',13104,2439,1653687794,1653687794);
INSERT INTO player_score VALUES('578a0a3b9',63,'40bd927a4','3c170d885',19550,2474,1653713063,1653713063);
INSERT INTO player_score VALUES('4492cec7b',63,'40bd927a4','3cafc8a9c',41472,1811,1653203955,1653203955);
INSERT INTO player_score VALUES('63c33c764',63,'40bd927a4','421070fac',171080,3293,1654041183,1654041183);
INSERT INTO player_score VALUES('5f47191e6',63,'40bd927a4','4b7541499',39026,2652,1653920792,1653920792);
INSERT INTO player_score VALUES('48758c15a',63,'41259e3b5','2365e8a82',14268,1943,1653308261,1653308261);
INSERT INTO player_score VALUES('4476376de',63,'41259e3b5','274489ba0',6700,1798,1653200957,1653200957);
INSERT INTO player_score VALUES('61972fd1e',63,'41259e3b5','3603e0867',32032,3094,1653982877,1653982877);
INSERT INTO player_score VALUES('5a0b3e2fa',63,'41259e3b5','3c170d885',155750,2702,1653780298,1653780298);
INSERT INTO player_score VALUES('448bb17cf',63,'41259e3b5','3cafc8a9c',308672,1804,1653203209,1653203209);
INSERT INTO player_score VALUES('61d9d1eb4',63,'41259e3b5','492e8cefa',218880,2860,1653989864,1653989864);
INSERT INTO player_score VALUES('4be3651b3',63,'4227c235a','2365e8a82',237016,2112,1653400310,1653400310);
INSERT INTO player_score VALUES('43829e988',63,'4227c235a','274489ba0',125504,1732,1653175414,1653175414);
INSERT INTO player_score VALUES('625ab5834',63,'4227c235a','3603e0867',188292,3148,1654003379,1654003379);
INSERT INTO player_score VALUES('56c795f45',63,'4227c235a','3a2b89e4e',174216,2454,1653692673,1653692673);
INSERT INTO player_score VALUES('598880ee8',63,'4227c235a','3c170d885',591360,2659,1653766589,1653766589);
INSERT INTO player_score VALUES('44d29e36d',63,'4227c235a','3cafc8a9c',1404,1857,1653210646,1653210646);
INSERT INTO player_score VALUES('6119c4de8',63,'4227c235a','421070fac',204480,3053,1653969726,1653969726);
INSERT INTO player_score VALUES('629630924',63,'4227c235a','492e8cefa',483600,2940,1654009616,1654009616);
INSERT INTO player_score VALUES('5fd0f8875',63,'4227c235a','4b7541499',242880,2736,1653935249,1653935249);
INSERT INTO player_score VALUES('45abf84f6',63,'427022089','274489ba0',111384,1865,1653233437,1653233437);
INSERT INTO player_score VALUES('60fbf77b7',63,'427022089','3603e0867',130680,3047,1653966601,1653966601);
INSERT INTO player_score VALUES('56aefd8fe',63,'427022089','3a2b89e4e',40194,2445,1653690094,1653690094);
INSERT INTO player_score VALUES('59d51f32b',63,'427022089','3c170d885',232576,2683,1653774623,1653774623);
INSERT INTO player_score VALUES('436e1d910',63,'427022089','3cafc8a9c',172800,1576,1653173264,1653173264);
INSERT INTO player_score VALUES('616580171',63,'427022089','4b7541499',84084,2942,1653977667,1653977667);
INSERT INTO player_score VALUES('4a5911d4d',63,'4301917e1','2365e8a82',25515,2038,1653358962,1653358962);
INSERT INTO player_score VALUES('44be63ff9',63,'4301917e1','274489ba0',51772,1811,1653208525,1653208525);
INSERT INTO player_score VALUES('628b4c7e3',63,'4301917e1','3603e0867',18270,3158,1654008474,1654008474);
INSERT INTO player_score VALUES('5396cad43',63,'4301917e1','3a2b89e4e',732260,2153,1653607026,1653607026);
INSERT INTO player_score VALUES('58f127cfc',63,'4301917e1','3c170d885',479372,2607,1653750719,1653750719);
INSERT INTO player_score VALUES('44b66af91',63,'4301917e1','3cafc8a9c',257140,1840,1653207689,1653207689);
INSERT INTO player_score VALUES('5d0b1a70a',63,'4301917e1','421070fac',50445,2627,1653860814,1653860814);
INSERT INTO player_score VALUES('5fd0ca1ed',63,'4301917e1','492e8cefa',118800,2592,1653935230,1653935230);
INSERT INTO player_score VALUES('611285682',63,'4301917e1','4b7541499',1218,2899,1653968966,1653968966);
INSERT INTO player_score VALUES('4c43ab159',63,'43332daf7','2365e8a82',39150,2130,1653410405,1653410405);
INSERT INTO player_score VALUES('45e59748d',63,'43332daf7','274489ba0',12460,1882,1653239479,1653239479);
INSERT INTO player_score VALUES('6212e0da9',63,'43332daf7','3603e0867',318,3124,1653995847,1653995847);
INSERT INTO player_score VALUES('539cb9662',63,'43332daf7','3a2b89e4e',213280,2155,1653607648,1653607648);
INSERT INTO player_score VALUES('58596a985',63,'43332daf7','3c170d885',331170,2548,1653734808,1653734808);
INSERT INTO player_score VALUES('4474b8244',63,'43332daf7','3cafc8a9c',230112,1788,1653200800,1653200800);
INSERT INTO player_score VALUES('6297e0b42',63,'43332daf7','421070fac',5568,3195,1654009793,1654009793);
INSERT INTO player_score VALUES('629ee5947',63,'43332daf7','492e8cefa',423168,2944,1654010529,1654010529);
INSERT INTO player_score VALUES('616209da4',63,'43332daf7','4b7541499',209898,2937,1653977304,1653977304);
INSERT INTO player_score VALUES('49a9b5403',63,'43ab01f4d','2365e8a82',36456,2000,1653340574,1653340574);
INSERT INTO player_score VALUES('45f4c1204',63,'43ab01f4d','274489ba0',76544,1889,1653241069,1653241069);
INSERT INTO player_score VALUES('61f38a644',63,'43ab01f4d','3603e0867',94464,3119,1653992561,1653992561);
INSERT INTO player_score VALUES('56d227091',63,'43ab01f4d','3a2b89e4e',35200,2458,1653693781,1653693781);
INSERT INTO player_score VALUES('59662e543',63,'43ab01f4d','3c170d885',519750,2647,1653762990,1653762990);
INSERT INTO player_score VALUES('440519e83',63,'43ab01f4d','3cafc8a9c',250712,1694,1653189096,1653189096);
INSERT INTO player_score VALUES('636ade602',63,'43ab01f4d','421070fac',31460,3265,1654031917,1654031917);
INSERT INTO player_score VALUES('5f9d0ff37',63,'43ab01f4d','492e8cefa',119067,2571,1653929806,1653929806);
INSERT INTO player_score VALUES('616392e94',63,'43ab01f4d','4b7541499',408240,2938,1653977465,1653977465);
INSERT INTO player_score VALUES('487d96338',63,'45c0c779e','2365e8a82',138380,1944,1653309104,1653309104);
INSERT INTO player_score VALUES('6171229a8',63,'45c0c779e','3603e0867',77112,3087,1653978887,1653978887);
INSERT INTO player_score VALUES('560df8df7',63,'45c0c779e','3a2b89e4e',85995,2384,1653673210,1653673210);
INSERT INTO player_score VALUES('59cc01380',63,'45c0c779e','3c170d885',19008,2679,1653773667,1653773667);
INSERT INTO player_score VALUES('625e13581',63,'45c0c779e','421070fac',248952,3168,1654003732,1654003732);
INSERT INTO player_score VALUES('632aafb90',63,'45c0c779e','492e8cefa',428740,2994,1654025187,1654025187);
INSERT INTO player_score VALUES('605f84363',63,'45c0c779e','4b7541499',230912,2804,1653950196,1653950196);
INSERT INTO player_score VALUES('4730c6033',63,'468373e52','2365e8a82',325017,1865,1653274206,1653274206);
INSERT INTO player_score VALUES('613995698',63,'468373e52','3603e0867',10494,3071,1653973062,1653973062);
INSERT INTO player_score VALUES('5396867a4',63,'468373e52','3a2b89e4e',198,2152,1653606998,1653606998);
INSERT INTO player_score VALUES('59e4f8d02',63,'468373e52','3c170d885',101500,2693,1653776285,1653776285);
INSERT INTO player_score VALUES('61c8ff464',63,'468373e52','492e8cefa',1365,2847,1653988100,1653988100);
INSERT INTO player_score VALUES('60e5ab7d2',63,'468373e52','4b7541499',74240,2877,1653964263,1653964263);
INSERT INTO player_score VALUES('467ed15aa',63,'46dab44d6','2365e8a82',810,1827,1653255546,1653255546);
INSERT INTO player_score VALUES('5a368f0b0',63,'46dab44d6','3c170d885',139356,2713,1653784840,1653784840);
INSERT INTO player_score VALUES('6255c9bf5',63,'46dab44d6','421070fac',0,3164,1654002863,1654002863);
INSERT INTO player_score VALUES('63ac3e35e',63,'46dab44d6','492e8cefa',67416,3054,1654038772,1654038772);
INSERT INTO player_score VALUES('61286fc25',63,'46dab44d6','4b7541499',8918,2914,1653971264,1653971264);
INSERT INTO player_score VALUES('4b8c7c8f3',63,'472fbbe1d','2365e8a82',135360,2094,1653391197,1653391197);
INSERT INTO player_score VALUES('629c107d0',63,'472fbbe1d','3603e0867',224960,3165,1654010232,1654010232);
INSERT INTO player_score VALUES('5f7100a4e',63,'472fbbe1d','421070fac',174420,2899,1653925186,1653925186);
INSERT INTO player_score VALUES('6357a6f1a',63,'472fbbe1d','492e8cefa',18144,3011,1654029902,1654029902);
INSERT INTO player_score VALUES('5f0f2f25f',63,'472fbbe1d','4b7541499',104284,2624,1653914929,1653914929);
INSERT INTO player_score VALUES('4994d9e77',63,'47dc7df5b','2365e8a82',812084,1995,1653338387,1653338387);
INSERT INTO player_score VALUES('61a1b23cf',63,'47dc7df5b','3603e0867',21900,3099,1653983979,1653983979);
INSERT INTO player_score VALUES('56bdde2c7',63,'47dc7df5b','3a2b89e4e',11448,2449,1653691654,1653691654);
INSERT INTO player_score VALUES('59569df3d',63,'47dc7df5b','3c170d885',67914,2643,1653761358,1653761358);
INSERT INTO player_score VALUES('63b98988d',63,'47dc7df5b','421070fac',75208,3291,1654040166,1654040166);
INSERT INTO player_score VALUES('62afce32b',63,'47dc7df5b','492e8cefa',320436,2956,1654012302,1654012302);
INSERT INTO player_score VALUES('5f8b0e8f1',63,'47dc7df5b','4b7541499',165312,2686,1653927918,1653927918);
INSERT INTO player_score VALUES('6138f9281',63,'485e226ee','3603e0867',136224,3070,1653972998,1653972998);
INSERT INTO player_score VALUES('4ee4023a9',63,'485e226ee','3a2b89e4e',359100,1738,1653480905,1653480905);
INSERT INTO player_score VALUES('585208f5e',63,'485e226ee','3c170d885',509600,2547,1653734034,1653734034);
INSERT INTO player_score VALUES('5e670d256',63,'485e226ee','421070fac',7250,2787,1653897299,1653897299);
INSERT INTO player_score VALUES('61832dbd3',63,'485e226ee','4b7541499',880,2954,1653980779,1653980779);
INSERT INTO player_score VALUES('5f53fb732',63,'49039db76','3603e0867',134640,2922,1653922143,1653922143);
INSERT INTO player_score VALUES('5316d1978',63,'49039db76','3a2b89e4e',27260,2118,1653593607,1653593607);
INSERT INTO player_score VALUES('57138e331',63,'49039db76','3c170d885',4800,2425,1653700639,1653700639);
INSERT INTO player_score VALUES('6392379d3',63,'49039db76','492e8cefa',138125,3040,1654036043,1654036043);
INSERT INTO player_score VALUES('611ca14e9',63,'49039db76','4b7541499',84252,2906,1653970026,1653970026);
INSERT INTO player_score VALUES('4c7093ac0',63,'490f626b6','2365e8a82',115328,2138,1653415114,1653415114);
INSERT INTO player_score VALUES('5f8ee193f',63,'490f626b6','3603e0867',26280,2947,1653928319,1653928319);
INSERT INTO player_score VALUES('5676049a9',63,'490f626b6','3a2b89e4e',73800,2425,1653684120,1653684120);
INSERT INTO player_score VALUES('58b97d583',63,'490f626b6','3c170d885',6864,2589,1653744882,1653744882);
INSERT INTO player_score VALUES('6345046f3',63,'490f626b6','421070fac',457275,3253,1654027948,1654027948);
INSERT INTO player_score VALUES('600b84512',63,'490f626b6','4b7541499',387394,2764,1653941388,1653941388);
INSERT INTO player_score VALUES('4b8d02d70',63,'49449705f','2365e8a82',4048,2095,1653391252,1653391252);
INSERT INTO player_score VALUES('604aefa78',63,'49449705f','3603e0867',739200,2998,1653948038,1653948038);
INSERT INTO player_score VALUES('569a99d7d',63,'49449705f','3a2b89e4e',559440,2440,1653687956,1653687956);
INSERT INTO player_score VALUES('59883c91f',63,'49449705f','3c170d885',516800,2658,1653766561,1653766561);
INSERT INTO player_score VALUES('6369702ba',63,'49449705f','421070fac',103008,3264,1654031767,1654031767);
INSERT INTO player_score VALUES('62ab1a956',63,'49449705f','492e8cefa',485228,2954,1654011809,1654011809);
INSERT INTO player_score VALUES('6171adc5e',63,'49449705f','4b7541499',38352,2946,1653978944,1653978944);
INSERT INTO player_score VALUES('4c4cf2928',63,'4986d778a','2365e8a82',74592,2133,1653411378,1653411378);
INSERT INTO player_score VALUES('61a107585',63,'4986d778a','3603e0867',81250,3098,1653983909,1653983909);
INSERT INTO player_score VALUES('56b74243d',63,'4986d778a','3c170d885',229104,2394,1653690961,1653690961);
INSERT INTO player_score VALUES('62c47b2a2',63,'4986d778a','492e8cefa',43200,2963,1654014470,1654014470);
INSERT INTO player_score VALUES('5dd390cd8',63,'4986d778a','4b7541499',29748,2453,1653881834,1653881834);
INSERT INTO player_score VALUES('4762056db',63,'4a806d829','2365e8a82',90636,1878,1653279370,1653279370);
INSERT INTO player_score VALUES('600c95bd1',63,'4a806d829','3603e0867',371910,2980,1653941500,1653941500);
INSERT INTO player_score VALUES('54e42ff31',63,'4a806d829','3a2b89e4e',27816,2276,1653641985,1653641985);
INSERT INTO player_score VALUES('5945d2a1d',63,'4a806d829','3c170d885',12615,2639,1653759597,1653759597);
INSERT INTO player_score VALUES('5ecd41b63',63,'4a806d829','421070fac',104280,2828,1653908016,1653908016);
INSERT INTO player_score VALUES('4349a334d',63,'4b37e54bc','2365e8a82',30690,1633,1653169439,1653169439);
INSERT INTO player_score VALUES('5a3ab02eb',63,'4b37e54bc','3c170d885',102714,2716,1653785273,1653785273);
INSERT INTO player_score VALUES('6147fbeec',63,'4b37e54bc','421070fac',33000,3068,1653974572,1653974572);
INSERT INTO player_score VALUES('639152212',63,'4b37e54bc','492e8cefa',14400,3038,1654035949,1654035949);
INSERT INTO player_score VALUES('614376b7c',63,'4b37e54bc','4b7541499',16359,2927,1653974098,1653974098);
INSERT INTO player_score VALUES('460216393',63,'4b7b40f34','2365e8a82',14276,1805,1653242467,1653242467);
INSERT INTO player_score VALUES('628a9561c',63,'4b7b40f34','3603e0867',124754,3157,1654008399,1654008399);
INSERT INTO player_score VALUES('56c531274',63,'4b7b40f34','3a2b89e4e',21996,2453,1653692422,1653692422);
INSERT INTO player_score VALUES('59ff63847',63,'4b7b40f34','3c170d885',87232,2699,1653779055,1653779055);
INSERT INTO player_score VALUES('62990f6ea',63,'4b7b40f34','421070fac',98580,3197,1654009917,1654009917);
INSERT INTO player_score VALUES('62aeb2fb3',63,'4b7b40f34','492e8cefa',0,2955,1654012186,1654012186);
INSERT INTO player_score VALUES('61098c0e3',63,'4b7b40f34','4b7541499',29988,2896,1653968025,1653968025);
INSERT INTO player_score VALUES('4acb67dd0',63,'4b7d3cc21','2365e8a82',13440,2057,1653370951,1653370951);
INSERT INTO player_score VALUES('560a43261',63,'4b7d3cc21','3a2b89e4e',912000,2381,1653672821,1653672821);
INSERT INTO player_score VALUES('58147e900',63,'4b7d3cc21','3c170d885',10944,2526,1653727581,1653727581);
INSERT INTO player_score VALUES('625f92a52',63,'4b7d3cc21','421070fac',5859,3170,1654003889,1654003889);
INSERT INTO player_score VALUES('6202ddba8',63,'4b7d3cc21','492e8cefa',75900,2875,1653994168,1653994168);
INSERT INTO player_score VALUES('6153ea232',63,'4b7d3cc21','4b7541499',17556,2931,1653975823,1653975823);
INSERT INTO player_score VALUES('48e1ca0db',63,'4b922933c','2365e8a82',327672,1961,1653319611,1653319611);
INSERT INTO player_score VALUES('612608872',63,'4b922933c','3603e0867',10360,3059,1653971012,1653971012);
INSERT INTO player_score VALUES('55addecf0',63,'4b922933c','3a2b89e4e',15318,2345,1653663133,1653663133);
INSERT INTO player_score VALUES('5995745b7',63,'4b922933c','3c170d885',2720,2664,1653767947,1653767947);
INSERT INTO player_score VALUES('5fa05cab9',63,'4b922933c','421070fac',1332,2921,1653930152,1653930152);
INSERT INTO player_score VALUES('60c8c1223',63,'4b922933c','4b7541499',108864,2858,1653961231,1653961231);
INSERT INTO player_score VALUES('4a7056e00',63,'4c6790894','2365e8a82',19224,2043,1653361402,1653361402);
INSERT INTO player_score VALUES('6251f4512',63,'4c6790894','3603e0867',87906,3145,1654002461,1654002461);
INSERT INTO player_score VALUES('5583a1d31',63,'4c6790894','3a2b89e4e',443718,2336,1653658704,1653658704);
INSERT INTO player_score VALUES('57d9df3b1',63,'4c6790894','3c170d885',298908,2507,1653721434,1653721434);
INSERT INTO player_score VALUES('627ac587b',63,'4c6790894','421070fac',140160,3187,1654006741,1654006741);
INSERT INTO player_score VALUES('60edf02b8',63,'4c6790894','492e8cefa',313500,2740,1653965130,1653965130);
INSERT INTO player_score VALUES('615b27282',63,'4c6790894','4b7541499',34800,2934,1653976582,1653976582);
INSERT INTO player_score VALUES('60a845b44',63,'4da11836f','3603e0867',4690,3025,1653957825,1653957825);
INSERT INTO player_score VALUES('567a36d2a',63,'4da11836f','3a2b89e4e',203000,2429,1653684560,1653684560);
INSERT INTO player_score VALUES('62a22d6b6',63,'4da11836f','421070fac',23436,3200,1654010873,1654010873);
INSERT INTO player_score VALUES('6178536eb',63,'4da11836f','492e8cefa',5358,2809,1653979641,1653979641);
INSERT INTO player_score VALUES('5ffb4b7ac',63,'4da11836f','4b7541499',55080,2759,1653939687,1653939687);
INSERT INTO player_score VALUES('60d77d1ce',63,'4ecaeae56','3603e0867',280098,3039,1653962776,1653962776);
INSERT INTO player_score VALUES('55cf75744',63,'4ecaeae56','3a2b89e4e',285852,2359,1653666655,1653666655);
INSERT INTO player_score VALUES('5a0a42b77',63,'4ecaeae56','3c170d885',69750,2701,1653780195,1653780195);
INSERT INTO player_score VALUES('632ab229c',63,'4ecaeae56','421070fac',3276,3243,1654025188,1654025188);
INSERT INTO player_score VALUES('63c306ba2',63,'4ecaeae56','492e8cefa',48360,3066,1654041161,1654041161);
INSERT INTO player_score VALUES('5ec6aaaf0',63,'4ecaeae56','4b7541499',103664,2583,1653907325,1653907325);
INSERT INTO player_score VALUES('54b6051e0',63,'4efdeb868','3a2b89e4e',10560,2260,1653637144,1653637144);
INSERT INTO player_score VALUES('582c53a47',63,'4efdeb868','3c170d885',264992,2535,1653730080,1653730080);
INSERT INTO player_score VALUES('63274a943',63,'4efdeb868','421070fac',567000,3241,1654024831,1654024831);
INSERT INTO player_score VALUES('639469226',63,'4efdeb868','492e8cefa',52488,3043,1654036273,1654036273);
INSERT INTO player_score VALUES('6125bf4a6',63,'4efdeb868','4b7541499',2340,2911,1653970982,1653970982);
INSERT INTO player_score VALUES('600de1c48',63,'4f2e541e4','3603e0867',247680,2981,1653941636,1653941636);
INSERT INTO player_score VALUES('55ab92721',63,'4f2e541e4','3a2b89e4e',49536,2344,1653662892,1653662892);
INSERT INTO player_score VALUES('589243d36',63,'4f2e541e4','3c170d885',452625,2568,1653740769,1653740769);
INSERT INTO player_score VALUES('616229972',63,'4f2e541e4','421070fac',16074,3077,1653977317,1653977317);
INSERT INTO player_score VALUES('639a94bf3',63,'4f2e541e4','492e8cefa',74340,3048,1654036920,1654036920);
INSERT INTO player_score VALUES('5f9a708ea',63,'4f2e541e4','4b7541499',126750,2698,1653929531,1653929531);
INSERT INTO player_score VALUES('612da256f',63,'4f79d99c7','3603e0867',257796,3063,1653971809,1653971809);
INSERT INTO player_score VALUES('55b08cd6f',63,'4f79d99c7','3a2b89e4e',225420,2347,1653663414,1653663414);
INSERT INTO player_score VALUES('59d4c4de2',63,'4f79d99c7','3c170d885',95200,2682,1653774586,1653774586);
INSERT INTO player_score VALUES('5fe746fa7',63,'4f79d99c7','421070fac',155760,2949,1653937588,1653937588);
INSERT INTO player_score VALUES('609cf6301',63,'4f79d99c7','492e8cefa',25280,2695,1653956639,1653956639);
INSERT INTO player_score VALUES('628390833',63,'4f7d52458','3603e0867',104280,3156,1654007663,1654007663);
INSERT INTO player_score VALUES('556045176',63,'4f7d52458','3a2b89e4e',144550,2322,1653654996,1653654996);
INSERT INTO player_score VALUES('553c97c80',63,'4f7d52458','3c170d885',6912,2266,1653651255,1653651255);
INSERT INTO player_score VALUES('637f6b9d0',63,'4f7d52458','421070fac',60192,3273,1654034072,1654034072);
INSERT INTO player_score VALUES('6372c3da7',63,'4f7d52458','492e8cefa',147186,3023,1654032745,1654032745);
INSERT INTO player_score VALUES('5f89d12c9',63,'4f7d52458','4b7541499',10716,2685,1653927788,1653927788);
INSERT INTO player_score VALUES('6257d6a92',63,'4fa1c5547','3603e0867',172224,3147,1654003078,1654003078);
INSERT INTO player_score VALUES('56f391b9b',63,'4fa1c5547','3c170d885',139932,2417,1653697285,1653697285);
INSERT INTO player_score VALUES('638e0f2bc',63,'4fa1c5547','421070fac',324324,3278,1654035607,1654035607);
INSERT INTO player_score VALUES('639a15c96',63,'4fa1c5547','492e8cefa',594,3046,1654036868,1654036868);
INSERT INTO player_score VALUES('609efe39a',63,'4fa1c5547','4b7541499',244992,2838,1653956852,1653956852);
INSERT INTO player_score VALUES('5e90c16b3',63,'4fa7c4fa0','3603e0867',163372,2869,1653901672,1653901672);
INSERT INTO player_score VALUES('56618121d',63,'4fa7c4fa0','3a2b89e4e',62320,2417,1653681969,1653681969);
INSERT INTO player_score VALUES('60b03eba4',63,'4fa7c4fa0','421070fac',110400,3024,1653958661,1653958661);
INSERT INTO player_score VALUES('62b02fd78',63,'4fa7c4fa0','492e8cefa',98750,2957,1654012342,1654012342);
INSERT INTO player_score VALUES('6171d7449',63,'4fa7c4fa0','4b7541499',33000,2947,1653978961,1653978961);
INSERT INTO player_score VALUES('619dbd0db',63,'5017a51e2','3603e0867',160992,3096,1653983564,1653983564);
INSERT INTO player_score VALUES('56aef640a',63,'5017a51e2','3a2b89e4e',49140,2444,1653690091,1653690091);
INSERT INTO player_score VALUES('5a241aeb0',63,'5017a51e2','3c170d885',40500,2707,1653782905,1653782905);
INSERT INTO player_score VALUES('633111020',63,'5017a51e2','421070fac',237600,3244,1654025856,1654025856);
INSERT INTO player_score VALUES('63bbe48f8',63,'5017a51e2','492e8cefa',174660,3061,1654040413,1654040413);
INSERT INTO player_score VALUES('608bbd014',63,'5017a51e2','4b7541499',21840,2827,1653954833,1653954833);
INSERT INTO player_score VALUES('5b8c86fd3',63,'50fae563c','3603e0867',18450,2645,1653820698,1653820698);
INSERT INTO player_score VALUES('524cfe220',63,'50fae563c','3a2b89e4e',17360,2042,1653572444,1653572444);
INSERT INTO player_score VALUES('59d672906',63,'50fae563c','3c170d885',234300,2684,1653774762,1653774762);
INSERT INTO player_score VALUES('63884538a',63,'50fae563c','492e8cefa',66736,3035,1654035000,1654035000);
INSERT INTO player_score VALUES('6108e6069',63,'50fae563c','4b7541499',103880,2895,1653967957,1653967957);
INSERT INTO player_score VALUES('614bceef9',63,'516a46925','3603e0867',153000,3076,1653974973,1653974973);
INSERT INTO player_score VALUES('55788597a',63,'516a46925','3a2b89e4e',697760,2334,1653657539,1653657539);
INSERT INTO player_score VALUES('5a429a89d',63,'516a46925','3c170d885',268840,2717,1653786103,1653786103);
INSERT INTO player_score VALUES('6221dc507',63,'516a46925','421070fac',6160,3140,1653997418,1653997418);
INSERT INTO player_score VALUES('62ccebcb8',63,'516a46925','492e8cefa',154560,2966,1654015355,1654015355);
INSERT INTO player_score VALUES('614086bfd',63,'516a46925','4b7541499',1394,2925,1653973790,1653973790);
INSERT INTO player_score VALUES('5dd1dbcd1',63,'52ccf75bd','3603e0867',393680,2817,1653881655,1653881655);
INSERT INTO player_score VALUES('5384bacf4',63,'52ccf75bd','3a2b89e4e',18792,2149,1653605132,1653605132);
INSERT INTO player_score VALUES('590549a45',63,'52ccf75bd','3c170d885',37632,2618,1653752830,1653752830);
INSERT INTO player_score VALUES('629a2d145',63,'52ccf75bd','421070fac',31122,3198,1654010034,1654010034);
INSERT INTO player_score VALUES('61ee15eaa',63,'52ccf75bd','492e8cefa',263900,2867,1653991989,1653991989);
INSERT INTO player_score VALUES('60fa252aa',63,'52ccf75bd','4b7541499',5280,2888,1653966410,1653966410);
INSERT INTO player_score VALUES('612e5e511',63,'5356b2217','3603e0867',0,3064,1653971886,1653971886);
INSERT INTO player_score VALUES('541f06552',63,'5356b2217','3a2b89e4e',68040,2199,1653621311,1653621311);
INSERT INTO player_score VALUES('58b813feb',63,'5356b2217','3c170d885',27776,2588,1653744734,1653744734);
INSERT INTO player_score VALUES('61acf58a8',63,'5356b2217','421070fac',15812,3102,1653985160,1653985160);
INSERT INTO player_score VALUES('639201e5b',63,'5356b2217','492e8cefa',245376,3039,1654036021,1654036021);
INSERT INTO player_score VALUES('60baeaa58',63,'5356b2217','4b7541499',240570,2851,1653959780,1653959780);
INSERT INTO player_score VALUES('5403ac601',63,'53ccf1230','3a2b89e4e',63936,2191,1653618443,1653618443);
INSERT INTO player_score VALUES('5a4655237',63,'53ccf1230','3c170d885',106704,2719,1653786494,1653786494);
INSERT INTO player_score VALUES('63b908259',63,'53ccf1230','421070fac',182910,3290,1654040113,1654040113);
INSERT INTO player_score VALUES('5cbd04354',63,'53ccf1230','492e8cefa',43824,2238,1653852626,1653852626);
INSERT INTO player_score VALUES('5ff74050a',63,'53ccf1230','4b7541499',33488,2756,1653939263,1653939263);
INSERT INTO player_score VALUES('5d8904510',63,'53d670c83','3603e0867',22572,2800,1653874017,1653874017);
INSERT INTO player_score VALUES('551cd85a5',63,'53d670c83','3a2b89e4e',17664,2295,1653647926,1653647926);
INSERT INTO player_score VALUES('5f1ed09e3',63,'53d670c83','421070fac',17820,2866,1653916568,1653916568);
INSERT INTO player_score VALUES('5eef351c6',63,'53d670c83','4b7541499',3042,2605,1653911576,1653911576);
INSERT INTO player_score VALUES('5f6043f76',63,'542d742c9','3603e0867',259223,2926,1653923431,1653923431);
INSERT INTO player_score VALUES('56e491606',63,'542d742c9','3a2b89e4e',34848,2465,1653695712,1653695712);
INSERT INTO player_score VALUES('59afa4783',63,'542d742c9','3c170d885',295800,2673,1653770693,1653770693);
INSERT INTO player_score VALUES('61efada0d',63,'542d742c9','421070fac',186714,3117,1653992156,1653992156);
INSERT INTO player_score VALUES('637770297',63,'542d742c9','492e8cefa',131320,3026,1654033235,1654033235);
INSERT INTO player_score VALUES('5fbd114e4',63,'542d742c9','4b7541499',4320,2723,1653933162,1653933162);
INSERT INTO player_score VALUES('607d9384f',63,'548607f1e','3603e0867',80736,3015,1653953348,1653953348);
INSERT INTO player_score VALUES('559de3069',63,'548607f1e','3a2b89e4e',45144,2341,1653661457,1653661457);
INSERT INTO player_score VALUES('59fbd9be0',63,'548607f1e','3c170d885',26400,2698,1653778684,1653778684);
INSERT INTO player_score VALUES('637f16296',63,'548607f1e','421070fac',145350,3272,1654034037,1654034037);
INSERT INTO player_score VALUES('637d28fe5',63,'548607f1e','492e8cefa',91200,3031,1654033835,1654033835);
INSERT INTO player_score VALUES('61136d584',63,'548607f1e','4b7541499',3528,2900,1653969061,1653969061);
INSERT INTO player_score VALUES('5f80da469',63,'54dab2c04','3603e0867',134520,2941,1653926848,1653926848);
INSERT INTO player_score VALUES('55b71ef96',63,'54dab2c04','3a2b89e4e',4760,2350,1653664103,1653664103);
INSERT INTO player_score VALUES('5704ef85a',63,'54dab2c04','3c170d885',27300,2422,1653699106,1653699106);
INSERT INTO player_score VALUES('63671522e',63,'54dab2c04','421070fac',231504,3263,1654031520,1654031520);
INSERT INTO player_score VALUES('6360fd116',63,'54dab2c04','492e8cefa',32448,3015,1654030881,1654030881);
INSERT INTO player_score VALUES('60b1613d4',63,'54dab2c04','4b7541499',8832,2845,1653958780,1653958780);
INSERT INTO player_score VALUES('5f3866e4c',63,'551b087e4','3603e0867',146940,2917,1653919251,1653919251);
INSERT INTO player_score VALUES('56e46f383',63,'551b087e4','3a2b89e4e',34020,2464,1653695698,1653695698);
INSERT INTO player_score VALUES('5992f999e',63,'551b087e4','3c170d885',255360,2663,1653767687,1653767687);
INSERT INTO player_score VALUES('62d0c61fe',63,'551b087e4','421070fac',44100,3219,1654015759,1654015759);
INSERT INTO player_score VALUES('612b474fa',63,'551b087e4','492e8cefa',379533,2775,1653971562,1653971562);
INSERT INTO player_score VALUES('6193afd06',63,'551b087e4','4b7541499',312120,2958,1653982510,1653982510);
INSERT INTO player_score VALUES('579b19e9e',63,'55204e931','3c170d885',6800,2479,1653714852,1653714852);
INSERT INTO player_score VALUES('6233e771b',63,'55204e931','421070fac',63954,3146,1653999310,1653999310);
INSERT INTO player_score VALUES('61fe86e48',63,'55204e931','492e8cefa',103415,2872,1653993713,1653993713);
INSERT INTO player_score VALUES('61284b263',63,'55204e931','4b7541499',353864,2913,1653971249,1653971249);
INSERT INTO player_score VALUES('569759549',63,'554abc674','3a2b89e4e',226800,2436,1653687615,1653687615);
INSERT INTO player_score VALUES('5890654d8',63,'554abc674','3c170d885',143336,2567,1653740573,1653740573);
INSERT INTO player_score VALUES('6297f6ac8',63,'554abc674','421070fac',73882,3196,1654009802,1654009802);
INSERT INTO player_score VALUES('638fe8cf3',63,'554abc674','492e8cefa',274344,3037,1654035801,1654035801);
INSERT INTO player_score VALUES('5f190e01b',63,'554abc674','4b7541499',46624,2627,1653915964,1653915964);
INSERT INTO player_score VALUES('607261526',63,'5554260eb','3603e0867',218940,3007,1653952174,1653952174);
INSERT INTO player_score VALUES('5386a5877',63,'5554260eb','3c170d885',202536,2105,1653605333,1653605333);
INSERT INTO player_score VALUES('61a0af76c',63,'5554260eb','421070fac',15498,3098,1653983873,1653983873);
INSERT INTO player_score VALUES('63791dd3e',63,'5554260eb','492e8cefa',51127,3028,1654033411,1654033411);
INSERT INTO player_score VALUES('60fadeb73',63,'5554260eb','4b7541499',477708,2889,1653966486,1653966486);
INSERT INTO player_score VALUES('6070c7296',63,'55b35aa04','3603e0867',418068,3006,1653952006,1653952006);
INSERT INTO player_score VALUES('56cb556b7',63,'55b35aa04','3a2b89e4e',121716,2456,1653693066,1653693066);
INSERT INTO player_score VALUES('59c487289',63,'55b35aa04','3c170d885',296888,2676,1653772883,1653772883);
INSERT INTO player_score VALUES('625f13b03',63,'55b35aa04','421070fac',9030,3169,1654003837,1654003837);
INSERT INTO player_score VALUES('60830a74f',63,'55b35aa04','492e8cefa',34048,2680,1653953921,1653953921);
INSERT INTO player_score VALUES('5fb8d2e12',63,'55b35aa04','4b7541499',179820,2720,1653932717,1653932717);
INSERT INTO player_score VALUES('62775df35',63,'55bdc7167','3603e0867',53816,3153,1654006384,1654006384);
INSERT INTO player_score VALUES('5519389c1',63,'55bdc7167','3a2b89e4e',8928,2294,1653647546,1653647546);
INSERT INTO player_score VALUES('59a91e8b9',63,'55bdc7167','3c170d885',179820,2670,1653770009,1653770009);
INSERT INTO player_score VALUES('5f6eaf620',63,'55bdc7167','421070fac',252154,2897,1653924943,1653924943);
INSERT INTO player_score VALUES('60982a2cb',63,'55bdc7167','4b7541499',346500,2832,1653956136,1653956136);
INSERT INTO player_score VALUES('5ecb19eeb',63,'56f5492e3','3603e0867',250194,2885,1653907790,1653907790);
INSERT INTO player_score VALUES('53cbe7090',63,'56f5492e3','3c170d885',60306,2126,1653612595,1653612595);
INSERT INTO player_score VALUES('6379e8779',63,'56f5492e3','421070fac',76140,3269,1654033494,1654033494);
INSERT INTO player_score VALUES('6037b5cc1',63,'56f5492e3','492e8cefa',21504,2641,1653946022,1653946022);
INSERT INTO player_score VALUES('5ffa415f7',63,'56f5492e3','4b7541499',162750,2758,1653939578,1653939578);
INSERT INTO player_score VALUES('6203e564a',63,'58eadc7f3','3603e0867',89376,3122,1653994276,1653994276);
INSERT INTO player_score VALUES('59abeec26',63,'58eadc7f3','3c170d885',51516,2672,1653770304,1653770304);
INSERT INTO player_score VALUES('62bf0e00c',63,'58eadc7f3','421070fac',216783,3209,1654013901,1654013901);
INSERT INTO player_score VALUES('62e9fac3d',63,'58eadc7f3','492e8cefa',261035,2980,1654018402,1654018402);
INSERT INTO player_score VALUES('617d3f2df',63,'58eadc7f3','4b7541499',156870,2950,1653980157,1653980157);
INSERT INTO player_score VALUES('60a6317ae',63,'59068975c','3603e0867',58240,3024,1653957607,1653957607);
INSERT INTO player_score VALUES('59dd5a20a',63,'59068975c','3c170d885',55104,2691,1653775486,1653775486);
INSERT INTO player_score VALUES('635e083e7',63,'59068975c','421070fac',396633,3261,1654030571,1654030571);
INSERT INTO player_score VALUES('6393ad269',63,'59068975c','492e8cefa',428891,3042,1654036196,1654036196);
INSERT INTO player_score VALUES('61429afb7',63,'59068975c','4b7541499',658244,2926,1653974008,1653974008);
INSERT INTO player_score VALUES('61db38d01',63,'5998bc369','3603e0867',114268,3111,1653990011,1653990011);
INSERT INTO player_score VALUES('5a15049fa',63,'5998bc369','3c170d885',441932,2704,1653781323,1653781323);
INSERT INTO player_score VALUES('6353f61e6',63,'5998bc369','421070fac',96000,3259,1654029515,1654029515);
INSERT INTO player_score VALUES('621fef242',63,'5998bc369','492e8cefa',37440,2887,1653997216,1653997216);
INSERT INTO player_score VALUES('610f4ea73',63,'5998bc369','4b7541499',143650,2898,1653968629,1653968629);
INSERT INTO player_score VALUES('61b914908',63,'59c4e65ab','3603e0867',27144,3103,1653986431,1653986431);
INSERT INTO player_score VALUES('57a577b69',63,'59c4e65ab','3c170d885',1800,2483,1653715939,1653715939);
INSERT INTO player_score VALUES('5f83fb0bf',63,'59c4e65ab','421070fac',383229,2906,1653927176,1653927176);
INSERT INTO player_score VALUES('633307eef',63,'59c4e65ab','492e8cefa',3192,2999,1654026062,1654026062);
INSERT INTO player_score VALUES('6014a24ab',63,'59c4e65ab','4b7541499',542880,2769,1653942344,1653942344);
INSERT INTO player_score VALUES('61205e527',63,'59e50023b','3603e0867',168960,3058,1653970418,1653970418);
INSERT INTO player_score VALUES('58f417c40',63,'59e50023b','3c170d885',15288,2611,1653751027,1653751027);
INSERT INTO player_score VALUES('628c590c3',63,'59e50023b','421070fac',45936,3192,1654008584,1654008584);
INSERT INTO player_score VALUES('63ad5487f',63,'59e50023b','492e8cefa',0,3056,1654038886,1654038886);
INSERT INTO player_score VALUES('60810ea36',63,'59e50023b','4b7541499',0,2819,1653953713,1653953713);
INSERT INTO player_score VALUES('6246f2eee',63,'5a714bab0','3603e0867',23125,3142,1654001307,1654001307);
INSERT INTO player_score VALUES('6258c5ea3',63,'5a714bab0','421070fac',5244,3166,1654003176,1654003176);
INSERT INTO player_score VALUES('625c19f72',63,'5a714bab0','492e8cefa',231404,2914,1654003525,1654003525);
INSERT INTO player_score VALUES('6187514ed',63,'5a714bab0','4b7541499',26784,2955,1653981213,1653981213);
INSERT INTO player_score VALUES('63399a114',63,'5ab1e0e08','421070fac',60146,3248,1654026751,1654026751);
INSERT INTO player_score VALUES('63007a099',63,'5ab1e0e08','492e8cefa',53599,2988,1654020761,1654020761);
INSERT INTO player_score VALUES('60a4f689c',63,'5bdef67fa','3603e0867',149760,3023,1653957478,1653957478);
INSERT INTO player_score VALUES('6245abc8b',63,'5bdef67fa','421070fac',29120,3157,1654001173,1654001173);
INSERT INTO player_score VALUES('60aff7e9e',63,'5bdef67fa','492e8cefa',37582,2705,1653958632,1653958632);
INSERT INTO player_score VALUES('5f2099248',63,'5c6ee432c','3603e0867',475020,2911,1653916755,1653916755);
INSERT INTO player_score VALUES('623042d4f',63,'5c6ee432c','421070fac',108528,3145,1653998928,1653998928);
INSERT INTO player_score VALUES('62961348c',63,'5c6ee432c','492e8cefa',111600,2939,1654009604,1654009604);
INSERT INTO player_score VALUES('5f66f5d91',63,'5cb824a77','3603e0867',160000,2931,1653924133,1653924133);
INSERT INTO player_score VALUES('621ef88c0',63,'5cb824a77','421070fac',703296,3137,1653997115,1653997115);
INSERT INTO player_score VALUES('6392a7ecc',63,'5cb824a77','492e8cefa',768645,3041,1654036089,1654036089);
INSERT INTO player_score VALUES('60d914d15',63,'5cb824a77','4b7541499',76608,2870,1653962943,1653962943);
INSERT INTO player_score VALUES('61364d8ff',63,'5cce07aa5','3603e0867',140624,3066,1653972718,1653972718);
INSERT INTO player_score VALUES('5e09de2de',63,'5cce07aa5','421070fac',38808,2743,1653887528,1653887528);
INSERT INTO player_score VALUES('62dfab9c0',63,'5cce07aa5','492e8cefa',93513,2976,1654017321,1654017321);
INSERT INTO player_score VALUES('62a306b65',63,'5e36ba892','3603e0867',657558,3167,1654010962,1654010962);
INSERT INTO player_score VALUES('60e08c741',63,'5e36ba892','421070fac',317520,3038,1653963726,1653963726);
INSERT INTO player_score VALUES('61a100030',63,'5e36ba892','492e8cefa',629,2824,1653983906,1653983906);
INSERT INTO player_score VALUES('61276a892',63,'5ecbc4da2','3603e0867',84348,3060,1653971157,1653971157);
INSERT INTO player_score VALUES('5efa93423',63,'5ecbc4da2','421070fac',1065,2849,1653912768,1653912768);
INSERT INTO player_score VALUES('601a4c7b1',63,'5ecbc4da2','4b7541499',22724,2773,1653942938,1653942938);
INSERT INTO player_score VALUES('6202e50b8',63,'5f2f5ee4e','3603e0867',110976,3120,1653994171,1653994171);
INSERT INTO player_score VALUES('62204be93',63,'5f2f5ee4e','421070fac',58425,3138,1653997254,1653997254);
INSERT INTO player_score VALUES('6355a3cf9',63,'5f2f5ee4e','492e8cefa',119884,3010,1654029691,1654029691);
INSERT INTO player_score VALUES('609d92723',63,'5f2f5ee4e','4b7541499',129789,2835,1653956703,1653956703);
INSERT INTO player_score VALUES('6069baf5a',63,'5f79dcb7d','3603e0867',66625,3004,1653951267,1653951267);
INSERT INTO player_score VALUES('62af011ce',63,'5f79dcb7d','421070fac',157916,3204,1654012218,1654012218);
INSERT INTO player_score VALUES('62b22bab9',63,'5f79dcb7d','492e8cefa',55825,2958,1654012550,1654012550);
INSERT INTO player_score VALUES('5f68f417c',63,'5f79dcb7d','4b7541499',400158,2670,1653924342,1653924342);
INSERT INTO player_score VALUES('623c2c222',63,'5f7a0b16f','3603e0867',16940,3140,1654000177,1654000177);
INSERT INTO player_score VALUES('62eff0a7e',63,'5f7a0b16f','421070fac',13650,3226,1654019027,1654019027);
INSERT INTO player_score VALUES('63bedbd7e',63,'5f7a0b16f','492e8cefa',14840,3062,1654040724,1654040724);
INSERT INTO player_score VALUES('5fe724c9c',63,'5f7a0b16f','4b7541499',222,2745,1653937574,1653937574);
INSERT INTO player_score VALUES('60c54392e',63,'5f82aa1ee','3603e0867',260820,3030,1653960865,1653960865);
INSERT INTO player_score VALUES('62ff74d38',63,'5f82aa1ee','421070fac',44370,3231,1654020654,1654020654);
INSERT INTO player_score VALUES('5ef0cf44b',63,'5f82aa1ee','492e8cefa',10500,2501,1653911744,1653911744);
INSERT INTO player_score VALUES('616403375',63,'5f82aa1ee','4b7541499',332800,2939,1653977511,1653977511);
INSERT INTO player_score VALUES('621bb3272',63,'6054bafdb','3603e0867',79920,3129,1653996772,1653996772);
INSERT INTO player_score VALUES('633eaf591',63,'6054bafdb','421070fac',120120,3249,1654027284,1654027284);
INSERT INTO player_score VALUES('636a97956',63,'6054bafdb','492e8cefa',166842,3020,1654031888,1654031888);
INSERT INTO player_score VALUES('5ff5077ba',63,'6054bafdb','4b7541499',960,2754,1653939030,1653939030);
INSERT INTO player_score VALUES('604da2974',63,'61479a478','3603e0867',351912,2999,1653948321,1653948321);
INSERT INTO player_score VALUES('5f5466df4',63,'61479a478','421070fac',9344,2886,1653922187,1653922187);
INSERT INTO player_score VALUES('62a310792',63,'61479a478','492e8cefa',325600,2948,1654010966,1654010966);
INSERT INTO player_score VALUES('615906bd3',63,'61479a478','4b7541499',255163,2933,1653976359,1653976359);
INSERT INTO player_score VALUES('607a3f7a9',63,'614a6cf01','3603e0867',101024,3011,1653952999,1653952999);
INSERT INTO player_score VALUES('628dc9b44',63,'614a6cf01','421070fac',83265,3193,1654008735,1654008735);
INSERT INTO player_score VALUES('60b7e99c5',63,'614a6cf01','4b7541499',159120,2850,1653959465,1653959465);
INSERT INTO player_score VALUES('6225fb00a',63,'61811e684','3603e0867',345708,3135,1653997850,1653997850);
INSERT INTO player_score VALUES('628dc7442',63,'61811e684','492e8cefa',120042,2934,1654008734,1654008734);
INSERT INTO player_score VALUES('5f0add2e0',63,'61a2906bd','3603e0867',108360,2904,1653914476,1653914476);
INSERT INTO player_score VALUES('6305b8d1d',63,'61a2906bd','421070fac',338660,3233,1654021311,1654021311);
INSERT INTO player_score VALUES('6169cf9a6',63,'61a2906bd','492e8cefa',201600,2804,1653978119,1653978119);
INSERT INTO player_score VALUES('5d05c0d02',63,'61b8ab998','3603e0867',116501,2748,1653860253,1653860253);
INSERT INTO player_score VALUES('630526548',63,'61b8ab998','421070fac',25272,3232,1654021251,1654021251);
INSERT INTO player_score VALUES('613e41b1d',63,'61b8ab998','492e8cefa',15400,2783,1653973552,1653973552);
INSERT INTO player_score VALUES('6168f653f',63,'61e0221f3','3603e0867',160080,3086,1653978030,1653978030);
INSERT INTO player_score VALUES('6242358bf',63,'61e0221f3','421070fac',25365,3155,1654000810,1654000810);
INSERT INTO player_score VALUES('62a0b574b',63,'61e0221f3','492e8cefa',70794,2946,1654010719,1654010719);
INSERT INTO player_score VALUES('6045c6de6',63,'6226a3718','3603e0867',23520,2997,1653947497,1653947497);
INSERT INTO player_score VALUES('63ac62daa',63,'6226a3718','421070fac',34892,3287,1654038787,1654038787);
INSERT INTO player_score VALUES('633d830ca',63,'6226a3718','492e8cefa',820,3002,1654027161,1654027161);
INSERT INTO player_score VALUES('618856886',63,'623a43dda','3603e0867',0,3089,1653981320,1653981320);
INSERT INTO player_score VALUES('62d44b009',63,'623a43dda','421070fac',197532,3222,1654016128,1654016128);
INSERT INTO player_score VALUES('6293bab1f',63,'623a43dda','492e8cefa',16330,2938,1654009358,1654009358);
INSERT INTO player_score VALUES('62d96eec8',63,'62e9a0723','421070fac',117648,3223,1654016667,1654016667);
INSERT INTO player_score VALUES('631e40206',63,'63106c14f','421070fac',39732,3238,1654023883,1654023883);
INSERT INTO player_score VALUES('61b526b92',63,'63106c14f','492e8cefa',936,2836,1653986019,1653986019);
INSERT INTO player_score VALUES('6170fb894',63,'631c30c8f','421070fac',2052,3084,1653978871,1653978871);
INSERT INTO player_score VALUES('5f13fb2ab',63,'631c30c8f','492e8cefa',128898,2520,1653915432,1653915432);
INSERT INTO player_score VALUES('6397124f3',63,'632843975','421070fac',200790,3279,1654036552,1654036552);
INSERT INTO player_score VALUES('5f3cd1446',63,'6329be011','421070fac',63360,2875,1653919714,1653919714);
INSERT INTO player_score VALUES('6046e211a',63,'6329be011','492e8cefa',42048,2650,1653947613,1653947613);
INSERT INTO player_score VALUES('61130bb14',63,'6340693e3','421070fac',21888,3051,1653969021,1653969021);
INSERT INTO player_score VALUES('636a0c695',63,'6340693e3','492e8cefa',297528,3019,1654031831,1654031831);
COMMIT;
