
BEGIN;
CREATE TABLE IF NOT EXISTS competition (
  id VARCHAR(255) NOT NULL PRIMARY KEY,
  tenant_id BIGINT NOT NULL,
  title TEXT NOT NULL,
  finished_at BIGINT NULL,
  created_at BIGINT NOT NULL,
  updated_at BIGINT NOT NULL
);
INSERT INTO competition VALUES('1be97167b',65,'浦和！ #4',NULL,1652112454,1652983564);
INSERT INTO competition VALUES('20d2ce2a7',65,'元祖サーバ完全理解カップ',NULL,1652244298,1652798097);
INSERT INTO competition VALUES('23d397453',65,'第8回 モリス共和国',1653455880,1652324911,1653455880);
INSERT INTO competition VALUES('23e852dd3',65,'白ライブ整骨院大会',1652936401,1652327085,1652936401);
INSERT INTO competition VALUES('2526909ac',65,'RE:餃子丼',1653967314,1652360455,1653967314);
INSERT INTO competition VALUES('281e800ec',65,'マネージドバナナオンライン',1653442292,1652440140,1653442292);
INSERT INTO competition VALUES('36450356f',65,'ドメスティックIPATHAN',1652879318,1652819988,1652879318);
INSERT INTO competition VALUES('405df4f54',65,'渋谷卒 vol.2',NULL,1653091039,1653594701);
INSERT INTO competition VALUES('445c41edb',65,'GPUなら負けない大会',1653383953,1653198235,1653383953);
INSERT INTO competition VALUES('458db0d74',65,'第9回 アイドルgRPC神社',NULL,1653230262,1653483089);
INSERT INTO competition VALUES('46b6d6310',65,'無農薬太麺合衆国',NULL,1653261420,1653793868);
INSERT INTO competition VALUES('4e1a3fd6a',65,'リアル川越株式会社杯',NULL,1653459749,1653679902);
INSERT INTO competition VALUES('51a56e9c8',65,'第8回 絶対ビーフ田中',1653873265,1653554874,1653873265);
INSERT INTO competition VALUES('571babd2d',65,'白菜屋さん #6',1653815989,1653701490,1653815989);
INSERT INTO competition VALUES('5893135a6',65,'私の海老名の森杯',NULL,1653740854,1653781189);
INSERT INTO competition VALUES('5cb17a1a7',65,'代々木しかねえ杯',1653905532,1653851416,1653905532);
INSERT INTO competition VALUES('60e11eed1',65,'南イスのお茶会カップ',NULL,1653963786,1654018615);
INSERT INTO competition VALUES('627a098a1',65,'第9回 隠れ家的ペールエールクラッシャー',NULL,1654006664,1654028745);
CREATE TABLE IF NOT EXISTS player (
  id VARCHAR(255) NOT NULL PRIMARY KEY,
  tenant_id BIGINT NOT NULL,
  display_name TEXT NOT NULL,
  is_disqualified BOOLEAN NOT NULL,
  created_at BIGINT NOT NULL,
  updated_at BIGINT NOT NULL
);
INSERT INTO player VALUES('1acb2181e',65,'Maia Toy',0,1652082432,1652267868);
INSERT INTO player VALUES('1aec98671',65,'Jaren Hane DDS',1,1652085941,1652590595);
INSERT INTO player VALUES('1b9bc1b66',65,'Ms. Caitlyn Pacocha IV',0,1652104308,1652896767);
INSERT INTO player VALUES('1d8f23847',65,'Elaina Stroman PhD',1,1652156672,1652247858);
INSERT INTO player VALUES('1dfa6d569',65,'Jena Swaniawski',0,1652167922,1653566563);
INSERT INTO player VALUES('1ed0bf0ff',65,'Ms. Jakayla Haag DDS',0,1652190395,1652788040);
INSERT INTO player VALUES('2180d7630',65,'Wilton Kozey',0,1652262547,1652635696);
INSERT INTO player VALUES('22c61c6f1',65,'Watson Wehner',0,1652296654,1653565934);
INSERT INTO player VALUES('235254710',65,'Alessandro McGlynn',0,1652311357,1653850307);
INSERT INTO player VALUES('24c8e78fc',65,'Rosalee Morissette',0,1652350634,1652940473);
INSERT INTO player VALUES('24f787942',65,'Geovany Pollich',0,1652355523,1652444010);
INSERT INTO player VALUES('2626c76d5',65,'Sonia Bechtelar',0,1652387321,1652818934);
INSERT INTO player VALUES('2938c9b25',65,'Maria Doyle',0,1652469740,1653646790);
INSERT INTO player VALUES('2b0691017',65,'Ms. Teresa Hartmann',0,1652518161,1652902341);
INSERT INTO player VALUES('2d379f61d',65,'Chandler Cormier IV',1,1652576992,1653158889);
INSERT INTO player VALUES('2d6e20030',65,'Michale Ondricka',0,1652582707,1653840570);
INSERT INTO player VALUES('2df7a7895',65,'Mabel Nicolas',0,1652597128,1653588878);
INSERT INTO player VALUES('2dfa754f1',65,'Tad McClure',0,1652597422,1652678349);
INSERT INTO player VALUES('2e4711218',65,'Adella Schuster',0,1652605455,1653089892);
INSERT INTO player VALUES('2eb4f7e33',65,'Mr. Norbert Moore',1,1652616979,1652692735);
INSERT INTO player VALUES('2f05ab110',65,'Chaya Turcotte',0,1652625441,1653490585);
INSERT INTO player VALUES('2f11acd17',65,'Donna Gutmann V',0,1652626700,1653037988);
INSERT INTO player VALUES('2f4d64e81',65,'Bernadine Quitzon Sr.',0,1652632962,1653457694);
INSERT INTO player VALUES('316a1e31c',65,'Mr. Austin Walker IV',0,1652689661,1652727434);
INSERT INTO player VALUES('38e0082cc',65,'Gunnar Kunde',0,1652889930,1653724801);
INSERT INTO player VALUES('395f037eb',65,'Ms. Felicity Conn',0,1652903245,1653926964);
INSERT INTO player VALUES('3a8df7a9b',65,'Ms. Kyra Goldner MD',0,1652935012,1653452317);
INSERT INTO player VALUES('3bb4a98d2',65,'Oscar Kessler',0,1652965913,1653036614);
INSERT INTO player VALUES('3e0e843ee',65,'Mr. Friedrich Powlowski MD',0,1653029022,1653142558);
INSERT INTO player VALUES('3e2faa95b',65,'Mac Macejkovic IV',0,1653032498,1653548540);
INSERT INTO player VALUES('3f96ad532',65,'Mr. Carlo Armstrong',0,1653070143,1653600710);
INSERT INTO player VALUES('4058a0362',65,'Kennedy Berge',1,1653090480,1653456038);
INSERT INTO player VALUES('4216cfd84',65,'Cecile DuBuque',0,1653137266,1653680896);
INSERT INTO player VALUES('429e4f535',65,'Everett Bosco',0,1653151474,1653289689);
INSERT INTO player VALUES('42cba0e60',65,'Cullen Batz',1,1653156226,1654032725);
INSERT INTO player VALUES('447fd1ec3',65,'Emie Reichel',0,1653201964,1653481209);
INSERT INTO player VALUES('44fdde01b',65,'Mr. Kade Berge',1,1653215181,1653532110);
INSERT INTO player VALUES('484e1cdfd',65,'Mr. Henri Bailey V',0,1653304126,1653596912);
INSERT INTO player VALUES('48ce5f5b8',65,'Consuelo Gusikowski',0,1653317575,1653912045);
INSERT INTO player VALUES('496cbae9a',65,'Ms. Mariah Corkery V',0,1653334180,1653920262);
INSERT INTO player VALUES('4a665d25a',65,'Caterina Bernier',0,1653360356,1653970897);
INSERT INTO player VALUES('4a6d7ce2e',65,'Ms. Henriette Block',0,1653361103,1653671518);
INSERT INTO player VALUES('4bdd14e24',65,'Mr. Ruben Renner',0,1653399648,1653949519);
INSERT INTO player VALUES('4cbabc0e9',65,'Dena Durgan',1,1653422890,1653610312);
INSERT INTO player VALUES('4cf2a6029',65,'Ms. Katelin Padberg',0,1653428753,1653826139);
INSERT INTO player VALUES('4ea7cb32f',65,'Milton Ernser',0,1653474591,1653627165);
INSERT INTO player VALUES('4f05ebde0',65,'Marley Harris MD',0,1653484461,1653919733);
INSERT INTO player VALUES('519f3e23e',65,'Belle Adams',0,1653554225,1653681707);
INSERT INTO player VALUES('539dc3817',65,'Ms. Velda Gerlach II',0,1653607757,1653941224);
INSERT INTO player VALUES('54ac438ab',65,'Althea Dickinson',0,1653636121,1653712763);
INSERT INTO player VALUES('56edd66eb',65,'Mac Hoppe',0,1653696684,1653987635);
INSERT INTO player VALUES('57a985515',65,'Ms. Vanessa Hegmann',0,1653716364,1653875918);
INSERT INTO player VALUES('58c2e970f',65,'Fatima Gleason',0,1653745870,1653875846);
INSERT INTO player VALUES('5a3e4897f',65,'Josue Prohaska',0,1653785650,1653891069);
INSERT INTO player VALUES('5c3970205',65,'Dolly Graham',0,1653838829,1653957708);
INSERT INTO player VALUES('5d5eaeead',65,'Clifton Harber I',0,1653869578,1654000553);
INSERT INTO player VALUES('5d76d7049',65,'Amely Jacobson',0,1653872111,1653941859);
INSERT INTO player VALUES('5f61e092f',65,'Iliana Jacobson II',1,1653923600,1653932894);
INSERT INTO player VALUES('5fea89efb',65,'Andreanne Schulist',0,1653937930,1653979421);
INSERT INTO player VALUES('62b11f197',65,'Mr. Dan Gusikowski I',0,1654012440,1654040666);
CREATE TABLE IF NOT EXISTS player_score (
                              id VARCHAR(255) NOT NULL PRIMARY KEY,
                              tenant_id BIGINT NOT NULL,
                              player_id VARCHAR(255) NOT NULL,
                              competition_id VARCHAR(255) NOT NULL,
                              score BIGINT NOT NULL,
                              row_num BIGINT NOT NULL,
                              created_at BIGINT NOT NULL,
                              updated_at BIGINT NOT NULL
);
INSERT INTO player_score VALUES('639cb04a3',65,'1acb2181e','1be97167b',132300,1056,1654037141,1654037141);
INSERT INTO player_score VALUES('60ee25e3e',65,'1acb2181e','20d2ce2a7',131560,1054,1653965152,1653965152);
INSERT INTO player_score VALUES('4b4b4638f',65,'1acb2181e','23d397453',166474,871,1653384359,1653384359);
INSERT INTO player_score VALUES('3890a5ea1',65,'1acb2181e','23e852dd3',245000,387,1652881606,1652881606);
INSERT INTO player_score VALUES('5d1586e36',65,'1acb2181e','2526909ac',2736,1087,1653861907,1653861907);
INSERT INTO player_score VALUES('4d4e5824e',65,'1acb2181e','281e800ec',230256,905,1653438368,1653438368);
INSERT INTO player_score VALUES('3878740fd',65,'1acb2181e','36450356f',147840,442,1652879069,1652879069);
INSERT INTO player_score VALUES('62ac35c5b',65,'1acb2181e','405df4f54',0,1096,1654011925,1654011925);
INSERT INTO player_score VALUES('4b12c2737',65,'1acb2181e','445c41edb',2376,814,1653378433,1653378433);
INSERT INTO player_score VALUES('63a7cc880',65,'1acb2181e','46b6d6310',147600,1123,1654038306,1654038306);
INSERT INTO player_score VALUES('5ee907116',65,'1acb2181e','4e1a3fd6a',12636,902,1653910928,1653910928);
INSERT INTO player_score VALUES('5d1734959',65,'1acb2181e','51a56e9c8',0,993,1653862083,1653862083);
INSERT INTO player_score VALUES('5b506d3df',65,'1acb2181e','571babd2d',70875,979,1653814396,1653814396);
INSERT INTO player_score VALUES('63a36bed4',65,'1acb2181e','5893135a6',158470,1161,1654037847,1654037847);
INSERT INTO player_score VALUES('5e90056bc',65,'1acb2181e','5cb17a1a7',70720,1003,1653901595,1653901595);
INSERT INTO player_score VALUES('63bf07ccd',65,'1acb2181e','60e11eed1',120528,1279,1654040742,1654040742);
INSERT INTO player_score VALUES('63c0f2811',65,'1acb2181e','627a098a1',33320,1138,1654040943,1654040943);
INSERT INTO player_score VALUES('6395f9861',65,'1aec98671','1be97167b',300300,1054,1654036437,1654036437);
INSERT INTO player_score VALUES('4dcda8e8f',65,'1aec98671','23d397453',15912,909,1653451718,1653451718);
INSERT INTO player_score VALUES('3a069575e',65,'1aec98671','23e852dd3',23310,410,1652920816,1652920816);
INSERT INTO player_score VALUES('4d34fedea',65,'1aec98671','281e800ec',0,899,1653435710,1653435710);
INSERT INTO player_score VALUES('386cacec4',65,'1aec98671','36450356f',90090,436,1652877834,1652877834);
INSERT INTO player_score VALUES('6191e2638',65,'1aec98671','405df4f54',123975,1067,1653982321,1653982321);
INSERT INTO player_score VALUES('4b3b62da0',65,'1aec98671','445c41edb',116850,824,1653382693,1653382693);
INSERT INTO player_score VALUES('630ada49e',65,'1aec98671','458db0d74',364032,990,1654021849,1654021849);
INSERT INTO player_score VALUES('62f035057',65,'1aec98671','4e1a3fd6a',120416,1120,1654019055,1654019055);
INSERT INTO player_score VALUES('5ce8e51d8',65,'1aec98671','51a56e9c8',241920,982,1653857227,1653857227);
INSERT INTO player_score VALUES('5a88f25cc',65,'1aec98671','571babd2d',140448,809,1653793479,1653793479);
INSERT INTO player_score VALUES('63bac20c5',65,'1aec98671','5893135a6',35156,1170,1654040294,1654040294);
INSERT INTO player_score VALUES('5e864da22',65,'1aec98671','5cb17a1a7',17100,981,1653900576,1653900576);
INSERT INTO player_score VALUES('63c3f5fea',65,'1aec98671','60e11eed1',7315,1286,1654041259,1654041259);
INSERT INTO player_score VALUES('63c19d667',65,'1aec98671','627a098a1',210654,1140,1654041013,1654041013);
INSERT INTO player_score VALUES('62e30e51e',65,'1b9bc1b66','1be97167b',141680,1042,1654017676,1654017676);
INSERT INTO player_score VALUES('48d7e3e19',65,'1b9bc1b66','23d397453',2640,817,1653318573,1653318573);
INSERT INTO player_score VALUES('3a5b38ecf',65,'1b9bc1b66','23e852dd3',180000,415,1652929691,1652929691);
INSERT INTO player_score VALUES('596b1a14e',65,'1b9bc1b66','2526909ac',0,1021,1653763506,1653763506);
INSERT INTO player_score VALUES('4aaab929a',65,'1b9bc1b66','281e800ec',185808,828,1653367524,1653367524);
INSERT INTO player_score VALUES('38755f7fb',65,'1b9bc1b66','36450356f',7154,439,1652878746,1652878746);
INSERT INTO player_score VALUES('62b932fa1',65,'1b9bc1b66','405df4f54',16704,1099,1654013287,1654013287);
INSERT INTO player_score VALUES('4b2ed1140',65,'1b9bc1b66','445c41edb',44352,822,1653381375,1653381375);
INSERT INTO player_score VALUES('63361a14b',65,'1b9bc1b66','458db0d74',9660,999,1654026384,1654026384);
INSERT INTO player_score VALUES('63a4082c1',65,'1b9bc1b66','46b6d6310',4860,1121,1654037911,1654037911);
INSERT INTO player_score VALUES('638e53837',65,'1b9bc1b66','4e1a3fd6a',1350,1146,1654035635,1654035635);
INSERT INTO player_score VALUES('5c48be92e',65,'1b9bc1b66','51a56e9c8',1728,933,1653840434,1653840434);
INSERT INTO player_score VALUES('5b01124cf',65,'1b9bc1b66','571babd2d',42120,914,1653806075,1653806075);
INSERT INTO player_score VALUES('636d9d834',65,'1b9bc1b66','5893135a6',66640,1142,1654032205,1654032205);
INSERT INTO player_score VALUES('5ea605c3c',65,'1b9bc1b66','5cb17a1a7',3078,1055,1653903902,1653903902);
INSERT INTO player_score VALUES('63b4596bd',65,'1b9bc1b66','60e11eed1',104780,1268,1654039622,1654039622);
INSERT INTO player_score VALUES('63bbce95e',65,'1b9bc1b66','627a098a1',174000,1124,1654040404,1654040404);
INSERT INTO player_score VALUES('627be32c9',65,'1d8f23847','1be97167b',1215,1038,1654006858,1654006858);
INSERT INTO player_score VALUES('62e2e25cd',65,'1d8f23847','20d2ce2a7',31248,1088,1654017658,1654017658);
INSERT INTO player_score VALUES('4a261fd96',65,'1d8f23847','23d397453',31218,838,1653353620,1653353620);
INSERT INTO player_score VALUES('357c83393',65,'1d8f23847','23e852dd3',526194,324,1652798964,1652798964);
INSERT INTO player_score VALUES('60936307e',65,'1d8f23847','2526909ac',112574,1139,1653955635,1653955635);
INSERT INTO player_score VALUES('45a87d32c',65,'1d8f23847','281e800ec',284700,722,1653233072,1653233072);
INSERT INTO player_score VALUES('3878f306e',65,'1d8f23847','36450356f',45198,443,1652879121,1652879121);
INSERT INTO player_score VALUES('633e1cd85',65,'1d8f23847','405df4f54',0,1118,1654027224,1654027224);
INSERT INTO player_score VALUES('4b228afdc',65,'1d8f23847','445c41edb',244224,818,1653380088,1653380088);
INSERT INTO player_score VALUES('6296ca603',65,'1d8f23847','458db0d74',195300,970,1654009679,1654009679);
INSERT INTO player_score VALUES('6299da149',65,'1d8f23847','46b6d6310',345876,1076,1654010000,1654010000);
INSERT INTO player_score VALUES('63a07bf8a',65,'1d8f23847','4e1a3fd6a',675924,1150,1654037539,1654037539);
INSERT INTO player_score VALUES('5bed5d071',65,'1d8f23847','51a56e9c8',7524,903,1653830852,1653830852);
INSERT INTO player_score VALUES('6386755b6',65,'1d8f23847','5893135a6',330,1150,1654034810,1654034810);
INSERT INTO player_score VALUES('5eb2ea8bb',65,'1d8f23847','5cb17a1a7',21021,1082,1653905254,1653905254);
INSERT INTO player_score VALUES('639854910',65,'1d8f23847','60e11eed1',139932,1216,1654036684,1654036684);
INSERT INTO player_score VALUES('63c34b175',65,'1d8f23847','627a098a1',176904,1145,1654041189,1654041189);
INSERT INTO player_score VALUES('61a30f5ee',65,'1dfa6d569','1be97167b',227664,1028,1653984122,1653984122);
INSERT INTO player_score VALUES('5bc270413',65,'1dfa6d569','20d2ce2a7',234360,960,1653826351,1653826351);
INSERT INTO player_score VALUES('4d282b315',65,'1dfa6d569','23d397453',254826,901,1653434365,1653434365);
INSERT INTO player_score VALUES('39ef9e8c9',65,'1dfa6d569','23e852dd3',51700,408,1652918408,1652918408);
INSERT INTO player_score VALUES('5f5250330',65,'1dfa6d569','2526909ac',3160,1123,1653921968,1653921968);
INSERT INTO player_score VALUES('4bc01490d',65,'1dfa6d569','281e800ec',1120,862,1653396607,1653396607);
INSERT INTO player_score VALUES('3867cd5b2',65,'1dfa6d569','36450356f',206400,431,1652877323,1652877323);
INSERT INTO player_score VALUES('61e1227b7',65,'1dfa6d569','405df4f54',64467,1078,1653990631,1653990631);
INSERT INTO player_score VALUES('4b0b597c1',65,'1dfa6d569','445c41edb',56637,807,1653377656,1653377656);
INSERT INTO player_score VALUES('618dc8988',65,'1dfa6d569','458db0d74',79560,936,1653981891,1653981891);
INSERT INTO player_score VALUES('6385a847a',65,'1dfa6d569','46b6d6310',20646,1119,1654034726,1654034726);
INSERT INTO player_score VALUES('6202661a0',65,'1dfa6d569','4e1a3fd6a',67680,1069,1653994119,1653994119);
INSERT INTO player_score VALUES('5d491a089',65,'1dfa6d569','51a56e9c8',41292,1006,1653867315,1653867315);
INSERT INTO player_score VALUES('635649cff',65,'1dfa6d569','5893135a6',218064,1128,1654029759,1654029759);
INSERT INTO player_score VALUES('5e8cc004e',65,'1dfa6d569','5cb17a1a7',288,993,1653901252,1653901252);
INSERT INTO player_score VALUES('63752d8a3',65,'1dfa6d569','60e11eed1',3478,1154,1654032998,1654032998);
INSERT INTO player_score VALUES('63beb9a9d',65,'1dfa6d569','627a098a1',0,1131,1654040710,1654040710);
INSERT INTO player_score VALUES('63b1118fe',65,'1ed0bf0ff','1be97167b',82688,1060,1654039278,1654039278);
INSERT INTO player_score VALUES('5baea1777',65,'1ed0bf0ff','20d2ce2a7',57072,959,1653824274,1653824274);
INSERT INTO player_score VALUES('4af370dfb',65,'1ed0bf0ff','23d397453',73455,857,1653375149,1653375149);
INSERT INTO player_score VALUES('49b19849b',65,'1ed0bf0ff','281e800ec',1305,808,1653341401,1653341401);
INSERT INTO player_score VALUES('38373db82',65,'1ed0bf0ff','36450356f',164502,396,1652872231,1652872231);
INSERT INTO player_score VALUES('4a8cdf8b6',65,'1ed0bf0ff','445c41edb',200531,750,1653364394,1653364394);
INSERT INTO player_score VALUES('602e4e8d9',65,'1ed0bf0ff','46b6d6310',67868,997,1653945036,1653945036);
INSERT INTO player_score VALUES('6377fdbf2',65,'1ed0bf0ff','4e1a3fd6a',281775,1143,1654033293,1654033293);
INSERT INTO player_score VALUES('5ad7a746c',65,'1ed0bf0ff','571babd2d',104940,875,1653801732,1653801732);
INSERT INTO player_score VALUES('63b1f97ec',65,'1ed0bf0ff','5893135a6',9744,1165,1654039373,1654039373);
INSERT INTO player_score VALUES('5eabc85b5',65,'1ed0bf0ff','5cb17a1a7',93380,1067,1653904506,1653904506);
INSERT INTO player_score VALUES('633508a58',65,'1ed0bf0ff','60e11eed1',15840,1056,1654026272,1654026272);
INSERT INTO player_score VALUES('639a68c8c',65,'1ed0bf0ff','627a098a1',347130,1010,1654036902,1654036902);
INSERT INTO player_score VALUES('63a4df04b',65,'2180d7630','1be97167b',32120,1058,1654037999,1654037999);
INSERT INTO player_score VALUES('5e1d3f1bb',65,'2180d7630','20d2ce2a7',22491,999,1653889560,1653889560);
INSERT INTO player_score VALUES('45f9f6251',65,'2180d7630','23d397453',12540,753,1653241615,1653241615);
INSERT INTO player_score VALUES('35af7a163',65,'2180d7630','23e852dd3',4420,328,1652804308,1652804308);
INSERT INTO player_score VALUES('60bf85dc1',65,'2180d7630','2526909ac',21736,1142,1653960263,1653960263);
INSERT INTO player_score VALUES('4cfd7de34',65,'2180d7630','281e800ec',150332,896,1653429890,1653429890);
INSERT INTO player_score VALUES('386942e76',65,'2180d7630','36450356f',173712,432,1652877476,1652877476);
INSERT INTO player_score VALUES('61a8de2db',65,'2180d7630','405df4f54',18411,1074,1653984731,1653984731);
INSERT INTO player_score VALUES('4b0b65b1a',65,'2180d7630','445c41edb',155142,808,1653377661,1653377661);
INSERT INTO player_score VALUES('62e527698',65,'2180d7630','458db0d74',228920,983,1654017896,1654017896);
INSERT INTO player_score VALUES('631a969cf',65,'2180d7630','46b6d6310',33440,1096,1654023499,1654023499);
INSERT INTO player_score VALUES('5f5a3d024',65,'2180d7630','4e1a3fd6a',19250,929,1653922799,1653922799);
INSERT INTO player_score VALUES('5d642ab95',65,'2180d7630','51a56e9c8',358892,1016,1653870153,1653870153);
INSERT INTO player_score VALUES('5b053ac0a',65,'2180d7630','571babd2d',45315,919,1653806511,1653806511);
INSERT INTO player_score VALUES('623bf66fb',65,'2180d7630','5893135a6',225792,1000,1654000155,1654000155);
INSERT INTO player_score VALUES('5e80b6fa7',65,'2180d7630','5cb17a1a7',139728,966,1653899990,1653899990);
INSERT INTO player_score VALUES('63aa55f04',65,'2180d7630','60e11eed1',33396,1254,1654038572,1654038572);
INSERT INTO player_score VALUES('63b98bfdd',65,'2180d7630','627a098a1',41877,1108,1654040167,1654040167);
INSERT INTO player_score VALUES('5f462eb93',65,'22c61c6f1','1be97167b',66960,989,1653920696,1653920696);
INSERT INTO player_score VALUES('473976212',65,'22c61c6f1','23d397453',36000,781,1653275117,1653275117);
INSERT INTO player_score VALUES('3832b3a00',65,'22c61c6f1','23e852dd3',21320,375,1652871755,1652871755);
INSERT INTO player_score VALUES('5f90dd63a',65,'22c61c6f1','2526909ac',5985,1129,1653928527,1653928527);
INSERT INTO player_score VALUES('4bb41f0ab',65,'22c61c6f1','281e800ec',834200,860,1653395353,1653395353);
INSERT INTO player_score VALUES('387aaa760',65,'22c61c6f1','36450356f',15120,446,1652879301,1652879301);
INSERT INTO player_score VALUES('591b49f38',65,'22c61c6f1','405df4f54',39237,808,1653755137,1653755137);
INSERT INTO player_score VALUES('4a0c8e6f5',65,'22c61c6f1','445c41edb',68328,690,1653350939,1653350939);
INSERT INTO player_score VALUES('62c00be9b',65,'22c61c6f1','46b6d6310',47652,1083,1654014005,1654014005);
INSERT INTO player_score VALUES('63c0b7eaa',65,'22c61c6f1','4e1a3fd6a',31850,1157,1654040919,1654040919);
INSERT INTO player_score VALUES('5d1e12691',65,'22c61c6f1','51a56e9c8',68640,995,1653862803,1653862803);
INSERT INTO player_score VALUES('5aaf995f9',65,'22c61c6f1','571babd2d',29512,842,1653797532,1653797532);
INSERT INTO player_score VALUES('63558dd4a',65,'22c61c6f1','5893135a6',294840,1127,1654029682,1654029682);
INSERT INTO player_score VALUES('5eaafdb77',65,'22c61c6f1','5cb17a1a7',25272,1065,1653904423,1653904423);
INSERT INTO player_score VALUES('6397c486c',65,'22c61c6f1','60e11eed1',2820,1211,1654036625,1654036625);
INSERT INTO player_score VALUES('63af4b76a',65,'22c61c6f1','627a098a1',181584,1074,1654039092,1654039092);
INSERT INTO player_score VALUES('621b36a30',65,'235254710','20d2ce2a7',32480,1068,1653996721,1653996721);
INSERT INTO player_score VALUES('44439120c',65,'235254710','23d397453',100130,709,1653195646,1653195646);
INSERT INTO player_score VALUES('396b24f52',65,'235254710','23e852dd3',2928,400,1652904517,1652904517);
INSERT INTO player_score VALUES('5fd5766df',65,'235254710','2526909ac',89964,1132,1653935720,1653935720);
INSERT INTO player_score VALUES('4bc21c99a',65,'235254710','281e800ec',177408,863,1653396820,1653396820);
INSERT INTO player_score VALUES('3877789bd',65,'235254710','36450356f',67392,441,1652878966,1652878966);
INSERT INTO player_score VALUES('628aba007',65,'235254710','458db0d74',20640,967,1654008414,1654008414);
INSERT INTO player_score VALUES('635ab4335',65,'235254710','46b6d6310',179550,1111,1654030222,1654030222);
INSERT INTO player_score VALUES('62270788f',65,'235254710','4e1a3fd6a',2016,1074,1653997960,1653997960);
INSERT INTO player_score VALUES('5d7feb37b',65,'235254710','51a56e9c8',227200,1030,1653873063,1653873063);
INSERT INTO player_score VALUES('5b045a25d',65,'235254710','571babd2d',701778,917,1653806419,1653806419);
INSERT INTO player_score VALUES('6320397f0',65,'235254710','5893135a6',132860,1103,1654024090,1654024090);
INSERT INTO player_score VALUES('5e71639ff',65,'235254710','5cb17a1a7',301490,926,1653898383,1653898383);
INSERT INTO player_score VALUES('63bfd26d3',65,'235254710','60e11eed1',381128,1280,1654040825,1654040825);
INSERT INTO player_score VALUES('63c3acc36',65,'235254710','627a098a1',316940,1147,1654041229,1654041229);
INSERT INTO player_score VALUES('60ff92559',65,'24c8e78fc','1be97167b',108680,1010,1653966979,1653966979);
INSERT INTO player_score VALUES('5e2be9fc4',65,'24c8e78fc','20d2ce2a7',36108,1000,1653891098,1653891098);
INSERT INTO player_score VALUES('4d075f2f5',65,'24c8e78fc','23d397453',93808,899,1653430926,1653430926);
INSERT INTO player_score VALUES('60b102097',65,'24c8e78fc','2526909ac',51678,1141,1653958741,1653958741);
INSERT INTO player_score VALUES('4b1700e2f',65,'24c8e78fc','281e800ec',38880,843,1653378878,1653378878);
INSERT INTO player_score VALUES('3875c609d',65,'24c8e78fc','36450356f',228690,440,1652878788,1652878788);
INSERT INTO player_score VALUES('60759cf3a',65,'24c8e78fc','405df4f54',3040,1037,1653952513,1653952513);
INSERT INTO player_score VALUES('62c4541b0',65,'24c8e78fc','46b6d6310',13776,1085,1654014454,1654014454);
INSERT INTO player_score VALUES('63b029a0e',65,'24c8e78fc','4e1a3fd6a',0,1153,1654039183,1654039183);
INSERT INTO player_score VALUES('5b22bee88',65,'24c8e78fc','571babd2d',247312,944,1653809606,1653809606);
INSERT INTO player_score VALUES('63909143d',65,'24c8e78fc','5893135a6',52896,1153,1654035870,1654035870);
INSERT INTO player_score VALUES('5eb49f8b1',65,'24c8e78fc','5cb17a1a7',106080,1085,1653905433,1653905433);
INSERT INTO player_score VALUES('63a02dd4d',65,'24c8e78fc','60e11eed1',342240,1233,1654037507,1654037507);
INSERT INTO player_score VALUES('63b772e09',65,'24c8e78fc','627a098a1',36400,1102,1654039947,1654039947);
INSERT INTO player_score VALUES('5d69cd9c6',65,'24f787942','1be97167b',4200,957,1653870744,1653870744);
INSERT INTO player_score VALUES('6247cea99',65,'24f787942','20d2ce2a7',10528,1075,1654001397,1654001397);
INSERT INTO player_score VALUES('4c3db537f',65,'24f787942','23d397453',172000,885,1653409780,1653409780);
INSERT INTO player_score VALUES('36c11d5b4',65,'24f787942','23e852dd3',60146,354,1652833001,1652833001);
INSERT INTO player_score VALUES('60faf240b',65,'24f787942','2526909ac',6660,1146,1653966494,1653966494);
INSERT INTO player_score VALUES('474803b47',65,'24f787942','281e800ec',32450,757,1653276643,1653276643);
INSERT INTO player_score VALUES('384b3d599',65,'24f787942','36450356f',378000,413,1652874328,1652874328);
INSERT INTO player_score VALUES('6281a8394',65,'24f787942','405df4f54',0,1090,1654007463,1654007463);
INSERT INTO player_score VALUES('4b3d65fb6',65,'24f787942','445c41edb',63000,825,1653382904,1653382904);
INSERT INTO player_score VALUES('631db0153',65,'24f787942','458db0d74',150336,994,1654023824,1654023824);
INSERT INTO player_score VALUES('631221190',65,'24f787942','46b6d6310',23324,1095,1654022612,1654022612);
INSERT INTO player_score VALUES('62fed6228',65,'24f787942','4e1a3fd6a',1008,1124,1654020589,1654020589);
INSERT INTO player_score VALUES('5d7940b0e',65,'24f787942','51a56e9c8',32640,1027,1653872364,1653872364);
INSERT INTO player_score VALUES('5afb8a4b0',65,'24f787942','571babd2d',474672,903,1653805495,1653805495);
INSERT INTO player_score VALUES('6393c3235',65,'24f787942','5893135a6',186354,1155,1654036205,1654036205);
INSERT INTO player_score VALUES('5e9557ba2',65,'24f787942','5cb17a1a7',40404,1019,1653902153,1653902153);
INSERT INTO player_score VALUES('63b69241b',65,'24f787942','60e11eed1',21600,1270,1654039855,1654039855);
INSERT INTO player_score VALUES('63a3a8f3c',65,'24f787942','627a098a1',12980,1032,1654037872,1654037872);
INSERT INTO player_score VALUES('601ac6910',65,'2626c76d5','1be97167b',27807,998,1653942988,1653942988);
INSERT INTO player_score VALUES('60aa3ca44',65,'2626c76d5','20d2ce2a7',111072,1052,1653958031,1653958031);
INSERT INTO player_score VALUES('4dad5218a',65,'2626c76d5','23d397453',50127,906,1653448327,1653448327);
INSERT INTO player_score VALUES('398e11635',65,'2626c76d5','23e852dd3',196350,403,1652908179,1652908179);
INSERT INTO player_score VALUES('5e04d9fcc',65,'2626c76d5','2526909ac',405552,1105,1653887002,1653887002);
INSERT INTO player_score VALUES('4d696dbc1',65,'2626c76d5','281e800ec',134862,906,1653441208,1653441208);
INSERT INTO player_score VALUES('38791ef75',65,'2626c76d5','36450356f',80668,444,1652879139,1652879139);
INSERT INTO player_score VALUES('6363ed097',65,'2626c76d5','405df4f54',840,1125,1654031189,1654031189);
INSERT INTO player_score VALUES('4b12e22ed',65,'2626c76d5','445c41edb',4128,815,1653378446,1653378446);
INSERT INTO player_score VALUES('636b44ea0',65,'2626c76d5','458db0d74',343200,1006,1654031959,1654031959);
INSERT INTO player_score VALUES('6357f02e6',65,'2626c76d5','46b6d6310',15264,1110,1654029932,1654029932);
INSERT INTO player_score VALUES('63a9e32ff',65,'2626c76d5','4e1a3fd6a',157530,1152,1654038525,1654038525);
INSERT INTO player_score VALUES('5b5aeacb1',65,'2626c76d5','571babd2d',4608,989,1653815496,1653815496);
INSERT INTO player_score VALUES('628b9349e',65,'2626c76d5','5893135a6',546,1032,1654008503,1654008503);
INSERT INTO player_score VALUES('5e84d0c78',65,'2626c76d5','5cb17a1a7',168192,979,1653900420,1653900420);
INSERT INTO player_score VALUES('63be902ad',65,'2626c76d5','60e11eed1',34632,1278,1654040693,1654040693);
INSERT INTO player_score VALUES('63c328ec3',65,'2626c76d5','627a098a1',133584,1144,1654041175,1654041175);
INSERT INTO player_score VALUES('61c59f02b',65,'2938c9b25','1be97167b',15276,1030,1653987746,1653987746);
INSERT INTO player_score VALUES('632c958ab',65,'2938c9b25','20d2ce2a7',180576,1096,1654025386,1654025386);
INSERT INTO player_score VALUES('4a2a74401',65,'2938c9b25','23d397453',34800,839,1653354074,1653354074);
INSERT INTO player_score VALUES('3a1a643e4',65,'2938c9b25','23e852dd3',218688,413,1652922893,1652922893);
INSERT INTO player_score VALUES('603dd5294',65,'2938c9b25','2526909ac',215215,1136,1653946664,1653946664);
INSERT INTO player_score VALUES('387a85d6e',65,'2938c9b25','36450356f',114000,445,1652879286,1652879286);
INSERT INTO player_score VALUES('62d8514c1',65,'2938c9b25','405df4f54',8064,1103,1654016550,1654016550);
INSERT INTO player_score VALUES('4a6769b6d',65,'2938c9b25','445c41edb',37536,731,1653360466,1653360466);
INSERT INTO player_score VALUES('5bcae0e47',65,'2938c9b25','458db0d74',282510,742,1653827236,1653827236);
INSERT INTO player_score VALUES('6279cef3f',65,'2938c9b25','46b6d6310',1178,1072,1654006640,1654006640);
INSERT INTO player_score VALUES('62c8fb811',65,'2938c9b25','4e1a3fd6a',9504,1112,1654014942,1654014942);
INSERT INTO player_score VALUES('5cbe5a011',65,'2938c9b25','51a56e9c8',21978,966,1653852766,1653852766);
INSERT INTO player_score VALUES('5aa2b97bc',65,'2938c9b25','571babd2d',278640,828,1653796182,1653796182);
INSERT INTO player_score VALUES('638f64f41',65,'2938c9b25','5893135a6',58608,1152,1654035747,1654035747);
INSERT INTO player_score VALUES('5eb115cb7',65,'2938c9b25','5cb17a1a7',11020,1075,1653905062,1653905062);
INSERT INTO player_score VALUES('63c5a3b1a',65,'2938c9b25','60e11eed1',21120,1288,1654041435,1654041435);
INSERT INTO player_score VALUES('63bb4ac1f',65,'2938c9b25','627a098a1',16200,1120,1654040350,1654040350);
INSERT INTO player_score VALUES('570511b28',65,'2b0691017','1be97167b',15080,853,1653699120,1653699120);
INSERT INTO player_score VALUES('62375b3b9',65,'2b0691017','20d2ce2a7',77550,1071,1653999672,1653999672);
INSERT INTO player_score VALUES('4b3db1a7e',65,'2b0691017','23d397453',15080,870,1653382935,1653382935);
INSERT INTO player_score VALUES('38f1a5753',65,'2b0691017','23e852dd3',122304,391,1652891777,1652891777);
INSERT INTO player_score VALUES('5a173d753',65,'2b0691017','2526909ac',42194,1032,1653781556,1653781556);
INSERT INTO player_score VALUES('4669af335',65,'2b0691017','281e800ec',69000,741,1653253330,1653253330);
INSERT INTO player_score VALUES('38440a170',65,'2b0691017','36450356f',25280,406,1652873573,1652873573);
INSERT INTO player_score VALUES('630f7cd3f',65,'2b0691017','405df4f54',132912,1113,1654022335,1654022335);
INSERT INTO player_score VALUES('4b37cce1c',65,'2b0691017','445c41edb',696600,823,1653382317,1653382317);
INSERT INTO player_score VALUES('62b9f64d1',65,'2b0691017','458db0d74',17250,978,1654013367,1654013367);
INSERT INTO player_score VALUES('636e7e1b1',65,'2b0691017','46b6d6310',25896,1117,1654032297,1654032297);
INSERT INTO player_score VALUES('63b1d0004',65,'2b0691017','4e1a3fd6a',11439,1154,1654039356,1654039356);
INSERT INTO player_score VALUES('5d61e33cd',65,'2b0691017','51a56e9c8',25800,1014,1653869914,1653869914);
INSERT INTO player_score VALUES('5b2d044cf',65,'2b0691017','571babd2d',125244,956,1653810683,1653810683);
INSERT INTO player_score VALUES('639d7aead',65,'2b0691017','5893135a6',77408,1159,1654037224,1654037224);
INSERT INTO player_score VALUES('5e75b594e',65,'2b0691017','5cb17a1a7',13392,938,1653898836,1653898836);
INSERT INTO player_score VALUES('63a48c022',65,'2b0691017','60e11eed1',758030,1243,1654037965,1654037965);
INSERT INTO player_score VALUES('616ed63b2',65,'2d379f61d','1be97167b',11718,1022,1653978646,1653978646);
INSERT INTO player_score VALUES('629f006de',65,'2d379f61d','20d2ce2a7',12121,1083,1654010540,1654010540);
INSERT INTO player_score VALUES('4abd45af2',65,'2d379f61d','23d397453',70218,851,1653369469,1653369469);
INSERT INTO player_score VALUES('3a3ec3c39',65,'2d379f61d','23e852dd3',226044,414,1652926707,1652926707);
INSERT INTO player_score VALUES('5c8b1ec4c',65,'2d379f61d','2526909ac',1300,1080,1653847394,1653847394);
INSERT INTO player_score VALUES('4a4d176ec',65,'2d379f61d','281e800ec',325128,818,1653357706,1653357706);
INSERT INTO player_score VALUES('638695182',65,'2d379f61d','405df4f54',12320,1127,1654034823,1654034823);
INSERT INTO player_score VALUES('4b46d48af',65,'2d379f61d','445c41edb',96492,830,1653383893,1653383893);
INSERT INTO player_score VALUES('623c707f2',65,'2d379f61d','458db0d74',51975,961,1654000205,1654000205);
INSERT INTO player_score VALUES('62f899734',65,'2d379f61d','46b6d6310',94600,1093,1654019935,1654019935);
INSERT INTO player_score VALUES('62d602785',65,'2d379f61d','4e1a3fd6a',690,1115,1654016308,1654016308);
INSERT INTO player_score VALUES('5cfe09b61',65,'2d379f61d','51a56e9c8',264176,986,1653859444,1653859444);
INSERT INTO player_score VALUES('5b4502e02',65,'2d379f61d','571babd2d',300288,969,1653813199,1653813199);
INSERT INTO player_score VALUES('63258e3a8',65,'2d379f61d','5893135a6',2491,1105,1654024649,1654024649);
INSERT INTO player_score VALUES('5e8094caa',65,'2d379f61d','5cb17a1a7',149814,965,1653899976,1653899976);
INSERT INTO player_score VALUES('639d39025',65,'2d379f61d','60e11eed1',446880,1226,1654037197,1654037197);
INSERT INTO player_score VALUES('639dba63a',65,'2d379f61d','627a098a1',19712,1023,1654037250,1654037250);
INSERT INTO player_score VALUES('608ec7d25',65,'2d6e20030','1be97167b',84050,1003,1653955152,1653955152);
INSERT INTO player_score VALUES('6304b6087',65,'2d6e20030','20d2ce2a7',209592,1092,1654021205,1654021205);
INSERT INTO player_score VALUES('48d675ad0',65,'2d6e20030','23d397453',84240,816,1653318423,1653318423);
INSERT INTO player_score VALUES('395fdf37b',65,'2d6e20030','23e852dd3',124320,398,1652903335,1652903335);
INSERT INTO player_score VALUES('5f411be53',65,'2d6e20030','2526909ac',55458,1120,1653920164,1653920164);
INSERT INTO player_score VALUES('4bef3ae1e',65,'2d6e20030','281e800ec',153450,867,1653401551,1653401551);
INSERT INTO player_score VALUES('3836d24dd',65,'2d6e20030','36450356f',1260,395,1652872187,1652872187);
INSERT INTO player_score VALUES('5eb0acd02',65,'2d6e20030','405df4f54',375700,974,1653905019,1653905019);
INSERT INTO player_score VALUES('4b155814c',65,'2d6e20030','445c41edb',11826,816,1653378704,1653378704);
INSERT INTO player_score VALUES('6061fa1b7',65,'2d6e20030','458db0d74',18656,884,1653950454,1653950454);
INSERT INTO player_score VALUES('5fc259d99',65,'2d6e20030','46b6d6310',102172,982,1653933716,1653933716);
INSERT INTO player_score VALUES('62c71d000',65,'2d6e20030','4e1a3fd6a',20145,1109,1654014746,1654014746);
INSERT INTO player_score VALUES('5d71453b9',65,'2d6e20030','51a56e9c8',42900,1023,1653871527,1653871527);
INSERT INTO player_score VALUES('5b5b38ec0',65,'2d6e20030','571babd2d',0,990,1653815528,1653815528);
INSERT INTO player_score VALUES('639e73f32',65,'2d6e20030','5893135a6',2886,1160,1654037326,1654037326);
INSERT INTO player_score VALUES('5e9f0aa2c',65,'2d6e20030','5cb17a1a7',22910,1042,1653903170,1653903170);
INSERT INTO player_score VALUES('63c00825e',65,'2d6e20030','60e11eed1',26460,1281,1654040847,1654040847);
INSERT INTO player_score VALUES('63c00f788',65,'2d6e20030','627a098a1',111469,1136,1654040850,1654040850);
INSERT INTO player_score VALUES('637a872a8',65,'2df7a7895','1be97167b',113529,1052,1654033559,1654033559);
INSERT INTO player_score VALUES('627cba083',65,'2df7a7895','20d2ce2a7',119282,1080,1654006946,1654006946);
INSERT INTO player_score VALUES('4af026955',65,'2df7a7895','23d397453',106920,856,1653374804,1653374804);
INSERT INTO player_score VALUES('3a5cfc97b',65,'2df7a7895','23e852dd3',95700,417,1652929876,1652929876);
INSERT INTO player_score VALUES('58b69c09e',65,'2df7a7895','2526909ac',243294,1004,1653744580,1653744580);
INSERT INTO player_score VALUES('4bfaa2cfa',65,'2df7a7895','281e800ec',17480,869,1653402747,1653402747);
INSERT INTO player_score VALUES('38300a74f',65,'2df7a7895','36450356f',9990,388,1652871476,1652871476);
INSERT INTO player_score VALUES('6380cd9ef',65,'2df7a7895','405df4f54',26144,1126,1654034217,1654034217);
INSERT INTO player_score VALUES('4b2e0400c',65,'2df7a7895','445c41edb',141120,821,1653381291,1653381291);
INSERT INTO player_score VALUES('63686d601',65,'2df7a7895','458db0d74',197470,1005,1654031661,1654031661);
INSERT INTO player_score VALUES('626f4c870',65,'2df7a7895','46b6d6310',42900,1067,1654005538,1654005538);
INSERT INTO player_score VALUES('63c0b0989',65,'2df7a7895','4e1a3fd6a',6497,1156,1654040916,1654040916);
INSERT INTO player_score VALUES('5c775c2fe',65,'2df7a7895','51a56e9c8',136500,951,1653845322,1653845322);
INSERT INTO player_score VALUES('5b4e6efb5',65,'2df7a7895','571babd2d',15795,978,1653814187,1653814187);
INSERT INTO player_score VALUES('634214794',65,'2df7a7895','5893135a6',3910,1118,1654027640,1654027640);
INSERT INTO player_score VALUES('5e91e8d58',65,'2df7a7895','5cb17a1a7',182400,1009,1653901793,1653901793);
INSERT INTO player_score VALUES('63c0d0561',65,'2df7a7895','60e11eed1',151200,1284,1654040929,1654040929);
INSERT INTO player_score VALUES('639f32635',65,'2df7a7895','627a098a1',267540,1026,1654037404,1654037404);
INSERT INTO player_score VALUES('61a19011e',65,'2dfa754f1','1be97167b',257664,1027,1653983965,1653983965);
INSERT INTO player_score VALUES('638ed9cbe',65,'2dfa754f1','20d2ce2a7',3927,1103,1654035690,1654035690);
INSERT INTO player_score VALUES('4d84b906f',65,'2dfa754f1','23d397453',20448,903,1653444070,1653444070);
INSERT INTO player_score VALUES('39f34326a',65,'2dfa754f1','23e852dd3',55480,409,1652918790,1652918790);
INSERT INTO player_score VALUES('4c49d43d3',65,'2dfa754f1','281e800ec',62118,872,1653411051,1653411051);
INSERT INTO player_score VALUES('3854da4b2',65,'2dfa754f1','36450356f',35640,418,1652875336,1652875336);
INSERT INTO player_score VALUES('60e86f7c2',65,'2dfa754f1','405df4f54',7752,1048,1653964553,1653964553);
INSERT INTO player_score VALUES('4b4131a63',65,'2dfa754f1','445c41edb',38250,827,1653383302,1653383302);
INSERT INTO player_score VALUES('62cb89cc2',65,'2dfa754f1','458db0d74',227556,981,1654015210,1654015210);
INSERT INTO player_score VALUES('63aedd9c5',65,'2dfa754f1','46b6d6310',133120,1124,1654039047,1654039047);
INSERT INTO player_score VALUES('639243d49',65,'2dfa754f1','4e1a3fd6a',154560,1147,1654036048,1654036048);
INSERT INTO player_score VALUES('5d6eaf9e3',65,'2dfa754f1','51a56e9c8',300468,1020,1653871256,1653871256);
INSERT INTO player_score VALUES('5b40b360e',65,'2dfa754f1','571babd2d',278964,966,1653812747,1653812747);
INSERT INTO player_score VALUES('63b2a4671',65,'2dfa754f1','5893135a6',308700,1167,1654039443,1654039443);
INSERT INTO player_score VALUES('5ea72f9a8',65,'2dfa754f1','5cb17a1a7',3198,1057,1653904024,1653904024);
INSERT INTO player_score VALUES('63bb01861',65,'2dfa754f1','60e11eed1',198025,1273,1654040320,1654040320);
INSERT INTO player_score VALUES('63adf5ad1',65,'2dfa754f1','627a098a1',9100,1070,1654038952,1654038952);
INSERT INTO player_score VALUES('6258f44ea',65,'2e4711218','1be97167b',1420,1037,1654003195,1654003195);
INSERT INTO player_score VALUES('631c88aa6',65,'2e4711218','20d2ce2a7',5720,1095,1654023703,1654023703);
INSERT INTO player_score VALUES('4db5acc39',65,'2e4711218','23d397453',105070,907,1653449203,1653449203);
INSERT INTO player_score VALUES('39d2c2d77',65,'2e4711218','23e852dd3',2580,406,1652915382,1652915382);
INSERT INTO player_score VALUES('5f7dd1e73',65,'2e4711218','2526909ac',749700,1126,1653926530,1653926530);
INSERT INTO player_score VALUES('47855fb5f',65,'2e4711218','281e800ec',8624,764,1653283077,1653283077);
INSERT INTO player_score VALUES('3847964b3',65,'2e4711218','36450356f',37674,409,1652873945,1652873945);
INSERT INTO player_score VALUES('62aa414de',65,'2e4711218','405df4f54',176640,1094,1654011720,1654011720);
INSERT INTO player_score VALUES('4aeb3ad52',65,'2e4711218','445c41edb',64800,784,1653374288,1653374288);
INSERT INTO player_score VALUES('61fa23dac',65,'2e4711218','458db0d74',44622,952,1653993253,1653993253);
INSERT INTO player_score VALUES('60593b558',65,'2e4711218','46b6d6310',134044,1002,1653949537,1653949537);
INSERT INTO player_score VALUES('5d6a89975',65,'2e4711218','51a56e9c8',170752,1018,1653870821,1653870821);
INSERT INTO player_score VALUES('5abdaa71b',65,'2e4711218','571babd2d',334800,854,1653799007,1653799007);
INSERT INTO player_score VALUES('6374d3335',65,'2e4711218','5893135a6',47250,1143,1654032961,1654032961);
INSERT INTO player_score VALUES('5eb26441a',65,'2e4711218','5cb17a1a7',239568,1079,1653905199,1653905199);
INSERT INTO player_score VALUES('63a96b8f5',65,'2e4711218','60e11eed1',52992,1252,1654038476,1654038476);
INSERT INTO player_score VALUES('63bb3e904',65,'2e4711218','627a098a1',258688,1119,1654040345,1654040345);
INSERT INTO player_score VALUES('6042aaf38',65,'2eb4f7e33','1be97167b',31680,1000,1653947171,1653947171);
INSERT INTO player_score VALUES('606e0cea3',65,'2eb4f7e33','20d2ce2a7',6399,1047,1653951720,1653951720);
INSERT INTO player_score VALUES('4d009c392',65,'2eb4f7e33','23d397453',198616,898,1653430217,1653430217);
INSERT INTO player_score VALUES('5fb74c427',65,'2eb4f7e33','2526909ac',90160,1130,1653932557,1653932557);
INSERT INTO player_score VALUES('4c5aedafb',65,'2eb4f7e33','281e800ec',102672,878,1653412844,1653412844);
INSERT INTO player_score VALUES('3811440a1',65,'2eb4f7e33','36450356f',0,366,1652868249,1652868249);
INSERT INTO player_score VALUES('633a97fa2',65,'2eb4f7e33','405df4f54',43700,1117,1654026855,1654026855);
INSERT INTO player_score VALUES('4b46f6b55',65,'2eb4f7e33','445c41edb',5607,831,1653383907,1653383907);
INSERT INTO player_score VALUES('63baf7c02',65,'2eb4f7e33','458db0d74',16524,1019,1654040316,1654040316);
INSERT INTO player_score VALUES('62590a460',65,'2eb4f7e33','46b6d6310',23868,1065,1654003204,1654003204);
INSERT INTO player_score VALUES('633db8c4d',65,'2eb4f7e33','4e1a3fd6a',48776,1132,1654027183,1654027183);
INSERT INTO player_score VALUES('5d6fc37ec',65,'2eb4f7e33','51a56e9c8',57798,1021,1653871369,1653871369);
INSERT INTO player_score VALUES('5b561291f',65,'2eb4f7e33','571babd2d',237800,983,1653814988,1653814988);
INSERT INTO player_score VALUES('62b05bca1',65,'2eb4f7e33','5893135a6',80640,1051,1654012360,1654012360);
INSERT INTO player_score VALUES('5e9e1b61a',65,'2eb4f7e33','5cb17a1a7',61146,1037,1653903072,1653903072);
INSERT INTO player_score VALUES('63c5cd328',65,'2eb4f7e33','60e11eed1',2706,1289,1654041452,1654041452);
INSERT INTO player_score VALUES('63c60a37d',65,'2eb4f7e33','627a098a1',79056,1151,1654041477,1654041477);
INSERT INTO player_score VALUES('5ab10a076',65,'2f05ab110','1be97167b',0,921,1653797683,1653797683);
INSERT INTO player_score VALUES('55efe23b6',65,'2f05ab110','20d2ce2a7',57970,865,1653670055,1653670055);
INSERT INTO player_score VALUES('4be09c378',65,'2f05ab110','23d397453',3000,876,1653400018,1653400018);
INSERT INTO player_score VALUES('3a18ec48c',65,'2f05ab110','23e852dd3',10716,412,1652922739,1652922739);
INSERT INTO player_score VALUES('5bbf4a9b2',65,'2f05ab110','2526909ac',157990,1066,1653826021,1653826021);
INSERT INTO player_score VALUES('4bf2fcce3',65,'2f05ab110','281e800ec',185640,868,1653401945,1653401945);
INSERT INTO player_score VALUES('384a1fb77',65,'2f05ab110','36450356f',55200,410,1652874211,1652874211);
INSERT INTO player_score VALUES('61d0328a1',65,'2f05ab110','405df4f54',90720,1076,1653988855,1653988855);
INSERT INTO player_score VALUES('4b0788e90',65,'2f05ab110','445c41edb',40256,802,1653377256,1653377256);
INSERT INTO player_score VALUES('61bb7e3f3',65,'2f05ab110','458db0d74',214200,944,1653986684,1653986684);
INSERT INTO player_score VALUES('63bbf81c0',65,'2f05ab110','46b6d6310',23463,1126,1654040421,1654040421);
INSERT INTO player_score VALUES('63b7d4897',65,'2f05ab110','4e1a3fd6a',4410,1155,1654039987,1654039987);
INSERT INTO player_score VALUES('5bd2bc9e8',65,'2f05ab110','51a56e9c8',431340,896,1653828060,1653828060);
INSERT INTO player_score VALUES('5b30f227c',65,'2f05ab110','571babd2d',132750,958,1653811095,1653811095);
INSERT INTO player_score VALUES('63938afa6',65,'2f05ab110','5893135a6',53998,1154,1654036182,1654036182);
INSERT INTO player_score VALUES('5ea9aa613',65,'2f05ab110','5cb17a1a7',152656,1060,1653904284,1653904284);
INSERT INTO player_score VALUES('639841058',65,'2f05ab110','60e11eed1',91584,1215,1654036676,1654036676);
INSERT INTO player_score VALUES('63a82e2f6',65,'2f05ab110','627a098a1',134912,1046,1654038346,1654038346);
INSERT INTO player_score VALUES('63c55f566',65,'2f11acd17','1be97167b',45580,1063,1654041407,1654041407);
INSERT INTO player_score VALUES('60103f3cf',65,'2f11acd17','20d2ce2a7',5460,1040,1653941884,1653941884);
INSERT INTO player_score VALUES('4d9798923',65,'2f11acd17','23d397453',178500,905,1653446049,1653446049);
INSERT INTO player_score VALUES('387c1d8eb',65,'2f11acd17','23e852dd3',462024,383,1652879453,1652879453);
INSERT INTO player_score VALUES('5c5fcb783',65,'2f11acd17','2526909ac',9720,1077,1653842851,1653842851);
INSERT INTO player_score VALUES('4b09b0ade',65,'2f11acd17','281e800ec',8160,841,1653377482,1653377482);
INSERT INTO player_score VALUES('386ba05c6',65,'2f11acd17','36450356f',101760,433,1652877724,1652877724);
INSERT INTO player_score VALUES('62e1127d0',65,'2f11acd17','405df4f54',11826,1105,1654017468,1654017468);
INSERT INTO player_score VALUES('4aeb88f08',65,'2f11acd17','445c41edb',752000,785,1653374320,1653374320);
INSERT INTO player_score VALUES('636fca23e',65,'2f11acd17','458db0d74',124488,1007,1654032433,1654032433);
INSERT INTO player_score VALUES('6378f4538',65,'2f11acd17','46b6d6310',23000,1118,1654033394,1654033394);
INSERT INTO player_score VALUES('638530aa7',65,'2f11acd17','4e1a3fd6a',161210,1145,1654034677,1654034677);
INSERT INTO player_score VALUES('5d7575006',65,'2f11acd17','51a56e9c8',253044,1025,1653871966,1653871966);
INSERT INTO player_score VALUES('5b2c1027f',65,'2f11acd17','571babd2d',170775,954,1653810583,1653810583);
INSERT INTO player_score VALUES('63c087173',65,'2f11acd17','5893135a6',331170,1174,1654040899,1654040899);
INSERT INTO player_score VALUES('5e9a6cfe8',65,'2f11acd17','5cb17a1a7',261900,1028,1653902686,1653902686);
INSERT INTO player_score VALUES('63c4cf47d',65,'2f11acd17','60e11eed1',199317,1287,1654041348,1654041348);
INSERT INTO player_score VALUES('63acbaba9',65,'2f11acd17','627a098a1',195078,1065,1654038823,1654038823);
INSERT INTO player_score VALUES('61258e785',65,'2f4d64e81','1be97167b',380742,1014,1653970962,1653970962);
INSERT INTO player_score VALUES('5bef5185c',65,'2f4d64e81','20d2ce2a7',70992,966,1653831057,1653831057);
INSERT INTO player_score VALUES('3a6de050b',65,'2f4d64e81','23e852dd3',12240,418,1652931647,1652931647);
INSERT INTO player_score VALUES('5de8f4e29',65,'2f4d64e81','2526909ac',19536,1103,1653884077,1653884077);
INSERT INTO player_score VALUES('4d4cd664b',65,'2f4d64e81','281e800ec',84952,904,1653438210,1653438210);
INSERT INTO player_score VALUES('384c3db2b',65,'2f4d64e81','36450356f',352176,414,1652874433,1652874433);
INSERT INTO player_score VALUES('4ad7cdae5',65,'2f4d64e81','445c41edb',22736,780,1653372251,1653372251);
INSERT INTO player_score VALUES('62a6f21ee',65,'2f4d64e81','458db0d74',1026,974,1654011373,1654011373);
INSERT INTO player_score VALUES('61e696f78',65,'2f4d64e81','46b6d6310',225621,1055,1653991203,1653991203);
INSERT INTO player_score VALUES('60bb5130d',65,'2f4d64e81','4e1a3fd6a',227304,1009,1653959822,1653959822);
INSERT INTO player_score VALUES('5cd0e8fdb',65,'2f4d64e81','51a56e9c8',42680,973,1653854712,1653854712);
INSERT INTO player_score VALUES('5b4b50a48',65,'2f4d64e81','571babd2d',307530,974,1653813860,1653813860);
INSERT INTO player_score VALUES('6378707de',65,'2f4d64e81','5893135a6',41205,1145,1654033340,1654033340);
INSERT INTO player_score VALUES('5e89f4b42',65,'2f4d64e81','5cb17a1a7',15504,985,1653900959,1653900959);
INSERT INTO player_score VALUES('63900d6e4',65,'2f4d64e81','60e11eed1',229824,1197,1654035816,1654035816);
INSERT INTO player_score VALUES('63baa24d8',65,'2f4d64e81','627a098a1',413850,1115,1654040281,1654040281);
INSERT INTO player_score VALUES('6243aff79',65,'316a1e31c','1be97167b',97500,1035,1654000965,1654000965);
INSERT INTO player_score VALUES('5ff971d78',65,'316a1e31c','20d2ce2a7',0,1036,1653939493,1653939493);
INSERT INTO player_score VALUES('4d4811b1b',65,'316a1e31c','23d397453',612750,902,1653437710,1653437710);
INSERT INTO player_score VALUES('4d39e5c10',65,'316a1e31c','281e800ec',125316,902,1653436224,1653436224);
INSERT INTO player_score VALUES('6260733eb',65,'316a1e31c','405df4f54',231012,1085,1654003981,1654003981);
INSERT INTO player_score VALUES('4b11ee0ee',65,'316a1e31c','445c41edb',426600,812,1653378346,1653378346);
INSERT INTO player_score VALUES('63131a201',65,'316a1e31c','458db0d74',307125,991,1654022714,1654022714);
INSERT INTO player_score VALUES('62b4adbeb',65,'316a1e31c','46b6d6310',35880,1082,1654012813,1654012813);
INSERT INTO player_score VALUES('5b3ce53f7',65,'316a1e31c','571babd2d',27048,964,1653812348,1653812348);
INSERT INTO player_score VALUES('6198d62c4',65,'316a1e31c','5893135a6',343980,925,1653983050,1653983050);
INSERT INTO player_score VALUES('63a9113ba',65,'316a1e31c','60e11eed1',6768,1250,1654038439,1654038439);
INSERT INTO player_score VALUES('5f65bd588',65,'38e0082cc','1be97167b',3285,990,1653924005,1653924005);
INSERT INTO player_score VALUES('6285b0f3e',65,'38e0082cc','20d2ce2a7',15930,1081,1654007886,1654007886);
INSERT INTO player_score VALUES('4d9551146',65,'38e0082cc','23d397453',234,904,1653445810,1653445810);
INSERT INTO player_score VALUES('3a5cb35c3',65,'38e0082cc','23e852dd3',58590,416,1652929846,1652929846);
INSERT INTO player_score VALUES('60d2c70d1',65,'38e0082cc','2526909ac',21840,1144,1653962282,1653962282);
INSERT INTO player_score VALUES('4ae6cb929',65,'38e0082cc','281e800ec',15600,835,1653373823,1653373823);
INSERT INTO player_score VALUES('63498256a',65,'38e0082cc','405df4f54',180072,1121,1654028419,1654028419);
INSERT INTO player_score VALUES('4b051a5c7',65,'38e0082cc','445c41edb',15120,801,1653377001,1653377001);
INSERT INTO player_score VALUES('63c561c60',65,'38e0082cc','458db0d74',34937,1020,1654041408,1654041408);
INSERT INTO player_score VALUES('63c256f79',65,'38e0082cc','46b6d6310',11935,1129,1654041089,1654041089);
INSERT INTO player_score VALUES('61ce9864f',65,'38e0082cc','4e1a3fd6a',156860,1060,1653988687,1653988687);
INSERT INTO player_score VALUES('5d0da1687',65,'38e0082cc','51a56e9c8',47925,989,1653861079,1653861079);
INSERT INTO player_score VALUES('5b53cd802',65,'38e0082cc','571babd2d',168630,982,1653814750,1653814750);
INSERT INTO player_score VALUES('5e726dbda',65,'38e0082cc','5cb17a1a7',132660,928,1653898492,1653898492);
INSERT INTO player_score VALUES('639f521cc',65,'38e0082cc','60e11eed1',577024,1230,1654037417,1654037417);
INSERT INTO player_score VALUES('63bcffc6f',65,'38e0082cc','627a098a1',152048,1127,1654040529,1654040529);
INSERT INTO player_score VALUES('5edfe915a',65,'395f037eb','1be97167b',10335,981,1653909972,1653909972);
INSERT INTO player_score VALUES('60f4d7c0c',65,'395f037eb','20d2ce2a7',230400,1055,1653965854,1653965854);
INSERT INTO player_score VALUES('4856b2227',65,'395f037eb','23d397453',49000,806,1653305026,1653305026);
INSERT INTO player_score VALUES('38c113602',65,'395f037eb','23e852dd3',164346,390,1652886684,1652886684);
INSERT INTO player_score VALUES('5b9b4f2b5',65,'395f037eb','2526909ac',145350,1062,1653822248,1653822248);
INSERT INTO player_score VALUES('4d37e030d',65,'395f037eb','281e800ec',109616,901,1653436012,1653436012);
INSERT INTO player_score VALUES('62f7bdb74',65,'395f037eb','405df4f54',45866,1111,1654019845,1654019845);
INSERT INTO player_score VALUES('4b414c869',65,'395f037eb','445c41edb',263304,828,1653383313,1653383313);
INSERT INTO player_score VALUES('63b25b2bf',65,'395f037eb','458db0d74',7098,1017,1654039413,1654039413);
INSERT INTO player_score VALUES('63c5929a2',65,'395f037eb','4e1a3fd6a',38250,1158,1654041428,1654041428);
INSERT INTO player_score VALUES('5cf4f57dd',65,'395f037eb','51a56e9c8',51168,985,1653858492,1653858492);
INSERT INTO player_score VALUES('5b5909d70',65,'395f037eb','571babd2d',10836,985,1653815299,1653815299);
INSERT INTO player_score VALUES('636034e56',65,'395f037eb','5893135a6',145266,1135,1654030799,1654030799);
INSERT INTO player_score VALUES('5eb16b3e3',65,'395f037eb','5cb17a1a7',21330,1076,1653905097,1653905097);
INSERT INTO player_score VALUES('63c34ffb3',65,'395f037eb','60e11eed1',2268,1285,1654041191,1654041191);
INSERT INTO player_score VALUES('63c38d07b',65,'395f037eb','627a098a1',20020,1146,1654041216,1654041216);
INSERT INTO player_score VALUES('63c3af31f',65,'3a8df7a9b','1be97167b',23868,1062,1654041230,1654041230);
INSERT INTO player_score VALUES('6130e0676',65,'3a8df7a9b','20d2ce2a7',98020,1057,1653972149,1653972149);
INSERT INTO player_score VALUES('48fe504b2',65,'3a8df7a9b','23d397453',394800,822,1653322602,1653322602);
INSERT INTO player_score VALUES('389dcf105',65,'3a8df7a9b','23e852dd3',52332,388,1652882986,1652882986);
INSERT INTO player_score VALUES('5cbe6b1a1',65,'3a8df7a9b','2526909ac',227106,1082,1653852773,1653852773);
INSERT INTO player_score VALUES('4c8565422',65,'3a8df7a9b','281e800ec',0,882,1653417297,1653417297);
INSERT INTO player_score VALUES('62aac2b29',65,'3a8df7a9b','405df4f54',347072,1095,1654011773,1654011773);
INSERT INTO player_score VALUES('4ab7bb3ab',65,'3a8df7a9b','445c41edb',50050,765,1653368888,1653368888);
INSERT INTO player_score VALUES('62a8912c2',65,'3a8df7a9b','458db0d74',154284,975,1654011543,1654011543);
INSERT INTO player_score VALUES('6141479f5',65,'3a8df7a9b','4e1a3fd6a',13340,1029,1653973869,1653973869);
INSERT INTO player_score VALUES('5cde1be1a',65,'3a8df7a9b','51a56e9c8',8262,978,1653856096,1653856096);
INSERT INTO player_score VALUES('5b4c6e4be',65,'3a8df7a9b','571babd2d',3150,976,1653813977,1653813977);
INSERT INTO player_score VALUES('62e468fa4',65,'3a8df7a9b','5893135a6',85200,1074,1654017818,1654017818);
INSERT INTO player_score VALUES('5ea6b0a6a',65,'3a8df7a9b','5cb17a1a7',370575,1056,1653903972,1653903972);
INSERT INTO player_score VALUES('6390cbdac',65,'3a8df7a9b','60e11eed1',375487,1198,1654035894,1654035894);
INSERT INTO player_score VALUES('63c455379',65,'3a8df7a9b','627a098a1',23120,1148,1654041298,1654041298);
INSERT INTO player_score VALUES('61fc6675c',65,'3bb4a98d2','1be97167b',81270,1032,1653993490,1653993490);
INSERT INTO player_score VALUES('4a09e546d',65,'3bb4a98d2','23d397453',158656,835,1653350660,1653350660);
INSERT INTO player_score VALUES('6054e20dd',65,'3bb4a98d2','2526909ac',12320,1137,1653949081,1653949081);
INSERT INTO player_score VALUES('4c4d7dbe4',65,'3bb4a98d2','281e800ec',11250,875,1653411435,1653411435);
INSERT INTO player_score VALUES('6345e7795',65,'3bb4a98d2','405df4f54',443718,1120,1654028041,1654028041);
INSERT INTO player_score VALUES('4b3e0c017',65,'3bb4a98d2','445c41edb',267300,826,1653382972,1653382972);
INSERT INTO player_score VALUES('62a993f69',65,'3bb4a98d2','458db0d74',44720,976,1654011649,1654011649);
INSERT INTO player_score VALUES('63bae91c9',65,'3bb4a98d2','46b6d6310',18480,1125,1654040310,1654040310);
INSERT INTO player_score VALUES('626e22ac3',65,'3bb4a98d2','4e1a3fd6a',13398,1085,1654005416,1654005416);
INSERT INTO player_score VALUES('5d3da3711',65,'3bb4a98d2','51a56e9c8',16380,1004,1653866113,1653866113);
INSERT INTO player_score VALUES('5b5b9a952',65,'3bb4a98d2','571babd2d',14100,992,1653815568,1653815568);
INSERT INTO player_score VALUES('63ba569bb',65,'3bb4a98d2','5893135a6',457056,1169,1654040250,1654040250);
INSERT INTO player_score VALUES('5e8cebfc7',65,'3bb4a98d2','5cb17a1a7',225600,996,1653901270,1653901270);
INSERT INTO player_score VALUES('634e1b168',65,'3bb4a98d2','60e11eed1',18095,1088,1654028901,1654028901);
INSERT INTO player_score VALUES('63b4bd84b',65,'3bb4a98d2','627a098a1',49536,1091,1654039663,1654039663);
INSERT INTO player_score VALUES('6359b1655',65,'3e0e843ee','1be97167b',29986,1049,1654030116,1654030116);
INSERT INTO player_score VALUES('4c483ef7c',65,'3e0e843ee','23d397453',24966,886,1653410885,1653410885);
INSERT INTO player_score VALUES('5d287c695',65,'3e0e843ee','2526909ac',495282,1089,1653863895,1653863895);
INSERT INTO player_score VALUES('4d2435fff',65,'3e0e843ee','281e800ec',85560,897,1653433950,1653433950);
INSERT INTO player_score VALUES('621041754',65,'3e0e843ee','405df4f54',305550,1080,1653995572,1653995572);
INSERT INTO player_score VALUES('4b0f44e6f',65,'3e0e843ee','445c41edb',9246,810,1653378067,1653378067);
INSERT INTO player_score VALUES('63b9cde3a',65,'3e0e843ee','458db0d74',159894,1018,1654040194,1654040194);
INSERT INTO player_score VALUES('5d45b4e16',65,'3e0e843ee','46b6d6310',143840,878,1653866959,1653866959);
INSERT INTO player_score VALUES('62511b08a',65,'3e0e843ee','4e1a3fd6a',0,1081,1654002372,1654002372);
INSERT INTO player_score VALUES('5b117bf53',65,'3e0e843ee','51a56e9c8',950,830,1653807796,1653807796);
INSERT INTO player_score VALUES('6253bf4ae',65,'3e0e843ee','5893135a6',66930,1009,1654002649,1654002649);
INSERT INTO player_score VALUES('5eae543a9',65,'3e0e843ee','5cb17a1a7',1705,1071,1653904773,1653904773);
INSERT INTO player_score VALUES('63c46b2e3',65,'3e0e843ee','627a098a1',207466,1149,1654041307,1654041307);
INSERT INTO player_score VALUES('5f72ae529',65,'3e2faa95b','1be97167b',309672,991,1653925362,1653925362);
INSERT INTO player_score VALUES('48fc8f169',65,'3e2faa95b','23d397453',195392,821,1653322418,1653322418);
INSERT INTO player_score VALUES('5f8544a1e',65,'3e2faa95b','2526909ac',15504,1127,1653927311,1653927311);
INSERT INTO player_score VALUES('4d70a1010',65,'3e2faa95b','281e800ec',104328,907,1653441963,1653441963);
INSERT INTO player_score VALUES('638903a95',65,'3e2faa95b','405df4f54',26136,1128,1654035078,1654035078);
INSERT INTO player_score VALUES('4aaa85e0d',65,'3e2faa95b','445c41edb',91656,759,1653367503,1653367503);
INSERT INTO player_score VALUES('636523171',65,'3e2faa95b','458db0d74',79200,1004,1654031316,1654031316);
INSERT INTO player_score VALUES('635b24809',65,'3e2faa95b','4e1a3fd6a',1400,1139,1654030268,1654030268);
INSERT INTO player_score VALUES('5d65151da',65,'3e2faa95b','51a56e9c8',11220,1017,1653870249,1653870249);
INSERT INTO player_score VALUES('5b1b22a84',65,'3e2faa95b','571babd2d',198360,938,1653808808,1653808808);
INSERT INTO player_score VALUES('6394dbe2e',65,'3e2faa95b','5893135a6',2904,1157,1654036320,1654036320);
INSERT INTO player_score VALUES('5e9c44320',65,'3e2faa95b','5cb17a1a7',54684,1033,1653902879,1653902879);
INSERT INTO player_score VALUES('6391b3c5d',65,'3e2faa95b','60e11eed1',192474,1203,1654035989,1654035989);
INSERT INTO player_score VALUES('63b6ddf4f',65,'3e2faa95b','627a098a1',8010,1099,1654039886,1654039886);
INSERT INTO player_score VALUES('619852577',65,'3f96ad532','1be97167b',45144,1026,1653982996,1653982996);
INSERT INTO player_score VALUES('6354ef226',65,'3f96ad532','20d2ce2a7',185814,1098,1654029617,1654029617);
INSERT INTO player_score VALUES('4cb1b8ed4',65,'3f96ad532','23d397453',326040,893,1653421945,1653421945);
INSERT INTO player_score VALUES('60e93a1ee',65,'3f96ad532','2526909ac',246512,1145,1653964636,1653964636);
INSERT INTO player_score VALUES('4cda2fd1a',65,'3f96ad532','281e800ec',162500,890,1653426188,1653426188);
INSERT INTO player_score VALUES('4b2979df5',65,'3f96ad532','445c41edb',2916,820,1653380815,1653380815);
INSERT INTO player_score VALUES('63a9fb9ee',65,'3f96ad532','458db0d74',73500,1015,1654038535,1654038535);
INSERT INTO player_score VALUES('636c7d67e',65,'3f96ad532','46b6d6310',3328,1115,1654032087,1654032087);
INSERT INTO player_score VALUES('63624b8f7',65,'3f96ad532','4e1a3fd6a',26350,1141,1654031018,1654031018);
INSERT INTO player_score VALUES('5cc713e47',65,'3f96ad532','51a56e9c8',116400,970,1653853681,1653853681);
INSERT INTO player_score VALUES('5b46e3d8a',65,'3f96ad532','571babd2d',26676,971,1653813396,1653813396);
INSERT INTO player_score VALUES('6367f5bd1',65,'3f96ad532','5893135a6',6696,1138,1654031612,1654031612);
INSERT INTO player_score VALUES('5e914c93a',65,'3f96ad532','5cb17a1a7',306516,1006,1653901729,1653901729);
INSERT INTO player_score VALUES('6396b3153',65,'3f96ad532','60e11eed1',625100,1208,1654036513,1654036513);
INSERT INTO player_score VALUES('63c6d74b4',65,'3f96ad532','627a098a1',63140,1152,1654041561,1654041561);
INSERT INTO player_score VALUES('5b218dba7',65,'4058a0362','1be97167b',206640,927,1653809481,1653809481);
INSERT INTO player_score VALUES('61cf9b2d6',65,'4058a0362','20d2ce2a7',578088,1063,1653988793,1653988793);
INSERT INTO player_score VALUES('4cf24e1ea',65,'4058a0362','23d397453',414592,897,1653428717,1653428717);
INSERT INTO player_score VALUES('5c68129a5',65,'4058a0362','2526909ac',433010,1079,1653843719,1653843719);
INSERT INTO player_score VALUES('4cf124435',65,'4058a0362','281e800ec',39865,893,1653428595,1653428595);
INSERT INTO player_score VALUES('62c9b77f1',65,'4058a0362','405df4f54',12350,1101,1654015019,1654015019);
INSERT INTO player_score VALUES('4a9ceede8',65,'4058a0362','445c41edb',201780,752,1653366078,1653366078);
INSERT INTO player_score VALUES('63a0d64b6',65,'4058a0362','458db0d74',207522,1012,1654037576,1654037576);
INSERT INTO player_score VALUES('6333c1800',65,'4058a0362','46b6d6310',24150,1103,1654026138,1654026138);
INSERT INTO player_score VALUES('620deb524',65,'4058a0362','4e1a3fd6a',43617,1073,1653995327,1653995327);
INSERT INTO player_score VALUES('5c6163300',65,'4058a0362','51a56e9c8',44550,941,1653843018,1653843018);
INSERT INTO player_score VALUES('5b0c35db6',65,'4058a0362','571babd2d',391644,925,1653807243,1653807243);
INSERT INTO player_score VALUES('6251cd406',65,'4058a0362','5893135a6',520344,1007,1654002445,1654002445);
INSERT INTO player_score VALUES('5eb57db94',65,'4058a0362','5cb17a1a7',27540,1086,1653905524,1653905524);
INSERT INTO player_score VALUES('63b8cd8f1',65,'4058a0362','60e11eed1',1520,1271,1654040089,1654040089);
INSERT INTO player_score VALUES('63aaa412e',65,'4058a0362','627a098a1',1122,1055,1654038604,1654038604);
INSERT INTO player_score VALUES('60bf131b9',65,'4216cfd84','1be97167b',28896,1004,1653960216,1653960216);
INSERT INTO player_score VALUES('6205e139c',65,'4216cfd84','20d2ce2a7',23552,1066,1653994484,1653994484);
INSERT INTO player_score VALUES('4bb2d7e7e',65,'4216cfd84','23d397453',296856,874,1653395219,1653395219);
INSERT INTO player_score VALUES('5bde41d79',65,'4216cfd84','2526909ac',21280,1069,1653829268,1653829268);
INSERT INTO player_score VALUES('628d5e46c',65,'4216cfd84','405df4f54',58625,1091,1654008691,1654008691);
INSERT INTO player_score VALUES('4b0448663',65,'4216cfd84','445c41edb',104500,799,1653376915,1653376915);
INSERT INTO player_score VALUES('6352cc444',65,'4216cfd84','458db0d74',128250,1002,1654029393,1654029393);
INSERT INTO player_score VALUES('62f5bf77f',65,'4216cfd84','46b6d6310',522720,1092,1654019636,1654019636);
INSERT INTO player_score VALUES('5d3319b0d',65,'4216cfd84','51a56e9c8',89250,1000,1653865008,1653865008);
INSERT INTO player_score VALUES('5b1ce8c79',65,'4216cfd84','571babd2d',265440,940,1653808994,1653808994);
INSERT INTO player_score VALUES('62f79435b',65,'4216cfd84','5893135a6',160380,1082,1654019828,1654019828);
INSERT INTO player_score VALUES('5ea5c3d96',65,'4216cfd84','5cb17a1a7',33553,1053,1653903875,1653903875);
INSERT INTO player_score VALUES('63c5f1d0e',65,'4216cfd84','60e11eed1',116100,1290,1654041467,1654041467);
INSERT INTO player_score VALUES('63bfb2b12',65,'4216cfd84','627a098a1',169389,1134,1654040812,1654040812);
INSERT INTO player_score VALUES('5698a2e9e',65,'429e4f535','1be97167b',324615,846,1653687750,1653687750);
INSERT INTO player_score VALUES('5f496cccb',65,'429e4f535','20d2ce2a7',56721,1020,1653921036,1653921036);
INSERT INTO player_score VALUES('4b07114b8',65,'429e4f535','23d397453',169070,861,1653377207,1653377207);
INSERT INTO player_score VALUES('56cb35b16',65,'429e4f535','2526909ac',250344,969,1653693053,1653693053);
INSERT INTO player_score VALUES('4d323add8',65,'429e4f535','281e800ec',469800,898,1653435420,1653435420);
INSERT INTO player_score VALUES('6223ff2f7',65,'429e4f535','405df4f54',12816,1082,1653997642,1653997642);
INSERT INTO player_score VALUES('4afd08efd',65,'429e4f535','445c41edb',5200,794,1653376155,1653376155);
INSERT INTO player_score VALUES('61cbfb6f9',65,'429e4f535','458db0d74',53460,947,1653988413,1653988413);
INSERT INTO player_score VALUES('609ac4aea',65,'429e4f535','46b6d6310',42328,1016,1653956409,1653956409);
INSERT INTO player_score VALUES('639fa51ef',65,'429e4f535','4e1a3fd6a',319410,1149,1654037451,1654037451);
INSERT INTO player_score VALUES('5d77d2771',65,'429e4f535','51a56e9c8',229680,1026,1653872214,1653872214);
INSERT INTO player_score VALUES('5b26fae3b',65,'429e4f535','571babd2d',279744,947,1653810050,1653810050);
INSERT INTO player_score VALUES('637da311c',65,'429e4f535','5893135a6',13600,1146,1654033885,1654033885);
INSERT INTO player_score VALUES('5eaabbd1d',65,'429e4f535','5cb17a1a7',21879,1064,1653904396,1653904396);
INSERT INTO player_score VALUES('63b649039',65,'429e4f535','60e11eed1',77469,1269,1654039825,1654039825);
INSERT INTO player_score VALUES('63ba3e347',65,'429e4f535','627a098a1',44892,1112,1654040240,1654040240);
INSERT INTO player_score VALUES('5f69fe381',65,'42cba0e60','20d2ce2a7',333775,1024,1653924451,1653924451);
INSERT INTO player_score VALUES('4c9ed47f9',65,'42cba0e60','23d397453',204792,892,1653419964,1653419964);
INSERT INTO player_score VALUES('595807475',65,'42cba0e60','2526909ac',55000,1019,1653761506,1653761506);
INSERT INTO player_score VALUES('4c969c034',65,'42cba0e60','281e800ec',665000,887,1653419102,1653419102);
INSERT INTO player_score VALUES('6261e3e7c',65,'42cba0e60','405df4f54',637925,1086,1654004132,1654004132);
INSERT INTO player_score VALUES('4aaa18056',65,'42cba0e60','445c41edb',257868,758,1653367458,1653367458);
INSERT INTO player_score VALUES('62ca0f628',65,'42cba0e60','458db0d74',24816,979,1654015055,1654015055);
INSERT INTO player_score VALUES('61881e63d',65,'42cba0e60','46b6d6310',530400,1042,1653981297,1653981297);
INSERT INTO player_score VALUES('62bce63e4',65,'42cba0e60','4e1a3fd6a',630630,1105,1654013675,1654013675);
INSERT INTO player_score VALUES('5d6264a4c',65,'42cba0e60','51a56e9c8',9656,1015,1653869967,1653869967);
INSERT INTO player_score VALUES('5b5a6bd56',65,'42cba0e60','571babd2d',236716,987,1653815444,1653815444);
INSERT INTO player_score VALUES('63c29b51a',65,'42cba0e60','5893135a6',57600,1176,1654041117,1654041117);
INSERT INTO player_score VALUES('5e9396874',65,'42cba0e60','5cb17a1a7',400950,1013,1653901969,1653901969);
INSERT INTO player_score VALUES('63c6efb97',65,'42cba0e60','60e11eed1',149468,1292,1654041571,1654041571);
INSERT INTO player_score VALUES('63629e921',65,'447fd1ec3','1be97167b',63756,1050,1654031052,1654031052);
INSERT INTO player_score VALUES('487841739',65,'447fd1ec3','23d397453',5400,810,1653308545,1653308545);
INSERT INTO player_score VALUES('5f2b0a7ee',65,'447fd1ec3','2526909ac',14259,1118,1653917850,1653917850);
INSERT INTO player_score VALUES('49be475e5',65,'447fd1ec3','281e800ec',92856,810,1653342731,1653342731);
INSERT INTO player_score VALUES('632e62f89',65,'447fd1ec3','405df4f54',175812,1116,1654025575,1654025575);
INSERT INTO player_score VALUES('4b1742c98',65,'447fd1ec3','445c41edb',83160,817,1653378905,1653378905);
INSERT INTO player_score VALUES('63aadc397',65,'447fd1ec3','458db0d74',0,1016,1654038627,1654038627);
INSERT INTO player_score VALUES('633d104ba',65,'447fd1ec3','46b6d6310',326656,1105,1654027114,1654027114);
INSERT INTO player_score VALUES('6285ac0ff',65,'447fd1ec3','4e1a3fd6a',16320,1090,1654007884,1654007884);
INSERT INTO player_score VALUES('5d6a89976',65,'447fd1ec3','51a56e9c8',231840,1019,1653870821,1653870821);
INSERT INTO player_score VALUES('5b4c31408',65,'447fd1ec3','571babd2d',25200,975,1653813952,1653813952);
INSERT INTO player_score VALUES('63c1b3638',65,'447fd1ec3','5893135a6',286440,1175,1654041022,1654041022);
INSERT INTO player_score VALUES('5ea8b6393',65,'447fd1ec3','5cb17a1a7',384480,1059,1653904184,1653904184);
INSERT INTO player_score VALUES('639c05634',65,'447fd1ec3','60e11eed1',1098,1222,1654037071,1654037071);
INSERT INTO player_score VALUES('63b49dc58',65,'447fd1ec3','627a098a1',19840,1090,1654039650,1654039650);
INSERT INTO player_score VALUES('63c60a37c',65,'44fdde01b','20d2ce2a7',183582,1109,1654041477,1654041477);
INSERT INTO player_score VALUES('4dcfa72cd',65,'44fdde01b','23d397453',339450,910,1653451927,1653451927);
INSERT INTO player_score VALUES('4d35b5fed',65,'44fdde01b','281e800ec',42777,900,1653435785,1653435785);
INSERT INTO player_score VALUES('62e82395d',65,'44fdde01b','405df4f54',189720,1108,1654018209,1654018209);
INSERT INTO player_score VALUES('4ad74c47a',65,'44fdde01b','445c41edb',515200,779,1653372198,1653372198);
INSERT INTO player_score VALUES('631d92c59',65,'44fdde01b','458db0d74',72726,993,1654023812,1654023812);
INSERT INTO player_score VALUES('61cf19c6f',65,'44fdde01b','46b6d6310',242000,1052,1653988740,1653988740);
INSERT INTO player_score VALUES('635bca822',65,'44fdde01b','4e1a3fd6a',16416,1140,1654030336,1654030336);
INSERT INTO player_score VALUES('5afbd1193',65,'44fdde01b','571babd2d',68634,906,1653805524,1653805524);
INSERT INTO player_score VALUES('63b20d0a2',65,'44fdde01b','5893135a6',49818,1166,1654039381,1654039381);
INSERT INTO player_score VALUES('5eaa2bc35',65,'44fdde01b','5cb17a1a7',686952,1062,1653904337,1653904337);
INSERT INTO player_score VALUES('63b2b09a5',65,'44fdde01b','60e11eed1',74820,1266,1654039448,1654039448);
INSERT INTO player_score VALUES('63b0188fd',65,'44fdde01b','627a098a1',92664,1076,1654039176,1654039176);
INSERT INTO player_score VALUES('624503518',65,'484e1cdfd','20d2ce2a7',105570,1074,1654001104,1654001104);
INSERT INTO player_score VALUES('4c77c9632',65,'484e1cdfd','23d397453',48576,889,1653415870,1653415870);
INSERT INTO player_score VALUES('5fbb612ec',65,'484e1cdfd','2526909ac',144000,1131,1653932985,1653932985);
INSERT INTO player_score VALUES('4b8873d84',65,'484e1cdfd','281e800ec',44550,856,1653390774,1653390774);
INSERT INTO player_score VALUES('633ed3f4f',65,'484e1cdfd','405df4f54',205128,1119,1654027299,1654027299);
INSERT INTO player_score VALUES('4b440e126',65,'484e1cdfd','445c41edb',147022,829,1653383602,1653383602);
INSERT INTO player_score VALUES('6299b3024',65,'484e1cdfd','458db0d74',9464,972,1654009984,1654009984);
INSERT INTO player_score VALUES('631fb5a89',65,'484e1cdfd','46b6d6310',132480,1097,1654024036,1654024036);
INSERT INTO player_score VALUES('639dabc1b',65,'484e1cdfd','4e1a3fd6a',359040,1148,1654037244,1654037244);
INSERT INTO player_score VALUES('5b212c16c',65,'484e1cdfd','571babd2d',44160,942,1653809441,1653809441);
INSERT INTO player_score VALUES('636ca47a6',65,'484e1cdfd','5893135a6',21580,1141,1654032103,1654032103);
INSERT INTO player_score VALUES('5e883d3f2',65,'484e1cdfd','5cb17a1a7',1848,982,1653900779,1653900779);
INSERT INTO player_score VALUES('638382fad',65,'484e1cdfd','60e11eed1',13728,1177,1654034501,1654034501);
INSERT INTO player_score VALUES('63b2d2cd0',65,'484e1cdfd','627a098a1',7224,1081,1654039462,1654039462);
INSERT INTO player_score VALUES('630998071',65,'48ce5f5b8','1be97167b',135168,1044,1654021717,1654021717);
INSERT INTO player_score VALUES('63576c599',65,'48ce5f5b8','20d2ce2a7',2736,1099,1654029878,1654029878);
INSERT INTO player_score VALUES('4dc206675',65,'48ce5f5b8','23d397453',286700,908,1653450498,1653450498);
INSERT INTO player_score VALUES('605d3f2b3',65,'48ce5f5b8','2526909ac',5940,1138,1653949958,1653949958);
INSERT INTO player_score VALUES('4c8c9af77',65,'48ce5f5b8','281e800ec',105120,884,1653418053,1653418053);
INSERT INTO player_score VALUES('63acd3278',65,'48ce5f5b8','405df4f54',370500,1130,1654038833,1654038833);
INSERT INTO player_score VALUES('4ad51d31e',65,'48ce5f5b8','445c41edb',87220,778,1653371969,1653371969);
INSERT INTO player_score VALUES('63a4b30ef',65,'48ce5f5b8','458db0d74',26700,1013,1654037981,1654037981);
INSERT INTO player_score VALUES('62afc46f9',65,'48ce5f5b8','46b6d6310',402900,1081,1654012298,1654012298);
INSERT INTO player_score VALUES('61123e9d0',65,'48ce5f5b8','4e1a3fd6a',32277,1024,1653968937,1653968937);
INSERT INTO player_score VALUES('5ced3712c',65,'48ce5f5b8','51a56e9c8',1768,984,1653857680,1653857680);
INSERT INTO player_score VALUES('5b249afb0',65,'48ce5f5b8','571babd2d',231,946,1653809801,1653809801);
INSERT INTO player_score VALUES('636a189d9',65,'48ce5f5b8','5893135a6',448,1139,1654031836,1654031836);
INSERT INTO player_score VALUES('5eb311986',65,'48ce5f5b8','5cb17a1a7',14740,1083,1653905270,1653905270);
INSERT INTO player_score VALUES('63b1c3c9b',65,'48ce5f5b8','60e11eed1',65205,1265,1654039351,1654039351);
INSERT INTO player_score VALUES('63c711e47',65,'48ce5f5b8','627a098a1',313159,1153,1654041585,1654041585);
INSERT INTO player_score VALUES('634147647',65,'496cbae9a','1be97167b',72864,1047,1654027556,1654027556);
INSERT INTO player_score VALUES('626914b94',65,'496cbae9a','20d2ce2a7',128576,1079,1654004886,1654004886);
INSERT INTO player_score VALUES('60a2c504d',65,'496cbae9a','2526909ac',129536,1140,1653957248,1653957248);
INSERT INTO player_score VALUES('4cef67edf',65,'496cbae9a','281e800ec',81216,892,1653428413,1653428413);
INSERT INTO player_score VALUES('606e27c52',65,'496cbae9a','405df4f54',8832,1035,1653951731,1653951731);
INSERT INTO player_score VALUES('63be1af92',65,'496cbae9a','46b6d6310',6840,1128,1654040645,1654040645);
INSERT INTO player_score VALUES('6352438bc',65,'496cbae9a','4e1a3fd6a',51750,1136,1654029337,1654029337);
INSERT INTO player_score VALUES('5d562fa09',65,'496cbae9a','51a56e9c8',100640,1010,1653868687,1653868687);
INSERT INTO player_score VALUES('639ae7bc9',65,'496cbae9a','5893135a6',6578,1158,1654036954,1654036954);
INSERT INTO player_score VALUES('5eb2c8595',65,'496cbae9a','5cb17a1a7',4400,1081,1653905240,1653905240);
INSERT INTO player_score VALUES('63bc91e5c',65,'496cbae9a','60e11eed1',72800,1275,1654040484,1654040484);
INSERT INTO player_score VALUES('63996d521',65,'496cbae9a','627a098a1',156288,1007,1654036799,1654036799);
INSERT INTO player_score VALUES('63be66abf',65,'4a665d25a','20d2ce2a7',24640,1108,1654040676,1654040676);
INSERT INTO player_score VALUES('4d192868c',65,'4a665d25a','23d397453',2142,900,1653432791,1653432791);
INSERT INTO player_score VALUES('5913a8d5c',65,'4a665d25a','2526909ac',38400,1011,1653754337,1653754337);
INSERT INTO player_score VALUES('4b20f5b5a',65,'4a665d25a','281e800ec',13464,847,1653379922,1653379922);
INSERT INTO player_score VALUES('63b4c4d77',65,'4a665d25a','405df4f54',85536,1132,1654039666,1654039666);
INSERT INTO player_score VALUES('4b2950630',65,'4a665d25a','445c41edb',3339,819,1653380798,1653380798);
INSERT INTO player_score VALUES('623d2eef5',65,'4a665d25a','458db0d74',29400,962,1654000283,1654000283);
INSERT INTO player_score VALUES('633950d33',65,'4a665d25a','46b6d6310',61596,1104,1654026721,1654026721);
INSERT INTO player_score VALUES('609530735',65,'4a665d25a','4e1a3fd6a',51072,997,1653955824,1653955824);
INSERT INTO player_score VALUES('5b2b9617b',65,'4a665d25a','51a56e9c8',51888,844,1653810533,1653810533);
INSERT INTO player_score VALUES('5a3f10c64',65,'4a665d25a','571babd2d',427200,733,1653785732,1653785732);
INSERT INTO player_score VALUES('638038b27',65,'4a665d25a','5893135a6',113288,1148,1654034156,1654034156);
INSERT INTO player_score VALUES('5e96be9da',65,'4a665d25a','5cb17a1a7',70980,1021,1653902300,1653902300);
INSERT INTO player_score VALUES('63b391359',65,'4a665d25a','60e11eed1',17760,1267,1654039540,1654039540);
INSERT INTO player_score VALUES('63a8553d1',65,'4a665d25a','627a098a1',103488,1047,1654038362,1654038362);
INSERT INTO player_score VALUES('5ff915117',65,'4a6d7ce2e','20d2ce2a7',197472,1035,1653939455,1653939455);
INSERT INTO player_score VALUES('478394b91',65,'4a6d7ce2e','23d397453',323334,788,1653282889,1653282889);
INSERT INTO player_score VALUES('5ce24e192',65,'4a6d7ce2e','2526909ac',700,1083,1653856536,1653856536);
INSERT INTO player_score VALUES('4c8fef063',65,'4a6d7ce2e','281e800ec',128180,886,1653418402,1653418402);
INSERT INTO player_score VALUES('626ed9c73',65,'4a6d7ce2e','405df4f54',429,1087,1654005491,1654005491);
INSERT INTO player_score VALUES('4ac03a83f',65,'4a6d7ce2e','445c41edb',29988,770,1653369779,1653369779);
INSERT INTO player_score VALUES('61a1b720e',65,'4a6d7ce2e','458db0d74',50400,940,1653983981,1653983981);
INSERT INTO player_score VALUES('61b081bfe',65,'4a6d7ce2e','4e1a3fd6a',0,1050,1653985532,1653985532);
INSERT INTO player_score VALUES('5c901e0e3',65,'4a6d7ce2e','51a56e9c8',143100,960,1653847918,1653847918);
INSERT INTO player_score VALUES('5b57b1971',65,'4a6d7ce2e','571babd2d',791802,984,1653815158,1653815158);
INSERT INTO player_score VALUES('63342596d',65,'4a6d7ce2e','5893135a6',9177,1111,1654026179,1654026179);
INSERT INTO player_score VALUES('6391d3855',65,'4a6d7ce2e','60e11eed1',114750,1204,1654036002,1654036002);
INSERT INTO player_score VALUES('63bfead7a',65,'4a6d7ce2e','627a098a1',352600,1135,1654040835,1654040835);
INSERT INTO player_score VALUES('6376416ab',65,'4bdd14e24','20d2ce2a7',630,1101,1654033111,1654033111);
INSERT INTO player_score VALUES('499afbba3',65,'4bdd14e24','23d397453',2695,830,1653339030,1653339030);
INSERT INTO player_score VALUES('5ddda2efc',65,'4bdd14e24','2526909ac',156426,1101,1653882890,1653882890);
INSERT INTO player_score VALUES('62eb249fc',65,'4bdd14e24','405df4f54',6080,1109,1654018524,1654018524);
INSERT INTO player_score VALUES('635bd1d53',65,'4bdd14e24','458db0d74',2376,1003,1654030339,1654030339);
INSERT INTO player_score VALUES('626af0cda',65,'4bdd14e24','4e1a3fd6a',157080,1084,1654005081,1654005081);
INSERT INTO player_score VALUES('5cb5a76f6',65,'4bdd14e24','51a56e9c8',21168,963,1653851854,1653851854);
INSERT INTO player_score VALUES('5aaa2c333',65,'4bdd14e24','571babd2d',63000,838,1653796963,1653796963);
INSERT INTO player_score VALUES('629f29ee6',65,'4bdd14e24','5893135a6',23400,1042,1654010557,1654010557);
INSERT INTO player_score VALUES('5ea1856ae',65,'4bdd14e24','5cb17a1a7',394400,1045,1653903430,1653903430);
INSERT INTO player_score VALUES('637568207',65,'4bdd14e24','60e11eed1',689040,1156,1654033022,1654033022);
INSERT INTO player_score VALUES('63c546e74',65,'4bdd14e24','627a098a1',232128,1150,1654041397,1654041397);
INSERT INTO player_score VALUES('63ab53d62',65,'4cbabc0e9','1be97167b',106920,1059,1654038676,1654038676);
INSERT INTO player_score VALUES('59b65da90',65,'4cbabc0e9','20d2ce2a7',252054,927,1653771398,1653771398);
INSERT INTO player_score VALUES('4c21400d6',65,'4cbabc0e9','23d397453',291668,883,1653406796,1653406796);
INSERT INTO player_score VALUES('603751aee',65,'4cbabc0e9','2526909ac',105840,1134,1653945981,1653945981);
INSERT INTO player_score VALUES('4cf469aac',65,'4cbabc0e9','281e800ec',11424,894,1653428938,1653428938);
INSERT INTO player_score VALUES('62a8a9949',65,'4cbabc0e9','405df4f54',1278,1093,1654011553,1654011553);
INSERT INTO player_score VALUES('6341364e3',65,'4cbabc0e9','46b6d6310',580070,1106,1654027549,1654027549);
INSERT INTO player_score VALUES('6348671f8',65,'4cbabc0e9','4e1a3fd6a',22528,1133,1654028303,1654028303);
INSERT INTO player_score VALUES('5d2ca4dcf',65,'4cbabc0e9','51a56e9c8',212400,997,1653864331,1653864331);
INSERT INTO player_score VALUES('5b5b69bc6',65,'4cbabc0e9','571babd2d',40480,991,1653815548,1653815548);
INSERT INTO player_score VALUES('5eb24967f',65,'4cbabc0e9','5cb17a1a7',66924,1078,1653905188,1653905188);
INSERT INTO player_score VALUES('63a528403',65,'4cbabc0e9','60e11eed1',60030,1244,1654038029,1654038029);
INSERT INTO player_score VALUES('63b0cac23',65,'4cbabc0e9','627a098a1',31388,1077,1654039249,1654039249);
INSERT INTO player_score VALUES('5d54252ee',65,'4cf2a6029','1be97167b',80262,956,1653868473,1653868473);
INSERT INTO player_score VALUES('63a4082c0',65,'4cf2a6029','20d2ce2a7',19175,1106,1654037911,1654037911);
INSERT INTO player_score VALUES('4c205a8fc',65,'4cf2a6029','23d397453',760760,882,1653406702,1653406702);
INSERT INTO player_score VALUES('5df3ccc37',65,'4cf2a6029','2526909ac',15010,1104,1653885214,1653885214);
INSERT INTO player_score VALUES('4c8e8f747',65,'4cf2a6029','281e800ec',45360,885,1653418258,1653418258);
INSERT INTO player_score VALUES('62b5feab2',65,'4cf2a6029','405df4f54',23760,1098,1654012951,1654012951);
INSERT INTO player_score VALUES('623b52dc5',65,'4cf2a6029','458db0d74',171000,959,1654000088,1654000088);
INSERT INTO player_score VALUES('625d85bf5',65,'4cf2a6029','46b6d6310',85173,1066,1654003674,1654003674);
INSERT INTO player_score VALUES('620da4827',65,'4cf2a6029','4e1a3fd6a',308210,1072,1653995298,1653995298);
INSERT INTO player_score VALUES('5d71b0a8d',65,'4cf2a6029','51a56e9c8',28152,1024,1653871571,1653871571);
INSERT INTO player_score VALUES('5afd0728c',65,'4cf2a6029','571babd2d',135966,908,1653805651,1653805651);
INSERT INTO player_score VALUES('6221909d8',65,'4cf2a6029','5893135a6',91390,987,1653997387,1653997387);
INSERT INTO player_score VALUES('5eb269230',65,'4cf2a6029','5cb17a1a7',1920,1080,1653905201,1653905201);
INSERT INTO player_score VALUES('63a7e2832',65,'4cf2a6029','60e11eed1',13860,1248,1654038315,1654038315);
INSERT INTO player_score VALUES('63bce00a0',65,'4cf2a6029','627a098a1',64020,1125,1654040516,1654040516);
INSERT INTO player_score VALUES('623a17e79',65,'4ea7cb32f','1be97167b',132634,1034,1653999959,1653999959);
INSERT INTO player_score VALUES('62a5e3234',65,'4ea7cb32f','20d2ce2a7',182700,1085,1654011262,1654011262);
INSERT INTO player_score VALUES('5b8a3346f',65,'4ea7cb32f','2526909ac',162800,1061,1653820454,1653820454);
INSERT INTO player_score VALUES('63ad325a7',65,'4ea7cb32f','405df4f54',204600,1131,1654038872,1654038872);
INSERT INTO player_score VALUES('62a41345a',65,'4ea7cb32f','458db0d74',59520,973,1654011072,1654011072);
INSERT INTO player_score VALUES('622227fcb',65,'4ea7cb32f','46b6d6310',144400,1062,1653997449,1653997449);
INSERT INTO player_score VALUES('6304c4aeb',65,'4ea7cb32f','4e1a3fd6a',113498,1125,1654021211,1654021211);
INSERT INTO player_score VALUES('5b2807765',65,'4ea7cb32f','571babd2d',233415,950,1653810160,1653810160);
INSERT INTO player_score VALUES('62f6a013a',65,'4ea7cb32f','5893135a6',89000,1081,1654019728,1654019728);
INSERT INTO player_score VALUES('5e9f31b37',65,'4ea7cb32f','5cb17a1a7',58240,1043,1653903186,1653903186);
INSERT INTO player_score VALUES('638dd972d',65,'4ea7cb32f','60e11eed1',25440,1195,1654035585,1654035585);
INSERT INTO player_score VALUES('63b5a3003',65,'4ea7cb32f','627a098a1',5184,1092,1654039757,1654039757);
INSERT INTO player_score VALUES('636909a21',65,'4f05ebde0','1be97167b',111930,1051,1654031725,1654031725);
INSERT INTO player_score VALUES('62f9be6c7',65,'4f05ebde0','20d2ce2a7',40020,1091,1654020055,1654020055);
INSERT INTO player_score VALUES('5b2c0b482',65,'4f05ebde0','2526909ac',2960,1054,1653810581,1653810581);
INSERT INTO player_score VALUES('63095d6ff',65,'4f05ebde0','405df4f54',0,1112,1654021693,1654021693);
INSERT INTO player_score VALUES('60e24b377',65,'4f05ebde0','458db0d74',6270,903,1653963909,1653963909);
INSERT INTO player_score VALUES('632285dba',65,'4f05ebde0','46b6d6310',3675,1098,1654024331,1654024331);
INSERT INTO player_score VALUES('629f92ede',65,'4f05ebde0','4e1a3fd6a',104728,1098,1654010600,1654010600);
INSERT INTO player_score VALUES('5d7a43776',65,'4f05ebde0','51a56e9c8',7579,1028,1653872470,1653872470);
INSERT INTO player_score VALUES('5b5bb0897',65,'4f05ebde0','571babd2d',136500,993,1653815577,1653815577);
INSERT INTO player_score VALUES('63bc1f272',65,'4f05ebde0','5893135a6',31616,1173,1654040437,1654040437);
INSERT INTO player_score VALUES('5eb059c9f',65,'4f05ebde0','5cb17a1a7',213378,1072,1653904985,1653904985);
INSERT INTO player_score VALUES('63a3f7178',65,'4f05ebde0','60e11eed1',119000,1241,1654037904,1654037904);
INSERT INTO player_score VALUES('61f5fb658',65,'519f3e23e','1be97167b',34720,1031,1653992817,1653992817);
INSERT INTO player_score VALUES('63c642627',65,'519f3e23e','20d2ce2a7',9801,1110,1654041500,1654041500);
INSERT INTO player_score VALUES('5d9f5c8bf',65,'519f3e23e','2526909ac',313992,1096,1653876360,1653876360);
INSERT INTO player_score VALUES('5e8f6ba09',65,'519f3e23e','405df4f54',16575,970,1653901532,1653901532);
INSERT INTO player_score VALUES('62ef9da4a',65,'519f3e23e','458db0d74',10011,985,1654018993,1654018993);
INSERT INTO player_score VALUES('60ea7c63c',65,'519f3e23e','46b6d6310',57330,1025,1653964768,1653964768);
INSERT INTO player_score VALUES('5d9d2fe74',65,'519f3e23e','4e1a3fd6a',34030,843,1653876132,1653876132);
INSERT INTO player_score VALUES('5b71c94b5',65,'519f3e23e','51a56e9c8',281435,869,1653817894,1653817894);
INSERT INTO player_score VALUES('5b43f1753',65,'519f3e23e','571babd2d',15960,968,1653813087,1653813087);
INSERT INTO player_score VALUES('62d5b1e66',65,'519f3e23e','5893135a6',306128,1064,1654016275,1654016275);
INSERT INTO player_score VALUES('5e993963c',65,'519f3e23e','5cb17a1a7',30800,1026,1653902560,1653902560);
INSERT INTO player_score VALUES('63a209eb7',65,'519f3e23e','60e11eed1',143792,1238,1654037702,1654037702);
INSERT INTO player_score VALUES('63b3fca2b',65,'519f3e23e','627a098a1',136620,1086,1654039584,1654039584);
INSERT INTO player_score VALUES('6327ebb77',65,'539dc3817','1be97167b',34410,1046,1654024897,1654024897);
INSERT INTO player_score VALUES('5f894ae59',65,'539dc3817','20d2ce2a7',137600,1025,1653927733,1653927733);
INSERT INTO player_score VALUES('5afe559d5',65,'539dc3817','2526909ac',195177,1051,1653805788,1653805788);
INSERT INTO player_score VALUES('635882ae1',65,'539dc3817','405df4f54',12462,1123,1654029992,1654029992);
INSERT INTO player_score VALUES('62ca62672',65,'539dc3817','458db0d74',1722,980,1654015089,1654015089);
INSERT INTO player_score VALUES('63480f3ef',65,'539dc3817','46b6d6310',44880,1107,1654028267,1654028267);
INSERT INTO player_score VALUES('636b22bd5',65,'539dc3817','4e1a3fd6a',19400,1142,1654031945,1654031945);
INSERT INTO player_score VALUES('5c0ac8c56',65,'539dc3817','51a56e9c8',324864,914,1653833937,1653833937);
INSERT INTO player_score VALUES('5b373b0dc',65,'539dc3817','571babd2d',88872,960,1653811754,1653811754);
INSERT INTO player_score VALUES('62ed53b3e',65,'539dc3817','5893135a6',123354,1077,1654018753,1654018753);
INSERT INTO player_score VALUES('5eb09bb8a',65,'539dc3817','5cb17a1a7',349566,1073,1653905012,1653905012);
INSERT INTO player_score VALUES('63989b5ef',65,'539dc3817','60e11eed1',748,1217,1654036713,1654036713);
INSERT INTO player_score VALUES('63b77f16c',65,'539dc3817','627a098a1',289044,1103,1654039952,1654039952);
INSERT INTO player_score VALUES('63a16da8e',65,'54ac438ab','1be97167b',115150,1057,1654037638,1654037638);
INSERT INTO player_score VALUES('5ef2a6766',65,'54ac438ab','20d2ce2a7',2625,1013,1653911937,1653911937);
INSERT INTO player_score VALUES('5f6013249',65,'54ac438ab','2526909ac',41748,1124,1653923411,1653923411);
INSERT INTO player_score VALUES('610831605',65,'54ac438ab','405df4f54',266175,1050,1653967883,1653967883);
INSERT INTO player_score VALUES('623426eb8',65,'54ac438ab','458db0d74',165312,957,1653999336,1653999336);
INSERT INTO player_score VALUES('607b11717',65,'54ac438ab','46b6d6310',326040,1008,1653953085,1653953085);
INSERT INTO player_score VALUES('63a870176',65,'54ac438ab','4e1a3fd6a',242080,1151,1654038373,1654038373);
INSERT INTO player_score VALUES('5d5eaa0a0',65,'54ac438ab','51a56e9c8',40131,1012,1653869576,1653869576);
INSERT INTO player_score VALUES('5b53a18ea',65,'54ac438ab','571babd2d',17820,981,1653814732,1653814732);
INSERT INTO player_score VALUES('634061e6a',65,'54ac438ab','5893135a6',60480,1116,1654027462,1654027462);
INSERT INTO player_score VALUES('5eadd7b7e',65,'54ac438ab','5cb17a1a7',72912,1070,1653904722,1653904722);
INSERT INTO player_score VALUES('63be83f61',65,'54ac438ab','60e11eed1',800,1277,1654040688,1654040688);
INSERT INTO player_score VALUES('63b64de9b',65,'54ac438ab','627a098a1',15480,1095,1654039827,1654039827);
INSERT INTO player_score VALUES('5a7faadcd',65,'56edd66eb','1be97167b',59972,916,1653792506,1653792506);
INSERT INTO player_score VALUES('63a13cd79',65,'56edd66eb','20d2ce2a7',166950,1105,1654037618,1654037618);
INSERT INTO player_score VALUES('512b9e89a',65,'56edd66eb','2526909ac',58327,858,1653542101,1653542101);
INSERT INTO player_score VALUES('62c3d793c',65,'56edd66eb','405df4f54',202540,1100,1654014403,1654014403);
INSERT INTO player_score VALUES('6155892a3',65,'56edd66eb','458db0d74',30100,924,1653975993,1653975993);
INSERT INTO player_score VALUES('591392dc4',65,'56edd66eb','46b6d6310',4158,698,1653754328,1653754328);
INSERT INTO player_score VALUES('6315afbd5',65,'56edd66eb','4e1a3fd6a',29952,1128,1654022985,1654022985);
INSERT INTO player_score VALUES('5b69b7db1',65,'56edd66eb','51a56e9c8',348480,865,1653817048,1653817048);
INSERT INTO player_score VALUES('5b5a49a8e',65,'56edd66eb','571babd2d',80136,986,1653815430,1653815430);
INSERT INTO player_score VALUES('6303e8f61',65,'56edd66eb','5893135a6',2898,1092,1654021121,1654021121);
INSERT INTO player_score VALUES('5eb0c0573',65,'56edd66eb','5cb17a1a7',358012,1074,1653905027,1653905027);
INSERT INTO player_score VALUES('63c6d9c13',65,'56edd66eb','60e11eed1',26520,1291,1654041562,1654041562);
INSERT INTO player_score VALUES('63b650597',65,'56edd66eb','627a098a1',86100,1096,1654039828,1654039828);
INSERT INTO player_score VALUES('639d1943e',65,'57a985515','20d2ce2a7',0,1104,1654037184,1654037184);
INSERT INTO player_score VALUES('5f4d6bc05',65,'57a985515','2526909ac',254800,1122,1653921455,1653921455);
INSERT INTO player_score VALUES('63618ab05',65,'57a985515','405df4f54',3080,1124,1654030939,1654030939);
INSERT INTO player_score VALUES('63a75c3a3',65,'57a985515','458db0d74',28380,1014,1654038260,1654038260);
INSERT INTO player_score VALUES('62d819214',65,'57a985515','46b6d6310',178596,1087,1654016527,1654016527);
INSERT INTO player_score VALUES('61fd5344a',65,'57a985515','4e1a3fd6a',235520,1067,1653993587,1653993587);
INSERT INTO player_score VALUES('5d3677845',65,'57a985515','51a56e9c8',69502,1003,1653865361,1653865361);
INSERT INTO player_score VALUES('5b5a780ae',65,'57a985515','571babd2d',703000,988,1653815449,1653815449);
INSERT INTO player_score VALUES('6344375e2',65,'57a985515','5893135a6',29040,1119,1654027864,1654027864);
INSERT INTO player_score VALUES('5eac00841',65,'57a985515','5cb17a1a7',0,1068,1653904529,1653904529);
INSERT INTO player_score VALUES('631e8e413',65,'57a985515','60e11eed1',7938,1019,1654023915,1654023915);
INSERT INTO player_score VALUES('63bb4d369',65,'57a985515','627a098a1',391552,1121,1654040351,1654040351);
INSERT INTO player_score VALUES('613d2dd1d',65,'58c2e970f','1be97167b',5250,1019,1653973439,1653973439);
INSERT INTO player_score VALUES('5fc8d6012',65,'58c2e970f','20d2ce2a7',398268,1030,1653934396,1653934396);
INSERT INTO player_score VALUES('5f4a6ab6f',65,'58c2e970f','2526909ac',28392,1121,1653921140,1653921140);
INSERT INTO player_score VALUES('62e435b8f',65,'58c2e970f','405df4f54',84800,1107,1654017797,1654017797);
INSERT INTO player_score VALUES('615880755',65,'58c2e970f','458db0d74',8160,926,1653976304,1653976304);
INSERT INTO player_score VALUES('627ece422',65,'58c2e970f','46b6d6310',152628,1074,1654007164,1654007164);
INSERT INTO player_score VALUES('61e2cb4a0',65,'58c2e970f','4e1a3fd6a',77220,1062,1653990805,1653990805);
INSERT INTO player_score VALUES('5d42486ba',65,'58c2e970f','51a56e9c8',153600,1005,1653866600,1653866600);
INSERT INTO player_score VALUES('5b090b50e',65,'58c2e970f','571babd2d',103230,922,1653806911,1653806911);
INSERT INTO player_score VALUES('63bb52128',65,'58c2e970f','5893135a6',3080,1172,1654040353,1654040353);
INSERT INTO player_score VALUES('5eb580261',65,'58c2e970f','5cb17a1a7',109760,1087,1653905525,1653905525);
INSERT INTO player_score VALUES('6386448c9',65,'58c2e970f','60e11eed1',45360,1184,1654034790,1654034790);
INSERT INTO player_score VALUES('629423ae3',65,'5a3e4897f','1be97167b',26000,1040,1654009401,1654009401);
INSERT INTO player_score VALUES('63526f7d2',65,'5a3e4897f','20d2ce2a7',0,1097,1654029355,1654029355);
INSERT INTO player_score VALUES('5ed3db25e',65,'5a3e4897f','2526909ac',97960,1112,1653908708,1653908708);
INSERT INTO player_score VALUES('63b7ad793',65,'5a3e4897f','405df4f54',9450,1133,1654039971,1654039971);
INSERT INTO player_score VALUES('5eafb63b5',65,'5a3e4897f','458db0d74',78260,836,1653904918,1653904918);
INSERT INTO player_score VALUES('6383437c7',65,'5a3e4897f','4e1a3fd6a',41769,1144,1654034475,1654034475);
INSERT INTO player_score VALUES('5c76cc22d',65,'5a3e4897f','51a56e9c8',68448,949,1653845263,1653845263);
INSERT INTO player_score VALUES('5b50a081a',65,'5a3e4897f','571babd2d',67830,980,1653814417,1653814417);
INSERT INTO player_score VALUES('6378114a1',65,'5a3e4897f','5893135a6',72944,1144,1654033301,1654033301);
INSERT INTO player_score VALUES('5e39b1d18',65,'5a3e4897f','5cb17a1a7',11468,823,1653892543,1653892543);
INSERT INTO player_score VALUES('63bc749db',65,'5a3e4897f','60e11eed1',2752,1274,1654040472,1654040472);
INSERT INTO player_score VALUES('638887268',65,'5c3970205','20d2ce2a7',29646,1102,1654035027,1654035027);
INSERT INTO player_score VALUES('5d4ef0284',65,'5c3970205','2526909ac',44268,1093,1653867927,1653867927);
INSERT INTO player_score VALUES('6291696ed',65,'5c3970205','458db0d74',140600,969,1654009115,1654009115);
INSERT INTO player_score VALUES('63be1616e',65,'5c3970205','46b6d6310',172480,1127,1654040643,1654040643);
INSERT INTO player_score VALUES('62059319f',65,'5c3970205','4e1a3fd6a',9240,1070,1653994452,1653994452);
INSERT INTO player_score VALUES('5d7d0c5d2',65,'5c3970205','51a56e9c8',127512,1029,1653872762,1653872762);
INSERT INTO player_score VALUES('63b9c690c',65,'5c3970205','5893135a6',3456,1168,1654040191,1654040191);
INSERT INTO player_score VALUES('5e8ca52c6',65,'5c3970205','5cb17a1a7',245916,992,1653901241,1653901241);
INSERT INTO player_score VALUES('63a18fd6a',65,'5c3970205','60e11eed1',104328,1237,1654037652,1654037652);
INSERT INTO player_score VALUES('63c328ec4',65,'5c3970205','627a098a1',34216,1143,1654041175,1654041175);
INSERT INTO player_score VALUES('63b6a35ce',65,'5d5eaeead','1be97167b',253440,1061,1654039862,1654039862);
INSERT INTO player_score VALUES('5e75f50f1',65,'5d5eaeead','20d2ce2a7',252280,1004,1653898862,1653898862);
INSERT INTO player_score VALUES('5a6194378',65,'5d5eaeead','2526909ac',371664,1038,1653789351,1653789351);
INSERT INTO player_score VALUES('6297fdfd3',65,'5d5eaeead','458db0d74',31320,971,1654009805,1654009805);
INSERT INTO player_score VALUES('61bbdfe6f',65,'5d5eaeead','46b6d6310',6111,1048,1653986724,1653986724);
INSERT INTO player_score VALUES('62cb6a115',65,'5d5eaeead','4e1a3fd6a',241560,1113,1654015197,1654015197);
INSERT INTO player_score VALUES('5c89b08de',65,'5d5eaeead','51a56e9c8',385154,956,1653847244,1653847244);
INSERT INTO player_score VALUES('63bada737',65,'5d5eaeead','5893135a6',1760,1171,1654040304,1654040304);
INSERT INTO player_score VALUES('5e93856e6',65,'5d5eaeead','5cb17a1a7',521084,1012,1653901962,1653901962);
INSERT INTO player_score VALUES('63ae9bb1d',65,'5d5eaeead','60e11eed1',17654,1260,1654039020,1654039020);
INSERT INTO player_score VALUES('63c12aa95',65,'5d5eaeead','627a098a1',22140,1139,1654040966,1654040966);
INSERT INTO player_score VALUES('595545b50',65,'5d76d7049','1be97167b',23944,891,1653761217,1653761217);
INSERT INTO player_score VALUES('62d031368',65,'5d76d7049','20d2ce2a7',14931,1087,1654015698,1654015698);
INSERT INTO player_score VALUES('5ef7ea1bf',65,'5d76d7049','2526909ac',152460,1115,1653912489,1653912489);
INSERT INTO player_score VALUES('5f988d2a4',65,'5d76d7049','405df4f54',233358,1007,1653929333,1653929333);
INSERT INTO player_score VALUES('637d4da01',65,'5d76d7049','458db0d74',67320,1008,1654033850,1654033850);
INSERT INTO player_score VALUES('638ec645d',65,'5d76d7049','46b6d6310',358670,1120,1654035682,1654035682);
INSERT INTO player_score VALUES('62a062713',65,'5d76d7049','4e1a3fd6a',13244,1099,1654010685,1654010685);
INSERT INTO player_score VALUES('5d7111f3c',65,'5d76d7049','51a56e9c8',70312,1022,1653871506,1653871506);
INSERT INTO player_score VALUES('5e9e40024',65,'5d76d7049','5cb17a1a7',39900,1039,1653903087,1653903087);
INSERT INTO player_score VALUES('636676703',65,'5d76d7049','60e11eed1',17958,1126,1654031455,1654031455);
INSERT INTO player_score VALUES('63ba4f4a3',65,'5d76d7049','627a098a1',175032,1113,1654040247,1654040247);
INSERT INTO player_score VALUES('624fdb361',65,'5f61e092f','1be97167b',61425,1036,1654002241,1654002241);
INSERT INTO player_score VALUES('63b6cf4c6',65,'5f61e092f','20d2ce2a7',120000,1107,1654039880,1654039880);
INSERT INTO player_score VALUES('60c7e2f78',65,'5f61e092f','2526909ac',178360,1143,1653961140,1653961140);
INSERT INTO player_score VALUES('61b122e27',65,'5f61e092f','405df4f54',134200,1075,1653985598,1653985598);
INSERT INTO player_score VALUES('6396ae316',65,'5f61e092f','458db0d74',303050,1011,1654036511,1654036511);
INSERT INTO player_score VALUES('634a740b0',65,'5f61e092f','46b6d6310',18490,1108,1654028518,1654028518);
INSERT INTO player_score VALUES('628bc41e0',65,'5f61e092f','4e1a3fd6a',98304,1093,1654008523,1654008523);
INSERT INTO player_score VALUES('63a6548ab',65,'5f61e092f','5893135a6',173558,1162,1654038152,1654038152);
INSERT INTO player_score VALUES('63a06ae1f',65,'5f61e092f','60e11eed1',30192,1234,1654037532,1654037532);
INSERT INTO player_score VALUES('63baf2dfd',65,'5f61e092f','627a098a1',135864,1117,1654040314,1654040314);
INSERT INTO player_score VALUES('631142ee9',65,'5fea89efb','1be97167b',104328,1045,1654022521,1654022521);
INSERT INTO player_score VALUES('635d81f7b',65,'5fea89efb','20d2ce2a7',5922,1100,1654030516,1654030516);
INSERT INTO player_score VALUES('5f8cfe2c3',65,'5fea89efb','2526909ac',318864,1128,1653928121,1653928121);
INSERT INTO player_score VALUES('632e4a8df',65,'5fea89efb','405df4f54',114540,1115,1654025565,1654025565);
INSERT INTO player_score VALUES('632c958ac',65,'5fea89efb','458db0d74',135926,996,1654025386,1654025386);
INSERT INTO player_score VALUES('62f32ebab',65,'5fea89efb','46b6d6310',39780,1091,1654019367,1654019367);
INSERT INTO player_score VALUES('61a574255',65,'5fea89efb','4e1a3fd6a',83790,1046,1653984373,1653984373);
INSERT INTO player_score VALUES('62e21f0bb',65,'5fea89efb','5893135a6',71820,1072,1654017578,1654017578);
INSERT INTO player_score VALUES('633f7edbd',65,'5fea89efb','60e11eed1',214704,1069,1654027369,1654027369);
INSERT INTO player_score VALUES('63c22b007',65,'5fea89efb','627a098a1',215280,1142,1654041071,1654041071);
INSERT INTO player_score VALUES('6230d06fc',65,'62b11f197','20d2ce2a7',129030,1070,1653998986,1653998986);
INSERT INTO player_score VALUES('607e3718f',65,'62b11f197','405df4f54',216315,1040,1653953415,1653953415);
INSERT INTO player_score VALUES('6319ac3e5',65,'62b11f197','458db0d74',366336,992,1654023403,1654023403);
INSERT INTO player_score VALUES('614217259',65,'62b11f197','4e1a3fd6a',29205,1030,1653973954,1653973954);
INSERT INTO player_score VALUES('62a0515c5',65,'62b11f197','5893135a6',103716,1044,1654010678,1654010678);
INSERT INTO player_score VALUES('638a82f4d',65,'62b11f197','60e11eed1',94848,1191,1654035235,1654035235);
INSERT INTO player_score VALUES('63ae96cf9',65,'62b11f197','627a098a1',205578,1071,1654039018,1654039018);
COMMIT;
