
BEGIN;
CREATE TABLE IF NOT EXISTS competition (
  id VARCHAR(255) NOT NULL PRIMARY KEY,
  tenant_id BIGINT NOT NULL,
  title TEXT NOT NULL,
  finished_at BIGINT NULL,
  created_at BIGINT NOT NULL,
  updated_at BIGINT NOT NULL
);
INSERT INTO competition VALUES('1fa601c8f',66,'第4回 ミネストローネ部',1652776242,1652212757,1652776242);
INSERT INTO competition VALUES('241ab4d51',66,'第5回 秋葉原党',NULL,1652332368,1653974921);
INSERT INTO competition VALUES('2518e612f',66,'カニ5期生カップ',NULL,1652359022,1652562020);
INSERT INTO competition VALUES('2ccd3ff16',66,'第7回 リサイクル吉祥寺のお茶会',1653028109,1652565838,1653028109);
INSERT INTO competition VALUES('33852005c',66,'おしなべてペペロンチーノオペレーションズ',NULL,1652746180,1653322792);
INSERT INTO competition VALUES('3b1f84648',66,'たべられるネットワーク事務所大会',1653565164,1652950274,1653565164);
INSERT INTO competition VALUES('3bcc0e4f4',66,'第1回 大人のエビチリドーナツ',NULL,1652968366,1653797273);
INSERT INTO competition VALUES('4b6104a4d',66,'真ツナ食べたいカップ',NULL,1653386639,1653968846);
INSERT INTO competition VALUES('53eb166da',66,'ポンカン乙女 #3',NULL,1653615865,1654037118);
INSERT INTO competition VALUES('54c502fd2',66,'インスタンスの音 #6',NULL,1653638716,1653825957);
INSERT INTO competition VALUES('5a00ca676',66,'メモリメランコリー',NULL,1653779202,1653817126);
INSERT INTO competition VALUES('5bfdb326f',66,'真インスタンスだねえ',NULL,1653832565,1654006470);
INSERT INTO competition VALUES('639310e7a',66,'第1回 インスタンスガチ勢',NULL,1654036132,1654038565);
CREATE TABLE IF NOT EXISTS player (
  id VARCHAR(255) NOT NULL PRIMARY KEY,
  tenant_id BIGINT NOT NULL,
  display_name TEXT NOT NULL,
  is_disqualified BOOLEAN NOT NULL,
  created_at BIGINT NOT NULL,
  updated_at BIGINT NOT NULL
);
INSERT INTO player VALUES('1bdc19df9',66,'Karianne Gislason',0,1652111055,1652808863);
INSERT INTO player VALUES('1ea1a4f51',66,'Sebastian Howe DDS',0,1652185456,1653262146);
INSERT INTO player VALUES('1ea1d0e74',66,'Felicita Keebler',0,1652185474,1653736927);
INSERT INTO player VALUES('1f6977bc1',66,'Salvador Swift II',0,1652206409,1653389945);
INSERT INTO player VALUES('1ffed77cb',66,'Marianne Jakubowski',0,1652222072,1653272579);
INSERT INTO player VALUES('212817ab1',66,'Crystal Nicolas Jr.',0,1652253241,1653309680);
INSERT INTO player VALUES('2412d1c88',66,'Abagail Keebler',0,1652331541,1653336335);
INSERT INTO player VALUES('25e56792e',66,'Sarai Donnelly',0,1652380466,1652956692);
INSERT INTO player VALUES('261e93cf4',66,'Delpha Romaguera',0,1652386461,1653281425);
INSERT INTO player VALUES('26633df2b',66,'Viola Schimmel',0,1652393661,1653568791);
INSERT INTO player VALUES('288b1ac82',66,'Bianka Hermann',0,1652451528,1653956133);
INSERT INTO player VALUES('2a11dcf8a',66,'Mr. Berta Bahringer',0,1652492502,1652637543);
INSERT INTO player VALUES('2a1d69830',66,'Freda Toy',0,1652493713,1653086365);
INSERT INTO player VALUES('2a275975f',66,'Krystina Osinski',0,1652494755,1653016342);
INSERT INTO player VALUES('2b8ac63cb',66,'Viva Murazik V',0,1652532024,1652587332);
INSERT INTO player VALUES('2cd58987e',66,'Leopold Lakin',0,1652566707,1653429335);
INSERT INTO player VALUES('2f035280e',66,'Natalie Turcotte I',0,1652625195,1653886777);
INSERT INTO player VALUES('30470e7b2',66,'Stuart Hahn',0,1652659141,1653152361);
INSERT INTO player VALUES('30531c68e',66,'Yolanda Nolan MD',0,1652660405,1652934267);
INSERT INTO player VALUES('321f5838b',66,'Wade Howe',0,1652708664,1653482133);
INSERT INTO player VALUES('34a99df5b',66,'Maynard Howell',0,1652776850,1653501887);
INSERT INTO player VALUES('35999bf17',66,'Haylee Christiansen',0,1652802015,1653364412);
INSERT INTO player VALUES('369bdd37d',66,'Mr. Ron Marquardt Jr.',0,1652829095,1653107499);
INSERT INTO player VALUES('36b98ae2e',66,'Heather Botsford Sr.',0,1652832207,1653014935);
INSERT INTO player VALUES('37210696d',66,'Antonetta Mueller',1,1652843058,1653445822);
INSERT INTO player VALUES('385f137a0',66,'Clay Thiel',0,1652876408,1652992567);
INSERT INTO player VALUES('387234ee5',66,'Milo Schoen',0,1652878414,1653646720);
INSERT INTO player VALUES('3ae136b18',66,'Berneice Hyatt',0,1652943741,1652985679);
INSERT INTO player VALUES('3b1c68818',66,'Mr. Hiram Rice Sr.',0,1652949948,1653227414);
INSERT INTO player VALUES('3b72e32d4',66,'Guillermo Schmidt PhD',0,1652959016,1653164229);
INSERT INTO player VALUES('3b99c9ac0',66,'Earnest Bauch MD',0,1652963095,1653540887);
INSERT INTO player VALUES('3e42cc089',66,'Triston Christiansen',0,1653034504,1653581079);
INSERT INTO player VALUES('3e630f535',66,'Aglae Carter',0,1653037887,1653134136);
INSERT INTO player VALUES('41e871b72',66,'Stephan Mitchell',0,1653132404,1653683444);
INSERT INTO player VALUES('43799426e',66,'Garnet Hoppe',0,1653174466,1653934322);
INSERT INTO player VALUES('43fa11332',66,'Mr. Adrien Kautzer Jr.',0,1653187939,1653260757);
INSERT INTO player VALUES('44efdb92a',66,'Ms. Alyson Will',0,1653213712,1653686345);
INSERT INTO player VALUES('45baf8a4a',66,'Adrianna Bayer III',0,1653235010,1653266575);
INSERT INTO player VALUES('45ea327d3',66,'Vince Langworth',0,1653239962,1653275475);
INSERT INTO player VALUES('4656113e7',66,'Mohammad Bartell',0,1653251273,1653685440);
INSERT INTO player VALUES('4663330cc',66,'Garrett Wilkinson',1,1653252650,1653856441);
INSERT INTO player VALUES('475904bfc',66,'Lacy Schiller',0,1653278426,1653603550);
INSERT INTO player VALUES('47bd81d46',66,'Garfield Kerluke',0,1653288963,1653934987);
INSERT INTO player VALUES('4859abdc4',66,'Brenna O"Keefe III',0,1653305338,1653792625);
INSERT INTO player VALUES('48b80e768',66,'Mr. Joshuah Johns',0,1653315235,1654022204);
INSERT INTO player VALUES('48c5c5320',66,'Era Bartoletti',0,1653316673,1653828428);
INSERT INTO player VALUES('497786915',66,'Mr. Porter Bashirian',0,1653335312,1653763234);
INSERT INTO player VALUES('49c23c8a2',66,'Ms. Aylin Feest DDS',0,1653343146,1653861748);
INSERT INTO player VALUES('4a16bddac',66,'Amanda Cummings',0,1653352007,1653974365);
INSERT INTO player VALUES('4b4c44212',66,'Ms. Arvilla Hessel DVM',0,1653384463,1653854740);
INSERT INTO player VALUES('4b622e7c0',66,'Ms. Kianna Erdman',0,1653386761,1653794925);
INSERT INTO player VALUES('4d1e45033',66,'Yoshiko Hoeger',0,1653433327,1653618844);
INSERT INTO player VALUES('4dab2a578',66,'Alf Heidenreich',0,1653448101,1653864892);
INSERT INTO player VALUES('4ef0ac6dc',66,'Ms. Hellen Thompson Jr.',0,1653482233,1653911019);
INSERT INTO player VALUES('4fa65935c',66,'Mr. Declan Harber Sr.',0,1653501283,1653709673);
INSERT INTO player VALUES('500361243',66,'Kayden Hirthe',0,1653511038,1653572735);
INSERT INTO player VALUES('5033ee55c',66,'August Considine',0,1653516129,1653803372);
INSERT INTO player VALUES('50d7e08a6',66,'Leonel Jakubowski',0,1653533320,1653544971);
INSERT INTO player VALUES('50e35c020',66,'Micheal Robel',0,1653534524,1653665841);
INSERT INTO player VALUES('51d08753a',66,'Valerie Crooks',0,1653559393,1653662355);
INSERT INTO player VALUES('51ee28c50',66,'Golden Sipes',0,1653562500,1653790436);
INSERT INTO player VALUES('530110bee',66,'Ruben Williamson III',0,1653591326,1654006283);
INSERT INTO player VALUES('541c44c2c',66,'Kobe Beatty',0,1653621022,1653748096);
INSERT INTO player VALUES('54487b1d3',66,'Zula Russel',0,1653625658,1653689215);
INSERT INTO player VALUES('56c35518a',66,'Corbin Hoppe',0,1653692227,1653849684);
INSERT INTO player VALUES('57bc08123',66,'Minerva Lesch',0,1653718305,1653823737);
INSERT INTO player VALUES('57f322835',66,'Magnolia McClure IV',0,1653724083,1653773392);
INSERT INTO player VALUES('5824fe2fa',66,'Ms. Mazie Berge',0,1653729311,1653900701);
INSERT INTO player VALUES('59578d353',66,'Ms. Tomasa Shields II',0,1653761456,1653848771);
INSERT INTO player VALUES('5a0d8d00c',66,'Maryjane Bogan',0,1653780540,1653891756);
INSERT INTO player VALUES('5c1895790',66,'Jadyn Watsica',0,1653835384,1654030568);
INSERT INTO player VALUES('5ed3b1a96',66,'Ressie Reichert',0,1653908691,1653972347);
INSERT INTO player VALUES('612425222',66,'Francisca Rodriguez',0,1653970814,1653972322);
INSERT INTO player VALUES('616fc7eb4',66,'Mr. Judah Graham II',0,1653978745,1654036220);
INSERT INTO player VALUES('6383dfc05',66,'Derek Stanton',0,1654034539,1654040441);
CREATE TABLE IF NOT EXISTS IF NOT EXISTS "player_score" (
                              id VARCHAR(255) NOT NULL PRIMARY KEY,
                              tenant_id BIGINT NOT NULL,
                              player_id VARCHAR(255) NOT NULL,
                              competition_id VARCHAR(255) NOT NULL,
                              score BIGINT NOT NULL,
                              row_num BIGINT NOT NULL,
                              created_at BIGINT NOT NULL,
                              updated_at BIGINT NOT NULL
);
INSERT INTO player_score VALUES('348551f5a',66,'1bdc19df9','1fa601c8f',123540,326,1652773044,1652773044);
INSERT INTO player_score VALUES('5da95b20c',66,'1bdc19df9','241ab4d51',19227,1217,1653877408,1653877408);
INSERT INTO player_score VALUES('5ff81246c',66,'1bdc19df9','2518e612f',18460,1300,1653939349,1653939349);
INSERT INTO player_score VALUES('3d4737c2b',66,'1bdc19df9','2ccd3ff16',264960,531,1653008124,1653008124);
INSERT INTO player_score VALUES('5e3988539',66,'1bdc19df9','33852005c',221130,1227,1653892526,1653892526);
INSERT INTO player_score VALUES('5139924d9',66,'1bdc19df9','3b1f84648',50336,1188,1653543564,1653543564);
INSERT INTO player_score VALUES('5fdf63eb9',66,'1bdc19df9','3bcc0e4f4',10234,1201,1653936761,1653936761);
INSERT INTO player_score VALUES('63b5b689a',66,'1bdc19df9','4b6104a4d',19380,1359,1654039765,1654039765);
INSERT INTO player_score VALUES('6267d4e32',66,'1bdc19df9','53eb166da',23040,1206,1654004755,1654004755);
INSERT INTO player_score VALUES('61f5c3403',66,'1bdc19df9','54c502fd2',431244,1176,1653992794,1653992794);
INSERT INTO player_score VALUES('62a3bb5d9',66,'1bdc19df9','5a00ca676',59904,1174,1654011036,1654011036);
INSERT INTO player_score VALUES('62d07ce3a',66,'1bdc19df9','5bfdb326f',97308,1156,1654015729,1654015729);
INSERT INTO player_score VALUES('63c3e7575',66,'1bdc19df9','639310e7a',55610,1228,1654041253,1654041253);
INSERT INTO player_score VALUES('3418ab083',66,'1ea1a4f51','1fa601c8f',43680,321,1652761651,1652761651);
INSERT INTO player_score VALUES('61e6f3b9c',66,'1ea1a4f51','241ab4d51',102960,1293,1653991241,1653991241);
INSERT INTO player_score VALUES('63456af84',66,'1ea1a4f51','2518e612f',39886,1375,1654027990,1654027990);
INSERT INTO player_score VALUES('3d92c21fa',66,'1ea1a4f51','2ccd3ff16',425292,537,1653016045,1653016045);
INSERT INTO player_score VALUES('5147776f7',66,'1ea1a4f51','3b1f84648',85680,1191,1653545021,1653545021);
INSERT INTO player_score VALUES('630072bb0',66,'1ea1a4f51','3bcc0e4f4',23940,1320,1654020758,1654020758);
INSERT INTO player_score VALUES('63937c562',66,'1ea1a4f51','4b6104a4d',228389,1354,1654036176,1654036176);
INSERT INTO player_score VALUES('5f2e60fc8',66,'1ea1a4f51','53eb166da',216117,958,1653918200,1653918200);
INSERT INTO player_score VALUES('63c42bb3b',66,'1ea1a4f51','5a00ca676',3584,1347,1654041281,1654041281);
INSERT INTO player_score VALUES('63bc0ba4c',66,'1ea1a4f51','5bfdb326f',2610,1309,1654040429,1654040429);
INSERT INTO player_score VALUES('63c4860df',66,'1ea1a4f51','639310e7a',6068,1244,1654041318,1654041318);
INSERT INTO player_score VALUES('33a35b4a9',66,'1ea1d0e74','1fa601c8f',19926,318,1652749350,1652749350);
INSERT INTO player_score VALUES('62db8ceb0',66,'1ea1d0e74','241ab4d51',189720,1313,1654016889,1654016889);
INSERT INTO player_score VALUES('60f45b3ca',66,'1ea1d0e74','2518e612f',61752,1318,1653965803,1653965803);
INSERT INTO player_score VALUES('3c6170823',66,'1ea1d0e74','2ccd3ff16',123930,506,1652984030,1652984030);
INSERT INTO player_score VALUES('6147844f4',66,'1ea1d0e74','33852005c',102900,1306,1653974523,1653974523);
INSERT INTO player_score VALUES('5131aa60f',66,'1ea1d0e74','3b1f84648',253044,1186,1653542735,1653542735);
INSERT INTO player_score VALUES('61a32f1b0',66,'1ea1d0e74','3bcc0e4f4',17024,1269,1653984135,1653984135);
INSERT INTO player_score VALUES('62ec77f87',66,'1ea1d0e74','4b6104a4d',78880,1305,1654018663,1654018663);
INSERT INTO player_score VALUES('63416994b',66,'1ea1d0e74','53eb166da',14000,1279,1654027570,1654027570);
INSERT INTO player_score VALUES('5f38b9e64',66,'1ea1d0e74','54c502fd2',99875,923,1653919285,1653919285);
INSERT INTO player_score VALUES('62fea06cf',66,'1ea1d0e74','5a00ca676',35280,1235,1654020567,1654020567);
INSERT INTO player_score VALUES('637cc000c',66,'1ea1d0e74','5bfdb326f',0,1267,1654033792,1654033792);
INSERT INTO player_score VALUES('32e7c7439',66,'1f6977bc1','1fa601c8f',100254,308,1652729681,1652729681);
INSERT INTO player_score VALUES('63c6ed459',66,'1f6977bc1','241ab4d51',194618,1334,1654041570,1654041570);
INSERT INTO player_score VALUES('5995f5c16',66,'1f6977bc1','2518e612f',193752,1172,1653768000,1653768000);
INSERT INTO player_score VALUES('3d368e997',66,'1f6977bc1','2ccd3ff16',128656,530,1653006377,1653006377);
INSERT INTO player_score VALUES('62e77b1fe',66,'1f6977bc1','33852005c',510,1358,1654018140,1654018140);
INSERT INTO player_score VALUES('519f67a57',66,'1f6977bc1','3b1f84648',6664,1214,1653554242,1653554242);
INSERT INTO player_score VALUES('61d6d831e',66,'1f6977bc1','3bcc0e4f4',4650,1274,1653989552,1653989552);
INSERT INTO player_score VALUES('61ec32850',66,'1f6977bc1','4b6104a4d',12160,1249,1653991791,1653991791);
INSERT INTO player_score VALUES('63013aebd',66,'1f6977bc1','53eb166da',436480,1253,1654020840,1654020840);
INSERT INTO player_score VALUES('63bfa198b',66,'1f6977bc1','54c502fd2',0,1318,1654040805,1654040805);
INSERT INTO player_score VALUES('62c390c73',66,'1f6977bc1','5a00ca676',30420,1196,1654014374,1654014374);
INSERT INTO player_score VALUES('633ba96ce',66,'1f6977bc1','5bfdb326f',7125,1225,1654026967,1654026967);
INSERT INTO player_score VALUES('63c5ab030',66,'1f6977bc1','639310e7a',4620,1268,1654041438,1654041438);
INSERT INTO player_score VALUES('326803bea',66,'1ffed77cb','1fa601c8f',14229,303,1652716284,1652716284);
INSERT INTO player_score VALUES('5b948c37f',66,'1ffed77cb','241ab4d51',17080,1167,1653821539,1653821539);
INSERT INTO player_score VALUES('614410876',66,'1ffed77cb','2518e612f',46176,1323,1653974161,1653974161);
INSERT INTO player_score VALUES('3dfad2c32',66,'1ffed77cb','2ccd3ff16',7055,546,1653026957,1653026957);
INSERT INTO player_score VALUES('5f9034ea3',66,'1ffed77cb','33852005c',0,1259,1653928458,1653928458);
INSERT INTO player_score VALUES('5035a8375',66,'1ffed77cb','3b1f84648',134895,1119,1653516310,1653516310);
INSERT INTO player_score VALUES('6329f89b9',66,'1ffed77cb','3bcc0e4f4',594000,1332,1654025112,1654025112);
INSERT INTO player_score VALUES('63842ddf8',66,'1ffed77cb','53eb166da',54208,1301,1654034571,1654034571);
INSERT INTO player_score VALUES('6373872a6',66,'1ffed77cb','54c502fd2',0,1296,1654032825,1654032825);
INSERT INTO player_score VALUES('63729f3d4',66,'1ffed77cb','5a00ca676',408,1306,1654032730,1654032730);
INSERT INTO player_score VALUES('63c4af8cd',66,'1ffed77cb','639310e7a',67200,1249,1654041335,1654041335);
INSERT INTO player_score VALUES('348e24469',66,'212817ab1','1fa601c8f',1176,327,1652773969,1652773969);
INSERT INTO player_score VALUES('5b588adf7',66,'212817ab1','2518e612f',162288,1209,1653815247,1653815247);
INSERT INTO player_score VALUES('3cd1cab43',66,'212817ab1','2ccd3ff16',56628,518,1652995811,1652995811);
INSERT INTO player_score VALUES('63772bc92',66,'212817ab1','33852005c',324850,1375,1654033207,1654033207);
INSERT INTO player_score VALUES('51af4fe84',66,'212817ab1','3b1f84648',40986,1218,1653555910,1653555910);
INSERT INTO player_score VALUES('637621ae3',66,'212817ab1','4b6104a4d',5920,1345,1654033098,1654033098);
INSERT INTO player_score VALUES('63a975570',66,'212817ab1','53eb166da',610280,1313,1654038480,1654038480);
INSERT INTO player_score VALUES('63b34cded',66,'212817ab1','5a00ca676',20250,1337,1654039512,1654039512);
INSERT INTO player_score VALUES('63c69f244',66,'212817ab1','639310e7a',15075,1290,1654041538,1654041538);
INSERT INTO player_score VALUES('3116bf69f',66,'2412d1c88','1fa601c8f',0,277,1652680919,1652680919);
INSERT INTO player_score VALUES('61f160309',66,'2412d1c88','241ab4d51',198927,1294,1653992334,1653992334);
INSERT INTO player_score VALUES('61989926a',66,'2412d1c88','2518e612f',43254,1328,1653983025,1653983025);
INSERT INTO player_score VALUES('637129b54',66,'2412d1c88','33852005c',436392,1373,1654032577,1654032577);
INSERT INTO player_score VALUES('51e04fdd4',66,'2412d1c88','3b1f84648',127680,1225,1653561048,1653561048);
INSERT INTO player_score VALUES('63270ff7b',66,'2412d1c88','3bcc0e4f4',0,1330,1654024807,1654024807);
INSERT INTO player_score VALUES('61b87854f',66,'2412d1c88','4b6104a4d',68742,1237,1653986367,1653986367);
INSERT INTO player_score VALUES('635212b7b',66,'2412d1c88','53eb166da',12320,1283,1654029317,1654029317);
INSERT INTO player_score VALUES('630c5997c',66,'2412d1c88','5a00ca676',117453,1241,1654022006,1654022006);
INSERT INTO player_score VALUES('62b082d8f',66,'2412d1c88','5bfdb326f',132720,1132,1654012376,1654012376);
INSERT INTO player_score VALUES('3395f9fef',66,'25e56792e','1fa601c8f',621350,317,1652747947,1652747947);
INSERT INTO player_score VALUES('623e73a30',66,'25e56792e','241ab4d51',70308,1303,1654000416,1654000416);
INSERT INTO player_score VALUES('6327963f8',66,'25e56792e','2518e612f',510692,1373,1654024862,1654024862);
INSERT INTO player_score VALUES('3d339ea59',66,'25e56792e','2ccd3ff16',68931,529,1653006069,1653006069);
INSERT INTO player_score VALUES('61d072031',66,'25e56792e','33852005c',0,1318,1653988881,1653988881);
INSERT INTO player_score VALUES('51ad9876a',66,'25e56792e','3b1f84648',386946,1217,1653555730,1653555730);
INSERT INTO player_score VALUES('62e5cfdde',66,'25e56792e','3bcc0e4f4',7560,1317,1654017965,1654017965);
INSERT INTO player_score VALUES('62f5fc818',66,'25e56792e','4b6104a4d',2200,1307,1654019661,1654019661);
INSERT INTO player_score VALUES('63afcf503',66,'25e56792e','53eb166da',15128,1317,1654039146,1654039146);
INSERT INTO player_score VALUES('62803ee91',66,'25e56792e','54c502fd2',90402,1224,1654007315,1654007315);
INSERT INTO player_score VALUES('63924d99b',66,'25e56792e','5a00ca676',66120,1324,1654036052,1654036052);
INSERT INTO player_score VALUES('63ad23b39',66,'25e56792e','5bfdb326f',121040,1294,1654038866,1654038866);
INSERT INTO player_score VALUES('63c5bc1bc',66,'25e56792e','639310e7a',2475,1270,1654041445,1654041445);
INSERT INTO player_score VALUES('3226e35fc',66,'261e93cf4','1fa601c8f',409860,299,1652709455,1652709455);
INSERT INTO player_score VALUES('620c20590',66,'261e93cf4','241ab4d51',89250,1298,1653995139,1653995139);
INSERT INTO player_score VALUES('62d173766',66,'261e93cf4','2518e612f',84456,1360,1654015830,1654015830);
INSERT INTO player_score VALUES('3cd3c4123',66,'261e93cf4','2ccd3ff16',552,519,1652996018,1652996018);
INSERT INTO player_score VALUES('638d88e1f',66,'261e93cf4','33852005c',433200,1380,1654035552,1654035552);
INSERT INTO player_score VALUES('4f966e7e7',66,'261e93cf4','3b1f84648',6480,1078,1653499614,1653499614);
INSERT INTO player_score VALUES('5ff271dd6',66,'261e93cf4','3bcc0e4f4',36750,1207,1653938759,1653938759);
INSERT INTO player_score VALUES('621181489',66,'261e93cf4','4b6104a4d',312910,1259,1653995703,1653995703);
INSERT INTO player_score VALUES('630cc9e6b',66,'261e93cf4','53eb166da',172872,1255,1654022052,1654022052);
INSERT INTO player_score VALUES('6321a5432',66,'261e93cf4','54c502fd2',197904,1276,1654024239,1654024239);
INSERT INTO player_score VALUES('634a3491f',66,'261e93cf4','5a00ca676',231660,1274,1654028492,1654028492);
INSERT INTO player_score VALUES('62eb3343f',66,'261e93cf4','5bfdb326f',27840,1175,1654018530,1654018530);
INSERT INTO player_score VALUES('63c65ac80',66,'261e93cf4','639310e7a',31552,1286,1654041510,1654041510);
INSERT INTO player_score VALUES('31ca1d60c',66,'26633df2b','1fa601c8f',43000,290,1652699727,1652699727);
INSERT INTO player_score VALUES('5aa3fe2c8',66,'26633df2b','241ab4d51',43344,1149,1653796315,1653796315);
INSERT INTO player_score VALUES('63677e212',66,'26633df2b','2518e612f',216672,1382,1654031563,1654031563);
INSERT INTO player_score VALUES('3d7cfed6f',66,'26633df2b','2ccd3ff16',174669,535,1653013763,1653013763);
INSERT INTO player_score VALUES('5cfd9bd71',66,'26633df2b','33852005c',8568,1192,1653859399,1653859399);
INSERT INTO player_score VALUES('5186fb370',66,'26633df2b','3b1f84648',77140,1207,1653551681,1653551681);
INSERT INTO player_score VALUES('61218f7fd',66,'26633df2b','3bcc0e4f4',199144,1250,1653970543,1653970543);
INSERT INTO player_score VALUES('62e2ced53',66,'26633df2b','53eb166da',134688,1239,1654017650,1654017650);
INSERT INTO player_score VALUES('608fafc07',66,'26633df2b','54c502fd2',177504,1055,1653955247,1653955247);
INSERT INTO player_score VALUES('639b7076a',66,'26633df2b','5a00ca676',11088,1328,1654037010,1654037010);
INSERT INTO player_score VALUES('61bb3ec64',66,'26633df2b','5bfdb326f',12474,960,1653986658,1653986658);
INSERT INTO player_score VALUES('63c28cad9',66,'26633df2b','639310e7a',24910,1201,1654041111,1654041111);
INSERT INTO player_score VALUES('34302d1a0',66,'288b1ac82','1fa601c8f',660,322,1652764116,1652764116);
INSERT INTO player_score VALUES('62acb99ec',66,'288b1ac82','2518e612f',61161,1357,1654011979,1654011979);
INSERT INTO player_score VALUES('3dc227ec4',66,'288b1ac82','2ccd3ff16',214830,543,1653021015,1653021015);
INSERT INTO player_score VALUES('62193fb7d',66,'288b1ac82','33852005c',611460,1329,1653996515,1653996515);
INSERT INTO player_score VALUES('50afb076a',66,'288b1ac82','3b1f84648',227103,1151,1653529106,1653529106);
INSERT INTO player_score VALUES('61f3068c9',66,'288b1ac82','3bcc0e4f4',34848,1281,1653992507,1653992507);
INSERT INTO player_score VALUES('6338d4512',66,'288b1ac82','4b6104a4d',277984,1327,1654026670,1654026670);
INSERT INTO player_score VALUES('60965f31b',66,'288b1ac82','53eb166da',194880,1064,1653955948,1653955948);
INSERT INTO player_score VALUES('63b2e654a',66,'288b1ac82','54c502fd2',121440,1315,1654039470,1654039470);
INSERT INTO player_score VALUES('634b45fcb',66,'288b1ac82','5a00ca676',464645,1275,1654028604,1654028604);
INSERT INTO player_score VALUES('63b22301b',66,'288b1ac82','5bfdb326f',50220,1301,1654039390,1654039390);
INSERT INTO player_score VALUES('63c6389eb',66,'288b1ac82','639310e7a',1596,1280,1654041496,1654041496);
INSERT INTO player_score VALUES('34388f160',66,'2a11dcf8a','1fa601c8f',146200,323,1652764995,1652764995);
INSERT INTO player_score VALUES('632ab70b0',66,'2a11dcf8a','241ab4d51',243276,1322,1654025190,1654025190);
INSERT INTO player_score VALUES('3dd28f23c',66,'2a11dcf8a','2ccd3ff16',20069,545,1653022735,1653022735);
INSERT INTO player_score VALUES('6253d0641',66,'2a11dcf8a','33852005c',527000,1335,1654002656,1654002656);
INSERT INTO player_score VALUES('51f133971',66,'2a11dcf8a','3b1f84648',38236,1230,1653562819,1653562819);
INSERT INTO player_score VALUES('617abd186',66,'2a11dcf8a','3bcc0e4f4',230547,1265,1653979894,1653979894);
INSERT INTO player_score VALUES('6292563ce',66,'2a11dcf8a','4b6104a4d',34320,1280,1654009212,1654009212);
INSERT INTO player_score VALUES('63bc7bf13',66,'2a11dcf8a','53eb166da',167904,1322,1654040475,1654040475);
INSERT INTO player_score VALUES('638c8fe00',66,'2a11dcf8a','54c502fd2',9880,1305,1654035450,1654035450);
INSERT INTO player_score VALUES('63c36fbae',66,'2a11dcf8a','5a00ca676',9450,1346,1654041204,1654041204);
INSERT INTO player_score VALUES('6367ceadf',66,'2a11dcf8a','5bfdb326f',3045,1251,1654031596,1654031596);
INSERT INTO player_score VALUES('63c7208e4',66,'2a11dcf8a','639310e7a',1792,1301,1654041591,1654041591);
INSERT INTO player_score VALUES('3406f2e67',66,'2a1d69830','1fa601c8f',476160,320,1652759793,1652759793);
INSERT INTO player_score VALUES('5e319df1c',66,'2a1d69830','241ab4d51',57536,1230,1653891696,1653891696);
INSERT INTO player_score VALUES('634f75c71',66,'2a1d69830','2518e612f',78039,1376,1654029043,1654029043);
INSERT INTO player_score VALUES('3dc28720d',66,'2a1d69830','2ccd3ff16',197925,544,1653021054,1653021054);
INSERT INTO player_score VALUES('61acc7259',66,'2a1d69830','33852005c',22176,1315,1653985141,1653985141);
INSERT INTO player_score VALUES('51f84e6da',66,'2a1d69830','3b1f84648',231556,1232,1653563564,1653563564);
INSERT INTO player_score VALUES('621f5554b',66,'2a1d69830','3bcc0e4f4',16168,1289,1653997153,1653997153);
INSERT INTO player_score VALUES('639a1aad9',66,'2a1d69830','4b6104a4d',501270,1357,1654036870,1654036870);
INSERT INTO player_score VALUES('63259f52c',66,'2a1d69830','53eb166da',20790,1268,1654024656,1654024656);
INSERT INTO player_score VALUES('615eeb828',66,'2a1d69830','54c502fd2',27075,1119,1653976977,1653976977);
INSERT INTO player_score VALUES('6392f39a8',66,'2a1d69830','5a00ca676',95634,1326,1654036120,1654036120);
INSERT INTO player_score VALUES('6387d27b8',66,'2a1d69830','5bfdb326f',38640,1272,1654034953,1654034953);
INSERT INTO player_score VALUES('63c56df7d',66,'2a1d69830','639310e7a',110126,1262,1654041413,1654041413);
INSERT INTO player_score VALUES('6361f3a63',66,'2a275975f','241ab4d51',93062,1329,1654030982,1654030982);
INSERT INTO player_score VALUES('3c1ad1e56',66,'2a275975f','2ccd3ff16',0,493,1652976625,1652976625);
INSERT INTO player_score VALUES('514d3a09c',66,'2a275975f','3b1f84648',26264,1194,1653545625,1653545625);
INSERT INTO player_score VALUES('616290243',66,'2a275975f','3bcc0e4f4',546140,1262,1653977359,1653977359);
INSERT INTO player_score VALUES('6333fc152',66,'2a275975f','4b6104a4d',4840,1325,1654026162,1654026162);
INSERT INTO player_score VALUES('639c893bc',66,'2a275975f','53eb166da',60320,1308,1654037125,1654037125);
INSERT INTO player_score VALUES('63c6b78e3',66,'2a275975f','54c502fd2',198450,1320,1654041548,1654041548);
INSERT INTO player_score VALUES('62e9d3b35',66,'2a275975f','5a00ca676',185504,1226,1654018386,1654018386);
INSERT INTO player_score VALUES('63c57c9f4',66,'2a275975f','639310e7a',160992,1263,1654041419,1654041419);
INSERT INTO player_score VALUES('3482c61b7',66,'2b8ac63cb','1fa601c8f',87120,325,1652772777,1652772777);
INSERT INTO player_score VALUES('621015828',66,'2b8ac63cb','241ab4d51',376584,1300,1653995554,1653995554);
INSERT INTO player_score VALUES('3d1d26b65',66,'2b8ac63cb','2ccd3ff16',54720,526,1653003713,1653003713);
INSERT INTO player_score VALUES('60145429b',66,'2b8ac63cb','33852005c',1872,1278,1653942312,1653942312);
INSERT INTO player_score VALUES('4f56b0254',66,'2b8ac63cb','3b1f84648',126000,1066,1653492930,1653492930);
INSERT INTO player_score VALUES('60b33ae11',66,'2b8ac63cb','4b6104a4d',86583,1182,1653958974,1653958974);
INSERT INTO player_score VALUES('636cdf104',66,'2b8ac63cb','53eb166da',35112,1294,1654032127,1654032127);
INSERT INTO player_score VALUES('63a41942f',66,'2b8ac63cb','5bfdb326f',0,1287,1654037918,1654037918);
INSERT INTO player_score VALUES('63c700d09',66,'2b8ac63cb','639310e7a',375936,1298,1654041578,1654041578);
INSERT INTO player_score VALUES('348f04e03',66,'2cd58987e','1fa601c8f',49329,328,1652774061,1652774061);
INSERT INTO player_score VALUES('62b224567',66,'2cd58987e','241ab4d51',25344,1310,1654012547,1654012547);
INSERT INTO player_score VALUES('622bd602e',66,'2cd58987e','2518e612f',191250,1347,1653998464,1653998464);
INSERT INTO player_score VALUES('3c9152cf3',66,'2cd58987e','2ccd3ff16',461700,509,1652989051,1652989051);
INSERT INTO player_score VALUES('6220e829a',66,'2cd58987e','33852005c',3168,1331,1653997318,1653997318);
INSERT INTO player_score VALUES('51d2c50e3',66,'2cd58987e','3b1f84648',104040,1222,1653559628,1653559628);
INSERT INTO player_score VALUES('6303567a7',66,'2cd58987e','3bcc0e4f4',39060,1323,1654021061,1654021061);
INSERT INTO player_score VALUES('63a9f92a3',66,'2cd58987e','5a00ca676',3420,1333,1654038534,1654038534);
INSERT INTO player_score VALUES('62cee79ea',66,'2cd58987e','5bfdb326f',314072,1154,1654015563,1654015563);
INSERT INTO player_score VALUES('63c6f229a',66,'2cd58987e','639310e7a',123006,1297,1654041572,1654041572);
INSERT INTO player_score VALUES('336571af6',66,'2f035280e','1fa601c8f',129360,314,1652742858,1652742858);
INSERT INTO player_score VALUES('6141b7ebc',66,'2f035280e','241ab4d51',392040,1276,1653973915,1653973915);
INSERT INTO player_score VALUES('5e436c0e6',66,'2f035280e','2518e612f',18480,1262,1653893563,1653893563);
INSERT INTO player_score VALUES('3daae2df6',66,'2f035280e','2ccd3ff16',28710,541,1653018575,1653018575);
INSERT INTO player_score VALUES('62cab5663',66,'2f035280e','33852005c',0,1353,1654015123,1654015123);
INSERT INTO player_score VALUES('511b91a83',66,'2f035280e','3b1f84648',452907,1181,1653540418,1653540418);
INSERT INTO player_score VALUES('61f6c6055',66,'2f035280e','3bcc0e4f4',244296,1283,1653992900,1653992900);
INSERT INTO player_score VALUES('617184432',66,'2f035280e','4b6104a4d',28826,1219,1653978927,1653978927);
INSERT INTO player_score VALUES('62c84e295',66,'2f035280e','54c502fd2',32760,1251,1654014871,1654014871);
INSERT INTO player_score VALUES('6390b5e26',66,'2f035280e','5a00ca676',155295,1323,1654035885,1654035885);
INSERT INTO player_score VALUES('636f5eb68',66,'2f035280e','5bfdb326f',0,1257,1654032389,1654032389);
INSERT INTO player_score VALUES('63c1346e8',66,'2f035280e','639310e7a',7308,1151,1654040970,1654040970);
INSERT INTO player_score VALUES('336bd2fcc',66,'30470e7b2','1fa601c8f',6240,315,1652743527,1652743527);
INSERT INTO player_score VALUES('63b31e7c3',66,'30470e7b2','241ab4d51',14476,1333,1654039493,1654039493);
INSERT INTO player_score VALUES('631d1162f',66,'30470e7b2','2518e612f',546,1372,1654023759,1654023759);
INSERT INTO player_score VALUES('3c449c21b',66,'30470e7b2','2ccd3ff16',89320,502,1652981007,1652981007);
INSERT INTO player_score VALUES('56f4a809e',66,'30470e7b2','33852005c',55440,1017,1653697399,1653697399);
INSERT INTO player_score VALUES('501f945de',66,'30470e7b2','3b1f84648',9261,1114,1653513995,1653513995);
INSERT INTO player_score VALUES('62cae8ab7',66,'30470e7b2','4b6104a4d',38304,1297,1654015144,1654015144);
INSERT INTO player_score VALUES('6360e23ac',66,'30470e7b2','53eb166da',179816,1288,1654030870,1654030870);
INSERT INTO player_score VALUES('6386225ac',66,'30470e7b2','54c502fd2',117000,1301,1654034776,1654034776);
INSERT INTO player_score VALUES('62ef434d4',66,'30470e7b2','5a00ca676',60480,1228,1654018956,1654018956);
INSERT INTO player_score VALUES('625844868',66,'30470e7b2','5bfdb326f',142560,1063,1654003123,1654003123);
INSERT INTO player_score VALUES('63c131fcb',66,'30470e7b2','639310e7a',1848,1150,1654040969,1654040969);
INSERT INTO player_score VALUES('61fbcca73',66,'30531c68e','241ab4d51',11385,1296,1653993427,1653993427);
INSERT INTO player_score VALUES('5ef56a777',66,'30531c68e','2518e612f',400400,1278,1653912227,1653912227);
INSERT INTO player_score VALUES('3b4cf5b39',66,'30531c68e','2ccd3ff16',478764,470,1652955039,1652955039);
INSERT INTO player_score VALUES('5fbaceb1c',66,'30531c68e','33852005c',181302,1264,1653932925,1653932925);
INSERT INTO player_score VALUES('513e04026',66,'30531c68e','3b1f84648',13860,1190,1653544030,1653544030);
INSERT INTO player_score VALUES('62663abe1',66,'30531c68e','3bcc0e4f4',665280,1296,1654004587,1654004587);
INSERT INTO player_score VALUES('61f494828',66,'30531c68e','4b6104a4d',30576,1254,1653992670,1653992670);
INSERT INTO player_score VALUES('639be8157',66,'30531c68e','53eb166da',67014,1307,1654037059,1654037059);
INSERT INTO player_score VALUES('636e0dcd3',66,'30531c68e','5a00ca676',623220,1303,1654032251,1654032251);
INSERT INTO player_score VALUES('6364d9d78',66,'30531c68e','5bfdb326f',29328,1249,1654031286,1654031286);
INSERT INTO player_score VALUES('63c63b0d0',66,'30531c68e','639310e7a',239200,1283,1654041497,1654041497);
INSERT INTO player_score VALUES('5d9536e3d',66,'321f5838b','241ab4d51',42636,1216,1653875296,1653875296);
INSERT INTO player_score VALUES('607dd7e38',66,'321f5838b','2518e612f',29880,1309,1653953376,1653953376);
INSERT INTO player_score VALUES('3bfd68969',66,'321f5838b','2ccd3ff16',56784,489,1652973541,1652973541);
INSERT INTO player_score VALUES('6236befb4',66,'321f5838b','33852005c',115,1333,1653999608,1653999608);
INSERT INTO player_score VALUES('520278fab',66,'321f5838b','3b1f84648',32928,1233,1653564630,1653564630);
INSERT INTO player_score VALUES('6380d4eea',66,'321f5838b','3bcc0e4f4',433620,1344,1654034220,1654034220);
INSERT INTO player_score VALUES('6382766a5',66,'321f5838b','4b6104a4d',373920,1348,1654034391,1654034391);
INSERT INTO player_score VALUES('636cabd04',66,'321f5838b','53eb166da',76194,1293,1654032106,1654032106);
INSERT INTO player_score VALUES('631a01b3a',66,'321f5838b','54c502fd2',375840,1274,1654023438,1654023438);
INSERT INTO player_score VALUES('6375fd0f2',66,'321f5838b','5a00ca676',154752,1309,1654033083,1654033083);
INSERT INTO player_score VALUES('63a9de505',66,'321f5838b','5bfdb326f',15180,1290,1654038523,1654038523);
INSERT INTO player_score VALUES('63c6e864b',66,'321f5838b','639310e7a',44712,1295,1654041568,1654041568);
INSERT INTO player_score VALUES('6338f40df',66,'34a99df5b','241ab4d51',18060,1325,1654026683,1654026683);
INSERT INTO player_score VALUES('625f6442c',66,'34a99df5b','2518e612f',41600,1351,1654003870,1654003870);
INSERT INTO player_score VALUES('3c99ecf55',66,'34a99df5b','2ccd3ff16',356040,511,1652989953,1652989953);
INSERT INTO player_score VALUES('62ccd5d54',66,'34a99df5b','33852005c',61506,1354,1654015346,1654015346);
INSERT INTO player_score VALUES('6319768b4',66,'34a99df5b','3bcc0e4f4',134676,1327,1654023381,1654023381);
INSERT INTO player_score VALUES('62930ae8a',66,'34a99df5b','4b6104a4d',2904,1281,1654009286,1654009286);
INSERT INTO player_score VALUES('6384accfd',66,'34a99df5b','53eb166da',122880,1302,1654034623,1654034623);
INSERT INTO player_score VALUES('63a65219d',66,'34a99df5b','54c502fd2',36400,1311,1654038151,1654038151);
INSERT INTO player_score VALUES('62ccb1360',66,'34a99df5b','5a00ca676',2133,1206,1654015331,1654015331);
INSERT INTO player_score VALUES('63c279258',66,'34a99df5b','639310e7a',8712,1197,1654041103,1654041103);
INSERT INTO player_score VALUES('5ef314545',66,'35999bf17','241ab4d51',48692,1244,1653911982,1653911982);
INSERT INTO player_score VALUES('638f23091',66,'35999bf17','2518e612f',186760,1385,1654035720,1654035720);
INSERT INTO player_score VALUES('61122151e',66,'35999bf17','33852005c',74304,1298,1653968925,1653968925);
INSERT INTO player_score VALUES('5104b0b7f',66,'35999bf17','3b1f84648',223200,1173,1653538019,1653538019);
INSERT INTO player_score VALUES('63236dcf4',66,'35999bf17','3bcc0e4f4',51597,1329,1654024426,1654024426);
INSERT INTO player_score VALUES('618fb0e09',66,'35999bf17','4b6104a4d',94752,1230,1653982091,1653982091);
INSERT INTO player_score VALUES('62683de0f',66,'35999bf17','54c502fd2',6380,1215,1654004798,1654004798);
INSERT INTO player_score VALUES('626f9aa55',66,'35999bf17','5a00ca676',56826,1145,1654005570,1654005570);
INSERT INTO player_score VALUES('63c3b1a1c',66,'35999bf17','5bfdb326f',181260,1314,1654041231,1654041231);
INSERT INTO player_score VALUES('63be09e18',66,'35999bf17','639310e7a',59584,1072,1654040638,1654040638);
INSERT INTO player_score VALUES('6359d1221',66,'369bdd37d','241ab4d51',131040,1327,1654030129,1654030129);
INSERT INTO player_score VALUES('3d99236b9',66,'369bdd37d','2ccd3ff16',299250,538,1653016714,1653016714);
INSERT INTO player_score VALUES('5daead730',66,'369bdd37d','33852005c',10608,1215,1653877966,1653877966);
INSERT INTO player_score VALUES('4ff5c2cdf',66,'369bdd37d','3b1f84648',26754,1101,1653509610,1653509610);
INSERT INTO player_score VALUES('629b96666',66,'369bdd37d','3bcc0e4f4',1596,1306,1654010182,1654010182);
INSERT INTO player_score VALUES('636a2745a',66,'369bdd37d','4b6104a4d',58752,1338,1654031842,1654031842);
INSERT INTO player_score VALUES('6350fc669',66,'369bdd37d','53eb166da',624,1281,1654029203,1654029203);
INSERT INTO player_score VALUES('635d671e7',66,'369bdd37d','5a00ca676',178500,1293,1654030505,1654030505);
INSERT INTO player_score VALUES('63c6585a2',66,'369bdd37d','639310e7a',5145,1285,1654041509,1654041509);
INSERT INTO player_score VALUES('6229e3f8b',66,'36b98ae2e','241ab4d51',60900,1302,1653998260,1653998260);
INSERT INTO player_score VALUES('62ffeee34',66,'36b98ae2e','2518e612f',11040,1369,1654020704,1654020704);
INSERT INTO player_score VALUES('3d9fabcb5',66,'36b98ae2e','2ccd3ff16',181332,539,1653017399,1653017399);
INSERT INTO player_score VALUES('625532677',66,'36b98ae2e','33852005c',190026,1336,1654002801,1654002801);
INSERT INTO player_score VALUES('516e060b3',66,'36b98ae2e','3b1f84648',394092,1201,1653549064,1653549064);
INSERT INTO player_score VALUES('5f0fb086a',66,'36b98ae2e','3bcc0e4f4',15795,1168,1653914982,1653914982);
INSERT INTO player_score VALUES('636c1bc42',66,'36b98ae2e','4b6104a4d',13944,1339,1654032047,1654032047);
INSERT INTO player_score VALUES('638dc5eb1',66,'36b98ae2e','53eb166da',96040,1305,1654035577,1654035577);
INSERT INTO player_score VALUES('628d9dbe9',66,'36b98ae2e','54c502fd2',217750,1232,1654008717,1654008717);
INSERT INTO player_score VALUES('634f86dcd',66,'36b98ae2e','5a00ca676',10904,1277,1654029050,1654029050);
INSERT INTO player_score VALUES('63b167079',66,'36b98ae2e','5bfdb326f',84303,1299,1654039313,1654039313);
INSERT INTO player_score VALUES('63b83b0f9',66,'36b98ae2e','639310e7a',616,921,1654040029,1654040029);
INSERT INTO player_score VALUES('5d41bd43e',66,'37210696d','241ab4d51',449820,1207,1653866543,1653866543);
INSERT INTO player_score VALUES('595b3b983',66,'37210696d','2518e612f',55660,1170,1653761842,1653761842);
INSERT INTO player_score VALUES('3d6fac2f3',66,'37210696d','2ccd3ff16',95004,534,1653012366,1653012366);
INSERT INTO player_score VALUES('639cf237e',66,'37210696d','33852005c',88638,1384,1654037168,1654037168);
INSERT INTO player_score VALUES('50b77633d',66,'37210696d','3b1f84648',582,1153,1653529921,1653529921);
INSERT INTO player_score VALUES('636d2abf9',66,'37210696d','3bcc0e4f4',17355,1340,1654032158,1654032158);
INSERT INTO player_score VALUES('6339a163f',66,'37210696d','4b6104a4d',81120,1328,1654026754,1654026754);
INSERT INTO player_score VALUES('62bfb8e40',66,'37210696d','53eb166da',71250,1226,1654013971,1654013971);
INSERT INTO player_score VALUES('628f7eb7c',66,'37210696d','54c502fd2',211899,1234,1654008914,1654008914);
INSERT INTO player_score VALUES('62dbfd3c9',66,'37210696d','5a00ca676',108875,1212,1654016935,1654016935);
INSERT INTO player_score VALUES('63b594591',66,'37210696d','5bfdb326f',101376,1305,1654039751,1654039751);
INSERT INTO player_score VALUES('63c26ceff',66,'37210696d','639310e7a',469920,1194,1654041098,1654041098);
INSERT INTO player_score VALUES('6271c746c',66,'385f137a0','2518e612f',53768,1353,1654005798,1654005798);
INSERT INTO player_score VALUES('39a855058',66,'385f137a0','2ccd3ff16',333960,419,1652910933,1652910933);
INSERT INTO player_score VALUES('5cddf4d06',66,'385f137a0','33852005c',212268,1186,1653856080,1653856080);
INSERT INTO player_score VALUES('625083a75',66,'385f137a0','3bcc0e4f4',8700,1295,1654002310,1654002310);
INSERT INTO player_score VALUES('634a25e8c',66,'385f137a0','4b6104a4d',118523,1334,1654028486,1654028486);
INSERT INTO player_score VALUES('6142c6ef7',66,'385f137a0','53eb166da',79948,1118,1653974026,1653974026);
INSERT INTO player_score VALUES('6205a42e5',66,'385f137a0','54c502fd2',20700,1182,1653994459,1653994459);
INSERT INTO player_score VALUES('62d1625f5',66,'385f137a0','5a00ca676',19665,1209,1654015823,1654015823);
INSERT INTO player_score VALUES('6372782aa',66,'385f137a0','5bfdb326f',479232,1259,1654032714,1654032714);
INSERT INTO player_score VALUES('63c256f7a',66,'385f137a0','639310e7a',10780,1192,1654041089,1654041089);
INSERT INTO player_score VALUES('62abec8c9',66,'387234ee5','2518e612f',17712,1356,1654011895,1654011895);
INSERT INTO player_score VALUES('631d4988e',66,'387234ee5','33852005c',49896,1365,1654023782,1654023782);
INSERT INTO player_score VALUES('4ff65f0cf',66,'387234ee5','3b1f84648',582048,1102,1653509674,1653509674);
INSERT INTO player_score VALUES('61f0476d0',66,'387234ee5','3bcc0e4f4',82236,1280,1653992219,1653992219);
INSERT INTO player_score VALUES('6386ab119',66,'387234ee5','4b6104a4d',181440,1350,1654034832,1654034832);
INSERT INTO player_score VALUES('62d7efa2c',66,'387234ee5','53eb166da',158100,1231,1654016510,1654016510);
INSERT INTO player_score VALUES('63ac9fde5',66,'387234ee5','54c502fd2',451980,1312,1654038812,1654038812);
INSERT INTO player_score VALUES('62f73501b',66,'387234ee5','5a00ca676',144432,1232,1654019789,1654019789);
INSERT INTO player_score VALUES('63a6f33ab',66,'387234ee5','5bfdb326f',40040,1288,1654038217,1654038217);
INSERT INTO player_score VALUES('620e1745c',66,'3ae136b18','241ab4d51',94240,1299,1653995345,1653995345);
INSERT INTO player_score VALUES('627bfe068',66,'3ae136b18','2518e612f',126160,1354,1654006869,1654006869);
INSERT INTO player_score VALUES('3d7dcbed0',66,'3ae136b18','2ccd3ff16',43520,536,1653013847,1653013847);
INSERT INTO player_score VALUES('628a31489',66,'3ae136b18','33852005c',516800,1344,1654008358,1654008358);
INSERT INTO player_score VALUES('51922888c',66,'3ae136b18','3b1f84648',18696,1208,1653552853,1653552853);
INSERT INTO player_score VALUES('631e9f567',66,'3ae136b18','3bcc0e4f4',358892,1328,1654023922,1654023922);
INSERT INTO player_score VALUES('6264f607a',66,'3ae136b18','4b6104a4d',20336,1272,1654004454,1654004454);
INSERT INTO player_score VALUES('63b40b4a7',66,'3ae136b18','53eb166da',59616,1318,1654039590,1654039590);
INSERT INTO player_score VALUES('637df3a3d',66,'3ae136b18','54c502fd2',83538,1300,1654033918,1654033918);
INSERT INTO player_score VALUES('639bd21cd',66,'3ae136b18','5a00ca676',16200,1329,1654037050,1654037050);
INSERT INTO player_score VALUES('63b0c104c',66,'3ae136b18','5bfdb326f',4345,1296,1654039245,1654039245);
INSERT INTO player_score VALUES('63c6d4dee',66,'3ae136b18','639310e7a',6496,1293,1654041560,1654041560);
INSERT INTO player_score VALUES('5f5673c58',66,'3b1c68818','2518e612f',115290,1286,1653922402,1653922402);
INSERT INTO player_score VALUES('3c9b2f3b3',66,'3b1c68818','2ccd3ff16',2132,512,1652990085,1652990085);
INSERT INTO player_score VALUES('626d50b2f',66,'3b1c68818','33852005c',34170,1343,1654005330,1654005330);
INSERT INTO player_score VALUES('51dec6ca8',66,'3b1c68818','3b1f84648',258628,1224,1653560887,1653560887);
INSERT INTO player_score VALUES('6312b6043',66,'3b1c68818','3bcc0e4f4',6840,1326,1654022673,1654022673);
INSERT INTO player_score VALUES('638aff7b0',66,'3b1c68818','4b6104a4d',244800,1352,1654035286,1654035286);
INSERT INTO player_score VALUES('63c52e7cb',66,'3b1c68818','53eb166da',106904,1324,1654041387,1654041387);
INSERT INTO player_score VALUES('63377c15e',66,'3b1c68818','54c502fd2',277420,1281,1654026529,1654026529);
INSERT INTO player_score VALUES('6258c10c1',66,'3b1c68818','5a00ca676',324576,1136,1654003174,1654003174);
INSERT INTO player_score VALUES('638f05bd1',66,'3b1c68818','5bfdb326f',89562,1273,1654035708,1654035708);
INSERT INTO player_score VALUES('63c63b0d1',66,'3b1c68818','639310e7a',96350,1281,1654041497,1654041497);
INSERT INTO player_score VALUES('5bb119c9b',66,'3b72e32d4','241ab4d51',0,1171,1653824533,1653824533);
INSERT INTO player_score VALUES('62f3312a1',66,'3b72e32d4','2518e612f',82080,1367,1654019368,1654019368);
INSERT INTO player_score VALUES('3c44f1971',66,'3b72e32d4','2ccd3ff16',113490,503,1652981042,1652981042);
INSERT INTO player_score VALUES('628ca24c3',66,'3b72e32d4','33852005c',14454,1346,1654008614,1654008614);
INSERT INTO player_score VALUES('5004d4398',66,'3b72e32d4','3b1f84648',11856,1104,1653511190,1653511190);
INSERT INTO player_score VALUES('6387b2c17',66,'3b72e32d4','3bcc0e4f4',224664,1345,1654034940,1654034940);
INSERT INTO player_score VALUES('63327a572',66,'3b72e32d4','53eb166da',262640,1274,1654026004,1654026004);
INSERT INTO player_score VALUES('62f2a873e',66,'3b72e32d4','54c502fd2',88872,1260,1654019312,1654019312);
INSERT INTO player_score VALUES('638b7e704',66,'3b72e32d4','5a00ca676',161184,1322,1654035338,1654035338);
INSERT INTO player_score VALUES('6303d56dd',66,'3b72e32d4','5bfdb326f',71145,1191,1654021113,1654021113);
INSERT INTO player_score VALUES('63c62ed6b',66,'3b72e32d4','639310e7a',278784,1278,1654041492,1654041492);
INSERT INTO player_score VALUES('6336a53b7',66,'3b99c9ac0','241ab4d51',0,1324,1654026441,1654026441);
INSERT INTO player_score VALUES('60546a6c8',66,'3b99c9ac0','2518e612f',47385,1304,1653949032,1653949032);
INSERT INTO player_score VALUES('3d2276927',66,'3b99c9ac0','2ccd3ff16',6440,528,1653004270,1653004270);
INSERT INTO player_score VALUES('5fd6dfc20',66,'3b99c9ac0','33852005c',72324,1267,1653935868,1653935868);
INSERT INTO player_score VALUES('63c51617c',66,'3b99c9ac0','3bcc0e4f4',66096,1351,1654041377,1654041377);
INSERT INTO player_score VALUES('6229035de',66,'3b99c9ac0','4b6104a4d',67022,1262,1653998168,1653998168);
INSERT INTO player_score VALUES('63129d98e',66,'3b99c9ac0','53eb166da',292658,1258,1654022663,1654022663);
INSERT INTO player_score VALUES('63439158b',66,'3b99c9ac0','54c502fd2',1215,1284,1654027796,1654027796);
INSERT INTO player_score VALUES('62af78bb8',66,'3b99c9ac0','5bfdb326f',535424,1131,1654012267,1654012267);
INSERT INTO player_score VALUES('63c3e0055',66,'3b99c9ac0','639310e7a',138180,1226,1654041250,1654041250);
INSERT INTO player_score VALUES('61bb461b1',66,'3e42cc089','2518e612f',3553,1333,1653986661,1653986661);
INSERT INTO player_score VALUES('5f6b3e0c8',66,'3e42cc089','33852005c',40180,1252,1653924582,1653924582);
INSERT INTO player_score VALUES('513ac5ed1',66,'3e42cc089','3b1f84648',7956,1189,1653543690,1653543690);
INSERT INTO player_score VALUES('61adb66c0',66,'3e42cc089','3bcc0e4f4',25024,1271,1653985239,1653985239);
INSERT INTO player_score VALUES('6398c26ad',66,'3e42cc089','4b6104a4d',27200,1356,1654036729,1654036729);
INSERT INTO player_score VALUES('63b8b7940',66,'3e42cc089','53eb166da',138624,1320,1654040080,1654040080);
INSERT INTO player_score VALUES('63a3007cf',66,'3e42cc089','54c502fd2',433998,1310,1654037803,1654037803);
INSERT INTO player_score VALUES('63c692f3f',66,'3e42cc089','5a00ca676',157542,1349,1654041533,1654041533);
INSERT INTO player_score VALUES('62da398f0',66,'3e42cc089','5bfdb326f',245088,1161,1654016750,1654016750);
INSERT INTO player_score VALUES('5b66e051d',66,'3e630f535','241ab4d51',66825,1162,1653816750,1653816750);
INSERT INTO player_score VALUES('63c2177bc',66,'3e630f535','2518e612f',143350,1387,1654041063,1654041063);
INSERT INTO player_score VALUES('6031d370b',66,'3e630f535','33852005c',44608,1281,1653945405,1653945405);
INSERT INTO player_score VALUES('51dd0320e',66,'3e630f535','3b1f84648',0,1223,1653560702,1653560702);
INSERT INTO player_score VALUES('630275dbf',66,'3e630f535','3bcc0e4f4',144,1322,1654020969,1654020969);
INSERT INTO player_score VALUES('62fc5195c',66,'3e630f535','5a00ca676',32928,1233,1654020325,1654020325);
INSERT INTO player_score VALUES('63c51af60',66,'3e630f535','5bfdb326f',96064,1316,1654041379,1654041379);
INSERT INTO player_score VALUES('63bfb2b13',66,'3e630f535','639310e7a',127232,1110,1654040812,1654040812);
INSERT INTO player_score VALUES('616e266f8',66,'41e871b72','241ab4d51',14336,1278,1653978574,1653978574);
INSERT INTO player_score VALUES('637f2740c',66,'41e871b72','33852005c',3040,1376,1654034044,1654034044);
INSERT INTO player_score VALUES('51a839f2b',66,'41e871b72','3b1f84648',131200,1216,1653555167,1653555167);
INSERT INTO player_score VALUES('62a354d2a',66,'41e871b72','3bcc0e4f4',371864,1308,1654010994,1654010994);
INSERT INTO player_score VALUES('6321b8c9f',66,'41e871b72','4b6104a4d',33880,1321,1654024247,1654024247);
INSERT INTO player_score VALUES('63adcc2e5',66,'41e871b72','53eb166da',1250,1315,1654038935,1654038935);
INSERT INTO player_score VALUES('609c3ca78',66,'41e871b72','54c502fd2',258230,1060,1653956563,1653956563);
INSERT INTO player_score VALUES('6357e3f80',66,'41e871b72','5a00ca676',153272,1290,1654029927,1654029927);
INSERT INTO player_score VALUES('63b2abbd9',66,'41e871b72','5bfdb326f',0,1303,1654039446,1654039446);
INSERT INTO player_score VALUES('63c3f11b7',66,'41e871b72','639310e7a',426455,1231,1654041257,1654041257);
INSERT INTO player_score VALUES('61f666ce9',66,'43799426e','2518e612f',26784,1341,1653992861,1653992861);
INSERT INTO player_score VALUES('61bdd462b',66,'43799426e','33852005c',48576,1316,1653986929,1653986929);
INSERT INTO player_score VALUES('5164a896f',66,'43799426e','3b1f84648',166320,1199,1653548082,1653548082);
INSERT INTO player_score VALUES('620d71411',66,'43799426e','3bcc0e4f4',2065,1288,1653995277,1653995277);
INSERT INTO player_score VALUES('634563a75',66,'43799426e','4b6104a4d',3230,1332,1654027987,1654027987);
INSERT INTO player_score VALUES('63bcfd572',66,'43799426e','53eb166da',11560,1323,1654040528,1654040528);
INSERT INTO player_score VALUES('6159eeaaf',66,'43799426e','54c502fd2',202616,1117,1653976454,1653976454);
INSERT INTO player_score VALUES('632c00a06',66,'43799426e','5a00ca676',34320,1258,1654025325,1654025325);
INSERT INTO player_score VALUES('63c37e5f4',66,'43799426e','5bfdb326f',605880,1313,1654041210,1654041210);
INSERT INTO player_score VALUES('62f422e07',66,'43fa11332','241ab4d51',43500,1318,1654019467,1654019467);
INSERT INTO player_score VALUES('5c6eae818',66,'43fa11332','2518e612f',214484,1224,1653844412,1653844412);
INSERT INTO player_score VALUES('63c07d55a',66,'43fa11332','33852005c',9720,1388,1654040895,1654040895);
INSERT INTO player_score VALUES('5194775d3',66,'43fa11332','3b1f84648',562684,1210,1653553095,1653553095);
INSERT INTO player_score VALUES('635ec91b1',66,'43fa11332','3bcc0e4f4',320068,1338,1654030650,1654030650);
INSERT INTO player_score VALUES('618d9ca25',66,'43fa11332','4b6104a4d',68544,1229,1653981873,1653981873);
INSERT INTO player_score VALUES('635479f59',66,'43fa11332','53eb166da',18720,1284,1654029569,1654029569);
INSERT INTO player_score VALUES('63bef1d0f',66,'43fa11332','54c502fd2',88704,1317,1654040733,1654040733);
INSERT INTO player_score VALUES('634c3f081',66,'43fa11332','5a00ca676',50544,1276,1654028706,1654028706);
INSERT INTO player_score VALUES('6349ba7b8',66,'43fa11332','5bfdb326f',40800,1231,1654028442,1654028442);
INSERT INTO player_score VALUES('620828b3e',66,'44efdb92a','241ab4d51',480480,1297,1653994723,1653994723);
INSERT INTO player_score VALUES('636b957c5',66,'44efdb92a','2518e612f',86742,1383,1654031992,1654031992);
INSERT INTO player_score VALUES('519f1bf5e',66,'44efdb92a','3b1f84648',64152,1213,1653554211,1653554211);
INSERT INTO player_score VALUES('6389ff1f3',66,'44efdb92a','4b6104a4d',1776,1351,1654035181,1654035181);
INSERT INTO player_score VALUES('6258ad823',66,'44efdb92a','53eb166da',338580,1200,1654003166,1654003166);
INSERT INTO player_score VALUES('6310a91f2',66,'44efdb92a','54c502fd2',152561,1269,1654022458,1654022458);
INSERT INTO player_score VALUES('636c0f8c0',66,'44efdb92a','5a00ca676',12925,1301,1654032042,1654032042);
INSERT INTO player_score VALUES('639b6e04a',66,'44efdb92a','5bfdb326f',118560,1283,1654037009,1654037009);
INSERT INTO player_score VALUES('63c6a40b0',66,'44efdb92a','639310e7a',38745,1291,1654041540,1654041540);
INSERT INTO player_score VALUES('5a60d0e97',66,'45baf8a4a','241ab4d51',563040,1143,1653789271,1653789271);
INSERT INTO player_score VALUES('61b022896',66,'45baf8a4a','2518e612f',34720,1331,1653985493,1653985493);
INSERT INTO player_score VALUES('5bc6a75e1',66,'45baf8a4a','33852005c',142272,1160,1653826793,1653826793);
INSERT INTO player_score VALUES('51786d9bc',66,'45baf8a4a','3b1f84648',2340,1203,1653550155,1653550155);
INSERT INTO player_score VALUES('62484b2b0',66,'45baf8a4a','3bcc0e4f4',130200,1294,1654001448,1654001448);
INSERT INTO player_score VALUES('636e1a02e',66,'45baf8a4a','53eb166da',1050,1295,1654032256,1654032256);
INSERT INTO player_score VALUES('637ce984e',66,'45baf8a4a','54c502fd2',243200,1299,1654033809,1654033809);
INSERT INTO player_score VALUES('63b63a5ce',66,'45baf8a4a','5a00ca676',494208,1340,1654039819,1654039819);
INSERT INTO player_score VALUES('63b51a497',66,'45baf8a4a','5bfdb326f',81620,1304,1654039701,1654039701);
INSERT INTO player_score VALUES('63c5d4864',66,'45baf8a4a','639310e7a',198360,1271,1654041455,1654041455);
INSERT INTO player_score VALUES('632ecbf2e',66,'45ea327d3','241ab4d51',77220,1323,1654025618,1654025618);
INSERT INTO player_score VALUES('61cedcbff',66,'45ea327d3','2518e612f',50760,1335,1653988715,1653988715);
INSERT INTO player_score VALUES('6364fc08a',66,'45ea327d3','33852005c',0,1372,1654031300,1654031300);
INSERT INTO player_score VALUES('515bcef3c',66,'45ea327d3','3b1f84648',502656,1195,1653547154,1653547154);
INSERT INTO player_score VALUES('63a85f035',66,'45ea327d3','3bcc0e4f4',174200,1347,1654038366,1654038366);
INSERT INTO player_score VALUES('636c5b3f3',66,'45ea327d3','4b6104a4d',18860,1340,1654032073,1654032073);
INSERT INTO player_score VALUES('63a57db20',66,'45ea327d3','53eb166da',2910,1312,1654038064,1654038064);
INSERT INTO player_score VALUES('63ad8f21f',66,'45ea327d3','54c502fd2',193648,1313,1654038910,1654038910);
INSERT INTO player_score VALUES('638308e5d',66,'45ea327d3','5a00ca676',46284,1316,1654034451,1654034451);
INSERT INTO player_score VALUES('6345b6a71',66,'45ea327d3','5bfdb326f',0,1230,1654028021,1654028021);
INSERT INTO player_score VALUES('6308c1325',66,'4656113e7','241ab4d51',73950,1320,1654021629,1654021629);
INSERT INTO player_score VALUES('6388d7b8f',66,'4656113e7','2518e612f',9234,1384,1654035060,1654035060);
INSERT INTO player_score VALUES('61f53333c',66,'4656113e7','33852005c',22620,1324,1653992735,1653992735);
INSERT INTO player_score VALUES('51c16e93a',66,'4656113e7','3b1f84648',167616,1221,1653557810,1653557810);
INSERT INTO player_score VALUES('61bfb2e74',66,'4656113e7','4b6104a4d',153811,1240,1653987125,1653987125);
INSERT INTO player_score VALUES('636542d4a',66,'4656113e7','54c502fd2',67488,1291,1654031329,1654031329);
INSERT INTO player_score VALUES('6356930dd',66,'4656113e7','5a00ca676',0,1286,1654029789,1654029789);
INSERT INTO player_score VALUES('63b27603c',66,'4656113e7','5bfdb326f',121072,1302,1654039424,1654039424);
INSERT INTO player_score VALUES('63c70f73a',66,'4656113e7','639310e7a',57024,1299,1654041584,1654041584);
INSERT INTO player_score VALUES('5e48ca947',66,'4663330cc','241ab4d51',9196,1231,1653894126,1653894126);
INSERT INTO player_score VALUES('5dfca181e',66,'4663330cc','2518e612f',4872,1256,1653886140,1653886140);
INSERT INTO player_score VALUES('6308e840f',66,'4663330cc','33852005c',137522,1362,1654021645,1654021645);
INSERT INTO player_score VALUES('5194245a9',66,'4663330cc','3b1f84648',33320,1209,1653553061,1653553061);
INSERT INTO player_score VALUES('635348c5f',66,'4663330cc','3bcc0e4f4',151360,1336,1654029444,1654029444);
INSERT INTO player_score VALUES('6372056c2',66,'4663330cc','4b6104a4d',1584,1342,1654032667,1654032667);
INSERT INTO player_score VALUES('6387addf1',66,'4663330cc','53eb166da',165360,1303,1654034938,1654034938);
INSERT INTO player_score VALUES('62d9a7147',66,'4663330cc','54c502fd2',18656,1254,1654016690,1654016690);
INSERT INTO player_score VALUES('636e12ae0',66,'4663330cc','5a00ca676',15295,1304,1654032253,1654032253);
INSERT INTO player_score VALUES('63abf4fc4',66,'4663330cc','5bfdb326f',177480,1292,1654038742,1654038742);
INSERT INTO player_score VALUES('5fb24332f',66,'475904bfc','241ab4d51',13572,1254,1653932029,1653932029);
INSERT INTO player_score VALUES('5c7a49b19',66,'475904bfc','2518e612f',384384,1226,1653845629,1653845629);
INSERT INTO player_score VALUES('639dc429c',66,'475904bfc','33852005c',0,1385,1654037254,1654037254);
INSERT INTO player_score VALUES('507b5c788',66,'475904bfc','3b1f84648',423808,1136,1653523619,1653523619);
INSERT INTO player_score VALUES('5f7c55065',66,'475904bfc','3bcc0e4f4',307098,1186,1653926374,1653926374);
INSERT INTO player_score VALUES('6348c8cac',66,'475904bfc','4b6104a4d',17568,1333,1654028343,1654028343);
INSERT INTO player_score VALUES('632159912',66,'475904bfc','53eb166da',58800,1266,1654024208,1654024208);
INSERT INTO player_score VALUES('62dde3123',66,'475904bfc','5a00ca676',26645,1216,1654017134,1654017134);
INSERT INTO player_score VALUES('63c63b0d2',66,'475904bfc','639310e7a',24564,1282,1654041497,1654041497);
INSERT INTO player_score VALUES('6288ec921',66,'47bd81d46','241ab4d51',857088,1307,1654008225,1654008225);
INSERT INTO player_score VALUES('61f93e5a2',66,'47bd81d46','2518e612f',450702,1342,1653993159,1653993159);
INSERT INTO player_score VALUES('600941b2e',66,'47bd81d46','33852005c',283920,1277,1653941151,1653941151);
INSERT INTO player_score VALUES('51f7b711f',66,'47bd81d46','3b1f84648',247000,1231,1653563502,1653563502);
INSERT INTO player_score VALUES('632bdbff2',66,'47bd81d46','3bcc0e4f4',127512,1333,1654025310,1654025310);
INSERT INTO player_score VALUES('63a250b8a',66,'47bd81d46','4b6104a4d',6720,1358,1654037731,1654037731);
INSERT INTO player_score VALUES('62f99eab3',66,'47bd81d46','53eb166da',53958,1248,1654020042,1654020042);
INSERT INTO player_score VALUES('63126570d',66,'47bd81d46','54c502fd2',643860,1271,1654022640,1654022640);
INSERT INTO player_score VALUES('636403038',66,'47bd81d46','5bfdb326f',4968,1248,1654031198,1654031198);
INSERT INTO player_score VALUES('63c49e764',66,'47bd81d46','639310e7a',146850,1247,1654041328,1654041328);
INSERT INTO player_score VALUES('5fc18300d',66,'4859abdc4','2518e612f',147420,1296,1653933628,1653933628);
INSERT INTO player_score VALUES('5f5904812',66,'4859abdc4','33852005c',124200,1251,1653922671,1653922671);
INSERT INTO player_score VALUES('50ceec0e1',66,'4859abdc4','3b1f84648',25200,1159,1653532381,1653532381);
INSERT INTO player_score VALUES('62ddc5c7a',66,'4859abdc4','3bcc0e4f4',1190,1315,1654017122,1654017122);
INSERT INTO player_score VALUES('62c676f6e',66,'4859abdc4','4b6104a4d',55335,1295,1654014678,1654014678);
INSERT INTO player_score VALUES('632f08fb9',66,'4859abdc4','53eb166da',314262,1270,1654025643,1654025643);
INSERT INTO player_score VALUES('629ab5d04',66,'4859abdc4','54c502fd2',68952,1236,1654010090,1654010090);
INSERT INTO player_score VALUES('637704b85',66,'4859abdc4','5a00ca676',13020,1310,1654033191,1654033191);
INSERT INTO player_score VALUES('626847a7f',66,'4859abdc4','5bfdb326f',140000,1076,1654004802,1654004802);
INSERT INTO player_score VALUES('63c2aed77',66,'4859abdc4','639310e7a',60690,1204,1654041125,1654041125);
INSERT INTO player_score VALUES('6382013ab',66,'48b80e768','241ab4d51',131544,1332,1654034343,1654034343);
INSERT INTO player_score VALUES('630004de5',66,'48b80e768','2518e612f',18900,1370,1654020713,1654020713);
INSERT INTO player_score VALUES('63b7d21a6',66,'48b80e768','33852005c',318472,1386,1654039986,1654039986);
INSERT INTO player_score VALUES('516427323',66,'48b80e768','3b1f84648',9936,1198,1653548029,1653548029);
INSERT INTO player_score VALUES('63ab90e0e',66,'48b80e768','3bcc0e4f4',48608,1348,1654038701,1654038701);
INSERT INTO player_score VALUES('62c545ca3',66,'48b80e768','4b6104a4d',188244,1293,1654014553,1654014553);
INSERT INTO player_score VALUES('63adb6353',66,'48b80e768','53eb166da',28864,1314,1654038926,1654038926);
INSERT INTO player_score VALUES('635ea95e6',66,'48b80e768','54c502fd2',94944,1290,1654030637,1654030637);
INSERT INTO player_score VALUES('63b4b3c0d',66,'48b80e768','5a00ca676',41040,1339,1654039659,1654039659);
INSERT INTO player_score VALUES('629927db4',66,'48b80e768','5bfdb326f',83232,1109,1654009927,1654009927);
INSERT INTO player_score VALUES('63ba67b45',66,'48b80e768','639310e7a',13200,979,1654040257,1654040257);
INSERT INTO player_score VALUES('636e2b17c',66,'48c5c5320','241ab4d51',33165,1330,1654032263,1654032263);
INSERT INTO player_score VALUES('5d6a56542',66,'48c5c5320','2518e612f',158080,1240,1653870800,1653870800);
INSERT INTO player_score VALUES('51e3fbcc3',66,'48c5c5320','3b1f84648',126400,1227,1653561433,1653561433);
INSERT INTO player_score VALUES('63bbcc2af',66,'48c5c5320','3bcc0e4f4',8640,1349,1654040403,1654040403);
INSERT INTO player_score VALUES('632564b97',66,'48c5c5320','4b6104a4d',61600,1322,1654024632,1654024632);
INSERT INTO player_score VALUES('62fe6ab71',66,'48c5c5320','54c502fd2',75460,1262,1654020545,1654020545);
INSERT INTO player_score VALUES('6380cd9f1',66,'48c5c5320','5a00ca676',22638,1314,1654034217,1654034217);
INSERT INTO player_score VALUES('63b0ecf03',66,'48c5c5320','5bfdb326f',75686,1297,1654039263,1654039263);
INSERT INTO player_score VALUES('63c4d69b9',66,'48c5c5320','639310e7a',75660,1252,1654041351,1654041351);
INSERT INTO player_score VALUES('5f33c462e',66,'497786915','241ab4d51',24381,1249,1653918765,1653918765);
INSERT INTO player_score VALUES('60627dee3',66,'497786915','2518e612f',149600,1308,1653950508,1653950508);
INSERT INTO player_score VALUES('62e658970',66,'497786915','33852005c',71440,1357,1654018021,1654018021);
INSERT INTO player_score VALUES('5183df4b2',66,'497786915','3b1f84648',23760,1206,1653551355,1653551355);
INSERT INTO player_score VALUES('60312139b',66,'497786915','3bcc0e4f4',416000,1213,1653945332,1653945332);
INSERT INTO player_score VALUES('6262dceb3',66,'497786915','4b6104a4d',266400,1270,1654004234,1654004234);
INSERT INTO player_score VALUES('62c229e8b',66,'497786915','53eb166da',15138,1227,1654014227,1654014227);
INSERT INTO player_score VALUES('62ecadb1b',66,'497786915','54c502fd2',439263,1259,1654018685,1654018685);
INSERT INTO player_score VALUES('6370e5594',66,'497786915','5a00ca676',1118,1305,1654032549,1654032549);
INSERT INTO player_score VALUES('63bce7592',66,'497786915','5bfdb326f',69825,1311,1654040519,1654040519);
INSERT INTO player_score VALUES('63c5d6f6e',66,'497786915','639310e7a',312700,1272,1654041456,1654041456);
INSERT INTO player_score VALUES('61c840d6b',66,'49c23c8a2','2518e612f',3705,1334,1653988022,1653988022);
INSERT INTO player_score VALUES('635d0f398',66,'49c23c8a2','33852005c',476,1371,1654030469,1654030469);
INSERT INTO player_score VALUES('51e9e7e90',66,'49c23c8a2','3b1f84648',108702,1228,1653562054,1653562054);
INSERT INTO player_score VALUES('605ef69f2',66,'49c23c8a2','3bcc0e4f4',226044,1219,1653950138,1653950138);
INSERT INTO player_score VALUES('62facfd83',66,'49c23c8a2','4b6104a4d',124425,1308,1654020167,1654020167);
INSERT INTO player_score VALUES('626cad201',66,'49c23c8a2','53eb166da',540,1208,1654005263,1654005263);
INSERT INTO player_score VALUES('620c7d1a7',66,'49c23c8a2','54c502fd2',78848,1185,1653995177,1653995177);
INSERT INTO player_score VALUES('62757f6d3',66,'49c23c8a2','5a00ca676',267,1146,1654006188,1654006188);
INSERT INTO player_score VALUES('63b20d0a3',66,'49c23c8a2','5bfdb326f',24320,1300,1654039381,1654039381);
INSERT INTO player_score VALUES('63c711e48',66,'49c23c8a2','639310e7a',44895,1300,1654041585,1654041585);
INSERT INTO player_score VALUES('59dfd4e62',66,'4a16bddac','241ab4d51',145860,1128,1653775746,1653775746);
INSERT INTO player_score VALUES('5fb0f99a5',66,'4a16bddac','2518e612f',222285,1292,1653931894,1653931894);
INSERT INTO player_score VALUES('519a41479',66,'4a16bddac','3b1f84648',202920,1211,1653553702,1653553702);
INSERT INTO player_score VALUES('63012c462',66,'4a16bddac','3bcc0e4f4',61908,1321,1654020834,1654020834);
INSERT INTO player_score VALUES('6212ad970',66,'4a16bddac','4b6104a4d',26344,1260,1653995826,1653995826);
INSERT INTO player_score VALUES('6321c76d6',66,'4a16bddac','53eb166da',11025,1267,1654024253,1654024253);
INSERT INTO player_score VALUES('608489c0b',66,'4a16bddac','54c502fd2',37260,1050,1653954078,1653954078);
INSERT INTO player_score VALUES('634182015',66,'4a16bddac','5a00ca676',15525,1266,1654027580,1654027580);
INSERT INTO player_score VALUES('631354b41',66,'4a16bddac','5bfdb326f',6762,1201,1654022738,1654022738);
INSERT INTO player_score VALUES('63c649b16',66,'4a16bddac','639310e7a',37584,1284,1654041503,1654041503);
INSERT INTO player_score VALUES('63602158d',66,'4b4c44212','241ab4d51',1170,1328,1654030791,1654030791);
INSERT INTO player_score VALUES('6009fdb16',66,'4b4c44212','2518e612f',310288,1301,1653941228,1653941228);
INSERT INTO player_score VALUES('62354be1a',66,'4b4c44212','33852005c',66120,1332,1653999456,1653999456);
INSERT INTO player_score VALUES('500fee030',66,'4b4c44212','3b1f84648',597600,1109,1653512354,1653512354);
INSERT INTO player_score VALUES('6374766f9',66,'4b4c44212','3bcc0e4f4',154048,1341,1654032923,1654032923);
INSERT INTO player_score VALUES('63920e1f6',66,'4b4c44212','4b6104a4d',11305,1353,1654036026,1654036026);
INSERT INTO player_score VALUES('62bd5ddfe',66,'4b4c44212','54c502fd2',580800,1243,1654013724,1654013724);
INSERT INTO player_score VALUES('61d680521',66,'4b4c44212','5a00ca676',278208,1083,1653989516,1653989516);
INSERT INTO player_score VALUES('63b12035e',66,'4b4c44212','5bfdb326f',8064,1298,1654039284,1654039284);
INSERT INTO player_score VALUES('63c11e76f',66,'4b4c44212','639310e7a',7776,1146,1654040961,1654040961);
INSERT INTO player_score VALUES('610e84048',66,'4b622e7c0','241ab4d51',280112,1273,1653968546,1653968546);
INSERT INTO player_score VALUES('5a243d1be',66,'4b622e7c0','2518e612f',74256,1184,1653782919,1653782919);
INSERT INTO player_score VALUES('638686766',66,'4b622e7c0','33852005c',174794,1378,1654034817,1654034817);
INSERT INTO player_score VALUES('5fd043da7',66,'4b622e7c0','3bcc0e4f4',14400,1198,1653935175,1653935175);
INSERT INTO player_score VALUES('6311df2ae',66,'4b622e7c0','4b6104a4d',64575,1316,1654022585,1654022585);
INSERT INTO player_score VALUES('63656ec59',66,'4b622e7c0','53eb166da',253134,1291,1654031347,1654031347);
INSERT INTO player_score VALUES('62159d89f',66,'4b622e7c0','54c502fd2',89600,1191,1653996134,1653996134);
INSERT INTO player_score VALUES('638522039',66,'4b622e7c0','5a00ca676',358248,1318,1654034671,1654034671);
INSERT INTO player_score VALUES('6394e0c69',66,'4b622e7c0','5bfdb326f',31080,1275,1654036322,1654036322);
INSERT INTO player_score VALUES('63c28cada',66,'4b622e7c0','639310e7a',29241,1200,1654041111,1654041111);
INSERT INTO player_score VALUES('62c601c81',66,'4d1e45033','241ab4d51',180096,1312,1654014630,1654014630);
INSERT INTO player_score VALUES('62f0d6232',66,'4d1e45033','2518e612f',78300,1366,1654019121,1654019121);
INSERT INTO player_score VALUES('6262172e8',66,'4d1e45033','33852005c',88200,1338,1654004153,1654004153);
INSERT INTO player_score VALUES('5165a8ecf',66,'4d1e45033','3b1f84648',15120,1200,1653548187,1653548187);
INSERT INTO player_score VALUES('63a4a1f8f',66,'4d1e45033','3bcc0e4f4',179025,1346,1654037974,1654037974);
INSERT INTO player_score VALUES('63807826f',66,'4d1e45033','4b6104a4d',247156,1346,1654034182,1654034182);
INSERT INTO player_score VALUES('6375ebf6f',66,'4d1e45033','53eb166da',133163,1299,1654033076,1654033076);
INSERT INTO player_score VALUES('6386b7477',66,'4d1e45033','54c502fd2',37323,1302,1654034837,1654034837);
INSERT INTO player_score VALUES('634423d3e',66,'4d1e45033','5a00ca676',88704,1268,1654027856,1654027856);
INSERT INTO player_score VALUES('63c11c07b',66,'4d1e45033','5bfdb326f',1225,1312,1654040960,1654040960);
INSERT INTO player_score VALUES('63c0b5780',66,'4d1e45033','639310e7a',150660,1142,1654040918,1654040918);
INSERT INTO player_score VALUES('61020838e',66,'4dab2a578','241ab4d51',169556,1272,1653967237,1653967237);
INSERT INTO player_score VALUES('62e5a8d17',66,'4dab2a578','2518e612f',611800,1364,1654017949,1654017949);
INSERT INTO player_score VALUES('638d69253',66,'4dab2a578','33852005c',589632,1379,1654035539,1654035539);
INSERT INTO player_score VALUES('5d1996f0d',66,'4dab2a578','3bcc0e4f4',155472,1099,1653862333,1653862333);
INSERT INTO player_score VALUES('610211fe2',66,'4dab2a578','4b6104a4d',25575,1201,1653967241,1653967241);
INSERT INTO player_score VALUES('63b5240da',66,'4dab2a578','53eb166da',218868,1319,1654039705,1654039705);
INSERT INTO player_score VALUES('61322c72d',66,'4dab2a578','54c502fd2',116698,1107,1653972285,1653972285);
INSERT INTO player_score VALUES('6382f2efa',66,'4dab2a578','5a00ca676',6570,1315,1654034442,1654034442);
INSERT INTO player_score VALUES('63994161b',66,'4dab2a578','5bfdb326f',183000,1280,1654036781,1654036781);
INSERT INTO player_score VALUES('63c6b03d4',66,'4dab2a578','639310e7a',240240,1292,1654041545,1654041545);
INSERT INTO player_score VALUES('619ec72f4',66,'4ef0ac6dc','241ab4d51',76296,1286,1653983673,1653983673);
INSERT INTO player_score VALUES('620c9cdc8',66,'4ef0ac6dc','2518e612f',14208,1345,1653995190,1653995190);
INSERT INTO player_score VALUES('620aca88b',66,'4ef0ac6dc','33852005c',67340,1327,1653994999,1653994999);
INSERT INTO player_score VALUES('5108ecb33',66,'4ef0ac6dc','3b1f84648',2600,1175,1653538463,1653538463);
INSERT INTO player_score VALUES('6381abc7e',66,'4ef0ac6dc','4b6104a4d',218592,1347,1654034308,1654034308);
INSERT INTO player_score VALUES('6375374c0',66,'4ef0ac6dc','53eb166da',649440,1298,1654033002,1654033002);
INSERT INTO player_score VALUES('6349edc48',66,'4ef0ac6dc','5a00ca676',73440,1273,1654028463,1654028463);
INSERT INTO player_score VALUES('637d5c405',66,'4ef0ac6dc','5bfdb326f',17010,1268,1654033856,1654033856);
INSERT INTO player_score VALUES('63c689307',66,'4ef0ac6dc','639310e7a',26220,1288,1654041529,1654041529);
INSERT INTO player_score VALUES('5eae93b10',66,'4fa65935c','241ab4d51',27456,1240,1653904799,1653904799);
INSERT INTO player_score VALUES('6256ec49c',66,'4fa65935c','2518e612f',114460,1349,1654002982,1654002982);
INSERT INTO player_score VALUES('5ecb0666a',66,'4fa65935c','33852005c',27216,1241,1653907782,1653907782);
INSERT INTO player_score VALUES('4e4c8bd1b',66,'4fa65935c','3b1f84648',396500,1014,1653465023,1653465023);
INSERT INTO player_score VALUES('63499fa0f',66,'4fa65935c','3bcc0e4f4',274400,1335,1654028431,1654028431);
INSERT INTO player_score VALUES('63a141b96',66,'4fa65935c','54c502fd2',70200,1309,1654037620,1654037620);
INSERT INTO player_score VALUES('63b69c056',66,'4fa65935c','5bfdb326f',17640,1306,1654039859,1654039859);
INSERT INTO player_score VALUES('63c28a37d',66,'4fa65935c','639310e7a',71610,1199,1654041110,1654041110);
INSERT INTO player_score VALUES('61b1c8e5e',66,'500361243','241ab4d51',156658,1289,1653985666,1653985666);
INSERT INTO player_score VALUES('60a0e67f4',66,'500361243','2518e612f',4128,1310,1653957052,1653957052);
INSERT INTO player_score VALUES('638173a14',66,'500361243','33852005c',207583,1377,1654034285,1654034285);
INSERT INTO player_score VALUES('51a0e6f1c',66,'500361243','3b1f84648',222300,1215,1653554399,1653554399);
INSERT INTO player_score VALUES('630829d09',66,'500361243','4b6104a4d',12672,1311,1654021567,1654021567);
INSERT INTO player_score VALUES('62eea980f',66,'500361243','53eb166da',707168,1244,1654018893,1654018893);
INSERT INTO player_score VALUES('628f616a7',66,'500361243','54c502fd2',32266,1233,1654008902,1654008902);
INSERT INTO player_score VALUES('63c56b86e',66,'500361243','5a00ca676',388080,1348,1654041412,1654041412);
INSERT INTO player_score VALUES('63b97d550',66,'500361243','5bfdb326f',290832,1308,1654040161,1654040161);
INSERT INTO player_score VALUES('63c279259',66,'500361243','639310e7a',28810,1198,1654041103,1654041103);
INSERT INTO player_score VALUES('5b0245ee5',66,'5033ee55c','241ab4d51',89352,1155,1653806201,1653806201);
INSERT INTO player_score VALUES('6241b6971',66,'5033ee55c','2518e612f',280500,1348,1654000758,1654000758);
INSERT INTO player_score VALUES('51ea70a39',66,'5033ee55c','3b1f84648',1680,1229,1653562110,1653562110);
INSERT INTO player_score VALUES('5bb276e87',66,'5033ee55c','3bcc0e4f4',19908,1042,1653824676,1653824676);
INSERT INTO player_score VALUES('635343e49',66,'5033ee55c','4b6104a4d',0,1336,1654029442,1654029442);
INSERT INTO player_score VALUES('62733cd50',66,'5033ee55c','54c502fd2',141588,1220,1654005951,1654005951);
INSERT INTO player_score VALUES('63b958b76',66,'5033ee55c','5bfdb326f',24750,1307,1654040146,1654040146);
INSERT INTO player_score VALUES('63c633bc1',66,'5033ee55c','639310e7a',96642,1279,1654041494,1654041494);
INSERT INTO player_score VALUES('62783e916',66,'50d7e08a6','241ab4d51',26714,1306,1654006476,1654006476);
INSERT INTO player_score VALUES('60c0c0ccd',66,'50d7e08a6','2518e612f',211600,1316,1653960392,1653960392);
INSERT INTO player_score VALUES('6395b2b8c',66,'50d7e08a6','33852005c',581256,1382,1654036408,1654036408);
INSERT INTO player_score VALUES('4fa7d612b',66,'50d7e08a6','3b1f84648',31680,1082,1653501439,1653501439);
INSERT INTO player_score VALUES('60b8aced9',66,'50d7e08a6','3bcc0e4f4',51612,1235,1653959545,1653959545);
INSERT INTO player_score VALUES('6384accfc',66,'50d7e08a6','4b6104a4d',12180,1349,1654034623,1654034623);
INSERT INTO player_score VALUES('639a469c6',66,'50d7e08a6','53eb166da',222264,1306,1654036888,1654036888);
INSERT INTO player_score VALUES('62331cd13',66,'50d7e08a6','54c502fd2',99000,1201,1653999227,1653999227);
INSERT INTO player_score VALUES('635538620',66,'50d7e08a6','5a00ca676',2280,1285,1654029647,1654029647);
INSERT INTO player_score VALUES('63b0a1451',66,'50d7e08a6','5bfdb326f',323204,1295,1654039232,1654039232);
INSERT INTO player_score VALUES('63c410dcd',66,'50d7e08a6','639310e7a',234432,1234,1654041270,1654041270);
INSERT INTO player_score VALUES('611651168',66,'50e35c020','241ab4d51',0,1274,1653969364,1653969364);
INSERT INTO player_score VALUES('632cf732a',66,'50e35c020','33852005c',283500,1367,1654025426,1654025426);
INSERT INTO player_score VALUES('51b4bd138',66,'50e35c020','3b1f84648',196080,1219,1653556479,1653556479);
INSERT INTO player_score VALUES('62ea6ff36',66,'50e35c020','4b6104a4d',49136,1304,1654018450,1654018450);
INSERT INTO player_score VALUES('63510b09f',66,'50e35c020','53eb166da',329460,1282,1654029209,1654029209);
INSERT INTO player_score VALUES('63a104adf',66,'50e35c020','54c502fd2',476000,1308,1654037595,1654037595);
INSERT INTO player_score VALUES('62354e51a',66,'50e35c020','5a00ca676',302036,1127,1653999457,1653999457);
INSERT INTO player_score VALUES('63c48fcea',66,'50e35c020','5bfdb326f',129654,1315,1654041322,1654041322);
INSERT INTO player_score VALUES('63bbb6313',66,'50e35c020','639310e7a',401968,1015,1654040394,1654040394);
INSERT INTO player_score VALUES('573dcb324',66,'51d08753a','241ab4d51',550,1066,1653705068,1653705068);
INSERT INTO player_score VALUES('5f657419c',66,'51d08753a','2518e612f',7650,1287,1653923975,1653923975);
INSERT INTO player_score VALUES('62bcfc34e',66,'51d08753a','33852005c',44880,1349,1654013684,1654013684);
INSERT INTO player_score VALUES('5016b84f5',66,'51d08753a','3b1f84648',75615,1111,1653513066,1653513066);
INSERT INTO player_score VALUES('5ff33c7c2',66,'51d08753a','3bcc0e4f4',240264,1208,1653938842,1653938842);
INSERT INTO player_score VALUES('62572e35d',66,'51d08753a','4b6104a4d',49358,1269,1654003009,1654003009);
INSERT INTO player_score VALUES('638a8f2d7',66,'51d08753a','53eb166da',32364,1304,1654035240,1654035240);
INSERT INTO player_score VALUES('638aac781',66,'51d08753a','54c502fd2',20709,1304,1654035252,1654035252);
INSERT INTO player_score VALUES('638437a01',66,'51d08753a','5a00ca676',490680,1317,1654034575,1654034575);
INSERT INTO player_score VALUES('63bc6866f',66,'51d08753a','5bfdb326f',15504,1310,1654040467,1654040467);
INSERT INTO player_score VALUES('63c50ec23',66,'51d08753a','639310e7a',49248,1254,1654041374,1654041374);
INSERT INTO player_score VALUES('57e5c13a4',66,'51ee28c50','2518e612f',147246,1136,1653722680,1653722680);
INSERT INTO player_score VALUES('62de36162',66,'51ee28c50','33852005c',6840,1356,1654017168,1654017168);
INSERT INTO player_score VALUES('4e66974be',66,'51ee28c50','3b1f84648',32340,1017,1653467754,1653467754);
INSERT INTO player_score VALUES('62677a8f8',66,'51ee28c50','3bcc0e4f4',115056,1298,1654004718,1654004718);
INSERT INTO player_score VALUES('630d8855a',66,'51ee28c50','4b6104a4d',30080,1315,1654022130,1654022130);
INSERT INTO player_score VALUES('637f58123',66,'51ee28c50','53eb166da',32928,1300,1654034064,1654034064);
INSERT INTO player_score VALUES('63464e078',66,'51ee28c50','5a00ca676',1872,1271,1654028083,1654028083);
INSERT INTO player_score VALUES('631eefe57',66,'51ee28c50','5bfdb326f',2700,1209,1654023955,1654023955);
INSERT INTO player_score VALUES('63c6e5f22',66,'51ee28c50','639310e7a',3162,1294,1654041567,1654041567);
INSERT INTO player_score VALUES('61faa53d9',66,'530110bee','241ab4d51',188415,1295,1653993306,1653993306);
INSERT INTO player_score VALUES('614a08d5c',66,'530110bee','2518e612f',108783,1324,1653974787,1653974787);
INSERT INTO player_score VALUES('63914acf6',66,'530110bee','33852005c',65518,1381,1654035946,1654035946);
INSERT INTO player_score VALUES('62a74c726',66,'530110bee','3bcc0e4f4',9804,1310,1654011410,1654011410);
INSERT INTO player_score VALUES('62c050465',66,'530110bee','4b6104a4d',161535,1290,1654014033,1654014033);
INSERT INTO player_score VALUES('62bdabfeb',66,'530110bee','53eb166da',18705,1225,1654013756,1654013756);
INSERT INTO player_score VALUES('6305c9eaf',66,'530110bee','54c502fd2',36800,1266,1654021318,1654021318);
INSERT INTO player_score VALUES('63bdf3e9b',66,'530110bee','5a00ca676',82800,1343,1654040629,1654040629);
INSERT INTO player_score VALUES('63c59c5d1',66,'530110bee','639310e7a',1944,1266,1654041432,1654041432);
INSERT INTO player_score VALUES('630911c43',66,'541c44c2c','241ab4d51',231660,1321,1654021662,1654021662);
INSERT INTO player_score VALUES('621b16e9a',66,'541c44c2c','2518e612f',55440,1346,1653996708,1653996708);
INSERT INTO player_score VALUES('63bc797f1',66,'541c44c2c','33852005c',247350,1387,1654040474,1654040474);
INSERT INTO player_score VALUES('630942977',66,'541c44c2c','3bcc0e4f4',267976,1324,1654021682,1654021682);
INSERT INTO player_score VALUES('63432acce',66,'541c44c2c','4b6104a4d',288360,1329,1654027754,1654027754);
INSERT INTO player_score VALUES('632f8a619',66,'541c44c2c','53eb166da',2640,1272,1654025696,1654025696);
INSERT INTO player_score VALUES('63747b4ec',66,'541c44c2c','54c502fd2',70560,1297,1654032925,1654032925);
INSERT INTO player_score VALUES('639eff1bf',66,'541c44c2c','5a00ca676',202800,1330,1654037383,1654037383);
INSERT INTO player_score VALUES('634b12b99',66,'541c44c2c','5bfdb326f',142560,1234,1654028583,1654028583);
INSERT INTO player_score VALUES('63c6efb98',66,'541c44c2c','639310e7a',160160,1296,1654041571,1654041571);
INSERT INTO player_score VALUES('6380315b1',66,'54487b1d3','241ab4d51',264252,1331,1654034153,1654034153);
INSERT INTO player_score VALUES('63bc21987',66,'54487b1d3','2518e612f',203770,1386,1654040438,1654040438);
INSERT INTO player_score VALUES('62b3b2468',66,'54487b1d3','33852005c',147200,1348,1654012710,1654012710);
INSERT INTO player_score VALUES('62c48c3f7',66,'54487b1d3','4b6104a4d',15925,1292,1654014477,1654014477);
INSERT INTO player_score VALUES('60bbe13f4',66,'54487b1d3','53eb166da',43617,1080,1653959881,1653959881);
INSERT INTO player_score VALUES('612400831',66,'54487b1d3','54c502fd2',235752,1105,1653970799,1653970799);
INSERT INTO player_score VALUES('635b729ea',66,'54487b1d3','5a00ca676',120384,1291,1654030300,1654030300);
INSERT INTO player_score VALUES('632c401ac',66,'54487b1d3','5bfdb326f',39600,1219,1654025351,1654025351);
INSERT INTO player_score VALUES('63c2f81ae',66,'54487b1d3','639310e7a',32384,1211,1654041155,1654041155);
INSERT INTO player_score VALUES('5b91f1b7b',66,'56c35518a','241ab4d51',9975,1165,1653821266,1653821266);
INSERT INTO player_score VALUES('635e0aadb',66,'56c35518a','2518e612f',73359,1380,1654030572,1654030572);
INSERT INTO player_score VALUES('626b9bb12',66,'56c35518a','33852005c',169984,1341,1654005151,1654005151);
INSERT INTO player_score VALUES('627ed0b03',66,'56c35518a','3bcc0e4f4',2754,1303,1654007165,1654007165);
INSERT INTO player_score VALUES('6170a3a37',66,'56c35518a','4b6104a4d',9120,1218,1653978835,1653978835);
INSERT INTO player_score VALUES('63a09bb58',66,'56c35518a','53eb166da',110400,1310,1654037552,1654037552);
INSERT INTO player_score VALUES('626ae9797',66,'56c35518a','54c502fd2',216750,1217,1654005078,1654005078);
INSERT INTO player_score VALUES('639a04b37',66,'56c35518a','5a00ca676',84912,1327,1654036861,1654036861);
INSERT INTO player_score VALUES('63ad12a1f',66,'56c35518a','5bfdb326f',33792,1293,1654038859,1654038859);
INSERT INTO player_score VALUES('63c67a892',66,'56c35518a','639310e7a',45540,1287,1654041523,1654041523);
INSERT INTO player_score VALUES('5fc9f6156',66,'57bc08123','241ab4d51',76228,1258,1653934514,1653934514);
INSERT INTO player_score VALUES('61ec8a64b',66,'57bc08123','2518e612f',62073,1338,1653991827,1653991827);
INSERT INTO player_score VALUES('6201a056b',66,'57bc08123','33852005c',244260,1326,1653994038,1653994038);
INSERT INTO player_score VALUES('6267f4a3f',66,'57bc08123','3bcc0e4f4',469965,1299,1654004768,1654004768);
INSERT INTO player_score VALUES('6331ccff3',66,'57bc08123','53eb166da',31536,1273,1654025933,1654025933);
INSERT INTO player_score VALUES('622b37524',66,'57bc08123','54c502fd2',12000,1198,1653998399,1653998399);
INSERT INTO player_score VALUES('6386dbe7f',66,'57bc08123','5a00ca676',66215,1321,1654034852,1654034852);
INSERT INTO player_score VALUES('63686d602',66,'57bc08123','5bfdb326f',330220,1253,1654031661,1654031661);
INSERT INTO player_score VALUES('63c69f245',66,'57bc08123','639310e7a',49580,1289,1654041538,1654041538);
INSERT INTO player_score VALUES('6180c67fd',66,'57f322835','241ab4d51',2418,1282,1653980527,1653980527);
INSERT INTO player_score VALUES('60b7f5d2a',66,'57f322835','33852005c',88938,1293,1653959470,1653959470);
INSERT INTO player_score VALUES('60a04cada',66,'57f322835','3bcc0e4f4',5115,1229,1653956989,1653956989);
INSERT INTO player_score VALUES('614f7d532',66,'57f322835','4b6104a4d',132704,1210,1653975359,1653975359);
INSERT INTO player_score VALUES('63b958b75',66,'57f322835','53eb166da',39060,1321,1654040146,1654040146);
INSERT INTO player_score VALUES('61c3aa891',66,'57f322835','54c502fd2',4998,1154,1653987541,1653987541);
INSERT INTO player_score VALUES('63be0ec2d',66,'57f322835','5a00ca676',74256,1344,1654040640,1654040640);
INSERT INTO player_score VALUES('626906115',66,'57f322835','5bfdb326f',102900,1077,1654004880,1654004880);
INSERT INTO player_score VALUES('63c5531d6',66,'57f322835','639310e7a',72864,1261,1654041402,1654041402);
INSERT INTO player_score VALUES('5c49b527f',66,'5824fe2fa','241ab4d51',122148,1189,1653840535,1653840535);
INSERT INTO player_score VALUES('62f342445',66,'5824fe2fa','2518e612f',11088,1368,1654019375,1654019375);
INSERT INTO player_score VALUES('6357761f5',66,'5824fe2fa','33852005c',228072,1370,1654029882,1654029882);
INSERT INTO player_score VALUES('62d05d283',66,'5824fe2fa','3bcc0e4f4',54096,1314,1654015716,1654015716);
INSERT INTO player_score VALUES('62c922902',66,'5824fe2fa','4b6104a4d',21252,1296,1654014958,1654014958);
INSERT INTO player_score VALUES('61e4e6d73',66,'5824fe2fa','53eb166da',204685,1167,1653991026,1653991026);
INSERT INTO player_score VALUES('6289d2123',66,'5824fe2fa','54c502fd2',182360,1227,1654008319,1654008319);
INSERT INTO player_score VALUES('63954c2e4',66,'5824fe2fa','5bfdb326f',636272,1276,1654036366,1654036366);
INSERT INTO player_score VALUES('63c62c6ae',66,'5824fe2fa','639310e7a',26565,1277,1654041491,1654041491);
INSERT INTO player_score VALUES('62aecdd5f',66,'59578d353','241ab4d51',36660,1309,1654012197,1654012197);
INSERT INTO player_score VALUES('60a581afe',66,'59578d353','2518e612f',206712,1312,1653957535,1653957535);
INSERT INTO player_score VALUES('5f9cce03f',66,'59578d353','33852005c',226575,1261,1653929779,1653929779);
INSERT INTO player_score VALUES('6222d7c1a',66,'59578d353','3bcc0e4f4',1050,1290,1653997521,1653997521);
INSERT INTO player_score VALUES('62aa04441',66,'59578d353','4b6104a4d',207552,1286,1654011695,1654011695);
INSERT INTO player_score VALUES('60be15362',66,'59578d353','53eb166da',152944,1081,1653960112,1653960112);
INSERT INTO player_score VALUES('63b6f8cba',66,'59578d353','54c502fd2',262668,1316,1654039897,1654039897);
INSERT INTO player_score VALUES('631e4c55b',66,'59578d353','5a00ca676',380560,1249,1654023888,1654023888);
INSERT INTO player_score VALUES('6324052d9',66,'59578d353','5bfdb326f',45885,1212,1654024488,1654024488);
INSERT INTO player_score VALUES('63b9b7eee',66,'59578d353','639310e7a',2784,959,1654040185,1654040185);
INSERT INTO player_score VALUES('5d3947b9f',66,'5a0d8d00c','241ab4d51',31878,1204,1653865656,1653865656);
INSERT INTO player_score VALUES('6358f2fb7',66,'5a0d8d00c','2518e612f',55216,1379,1654030038,1654030038);
INSERT INTO player_score VALUES('62c7a0d41',66,'5a0d8d00c','33852005c',5440,1352,1654014800,1654014800);
INSERT INTO player_score VALUES('5fe050ba5',66,'5a0d8d00c','3bcc0e4f4',565656,1202,1653936858,1653936858);
INSERT INTO player_score VALUES('6363d22ed',66,'5a0d8d00c','53eb166da',326600,1290,1654031178,1654031178);
INSERT INTO player_score VALUES('63005f345',66,'5a0d8d00c','54c502fd2',11934,1263,1654020750,1654020750);
INSERT INTO player_score VALUES('63a86b39f',66,'5a0d8d00c','5a00ca676',66526,1332,1654038371,1654038371);
INSERT INTO player_score VALUES('635eda34a',66,'5a0d8d00c','5bfdb326f',97020,1245,1654030657,1654030657);
INSERT INTO player_score VALUES('63bfdea61',66,'5a0d8d00c','639310e7a',28470,1114,1654040830,1654040830);
INSERT INTO player_score VALUES('6092196ea',66,'5c1895790','241ab4d51',6660,1268,1653955500,1653955500);
INSERT INTO player_score VALUES('6350454da',66,'5c1895790','2518e612f',161601,1377,1654029128,1654029128);
INSERT INTO player_score VALUES('6258077b5',66,'5c1895790','33852005c',141120,1337,1654003098,1654003098);
INSERT INTO player_score VALUES('5e6773b10',66,'5c1895790','3bcc0e4f4',177072,1145,1653897341,1653897341);
INSERT INTO player_score VALUES('63159ea4e',66,'5c1895790','4b6104a4d',17391,1319,1654022978,1654022978);
INSERT INTO player_score VALUES('638ebc80a',66,'5c1895790','54c502fd2',47334,1306,1654035678,1654035678);
INSERT INTO player_score VALUES('62ab022b6',66,'5c1895790','5a00ca676',21762,1179,1654011799,1654011799);
INSERT INTO player_score VALUES('639e54350',66,'5c1895790','5bfdb326f',26832,1286,1654037313,1654037313);
INSERT INTO player_score VALUES('63c2f0c3f',66,'5c1895790','639310e7a',14060,1209,1654041152,1654041152);
INSERT INTO player_score VALUES('634fe8834',66,'5ed3b1a96','241ab4d51',2673,1326,1654029090,1654029090);
INSERT INTO player_score VALUES('604a25076',66,'5ed3b1a96','2518e612f',512,1302,1653947955,1653947955);
INSERT INTO player_score VALUES('63138f4d3',66,'5ed3b1a96','33852005c',161070,1364,1654022762,1654022762);
INSERT INTO player_score VALUES('63787f22c',66,'5ed3b1a96','3bcc0e4f4',10440,1342,1654033346,1654033346);
INSERT INTO player_score VALUES('5eb026865',66,'5ed3b1a96','4b6104a4d',972,1068,1653904964,1653904964);
INSERT INTO player_score VALUES('62ab44159',66,'5ed3b1a96','53eb166da',218400,1221,1654011826,1654011826);
INSERT INTO player_score VALUES('632470961',66,'5ed3b1a96','54c502fd2',640,1277,1654024532,1654024532);
INSERT INTO player_score VALUES('62b80b906',66,'5ed3b1a96','5a00ca676',3675,1186,1654013166,1654013166);
INSERT INTO player_score VALUES('63996fc7e',66,'5ed3b1a96','5bfdb326f',34144,1281,1654036800,1654036800);
INSERT INTO player_score VALUES('60b806e94',66,'612425222','241ab4d51',240,1270,1653959477,1653959477);
INSERT INTO player_score VALUES('628b42b75',66,'612425222','33852005c',0,1345,1654008470,1654008470);
INSERT INTO player_score VALUES('62b42c590',66,'612425222','3bcc0e4f4',145015,1311,1654012760,1654012760);
INSERT INTO player_score VALUES('63264a39c',66,'612425222','54c502fd2',1104,1278,1654024726,1654024726);
INSERT INTO player_score VALUES('63af4deb5',66,'612425222','5a00ca676',7680,1336,1654039093,1654039093);
INSERT INTO player_score VALUES('636859d84',66,'612425222','5bfdb326f',206976,1252,1654031653,1654031653);
INSERT INTO player_score VALUES('63c599e99',66,'612425222','639310e7a',56160,1265,1654041431,1654041431);
INSERT INTO player_score VALUES('5d6f9eda5',66,'616fc7eb4','241ab4d51',26136,1212,1653871354,1653871354);
INSERT INTO player_score VALUES('636573a99',66,'616fc7eb4','2518e612f',363400,1381,1654031349,1654031349);
INSERT INTO player_score VALUES('592af79e6',66,'616fc7eb4','33852005c',11070,1090,1653756781,1653756781);
INSERT INTO player_score VALUES('622ae1e25',66,'616fc7eb4','3bcc0e4f4',67932,1291,1653998364,1653998364);
INSERT INTO player_score VALUES('634aac308',66,'616fc7eb4','53eb166da',270723,1280,1654028541,1654028541);
INSERT INTO player_score VALUES('6349a9664',66,'616fc7eb4','54c502fd2',13806,1286,1654028435,1654028435);
INSERT INTO player_score VALUES('63ab95c47',66,'616fc7eb4','5a00ca676',91250,1334,1654038703,1654038703);
INSERT INTO player_score VALUES('6325b7bc9',66,'616fc7eb4','5bfdb326f',5700,1214,1654024666,1654024666);
INSERT INTO player_score VALUES('595df360c',66,'6383dfc05','241ab4d51',107100,1111,1653762127,1653762127);
INSERT INTO player_score VALUES('6341adeeb',66,'6383dfc05','2518e612f',0,1374,1654027598,1654027598);
INSERT INTO player_score VALUES('6368687e6',66,'6383dfc05','3bcc0e4f4',247680,1339,1654031659,1654031659);
INSERT INTO player_score VALUES('61a71a875',66,'6383dfc05','4b6104a4d',30000,1234,1653984546,1653984546);
INSERT INTO player_score VALUES('612505bb7',66,'6383dfc05','53eb166da',98600,1110,1653970906,1653970906);
INSERT INTO player_score VALUES('623d70dbf',66,'6383dfc05','54c502fd2',0,1202,1654000310,1654000310);
INSERT INTO player_score VALUES('6307a11ab',66,'6383dfc05','5a00ca676',548688,1237,1654021511,1654021511);
INSERT INTO player_score VALUES('63c4182e5',66,'6383dfc05','639310e7a',114595,1235,1654041273,1654041273);
COMMIT;
