
BEGIN;
CREATE TABLE IF NOT EXISTS competition (
  id VARCHAR(255) NOT NULL PRIMARY KEY,
  tenant_id BIGINT NOT NULL,
  title TEXT NOT NULL,
  finished_at BIGINT NULL,
  created_at BIGINT NOT NULL,
  updated_at BIGINT NOT NULL
);
INSERT INTO competition VALUES('1cd550b69',67,'第3回 にんじんは諦めた',NULL,1652137187,1652391233);
INSERT INTO competition VALUES('1fa13d113',67,'あわよくばエラービーチ杯',1653691574,1652212257,1653691574);
INSERT INTO competition VALUES('21333657b',67,'スターフルーツ堂大会',1652957707,1652254407,1652957707);
INSERT INTO competition VALUES('230fa61f6',67,'キャベツの世界',NULL,1652304365,1653836062);
INSERT INTO competition VALUES('23465c797',67,'大人のペットボトル地獄 #4',NULL,1652310102,1653641340);
INSERT INTO competition VALUES('24cae0eea',67,'野生の中野PERFECT vol.5',1653451371,1652350841,1653451371);
INSERT INTO competition VALUES('25f27fa27',67,'光のさいたま新都心がいる大会',NULL,1652381839,1653716447);
INSERT INTO competition VALUES('26d0eefe2',67,'マネージドドラゴンフルーツコミック杯',NULL,1652405163,1652486633);
INSERT INTO competition VALUES('29d9481b2',67,'第9回 週末たんぽぽ田中',NULL,1652486569,1653447201);
INSERT INTO competition VALUES('3387518ad',67,'たべられないポンカン興信所大会',1653276596,1652746410,1653276596);
INSERT INTO competition VALUES('457ae263d',67,'魔剤屋さん vol.4',1653444784,1653228290,1653444784);
INSERT INTO competition VALUES('474f01412',67,'街中華桃しますカップ',1653783487,1653277376,1653783487);
INSERT INTO competition VALUES('490914a60',67,'至高のオンコール道場 vol.8',NULL,1653323731,1654040515);
INSERT INTO competition VALUES('4f8f7366c',67,'パイナップル海岸 vol.0',NULL,1653498882,1653857461);
INSERT INTO competition VALUES('54d2867aa',67,'今夜は寿司研究所',NULL,1653640133,1654015850);
INSERT INTO competition VALUES('55dd952c7',67,'リゾット食堂杯',1653974173,1653668136,1653974173);
INSERT INTO competition VALUES('5b7f911d7',67,'Protocol計画',NULL,1653819339,1653948122);
INSERT INTO competition VALUES('5cd17de99',67,'荻窪動物園 #1',NULL,1653854773,1654015736);
INSERT INTO competition VALUES('6379252ba',67,'大臀筋連合 vol.1',1654034956,1654033414,1654034956);
CREATE TABLE IF NOT EXISTS player (
  id VARCHAR(255) NOT NULL PRIMARY KEY,
  tenant_id BIGINT NOT NULL,
  display_name TEXT NOT NULL,
  is_disqualified BOOLEAN NOT NULL,
  created_at BIGINT NOT NULL,
  updated_at BIGINT NOT NULL
);
INSERT INTO player VALUES('1c41ef380',67,'Lera Cummerata',0,1652121733,1652583078);
INSERT INTO player VALUES('1c4390b3e',67,'Ursula Blick',0,1652121904,1653137675);
INSERT INTO player VALUES('1d572877d',67,'Mr. Owen Kirlin',0,1652150802,1652911480);
INSERT INTO player VALUES('1d5af425a',67,'Lesley Luettgen',0,1652151200,1652294766);
INSERT INTO player VALUES('1dcfaef21',67,'Mr. Camron Schaden III',0,1652163440,1653934332);
INSERT INTO player VALUES('1e1238a67',67,'Justus Ritchie',0,1652170417,1652617250);
INSERT INTO player VALUES('1e9247d76',67,'Ms. Filomena Bernhard V',0,1652183845,1652885936);
INSERT INTO player VALUES('1edeb0630',67,'Demario Bayer',0,1652191857,1653905251);
INSERT INTO player VALUES('202d09a43',67,'Rigoberto Corkery DDS',0,1652226916,1652295182);
INSERT INTO player VALUES('203e6294d',67,'Mr. Leon Emard IV',0,1652228735,1652591670);
INSERT INTO player VALUES('21a4d544d',67,'Mabel Pfannerstill',1,1652266321,1653352800);
INSERT INTO player VALUES('223b21d70',67,'Mr. Henry Ziemann',0,1652282081,1653088167);
INSERT INTO player VALUES('22947dce3',67,'Kiel Kunde DDS',0,1652291451,1653667210);
INSERT INTO player VALUES('233350fc9',67,'Giovani Muller',0,1652308105,1653337947);
INSERT INTO player VALUES('2501814b9',67,'Wallace Rice',0,1652356569,1653393801);
INSERT INTO player VALUES('25bd525a8',67,'Ms. Gregoria Witting Jr.',0,1652376263,1653971158);
INSERT INTO player VALUES('270e74823',67,'Lee Dickinson',0,1652411614,1653997114);
INSERT INTO player VALUES('2cbfb045f',67,'Mr. Oscar Hermiston',0,1652564416,1653912223);
INSERT INTO player VALUES('2e56a184f',67,'Linnea Schulist',0,1652607087,1652769712);
INSERT INTO player VALUES('318876bb7',67,'Alice Cummerata DVM',0,1652692843,1652729338);
INSERT INTO player VALUES('32a9d6575',67,'Elnora Howe',0,1652723186,1653425973);
INSERT INTO player VALUES('33350dfa2',67,'Ursula Pollich',0,1652737784,1653150749);
INSERT INTO player VALUES('34a7df2ba',67,'Kelli Olson',0,1652776667,1653342155);
INSERT INTO player VALUES('350b04087',67,'Guy Trantow',1,1652787063,1653390497);
INSERT INTO player VALUES('35c76ee76',67,'Mr. Walton Bechtelar Sr.',0,1652806820,1653888972);
INSERT INTO player VALUES('35ead7da1',67,'Kianna O"Keefe',0,1652810533,1653653193);
INSERT INTO player VALUES('375e6506b',67,'Patricia Toy',0,1652849493,1652990151);
INSERT INTO player VALUES('390809dfc',67,'Zakary Jerde',0,1652894125,1653541676);
INSERT INTO player VALUES('3b9c3f8e4',67,'Ms. Adella Dach Jr.',0,1652963353,1653227421);
INSERT INTO player VALUES('3d32a0c33',67,'Nayeli Dach V',1,1653005965,1653296656);
INSERT INTO player VALUES('3d3aa387e',67,'Ignacio Turcotte',0,1653006805,1654040455);
INSERT INTO player VALUES('3da38d743',67,'Mr. Wellington Brakus PhD',0,1653017806,1653167240);
INSERT INTO player VALUES('3e4b355f5',67,'Darian Lakin',0,1653035386,1653915540);
INSERT INTO player VALUES('4404e6a8c',67,'Ewald Vandervort',1,1653189075,1653386310);
INSERT INTO player VALUES('4543d6962',67,'Iva Jacobi',1,1653222518,1653602745);
INSERT INTO player VALUES('4623acd60',67,'Toy Block',1,1653245989,1653880810);
INSERT INTO player VALUES('463045f18',67,'Priscilla Predovic MD',0,1653247310,1653387020);
INSERT INTO player VALUES('464626849',67,'Roberta Vandervort',0,1653249604,1653878048);
INSERT INTO player VALUES('468d52bb0',67,'Frank Kulas',0,1653257067,1653564973);
INSERT INTO player VALUES('475e0dcda',67,'Mr. Nat Collins',0,1653278954,1653631087);
INSERT INTO player VALUES('485bb1730',67,'Ms. Gracie Bayer PhD',0,1653305550,1653696382);
INSERT INTO player VALUES('48dfa24cc',67,'Brielle Johnson',0,1653319385,1653846309);
INSERT INTO player VALUES('4906b72df',67,'Delores Schmitt',1,1653323483,1653800743);
INSERT INTO player VALUES('49554508a',67,'Anissa Ryan',0,1653331720,1653538770);
INSERT INTO player VALUES('49f5b9b23',67,'Mr. Emmanuel Lind DVM',0,1653348545,1653931052);
INSERT INTO player VALUES('4b4dcfa5c',67,'Emie Abernathy',0,1653384625,1653939450);
INSERT INTO player VALUES('4bc366311',67,'Zoie Cassin',0,1653396955,1653691272);
INSERT INTO player VALUES('4cea52abb',67,'Ms. Meggie Schimmel',0,1653427880,1654010254);
INSERT INTO player VALUES('4cfde1fda',67,'Alaina Doyle MD',0,1653429931,1653605403);
INSERT INTO player VALUES('4d1dd4b49',67,'Mr. Declan Brakus Sr.',0,1653433281,1653983862);
INSERT INTO player VALUES('4e5fd4599',67,'Agustina Waters',0,1653467045,1653672933);
INSERT INTO player VALUES('4ff8893f6',67,'Lottie Schultz',0,1653509901,1653575375);
INSERT INTO player VALUES('509540e1f',67,'Ms. Celine Ortiz',0,1653526334,1653770491);
INSERT INTO player VALUES('5124f8dec',67,'Velma Johnston',0,1653541404,1653976278);
INSERT INTO player VALUES('522cdd037',67,'Terry Gerhold MD',0,1653569075,1653945522);
INSERT INTO player VALUES('52c442592',67,'Michelle Harris',0,1653584950,1654008757);
INSERT INTO player VALUES('54407ac68',67,'Ms. Macie Nader',0,1653624819,1653707980);
INSERT INTO player VALUES('54d1ca789',67,'Ms. Laney Harber',0,1653640056,1653885368);
INSERT INTO player VALUES('561a5c40e',67,'Zelda Bayer',0,1653674509,1653992201);
INSERT INTO player VALUES('5630fdb71',67,'Jessika Grant PhD',0,1653676882,1653697489);
INSERT INTO player VALUES('56ae307ef',67,'Charlie Wiegand',0,1653690010,1653752702);
INSERT INTO player VALUES('5822db533',67,'Piper Moen',0,1653729087,1653839378);
INSERT INTO player VALUES('588485c29',67,'Shyanne Bechtelar',0,1653739328,1654040545);
INSERT INTO player VALUES('58bce75b7',67,'Mr. Coleman Lindgren',0,1653745240,1653747270);
INSERT INTO player VALUES('592c54c0e',67,'Sebastian Wisozk',0,1653756924,1653950772);
INSERT INTO player VALUES('59c4c431b',67,'Adela Homenick PhD',0,1653772908,1654040814);
INSERT INTO player VALUES('5a2ac5794',67,'Summer Padberg',0,1653783604,1653849068);
INSERT INTO player VALUES('5a41647d4',67,'Roma Jaskolski DDS',0,1653785976,1653793779);
INSERT INTO player VALUES('5b0259750',67,'Cicero Mosciski',0,1653806209,1653820606);
INSERT INTO player VALUES('5b151e22d',67,'Ms. Miracle Gusikowski DVM',0,1653808177,1653869676);
INSERT INTO player VALUES('5bf179467',67,'Ms. Chanelle Greenfelder V',0,1653831283,1653904989);
INSERT INTO player VALUES('5d4bb2145',67,'Gerard Koepp',0,1653867587,1653913954);
INSERT INTO player VALUES('5d8174488',67,'Toby Murphy',0,1653873224,1653921197);
INSERT INTO player VALUES('5d90bddce',67,'Verner Thiel',0,1653874827,1653962950);
INSERT INTO player VALUES('5e9962e72',67,'Micheal Davis',0,1653902577,1653909347);
INSERT INTO player VALUES('5effbc119',67,'Ms. Camila Kling IV',0,1653913309,1653930585);
INSERT INTO player VALUES('5fe561226',67,'Mr. Dayne Hoeger MD',0,1653937389,1653957242);
INSERT INTO player VALUES('614e1dbfc',67,'Rae Kunze',0,1653975215,1654019138);
INSERT INTO player VALUES('625ea361c',67,'Mr. Reuben Strosin Sr.',0,1654003791,1654014186);
INSERT INTO player VALUES('63204341f',67,'Trisha Kovacek DDS',0,1654024094,1654040652);
CREATE TABLE IF NOT EXISTS IF NOT EXISTS "player_score" (
                              id VARCHAR(255) NOT NULL PRIMARY KEY,
                              tenant_id BIGINT NOT NULL,
                              player_id VARCHAR(255) NOT NULL,
                              competition_id VARCHAR(255) NOT NULL,
                              score BIGINT NOT NULL,
                              row_num BIGINT NOT NULL,
                              created_at BIGINT NOT NULL,
                              updated_at BIGINT NOT NULL
);
INSERT INTO player_score VALUES('601646364',67,'1c41ef380','1cd550b69',67704,1508,1653942516,1653942516);
INSERT INTO player_score VALUES('38e00d0d2',67,'1c41ef380','21333657b',30690,489,1652889932,1652889932);
INSERT INTO player_score VALUES('60acbc49d',67,'1c41ef380','230fa61f6',14448,1461,1653958293,1653958293);
INSERT INTO player_score VALUES('63c28f1d2',67,'1c41ef380','23465c797',10074,1524,1654041112,1654041112);
INSERT INTO player_score VALUES('4a528709b',67,'1c41ef380','24cae0eea',246960,856,1653358276,1653358276);
INSERT INTO player_score VALUES('628d5e46d',67,'1c41ef380','25f27fa27',28644,1485,1654008691,1654008691);
INSERT INTO player_score VALUES('60bf0bc7a',67,'1c41ef380','29d9481b2',3927,1381,1653960213,1653960213);
INSERT INTO player_score VALUES('4738894d9',67,'1c41ef380','3387518ad',50544,682,1653275020,1653275020);
INSERT INTO player_score VALUES('4cc3981fc',67,'1c41ef380','457ae263d',207168,840,1653423819,1653423819);
INSERT INTO player_score VALUES('5a1e89254',67,'1c41ef380','474f01412',132370,1158,1653782321,1653782321);
INSERT INTO player_score VALUES('63b3458a8',67,'1c41ef380','490914a60',285196,1527,1654039509,1654039509);
INSERT INTO player_score VALUES('639e14b9b',67,'1c41ef380','4f8f7366c',20748,1467,1654037287,1654037287);
INSERT INTO player_score VALUES('63a283fc0',67,'1c41ef380','54d2867aa',31025,1581,1654037752,1654037752);
INSERT INTO player_score VALUES('6301f6e91',67,'1c41ef380','5b7f911d7',65856,1398,1654020917,1654020917);
INSERT INTO player_score VALUES('63be3d283',67,'1c41ef380','5cd17de99',22400,1411,1654040659,1654040659);
INSERT INTO player_score VALUES('63875fbc7',67,'1c41ef380','6379252ba',19950,1421,1654034906,1654034906);
INSERT INTO player_score VALUES('62c9b50c3',67,'1c4390b3e','1cd550b69',84474,1558,1654015018,1654015018);
INSERT INTO player_score VALUES('5553a23bd',67,'1c4390b3e','1fa13d113',116875,1061,1653653671,1653653671);
INSERT INTO player_score VALUES('63bad8036',67,'1c4390b3e','230fa61f6',41850,1540,1654040303,1654040303);
INSERT INTO player_score VALUES('630323353',67,'1c4390b3e','23465c797',840,1504,1654021040,1654021040);
INSERT INTO player_score VALUES('630124f47',67,'1c4390b3e','25f27fa27',13702,1493,1654020831,1654020831);
INSERT INTO player_score VALUES('6205009a5',67,'1c4390b3e','26d0eefe2',101250,1491,1653994392,1653994392);
INSERT INTO player_score VALUES('5a4580b85',67,'1c4390b3e','29d9481b2',11400,1209,1653786407,1653786407);
INSERT INTO player_score VALUES('46d9ced3d',67,'1c4390b3e','3387518ad',640000,674,1653265087,1653265087);
INSERT INTO player_score VALUES('4d47e34d8',67,'1c4390b3e','457ae263d',26048,889,1653437691,1653437691);
INSERT INTO player_score VALUES('58b8e8689',67,'1c4390b3e','474f01412',120840,1074,1653744821,1653744821);
INSERT INTO player_score VALUES('631bd4022',67,'1c4390b3e','490914a60',514064,1488,1654023629,1654023629);
INSERT INTO player_score VALUES('630e619cf',67,'1c4390b3e','4f8f7366c',25760,1414,1654022219,1654022219);
INSERT INTO player_score VALUES('63bd3f40a',67,'1c4390b3e','54d2867aa',69825,1588,1654040555,1654040555);
INSERT INTO player_score VALUES('5ffaec411',67,'1c4390b3e','55dd952c7',251076,1366,1653939648,1653939648);
INSERT INTO player_score VALUES('624cf0220',67,'1c4390b3e','5b7f911d7',287793,1274,1654001935,1654001935);
INSERT INTO player_score VALUES('633a4017b',67,'1c4390b3e','5cd17de99',149640,1302,1654026819,1654026819);
INSERT INTO player_score VALUES('63878e214',67,'1c4390b3e','6379252ba',10680,1435,1654034925,1654034925);
INSERT INTO player_score VALUES('62e690c05',67,'1d572877d','1cd550b69',59520,1561,1654018044,1654018044);
INSERT INTO player_score VALUES('569481c7b',67,'1d572877d','1fa13d113',96570,1089,1653687317,1653687317);
INSERT INTO player_score VALUES('3a27a35f3',67,'1d572877d','21333657b',6696,525,1652924282,1652924282);
INSERT INTO player_score VALUES('6373e8d55',67,'1d572877d','230fa61f6',116160,1534,1654032865,1654032865);
INSERT INTO player_score VALUES('5e3fec11c',67,'1d572877d','23465c797',145080,1385,1653893196,1653893196);
INSERT INTO player_score VALUES('4d0e30c98',67,'1d572877d','24cae0eea',225420,905,1653431641,1653431641);
INSERT INTO player_score VALUES('6129999e4',67,'1d572877d','25f27fa27',76320,1458,1653971386,1653971386);
INSERT INTO player_score VALUES('62dcd4136',67,'1d572877d','26d0eefe2',41820,1522,1654017023,1654017023);
INSERT INTO player_score VALUES('62fb1df7b',67,'1d572877d','29d9481b2',272376,1435,1654020199,1654020199);
INSERT INTO player_score VALUES('4710ebb61',67,'1d572877d','3387518ad',0,677,1653270866,1653270866);
INSERT INTO player_score VALUES('4d7f3fac3',67,'1d572877d','457ae263d',24276,913,1653443496,1653443496);
INSERT INTO player_score VALUES('57c218d39',67,'1d572877d','474f01412',68080,1019,1653718941,1653718941);
INSERT INTO player_score VALUES('639776655',67,'1d572877d','490914a60',366912,1516,1654036593,1654036593);
INSERT INTO player_score VALUES('62670563e',67,'1d572877d','4f8f7366c',97308,1377,1654004670,1654004670);
INSERT INTO player_score VALUES('62e374dab',67,'1d572877d','54d2867aa',83160,1492,1654017718,1654017718);
INSERT INTO player_score VALUES('60c3df237',67,'1d572877d','55dd952c7',52675,1479,1653960719,1653960719);
INSERT INTO player_score VALUES('637124d54',67,'1d572877d','5b7f911d7',103896,1486,1654032575,1654032575);
INSERT INTO player_score VALUES('63bacbccc',67,'1d572877d','5cd17de99',99674,1404,1654040298,1654040298);
INSERT INTO player_score VALUES('638773450',67,'1d572877d','6379252ba',15249,1427,1654034914,1654034914);
INSERT INTO player_score VALUES('639c86ca3',67,'1d5af425a','1cd550b69',20482,1577,1654037124,1654037124);
INSERT INTO player_score VALUES('520eb7bb8',67,'1d5af425a','1fa13d113',330176,986,1653565914,1653565914);
INSERT INTO player_score VALUES('3ae858dc4',67,'1d5af425a','21333657b',312228,547,1652944489,1652944489);
INSERT INTO player_score VALUES('635040688',67,'1d5af425a','230fa61f6',26187,1529,1654029126,1654029126);
INSERT INTO player_score VALUES('5be9e45c9',67,'1d5af425a','23465c797',8820,1331,1653830488,1653830488);
INSERT INTO player_score VALUES('4dab3de21',67,'1d5af425a','24cae0eea',53856,923,1653448109,1653448109);
INSERT INTO player_score VALUES('5f238dfa9',67,'1d5af425a','25f27fa27',82560,1401,1653917065,1653917065);
INSERT INTO player_score VALUES('5f99ad3fc',67,'1d5af425a','26d0eefe2',762048,1426,1653929451,1653929451);
INSERT INTO player_score VALUES('6197c4bc2',67,'1d5af425a','29d9481b2',85500,1407,1653982938,1653982938);
INSERT INTO player_score VALUES('474385cca',67,'1d5af425a','3387518ad',23744,684,1653276172,1653276172);
INSERT INTO player_score VALUES('4d7fbe9f5',67,'1d5af425a','457ae263d',3068,915,1653443548,1653443548);
INSERT INTO player_score VALUES('5a05bb08f',67,'1d5af425a','474f01412',48048,1150,1653779720,1653779720);
INSERT INTO player_score VALUES('625582f50',67,'1d5af425a','490914a60',11448,1443,1654002834,1654002834);
INSERT INTO player_score VALUES('6353109d4',67,'1d5af425a','4f8f7366c',59000,1439,1654029421,1654029421);
INSERT INTO player_score VALUES('637944e3a',67,'1d5af425a','54d2867aa',24975,1560,1654033427,1654033427);
INSERT INTO player_score VALUES('60b34e6af',67,'1d5af425a','55dd952c7',136320,1466,1653958982,1653958982);
INSERT INTO player_score VALUES('63aad9c7f',67,'1d5af425a','5b7f911d7',175000,1530,1654038626,1654038626);
INSERT INTO player_score VALUES('637480346',67,'1d5af425a','5cd17de99',279006,1344,1654032927,1654032927);
INSERT INTO player_score VALUES('63875d4bf',67,'1d5af425a','6379252ba',131472,1420,1654034905,1654034905);
INSERT INTO player_score VALUES('627bc5e42',67,'1dcfaef21','1cd550b69',66992,1551,1654006846,1654006846);
INSERT INTO player_score VALUES('557c00b1d',67,'1dcfaef21','1fa13d113',315810,1067,1653657904,1653657904);
INSERT INTO player_score VALUES('3b0b231ee',67,'1dcfaef21','21333657b',394128,553,1652948137,1652948137);
INSERT INTO player_score VALUES('6141e16f1',67,'1dcfaef21','23465c797',51604,1463,1653973932,1653973932);
INSERT INTO player_score VALUES('4d903e3fa',67,'1dcfaef21','24cae0eea',92960,918,1653445278,1653445278);
INSERT INTO player_score VALUES('625e61763',67,'1dcfaef21','26d0eefe2',44850,1505,1654003764,1654003764);
INSERT INTO player_score VALUES('618016b88',67,'1dcfaef21','29d9481b2',7120,1402,1653980455,1653980455);
INSERT INTO player_score VALUES('4cea3cb3a',67,'1dcfaef21','457ae263d',147440,858,1653427871,1653427871);
INSERT INTO player_score VALUES('59ab6fcd9',67,'1dcfaef21','474f01412',307230,1125,1653770252,1653770252);
INSERT INTO player_score VALUES('638e3638f',67,'1dcfaef21','490914a60',22698,1514,1654035623,1654035623);
INSERT INTO player_score VALUES('634fc1780',67,'1dcfaef21','4f8f7366c',35282,1436,1654029074,1654029074);
INSERT INTO player_score VALUES('634bdd5a2',67,'1dcfaef21','54d2867aa',58752,1541,1654028666,1654028666);
INSERT INTO player_score VALUES('6139a8f2e',67,'1dcfaef21','55dd952c7',57400,1526,1653973070,1653973070);
INSERT INTO player_score VALUES('6361883ae',67,'1dcfaef21','5b7f911d7',61275,1476,1654030938,1654030938);
INSERT INTO player_score VALUES('62f9f1b10',67,'1dcfaef21','5cd17de99',80256,1250,1654020076,1654020076);
INSERT INTO player_score VALUES('6386a3c04',67,'1dcfaef21','6379252ba',0,1350,1654034829,1654034829);
INSERT INTO player_score VALUES('626c3310c',67,'1e1238a67','1cd550b69',160854,1550,1654005213,1654005213);
INSERT INTO player_score VALUES('544413307',67,'1e1238a67','1fa13d113',56400,1033,1653625196,1653625196);
INSERT INTO player_score VALUES('39f69c16c',67,'1e1238a67','21333657b',42550,520,1652919141,1652919141);
INSERT INTO player_score VALUES('63c6c6331',67,'1e1238a67','230fa61f6',102114,1541,1654041554,1654041554);
INSERT INTO player_score VALUES('5742099cf',67,'1e1238a67','23465c797',0,1227,1653705513,1653705513);
INSERT INTO player_score VALUES('4d7238b36',67,'1e1238a67','24cae0eea',599400,913,1653442130,1653442130);
INSERT INTO player_score VALUES('627c64904',67,'1e1238a67','25f27fa27',3600,1484,1654006911,1654006911);
INSERT INTO player_score VALUES('625f818b7',67,'1e1238a67','26d0eefe2',109344,1506,1654003882,1654003882);
INSERT INTO player_score VALUES('62a0fc3d1',67,'1e1238a67','29d9481b2',600873,1426,1654010748,1654010748);
INSERT INTO player_score VALUES('4432b4ba3',67,'1e1238a67','3387518ad',8162,570,1653193878,1653193878);
INSERT INTO player_score VALUES('4d67067d0',67,'1e1238a67','457ae263d',16211,901,1653440956,1653440956);
INSERT INTO player_score VALUES('5a184a05a',67,'1e1238a67','474f01412',9702,1153,1653781666,1653781666);
INSERT INTO player_score VALUES('63602ffea',67,'1e1238a67','4f8f7366c',87725,1449,1654030797,1654030797);
INSERT INTO player_score VALUES('632bbeb7e',67,'1e1238a67','54d2867aa',305970,1529,1654025298,1654025298);
INSERT INTO player_score VALUES('6097f2013',67,'1e1238a67','55dd952c7',267890,1452,1653956113,1653956113);
INSERT INTO player_score VALUES('62ea0bdc9',67,'1e1238a67','5b7f911d7',7150,1379,1654018409,1654018409);
INSERT INTO player_score VALUES('63b855ee1',67,'1e1238a67','5cd17de99',44640,1403,1654040040,1654040040);
INSERT INTO player_score VALUES('6387ba120',67,'1e1238a67','6379252ba',38367,1460,1654034943,1654034943);
INSERT INTO player_score VALUES('62b10b952',67,'1e9247d76','1cd550b69',66928,1556,1654012432,1654012432);
INSERT INTO player_score VALUES('55b0a2cf4',67,'1e9247d76','1fa13d113',6710,1075,1653663423,1653663423);
INSERT INTO player_score VALUES('3b0b00ef3',67,'1e9247d76','21333657b',2448,552,1652948123,1652948123);
INSERT INTO player_score VALUES('5ef37fbd3',67,'1e9247d76','230fa61f6',169920,1420,1653912026,1653912026);
INSERT INTO player_score VALUES('620d39183',67,'1e9247d76','23465c797',250096,1482,1653995254,1653995254);
INSERT INTO player_score VALUES('4c6bbde38',67,'1e9247d76','24cae0eea',189696,895,1653414607,1653414607);
INSERT INTO player_score VALUES('5fe9564f1',67,'1e9247d76','26d0eefe2',60544,1437,1653937804,1653937804);
INSERT INTO player_score VALUES('62d6c5c54',67,'1e9247d76','29d9481b2',76560,1431,1654016388,1654016388);
INSERT INTO player_score VALUES('4625f4590',67,'1e9247d76','3387518ad',45360,651,1653246228,1653246228);
INSERT INTO player_score VALUES('4ca22d6bd',67,'1e9247d76','457ae263d',70686,830,1653420315,1653420315);
INSERT INTO player_score VALUES('5a04bab51',67,'1e9247d76','474f01412',167310,1149,1653779615,1653779615);
INSERT INTO player_score VALUES('611b0e7ac',67,'1e9247d76','490914a60',39330,1372,1653969861,1653969861);
INSERT INTO player_score VALUES('6145b950e',67,'1e9247d76','4f8f7366c',286306,1306,1653974335,1653974335);
INSERT INTO player_score VALUES('60e280eb8',67,'1e9247d76','55dd952c7',3312,1493,1653963931,1653963931);
INSERT INTO player_score VALUES('62e633f8f',67,'1e9247d76','5b7f911d7',168388,1378,1654018006,1654018006);
INSERT INTO player_score VALUES('638bf12d2',67,'1e9247d76','5cd17de99',32144,1367,1654035385,1654035385);
INSERT INTO player_score VALUES('6387893b9',67,'1e9247d76','6379252ba',22265,1434,1654034923,1654034923);
INSERT INTO player_score VALUES('6182fa7ac',67,'1edeb0630','1cd550b69',576,1532,1653980758,1653980758);
INSERT INTO player_score VALUES('55962e5e3',67,'1edeb0630','1fa13d113',185592,1071,1653660649,1653660649);
INSERT INTO player_score VALUES('3aca92cb3',67,'1edeb0630','21333657b',66924,544,1652941367,1652941367);
INSERT INTO player_score VALUES('61e320bb9',67,'1edeb0630','230fa61f6',94470,1492,1653990840,1653990840);
INSERT INTO player_score VALUES('627aef0af',67,'1edeb0630','23465c797',432140,1491,1654006758,1654006758);
INSERT INTO player_score VALUES('4909a23d3',67,'1edeb0630','24cae0eea',1120,819,1653323789,1653323789);
INSERT INTO player_score VALUES('5fdcee0d1',67,'1edeb0630','25f27fa27',259284,1420,1653936503,1653936503);
INSERT INTO player_score VALUES('637325848',67,'1edeb0630','26d0eefe2',31488,1541,1654032785,1654032785);
INSERT INTO player_score VALUES('5bbe73c2c',67,'1edeb0630','29d9481b2',454328,1246,1653825933,1653825933);
INSERT INTO player_score VALUES('46bec5717',67,'1edeb0630','3387518ad',81472,671,1653262252,1653262252);
INSERT INTO player_score VALUES('4d721ddb9',67,'1edeb0630','457ae263d',79872,909,1653442119,1653442119);
INSERT INTO player_score VALUES('588aaeea4',67,'1edeb0630','474f01412',376194,1061,1653739974,1653739974);
INSERT INTO player_score VALUES('5ca172185',67,'1edeb0630','490914a60',227556,1139,1653849735,1653849735);
INSERT INTO player_score VALUES('612913561',67,'1edeb0630','4f8f7366c',2024,1298,1653971331,1653971331);
INSERT INTO player_score VALUES('62b92e188',67,'1edeb0630','54d2867aa',153600,1479,1654013285,1654013285);
INSERT INTO player_score VALUES('613286c2a',67,'1edeb0630','55dd952c7',203136,1523,1653972322,1653972322);
INSERT INTO player_score VALUES('63bc463a4',67,'1edeb0630','5b7f911d7',352084,1538,1654040453,1654040453);
INSERT INTO player_score VALUES('6373e3f28',67,'1edeb0630','5cd17de99',87296,1343,1654032863,1654032863);
INSERT INTO player_score VALUES('6386f9321',67,'1edeb0630','6379252ba',24696,1389,1654034864,1654034864);
INSERT INTO player_score VALUES('6260622b1',67,'202d09a43','1cd550b69',105248,1549,1654003974,1654003974);
INSERT INTO player_score VALUES('4bc332e61',67,'202d09a43','1fa13d113',129010,853,1653396934,1653396934);
INSERT INTO player_score VALUES('3b4395c9f',67,'202d09a43','21333657b',574434,555,1652954056,1652954056);
INSERT INTO player_score VALUES('62619358e',67,'202d09a43','230fa61f6',199950,1499,1654004099,1654004099);
INSERT INTO player_score VALUES('6254591db',67,'202d09a43','23465c797',375820,1489,1654002712,1654002712);
INSERT INTO player_score VALUES('4d636ba45',67,'202d09a43','24cae0eea',0,911,1653440578,1653440578);
INSERT INTO player_score VALUES('4fa1a5998',67,'202d09a43','25f27fa27',6072,1022,1653500790,1653500790);
INSERT INTO player_score VALUES('62468c665',67,'202d09a43','26d0eefe2',267960,1500,1654001265,1654001265);
INSERT INTO player_score VALUES('602afcf0a',67,'202d09a43','29d9481b2',17640,1360,1653944688,1653944688);
INSERT INTO player_score VALUES('4668855c2',67,'202d09a43','3387518ad',59535,660,1653253208,1653253208);
INSERT INTO player_score VALUES('4d2974c4c',67,'202d09a43','457ae263d',4648,877,1653434500,1653434500);
INSERT INTO player_score VALUES('6394d4923',67,'202d09a43','490914a60',32076,1515,1654036317,1654036317);
INSERT INTO player_score VALUES('603031f69',67,'202d09a43','4f8f7366c',6804,1224,1653945234,1653945234);
INSERT INTO player_score VALUES('635fd81c0',67,'202d09a43','54d2867aa',56700,1549,1654030761,1654030761);
INSERT INTO player_score VALUES('61295c94b',67,'202d09a43','55dd952c7',152628,1521,1653971361,1653971361);
INSERT INTO player_score VALUES('62a55f48c',67,'202d09a43','5b7f911d7',502605,1336,1654011208,1654011208);
INSERT INTO player_score VALUES('63bc77110',67,'202d09a43','5cd17de99',3612,1408,1654040473,1654040473);
INSERT INTO player_score VALUES('63878e215',67,'202d09a43','6379252ba',42780,1438,1654034925,1654034925);
INSERT INTO player_score VALUES('636c7d67f',67,'203e6294d','1cd550b69',75888,1573,1654032087,1654032087);
INSERT INTO player_score VALUES('56a52397f',67,'203e6294d','1fa13d113',169920,1093,1653689061,1653689061);
INSERT INTO player_score VALUES('3ad9428e8',67,'203e6294d','21333657b',6399,546,1652942907,1652942907);
INSERT INTO player_score VALUES('608eca41d',67,'203e6294d','230fa61f6',19665,1459,1653955153,1653955153);
INSERT INTO player_score VALUES('61fa83117',67,'203e6294d','23465c797',212544,1478,1653993292,1653993292);
INSERT INTO player_score VALUES('48baf4a81',67,'203e6294d','24cae0eea',49335,810,1653315539,1653315539);
INSERT INTO player_score VALUES('6204a3d4b',67,'203e6294d','25f27fa27',35644,1469,1653994354,1653994354);
INSERT INTO player_score VALUES('5ffd6e581',67,'203e6294d','26d0eefe2',360824,1440,1653939911,1653939911);
INSERT INTO player_score VALUES('53610b0f1',67,'203e6294d','29d9481b2',35260,1038,1653601390,1653601390);
INSERT INTO player_score VALUES('47463648e',67,'203e6294d','3387518ad',134200,685,1653276454,1653276454);
INSERT INTO player_score VALUES('5988d1827',67,'203e6294d','474f01412',1014,1118,1653766622,1653766622);
INSERT INTO player_score VALUES('61c50a1a8',67,'203e6294d','490914a60',85100,1411,1653987685,1653987685);
INSERT INTO player_score VALUES('61c6b7ca9',67,'203e6294d','4f8f7366c',162360,1338,1653987861,1653987861);
INSERT INTO player_score VALUES('61268026e',67,'203e6294d','54d2867aa',11424,1317,1653971061,1653971061);
INSERT INTO player_score VALUES('60449d000',67,'203e6294d','55dd952c7',11780,1398,1653947375,1653947375);
INSERT INTO player_score VALUES('635a2de82',67,'203e6294d','5b7f911d7',194166,1467,1654030167,1654030167);
INSERT INTO player_score VALUES('6358878d6',67,'203e6294d','5cd17de99',505680,1324,1654029994,1654029994);
INSERT INTO player_score VALUES('629607125',67,'21a4d544d','1cd550b69',3060,1553,1654009599,1654009599);
INSERT INTO player_score VALUES('52aed6f32',67,'21a4d544d','1fa13d113',108300,999,1653582704,1653582704);
INSERT INTO player_score VALUES('3a3b4ffa2',67,'21a4d544d','21333657b',406410,528,1652926345,1652926345);
INSERT INTO player_score VALUES('61abfef41',67,'21a4d544d','230fa61f6',23868,1486,1653985059,1653985059);
INSERT INTO player_score VALUES('6146b4c7b',67,'21a4d544d','23465c797',344400,1464,1653974438,1653974438);
INSERT INTO player_score VALUES('4aeb29bd5',67,'21a4d544d','24cae0eea',26928,866,1653374281,1653374281);
INSERT INTO player_score VALUES('5f2562bcb',67,'21a4d544d','25f27fa27',580000,1402,1653917257,1653917257);
INSERT INTO player_score VALUES('605396017',67,'21a4d544d','26d0eefe2',21045,1448,1653948945,1653948945);
INSERT INTO player_score VALUES('584ba2c33',67,'21a4d544d','29d9481b2',0,1157,1653733363,1653733363);
INSERT INTO player_score VALUES('464e3312e',67,'21a4d544d','3387518ad',72600,654,1653250448,1653250448);
INSERT INTO player_score VALUES('4d21f8440',67,'21a4d544d','457ae263d',190512,875,1653433715,1653433715);
INSERT INTO player_score VALUES('5a0dcee8c',67,'21a4d544d','474f01412',161250,1151,1653780567,1653780567);
INSERT INTO player_score VALUES('6074ef9eb',67,'21a4d544d','490914a60',31487,1348,1653952442,1653952442);
INSERT INTO player_score VALUES('618f84ed0',67,'21a4d544d','4f8f7366c',157700,1322,1653982073,1653982073);
INSERT INTO player_score VALUES('6382b3725',67,'21a4d544d','54d2867aa',53088,1566,1654034416,1654034416);
INSERT INTO player_score VALUES('60c282055',67,'21a4d544d','55dd952c7',4032,1477,1653960576,1653960576);
INSERT INTO player_score VALUES('6381c4311',67,'21a4d544d','5b7f911d7',99000,1500,1654034318,1654034318);
INSERT INTO player_score VALUES('639b7f1d3',67,'21a4d544d','5cd17de99',133380,1381,1654037016,1654037016);
INSERT INTO player_score VALUES('6387d9d14',67,'21a4d544d','6379252ba',136867,1466,1654034956,1654034956);
INSERT INTO player_score VALUES('60460657c',67,'223b21d70','1cd550b69',9288,1513,1653947523,1653947523);
INSERT INTO player_score VALUES('5648982f3',67,'223b21d70','1fa13d113',3828,1086,1653679357,1653679357);
INSERT INTO player_score VALUES('3a79df9f3',67,'223b21d70','21333657b',91140,533,1652932905,1652932905);
INSERT INTO player_score VALUES('61876e9c4',67,'223b21d70','230fa61f6',4329,1481,1653981225,1653981225);
INSERT INTO player_score VALUES('6359b1656',67,'223b21d70','23465c797',0,1513,1654030116,1654030116);
INSERT INTO player_score VALUES('4c0ac81c1',67,'223b21d70','24cae0eea',213180,885,1653404440,1653404440);
INSERT INTO player_score VALUES('6294aed44',67,'223b21d70','25f27fa27',145728,1486,1654009458,1654009458);
INSERT INTO player_score VALUES('63923048d',67,'223b21d70','26d0eefe2',65170,1545,1654036040,1654036040);
INSERT INTO player_score VALUES('5be5ecbc1',67,'223b21d70','29d9481b2',51597,1251,1653830072,1653830072);
INSERT INTO player_score VALUES('4689abae6',67,'223b21d70','3387518ad',353856,662,1653256684,1653256684);
INSERT INTO player_score VALUES('4d67ceb43',67,'223b21d70','457ae263d',6480,902,1653441038,1653441038);
INSERT INTO player_score VALUES('5a19b5c78',67,'223b21d70','474f01412',314160,1155,1653781815,1653781815);
INSERT INTO player_score VALUES('636af6c82',67,'223b21d70','490914a60',194110,1510,1654031927,1654031927);
INSERT INTO player_score VALUES('63b512f73',67,'223b21d70','4f8f7366c',339450,1474,1654039698,1654039698);
INSERT INTO player_score VALUES('62ef2d57d',67,'223b21d70','54d2867aa',52440,1497,1654018947,1654018947);
INSERT INTO player_score VALUES('607288608',67,'223b21d70','55dd952c7',124200,1422,1653952190,1653952190);
INSERT INTO player_score VALUES('6349120b5',67,'223b21d70','5b7f911d7',7392,1455,1654028373,1654028373);
INSERT INTO player_score VALUES('638702f61',67,'223b21d70','6379252ba',427734,1393,1654034868,1654034868);
INSERT INTO player_score VALUES('5cef4b4ee',67,'22947dce3','1cd550b69',546,1434,1653857898,1653857898);
INSERT INTO player_score VALUES('3b4f4211b',67,'22947dce3','21333657b',34452,557,1652955280,1652955280);
INSERT INTO player_score VALUES('60df6777a',67,'22947dce3','230fa61f6',38610,1463,1653963606,1653963606);
INSERT INTO player_score VALUES('636b2eef9',67,'22947dce3','23465c797',17732,1516,1654031950,1654031950);
INSERT INTO player_score VALUES('4d6e48664',67,'22947dce3','24cae0eea',341510,912,1653441717,1653441717);
INSERT INTO player_score VALUES('61192ff4a',67,'22947dce3','26d0eefe2',44880,1463,1653969665,1653969665);
INSERT INTO player_score VALUES('61313f9f0',67,'22947dce3','29d9481b2',96048,1390,1653972188,1653972188);
INSERT INTO player_score VALUES('45fc70e5b',67,'22947dce3','3387518ad',93600,646,1653241875,1653241875);
INSERT INTO player_score VALUES('4d6d284fa',67,'22947dce3','457ae263d',46464,906,1653441599,1653441599);
INSERT INTO player_score VALUES('59f11566a',67,'22947dce3','474f01412',177940,1138,1653777555,1653777555);
INSERT INTO player_score VALUES('6020ead3a',67,'22947dce3','490914a60',414120,1332,1653943632,1653943632);
INSERT INTO player_score VALUES('63b088dc4',67,'22947dce3','4f8f7366c',58520,1472,1654039222,1654039222);
INSERT INTO player_score VALUES('63a18af44',67,'22947dce3','54d2867aa',80640,1580,1654037650,1654037650);
INSERT INTO player_score VALUES('5ef674916',67,'22947dce3','55dd952c7',5940,1233,1653912336,1653912336);
INSERT INTO player_score VALUES('63bc6fb83',67,'22947dce3','5b7f911d7',95877,1539,1654040470,1654040470);
INSERT INTO player_score VALUES('63bbc4d6e',67,'22947dce3','5cd17de99',360960,1406,1654040400,1654040400);
INSERT INTO player_score VALUES('6387c3d66',67,'22947dce3','6379252ba',32160,1463,1654034947,1654034947);
INSERT INTO player_score VALUES('601922a60',67,'233350fc9','1cd550b69',30360,1509,1653942816,1653942816);
INSERT INTO player_score VALUES('569f413e6',67,'233350fc9','1fa13d113',23562,1090,1653688444,1653688444);
INSERT INTO player_score VALUES('3998a007d',67,'233350fc9','21333657b',202419,509,1652909286,1652909286);
INSERT INTO player_score VALUES('626f6c40c',67,'233350fc9','230fa61f6',289800,1503,1654005551,1654005551);
INSERT INTO player_score VALUES('61d358325',67,'233350fc9','23465c797',140250,1476,1653989185,1653989185);
INSERT INTO player_score VALUES('4bb280015',67,'233350fc9','24cae0eea',18810,879,1653395183,1653395183);
INSERT INTO player_score VALUES('5f1afb2a6',67,'233350fc9','25f27fa27',16848,1398,1653916166,1653916166);
INSERT INTO player_score VALUES('60affa5c8',67,'233350fc9','26d0eefe2',162360,1453,1653958633,1653958633);
INSERT INTO player_score VALUES('571933824',67,'233350fc9','29d9481b2',0,1129,1653701231,1653701231);
INSERT INTO player_score VALUES('4734d3987',67,'233350fc9','3387518ad',13800,681,1653274631,1653274631);
INSERT INTO player_score VALUES('4d1410b6e',67,'233350fc9','457ae263d',42845,870,1653432257,1653432257);
INSERT INTO player_score VALUES('5a22dffa1',67,'233350fc9','474f01412',110880,1159,1653782776,1653782776);
INSERT INTO player_score VALUES('6290d6f01',67,'233350fc9','490914a60',31752,1457,1654009055,1654009055);
INSERT INTO player_score VALUES('5fe42ff31',67,'233350fc9','4f8f7366c',103684,1204,1653937264,1653937264);
INSERT INTO player_score VALUES('6308cfd3e',67,'233350fc9','54d2867aa',392553,1510,1654021635,1654021635);
INSERT INTO player_score VALUES('61200402c',67,'233350fc9','55dd952c7',3075,1517,1653970381,1653970381);
INSERT INTO player_score VALUES('63bbb6314',67,'233350fc9','5b7f911d7',585316,1536,1654040394,1654040394);
INSERT INTO player_score VALUES('63b1dea49',67,'233350fc9','5cd17de99',6840,1397,1654039362,1654039362);
INSERT INTO player_score VALUES('638751146',67,'233350fc9','6379252ba',45990,1415,1654034900,1654034900);
INSERT INTO player_score VALUES('539c888f8',67,'2501814b9','1fa13d113',131600,1020,1653607628,1653607628);
INSERT INTO player_score VALUES('3afca1bc9',67,'2501814b9','21333657b',27720,548,1652946616,1652946616);
INSERT INTO player_score VALUES('5f8aaa77f',67,'2501814b9','230fa61f6',10976,1436,1653927877,1653927877);
INSERT INTO player_score VALUES('5eb010912',67,'2501814b9','23465c797',2052,1395,1653904955,1653904955);
INSERT INTO player_score VALUES('4dc5e809c',67,'2501814b9','24cae0eea',14868,927,1653450905,1653450905);
INSERT INTO player_score VALUES('634fcdaab',67,'2501814b9','25f27fa27',13065,1501,1654029079,1654029079);
INSERT INTO player_score VALUES('61e97d263',67,'2501814b9','26d0eefe2',9880,1488,1653991507,1653991507);
INSERT INTO player_score VALUES('4d889d1f0',67,'2501814b9','457ae263d',70656,920,1653444478,1653444478);
INSERT INTO player_score VALUES('5934aa87d',67,'2501814b9','474f01412',199665,1093,1653757798,1653757798);
INSERT INTO player_score VALUES('6090953ea',67,'2501814b9','490914a60',27600,1354,1653955341,1653955341);
INSERT INTO player_score VALUES('6222abd51',67,'2501814b9','4f8f7366c',97280,1360,1653997503,1653997503);
INSERT INTO player_score VALUES('63a2be96e',67,'2501814b9','54d2867aa',48000,1582,1654037776,1654037776);
INSERT INTO player_score VALUES('60977cd53',67,'2501814b9','55dd952c7',15540,1450,1653956065,1653956065);
INSERT INTO player_score VALUES('63a10e781',67,'2501814b9','5b7f911d7',225700,1523,1654037599,1654037599);
INSERT INTO player_score VALUES('63a6e97af',67,'2501814b9','5cd17de99',89034,1389,1654038213,1654038213);
INSERT INTO player_score VALUES('63878e216',67,'2501814b9','6379252ba',7072,1437,1654034925,1654034925);
INSERT INTO player_score VALUES('5d1536562',67,'25bd525a8','1cd550b69',18815,1442,1653861874,1653861874);
INSERT INTO player_score VALUES('54178eb0f',67,'25bd525a8','1fa13d113',10710,1031,1653620528,1653620528);
INSERT INTO player_score VALUES('3b045660a',67,'25bd525a8','21333657b',111872,549,1652947424,1652947424);
INSERT INTO player_score VALUES('6218aac66',67,'25bd525a8','230fa61f6',148016,1496,1653996454,1653996454);
INSERT INTO player_score VALUES('5f33ba9a5',67,'25bd525a8','23465c797',3360,1413,1653918761,1653918761);
INSERT INTO player_score VALUES('4d9cab68f',67,'25bd525a8','24cae0eea',81282,921,1653446581,1653446581);
INSERT INTO player_score VALUES('605fefa04',67,'25bd525a8','25f27fa27',80500,1437,1653950240,1653950240);
INSERT INTO player_score VALUES('628b38f34',67,'25bd525a8','26d0eefe2',22932,1513,1654008466,1654008466);
INSERT INTO player_score VALUES('6022fa2d8',67,'25bd525a8','29d9481b2',7420,1359,1653943848,1653943848);
INSERT INTO player_score VALUES('46a896b6d',67,'25bd525a8','3387518ad',492100,668,1653259926,1653259926);
INSERT INTO player_score VALUES('5966cd016',67,'25bd525a8','474f01412',42525,1110,1653763055,1653763055);
INSERT INTO player_score VALUES('6348d01c7',67,'25bd525a8','490914a60',45240,1502,1654028346,1654028346);
INSERT INTO player_score VALUES('63bfba023',67,'25bd525a8','4f8f7366c',215424,1477,1654040815,1654040815);
INSERT INTO player_score VALUES('63c210272',67,'25bd525a8','54d2867aa',224400,1592,1654041060,1654041060);
INSERT INTO player_score VALUES('611700e1f',67,'25bd525a8','55dd952c7',35532,1513,1653969436,1653969436);
INSERT INTO player_score VALUES('638fb5848',67,'25bd525a8','5b7f911d7',48960,1506,1654035780,1654035780);
INSERT INTO player_score VALUES('6393cce2d',67,'25bd525a8','5cd17de99',14208,1371,1654036209,1654036209);
INSERT INTO player_score VALUES('6386c10d7',67,'25bd525a8','6379252ba',43152,1364,1654034841,1654034841);
INSERT INTO player_score VALUES('561dc3d30',67,'270e74823','1cd550b69',57624,1259,1653674866,1653674866);
INSERT INTO player_score VALUES('54e0f930e',67,'270e74823','1fa13d113',154818,1052,1653641648,1653641648);
INSERT INTO player_score VALUES('36e6785bd',67,'270e74823','21333657b',248952,451,1652836918,1652836918);
INSERT INTO player_score VALUES('60e921b61',67,'270e74823','230fa61f6',3234,1466,1653964626,1653964626);
INSERT INTO player_score VALUES('62078a04b',67,'270e74823','23465c797',1520,1480,1653994658,1653994658);
INSERT INTO player_score VALUES('4db94c842',67,'270e74823','24cae0eea',3255,925,1653449583,1653449583);
INSERT INTO player_score VALUES('6202af5ad',67,'270e74823','25f27fa27',129168,1468,1653994149,1653994149);
INSERT INTO player_score VALUES('636fbb803',67,'270e74823','26d0eefe2',146160,1540,1654032427,1654032427);
INSERT INTO player_score VALUES('45b8545f2',67,'270e74823','3387518ad',10440,631,1653234733,1653234733);
INSERT INTO player_score VALUES('4d65f9eeb',67,'270e74823','457ae263d',172172,900,1653440846,1653440846);
INSERT INTO player_score VALUES('59faa8911',67,'270e74823','474f01412',68000,1144,1653778559,1653778559);
INSERT INTO player_score VALUES('637cac7ac',67,'270e74823','490914a60',101920,1512,1654033784,1654033784);
INSERT INTO player_score VALUES('63961bb5c',67,'270e74823','4f8f7366c',64904,1463,1654036451,1654036451);
INSERT INTO player_score VALUES('63bd10d9f',67,'270e74823','54d2867aa',525393,1587,1654040536,1654040536);
INSERT INTO player_score VALUES('611535e29',67,'270e74823','55dd952c7',76076,1511,1653969248,1653969248);
INSERT INTO player_score VALUES('636ca20a0',67,'270e74823','5b7f911d7',9075,1485,1654032102,1654032102);
INSERT INTO player_score VALUES('6370f6703',67,'270e74823','5cd17de99',227599,1340,1654032556,1654032556);
INSERT INTO player_score VALUES('6387a4199',67,'270e74823','6379252ba',396439,1447,1654034934,1654034934);
INSERT INTO player_score VALUES('62fc7155d',67,'2cbfb045f','1cd550b69',6954,1562,1654020338,1654020338);
INSERT INTO player_score VALUES('5115094a0',67,'2cbfb045f','1fa13d113',414932,963,1653539733,1653539733);
INSERT INTO player_score VALUES('3b4a05bec',67,'2cbfb045f','21333657b',18144,556,1652954731,1652954731);
INSERT INTO player_score VALUES('6109fc594',67,'2cbfb045f','230fa61f6',6192,1470,1653968071,1653968071);
INSERT INTO player_score VALUES('62f037751',67,'2cbfb045f','23465c797',0,1502,1654019056,1654019056);
INSERT INTO player_score VALUES('605b8c98e',67,'2cbfb045f','25f27fa27',87904,1435,1653949780,1653949780);
INSERT INTO player_score VALUES('5d5dbd384',67,'2cbfb045f','26d0eefe2',378856,1366,1653869479,1653869479);
INSERT INTO player_score VALUES('615915624',67,'2cbfb045f','29d9481b2',758880,1395,1653976365,1653976365);
INSERT INTO player_score VALUES('4685b19d8',67,'2cbfb045f','3387518ad',229890,661,1653256267,1653256267);
INSERT INTO player_score VALUES('4cbf6857c',67,'2cbfb045f','457ae263d',288000,839,1653423380,1653423380);
INSERT INTO player_score VALUES('582f91b5f',67,'2cbfb045f','474f01412',0,1040,1653730420,1653730420);
INSERT INTO player_score VALUES('62bee962b',67,'2cbfb045f','490914a60',648,1468,1654013886,1654013886);
INSERT INTO player_score VALUES('639aa3624',67,'2cbfb045f','4f8f7366c',20736,1466,1654036926,1654036926);
INSERT INTO player_score VALUES('639352d2c',67,'2cbfb045f','54d2867aa',39816,1575,1654036159,1654036159);
INSERT INTO player_score VALUES('611d0084c',67,'2cbfb045f','55dd952c7',0,1516,1653970065,1653970065);
INSERT INTO player_score VALUES('63ba283a1',67,'2cbfb045f','5b7f911d7',192080,1535,1654040231,1654040231);
INSERT INTO player_score VALUES('628603f08',67,'2cbfb045f','5cd17de99',142200,1177,1654007920,1654007920);
INSERT INTO player_score VALUES('55ccec0a7',67,'2e56a184f','1fa13d113',305280,1076,1653666389,1653666389);
INSERT INTO player_score VALUES('3a03d16e6',67,'2e56a184f','21333657b',162150,521,1652920526,1652920526);
INSERT INTO player_score VALUES('62e483d5d',67,'2e56a184f','230fa61f6',30450,1514,1654017829,1654017829);
INSERT INTO player_score VALUES('61bb63618',67,'2e56a184f','23465c797',265200,1474,1653986673,1653986673);
INSERT INTO player_score VALUES('4a8faae51',67,'2e56a184f','24cae0eea',354756,862,1653364687,1653364687);
INSERT INTO player_score VALUES('62d75d22c',67,'2e56a184f','26d0eefe2',95634,1521,1654016450,1654016450);
INSERT INTO player_score VALUES('6194eac15',67,'2e56a184f','29d9481b2',604440,1404,1653982639,1653982639);
INSERT INTO player_score VALUES('4bca5edc2',67,'2e56a184f','457ae263d',50876,731,1653397686,1653397686);
INSERT INTO player_score VALUES('59d641bc3',67,'2e56a184f','474f01412',318472,1132,1653774742,1653774742);
INSERT INTO player_score VALUES('623479ef4',67,'2e56a184f','490914a60',30212,1434,1653999370,1653999370);
INSERT INTO player_score VALUES('6368ec54b',67,'2e56a184f','4f8f7366c',24030,1453,1654031713,1654031713);
INSERT INTO player_score VALUES('6353724af',67,'2e56a184f','54d2867aa',158340,1543,1654029461,1654029461);
INSERT INTO player_score VALUES('5f7ff7394',67,'2e56a184f','55dd952c7',7998,1301,1653926755,1653926755);
INSERT INTO player_score VALUES('6318d2f64',67,'2e56a184f','5b7f911d7',29808,1414,1654023314,1654023314);
INSERT INTO player_score VALUES('637d6fcc7',67,'2e56a184f','5cd17de99',310420,1352,1654033864,1654033864);
INSERT INTO player_score VALUES('5f106a16f',67,'318876bb7','1cd550b69',135450,1483,1653915058,1653915058);
INSERT INTO player_score VALUES('3b567ca89',67,'318876bb7','21333657b',240768,558,1652956038,1652956038);
INSERT INTO player_score VALUES('63136aae1',67,'318876bb7','230fa61f6',34656,1525,1654022747,1654022747);
INSERT INTO player_score VALUES('633f61934',67,'318876bb7','23465c797',97152,1511,1654027357,1654027357);
INSERT INTO player_score VALUES('4b48dc8b1',67,'318876bb7','24cae0eea',202488,873,1653384106,1653384106);
INSERT INTO player_score VALUES('5f638e444',67,'318876bb7','25f27fa27',7250,1408,1653923776,1653923776);
INSERT INTO player_score VALUES('611cd9762',67,'318876bb7','26d0eefe2',44550,1464,1653970049,1653970049);
INSERT INTO player_score VALUES('60ba73040',67,'318876bb7','29d9481b2',53053,1379,1653959731,1653959731);
INSERT INTO player_score VALUES('4c91c1546',67,'318876bb7','457ae263d',222712,817,1653418593,1653418593);
INSERT INTO player_score VALUES('597deafa6',67,'318876bb7','474f01412',223295,1115,1653765479,1653765479);
INSERT INTO player_score VALUES('61eca7b23',67,'318876bb7','490914a60',23920,1420,1653991839,1653991839);
INSERT INTO player_score VALUES('63950f295',67,'318876bb7','4f8f7366c',147400,1462,1654036341,1654036341);
INSERT INTO player_score VALUES('631d02ba9',67,'318876bb7','54d2867aa',177840,1519,1654023753,1654023753);
INSERT INTO player_score VALUES('60e28ab46',67,'318876bb7','55dd952c7',159544,1494,1653963935,1653963935);
INSERT INTO player_score VALUES('6318eb5e3',67,'318876bb7','5b7f911d7',36685,1415,1654023324,1654023324);
INSERT INTO player_score VALUES('63bb76b61',67,'318876bb7','5cd17de99',33077,1405,1654040368,1654040368);
INSERT INTO player_score VALUES('53bbbf46f',67,'32a9d6575','1fa13d113',444714,1024,1653610901,1653610901);
INSERT INTO player_score VALUES('376efd120',67,'32a9d6575','21333657b',531117,459,1652851233,1652851233);
INSERT INTO player_score VALUES('626c0c009',67,'32a9d6575','230fa61f6',10320,1502,1654005197,1654005197);
INSERT INTO player_score VALUES('56d0c509e',67,'32a9d6575','23465c797',162792,1215,1653693636,1653693636);
INSERT INTO player_score VALUES('4b03962d5',67,'32a9d6575','24cae0eea',150964,869,1653376842,1653376842);
INSERT INTO player_score VALUES('63382e503',67,'32a9d6575','25f27fa27',2300,1498,1654026602,1654026602);
INSERT INTO player_score VALUES('601c9b4ca',67,'32a9d6575','26d0eefe2',81000,1445,1653943180,1653943180);
INSERT INTO player_score VALUES('45cd63020',67,'32a9d6575','3387518ad',2340,635,1653236941,1653236941);
INSERT INTO player_score VALUES('5a19ae781',67,'32a9d6575','474f01412',37800,1154,1653781812,1653781812);
INSERT INTO player_score VALUES('63ac03a19',67,'32a9d6575','4f8f7366c',39312,1471,1654038748,1654038748);
INSERT INTO player_score VALUES('63c0c1acc',67,'32a9d6575','54d2867aa',93126,1590,1654040923,1654040923);
INSERT INTO player_score VALUES('60c03cf60',67,'32a9d6575','55dd952c7',51,1473,1653960338,1653960338);
INSERT INTO player_score VALUES('63ae80d84',67,'32a9d6575','5b7f911d7',67620,1531,1654039009,1654039009);
INSERT INTO player_score VALUES('63af8af01',67,'32a9d6575','5cd17de99',29736,1394,1654039118,1654039118);
INSERT INTO player_score VALUES('6386b7478',67,'32a9d6575','6379252ba',37170,1360,1654034837,1654034837);
INSERT INTO player_score VALUES('615e590a0',67,'33350dfa2','1cd550b69',2200,1530,1653976917,1653976917);
INSERT INTO player_score VALUES('55a03928d',67,'33350dfa2','1fa13d113',66625,1073,1653661702,1653661702);
INSERT INTO player_score VALUES('3abe78a6b',67,'33350dfa2','21333657b',573325,543,1652940098,1652940098);
INSERT INTO player_score VALUES('612eaee3f',67,'33350dfa2','23465c797',19525,1459,1653971919,1653971919);
INSERT INTO player_score VALUES('4c5cb1559',67,'33350dfa2','24cae0eea',293280,894,1653413029,1653413029);
INSERT INTO player_score VALUES('625d5ead6',67,'33350dfa2','25f27fa27',554400,1482,1654003658,1654003658);
INSERT INTO player_score VALUES('5f49a2833',67,'33350dfa2','26d0eefe2',230400,1415,1653921058,1653921058);
INSERT INTO player_score VALUES('6181fc938',67,'33350dfa2','29d9481b2',467016,1403,1653980654,1653980654);
INSERT INTO player_score VALUES('473d380a1',67,'33350dfa2','3387518ad',125840,683,1653275511,1653275511);
INSERT INTO player_score VALUES('4d3e59e36',67,'33350dfa2','457ae263d',8281,883,1653436691,1653436691);
INSERT INTO player_score VALUES('5969259ad',67,'33350dfa2','474f01412',21930,1111,1653763301,1653763301);
INSERT INTO player_score VALUES('61c9e733c',67,'33350dfa2','490914a60',178560,1414,1653988195,1653988195);
INSERT INTO player_score VALUES('6310365e3',67,'33350dfa2','4f8f7366c',1848,1417,1654022411,1654022411);
INSERT INTO player_score VALUES('634aee1ac',67,'33350dfa2','54d2867aa',3608,1539,1654028568,1654028568);
INSERT INTO player_score VALUES('60920103e',67,'33350dfa2','55dd952c7',51840,1447,1653955490,1653955490);
INSERT INTO player_score VALUES('62cead07f',67,'33350dfa2','5b7f911d7',18850,1359,1654015539,1654015539);
INSERT INTO player_score VALUES('63bc54dc1',67,'33350dfa2','5cd17de99',116688,1407,1654040459,1654040459);
INSERT INTO player_score VALUES('6227c5f75',67,'34a7df2ba','1cd550b69',2640,1544,1653998038,1653998038);
INSERT INTO player_score VALUES('55805c6af',67,'34a7df2ba','1fa13d113',2652,1069,1653658361,1653658361);
INSERT INTO player_score VALUES('399e73b97',67,'34a7df2ba','21333657b',4200,512,1652909897,1652909897);
INSERT INTO player_score VALUES('5cc8080a9',67,'34a7df2ba','23465c797',28208,1352,1653853781,1653853781);
INSERT INTO player_score VALUES('4cfd1c3f1',67,'34a7df2ba','24cae0eea',306768,904,1653429850,1653429850);
INSERT INTO player_score VALUES('5fd9050ea',67,'34a7df2ba','25f27fa27',27900,1419,1653936093,1653936093);
INSERT INTO player_score VALUES('638790918',67,'34a7df2ba','26d0eefe2',60146,1544,1654034926,1654034926);
INSERT INTO player_score VALUES('63b890836',67,'34a7df2ba','29d9481b2',2184,1445,1654040064,1654040064);
INSERT INTO player_score VALUES('46dcd9a16',67,'34a7df2ba','3387518ad',204102,675,1653265406,1653265406);
INSERT INTO player_score VALUES('4d5b3cec9',67,'34a7df2ba','457ae263d',470547,897,1653439720,1653439720);
INSERT INTO player_score VALUES('59fd7657e',67,'34a7df2ba','474f01412',653400,1146,1653778853,1653778853);
INSERT INTO player_score VALUES('638441664',67,'34a7df2ba','490914a60',266616,1513,1654034579,1654034579);
INSERT INTO player_score VALUES('62a773860',67,'34a7df2ba','54d2867aa',24024,1467,1654011426,1654011426);
INSERT INTO player_score VALUES('6097fe3a4',67,'34a7df2ba','55dd952c7',15520,1453,1653956118,1653956118);
INSERT INTO player_score VALUES('6330ddbdf',67,'34a7df2ba','5b7f911d7',151528,1434,1654025835,1654025835);
INSERT INTO player_score VALUES('629ab35a9',67,'34a7df2ba','5cd17de99',39672,1193,1654010089,1654010089);
INSERT INTO player_score VALUES('6386e5acd',67,'34a7df2ba','6379252ba',105462,1382,1654034856,1654034856);
INSERT INTO player_score VALUES('60288bf3d',67,'350b04087','1cd550b69',50160,1511,1653944432,1653944432);
INSERT INTO player_score VALUES('569f636f9',67,'350b04087','1fa13d113',251550,1091,1653688458,1653688458);
INSERT INTO player_score VALUES('3a9f81636',67,'350b04087','21333657b',170274,537,1652936851,1652936851);
INSERT INTO player_score VALUES('626adfb71',67,'350b04087','230fa61f6',261280,1500,1654005074,1654005074);
INSERT INTO player_score VALUES('6314e2a99',67,'350b04087','23465c797',265512,1506,1654022901,1654022901);
INSERT INTO player_score VALUES('61bda5fe3',67,'350b04087','25f27fa27',13132,1466,1653986910,1653986910);
INSERT INTO player_score VALUES('62e94d6e4',67,'350b04087','29d9481b2',40608,1433,1654018331,1654018331);
INSERT INTO player_score VALUES('469b6160a',67,'350b04087','3387518ad',343620,666,1653258541,1653258541);
INSERT INTO player_score VALUES('4d864bdf7',67,'350b04087','457ae263d',148830,918,1653444235,1653444235);
INSERT INTO player_score VALUES('6369b4853',67,'350b04087','490914a60',399168,1509,1654031795,1654031795);
INSERT INTO player_score VALUES('62fdac448',67,'350b04087','4f8f7366c',49761,1409,1654020467,1654020467);
INSERT INTO player_score VALUES('636aa15a7',67,'350b04087','54d2867aa',644688,1553,1654031892,1654031892);
INSERT INTO player_score VALUES('60c6cf191',67,'350b04087','55dd952c7',42777,1482,1653961027,1653961027);
INSERT INTO player_score VALUES('6388fc54f',67,'350b04087','5b7f911d7',54834,1502,1654035075,1654035075);
INSERT INTO player_score VALUES('6386a6340',67,'350b04087','6379252ba',12276,1351,1654034830,1654034830);
INSERT INTO player_score VALUES('5e3fee834',67,'35c76ee76','1cd550b69',188048,1470,1653893197,1653893197);
INSERT INTO player_score VALUES('56a290684',67,'35c76ee76','1fa13d113',16464,1092,1653688791,1653688791);
INSERT INTO player_score VALUES('39097a872',67,'35c76ee76','21333657b',177378,494,1652894276,1652894276);
INSERT INTO player_score VALUES('62f6d0e59',67,'35c76ee76','230fa61f6',2288,1520,1654019748,1654019748);
INSERT INTO player_score VALUES('633f09ab0',67,'35c76ee76','23465c797',176540,1510,1654027321,1654027321);
INSERT INTO player_score VALUES('4c9eb4c33',67,'35c76ee76','24cae0eea',0,897,1653419951,1653419951);
INSERT INTO player_score VALUES('6231df6e7',67,'35c76ee76','26d0eefe2',71136,1495,1653999097,1653999097);
INSERT INTO player_score VALUES('60b16fe42',67,'35c76ee76','29d9481b2',486640,1377,1653958786,1653958786);
INSERT INTO player_score VALUES('46aaef50b',67,'35c76ee76','3387518ad',23023,669,1653260172,1653260172);
INSERT INTO player_score VALUES('4cd56b1e2',67,'35c76ee76','457ae263d',28028,850,1653425688,1653425688);
INSERT INTO player_score VALUES('5a1308cba',67,'35c76ee76','474f01412',58800,1152,1653781115,1653781115);
INSERT INTO player_score VALUES('62f682c79',67,'35c76ee76','490914a60',102144,1480,1654019716,1654019716);
INSERT INTO player_score VALUES('631d9efbb',67,'35c76ee76','4f8f7366c',102816,1421,1654023817,1654023817);
INSERT INTO player_score VALUES('634b54a4a',67,'35c76ee76','54d2867aa',28105,1540,1654028610,1654028610);
INSERT INTO player_score VALUES('610061d96',67,'35c76ee76','55dd952c7',14406,1501,1653967064,1653967064);
INSERT INTO player_score VALUES('637574543',67,'35c76ee76','5b7f911d7',1584,1490,1654033027,1654033027);
INSERT INTO player_score VALUES('635410f87',67,'35c76ee76','5cd17de99',161500,1321,1654029526,1654029526);
INSERT INTO player_score VALUES('6387622f0',67,'35c76ee76','6379252ba',10800,1422,1654034907,1654034907);
INSERT INTO player_score VALUES('6302d2a10',67,'35ead7da1','1cd550b69',132912,1567,1654021007,1654021007);
INSERT INTO player_score VALUES('55727c2e7',67,'35ead7da1','1fa13d113',71040,1065,1653656906,1653656906);
INSERT INTO player_score VALUES('3a7003301',67,'35ead7da1','21333657b',32076,531,1652931871,1652931871);
INSERT INTO player_score VALUES('607cf9b7f',67,'35ead7da1','230fa61f6',423300,1458,1653953285,1653953285);
INSERT INTO player_score VALUES('4dbb0dbc9',67,'35ead7da1','24cae0eea',12768,926,1653449767,1653449767);
INSERT INTO player_score VALUES('5610f9eb0',67,'35ead7da1','25f27fa27',7942,1172,1653673525,1653673525);
INSERT INTO player_score VALUES('6196b34e4',67,'35ead7da1','26d0eefe2',196800,1480,1653982826,1653982826);
INSERT INTO player_score VALUES('63022c9f4',67,'35ead7da1','29d9481b2',8113,1436,1654020939,1654020939);
INSERT INTO player_score VALUES('471ad6c60',67,'35ead7da1','3387518ad',30636,678,1653271906,1653271906);
INSERT INTO player_score VALUES('592474262',67,'35ead7da1','474f01412',17082,1089,1653756098,1653756098);
INSERT INTO player_score VALUES('60d8f0305',67,'35ead7da1','490914a60',250920,1363,1653962928,1653962928);
INSERT INTO player_score VALUES('63545f1a8',67,'35ead7da1','4f8f7366c',50544,1441,1654029558,1654029558);
INSERT INTO player_score VALUES('6155c3c41',67,'35ead7da1','54d2867aa',26600,1337,1653976017,1653976017);
INSERT INTO player_score VALUES('61365ea94',67,'35ead7da1','55dd952c7',45733,1524,1653972725,1653972725);
INSERT INTO player_score VALUES('639ee1d0b',67,'35ead7da1','5b7f911d7',56160,1519,1654037371,1654037371);
INSERT INTO player_score VALUES('63b1c8ab6',67,'35ead7da1','5cd17de99',33792,1396,1654039353,1654039353);
INSERT INTO player_score VALUES('6387b2c18',67,'35ead7da1','6379252ba',316008,1454,1654034940,1654034940);
INSERT INTO player_score VALUES('62fcbd015',67,'375e6506b','1cd550b69',17835,1563,1654020369,1654020369);
INSERT INTO player_score VALUES('56363eedd',67,'375e6506b','1fa13d113',20097,1084,1653677433,1653677433);
INSERT INTO player_score VALUES('3b1c06d70',67,'375e6506b','21333657b',646464,554,1652949908,1652949908);
INSERT INTO player_score VALUES('619008c56',67,'375e6506b','230fa61f6',390260,1482,1653982127,1653982127);
INSERT INTO player_score VALUES('62ef40df4',67,'375e6506b','23465c797',74240,1501,1654018955,1654018955);
INSERT INTO player_score VALUES('4ce52ec23',67,'375e6506b','24cae0eea',46800,903,1653427341,1653427341);
INSERT INTO player_score VALUES('613a64f04',67,'375e6506b','25f27fa27',634270,1462,1653973147,1653973147);
INSERT INTO player_score VALUES('633841d27',67,'375e6506b','26d0eefe2',113400,1533,1654026610,1654026610);
INSERT INTO player_score VALUES('62a2a50df',67,'375e6506b','29d9481b2',46816,1427,1654010922,1654010922);
INSERT INTO player_score VALUES('4d3fbbe58',67,'375e6506b','457ae263d',221400,884,1653436836,1653436836);
INSERT INTO player_score VALUES('598aea9a9',67,'375e6506b','474f01412',77952,1119,1653766842,1653766842);
INSERT INTO player_score VALUES('6123f9301',67,'375e6506b','490914a60',26520,1375,1653970796,1653970796);
INSERT INTO player_score VALUES('638d99fab',67,'375e6506b','4f8f7366c',68000,1459,1654035559,1654035559);
INSERT INTO player_score VALUES('62cec7df7',67,'375e6506b','54d2867aa',76,1488,1654015550,1654015550);
INSERT INTO player_score VALUES('6128dd9d6',67,'375e6506b','55dd952c7',11016,1520,1653971309,1653971309);
INSERT INTO player_score VALUES('639c2ee34',67,'375e6506b','5b7f911d7',5550,1516,1654037088,1654037088);
INSERT INTO player_score VALUES('6396dc958',67,'375e6506b','5cd17de99',214970,1375,1654036530,1654036530);
INSERT INTO player_score VALUES('5ef71a94a',67,'390809dfc','1cd550b69',18018,1479,1653912404,1653912404);
INSERT INTO player_score VALUES('55ab7a052',67,'390809dfc','1fa13d113',279424,1074,1653662882,1653662882);
INSERT INTO player_score VALUES('600693a8a',67,'390809dfc','230fa61f6',158700,1451,1653940870,1653940870);
INSERT INTO player_score VALUES('6304f7f0e',67,'390809dfc','23465c797',0,1505,1654021232,1654021232);
INSERT INTO player_score VALUES('4d8eaddbc',67,'390809dfc','24cae0eea',72980,917,1653445114,1653445114);
INSERT INTO player_score VALUES('6215bad6e',67,'390809dfc','25f27fa27',4920,1472,1653996146,1653996146);
INSERT INTO player_score VALUES('622795284',67,'390809dfc','26d0eefe2',125280,1494,1653998018,1653998018);
INSERT INTO player_score VALUES('5e11b9e5e',67,'390809dfc','29d9481b2',30186,1313,1653888352,1653888352);
INSERT INTO player_score VALUES('46568dbc1',67,'390809dfc','3387518ad',292950,656,1653251324,1653251324);
INSERT INTO player_score VALUES('4d52e4ad1',67,'390809dfc','457ae263d',57348,892,1653438845,1653438845);
INSERT INTO player_score VALUES('5a29218c1',67,'390809dfc','474f01412',9120,1160,1653783432,1653783432);
INSERT INTO player_score VALUES('61fbf144a',67,'390809dfc','490914a60',87600,1423,1653993442,1653993442);
INSERT INTO player_score VALUES('636801f39',67,'390809dfc','4f8f7366c',360000,1451,1654031617,1654031617);
INSERT INTO player_score VALUES('63642ef37',67,'390809dfc','54d2867aa',6642,1552,1654031216,1654031216);
INSERT INTO player_score VALUES('607279b97',67,'390809dfc','55dd952c7',379086,1421,1653952184,1653952184);
INSERT INTO player_score VALUES('6354fdcc4',67,'390809dfc','5b7f911d7',73920,1463,1654029623,1654029623);
INSERT INTO player_score VALUES('63c1569d5',67,'390809dfc','5cd17de99',27000,1413,1654040984,1654040984);
INSERT INTO player_score VALUES('638790919',67,'390809dfc','6379252ba',18886,1439,1654034926,1654034926);
INSERT INTO player_score VALUES('6154ad6f5',67,'3b9c3f8e4','1cd550b69',42579,1528,1653975903,1653975903);
INSERT INTO player_score VALUES('5496c97d6',67,'3b9c3f8e4','1fa13d113',47385,1042,1653633869,1653633869);
INSERT INTO player_score VALUES('630b1ea87',67,'3b9c3f8e4','230fa61f6',550368,1523,1654021877,1654021877);
INSERT INTO player_score VALUES('5f92c81a3',67,'3b9c3f8e4','23465c797',13800,1425,1653928728,1653928728);
INSERT INTO player_score VALUES('4d73cb8b8',67,'3b9c3f8e4','24cae0eea',0,914,1653442295,1653442295);
INSERT INTO player_score VALUES('563135de7',67,'3b9c3f8e4','25f27fa27',20636,1175,1653676905,1653676905);
INSERT INTO player_score VALUES('638700867',67,'3b9c3f8e4','26d0eefe2',343728,1543,1654034867,1654034867);
INSERT INTO player_score VALUES('62d0ab487',67,'3b9c3f8e4','29d9481b2',20160,1430,1654015748,1654015748);
INSERT INTO player_score VALUES('471c75cd9',67,'3b9c3f8e4','3387518ad',336000,679,1653272076,1653272076);
INSERT INTO player_score VALUES('4d800f2f2',67,'3b9c3f8e4','457ae263d',306900,916,1653443581,1653443581);
INSERT INTO player_score VALUES('59f6d3219',67,'3b9c3f8e4','474f01412',105374,1142,1653778157,1653778157);
INSERT INTO player_score VALUES('63b16975a',67,'3b9c3f8e4','4f8f7366c',66420,1473,1654039314,1654039314);
INSERT INTO player_score VALUES('63574a2b1',67,'3b9c3f8e4','54d2867aa',525366,1546,1654029864,1654029864);
INSERT INTO player_score VALUES('60e9a3195',67,'3b9c3f8e4','55dd952c7',130720,1495,1653964679,1653964679);
INSERT INTO player_score VALUES('62aef0055',67,'3b9c3f8e4','5b7f911d7',194922,1342,1654012211,1654012211);
INSERT INTO player_score VALUES('636b00910',67,'3b9c3f8e4','5cd17de99',42770,1331,1654031931,1654031931);
INSERT INTO player_score VALUES('6387b7a1a',67,'3b9c3f8e4','6379252ba',11172,1457,1654034942,1654034942);
INSERT INTO player_score VALUES('631e38cd3',67,'3d32a0c33','1cd550b69',32560,1570,1654023880,1654023880);
INSERT INTO player_score VALUES('56aad9ff5',67,'3d32a0c33','1fa13d113',44880,1094,1653689660,1653689660);
INSERT INTO player_score VALUES('6011de4b9',67,'3d32a0c33','230fa61f6',146832,1452,1653942054,1653942054);
INSERT INTO player_score VALUES('637db908d',67,'3d32a0c33','23465c797',364000,1520,1654033894,1654033894);
INSERT INTO player_score VALUES('4d984acdb',67,'3d32a0c33','24cae0eea',48888,919,1653446122,1653446122);
INSERT INTO player_score VALUES('613227916',67,'3d32a0c33','25f27fa27',56100,1461,1653972283,1653972283);
INSERT INTO player_score VALUES('5d07c3f38',67,'3d32a0c33','26d0eefe2',140616,1350,1653860464,1653860464);
INSERT INTO player_score VALUES('61f602b80',67,'3d32a0c33','29d9481b2',72981,1415,1653992820,1653992820);
INSERT INTO player_score VALUES('4689def1d',67,'3d32a0c33','3387518ad',249444,663,1653256705,1653256705);
INSERT INTO player_score VALUES('4d44e4b1f',67,'3d32a0c33','457ae263d',86130,887,1653437377,1653437377);
INSERT INTO player_score VALUES('5955b604f',67,'3d32a0c33','474f01412',72168,1104,1653761263,1653761263);
INSERT INTO player_score VALUES('6319aeb29',67,'3d32a0c33','490914a60',547304,1486,1654023404,1654023404);
INSERT INTO player_score VALUES('629f8925e',67,'3d32a0c33','4f8f7366c',22050,1388,1654010596,1654010596);
INSERT INTO player_score VALUES('62ed7d348',67,'3d32a0c33','54d2867aa',169576,1496,1654018770,1654018770);
INSERT INTO player_score VALUES('60de47652',67,'3d32a0c33','55dd952c7',169344,1490,1653963488,1653963488);
INSERT INTO player_score VALUES('63b97fc7a',67,'3d32a0c33','5b7f911d7',5940,1533,1654040162,1654040162);
INSERT INTO player_score VALUES('63a3a8f3d',67,'3d32a0c33','5cd17de99',704,1386,1654037872,1654037872);
INSERT INTO player_score VALUES('6386d225b',67,'3d32a0c33','6379252ba',13650,1371,1654034848,1654034848);
INSERT INTO player_score VALUES('631aa05f7',67,'3d3aa387e','1cd550b69',43788,1569,1654023503,1654023503);
INSERT INTO player_score VALUES('564b5c341',67,'3d3aa387e','1fa13d113',7128,1087,1653679647,1653679647);
INSERT INTO player_score VALUES('607dc9402',67,'3d3aa387e','23465c797',594,1446,1653953370,1653953370);
INSERT INTO player_score VALUES('4db8a67f9',67,'3d3aa387e','24cae0eea',22032,924,1653449515,1653449515);
INSERT INTO player_score VALUES('60dfce041',67,'3d3aa387e','25f27fa27',2520,1453,1653963648,1653963648);
INSERT INTO player_score VALUES('5d877db23',67,'3d3aa387e','26d0eefe2',10440,1370,1653873857,1653873857);
INSERT INTO player_score VALUES('5dfd0806e',67,'3d3aa387e','29d9481b2',212646,1310,1653886182,1653886182);
INSERT INTO player_score VALUES('45e782017',67,'3d3aa387e','3387518ad',338496,643,1653239680,1653239680);
INSERT INTO player_score VALUES('4d74fcb83',67,'3d3aa387e','457ae263d',9800,910,1653442420,1653442420);
INSERT INTO player_score VALUES('63ae9bb1f',67,'3d3aa387e','490914a60',35392,1526,1654039020,1654039020);
INSERT INTO player_score VALUES('626c10e3f',67,'3d3aa387e','4f8f7366c',111384,1379,1654005199,1654005199);
INSERT INTO player_score VALUES('61d95f29d',67,'3d3aa387e','54d2867aa',250096,1395,1653989817,1653989817);
INSERT INTO player_score VALUES('6136993fe',67,'3d3aa387e','55dd952c7',134400,1525,1653972749,1653972749);
INSERT INTO player_score VALUES('623a5eb7e',67,'3d3aa387e','5b7f911d7',30528,1264,1653999988,1653999988);
INSERT INTO player_score VALUES('63bdec980',67,'3d3aa387e','5cd17de99',196080,1410,1654040626,1654040626);
INSERT INTO player_score VALUES('63857022e',67,'3d3aa387e','6379252ba',425952,1234,1654034703,1654034703);
INSERT INTO player_score VALUES('60e5364aa',67,'3da38d743','1cd550b69',51150,1520,1653964215,1653964215);
INSERT INTO player_score VALUES('51629e1c3',67,'3da38d743','1fa13d113',4400,966,1653547868,1653547868);
INSERT INTO player_score VALUES('614f53d30',67,'3da38d743','230fa61f6',118524,1475,1653975342,1653975342);
INSERT INTO player_score VALUES('5cd089c70',67,'3da38d743','23465c797',112875,1353,1653854673,1653854673);
INSERT INTO player_score VALUES('4d414ebce',67,'3da38d743','24cae0eea',5481,908,1653437001,1653437001);
INSERT INTO player_score VALUES('62bf88107',67,'3da38d743','25f27fa27',10695,1488,1654013951,1654013951);
INSERT INTO player_score VALUES('6338d6c47',67,'3da38d743','26d0eefe2',108288,1535,1654026671,1654026671);
INSERT INTO player_score VALUES('609db22d6',67,'3da38d743','29d9481b2',235094,1374,1653956716,1653956716);
INSERT INTO player_score VALUES('469136d83',67,'3da38d743','3387518ad',29890,664,1653257475,1653257475);
INSERT INTO player_score VALUES('4cebfdecc',67,'3da38d743','457ae263d',92150,859,1653428055,1653428055);
INSERT INTO player_score VALUES('59f865f72',67,'3da38d743','474f01412',8906,1143,1653778322,1653778322);
INSERT INTO player_score VALUES('632ce3aeb',67,'3da38d743','490914a60',98604,1496,1654025418,1654025418);
INSERT INTO player_score VALUES('633d23d5d',67,'3da38d743','4f8f7366c',360000,1428,1654027122,1654027122);
INSERT INTO player_score VALUES('63002bef2',67,'3da38d743','54d2867aa',279180,1505,1654020729,1654020729);
INSERT INTO player_score VALUES('60f3d9d65',67,'3da38d743','55dd952c7',534600,1499,1653965750,1653965750);
INSERT INTO player_score VALUES('639a4b801',67,'3da38d743','5cd17de99',5643,1378,1654036890,1654036890);
INSERT INTO player_score VALUES('6319ff3f8',67,'3e4b355f5','1cd550b69',100464,1568,1654023437,1654023437);
INSERT INTO player_score VALUES('4de69e135',67,'3e4b355f5','1fa13d113',230364,897,1653454335,1653454335);
INSERT INTO player_score VALUES('62c037dd5',67,'3e4b355f5','230fa61f6',328302,1509,1654014023,1654014023);
INSERT INTO player_score VALUES('6361ec566',67,'3e4b355f5','23465c797',0,1514,1654030979,1654030979);
INSERT INTO player_score VALUES('4d515e10c',67,'3e4b355f5','24cae0eea',127008,909,1653438685,1653438685);
INSERT INTO player_score VALUES('625aae32d',67,'3e4b355f5','25f27fa27',180480,1481,1654003376,1654003376);
INSERT INTO player_score VALUES('6367a04d0',67,'3e4b355f5','26d0eefe2',7896,1539,1654031577,1654031577);
INSERT INTO player_score VALUES('5f4d02c7e',67,'3e4b355f5','29d9481b2',132600,1336,1653921412,1653921412);
INSERT INTO player_score VALUES('47278363f',67,'3e4b355f5','3387518ad',267960,680,1653273235,1653273235);
INSERT INTO player_score VALUES('4cc476498',67,'3e4b355f5','457ae263d',76704,841,1653423910,1653423910);
INSERT INTO player_score VALUES('58aebb6f9',67,'3e4b355f5','474f01412',62745,1070,1653743754,1653743754);
INSERT INTO player_score VALUES('635e58ce0',67,'3e4b355f5','490914a60',97920,1507,1654030604,1654030604);
INSERT INTO player_score VALUES('63270ff7c',67,'3e4b355f5','4f8f7366c',1170,1422,1654024807,1654024807);
INSERT INTO player_score VALUES('622cd8ce4',67,'3e4b355f5','54d2867aa',29682,1426,1653998570,1653998570);
INSERT INTO player_score VALUES('60c09c2ad',67,'3e4b355f5','55dd952c7',200736,1474,1653960377,1653960377);
INSERT INTO player_score VALUES('639ddc958',67,'3e4b355f5','5b7f911d7',572544,1517,1654037264,1654037264);
INSERT INTO player_score VALUES('63b74bccc',67,'3e4b355f5','5cd17de99',125440,1401,1654039931,1654039931);
INSERT INTO player_score VALUES('638597328',67,'3e4b355f5','6379252ba',96048,1251,1654034719,1654034719);
INSERT INTO player_score VALUES('61dffb140',67,'4404e6a8c','1cd550b69',160000,1534,1653990510,1653990510);
INSERT INTO player_score VALUES('51e5d08a3',67,'4404e6a8c','1fa13d113',50400,982,1653561625,1653561625);
INSERT INTO player_score VALUES('620b7300a',67,'4404e6a8c','230fa61f6',2288,1494,1653995068,1653995068);
INSERT INTO player_score VALUES('5ce1c7d50',67,'4404e6a8c','23465c797',2080,1354,1653856481,1653856481);
INSERT INTO player_score VALUES('4c2471ed9',67,'4404e6a8c','24cae0eea',161868,890,1653407131,1653407131);
INSERT INTO player_score VALUES('60f4cdff8',67,'4404e6a8c','25f27fa27',131712,1454,1653965850,1653965850);
INSERT INTO player_score VALUES('6233f8886',67,'4404e6a8c','26d0eefe2',50224,1496,1653999317,1653999317);
INSERT INTO player_score VALUES('5e6ea9612',67,'4404e6a8c','29d9481b2',39121,1320,1653898097,1653898097);
INSERT INTO player_score VALUES('45fba8b33',67,'4404e6a8c','3387518ad',69888,644,1653241793,1653241793);
INSERT INTO player_score VALUES('4c92d5328',67,'4404e6a8c','457ae263d',243984,819,1653418706,1653418706);
INSERT INTO player_score VALUES('59e3d6467',67,'4404e6a8c','474f01412',176956,1137,1653776166,1653776166);
INSERT INTO player_score VALUES('6393aab3c',67,'4404e6a8c','4f8f7366c',149850,1461,1654036195,1654036195);
INSERT INTO player_score VALUES('636281423',67,'4404e6a8c','54d2867aa',336105,1550,1654031040,1654031040);
INSERT INTO player_score VALUES('639b5cefc',67,'4404e6a8c','5b7f911d7',93574,1515,1654037002,1654037002);
INSERT INTO player_score VALUES('6387bef50',67,'4404e6a8c','5cd17de99',490590,1361,1654034945,1654034945);
INSERT INTO player_score VALUES('6387a419a',67,'4404e6a8c','6379252ba',193952,1448,1654034934,1654034934);
INSERT INTO player_score VALUES('5f745725d',67,'4543d6962','1cd550b69',22932,1493,1653925536,1653925536);
INSERT INTO player_score VALUES('467e7e5e4',67,'4543d6962','1fa13d113',82555,743,1653255512,1653255512);
INSERT INTO player_score VALUES('5a47d94d3',67,'4543d6962','230fa61f6',5280,1300,1653786653,1653786653);
INSERT INTO player_score VALUES('4c54013c3',67,'4543d6962','24cae0eea',111360,893,1653412118,1653412118);
INSERT INTO player_score VALUES('6243aff7a',67,'4543d6962','25f27fa27',0,1480,1654000965,1654000965);
INSERT INTO player_score VALUES('5e524ca54',67,'4543d6962','26d0eefe2',32640,1387,1653895123,1653895123);
INSERT INTO player_score VALUES('6074fbcff',67,'4543d6962','29d9481b2',78936,1370,1653952447,1653952447);
INSERT INTO player_score VALUES('4d7702483',67,'4543d6962','457ae263d',245098,912,1653442632,1653442632);
INSERT INTO player_score VALUES('58fd81725',67,'4543d6962','474f01412',44712,1082,1653752014,1653752014);
INSERT INTO player_score VALUES('639ec2105',67,'4543d6962','490914a60',169920,1520,1654037358,1654037358);
INSERT INTO player_score VALUES('603139a13',67,'4543d6962','4f8f7366c',0,1225,1653945342,1653945342);
INSERT INTO player_score VALUES('637a03538',67,'4543d6962','54d2867aa',41712,1561,1654033505,1654033505);
INSERT INTO player_score VALUES('63c472850',67,'4543d6962','5b7f911d7',22176,1543,1654041310,1654041310);
INSERT INTO player_score VALUES('62058e32e',67,'4623acd60','1cd550b69',80738,1538,1653994450,1653994450);
INSERT INTO player_score VALUES('62e6c8e6c',67,'4623acd60','230fa61f6',44400,1515,1654018067,1654018067);
INSERT INTO player_score VALUES('6373dca24',67,'4623acd60','23465c797',72520,1519,1654032860,1654032860);
INSERT INTO player_score VALUES('4c0f65c0e',67,'4623acd60','24cae0eea',72192,886,1653404924,1653404924);
INSERT INTO player_score VALUES('5f9d91580',67,'4623acd60','25f27fa27',594,1414,1653929859,1653929859);
INSERT INTO player_score VALUES('63b7b9aeb',67,'4623acd60','26d0eefe2',64500,1549,1654039976,1654039976);
INSERT INTO player_score VALUES('5db684475',67,'4623acd60','29d9481b2',147920,1304,1653878788,1653878788);
INSERT INTO player_score VALUES('4577c67ce',67,'4623acd60','3387518ad',84150,617,1653227964,1653227964);
INSERT INTO player_score VALUES('4d7523c98',67,'4623acd60','457ae263d',197120,911,1653442436,1653442436);
INSERT INTO player_score VALUES('59db3c251',67,'4623acd60','474f01412',0,1135,1653775264,1653775264);
INSERT INTO player_score VALUES('624a18984',67,'4623acd60','490914a60',0,1440,1654001637,1654001637);
INSERT INTO player_score VALUES('61f123283',67,'4623acd60','4f8f7366c',375732,1347,1653992309,1653992309);
INSERT INTO player_score VALUES('631ff7918',67,'4623acd60','54d2867aa',15314,1521,1654024063,1654024063);
INSERT INTO player_score VALUES('63a046416',67,'4623acd60','5b7f911d7',233100,1522,1654037517,1654037517);
INSERT INTO player_score VALUES('63c201841',67,'4623acd60','5cd17de99',45900,1414,1654041054,1654041054);
INSERT INTO player_score VALUES('6386532e4',67,'4623acd60','6379252ba',379600,1320,1654034796,1654034796);
INSERT INTO player_score VALUES('638b1f366',67,'463045f18','1cd550b69',8568,1575,1654035299,1654035299);
INSERT INTO player_score VALUES('4ec244883',67,'463045f18','1fa13d113',81270,909,1653477367,1653477367);
INSERT INTO player_score VALUES('5fabf56aa',67,'463045f18','230fa61f6',23760,1441,1653931368,1653931368);
INSERT INTO player_score VALUES('63726e6c6',67,'463045f18','23465c797',68244,1518,1654032710,1654032710);
INSERT INTO player_score VALUES('485fb0642',67,'463045f18','24cae0eea',638400,803,1653305969,1653305969);
INSERT INTO player_score VALUES('621364b03',67,'463045f18','25f27fa27',30020,1471,1653995901,1653995901);
INSERT INTO player_score VALUES('5c6b81839',67,'463045f18','26d0eefe2',620775,1341,1653844079,1653844079);
INSERT INTO player_score VALUES('612e8f24f',67,'463045f18','29d9481b2',27056,1389,1653971906,1653971906);
INSERT INTO player_score VALUES('46632e2e0',67,'463045f18','3387518ad',329810,658,1653252648,1653252648);
INSERT INTO player_score VALUES('4d5321baa',67,'463045f18','457ae263d',80640,893,1653438870,1653438870);
INSERT INTO player_score VALUES('59f4118d4',67,'463045f18','474f01412',56160,1140,1653777868,1653777868);
INSERT INTO player_score VALUES('633f52ebf',67,'463045f18','490914a60',18900,1499,1654027351,1654027351);
INSERT INTO player_score VALUES('6171e1073',67,'463045f18','4f8f7366c',151700,1316,1653978965,1653978965);
INSERT INTO player_score VALUES('6377afa05',67,'463045f18','54d2867aa',36312,1559,1654033261,1654033261);
INSERT INTO player_score VALUES('60d3d39d5',67,'463045f18','55dd952c7',101592,1486,1653962392,1653962392);
INSERT INTO player_score VALUES('636bdeb7a',67,'463045f18','5b7f911d7',101184,1484,1654032022,1654032022);
INSERT INTO player_score VALUES('6370ef1f1',67,'463045f18','5cd17de99',43416,1339,1654032553,1654032553);
INSERT INTO player_score VALUES('638541bda',67,'463045f18','6379252ba',15750,1218,1654034684,1654034684);
INSERT INTO player_score VALUES('5e232658d',67,'464626849','1cd550b69',0,1467,1653890179,1653890179);
INSERT INTO player_score VALUES('537f883ee',67,'464626849','1fa13d113',220416,1015,1653604587,1653604587);
INSERT INTO player_score VALUES('5d7379308',67,'464626849','230fa61f6',101816,1382,1653871758,1653871758);
INSERT INTO player_score VALUES('5be4772fa',67,'464626849','23465c797',70560,1330,1653829919,1653829919);
INSERT INTO player_score VALUES('4d2c31759',67,'464626849','24cae0eea',19404,907,1653434787,1653434787);
INSERT INTO player_score VALUES('5e8829b80',67,'464626849','25f27fa27',119196,1380,1653900771,1653900771);
INSERT INTO player_score VALUES('634a93c8c',67,'464626849','26d0eefe2',1350,1537,1654028531,1654028531);
INSERT INTO player_score VALUES('533b66d58',67,'464626849','29d9481b2',88200,1034,1653597443,1653597443);
INSERT INTO player_score VALUES('4d869c70f',67,'464626849','457ae263d',2952,919,1653444268,1653444268);
INSERT INTO player_score VALUES('53b4823fd',67,'464626849','474f01412',154791,793,1653610142,1653610142);
INSERT INTO player_score VALUES('61a60df5f',67,'464626849','4f8f7366c',95760,1328,1653984436,1653984436);
INSERT INTO player_score VALUES('63ad08d8d',67,'464626849','54d2867aa',183309,1585,1654038855,1654038855);
INSERT INTO player_score VALUES('611c72ed4',67,'464626849','55dd952c7',48180,1515,1653970007,1653970007);
INSERT INTO player_score VALUES('63a5cbd6e',67,'464626849','5b7f911d7',95472,1527,1654038096,1654038096);
INSERT INTO player_score VALUES('63875add6',67,'464626849','6379252ba',20768,1418,1654034904,1654034904);
INSERT INTO player_score VALUES('62ddc5c7b',67,'468d52bb0','1cd550b69',6426,1560,1654017122,1654017122);
INSERT INTO player_score VALUES('54559a7bb',67,'468d52bb0','1fa13d113',118320,1037,1653627034,1653627034);
INSERT INTO player_score VALUES('5f1c6bcd6',67,'468d52bb0','230fa61f6',33670,1429,1653916317,1653916317);
INSERT INTO player_score VALUES('5a108446b',67,'468d52bb0','23465c797',158202,1280,1653780851,1653780851);
INSERT INTO player_score VALUES('4a31e6fb2',67,'468d52bb0','24cae0eea',195525,850,1653354855,1653354855);
INSERT INTO player_score VALUES('634cffe39',67,'468d52bb0','25f27fa27',87360,1500,1654028785,1654028785);
INSERT INTO player_score VALUES('6301e8429',67,'468d52bb0','26d0eefe2',15600,1525,1654020911,1654020911);
INSERT INTO player_score VALUES('63bb7b975',67,'468d52bb0','29d9481b2',1248,1446,1654040370,1654040370);
INSERT INTO player_score VALUES('42d056f4c',67,'468d52bb0','3387518ad',5720,519,1653156720,1653156720);
INSERT INTO player_score VALUES('4ccc239f8',67,'468d52bb0','457ae263d',31584,848,1653424715,1653424715);
INSERT INTO player_score VALUES('585673514',67,'468d52bb0','474f01412',8640,1048,1653734497,1653734497);
INSERT INTO player_score VALUES('5fccc64f3',67,'468d52bb0','490914a60',40248,1310,1653934809,1653934809);
INSERT INTO player_score VALUES('63c2dd3b4',67,'468d52bb0','4f8f7366c',207176,1478,1654041144,1654041144);
INSERT INTO player_score VALUES('633e83686',67,'468d52bb0','54d2867aa',487635,1534,1654027266,1654027266);
INSERT INTO player_score VALUES('60d820b13',67,'468d52bb0','55dd952c7',12012,1488,1653962843,1653962843);
INSERT INTO player_score VALUES('63c550ad5',67,'468d52bb0','5b7f911d7',14196,1544,1654041401,1654041401);
INSERT INTO player_score VALUES('6383633c1',67,'468d52bb0','5cd17de99',100254,1355,1654034488,1654034488);
INSERT INTO player_score VALUES('6385eca7f',67,'468d52bb0','6379252ba',3600,1277,1654034754,1654034754);
INSERT INTO player_score VALUES('608f11148',67,'475e0dcda','1cd550b69',14840,1518,1653955182,1653955182);
INSERT INTO player_score VALUES('545e482b7',67,'475e0dcda','1fa13d113',108625,1038,1653627944,1653627944);
INSERT INTO player_score VALUES('5e44762ad',67,'475e0dcda','230fa61f6',16200,1403,1653893672,1653893672);
INSERT INTO player_score VALUES('5fbc83b1e',67,'475e0dcda','23465c797',236160,1428,1653933104,1653933104);
INSERT INTO player_score VALUES('4c1c0d80c',67,'475e0dcda','24cae0eea',87210,889,1653406251,1653406251);
INSERT INTO player_score VALUES('62d21e5d2',67,'475e0dcda','25f27fa27',10332,1490,1654015900,1654015900);
INSERT INTO player_score VALUES('63a186150',67,'475e0dcda','26d0eefe2',12672,1547,1654037648,1654037648);
INSERT INTO player_score VALUES('4d6c19555',67,'475e0dcda','457ae263d',101920,905,1653441488,1653441488);
INSERT INTO player_score VALUES('59c482434',67,'475e0dcda','474f01412',35640,1129,1653772881,1653772881);
INSERT INTO player_score VALUES('622c41725',67,'475e0dcda','490914a60',35904,1433,1653998508,1653998508);
INSERT INTO player_score VALUES('637cd38b3',67,'475e0dcda','54d2867aa',27456,1564,1654033800,1654033800);
INSERT INTO player_score VALUES('5fef7d051',67,'475e0dcda','55dd952c7',12506,1359,1653938449,1653938449);
INSERT INTO player_score VALUES('638bb6939',67,'475e0dcda','5b7f911d7',16317,1505,1654035361,1654035361);
INSERT INTO player_score VALUES('6393fdbb7',67,'475e0dcda','5cd17de99',13300,1372,1654036229,1654036229);
INSERT INTO player_score VALUES('63873d92a',67,'475e0dcda','6379252ba',193500,1406,1654034892,1654034892);
INSERT INTO player_score VALUES('62a599e18',67,'485bb1730','1cd550b69',182573,1554,1654011232,1654011232);
INSERT INTO player_score VALUES('54976d104',67,'485bb1730','1fa13d113',176472,1043,1653633936,1653633936);
INSERT INTO player_score VALUES('62d2a98b1',67,'485bb1730','230fa61f6',12956,1511,1654015957,1654015957);
INSERT INTO player_score VALUES('5f5e768f0',67,'485bb1730','23465c797',240950,1420,1653923242,1653923242);
INSERT INTO player_score VALUES('63382e504',67,'485bb1730','25f27fa27',67456,1499,1654026602,1654026602);
INSERT INTO player_score VALUES('5dc52cbb1',67,'485bb1730','26d0eefe2',1892,1376,1653880325,1653880325);
INSERT INTO player_score VALUES('5cd651449',67,'485bb1730','29d9481b2',7308,1284,1653855279,1653855279);
INSERT INTO player_score VALUES('4cdbf5e6c',67,'485bb1730','457ae263d',205800,851,1653426374,1653426374);
INSERT INTO player_score VALUES('59d7ad7d7',67,'485bb1730','474f01412',163096,1133,1653774891,1653774891);
INSERT INTO player_score VALUES('629abf911',67,'485bb1730','490914a60',293250,1460,1654010094,1654010094);
INSERT INTO player_score VALUES('61baa9d61',67,'485bb1730','4f8f7366c',22680,1334,1653986597,1653986597);
INSERT INTO player_score VALUES('638a26311',67,'485bb1730','54d2867aa',79237,1568,1654035197,1654035197);
INSERT INTO player_score VALUES('60cfcd561',67,'485bb1730','55dd952c7',9975,1485,1653961970,1653961970);
INSERT INTO player_score VALUES('62ad50ff5',67,'485bb1730','5b7f911d7',736208,1341,1654012041,1654012041);
INSERT INTO player_score VALUES('63879091a',67,'485bb1730','6379252ba',853600,1440,1654034926,1654034926);
INSERT INTO player_score VALUES('5daefdfff',67,'48dfa24cc','1cd550b69',521640,1459,1653877999,1653877999);
INSERT INTO player_score VALUES('556681c74',67,'48dfa24cc','1fa13d113',145125,1064,1653655650,1653655650);
INSERT INTO player_score VALUES('5dfe31e60',67,'48dfa24cc','230fa61f6',5472,1395,1653886304,1653886304);
INSERT INTO player_score VALUES('5f29fb7fa',67,'48dfa24cc','23465c797',242112,1412,1653917739,1653917739);
INSERT INTO player_score VALUES('4bbbe25b0',67,'48dfa24cc','24cae0eea',0,881,1653396167,1653396167);
INSERT INTO player_score VALUES('60668dfb9',67,'48dfa24cc','25f27fa27',97461,1438,1653950934,1653950934);
INSERT INTO player_score VALUES('62389b0e8',67,'48dfa24cc','26d0eefe2',39146,1498,1653999803,1653999803);
INSERT INTO player_score VALUES('4c63f0cdd',67,'48dfa24cc','457ae263d',0,800,1653413789,1653413789);
INSERT INTO player_score VALUES('596615e95',67,'48dfa24cc','474f01412',29920,1109,1653762980,1653762980);
INSERT INTO player_score VALUES('635937524',67,'48dfa24cc','490914a60',40290,1506,1654030066,1654030066);
INSERT INTO player_score VALUES('628bd2c44',67,'48dfa24cc','4f8f7366c',240768,1382,1654008529,1654008529);
INSERT INTO player_score VALUES('639740ae8',67,'48dfa24cc','54d2867aa',864900,1577,1654036571,1654036571);
INSERT INTO player_score VALUES('63b9bcccf',67,'48dfa24cc','5b7f911d7',137655,1534,1654040187,1654040187);
INSERT INTO player_score VALUES('6304015ee',67,'48dfa24cc','5cd17de99',75520,1259,1654021131,1654021131);
INSERT INTO player_score VALUES('63874c384',67,'48dfa24cc','6379252ba',18000,1411,1654034898,1654034898);
INSERT INTO player_score VALUES('621f10f92',67,'4906b72df','1cd550b69',261696,1542,1653997125,1653997125);
INSERT INTO player_score VALUES('6364cda2b',67,'4906b72df','230fa61f6',62568,1532,1654031281,1654031281);
INSERT INTO player_score VALUES('62bb5367f',67,'4906b72df','23465c797',74880,1495,1654013510,1654013510);
INSERT INTO player_score VALUES('4d9a70207',67,'4906b72df','24cae0eea',446976,920,1653446347,1653446347);
INSERT INTO player_score VALUES('601fd9620',67,'4906b72df','25f27fa27',50301,1428,1653943520,1653943520);
INSERT INTO player_score VALUES('63c5d9646',67,'4906b72df','26d0eefe2',19600,1550,1654041457,1654041457);
INSERT INTO player_score VALUES('630ebbf35',67,'4906b72df','29d9481b2',101332,1437,1654022256,1654022256);
INSERT INTO player_score VALUES('56f1036b4',67,'4906b72df','474f01412',36432,962,1653697017,1653697017);
INSERT INTO player_score VALUES('62fb53b26',67,'4906b72df','490914a60',207360,1481,1654020221,1654020221);
INSERT INTO player_score VALUES('6341b7b80',67,'4906b72df','4f8f7366c',445900,1430,1654027602,1654027602);
INSERT INTO player_score VALUES('62357083f',67,'4906b72df','54d2867aa',39852,1430,1653999471,1653999471);
INSERT INTO player_score VALUES('60afdd10e',67,'4906b72df','55dd952c7',70550,1465,1653958621,1653958621);
INSERT INTO player_score VALUES('637f496d0',67,'4906b72df','5b7f911d7',77376,1498,1654034058,1654034058);
INSERT INTO player_score VALUES('638749c57',67,'4906b72df','6379252ba',41400,1410,1654034897,1654034897);
INSERT INTO player_score VALUES('5b20e2d6b',67,'49554508a','1cd550b69',62415,1385,1653809411,1653809411);
INSERT INTO player_score VALUES('55e2db43b',67,'49554508a','1fa13d113',371142,1077,1653668689,1653668689);
INSERT INTO player_score VALUES('5e7ebd9a6',67,'49554508a','230fa61f6',372738,1413,1653899783,1653899783);
INSERT INTO player_score VALUES('4bc02cfd6',67,'49554508a','24cae0eea',194768,882,1653396617,1653396617);
INSERT INTO player_score VALUES('621850720',67,'49554508a','25f27fa27',73164,1473,1653996417,1653996417);
INSERT INTO player_score VALUES('62824e3fe',67,'49554508a','26d0eefe2',131580,1512,1654007531,1654007531);
INSERT INTO player_score VALUES('4d7f64474',67,'49554508a','457ae263d',24960,914,1653443511,1653443511);
INSERT INTO player_score VALUES('593b6b0bd',67,'49554508a','474f01412',0,1095,1653758506,1653758506);
INSERT INTO player_score VALUES('635385d23',67,'49554508a','4f8f7366c',1960,1440,1654029469,1654029469);
INSERT INTO player_score VALUES('6390c4887',67,'49554508a','54d2867aa',100440,1572,1654035891,1654035891);
INSERT INTO player_score VALUES('5ff5d21f6',67,'49554508a','55dd952c7',346437,1362,1653939113,1653939113);
INSERT INTO player_score VALUES('63795fc1b',67,'49554508a','5b7f911d7',280488,1494,1654033438,1654033438);
INSERT INTO player_score VALUES('634446005',67,'49554508a','5cd17de99',24640,1309,1654027870,1654027870);
INSERT INTO player_score VALUES('5c45e97b8',67,'49f5b9b23','1cd550b69',13600,1416,1653840137,1653840137);
INSERT INTO player_score VALUES('56354fad2',67,'49f5b9b23','1fa13d113',1932,1083,1653677335,1653677335);
INSERT INTO player_score VALUES('619662be0',67,'49f5b9b23','230fa61f6',509454,1484,1653982793,1653982793);
INSERT INTO player_score VALUES('616bda0d7',67,'49f5b9b23','23465c797',150903,1468,1653978333,1653978333);
INSERT INTO player_score VALUES('47b12aa77',67,'49f5b9b23','24cae0eea',15540,781,1653287669,1653287669);
INSERT INTO player_score VALUES('62f58ea56',67,'49f5b9b23','25f27fa27',630630,1492,1654019616,1654019616);
INSERT INTO player_score VALUES('639b8b543',67,'49f5b9b23','26d0eefe2',44064,1546,1654037021,1654037021);
INSERT INTO player_score VALUES('5de3fce6a',67,'49f5b9b23','29d9481b2',21024,1308,1653883556,1653883556);
INSERT INTO player_score VALUES('4d4cb4350',67,'49f5b9b23','457ae263d',39600,891,1653438196,1653438196);
INSERT INTO player_score VALUES('5975904ee',67,'49f5b9b23','474f01412',317952,1112,1653764603,1653764603);
INSERT INTO player_score VALUES('63a6f81cf',67,'49f5b9b23','490914a60',194040,1524,1654038219,1654038219);
INSERT INTO player_score VALUES('637b0fe38',67,'49f5b9b23','54d2867aa',6080,1562,1654033615,1654033615);
INSERT INTO player_score VALUES('610fd27d8',67,'49f5b9b23','55dd952c7',245344,1509,1653968683,1653968683);
INSERT INTO player_score VALUES('628a5103c',67,'49f5b9b23','5b7f911d7',11968,1315,1654008371,1654008371);
INSERT INTO player_score VALUES('637de4fcb',67,'49f5b9b23','5cd17de99',182784,1353,1654033912,1654033912);
INSERT INTO player_score VALUES('63876e627',67,'49f5b9b23','6379252ba',10296,1425,1654034912,1654034912);
INSERT INTO player_score VALUES('562257b68',67,'4b4dcfa5c','1fa13d113',95040,1081,1653675346,1653675346);
INSERT INTO player_score VALUES('63a6c4d77',67,'4b4dcfa5c','230fa61f6',372960,1537,1654038198,1654038198);
INSERT INTO player_score VALUES('62b3e7fee',67,'4b4dcfa5c','23465c797',110580,1494,1654012732,1654012732);
INSERT INTO player_score VALUES('4d8e02f71',67,'4b4dcfa5c','24cae0eea',0,916,1653445044,1653445044);
INSERT INTO player_score VALUES('60b53e064',67,'4b4dcfa5c','25f27fa27',5432,1446,1653959185,1653959185);
INSERT INTO player_score VALUES('630e0266e',67,'4b4dcfa5c','26d0eefe2',193800,1527,1654022180,1654022180);
INSERT INTO player_score VALUES('62815054f',67,'4b4dcfa5c','29d9481b2',42900,1425,1654007427,1654007427);
INSERT INTO player_score VALUES('4d448f40f',67,'4b4dcfa5c','457ae263d',184860,886,1653437342,1653437342);
INSERT INTO player_score VALUES('62451469f',67,'4b4dcfa5c','490914a60',228855,1438,1654001111,1654001111);
INSERT INTO player_score VALUES('63752b194',67,'4b4dcfa5c','4f8f7366c',26163,1456,1654032997,1654032997);
INSERT INTO player_score VALUES('614c5c876',67,'4b4dcfa5c','54d2867aa',39420,1332,1653975031,1653975031);
INSERT INTO player_score VALUES('605a679e5',67,'4b4dcfa5c','55dd952c7',107648,1411,1653949660,1653949660);
INSERT INTO player_score VALUES('63bc415a6',67,'4b4dcfa5c','5b7f911d7',592110,1537,1654040451,1654040451);
INSERT INTO player_score VALUES('634a7197e',67,'4b4dcfa5c','5cd17de99',242802,1313,1654028517,1654028517);
INSERT INTO player_score VALUES('638738ad5',67,'4b4dcfa5c','6379252ba',49600,1405,1654034890,1654034890);
INSERT INTO player_score VALUES('5fdd45eef',67,'4bc366311','1cd550b69',118440,1503,1653936539,1653936539);
INSERT INTO player_score VALUES('5557d9517',67,'4bc366311','1fa13d113',18620,1062,1653654113,1653654113);
INSERT INTO player_score VALUES('5eb353840',67,'4bc366311','230fa61f6',7104,1415,1653905297,1653905297);
INSERT INTO player_score VALUES('5a8c79ab3',67,'4bc366311','23465c797',591430,1296,1653793849,1653793849);
INSERT INTO player_score VALUES('5d9a8e137',67,'4bc366311','25f27fa27',0,1360,1653875856,1653875856);
INSERT INTO player_score VALUES('62ef19cb4',67,'4bc366311','26d0eefe2',708050,1524,1654018939,1654018939);
INSERT INTO player_score VALUES('62416d58c',67,'4bc366311','29d9481b2',7920,1419,1654000728,1654000728);
INSERT INTO player_score VALUES('4d630c6e9',67,'4bc366311','457ae263d',52200,899,1653440539,1653440539);
INSERT INTO player_score VALUES('59f584a82',67,'4bc366311','474f01412',475794,1141,1653778020,1653778020);
INSERT INTO player_score VALUES('634eb275b',67,'4bc366311','490914a60',62560,1503,1654028963,1654028963);
INSERT INTO player_score VALUES('6357f9f06',67,'4bc366311','4f8f7366c',135470,1443,1654029936,1654029936);
INSERT INTO player_score VALUES('621b31c42',67,'4bc366311','54d2867aa',65720,1417,1653996719,1653996719);
INSERT INTO player_score VALUES('60c5f0ed0',67,'4bc366311','55dd952c7',7488,1481,1653960936,1653960936);
INSERT INTO player_score VALUES('635dc6554',67,'4bc366311','5b7f911d7',8816,1473,1654030544,1654030544);
INSERT INTO player_score VALUES('630354058',67,'4bc366311','5cd17de99',29920,1258,1654021060,1654021060);
INSERT INTO player_score VALUES('63853cdaf',67,'4bc366311','6379252ba',40128,1216,1654034682,1654034682);
INSERT INTO player_score VALUES('5876241f6',67,'4cea52abb','1cd550b69',86940,1320,1653737820,1653737820);
INSERT INTO player_score VALUES('54ad41733',67,'4cea52abb','1fa13d113',111720,1048,1653636225,1653636225);
INSERT INTO player_score VALUES('638d113f4',67,'4cea52abb','230fa61f6',1140,1535,1654035503,1654035503);
INSERT INTO player_score VALUES('6234cf631',67,'4cea52abb','23465c797',20748,1485,1653999405,1653999405);
INSERT INTO player_score VALUES('4cc6e2686',67,'4cea52abb','24cae0eea',46827,900,1653424164,1653424164);
INSERT INTO player_score VALUES('5f0d690cd',67,'4cea52abb','25f27fa27',63360,1396,1653914743,1653914743);
INSERT INTO player_score VALUES('61892af2e',67,'4cea52abb','26d0eefe2',96228,1476,1653981407,1653981407);
INSERT INTO player_score VALUES('5e5d49294',67,'4cea52abb','29d9481b2',9216,1319,1653896275,1653896275);
INSERT INTO player_score VALUES('4d8594c46',67,'4cea52abb','457ae263d',27306,917,1653444160,1653444160);
INSERT INTO player_score VALUES('639c31547',67,'4cea52abb','490914a60',19656,1517,1654037089,1654037089);
INSERT INTO player_score VALUES('61da3ae33',67,'4cea52abb','4f8f7366c',30210,1341,1653989907,1653989907);
INSERT INTO player_score VALUES('623b3f507',67,'4cea52abb','54d2867aa',421200,1433,1654000080,1654000080);
INSERT INTO player_score VALUES('60737c830',67,'4cea52abb','55dd952c7',59850,1426,1653952290,1653952290);
INSERT INTO player_score VALUES('63c3bb699',67,'4cea52abb','5b7f911d7',448900,1542,1654041235,1654041235);
INSERT INTO player_score VALUES('6372a8ff0',67,'4cea52abb','5cd17de99',91800,1341,1654032734,1654032734);
INSERT INTO player_score VALUES('63873159f',67,'4cea52abb','6379252ba',183600,1404,1654034887,1654034887);
INSERT INTO player_score VALUES('5d6f07806',67,'4cfde1fda','1cd550b69',286000,1451,1653871292,1653871292);
INSERT INTO player_score VALUES('4c49e0741',67,'4cfde1fda','1fa13d113',233244,864,1653411056,1653411056);
INSERT INTO player_score VALUES('61b8fc29b',67,'4cfde1fda','230fa61f6',92160,1488,1653986421,1653986421);
INSERT INTO player_score VALUES('627d69cd6',67,'4cfde1fda','23465c797',66825,1492,1654007018,1654007018);
INSERT INTO player_score VALUES('430c9f146',67,'4cfde1fda','24cae0eea',269568,679,1653163041,1653163041);
INSERT INTO player_score VALUES('63118e9cc',67,'4cfde1fda','25f27fa27',239870,1497,1654022552,1654022552);
INSERT INTO player_score VALUES('62c563153',67,'4cfde1fda','26d0eefe2',69768,1520,1654014565,1654014565);
INSERT INTO player_score VALUES('635f67cdc',67,'4cfde1fda','29d9481b2',26010,1441,1654030715,1654030715);
INSERT INTO player_score VALUES('4d8b241d5',67,'4cfde1fda','457ae263d',494760,921,1653444743,1653444743);
INSERT INTO player_score VALUES('62b9cf37d',67,'4cfde1fda','490914a60',123984,1465,1654013351,1654013351);
INSERT INTO player_score VALUES('60183d270',67,'4cfde1fda','4f8f7366c',619164,1218,1653942722,1653942722);
INSERT INTO player_score VALUES('636c2f4bf',67,'4cfde1fda','54d2867aa',294117,1554,1654032055,1654032055);
INSERT INTO player_score VALUES('5e5b08f88',67,'4cfde1fda','55dd952c7',221520,1158,1653896039,1653896039);
INSERT INTO player_score VALUES('63a6ac6f9',67,'4cfde1fda','5b7f911d7',0,1528,1654038188,1654038188);
INSERT INTO player_score VALUES('639b7076b',67,'4cfde1fda','5cd17de99',20304,1380,1654037010,1654037010);
INSERT INTO player_score VALUES('6386e0cae',67,'4cfde1fda','6379252ba',124320,1378,1654034854,1654034854);
INSERT INTO player_score VALUES('56601f21c',67,'4d1dd4b49','1cd550b69',102486,1268,1653681824,1653681824);
INSERT INTO player_score VALUES('56b53cb1b',67,'4d1dd4b49','1fa13d113',0,1095,1653690749,1653690749);
INSERT INTO player_score VALUES('5f341eb86',67,'4d1dd4b49','230fa61f6',144648,1431,1653918802,1653918802);
INSERT INTO player_score VALUES('63b7bc1b2',67,'4d1dd4b49','23465c797',139400,1523,1654039977,1654039977);
INSERT INTO player_score VALUES('5fb63ad0c',67,'4d1dd4b49','25f27fa27',92829,1416,1653932445,1653932445);
INSERT INTO player_score VALUES('5da867011',67,'4d1dd4b49','26d0eefe2',12640,1373,1653877308,1653877308);
INSERT INTO player_score VALUES('60207f682',67,'4d1dd4b49','29d9481b2',0,1358,1653943588,1653943588);
INSERT INTO player_score VALUES('59fe60b7c',67,'4d1dd4b49','474f01412',89670,1147,1653778949,1653778949);
INSERT INTO player_score VALUES('6242888e7',67,'4d1dd4b49','490914a60',34200,1437,1654000844,1654000844);
INSERT INTO player_score VALUES('636558d01',67,'4d1dd4b49','4f8f7366c',344960,1450,1654031338,1654031338);
INSERT INTO player_score VALUES('639f0b4df',67,'4d1dd4b49','54d2867aa',75072,1578,1654037388,1654037388);
INSERT INTO player_score VALUES('612f17dd7',67,'4d1dd4b49','55dd952c7',151704,1522,1653971962,1653971962);
INSERT INTO player_score VALUES('63621f9da',67,'4d1dd4b49','5b7f911d7',169830,1477,1654031000,1654031000);
INSERT INTO player_score VALUES('634f07e84',67,'4d1dd4b49','5cd17de99',680295,1316,1654028998,1654028998);
INSERT INTO player_score VALUES('6386c85e0',67,'4d1dd4b49','6379252ba',262072,1367,1654034844,1654034844);
INSERT INTO player_score VALUES('63bf16712',67,'4e5fd4599','1cd550b69',34276,1578,1654040748,1654040748);
INSERT INTO player_score VALUES('62a41345b',67,'4e5fd4599','230fa61f6',287826,1507,1654011072,1654011072);
INSERT INTO player_score VALUES('63623591d',67,'4e5fd4599','23465c797',55120,1515,1654031009,1654031009);
INSERT INTO player_score VALUES('5571217e1',67,'4e5fd4599','25f27fa27',327060,1156,1653656764,1653656764);
INSERT INTO player_score VALUES('6237f02a1',67,'4e5fd4599','26d0eefe2',3045,1497,1653999733,1653999733);
INSERT INTO player_score VALUES('63b559c03',67,'4e5fd4599','29d9481b2',138720,1444,1654039727,1654039727);
INSERT INTO player_score VALUES('57ab3f327',67,'4e5fd4599','474f01412',124644,1012,1653716545,1653716545);
INSERT INTO player_score VALUES('62ceea0c6',67,'4e5fd4599','490914a60',0,1469,1654015564,1654015564);
INSERT INTO player_score VALUES('62a79a948',67,'4e5fd4599','4f8f7366c',0,1392,1654011442,1654011442);
INSERT INTO player_score VALUES('63320eeaf',67,'4e5fd4599','54d2867aa',99960,1530,1654025960,1654025960);
INSERT INTO player_score VALUES('60dadaea5',67,'4e5fd4599','55dd952c7',536382,1489,1653963129,1653963129);
INSERT INTO player_score VALUES('63874ea5c',67,'4e5fd4599','6379252ba',97200,1413,1654034899,1654034899);
INSERT INTO player_score VALUES('518dc099d',67,'4ff8893f6','1fa13d113',232800,973,1653552391,1653552391);
INSERT INTO player_score VALUES('63b8fe63e',67,'4ff8893f6','230fa61f6',8160,1539,1654040109,1654040109);
INSERT INTO player_score VALUES('5efd5c245',67,'4ff8893f6','23465c797',58016,1403,1653913060,1653913060);
INSERT INTO player_score VALUES('5f961e98b',67,'4ff8893f6','26d0eefe2',243048,1425,1653929078,1653929078);
INSERT INTO player_score VALUES('6003a896d',67,'4ff8893f6','29d9481b2',63954,1353,1653940564,1653940564);
INSERT INTO player_score VALUES('58db64865',67,'4ff8893f6','474f01412',133056,1081,1653748437,1653748437);
INSERT INTO player_score VALUES('61b65f36a',67,'4ff8893f6','490914a60',91000,1408,1653986147,1653986147);
INSERT INTO player_score VALUES('63b66da17',67,'4ff8893f6','4f8f7366c',24108,1476,1654039840,1654039840);
INSERT INTO player_score VALUES('6301eab30',67,'4ff8893f6','54d2867aa',31360,1506,1654020912,1654020912);
INSERT INTO player_score VALUES('601340495',67,'4ff8893f6','55dd952c7',44384,1376,1653942199,1653942199);
INSERT INTO player_score VALUES('63bdfdad5',67,'4ff8893f6','5b7f911d7',3422,1540,1654040633,1654040633);
INSERT INTO player_score VALUES('63b2600a8',67,'4ff8893f6','5cd17de99',421344,1398,1654039415,1654039415);
INSERT INTO player_score VALUES('638702f62',67,'4ff8893f6','6379252ba',45430,1394,1654034868,1654034868);
INSERT INTO player_score VALUES('5e6e984da',67,'509540e1f','1cd550b69',1836,1475,1653898090,1653898090);
INSERT INTO player_score VALUES('5524fadf1',67,'509540e1f','1fa13d113',1176,1056,1653648779,1653648779);
INSERT INTO player_score VALUES('613c4ac3a',67,'509540e1f','230fa61f6',18744,1473,1653973346,1653973346);
INSERT INTO player_score VALUES('622dd4465',67,'509540e1f','25f27fa27',0,1475,1653998673,1653998673);
INSERT INTO player_score VALUES('627ce5f9c',67,'509540e1f','26d0eefe2',0,1510,1654006964,1654006964);
INSERT INTO player_score VALUES('5f4dcafbb',67,'509540e1f','29d9481b2',13500,1337,1653921494,1653921494);
INSERT INTO player_score VALUES('5a19d7f76',67,'509540e1f','474f01412',52920,1156,1653781829,1653781829);
INSERT INTO player_score VALUES('62f07e405',67,'509540e1f','490914a60',137280,1476,1654019085,1654019085);
INSERT INTO player_score VALUES('6334602f8',67,'509540e1f','4f8f7366c',148764,1426,1654026203,1654026203);
INSERT INTO player_score VALUES('62561a50e',67,'509540e1f','54d2867aa',66048,1438,1654002896,1654002896);
INSERT INTO player_score VALUES('603af16bc',67,'509540e1f','55dd952c7',32640,1395,1653946361,1653946361);
INSERT INTO player_score VALUES('6321f3651',67,'509540e1f','5b7f911d7',13950,1418,1654024271,1654024271);
INSERT INTO player_score VALUES('63c50c50a',67,'509540e1f','5cd17de99',227040,1415,1654041373,1654041373);
INSERT INTO player_score VALUES('6386fba52',67,'509540e1f','6379252ba',147900,1391,1654034865,1654034865);
INSERT INTO player_score VALUES('621ae6159',67,'5124f8dec','1cd550b69',741190,1541,1653996688,1653996688);
INSERT INTO player_score VALUES('559d88b1b',67,'5124f8dec','1fa13d113',347612,1072,1653661420,1653661420);
INSERT INTO player_score VALUES('5b713e1ed',67,'5124f8dec','230fa61f6',16072,1328,1653817837,1653817837);
INSERT INTO player_score VALUES('5e73fbb1a',67,'5124f8dec','23465c797',113850,1390,1653898655,1653898655);
INSERT INTO player_score VALUES('58acff17f',67,'5124f8dec','25f27fa27',0,1240,1653743572,1653743572);
INSERT INTO player_score VALUES('5fd473a09',67,'5124f8dec','26d0eefe2',1500,1434,1653935614,1653935614);
INSERT INTO player_score VALUES('5ff256fd7',67,'5124f8dec','29d9481b2',329868,1351,1653938748,1653938748);
INSERT INTO player_score VALUES('59a0dc476',67,'5124f8dec','474f01412',0,1123,1653769143,1653769143);
INSERT INTO player_score VALUES('62bebfe21',67,'5124f8dec','490914a60',158670,1467,1654013869,1654013869);
INSERT INTO player_score VALUES('629b8a371',67,'5124f8dec','4f8f7366c',161000,1386,1654010177,1654010177);
INSERT INTO player_score VALUES('638ccce85',67,'5124f8dec','54d2867aa',671,1569,1654035475,1654035475);
INSERT INTO player_score VALUES('603939f9e',67,'5124f8dec','55dd952c7',18711,1394,1653946181,1653946181);
INSERT INTO player_score VALUES('6380ba160',67,'5124f8dec','5b7f911d7',2214,1499,1654034209,1654034209);
INSERT INTO player_score VALUES('63ae8d0b7',67,'5124f8dec','5cd17de99',46750,1392,1654039014,1654039014);
INSERT INTO player_score VALUES('6387c645f',67,'5124f8dec','6379252ba',207900,1464,1654034948,1654034948);
INSERT INTO player_score VALUES('61b379060',67,'522cdd037','1cd550b69',5742,1533,1653985843,1653985843);
INSERT INTO player_score VALUES('51cb6abcb',67,'522cdd037','1fa13d113',0,979,1653558857,1653558857);
INSERT INTO player_score VALUES('62ebb4a9d',67,'522cdd037','230fa61f6',218688,1518,1654018583,1654018583);
INSERT INTO player_score VALUES('62660ecb3',67,'522cdd037','23465c797',8840,1490,1654004569,1654004569);
INSERT INTO player_score VALUES('637a82465',67,'522cdd037','25f27fa27',76050,1504,1654033557,1654033557);
INSERT INTO player_score VALUES('633e57724',67,'522cdd037','26d0eefe2',171456,1536,1654027248,1654027248);
INSERT INTO player_score VALUES('63c618dec',67,'522cdd037','29d9481b2',0,1448,1654041483,1654041483);
INSERT INTO player_score VALUES('5953cb472',67,'522cdd037','474f01412',131760,1102,1653761062,1653761062);
INSERT INTO player_score VALUES('6351014a9',67,'522cdd037','490914a60',220800,1504,1654029205,1654029205);
INSERT INTO player_score VALUES('628eb1a21',67,'522cdd037','4f8f7366c',81356,1383,1654008830,1654008830);
INSERT INTO player_score VALUES('63c4a8369',67,'522cdd037','54d2867aa',65736,1593,1654041332,1654041332);
INSERT INTO player_score VALUES('613be1cbe',67,'522cdd037','55dd952c7',270600,1527,1653973303,1653973303);
INSERT INTO player_score VALUES('63b90d09d',67,'522cdd037','5b7f911d7',0,1532,1654040115,1654040115);
INSERT INTO player_score VALUES('63b761c82',67,'522cdd037','5cd17de99',46000,1402,1654039940,1654039940);
INSERT INTO player_score VALUES('6386f9323',67,'522cdd037','6379252ba',205275,1390,1654034864,1654034864);
INSERT INTO player_score VALUES('61060e807',67,'52c442592','1cd550b69',69615,1523,1653967659,1653967659);
INSERT INTO player_score VALUES('567f780ab',67,'52c442592','1fa13d113',49049,1088,1653685111,1653685111);
INSERT INTO player_score VALUES('6313c0219',67,'52c442592','230fa61f6',124246,1526,1654022782,1654022782);
INSERT INTO player_score VALUES('5f76b70d7',67,'52c442592','23465c797',10374,1423,1653925785,1653925785);
INSERT INTO player_score VALUES('58eb8c47a',67,'52c442592','25f27fa27',22540,1246,1653750131,1653750131);
INSERT INTO player_score VALUES('60721f68b',67,'52c442592','26d0eefe2',114816,1449,1653952147,1653952147);
INSERT INTO player_score VALUES('61475378b',67,'52c442592','29d9481b2',0,1391,1653974503,1653974503);
INSERT INTO player_score VALUES('5610c6a61',67,'52c442592','474f01412',4576,910,1653673504,1653673504);
INSERT INTO player_score VALUES('62e980b1e',67,'52c442592','54d2867aa',44200,1493,1654018352,1654018352);
INSERT INTO player_score VALUES('6098d030a',67,'52c442592','55dd952c7',548856,1454,1653956204,1653956204);
INSERT INTO player_score VALUES('635da9054',67,'52c442592','5b7f911d7',264,1472,1654030532,1654030532);
INSERT INTO player_score VALUES('63a381e26',67,'52c442592','5cd17de99',279136,1385,1654037856,1654037856);
INSERT INTO player_score VALUES('63874c385',67,'52c442592','6379252ba',78864,1412,1654034898,1654034898);
INSERT INTO player_score VALUES('634923213',67,'54407ac68','1cd550b69',44820,1572,1654028380,1654028380);
INSERT INTO player_score VALUES('55f13ce9c',67,'54407ac68','1fa13d113',1296,1078,1653670197,1653670197);
INSERT INTO player_score VALUES('58f32d649',67,'54407ac68','230fa61f6',183456,1266,1653750931,1653750931);
INSERT INTO player_score VALUES('602666a49',67,'54407ac68','23465c797',421056,1438,1653944207,1653944207);
INSERT INTO player_score VALUES('5a7a0ce1f',67,'54407ac68','25f27fa27',62478,1287,1653791917,1653791917);
INSERT INTO player_score VALUES('5c3e5e52f',67,'54407ac68','26d0eefe2',19320,1338,1653839346,1653839346);
INSERT INTO player_score VALUES('6172eb236',67,'54407ac68','29d9481b2',2112,1400,1653979074,1653979074);
INSERT INTO player_score VALUES('599bbfb0d',67,'54407ac68','474f01412',271600,1121,1653768607,1653768607);
INSERT INTO player_score VALUES('62e5b023e',67,'54407ac68','490914a60',255024,1473,1654017952,1654017952);
INSERT INTO player_score VALUES('6046c7387',67,'54407ac68','4f8f7366c',127488,1234,1653947602,1653947602);
INSERT INTO player_score VALUES('610641c4d',67,'54407ac68','55dd952c7',31920,1505,1653967680,1653967680);
INSERT INTO player_score VALUES('637311f9d',67,'54407ac68','5b7f911d7',253394,1488,1654032777,1654032777);
INSERT INTO player_score VALUES('6311196e4',67,'54407ac68','5cd17de99',238293,1263,1654022504,1654022504);
INSERT INTO player_score VALUES('6387a8fb3',67,'54407ac68','6379252ba',433710,1450,1654034936,1654034936);
INSERT INTO player_score VALUES('570e82b0d',67,'54d1ca789','1cd550b69',67620,1285,1653700110,1653700110);
INSERT INTO player_score VALUES('5551d25ea',67,'54d1ca789','1fa13d113',156468,1060,1653653481,1653653481);
INSERT INTO player_score VALUES('6298efb0b',67,'54d1ca789','230fa61f6',48190,1505,1654009904,1654009904);
INSERT INTO player_score VALUES('6331b7044',67,'54d1ca789','23465c797',7752,1508,1654025924,1654025924);
INSERT INTO player_score VALUES('5df54c10c',67,'54d1ca789','25f27fa27',327692,1363,1653885371,1653885371);
INSERT INTO player_score VALUES('61a5b1341',67,'54d1ca789','26d0eefe2',47700,1481,1653984398,1653984398);
INSERT INTO player_score VALUES('6154e8099',67,'54d1ca789','29d9481b2',254625,1394,1653975927,1653975927);
INSERT INTO player_score VALUES('58c0abb73',67,'54d1ca789','474f01412',473088,1075,1653745635,1653745635);
INSERT INTO player_score VALUES('61c60a709',67,'54d1ca789','490914a60',26676,1412,1653987790,1653987790);
INSERT INTO player_score VALUES('622c3efcb',67,'54d1ca789','4f8f7366c',34920,1364,1653998507,1653998507);
INSERT INTO player_score VALUES('619afded0',67,'54d1ca789','54d2867aa',277680,1370,1653983276,1653983276);
INSERT INTO player_score VALUES('6073afc9c',67,'54d1ca789','55dd952c7',261783,1427,1653952311,1653952311);
INSERT INTO player_score VALUES('633c78f00',67,'54d1ca789','5b7f911d7',218960,1442,1654027052,1654027052);
INSERT INTO player_score VALUES('636fa5821',67,'54d1ca789','5cd17de99',3300,1336,1654032418,1654032418);
INSERT INTO player_score VALUES('638684034',67,'54d1ca789','6379252ba',529635,1335,1654034816,1654034816);
INSERT INTO player_score VALUES('558439326',67,'561a5c40e','1cd550b69',7208,1240,1653658766,1653658766);
INSERT INTO player_score VALUES('564677be5',67,'561a5c40e','1fa13d113',19227,1085,1653679134,1653679134);
INSERT INTO player_score VALUES('5e476fe2b',67,'561a5c40e','230fa61f6',67680,1405,1653893984,1653893984);
INSERT INTO player_score VALUES('5d3dd92b2',67,'561a5c40e','25f27fa27',89110,1349,1653866135,1653866135);
INSERT INTO player_score VALUES('589eff19b',67,'561a5c40e','26d0eefe2',355212,1244,1653742104,1653742104);
INSERT INTO player_score VALUES('5ecac960c',67,'561a5c40e','29d9481b2',29600,1328,1653907757,1653907757);
INSERT INTO player_score VALUES('620e3220d',67,'561a5c40e','4f8f7366c',100352,1354,1653995356,1653995356);
INSERT INTO player_score VALUES('63c58b434',67,'561a5c40e','54d2867aa',3783,1594,1654041425,1654041425);
INSERT INTO player_score VALUES('60f416e02',67,'561a5c40e','55dd952c7',314925,1500,1653965775,1653965775);
INSERT INTO player_score VALUES('62b79db5d',67,'561a5c40e','5b7f911d7',3944,1346,1654013121,1654013121);
INSERT INTO player_score VALUES('63a2ab0ae',67,'561a5c40e','5cd17de99',259692,1384,1654037768,1654037768);
INSERT INTO player_score VALUES('6387bc849',67,'561a5c40e','6379252ba',3410,1462,1654034944,1654034944);
INSERT INTO player_score VALUES('5fc41d7f6',67,'5630fdb71','1cd550b69',454772,1500,1653933901,1653933901);
INSERT INTO player_score VALUES('54927c6ef',67,'5630fdb71','1fa13d113',10980,1041,1653633418,1653633418);
INSERT INTO player_score VALUES('63ad4ac3a',67,'5630fdb71','230fa61f6',48100,1538,1654038882,1654038882);
INSERT INTO player_score VALUES('5c977d437',67,'5630fdb71','26d0eefe2',154224,1344,1653848691,1653848691);
INSERT INTO player_score VALUES('63c56914e',67,'5630fdb71','29d9481b2',63308,1447,1654041411,1654041411);
INSERT INTO player_score VALUES('59d21e28b',67,'5630fdb71','474f01412',582309,1131,1653774308,1653774308);
INSERT INTO player_score VALUES('631b4dba6',67,'5630fdb71','490914a60',345320,1487,1654023574,1654023574);
INSERT INTO player_score VALUES('63a453dc0',67,'5630fdb71','54d2867aa',41580,1584,1654037942,1654037942);
INSERT INTO player_score VALUES('5fe15d4af',67,'5630fdb71','55dd952c7',69972,1348,1653936968,1653936968);
INSERT INTO player_score VALUES('637c151bf',67,'5630fdb71','5b7f911d7',122130,1496,1654033722,1654033722);
INSERT INTO player_score VALUES('63bc9ba9c',67,'5630fdb71','5cd17de99',205320,1409,1654040488,1654040488);
INSERT INTO player_score VALUES('638720450',67,'5630fdb71','6379252ba',8904,1399,1654034880,1654034880);
INSERT INTO player_score VALUES('5f863656e',67,'56ae307ef','1cd550b69',181602,1497,1653927410,1653927410);
INSERT INTO player_score VALUES('557361a97',67,'56ae307ef','1fa13d113',13192,1066,1653657000,1653657000);
INSERT INTO player_score VALUES('63986334e',67,'56ae307ef','230fa61f6',5280,1536,1654036690,1654036690);
INSERT INTO player_score VALUES('62fc58ed8',67,'56ae307ef','23465c797',19500,1503,1654020328,1654020328);
INSERT INTO player_score VALUES('635cab1f7',67,'56ae307ef','25f27fa27',53460,1503,1654030428,1654030428);
INSERT INTO player_score VALUES('6279945c7',67,'56ae307ef','26d0eefe2',260064,1509,1654006616,1654006616);
INSERT INTO player_score VALUES('63aa97dd1',67,'56ae307ef','29d9481b2',31185,1443,1654038599,1654038599);
INSERT INTO player_score VALUES('571a49d5c',67,'56ae307ef','474f01412',32500,974,1653701345,1653701345);
INSERT INTO player_score VALUES('622ab85ca',67,'56ae307ef','490914a60',23040,1432,1653998347,1653998347);
INSERT INTO player_score VALUES('639a37f7b',67,'56ae307ef','4f8f7366c',7866,1464,1654036882,1654036882);
INSERT INTO player_score VALUES('634f75c72',67,'56ae307ef','54d2867aa',524718,1542,1654029043,1654029043);
INSERT INTO player_score VALUES('6116315d7',67,'56ae307ef','55dd952c7',29925,1512,1653969351,1653969351);
INSERT INTO player_score VALUES('63a024143',67,'56ae307ef','5b7f911d7',1767,1521,1654037503,1654037503);
INSERT INTO player_score VALUES('6398262b2',67,'56ae307ef','5cd17de99',192647,1376,1654036665,1654036665);
INSERT INTO player_score VALUES('6387b0500',67,'56ae307ef','6379252ba',2440,1452,1654034939,1654034939);
INSERT INTO player_score VALUES('5bc322794',67,'5822db533','1cd550b69',279651,1404,1653826424,1653826424);
INSERT INTO player_score VALUES('6174ac5c8',67,'5822db533','230fa61f6',447174,1479,1653979258,1653979258);
INSERT INTO player_score VALUES('6208c4f79',67,'5822db533','25f27fa27',534650,1470,1653994787,1653994787);
INSERT INTO player_score VALUES('63201c30f',67,'5822db533','26d0eefe2',327405,1531,1654024078,1654024078);
INSERT INTO player_score VALUES('5d544006e',67,'5822db533','29d9481b2',82950,1292,1653868484,1653868484);
INSERT INTO player_score VALUES('631c0e99c',67,'5822db533','490914a60',76608,1489,1654023653,1654023653);
INSERT INTO player_score VALUES('631169fcf',67,'5822db533','4f8f7366c',66825,1419,1654022537,1654022537);
INSERT INTO player_score VALUES('6307cf7af',67,'5822db533','54d2867aa',88704,1509,1654021530,1654021530);
INSERT INTO player_score VALUES('5fb8d06d7',67,'5822db533','55dd952c7',325496,1328,1653932716,1653932716);
INSERT INTO player_score VALUES('634fb2cfc',67,'5822db533','5b7f911d7',197184,1459,1654029068,1654029068);
INSERT INTO player_score VALUES('6387cb270',67,'5822db533','6379252ba',546,1465,1654034950,1654034950);
INSERT INTO player_score VALUES('5f2ee9b4d',67,'588485c29','1cd550b69',114816,1487,1653918256,1653918256);
INSERT INTO player_score VALUES('5f80abe34',67,'588485c29','230fa61f6',427800,1435,1653926829,1653926829);
INSERT INTO player_score VALUES('62bd47e5a',67,'588485c29','23465c797',43200,1498,1654013715,1654013715);
INSERT INTO player_score VALUES('635a3c935',67,'588485c29','26d0eefe2',14858,1538,1654030173,1654030173);
INSERT INTO player_score VALUES('62bfa07e7',67,'588485c29','29d9481b2',92742,1429,1654013961,1654013961);
INSERT INTO player_score VALUES('592192d87',67,'588485c29','474f01412',46176,1087,1653755796,1653755796);
INSERT INTO player_score VALUES('6364ba1f4',67,'588485c29','490914a60',645216,1508,1654031273,1654031273);
INSERT INTO player_score VALUES('63a0accc8',67,'588485c29','4f8f7366c',166848,1469,1654037559,1654037559);
INSERT INTO player_score VALUES('63932bc3c',67,'588485c29','54d2867aa',738234,1574,1654036143,1654036143);
INSERT INTO player_score VALUES('611c029db',67,'588485c29','55dd952c7',10320,1514,1653969961,1653969961);
INSERT INTO player_score VALUES('6332d71ae',67,'588485c29','5b7f911d7',378300,1435,1654026042,1654026042);
INSERT INTO player_score VALUES('62f52f6c6',67,'588485c29','5cd17de99',263676,1247,1654019577,1654019577);
INSERT INTO player_score VALUES('6386f9324',67,'588485c29','6379252ba',20475,1387,1654034864,1654034864);
INSERT INTO player_score VALUES('6374655a1',67,'58bce75b7','1cd550b69',23868,1574,1654032916,1654032916);
INSERT INTO player_score VALUES('6235cad60',67,'58bce75b7','230fa61f6',92250,1498,1653999508,1653999508);
INSERT INTO player_score VALUES('61570fcae',67,'58bce75b7','23465c797',35904,1466,1653976153,1653976153);
INSERT INTO player_score VALUES('60c32f5cb',67,'58bce75b7','25f27fa27',4060,1449,1653960647,1653960647);
INSERT INTO player_score VALUES('60bbe88fb',67,'58bce75b7','29d9481b2',13968,1380,1653959884,1653959884);
INSERT INTO player_score VALUES('5a01b4c26',67,'58bce75b7','474f01412',114000,1148,1653779298,1653779298);
INSERT INTO player_score VALUES('62890019d',67,'58bce75b7','490914a60',232400,1456,1654008233,1654008233);
INSERT INTO player_score VALUES('638decfba',67,'58bce75b7','4f8f7366c',27840,1460,1654035593,1654035593);
INSERT INTO player_score VALUES('63249ef7a',67,'58bce75b7','54d2867aa',468000,1525,1654024551,1654024551);
INSERT INTO player_score VALUES('608a03211',67,'58bce75b7','55dd952c7',496400,1443,1653954652,1653954652);
INSERT INTO player_score VALUES('633e72518',67,'58bce75b7','5b7f911d7',67584,1445,1654027259,1654027259);
INSERT INTO player_score VALUES('6372bef9a',67,'58bce75b7','5cd17de99',156864,1342,1654032743,1654032743);
INSERT INTO player_score VALUES('638792ffe',67,'58bce75b7','6379252ba',4830,1442,1654034927,1654034927);
INSERT INTO player_score VALUES('639bb4d34',67,'592c54c0e','1cd550b69',118017,1576,1654037038,1654037038);
INSERT INTO player_score VALUES('60e06a43a',67,'592c54c0e','230fa61f6',176320,1464,1653963712,1653963712);
INSERT INTO player_score VALUES('5f0086b04',67,'592c54c0e','23465c797',0,1404,1653913392,1653913392);
INSERT INTO player_score VALUES('5c26dc424',67,'592c54c0e','26d0eefe2',20328,1335,1653836881,1653836881);
INSERT INTO player_score VALUES('625916796',67,'592c54c0e','29d9481b2',42822,1421,1654003209,1654003209);
INSERT INTO player_score VALUES('5644dd96b',67,'592c54c0e','474f01412',51612,923,1653678966,1653678966);
INSERT INTO player_score VALUES('63a55913f',67,'592c54c0e','490914a60',2106,1523,1654038049,1654038049);
INSERT INTO player_score VALUES('6319a00a5',67,'592c54c0e','4f8f7366c',16284,1420,1654023398,1654023398);
INSERT INTO player_score VALUES('6140c15ae',67,'592c54c0e','54d2867aa',33600,1325,1653973814,1653973814);
INSERT INTO player_score VALUES('60e204693',67,'592c54c0e','55dd952c7',358425,1492,1653963880,1653963880);
INSERT INTO player_score VALUES('63770c104',67,'592c54c0e','5b7f911d7',346920,1492,1654033194,1654033194);
INSERT INTO player_score VALUES('639e124a0',67,'592c54c0e','5cd17de99',195888,1382,1654037286,1654037286);
INSERT INTO player_score VALUES('6386cacef',67,'592c54c0e','6379252ba',11800,1368,1654034845,1654034845);
INSERT INTO player_score VALUES('615b7c9f3',67,'59c4c431b','1cd550b69',396,1529,1653976617,1653976617);
INSERT INTO player_score VALUES('5f1b6de88',67,'59c4c431b','230fa61f6',246708,1428,1653916213,1653916213);
INSERT INTO player_score VALUES('633ccbf17',67,'59c4c431b','23465c797',36288,1509,1654027086,1654027086);
INSERT INTO player_score VALUES('62433ac8d',67,'59c4c431b','25f27fa27',8525,1479,1654000917,1654000917);
INSERT INTO player_score VALUES('61951e04a',67,'59c4c431b','26d0eefe2',103545,1479,1653982660,1653982660);
INSERT INTO player_score VALUES('630f7cd40',67,'59c4c431b','29d9481b2',22218,1438,1654022335,1654022335);
INSERT INTO player_score VALUES('5946e19e2',67,'59c4c431b','474f01412',0,1097,1653759708,1653759708);
INSERT INTO player_score VALUES('61cad8e9f',67,'59c4c431b','490914a60',618570,1415,1653988294,1653988294);
INSERT INTO player_score VALUES('63b5af36a',67,'59c4c431b','4f8f7366c',24360,1475,1654039762,1654039762);
INSERT INTO player_score VALUES('6276208f4',67,'59c4c431b','54d2867aa',187920,1447,1654006254,1654006254);
INSERT INTO player_score VALUES('60829f06c',67,'59c4c431b','55dd952c7',34776,1437,1653953877,1653953877);
INSERT INTO player_score VALUES('636640bc3',67,'59c4c431b','5b7f911d7',18792,1482,1654031433,1654031433);
INSERT INTO player_score VALUES('63875d4c0',67,'59c4c431b','6379252ba',68068,1419,1654034905,1654034905);
INSERT INTO player_score VALUES('5e10ef3ef',67,'5a2ac5794','1cd550b69',195510,1466,1653888269,1653888269);
INSERT INTO player_score VALUES('613813a99',67,'5a2ac5794','230fa61f6',450616,1472,1653972904,1653972904);
INSERT INTO player_score VALUES('639faee5c',67,'5a2ac5794','23465c797',644,1522,1654037455,1654037455);
INSERT INTO player_score VALUES('622dfb51b',67,'5a2ac5794','25f27fa27',44044,1476,1653998689,1653998689);
INSERT INTO player_score VALUES('6179c4107',67,'5a2ac5794','26d0eefe2',189420,1473,1653979792,1653979792);
INSERT INTO player_score VALUES('630177f1f',67,'5a2ac5794','490914a60',19760,1482,1654020865,1654020865);
INSERT INTO player_score VALUES('60a9c01f7',67,'5a2ac5794','4f8f7366c',109224,1263,1653957980,1653957980);
INSERT INTO player_score VALUES('6311e4114',67,'5a2ac5794','54d2867aa',171396,1515,1654022587,1654022587);
INSERT INTO player_score VALUES('606033fdd',67,'5a2ac5794','55dd952c7',1806,1414,1653950268,1653950268);
INSERT INTO player_score VALUES('63c6f229b',67,'5a2ac5794','5b7f911d7',127673,1546,1654041572,1654041572);
INSERT INTO player_score VALUES('627304ad6',67,'5a2ac5794','5cd17de99',215472,1154,1654005928,1654005928);
INSERT INTO player_score VALUES('63879f373',67,'5a2ac5794','6379252ba',90396,1446,1654034932,1654034932);
INSERT INTO player_score VALUES('63013fca8',67,'5a41647d4','1cd550b69',370636,1565,1654020842,1654020842);
INSERT INTO player_score VALUES('5f8d67277',67,'5a41647d4','230fa61f6',69936,1437,1653928164,1653928164);
INSERT INTO player_score VALUES('5d679c136',67,'5a41647d4','23465c797',523296,1370,1653870514,1653870514);
INSERT INTO player_score VALUES('60d96a439',67,'5a41647d4','25f27fa27',9828,1452,1653962978,1653962978);
INSERT INTO player_score VALUES('62542abb4',67,'5a41647d4','26d0eefe2',34040,1503,1654002693,1654002693);
INSERT INTO player_score VALUES('62f0ced31',67,'5a41647d4','29d9481b2',45105,1434,1654019118,1654019118);
INSERT INTO player_score VALUES('639d9d18c',67,'5a41647d4','490914a60',216,1518,1654037238,1654037238);
INSERT INTO player_score VALUES('630e7eea5',67,'5a41647d4','4f8f7366c',58400,1415,1654022231,1654022231);
INSERT INTO player_score VALUES('633f9c299',67,'5a41647d4','54d2867aa',2628,1536,1654027381,1654027381);
INSERT INTO player_score VALUES('612643221',67,'5a41647d4','55dd952c7',2160,1519,1653971036,1653971036);
INSERT INTO player_score VALUES('635c581f8',67,'5a41647d4','5b7f911d7',46816,1470,1654030394,1654030394);
INSERT INTO player_score VALUES('63875add7',67,'5a41647d4','6379252ba',84224,1417,1654034904,1654034904);
INSERT INTO player_score VALUES('5f292e6bc',67,'5b0259750','1cd550b69',15435,1485,1653917655,1653917655);
INSERT INTO player_score VALUES('62e3ccbb8',67,'5b0259750','230fa61f6',99960,1513,1654017754,1654017754);
INSERT INTO player_score VALUES('604dd368a',67,'5b0259750','25f27fa27',196779,1432,1653948341,1653948341);
INSERT INTO player_score VALUES('6291b2aa5',67,'5b0259750','26d0eefe2',15252,1515,1654009145,1654009145);
INSERT INTO player_score VALUES('63a72b61e',67,'5b0259750','29d9481b2',0,1442,1654038240,1654038240);
INSERT INTO player_score VALUES('639f98e7f',67,'5b0259750','490914a60',43648,1521,1654037446,1654037446);
INSERT INTO player_score VALUES('6368835a6',67,'5b0259750','4f8f7366c',211869,1452,1654031670,1654031670);
INSERT INTO player_score VALUES('6387cd9b6',67,'5b0259750','54d2867aa',29820,1567,1654034951,1654034951);
INSERT INTO player_score VALUES('60b4ded04',67,'5b0259750','55dd952c7',216855,1467,1653959146,1653959146);
INSERT INTO player_score VALUES('6362ad32e',67,'5b0259750','5b7f911d7',2975,1478,1654031058,1654031058);
INSERT INTO player_score VALUES('6325e13fd',67,'5b0259750','5cd17de99',8004,1280,1654024683,1654024683);
INSERT INTO player_score VALUES('638795737',67,'5b0259750','6379252ba',156600,1443,1654034928,1654034928);
INSERT INTO player_score VALUES('60e99204d',67,'5b151e22d','1cd550b69',70596,1521,1653964672,1653964672);
INSERT INTO player_score VALUES('5ff570734',67,'5b151e22d','230fa61f6',274480,1447,1653939073,1653939073);
INSERT INTO player_score VALUES('5bd122763',67,'5b151e22d','23465c797',53400,1327,1653827892,1653827892);
INSERT INTO player_score VALUES('6306a0c3c',67,'5b151e22d','25f27fa27',18040,1495,1654021406,1654021406);
INSERT INTO player_score VALUES('637d8f8b3',67,'5b151e22d','26d0eefe2',38019,1542,1654033877,1654033877);
INSERT INTO player_score VALUES('62d80597d',67,'5b151e22d','29d9481b2',1664,1432,1654016519,1654016519);
INSERT INTO player_score VALUES('60aedcb75',67,'5b151e22d','4f8f7366c',13104,1264,1653958516,1653958516);
INSERT INTO player_score VALUES('610320f9f',67,'5b151e22d','55dd952c7',247296,1503,1653967352,1653967352);
INSERT INTO player_score VALUES('63a560665',67,'5b151e22d','5b7f911d7',51984,1526,1654038052,1654038052);
INSERT INTO player_score VALUES('6349d0766',67,'5b151e22d','5cd17de99',152928,1312,1654028451,1654028451);
INSERT INTO player_score VALUES('6387893ba',67,'5b151e22d','6379252ba',15960,1433,1654034923,1654034923);
INSERT INTO player_score VALUES('5d92706e6',67,'5bf179467','1cd550b69',165440,1456,1653875005,1653875005);
INSERT INTO player_score VALUES('6226d4476',67,'5bf179467','230fa61f6',62568,1497,1653997939,1653997939);
INSERT INTO player_score VALUES('5e51e88cf',67,'5bf179467','23465c797',63000,1387,1653895082,1653895082);
INSERT INTO player_score VALUES('61309e7d9',67,'5bf179467','25f27fa27',67240,1460,1653972122,1653972122);
INSERT INTO player_score VALUES('58a8ea29c',67,'5bf179467','26d0eefe2',89488,1246,1653743144,1653743144);
INSERT INTO player_score VALUES('631928667',67,'5bf179467','29d9481b2',34425,1439,1654023349,1654023349);
INSERT INTO player_score VALUES('61e98e3e4',67,'5bf179467','490914a60',233376,1419,1653991514,1653991514);
INSERT INTO player_score VALUES('63563b2e9',67,'5bf179467','4f8f7366c',37400,1442,1654029753,1654029753);
INSERT INTO player_score VALUES('602fcb688',67,'5bf179467','55dd952c7',12480,1387,1653945192,1653945192);
INSERT INTO player_score VALUES('63c5a3b1b',67,'5bf179467','5b7f911d7',2320,1545,1654041435,1654041435);
INSERT INTO player_score VALUES('63b6f65a7',67,'5bf179467','5cd17de99',36946,1400,1654039896,1654039896);
INSERT INTO player_score VALUES('6387b531c',67,'5bf179467','6379252ba',0,1455,1654034941,1654034941);
INSERT INTO player_score VALUES('5e0d40dcd',67,'5d4bb2145','1cd550b69',17226,1465,1653887883,1653887883);
INSERT INTO player_score VALUES('5f8f740f8',67,'5d4bb2145','230fa61f6',2880,1438,1653928379,1653928379);
INSERT INTO player_score VALUES('56d0831ec',67,'5d4bb2145','23465c797',320166,1214,1653693609,1653693609);
INSERT INTO player_score VALUES('63aac15b8',67,'5d4bb2145','26d0eefe2',21165,1548,1654038616,1654038616);
INSERT INTO player_score VALUES('5a978742b',67,'5d4bb2145','29d9481b2',3348,1216,1653795008,1653795008);
INSERT INTO player_score VALUES('62656b39d',67,'5d4bb2145','4f8f7366c',1445,1376,1654004502,1654004502);
INSERT INTO player_score VALUES('63a3e11c8',67,'5d4bb2145','54d2867aa',76896,1583,1654037895,1654037895);
INSERT INTO player_score VALUES('610b19fc8',67,'5d4bb2145','55dd952c7',41382,1507,1653968188,1653968188);
INSERT INTO player_score VALUES('637b4cec8',67,'5d4bb2145','5b7f911d7',15620,1495,1654033640,1654033640);
INSERT INTO player_score VALUES('62fb0a724',67,'5d4bb2145','5cd17de99',1080,1251,1654020191,1654020191);
INSERT INTO player_score VALUES('6387649fc',67,'5d4bb2145','6379252ba',46800,1423,1654034908,1654034908);
INSERT INTO player_score VALUES('5adea4d1d',67,'5d8174488','1cd550b69',34224,1378,1653802465,1653802465);
INSERT INTO player_score VALUES('63356f2f5',67,'5d8174488','230fa61f6',6192,1527,1654026314,1654026314);
INSERT INTO player_score VALUES('6252f98b9',67,'5d8174488','23465c797',190994,1488,1654002568,1654002568);
INSERT INTO player_score VALUES('63c3797eb',67,'5d8174488','25f27fa27',3240,1506,1654041208,1654041208);
INSERT INTO player_score VALUES('60d63ad42',67,'5d8174488','26d0eefe2',288420,1458,1653962644,1653962644);
INSERT INTO player_score VALUES('6163d9b94',67,'5d8174488','29d9481b2',212000,1398,1653977494,1653977494);
INSERT INTO player_score VALUES('63057bca1',67,'5d8174488','4f8f7366c',8880,1410,1654021286,1654021286);
INSERT INTO player_score VALUES('62a7f758d',67,'5d8174488','54d2867aa',24310,1468,1654011480,1654011480);
INSERT INTO player_score VALUES('61020aaa7',67,'5d8174488','55dd952c7',33600,1502,1653967238,1653967238);
INSERT INTO player_score VALUES('62e3a5aaa',67,'5d8174488','5b7f911d7',18850,1375,1654017738,1654017738);
INSERT INTO player_score VALUES('63b652c83',67,'5d8174488','5cd17de99',27900,1399,1654039829,1654039829);
INSERT INTO player_score VALUES('6387bc84a',67,'5d8174488','6379252ba',264000,1461,1654034944,1654034944);
INSERT INTO player_score VALUES('5fc865b0f',67,'5d90bddce','1cd550b69',65455,1501,1653934350,1653934350);
INSERT INTO player_score VALUES('63385cae5',67,'5d90bddce','230fa61f6',72072,1528,1654026621,1654026621);
INSERT INTO player_score VALUES('636d9d835',67,'5d90bddce','23465c797',70200,1517,1654032205,1654032205);
INSERT INTO player_score VALUES('60b0fab7f',67,'5d90bddce','25f27fa27',72590,1445,1653958738,1653958738);
INSERT INTO player_score VALUES('5f25679bb',67,'5d90bddce','26d0eefe2',373860,1410,1653917259,1653917259);
INSERT INTO player_score VALUES('627592f4a',67,'5d90bddce','29d9481b2',679,1423,1654006196,1654006196);
INSERT INTO player_score VALUES('5dcbf2205',67,'5d90bddce','490914a60',40320,1200,1653881035,1653881035);
INSERT INTO player_score VALUES('634838be0',67,'5d90bddce','4f8f7366c',218834,1434,1654028284,1654028284);
INSERT INTO player_score VALUES('6371903c4',67,'5d90bddce','54d2867aa',1674,1556,1654032619,1654032619);
INSERT INTO player_score VALUES('5f5db8215',67,'5d90bddce','55dd952c7',327168,1282,1653923164,1653923164);
INSERT INTO player_score VALUES('6389dcf10',67,'5d90bddce','5b7f911d7',127428,1504,1654035167,1654035167);
INSERT INTO player_score VALUES('6387b7a1b',67,'5d90bddce','6379252ba',2508,1458,1654034942,1654034942);
INSERT INTO player_score VALUES('633a62422',67,'5e9962e72','1cd550b69',297480,1571,1654026833,1654026833);
INSERT INTO player_score VALUES('62f4fe9a7',67,'5e9962e72','230fa61f6',88641,1519,1654019557,1654019557);
INSERT INTO player_score VALUES('6237601b4',67,'5e9962e72','25f27fa27',44548,1477,1653999674,1653999674);
INSERT INTO player_score VALUES('63173b3fc',67,'5e9962e72','26d0eefe2',213808,1529,1654023147,1654023147);
INSERT INTO player_score VALUES('6343767b1',67,'5e9962e72','490914a60',60480,1501,1654027785,1654027785);
INSERT INTO player_score VALUES('6359d8760',67,'5e9962e72','4f8f7366c',40656,1445,1654030132,1654030132);
INSERT INTO player_score VALUES('6335963cf',67,'5e9962e72','54d2867aa',141120,1533,1654026330,1654026330);
INSERT INTO player_score VALUES('5ff7cb798',67,'5e9962e72','55dd952c7',183540,1363,1653939320,1653939320);
INSERT INTO player_score VALUES('639943cf3',67,'5e9962e72','5b7f911d7',29280,1513,1654036782,1654036782);
INSERT INTO player_score VALUES('6352a531d',67,'5e9962e72','5cd17de99',32550,1319,1654029377,1654029377);
INSERT INTO player_score VALUES('638797e7b',67,'5e9962e72','6379252ba',237162,1445,1654034929,1654034929);
INSERT INTO player_score VALUES('6293ae7a7',67,'5effbc119','1cd550b69',7410,1552,1654009353,1654009353);
INSERT INTO player_score VALUES('6061b3499',67,'5effbc119','230fa61f6',70649,1454,1653950425,1653950425);
INSERT INTO player_score VALUES('6242331d2',67,'5effbc119','23465c797',209880,1486,1654000809,1654000809);
INSERT INTO player_score VALUES('6117d064c',67,'5effbc119','25f27fa27',6240,1457,1653969521,1653969521);
INSERT INTO player_score VALUES('615c2ed49',67,'5effbc119','26d0eefe2',11520,1470,1653976690,1653976690);
INSERT INTO player_score VALUES('6338d1def',67,'5effbc119','29d9481b2',342798,1440,1654026669,1654026669);
INSERT INTO player_score VALUES('63431c293',67,'5effbc119','490914a60',6615,1500,1654027748,1654027748);
INSERT INTO player_score VALUES('6351e6c5f',67,'5effbc119','4f8f7366c',20520,1437,1654029299,1654029299);
INSERT INTO player_score VALUES('634303c01',67,'5effbc119','54d2867aa',233016,1537,1654027738,1654027738);
INSERT INTO player_score VALUES('60ec698b9',67,'5effbc119','55dd952c7',373670,1498,1653964970,1653964970);
INSERT INTO player_score VALUES('63c722fc2',67,'5effbc119','5b7f911d7',244296,1547,1654041592,1654041592);
INSERT INTO player_score VALUES('63c0ba5c3',67,'5effbc119','5cd17de99',7392,1412,1654040920,1654040920);
INSERT INTO player_score VALUES('62b2c3080',67,'5fe561226','1cd550b69',39501,1557,1654012612,1654012612);
INSERT INTO player_score VALUES('5b8da233b',67,'5fe561226','230fa61f6',40320,1330,1653820814,1653820814);
INSERT INTO player_score VALUES('638448bad',67,'5fe561226','23465c797',118125,1521,1654034582,1654034582);
INSERT INTO player_score VALUES('63bee59ef',67,'5fe561226','25f27fa27',5320,1505,1654040728,1654040728);
INSERT INTO player_score VALUES('629055907',67,'5fe561226','26d0eefe2',1722,1514,1654009002,1654009002);
INSERT INTO player_score VALUES('61f57c723',67,'5fe561226','29d9481b2',892800,1414,1653992765,1653992765);
INSERT INTO player_score VALUES('639eb84c2',67,'5fe561226','490914a60',64464,1519,1654037354,1654037354);
INSERT INTO player_score VALUES('62c5ff557',67,'5fe561226','4f8f7366c',10836,1396,1654014629,1654014629);
INSERT INTO player_score VALUES('639f94072',67,'5fe561226','54d2867aa',159123,1579,1654037444,1654037444);
INSERT INTO player_score VALUES('6114183dc',67,'5fe561226','55dd952c7',21280,1510,1653969131,1653969131);
INSERT INTO player_score VALUES('639036ebd',67,'5fe561226','5b7f911d7',5236,1507,1654035833,1654035833);
INSERT INTO player_score VALUES('62677340d',67,'5fe561226','5cd17de99',73780,1145,1654004715,1654004715);
INSERT INTO player_score VALUES('6387a8fb4',67,'5fe561226','6379252ba',6536,1451,1654034936,1654034936);
INSERT INTO player_score VALUES('5e5b94215',67,'614e1dbfc','1cd550b69',439296,1473,1653896096,1653896096);
INSERT INTO player_score VALUES('63644c3e8',67,'614e1dbfc','230fa61f6',14896,1531,1654031228,1654031228);
INSERT INTO player_score VALUES('6011ef61b',67,'614e1dbfc','23465c797',86400,1434,1653942061,1653942061);
INSERT INTO player_score VALUES('62e99438f',67,'614e1dbfc','25f27fa27',141930,1491,1654018360,1654018360);
INSERT INTO player_score VALUES('61e20a673',67,'614e1dbfc','26d0eefe2',213435,1487,1653990726,1653990726);
INSERT INTO player_score VALUES('6010a3551',67,'614e1dbfc','29d9481b2',177408,1354,1653941925,1653941925);
INSERT INTO player_score VALUES('61b5355b9',67,'614e1dbfc','490914a60',181560,1406,1653986025,1653986025);
INSERT INTO player_score VALUES('62a365ee9',67,'614e1dbfc','4f8f7366c',44550,1390,1654011001,1654011001);
INSERT INTO player_score VALUES('6312bfc94',67,'614e1dbfc','54d2867aa',24192,1516,1654022677,1654022677);
INSERT INTO player_score VALUES('63972d28e',67,'614e1dbfc','5b7f911d7',107325,1511,1654036563,1654036563);
INSERT INTO player_score VALUES('6387ba121',67,'614e1dbfc','6379252ba',5070,1459,1654034943,1654034943);
INSERT INTO player_score VALUES('61ede512a',67,'625ea361c','1cd550b69',130200,1536,1653991969,1653991969);
INSERT INTO player_score VALUES('5e2406f24',67,'625ea361c','230fa61f6',1288,1400,1653890271,1653890271);
INSERT INTO player_score VALUES('5d18ff922',67,'625ea361c','23465c797',4320,1363,1653862271,1653862271);
INSERT INTO player_score VALUES('62b221e79',67,'625ea361c','25f27fa27',3600,1487,1654012546,1654012546);
INSERT INTO player_score VALUES('626847a80',67,'625ea361c','29d9481b2',776160,1422,1654004802,1654004802);
INSERT INTO player_score VALUES('61ccb9dc7',67,'625ea361c','490914a60',435750,1417,1653988491,1653988491);
INSERT INTO player_score VALUES('63be447b2',67,'625ea361c','54d2867aa',36720,1589,1654040662,1654040662);
INSERT INTO player_score VALUES('6393a3664',67,'625ea361c','5cd17de99',27590,1370,1654036192,1654036192);
INSERT INTO player_score VALUES('6385b20ca',67,'625ea361c','6379252ba',124992,1256,1654034730,1654034730);
INSERT INTO player_score VALUES('60721f68a',67,'63204341f','1cd550b69',264480,1517,1653952147,1653952147);
INSERT INTO player_score VALUES('61a59b393',67,'63204341f','23465c797',3588,1472,1653984389,1653984389);
INSERT INTO player_score VALUES('61cdb0747',67,'63204341f','25f27fa27',18450,1467,1653988592,1653988592);
INSERT INTO player_score VALUES('615a21ecd',67,'63204341f','29d9481b2',14040,1396,1653976475,1653976475);
INSERT INTO player_score VALUES('63aa9569b',67,'63204341f','490914a60',112404,1525,1654038598,1654038598);
INSERT INTO player_score VALUES('60c14bf2c',67,'63204341f','4f8f7366c',19698,1269,1653960449,1653960449);
INSERT INTO player_score VALUES('62f1d67f1',67,'63204341f','5b7f911d7',34336,1390,1654019226,1654019226);
INSERT INTO player_score VALUES('633010a7b',67,'63204341f','5cd17de99',221760,1290,1654025751,1654025751);
INSERT INTO player_score VALUES('638751147',67,'63204341f','6379252ba',8442,1416,1654034900,1654034900);
COMMIT;
