
BEGIN;
CREATE TABLE IF NOT EXISTS competition (
  id VARCHAR(255) NOT NULL PRIMARY KEY,
  tenant_id BIGINT NOT NULL,
  title TEXT NOT NULL,
  finished_at BIGINT NULL,
  created_at BIGINT NOT NULL,
  updated_at BIGINT NOT NULL
);
INSERT INTO competition VALUES('27d0fec26',69,'そばの如し vol.3',NULL,1652432013,1653565441);
INSERT INTO competition VALUES('388eee746',69,'第6回 ビストロHTTP/2王国',1653659606,1652881426,1653659606);
INSERT INTO competition VALUES('427d59d4d',69,'薔薇だもの #3',1653930786,1653148018,1653930786);
INSERT INTO competition VALUES('467f41ab8',69,'fastのーと杯',1653847183,1653255592,1653847183);
INSERT INTO competition VALUES('48b7a57a0',69,'第7回 メタル晩白柚牧場',NULL,1653315192,1653595628);
INSERT INTO competition VALUES('4bedcf1ca',69,'第4回 第5ラーメン乙女',1653442840,1653401402,1653442840);
CREATE TABLE IF NOT EXISTS player (
  id VARCHAR(255) NOT NULL PRIMARY KEY,
  tenant_id BIGINT NOT NULL,
  display_name TEXT NOT NULL,
  is_disqualified BOOLEAN NOT NULL,
  created_at BIGINT NOT NULL,
  updated_at BIGINT NOT NULL
);
INSERT INTO player VALUES('1c8f50ca4',69,'Lavern Roob',0,1652129847,1652196036);
INSERT INTO player VALUES('1d0a91873',69,'Mr. Jerrod Abshire MD',0,1652142771,1653936134);
INSERT INTO player VALUES('1d1a097a5',69,'Orpha Nader',0,1652144393,1653505695);
INSERT INTO player VALUES('1f28a09ab',69,'Kelly Little',0,1652199610,1653613743);
INSERT INTO player VALUES('1f5590856',69,'Mr. Weston Reinger III',0,1652204322,1652861761);
INSERT INTO player VALUES('1f65c2063',69,'Araceli Crist',0,1652206020,1653878522);
INSERT INTO player VALUES('1fff95e7a',69,'Ms. Naomi Kertzmann I',0,1652222150,1652317052);
INSERT INTO player VALUES('20066513c',69,'Lyda Kuhn',0,1652222864,1652857252);
INSERT INTO player VALUES('201a93180',69,'Russ Cronin',0,1652224980,1653466605);
INSERT INTO player VALUES('204739c10',69,'Leland Pfannerstill MD',0,1652229662,1653074730);
INSERT INTO player VALUES('20c417176',69,'Zora Bednar',0,1652242755,1653418808);
INSERT INTO player VALUES('237de2569',69,'Mr. Jennings Schmidt',0,1652315924,1653993550);
INSERT INTO player VALUES('2403dda65',69,'Mr. Devyn Lowe',0,1652329973,1653297902);
INSERT INTO player VALUES('243463898',69,'Brice Schroeder',0,1652335061,1652525814);
INSERT INTO player VALUES('24472aa8b',69,'Mr. Brian Hegmann',0,1652337030,1652350462);
INSERT INTO player VALUES('2489886ac',69,'Susie McCullough',0,1652343989,1653718880);
INSERT INTO player VALUES('24929ca23',69,'Breanne Feest',0,1652344941,1652458655);
INSERT INTO player VALUES('25015a3a3',69,'Aubree Cole',0,1652356553,1653298824);
INSERT INTO player VALUES('258da0e41',69,'Jazmin Welch I',1,1652371262,1652544722);
INSERT INTO player VALUES('25b7cf391',69,'Mr. Mackenzie Auer',1,1652375685,1652600529);
INSERT INTO player VALUES('25f26e8b7',69,'Ms. Kristy Walter',0,1652381832,1653145062);
INSERT INTO player VALUES('2693670a6',69,'Flossie Leannon',1,1652398711,1653623628);
INSERT INTO player VALUES('26a077c18',69,'Dallas Krajcik MD',1,1652400081,1653394064);
INSERT INTO player VALUES('28e476c56',69,'Letha Abbott',0,1652460898,1652614797);
INSERT INTO player VALUES('291c9673e',69,'Ms. Samanta Kihn',0,1652466783,1653515007);
INSERT INTO player VALUES('296c35bc5',69,'Mr. Carter Dickinson Jr.',0,1652475132,1652668712);
INSERT INTO player VALUES('29ae2f680',69,'Carey Marks',0,1652482050,1653949422);
INSERT INTO player VALUES('2a201c71f',69,'Aileen Hartmann',0,1652493996,1653894817);
INSERT INTO player VALUES('2a8cafd54',69,'Brionna Williamson',0,1652505381,1653709008);
INSERT INTO player VALUES('2ab8ab9bb',69,'Myrl Haag',0,1652509993,1653189877);
INSERT INTO player VALUES('2c67c75ec',69,'Ottis Collier IV',0,1652555198,1653872222);
INSERT INTO player VALUES('2ca7b68e5',69,'Gertrude Hodkiewicz',0,1652561902,1653459476);
INSERT INTO player VALUES('2ca9ad817',69,'Robb Wolff',0,1652562108,1653066791);
INSERT INTO player VALUES('2cce1939e',69,'Israel Wisozk',0,1652565927,1652999412);
INSERT INTO player VALUES('2cd7f812a',69,'Daphne Kuhn',0,1652566962,1653001392);
INSERT INTO player VALUES('2ce192918',69,'Xzavier Feest',0,1652567969,1653815762);
INSERT INTO player VALUES('2ced6378d',69,'Otto McLaughlin',1,1652569208,1652837114);
INSERT INTO player VALUES('2d64990f9',69,'Felipe Toy III',0,1652581708,1653160720);
INSERT INTO player VALUES('2d848e371',69,'Jamir Flatley',0,1652585059,1652707525);
INSERT INTO player VALUES('2dae7f826',69,'Ms. Mafalda Frami I',0,1652589457,1652810575);
INSERT INTO player VALUES('2de67821b',69,'Lilian Bosco',0,1652595326,1653915590);
INSERT INTO player VALUES('2deb3582f',69,'Ms. Ophelia Schmeler',0,1652595823,1653486569);
INSERT INTO player VALUES('2e65bcb4f',69,'Eleanore Moen',0,1652608671,1653132840);
INSERT INTO player VALUES('2e6c5feb3',69,'Mr. Gerald Marvin',0,1652609367,1653995634);
INSERT INTO player VALUES('2e7617b2f',69,'Mr. Giles Rath',0,1652610386,1653096821);
INSERT INTO player VALUES('2f313ddb4',69,'Ms. Dortha Nader Sr.',0,1652630010,1653430360);
INSERT INTO player VALUES('2f503edd5',69,'Ms. Eunice Gislason',0,1652633261,1653171819);
INSERT INTO player VALUES('2f6d5a0e4',69,'Penelope Mertz',0,1652636313,1653902436);
INSERT INTO player VALUES('2f6e2993f',69,'Ms. Leatha Schaden MD',0,1652636398,1653963710);
INSERT INTO player VALUES('2fc72da50',69,'Marta Hyatt',1,1652645732,1653932097);
INSERT INTO player VALUES('2fdec341e',69,'Mr. Hipolito Ernser V',0,1652648205,1652884740);
INSERT INTO player VALUES('305630fbf',69,'Raina Gerhold',0,1652660728,1652998024);
INSERT INTO player VALUES('3079447b4',69,'Angie Kreiger',0,1652664406,1653698609);
INSERT INTO player VALUES('310f62a68',69,'Lonny Lind',0,1652680147,1653039368);
INSERT INTO player VALUES('311863565',69,'Mabel Rau',0,1652681091,1652806364);
INSERT INTO player VALUES('312c2d41a',69,'Fay Leuschke',0,1652683166,1652709178);
INSERT INTO player VALUES('3136ccfaa',69,'Cara Adams PhD',0,1652684280,1653450711);
INSERT INTO player VALUES('3334d844d',69,'Christ Dare PhD',0,1652737762,1653829523);
INSERT INTO player VALUES('346d7a751',69,'Linwood Mills',0,1652770544,1653341842);
INSERT INTO player VALUES('34791cf68',69,'Ms. Brandyn Schuppe I',0,1652771764,1653154661);
INSERT INTO player VALUES('3591a2ec3',69,'Rory Gusikowski',0,1652801179,1653541045);
INSERT INTO player VALUES('359fb191e',69,'Dee Mertz',0,1652802653,1653841474);
INSERT INTO player VALUES('35c4d6d45',69,'Chaya Ferry',0,1652806548,1653134780);
INSERT INTO player VALUES('35dacaf79',69,'Toy Eichmann',1,1652808850,1653982547);
INSERT INTO player VALUES('360695e7c',69,'Ms. Valentine Dach PhD',0,1652813442,1652872693);
INSERT INTO player VALUES('36934f47b',69,'Ms. Tina Murphy',0,1652828198,1652838585);
INSERT INTO player VALUES('37f9011c3',69,'Earnest Steuber',0,1652865705,1653193533);
INSERT INTO player VALUES('3810c9f8e',69,'Priscilla Medhurst',1,1652868199,1653557725);
INSERT INTO player VALUES('384e67e47',69,'Alice Schuppe',0,1652874660,1653182933);
INSERT INTO player VALUES('38805e703',69,'Nasir Larson',0,1652879899,1654028503);
INSERT INTO player VALUES('397c3e6a8',69,'Karl Lemke I',0,1652906310,1653511810);
INSERT INTO player VALUES('3a9fc5c49',69,'Gregg Homenick',1,1652936879,1653513643);
INSERT INTO player VALUES('3aa502183',69,'Raphaelle Sanford',0,1652937428,1653689620);
INSERT INTO player VALUES('3b543c7ac',69,'Ms. Zola Gusikowski III',0,1652955802,1653536716);
INSERT INTO player VALUES('3b5c5c923',69,'Ivory Lesch',0,1652956654,1653948677);
INSERT INTO player VALUES('3b8d468c4',69,'Arvel Gleichner PhD',0,1652961783,1653527728);
INSERT INTO player VALUES('3b9991846',69,'Ms. Ashlynn Morar',0,1652963072,1653135953);
INSERT INTO player VALUES('3c213f64a',69,'Ms. Sierra Cummerata Sr.',0,1652977299,1653152075);
INSERT INTO player VALUES('3c7203aae',69,'Mr. Al Torphy III',1,1652985768,1654035172);
INSERT INTO player VALUES('3e4eb55e4',69,'Mr. Gregorio Kozey II',0,1653035753,1653527611);
INSERT INTO player VALUES('3e63b5533',69,'Mr. Blake Padberg Sr.',0,1653037955,1653187366);
INSERT INTO player VALUES('3ebbc0639',69,'Marina Hodkiewicz I',0,1653047187,1653414316);
INSERT INTO player VALUES('3f1c76b40',69,'Mr. Kieran Jast',0,1653057328,1653415341);
INSERT INTO player VALUES('3f768276c',69,'Herta Gutkowski',1,1653066770,1653560442);
INSERT INTO player VALUES('40096ec3e',69,'Iva Mohr',0,1653082176,1653370320);
INSERT INTO player VALUES('40242521b',69,'Eve Gaylord',0,1653084977,1653982620);
INSERT INTO player VALUES('405ae5417',69,'Kacey Marquardt',1,1653090718,1653809085);
INSERT INTO player VALUES('40df4dbe7',69,'Liliane Waters',0,1653104602,1653517685);
INSERT INTO player VALUES('40ecff9bd',69,'Deontae Koch',0,1653106038,1653125301);
INSERT INTO player VALUES('40ee7c773',69,'Augusta Ondricka',0,1653106194,1653828811);
INSERT INTO player VALUES('4188a0e7f',69,'Archibald Wunsch',0,1653122357,1653215451);
INSERT INTO player VALUES('419d6d9d4',69,'Shanny Ward',0,1653124538,1654011636);
INSERT INTO player VALUES('427f7564c',69,'Ms. Raegan Fahey',1,1653148239,1653733203);
INSERT INTO player VALUES('428131bb0',69,'Ms. Frederique Lindgren',0,1653148421,1653499674);
INSERT INTO player VALUES('42bc12f88',69,'Ms. Elisa Rath',0,1653154595,1653342289);
INSERT INTO player VALUES('42e1afdea',69,'Ramon Mueller II',0,1653158539,1653657063);
INSERT INTO player VALUES('431d4839c',69,'Bonnie Parker II',1,1653164788,1653701662);
INSERT INTO player VALUES('4367c12a2',69,'Reuben Satterfield',1,1653172597,1653318145);
INSERT INTO player VALUES('4379f35cb',69,'Sonia Price',0,1653174505,1653788194);
INSERT INTO player VALUES('43e223b87',69,'Hollie Wehner',0,1653185430,1653901568);
INSERT INTO player VALUES('43fe6ced9',69,'Mr. Glen Pollich III',0,1653188396,1653386430);
INSERT INTO player VALUES('442b446eb',69,'Toy Bechtelar',0,1653193098,1653526018);
INSERT INTO player VALUES('444d8865f',69,'Stephon Dooley',0,1653196691,1653313752);
INSERT INTO player VALUES('4487c12c7',69,'Ms. Icie Shanahan III',0,1653202796,1653645207);
INSERT INTO player VALUES('4576eac56',69,'Danyka Stehr',0,1653227874,1653585337);
INSERT INTO player VALUES('4618d016a',69,'Ransom Bernhard I',1,1653244850,1653990408);
INSERT INTO player VALUES('46c351fe3',69,'Ms. Wilma Gleichner',1,1653262729,1653294724);
INSERT INTO player VALUES('47383b2f4',69,'Alivia Deckow',0,1653274988,1653493711);
INSERT INTO player VALUES('4770c1693',69,'Amie Feeney',0,1653280915,1653577627);
INSERT INTO player VALUES('477725233',69,'Ms. Muriel Shields V',0,1653281585,1653361008);
INSERT INTO player VALUES('47a4e221d',69,'Francisca Cruickshank',1,1653286381,1653670237);
INSERT INTO player VALUES('4838e9a01',69,'Maiya Heaney IV',1,1653301903,1653359343);
INSERT INTO player VALUES('486299049',69,'Gus Monahan',0,1653306274,1653874898);
INSERT INTO player VALUES('48765e110',69,'Mr. Domingo Quitzon PhD',0,1653308347,1653822855);
INSERT INTO player VALUES('491031f25',69,'Bailee Parker',0,1653324477,1653414827);
INSERT INTO player VALUES('499ab007a',69,'Mr. Harvey Hessel',0,1653338999,1653494324);
INSERT INTO player VALUES('49cb50c3f',69,'Ms. Laury Hahn',0,1653344098,1653580460);
INSERT INTO player VALUES('49d2a3c7c',69,'Arely Johnson',0,1653344866,1653374136);
INSERT INTO player VALUES('4ac97f8f4',69,'Adriana Cole',0,1653370751,1653650202);
INSERT INTO player VALUES('4adf03632',69,'Garry Torp',1,1653373007,1653773145);
INSERT INTO player VALUES('4c0527b00',69,'Carlos Nienow Sr.',0,1653403850,1653958161);
INSERT INTO player VALUES('4c3ba5dda',69,'Sydnie Pouros',0,1653409564,1653808579);
INSERT INTO player VALUES('4cebcd190',69,'Malcolm Price',0,1653428035,1653457299);
INSERT INTO player VALUES('4cf9eccd2',69,'Lina Moen',0,1653429516,1653950766);
INSERT INTO player VALUES('4cfc40855',69,'Makenzie Leannon Jr.',0,1653429760,1653939171);
INSERT INTO player VALUES('4da9b9ae8',69,'Giovanni Dare',0,1653447950,1653879176);
INSERT INTO player VALUES('4e4168403',69,'Tomasa Wunsch',0,1653463855,1653761223);
INSERT INTO player VALUES('4fa4c8d33',69,'Alivia Fay',0,1653501119,1653892308);
INSERT INTO player VALUES('4fe331613',69,'Hailee Rogahn',0,1653507663,1653630222);
INSERT INTO player VALUES('50a9d08e0',69,'Kiarra Effertz',0,1653528490,1653786726);
INSERT INTO player VALUES('50d2d77d5',69,'Cydney Goyette II',0,1653532792,1653853525);
INSERT INTO player VALUES('51ce5f934',69,'Ms. Vivianne Rice II',0,1653559167,1654012722);
INSERT INTO player VALUES('52aeef5cb',69,'Ms. Hertha Wyman Jr.',0,1653582714,1653981430);
INSERT INTO player VALUES('52bf0ae35',69,'Mr. Reggie Hegmann',0,1653584403,1653644522);
INSERT INTO player VALUES('52f119da1',69,'Lon Crooks',0,1653589652,1653727324);
INSERT INTO player VALUES('5307dd7a7',69,'Lew Oberbrunner',0,1653592039,1653855446);
INSERT INTO player VALUES('537344992',69,'Aida Zulauf MD',0,1653603301,1653841271);
INSERT INTO player VALUES('539315213',69,'Gustave Shields',0,1653606637,1654038495);
INSERT INTO player VALUES('53efc5251',69,'Salvatore Schimmel PhD',0,1653616356,1653678151);
INSERT INTO player VALUES('540caf7fd',69,'Arianna Stroman',0,1653619388,1653651345);
INSERT INTO player VALUES('549e941fb',69,'Irwin Considine',0,1653634686,1653690059);
INSERT INTO player VALUES('54babb2b8',69,'Jaclyn Abernathy',0,1653637638,1653716091);
INSERT INTO player VALUES('54e9257d5',69,'Emmanuelle Nikolaus',0,1653642505,1653654870);
INSERT INTO player VALUES('554d14f94',69,'Rebeka Swaniawski PhD',0,1653652984,1653714779);
INSERT INTO player VALUES('55bc23299',69,'Ms. Germaine Kuphal',1,1653664629,1654019748);
INSERT INTO player VALUES('55bf02082',69,'Rashad Padberg',0,1653664930,1653876960);
INSERT INTO player VALUES('55cd2df0c',69,'Akeem Bergstrom',0,1653666416,1653761262);
INSERT INTO player VALUES('55d28c73c',69,'Jermain Mueller PhD',0,1653666979,1654028575);
INSERT INTO player VALUES('55d6b75bb',69,'Ernie Gislason',0,1653667416,1653931608);
INSERT INTO player VALUES('55e6fc625',69,'Mable Rosenbaum',0,1653669122,1653861933);
INSERT INTO player VALUES('560655497',69,'Pamela O"Keefe',0,1653672409,1653738233);
INSERT INTO player VALUES('56a7bba72',69,'Claudine Blick',0,1653689333,1653785451);
INSERT INTO player VALUES('56c08c307',69,'Nestor Bahringer',0,1653691935,1653840787);
INSERT INTO player VALUES('56c288004',69,'Gilbert Leuschke',0,1653692143,1653941262);
INSERT INTO player VALUES('57275f6e0',69,'Armand Grant',0,1653702717,1653790581);
INSERT INTO player VALUES('578e3a048',69,'Genevieve Terry',0,1653713502,1654041075);
INSERT INTO player VALUES('599a7fde9',69,'Maia Flatley',1,1653768476,1654021194);
INSERT INTO player VALUES('59b74f5dd',69,'Myron Miller I',0,1653771497,1654014235);
INSERT INTO player VALUES('5b4a0e606',69,'Nolan Becker V',0,1653813728,1653997918);
INSERT INTO player VALUES('5c0d326e4',69,'Lysanne Walsh',0,1653834190,1653910278);
INSERT INTO player VALUES('5cb672117',69,'Amalia Greenfelder PhD',0,1653851937,1653875426);
INSERT INTO player VALUES('5cb737d5e',69,'Ryleigh Stokes',0,1653852018,1653868749);
INSERT INTO player VALUES('5d666124f',69,'Herta Bashirian',0,1653870385,1653900896);
INSERT INTO player VALUES('5dec35635',69,'Zella Stracke DVM',0,1653884418,1653890970);
INSERT INTO player VALUES('5e426e23b',69,'Trycia Kris',0,1653893459,1653986832);
INSERT INTO player VALUES('5e5092c29',69,'Keshaun Shields',0,1653894942,1653985059);
INSERT INTO player VALUES('5e6c70895',69,'Mr. Erwin Dietrich V',0,1653897864,1653949524);
INSERT INTO player VALUES('5eece8b7d',69,'Mr. Garnett Yundt',0,1653911335,1654004456);
INSERT INTO player VALUES('5f4c94ed0',69,'Abelardo Collins II',0,1653921367,1653998489);
INSERT INTO player VALUES('5f9a7f36f',69,'Ms. Katheryn Gerhold I',0,1653929537,1653946478);
INSERT INTO player VALUES('5fbb4da65',69,'Curt Homenick III',0,1653932977,1653935022);
INSERT INTO player VALUES('5fc58465d',69,'Odie Gottlieb',0,1653934048,1653981572);
INSERT INTO player VALUES('5fdc7185e',69,'Mr. Charley Rolfson',0,1653936452,1654014177);
INSERT INTO player VALUES('601637923',69,'Ms. Eryn Champlin',0,1653942510,1653958347);
INSERT INTO player VALUES('60e54c41a',69,'Fausto Tromp DVM',0,1653964224,1653970344);
INSERT INTO player VALUES('61101bbb8',69,'Erik Kihn IV',0,1653968713,1654023694);
INSERT INTO player VALUES('615ebd223',69,'Ignacio Brekke',0,1653976958,1654023530);
INSERT INTO player VALUES('6178c1474',69,'Russ Dooley V',0,1653979686,1654035569);
INSERT INTO player VALUES('61fe75ce4',69,'Mr. Chauncey McDermott',1,1653993706,1654016049);
INSERT INTO player VALUES('626d4bd55',69,'Carroll Mueller',0,1654005328,1654016308);
INSERT INTO player VALUES('62da82d06',69,'Ms. Carlie Braun Jr.',0,1654016780,1654034345);
INSERT INTO player VALUES('62db0433e',69,'Samir Legros',0,1654016833,1654028927);
INSERT INTO player VALUES('631474cb8',69,'Ms. Mallie Torphy',0,1654022856,1654040032);
INSERT INTO player VALUES('632361980',69,'Dayton Corkery II',0,1654024421,1654030341);
INSERT INTO player VALUES('6367e98d6',69,'Ms. Susie Champlin',0,1654031607,1654038892);
INSERT INTO player VALUES('63884a1d0',69,'Eliane Stamm',1,1654035002,1654039874);
CREATE TABLE IF NOT EXISTS IF NOT EXISTS player_score (
                              id VARCHAR(255) NOT NULL PRIMARY KEY,
                              tenant_id BIGINT NOT NULL,
                              player_id VARCHAR(255) NOT NULL,
                              competition_id VARCHAR(255) NOT NULL,
                              score BIGINT NOT NULL,
                              row_num BIGINT NOT NULL,
                              created_at BIGINT NOT NULL,
                              updated_at BIGINT NOT NULL
);
INSERT INTO player_score VALUES('62e01979a',69,'1c8f50ca4','27d0fec26',6732,3299,1654017366,1654017366);
INSERT INTO player_score VALUES('4ec8f3fa3',69,'1c8f50ca4','388eee746',24123,2093,1653478068,1653478068);
INSERT INTO player_score VALUES('5f3b8c934',69,'1c8f50ca4','427d59d4d',454300,2948,1653919581,1653919581);
INSERT INTO player_score VALUES('5a84c01fd',69,'1c8f50ca4','467f41ab8',51156,2767,1653793039,1653793039);
INSERT INTO player_score VALUES('63b421453',69,'1c8f50ca4','48b7a57a0',165312,3560,1654039599,1654039599);
INSERT INTO player_score VALUES('4d68eec5e',69,'1c8f50ca4','4bedcf1ca',248124,2144,1653441156,1653441156);
INSERT INTO player_score VALUES('631ab3ed3',69,'1d0a91873','27d0fec26',221676,3319,1654023511,1654023511);
INSERT INTO player_score VALUES('547fc1803',69,'1d0a91873','388eee746',4420,2682,1653631454,1653631454);
INSERT INTO player_score VALUES('5d1f12c16',69,'1d0a91873','427d59d4d',54000,2715,1653862908,1653862908);
INSERT INTO player_score VALUES('5b34c79f3',69,'1d0a91873','467f41ab8',2772,2867,1653811497,1653811497);
INSERT INTO player_score VALUES('617ed6ea5',69,'1d0a91873','48b7a57a0',267712,3264,1653980324,1653980324);
INSERT INTO player_score VALUES('4d52b8bc4',69,'1d0a91873','4bedcf1ca',192060,2014,1653438827,1653438827);
INSERT INTO player_score VALUES('5f35cc64e',69,'1d1a097a5','27d0fec26',216,3095,1653918978,1653918978);
INSERT INTO player_score VALUES('555d85f6c',69,'1d1a097a5','388eee746',317520,2767,1653654708,1653654708);
INSERT INTO player_score VALUES('5f663ebdd',69,'1d1a097a5','427d59d4d',28500,2967,1653924058,1653924058);
INSERT INTO player_score VALUES('61e98bce2',69,'1d1a097a5','48b7a57a0',7820,3314,1653991513,1653991513);
INSERT INTO player_score VALUES('4d77fdc21',69,'1d1a097a5','4bedcf1ca',28730,2226,1653442735,1653442735);
INSERT INTO player_score VALUES('6087be12a',69,'1f28a09ab','27d0fec26',182062,3163,1653954414,1653954414);
INSERT INTO player_score VALUES('54b978e60',69,'1f28a09ab','388eee746',103224,2703,1653637506,1653637506);
INSERT INTO player_score VALUES('5c7f21ea2',69,'1f28a09ab','467f41ab8',106330,3033,1653846137,1653846137);
INSERT INTO player_score VALUES('63ab3b6c8',69,'1f28a09ab','48b7a57a0',5402,3553,1654038666,1654038666);
INSERT INTO player_score VALUES('4d287950d',69,'1f28a09ab','4bedcf1ca',164220,1796,1653434397,1653434397);
INSERT INTO player_score VALUES('602d66a1b',69,'1f5590856','27d0fec26',3596,3138,1653944941,1653944941);
INSERT INTO player_score VALUES('52486cae0',69,'1f5590856','388eee746',72048,2448,1653571965,1653571965);
INSERT INTO player_score VALUES('5edce59b0',69,'1f5590856','427d59d4d',437224,2911,1653909656,1653909656);
INSERT INTO player_score VALUES('5ac6449b5',69,'1f5590856','467f41ab8',76960,2792,1653799909,1653799909);
INSERT INTO player_score VALUES('6279c79de',69,'1f5590856','48b7a57a0',349920,3401,1654006637,1654006637);
INSERT INTO player_score VALUES('4d7316e05',69,'1f5590856','4bedcf1ca',30294,2200,1653442221,1653442221);
INSERT INTO player_score VALUES('63bd4905b',69,'1f65c2063','27d0fec26',420495,3359,1654040559,1654040559);
INSERT INTO player_score VALUES('5fa54fc29',69,'1f65c2063','427d59d4d',62100,2998,1653930671,1653930671);
INSERT INTO player_score VALUES('5c639724e',69,'1f65c2063','467f41ab8',42408,3019,1653843249,1653843249);
INSERT INTO player_score VALUES('6223396c5',69,'1f65c2063','48b7a57a0',92160,3347,1653997561,1653997561);
INSERT INTO player_score VALUES('4d6b6989e',69,'1f65c2063','4bedcf1ca',15580,2158,1653441416,1653441416);
INSERT INTO player_score VALUES('62eb026ef',69,'1fff95e7a','27d0fec26',1827,3302,1654018510,1654018510);
INSERT INTO player_score VALUES('51b7181b0',69,'1fff95e7a','388eee746',27720,2399,1653556726,1653556726);
INSERT INTO player_score VALUES('5d93d9c6a',69,'1fff95e7a','427d59d4d',3780,2776,1653875153,1653875153);
INSERT INTO player_score VALUES('5c1e24d4b',69,'1fff95e7a','467f41ab8',23184,2990,1653835967,1653835967);
INSERT INTO player_score VALUES('63b766ab7',69,'1fff95e7a','48b7a57a0',79060,3564,1654039942,1654039942);
INSERT INTO player_score VALUES('4d73e3f1e',69,'1fff95e7a','4bedcf1ca',6800,2209,1653442305,1653442305);
INSERT INTO player_score VALUES('5f8e9d350',69,'20066513c','27d0fec26',15360,3117,1653928291,1653928291);
INSERT INTO player_score VALUES('548c55baf',69,'20066513c','388eee746',495532,2688,1653632773,1653632773);
INSERT INTO player_score VALUES('5e65b4ec6',69,'20066513c','427d59d4d',7326,2865,1653897158,1653897158);
INSERT INTO player_score VALUES('5c3c760e5',69,'20066513c','467f41ab8',57000,3007,1653839146,1653839146);
INSERT INTO player_score VALUES('630c4d667',69,'20066513c','48b7a57a0',151580,3477,1654022001,1654022001);
INSERT INTO player_score VALUES('4d660628f',69,'20066513c','4bedcf1ca',64020,2130,1653440851,1653440851);
INSERT INTO player_score VALUES('634ed4a39',69,'201a93180','27d0fec26',105792,3330,1654028977,1654028977);
INSERT INTO player_score VALUES('54c569888',69,'201a93180','388eee746',0,2707,1653638758,1653638758);
INSERT INTO player_score VALUES('5e9c30a80',69,'201a93180','427d59d4d',16500,2887,1653902871,1653902871);
INSERT INTO player_score VALUES('598008f90',69,'201a93180','467f41ab8',193050,2631,1653765701,1653765701);
INSERT INTO player_score VALUES('63bb4d36a',69,'201a93180','48b7a57a0',116960,3566,1654040351,1654040351);
INSERT INTO player_score VALUES('4d5fd33b8',69,'201a93180','4bedcf1ca',55930,2086,1653440201,1653440201);
INSERT INTO player_score VALUES('6111f07e9',69,'204739c10','27d0fec26',1625,3197,1653968905,1653968905);
INSERT INTO player_score VALUES('55633028a',69,'204739c10','388eee746',310800,2771,1653655302,1653655302);
INSERT INTO player_score VALUES('5d97fd557',69,'204739c10','427d59d4d',175500,2778,1653875587,1653875587);
INSERT INTO player_score VALUES('5c8559b7c',69,'204739c10','467f41ab8',209160,3036,1653846789,1653846789);
INSERT INTO player_score VALUES('622d5a31f',69,'204739c10','48b7a57a0',84056,3355,1653998623,1653998623);
INSERT INTO player_score VALUES('62d5b6cab',69,'20c417176','27d0fec26',19320,3296,1654016277,1654016277);
INSERT INTO player_score VALUES('553a3570f',69,'20c417176','388eee746',6840,2758,1653651005,1653651005);
INSERT INTO player_score VALUES('5c06aef69',69,'20c417176','427d59d4d',186615,2606,1653833507,1653833507);
INSERT INTO player_score VALUES('5b35b6dd8',69,'20c417176','467f41ab8',34200,2869,1653811595,1653811595);
INSERT INTO player_score VALUES('637a3b7da',69,'20c417176','48b7a57a0',67298,3528,1654033528,1654033528);
INSERT INTO player_score VALUES('4d6ff3a83',69,'20c417176','4bedcf1ca',49210,2186,1653441892,1653441892);
INSERT INTO player_score VALUES('622dd4466',69,'237de2569','27d0fec26',7098,3253,1653998673,1653998673);
INSERT INTO player_score VALUES('50a71b343',69,'237de2569','388eee746',143820,2273,1653528206,1653528206);
INSERT INTO player_score VALUES('5e0961aa1',69,'237de2569','427d59d4d',7623,2827,1653887477,1653887477);
INSERT INTO player_score VALUES('5a7b085a5',69,'237de2569','467f41ab8',2442,2762,1653792020,1653792020);
INSERT INTO player_score VALUES('626c5a1f5',69,'237de2569','48b7a57a0',156492,3389,1654005229,1654005229);
INSERT INTO player_score VALUES('4d73b0ae3',69,'237de2569','4bedcf1ca',475190,2206,1653442284,1653442284);
INSERT INTO player_score VALUES('63557f2c5',69,'2403dda65','27d0fec26',561744,3331,1654029676,1654029676);
INSERT INTO player_score VALUES('5521d5335',69,'2403dda65','388eee746',10530,2749,1653648449,1653648449);
INSERT INTO player_score VALUES('5e9ea1a76',69,'2403dda65','427d59d4d',232848,2888,1653903127,1653903127);
INSERT INTO player_score VALUES('5c6d479c4',69,'2403dda65','467f41ab8',93375,3026,1653844265,1653844265);
INSERT INTO player_score VALUES('4d5f56b79',69,'2403dda65','4bedcf1ca',32775,2081,1653440150,1653440150);
INSERT INTO player_score VALUES('61a8f424c',69,'243463898','27d0fec26',46800,3229,1653984740,1653984740);
INSERT INTO player_score VALUES('545b1b30a',69,'243463898','388eee746',51976,2663,1653627611,1653627611);
INSERT INTO player_score VALUES('5cce49987',69,'243463898','427d59d4d',115292,2687,1653854437,1653854437);
INSERT INTO player_score VALUES('5bbfbae52',69,'243463898','467f41ab8',20328,2938,1653826067,1653826067);
INSERT INTO player_score VALUES('61d73ebb7',69,'243463898','48b7a57a0',118286,3298,1653989594,1653989594);
INSERT INTO player_score VALUES('4d741e8db',69,'243463898','4bedcf1ca',14508,2211,1653442329,1653442329);
INSERT INTO player_score VALUES('634663ff5',69,'24472aa8b','27d0fec26',17088,3329,1654028092,1654028092);
INSERT INTO player_score VALUES('5fa2f99f3',69,'24472aa8b','427d59d4d',1944,2997,1653930426,1653930426);
INSERT INTO player_score VALUES('5c1c8d1b4',69,'24472aa8b','467f41ab8',108528,2988,1653835800,1653835800);
INSERT INTO player_score VALUES('62ebb98cc',69,'24472aa8b','48b7a57a0',540,3462,1654018585,1654018585);
INSERT INTO player_score VALUES('610cc5405',69,'2489886ac','27d0fec26',77280,3193,1653968363,1653968363);
INSERT INTO player_score VALUES('54059e68e',69,'2489886ac','388eee746',920,2632,1653618647,1653618647);
INSERT INTO player_score VALUES('5eb2b4d58',69,'2489886ac','427d59d4d',321408,2892,1653905232,1653905232);
INSERT INTO player_score VALUES('5bf826413',69,'2489886ac','467f41ab8',28392,2969,1653831983,1653831983);
INSERT INTO player_score VALUES('6211ca8a6',69,'2489886ac','48b7a57a0',23310,3339,1653995733,1653995733);
INSERT INTO player_score VALUES('4d6efd105',69,'2489886ac','4bedcf1ca',50589,2177,1653441791,1653441791);
INSERT INTO player_score VALUES('524bb48b4',69,'24929ca23','388eee746',12090,2454,1653572309,1653572309);
INSERT INTO player_score VALUES('5e74ab7a2',69,'24929ca23','427d59d4d',36456,2872,1653898727,1653898727);
INSERT INTO player_score VALUES('59908145e',69,'24929ca23','467f41ab8',229548,2644,1653767428,1653767428);
INSERT INTO player_score VALUES('63b3542c7',69,'24929ca23','48b7a57a0',136656,3559,1654039515,1654039515);
INSERT INTO player_score VALUES('4d6fd17c8',69,'24929ca23','4bedcf1ca',129204,2181,1653441878,1653441878);
INSERT INTO player_score VALUES('53c630a0a',69,'25015a3a3','388eee746',42700,2598,1653611996,1653611996);
INSERT INTO player_score VALUES('5f2ba6be2',69,'25015a3a3','427d59d4d',7350,2942,1653917914,1653917914);
INSERT INTO player_score VALUES('5c2695778',69,'25015a3a3','467f41ab8',5040,2994,1653836852,1653836852);
INSERT INTO player_score VALUES('62db99214',69,'25015a3a3','48b7a57a0',106920,3450,1654016894,1654016894);
INSERT INTO player_score VALUES('4d73d7c09',69,'25015a3a3','4bedcf1ca',7685,2208,1653442300,1653442300);
INSERT INTO player_score VALUES('6144db2a4',69,'258da0e41','27d0fec26',18480,3207,1653974244,1653974244);
INSERT INTO player_score VALUES('53a68e79e',69,'258da0e41','388eee746',78390,2586,1653608679,1653608679);
INSERT INTO player_score VALUES('5eb84b7cf',69,'258da0e41','427d59d4d',166320,2893,1653905818,1653905818);
INSERT INTO player_score VALUES('5b9c9b331',69,'258da0e41','467f41ab8',296820,2925,1653822384,1653822384);
INSERT INTO player_score VALUES('63aac15b9',69,'258da0e41','48b7a57a0',8736,3552,1654038616,1654038616);
INSERT INTO player_score VALUES('4d5c50cae',69,'258da0e41','4bedcf1ca',93480,2063,1653439833,1653439833);
INSERT INTO player_score VALUES('598662f22',69,'25b7cf391','27d0fec26',0,2762,1653766367,1653766367);
INSERT INTO player_score VALUES('5532c7979',69,'25b7cf391','388eee746',31171,2755,1653650226,1653650226);
INSERT INTO player_score VALUES('5c698a958',69,'25b7cf391','427d59d4d',27846,2647,1653843873,1653843873);
INSERT INTO player_score VALUES('5c36ff1e8',69,'25b7cf391','467f41ab8',280280,3003,1653838573,1653838573);
INSERT INTO player_score VALUES('62582c199',69,'25b7cf391','48b7a57a0',194250,3379,1654003113,1654003113);
INSERT INTO player_score VALUES('4d3f5f224',69,'25b7cf391','4bedcf1ca',328944,1920,1653436798,1653436798);
INSERT INTO player_score VALUES('615b028b7',69,'25f26e8b7','27d0fec26',8775,3212,1653976567,1653976567);
INSERT INTO player_score VALUES('54d72b6c8',69,'25f26e8b7','388eee746',86940,2716,1653640620,1653640620);
INSERT INTO player_score VALUES('5f38e0f90',69,'25f26e8b7','427d59d4d',483552,2946,1653919301,1653919301);
INSERT INTO player_score VALUES('5b5e3c689',69,'25f26e8b7','467f41ab8',138000,2884,1653815844,1653815844);
INSERT INTO player_score VALUES('6310b2e2f',69,'25f26e8b7','48b7a57a0',0,3479,1654022462,1654022462);
INSERT INTO player_score VALUES('4d60bb2df',69,'25f26e8b7','4bedcf1ca',24000,2089,1653440296,1653440296);
INSERT INTO player_score VALUES('5852cc474',69,'2693670a6','27d0fec26',12474,2689,1653734114,1653734114);
INSERT INTO player_score VALUES('5422fdf2d',69,'2693670a6','388eee746',29946,2646,1653621727,1653621727);
INSERT INTO player_score VALUES('5c08d4452',69,'2693670a6','467f41ab8',90090,2976,1653833732,1653833732);
INSERT INTO player_score VALUES('62eaf63d8',69,'2693670a6','48b7a57a0',135240,3460,1654018505,1654018505);
INSERT INTO player_score VALUES('4d69ecafb',69,'2693670a6','4bedcf1ca',198352,2149,1653441260,1653441260);
INSERT INTO player_score VALUES('615720e32',69,'26a077c18','27d0fec26',191250,3211,1653976160,1653976160);
INSERT INTO player_score VALUES('544a99189',69,'26a077c18','388eee746',198090,2656,1653625880,1653625880);
INSERT INTO player_score VALUES('5e4654aff',69,'26a077c18','427d59d4d',159120,2852,1653893868,1653893868);
INSERT INTO player_score VALUES('5b30bee64',69,'26a077c18','467f41ab8',9464,2863,1653811074,1653811074);
INSERT INTO player_score VALUES('619215aa2',69,'26a077c18','48b7a57a0',30400,3270,1653982342,1653982342);
INSERT INTO player_score VALUES('4d662fa8b',69,'26a077c18','4bedcf1ca',3870,2132,1653440868,1653440868);
INSERT INTO player_score VALUES('631524964',69,'28e476c56','27d0fec26',240570,3315,1654022928,1654022928);
INSERT INTO player_score VALUES('54dd21526',69,'28e476c56','388eee746',69300,2719,1653641245,1653641245);
INSERT INTO player_score VALUES('5e8b3bd95',69,'28e476c56','427d59d4d',84525,2882,1653901093,1653901093);
INSERT INTO player_score VALUES('5b851b910',69,'28e476c56','467f41ab8',330480,2909,1653819920,1653819920);
INSERT INTO player_score VALUES('631684256',69,'28e476c56','48b7a57a0',211751,3484,1654023072,1654023072);
INSERT INTO player_score VALUES('633e4b3e2',69,'291c9673e','27d0fec26',33320,3328,1654027243,1654027243);
INSERT INTO player_score VALUES('5248b5f08',69,'291c9673e','388eee746',0,2449,1653571995,1653571995);
INSERT INTO player_score VALUES('5c85685b5',69,'291c9673e','467f41ab8',93465,3037,1653846795,1653846795);
INSERT INTO player_score VALUES('63ac0fd89',69,'291c9673e','48b7a57a0',672000,3554,1654038753,1654038753);
INSERT INTO player_score VALUES('4d629e921',69,'291c9673e','4bedcf1ca',51984,2107,1653440494,1653440494);
INSERT INTO player_score VALUES('5b9c79051',69,'296c35bc5','27d0fec26',364500,2881,1653822370,1653822370);
INSERT INTO player_score VALUES('51d7037d7',69,'296c35bc5','388eee746',55335,2410,1653560073,1653560073);
INSERT INTO player_score VALUES('5b139ed48',69,'296c35bc5','427d59d4d',50065,2510,1653808020,1653808020);
INSERT INTO player_score VALUES('5bc64822a',69,'296c35bc5','467f41ab8',282656,2947,1653826754,1653826754);
INSERT INTO player_score VALUES('63bdfb3c8',69,'296c35bc5','48b7a57a0',33712,3570,1654040632,1654040632);
INSERT INTO player_score VALUES('4d6a9eeb2',69,'296c35bc5','4bedcf1ca',139194,2153,1653441333,1653441333);
INSERT INTO player_score VALUES('62cb149b3',69,'29ae2f680','27d0fec26',38844,3294,1654015162,1654015162);
INSERT INTO player_score VALUES('54ab544b1',69,'29ae2f680','388eee746',132756,2699,1653636023,1653636023);
INSERT INTO player_score VALUES('5f242cad5',69,'29ae2f680','427d59d4d',36556,2936,1653917130,1653917130);
INSERT INTO player_score VALUES('5bb7a497e',69,'29ae2f680','467f41ab8',12600,2936,1653825219,1653825219);
INSERT INTO player_score VALUES('633cc49f7',69,'29ae2f680','48b7a57a0',120596,3505,1654027083,1654027083);
INSERT INTO player_score VALUES('4d70ecaef',69,'29ae2f680','4bedcf1ca',693500,2190,1653441994,1653441994);
INSERT INTO player_score VALUES('6110fec99',69,'2a201c71f','27d0fec26',838656,3195,1653968806,1653968806);
INSERT INTO player_score VALUES('554e4d7a7',69,'2a201c71f','388eee746',368676,2764,1653653112,1653653112);
INSERT INTO player_score VALUES('5f90830e3',69,'2a201c71f','427d59d4d',31556,2990,1653928490,1653928490);
INSERT INTO player_score VALUES('5c2071345',69,'2a201c71f','467f41ab8',262727,2991,1653836208,1653836208);
INSERT INTO player_score VALUES('5fc3ca7eb',69,'2a201c71f','48b7a57a0',1155,3042,1653933867,1653933867);
INSERT INTO player_score VALUES('4d66b37f9',69,'2a201c71f','4bedcf1ca',1508,2134,1653440922,1653440922);
INSERT INTO player_score VALUES('630c1058b',69,'2a8cafd54','27d0fec26',110722,3311,1654021976,1654021976);
INSERT INTO player_score VALUES('54dfa3695',69,'2a8cafd54','388eee746',393908,2722,1653641508,1653641508);
INSERT INTO player_score VALUES('5f7e27567',69,'2a8cafd54','427d59d4d',93600,2975,1653926565,1653926565);
INSERT INTO player_score VALUES('5bb4ca9ba',69,'2a8cafd54','467f41ab8',15168,2935,1653824920,1653824920);
INSERT INTO player_score VALUES('603031f6a',69,'2a8cafd54','48b7a57a0',1452,3093,1653945234,1653945234);
INSERT INTO player_score VALUES('4d2399c16',69,'2a8cafd54','4bedcf1ca',327026,1778,1653433886,1653433886);
INSERT INTO player_score VALUES('631468978',69,'2ab8ab9bb','27d0fec26',38000,3314,1654022851,1654022851);
INSERT INTO player_score VALUES('54fc09e7c',69,'2ab8ab9bb','388eee746',26505,2732,1653644486,1653644486);
INSERT INTO player_score VALUES('5f15fe4f6',69,'2ab8ab9bb','427d59d4d',105944,2931,1653915643,1653915643);
INSERT INTO player_score VALUES('595ee5130',69,'2ab8ab9bb','467f41ab8',46284,2604,1653762226,1653762226);
INSERT INTO player_score VALUES('62c0b1ee3',69,'2ab8ab9bb','48b7a57a0',110814,3435,1654014073,1654014073);
INSERT INTO player_score VALUES('4d777779b',69,'2ab8ab9bb','4bedcf1ca',89958,2225,1653442680,1653442680);
INSERT INTO player_score VALUES('5d284b986',69,'2c67c75ec','27d0fec26',1102,2973,1653863875,1653863875);
INSERT INTO player_score VALUES('536271f33',69,'2c67c75ec','388eee746',183300,2562,1653601537,1653601537);
INSERT INTO player_score VALUES('5f82af05f',69,'2c67c75ec','427d59d4d',575280,2978,1653927040,1653927040);
INSERT INTO player_score VALUES('5b7b3a49f',69,'2c67c75ec','467f41ab8',135828,2903,1653818884,1653818884);
INSERT INTO player_score VALUES('62872dce9',69,'2c67c75ec','48b7a57a0',249084,3411,1654008042,1654008042);
INSERT INTO player_score VALUES('4d75570b5',69,'2c67c75ec','4bedcf1ca',74730,2220,1653442457,1653442457);
INSERT INTO player_score VALUES('6399c2c6d',69,'2ca7b68e5','27d0fec26',7564,3351,1654036834,1654036834);
INSERT INTO player_score VALUES('54c8e2343',69,'2ca7b68e5','388eee746',28440,2709,1653639122,1653639122);
INSERT INTO player_score VALUES('5f057eaa2',69,'2ca7b68e5','427d59d4d',1280,2930,1653913913,1653913913);
INSERT INTO player_score VALUES('5c621568a',69,'2ca7b68e5','467f41ab8',118800,3018,1653843091,1653843091);
INSERT INTO player_score VALUES('5d02ac3aa',69,'2ca7b68e5','48b7a57a0',561792,2695,1653859930,1653859930);
INSERT INTO player_score VALUES('4d6fe0216',69,'2ca7b68e5','4bedcf1ca',24983,2184,1653441884,1653441884);
INSERT INTO player_score VALUES('626c52cc0',69,'2ca9ad817','27d0fec26',13216,3271,1654005226,1654005226);
INSERT INTO player_score VALUES('54829b7a5',69,'2ca9ad817','388eee746',548100,2684,1653631753,1653631753);
INSERT INTO player_score VALUES('5ec3a4c29',69,'2ca9ad817','427d59d4d',16800,2899,1653907008,1653907008);
INSERT INTO player_score VALUES('62d343564',69,'2ca9ad817','48b7a57a0',236376,3445,1654016020,1654016020);
INSERT INTO player_score VALUES('4d7256037',69,'2ca9ad817','4bedcf1ca',387600,2196,1653442142,1653442142);
INSERT INTO player_score VALUES('5d91812e3',69,'2cce1939e','27d0fec26',182476,2999,1653874907,1653874907);
INSERT INTO player_score VALUES('552fc1a5f',69,'2cce1939e','388eee746',8040,2752,1653649909,1653649909);
INSERT INTO player_score VALUES('5e5325f0b',69,'2cce1939e','427d59d4d',38250,2856,1653895212,1653895212);
INSERT INTO player_score VALUES('5b7bf642e',69,'2cce1939e','467f41ab8',671580,2904,1653818961,1653818961);
INSERT INTO player_score VALUES('631fbcf8a',69,'2cce1939e','48b7a57a0',16430,3492,1654024039,1654024039);
INSERT INTO player_score VALUES('4d7293077',69,'2cce1939e','4bedcf1ca',39270,2197,1653442167,1653442167);
INSERT INTO player_score VALUES('637e37fa9',69,'2cd7f812a','27d0fec26',265914,3340,1654033946,1654033946);
INSERT INTO player_score VALUES('557d9adb2',69,'2cd7f812a','388eee746',13312,2778,1653658072,1653658072);
INSERT INTO player_score VALUES('5f90598af',69,'2cd7f812a','427d59d4d',134400,2989,1653928473,1653928473);
INSERT INTO player_score VALUES('5b8ad1f94',69,'2cd7f812a','467f41ab8',651452,2912,1653820519,1653820519);
INSERT INTO player_score VALUES('63906f156',69,'2cd7f812a','48b7a57a0',79596,3541,1654035856,1654035856);
INSERT INTO player_score VALUES('4d5bef275',69,'2cd7f812a','4bedcf1ca',5576,2060,1653439793,1653439793);
INSERT INTO player_score VALUES('539081f24',69,'2ce192918','388eee746',245760,2580,1653606367,1653606367);
INSERT INTO player_score VALUES('5db719342',69,'2ce192918','427d59d4d',139128,2793,1653878849,1653878849);
INSERT INTO player_score VALUES('5c7977b76',69,'2ce192918','467f41ab8',341248,3032,1653845543,1653845543);
INSERT INTO player_score VALUES('4d4f47624',69,'2ce192918','4bedcf1ca',34992,1995,1653438466,1653438466);
INSERT INTO player_score VALUES('63c062780',69,'2ced6378d','27d0fec26',114975,3360,1654040884,1654040884);
INSERT INTO player_score VALUES('554241f9a',69,'2ced6378d','388eee746',5312,2760,1653651849,1653651849);
INSERT INTO player_score VALUES('5f87eb557',69,'2ced6378d','427d59d4d',69120,2982,1653927589,1653927589);
INSERT INTO player_score VALUES('5a3710717',69,'2ced6378d','467f41ab8',11610,2737,1653784893,1653784893);
INSERT INTO player_score VALUES('607b4e771',69,'2ced6378d','48b7a57a0',768,3138,1653953110,1653953110);
INSERT INTO player_score VALUES('4d6946aa3',69,'2ced6378d','4bedcf1ca',213400,2147,1653441192,1653441192);
INSERT INTO player_score VALUES('5f45d6d88',69,'2d64990f9','27d0fec26',434,3100,1653920660,1653920660);
INSERT INTO player_score VALUES('54cdb31d3',69,'2d64990f9','388eee746',54188,2711,1653639627,1653639627);
INSERT INTO player_score VALUES('5e9882461',69,'2d64990f9','427d59d4d',230065,2886,1653902485,1653902485);
INSERT INTO player_score VALUES('5bf8ceb5c',69,'2d64990f9','467f41ab8',150480,2970,1653832052,1653832052);
INSERT INTO player_score VALUES('62635e502',69,'2d64990f9','48b7a57a0',31920,3386,1654004287,1654004287);
INSERT INTO player_score VALUES('4d420d27a',69,'2d64990f9','4bedcf1ca',77616,1926,1653437079,1653437079);
INSERT INTO player_score VALUES('60c922cad',69,'2d848e371','27d0fec26',39900,3177,1653961271,1653961271);
INSERT INTO player_score VALUES('545b869a4',69,'2d848e371','388eee746',60075,2666,1653627655,1653627655);
INSERT INTO player_score VALUES('5df2461f9',69,'2d848e371','427d59d4d',106700,2821,1653885054,1653885054);
INSERT INTO player_score VALUES('5c5d5a75e',69,'2d848e371','467f41ab8',173400,3016,1653842595,1653842595);
INSERT INTO player_score VALUES('6235337b6',69,'2d848e371','48b7a57a0',130640,3359,1653999446,1653999446);
INSERT INTO player_score VALUES('4d560cca3',69,'2d848e371','4bedcf1ca',38019,2028,1653439176,1653439176);
INSERT INTO player_score VALUES('637f6e0a8',69,'2dae7f826','27d0fec26',125579,3341,1654034073,1654034073);
INSERT INTO player_score VALUES('538256035',69,'2dae7f826','388eee746',63425,2575,1653604881,1653604881);
INSERT INTO player_score VALUES('5ec225791',69,'2dae7f826','427d59d4d',40356,2898,1653906851,1653906851);
INSERT INTO player_score VALUES('5b1361cd0',69,'2dae7f826','467f41ab8',20900,2837,1653807995,1653807995);
INSERT INTO player_score VALUES('610dcce7e',69,'2dae7f826','48b7a57a0',211365,3206,1653968471,1653968471);
INSERT INTO player_score VALUES('4d72a1b06',69,'2dae7f826','4bedcf1ca',102305,2198,1653442173,1653442173);
INSERT INTO player_score VALUES('631f69fa9',69,'2de67821b','27d0fec26',299390,3321,1654024005,1654024005);
INSERT INTO player_score VALUES('54281cfe2',69,'2de67821b','388eee746',37741,2648,1653622264,1653622264);
INSERT INTO player_score VALUES('5cfdf62fc',69,'2de67821b','427d59d4d',179010,2702,1653859436,1653859436);
INSERT INTO player_score VALUES('5b60d959e',69,'2de67821b','467f41ab8',401940,2887,1653816118,1653816118);
INSERT INTO player_score VALUES('626251c73',69,'2de67821b','48b7a57a0',290766,3385,1654004177,1654004177);
INSERT INTO player_score VALUES('4d66b10f3',69,'2de67821b','4bedcf1ca',712500,2133,1653440921,1653440921);
INSERT INTO player_score VALUES('63ae09359',69,'2deb3582f','27d0fec26',241056,3355,1654038960,1654038960);
INSERT INTO player_score VALUES('5499ecb8b',69,'2deb3582f','388eee746',198,2691,1653634198,1653634198);
INSERT INTO player_score VALUES('6338e7d9f',69,'2deb3582f','48b7a57a0',174794,3504,1654026678,1654026678);
INSERT INTO player_score VALUES('4d76416bb',69,'2deb3582f','4bedcf1ca',102973,2221,1653442553,1653442553);
INSERT INTO player_score VALUES('61c374d0f',69,'2e65bcb4f','27d0fec26',60536,3232,1653987519,1653987519);
INSERT INTO player_score VALUES('551e3cc9e',69,'2e65bcb4f','388eee746',177762,2748,1653648072,1653648072);
INSERT INTO player_score VALUES('5f9f8d25e',69,'2e65bcb4f','427d59d4d',194472,2995,1653930067,1653930067);
INSERT INTO player_score VALUES('5be0512f3',69,'2e65bcb4f','467f41ab8',15834,2958,1653829484,1653829484);
INSERT INTO player_score VALUES('636b8e25a',69,'2e65bcb4f','48b7a57a0',169974,3524,1654031989,1654031989);
INSERT INTO player_score VALUES('4d4a93c6e',69,'2e65bcb4f','4bedcf1ca',226258,1972,1653437973,1653437973);
INSERT INTO player_score VALUES('61855a625',69,'2e6c5feb3','27d0fec26',84320,3219,1653981007,1653981007);
INSERT INTO player_score VALUES('50e37e2e9',69,'2e6c5feb3','388eee746',292,2300,1653534538,1653534538);
INSERT INTO player_score VALUES('5c3ccb801',69,'2e6c5feb3','467f41ab8',49896,3008,1653839181,1653839181);
INSERT INTO player_score VALUES('620f6a9c9',69,'2e6c5feb3','48b7a57a0',26208,3337,1653995484,1653995484);
INSERT INTO player_score VALUES('4d6745fc3',69,'2e6c5feb3','4bedcf1ca',21240,2135,1653440982,1653440982);
INSERT INTO player_score VALUES('63a9ecf70',69,'2e7617b2f','27d0fec26',24534,3354,1654038529,1654038529);
INSERT INTO player_score VALUES('5170dd937',69,'2e7617b2f','388eee746',46079,2359,1653549362,1653549362);
INSERT INTO player_score VALUES('5f8cc1224',69,'2e7617b2f','427d59d4d',401472,2984,1653928096,1653928096);
INSERT INTO player_score VALUES('5c720ebee',69,'2e7617b2f','467f41ab8',6860,3030,1653844766,1653844766);
INSERT INTO player_score VALUES('632014de5',69,'2e7617b2f','48b7a57a0',110684,3493,1654024075,1654024075);
INSERT INTO player_score VALUES('4d70f18f7',69,'2e7617b2f','4bedcf1ca',206388,2191,1653441996,1653441996);
INSERT INTO player_score VALUES('5f9f1313c',69,'2f313ddb4','27d0fec26',352800,3120,1653930017,1653930017);
INSERT INTO player_score VALUES('550723b39',69,'2f313ddb4','388eee746',21204,2739,1653645650,1653645650);
INSERT INTO player_score VALUES('5bd50de44',69,'2f313ddb4','427d59d4d',262400,2588,1653828303,1653828303);
INSERT INTO player_score VALUES('5c70a56cb',69,'2f313ddb4','467f41ab8',171072,3029,1653844618,1653844618);
INSERT INTO player_score VALUES('62e9dd798',69,'2f313ddb4','48b7a57a0',165816,3458,1654018390,1654018390);
INSERT INTO player_score VALUES('4d73d7c0a',69,'2f313ddb4','4bedcf1ca',312480,2207,1653442300,1653442300);
INSERT INTO player_score VALUES('6331b2253',69,'2f503edd5','27d0fec26',287920,3325,1654025922,1654025922);
INSERT INTO player_score VALUES('557e4f825',69,'2f503edd5','388eee746',314262,2779,1653658146,1653658146);
INSERT INTO player_score VALUES('5be9a9c36',69,'2f503edd5','467f41ab8',202664,2964,1653830464,1653830464);
INSERT INTO player_score VALUES('63c359c03',69,'2f503edd5','48b7a57a0',221936,3575,1654041195,1654041195);
INSERT INTO player_score VALUES('4d754384e',69,'2f503edd5','4bedcf1ca',225680,2219,1653442449,1653442449);
INSERT INTO player_score VALUES('627a4420a',69,'2f6d5a0e4','27d0fec26',246261,3274,1654006688,1654006688);
INSERT INTO player_score VALUES('5552f4e33',69,'2f6d5a0e4','388eee746',5040,2765,1653653600,1653653600);
INSERT INTO player_score VALUES('5bad09be8',69,'2f6d5a0e4','467f41ab8',121176,2932,1653824107,1653824107);
INSERT INTO player_score VALUES('6212d9862',69,'2f6d5a0e4','48b7a57a0',104544,3340,1653995844,1653995844);
INSERT INTO player_score VALUES('4d731bc43',69,'2f6d5a0e4','4bedcf1ca',173280,2201,1653442223,1653442223);
INSERT INTO player_score VALUES('639719a18',69,'2f6e2993f','27d0fec26',999,3350,1654036555,1654036555);
INSERT INTO player_score VALUES('549c78949',69,'2f6e2993f','388eee746',40016,2693,1653634465,1653634465);
INSERT INTO player_score VALUES('5f49b60c8',69,'2f6e2993f','427d59d4d',110600,2954,1653921066,1653921066);
INSERT INTO player_score VALUES('5c097a49e',69,'2f6e2993f','467f41ab8',27360,2977,1653833800,1653833800);
INSERT INTO player_score VALUES('5c7b22f9d',69,'2f6e2993f','48b7a57a0',209496,2627,1653845718,1653845718);
INSERT INTO player_score VALUES('4d5b29622',69,'2f6e2993f','4bedcf1ca',4794,2056,1653439712,1653439712);
INSERT INTO player_score VALUES('5b13866a4',69,'2fc72da50','27d0fec26',109824,2841,1653808010,1653808010);
INSERT INTO player_score VALUES('54a82c2d8',69,'2fc72da50','388eee746',17325,2698,1653635692,1653635692);
INSERT INTO player_score VALUES('5ed51d6db',69,'2fc72da50','427d59d4d',12375,2907,1653908840,1653908840);
INSERT INTO player_score VALUES('5bdb6a4a3',69,'2fc72da50','467f41ab8',30690,2955,1653828970,1653828970);
INSERT INTO player_score VALUES('62e5ab429',69,'2fc72da50','48b7a57a0',186960,3455,1654017950,1654017950);
INSERT INTO player_score VALUES('4d5cb2731',69,'2fc72da50','4bedcf1ca',19800,2066,1653439873,1653439873);
INSERT INTO player_score VALUES('63c0cb747',69,'2fdec341e','27d0fec26',372300,3361,1654040927,1654040927);
INSERT INTO player_score VALUES('54f9a51ce',69,'2fdec341e','388eee746',60329,2730,1653644235,1653644235);
INSERT INTO player_score VALUES('5f49aebca',69,'2fdec341e','427d59d4d',35280,2953,1653921063,1653921063);
INSERT INTO player_score VALUES('61e173085',69,'2fdec341e','48b7a57a0',144522,3308,1653990664,1653990664);
INSERT INTO player_score VALUES('4d4f2538c',69,'2fdec341e','4bedcf1ca',39150,1993,1653438452,1653438452);
INSERT INTO player_score VALUES('5f14753c5',69,'305630fbf','27d0fec26',38064,3086,1653915482,1653915482);
INSERT INTO player_score VALUES('5534160cd',69,'305630fbf','388eee746',36540,2756,1653650363,1653650363);
INSERT INTO player_score VALUES('5f391e036',69,'305630fbf','427d59d4d',13050,2947,1653919326,1653919326);
INSERT INTO player_score VALUES('5c5f05b3f',69,'305630fbf','467f41ab8',64736,3017,1653842770,1653842770);
INSERT INTO player_score VALUES('6312593db',69,'305630fbf','48b7a57a0',0,3483,1654022635,1654022635);
INSERT INTO player_score VALUES('4d6fb42df',69,'305630fbf','4bedcf1ca',220160,2180,1653441866,1653441866);
INSERT INTO player_score VALUES('5f4740286',69,'3079447b4','27d0fec26',2520,3101,1653920808,1653920808);
INSERT INTO player_score VALUES('547c4b494',69,'3079447b4','388eee746',262031,2677,1653631091,1653631091);
INSERT INTO player_score VALUES('5dff19d06',69,'3079447b4','427d59d4d',40180,2824,1653886399,1653886399);
INSERT INTO player_score VALUES('5bf02acde',69,'3079447b4','467f41ab8',10200,2966,1653831146,1653831146);
INSERT INTO player_score VALUES('638827f24',69,'3079447b4','48b7a57a0',12369,3536,1654034988,1654034988);
INSERT INTO player_score VALUES('4d52b64f4',69,'3079447b4','4bedcf1ca',32980,2013,1653438826,1653438826);
INSERT INTO player_score VALUES('636418f94',69,'310f62a68','27d0fec26',51376,3335,1654031207,1654031207);
INSERT INTO player_score VALUES('51a500c16',69,'310f62a68','388eee746',101024,2390,1653554829,1653554829);
INSERT INTO player_score VALUES('5f69200aa',69,'310f62a68','427d59d4d',154700,2968,1653924360,1653924360);
INSERT INTO player_score VALUES('6352ac88a',69,'310f62a68','48b7a57a0',10692,3517,1654029380,1654029380);
INSERT INTO player_score VALUES('4d5c051cc',69,'310f62a68','4bedcf1ca',96140,2061,1653439802,1653439802);
INSERT INTO player_score VALUES('5e0b4c649',69,'311863565','27d0fec26',232232,3026,1653887678,1653887678);
INSERT INTO player_score VALUES('5480a6fe4',69,'311863565','388eee746',85376,2683,1653631548,1653631548);
INSERT INTO player_score VALUES('5c389bbb7',69,'311863565','467f41ab8',214600,3004,1653838742,1653838742);
INSERT INTO player_score VALUES('4d5f74044',69,'311863565','4bedcf1ca',279744,2082,1653440162,1653440162);
INSERT INTO player_score VALUES('5f1848402',69,'312c2d41a','27d0fec26',330150,3088,1653915883,1653915883);
INSERT INTO player_score VALUES('54f6cb263',69,'312c2d41a','388eee746',57528,2728,1653643936,1653643936);
INSERT INTO player_score VALUES('5eee98d8a',69,'312c2d41a','427d59d4d',340200,2923,1653911512,1653911512);
INSERT INTO player_score VALUES('5bfaf1979',69,'312c2d41a','467f41ab8',113724,2972,1653832276,1653832276);
INSERT INTO player_score VALUES('6231a9b77',69,'312c2d41a','48b7a57a0',256608,3358,1653999075,1653999075);
INSERT INTO player_score VALUES('4d6f3efc6',69,'312c2d41a','4bedcf1ca',103776,2179,1653441818,1653441818);
INSERT INTO player_score VALUES('62d1e8a80',69,'3136ccfaa','27d0fec26',29232,3295,1654015878,1654015878);
INSERT INTO player_score VALUES('524bd6b8b',69,'3136ccfaa','388eee746',24600,2455,1653572323,1653572323);
INSERT INTO player_score VALUES('5f574f822',69,'3136ccfaa','427d59d4d',20720,2960,1653922492,1653922492);
INSERT INTO player_score VALUES('593a2177c',69,'3136ccfaa','467f41ab8',179256,2585,1653758371,1653758371);
INSERT INTO player_score VALUES('63614da46',69,'3136ccfaa','48b7a57a0',80920,3522,1654030914,1654030914);
INSERT INTO player_score VALUES('4d64a4235',69,'3136ccfaa','4bedcf1ca',227360,2119,1653440706,1653440706);
INSERT INTO player_score VALUES('61e81b247',69,'3334d844d','27d0fec26',24840,3238,1653991362,1653991362);
INSERT INTO player_score VALUES('537d76750',69,'3334d844d','388eee746',1428,2574,1653604370,1653604370);
INSERT INTO player_score VALUES('5a60c245e',69,'3334d844d','427d59d4d',350658,2442,1653789265,1653789265);
INSERT INTO player_score VALUES('5a62f3c7f',69,'3334d844d','467f41ab8',379620,2752,1653789495,1653789495);
INSERT INTO player_score VALUES('62bd67a23',69,'3334d844d','48b7a57a0',338688,3431,1654013728,1654013728);
INSERT INTO player_score VALUES('4d33030fe',69,'3334d844d','4bedcf1ca',237600,1856,1653435502,1653435502);
INSERT INTO player_score VALUES('6147dea29',69,'346d7a751','27d0fec26',19780,3209,1653974560,1653974560);
INSERT INTO player_score VALUES('549c7fe6a',69,'346d7a751','388eee746',9792,2694,1653634468,1653634468);
INSERT INTO player_score VALUES('58bf7cfac',69,'346d7a751','427d59d4d',49538,2311,1653745511,1653745511);
INSERT INTO player_score VALUES('5b15da204',69,'346d7a751','467f41ab8',379050,2839,1653808254,1653808254);
INSERT INTO player_score VALUES('5f94adf21',69,'346d7a751','48b7a57a0',426800,3015,1653928927,1653928927);
INSERT INTO player_score VALUES('4d6910f2f',69,'346d7a751','4bedcf1ca',1722,2146,1653441170,1653441170);
INSERT INTO player_score VALUES('611182a16',69,'34791cf68','27d0fec26',465460,3196,1653968860,1653968860);
INSERT INTO player_score VALUES('540702dd0',69,'34791cf68','388eee746',1856,2633,1653618793,1653618793);
INSERT INTO player_score VALUES('5f6431d35',69,'34791cf68','427d59d4d',143208,2965,1653923843,1653923843);
INSERT INTO player_score VALUES('5b48a02ed',69,'34791cf68','467f41ab8',288666,2874,1653813578,1653813578);
INSERT INTO player_score VALUES('6340c604d',69,'34791cf68','48b7a57a0',7056,3507,1654027503,1654027503);
INSERT INTO player_score VALUES('4d3ccbf64',69,'34791cf68','4bedcf1ca',105732,1906,1653436528,1653436528);
INSERT INTO player_score VALUES('612045eb3',69,'3591a2ec3','27d0fec26',369000,3201,1653970408,1653970408);
INSERT INTO player_score VALUES('553239f9d',69,'3591a2ec3','388eee746',26928,2754,1653650168,1653650168);
INSERT INTO player_score VALUES('5e64ecb60',69,'3591a2ec3','427d59d4d',0,2864,1653897076,1653897076);
INSERT INTO player_score VALUES('5b6d0be9b',69,'3591a2ec3','467f41ab8',431480,2893,1653817397,1653817397);
INSERT INTO player_score VALUES('636238076',69,'3591a2ec3','48b7a57a0',359832,3523,1654031010,1654031010);
INSERT INTO player_score VALUES('4d6e4d49d',69,'3591a2ec3','4bedcf1ca',0,2175,1653441719,1653441719);
INSERT INTO player_score VALUES('6000e707d',69,'359fb191e','27d0fec26',0,3133,1653940275,1653940275);
INSERT INTO player_score VALUES('54f80fd8f',69,'359fb191e','388eee746',274527,2729,1653644069,1653644069);
INSERT INTO player_score VALUES('5b9b6526a',69,'359fb191e','427d59d4d',2706,2562,1653822257,1653822257);
INSERT INTO player_score VALUES('5ad00b096',69,'359fb191e','467f41ab8',7560,2800,1653800934,1653800934);
INSERT INTO player_score VALUES('4d76ec4f8',69,'359fb191e','4bedcf1ca',3024,2223,1653442623,1653442623);
INSERT INTO player_score VALUES('58dc1ba19',69,'35c4d6d45','27d0fec26',26726,2723,1653748512,1653748512);
INSERT INTO player_score VALUES('526d83510',69,'35c4d6d45','388eee746',144320,2471,1653575854,1653575854);
INSERT INTO player_score VALUES('5e5766cc7',69,'35c4d6d45','427d59d4d',76950,2858,1653895658,1653895658);
INSERT INTO player_score VALUES('5a9cd990c',69,'35c4d6d45','467f41ab8',15120,2776,1653795566,1653795566);
INSERT INTO player_score VALUES('6287351ed',69,'35c4d6d45','48b7a57a0',18000,3412,1654008045,1654008045);
INSERT INTO player_score VALUES('5d5d6f1cf',69,'35dacaf79','27d0fec26',388570,2986,1653869447,1653869447);
INSERT INTO player_score VALUES('5f7cc555a',69,'35dacaf79','427d59d4d',41760,2973,1653926420,1653926420);
INSERT INTO player_score VALUES('5ae4d54ed',69,'35dacaf79','467f41ab8',29700,2812,1653803114,1653803114);
INSERT INTO player_score VALUES('63c47014c',69,'35dacaf79','48b7a57a0',303048,3576,1654041309,1654041309);
INSERT INTO player_score VALUES('4d1f8c25a',69,'35dacaf79','4bedcf1ca',13677,1751,1653433461,1653433461);
INSERT INTO player_score VALUES('630768f15',69,'360695e7c','27d0fec26',8265,3309,1654021488,1654021488);
INSERT INTO player_score VALUES('54f3a7eb9',69,'360695e7c','388eee746',64584,2727,1653643607,1653643607);
INSERT INTO player_score VALUES('5d1d1bd43',69,'360695e7c','427d59d4d',19404,2714,1653862702,1653862702);
INSERT INTO player_score VALUES('5c31b90a4',69,'360695e7c','467f41ab8',20592,3000,1653838020,1653838020);
INSERT INTO player_score VALUES('62291952c',69,'360695e7c','48b7a57a0',151200,3352,1653998177,1653998177);
INSERT INTO player_score VALUES('4d78dbee3',69,'360695e7c','4bedcf1ca',3400,2230,1653442826,1653442826);
INSERT INTO player_score VALUES('619fe7421',69,'36934f47b','27d0fec26',506,3226,1653983791,1653983791);
INSERT INTO player_score VALUES('547ecd5d6',69,'36934f47b','388eee746',594,2680,1653631354,1653631354);
INSERT INTO player_score VALUES('5e64e2f46',69,'36934f47b','427d59d4d',95460,2863,1653897072,1653897072);
INSERT INTO player_score VALUES('5aecfcb36',69,'36934f47b','467f41ab8',25872,2818,1653803969,1653803969);
INSERT INTO player_score VALUES('63856b3fd',69,'36934f47b','48b7a57a0',47700,3533,1654034701,1654034701);
INSERT INTO player_score VALUES('6288330ad',69,'37f9011c3','27d0fec26',6174,3279,1654008149,1654008149);
INSERT INTO player_score VALUES('53c84c2d1',69,'37f9011c3','388eee746',486450,2601,1653612217,1653612217);
INSERT INTO player_score VALUES('5dc9e0557',69,'37f9011c3','427d59d4d',200640,2799,1653880818,1653880818);
INSERT INTO player_score VALUES('59fd087c6',69,'37f9011c3','467f41ab8',18020,2700,1653778808,1653778808);
INSERT INTO player_score VALUES('63c256f7b',69,'37f9011c3','48b7a57a0',33264,3574,1654041089,1654041089);
INSERT INTO player_score VALUES('4d6efaa1c',69,'37f9011c3','4bedcf1ca',4960,2176,1653441790,1653441790);
INSERT INTO player_score VALUES('5caba669c',69,'3810c9f8e','27d0fec26',116932,2949,1653850805,1653850805);
INSERT INTO player_score VALUES('5e8f72f32',69,'3810c9f8e','427d59d4d',74844,2884,1653901535,1653901535);
INSERT INTO player_score VALUES('59512221f',69,'3810c9f8e','467f41ab8',0,2597,1653760783,1653760783);
INSERT INTO player_score VALUES('63531cd7b',69,'3810c9f8e','48b7a57a0',2920,3518,1654029426,1654029426);
INSERT INTO player_score VALUES('4d6df0834',69,'3810c9f8e','4bedcf1ca',257712,2173,1653441681,1653441681);
INSERT INTO player_score VALUES('551b87708',69,'384e67e47','388eee746',126511,2747,1653647788,1653647788);
INSERT INTO player_score VALUES('58e63c67b',69,'384e67e47','467f41ab8',532512,2533,1653749574,1653749574);
INSERT INTO player_score VALUES('622f5d529',69,'384e67e47','48b7a57a0',98280,3357,1653998834,1653998834);
INSERT INTO player_score VALUES('4d6fe9e59',69,'384e67e47','4bedcf1ca',13000,2185,1653441888,1653441888);
INSERT INTO player_score VALUES('638ebc80b',69,'38805e703','27d0fec26',112761,3346,1654035678,1654035678);
INSERT INTO player_score VALUES('5586572df',69,'38805e703','388eee746',363780,2781,1653658988,1653658988);
INSERT INTO player_score VALUES('5e8147070',69,'38805e703','427d59d4d',5568,2876,1653900049,1653900049);
INSERT INTO player_score VALUES('5ba5159e4',69,'38805e703','467f41ab8',175182,2930,1653823273,1653823273);
INSERT INTO player_score VALUES('639544dd9',69,'38805e703','48b7a57a0',139400,3544,1654036363,1654036363);
INSERT INTO player_score VALUES('4d65f7827',69,'38805e703','4bedcf1ca',167790,2129,1653440845,1653440845);
INSERT INTO player_score VALUES('63869edfe',69,'397c3e6a8','27d0fec26',190080,3343,1654034827,1654034827);
INSERT INTO player_score VALUES('552b01d4b',69,'397c3e6a8','388eee746',15840,2751,1653649411,1653649411);
INSERT INTO player_score VALUES('5ec4e4949',69,'397c3e6a8','427d59d4d',107670,2901,1653907139,1653907139);
INSERT INTO player_score VALUES('5b34f11f3',69,'397c3e6a8','467f41ab8',0,2868,1653811514,1653811514);
INSERT INTO player_score VALUES('624eb8acf',69,'397c3e6a8','48b7a57a0',147108,3372,1654002122,1654002122);
INSERT INTO player_score VALUES('4d76b42d9',69,'397c3e6a8','4bedcf1ca',437052,2222,1653442600,1653442600);
INSERT INTO player_score VALUES('60eafb58e',69,'3a9fc5c49','27d0fec26',227772,3187,1653964820,1653964820);
INSERT INTO player_score VALUES('53e8044ab',69,'3a9fc5c49','388eee746',15799,2614,1653615543,1653615543);
INSERT INTO player_score VALUES('5e94723e3',69,'3a9fc5c49','427d59d4d',15080,2885,1653902059,1653902059);
INSERT INTO player_score VALUES('5bc15c617',69,'3a9fc5c49','467f41ab8',6762,2940,1653826238,1653826238);
INSERT INTO player_score VALUES('5caf7e4e0',69,'3aa502183','27d0fec26',43848,2950,1653851208,1653851208);
INSERT INTO player_score VALUES('53ceea851',69,'3aa502183','388eee746',6912,2604,1653612911,1653612911);
INSERT INTO player_score VALUES('5ee492ed5',69,'3aa502183','427d59d4d',168480,2914,1653910461,1653910461);
INSERT INTO player_score VALUES('5b91d466a',69,'3aa502183','467f41ab8',347328,2916,1653821254,1653821254);
INSERT INTO player_score VALUES('5f1d514ff',69,'3aa502183','48b7a57a0',385560,2960,1653916411,1653916411);
INSERT INTO player_score VALUES('4d6c601f5',69,'3aa502183','4bedcf1ca',134640,2166,1653441517,1653441517);
INSERT INTO player_score VALUES('61fe6c08a',69,'3b543c7ac','27d0fec26',66000,3242,1653993702,1653993702);
INSERT INTO player_score VALUES('54ded3e54',69,'3b543c7ac','388eee746',699732,2721,1653641423,1653641423);
INSERT INTO player_score VALUES('5d22cfc99',69,'3b543c7ac','427d59d4d',6624,2717,1653863300,1653863300);
INSERT INTO player_score VALUES('5b141194b',69,'3b543c7ac','467f41ab8',68040,2838,1653808067,1653808067);
INSERT INTO player_score VALUES('631a01b3b',69,'3b543c7ac','48b7a57a0',147200,3489,1654023438,1654023438);
INSERT INTO player_score VALUES('4d6210f7f',69,'3b543c7ac','4bedcf1ca',3024,2104,1653440436,1653440436);
INSERT INTO player_score VALUES('549f0e30d',69,'3b5c5c923','388eee746',43776,2695,1653634736,1653634736);
INSERT INTO player_score VALUES('5f487155a',69,'3b5c5c923','427d59d4d',81600,2952,1653920933,1653920933);
INSERT INTO player_score VALUES('5c4585603',69,'3b5c5c923','467f41ab8',364000,3011,1653840096,1653840096);
INSERT INTO player_score VALUES('62704cdcd',69,'3b5c5c923','48b7a57a0',12240,3392,1654005643,1654005643);
INSERT INTO player_score VALUES('4d6b1ddcb',69,'3b5c5c923','4bedcf1ca',315276,2155,1653441385,1653441385);
INSERT INTO player_score VALUES('62c9c13f3',69,'3b8d468c4','27d0fec26',179950,3293,1654015023,1654015023);
INSERT INTO player_score VALUES('525dd3339',69,'3b8d468c4','388eee746',144976,2462,1653574209,1653574209);
INSERT INTO player_score VALUES('5f2b40357',69,'3b8d468c4','427d59d4d',464046,2940,1653917872,1653917872);
INSERT INTO player_score VALUES('5c189a5ff',69,'3b8d468c4','467f41ab8',44488,2983,1653835386,1653835386);
INSERT INTO player_score VALUES('62d758413',69,'3b8d468c4','48b7a57a0',342630,3448,1654016448,1654016448);
INSERT INTO player_score VALUES('4d4a9d8aa',69,'3b8d468c4','4bedcf1ca',10730,1973,1653437977,1653437977);
INSERT INTO player_score VALUES('526f5a7f9',69,'3b9991846','27d0fec26',168432,2360,1653576047,1653576047);
INSERT INTO player_score VALUES('53fead102',69,'3b9991846','388eee746',225600,2626,1653617919,1653617919);
INSERT INTO player_score VALUES('5e32fd865',69,'3b9991846','427d59d4d',111264,2845,1653891840,1653891840);
INSERT INTO player_score VALUES('5ad41b142',69,'3b9991846','467f41ab8',81144,2803,1653801360,1653801360);
INSERT INTO player_score VALUES('6311b0c9e',69,'3b9991846','48b7a57a0',98384,3482,1654022566,1654022566);
INSERT INTO player_score VALUES('4d74cbe22',69,'3b9991846','4bedcf1ca',37324,2218,1653442400,1653442400);
INSERT INTO player_score VALUES('6180a1e64',69,'3c213f64a','27d0fec26',59280,3218,1653980512,1653980512);
INSERT INTO player_score VALUES('5fa2ba224',69,'3c213f64a','427d59d4d',252225,2996,1653930400,1653930400);
INSERT INTO player_score VALUES('5c182a0d3',69,'3c213f64a','467f41ab8',496584,2982,1653835340,1653835340);
INSERT INTO player_score VALUES('62ed0ce9c',69,'3c213f64a','48b7a57a0',403520,3464,1654018724,1654018724);
INSERT INTO player_score VALUES('4d6bab783',69,'3c213f64a','4bedcf1ca',29480,2159,1653441443,1653441443);
INSERT INTO player_score VALUES('637dc7ac6',69,'3c7203aae','27d0fec26',0,3339,1654033900,1654033900);
INSERT INTO player_score VALUES('53b439018',69,'3c7203aae','388eee746',61523,2591,1653610112,1653610112);
INSERT INTO player_score VALUES('5c7f52c06',69,'3c7203aae','467f41ab8',367926,3034,1653846157,1653846157);
INSERT INTO player_score VALUES('6306e51db',69,'3c7203aae','48b7a57a0',93126,3473,1654021434,1654021434);
INSERT INTO player_score VALUES('4d7063f48',69,'3c7203aae','4bedcf1ca',141680,2189,1653441938,1653441938);
INSERT INTO player_score VALUES('6274c1032',69,'3e4eb55e4','27d0fec26',310944,3273,1654006110,1654006110);
INSERT INTO player_score VALUES('551951056',69,'3e4eb55e4','388eee746',767949,2744,1653647556,1653647556);
INSERT INTO player_score VALUES('5b1ad6fab',69,'3e4eb55e4','467f41ab8',240000,2844,1653808777,1653808777);
INSERT INTO player_score VALUES('62747f17a',69,'3e4eb55e4','48b7a57a0',4680,3398,1654006083,1654006083);
INSERT INTO player_score VALUES('4d6fd65a9',69,'3e4eb55e4','4bedcf1ca',18360,2182,1653441880,1653441880);
INSERT INTO player_score VALUES('631eed776',69,'3e63b5533','27d0fec26',357210,3320,1654023954,1654023954);
INSERT INTO player_score VALUES('553ece34c',69,'3e63b5533','388eee746',2624,2759,1653651487,1653651487);
INSERT INTO player_score VALUES('5f64ae579',69,'3e63b5533','427d59d4d',107818,2966,1653923894,1653923894);
INSERT INTO player_score VALUES('5af8f4ac5',69,'3e63b5533','467f41ab8',29341,2822,1653805224,1653805224);
INSERT INTO player_score VALUES('63c14586b',69,'3e63b5533','48b7a57a0',65504,3573,1654040977,1654040977);
INSERT INTO player_score VALUES('4d5ce82b9',69,'3e63b5533','4bedcf1ca',214223,2067,1653439895,1653439895);
INSERT INTO player_score VALUES('6223b10d4',69,'3ebbc0639','27d0fec26',202464,3251,1653997610,1653997610);
INSERT INTO player_score VALUES('544b43fe6',69,'3ebbc0639','388eee746',69368,2657,1653625950,1653625950);
INSERT INTO player_score VALUES('5ee5e8bbc',69,'3ebbc0639','427d59d4d',56700,2916,1653910601,1653910601);
INSERT INTO player_score VALUES('5bc6f30af',69,'3ebbc0639','467f41ab8',157794,2948,1653826824,1653826824);
INSERT INTO player_score VALUES('6275d9c66',69,'3ebbc0639','48b7a57a0',317680,3399,1654006225,1654006225);
INSERT INTO player_score VALUES('4d611f472',69,'3ebbc0639','4bedcf1ca',508640,2093,1653440337,1653440337);
INSERT INTO player_score VALUES('63735655a',69,'3f1c76b40','27d0fec26',78375,3337,1654032805,1654032805);
INSERT INTO player_score VALUES('555e000ab',69,'3f1c76b40','388eee746',819,2768,1653654758,1653654758);
INSERT INTO player_score VALUES('5dba59b7c',69,'3f1c76b40','427d59d4d',30456,2794,1653879190,1653879190);
INSERT INTO player_score VALUES('5c5993aad',69,'3f1c76b40','467f41ab8',185976,3015,1653842199,1653842199);
INSERT INTO player_score VALUES('4d6587321',69,'3f1c76b40','4bedcf1ca',33264,2124,1653440799,1653440799);
INSERT INTO player_score VALUES('54e7bc268',69,'3f768276c','388eee746',46501,2725,1653642357,1653642357);
INSERT INTO player_score VALUES('5eeaeceaa',69,'3f768276c','427d59d4d',16380,2920,1653911127,1653911127);
INSERT INTO player_score VALUES('5c16a5df2',69,'3f768276c','467f41ab8',141984,2981,1653835181,1653835181);
INSERT INTO player_score VALUES('61b6270d2',69,'3f768276c','48b7a57a0',84303,3283,1653986124,1653986124);
INSERT INTO player_score VALUES('4d68f6191',69,'3f768276c','4bedcf1ca',34400,2145,1653441159,1653441159);
INSERT INTO player_score VALUES('60676c268',69,'40096ec3e','27d0fec26',0,3156,1653951025,1653951025);
INSERT INTO player_score VALUES('54db257d7',69,'40096ec3e','388eee746',182410,2718,1653641037,1653641037);
INSERT INTO player_score VALUES('5f7eb2818',69,'40096ec3e','427d59d4d',15288,2976,1653926622,1653926622);
INSERT INTO player_score VALUES('595f8d89d',69,'40096ec3e','467f41ab8',370512,2605,1653762295,1653762295);
INSERT INTO player_score VALUES('622923199',69,'40096ec3e','48b7a57a0',88920,3353,1653998181,1653998181);
INSERT INTO player_score VALUES('4d7393655',69,'40096ec3e','4bedcf1ca',84372,2202,1653442272,1653442272);
INSERT INTO player_score VALUES('606d731e1',69,'40242521b','27d0fec26',12690,3157,1653951657,1653951657);
INSERT INTO player_score VALUES('557327131',69,'40242521b','388eee746',292658,2776,1653656976,1653656976);
INSERT INTO player_score VALUES('5d91071d4',69,'40242521b','427d59d4d',3168,2773,1653874857,1653874857);
INSERT INTO player_score VALUES('6303874dc',69,'40242521b','48b7a57a0',241920,3470,1654021081,1654021081);
INSERT INTO player_score VALUES('4d6ae8241',69,'40242521b','4bedcf1ca',229500,2154,1653441363,1653441363);
INSERT INTO player_score VALUES('60623c041',69,'405ae5417','27d0fec26',5220,3153,1653950481,1653950481);
INSERT INTO player_score VALUES('557019d0a',69,'405ae5417','388eee746',143640,2775,1653656656,1653656656);
INSERT INTO player_score VALUES('5b3beea73',69,'405ae5417','467f41ab8',135102,2871,1653812247,1653812247);
INSERT INTO player_score VALUES('60cad2ebf',69,'405ae5417','48b7a57a0',752463,3175,1653961448,1653961448);
INSERT INTO player_score VALUES('4d1db015d',69,'405ae5417','4bedcf1ca',11284,1736,1653433266,1653433266);
INSERT INTO player_score VALUES('62641088f',69,'40df4dbe7','27d0fec26',75400,3269,1654004360,1654004360);
INSERT INTO player_score VALUES('54fdfbf54',69,'40df4dbe7','388eee746',17250,2733,1653644690,1653644690);
INSERT INTO player_score VALUES('5f4fd570c',69,'40df4dbe7','427d59d4d',65600,2956,1653921708,1653921708);
INSERT INTO player_score VALUES('5c26ba13f',69,'40df4dbe7','467f41ab8',80808,2995,1653836867,1653836867);
INSERT INTO player_score VALUES('6379a41f2',69,'40df4dbe7','48b7a57a0',31968,3527,1654033466,1654033466);
INSERT INTO player_score VALUES('4d705a326',69,'40df4dbe7','4bedcf1ca',464256,2188,1653441934,1653441934);
INSERT INTO player_score VALUES('5e67c1cfa',69,'40ecff9bd','27d0fec26',31161,3045,1653897373,1653897373);
INSERT INTO player_score VALUES('53d987cab',69,'40ecff9bd','388eee746',158400,2607,1653614024,1653614024);
INSERT INTO player_score VALUES('5bf346b44',69,'40ecff9bd','467f41ab8',20502,2967,1653831472,1653831472);
INSERT INTO player_score VALUES('63c07fc49',69,'40ecff9bd','48b7a57a0',48960,3572,1654040896,1654040896);
INSERT INTO player_score VALUES('4d5a576d1',69,'40ecff9bd','4bedcf1ca',99200,2052,1653439626,1653439626);
INSERT INTO player_score VALUES('5e07f0fff',69,'40ee7c773','27d0fec26',78676,3025,1653887326,1653887326);
INSERT INTO player_score VALUES('54ce4a793',69,'40ee7c773','388eee746',88064,2712,1653639689,1653639689);
INSERT INTO player_score VALUES('5c9982d8f',69,'40ee7c773','427d59d4d',166320,2668,1653848903,1653848903);
INSERT INTO player_score VALUES('5be629c55',69,'40ee7c773','467f41ab8',111300,2962,1653830097,1653830097);
INSERT INTO player_score VALUES('637b48080',69,'40ee7c773','48b7a57a0',88740,3529,1654033638,1654033638);
INSERT INTO player_score VALUES('63613539a',69,'4188a0e7f','27d0fec26',62160,3334,1654030904,1654030904);
INSERT INTO player_score VALUES('5569c72a0',69,'4188a0e7f','388eee746',576,2773,1653655993,1653655993);
INSERT INTO player_score VALUES('5f586f982',69,'4188a0e7f','427d59d4d',187331,2961,1653922610,1653922610);
INSERT INTO player_score VALUES('5c2313054',69,'4188a0e7f','467f41ab8',10440,2993,1653836484,1653836484);
INSERT INTO player_score VALUES('6335bad98',69,'4188a0e7f','48b7a57a0',199080,3503,1654026345,1654026345);
INSERT INTO player_score VALUES('4d76eec24',69,'4188a0e7f','4bedcf1ca',658,2224,1653442624,1653442624);
INSERT INTO player_score VALUES('60d74c44e',69,'419d6d9d4','27d0fec26',0,3181,1653962756,1653962756);
INSERT INTO player_score VALUES('54fb79dd6',69,'419d6d9d4','388eee746',7344,2731,1653644427,1653644427);
INSERT INTO player_score VALUES('5ebda2aaf',69,'419d6d9d4','427d59d4d',550858,2897,1653906378,1653906378);
INSERT INTO player_score VALUES('5a574c66d',69,'419d6d9d4','467f41ab8',118712,2749,1653788273,1653788273);
INSERT INTO player_score VALUES('63ac93a8f',69,'419d6d9d4','48b7a57a0',115072,3555,1654038807,1654038807);
INSERT INTO player_score VALUES('4d7459261',69,'419d6d9d4','4bedcf1ca',86526,2214,1653442353,1653442353);
INSERT INTO player_score VALUES('627e590d7',69,'427f7564c','27d0fec26',139680,3275,1654007116,1654007116);
INSERT INTO player_score VALUES('557d73ccc',69,'427f7564c','388eee746',51192,2777,1653658056,1653658056);
INSERT INTO player_score VALUES('5d62addf6',69,'427f7564c','427d59d4d',3120,2748,1653869997,1653869997);
INSERT INTO player_score VALUES('5ae37f80b',69,'427f7564c','467f41ab8',80724,2810,1653802974,1653802974);
INSERT INTO player_score VALUES('625a1e27e',69,'427f7564c','48b7a57a0',306,3381,1654003317,1654003317);
INSERT INTO player_score VALUES('4d6542d41',69,'427f7564c','4bedcf1ca',102375,2122,1653440771,1653440771);
INSERT INTO player_score VALUES('6239dd50d',69,'428131bb0','27d0fec26',185808,3258,1653999935,1653999935);
INSERT INTO player_score VALUES('4dc678158',69,'428131bb0','388eee746',98769,2008,1653450964,1653450964);
INSERT INTO player_score VALUES('5be756126',69,'428131bb0','467f41ab8',19152,2963,1653830220,1653830220);
INSERT INTO player_score VALUES('63b6b2037',69,'428131bb0','48b7a57a0',419520,3563,1654039868,1654039868);
INSERT INTO player_score VALUES('4d58878d5',69,'428131bb0','4bedcf1ca',355680,2042,1653439436,1653439436);
INSERT INTO player_score VALUES('58fbe74b8',69,'42bc12f88','27d0fec26',23712,2728,1653751846,1653751846);
INSERT INTO player_score VALUES('53c802f03',69,'42bc12f88','388eee746',103822,2600,1653612187,1653612187);
INSERT INTO player_score VALUES('5e49d4af9',69,'42bc12f88','427d59d4d',26250,2853,1653894235,1653894235);
INSERT INTO player_score VALUES('5b05818cf',69,'42bc12f88','467f41ab8',31920,2828,1653806540,1653806540);
INSERT INTO player_score VALUES('637c52241',69,'42bc12f88','48b7a57a0',83640,3530,1654033747,1654033747);
INSERT INTO player_score VALUES('4d6fdb3be',69,'42bc12f88','4bedcf1ca',784000,2183,1653441882,1653441882);
INSERT INTO player_score VALUES('5586aca32',69,'42e1afdea','388eee746',56430,2782,1653659023,1653659023);
INSERT INTO player_score VALUES('5cd46688e',69,'42e1afdea','427d59d4d',687258,2689,1653855078,1653855078);
INSERT INTO player_score VALUES('5be2bd4da',69,'42e1afdea','467f41ab8',29682,2960,1653829738,1653829738);
INSERT INTO player_score VALUES('63b4d85d4',69,'42e1afdea','48b7a57a0',203232,3561,1654039674,1654039674);
INSERT INTO player_score VALUES('4d7436f6d',69,'42e1afdea','4bedcf1ca',122304,2212,1653442339,1653442339);
INSERT INTO player_score VALUES('60a50a13e',69,'431d4839c','27d0fec26',120417,3166,1653957486,1653957486);
INSERT INTO player_score VALUES('5542d95b1',69,'431d4839c','388eee746',7392,2761,1653651911,1653651911);
INSERT INTO player_score VALUES('5e44280a9',69,'431d4839c','427d59d4d',23954,2851,1653893640,1653893640);
INSERT INTO player_score VALUES('63ae0ba50',69,'4367c12a2','27d0fec26',172200,3356,1654038961,1654038961);
INSERT INTO player_score VALUES('54b661df8',69,'4367c12a2','388eee746',372590,2702,1653637182,1653637182);
INSERT INTO player_score VALUES('5a6c6c1b0',69,'4367c12a2','427d59d4d',10332,2448,1653790488,1653790488);
INSERT INTO player_score VALUES('5c846ce4a',69,'4367c12a2','467f41ab8',33800,3035,1653846692,1653846692);
INSERT INTO player_score VALUES('5dbee8b7e',69,'4379f35cb','27d0fec26',12200,3009,1653879668,1653879668);
INSERT INTO player_score VALUES('54770ef1b',69,'4379f35cb','388eee746',91494,2674,1653630542,1653630542);
INSERT INTO player_score VALUES('5c99a50b4',69,'4379f35cb','427d59d4d',13608,2669,1653848917,1653848917);
INSERT INTO player_score VALUES('5b7d3d6ac',69,'4379f35cb','467f41ab8',162960,2906,1653819095,1653819095);
INSERT INTO player_score VALUES('624f527ce',69,'4379f35cb','48b7a57a0',13328,3373,1654002185,1654002185);
INSERT INTO player_score VALUES('4d5eb8083',69,'4379f35cb','4bedcf1ca',53460,2077,1653440085,1653440085);
INSERT INTO player_score VALUES('5472b5a97',69,'43e223b87','388eee746',248589,2672,1653630086,1653630086);
INSERT INTO player_score VALUES('5f43265f6',69,'43e223b87','427d59d4d',803712,2949,1653920378,1653920378);
INSERT INTO player_score VALUES('6341009a0',69,'43e223b87','48b7a57a0',268088,3508,1654027527,1654027527);
INSERT INTO player_score VALUES('4d643d986',69,'43e223b87','4bedcf1ca',0,2116,1653440664,1653440664);
INSERT INTO player_score VALUES('6269d59ad',69,'43fe6ced9','27d0fec26',556776,3270,1654004965,1654004965);
INSERT INTO player_score VALUES('5f54d4be0',69,'43fe6ced9','427d59d4d',2940,2958,1653922232,1653922232);
INSERT INTO player_score VALUES('5b4d90d4c',69,'43fe6ced9','467f41ab8',54432,2878,1653814096,1653814096);
INSERT INTO player_score VALUES('63247f3cc',69,'43fe6ced9','48b7a57a0',97188,3495,1654024538,1654024538);
INSERT INTO player_score VALUES('4d657fdf5',69,'43fe6ced9','4bedcf1ca',35532,2123,1653440796,1653440796);
INSERT INTO player_score VALUES('63926d53b',69,'442b446eb','27d0fec26',26400,3347,1654036065,1654036065);
INSERT INTO player_score VALUES('549416982',69,'442b446eb','388eee746',93060,2690,1653633586,1653633586);
INSERT INTO player_score VALUES('5f2eaa392',69,'442b446eb','427d59d4d',5824,2943,1653918230,1653918230);
INSERT INTO player_score VALUES('5a1962c6d',69,'442b446eb','467f41ab8',28512,2718,1653781781,1653781781);
INSERT INTO player_score VALUES('6167a5672',69,'442b446eb','48b7a57a0',30368,3246,1653977892,1653977892);
INSERT INTO player_score VALUES('4d78affba',69,'442b446eb','4bedcf1ca',27060,2228,1653442808,1653442808);
INSERT INTO player_score VALUES('62405224d',69,'444d8865f','27d0fec26',161280,3261,1654000612,1654000612);
INSERT INTO player_score VALUES('558af9b3b',69,'444d8865f','388eee746',59616,2783,1653659474,1653659474);
INSERT INTO player_score VALUES('5eedf547a',69,'444d8865f','427d59d4d',42300,2922,1653911445,1653911445);
INSERT INTO player_score VALUES('5b0cd9736',69,'444d8865f','467f41ab8',358360,2832,1653807310,1653807310);
INSERT INTO player_score VALUES('626decf84',69,'444d8865f','48b7a57a0',245514,3390,1654005394,1654005394);
INSERT INTO player_score VALUES('4d5e8c191',69,'444d8865f','4bedcf1ca',119133,2076,1653440067,1653440067);
INSERT INTO player_score VALUES('584b5e670',69,'4487c12c7','27d0fec26',11610,2683,1653733335,1653733335);
INSERT INTO player_score VALUES('530f837dd',69,'4487c12c7','388eee746',0,2536,1653592841,1653592841);
INSERT INTO player_score VALUES('5dd331945',69,'4487c12c7','427d59d4d',19456,2806,1653881795,1653881795);
INSERT INTO player_score VALUES('5c6446ef3',69,'4487c12c7','467f41ab8',378624,3020,1653843321,1653843321);
INSERT INTO player_score VALUES('630038201',69,'4487c12c7','48b7a57a0',99712,3469,1654020734,1654020734);
INSERT INTO player_score VALUES('4d65c6ad7',69,'4487c12c7','4bedcf1ca',19788,2126,1653440825,1653440825);
INSERT INTO player_score VALUES('62875ea1a',69,'4576eac56','27d0fec26',17160,3277,1654008062,1654008062);
INSERT INTO player_score VALUES('5171e5409',69,'4576eac56','388eee746',14250,2361,1653549470,1653549470);
INSERT INTO player_score VALUES('5f7055c04',69,'4576eac56','427d59d4d',144256,2970,1653925116,1653925116);
INSERT INTO player_score VALUES('5c644e3e7',69,'4576eac56','467f41ab8',183300,3021,1653843324,1653843324);
INSERT INTO player_score VALUES('62be917d6',69,'4576eac56','48b7a57a0',43680,3432,1654013850,1654013850);
INSERT INTO player_score VALUES('4d492ce43',69,'4576eac56','4bedcf1ca',27342,1967,1653437826,1653437826);
INSERT INTO player_score VALUES('6375a0457',69,'4618d016a','27d0fec26',5610,3338,1654033045,1654033045);
INSERT INTO player_score VALUES('5260617f8',69,'4618d016a','388eee746',38640,2463,1653574477,1653574477);
INSERT INTO player_score VALUES('5f3554c52',69,'4618d016a','427d59d4d',20832,2945,1653918929,1653918929);
INSERT INTO player_score VALUES('5c6d93493',69,'4618d016a','467f41ab8',38080,3027,1653844296,1653844296);
INSERT INTO player_score VALUES('637d37a30',69,'4618d016a','48b7a57a0',328050,3531,1654033841,1654033841);
INSERT INTO player_score VALUES('4d78bc307',69,'4618d016a','4bedcf1ca',38016,2229,1653442813,1653442813);
INSERT INTO player_score VALUES('5338b3ea1',69,'46c351fe3','388eee746',0,2550,1653597160,1653597160);
INSERT INTO player_score VALUES('5f320a785',69,'46c351fe3','427d59d4d',204930,2944,1653918584,1653918584);
INSERT INTO player_score VALUES('5b51c7ea8',69,'46c351fe3','467f41ab8',251100,2880,1653814538,1653814538);
INSERT INTO player_score VALUES('62d33722b',69,'46c351fe3','48b7a57a0',174468,3444,1654016015,1654016015);
INSERT INTO player_score VALUES('4d4dc819b',69,'46c351fe3','4bedcf1ca',106575,1986,1653438309,1653438309);
INSERT INTO player_score VALUES('630e7c789',69,'47383b2f4','27d0fec26',258796,3312,1654022230,1654022230);
INSERT INTO player_score VALUES('5530d318c',69,'47383b2f4','388eee746',121770,2753,1653650021,1653650021);
INSERT INTO player_score VALUES('5e02caa26',69,'47383b2f4','427d59d4d',6650,2825,1653886786,1653886786);
INSERT INTO player_score VALUES('5c4afec2e',69,'47383b2f4','467f41ab8',95700,3012,1653840670,1653840670);
INSERT INTO player_score VALUES('62af8c476',69,'47383b2f4','48b7a57a0',290,3423,1654012275,1654012275);
INSERT INTO player_score VALUES('4d6349788',69,'47383b2f4','4bedcf1ca',15600,2112,1653440564,1653440564);
INSERT INTO player_score VALUES('6327f5790',69,'4770c1693','27d0fec26',192602,3322,1654024901,1654024901);
INSERT INTO player_score VALUES('5b029dd33',69,'4770c1693','467f41ab8',7488,2826,1653806237,1653806237);
INSERT INTO player_score VALUES('63a07985b',69,'4770c1693','48b7a57a0',19608,3549,1654037538,1654037538);
INSERT INTO player_score VALUES('4d65df177',69,'4770c1693','4bedcf1ca',3627,2127,1653440835,1653440835);
INSERT INTO player_score VALUES('5e1b19c8c',69,'477725233','427d59d4d',72726,2838,1653889335,1653889335);
INSERT INTO player_score VALUES('59c9d2213',69,'477725233','467f41ab8',11616,2676,1653773438,1653773438);
INSERT INTO player_score VALUES('63bd6da2a',69,'477725233','48b7a57a0',96768,3569,1654040574,1654040574);
INSERT INTO player_score VALUES('4d7445996',69,'477725233','4bedcf1ca',6840,2213,1653442345,1653442345);
INSERT INTO player_score VALUES('5fa925343',69,'47a4e221d','27d0fec26',288904,3122,1653931073,1653931073);
INSERT INTO player_score VALUES('55609f6ce',69,'47a4e221d','388eee746',193536,2769,1653655033,1653655033);
INSERT INTO player_score VALUES('5eda10807',69,'47a4e221d','427d59d4d',319390,2910,1653909359,1653909359);
INSERT INTO player_score VALUES('5b48d5e15',69,'47a4e221d','467f41ab8',17388,2875,1653813600,1653813600);
INSERT INTO player_score VALUES('636f639c9',69,'47a4e221d','48b7a57a0',3888,3525,1654032391,1654032391);
INSERT INTO player_score VALUES('4d5c18a34',69,'47a4e221d','4bedcf1ca',77714,2062,1653439810,1653439810);
INSERT INTO player_score VALUES('62d6b4af7',69,'4838e9a01','27d0fec26',536844,3297,1654016381,1654016381);
INSERT INTO player_score VALUES('5327b7c52',69,'4838e9a01','388eee746',10528,2541,1653595379,1653595379);
INSERT INTO player_score VALUES('5f4764cba',69,'4838e9a01','427d59d4d',308568,2951,1653920823,1653920823);
INSERT INTO player_score VALUES('5b99ef9a2',69,'4838e9a01','467f41ab8',0,2919,1653822104,1653822104);
INSERT INTO player_score VALUES('62d3ee3d5',69,'4838e9a01','48b7a57a0',35700,3447,1654016090,1654016090);
INSERT INTO player_score VALUES('4d6194773',69,'4838e9a01','4bedcf1ca',419965,2099,1653440385,1653440385);
INSERT INTO player_score VALUES('60ad7d28e',69,'486299049','27d0fec26',7560,3169,1653958372,1653958372);
INSERT INTO player_score VALUES('5ec7c372b',69,'486299049','427d59d4d',1760,2902,1653907440,1653907440);
INSERT INTO player_score VALUES('5b9044068',69,'486299049','467f41ab8',547200,2915,1653821090,1653821090);
INSERT INTO player_score VALUES('630626b0d',69,'486299049','48b7a57a0',293664,3471,1654021356,1654021356);
INSERT INTO player_score VALUES('4d6f37a94',69,'486299049','4bedcf1ca',48230,2178,1653441815,1653441815);
INSERT INTO player_score VALUES('550b6be67',69,'48765e110','388eee746',6160,2742,1653646099,1653646099);
INSERT INTO player_score VALUES('5cb7ea0c6',69,'48765e110','427d59d4d',30240,2680,1653852091,1653852091);
INSERT INTO player_score VALUES('5c4233c7c',69,'48765e110','467f41ab8',87932,3010,1653839748,1653839748);
INSERT INTO player_score VALUES('62a6cb10d',69,'48765e110','48b7a57a0',431340,3421,1654011357,1654011357);
INSERT INTO player_score VALUES('4d6ddcfb6',69,'48765e110','4bedcf1ca',6750,2171,1653441673,1653441673);
INSERT INTO player_score VALUES('633cff34a',69,'491031f25','27d0fec26',38675,3327,1654027107,1654027107);
INSERT INTO player_score VALUES('52ddfad2a',69,'491031f25','388eee746',113620,2517,1653587647,1653587647);
INSERT INTO player_score VALUES('5f28fb24e',69,'491031f25','427d59d4d',169936,2938,1653917634,1653917634);
INSERT INTO player_score VALUES('5c1dcced2',69,'491031f25','467f41ab8',20304,2989,1653835931,1653835931);
INSERT INTO player_score VALUES('63196f355',69,'491031f25','48b7a57a0',241920,3487,1654023378,1654023378);
INSERT INTO player_score VALUES('4d6a0c6f2',69,'491031f25','4bedcf1ca',241920,2150,1653441273,1653441273);
INSERT INTO player_score VALUES('62fa869f5',69,'499ab007a','27d0fec26',160,3305,1654020137,1654020137);
INSERT INTO player_score VALUES('541a9e614',69,'499ab007a','388eee746',40500,2644,1653620849,1653620849);
INSERT INTO player_score VALUES('5f6ba705c',69,'499ab007a','427d59d4d',58344,2969,1653924625,1653924625);
INSERT INTO player_score VALUES('5c6cd4dee',69,'499ab007a','467f41ab8',4992,3024,1653844218,1653844218);
INSERT INTO player_score VALUES('638ecb2a6',69,'499ab007a','48b7a57a0',75600,3540,1654035684,1654035684);
INSERT INTO player_score VALUES('4d6c4f09e',69,'499ab007a','4bedcf1ca',167895,2165,1653441510,1653441510);
INSERT INTO player_score VALUES('62a03dd18',69,'49cb50c3f','27d0fec26',2898,3287,1654010670,1654010670);
INSERT INTO player_score VALUES('547856162',69,'49cb50c3f','388eee746',45927,2676,1653630676,1653630676);
INSERT INTO player_score VALUES('5d7b0e1df',69,'49cb50c3f','427d59d4d',125664,2763,1653872553,1653872553);
INSERT INTO player_score VALUES('5c354a1e5',69,'49cb50c3f','467f41ab8',75600,3001,1653838394,1653838394);
INSERT INTO player_score VALUES('610d0728a',69,'49cb50c3f','48b7a57a0',1584,3205,1653968390,1653968390);
INSERT INTO player_score VALUES('607407aff',69,'49d2a3c7c','27d0fec26',50666,3159,1653952347,1653952347);
INSERT INTO player_score VALUES('526c7454d',69,'49d2a3c7c','388eee746',230100,2470,1653575743,1653575743);
INSERT INTO player_score VALUES('5ccd53064',69,'49d2a3c7c','427d59d4d',36480,2686,1653854336,1653854336);
INSERT INTO player_score VALUES('6389e6b4e',69,'49d2a3c7c','48b7a57a0',313208,3538,1654035171,1654035171);
INSERT INTO player_score VALUES('4d6883586',69,'49d2a3c7c','4bedcf1ca',99960,2140,1653441112,1653441112);
INSERT INTO player_score VALUES('61a40d44a',69,'4ac97f8f4','27d0fec26',403200,3228,1653984226,1653984226);
INSERT INTO player_score VALUES('545b22813',69,'4ac97f8f4','388eee746',0,2664,1653627614,1653627614);
INSERT INTO player_score VALUES('5cd773ca0',69,'4ac97f8f4','427d59d4d',12096,2692,1653855398,1653855398);
INSERT INTO player_score VALUES('63bbac6a9',69,'4ac97f8f4','48b7a57a0',61050,3567,1654040390,1654040390);
INSERT INTO player_score VALUES('4d6e4116e',69,'4ac97f8f4','4bedcf1ca',134995,2174,1653441714,1653441714);
INSERT INTO player_score VALUES('623765015',69,'4adf03632','27d0fec26',264960,3257,1653999676,1653999676);
INSERT INTO player_score VALUES('55062d1d6',69,'4adf03632','388eee746',65610,2738,1653645549,1653645549);
INSERT INTO player_score VALUES('5b319f7fd',69,'4adf03632','427d59d4d',199200,2521,1653811166,1653811166);
INSERT INTO player_score VALUES('61d97a06e',69,'4adf03632','48b7a57a0',124100,3300,1653989828,1653989828);
INSERT INTO player_score VALUES('4d29b1cf6',69,'4adf03632','4bedcf1ca',200260,1809,1653434525,1653434525);
INSERT INTO player_score VALUES('54e1c6471',69,'4c0527b00','388eee746',82125,2723,1653641732,1653641732);
INSERT INTO player_score VALUES('5f593a36f',69,'4c0527b00','427d59d4d',80640,2962,1653922693,1653922693);
INSERT INTO player_score VALUES('5b9be687b',69,'4c0527b00','467f41ab8',23520,2923,1653822310,1653822310);
INSERT INTO player_score VALUES('62212ef85',69,'4c0527b00','48b7a57a0',240075,3345,1653997347,1653997347);
INSERT INTO player_score VALUES('4d68db421',69,'4c0527b00','4bedcf1ca',420080,2143,1653441148,1653441148);
INSERT INTO player_score VALUES('5a139b4ba',69,'4c3ba5dda','27d0fec26',40260,2787,1653781175,1653781175);
INSERT INTO player_score VALUES('54e602447',69,'4c3ba5dda','388eee746',20944,2724,1653642176,1653642176);
INSERT INTO player_score VALUES('5debf3783',69,'4c3ba5dda','427d59d4d',30940,2817,1653884391,1653884391);
INSERT INTO player_score VALUES('5b9b78ae0',69,'4c3ba5dda','467f41ab8',27232,2922,1653822265,1653822265);
INSERT INTO player_score VALUES('638c7c540',69,'4c3ba5dda','48b7a57a0',27594,3539,1654035442,1654035442);
INSERT INTO player_score VALUES('4d5edca7c',69,'4c3ba5dda','4bedcf1ca',49500,2080,1653440100,1653440100);
INSERT INTO player_score VALUES('63c4182e6',69,'4cebcd190','27d0fec26',28431,3362,1654041273,1654041273);
INSERT INTO player_score VALUES('5453d6d30',69,'4cebcd190','388eee746',39168,2662,1653626849,1653626849);
INSERT INTO player_score VALUES('5d0359953',69,'4cebcd190','427d59d4d',225330,2703,1653860001,1653860001);
INSERT INTO player_score VALUES('5c29e985a',69,'4cebcd190','467f41ab8',331296,2996,1653837201,1653837201);
INSERT INTO player_score VALUES('610f75bb6',69,'4cebcd190','48b7a57a0',48336,3207,1653968645,1653968645);
INSERT INTO player_score VALUES('4d7892ae6',69,'4cebcd190','4bedcf1ca',40800,2227,1653442796,1653442796);
INSERT INTO player_score VALUES('60791f61f',69,'4cf9eccd2','27d0fec26',79800,3160,1653952881,1653952881);
INSERT INTO player_score VALUES('5507e7070',69,'4cf9eccd2','388eee746',616275,2740,1653645730,1653645730);
INSERT INTO player_score VALUES('5f89ec099',69,'4cf9eccd2','427d59d4d',16762,2983,1653927799,1653927799);
INSERT INTO player_score VALUES('63afddf20',69,'4cf9eccd2','48b7a57a0',185136,3556,1654039152,1654039152);
INSERT INTO player_score VALUES('4d73a6eb6',69,'4cf9eccd2','4bedcf1ca',25168,2203,1653442280,1653442280);
INSERT INTO player_score VALUES('5e2263050',69,'4cfc40855','27d0fec26',58374,3032,1653890099,1653890099);
INSERT INTO player_score VALUES('5359a96c0',69,'4cfc40855','388eee746',0,2561,1653600616,1653600616);
INSERT INTO player_score VALUES('5cca9da90',69,'4cfc40855','427d59d4d',167184,2685,1653854052,1653854052);
INSERT INTO player_score VALUES('5b8eac4d5',69,'4cfc40855','467f41ab8',19656,2913,1653820923,1653820923);
INSERT INTO player_score VALUES('62eaaf6c4',69,'4cfc40855','48b7a57a0',11500,3459,1654018476,1654018476);
INSERT INTO player_score VALUES('4d6d4cf01',69,'4cfc40855','4bedcf1ca',76032,2170,1653441614,1653441614);
INSERT INTO player_score VALUES('6226b6f85',69,'4da9b9ae8','27d0fec26',171564,3252,1653997927,1653997927);
INSERT INTO player_score VALUES('547f190bd',69,'4da9b9ae8','388eee746',83638,2681,1653631385,1653631385);
INSERT INTO player_score VALUES('5f43b8d72',69,'4da9b9ae8','427d59d4d',107670,2950,1653920438,1653920438);
INSERT INTO player_score VALUES('59475bafa',69,'4da9b9ae8','467f41ab8',0,2590,1653759758,1653759758);
INSERT INTO player_score VALUES('611e7aee6',69,'4da9b9ae8','48b7a57a0',13156,3216,1653970220,1653970220);
INSERT INTO player_score VALUES('63a6548ac',69,'4e4168403','27d0fec26',368,3352,1654038152,1654038152);
INSERT INTO player_score VALUES('54c865b05',69,'4e4168403','388eee746',36848,2708,1653639071,1653639071);
INSERT INTO player_score VALUES('5c858339f',69,'4e4168403','467f41ab8',171600,3038,1653846806,1653846806);
INSERT INTO player_score VALUES('624d40b31',69,'4e4168403','48b7a57a0',621,3370,1654001968,1654001968);
INSERT INTO player_score VALUES('616b2567d',69,'4fa4c8d33','27d0fec26',122958,3215,1653978259,1653978259);
INSERT INTO player_score VALUES('53d4c0a48',69,'4fa4c8d33','388eee746',127008,2606,1653613523,1653613523);
INSERT INTO player_score VALUES('5da077bcb',69,'4fa4c8d33','427d59d4d',1400,2786,1653876476,1653876476);
INSERT INTO player_score VALUES('59f3495e7',69,'4fa4c8d33','467f41ab8',406560,2691,1653777786,1653777786);
INSERT INTO player_score VALUES('6335433b9',69,'4fa4c8d33','48b7a57a0',41216,3502,1654026296,1654026296);
INSERT INTO player_score VALUES('611934d43',69,'4fe331613','27d0fec26',2700,3199,1653969667,1653969667);
INSERT INTO player_score VALUES('53f0e2ca0',69,'4fe331613','388eee746',73800,2622,1653616473,1653616473);
INSERT INTO player_score VALUES('5df983276',69,'4fe331613','427d59d4d',5124,2822,1653885813,1653885813);
INSERT INTO player_score VALUES('5b657970c',69,'4fe331613','467f41ab8',21054,2888,1653816603,1653816603);
INSERT INTO player_score VALUES('62539aab5',69,'4fe331613','48b7a57a0',270300,3376,1654002634,1654002634);
INSERT INTO player_score VALUES('624edfbaf',69,'50a9d08e0','27d0fec26',0,3262,1654002138,1654002138);
INSERT INTO player_score VALUES('53c2a4692',69,'50a9d08e0','388eee746',289132,2597,1653611624,1653611624);
INSERT INTO player_score VALUES('5989d6bed',69,'50a9d08e0','467f41ab8',39600,2638,1653766729,1653766729);
INSERT INTO player_score VALUES('62ccbfdea',69,'50a9d08e0','48b7a57a0',265525,3440,1654015337,1654015337);
INSERT INTO player_score VALUES('60cf1fff1',69,'50d2d77d5','27d0fec26',152000,3179,1653961899,1653961899);
INSERT INTO player_score VALUES('53df31ff3',69,'50d2d77d5','388eee746',129648,2610,1653614618,1653614618);
INSERT INTO player_score VALUES('564c4421b',69,'50d2d77d5','467f41ab8',6016,2206,1653679742,1653679742);
INSERT INTO player_score VALUES('63b66da18',69,'50d2d77d5','48b7a57a0',40824,3562,1654039840,1654039840);
INSERT INTO player_score VALUES('5ec445e59',69,'51ce5f934','27d0fec26',48608,3070,1653907074,1653907074);
INSERT INTO player_score VALUES('5505a466d',69,'51ce5f934','388eee746',76038,2737,1653645493,1653645493);
INSERT INTO player_score VALUES('5ee49a43e',69,'51ce5f934','427d59d4d',44064,2915,1653910464,1653910464);
INSERT INTO player_score VALUES('5b50bdce2',69,'51ce5f934','467f41ab8',2500,2879,1653814429,1653814429);
INSERT INTO player_score VALUES('626c3cd6e',69,'51ce5f934','48b7a57a0',4512,3388,1654005217,1654005217);
INSERT INTO player_score VALUES('5525d426d',69,'52aeef5cb','388eee746',96320,2750,1653648868,1653648868);
INSERT INTO player_score VALUES('5f81719f6',69,'52aeef5cb','427d59d4d',105570,2977,1653926910,1653926910);
INSERT INTO player_score VALUES('5c2a7bfef',69,'52aeef5cb','467f41ab8',62952,2997,1653837261,1653837261);
INSERT INTO player_score VALUES('635f2ac51',69,'52bf0ae35','27d0fec26',0,3333,1654030690,1654030690);
INSERT INTO player_score VALUES('55028af65',69,'52bf0ae35','388eee746',46657,2735,1653645168,1653645168);
INSERT INTO player_score VALUES('5f9d607fc',69,'52bf0ae35','427d59d4d',273000,2994,1653929839,1653929839);
INSERT INTO player_score VALUES('5c18d4f2e',69,'52bf0ae35','467f41ab8',46592,2984,1653835410,1653835410);
INSERT INTO player_score VALUES('63497891f',69,'52bf0ae35','48b7a57a0',8910,3512,1654028415,1654028415);
INSERT INTO player_score VALUES('5f518ce4c',69,'52f119da1','27d0fec26',36288,3104,1653921888,1653921888);
INSERT INTO player_score VALUES('5543bc688',69,'52f119da1','388eee746',45474,2762,1653652004,1653652004);
INSERT INTO player_score VALUES('5f8fa752b',69,'52f119da1','427d59d4d',0,2987,1653928400,1653928400);
INSERT INTO player_score VALUES('5ad972409',69,'52f119da1','467f41ab8',220400,2804,1653801920,1653801920);
INSERT INTO player_score VALUES('63949c684',69,'52f119da1','48b7a57a0',5940,3542,1654036294,1654036294);
INSERT INTO player_score VALUES('62344b898',69,'5307dd7a7','27d0fec26',285065,3256,1653999351,1653999351);
INSERT INTO player_score VALUES('55541ebd2',69,'5307dd7a7','388eee746',365472,2766,1653653722,1653653722);
INSERT INTO player_score VALUES('5c042ce23',69,'5307dd7a7','467f41ab8',59202,2975,1653833244,1653833244);
INSERT INTO player_score VALUES('5c7961bfe',69,'537344992','27d0fec26',89216,2933,1653845534,1653845534);
INSERT INTO player_score VALUES('5545f05c6',69,'537344992','388eee746',228690,2763,1653652235,1653652235);
INSERT INTO player_score VALUES('5ef45906b',69,'537344992','427d59d4d',79968,2926,1653912115,1653912115);
INSERT INTO player_score VALUES('5bc42a258',69,'537344992','467f41ab8',145728,2945,1653826532,1653826532);
INSERT INTO player_score VALUES('635198a61',69,'537344992','48b7a57a0',71825,3515,1654029267,1654029267);
INSERT INTO player_score VALUES('617bac5ae',69,'539315213','27d0fec26',6318,3217,1653979992,1653979992);
INSERT INTO player_score VALUES('53dd2c694',69,'539315213','388eee746',161920,2609,1653614406,1653614406);
INSERT INTO player_score VALUES('5e5a963d3',69,'539315213','427d59d4d',103887,2859,1653895992,1653895992);
INSERT INTO player_score VALUES('5c027cbb7',69,'539315213','467f41ab8',55104,2974,1653833067,1653833067);
INSERT INTO player_score VALUES('6397a73a4',69,'539315213','48b7a57a0',47025,3546,1654036613,1654036613);
INSERT INTO player_score VALUES('62e379ba6',69,'53efc5251','27d0fec26',33060,3300,1654017720,1654017720);
INSERT INTO player_score VALUES('5ecc43c95',69,'53efc5251','427d59d4d',72030,2903,1653907912,1653907912);
INSERT INTO player_score VALUES('5b1828f4d',69,'53efc5251','467f41ab8',121716,2841,1653808496,1653808496);
INSERT INTO player_score VALUES('60b85297e',69,'53efc5251','48b7a57a0',0,3162,1653959508,1653959508);
INSERT INTO player_score VALUES('550877103',69,'540caf7fd','388eee746',148830,2741,1653645789,1653645789);
INSERT INTO player_score VALUES('5f282e139',69,'540caf7fd','427d59d4d',3888,2937,1653917550,1653917550);
INSERT INTO player_score VALUES('5c1adf6b0',69,'540caf7fd','467f41ab8',75978,2986,1653835624,1653835624);
INSERT INTO player_score VALUES('5dcf0b926',69,'540caf7fd','48b7a57a0',526162,2795,1653881360,1653881360);
INSERT INTO player_score VALUES('5ef244ca7',69,'549e941fb','27d0fec26',160802,3078,1653911897,1653911897);
INSERT INTO player_score VALUES('51d1ac4e2',69,'549e941fb','388eee746',12000,2409,1653559513,1653559513);
INSERT INTO player_score VALUES('5f9730090',69,'549e941fb','427d59d4d',64680,2993,1653929190,1653929190);
INSERT INTO player_score VALUES('5bc083195',69,'549e941fb','467f41ab8',57408,2939,1653826149,1653826149);
INSERT INTO player_score VALUES('62b665366',69,'549e941fb','48b7a57a0',130626,3429,1654012993,1654012993);
INSERT INTO player_score VALUES('62c2f6f80',69,'54babb2b8','27d0fec26',17480,3291,1654014311,1654014311);
INSERT INTO player_score VALUES('556c8b2b6',69,'54babb2b8','388eee746',104400,2774,1653656283,1653656283);
INSERT INTO player_score VALUES('5e0a1da57',69,'54babb2b8','427d59d4d',0,2829,1653887554,1653887554);
INSERT INTO player_score VALUES('5c867c3f8',69,'54babb2b8','467f41ab8',234630,3039,1653846908,1653846908);
INSERT INTO player_score VALUES('639db0a4b',69,'54babb2b8','48b7a57a0',79200,3548,1654037246,1654037246);
INSERT INTO player_score VALUES('639714bcf',69,'54e9257d5','27d0fec26',132736,3349,1654036553,1654036553);
INSERT INTO player_score VALUES('53fdeea3f',69,'54e9257d5','388eee746',106400,2625,1653617841,1653617841);
INSERT INTO player_score VALUES('5f8d9cdb4',69,'54e9257d5','427d59d4d',76650,2985,1653928186,1653928186);
INSERT INTO player_score VALUES('62c03cba6',69,'54e9257d5','48b7a57a0',3666,3433,1654014025,1654014025);
INSERT INTO player_score VALUES('60d805d4e',69,'554d14f94','27d0fec26',8550,3182,1653962832,1653962832);
INSERT INTO player_score VALUES('5f795b4eb',69,'554d14f94','427d59d4d',285120,2971,1653926062,1653926062);
INSERT INTO player_score VALUES('5b4901d67',69,'554d14f94','467f41ab8',115584,2876,1653813618,1653813618);
INSERT INTO player_score VALUES('63b0e3327',69,'554d14f94','48b7a57a0',9540,3557,1654039259,1654039259);
INSERT INTO player_score VALUES('630a7152d',69,'55bc23299','27d0fec26',277704,3310,1654021806,1654021806);
INSERT INTO player_score VALUES('5ef83f8fd',69,'55bc23299','427d59d4d',62370,2928,1653912524,1653912524);
INSERT INTO player_score VALUES('5c676f09e',69,'55bc23299','467f41ab8',92568,3022,1653843652,1653843652);
INSERT INTO player_score VALUES('6056922d2',69,'55bc23299','48b7a57a0',49950,3118,1653949258,1653949258);
INSERT INTO player_score VALUES('6263e227a',69,'55bf02082','27d0fec26',63162,3268,1654004341,1654004341);
INSERT INTO player_score VALUES('5e84ff2c9',69,'55bf02082','427d59d4d',68160,2877,1653900439,1653900439);
INSERT INTO player_score VALUES('59f4efbac',69,'55bf02082','467f41ab8',170752,2693,1653777959,1653777959);
INSERT INTO player_score VALUES('60f44c9b3',69,'55bf02082','48b7a57a0',140679,3195,1653965797,1653965797);
INSERT INTO player_score VALUES('630618074',69,'55cd2df0c','27d0fec26',1300,3308,1654021350,1654021350);
INSERT INTO player_score VALUES('5f9640c4d',69,'55cd2df0c','427d59d4d',5104,2992,1653929092,1653929092);
INSERT INTO player_score VALUES('5bf9eecc8',69,'55cd2df0c','467f41ab8',158400,2971,1653832170,1653832170);
INSERT INTO player_score VALUES('60dce55f7',69,'55cd2df0c','48b7a57a0',173376,3186,1653963343,1653963343);
INSERT INTO player_score VALUES('57e983277',69,'55d28c73c','27d0fec26',98784,2665,1653723074,1653723074);
INSERT INTO player_score VALUES('5d888f22e',69,'55d28c73c','427d59d4d',11520,2769,1653873969,1653873969);
INSERT INTO player_score VALUES('5bded1e22',69,'55d28c73c','467f41ab8',0,2956,1653829327,1653829327);
INSERT INTO player_score VALUES('62b3e7fef',69,'55d28c73c','48b7a57a0',82170,3425,1654012732,1654012732);
INSERT INTO player_score VALUES('5efd155a3',69,'55d6b75bb','427d59d4d',179712,2929,1653913031,1653913031);
INSERT INTO player_score VALUES('5aa318b0d',69,'55d6b75bb','467f41ab8',6834,2778,1653796221,1653796221);
INSERT INTO player_score VALUES('60976469e',69,'55d6b75bb','48b7a57a0',59094,3152,1653956055,1653956055);
INSERT INTO player_score VALUES('62fb36619',69,'55e6fc625','27d0fec26',98256,3306,1654020209,1654020209);
INSERT INTO player_score VALUES('5cb169045',69,'55e6fc625','427d59d4d',0,2677,1653851409,1653851409);
INSERT INTO player_score VALUES('5c4d61185',69,'55e6fc625','467f41ab8',49536,3013,1653840920,1653840920);
INSERT INTO player_score VALUES('623535ea9',69,'55e6fc625','48b7a57a0',7872,3360,1653999447,1653999447);
INSERT INTO player_score VALUES('60e201f91',69,'560655497','27d0fec26',280608,3184,1653963879,1653963879);
INSERT INTO player_score VALUES('5b2cd85a7',69,'560655497','467f41ab8',23750,2858,1653810665,1653810665);
INSERT INTO player_score VALUES('627afb402',69,'560655497','48b7a57a0',3552,3402,1654006763,1654006763);
INSERT INTO player_score VALUES('633acdaee',69,'56a7bba72','27d0fec26',57660,3326,1654026877,1654026877);
INSERT INTO player_score VALUES('5f60047e8',69,'56a7bba72','427d59d4d',2250,2963,1653923405,1653923405);
INSERT INTO player_score VALUES('5c2f82a11',69,'56a7bba72','467f41ab8',18333,2999,1653837788,1653837788);
INSERT INTO player_score VALUES('63170f4f9',69,'56a7bba72','48b7a57a0',38916,3485,1654023129,1654023129);
INSERT INTO player_score VALUES('62ad07bfb',69,'56c08c307','27d0fec26',93456,3288,1654012011,1654012011);
INSERT INTO player_score VALUES('5ef244ca8',69,'56c08c307','427d59d4d',83790,2924,1653911897,1653911897);
INSERT INTO player_score VALUES('5bc4d028f',69,'56c08c307','467f41ab8',198720,2946,1653826600,1653826600);
INSERT INTO player_score VALUES('62932f889',69,'56c08c307','48b7a57a0',270900,3415,1654009301,1654009301);
INSERT INTO player_score VALUES('5f92a10b7',69,'56c288004','427d59d4d',221676,2991,1653928712,1653928712);
INSERT INTO player_score VALUES('5c7717d2e',69,'56c288004','467f41ab8',388388,3031,1653845294,1653845294);
INSERT INTO player_score VALUES('60f73055b',69,'56c288004','48b7a57a0',151470,3197,1653966100,1653966100);
INSERT INTO player_score VALUES('62e584342',69,'57275f6e0','27d0fec26',58464,3301,1654017934,1654017934);
INSERT INTO player_score VALUES('5d9318e7c',69,'57275f6e0','427d59d4d',82875,2775,1653875074,1653875074);
INSERT INTO player_score VALUES('5b252febd',69,'57275f6e0','467f41ab8',9200,2854,1653809862,1653809862);
INSERT INTO player_score VALUES('6371a8a74',69,'57275f6e0','48b7a57a0',1752,3526,1654032629,1654032629);
INSERT INTO player_score VALUES('614195bf6',69,'578e3a048','27d0fec26',409248,3206,1653973901,1653973901);
INSERT INTO player_score VALUES('5f8773b45',69,'578e3a048','427d59d4d',5280,2981,1653927540,1653927540);
INSERT INTO player_score VALUES('59faa8912',69,'578e3a048','467f41ab8',227292,2696,1653778559,1653778559);
INSERT INTO player_score VALUES('620e37010',69,'578e3a048','48b7a57a0',26190,3335,1653995358,1653995358);
INSERT INTO player_score VALUES('5903e7a16',69,'599a7fde9','27d0fec26',80410,2732,1653752685,1653752685);
INSERT INTO player_score VALUES('5f7cfd806',69,'599a7fde9','427d59d4d',204516,2974,1653926443,1653926443);
INSERT INTO player_score VALUES('5b73377d1',69,'599a7fde9','467f41ab8',210000,2897,1653818044,1653818044);
INSERT INTO player_score VALUES('6192a5b31',69,'599a7fde9','48b7a57a0',69700,3271,1653982401,1653982401);
INSERT INTO player_score VALUES('63a8c31a5',69,'59b74f5dd','27d0fec26',345870,3353,1654038407,1654038407);
INSERT INTO player_score VALUES('5f61afbc9',69,'59b74f5dd','427d59d4d',116640,2964,1653923580,1653923580);
INSERT INTO player_score VALUES('5c4fc375a',69,'59b74f5dd','467f41ab8',396774,3014,1653841170,1653841170);
INSERT INTO player_score VALUES('63239e9ed',69,'59b74f5dd','48b7a57a0',270720,3494,1654024446,1654024446);
INSERT INTO player_score VALUES('5fc1263ca',69,'5b4a0e606','27d0fec26',153000,3127,1653933590,1653933590);
INSERT INTO player_score VALUES('5e42004b2',69,'5b4a0e606','427d59d4d',8658,2848,1653893414,1653893414);
INSERT INTO player_score VALUES('5abd9bce9',69,'5b4a0e606','467f41ab8',11600,2788,1653799001,1653799001);
INSERT INTO player_score VALUES('5e28ba927',69,'5b4a0e606','48b7a57a0',14040,2831,1653890764,1653890764);
INSERT INTO player_score VALUES('635c7a4cb',69,'5c0d326e4','27d0fec26',1032,3332,1654030408,1654030408);
INSERT INTO player_score VALUES('5f16981bf',69,'5c0d326e4','427d59d4d',33300,2932,1653915706,1653915706);
INSERT INTO player_score VALUES('5c1ac7035',69,'5c0d326e4','467f41ab8',2590,2985,1653835614,1653835614);
INSERT INTO player_score VALUES('62b6e6992',69,'5c0d326e4','48b7a57a0',101376,3430,1654013046,1654013046);
INSERT INTO player_score VALUES('632f63513',69,'5cb672117','27d0fec26',274896,3324,1654025680,1654025680);
INSERT INTO player_score VALUES('5f82b8c9c',69,'5cb672117','427d59d4d',140616,2979,1653927044,1653927044);
INSERT INTO player_score VALUES('5f29864b6',69,'5cb737d5e','427d59d4d',69948,2939,1653917691,1653917691);
INSERT INTO player_score VALUES('6387b531d',69,'5cb737d5e','48b7a57a0',410379,3535,1654034941,1654034941);
INSERT INTO player_score VALUES('6232e4a6c',69,'5d666124f','27d0fec26',163800,3255,1653999204,1653999204);
INSERT INTO player_score VALUES('5e887a491',69,'5d666124f','427d59d4d',19215,2880,1653900804,1653900804);
INSERT INTO player_score VALUES('63a870178',69,'5d666124f','48b7a57a0',68450,3551,1654038373,1654038373);
INSERT INTO player_score VALUES('611873f9d',69,'5dec35635','27d0fec26',82080,3198,1653969588,1653969588);
INSERT INTO player_score VALUES('5b9d41360',69,'5dec35635','427d59d4d',17952,2564,1653822452,1653822452);
INSERT INTO player_score VALUES('6317f2590',69,'5dec35635','48b7a57a0',62271,3486,1654023222,1654023222);
INSERT INTO player_score VALUES('60b7d8826',69,'5e426e23b','27d0fec26',128640,3171,1653959458,1653959458);
INSERT INTO player_score VALUES('5e7f0bb78',69,'5e426e23b','427d59d4d',4085,2875,1653899815,1653899815);
INSERT INTO player_score VALUES('6211c3346',69,'5e426e23b','48b7a57a0',62370,3338,1653995730,1653995730);
INSERT INTO player_score VALUES('63b0495fe',69,'5e5092c29','27d0fec26',3082,3357,1654039196,1654039196);
INSERT INTO player_score VALUES('5f229768c',69,'5e5092c29','427d59d4d',44198,2935,1653916964,1653916964);
INSERT INTO player_score VALUES('62ee085c1',69,'5e5092c29','48b7a57a0',0,3465,1654018827,1654018827);
INSERT INTO player_score VALUES('61de1a1f0',69,'5e6c70895','27d0fec26',99876,3236,1653990313,1653990313);
INSERT INTO player_score VALUES('5d9abc757',69,'5e6c70895','427d59d4d',215424,2781,1653875875,1653875875);
INSERT INTO player_score VALUES('6398b8ab2',69,'5e6c70895','48b7a57a0',17550,3547,1654036725,1654036725);
INSERT INTO player_score VALUES('5f059986a',69,'5eece8b7d','27d0fec26',147900,3082,1653913924,1653913924);
INSERT INTO player_score VALUES('5f4f6a01b',69,'5eece8b7d','427d59d4d',211653,2955,1653921664,1653921664);
INSERT INTO player_score VALUES('62a1da6a1',69,'5eece8b7d','48b7a57a0',780,3419,1654010839,1654010839);
INSERT INTO player_score VALUES('6318edcdc',69,'5f4c94ed0','27d0fec26',53136,3317,1654023325,1654023325);
INSERT INTO player_score VALUES('5f900b6f2',69,'5f4c94ed0','427d59d4d',118534,2988,1653928441,1653928441);
INSERT INTO player_score VALUES('61e334415',69,'5f4c94ed0','48b7a57a0',17325,3311,1653990848,1653990848);
INSERT INTO player_score VALUES('6395622ba',69,'5f9a7f36f','48b7a57a0',0,3545,1654036375,1654036375);
INSERT INTO player_score VALUES('5fff5df51',69,'5fbb4da65','27d0fec26',170100,3132,1653940114,1653940114);
INSERT INTO player_score VALUES('63524fbe7',69,'5fbb4da65','48b7a57a0',245952,3516,1654029342,1654029342);
INSERT INTO player_score VALUES('5f2126bfd',69,'5fc58465d','27d0fec26',173052,3091,1653916813,1653916813);
INSERT INTO player_score VALUES('63bac478d',69,'5fc58465d','48b7a57a0',91256,3565,1654040295,1654040295);
INSERT INTO player_score VALUES('639346a08',69,'5fdc7185e','27d0fec26',52528,3348,1654036154,1654036154);
INSERT INTO player_score VALUES('63a6a03d7',69,'5fdc7185e','48b7a57a0',229824,3550,1654038183,1654038183);
INSERT INTO player_score VALUES('638c7c53f',69,'601637923','27d0fec26',32640,3345,1654035442,1654035442);
INSERT INTO player_score VALUES('631a8cd90',69,'601637923','48b7a57a0',37840,3490,1654023495,1654023495);
INSERT INTO player_score VALUES('63725fc5b',69,'60e54c41a','27d0fec26',109760,3336,1654032704,1654032704);
INSERT INTO player_score VALUES('6394caca0',69,'60e54c41a','48b7a57a0',434511,3543,1654036313,1654036313);
INSERT INTO player_score VALUES('5fa1c6000',69,'61101bbb8','27d0fec26',2976,3121,1653930300,1653930300);
INSERT INTO player_score VALUES('6346a37c1',69,'61101bbb8','48b7a57a0',251370,3509,1654028118,1654028118);
INSERT INTO player_score VALUES('619992281',69,'615ebd223','27d0fec26',215760,3225,1653983127,1653983127);
INSERT INTO player_score VALUES('630cc773e',69,'615ebd223','48b7a57a0',26880,3478,1654022051,1654022051);
INSERT INTO player_score VALUES('58d72fded',69,'6178c1474','27d0fec26',43700,2721,1653747996,1653747996);
INSERT INTO player_score VALUES('607a0c32c',69,'6178c1474','48b7a57a0',104580,3137,1653952978,1653952978);
INSERT INTO player_score VALUES('5ed167b82',69,'61fe75ce4','27d0fec26',547800,3073,1653908451,1653908451);
INSERT INTO player_score VALUES('63bffbee5',69,'61fe75ce4','48b7a57a0',8806,3571,1654040842,1654040842);
INSERT INTO player_score VALUES('628e526b8',69,'626d4bd55','27d0fec26',406640,3282,1654008791,1654008791);
INSERT INTO player_score VALUES('62dcbe1a3',69,'626d4bd55','48b7a57a0',69003,3451,1654017014,1654017014);
INSERT INTO player_score VALUES('638a0dc93',69,'62da82d06','27d0fec26',38850,3344,1654035187,1654035187);
INSERT INTO player_score VALUES('63862c225',69,'62da82d06','48b7a57a0',48510,3534,1654034780,1654034780);
INSERT INTO player_score VALUES('628dc4d11',69,'62db0433e','27d0fec26',52140,3281,1654008733,1654008733);
INSERT INTO player_score VALUES('63bd6b344',69,'62db0433e','48b7a57a0',12354,3568,1654040573,1654040573);
INSERT INTO player_score VALUES('63b73ab7d',69,'631474cb8','27d0fec26',228888,3358,1654039924,1654039924);
INSERT INTO player_score VALUES('61f0eafe7',69,'631474cb8','48b7a57a0',97092,3320,1653992286,1653992286);
INSERT INTO player_score VALUES('616275458',69,'632361980','27d0fec26',156948,3213,1653977348,1653977348);
INSERT INTO player_score VALUES('63487d1ca',69,'632361980','48b7a57a0',37128,3511,1654028312,1654028312);
INSERT INTO player_score VALUES('63b319971',69,'6367e98d6','48b7a57a0',546,3558,1654039491,1654039491);
INSERT INTO player_score VALUES('61e0a3834',69,'63884a1d0','27d0fec26',24948,3237,1653990579,1653990579);
INSERT INTO player_score VALUES('62fe80af9',69,'63884a1d0','48b7a57a0',12960,3468,1654020554,1654020554);
COMMIT;
