
BEGIN;
CREATE TABLE IF NOT EXISTS competition (
  id VARCHAR(255) NOT NULL PRIMARY KEY,
  tenant_id BIGINT NOT NULL,
  title TEXT NOT NULL,
  finished_at BIGINT NULL,
  created_at BIGINT NOT NULL,
  updated_at BIGINT NOT NULL
);
INSERT INTO competition VALUES('1e150dbd8',72,'第5回 バナナもどき',NULL,1652170714,1652233451);
INSERT INTO competition VALUES('240feb98b',72,'自由が丘テクノロジーズ大会',NULL,1652331237,1653139182);
INSERT INTO competition VALUES('25eaa3e83',72,'顔が良いサービスドロップカップ',1653678507,1652381015,1653678507);
INSERT INTO competition VALUES('2dc03c897',72,'やわらかめマーケティング激アツ',NULL,1652591317,1652834660);
INSERT INTO competition VALUES('2fc698bb2',72,'マジックNATづくし',NULL,1652645671,1653736626);
INSERT INTO competition VALUES('326c979e9',72,'目白テクノロジーズ vol.3',NULL,1652716764,1653957487);
INSERT INTO competition VALUES('3900b951a',72,'絶対ペールエール物語大会',NULL,1652893358,1653379834);
INSERT INTO competition VALUES('396e657c4',72,'上野フォビア杯',1653672644,1652904858,1653672644);
INSERT INTO competition VALUES('3f581b3ff',72,'第6回 ピーマンMIX',1653641157,1653063582,1653641157);
INSERT INTO competition VALUES('47aab0f0e',72,'おじさん工房 vol.8',1653481247,1653286990,1653481247);
INSERT INTO competition VALUES('4a00d5ee3',72,'一生サッカーごはん大会',NULL,1653349710,1653514925);
INSERT INTO competition VALUES('4f4150f45',72,'たんぽぽビーチ #4',NULL,1653490689,1653621108);
INSERT INTO competition VALUES('55061e7d3',72,'広尾ヒーローズ杯',1653838119,1653645543,1653838119);
CREATE TABLE IF NOT EXISTS player (
  id VARCHAR(255) NOT NULL PRIMARY KEY,
  tenant_id BIGINT NOT NULL,
  display_name TEXT NOT NULL,
  is_disqualified BOOLEAN NOT NULL,
  created_at BIGINT NOT NULL,
  updated_at BIGINT NOT NULL
);
INSERT INTO player VALUES('1fea232e3',72,'Ms. Jody Jacobs',0,1652219901,1652921452);
INSERT INTO player VALUES('210b71aef',72,'Stan Johnston',0,1652250237,1652378371);
INSERT INTO player VALUES('2188f5074',72,'Ms. Makenzie Luettgen IV',0,1652263398,1652283467);
INSERT INTO player VALUES('21be22530',72,'Cleve Lubowitz DVM',0,1652268974,1652703525);
INSERT INTO player VALUES('22159876b',72,'Mr. Dave Howell',0,1652278145,1652383289);
INSERT INTO player VALUES('23a1a80d6',72,'Joy Shanahan',0,1652319675,1653686809);
INSERT INTO player VALUES('25d243ade',72,'Henderson Kuvalis Jr.',0,1652378459,1653644361);
INSERT INTO player VALUES('2736fc7b8',72,'Kole Gleason II',0,1652415864,1652705687);
INSERT INTO player VALUES('2753a0078',72,'Hulda Thiel',1,1652418867,1652515472);
INSERT INTO player VALUES('28e7ab134',72,'Andreane Swift',0,1652461234,1652557738);
INSERT INTO player VALUES('296a8a7e3',72,'Mr. Nathanael Willms',0,1652474957,1653690557);
INSERT INTO player VALUES('2b1e1a69c',72,'Mr. Johnpaul Roob II',0,1652520629,1653412860);
INSERT INTO player VALUES('2cb6505a3',72,'Buddy Harber',0,1652563433,1652581157);
INSERT INTO player VALUES('2ded70ceb',72,'Mr. Claude Rau PhD',0,1652596057,1653287929);
INSERT INTO player VALUES('2eb086314',72,'Elva Green',0,1652616513,1653018348);
INSERT INTO player VALUES('3045f5b2a',72,'Melvina Kertzmann',0,1652659026,1653184651);
INSERT INTO player VALUES('30ad800ca',72,'Amanda Rice',0,1652669883,1652708009);
INSERT INTO player VALUES('311b16418',72,'Crystal Abernathy PhD',1,1652681374,1653870475);
INSERT INTO player VALUES('31645b928',72,'Ms. Talia Okuneva V',0,1652689057,1652832641);
INSERT INTO player VALUES('31cb054fe',72,'Sadye Legros',0,1652699822,1654014721);
INSERT INTO player VALUES('32603920b',72,'Clovis Waters',0,1652715467,1653565154);
INSERT INTO player VALUES('329749c99',72,'Ms. Frieda Raynor II',0,1652721241,1653436529);
INSERT INTO player VALUES('3308d52d0',72,'Bruce Wisoky',0,1652733147,1653923817);
INSERT INTO player VALUES('333ab0dac',72,'Sandra White',0,1652738375,1653240551);
INSERT INTO player VALUES('34c2ba2bf',72,'Kiara Hudson',0,1652779483,1653196901);
INSERT INTO player VALUES('3605b066d',72,'Mr. Lavon Schulist',0,1652813348,1652979276);
INSERT INTO player VALUES('3685ce41e',72,'Aida Haag',0,1652826782,1653941382);
INSERT INTO player VALUES('36b056ef0',72,'Roma Wyman',0,1652831242,1653894078);
INSERT INTO player VALUES('36ce3a4de',72,'Royal Conroy',0,1652834376,1653890264);
INSERT INTO player VALUES('37467c6ab',72,'Ms. Sabrina Bailey',1,1652846986,1654014345);
INSERT INTO player VALUES('3a13336dc',72,'Ms. Audra Beier III',0,1652922139,1652943169);
INSERT INTO player VALUES('3d8ffe1d8',72,'Mason Corkery',0,1653015755,1653605127);
INSERT INTO player VALUES('3e1239f52',72,'Theo Lang',0,1653029411,1653445107);
INSERT INTO player VALUES('3ec048136',72,'Maida Dibbert',0,1653047662,1653916393);
INSERT INTO player VALUES('3f12efbcf',72,'Hellen Bashirian',0,1653056329,1653672530);
INSERT INTO player VALUES('406026757',72,'Luciano Ondricka II',0,1653091269,1653816857);
INSERT INTO player VALUES('44c67a4ef',72,'Ida Rath',0,1653209373,1653262543);
INSERT INTO player VALUES('45e0fc19b',72,'Sonny Wyman',0,1653238996,1653388360);
INSERT INTO player VALUES('45fc33da6',72,'Ms. Therese Casper',0,1653241850,1653891757);
INSERT INTO player VALUES('461c29057',72,'Mr. Mekhi Moen PhD',0,1653245201,1653401955);
INSERT INTO player VALUES('469d4734e',72,'Mr. Harley Rolfson PhD',0,1653258740,1653592137);
INSERT INTO player VALUES('474fac2ba',72,'Eveline Brekke',0,1653277446,1653993061);
INSERT INTO player VALUES('4768a151d',72,'Lula Hagenes',0,1653280063,1653441237);
INSERT INTO player VALUES('4981349b4',72,'Brooks Sauer Jr.',0,1653336327,1653715314);
INSERT INTO player VALUES('49db0d16f',72,'Ms. Billie Jenkins MD',0,1653345748,1653871226);
INSERT INTO player VALUES('4a7b31323',72,'Ms. Lenora O"Hara',0,1653362540,1653804299);
INSERT INTO player VALUES('4b08511b9',72,'Micheal Tremblay',0,1653377338,1653493257);
INSERT INTO player VALUES('4cc79e65b',72,'Wilfrid Marvin',0,1653424241,1653617427);
INSERT INTO player VALUES('4cf65945a',72,'Ms. Golda Lynch Sr.',0,1653429141,1654018048);
INSERT INTO player VALUES('4ddbdc273',72,'Elissa Cole',0,1653453207,1653637207);
INSERT INTO player VALUES('52e903897',72,'Miller Simonis Jr.',0,1653588804,1653631666);
INSERT INTO player VALUES('53882261a',72,'Bernardo Jerde',0,1653605489,1653652307);
INSERT INTO player VALUES('5465f30da',72,'Thomas Hermann',0,1653628748,1653810387);
INSERT INTO player VALUES('552e2c605',72,'Mr. Baron Mueller Jr.',0,1653649743,1654030781);
INSERT INTO player VALUES('569dfc8a0',72,'Angelica Will',1,1653688311,1653883462);
INSERT INTO player VALUES('5709c2e00',72,'Cade Harris Jr.',0,1653699612,1653850578);
INSERT INTO player VALUES('579175a57',72,'Margret Braun',0,1653713841,1653751000);
INSERT INTO player VALUES('58bee8102',72,'Dannie Bruen',0,1653745450,1654006592);
INSERT INTO player VALUES('5bf078ed8',72,'Jasper Gerhold',0,1653831178,1653903636);
INSERT INTO player VALUES('5cf729754',72,'Garett O"Hara',0,1653858723,1654018232);
INSERT INTO player VALUES('5ff662263',72,'Oswald Adams',0,1653939172,1654002100);
INSERT INTO player VALUES('600cf2852',72,'Maymie Wiza',0,1653941538,1653993216);
INSERT INTO player VALUES('6048811bd',72,'Else Gleichner',0,1653947783,1654009478);
INSERT INTO player VALUES('614491e6c',72,'Salvatore Collins',0,1653974214,1653981909);
INSERT INTO player VALUES('629314abf',72,'Mr. Elijah Dach',0,1654009290,1654019744);
CREATE TABLE IF NOT EXISTS IF NOT EXISTS player_score (
                              id VARCHAR(255) NOT NULL PRIMARY KEY,
                              tenant_id BIGINT NOT NULL,
                              player_id VARCHAR(255) NOT NULL,
                              competition_id VARCHAR(255) NOT NULL,
                              score BIGINT NOT NULL,
                              row_num BIGINT NOT NULL,
                              created_at BIGINT NOT NULL,
                              updated_at BIGINT NOT NULL
);
INSERT INTO player_score VALUES('61ddb876a',72,'1fea232e3','1e150dbd8',167076,1226,1653990273,1653990273);
INSERT INTO player_score VALUES('621e9bc5e',72,'1fea232e3','240feb98b',1683,1234,1653997077,1653997077);
INSERT INTO player_score VALUES('5592fa095',72,'1fea232e3','25eaa3e83',157780,1099,1653660313,1653660313);
INSERT INTO player_score VALUES('633353a06',72,'1fea232e3','2dc03c897',104832,1244,1654026093,1654026093);
INSERT INTO player_score VALUES('5b840c943',72,'1fea232e3','2fc698bb2',0,1005,1653819809,1653819809);
INSERT INTO player_score VALUES('62b2af81b',72,'1fea232e3','326c979e9',99061,1194,1654012604,1654012604);
INSERT INTO player_score VALUES('55b595e91',72,'1fea232e3','396e657c4',3146,1042,1653663942,1653663942);
INSERT INTO player_score VALUES('54dabc861',72,'1fea232e3','3f581b3ff',2600,905,1653640994,1653640994);
INSERT INTO player_score VALUES('4e8fb431c',72,'1fea232e3','47aab0f0e',12144,825,1653472065,1653472065);
INSERT INTO player_score VALUES('630ada49f',72,'1fea232e3','4a00d5ee3',26845,1235,1654021849,1654021849);
INSERT INTO player_score VALUES('639444875',72,'1fea232e3','4f4150f45',30530,1125,1654036258,1654036258);
INSERT INTO player_score VALUES('5bd389b14',72,'1fea232e3','55061e7d3',634230,1037,1653828144,1653828144);
INSERT INTO player_score VALUES('639b9c6b8',72,'210b71aef','1e150dbd8',184500,1254,1654037028,1654037028);
INSERT INTO player_score VALUES('6206f9fc3',72,'210b71aef','240feb98b',36736,1233,1653994599,1653994599);
INSERT INTO player_score VALUES('55e97998a',72,'210b71aef','25eaa3e83',58976,1107,1653669383,1653669383);
INSERT INTO player_score VALUES('6366a9b7d',72,'210b71aef','2dc03c897',5740,1249,1654031476,1654031476);
INSERT INTO player_score VALUES('5d93cffe5',72,'210b71aef','2fc698bb2',47616,1043,1653875149,1653875149);
INSERT INTO player_score VALUES('634e47092',72,'210b71aef','326c979e9',88000,1208,1654028919,1654028919);
INSERT INTO player_score VALUES('631dde796',72,'210b71aef','3900b951a',142500,1054,1654023843,1654023843);
INSERT INTO player_score VALUES('55a63b3d2',72,'210b71aef','396e657c4',6912,1036,1653662332,1653662332);
INSERT INTO player_score VALUES('4ed92f3eb',72,'210b71aef','47aab0f0e',534650,856,1653479770,1653479770);
INSERT INTO player_score VALUES('635c35ec9',72,'210b71aef','4a00d5ee3',87480,1254,1654030380,1654030380);
INSERT INTO player_score VALUES('6051891e3',72,'210b71aef','4f4150f45',3306,940,1653948730,1653948730);
INSERT INTO player_score VALUES('5bfe40bfc',72,'210b71aef','55061e7d3',43560,1067,1653832623,1653832623);
INSERT INTO player_score VALUES('625e2bc1a',72,'2188f5074','1e150dbd8',96720,1235,1654003742,1654003742);
INSERT INTO player_score VALUES('551a82364',72,'2188f5074','25eaa3e83',20790,1090,1653647681,1653647681);
INSERT INTO player_score VALUES('62d942fc6',72,'2188f5074','2dc03c897',45662,1237,1654016649,1654016649);
INSERT INTO player_score VALUES('56102a60f',72,'2188f5074','2fc698bb2',122430,880,1653673440,1653673440);
INSERT INTO player_score VALUES('629f5fa7d',72,'2188f5074','326c979e9',21112,1192,1654010579,1654010579);
INSERT INTO player_score VALUES('60ede6675',72,'2188f5074','3900b951a',105138,1005,1653965126,1653965126);
INSERT INTO player_score VALUES('54f80fd90',72,'2188f5074','396e657c4',62192,1017,1653644069,1653644069);
INSERT INTO player_score VALUES('547a51e8d',72,'2188f5074','3f581b3ff',32076,888,1653630884,1653630884);
INSERT INTO player_score VALUES('4e7b70395',72,'2188f5074','47aab0f0e',6750,815,1653469940,1653469940);
INSERT INTO player_score VALUES('62f3cd6b7',72,'2188f5074','4a00d5ee3',10584,1226,1654019432,1654019432);
INSERT INTO player_score VALUES('62a24ab9b',72,'2188f5074','4f4150f45',0,1066,1654010885,1654010885);
INSERT INTO player_score VALUES('5c2f6ca4c',72,'2188f5074','55061e7d3',9114,1095,1653837779,1653837779);
INSERT INTO player_score VALUES('59da0616c',72,'21be22530','1e150dbd8',44232,1096,1653775137,1653775137);
INSERT INTO player_score VALUES('604c149e4',72,'21be22530','240feb98b',45980,1200,1653948158,1653948158);
INSERT INTO player_score VALUES('54b7204f3',72,'21be22530','25eaa3e83',120555,1079,1653637260,1653637260);
INSERT INTO player_score VALUES('600299988',72,'21be22530','2dc03c897',63168,1175,1653940453,1653940453);
INSERT INTO player_score VALUES('6257924b9',72,'21be22530','2fc698bb2',672,1137,1654003050,1654003050);
INSERT INTO player_score VALUES('62961a9af',72,'21be22530','326c979e9',34020,1190,1654009607,1654009607);
INSERT INTO player_score VALUES('61014eae9',72,'21be22530','3900b951a',6240,1008,1653967161,1653967161);
INSERT INTO player_score VALUES('5549b9993',72,'21be22530','396e657c4',74048,1025,1653652632,1653652632);
INSERT INTO player_score VALUES('51dce3621',72,'21be22530','3f581b3ff',20358,778,1653560689,1653560689);
INSERT INTO player_score VALUES('4ecb230ad',72,'21be22530','47aab0f0e',0,850,1653478297,1653478297);
INSERT INTO player_score VALUES('5ec2f01b3',72,'21be22530','4a00d5ee3',156768,1016,1653906934,1653906934);
INSERT INTO player_score VALUES('634b6f7ea',72,'21be22530','4f4150f45',0,1106,1654028621,1654028621);
INSERT INTO player_score VALUES('5b8e06479',72,'21be22530','55061e7d3',75516,991,1653820855,1653820855);
INSERT INTO player_score VALUES('63aa3d876',72,'22159876b','1e150dbd8',44486,1256,1654038562,1654038562);
INSERT INTO player_score VALUES('5e18b9e3d',72,'22159876b','240feb98b',38976,1158,1653889086,1653889086);
INSERT INTO player_score VALUES('61b4aca50',72,'22159876b','2fc698bb2',8832,1124,1653985969,1653985969);
INSERT INTO player_score VALUES('5d90f6050',72,'22159876b','326c979e9',81432,1082,1653874850,1653874850);
INSERT INTO player_score VALUES('6283cb1da',72,'22159876b','3900b951a',456960,1043,1654007687,1654007687);
INSERT INTO player_score VALUES('54d9d2232',72,'22159876b','3f581b3ff',1488,904,1653640898,1653640898);
INSERT INTO player_score VALUES('4eae1b685',72,'22159876b','47aab0f0e',8316,833,1653475253,1653475253);
INSERT INTO player_score VALUES('5fdc591a7',72,'22159876b','4a00d5ee3',25200,1068,1653936442,1653936442);
INSERT INTO player_score VALUES('622c17ec9',72,'22159876b','4f4150f45',116229,1034,1653998491,1653998491);
INSERT INTO player_score VALUES('5befc6b6d',72,'22159876b','55061e7d3',111390,1057,1653831105,1653831105);
INSERT INTO player_score VALUES('61b05f906',72,'23a1a80d6','240feb98b',365976,1227,1653985518,1653985518);
INSERT INTO player_score VALUES('54f89b00c',72,'23a1a80d6','25eaa3e83',228636,1086,1653644126,1653644126);
INSERT INTO player_score VALUES('623c5816c',72,'23a1a80d6','2dc03c897',114945,1228,1654000195,1654000195);
INSERT INTO player_score VALUES('61bab60fa',72,'23a1a80d6','2fc698bb2',339528,1128,1653986602,1653986602);
INSERT INTO player_score VALUES('5fc58bb53',72,'23a1a80d6','326c979e9',223440,1129,1653934051,1653934051);
INSERT INTO player_score VALUES('5e1c4af67',72,'23a1a80d6','3900b951a',26477,933,1653889460,1653889460);
INSERT INTO player_score VALUES('55532826b',72,'23a1a80d6','396e657c4',98455,1027,1653653621,1653653621);
INSERT INTO player_score VALUES('54b58fe89',72,'23a1a80d6','3f581b3ff',442472,899,1653637096,1653637096);
INSERT INTO player_score VALUES('4e41f36d0',72,'23a1a80d6','47aab0f0e',33152,793,1653463912,1653463912);
INSERT INTO player_score VALUES('636241ca3',72,'23a1a80d6','4a00d5ee3',19264,1258,1654031014,1654031014);
INSERT INTO player_score VALUES('6243f1e21',72,'23a1a80d6','4f4150f45',393576,1040,1654000992,1654000992);
INSERT INTO player_score VALUES('5bc07e394',72,'23a1a80d6','55061e7d3',37720,1029,1653826147,1653826147);
INSERT INTO player_score VALUES('5c627e642',72,'25d243ade','1e150dbd8',33840,1149,1653843134,1653843134);
INSERT INTO player_score VALUES('62833ff3c',72,'25d243ade','240feb98b',64260,1241,1654007630,1654007630);
INSERT INTO player_score VALUES('54a5179ba',72,'25d243ade','25eaa3e83',23200,1076,1653635369,1653635369);
INSERT INTO player_score VALUES('63a8553d2',72,'25d243ade','2dc03c897',254856,1253,1654038362,1654038362);
INSERT INTO player_score VALUES('623d7a9a4',72,'25d243ade','2fc698bb2',361152,1135,1654000314,1654000314);
INSERT INTO player_score VALUES('62870ba07',72,'25d243ade','326c979e9',269100,1186,1654008028,1654008028);
INSERT INTO player_score VALUES('62571aada',72,'25d243ade','3900b951a',7650,1038,1654003001,1654003001);
INSERT INTO player_score VALUES('54a922c22',72,'25d243ade','3f581b3ff',61770,897,1653635793,1653635793);
INSERT INTO player_score VALUES('4e3cad54b',72,'25d243ade','47aab0f0e',4600,788,1653463359,1653463359);
INSERT INTO player_score VALUES('63701d26f',72,'25d243ade','4a00d5ee3',23400,1259,1654032467,1654032467);
INSERT INTO player_score VALUES('628d98df0',72,'2736fc7b8','1e150dbd8',44880,1236,1654008715,1654008715);
INSERT INTO player_score VALUES('51d0da57a',72,'2736fc7b8','25eaa3e83',18480,1011,1653559427,1653559427);
INSERT INTO player_score VALUES('63525bf9a',72,'2736fc7b8','2dc03c897',38720,1247,1654029347,1654029347);
INSERT INTO player_score VALUES('5d1efa536',72,'2736fc7b8','2fc698bb2',24624,1033,1653862898,1653862898);
INSERT INTO player_score VALUES('631a969d0',72,'2736fc7b8','326c979e9',11880,1204,1654023499,1654023499);
INSERT INTO player_score VALUES('638b99454',72,'2736fc7b8','3900b951a',35100,1068,1654035349,1654035349);
INSERT INTO player_score VALUES('55e429bd6',72,'2736fc7b8','396e657c4',138000,1049,1653668826,1653668826);
INSERT INTO player_score VALUES('541404f11',72,'2736fc7b8','3f581b3ff',634950,865,1653620157,1653620157);
INSERT INTO player_score VALUES('4ee4b2024',72,'2736fc7b8','47aab0f0e',570,861,1653480977,1653480977);
INSERT INTO player_score VALUES('63614da47',72,'2736fc7b8','4a00d5ee3',355212,1257,1654030914,1654030914);
INSERT INTO player_score VALUES('63799cc89',72,'2736fc7b8','4f4150f45',117024,1117,1654033463,1654033463);
INSERT INTO player_score VALUES('5c1476c9c',72,'2736fc7b8','55061e7d3',85064,1082,1653834952,1653834952);
INSERT INTO player_score VALUES('55fe72442',72,'2753a0078','25eaa3e83',57288,1110,1653671582,1653671582);
INSERT INTO player_score VALUES('616475f91',72,'2753a0078','2dc03c897',89010,1210,1653977558,1653977558);
INSERT INTO player_score VALUES('6377e2e45',72,'2753a0078','2fc698bb2',312480,1160,1654033282,1654033282);
INSERT INTO player_score VALUES('5f9279fcd',72,'2753a0078','3900b951a',254800,967,1653928696,1653928696);
INSERT INTO player_score VALUES('54f326857',72,'2753a0078','396e657c4',76608,1015,1653643554,1653643554);
INSERT INTO player_score VALUES('4eb9946a2',72,'2753a0078','47aab0f0e',99,840,1653476456,1653476456);
INSERT INTO player_score VALUES('621fe2eeb',72,'2753a0078','4a00d5ee3',27783,1187,1653997211,1653997211);
INSERT INTO player_score VALUES('639fa7918',72,'2753a0078','4f4150f45',46872,1130,1654037452,1654037452);
INSERT INTO player_score VALUES('5ad2353df',72,'2753a0078','55061e7d3',17649,880,1653801161,1653801161);
INSERT INTO player_score VALUES('62e2a0713',72,'28e7ab134','1e150dbd8',2604,1241,1654017631,1654017631);
INSERT INTO player_score VALUES('63485d5b9',72,'28e7ab134','240feb98b',43680,1258,1654028299,1654028299);
INSERT INTO player_score VALUES('52f47536b',72,'28e7ab134','25eaa3e83',144150,1033,1653590004,1653590004);
INSERT INTO player_score VALUES('60a3d8e46',72,'28e7ab134','2dc03c897',94400,1195,1653957361,1653957361);
INSERT INTO player_score VALUES('604d60a8c',72,'28e7ab134','2fc698bb2',55488,1103,1653948294,1653948294);
INSERT INTO player_score VALUES('5f276d352',72,'28e7ab134','326c979e9',266490,1117,1653917471,1653917471);
INSERT INTO player_score VALUES('5186ea1e5',72,'28e7ab134','396e657c4',75504,883,1653551674,1653551674);
INSERT INTO player_score VALUES('544a1f06c',72,'28e7ab134','3f581b3ff',250800,879,1653625830,1653625830);
INSERT INTO player_score VALUES('4ec36980d',72,'28e7ab134','47aab0f0e',108900,845,1653477487,1653477487);
INSERT INTO player_score VALUES('6092c9392',72,'28e7ab134','4a00d5ee3',429624,1100,1653955572,1653955572);
INSERT INTO player_score VALUES('6132510d0',72,'28e7ab134','4f4150f45',22968,994,1653972300,1653972300);
INSERT INTO player_score VALUES('5c1ac4919',72,'28e7ab134','55061e7d3',792000,1084,1653835613,1653835613);
INSERT INTO player_score VALUES('60a2a7b82',72,'296a8a7e3','1e150dbd8',0,1215,1653957236,1653957236);
INSERT INTO player_score VALUES('5cdcab3b2',72,'296a8a7e3','240feb98b',114840,1133,1653855945,1653855945);
INSERT INTO player_score VALUES('55b1eedbb',72,'296a8a7e3','25eaa3e83',390816,1101,1653663559,1653663559);
INSERT INTO player_score VALUES('617a36cf9',72,'296a8a7e3','2dc03c897',28800,1211,1653979839,1653979839);
INSERT INTO player_score VALUES('602a98da7',72,'296a8a7e3','2fc698bb2',60844,1099,1653944647,1653944647);
INSERT INTO player_score VALUES('6206391c4',72,'296a8a7e3','326c979e9',121520,1171,1653994520,1653994520);
INSERT INTO player_score VALUES('610b633e2',72,'296a8a7e3','3900b951a',9672,1012,1653968218,1653968218);
INSERT INTO player_score VALUES('55c3147f0',72,'296a8a7e3','396e657c4',21930,1045,1653665357,1653665357);
INSERT INTO player_score VALUES('5484ef329',72,'296a8a7e3','3f581b3ff',14091,890,1653631997,1653631997);
INSERT INTO player_score VALUES('4eb2994f5',72,'296a8a7e3','47aab0f0e',16146,838,1653475724,1653475724);
INSERT INTO player_score VALUES('621b7b01b',72,'296a8a7e3','4a00d5ee3',3834,1185,1653996749,1653996749);
INSERT INTO player_score VALUES('6380deb28',72,'296a8a7e3','4f4150f45',102672,1119,1654034224,1654034224);
INSERT INTO player_score VALUES('5c2893b83',72,'296a8a7e3','55061e7d3',58560,1090,1653837061,1653837061);
INSERT INTO player_score VALUES('62ca56306',72,'2b1e1a69c','1e150dbd8',15200,1240,1654015084,1654015084);
INSERT INTO player_score VALUES('5ea8485d9',72,'2b1e1a69c','240feb98b',83980,1169,1653904139,1653904139);
INSERT INTO player_score VALUES('54cc7d0da',72,'2b1e1a69c','25eaa3e83',566720,1081,1653639500,1653639500);
INSERT INTO player_score VALUES('5e9686758',72,'2b1e1a69c','2dc03c897',42750,1137,1653902277,1653902277);
INSERT INTO player_score VALUES('63bfc6392',72,'2b1e1a69c','2fc698bb2',13068,1168,1654040820,1654040820);
INSERT INTO player_score VALUES('618ea6c22',72,'2b1e1a69c','326c979e9',128968,1162,1653981982,1653981982);
INSERT INTO player_score VALUES('5f95e673f',72,'2b1e1a69c','3900b951a',36036,968,1653929055,1653929055);
INSERT INTO player_score VALUES('55f2bc331',72,'2b1e1a69c','396e657c4',121056,1051,1653670354,1653670354);
INSERT INTO player_score VALUES('53e3c5dd7',72,'2b1e1a69c','3f581b3ff',39312,852,1653615098,1653615098);
INSERT INTO player_score VALUES('4e4ccb4c3',72,'2b1e1a69c','47aab0f0e',99360,795,1653465049,1653465049);
INSERT INTO player_score VALUES('6160af2f1',72,'2b1e1a69c','4a00d5ee3',56615,1141,1653977162,1653977162);
INSERT INTO player_score VALUES('638d66b26',72,'2b1e1a69c','4f4150f45',106444,1123,1654035538,1654035538);
INSERT INTO player_score VALUES('5c0d1c7ad',72,'2b1e1a69c','55061e7d3',65205,1077,1653834181,1653834181);
INSERT INTO player_score VALUES('63c2150a7',72,'2cb6505a3','1e150dbd8',147000,1259,1654041062,1654041062);
INSERT INTO player_score VALUES('614409344',72,'2cb6505a3','240feb98b',151300,1218,1653974158,1653974158);
INSERT INTO player_score VALUES('5486476b5',72,'2cb6505a3','25eaa3e83',25200,1073,1653632138,1653632138);
INSERT INTO player_score VALUES('637434836',72,'2cb6505a3','2dc03c897',193815,1251,1654032896,1654032896);
INSERT INTO player_score VALUES('61b7cafd2',72,'2cb6505a3','2fc698bb2',78200,1127,1653986296,1653986296);
INSERT INTO player_score VALUES('639ee442e',72,'2cb6505a3','326c979e9',51612,1219,1654037372,1654037372);
INSERT INTO player_score VALUES('63af8d60c',72,'2cb6505a3','3900b951a',116654,1072,1654039119,1654039119);
INSERT INTO player_score VALUES('556529869',72,'2cb6505a3','396e657c4',179340,1029,1653655509,1653655509);
INSERT INTO player_score VALUES('54485dd24',72,'2cb6505a3','3f581b3ff',34404,878,1653625646,1653625646);
INSERT INTO player_score VALUES('62108f95c',72,'2cb6505a3','4a00d5ee3',293940,1181,1653995604,1653995604);
INSERT INTO player_score VALUES('62b8d6335',72,'2cb6505a3','4f4150f45',242880,1068,1654013249,1654013249);
INSERT INTO player_score VALUES('5c2248639',72,'2cb6505a3','55061e7d3',308763,1087,1653836401,1653836401);
INSERT INTO player_score VALUES('62332b770',72,'2ded70ceb','1e150dbd8',63840,1232,1653999233,1653999233);
INSERT INTO player_score VALUES('5d01ae532',72,'2ded70ceb','240feb98b',261225,1136,1653859826,1653859826);
INSERT INTO player_score VALUES('562c78785',72,'2ded70ceb','25eaa3e83',31328,1114,1653676408,1653676408);
INSERT INTO player_score VALUES('5e0d8f013',72,'2ded70ceb','2dc03c897',1760,1123,1653887915,1653887915);
INSERT INTO player_score VALUES('6236d0144',72,'2ded70ceb','326c979e9',186120,1176,1653999615,1653999615);
INSERT INTO player_score VALUES('6123002c6',72,'2ded70ceb','3900b951a',281688,1013,1653970694,1653970694);
INSERT INTO player_score VALUES('54f0e1795',72,'2ded70ceb','396e657c4',158543,1014,1653643316,1653643316);
INSERT INTO player_score VALUES('5293f2327',72,'2ded70ceb','3f581b3ff',162032,801,1653579884,1653579884);
INSERT INTO player_score VALUES('4e92a429a',72,'2ded70ceb','47aab0f0e',46656,827,1653472373,1653472373);
INSERT INTO player_score VALUES('62a6ed3e0',72,'2ded70ceb','4a00d5ee3',265106,1213,1654011371,1654011371);
INSERT INTO player_score VALUES('625752d09',72,'2ded70ceb','4f4150f45',48708,1045,1654003024,1654003024);
INSERT INTO player_score VALUES('5bf53b31e',72,'2ded70ceb','55061e7d3',1248,1061,1653831677,1653831677);
INSERT INTO player_score VALUES('5f7d8b151',72,'2eb086314','1e150dbd8',146076,1197,1653926501,1653926501);
INSERT INTO player_score VALUES('631a91bde',72,'2eb086314','240feb98b',2100,1254,1654023497,1654023497);
INSERT INTO player_score VALUES('5519d26b2',72,'2eb086314','25eaa3e83',126000,1089,1653647609,1653647609);
INSERT INTO player_score VALUES('6124b52ba',72,'2eb086314','2dc03c897',10560,1203,1653970873,1653970873);
INSERT INTO player_score VALUES('62c62185c',72,'2eb086314','326c979e9',188160,1199,1654014643,1654014643);
INSERT INTO player_score VALUES('62306c529',72,'2eb086314','3900b951a',56700,1034,1653998945,1653998945);
INSERT INTO player_score VALUES('55f344ec2',72,'2eb086314','396e657c4',5810,1052,1653670410,1653670410);
INSERT INTO player_score VALUES('54b15b3f9',72,'2eb086314','3f581b3ff',8800,898,1653636655,1653636655);
INSERT INTO player_score VALUES('4e33ced2d',72,'2eb086314','47aab0f0e',31488,784,1653462429,1653462429);
INSERT INTO player_score VALUES('63c4e2d2b',72,'2eb086314','4a00d5ee3',52780,1270,1654041356,1654041356);
INSERT INTO player_score VALUES('6330fb08e',72,'2eb086314','4f4150f45',3456,1099,1654025847,1654025847);
INSERT INTO player_score VALUES('5b7831e9b',72,'2eb086314','55061e7d3',253110,979,1653818566,1653818566);
INSERT INTO player_score VALUES('5ad8cc3f9',72,'3045f5b2a','1e150dbd8',6490,1123,1653801852,1653801852);
INSERT INTO player_score VALUES('6293653e8',72,'3045f5b2a','240feb98b',406224,1243,1654009323,1654009323);
INSERT INTO player_score VALUES('556de3688',72,'3045f5b2a','25eaa3e83',156147,1093,1653656424,1653656424);
INSERT INTO player_score VALUES('62e43a9c6',72,'3045f5b2a','2dc03c897',49400,1239,1654017799,1654017799);
INSERT INTO player_score VALUES('5e2dd9977',72,'3045f5b2a','2fc698bb2',12768,1058,1653891301,1653891301);
INSERT INTO player_score VALUES('610a0fe2e',72,'3045f5b2a','326c979e9',26754,1155,1653968079,1653968079);
INSERT INTO player_score VALUES('636f35377',72,'3045f5b2a','3900b951a',78260,1064,1654032372,1654032372);
INSERT INTO player_score VALUES('542cda5da',72,'3045f5b2a','396e657c4',155526,990,1653622761,1653622761);
INSERT INTO player_score VALUES('51cd2bf6b',72,'3045f5b2a','3f581b3ff',11388,775,1653559041,1653559041);
INSERT INTO player_score VALUES('4ed144e24',72,'3045f5b2a','47aab0f0e',485440,852,1653478940,1653478940);
INSERT INTO player_score VALUES('637b6071e',72,'3045f5b2a','4a00d5ee3',35100,1261,1654033648,1654033648);
INSERT INTO player_score VALUES('5ba58d3e6',72,'3045f5b2a','55061e7d3',2200,1011,1653823322,1653823322);
INSERT INTO player_score VALUES('5eb7611fe',72,'30ad800ca','1e150dbd8',583552,1182,1653905722,1653905722);
INSERT INTO player_score VALUES('6347470d2',72,'30ad800ca','240feb98b',153258,1257,1654028185,1654028185);
INSERT INTO player_score VALUES('54ef81e97',72,'30ad800ca','25eaa3e83',23660,1085,1653643172,1653643172);
INSERT INTO player_score VALUES('6022dcdf4',72,'30ad800ca','2dc03c897',193546,1179,1653943836,1653943836);
INSERT INTO player_score VALUES('5e588bc41',72,'30ad800ca','326c979e9',206388,1100,1653895778,1653895778);
INSERT INTO player_score VALUES('6205a1bdb',72,'30ad800ca','3900b951a',30745,1026,1653994458,1653994458);
INSERT INTO player_score VALUES('53e0ee553',72,'30ad800ca','396e657c4',55000,980,1653614800,1653614800);
INSERT INTO player_score VALUES('547077f05',72,'30ad800ca','3f581b3ff',0,886,1653629851,1653629851);
INSERT INTO player_score VALUES('63487d1cb',72,'30ad800ca','4a00d5ee3',3584,1247,1654028312,1654028312);
INSERT INTO player_score VALUES('62e427158',72,'30ad800ca','4f4150f45',129675,1079,1654017791,1654017791);
INSERT INTO player_score VALUES('5c0fd445a',72,'30ad800ca','55061e7d3',121900,1080,1653834466,1653834466);
INSERT INTO player_score VALUES('63c1988a0',72,'311b16418','1e150dbd8',20880,1258,1654041011,1654041011);
INSERT INTO player_score VALUES('5f1d9cfef',72,'311b16418','240feb98b',197400,1177,1653916442,1653916442);
INSERT INTO player_score VALUES('54f8b5dd7',72,'311b16418','25eaa3e83',337440,1087,1653644137,1653644137);
INSERT INTO player_score VALUES('5832a8bb6',72,'311b16418','2dc03c897',9360,984,1653730744,1653730744);
INSERT INTO player_score VALUES('627b7f13e',72,'311b16418','326c979e9',40832,1183,1654006817,1654006817);
INSERT INTO player_score VALUES('5fc3afa4a',72,'311b16418','3900b951a',312080,974,1653933856,1653933856);
INSERT INTO player_score VALUES('546623e1b',72,'311b16418','396e657c4',86240,996,1653628768,1653628768);
INSERT INTO player_score VALUES('54925a3d5',72,'311b16418','3f581b3ff',47580,894,1653633404,1653633404);
INSERT INTO player_score VALUES('4e1bb7d2c',72,'311b16418','47aab0f0e',236075,774,1653459903,1653459903);
INSERT INTO player_score VALUES('623960ce5',72,'311b16418','4a00d5ee3',145860,1193,1653999884,1653999884);
INSERT INTO player_score VALUES('61d6d0e2f',72,'311b16418','4f4150f45',0,1021,1653989549,1653989549);
INSERT INTO player_score VALUES('5c3143d70',72,'311b16418','55061e7d3',249664,1096,1653837972,1653837972);
INSERT INTO player_score VALUES('608d1a215',72,'31645b928','1e150dbd8',5712,1214,1653954976,1653954976);
INSERT INTO player_score VALUES('605fb9ebc',72,'31645b928','240feb98b',303360,1204,1653950218,1653950218);
INSERT INTO player_score VALUES('560a320e5',72,'31645b928','25eaa3e83',1078,1111,1653672814,1653672814);
INSERT INTO player_score VALUES('5dde72714',72,'31645b928','2dc03c897',43848,1114,1653882975,1653882975);
INSERT INTO player_score VALUES('5fa93b2ae',72,'31645b928','2fc698bb2',185472,1085,1653931082,1653931082);
INSERT INTO player_score VALUES('632060902',72,'31645b928','326c979e9',3822,1205,1654024106,1654024106);
INSERT INTO player_score VALUES('625094bdc',72,'31645b928','3900b951a',323883,1037,1654002317,1654002317);
INSERT INTO player_score VALUES('533f9df28',72,'31645b928','396e657c4',11340,957,1653597885,1653597885);
INSERT INTO player_score VALUES('637f13b50',72,'31645b928','4a00d5ee3',103950,1262,1654034036,1654034036);
INSERT INTO player_score VALUES('633037bba',72,'31645b928','4f4150f45',115328,1098,1654025767,1654025767);
INSERT INTO player_score VALUES('5be0c3ee4',72,'31645b928','55061e7d3',290598,1048,1653829531,1653829531);
INSERT INTO player_score VALUES('5fbe4eb02',72,'31cb054fe','240feb98b',155610,1187,1653933292,1653933292);
INSERT INTO player_score VALUES('554930e29',72,'31cb054fe','25eaa3e83',10080,1092,1653652576,1653652576);
INSERT INTO player_score VALUES('5e277abc7',72,'31cb054fe','2fc698bb2',517590,1054,1653890633,1653890633);
INSERT INTO player_score VALUES('62822e806',72,'31cb054fe','326c979e9',213300,1185,1654007518,1654007518);
INSERT INTO player_score VALUES('6390d80c6',72,'31cb054fe','3900b951a',21330,1069,1654035899,1654035899);
INSERT INTO player_score VALUES('52115e721',72,'31cb054fe','396e657c4',131580,901,1653566192,1653566192);
INSERT INTO player_score VALUES('54789f56b',72,'31cb054fe','3f581b3ff',122304,887,1653630706,1653630706);
INSERT INTO player_score VALUES('4e6a1c2c4',72,'31cb054fe','47aab0f0e',32832,808,1653468123,1653468123);
INSERT INTO player_score VALUES('62ff18091',72,'31cb054fe','4a00d5ee3',268275,1231,1654020616,1654020616);
INSERT INTO player_score VALUES('63c4e7b45',72,'31cb054fe','4f4150f45',103194,1141,1654041358,1654041358);
INSERT INTO player_score VALUES('5be762437',72,'31cb054fe','55061e7d3',132096,1050,1653830225,1653830225);
INSERT INTO player_score VALUES('60fb2a65a',72,'32603920b','1e150dbd8',35964,1217,1653966517,1653966517);
INSERT INTO player_score VALUES('61ccbebe2',72,'32603920b','240feb98b',8910,1231,1653988493,1653988493);
INSERT INTO player_score VALUES('55d75fd2f',72,'32603920b','25eaa3e83',23606,1104,1653667485,1653667485);
INSERT INTO player_score VALUES('6271ee562',72,'32603920b','2dc03c897',380808,1231,1654005814,1654005814);
INSERT INTO player_score VALUES('635678353',72,'32603920b','326c979e9',146664,1209,1654029778,1654029778);
INSERT INTO player_score VALUES('5e53ebb04',72,'32603920b','3900b951a',595,942,1653895293,1653895293);
INSERT INTO player_score VALUES('55d940c25',72,'32603920b','396e657c4',18130,1047,1653667682,1653667682);
INSERT INTO player_score VALUES('50d517a9d',72,'32603920b','3f581b3ff',226320,733,1653533028,1653533028);
INSERT INTO player_score VALUES('4ec1358c9',72,'32603920b','47aab0f0e',77786,844,1653477256,1653477256);
INSERT INTO player_score VALUES('61378af2b',72,'32603920b','4a00d5ee3',0,1134,1653972848,1653972848);
INSERT INTO player_score VALUES('63bd4b754',72,'32603920b','4f4150f45',32144,1136,1654040560,1654040560);
INSERT INTO player_score VALUES('5bef7b034',72,'32603920b','55061e7d3',128331,1056,1653831074,1653831074);
INSERT INTO player_score VALUES('616d60b09',72,'329749c99','1e150dbd8',14490,1221,1653978493,1653978493);
INSERT INTO player_score VALUES('607fe2597',72,'329749c99','240feb98b',89040,1206,1653953590,1653953590);
INSERT INTO player_score VALUES('56210baf6',72,'329749c99','25eaa3e83',119600,1112,1653675210,1653675210);
INSERT INTO player_score VALUES('61948dfa4',72,'329749c99','2dc03c897',173999,1214,1653982601,1653982601);
INSERT INTO player_score VALUES('63c60f1a9',72,'329749c99','2fc698bb2',252648,1169,1654041479,1654041479);
INSERT INTO player_score VALUES('62d87106c',72,'329749c99','3900b951a',61560,1049,1654016563,1654016563);
INSERT INTO player_score VALUES('55b915e92',72,'329749c99','396e657c4',48804,1043,1653664309,1653664309);
INSERT INTO player_score VALUES('54619c3a0',72,'329749c99','3f581b3ff',188232,882,1653628293,1653628293);
INSERT INTO player_score VALUES('4e878ccee',72,'329749c99','47aab0f0e',62568,820,1653471210,1653471210);
INSERT INTO player_score VALUES('607c3186c',72,'329749c99','4a00d5ee3',66780,1096,1653953203,1653953203);
INSERT INTO player_score VALUES('630a16fda',72,'329749c99','4f4150f45',477090,1088,1654021769,1654021769);
INSERT INTO player_score VALUES('5b26c530b',72,'329749c99','55061e7d3',50400,928,1653810028,1653810028);
INSERT INTO player_score VALUES('636d236be',72,'3308d52d0','1e150dbd8',468160,1250,1654032155,1654032155);
INSERT INTO player_score VALUES('615c81d70',72,'3308d52d0','240feb98b',144305,1221,1653976724,1653976724);
INSERT INTO player_score VALUES('55be3c442',72,'3308d52d0','25eaa3e83',212787,1102,1653664849,1653664849);
INSERT INTO player_score VALUES('62f7dd773',72,'3308d52d0','2dc03c897',59052,1241,1654019858,1654019858);
INSERT INTO player_score VALUES('6326cb9de',72,'3308d52d0','2fc698bb2',174135,1154,1654024779,1654024779);
INSERT INTO player_score VALUES('5aa2ecc00',72,'3308d52d0','326c979e9',1292,1012,1653796203,1653796203);
INSERT INTO player_score VALUES('63c5754e3',72,'3308d52d0','3900b951a',87696,1074,1654041416,1654041416);
INSERT INTO player_score VALUES('54f4cce0c',72,'3308d52d0','396e657c4',107184,1016,1653643727,1653643727);
INSERT INTO player_score VALUES('54ca072c3',72,'3308d52d0','3f581b3ff',20216,902,1653639242,1653639242);
INSERT INTO player_score VALUES('4e9f4e558',72,'3308d52d0','47aab0f0e',204240,831,1653473701,1653473701);
INSERT INTO player_score VALUES('62c7be21c',72,'3308d52d0','4a00d5ee3',51680,1221,1654014812,1654014812);
INSERT INTO player_score VALUES('61ad5c173',72,'3308d52d0','4f4150f45',27872,1014,1653985202,1653985202);
INSERT INTO player_score VALUES('5ba4720b6',72,'3308d52d0','55061e7d3',393040,1010,1653823206,1653823206);
INSERT INTO player_score VALUES('61d883759',72,'333ab0dac','1e150dbd8',138942,1225,1653989727,1653989727);
INSERT INTO player_score VALUES('628d98df1',72,'333ab0dac','240feb98b',19456,1242,1654008715,1654008715);
INSERT INTO player_score VALUES('54dfea369',72,'333ab0dac','25eaa3e83',61380,1082,1653641537,1653641537);
INSERT INTO player_score VALUES('630a25a29',72,'333ab0dac','2dc03c897',63080,1242,1654021775,1654021775);
INSERT INTO player_score VALUES('5be7253cd',72,'333ab0dac','326c979e9',4050,1048,1653830200,1653830200);
INSERT INTO player_score VALUES('52f06a10c',72,'333ab0dac','396e657c4',86010,940,1653589580,1653589580);
INSERT INTO player_score VALUES('541c7804c',72,'333ab0dac','3f581b3ff',2880,868,1653621043,1653621043);
INSERT INTO player_score VALUES('4e6cf62ae',72,'333ab0dac','47aab0f0e',0,810,1653468422,1653468422);
INSERT INTO player_score VALUES('626d1d70a',72,'333ab0dac','4a00d5ee3',15776,1203,1654005309,1654005309);
INSERT INTO player_score VALUES('639137461',72,'333ab0dac','4f4150f45',104160,1124,1654035938,1654035938);
INSERT INTO player_score VALUES('5c036239e',72,'333ab0dac','55061e7d3',27200,1070,1653833161,1653833161);
INSERT INTO player_score VALUES('621815deb',72,'34c2ba2bf','1e150dbd8',337014,1229,1653996393,1653996393);
INSERT INTO player_score VALUES('58e7ad12c',72,'34c2ba2bf','240feb98b',50220,1058,1653749725,1653749725);
INSERT INTO player_score VALUES('52b651052',72,'34c2ba2bf','25eaa3e83',373100,1030,1653583488,1653583488);
INSERT INTO player_score VALUES('620d9370a',72,'34c2ba2bf','2dc03c897',271953,1225,1653995291,1653995291);
INSERT INTO player_score VALUES('62a418238',72,'34c2ba2bf','2fc698bb2',392656,1141,1654011074,1654011074);
INSERT INTO player_score VALUES('5e7d4cf0e',72,'34c2ba2bf','3900b951a',2145,946,1653899632,1653899632);
INSERT INTO player_score VALUES('55eb274cc',72,'34c2ba2bf','396e657c4',4290,1050,1653669559,1653669559);
INSERT INTO player_score VALUES('54971a0e5',72,'34c2ba2bf','3f581b3ff',105450,895,1653633902,1653633902);
INSERT INTO player_score VALUES('4ed07a39c',72,'34c2ba2bf','47aab0f0e',159324,851,1653478857,1653478857);
INSERT INTO player_score VALUES('6375178ef',72,'34c2ba2bf','4a00d5ee3',119680,1260,1654032989,1654032989);
INSERT INTO player_score VALUES('63c404a5e',72,'34c2ba2bf','4f4150f45',228330,1139,1654041265,1654041265);
INSERT INTO player_score VALUES('5bd45ba9e',72,'34c2ba2bf','55061e7d3',460650,1038,1653828230,1653828230);
INSERT INTO player_score VALUES('631b79ab3',72,'3605b066d','240feb98b',2720,1255,1654023592,1654023592);
INSERT INTO player_score VALUES('4fe6522b5',72,'3605b066d','25eaa3e83',223440,967,1653507991,1653507991);
INSERT INTO player_score VALUES('5c1b793a0',72,'3605b066d','2dc03c897',711360,1063,1653835687,1653835687);
INSERT INTO player_score VALUES('639e850c4',72,'3605b066d','2fc698bb2',11859,1165,1654037333,1654037333);
INSERT INTO player_score VALUES('6379140ff',72,'3605b066d','326c979e9',19968,1213,1654033407,1654033407);
INSERT INTO player_score VALUES('5a88ded1b',72,'3605b066d','3900b951a',41664,850,1653793471,1653793471);
INSERT INTO player_score VALUES('553071700',72,'3605b066d','396e657c4',10920,1024,1653649981,1653649981);
INSERT INTO player_score VALUES('53a86cff6',72,'3605b066d','3f581b3ff',11960,847,1653608875,1653608875);
INSERT INTO player_score VALUES('4ec93fa4a',72,'3605b066d','47aab0f0e',2268,847,1653478099,1653478099);
INSERT INTO player_score VALUES('6390a73d5',72,'3605b066d','4a00d5ee3',35574,1265,1654035879,1654035879);
INSERT INTO player_score VALUES('62861c5ef',72,'3605b066d','4f4150f45',96600,1055,1654007930,1654007930);
INSERT INTO player_score VALUES('5b7323fa2',72,'3605b066d','55061e7d3',8670,976,1653818036,1653818036);
INSERT INTO player_score VALUES('6210c06bf',72,'3685ce41e','1e150dbd8',208104,1228,1653995624,1653995624);
INSERT INTO player_score VALUES('608f92747',72,'3685ce41e','240feb98b',0,1207,1653955235,1653955235);
INSERT INTO player_score VALUES('55755898b',72,'3685ce41e','25eaa3e83',26880,1094,1653657206,1653657206);
INSERT INTO player_score VALUES('61dd48258',72,'3685ce41e','2dc03c897',201960,1221,1653990227,1653990227);
INSERT INTO player_score VALUES('63bda5cae',72,'3685ce41e','2fc698bb2',39468,1167,1654040597,1654040597);
INSERT INTO player_score VALUES('616083392',72,'3685ce41e','326c979e9',259079,1158,1653977144,1653977144);
INSERT INTO player_score VALUES('620843900',72,'3685ce41e','3900b951a',158688,1028,1653994734,1653994734);
INSERT INTO player_score VALUES('54abdcffa',72,'3685ce41e','396e657c4',47232,1006,1653636079,1653636079);
INSERT INTO player_score VALUES('542302d67',72,'3685ce41e','3f581b3ff',193050,870,1653621729,1653621729);
INSERT INTO player_score VALUES('4ee5dbde2',72,'3685ce41e','47aab0f0e',35112,862,1653481099,1653481099);
INSERT INTO player_score VALUES('63811948f',72,'3685ce41e','4a00d5ee3',100276,1263,1654034248,1654034248);
INSERT INTO player_score VALUES('633253494',72,'3685ce41e','4f4150f45',9945,1100,1654025988,1654025988);
INSERT INTO player_score VALUES('5bf544f51',72,'3685ce41e','55061e7d3',109434,1062,1653831681,1653831681);
INSERT INTO player_score VALUES('5f0e69644',72,'36b056ef0','1e150dbd8',9758,1188,1653914848,1653914848);
INSERT INTO player_score VALUES('62f2afc56',72,'36b056ef0','240feb98b',143520,1249,1654019315,1654019315);
INSERT INTO player_score VALUES('4f0c5bd2d',72,'36b056ef0','25eaa3e83',35035,949,1653485136,1653485136);
INSERT INTO player_score VALUES('62c353c1c',72,'36b056ef0','2dc03c897',38324,1235,1654014349,1654014349);
INSERT INTO player_score VALUES('603ee90ab',72,'36b056ef0','2fc698bb2',15660,1101,1653946777,1653946777);
INSERT INTO player_score VALUES('62e5b776f',72,'36b056ef0','326c979e9',27030,1201,1654017955,1654017955);
INSERT INTO player_score VALUES('62d39b3e6',72,'36b056ef0','3900b951a',57104,1048,1654016056,1654016056);
INSERT INTO player_score VALUES('5570a7703',72,'36b056ef0','396e657c4',89544,1031,1653656714,1653656714);
INSERT INTO player_score VALUES('547f07f37',72,'36b056ef0','3f581b3ff',269100,889,1653631378,1653631378);
INSERT INTO player_score VALUES('61f820b60',72,'36b056ef0','4a00d5ee3',20493,1176,1653993042,1653993042);
INSERT INTO player_score VALUES('62f9493b0',72,'36b056ef0','4f4150f45',142071,1087,1654020007,1654020007);
INSERT INTO player_score VALUES('5beebf0a4',72,'36b056ef0','55061e7d3',225675,1054,1653830997,1653830997);
INSERT INTO player_score VALUES('5a1477019',72,'36ce3a4de','1e150dbd8',14592,1104,1653781265,1653781265);
INSERT INTO player_score VALUES('639461cf7',72,'36ce3a4de','240feb98b',418200,1263,1654036270,1654036270);
INSERT INTO player_score VALUES('55deadee6',72,'36ce3a4de','25eaa3e83',106575,1105,1653668251,1653668251);
INSERT INTO player_score VALUES('5f7e2c39b',72,'36ce3a4de','2dc03c897',33075,1158,1653926567,1653926567);
INSERT INTO player_score VALUES('6002ca6e1',72,'36ce3a4de','2fc698bb2',6600,1092,1653940473,1653940473);
INSERT INTO player_score VALUES('598bba23d',72,'36ce3a4de','326c979e9',199615,988,1653766927,1653766927);
INSERT INTO player_score VALUES('606b52ab4',72,'36ce3a4de','3900b951a',658350,991,1653951434,1653951434);
INSERT INTO player_score VALUES('5465ebb9f',72,'36ce3a4de','3f581b3ff',0,884,1653628745,1653628745);
INSERT INTO player_score VALUES('4dfca0d79',72,'36ce3a4de','47aab0f0e',148149,758,1653456643,1653456643);
INSERT INTO player_score VALUES('6390c96a6',72,'36ce3a4de','4a00d5ee3',384,1266,1654035893,1654035893);
INSERT INTO player_score VALUES('5bc196fb1',72,'36ce3a4de','55061e7d3',53131,1031,1653826262,1653826262);
INSERT INTO player_score VALUES('62b9b6ce4',72,'37467c6ab','1e150dbd8',80496,1238,1654013341,1654013341);
INSERT INTO player_score VALUES('6159b40ef',72,'37467c6ab','240feb98b',62900,1220,1653976430,1653976430);
INSERT INTO player_score VALUES('54432b425',72,'37467c6ab','25eaa3e83',52731,1066,1653625101,1653625101);
INSERT INTO player_score VALUES('5f83e2a30',72,'37467c6ab','2dc03c897',340380,1159,1653927166,1653927166);
INSERT INTO player_score VALUES('61e1ada0a',72,'37467c6ab','2fc698bb2',3705,1129,1653990688,1653990688);
INSERT INTO player_score VALUES('62babe7c1',72,'37467c6ab','326c979e9',249000,1196,1654013449,1654013449);
INSERT INTO player_score VALUES('634a78ecc',72,'37467c6ab','3900b951a',10374,1059,1654028520,1654028520);
INSERT INTO player_score VALUES('55f691a81',72,'37467c6ab','396e657c4',113960,1054,1653670756,1653670756);
INSERT INTO player_score VALUES('52c098d67',72,'37467c6ab','3f581b3ff',11781,807,1653584566,1653584566);
INSERT INTO player_score VALUES('63be6dfde',72,'37467c6ab','4f4150f45',121176,1137,1654040679,1654040679);
INSERT INTO player_score VALUES('5bcb7365d',72,'37467c6ab','55061e7d3',49248,1034,1653827296,1653827296);
INSERT INTO player_score VALUES('59c7ca19f',72,'3a13336dc','1e150dbd8',30888,1093,1653773225,1653773225);
INSERT INTO player_score VALUES('624ba1aa0',72,'3a13336dc','240feb98b',10125,1237,1654001798,1654001798);
INSERT INTO player_score VALUES('4d763a197',72,'3a13336dc','25eaa3e83',86940,912,1653442550,1653442550);
INSERT INTO player_score VALUES('617ef1c14',72,'3a13336dc','2dc03c897',252756,1212,1653980335,1653980335);
INSERT INTO player_score VALUES('638f8c06f',72,'3a13336dc','2fc698bb2',148764,1163,1654035763,1654035763);
INSERT INTO player_score VALUES('638f8e76e',72,'3a13336dc','326c979e9',175770,1217,1654035764,1654035764);
INSERT INTO player_score VALUES('637bce4ee',72,'3a13336dc','3900b951a',33600,1066,1654033693,1654033693);
INSERT INTO player_score VALUES('55844cbab',72,'3a13336dc','396e657c4',555093,1033,1653658774,1653658774);
INSERT INTO player_score VALUES('5454ab3c4',72,'3a13336dc','3f581b3ff',36828,880,1653626936,1653626936);
INSERT INTO player_score VALUES('4eaeb5361',72,'3a13336dc','47aab0f0e',213710,834,1653475316,1653475316);
INSERT INTO player_score VALUES('611b1f908',72,'3a13336dc','4a00d5ee3',15300,1127,1653969868,1653969868);
INSERT INTO player_score VALUES('6360745e0',72,'3a13336dc','4f4150f45',294196,1111,1654030825,1654030825);
INSERT INTO player_score VALUES('5c1c01f17',72,'3a13336dc','55061e7d3',28908,1085,1653835743,1653835743);
INSERT INTO player_score VALUES('636a5cf85',72,'3d8ffe1d8','1e150dbd8',336996,1249,1654031864,1654031864);
INSERT INTO player_score VALUES('6115ab166',72,'3d8ffe1d8','240feb98b',82368,1212,1653969296,1653969296);
INSERT INTO player_score VALUES('54614ba4a',72,'3d8ffe1d8','25eaa3e83',517748,1068,1653628260,1653628260);
INSERT INTO player_score VALUES('61b6e098b',72,'3d8ffe1d8','2dc03c897',104754,1215,1653986200,1653986200);
INSERT INTO player_score VALUES('5d057ee69',72,'3d8ffe1d8','2fc698bb2',0,1029,1653860226,1653860226);
INSERT INTO player_score VALUES('630fcd60a',72,'3d8ffe1d8','326c979e9',73062,1203,1654022368,1654022368);
INSERT INTO player_score VALUES('636e8571b',72,'3d8ffe1d8','3900b951a',107848,1063,1654032300,1654032300);
INSERT INTO player_score VALUES('54c115255',72,'3d8ffe1d8','396e657c4',206448,1009,1653638304,1653638304);
INSERT INTO player_score VALUES('522737b51',72,'3d8ffe1d8','3f581b3ff',924,789,1653568483,1653568483);
INSERT INTO player_score VALUES('4d3f618f7',72,'3d8ffe1d8','47aab0f0e',34848,671,1653436799,1653436799);
INSERT INTO player_score VALUES('6351803dd',72,'3d8ffe1d8','4a00d5ee3',147784,1250,1654029257,1654029257);
INSERT INTO player_score VALUES('60c8cfc67',72,'3d8ffe1d8','4f4150f45',192178,973,1653961237,1653961237);
INSERT INTO player_score VALUES('54b6a8b02',72,'3e1239f52','1e150dbd8',178002,979,1653637211,1653637211);
INSERT INTO player_score VALUES('5c2bddff6',72,'3e1239f52','240feb98b',249480,1120,1653837406,1653837406);
INSERT INTO player_score VALUES('540393f6e',72,'3e1239f52','25eaa3e83',1701,1055,1653618433,1653618433);
INSERT INTO player_score VALUES('60c0ecbfe',72,'3e1239f52','2dc03c897',0,1197,1653960410,1653960410);
INSERT INTO player_score VALUES('60c2c8d22',72,'3e1239f52','2fc698bb2',18564,1110,1653960605,1653960605);
INSERT INTO player_score VALUES('619de68f9',72,'3e1239f52','326c979e9',632016,1164,1653983581,1653983581);
INSERT INTO player_score VALUES('632eee25c',72,'3e1239f52','3900b951a',156800,1056,1654025632,1654025632);
INSERT INTO player_score VALUES('5561e6906',72,'3e1239f52','396e657c4',7917,1028,1653655167,1653655167);
INSERT INTO player_score VALUES('4dbd8aeff',72,'3e1239f52','47aab0f0e',113760,734,1653450028,1653450028);
INSERT INTO player_score VALUES('621606812',72,'3e1239f52','4a00d5ee3',4810,1183,1653996177,1653996177);
INSERT INTO player_score VALUES('5bf9d6631',72,'3e1239f52','55061e7d3',17020,1065,1653832160,1653832160);
INSERT INTO player_score VALUES('6219e0d81',72,'3ec048136','1e150dbd8',98022,1230,1653996581,1653996581);
INSERT INTO player_score VALUES('62f4b7ca2',72,'3ec048136','240feb98b',13940,1250,1654019528,1654019528);
INSERT INTO player_score VALUES('533a35abf',72,'3ec048136','25eaa3e83',2576,1040,1653597318,1653597318);
INSERT INTO player_score VALUES('63a6dfb69',72,'3ec048136','2dc03c897',523488,1252,1654038209,1654038209);
INSERT INTO player_score VALUES('638e9300a',72,'3ec048136','2fc698bb2',284000,1162,1654035661,1654035661);
INSERT INTO player_score VALUES('635b1d2d5',72,'3ec048136','326c979e9',59228,1211,1654030265,1654030265);
INSERT INTO player_score VALUES('62650e755',72,'3ec048136','3900b951a',25578,1039,1654004464,1654004464);
INSERT INTO player_score VALUES('5487eb59a',72,'3ec048136','3f581b3ff',50050,891,1653632310,1653632310);
INSERT INTO player_score VALUES('4e19e310f',72,'3ec048136','47aab0f0e',45240,773,1653459711,1653459711);
INSERT INTO player_score VALUES('6291d74bb',72,'3ec048136','4a00d5ee3',264784,1209,1654009160,1654009160);
INSERT INTO player_score VALUES('6380cd9f4',72,'3ec048136','4f4150f45',450180,1118,1654034217,1654034217);
INSERT INTO player_score VALUES('5c0adebfc',72,'3ec048136','55061e7d3',6510,1075,1653833946,1653833946);
INSERT INTO player_score VALUES('5d894b205',72,'3f12efbcf','1e150dbd8',397062,1170,1653874046,1653874046);
INSERT INTO player_score VALUES('5fb797ec8',72,'3f12efbcf','240feb98b',29484,1186,1653932588,1653932588);
INSERT INTO player_score VALUES('563af76cc',72,'3f12efbcf','25eaa3e83',20700,1116,1653677928,1653677928);
INSERT INTO player_score VALUES('5fe4dd485',72,'3f12efbcf','2dc03c897',28560,1170,1653937335,1653937335);
INSERT INTO player_score VALUES('638108369',72,'3f12efbcf','2fc698bb2',20097,1161,1654034241,1654034241);
INSERT INTO player_score VALUES('5d7eadd57',72,'3f12efbcf','326c979e9',54720,1080,1653872933,1653872933);
INSERT INTO player_score VALUES('608495f7a',72,'3f12efbcf','3900b951a',5148,993,1653954083,1653954083);
INSERT INTO player_score VALUES('4f2ee4264',72,'3f12efbcf','396e657c4',1974,793,1653488757,1653488757);
INSERT INTO player_score VALUES('53b53bcf0',72,'3f12efbcf','3f581b3ff',364266,849,1653610218,1653610218);
INSERT INTO player_score VALUES('4ee2325ee',72,'3f12efbcf','47aab0f0e',35332,859,1653480715,1653480715);
INSERT INTO player_score VALUES('612e6a85f',72,'3f12efbcf','4a00d5ee3',148512,1132,1653971891,1653971891);
INSERT INTO player_score VALUES('631b1805f',72,'3f12efbcf','4f4150f45',75690,1095,1654023552,1654023552);
INSERT INTO player_score VALUES('5beb30611',72,'3f12efbcf','55061e7d3',280840,1051,1653830624,1653830624);
INSERT INTO player_score VALUES('6384d654d',72,'406026757','1e150dbd8',42780,1253,1654034640,1654034640);
INSERT INTO player_score VALUES('5f7149e2e',72,'406026757','240feb98b',126540,1182,1653925216,1653925216);
INSERT INTO player_score VALUES('54adbdf84',72,'406026757','25eaa3e83',70006,1077,1653636276,1653636276);
INSERT INTO player_score VALUES('62b3f915f',72,'406026757','2dc03c897',151200,1234,1654012739,1654012739);
INSERT INTO player_score VALUES('62b6b0e4a',72,'406026757','2fc698bb2',211876,1144,1654013024,1654013024);
INSERT INTO player_score VALUES('60fa11a41',72,'406026757','326c979e9',0,1153,1653966402,1653966402);
INSERT INTO player_score VALUES('54b3e4acb',72,'406026757','396e657c4',195804,1007,1653636921,1653636921);
INSERT INTO player_score VALUES('542d67f42',72,'406026757','3f581b3ff',43560,873,1653622819,1653622819);
INSERT INTO player_score VALUES('4eca893a8',72,'406026757','47aab0f0e',2640,849,1653478234,1653478234);
INSERT INTO player_score VALUES('62aa8816d',72,'406026757','4a00d5ee3',431200,1214,1654011749,1654011749);
INSERT INTO player_score VALUES('636a35eae',72,'406026757','4f4150f45',16100,1113,1654031848,1654031848);
INSERT INTO player_score VALUES('5ba2df36b',72,'406026757','55061e7d3',300,1008,1653823041,1653823041);
INSERT INTO player_score VALUES('63749628b',72,'44c67a4ef','1e150dbd8',62328,1252,1654032936,1654032936);
INSERT INTO player_score VALUES('634c4658f',72,'44c67a4ef','240feb98b',175968,1259,1654028709,1654028709);
INSERT INTO player_score VALUES('4e99b53b8',72,'44c67a4ef','25eaa3e83',45540,943,1653473114,1653473114);
INSERT INTO player_score VALUES('63527bb4d',72,'44c67a4ef','2dc03c897',131546,1248,1654029360,1654029360);
INSERT INTO player_score VALUES('632eb38a9',72,'44c67a4ef','2fc698bb2',18700,1155,1654025608,1654025608);
INSERT INTO player_score VALUES('62fbc18ba',72,'44c67a4ef','326c979e9',44232,1202,1654020266,1654020266);
INSERT INTO player_score VALUES('639e877b7',72,'44c67a4ef','3900b951a',118680,1070,1654037334,1654037334);
INSERT INTO player_score VALUES('55e0d5b1c',72,'44c67a4ef','396e657c4',63240,1048,1653668477,1653668477);
INSERT INTO player_score VALUES('548c2c3a5',72,'44c67a4ef','3f581b3ff',27846,892,1653632756,1653632756);
INSERT INTO player_score VALUES('4e0c1b3d8',72,'44c67a4ef','47aab0f0e',12410,766,1653458266,1653458266);
INSERT INTO player_score VALUES('632662a0c',72,'44c67a4ef','4a00d5ee3',250880,1241,1654024736,1654024736);
INSERT INTO player_score VALUES('5b3cc0a12',72,'44c67a4ef','55061e7d3',53664,941,1653812333,1653812333);
INSERT INTO player_score VALUES('5d167d7d5',72,'45e0fc19b','1e150dbd8',61908,1163,1653862008,1653862008);
INSERT INTO player_score VALUES('5fd4edb52',72,'45e0fc19b','240feb98b',13320,1188,1653935664,1653935664);
INSERT INTO player_score VALUES('63b931a50',72,'45e0fc19b','2dc03c897',12925,1254,1654040130,1654040130);
INSERT INTO player_score VALUES('63b22f395',72,'45e0fc19b','2fc698bb2',3828,1166,1654039395,1654039395);
INSERT INTO player_score VALUES('62afcbc27',72,'45e0fc19b','3900b951a',127776,1046,1654012301,1654012301);
INSERT INTO player_score VALUES('53062393e',72,'45e0fc19b','396e657c4',180180,945,1653591858,1653591858);
INSERT INTO player_score VALUES('5160ae850',72,'45e0fc19b','3f581b3ff',136710,759,1653547665,1653547665);
INSERT INTO player_score VALUES('4ee6a1a26',72,'45e0fc19b','47aab0f0e',177450,863,1653481180,1653481180);
INSERT INTO player_score VALUES('626360c17',72,'45e0fc19b','4a00d5ee3',780,1200,1654004288,1654004288);
INSERT INTO player_score VALUES('5f89809c2',72,'45e0fc19b','4f4150f45',283040,893,1653927755,1653927755);
INSERT INTO player_score VALUES('5becd44ef',72,'45e0fc19b','55061e7d3',272688,1053,1653830796,1653830796);
INSERT INTO player_score VALUES('6122ad299',72,'45fc33da6','1e150dbd8',126464,1218,1653970660,1653970660);
INSERT INTO player_score VALUES('5e06657c6',72,'45fc33da6','240feb98b',41440,1154,1653887164,1653887164);
INSERT INTO player_score VALUES('55e7b10c4',72,'45fc33da6','25eaa3e83',18810,1106,1653669196,1653669196);
INSERT INTO player_score VALUES('59f25a1ba',72,'45fc33da6','2dc03c897',150920,1017,1653777688,1653777688);
INSERT INTO player_score VALUES('5a9193d0a',72,'45fc33da6','2fc698bb2',46305,986,1653794384,1653794384);
INSERT INTO player_score VALUES('5bc8e9fa9',72,'45fc33da6','326c979e9',300192,1042,1653827030,1653827030);
INSERT INTO player_score VALUES('631ad3a5f',72,'45fc33da6','3900b951a',45752,1053,1654023524,1654023524);
INSERT INTO player_score VALUES('55f6b3d59',72,'45fc33da6','396e657c4',376488,1055,1653670770,1653670770);
INSERT INTO player_score VALUES('54b74c420',72,'45fc33da6','3f581b3ff',8112,900,1653637278,1653637278);
INSERT INTO player_score VALUES('4dcaaf322',72,'45fc33da6','47aab0f0e',297065,741,1653451406,1653451406);
INSERT INTO player_score VALUES('626d950fa',72,'45fc33da6','4a00d5ee3',54600,1204,1654005358,1654005358);
INSERT INTO player_score VALUES('62ce1cfd3',72,'45fc33da6','4f4150f45',31365,1073,1654015480,1654015480);
INSERT INTO player_score VALUES('5bdf50d56',72,'45fc33da6','55061e7d3',239292,1047,1653829379,1653829379);
INSERT INTO player_score VALUES('6307e302a',72,'461c29057','1e150dbd8',85176,1244,1654021538,1654021538);
INSERT INTO player_score VALUES('61b3a7679',72,'461c29057','240feb98b',71400,1229,1653985862,1653985862);
INSERT INTO player_score VALUES('542f63c6a',72,'461c29057','25eaa3e83',14025,1065,1653623027,1653623027);
INSERT INTO player_score VALUES('62d45e890',72,'461c29057','2fc698bb2',324093,1146,1654016136,1654016136);
INSERT INTO player_score VALUES('57d8d5229',72,'461c29057','326c979e9',62016,946,1653721325,1653721325);
INSERT INTO player_score VALUES('606e4ed95',72,'461c29057','3900b951a',3102,992,1653951747,1653951747);
INSERT INTO player_score VALUES('55a8c988e',72,'461c29057','396e657c4',153972,1038,1653662600,1653662600);
INSERT INTO player_score VALUES('54c8326e7',72,'461c29057','3f581b3ff',200192,901,1653639050,1653639050);
INSERT INTO player_score VALUES('4ed3d0b79',72,'461c29057','47aab0f0e',70224,854,1653479207,1653479207);
INSERT INTO player_score VALUES('628593a54',72,'461c29057','4a00d5ee3',17028,1206,1654007874,1654007874);
INSERT INTO player_score VALUES('626e84535',72,'461c29057','4f4150f45',164340,1050,1654005456,1654005456);
INSERT INTO player_score VALUES('5c236fceb',72,'461c29057','55061e7d3',24192,1088,1653836522,1653836522);
INSERT INTO player_score VALUES('63293f0ee',72,'469d4734e','1e150dbd8',353628,1247,1654025036,1654025036);
INSERT INTO player_score VALUES('548cb4ef4',72,'469d4734e','25eaa3e83',150059,1074,1653632812,1653632812);
INSERT INTO player_score VALUES('5fe13d8cf',72,'469d4734e','2dc03c897',185535,1168,1653936955,1653936955);
INSERT INTO player_score VALUES('618666edb',72,'469d4734e','2fc698bb2',6660,1120,1653981117,1653981117);
INSERT INTO player_score VALUES('635f592af',72,'469d4734e','326c979e9',148500,1212,1654030709,1654030709);
INSERT INTO player_score VALUES('58e26bd7d',72,'469d4734e','3900b951a',36300,817,1653749174,1653749174);
INSERT INTO player_score VALUES('546d4fd17',72,'469d4734e','396e657c4',9072,998,1653629520,1653629520);
INSERT INTO player_score VALUES('5440bf22c',72,'469d4734e','3f581b3ff',2088,876,1653624847,1653624847);
INSERT INTO player_score VALUES('4ee3463e7',72,'469d4734e','47aab0f0e',58558,860,1653480828,1653480828);
INSERT INTO player_score VALUES('63611f43c',72,'469d4734e','4a00d5ee3',388080,1256,1654030895,1654030895);
INSERT INTO player_score VALUES('63b80f1d8',72,'469d4734e','4f4150f45',15725,1135,1654040011,1654040011);
INSERT INTO player_score VALUES('5bb86a55e',72,'469d4734e','55061e7d3',110000,1023,1653825300,1653825300);
INSERT INTO player_score VALUES('5e44b5a4b',72,'474fac2ba','1e150dbd8',58080,1177,1653893698,1653893698);
INSERT INTO player_score VALUES('62b8d6334',72,'474fac2ba','240feb98b',65780,1247,1654013249,1654013249);
INSERT INTO player_score VALUES('563233c5d',72,'474fac2ba','25eaa3e83',4875,1115,1653677009,1653677009);
INSERT INTO player_score VALUES('5df4e5826',72,'474fac2ba','2dc03c897',18592,1119,1653885329,1653885329);
INSERT INTO player_score VALUES('6199fb248',72,'474fac2ba','2fc698bb2',1064,1121,1653983170,1653983170);
INSERT INTO player_score VALUES('63987e121',72,'474fac2ba','326c979e9',3080,1218,1654036701,1654036701);
INSERT INTO player_score VALUES('63b186c52',72,'474fac2ba','3900b951a',33110,1073,1654039326,1654039326);
INSERT INTO player_score VALUES('556ce0a35',72,'474fac2ba','396e657c4',233064,1030,1653656318,1653656318);
INSERT INTO player_score VALUES('4ea738b59',72,'474fac2ba','47aab0f0e',11718,832,1653474531,1653474531);
INSERT INTO player_score VALUES('6214bf5e2',72,'474fac2ba','4a00d5ee3',672,1182,1653996043,1653996043);
INSERT INTO player_score VALUES('63c027e1e',72,'474fac2ba','4f4150f45',66120,1138,1654040860,1654040860);
INSERT INTO player_score VALUES('5c071f41e',72,'474fac2ba','55061e7d3',3720,1072,1653833553,1653833553);
INSERT INTO player_score VALUES('602f2cb78',72,'4768a151d','1e150dbd8',122120,1206,1653945127,1653945127);
INSERT INTO player_score VALUES('6242b6f4a',72,'4768a151d','240feb98b',429247,1236,1654000863,1654000863);
INSERT INTO player_score VALUES('6185557fc',72,'4768a151d','2dc03c897',35055,1213,1653981005,1653981005);
INSERT INTO player_score VALUES('616d9b4a5',72,'4768a151d','2fc698bb2',115500,1117,1653978517,1653978517);
INSERT INTO player_score VALUES('5e994806f',72,'4768a151d','326c979e9',145152,1110,1653902566,1653902566);
INSERT INTO player_score VALUES('62f4ae05a',72,'4768a151d','3900b951a',10865,1051,1654019524,1654019524);
INSERT INTO player_score VALUES('54380f02b',72,'4768a151d','396e657c4',85248,991,1653623936,1653623936);
INSERT INTO player_score VALUES('52a1adcdc',72,'4768a151d','3f581b3ff',44400,802,1653581324,1653581324);
INSERT INTO player_score VALUES('4eb0f7d70',72,'4768a151d','47aab0f0e',37453,836,1653475553,1653475553);
INSERT INTO player_score VALUES('6382d333a',72,'4768a151d','4a00d5ee3',178480,1264,1654034429,1654034429);
INSERT INTO player_score VALUES('63ae83470',72,'4768a151d','4f4150f45',230202,1134,1654039010,1654039010);
INSERT INTO player_score VALUES('5b8a68ff3',72,'4768a151d','55061e7d3',239700,989,1653820476,1653820476);
INSERT INTO player_score VALUES('629c4630f',72,'4981349b4','1e150dbd8',61600,1237,1654010254,1654010254);
INSERT INTO player_score VALUES('6000ac717',72,'4981349b4','240feb98b',27132,1192,1653940251,1653940251);
INSERT INTO player_score VALUES('4cd1848f5',72,'4981349b4','25eaa3e83',14535,899,1653425279,1653425279);
INSERT INTO player_score VALUES('63bd79d88',72,'4981349b4','2dc03c897',143964,1255,1654040579,1654040579);
INSERT INTO player_score VALUES('631da6502',72,'4981349b4','2fc698bb2',288990,1152,1654023820,1654023820);
INSERT INTO player_score VALUES('5f9f99591',72,'4981349b4','326c979e9',216672,1123,1653930072,1653930072);
INSERT INTO player_score VALUES('5f9910fb5',72,'4981349b4','3900b951a',93808,969,1653929387,1653929387);
INSERT INTO player_score VALUES('52c7c73c0',72,'4981349b4','396e657c4',218484,930,1653585319,1653585319);
INSERT INTO player_score VALUES('536c81a2e',72,'4981349b4','3f581b3ff',73440,839,1653602592,1653602592);
INSERT INTO player_score VALUES('4e7845a8c',72,'4981349b4','47aab0f0e',6052,812,1653469608,1653469608);
INSERT INTO player_score VALUES('5f5ca6aeb',72,'4981349b4','4a00d5ee3',161820,1050,1653923052,1653923052);
INSERT INTO player_score VALUES('63161161c',72,'4981349b4','4f4150f45',9180,1093,1654023025,1654023025);
INSERT INTO player_score VALUES('5c25ef74a',72,'4981349b4','55061e7d3',140184,1089,1653836784,1653836784);
INSERT INTO player_score VALUES('6234a370e',72,'49db0d16f','1e150dbd8',184548,1233,1653999387,1653999387);
INSERT INTO player_score VALUES('63c3c2bce',72,'49db0d16f','240feb98b',218834,1266,1654041238,1654041238);
INSERT INTO player_score VALUES('53307b6c7',72,'49db0d16f','25eaa3e83',117040,1039,1653596298,1653596298);
INSERT INTO player_score VALUES('6026a88a6',72,'49db0d16f','2dc03c897',111888,1180,1653944234,1653944234);
INSERT INTO player_score VALUES('62b590cda',72,'49db0d16f','2fc698bb2',18954,1143,1654012906,1654012906);
INSERT INTO player_score VALUES('63b2b57ee',72,'49db0d16f','326c979e9',44820,1220,1654039450,1654039450);
INSERT INTO player_score VALUES('60fb2313c',72,'49db0d16f','3900b951a',1375,1007,1653966514,1653966514);
INSERT INTO player_score VALUES('55a912c96',72,'49db0d16f','396e657c4',200260,1039,1653662630,1653662630);
INSERT INTO player_score VALUES('523517f68',72,'49db0d16f','3f581b3ff',98434,791,1653569938,1653569938);
INSERT INTO player_score VALUES('4d94029af',72,'49db0d16f','47aab0f0e',42140,710,1653445673,1653445673);
INSERT INTO player_score VALUES('626c7c4ee',72,'49db0d16f','4a00d5ee3',21060,1202,1654005243,1654005243);
INSERT INTO player_score VALUES('63a229a9e',72,'49db0d16f','4f4150f45',3588,1132,1654037715,1654037715);
INSERT INTO player_score VALUES('5be56dc63',72,'49db0d16f','55061e7d3',396,1049,1653830020,1653830020);
INSERT INTO player_score VALUES('5f472ca28',72,'4a7b31323','1e150dbd8',56448,1193,1653920800,1653920800);
INSERT INTO player_score VALUES('541f8a261',72,'4a7b31323','25eaa3e83',37791,1060,1653621365,1653621365);
INSERT INTO player_score VALUES('5fbd2c27b',72,'4a7b31323','2dc03c897',89600,1163,1653933173,1653933173);
INSERT INTO player_score VALUES('6240aeec0',72,'4a7b31323','326c979e9',288640,1178,1654000650,1654000650);
INSERT INTO player_score VALUES('559d24946',72,'4a7b31323','396e657c4',6882,1034,1653661379,1653661379);
INSERT INTO player_score VALUES('53330c2d6',72,'4a7b31323','3f581b3ff',672300,827,1653596567,1653596567);
INSERT INTO player_score VALUES('4ed61aaca',72,'4a7b31323','47aab0f0e',215004,855,1653479447,1653479447);
INSERT INTO player_score VALUES('6393c0b1e',72,'4a7b31323','4a00d5ee3',5780,1267,1654036204,1654036204);
INSERT INTO player_score VALUES('63232e512',72,'4a7b31323','4f4150f45',237046,1097,1654024400,1654024400);
INSERT INTO player_score VALUES('5c18008e0',72,'4a7b31323','55061e7d3',444222,1083,1653835323,1653835323);
INSERT INTO player_score VALUES('5d41da8d6',72,'4b08511b9','1e150dbd8',717535,1168,1653866555,1653866555);
INSERT INTO player_score VALUES('5f1418755',72,'4b08511b9','240feb98b',77400,1176,1653915444,1653915444);
INSERT INTO player_score VALUES('5194b6d48',72,'4b08511b9','25eaa3e83',130680,1005,1653553121,1653553121);
INSERT INTO player_score VALUES('59a41309b',72,'4b08511b9','2dc03c897',187392,1013,1653769480,1653769480);
INSERT INTO player_score VALUES('63940ed00',72,'4b08511b9','2fc698bb2',105228,1164,1654036236,1654036236);
INSERT INTO player_score VALUES('5c8fb0363',72,'4b08511b9','3900b951a',26588,890,1653847873,1653847873);
INSERT INTO player_score VALUES('51dd84887',72,'4b08511b9','396e657c4',461834,891,1653560755,1653560755);
INSERT INTO player_score VALUES('54635d70c',72,'4b08511b9','3f581b3ff',88800,883,1653628477,1653628477);
INSERT INTO player_score VALUES('4eaf5daa4',72,'4b08511b9','47aab0f0e',377910,835,1653475385,1653475385);
INSERT INTO player_score VALUES('63a33b198',72,'4b08511b9','4a00d5ee3',145860,1268,1654037827,1654037827);
INSERT INTO player_score VALUES('6363f6c97',72,'4b08511b9','4f4150f45',24440,1112,1654031193,1654031193);
INSERT INTO player_score VALUES('5c076fd4e',72,'4b08511b9','55061e7d3',283198,1073,1653833586,1653833586);
INSERT INTO player_score VALUES('59dc12fae',72,'4cc79e65b','1e150dbd8',15015,1097,1653775352,1653775352);
INSERT INTO player_score VALUES('636befcf6',72,'4cc79e65b','240feb98b',44604,1260,1654032029,1654032029);
INSERT INTO player_score VALUES('54e245396',72,'4cc79e65b','25eaa3e83',800,1083,1653641784,1653641784);
INSERT INTO player_score VALUES('62d26c7eb',72,'4cc79e65b','2dc03c897',11088,1236,1654015932,1654015932);
INSERT INTO player_score VALUES('619b07b3b',72,'4cc79e65b','2fc698bb2',394831,1122,1653983280,1653983280);
INSERT INTO player_score VALUES('5b9188bc4',72,'4cc79e65b','326c979e9',3192,1038,1653821223,1653821223);
INSERT INTO player_score VALUES('62886b2de',72,'4cc79e65b','3900b951a',117450,1044,1654008172,1654008172);
INSERT INTO player_score VALUES('516dcde20',72,'4cc79e65b','396e657c4',53280,878,1653549041,1653549041);
INSERT INTO player_score VALUES('54d7dda81',72,'4cc79e65b','3f581b3ff',119168,903,1653640693,1653640693);
INSERT INTO player_score VALUES('61fb0bc53',72,'4cc79e65b','4a00d5ee3',24768,1177,1653993348,1653993348);
INSERT INTO player_score VALUES('627ec6eed',72,'4cc79e65b','4f4150f45',14560,1054,1654007161,1654007161);
INSERT INTO player_score VALUES('5c1d506a3',72,'4cc79e65b','55061e7d3',62320,1086,1653835880,1653835880);
INSERT INTO player_score VALUES('5ece6dfcf',72,'4cf65945a','1e150dbd8',42240,1183,1653908139,1653908139);
INSERT INTO player_score VALUES('5f47ab988',72,'4cf65945a','240feb98b',269136,1179,1653920852,1653920852);
INSERT INTO player_score VALUES('55f3930b9',72,'4cf65945a','25eaa3e83',23976,1108,1653670442,1653670442);
INSERT INTO player_score VALUES('606c50929',72,'4cf65945a','2dc03c897',0,1187,1653951538,1653951538);
INSERT INTO player_score VALUES('6181b5c2f',72,'4cf65945a','2fc698bb2',54000,1119,1653980625,1653980625);
INSERT INTO player_score VALUES('633ac8cbb',72,'4cf65945a','3900b951a',198000,1058,1654026875,1654026875);
INSERT INTO player_score VALUES('546955c1f',72,'4cf65945a','396e657c4',423300,997,1653629103,1653629103);
INSERT INTO player_score VALUES('4ed214628',72,'4cf65945a','47aab0f0e',5700,853,1653479025,1653479025);
INSERT INTO player_score VALUES('633af9a09',72,'4cf65945a','4a00d5ee3',184184,1244,1654026895,1654026895);
INSERT INTO player_score VALUES('6128e4f07',72,'4cf65945a','4f4150f45',4464,992,1653971312,1653971312);
INSERT INTO player_score VALUES('5c2cd7058',72,'4cf65945a','55061e7d3',132704,1093,1653837508,1653837508);
INSERT INTO player_score VALUES('5bf760832',72,'4ddbdc273','1e150dbd8',13600,1144,1653831902,1653831902);
INSERT INTO player_score VALUES('627a134d2',72,'4ddbdc273','240feb98b',976,1239,1654006668,1654006668);
INSERT INTO player_score VALUES('5eb7882cb',72,'4ddbdc273','2dc03c897',4368,1142,1653905738,1653905738);
INSERT INTO player_score VALUES('5fbb3c8cc',72,'4ddbdc273','2fc698bb2',421080,1086,1653932970,1653932970);
INSERT INTO player_score VALUES('6357a20e1',72,'4ddbdc273','326c979e9',5096,1210,1654029900,1654029900);
INSERT INTO player_score VALUES('619508111',72,'4ddbdc273','3900b951a',484224,1018,1653982651,1653982651);
INSERT INTO player_score VALUES('5487120d6',72,'4ddbdc273','396e657c4',205048,1004,1653632221,1653632221);
INSERT INTO player_score VALUES('5420a7cda',72,'4ddbdc273','3f581b3ff',18236,869,1653621482,1653621482);
INSERT INTO player_score VALUES('4e906dbd3',72,'4ddbdc273','47aab0f0e',210678,826,1653472141,1653472141);
INSERT INTO player_score VALUES('631c55669',72,'4ddbdc273','4a00d5ee3',201760,1240,1654023682,1654023682);
INSERT INTO player_score VALUES('63c466500',72,'4ddbdc273','4f4150f45',201376,1140,1654041305,1654041305);
INSERT INTO player_score VALUES('5c0fc5a00',72,'4ddbdc273','55061e7d3',17550,1079,1653834460,1653834460);
INSERT INTO player_score VALUES('62ed5febb',72,'52e903897','1e150dbd8',17424,1243,1654018758,1654018758);
INSERT INTO player_score VALUES('53977d0e4',72,'52e903897','25eaa3e83',174464,1048,1653607099,1653607099);
INSERT INTO player_score VALUES('626df9287',72,'52e903897','2dc03c897',6400,1230,1654005399,1654005399);
INSERT INTO player_score VALUES('6063bdc44',72,'52e903897','2fc698bb2',21716,1104,1653950639,1653950639);
INSERT INTO player_score VALUES('620b55b52',72,'52e903897','326c979e9',313040,1173,1653995056,1653995056);
INSERT INTO player_score VALUES('5f7d38191',72,'52e903897','3900b951a',138996,966,1653926467,1653926467);
INSERT INTO player_score VALUES('55f5173e8',72,'52e903897','396e657c4',161070,1053,1653670601,1653670601);
INSERT INTO player_score VALUES('548ce5c1d',72,'52e903897','3f581b3ff',1440,893,1653632832,1653632832);
INSERT INTO player_score VALUES('623f67c62',72,'52e903897','4a00d5ee3',6392,1195,1654000516,1654000516);
INSERT INTO player_score VALUES('60871a7ef',72,'52e903897','4f4150f45',64800,953,1653954347,1653954347);
INSERT INTO player_score VALUES('5b53780b7',72,'52e903897','55061e7d3',492480,958,1653814715,1653814715);
INSERT INTO player_score VALUES('632206ea2',72,'53882261a','1e150dbd8',18000,1246,1654024279,1654024279);
INSERT INTO player_score VALUES('632cf4c5a',72,'53882261a','240feb98b',21525,1256,1654025425,1654025425);
INSERT INTO player_score VALUES('55d37bb65',72,'53882261a','25eaa3e83',52560,1103,1653667077,1653667077);
INSERT INTO player_score VALUES('5d9868bfa',72,'53882261a','2fc698bb2',78960,1044,1653875631,1653875631);
INSERT INTO player_score VALUES('627d2a539',72,'53882261a','326c979e9',381612,1184,1654006992,1654006992);
INSERT INTO player_score VALUES('60ef4117d',72,'53882261a','3900b951a',156584,1006,1653965268,1653965268);
INSERT INTO player_score VALUES('5571dd7ad',72,'53882261a','396e657c4',57792,1032,1653656841,1653656841);
INSERT INTO player_score VALUES('63c3267a0',72,'53882261a','4a00d5ee3',3744,1269,1654041174,1654041174);
INSERT INTO player_score VALUES('63759684f',72,'53882261a','4f4150f45',40768,1116,1654033041,1654033041);
INSERT INTO player_score VALUES('5c2b4b838',72,'53882261a','55061e7d3',13090,1091,1653837346,1653837346);
INSERT INTO player_score VALUES('63a78f7c1',72,'5465f30da','1e150dbd8',415400,1255,1654038281,1654038281);
INSERT INTO player_score VALUES('62ffe2ab8',72,'5465f30da','240feb98b',21560,1251,1654020699,1654020699);
INSERT INTO player_score VALUES('558811152',72,'5465f30da','25eaa3e83',18368,1097,1653659169,1653659169);
INSERT INTO player_score VALUES('622f38b7e',72,'5465f30da','2dc03c897',94248,1227,1653998819,1653998819);
INSERT INTO player_score VALUES('62f0524f8',72,'5465f30da','2fc698bb2',16929,1148,1654019067,1654019067);
INSERT INTO player_score VALUES('603fbd71e',72,'5465f30da','326c979e9',63104,1135,1653946864,1653946864);
INSERT INTO player_score VALUES('62efac478',72,'5465f30da','3900b951a',2268,1050,1654018999,1654018999);
INSERT INTO player_score VALUES('53261da09',72,'5465f30da','396e657c4',131920,955,1653595211,1653595211);
INSERT INTO player_score VALUES('5327ae017',72,'5465f30da','3f581b3ff',34496,825,1653595375,1653595375);
INSERT INTO player_score VALUES('600e9dc55',72,'5465f30da','4a00d5ee3',1581,1077,1653941713,1653941713);
INSERT INTO player_score VALUES('6395d759d',72,'5465f30da','4f4150f45',366600,1126,1654036423,1654036423);
INSERT INTO player_score VALUES('5befeb564',72,'5465f30da','55061e7d3',5580,1058,1653831120,1653831120);
INSERT INTO player_score VALUES('5fd7f6123',72,'552e2c605','1e150dbd8',90896,1202,1653935982,1653935982);
INSERT INTO player_score VALUES('62a2ebda3',72,'552e2c605','240feb98b',36504,1246,1654010951,1654010951);
INSERT INTO player_score VALUES('55fb4c995',72,'552e2c605','25eaa3e83',33024,1109,1653671252,1653671252);
INSERT INTO player_score VALUES('6370b2137',72,'552e2c605','2dc03c897',130680,1250,1654032528,1654032528);
INSERT INTO player_score VALUES('633af9a08',72,'552e2c605','2fc698bb2',129398,1157,1654026895,1654026895);
INSERT INTO player_score VALUES('5c3774509',72,'552e2c605','326c979e9',6000,1054,1653838621,1653838621);
INSERT INTO player_score VALUES('63c5fb93a',72,'552e2c605','3900b951a',0,1075,1654041471,1654041471);
INSERT INTO player_score VALUES('6346380ac',72,'552e2c605','4a00d5ee3',135954,1246,1654028074,1654028074);
INSERT INTO player_score VALUES('63a10723e',72,'552e2c605','4f4150f45',279186,1131,1654037596,1654037596);
INSERT INTO player_score VALUES('5bd970ede',72,'552e2c605','55061e7d3',5346,1043,1653828763,1653828763);
INSERT INTO player_score VALUES('56b7a3ee2',72,'569dfc8a0','1e150dbd8',54810,1019,1653691001,1653691001);
INSERT INTO player_score VALUES('6280a7e3c',72,'569dfc8a0','240feb98b',147200,1240,1654007358,1654007358);
INSERT INTO player_score VALUES('608777426',72,'569dfc8a0','2dc03c897',21762,1188,1653954385,1653954385);
INSERT INTO player_score VALUES('619b81c79',72,'569dfc8a0','2fc698bb2',0,1123,1653983330,1653983330);
INSERT INTO player_score VALUES('62a903ebe',72,'569dfc8a0','326c979e9',77112,1193,1654011590,1654011590);
INSERT INTO player_score VALUES('61c0fef05',72,'569dfc8a0','3900b951a',18720,1022,1653987261,1653987261);
INSERT INTO player_score VALUES('61ab3ba3f',72,'569dfc8a0','4a00d5ee3',218268,1157,1653984979,1653984979);
INSERT INTO player_score VALUES('5c2f591e3',72,'569dfc8a0','55061e7d3',47232,1094,1653837771,1653837771);
INSERT INTO player_score VALUES('63b3babd1',72,'5709c2e00','1e150dbd8',216200,1257,1654039557,1654039557);
INSERT INTO player_score VALUES('619fd62e3',72,'5709c2e00','240feb98b',609120,1226,1653983784,1653983784);
INSERT INTO player_score VALUES('61d0c507b',72,'5709c2e00','2dc03c897',299796,1219,1653988915,1653988915);
INSERT INTO player_score VALUES('60ced44cf',72,'5709c2e00','2fc698bb2',524520,1111,1653961868,1653961868);
INSERT INTO player_score VALUES('638ca844f',72,'5709c2e00','326c979e9',33280,1216,1654035460,1654035460);
INSERT INTO player_score VALUES('63a0a57c2',72,'5709c2e00','3900b951a',57720,1071,1654037556,1654037556);
INSERT INTO player_score VALUES('633d6d137',72,'5709c2e00','4a00d5ee3',23800,1245,1654027152,1654027152);
INSERT INTO player_score VALUES('5c2c4e4c7',72,'5709c2e00','55061e7d3',31185,1092,1653837452,1653837452);
INSERT INTO player_score VALUES('5b7de5dc8',72,'579175a57','1e150dbd8',83538,1135,1653819164,1653819164);
INSERT INTO player_score VALUES('639b4e4ac',72,'579175a57','240feb98b',236672,1264,1654036996,1654036996);
INSERT INTO player_score VALUES('6326b3351',72,'579175a57','2dc03c897',114660,1243,1654024769,1654024769);
INSERT INTO player_score VALUES('5dea17682',72,'579175a57','2fc698bb2',38016,1051,1653884196,1653884196);
INSERT INTO player_score VALUES('610095214',72,'579175a57','326c979e9',56916,1154,1653967085,1653967085);
INSERT INTO player_score VALUES('60a3acef9',72,'579175a57','3900b951a',254184,995,1653957343,1653957343);
INSERT INTO player_score VALUES('6302cdc2b',72,'579175a57','4a00d5ee3',174699,1233,1654021005,1654021005);
INSERT INTO player_score VALUES('6311f523d',72,'579175a57','4f4150f45',20672,1091,1654022594,1654022594);
INSERT INTO player_score VALUES('63713d3b1',72,'58bee8102','1e150dbd8',27232,1251,1654032585,1654032585);
INSERT INTO player_score VALUES('63163ae37',72,'58bee8102','240feb98b',9256,1253,1654023042,1654023042);
INSERT INTO player_score VALUES('61e39fad8',72,'58bee8102','2dc03c897',118354,1223,1653990892,1653990892);
INSERT INTO player_score VALUES('6335fa56e',72,'58bee8102','2fc698bb2',1725,1156,1654026371,1654026371);
INSERT INTO player_score VALUES('5da9d2c58',72,'58bee8102','326c979e9',92664,1084,1653877457,1653877457);
INSERT INTO player_score VALUES('628d1ecaf',72,'58bee8102','4a00d5ee3',1045,1208,1654008665,1654008665);
INSERT INTO player_score VALUES('63124a968',72,'58bee8102','4f4150f45',21560,1092,1654022629,1654022629);
INSERT INTO player_score VALUES('5bec507b8',72,'58bee8102','55061e7d3',1280,1052,1653830742,1653830742);
INSERT INTO player_score VALUES('5c488b51d',72,'5bf078ed8','1e150dbd8',246974,1148,1653840413,1653840413);
INSERT INTO player_score VALUES('63aa5acf7',72,'5bf078ed8','240feb98b',7840,1265,1654038574,1654038574);
INSERT INTO player_score VALUES('61f2915e0',72,'5bf078ed8','2dc03c897',188955,1224,1653992459,1653992459);
INSERT INTO player_score VALUES('62b4b02ea',72,'5bf078ed8','2fc698bb2',362952,1142,1654012814,1654012814);
INSERT INTO player_score VALUES('62cdfd414',72,'5bf078ed8','326c979e9',444528,1200,1654015467,1654015467);
INSERT INTO player_score VALUES('60dac00f7',72,'5bf078ed8','3900b951a',15732,1002,1653963118,1653963118);
INSERT INTO player_score VALUES('61ff8c1e8',72,'5bf078ed8','4a00d5ee3',23520,1178,1653993820,1653993820);
INSERT INTO player_score VALUES('6220ed0ca',72,'5bf078ed8','4f4150f45',24592,1033,1653997320,1653997320);
INSERT INTO player_score VALUES('5c108b5f7',72,'5bf078ed8','55061e7d3',172480,1081,1653834541,1653834541);
INSERT INTO player_score VALUES('5d0223828',72,'5cf729754','1e150dbd8',109564,1160,1653859874,1653859874);
INSERT INTO player_score VALUES('63834d41d',72,'5cf729754','240feb98b',343140,1262,1654034479,1654034479);
INSERT INTO player_score VALUES('629cbb615',72,'5cf729754','2dc03c897',6426,1232,1654010302,1654010302);
INSERT INTO player_score VALUES('5fdb36947',72,'5cf729754','2fc698bb2',33750,1089,1653936323,1653936323);
INSERT INTO player_score VALUES('60be87ef8',72,'5cf729754','326c979e9',51136,1148,1653960159,1653960159);
INSERT INTO player_score VALUES('6263f0cdb',72,'5cf729754','4f4150f45',610428,1048,1654004347,1654004347);
INSERT INTO player_score VALUES('62ec89146',72,'5ff662263','1e150dbd8',758520,1242,1654018670,1654018670);
INSERT INTO player_score VALUES('5eef833b9',72,'5ff662263','240feb98b',0,1173,1653911608,1653911608);
INSERT INTO player_score VALUES('6260c160e',72,'5ff662263','2fc698bb2',102432,1138,1654004013,1654004013);
INSERT INTO player_score VALUES('610ad5a1d',72,'5ff662263','326c979e9',51744,1156,1653968160,1653968160);
INSERT INTO player_score VALUES('637e66635',72,'5ff662263','3900b951a',113390,1067,1654033965,1654033965);
INSERT INTO player_score VALUES('635337b10',72,'5ff662263','4a00d5ee3',454272,1252,1654029437,1654029437);
INSERT INTO player_score VALUES('638ae49f8',72,'5ff662263','4f4150f45',9108,1122,1654035275,1654035275);
INSERT INTO player_score VALUES('5f8e36ad3',72,'600cf2852','1e150dbd8',28836,1199,1653928249,1653928249);
INSERT INTO player_score VALUES('6172626b4',72,'600cf2852','240feb98b',54520,1223,1653979018,1653979018);
INSERT INTO player_score VALUES('605077adb',72,'600cf2852','2dc03c897',50460,1183,1653948618,1653948618);
INSERT INTO player_score VALUES('604a117b8',72,'600cf2852','2fc698bb2',63840,1102,1653947947,1653947947);
INSERT INTO player_score VALUES('638862856',72,'600cf2852','326c979e9',202730,1215,1654035012,1654035012);
INSERT INTO player_score VALUES('62344b89a',72,'600cf2852','3900b951a',40700,1035,1653999351,1653999351);
INSERT INTO player_score VALUES('6328d1355',72,'600cf2852','4a00d5ee3',46400,1242,1654024991,1654024991);
INSERT INTO player_score VALUES('634506df5',72,'600cf2852','4f4150f45',184464,1104,1654027949,1654027949);
INSERT INTO player_score VALUES('5ca080669',72,'6048811bd','1e150dbd8',43129,1152,1653849636,1653849636);
INSERT INTO player_score VALUES('52e2f05c0',72,'6048811bd','240feb98b',316875,952,1653588167,1653588167);
INSERT INTO player_score VALUES('611125da2',72,'6048811bd','2fc698bb2',78260,1113,1653968822,1653968822);
INSERT INTO player_score VALUES('637ae65fe',72,'6048811bd','3900b951a',76500,1065,1654033598,1654033598);
INSERT INTO player_score VALUES('63169a1b3',72,'6048811bd','4a00d5ee3',18837,1237,1654023081,1654023081);
INSERT INTO player_score VALUES('6318edcdd',72,'6048811bd','4f4150f45',4100,1094,1654023325,1654023325);
INSERT INTO player_score VALUES('5dee44bfd',72,'614491e6c','1e150dbd8',84180,1173,1653884634,1653884634);
INSERT INTO player_score VALUES('618aaf1fd',72,'614491e6c','240feb98b',12006,1225,1653981566,1653981566);
INSERT INTO player_score VALUES('5c257cb58',72,'614491e6c','2dc03c897',652500,1066,1653836737,1653836737);
INSERT INTO player_score VALUES('6346ccfb4',72,'614491e6c','2fc698bb2',82460,1158,1654028135,1654028135);
INSERT INTO player_score VALUES('5d122b83c',72,'614491e6c','326c979e9',203500,1070,1653861555,1653861555);
INSERT INTO player_score VALUES('5d37bea91',72,'614491e6c','3900b951a',49600,911,1653865495,1653865495);
INSERT INTO player_score VALUES('633838140',72,'614491e6c','4a00d5ee3',44616,1243,1654026606,1654026606);
INSERT INTO player_score VALUES('62ce949d8',72,'614491e6c','4f4150f45',79800,1074,1654015529,1654015529);
INSERT INTO player_score VALUES('591079644',72,'629314abf','1e150dbd8',116424,1073,1653754003,1653754003);
INSERT INTO player_score VALUES('637b8c665',72,'629314abf','240feb98b',29700,1261,1654033666,1654033666);
INSERT INTO player_score VALUES('629a0d5aa',72,'629314abf','2fc698bb2',1445,1140,1654010021,1654010021);
INSERT INTO player_score VALUES('633017fb7',72,'629314abf','326c979e9',65520,1207,1654025754,1654025754);
INSERT INTO player_score VALUES('5fd4676d5',72,'629314abf','3900b951a',333684,976,1653935609,1653935609);
INSERT INTO player_score VALUES('62fc344c0',72,'629314abf','4a00d5ee3',344850,1229,1654020313,1654020313);
INSERT INTO player_score VALUES('63374b411',72,'629314abf','4f4150f45',142786,1102,1654026509,1654026509);
COMMIT;
