
BEGIN;
CREATE TABLE IF NOT EXISTS competition (
  id VARCHAR(255) NOT NULL PRIMARY KEY,
  tenant_id BIGINT NOT NULL,
  title TEXT NOT NULL,
  finished_at BIGINT NULL,
  created_at BIGINT NOT NULL,
  updated_at BIGINT NOT NULL
);
INSERT INTO competition VALUES('2140caeac',73,'限界集落立川興信所 #3',1652701099,1652255831,1652701099);
INSERT INTO competition VALUES('2502fbb57',73,'コーヒーヒーローズ大会',1653237364,1652356724,1653237364);
INSERT INTO competition VALUES('2d6367e0f',73,'第7回 GPUの彼方',1653383602,1652581583,1653383602);
INSERT INTO competition VALUES('305a96759',73,'荻窪めし大会',1653464922,1652661189,1653464922);
INSERT INTO competition VALUES('323cbf15a',73,'グレープフルーツ組合杯',1653572950,1652711747,1653572950);
INSERT INTO competition VALUES('32b6bb203',73,'第5回 ノンアル洋梨パンチ',NULL,1652724538,1653781426);
INSERT INTO competition VALUES('33fd18ed8',73,'がんばれコンテナ通信社カップ',1653760956,1652758760,1653760956);
INSERT INTO competition VALUES('3e1745789',73,'中華風桃乃風杯',1653625617,1653029940,1653625617);
INSERT INTO competition VALUES('41850af16',73,'第5回 ドラゴンフルーツオフライン',NULL,1653121981,1653631485);
INSERT INTO competition VALUES('42347febb',73,'第8回 当たるfastタウン',1653480852,1653140379,1653480852);
INSERT INTO competition VALUES('44b69e43e',73,'にんじん茶',NULL,1653207710,1653483551);
INSERT INTO competition VALUES('46d79fbd6',73,'並列鎌倉コミック大会',NULL,1653264858,1653493932);
INSERT INTO competition VALUES('4ada2d983',73,'よく効くモリス依存症カップ',NULL,1653372500,1653382981);
INSERT INTO competition VALUES('4c78b3bf5',73,'第1回 パイナップル通信社',NULL,1653415966,1653679526);
INSERT INTO competition VALUES('4fee1098d',73,'カルボナーラBETTER大会',NULL,1653508803,1653708592);
INSERT INTO competition VALUES('5168e2202',73,'サルでもわかる下北沢PERFECTカップ',1653650106,1653548525,1653650106);
INSERT INTO competition VALUES('57f3583ef',73,'第6回 横浜こわれました',NULL,1653724105,1653946347);
INSERT INTO competition VALUES('5a7f074b7',73,'仮面二子玉川田中',NULL,1653792439,1653860072);
INSERT INTO competition VALUES('5ee58bf52',73,'東パエリア事務所大会',1654022196,1653910563,1654022196);
CREATE TABLE IF NOT EXISTS player (
  id VARCHAR(255) NOT NULL PRIMARY KEY,
  tenant_id BIGINT NOT NULL,
  display_name TEXT NOT NULL,
  is_disqualified BOOLEAN NOT NULL,
  created_at BIGINT NOT NULL,
  updated_at BIGINT NOT NULL
);
INSERT INTO player VALUES('1d85b016c',73,'Kasey Cormier',0,1652155681,1652895977);
INSERT INTO player VALUES('1de6db924',73,'Sammie Waelchi III',0,1652165870,1652435502);
INSERT INTO player VALUES('1f4dc3738',73,'Aliyah Bode',1,1652203504,1652643395);
INSERT INTO player VALUES('1f514fa72',73,'Anna Quigley',0,1652203876,1652814356);
INSERT INTO player VALUES('1f7ebc0f1',73,'Pearline Bergstrom',0,1652208639,1653987510);
INSERT INTO player VALUES('1fec5e78c',73,'Edna Wilderman',0,1652220135,1653804539);
INSERT INTO player VALUES('2061e3ed9',73,'Alverta Christiansen',0,1652232458,1652531340);
INSERT INTO player VALUES('2071c9c1b',73,'Otilia Ebert',0,1652234125,1653818695);
INSERT INTO player VALUES('221261b36',73,'Laurel Weimann',0,1652277808,1653219850);
INSERT INTO player VALUES('230ef8cba',73,'Marina Herzog',0,1652304294,1653482394);
INSERT INTO player VALUES('26709a5c2',73,'Orlando Bayer',0,1652395062,1653356467);
INSERT INTO player VALUES('26d807640',73,'Nikolas Streich Sr.',1,1652405907,1652982750);
INSERT INTO player VALUES('2750ed1db',73,'Ms. Verdie Steuber III',0,1652418584,1653042295);
INSERT INTO player VALUES('27e941af3',73,'Onie Kuphal',0,1652434557,1653491077);
INSERT INTO player VALUES('2a12ee67e',73,'Destiny Boyle',0,1652492614,1653027651);
INSERT INTO player VALUES('2b48cf06c',73,'Bradly Wiegand',0,1652525107,1653519334);
INSERT INTO player VALUES('2b777b468',73,'Mr. Nicklaus Hodkiewicz DVM',0,1652530001,1653203428);
INSERT INTO player VALUES('2bcfaaf13',73,'Grayce Botsford',0,1652539248,1653826084);
INSERT INTO player VALUES('2bdf69b56',73,'Mr. Madisen Goyette II',0,1652540899,1652568878);
INSERT INTO player VALUES('2bf5d7e71',73,'Kristofer Stiedemann',0,1652543251,1652576919);
INSERT INTO player VALUES('2e9468ee6',73,'Devonte Kuvalis',0,1652613565,1653065832);
INSERT INTO player VALUES('2ebb481b0',73,'Tod Bashirian',0,1652617641,1653010116);
INSERT INTO player VALUES('30046ecfd',73,'Mr. Jamel Schinner',1,1652652155,1653795249);
INSERT INTO player VALUES('308328356',73,'Jenifer Hills',0,1652665443,1652884811);
INSERT INTO player VALUES('32b43422b',73,'Lenny Goldner',1,1652724273,1652784813);
INSERT INTO player VALUES('351212afb',73,'Erika Rutherford',0,1652787803,1653290480);
INSERT INTO player VALUES('35e4aeb3c',73,'Enid Hilpert',0,1652809887,1653372471);
INSERT INTO player VALUES('363fe4510',73,'Abigayle Terry Jr.',0,1652819451,1652891771);
INSERT INTO player VALUES('378eb533d',73,'Kayleigh Mayer',1,1652854559,1653580117);
INSERT INTO player VALUES('3821276fc',73,'Abigail Streich',0,1652869915,1652944592);
INSERT INTO player VALUES('38ff72288',73,'Raven Roob',0,1652893224,1653436671);
INSERT INTO player VALUES('3a1a13b1f',73,'Lukas Homenick',0,1652922860,1653007738);
INSERT INTO player VALUES('3bc98eadf',73,'Mr. Alessandro Nicolas',0,1652968104,1653548181);
INSERT INTO player VALUES('3cd08600f',73,'Ms. Ines Jacobs III',0,1652995678,1653536918);
INSERT INTO player VALUES('3d4c8a0d9',73,'Mable Windler',1,1653008682,1654018851);
INSERT INTO player VALUES('3d588bc78',73,'Lafayette Kuvalis',0,1653009941,1653325128);
INSERT INTO player VALUES('3d8f114ad',73,'Alena Lesch',0,1653015658,1653056533);
INSERT INTO player VALUES('3e21ccca2',73,'Judd Rosenbaum',0,1653031044,1653628204);
INSERT INTO player VALUES('3ef873f4b',73,'Lisandro Dooley II',0,1653053552,1653466405);
INSERT INTO player VALUES('3f6965882',73,'Ms. Jody Block',0,1653065395,1653067243);
INSERT INTO player VALUES('3f7631e69',73,'Guadalupe Corkery',0,1653066737,1653673050);
INSERT INTO player VALUES('402b22b3e',73,'Nora Heller',0,1653085710,1653860664);
INSERT INTO player VALUES('4183f70fd',73,'Lawson Padberg',0,1653121868,1653393810);
INSERT INTO player VALUES('41f9c82f9',73,'Mekhi Koelpin',0,1653134222,1653901693);
INSERT INTO player VALUES('451ccdeed',73,'Mr. General Murazik II',0,1653218425,1653313355);
INSERT INTO player VALUES('45414d2fa',73,'Mr. Blake Konopelski III',0,1653222252,1653975138);
INSERT INTO player VALUES('466b5f539',73,'Cole Schuppe',0,1653253507,1653335631);
INSERT INTO player VALUES('467e39fcb',73,'Gisselle Hayes DVM',0,1653255484,1653651240);
INSERT INTO player VALUES('4779320ad',73,'Alvera O"Hara',0,1653281800,1653461096);
INSERT INTO player VALUES('48aa5c9cc',73,'Evalyn Rolfson',1,1653313799,1653512187);
INSERT INTO player VALUES('48c351c22',73,'Bradley Langosh',0,1653316416,1653620312);
INSERT INTO player VALUES('49d9ef74f',73,'Rupert Gottlieb',0,1653345631,1653514834);
INSERT INTO player VALUES('49e38ed19',73,'Jefferey Rau',0,1653346640,1653614222);
INSERT INTO player VALUES('4abb4ec22',73,'Mr. Jo Jones V',0,1653369263,1653477219);
INSERT INTO player VALUES('4c505c99e',73,'Orlando Fisher',1,1653411736,1653975497);
INSERT INTO player VALUES('4cd03d69c',73,'Clemmie McDermott',0,1653425145,1653790705);
INSERT INTO player VALUES('4cd225b3c',73,'Bret Russel',0,1653425345,1653691163);
INSERT INTO player VALUES('4d631d87e',73,'Myrtle Waelchi',0,1653440546,1653831098);
INSERT INTO player VALUES('4e0fb617d',73,'Oceane Prosacco',0,1653458644,1653596472);
INSERT INTO player VALUES('4e3e8e446',73,'Brandt Sauer',0,1653463556,1653674775);
INSERT INTO player VALUES('514897888',73,'Edna Veum',0,1653545139,1653596374);
INSERT INTO player VALUES('51a0c7331',73,'Jayce Senger',0,1653554386,1653735634);
INSERT INTO player VALUES('51eb4027b',73,'Elias Pfeffer',0,1653562195,1653640173);
INSERT INTO player VALUES('52803bcc8',73,'Veda Kutch PhD',0,1653577817,1653871911);
INSERT INTO player VALUES('54d0fd65e',73,'Jake Breitenberg',0,1653639972,1653844428);
INSERT INTO player VALUES('5768c69a2',73,'Mellie Murray',0,1653709575,1653900500);
INSERT INTO player VALUES('579158573',73,'Giovanna Kohler',0,1653713829,1653983548);
INSERT INTO player VALUES('58b1a4110',73,'Alexandrine Leuschke',0,1653744059,1654026829);
INSERT INTO player VALUES('5991f93f6',73,'Mr. Doug Reichert III',0,1653767582,1653808536);
INSERT INTO player VALUES('59a01688a',73,'Ms. Luisa Sipes',0,1653769062,1653999202);
INSERT INTO player VALUES('59c92e904',73,'Ms. Audie Abshire',1,1653773371,1653903935);
INSERT INTO player VALUES('5a8024ee6',73,'Mr. Wilbert Miller III',0,1653792556,1653826133);
INSERT INTO player VALUES('5a841c8de',73,'Margarita Stoltenberg',0,1653792972,1653837908);
INSERT INTO player VALUES('5b8ac0e29',73,'Mabel Schmeler',0,1653820512,1653935685);
INSERT INTO player VALUES('5baee5d0a',73,'Kirsten Bednar',0,1653824302,1654001910);
INSERT INTO player VALUES('5bbbde21c',73,'Tyreek Rohan',0,1653825662,1653934341);
INSERT INTO player VALUES('5d2a9a6b1',73,'Ms. Allie Kunde Jr.',0,1653864117,1653992519);
INSERT INTO player VALUES('5e2dd4b59',73,'Milford Paucek',0,1653891299,1653921402);
INSERT INTO player VALUES('5e638d297',73,'Carlotta Sanford',0,1653896932,1653960248);
INSERT INTO player VALUES('60ae56729',73,'Howell Ritchie',0,1653958461,1654012020);
INSERT INTO player VALUES('612a9ed8c',73,'Cleta Oberbrunner',0,1653971493,1654034378);
INSERT INTO player VALUES('61ee38146',73,'Mafalda Bednar',0,1653992003,1654038459);
INSERT INTO player VALUES('624043837',73,'Nicolette Rau',0,1654000606,1654020101);
INSERT INTO player VALUES('62468ed2d',73,'Vida Bayer',0,1654001266,1654010010);
CREATE TABLE IF NOT EXISTS IF NOT EXISTS player_score (
                              id VARCHAR(255) NOT NULL PRIMARY KEY,
                              tenant_id BIGINT NOT NULL,
                              player_id VARCHAR(255) NOT NULL,
                              competition_id VARCHAR(255) NOT NULL,
                              score BIGINT NOT NULL,
                              row_num BIGINT NOT NULL,
                              created_at BIGINT NOT NULL,
                              updated_at BIGINT NOT NULL
);
INSERT INTO player_score VALUES('30332e94a',73,'1d85b016c','2140caeac',47250,412,1652657057,1652657057);
INSERT INTO player_score VALUES('45381e1b4',73,'1d85b016c','2502fbb57',692874,787,1653221289,1653221289);
INSERT INTO player_score VALUES('4b3685bcc',73,'1d85b016c','2d6367e0f',155775,1007,1653382183,1653382183);
INSERT INTO player_score VALUES('4c13a69f8',73,'1d85b016c','305a96759',120000,1006,1653405370,1653405370);
INSERT INTO player_score VALUES('4ff73fab6',73,'1d85b016c','323cbf15a',215698,981,1653509766,1653509766);
INSERT INTO player_score VALUES('613041b56',73,'1d85b016c','32b6bb203',650,1389,1653972084,1653972084);
INSERT INTO player_score VALUES('59019b3ff',73,'1d85b016c','33fd18ed8',112654,1145,1653752444,1653752444);
INSERT INTO player_score VALUES('530a6472d',73,'1d85b016c','3e1745789',18368,1192,1653592304,1653592304);
INSERT INTO player_score VALUES('5ce0fd315',73,'1d85b016c','41850af16',284544,1329,1653856398,1653856398);
INSERT INTO player_score VALUES('4ea908951',73,'1d85b016c','42347febb',98400,1068,1653474721,1653474721);
INSERT INTO player_score VALUES('625696d83',73,'1d85b016c','46d79fbd6',396880,1393,1654002947,1654002947);
INSERT INTO player_score VALUES('60b40a64c',73,'1d85b016c','4ada2d983',5952,1461,1653959059,1653959059);
INSERT INTO player_score VALUES('639f521cd',73,'1d85b016c','4c78b3bf5',288100,1738,1654037417,1654037417);
INSERT INTO player_score VALUES('62bebfe22',73,'1d85b016c','4fee1098d',157780,1401,1654013869,1654013869);
INSERT INTO player_score VALUES('55303bb85',73,'1d85b016c','5168e2202',53196,1119,1653649959,1653649959);
INSERT INTO player_score VALUES('6208dd61b',73,'1d85b016c','57f3583ef',20280,1308,1653994797,1653994797);
INSERT INTO player_score VALUES('6385d43da',73,'1d85b016c','5a7f074b7',388542,1695,1654034744,1654034744);
INSERT INTO player_score VALUES('62fca70b7',73,'1d85b016c','5ee58bf52',10800,1461,1654020360,1654020360);
INSERT INTO player_score VALUES('31d375f35',73,'1de6db924','2140caeac',204984,446,1652700707,1652700707);
INSERT INTO player_score VALUES('43a581455',73,'1de6db924','2502fbb57',16590,750,1653179072,1653179072);
INSERT INTO player_score VALUES('4a9668f3f',73,'1de6db924','2d6367e0f',7410,992,1653365394,1653365394);
INSERT INTO player_score VALUES('4b6652112',73,'1de6db924','305a96759',216240,986,1653387195,1653387195);
INSERT INTO player_score VALUES('4fffd75b7',73,'1de6db924','323cbf15a',0,982,1653510667,1653510667);
INSERT INTO player_score VALUES('639becfb5',73,'1de6db924','32b6bb203',182780,1469,1654037061,1654037061);
INSERT INTO player_score VALUES('570e9fffe',73,'1de6db924','33fd18ed8',86240,1079,1653700122,1653700122);
INSERT INTO player_score VALUES('5333ca972',73,'1de6db924','3e1745789',40716,1202,1653596645,1653596645);
INSERT INTO player_score VALUES('61b05d22d',73,'1de6db924','41850af16',73216,1558,1653985517,1653985517);
INSERT INTO player_score VALUES('62bb9a346',73,'1de6db924','44b69e43e',112880,1468,1654013539,1654013539);
INSERT INTO player_score VALUES('62b079172',73,'1de6db924','46d79fbd6',8532,1414,1654012372,1654012372);
INSERT INTO player_score VALUES('6018f6b1a',73,'1de6db924','4ada2d983',95418,1419,1653942798,1653942798);
INSERT INTO player_score VALUES('62a55316d',73,'1de6db924','4c78b3bf5',18603,1667,1654011203,1654011203);
INSERT INTO player_score VALUES('620226a1a',73,'1de6db924','4fee1098d',161500,1348,1653994093,1653994093);
INSERT INTO player_score VALUES('63b19f2d3',73,'1de6db924','5a7f074b7',110544,1727,1654039336,1654039336);
INSERT INTO player_score VALUES('62eef2c0e',73,'1de6db924','5ee58bf52',536796,1441,1654018923,1654018923);
INSERT INTO player_score VALUES('40d8f3c28',73,'1f4dc3738','2502fbb57',152000,667,1653103936,1653103936);
INSERT INTO player_score VALUES('4a545bc7c',73,'1f4dc3738','2d6367e0f',418652,977,1653358468,1653358468);
INSERT INTO player_score VALUES('4b03dcf79',73,'1f4dc3738','305a96759',26928,970,1653376871,1653376871);
INSERT INTO player_score VALUES('5004fdb73',73,'1f4dc3738','323cbf15a',44352,983,1653511207,1653511207);
INSERT INTO player_score VALUES('6386a3c06',73,'1f4dc3738','32b6bb203',142600,1467,1654034829,1654034829);
INSERT INTO player_score VALUES('5406a131c',73,'1f4dc3738','3e1745789',20640,1252,1653618753,1653618753);
INSERT INTO player_score VALUES('633255b6f',73,'1f4dc3738','41850af16',68040,1634,1654025989,1654025989);
INSERT INTO player_score VALUES('4edbe9796',73,'1f4dc3738','42347febb',41354,1084,1653480056,1653480056);
INSERT INTO player_score VALUES('62dc18121',73,'1f4dc3738','44b69e43e',61100,1473,1654016946,1654016946);
INSERT INTO player_score VALUES('63b2e3e44',73,'1f4dc3738','46d79fbd6',58824,1460,1654039469,1654039469);
INSERT INTO player_score VALUES('61e0f8fac',73,'1f4dc3738','4ada2d983',15075,1540,1653990614,1653990614);
INSERT INTO player_score VALUES('63018debd',73,'1f4dc3738','4c78b3bf5',407484,1700,1654020874,1654020874);
INSERT INTO player_score VALUES('551fd6f50',73,'1f4dc3738','5168e2202',39525,1106,1653648240,1653648240);
INSERT INTO player_score VALUES('624168765',73,'1f4dc3738','57f3583ef',2835,1336,1654000726,1654000726);
INSERT INTO player_score VALUES('63c0feb81',73,'1f4dc3738','5a7f074b7',629472,1739,1654040948,1654040948);
INSERT INTO player_score VALUES('62ee3ba4f',73,'1f4dc3738','5ee58bf52',185220,1440,1654018848,1654018848);
INSERT INTO player_score VALUES('31b690803',73,'1f514fa72','2140caeac',319770,440,1652697677,1652697677);
INSERT INTO player_score VALUES('447431dcf',73,'1f514fa72','2502fbb57',114868,767,1653200745,1653200745);
INSERT INTO player_score VALUES('4903ebd93',73,'1f514fa72','2d6367e0f',507780,939,1653323190,1653323190);
INSERT INTO player_score VALUES('4e379f5eb',73,'1f514fa72','305a96759',11286,1097,1653462829,1653462829);
INSERT INTO player_score VALUES('5069c19f0',73,'1f514fa72','323cbf15a',24300,999,1653521773,1653521773);
INSERT INTO player_score VALUES('602ba085b',73,'1f514fa72','32b6bb203',236912,1356,1653944755,1653944755);
INSERT INTO player_score VALUES('58f374365',73,'1f514fa72','33fd18ed8',15990,1143,1653750960,1653750960);
INSERT INTO player_score VALUES('538c34e0b',73,'1f514fa72','3e1745789',65975,1222,1653605916,1653605916);
INSERT INTO player_score VALUES('616995020',73,'1f514fa72','41850af16',7888,1544,1653978095,1653978095);
INSERT INTO player_score VALUES('4ed306191',73,'1f514fa72','42347febb',244296,1081,1653479124,1653479124);
INSERT INTO player_score VALUES('638996269',73,'1f514fa72','46d79fbd6',13200,1452,1654035138,1654035138);
INSERT INTO player_score VALUES('63802a0a2',73,'1f514fa72','4ada2d983',88145,1647,1654034150,1654034150);
INSERT INTO player_score VALUES('638aac782',73,'1f514fa72','4c78b3bf5',578510,1734,1654035252,1654035252);
INSERT INTO player_score VALUES('6274a1428',73,'1f514fa72','57f3583ef',364188,1351,1654006097,1654006097);
INSERT INTO player_score VALUES('63752b195',73,'1f514fa72','5a7f074b7',99840,1686,1654032997,1654032997);
INSERT INTO player_score VALUES('627e988bc',73,'1f514fa72','5ee58bf52',579040,1269,1654007142,1654007142);
INSERT INTO player_score VALUES('31cfacba0',73,'1f7ebc0f1','2140caeac',717315,444,1652700310,1652700310);
INSERT INTO player_score VALUES('45a67c822',73,'1f7ebc0f1','2502fbb57',220590,804,1653232862,1653232862);
INSERT INTO player_score VALUES('47598d747',73,'1f7ebc0f1','2d6367e0f',433473,900,1653278482,1653278482);
INSERT INTO player_score VALUES('4d55fe221',73,'1f7ebc0f1','305a96759',7872,1062,1653439170,1653439170);
INSERT INTO player_score VALUES('50f2aa745',73,'1f7ebc0f1','323cbf15a',38800,1018,1653536129,1653536129);
INSERT INTO player_score VALUES('620cb5438',73,'1f7ebc0f1','32b6bb203',12960,1427,1653995200,1653995200);
INSERT INTO player_score VALUES('58b43c1c7',73,'1f7ebc0f1','33fd18ed8',340692,1129,1653744331,1653744331);
INSERT INTO player_score VALUES('53c3f2e45',73,'1f7ebc0f1','3e1745789',163072,1236,1653611761,1653611761);
INSERT INTO player_score VALUES('6027c8a0a',73,'1f7ebc0f1','41850af16',121380,1486,1653944352,1653944352);
INSERT INTO player_score VALUES('4e5b9fafe',73,'1f7ebc0f1','42347febb',17169,1042,1653466604,1653466604);
INSERT INTO player_score VALUES('6361e0219',73,'1f7ebc0f1','44b69e43e',0,1504,1654030974,1654030974);
INSERT INTO player_score VALUES('6278a039c',73,'1f7ebc0f1','46d79fbd6',17794,1400,1654006516,1654006516);
INSERT INTO player_score VALUES('6347c38da',73,'1f7ebc0f1','4ada2d983',125440,1632,1654028236,1654028236);
INSERT INTO player_score VALUES('62549896c',73,'1f7ebc0f1','4c78b3bf5',114264,1642,1654002738,1654002738);
INSERT INTO player_score VALUES('637630518',73,'1f7ebc0f1','4fee1098d',62400,1440,1654033104,1654033104);
INSERT INTO player_score VALUES('55220aed1',73,'1f7ebc0f1','5168e2202',262416,1109,1653648471,1653648471);
INSERT INTO player_score VALUES('635c6ba69',73,'1f7ebc0f1','57f3583ef',132308,1459,1654030402,1654030402);
INSERT INTO player_score VALUES('639285be9',73,'1f7ebc0f1','5a7f074b7',6916,1705,1654036075,1654036075);
INSERT INTO player_score VALUES('62d48cee9',73,'1f7ebc0f1','5ee58bf52',43120,1392,1654016155,1654016155);
INSERT INTO player_score VALUES('2f8c40353',73,'1fec5e78c','2140caeac',970200,395,1652639553,1652639553);
INSERT INTO player_score VALUES('490a98d6c',73,'1fec5e78c','2d6367e0f',16905,941,1653323890,1653323890);
INSERT INTO player_score VALUES('4e32ce776',73,'1fec5e78c','305a96759',0,1095,1653462324,1653462324);
INSERT INTO player_score VALUES('51581942f',73,'1fec5e78c','323cbf15a',74074,1032,1653546765,1653546765);
INSERT INTO player_score VALUES('62f6657c6',73,'1fec5e78c','32b6bb203',287742,1457,1654019704,1654019704);
INSERT INTO player_score VALUES('590309722',73,'1fec5e78c','33fd18ed8',5780,1146,1653752594,1653752594);
INSERT INTO player_score VALUES('543fc61e0',73,'1fec5e78c','3e1745789',93940,1263,1653624745,1653624745);
INSERT INTO player_score VALUES('61fd8b6c7',73,'1fec5e78c','41850af16',16632,1577,1653993610,1653993610);
INSERT INTO player_score VALUES('4e9ae66b1',73,'1fec5e78c','42347febb',115227,1064,1653473239,1653473239);
INSERT INTO player_score VALUES('62f2a393a',73,'1fec5e78c','44b69e43e',153576,1477,1654019310,1654019310);
INSERT INTO player_score VALUES('6251b2629',73,'1fec5e78c','46d79fbd6',77220,1390,1654002434,1654002434);
INSERT INTO player_score VALUES('63184f20b',73,'1fec5e78c','4ada2d983',237048,1613,1654023260,1654023260);
INSERT INTO player_score VALUES('62fe17b15',73,'1fec5e78c','4c78b3bf5',17556,1699,1654020511,1654020511);
INSERT INTO player_score VALUES('63846124c',73,'1fec5e78c','4fee1098d',5500,1446,1654034592,1654034592);
INSERT INTO player_score VALUES('6359a0503',73,'1fec5e78c','57f3583ef',71022,1458,1654030109,1654030109);
INSERT INTO player_score VALUES('633fbe557',73,'1fec5e78c','5a7f074b7',93450,1645,1654027395,1654027395);
INSERT INTO player_score VALUES('62b86acb9',73,'1fec5e78c','5ee58bf52',180000,1352,1654013205,1654013205);
INSERT INTO player_score VALUES('2eae6aa88',73,'2061e3ed9','2140caeac',49062,374,1652616292,1652616292);
INSERT INTO player_score VALUES('42eeb4631',73,'2061e3ed9','2502fbb57',5929,720,1653159904,1653159904);
INSERT INTO player_score VALUES('444940368',73,'2061e3ed9','2d6367e0f',47600,804,1653196242,1653196242);
INSERT INTO player_score VALUES('48f8a6193',73,'2061e3ed9','305a96759',79023,905,1653322008,1653322008);
INSERT INTO player_score VALUES('51567f19e',73,'2061e3ed9','323cbf15a',73920,1031,1653546597,1653546597);
INSERT INTO player_score VALUES('629ead6ed',73,'2061e3ed9','32b6bb203',38552,1449,1654010506,1654010506);
INSERT INTO player_score VALUES('589a5c964',73,'2061e3ed9','33fd18ed8',33264,1127,1653741618,1653741618);
INSERT INTO player_score VALUES('52318bbe1',73,'2061e3ed9','3e1745789',38220,1147,1653569566,1653569566);
INSERT INTO player_score VALUES('61423e36e',73,'2061e3ed9','41850af16',45144,1537,1653973970,1653973970);
INSERT INTO player_score VALUES('4e302ca0a',73,'2061e3ed9','42347febb',165312,1028,1653462048,1653462048);
INSERT INTO player_score VALUES('632e174e7',73,'2061e3ed9','4ada2d983',21924,1619,1654025544,1654025544);
INSERT INTO player_score VALUES('6306ccb5b',73,'2061e3ed9','4c78b3bf5',188,1702,1654021424,1654021424);
INSERT INTO player_score VALUES('60552b4a2',73,'2061e3ed9','4fee1098d',20832,1227,1653949111,1653949111);
INSERT INTO player_score VALUES('54e133c90',73,'2061e3ed9','5168e2202',594,1039,1653641672,1653641672);
INSERT INTO player_score VALUES('638caf9c9',73,'2061e3ed9','57f3583ef',1944,1480,1654035463,1654035463);
INSERT INTO player_score VALUES('63bda839c',73,'2061e3ed9','5a7f074b7',790,1737,1654040598,1654040598);
INSERT INTO player_score VALUES('62f1132eb',73,'2061e3ed9','5ee58bf52',225,1443,1654019146,1654019146);
INSERT INTO player_score VALUES('31569d800',73,'2071c9c1b','2140caeac',25160,432,1652687616,1652687616);
INSERT INTO player_score VALUES('44a59ac8b',73,'2071c9c1b','2502fbb57',8085,770,1653205926,1653205926);
INSERT INTO player_score VALUES('4aef76cdb',73,'2071c9c1b','2d6367e0f',492840,998,1653374732,1653374732);
INSERT INTO player_score VALUES('4cf1d19bb',73,'2071c9c1b','305a96759',80388,1046,1653428666,1653428666);
INSERT INTO player_score VALUES('4f7709653',73,'2071c9c1b','323cbf15a',179080,972,1653496322,1653496322);
INSERT INTO player_score VALUES('5e25f8fb8',73,'2071c9c1b','32b6bb203',207400,1302,1653890475,1653890475);
INSERT INTO player_score VALUES('5542901c5',73,'2071c9c1b','33fd18ed8',185566,1022,1653651881,1653651881);
INSERT INTO player_score VALUES('5414753d4',73,'2071c9c1b','3e1745789',2736,1254,1653620203,1653620203);
INSERT INTO player_score VALUES('4d8d9518d',73,'2071c9c1b','42347febb',121440,980,1653444999,1653444999);
INSERT INTO player_score VALUES('6216f5c8f',73,'2071c9c1b','44b69e43e',73644,1434,1653996275,1653996275);
INSERT INTO player_score VALUES('62a8c2011',73,'2071c9c1b','46d79fbd6',80512,1410,1654011563,1654011563);
INSERT INTO player_score VALUES('63048054b',73,'2071c9c1b','4ada2d983',367701,1607,1654021183,1654021183);
INSERT INTO player_score VALUES('6381ba6a3',73,'2071c9c1b','4c78b3bf5',514650,1728,1654034314,1654034314);
INSERT INTO player_score VALUES('6399c7aa2',73,'2071c9c1b','4fee1098d',147312,1453,1654036836,1654036836);
INSERT INTO player_score VALUES('5530ce358',73,'2071c9c1b','5168e2202',105792,1120,1653650019,1653650019);
INSERT INTO player_score VALUES('63250581a',73,'2071c9c1b','57f3583ef',73008,1436,1654024593,1654024593);
INSERT INTO player_score VALUES('637d687b1',73,'2071c9c1b','5a7f074b7',26600,1690,1654033861,1654033861);
INSERT INTO player_score VALUES('630af7963',73,'2071c9c1b','5ee58bf52',188190,1480,1654021861,1654021861);
INSERT INTO player_score VALUES('310a412de',73,'221261b36','2140caeac',28392,421,1652679609,1652679609);
INSERT INTO player_score VALUES('4a1f50ae0',73,'221261b36','2d6367e0f',20944,970,1653352906,1653352906);
INSERT INTO player_score VALUES('4e466ee21',73,'221261b36','305a96759',33280,1101,1653464382,1653464382);
INSERT INTO player_score VALUES('4ff4c000e',73,'221261b36','323cbf15a',290928,980,1653509504,1653509504);
INSERT INTO player_score VALUES('6115d9795',73,'221261b36','32b6bb203',304326,1380,1653969315,1653969315);
INSERT INTO player_score VALUES('5810561c1',73,'221261b36','33fd18ed8',177074,1110,1653727145,1653727145);
INSERT INTO player_score VALUES('526d8aa64',73,'221261b36','3e1745789',212256,1157,1653575857,1653575857);
INSERT INTO player_score VALUES('62f821cf5',73,'221261b36','41850af16',4760,1624,1654019886,1654019886);
INSERT INTO player_score VALUES('4ec0a30f7',73,'221261b36','42347febb',71064,1077,1653477196,1653477196);
INSERT INTO player_score VALUES('63b1b798c',73,'221261b36','44b69e43e',54912,1518,1654039346,1654039346);
INSERT INTO player_score VALUES('5b4d75fb3',73,'221261b36','46d79fbd6',47424,1042,1653814085,1653814085);
INSERT INTO player_score VALUES('61cb9ead2',73,'221261b36','4ada2d983',20680,1529,1653988375,1653988375);
INSERT INTO player_score VALUES('6317cb468',73,'221261b36','4c78b3bf5',82467,1709,1654023206,1654023206);
INSERT INTO player_score VALUES('5511a894f',73,'221261b36','5168e2202',389760,1092,1653646753,1653646753);
INSERT INTO player_score VALUES('63986334f',73,'221261b36','57f3583ef',22320,1485,1654036690,1654036690);
INSERT INTO player_score VALUES('634bb8bc3',73,'221261b36','5a7f074b7',5808,1655,1654028651,1654028651);
INSERT INTO player_score VALUES('62d3aec1e',73,'221261b36','5ee58bf52',76800,1390,1654016064,1654016064);
INSERT INTO player_score VALUES('309c27253',73,'230ef8cba','2140caeac',136367,418,1652668064,1652668064);
INSERT INTO player_score VALUES('424c4b3b8',73,'230ef8cba','2502fbb57',3600,707,1653142874,1653142874);
INSERT INTO player_score VALUES('4a3731f6b',73,'230ef8cba','2d6367e0f',0,971,1653355410,1653355410);
INSERT INTO player_score VALUES('4df29606f',73,'230ef8cba','305a96759',90168,1084,1653455590,1653455590);
INSERT INTO player_score VALUES('51d45cc54',73,'230ef8cba','323cbf15a',95550,1045,1653559795,1653559795);
INSERT INTO player_score VALUES('636355ad5',73,'230ef8cba','32b6bb203',6336,1465,1654031127,1654031127);
INSERT INTO player_score VALUES('574636f4f',73,'230ef8cba','33fd18ed8',186900,1083,1653705951,1653705951);
INSERT INTO player_score VALUES('5403399f4',73,'230ef8cba','3e1745789',268272,1251,1653618396,1653618396);
INSERT INTO player_score VALUES('62f3a1793',73,'230ef8cba','41850af16',39600,1622,1654019414,1654019414);
INSERT INTO player_score VALUES('4d2ce13bf',73,'230ef8cba','42347febb',201782,935,1653434859,1653434859);
INSERT INTO player_score VALUES('61b4ced46',73,'230ef8cba','44b69e43e',644688,1407,1653985983,1653985983);
INSERT INTO player_score VALUES('62e0540f4',73,'230ef8cba','46d79fbd6',4692,1421,1654017390,1654017390);
INSERT INTO player_score VALUES('62da5e322',73,'230ef8cba','4ada2d983',129762,1598,1654016765,1654016765);
INSERT INTO player_score VALUES('63271ea36',73,'230ef8cba','4c78b3bf5',377718,1714,1654024813,1654024813);
INSERT INTO player_score VALUES('6374ae934',73,'230ef8cba','4fee1098d',217566,1439,1654032946,1654032946);
INSERT INTO player_score VALUES('54d0464dd',73,'230ef8cba','5168e2202',40052,1018,1653639897,1653639897);
INSERT INTO player_score VALUES('63ac458d4',73,'230ef8cba','57f3583ef',244530,1499,1654038775,1654038775);
INSERT INTO player_score VALUES('62eea7100',73,'230ef8cba','5a7f074b7',164010,1593,1654018892,1654018892);
INSERT INTO player_score VALUES('62f1689f0',73,'230ef8cba','5ee58bf52',116850,1445,1654019181,1654019181);
INSERT INTO player_score VALUES('3112291af',73,'26709a5c2','2140caeac',4968,422,1652680438,1652680438);
INSERT INTO player_score VALUES('421a94328',73,'26709a5c2','2502fbb57',86944,703,1653137661,1653137661);
INSERT INTO player_score VALUES('4a1d3a003',73,'26709a5c2','2d6367e0f',11368,968,1653352687,1653352687);
INSERT INTO player_score VALUES('511945414',73,'26709a5c2','323cbf15a',26875,1021,1653540177,1653540177);
INSERT INTO player_score VALUES('62470191d',73,'26709a5c2','32b6bb203',64881,1435,1654001313,1654001313);
INSERT INTO player_score VALUES('5098b23c7',73,'26709a5c2','3e1745789',42840,1066,1653526695,1653526695);
INSERT INTO player_score VALUES('636cfed1d',73,'26709a5c2','41850af16',48840,1642,1654032140,1654032140);
INSERT INTO player_score VALUES('5f2531e78',73,'26709a5c2','44b69e43e',81120,1262,1653917237,1653917237);
INSERT INTO player_score VALUES('637ddb358',73,'26709a5c2','46d79fbd6',0,1445,1654033908,1654033908);
INSERT INTO player_score VALUES('62b56ea04',73,'26709a5c2','4ada2d983',26520,1589,1654012892,1654012892);
INSERT INTO player_score VALUES('6356dc506',73,'26709a5c2','4fee1098d',282150,1432,1654029819,1654029819);
INSERT INTO player_score VALUES('54cfac7d1',73,'26709a5c2','5168e2202',4300,1016,1653639834,1653639834);
INSERT INTO player_score VALUES('63a59d726',73,'26709a5c2','57f3583ef',51336,1493,1654038077,1654038077);
INSERT INTO player_score VALUES('627ff0c7d',73,'26709a5c2','5a7f074b7',0,1516,1654007283,1654007283);
INSERT INTO player_score VALUES('62e94afd1',73,'26709a5c2','5ee58bf52',9184,1432,1654018330,1654018330);
INSERT INTO player_score VALUES('31272913e',73,'26d807640','2140caeac',210700,426,1652682640,1652682640);
INSERT INTO player_score VALUES('4407b6dca',73,'26d807640','2502fbb57',79477,759,1653189370,1653189370);
INSERT INTO player_score VALUES('4a1eb94eb',73,'26d807640','2d6367e0f',30702,969,1653352844,1653352844);
INSERT INTO player_score VALUES('4e437a0ba',73,'26d807640','305a96759',27690,1100,1653464072,1653464072);
INSERT INTO player_score VALUES('515e4e9aa',73,'26d807640','323cbf15a',273141,1034,1653547416,1653547416);
INSERT INTO player_score VALUES('626e055c4',73,'26d807640','32b6bb203',423360,1442,1654005404,1654005404);
INSERT INTO player_score VALUES('5948105ba',73,'26d807640','33fd18ed8',171108,1152,1653759832,1653759832);
INSERT INTO player_score VALUES('5272a9afd',73,'26d807640','3e1745789',152520,1160,1653576394,1653576394);
INSERT INTO player_score VALUES('62d6be72f',73,'26d807640','41850af16',40824,1619,1654016385,1654016385);
INSERT INTO player_score VALUES('4e615fdd5',73,'26d807640','42347febb',94302,1043,1653467207,1653467207);
INSERT INTO player_score VALUES('62d0954cb',73,'26d807640','44b69e43e',158080,1470,1654015739,1654015739);
INSERT INTO player_score VALUES('61731237b',73,'26d807640','46d79fbd6',376320,1353,1653979090,1653979090);
INSERT INTO player_score VALUES('63c700d0a',73,'26d807640','4ada2d983',0,1656,1654041578,1654041578);
INSERT INTO player_score VALUES('635c7a4cc',73,'26d807640','4c78b3bf5',290035,1721,1654030408,1654030408);
INSERT INTO player_score VALUES('60ee78e7c',73,'26d807640','4fee1098d',4158,1273,1653965186,1653965186);
INSERT INTO player_score VALUES('546da7b71',73,'26d807640','5168e2202',110682,887,1653629556,1653629556);
INSERT INTO player_score VALUES('63888e7ca',73,'26d807640','57f3583ef',20328,1478,1654035030,1654035030);
INSERT INTO player_score VALUES('617ccee04',73,'26d807640','5a7f074b7',66240,1325,1653980111,1653980111);
INSERT INTO player_score VALUES('62ceb6c82',73,'26d807640','5ee58bf52',102856,1381,1654015543,1654015543);
INSERT INTO player_score VALUES('3149f355a',73,'2750ed1db','2140caeac',60291,429,1652686288,1652686288);
INSERT INTO player_score VALUES('43515a4dc',73,'2750ed1db','2502fbb57',308448,740,1653170248,1653170248);
INSERT INTO player_score VALUES('4927f85f3',73,'2750ed1db','2d6367e0f',11165,944,1653326970,1653326970);
INSERT INTO player_score VALUES('4dfa6cde9',73,'2750ed1db','305a96759',248400,1088,1653456412,1653456412);
INSERT INTO player_score VALUES('518c7e55e',73,'2750ed1db','323cbf15a',257742,1040,1653552259,1653552259);
INSERT INTO player_score VALUES('581dbeba9',73,'2750ed1db','33fd18ed8',47838,1114,1653728551,1653728551);
INSERT INTO player_score VALUES('5326f6e4c',73,'2750ed1db','3e1745789',182240,1201,1653595300,1653595300);
INSERT INTO player_score VALUES('5fcedf6b7',73,'2750ed1db','41850af16',86700,1469,1653935029,1653935029);
INSERT INTO player_score VALUES('4e8dda920',73,'2750ed1db','42347febb',16281,1062,1653471871,1653471871);
INSERT INTO player_score VALUES('639efcad5',73,'2750ed1db','44b69e43e',306000,1514,1654037382,1654037382);
INSERT INTO player_score VALUES('6045abff6',73,'2750ed1db','46d79fbd6',75816,1298,1653947486,1653947486);
INSERT INTO player_score VALUES('634a3be37',73,'2750ed1db','4ada2d983',37600,1636,1654028495,1654028495);
INSERT INTO player_score VALUES('63528cccf',73,'2750ed1db','4c78b3bf5',231012,1720,1654029367,1654029367);
INSERT INTO player_score VALUES('6326fa035',73,'2750ed1db','4fee1098d',40128,1422,1654024798,1654024798);
INSERT INTO player_score VALUES('55069fe03',73,'2750ed1db','5168e2202',309120,1081,1653645596,1653645596);
INSERT INTO player_score VALUES('62a5fdfae',73,'2750ed1db','57f3583ef',59568,1379,1654011273,1654011273);
INSERT INTO player_score VALUES('62a093446',73,'2750ed1db','5a7f074b7',41496,1532,1654010705,1654010705);
INSERT INTO player_score VALUES('62d43025d',73,'2750ed1db','5ee58bf52',27702,1391,1654016117,1654016117);
INSERT INTO player_score VALUES('3184d6ff8',73,'27e941af3','2140caeac',426888,436,1652692463,1652692463);
INSERT INTO player_score VALUES('417ca8ef3',73,'27e941af3','2502fbb57',74520,680,1653121102,1653121102);
INSERT INTO player_score VALUES('4de0b1f35',73,'27e941af3','305a96759',74060,1080,1653453714,1653453714);
INSERT INTO player_score VALUES('517063844',73,'27e941af3','323cbf15a',12610,1036,1653549312,1653549312);
INSERT INTO player_score VALUES('5ba007a95',73,'27e941af3','32b6bb203',218484,1220,1653822743,1653822743);
INSERT INTO player_score VALUES('58bd77636',73,'27e941af3','33fd18ed8',276,1132,1653745299,1653745299);
INSERT INTO player_score VALUES('5310ad54d',73,'27e941af3','3e1745789',9360,1196,1653592963,1653592963);
INSERT INTO player_score VALUES('63c2e701c',73,'27e941af3','41850af16',10404,1652,1654041148,1654041148);
INSERT INTO player_score VALUES('4eb25eb75',73,'27e941af3','42347febb',3726,1073,1653475700,1653475700);
INSERT INTO player_score VALUES('6222a6f18',73,'27e941af3','44b69e43e',270,1437,1653997501,1653997501);
INSERT INTO player_score VALUES('639647aa3',73,'27e941af3','4ada2d983',78375,1651,1654036469,1654036469);
INSERT INTO player_score VALUES('6162b9a52',73,'27e941af3','4c78b3bf5',66000,1564,1653977376,1653977376);
INSERT INTO player_score VALUES('637bc21b1',73,'27e941af3','4fee1098d',6804,1442,1654033688,1654033688);
INSERT INTO player_score VALUES('54f7cdec8',73,'27e941af3','5168e2202',26026,1065,1653644042,1653644042);
INSERT INTO player_score VALUES('636f3ef98',73,'27e941af3','57f3583ef',4950,1468,1654032376,1654032376);
INSERT INTO player_score VALUES('62d2b34d9',73,'27e941af3','5a7f074b7',223650,1568,1654015961,1654015961);
INSERT INTO player_score VALUES('62fd71b15',73,'27e941af3','5ee58bf52',1768,1462,1654020443,1654020443);
INSERT INTO player_score VALUES('31c3cabc9',73,'2a12ee67e','2140caeac',36822,441,1652699064,1652699064);
INSERT INTO player_score VALUES('44d806805',73,'2a12ee67e','2502fbb57',50880,774,1653211213,1653211213);
INSERT INTO player_score VALUES('46814e903',73,'2a12ee67e','2d6367e0f',6080,864,1653255807,1653255807);
INSERT INTO player_score VALUES('4c975a6e9',73,'2a12ee67e','305a96759',111186,1030,1653419180,1653419180);
INSERT INTO player_score VALUES('4e5f9ea2d',73,'2a12ee67e','323cbf15a',915,938,1653467023,1653467023);
INSERT INTO player_score VALUES('634f8469d',73,'2a12ee67e','32b6bb203',114318,1462,1654029049,1654029049);
INSERT INTO player_score VALUES('522035443',73,'2a12ee67e','33fd18ed8',129580,903,1653567748,1653567748);
INSERT INTO player_score VALUES('543a4cbca',73,'2a12ee67e','3e1745789',2856,1261,1653624171,1653624171);
INSERT INTO player_score VALUES('621e6fd71',73,'2a12ee67e','41850af16',142800,1581,1653997059,1653997059);
INSERT INTO player_score VALUES('4e4ef09e4',73,'2a12ee67e','42347febb',259692,1035,1653465274,1653465274);
INSERT INTO player_score VALUES('625075012',73,'2a12ee67e','44b69e43e',3234,1451,1654002304,1654002304);
INSERT INTO player_score VALUES('60c459337',73,'2a12ee67e','4ada2d983',605070,1469,1653960769,1653960769);
INSERT INTO player_score VALUES('6339e5c35',73,'2a12ee67e','4fee1098d',474,1426,1654026782,1654026782);
INSERT INTO player_score VALUES('54fed7b27',73,'2a12ee67e','5168e2202',12810,1071,1653644780,1653644780);
INSERT INTO player_score VALUES('63c4ec936',73,'2a12ee67e','5a7f074b7',42480,1741,1654041360,1654041360);
INSERT INTO player_score VALUES('62e808b97',73,'2a12ee67e','5ee58bf52',17600,1430,1654018198,1654018198);
INSERT INTO player_score VALUES('31cf85a89',73,'2b48cf06c','2140caeac',227550,443,1652700294,1652700294);
INSERT INTO player_score VALUES('428b5c400',73,'2b48cf06c','2502fbb57',2795,713,1653149487,1653149487);
INSERT INTO player_score VALUES('4a43536e2',73,'2b48cf06c','2d6367e0f',11316,973,1653356682,1653356682);
INSERT INTO player_score VALUES('4dd2d90b2',73,'2b48cf06c','305a96759',654360,1078,1653452262,1653452262);
INSERT INTO player_score VALUES('504dda135',73,'2b48cf06c','323cbf15a',113288,994,1653518847,1653518847);
INSERT INTO player_score VALUES('625685c14',73,'2b48cf06c','32b6bb203',35805,1436,1654002940,1654002940);
INSERT INTO player_score VALUES('5381ef776',73,'2b48cf06c','3e1745789',25944,1220,1653604839,1653604839);
INSERT INTO player_score VALUES('63b788d5b',73,'2b48cf06c','41850af16',106200,1650,1654039956,1654039956);
INSERT INTO player_score VALUES('4ea7204b1',73,'2b48cf06c','42347febb',19040,1067,1653474521,1653474521);
INSERT INTO player_score VALUES('6391aa04d',73,'2b48cf06c','44b69e43e',110400,1513,1654035985,1654035985);
INSERT INTO player_score VALUES('60f1491db',73,'2b48cf06c','4ada2d983',469974,1478,1653965481,1653965481);
INSERT INTO player_score VALUES('6344faa8f',73,'2b48cf06c','4c78b3bf5',260325,1717,1654027944,1654027944);
INSERT INTO player_score VALUES('61f753a26',73,'2b48cf06c','4fee1098d',185328,1344,1653992958,1653992958);
INSERT INTO player_score VALUES('551d54da7',73,'2b48cf06c','5168e2202',39711,1104,1653647977,1653647977);
INSERT INTO player_score VALUES('62e9b3fab',73,'2b48cf06c','57f3583ef',41382,1409,1654018373,1654018373);
INSERT INTO player_score VALUES('6387622f1',73,'2b48cf06c','5a7f074b7',38836,1697,1654034907,1654034907);
INSERT INTO player_score VALUES('62ea837e3',73,'2b48cf06c','5ee58bf52',34992,1434,1654018458,1654018458);
INSERT INTO player_score VALUES('44390c43c',73,'2b777b468','2502fbb57',2064,762,1653194543,1653194543);
INSERT INTO player_score VALUES('4a9149edc',73,'2b777b468','2d6367e0f',280140,991,1653364857,1653364857);
INSERT INTO player_score VALUES('4dfa483fa',73,'2b777b468','305a96759',61938,1087,1653456397,1653456397);
INSERT INTO player_score VALUES('5242682c1',73,'2b777b468','323cbf15a',75088,1058,1653571334,1653571334);
INSERT INTO player_score VALUES('6143c9b98',73,'2b777b468','32b6bb203',73515,1392,1653974132,1653974132);
INSERT INTO player_score VALUES('57a557f9c',73,'2b777b468','33fd18ed8',42834,1096,1653715926,1653715926);
INSERT INTO player_score VALUES('53edfa2a2',73,'2b777b468','3e1745789',604989,1244,1653616168,1653616168);
INSERT INTO player_score VALUES('62a9791c4',73,'2b777b468','41850af16',28500,1610,1654011638,1654011638);
INSERT INTO player_score VALUES('62d1ae13b',73,'2b777b468','44b69e43e',121278,1471,1654015854,1654015854);
INSERT INTO player_score VALUES('6313376ae',73,'2b777b468','46d79fbd6',385560,1427,1654022726,1654022726);
INSERT INTO player_score VALUES('638eb79ed',73,'2b777b468','4ada2d983',592296,1648,1654035676,1654035676);
INSERT INTO player_score VALUES('5fd55e039',73,'2b777b468','4c78b3bf5',40656,1445,1653935710,1653935710);
INSERT INTO player_score VALUES('634e0a041',73,'2b777b468','4fee1098d',61056,1430,1654028894,1654028894);
INSERT INTO player_score VALUES('5526c84ad',73,'2b777b468','5168e2202',72030,1111,1653648968,1653648968);
INSERT INTO player_score VALUES('62fa16501',73,'2b777b468','57f3583ef',356400,1421,1654020091,1654020091);
INSERT INTO player_score VALUES('63862c226',73,'2b777b468','5a7f074b7',7812,1696,1654034780,1654034780);
INSERT INTO player_score VALUES('2fd40b1b9',73,'2bcfaaf13','2140caeac',10750,401,1652647081,1652647081);
INSERT INTO player_score VALUES('4b045e5f5',73,'2bcfaaf13','2d6367e0f',89562,1001,1653376924,1653376924);
INSERT INTO player_score VALUES('4d03c6ca5',73,'2bcfaaf13','305a96759',51744,1052,1653430549,1653430549);
INSERT INTO player_score VALUES('4cc913ef3',73,'2bcfaaf13','323cbf15a',97020,875,1653424394,1653424394);
INSERT INTO player_score VALUES('5f017fb7a',73,'2bcfaaf13','32b6bb203',238854,1325,1653913494,1653913494);
INSERT INTO player_score VALUES('577addf3c',73,'2bcfaaf13','33fd18ed8',41184,1092,1653711472,1653711472);
INSERT INTO player_score VALUES('53f40ae4e',73,'2bcfaaf13','3e1745789',80262,1246,1653616804,1653616804);
INSERT INTO player_score VALUES('634e1ffbc',73,'2bcfaaf13','41850af16',120450,1639,1654028903,1654028903);
INSERT INTO player_score VALUES('4ec1b4803',73,'2bcfaaf13','42347febb',167992,1078,1653477308,1653477308);
INSERT INTO player_score VALUES('63bf0556d',73,'2bcfaaf13','44b69e43e',11431,1519,1654040741,1654040741);
INSERT INTO player_score VALUES('639a8886d',73,'2bcfaaf13','46d79fbd6',204,1455,1654036915,1654036915);
INSERT INTO player_score VALUES('5eafaee59',73,'2bcfaaf13','4ada2d983',25080,1337,1653904915,1653904915);
INSERT INTO player_score VALUES('62b02617a',73,'2bcfaaf13','4c78b3bf5',247860,1670,1654012338,1654012338);
INSERT INTO player_score VALUES('62c523a04',73,'2bcfaaf13','4fee1098d',11725,1405,1654014539,1654014539);
INSERT INTO player_score VALUES('5519f97c4',73,'2bcfaaf13','5168e2202',10488,1098,1653647625,1653647625);
INSERT INTO player_score VALUES('635db7aac',73,'2bcfaaf13','57f3583ef',418880,1460,1654030538,1654030538);
INSERT INTO player_score VALUES('635708435',73,'2bcfaaf13','5a7f074b7',2755,1663,1654029837,1654029837);
INSERT INTO player_score VALUES('62e745681',73,'2bcfaaf13','5ee58bf52',144540,1426,1654018118,1654018118);
INSERT INTO player_score VALUES('31a2a6d83',73,'2bdf69b56','2140caeac',632256,439,1652695589,1652695589);
INSERT INTO player_score VALUES('4952e2b0f',73,'2bdf69b56','2d6367e0f',63973,948,1653331470,1653331470);
INSERT INTO player_score VALUES('4c4a46fb7',73,'2bdf69b56','305a96759',15980,1013,1653411098,1653411098);
INSERT INTO player_score VALUES('5e8adca2d',73,'2bdf69b56','32b6bb203',0,1315,1653901054,1653901054);
INSERT INTO player_score VALUES('57e1ee3c0',73,'2bdf69b56','33fd18ed8',21483,1106,1653722279,1653722279);
INSERT INTO player_score VALUES('5393549b9',73,'2bdf69b56','3e1745789',51800,1225,1653606663,1653606663);
INSERT INTO player_score VALUES('62bc95b00',73,'2bdf69b56','41850af16',23496,1616,1654013642,1654013642);
INSERT INTO player_score VALUES('4e5691c05',73,'2bdf69b56','42347febb',0,1040,1653466074,1653466074);
INSERT INTO player_score VALUES('62e28f5b3',73,'2bdf69b56','44b69e43e',56144,1475,1654017624,1654017624);
INSERT INTO player_score VALUES('63bb23b3e',73,'2bdf69b56','46d79fbd6',309339,1462,1654040334,1654040334);
INSERT INTO player_score VALUES('63561b6ed',73,'2bdf69b56','4ada2d983',280,1639,1654029740,1654029740);
INSERT INTO player_score VALUES('630ead4d4',73,'2bdf69b56','4c78b3bf5',48919,1705,1654022250,1654022250);
INSERT INTO player_score VALUES('61d277974',73,'2bdf69b56','4fee1098d',22560,1334,1653989093,1653989093);
INSERT INTO player_score VALUES('54d03c89c',73,'2bdf69b56','5168e2202',21888,1017,1653639893,1653639893);
INSERT INTO player_score VALUES('639e1729c',73,'2bdf69b56','57f3583ef',33858,1487,1654037288,1654037288);
INSERT INTO player_score VALUES('6332de700',73,'2bdf69b56','5a7f074b7',91200,1640,1654026045,1654026045);
INSERT INTO player_score VALUES('62bfcedfa',73,'2bdf69b56','5ee58bf52',89856,1360,1654013980,1654013980);
INSERT INTO player_score VALUES('3167d9222',73,'2bf5d7e71','2140caeac',18018,434,1652689423,1652689423);
INSERT INTO player_score VALUES('456d72721',73,'2bf5d7e71','2502fbb57',280140,794,1653226881,1653226881);
INSERT INTO player_score VALUES('4a8e8376d',73,'2bf5d7e71','2d6367e0f',14555,990,1653364566,1653364566);
INSERT INTO player_score VALUES('4c76f2893',73,'2bf5d7e71','305a96759',102,1023,1653415782,1653415782);
INSERT INTO player_score VALUES('5140f3f3a',73,'2bf5d7e71','323cbf15a',192577,1028,1653544338,1653544338);
INSERT INTO player_score VALUES('62d4377d2',73,'2bf5d7e71','32b6bb203',2940,1453,1654016120,1654016120);
INSERT INTO player_score VALUES('57e7edde3',73,'2bf5d7e71','33fd18ed8',76024,1107,1653722908,1653722908);
INSERT INTO player_score VALUES('628d4fa14',73,'2bf5d7e71','41850af16',421148,1605,1654008685,1654008685);
INSERT INTO player_score VALUES('4e6e0c78c',73,'2bf5d7e71','42347febb',65520,1051,1653468536,1653468536);
INSERT INTO player_score VALUES('61de85856',73,'2bf5d7e71','44b69e43e',1755,1418,1653990357,1653990357);
INSERT INTO player_score VALUES('63c70d04f',73,'2bf5d7e71','46d79fbd6',51660,1468,1654041583,1654041583);
INSERT INTO player_score VALUES('6363581d2',73,'2bf5d7e71','4ada2d983',58968,1642,1654031128,1654031128);
INSERT INTO player_score VALUES('6383ff7ce',73,'2bf5d7e71','4c78b3bf5',53856,1729,1654034552,1654034552);
INSERT INTO player_score VALUES('62db01c4c',73,'2bf5d7e71','4fee1098d',118523,1412,1654016832,1654016832);
INSERT INTO player_score VALUES('637f3102a',73,'2bf5d7e71','57f3583ef',1188,1475,1654034048,1654034048);
INSERT INTO player_score VALUES('63b3b8491',73,'2bf5d7e71','5a7f074b7',55566,1730,1654039556,1654039556);
INSERT INTO player_score VALUES('62f663079',73,'2bf5d7e71','5ee58bf52',24056,1453,1654019703,1654019703);
INSERT INTO player_score VALUES('318740af1',73,'2e9468ee6','2140caeac',255512,437,1652692716,1652692716);
INSERT INTO player_score VALUES('4b08bc891',73,'2e9468ee6','2d6367e0f',33744,1002,1653377382,1653377382);
INSERT INTO player_score VALUES('4de37fb92',73,'2e9468ee6','305a96759',114000,1081,1653454008,1653454008);
INSERT INTO player_score VALUES('4d4550230',73,'2e9468ee6','323cbf15a',40040,893,1653437421,1653437421);
INSERT INTO player_score VALUES('610572410',73,'2e9468ee6','32b6bb203',443080,1378,1653967595,1653967595);
INSERT INTO player_score VALUES('57ed16aec',73,'2e9468ee6','33fd18ed8',67392,1108,1653723449,1653723449);
INSERT INTO player_score VALUES('539b43d9d',73,'2e9468ee6','3e1745789',69874,1227,1653607495,1653607495);
INSERT INTO player_score VALUES('62b489237',73,'2e9468ee6','41850af16',156240,1615,1654012798,1654012798);
INSERT INTO player_score VALUES('4d3c719eb',73,'2e9468ee6','42347febb',62496,943,1653436491,1653436491);
INSERT INTO player_score VALUES('62e05b645',73,'2e9468ee6','44b69e43e',66082,1474,1654017393,1654017393);
INSERT INTO player_score VALUES('6362220dd',73,'2e9468ee6','46d79fbd6',32568,1438,1654031001,1654031001);
INSERT INTO player_score VALUES('634517f69',73,'2e9468ee6','4ada2d983',200464,1629,1654027956,1654027956);
INSERT INTO player_score VALUES('6277f5510',73,'2e9468ee6','4c78b3bf5',43992,1649,1654006446,1654006446);
INSERT INTO player_score VALUES('62af8c477',73,'2e9468ee6','4fee1098d',82062,1396,1654012275,1654012275);
INSERT INTO player_score VALUES('54d18fe4c',73,'2e9468ee6','5168e2202',19188,1019,1653640032,1653640032);
INSERT INTO player_score VALUES('639368cb5',73,'2e9468ee6','57f3583ef',199800,1482,1654036168,1654036168);
INSERT INTO player_score VALUES('639bf92fb',73,'2e9468ee6','5a7f074b7',9504,1712,1654037066,1654037066);
INSERT INTO player_score VALUES('62dbe4cff',73,'2e9468ee6','5ee58bf52',138996,1403,1654016925,1654016925);
INSERT INTO player_score VALUES('311c931a8',73,'2ebb481b0','2140caeac',7650,424,1652681530,1652681530);
INSERT INTO player_score VALUES('457f604b2',73,'2ebb481b0','2502fbb57',0,801,1653228761,1653228761);
INSERT INTO player_score VALUES('454c66f96',73,'2ebb481b0','2d6367e0f',41472,835,1653223416,1653223416);
INSERT INTO player_score VALUES('4b82cc15d',73,'2ebb481b0','305a96759',4275,990,1653390181,1653390181);
INSERT INTO player_score VALUES('4e2d837cc',73,'2ebb481b0','323cbf15a',675,929,1653461769,1653461769);
INSERT INTO player_score VALUES('63bdd90b7',73,'2ebb481b0','32b6bb203',178112,1471,1654040618,1654040618);
INSERT INTO player_score VALUES('57a6b2a5b',73,'2ebb481b0','33fd18ed8',308750,1097,1653716068,1653716068);
INSERT INTO player_score VALUES('537c23181',73,'2ebb481b0','3e1745789',165600,1218,1653604231,1653604231);
INSERT INTO player_score VALUES('636ae3449',73,'2ebb481b0','41850af16',33966,1641,1654031919,1654031919);
INSERT INTO player_score VALUES('4d62f192b',73,'2ebb481b0','42347febb',48720,959,1653440528,1653440528);
INSERT INTO player_score VALUES('63ab98343',73,'2ebb481b0','44b69e43e',41650,1515,1654038704,1654038704);
INSERT INTO player_score VALUES('635321b64',73,'2ebb481b0','46d79fbd6',36800,1436,1654029428,1654029428);
INSERT INTO player_score VALUES('616db3b3d',73,'2ebb481b0','4ada2d983',12688,1503,1653978527,1653978527);
INSERT INTO player_score VALUES('62e0d3024',73,'2ebb481b0','4c78b3bf5',25974,1689,1654017442,1654017442);
INSERT INTO player_score VALUES('632c8bc6c',73,'2ebb481b0','4fee1098d',28224,1424,1654025382,1654025382);
INSERT INTO player_score VALUES('550a4961d',73,'2ebb481b0','5168e2202',310464,1087,1653645980,1653645980);
INSERT INTO player_score VALUES('63c5ab031',73,'2ebb481b0','57f3583ef',15990,1509,1654041438,1654041438);
INSERT INTO player_score VALUES('62e91f0b5',73,'2ebb481b0','5ee58bf52',33232,1431,1654018312,1654018312);
INSERT INTO player_score VALUES('31ca92907',73,'30046ecfd','2140caeac',15680,442,1652699775,1652699775);
INSERT INTO player_score VALUES('454912f0b',73,'30046ecfd','2502fbb57',329472,791,1653223067,1653223067);
INSERT INTO player_score VALUES('4a732bf62',73,'30046ecfd','2d6367e0f',4650,986,1653361699,1653361699);
INSERT INTO player_score VALUES('4d24b285a',73,'30046ecfd','305a96759',23850,1057,1653434001,1653434001);
INSERT INTO player_score VALUES('5176a9f42',73,'30046ecfd','323cbf15a',221958,1038,1653549970,1653549970);
INSERT INTO player_score VALUES('57486fcba',73,'30046ecfd','33fd18ed8',0,1084,1653706184,1653706184);
INSERT INTO player_score VALUES('53e941a96',73,'30046ecfd','3e1745789',15232,1242,1653615673,1653615673);
INSERT INTO player_score VALUES('61d25f2c2',73,'30046ecfd','41850af16',1020,1566,1653989083,1653989083);
INSERT INTO player_score VALUES('4ec0798d2',73,'30046ecfd','42347febb',36750,1076,1653477179,1653477179);
INSERT INTO player_score VALUES('637e554c3',73,'30046ecfd','46d79fbd6',80960,1446,1654033958,1654033958);
INSERT INTO player_score VALUES('615b754aa',73,'30046ecfd','4ada2d983',122958,1499,1653976614,1653976614);
INSERT INTO player_score VALUES('6156d2c30',73,'30046ecfd','4c78b3bf5',27216,1561,1653976128,1653976128);
INSERT INTO player_score VALUES('6304741d4',73,'30046ecfd','57f3583ef',381264,1424,1654021178,1654021178);
INSERT INTO player_score VALUES('638131b44',73,'30046ecfd','5a7f074b7',65575,1691,1654034258,1654034258);
INSERT INTO player_score VALUES('628623b21',73,'30046ecfd','5ee58bf52',84816,1280,1654007933,1654007933);
INSERT INTO player_score VALUES('3121974c3',73,'308328356','2140caeac',509960,425,1652682056,1652682056);
INSERT INTO player_score VALUES('4547fa2da',73,'308328356','2502fbb57',0,790,1653222952,1653222952);
INSERT INTO player_score VALUES('4ad2ee210',73,'308328356','2d6367e0f',28000,995,1653371740,1653371740);
INSERT INTO player_score VALUES('4d935a28f',73,'308328356','305a96759',337155,1070,1653445604,1653445604);
INSERT INTO player_score VALUES('51fbc4a97',73,'308328356','323cbf15a',119350,1051,1653563927,1653563927);
INSERT INTO player_score VALUES('62f012d1f',73,'308328356','32b6bb203',150670,1456,1654019041,1654019041);
INSERT INTO player_score VALUES('5951d93dc',73,'308328356','33fd18ed8',133668,1153,1653760858,1653760858);
INSERT INTO player_score VALUES('53f986b51',73,'308328356','3e1745789',90816,1248,1653617379,1653617379);
INSERT INTO player_score VALUES('60be10545',73,'308328356','41850af16',58240,1512,1653960110,1653960110);
INSERT INTO player_score VALUES('4eac30ae2',73,'308328356','42347febb',101088,1070,1653475052,1653475052);
INSERT INTO player_score VALUES('5eb012fcc',73,'308328356','46d79fbd6',74880,1218,1653904956,1653904956);
INSERT INTO player_score VALUES('62a04792e',73,'308328356','4ada2d983',76800,1582,1654010674,1654010674);
INSERT INTO player_score VALUES('63138a6bd',73,'308328356','4c78b3bf5',7326,1708,1654022760,1654022760);
INSERT INTO player_score VALUES('6266a62d8',73,'308328356','57f3583ef',35280,1344,1654004631,1654004631);
INSERT INTO player_score VALUES('6389f55c7',73,'308328356','5a7f074b7',186624,1700,1654035177,1654035177);
INSERT INTO player_score VALUES('6302c3fa4',73,'308328356','5ee58bf52',4464,1470,1654021001,1654021001);
INSERT INTO player_score VALUES('45742e16b',73,'32b43422b','2502fbb57',18720,796,1653227587,1653227587);
INSERT INTO player_score VALUES('4af5e1e34',73,'32b43422b','2d6367e0f',226996,1000,1653375405,1653375405);
INSERT INTO player_score VALUES('4e3546c94',73,'32b43422b','305a96759',34440,1096,1653462583,1653462583);
INSERT INTO player_score VALUES('6318b0c49',73,'32b43422b','32b6bb203',106904,1458,1654023300,1654023300);
INSERT INTO player_score VALUES('583f3f63b',73,'32b43422b','33fd18ed8',2100,1119,1653732064,1653732064);
INSERT INTO player_score VALUES('54219bf1e',73,'32b43422b','3e1745789',311296,1256,1653621582,1653621582);
INSERT INTO player_score VALUES('631aa7b56',73,'32b43422b','41850af16',37587,1631,1654023506,1654023506);
INSERT INTO player_score VALUES('4e6b34f2a',73,'32b43422b','42347febb',2968,1050,1653468238,1653468238);
INSERT INTO player_score VALUES('637037ff1',73,'32b43422b','46d79fbd6',184800,1441,1654032478,1654032478);
INSERT INTO player_score VALUES('61f627585',73,'32b43422b','4ada2d983',56232,1545,1653992835,1653992835);
INSERT INTO player_score VALUES('62ea92246',73,'32b43422b','4c78b3bf5',119662,1690,1654018464,1654018464);
INSERT INTO player_score VALUES('61fd29c74',73,'32b43422b','4fee1098d',0,1347,1653993570,1653993570);
INSERT INTO player_score VALUES('551b5b7ba',73,'32b43422b','5168e2202',141015,1102,1653647770,1653647770);
INSERT INTO player_score VALUES('63bbe48f9',73,'32b43422b','57f3583ef',444448,1507,1654040413,1654040413);
INSERT INTO player_score VALUES('638382fb0',73,'32b43422b','5a7f074b7',388512,1693,1654034501,1654034501);
INSERT INTO player_score VALUES('62c6796ab',73,'32b43422b','5ee58bf52',283500,1370,1654014679,1654014679);
INSERT INTO player_score VALUES('4578d5805',73,'351212afb','2502fbb57',3362,800,1653228075,1653228075);
INSERT INTO player_score VALUES('4a4eb197b',73,'351212afb','2d6367e0f',1140,975,1653357874,1653357874);
INSERT INTO player_score VALUES('4d0e333f0',73,'351212afb','323cbf15a',127008,883,1653431642,1653431642);
INSERT INTO player_score VALUES('58d7ce925',73,'351212afb','33fd18ed8',32338,1138,1653748061,1653748061);
INSERT INTO player_score VALUES('53c36c9af',73,'351212afb','3e1745789',213840,1235,1653611706,1653611706);
INSERT INTO player_score VALUES('626644856',73,'351212afb','41850af16',98658,1599,1654004591,1654004591);
INSERT INTO player_score VALUES('634652e7f',73,'351212afb','44b69e43e',244032,1495,1654028085,1654028085);
INSERT INTO player_score VALUES('5fee6b970',73,'351212afb','46d79fbd6',144144,1278,1653938337,1653938337);
INSERT INTO player_score VALUES('61d03ebce',73,'351212afb','4ada2d983',161700,1533,1653988860,1653988860);
INSERT INTO player_score VALUES('637f448d5',73,'351212afb','4c78b3bf5',23460,1725,1654034056,1654034056);
INSERT INTO player_score VALUES('6394580ca',73,'351212afb','4fee1098d',31680,1451,1654036266,1654036266);
INSERT INTO player_score VALUES('54ceff275',73,'351212afb','5168e2202',98700,1014,1653639763,1653639763);
INSERT INTO player_score VALUES('6382b5e44',73,'351212afb','57f3583ef',12032,1477,1654034417,1654034417);
INSERT INTO player_score VALUES('63438ee63',73,'351212afb','5a7f074b7',64428,1647,1654027795,1654027795);
INSERT INTO player_score VALUES('62d8c1943',73,'351212afb','5ee58bf52',38148,1398,1654016596,1654016596);
INSERT INTO player_score VALUES('4577e63ba',73,'35e4aeb3c','2502fbb57',185076,798,1653227977,1653227977);
INSERT INTO player_score VALUES('4ae431133',73,'35e4aeb3c','2d6367e0f',96760,997,1653373550,1653373550);
INSERT INTO player_score VALUES('4e21adb62',73,'35e4aeb3c','305a96759',14208,1094,1653460528,1653460528);
INSERT INTO player_score VALUES('628e881fd',73,'35e4aeb3c','32b6bb203',11970,1448,1654008813,1654008813);
INSERT INTO player_score VALUES('581d29cc7',73,'35e4aeb3c','33fd18ed8',7524,1113,1653728490,1653728490);
INSERT INTO player_score VALUES('539cf3f9f',73,'35e4aeb3c','3e1745789',86832,1228,1653607672,1653607672);
INSERT INTO player_score VALUES('6207f56e7',73,'35e4aeb3c','41850af16',26860,1578,1653994702,1653994702);
INSERT INTO player_score VALUES('4dfffc33b',73,'35e4aeb3c','42347febb',476784,1014,1653456995,1653456995);
INSERT INTO player_score VALUES('632f2b2ce',73,'35e4aeb3c','44b69e43e',3591,1493,1654025657,1654025657);
INSERT INTO player_score VALUES('605a0fbb1',73,'35e4aeb3c','46d79fbd6',2296,1302,1653949624,1653949624);
INSERT INTO player_score VALUES('61a11d538',73,'35e4aeb3c','4ada2d983',91728,1513,1653983918,1653983918);
INSERT INTO player_score VALUES('63bee80e7',73,'35e4aeb3c','4c78b3bf5',112860,1749,1654040729,1654040729);
INSERT INTO player_score VALUES('63134fd31',73,'35e4aeb3c','4fee1098d',177156,1417,1654022736,1654022736);
INSERT INTO player_score VALUES('54d1ea369',73,'35e4aeb3c','5168e2202',17280,1020,1653640069,1653640069);
INSERT INTO player_score VALUES('634ed7140',73,'35e4aeb3c','57f3583ef',134946,1455,1654028978,1654028978);
INSERT INTO player_score VALUES('639c81e47',73,'35e4aeb3c','5a7f074b7',0,1713,1654037122,1654037122);
INSERT INTO player_score VALUES('455709281',73,'363fe4510','2502fbb57',216381,792,1653224531,1653224531);
INSERT INTO player_score VALUES('49ae2211f',73,'363fe4510','2d6367e0f',60444,955,1653341038,1653341038);
INSERT INTO player_score VALUES('4e37b077e',73,'363fe4510','305a96759',229104,1098,1653462836,1653462836);
INSERT INTO player_score VALUES('51e6aeb83',73,'363fe4510','323cbf15a',187302,1047,1653561716,1653561716);
INSERT INTO player_score VALUES('5639203cc',73,'363fe4510','33fd18ed8',33000,1051,1653677735,1653677735);
INSERT INTO player_score VALUES('61b94cb82',73,'363fe4510','41850af16',97767,1561,1653986454,1653986454);
INSERT INTO player_score VALUES('4eae49cb5',73,'363fe4510','42347febb',33614,1071,1653475272,1653475272);
INSERT INTO player_score VALUES('620019bc1',73,'363fe4510','44b69e43e',9010,1431,1653993878,1653993878);
INSERT INTO player_score VALUES('5ec410309',73,'363fe4510','46d79fbd6',78736,1221,1653907052,1653907052);
INSERT INTO player_score VALUES('62c42342d',73,'363fe4510','4ada2d983',0,1593,1654014434,1654014434);
INSERT INTO player_score VALUES('621be3fa2',73,'363fe4510','4c78b3bf5',201285,1628,1653996792,1653996792);
INSERT INTO player_score VALUES('619ddf3db',73,'363fe4510','4fee1098d',423282,1318,1653983578,1653983578);
INSERT INTO player_score VALUES('55270551c',73,'363fe4510','5168e2202',55738,1112,1653648993,1653648993);
INSERT INTO player_score VALUES('633a33e3b',73,'363fe4510','57f3583ef',27508,1446,1654026814,1654026814);
INSERT INTO player_score VALUES('6395f232e',73,'363fe4510','5a7f074b7',181104,1709,1654036434,1654036434);
INSERT INTO player_score VALUES('62eb1385b',73,'363fe4510','5ee58bf52',31331,1435,1654018517,1654018517);
INSERT INTO player_score VALUES('4576bed63',73,'378eb533d','2502fbb57',181170,797,1653227856,1653227856);
INSERT INTO player_score VALUES('4756a2626',73,'378eb533d','2d6367e0f',483740,899,1653278176,1653278176);
INSERT INTO player_score VALUES('4ce6bcb40',73,'378eb533d','305a96759',39816,1042,1653427504,1653427504);
INSERT INTO player_score VALUES('503359650',73,'378eb533d','323cbf15a',14490,992,1653516068,1653516068);
INSERT INTO player_score VALUES('61ce42eca',73,'378eb533d','32b6bb203',82880,1417,1653988652,1653988652);
INSERT INTO player_score VALUES('561876670',73,'378eb533d','33fd18ed8',377400,1045,1653674310,1653674310);
INSERT INTO player_score VALUES('53f00bf44',73,'378eb533d','3e1745789',0,1245,1653616385,1653616385);
INSERT INTO player_score VALUES('602797cc6',73,'378eb533d','41850af16',56400,1485,1653944332,1653944332);
INSERT INTO player_score VALUES('634c7c100',73,'378eb533d','44b69e43e',21648,1498,1654028731,1654028731);
INSERT INTO player_score VALUES('63baf0708',73,'378eb533d','46d79fbd6',771538,1461,1654040313,1654040313);
INSERT INTO player_score VALUES('62484169c',73,'378eb533d','4ada2d983',307395,1568,1654001444,1654001444);
INSERT INTO player_score VALUES('637122611',73,'378eb533d','4c78b3bf5',156864,1724,1654032574,1654032574);
INSERT INTO player_score VALUES('62c6f5eb0',73,'378eb533d','4fee1098d',5280,1406,1654014730,1654014730);
INSERT INTO player_score VALUES('54f994070',73,'378eb533d','5168e2202',199500,1068,1653644228,1653644228);
INSERT INTO player_score VALUES('63bb76b62',73,'378eb533d','57f3583ef',46000,1506,1654040368,1654040368);
INSERT INTO player_score VALUES('62b61bf5f',73,'378eb533d','5a7f074b7',64872,1541,1654012963,1654012963);
INSERT INTO player_score VALUES('6303196f2',73,'378eb533d','5ee58bf52',160083,1471,1654021036,1654021036);
INSERT INTO player_score VALUES('43373667b',73,'3821276fc','2502fbb57',141510,734,1653167507,1653167507);
INSERT INTO player_score VALUES('4a04c3ca7',73,'3821276fc','2d6367e0f',0,965,1653350122,1653350122);
INSERT INTO player_score VALUES('4e197efa3',73,'3821276fc','305a96759',84500,1092,1653459670,1653459670);
INSERT INTO player_score VALUES('51adb0dd5',73,'3821276fc','323cbf15a',55296,1043,1653555740,1653555740);
INSERT INTO player_score VALUES('5d9ea7df0',73,'3821276fc','32b6bb203',10070,1289,1653876286,1653876286);
INSERT INTO player_score VALUES('58b5770fe',73,'3821276fc','33fd18ed8',605280,1130,1653744460,1653744460);
INSERT INTO player_score VALUES('52776bf16',73,'3821276fc','3e1745789',87768,1161,1653576893,1653576893);
INSERT INTO player_score VALUES('61de4fd0c',73,'3821276fc','41850af16',182736,1572,1653990335,1653990335);
INSERT INTO player_score VALUES('4eab2422c',73,'3821276fc','42347febb',220320,1069,1653474942,1653474942);
INSERT INTO player_score VALUES('5f61d93e6',73,'3821276fc','44b69e43e',138805,1278,1653923597,1653923597);
INSERT INTO player_score VALUES('603f6590b',73,'3821276fc','46d79fbd6',143716,1295,1653946828,1653946828);
INSERT INTO player_score VALUES('620229135',73,'3821276fc','4ada2d983',259077,1548,1653994094,1653994094);
INSERT INTO player_score VALUES('62f6e6dda',73,'3821276fc','4c78b3bf5',16016,1694,1654019757,1654019757);
INSERT INTO player_score VALUES('553168067',73,'3821276fc','5168e2202',202500,1122,1653650082,1653650082);
INSERT INTO player_score VALUES('63a3f985e',73,'3821276fc','57f3583ef',1680,1492,1654037905,1654037905);
INSERT INTO player_score VALUES('62c582d41',73,'3821276fc','5ee58bf52',86240,1368,1654014578,1654014578);
INSERT INTO player_score VALUES('45c0c2929',73,'38ff72288','2502fbb57',104310,809,1653235617,1653235617);
INSERT INTO player_score VALUES('4af0af511',73,'38ff72288','2d6367e0f',29120,999,1653374860,1653374860);
INSERT INTO player_score VALUES('4ce82608b',73,'38ff72288','305a96759',0,1044,1653427652,1653427652);
INSERT INTO player_score VALUES('4f4e02791',73,'38ff72288','323cbf15a',252315,967,1653492020,1653492020);
INSERT INTO player_score VALUES('62382ac03',73,'38ff72288','32b6bb203',104346,1432,1653999757,1653999757);
INSERT INTO player_score VALUES('56ffe6748',73,'38ff72288','33fd18ed8',165600,1076,1653698578,1653698578);
INSERT INTO player_score VALUES('53384d61e',73,'38ff72288','3e1745789',57768,1204,1653597118,1653597118);
INSERT INTO player_score VALUES('63a085bf3',73,'38ff72288','41850af16',365200,1648,1654037543,1654037543);
INSERT INTO player_score VALUES('4eda2d23a',73,'38ff72288','42347febb',608384,1083,1653479874,1653479874);
INSERT INTO player_score VALUES('63728e28c',73,'38ff72288','44b69e43e',498,1507,1654032723,1654032723);
INSERT INTO player_score VALUES('5ddfc0ee7',73,'38ff72288','46d79fbd6',148603,1177,1653883112,1653883112);
INSERT INTO player_score VALUES('62503f4e8',73,'38ff72288','4ada2d983',65189,1570,1654002282,1654002282);
INSERT INTO player_score VALUES('623d586f9',73,'38ff72288','4c78b3bf5',95353,1639,1654000300,1654000300);
INSERT INTO player_score VALUES('6368e9e23',73,'38ff72288','4fee1098d',95634,1437,1654031712,1654031712);
INSERT INTO player_score VALUES('54f0034ad',73,'38ff72288','5168e2202',45000,1051,1653643225,1653643225);
INSERT INTO player_score VALUES('631f39238',73,'38ff72288','57f3583ef',30153,1433,1654023985,1654023985);
INSERT INTO player_score VALUES('63a6f0ccc',73,'38ff72288','5a7f074b7',34365,1717,1654038216,1654038216);
INSERT INTO player_score VALUES('62fc31ddf',73,'38ff72288','5ee58bf52',23370,1460,1654020312,1654020312);
INSERT INTO player_score VALUES('458c14422',73,'3a1a13b1f','2502fbb57',99000,802,1653230093,1653230093);
INSERT INTO player_score VALUES('4a8bedda4',73,'3a1a13b1f','2d6367e0f',121968,989,1653364295,1653364295);
INSERT INTO player_score VALUES('4e3e38d1f',73,'3a1a13b1f','305a96759',130758,1099,1653463521,1653463521);
INSERT INTO player_score VALUES('51ea36070',73,'3a1a13b1f','323cbf15a',663834,1048,1653562086,1653562086);
INSERT INTO player_score VALUES('60563f299',73,'3a1a13b1f','32b6bb203',6510,1361,1653949224,1653949224);
INSERT INTO player_score VALUES('58bebe8f1',73,'3a1a13b1f','33fd18ed8',71280,1133,1653745433,1653745433);
INSERT INTO player_score VALUES('53f9732dc',73,'3a1a13b1f','3e1745789',201810,1247,1653617371,1653617371);
INSERT INTO player_score VALUES('5dcc2cb5c',73,'3a1a13b1f','41850af16',193664,1370,1653881059,1653881059);
INSERT INTO player_score VALUES('60aadb52a',73,'3a1a13b1f','44b69e43e',1935,1360,1653958096,1653958096);
INSERT INTO player_score VALUES('638d8b53d',73,'3a1a13b1f','46d79fbd6',143100,1453,1654035553,1654035553);
INSERT INTO player_score VALUES('633bb0bdf',73,'3a1a13b1f','4ada2d983',51646,1626,1654026970,1654026970);
INSERT INTO player_score VALUES('63a484ae6',73,'3a1a13b1f','4c78b3bf5',277680,1739,1654037962,1654037962);
INSERT INTO player_score VALUES('63b750b02',73,'3a1a13b1f','4fee1098d',289170,1459,1654039933,1654039933);
INSERT INTO player_score VALUES('552c9bfd7',73,'3a1a13b1f','5168e2202',76032,1117,1653649579,1653649579);
INSERT INTO player_score VALUES('63b129fca',73,'3a1a13b1f','57f3583ef',117120,1502,1654039288,1654039288);
INSERT INTO player_score VALUES('6385617eb',73,'3a1a13b1f','5a7f074b7',10112,1694,1654034697,1654034697);
INSERT INTO player_score VALUES('62e1a4fe1',73,'3a1a13b1f','5ee58bf52',402192,1415,1654017528,1654017528);
INSERT INTO player_score VALUES('435a20636',73,'3bc98eadf','2502fbb57',199386,743,1653171168,1653171168);
INSERT INTO player_score VALUES('4a798d433',73,'3bc98eadf','2d6367e0f',216000,987,1653362368,1653362368);
INSERT INTO player_score VALUES('4c89c850c',73,'3bc98eadf','305a96759',16740,1028,1653417757,1653417757);
INSERT INTO player_score VALUES('4e71bd4cb',73,'3bc98eadf','323cbf15a',591375,941,1653468923,1653468923);
INSERT INTO player_score VALUES('627472e1e',73,'3bc98eadf','32b6bb203',17010,1444,1654006078,1654006078);
INSERT INTO player_score VALUES('4b3cdad2d',73,'3bc98eadf','3e1745789',36162,758,1653382847,1653382847);
INSERT INTO player_score VALUES('63279d92d',73,'3bc98eadf','41850af16',13860,1633,1654024865,1654024865);
INSERT INTO player_score VALUES('4dc361161',73,'3bc98eadf','42347febb',171749,997,1653450640,1653450640);
INSERT INTO player_score VALUES('63ad6a84c',73,'3bc98eadf','44b69e43e',252858,1516,1654038895,1654038895);
INSERT INTO player_score VALUES('62e943a7e',73,'3bc98eadf','46d79fbd6',24750,1423,1654018327,1654018327);
INSERT INTO player_score VALUES('6304ee2f3',73,'3bc98eadf','4ada2d983',14430,1608,1654021228,1654021228);
INSERT INTO player_score VALUES('63afaf921',73,'3bc98eadf','4c78b3bf5',6600,1743,1654039133,1654039133);
INSERT INTO player_score VALUES('63802a0a3',73,'3bc98eadf','4fee1098d',7224,1444,1654034150,1654034150);
INSERT INTO player_score VALUES('54dc6f196',73,'3bc98eadf','5168e2202',103680,1030,1653641172,1653641172);
INSERT INTO player_score VALUES('63abf9dd8',73,'3bc98eadf','57f3583ef',6612,1498,1654038744,1654038744);
INSERT INTO player_score VALUES('63b6b951e',73,'3bc98eadf','5a7f074b7',71896,1734,1654039871,1654039871);
INSERT INTO player_score VALUES('630189087',73,'3bc98eadf','5ee58bf52',156584,1468,1654020872,1654020872);
INSERT INTO player_score VALUES('4380ff8f1',73,'3cd08600f','2502fbb57',12546,746,1653175244,1653175244);
INSERT INTO player_score VALUES('4436bd732',73,'3cd08600f','2d6367e0f',597520,802,1653194301,1653194301);
INSERT INTO player_score VALUES('4e146c24c',73,'3cd08600f','305a96759',15200,1091,1653459138,1653459138);
INSERT INTO player_score VALUES('51936d3c2',73,'3cd08600f','323cbf15a',103740,1041,1653552986,1653552986);
INSERT INTO player_score VALUES('635dd288f',73,'3cd08600f','32b6bb203',65142,1464,1654030549,1654030549);
INSERT INTO player_score VALUES('58f64bba7',73,'3cd08600f','33fd18ed8',0,1144,1653751258,1653751258);
INSERT INTO player_score VALUES('5215fc1a5',73,'3cd08600f','3e1745789',11968,1141,1653566676,1653566676);
INSERT INTO player_score VALUES('60c3abdba',73,'3cd08600f','41850af16',30192,1514,1653960698,1653960698);
INSERT INTO player_score VALUES('4e656d71a',73,'3cd08600f','42347febb',9044,1049,1653467632,1653467632);
INSERT INTO player_score VALUES('631d86920',73,'3cd08600f','44b69e43e',151088,1490,1654023807,1654023807);
INSERT INTO player_score VALUES('625ff1da2',73,'3cd08600f','4ada2d983',14725,1573,1654003928,1654003928);
INSERT INTO player_score VALUES('6311cba4b',73,'3cd08600f','4c78b3bf5',47520,1707,1654022577,1654022577);
INSERT INTO player_score VALUES('629b4ab9c',73,'3cd08600f','4fee1098d',63000,1393,1654010151,1654010151);
INSERT INTO player_score VALUES('5505ba621',73,'3cd08600f','5168e2202',49980,1080,1653645502,1653645502);
INSERT INTO player_score VALUES('632b4712f',73,'3cd08600f','57f3583ef',52896,1439,1654025249,1654025249);
INSERT INTO player_score VALUES('635dfe7b7',73,'3cd08600f','5a7f074b7',129978,1673,1654030567,1654030567);
INSERT INTO player_score VALUES('6309efee0',73,'3cd08600f','5ee58bf52',25110,1478,1654021753,1654021753);
INSERT INTO player_score VALUES('45afdedbe',73,'3d4c8a0d9','2502fbb57',40890,806,1653233846,1653233846);
INSERT INTO player_score VALUES('48ccd1666',73,'3d4c8a0d9','2d6367e0f',46656,932,1653317412,1653317412);
INSERT INTO player_score VALUES('4d4adf754',73,'3d4c8a0d9','305a96759',5248,1061,1653438004,1653438004);
INSERT INTO player_score VALUES('50dc54afc',73,'3d4c8a0d9','323cbf15a',12000,1014,1653533787,1653533787);
INSERT INTO player_score VALUES('615b3ab3b',73,'3d4c8a0d9','32b6bb203',80825,1396,1653976590,1653976590);
INSERT INTO player_score VALUES('5751f9307',73,'3d4c8a0d9','33fd18ed8',48384,1086,1653707184,1653707184);
INSERT INTO player_score VALUES('5422f90f7',73,'3d4c8a0d9','3e1745789',126759,1257,1653621725,1653621725);
INSERT INTO player_score VALUES('625ead266',73,'3d4c8a0d9','41850af16',13728,1597,1654003795,1654003795);
INSERT INTO player_score VALUES('4eae97ebb',73,'3d4c8a0d9','42347febb',107423,1072,1653475304,1653475304);
INSERT INTO player_score VALUES('6265d434e',73,'3d4c8a0d9','44b69e43e',259038,1456,1654004545,1654004545);
INSERT INTO player_score VALUES('63c6e864c',73,'3d4c8a0d9','46d79fbd6',87216,1467,1654041568,1654041568);
INSERT INTO player_score VALUES('639497850',73,'3d4c8a0d9','4ada2d983',26928,1650,1654036292,1654036292);
INSERT INTO player_score VALUES('6380bc865',73,'3d4c8a0d9','4c78b3bf5',0,1726,1654034210,1654034210);
INSERT INTO player_score VALUES('623cd70cb',73,'3d4c8a0d9','4fee1098d',39312,1366,1654000247,1654000247);
INSERT INTO player_score VALUES('551a4c7c6',73,'3d4c8a0d9','5168e2202',34056,1099,1653647659,1653647659);
INSERT INTO player_score VALUES('639f10339',73,'3d4c8a0d9','57f3583ef',330096,1488,1654037390,1654037390);
INSERT INTO player_score VALUES('63698d78a',73,'3d4c8a0d9','5a7f074b7',90068,1678,1654031779,1654031779);
INSERT INTO player_score VALUES('62d7b77c4',73,'3d4c8a0d9','5ee58bf52',6960,1395,1654016487,1654016487);
INSERT INTO player_score VALUES('45b1ebc14',73,'3d588bc78','2502fbb57',262500,807,1653234061,1653234061);
INSERT INTO player_score VALUES('4b1d8e21e',73,'3d588bc78','2d6367e0f',2960,1004,1653379565,1653379565);
INSERT INTO player_score VALUES('4dc9ee545',73,'3d588bc78','305a96759',0,1077,1653451327,1653451327);
INSERT INTO player_score VALUES('4fe14435e',73,'3d588bc78','323cbf15a',227934,979,1653507461,1653507461);
INSERT INTO player_score VALUES('5e1c8ce1a',73,'3d588bc78','32b6bb203',11172,1301,1653889487,1653889487);
INSERT INTO player_score VALUES('58ec71c6d',73,'3d588bc78','33fd18ed8',259956,1141,1653750225,1653750225);
INSERT INTO player_score VALUES('5125ab150',73,'3d588bc78','3e1745789',149520,1098,1653541477,1653541477);
INSERT INTO player_score VALUES('634343365',73,'3d588bc78','41850af16',120,1637,1654027764,1654027764);
INSERT INTO player_score VALUES('4e7eabdd5',73,'3d588bc78','42347febb',8236,1057,1653470279,1653470279);
INSERT INTO player_score VALUES('6384d654e',73,'3d588bc78','46d79fbd6',304584,1450,1654034640,1654034640);
INSERT INTO player_score VALUES('5fb5c810a',73,'3d588bc78','4ada2d983',246960,1402,1653932398,1653932398);
INSERT INTO player_score VALUES('61fea4325',73,'3d588bc78','4c78b3bf5',53889,1618,1653993725,1653993725);
INSERT INTO player_score VALUES('6278fcfaa',73,'3d588bc78','4fee1098d',296352,1386,1654006554,1654006554);
INSERT INTO player_score VALUES('550eee57a',73,'3d588bc78','5168e2202',31820,1090,1653646467,1653646467);
INSERT INTO player_score VALUES('63c6d9c14',73,'3d588bc78','57f3583ef',19136,1510,1654041562,1654041562);
INSERT INTO player_score VALUES('63637cbab',73,'3d588bc78','5a7f074b7',170850,1677,1654031143,1654031143);
INSERT INTO player_score VALUES('62adcb0bf',73,'3d588bc78','5ee58bf52',353192,1338,1654012091,1654012091);
INSERT INTO player_score VALUES('44ef2209b',73,'3d8f114ad','2502fbb57',204624,777,1653213636,1653213636);
INSERT INTO player_score VALUES('4480116b7',73,'3d8f114ad','2d6367e0f',716680,812,1653201990,1653201990);
INSERT INTO player_score VALUES('4d5e7afea',73,'3d8f114ad','305a96759',12768,1064,1653440060,1653440060);
INSERT INTO player_score VALUES('5178ddeae',73,'3d8f114ad','323cbf15a',61560,1039,1653550201,1653550201);
INSERT INTO player_score VALUES('58df4b10e',73,'3d8f114ad','32b6bb203',3520,1148,1653748846,1653748846);
INSERT INTO player_score VALUES('56e378a23',73,'3d8f114ad','33fd18ed8',180804,1074,1653695597,1653695597);
INSERT INTO player_score VALUES('53e47f6be',73,'3d8f114ad','3e1745789',3060,1239,1653615174,1653615174);
INSERT INTO player_score VALUES('63970886b',73,'3d8f114ad','41850af16',18424,1645,1654036548,1654036548);
INSERT INTO player_score VALUES('4e8ce4000',73,'3d8f114ad','42347febb',32940,1061,1653471770,1653471770);
INSERT INTO player_score VALUES('62f966841',73,'3d8f114ad','44b69e43e',145792,1479,1654020019,1654020019);
INSERT INTO player_score VALUES('61bcb44e2',73,'3d8f114ad','46d79fbd6',14508,1366,1653986811,1653986811);
INSERT INTO player_score VALUES('630d020d1',73,'3d8f114ad','4ada2d983',15200,1611,1654022075,1654022075);
INSERT INTO player_score VALUES('63b5ffc44',73,'3d8f114ad','4c78b3bf5',189125,1746,1654039795,1654039795);
INSERT INTO player_score VALUES('6250f186c',73,'3d8f114ad','4fee1098d',198058,1372,1654002355,1654002355);
INSERT INTO player_score VALUES('548dc17cc',73,'3d8f114ad','5168e2202',37440,931,1653632922,1653632922);
INSERT INTO player_score VALUES('63a8b4762',73,'3d8f114ad','57f3583ef',576,1495,1654038401,1654038401);
INSERT INTO player_score VALUES('63361051c',73,'3d8f114ad','5a7f074b7',11319,1642,1654026380,1654026380);
INSERT INTO player_score VALUES('62d2e68ec',73,'3d8f114ad','5ee58bf52',316540,1387,1654015982,1654015982);
INSERT INTO player_score VALUES('3f63a078c',73,'3e21ccca2','2502fbb57',17600,629,1653064790,1653064790);
INSERT INTO player_score VALUES('487e4fbe5',73,'3e21ccca2','2d6367e0f',10560,925,1653309180,1653309180);
INSERT INTO player_score VALUES('4dd9775f7',73,'3e21ccca2','305a96759',218500,1079,1653452956,1653452956);
INSERT INTO player_score VALUES('51eb3b41f',73,'3e21ccca2','323cbf15a',16416,1049,1653562193,1653562193);
INSERT INTO player_score VALUES('6096ca9b4',73,'3e21ccca2','32b6bb203',45968,1367,1653955992,1653955992);
INSERT INTO player_score VALUES('58c9bfeb9',73,'3e21ccca2','33fd18ed8',27072,1136,1653746587,1653746587);
INSERT INTO player_score VALUES('5004a366e',73,'3e21ccca2','3e1745789',12000,1037,1653511170,1653511170);
INSERT INTO player_score VALUES('62d6de2ed',73,'3e21ccca2','41850af16',333900,1620,1654016398,1654016398);
INSERT INTO player_score VALUES('4ed46338d',73,'3e21ccca2','42347febb',300828,1082,1653479267,1653479267);
INSERT INTO player_score VALUES('6280303d8',73,'3e21ccca2','44b69e43e',353685,1458,1654007309,1654007309);
INSERT INTO player_score VALUES('63c2d85a1',73,'3e21ccca2','46d79fbd6',387600,1465,1654041142,1654041142);
INSERT INTO player_score VALUES('630410064',73,'3e21ccca2','4ada2d983',120768,1606,1654021137,1654021137);
INSERT INTO player_score VALUES('63867a41c',73,'3e21ccca2','4c78b3bf5',16416,1730,1654034812,1654034812);
INSERT INTO player_score VALUES('6394b4d0b',73,'3e21ccca2','4fee1098d',129200,1452,1654036304,1654036304);
INSERT INTO player_score VALUES('54cd5da98',73,'3e21ccca2','5168e2202',165648,1013,1653639592,1653639592);
INSERT INTO player_score VALUES('636098f99',73,'3e21ccca2','57f3583ef',112266,1461,1654030840,1654030840);
INSERT INTO player_score VALUES('614df6af5',73,'3e21ccca2','5a7f074b7',119850,1287,1653975199,1653975199);
INSERT INTO player_score VALUES('62e1100d0',73,'3e21ccca2','5ee58bf52',4320,1413,1654017467,1654017467);
INSERT INTO player_score VALUES('45b9b6613',73,'3ef873f4b','2502fbb57',27825,808,1653234878,1653234878);
INSERT INTO player_score VALUES('48ef39fd5',73,'3ef873f4b','2d6367e0f',144256,936,1653321020,1653321020);
INSERT INTO player_score VALUES('4d3382022',73,'3ef873f4b','305a96759',245322,1059,1653435554,1653435554);
INSERT INTO player_score VALUES('57f6ff4b3',73,'3ef873f4b','32b6bb203',120714,1113,1653724488,1653724488);
INSERT INTO player_score VALUES('5930c18fa',73,'3ef873f4b','33fd18ed8',160650,1148,1653757388,1653757388);
INSERT INTO player_score VALUES('5353608a8',73,'3ef873f4b','3e1745789',232050,1210,1653599957,1653599957);
INSERT INTO player_score VALUES('5d7b48b51',73,'3ef873f4b','41850af16',57104,1353,1653872577,1653872577);
INSERT INTO player_score VALUES('62fddd1ae',73,'3ef873f4b','44b69e43e',206388,1482,1654020487,1654020487);
INSERT INTO player_score VALUES('6335fcc71',73,'3ef873f4b','4ada2d983',113526,1621,1654026372,1654026372);
INSERT INTO player_score VALUES('63c206620',73,'3ef873f4b','4c78b3bf5',142560,1750,1654041056,1654041056);
INSERT INTO player_score VALUES('622480927',73,'3ef873f4b','4fee1098d',379162,1357,1653997695,1653997695);
INSERT INTO player_score VALUES('55183f993',73,'3ef873f4b','5168e2202',44091,1097,1653647444,1653647444);
INSERT INTO player_score VALUES('63b44d384',73,'3ef873f4b','5a7f074b7',8840,1731,1654039617,1654039617);
INSERT INTO player_score VALUES('41ffccbad',73,'3f6965882','2502fbb57',326192,697,1653134853,1653134853);
INSERT INTO player_score VALUES('4d19a4eb5',73,'3f6965882','305a96759',85358,1055,1653432842,1653432842);
INSERT INTO player_score VALUES('50802fd22',73,'3f6965882','323cbf15a',399168,1002,1653524125,1653524125);
INSERT INTO player_score VALUES('638825801',73,'3f6965882','32b6bb203',477576,1468,1654034987,1654034987);
INSERT INTO player_score VALUES('58eb51ac1',73,'3f6965882','33fd18ed8',77,1140,1653750107,1653750107);
INSERT INTO player_score VALUES('53bbbf470',73,'3f6965882','3e1745789',160272,1233,1653610901,1653610901);
INSERT INTO player_score VALUES('61c33556c',73,'3f6965882','41850af16',257103,1563,1653987493,1653987493);
INSERT INTO player_score VALUES('4d2e2380f',73,'3f6965882','42347febb',112700,936,1653434991,1653434991);
INSERT INTO player_score VALUES('61a2d2539',73,'3f6965882','44b69e43e',618516,1403,1653984097,1653984097);
INSERT INTO player_score VALUES('5e4db3e65',73,'3f6965882','46d79fbd6',126592,1196,1653894641,1653894641);
INSERT INTO player_score VALUES('6345fb03b',73,'3f6965882','4ada2d983',6200,1630,1654028049,1654028049);
INSERT INTO player_score VALUES('63a51c0a6',73,'3f6965882','4fee1098d',323547,1454,1654038024,1654038024);
INSERT INTO player_score VALUES('5501e7626',73,'3f6965882','5168e2202',88478,1075,1653645101,1653645101);
INSERT INTO player_score VALUES('63ab7fc7a',73,'3f6965882','57f3583ef',32760,1497,1654038694,1654038694);
INSERT INTO player_score VALUES('63180fa2a',73,'3f6965882','5a7f074b7',53040,1624,1654023234,1654023234);
INSERT INTO player_score VALUES('445260a1f',73,'3f7631e69','2502fbb57',5670,766,1653197199,1653197199);
INSERT INTO player_score VALUES('4a71c515f',73,'3f7631e69','2d6367e0f',150000,985,1653361552,1653361552);
INSERT INTO player_score VALUES('4d9bef68b',73,'3f7631e69','305a96759',282720,1072,1653446504,1653446504);
INSERT INTO player_score VALUES('5095127fa',73,'3f7631e69','323cbf15a',113100,1006,1653526315,1653526315);
INSERT INTO player_score VALUES('600b75a99',73,'3f7631e69','32b6bb203',660,1352,1653941382,1653941382);
INSERT INTO player_score VALUES('5893ef110',73,'3f7631e69','33fd18ed8',34560,1126,1653740944,1653740944);
INSERT INTO player_score VALUES('5152a4c23',73,'3f7631e69','3e1745789',103545,1109,1653546193,1653546193);
INSERT INTO player_score VALUES('5f2a3d66f',73,'3f7631e69','41850af16',18450,1445,1653917766,1653917766);
INSERT INTO player_score VALUES('4d6dbfad1',73,'3f7631e69','42347febb',60605,962,1653441661,1653441661);
INSERT INTO player_score VALUES('63093b44d',73,'3f7631e69','44b69e43e',106650,1485,1654021679,1654021679);
INSERT INTO player_score VALUES('62962e21d',73,'3f7631e69','46d79fbd6',160704,1408,1654009615,1654009615);
INSERT INTO player_score VALUES('631ed77b7',73,'3f7631e69','4ada2d983',9460,1616,1654023945,1654023945);
INSERT INTO player_score VALUES('62c4679ed',73,'3f7631e69','4c78b3bf5',7524,1681,1654014462,1654014462);
INSERT INTO player_score VALUES('625ff9309',73,'3f7631e69','4fee1098d',311550,1377,1654003931,1654003931);
INSERT INTO player_score VALUES('54f5ef6b8',73,'3f7631e69','5168e2202',31958,1063,1653643846,1653643846);
INSERT INTO player_score VALUES('61e66623a',73,'3f7631e69','57f3583ef',26316,1290,1653991183,1653991183);
INSERT INTO player_score VALUES('63168b73e',73,'3f7631e69','5a7f074b7',188604,1622,1654023075,1654023075);
INSERT INTO player_score VALUES('62fea2ddc',73,'3f7631e69','5ee58bf52',68208,1464,1654020568,1654020568);
INSERT INTO player_score VALUES('45375fac5',73,'402b22b3e','2502fbb57',63612,786,1653221211,1653221211);
INSERT INTO player_score VALUES('4a5f0a294',73,'402b22b3e','2d6367e0f',5544,981,1653359588,1653359588);
INSERT INTO player_score VALUES('4d96739ab',73,'402b22b3e','305a96759',224296,1071,1653445929,1653445929);
INSERT INTO player_score VALUES('5170f8708',73,'402b22b3e','323cbf15a',79515,1037,1653549373,1653549373);
INSERT INTO player_score VALUES('63c298e18',73,'402b22b3e','32b6bb203',57722,1473,1654041116,1654041116);
INSERT INTO player_score VALUES('5933524f3',73,'402b22b3e','33fd18ed8',16560,1150,1653757657,1653757657);
INSERT INTO player_score VALUES('52eb0b8ac',73,'402b22b3e','3e1745789',83655,1183,1653589017,1653589017);
INSERT INTO player_score VALUES('63996fc7f',73,'402b22b3e','41850af16',48720,1647,1654036800,1654036800);
INSERT INTO player_score VALUES('4e718eedf',73,'402b22b3e','42347febb',284310,1053,1653468904,1653468904);
INSERT INTO player_score VALUES('60a893d41',73,'402b22b3e','44b69e43e',91104,1358,1653957857,1653957857);
INSERT INTO player_score VALUES('62fc62b00',73,'402b22b3e','46d79fbd6',119232,1425,1654020332,1654020332);
INSERT INTO player_score VALUES('63a8bbc58',73,'402b22b3e','4c78b3bf5',51597,1740,1654038404,1654038404);
INSERT INTO player_score VALUES('62c970af1',73,'402b22b3e','4fee1098d',299710,1407,1654014990,1654014990);
INSERT INTO player_score VALUES('537994ce7',73,'402b22b3e','5168e2202',79695,632,1653603963,1653603963);
INSERT INTO player_score VALUES('627db7ef8',73,'402b22b3e','57f3583ef',172608,1357,1654007050,1654007050);
INSERT INTO player_score VALUES('6388d7b90',73,'402b22b3e','5a7f074b7',6156,1698,1654035060,1654035060);
INSERT INTO player_score VALUES('4362fc772',73,'4183f70fd','2502fbb57',18216,744,1653172097,1653172097);
INSERT INTO player_score VALUES('49fae9d35',73,'4183f70fd','2d6367e0f',159975,964,1653349089,1653349089);
INSERT INTO player_score VALUES('51320726e',73,'4183f70fd','323cbf15a',52,1026,1653542773,1653542773);
INSERT INTO player_score VALUES('62b7ac5b4',73,'4183f70fd','32b6bb203',70560,1451,1654013127,1654013127);
INSERT INTO player_score VALUES('577afdb14',73,'4183f70fd','33fd18ed8',47320,1093,1653711485,1653711485);
INSERT INTO player_score VALUES('533e9d990',73,'4183f70fd','3e1745789',710892,1206,1653597780,1653597780);
INSERT INTO player_score VALUES('63394983b',73,'4183f70fd','41850af16',2688,1636,1654026718,1654026718);
INSERT INTO player_score VALUES('4ed116794',73,'4183f70fd','42347febb',500,1080,1653478921,1653478921);
INSERT INTO player_score VALUES('5fd7241ca',73,'4183f70fd','44b69e43e',63597,1303,1653935896,1653935896);
INSERT INTO player_score VALUES('635c7f2c0',73,'4183f70fd','46d79fbd6',116025,1437,1654030410,1654030410);
INSERT INTO player_score VALUES('626fd2cda',73,'4183f70fd','4ada2d983',20916,1575,1654005593,1654005593);
INSERT INTO player_score VALUES('6215aea01',73,'4183f70fd','4c78b3bf5',72352,1625,1653996141,1653996141);
INSERT INTO player_score VALUES('63a841b59',73,'4183f70fd','4fee1098d',140300,1455,1654038354,1654038354);
INSERT INTO player_score VALUES('5520fe5a4',73,'4183f70fd','5168e2202',78988,1108,1653648361,1653648361);
INSERT INTO player_score VALUES('62e7715c3',73,'4183f70fd','57f3583ef',479325,1407,1654018136,1654018136);
INSERT INTO player_score VALUES('63ad6f666',73,'4183f70fd','5a7f074b7',281515,1723,1654038897,1654038897);
INSERT INTO player_score VALUES('62dc970a0',73,'4183f70fd','5ee58bf52',3536,1405,1654016998,1654016998);
INSERT INTO player_score VALUES('4599f4808',73,'41f9c82f9','2502fbb57',54264,803,1653231548,1653231548);
INSERT INTO player_score VALUES('4904218ec',73,'41f9c82f9','2d6367e0f',170016,940,1653323212,1653323212);
INSERT INTO player_score VALUES('4dfeb29c9',73,'41f9c82f9','305a96759',344344,1090,1653456860,1653456860);
INSERT INTO player_score VALUES('514fe5a3c',73,'41f9c82f9','323cbf15a',33480,1030,1653545905,1653545905);
INSERT INTO player_score VALUES('62abb945e',73,'41f9c82f9','32b6bb203',22320,1450,1654011874,1654011874);
INSERT INTO player_score VALUES('573ff55f7',73,'41f9c82f9','33fd18ed8',195426,1082,1653705295,1653705295);
INSERT INTO player_score VALUES('53b562de2',73,'41f9c82f9','3e1745789',15824,1232,1653610234,1653610234);
INSERT INTO player_score VALUES('61bf450c8',73,'41f9c82f9','41850af16',313191,1562,1653987080,1653987080);
INSERT INTO player_score VALUES('4e6417aa2',73,'41f9c82f9','42347febb',58016,1046,1653467492,1653467492);
INSERT INTO player_score VALUES('61d8a0bdf',73,'41f9c82f9','44b69e43e',183300,1416,1653989739,1653989739);
INSERT INTO player_score VALUES('62d6b7200',73,'41f9c82f9','46d79fbd6',14508,1420,1654016382,1654016382);
INSERT INTO player_score VALUES('609d18613',73,'41f9c82f9','4ada2d983',37741,1448,1653956653,1653956653);
INSERT INTO player_score VALUES('62d88e4fd',73,'41f9c82f9','4c78b3bf5',580000,1687,1654016575,1654016575);
INSERT INTO player_score VALUES('635c35eca',73,'41f9c82f9','4fee1098d',9775,1435,1654030380,1654030380);
INSERT INTO player_score VALUES('551b828d7',73,'41f9c82f9','5168e2202',220647,1103,1653647786,1653647786);
INSERT INTO player_score VALUES('629c8a8f0',73,'41f9c82f9','57f3583ef',40128,1374,1654010282,1654010282);
INSERT INTO player_score VALUES('6308471d5',73,'41f9c82f9','5a7f074b7',106920,1608,1654021579,1654021579);
INSERT INTO player_score VALUES('62ff04840',73,'41f9c82f9','5ee58bf52',58460,1465,1654020608,1654020608);
INSERT INTO player_score VALUES('452ae1718',73,'451ccdeed','2502fbb57',87360,785,1653219901,1653219901);
INSERT INTO player_score VALUES('4a3c006a1',73,'451ccdeed','2d6367e0f',669465,972,1653355914,1653355914);
INSERT INTO player_score VALUES('4df3101c0',73,'451ccdeed','305a96759',349440,1085,1653455640,1653455640);
INSERT INTO player_score VALUES('60ce72a5e',73,'451ccdeed','32b6bb203',436296,1375,1653961828,1653961828);
INSERT INTO player_score VALUES('530a86a0f',73,'451ccdeed','3e1745789',8541,1193,1653592318,1653592318);
INSERT INTO player_score VALUES('63bc3794a',73,'451ccdeed','41850af16',20608,1651,1654040447,1654040447);
INSERT INTO player_score VALUES('4ec00e22a',73,'451ccdeed','42347febb',23205,1075,1653477135,1653477135);
INSERT INTO player_score VALUES('5e487a016',73,'451ccdeed','44b69e43e',137700,1229,1653894093,1653894093);
INSERT INTO player_score VALUES('634234386',73,'451ccdeed','46d79fbd6',19224,1434,1654027653,1654027653);
INSERT INTO player_score VALUES('5ff68e1ae',73,'451ccdeed','4ada2d983',34000,1414,1653939190,1653939190);
INSERT INTO player_score VALUES('630632e45',73,'451ccdeed','4c78b3bf5',329175,1701,1654021361,1654021361);
INSERT INTO player_score VALUES('61c6e62d4',73,'451ccdeed','4fee1098d',4824,1330,1653987880,1653987880);
INSERT INTO player_score VALUES('54f9bd87c',73,'451ccdeed','5168e2202',79662,1069,1653644245,1653644245);
INSERT INTO player_score VALUES('63bcd160f',73,'451ccdeed','57f3583ef',9504,1508,1654040510,1654040510);
INSERT INTO player_score VALUES('63b85379d',73,'451ccdeed','5a7f074b7',107800,1735,1654040039,1654040039);
INSERT INTO player_score VALUES('629dc57c4',73,'451ccdeed','5ee58bf52',371664,1317,1654010411,1654010411);
INSERT INTO player_score VALUES('4578a9897',73,'45414d2fa','2502fbb57',4100,799,1653228057,1653228057);
INSERT INTO player_score VALUES('4792c102a',73,'45414d2fa','2d6367e0f',12054,908,1653284480,1653284480);
INSERT INTO player_score VALUES('4dec10201',73,'45414d2fa','305a96759',42804,1082,1653454906,1653454906);
INSERT INTO player_score VALUES('507e42a4e',73,'45414d2fa','323cbf15a',84916,1001,1653523923,1653523923);
INSERT INTO player_score VALUES('6331de199',73,'45414d2fa','32b6bb203',2805,1459,1654025940,1654025940);
INSERT INTO player_score VALUES('582b386e6',73,'45414d2fa','33fd18ed8',1408,1116,1653729964,1653729964);
INSERT INTO player_score VALUES('630eb710a',73,'45414d2fa','41850af16',11400,1627,1654022254,1654022254);
INSERT INTO player_score VALUES('4e885c52d',73,'45414d2fa','42347febb',104580,1058,1653471295,1653471295);
INSERT INTO player_score VALUES('631f9fb09',73,'45414d2fa','44b69e43e',165888,1491,1654024027,1654024027);
INSERT INTO player_score VALUES('62736da7a',73,'45414d2fa','46d79fbd6',408,1399,1654005971,1654005971);
INSERT INTO player_score VALUES('636f1f3d0',73,'45414d2fa','4ada2d983',11592,1643,1654032363,1654032363);
INSERT INTO player_score VALUES('62b10b953',73,'45414d2fa','4c78b3bf5',148720,1671,1654012432,1654012432);
INSERT INTO player_score VALUES('6370ca7fb',73,'45414d2fa','4fee1098d',145248,1438,1654032538,1654032538);
INSERT INTO player_score VALUES('55303bb86',73,'45414d2fa','5168e2202',671460,1118,1653649959,1653649959);
INSERT INTO player_score VALUES('63adf81f7',73,'45414d2fa','57f3583ef',63504,1500,1654038953,1654038953);
INSERT INTO player_score VALUES('63b0ad7a7',73,'45414d2fa','5a7f074b7',6175,1725,1654039237,1654039237);
INSERT INTO player_score VALUES('62e63dbe7',73,'45414d2fa','5ee58bf52',2310,1424,1654018010,1654018010);
INSERT INTO player_score VALUES('4b250d108',73,'466b5f539','2d6367e0f',71760,1006,1653380351,1653380351);
INSERT INTO player_score VALUES('49fed7af0',73,'466b5f539','305a96759',6072,936,1653349501,1653349501);
INSERT INTO player_score VALUES('4e5e5ed1e',73,'466b5f539','323cbf15a',61383,937,1653466892,1653466892);
INSERT INTO player_score VALUES('61be869e7',73,'466b5f539','32b6bb203',16320,1413,1653987002,1653987002);
INSERT INTO player_score VALUES('56a6e2622',73,'466b5f539','33fd18ed8',55216,1065,1653689244,1653689244);
INSERT INTO player_score VALUES('5448010dc',73,'466b5f539','3e1745789',55440,1264,1653625608,1653625608);
INSERT INTO player_score VALUES('5f1f71ba6',73,'466b5f539','41850af16',16082,1440,1653916634,1653916634);
INSERT INTO player_score VALUES('4e8b97f63',73,'466b5f539','42347febb',1680,1060,1653471634,1653471634);
INSERT INTO player_score VALUES('622971360',73,'466b5f539','44b69e43e',52326,1439,1653998213,1653998213);
INSERT INTO player_score VALUES('62ece5d64',73,'466b5f539','4ada2d983',11610,1599,1654018708,1654018708);
INSERT INTO player_score VALUES('630d96f88',73,'466b5f539','4c78b3bf5',71162,1704,1654022136,1654022136);
INSERT INTO player_score VALUES('62adcfed5',73,'466b5f539','4fee1098d',333606,1395,1654012093,1654012093);
INSERT INTO player_score VALUES('54f6b52be',73,'466b5f539','5168e2202',659988,1064,1653643927,1653643927);
INSERT INTO player_score VALUES('62d9715d6',73,'466b5f539','57f3583ef',41860,1398,1654016668,1654016668);
INSERT INTO player_score VALUES('62cc1c49b',73,'466b5f539','5a7f074b7',3894,1561,1654015270,1654015270);
INSERT INTO player_score VALUES('62dbd147e',73,'466b5f539','5ee58bf52',1600,1402,1654016917,1654016917);
INSERT INTO player_score VALUES('4a12cd8d9',73,'467e39fcb','2d6367e0f',135954,966,1653351594,1653351594);
INSERT INTO player_score VALUES('4caec8fb2',73,'467e39fcb','305a96759',524797,1033,1653421637,1653421637);
INSERT INTO player_score VALUES('51324b865',73,'467e39fcb','323cbf15a',71280,1027,1653542801,1653542801);
INSERT INTO player_score VALUES('62324d467',73,'467e39fcb','32b6bb203',186714,1430,1653999142,1653999142);
INSERT INTO player_score VALUES('50f40521b',73,'467e39fcb','3e1745789',355810,1084,1653536271,1653536271);
INSERT INTO player_score VALUES('4ec375b90',73,'467e39fcb','42347febb',163400,1079,1653477492,1653477492);
INSERT INTO player_score VALUES('632f4877a',73,'467e39fcb','44b69e43e',143792,1494,1654025669,1654025669);
INSERT INTO player_score VALUES('6383e710b',73,'467e39fcb','46d79fbd6',142272,1449,1654034542,1654034542);
INSERT INTO player_score VALUES('6348e3a67',73,'467e39fcb','4ada2d983',131040,1634,1654028354,1654028354);
INSERT INTO player_score VALUES('631c88aa8',73,'467e39fcb','4c78b3bf5',12750,1711,1654023703,1654023703);
INSERT INTO player_score VALUES('63b83150f',73,'467e39fcb','4fee1098d',131967,1460,1654040025,1654040025);
INSERT INTO player_score VALUES('55086d4bd',73,'467e39fcb','5168e2202',6579,1086,1653645785,1653645785);
INSERT INTO player_score VALUES('63071fb74',73,'467e39fcb','57f3583ef',48720,1427,1654021458,1654021458);
INSERT INTO player_score VALUES('639570cdd',73,'467e39fcb','5a7f074b7',8064,1708,1654036381,1654036381);
INSERT INTO player_score VALUES('62d54b5db',73,'467e39fcb','5ee58bf52',107844,1393,1654016233,1654016233);
INSERT INTO player_score VALUES('4b22f1846',73,'4779320ad','2d6367e0f',13702,1005,1653380130,1653380130);
INSERT INTO player_score VALUES('4c4eee647',73,'4779320ad','305a96759',69598,1017,1653411586,1653411586);
INSERT INTO player_score VALUES('51ba98161',73,'4779320ad','323cbf15a',43218,1044,1653557093,1653557093);
INSERT INTO player_score VALUES('59055ab98',73,'4779320ad','33fd18ed8',3564,1147,1653752837,1653752837);
INSERT INTO player_score VALUES('52f6d2ac1',73,'4779320ad','3e1745789',103132,1187,1653590252,1653590252);
INSERT INTO player_score VALUES('62ad5fa2d',73,'4779320ad','41850af16',10584,1613,1654012047,1654012047);
INSERT INTO player_score VALUES('4ce8371d9',73,'4779320ad','42347febb',411312,915,1653427659,1653427659);
INSERT INTO player_score VALUES('62ad361fa',73,'4779320ad','44b69e43e',21952,1465,1654012030,1654012030);
INSERT INTO player_score VALUES('61a9ed2fa',73,'4779320ad','46d79fbd6',24192,1362,1653984842,1653984842);
INSERT INTO player_score VALUES('63b672897',73,'4779320ad','4ada2d983',540672,1653,1654039842,1654039842);
INSERT INTO player_score VALUES('620cc65a7',73,'4779320ad','4c78b3bf5',136710,1622,1653995207,1653995207);
INSERT INTO player_score VALUES('63765c445',73,'4779320ad','4fee1098d',155946,1441,1654033122,1654033122);
INSERT INTO player_score VALUES('54be4eadd',73,'4779320ad','5168e2202',300,992,1653638013,1653638013);
INSERT INTO player_score VALUES('637afecdb',73,'4779320ad','57f3583ef',24480,1472,1654033608,1654033608);
INSERT INTO player_score VALUES('637127454',73,'4779320ad','5a7f074b7',180730,1684,1654032576,1654032576);
INSERT INTO player_score VALUES('630d66263',73,'4779320ad','5ee58bf52',289800,1483,1654022116,1654022116);
INSERT INTO player_score VALUES('4b3c325d0',73,'48aa5c9cc','2d6367e0f',296,1008,1653382778,1653382778);
INSERT INTO player_score VALUES('4ea97dc56',73,'48aa5c9cc','323cbf15a',122200,950,1653474769,1653474769);
INSERT INTO player_score VALUES('5f7295e86',73,'48aa5c9cc','32b6bb203',119340,1331,1653925352,1653925352);
INSERT INTO player_score VALUES('514bdf5f2',73,'48aa5c9cc','33fd18ed8',0,881,1653545483,1653545483);
INSERT INTO player_score VALUES('543e6ddf5',73,'48aa5c9cc','3e1745789',6160,1262,1653624604,1653624604);
INSERT INTO player_score VALUES('63256c101',73,'48aa5c9cc','41850af16',136900,1632,1654024635,1654024635);
INSERT INTO player_score VALUES('4d7ed1cf1',73,'48aa5c9cc','42347febb',131670,968,1653443451,1653443451);
INSERT INTO player_score VALUES('6242c0b5f',73,'48aa5c9cc','44b69e43e',247940,1446,1654000867,1654000867);
INSERT INTO player_score VALUES('637ee7c53',73,'48aa5c9cc','46d79fbd6',36400,1448,1654034018,1654034018);
INSERT INTO player_score VALUES('634122c76',73,'48aa5c9cc','4ada2d983',45260,1627,1654027541,1654027541);
INSERT INTO player_score VALUES('63b0e59fd',73,'48aa5c9cc','4c78b3bf5',439530,1745,1654039260,1654039260);
INSERT INTO player_score VALUES('627045884',73,'48aa5c9cc','4fee1098d',650056,1381,1654005640,1654005640);
INSERT INTO player_score VALUES('62f77477f',73,'48aa5c9cc','57f3583ef',16128,1420,1654019815,1654019815);
INSERT INTO player_score VALUES('621f79f52',73,'48aa5c9cc','5a7f074b7',13248,1439,1653997168,1653997168);
INSERT INTO player_score VALUES('62e3be144',73,'48aa5c9cc','5ee58bf52',79464,1420,1654017748,1654017748);
INSERT INTO player_score VALUES('4a555e8fd',73,'48c351c22','2d6367e0f',0,978,1653358574,1653358574);
INSERT INTO player_score VALUES('4e20900fd',73,'48c351c22','305a96759',253800,1093,1653460411,1653460411);
INSERT INTO player_score VALUES('51f836063',73,'48c351c22','323cbf15a',99000,1050,1653563554,1653563554);
INSERT INTO player_score VALUES('576f145e1',73,'48c351c22','33fd18ed8',8100,1091,1653710236,1653710236);
INSERT INTO player_score VALUES('54201a32f',73,'48c351c22','3e1745789',47232,1255,1653621424,1653621424);
INSERT INTO player_score VALUES('6299ae21a',73,'48c351c22','41850af16',35264,1607,1654009982,1654009982);
INSERT INTO player_score VALUES('4dc0ba5e7',73,'48c351c22','42347febb',16740,996,1653450362,1653450362);
INSERT INTO player_score VALUES('6373edb8d',73,'48c351c22','44b69e43e',31671,1508,1654032867,1654032867);
INSERT INTO player_score VALUES('5eaf967bd',73,'48c351c22','46d79fbd6',2304,1217,1653904905,1653904905);
INSERT INTO player_score VALUES('631e0cd83',73,'48c351c22','4ada2d983',26488,1615,1654023862,1654023862);
INSERT INTO player_score VALUES('6391c9c17',73,'48c351c22','4c78b3bf5',97760,1736,1654035998,1654035998);
INSERT INTO player_score VALUES('5464344ae',73,'48c351c22','5168e2202',10416,880,1653628565,1653628565);
INSERT INTO player_score VALUES('62b1af274',73,'48c351c22','5a7f074b7',46368,1539,1654012499,1654012499);
INSERT INTO player_score VALUES('43dd1aa8e',73,'49d9ef74f','2d6367e0f',870,788,1653184902,1653184902);
INSERT INTO player_score VALUES('4d814c904',73,'49d9ef74f','305a96759',168572,1066,1653443711,1653443711);
INSERT INTO player_score VALUES('523f20504',73,'49d9ef74f','323cbf15a',127743,1056,1653570990,1653570990);
INSERT INTO player_score VALUES('61c2f0f9e',73,'49d9ef74f','32b6bb203',50512,1415,1653987465,1653987465);
INSERT INTO player_score VALUES('58c0e8bd3',73,'49d9ef74f','33fd18ed8',4800,1134,1653745660,1653745660);
INSERT INTO player_score VALUES('53636d6c8',73,'49d9ef74f','3e1745789',159371,1213,1653601640,1653601640);
INSERT INTO player_score VALUES('6376eebfc',73,'49d9ef74f','41850af16',314526,1643,1654033182,1654033182);
INSERT INTO player_score VALUES('4da3e5fd0',73,'49d9ef74f','42347febb',48960,986,1653447339,1653447339);
INSERT INTO player_score VALUES('62fc45620',73,'49d9ef74f','4ada2d983',52136,1602,1654020320,1654020320);
INSERT INTO player_score VALUES('62d169b6a',73,'49d9ef74f','4c78b3bf5',146850,1686,1654015826,1654015826);
INSERT INTO player_score VALUES('552971700',73,'49d9ef74f','5168e2202',9912,1114,1653649247,1653649247);
INSERT INTO player_score VALUES('638c5f0ad',73,'49d9ef74f','5a7f074b7',257712,1702,1654035430,1654035430);
INSERT INTO player_score VALUES('61e9c8d6c',73,'49d9ef74f','5ee58bf52',172368,1078,1653991538,1653991538);
INSERT INTO player_score VALUES('473fba210',73,'49e38ed19','2d6367e0f',13728,897,1653275774,1653275774);
INSERT INTO player_score VALUES('4c8de9713',73,'49e38ed19','305a96759',405000,1029,1653418190,1653418190);
INSERT INTO player_score VALUES('512cbea0f',73,'49e38ed19','323cbf15a',45570,1024,1653542219,1653542219);
INSERT INTO player_score VALUES('61b4b668a',73,'49e38ed19','32b6bb203',184965,1411,1653985973,1653985973);
INSERT INTO player_score VALUES('58edcc729',73,'49e38ed19','33fd18ed8',96030,1142,1653750367,1653750367);
INSERT INTO player_score VALUES('538bd5aa0',73,'49e38ed19','3e1745789',158976,1221,1653605877,1653605877);
INSERT INTO player_score VALUES('5e6c4bef1',73,'49e38ed19','41850af16',89100,1399,1653897849,1653897849);
INSERT INTO player_score VALUES('4e2b0d9c3',73,'49e38ed19','42347febb',109980,1027,1653461511,1653461511);
INSERT INTO player_score VALUES('60b71ef69',73,'49e38ed19','44b69e43e',60458,1362,1653959382,1653959382);
INSERT INTO player_score VALUES('63af74f90',73,'49e38ed19','46d79fbd6',35400,1459,1654039109,1654039109);
INSERT INTO player_score VALUES('62c26bd20',73,'49e38ed19','4ada2d983',185791,1592,1654014254,1654014254);
INSERT INTO player_score VALUES('63376fde8',73,'49e38ed19','4c78b3bf5',189750,1715,1654026524,1654026524);
INSERT INTO player_score VALUES('62b383e51',73,'49e38ed19','4fee1098d',336182,1398,1654012691,1654012691);
INSERT INTO player_score VALUES('5531261a6',73,'49e38ed19','5168e2202',205530,1121,1653650055,1653650055);
INSERT INTO player_score VALUES('62e991c7f',73,'49e38ed19','57f3583ef',16170,1408,1654018359,1654018359);
INSERT INTO player_score VALUES('634707930',73,'49e38ed19','5a7f074b7',18176,1649,1654028159,1654028159);
INSERT INTO player_score VALUES('62fffb1ad',73,'49e38ed19','5ee58bf52',1088,1467,1654020709,1654020709);
INSERT INTO player_score VALUES('4a704836d',73,'4abb4ec22','2d6367e0f',61845,984,1653361396,1653361396);
INSERT INTO player_score VALUES('4bed2dfd7',73,'4abb4ec22','305a96759',343035,1003,1653401336,1653401336);
INSERT INTO player_score VALUES('4d18c9332',73,'4abb4ec22','323cbf15a',5265,886,1653432752,1653432752);
INSERT INTO player_score VALUES('625d94605',73,'4abb4ec22','32b6bb203',1666,1437,1654003680,1654003680);
INSERT INTO player_score VALUES('5363724a3',73,'4abb4ec22','33fd18ed8',50760,949,1653601642,1653601642);
INSERT INTO player_score VALUES('51f37d867',73,'4abb4ec22','3e1745789',57494,1136,1653563059,1653563059);
INSERT INTO player_score VALUES('4e26ad026',73,'4abb4ec22','42347febb',428400,1026,1653461052,1653461052);
INSERT INTO player_score VALUES('61e978470',73,'4abb4ec22','44b69e43e',33600,1424,1653991505,1653991505);
INSERT INTO player_score VALUES('634120579',73,'4abb4ec22','46d79fbd6',288800,1433,1654027540,1654027540);
INSERT INTO player_score VALUES('635020aea',73,'4abb4ec22','4ada2d983',458490,1637,1654029113,1654029113);
INSERT INTO player_score VALUES('6000b3c2c',73,'4abb4ec22','4c78b3bf5',78736,1459,1653940254,1653940254);
INSERT INTO player_score VALUES('63bfc154f',73,'4abb4ec22','4fee1098d',17253,1462,1654040818,1654040818);
INSERT INTO player_score VALUES('55076f630',73,'4abb4ec22','5168e2202',81664,1083,1653645681,1653645681);
INSERT INTO player_score VALUES('630011145',73,'4abb4ec22','57f3583ef',248472,1423,1654020718,1654020718);
INSERT INTO player_score VALUES('6289c0fb0',73,'4abb4ec22','5ee58bf52',18360,1282,1654008312,1654008312);
INSERT INTO player_score VALUES('4dbb0183f',73,'4c505c99e','305a96759',87840,1076,1653449762,1653449762);
INSERT INTO player_score VALUES('50dd96f27',73,'4c505c99e','323cbf15a',75000,1015,1653533919,1653533919);
INSERT INTO player_score VALUES('61b973cb8',73,'4c505c99e','32b6bb203',3822,1412,1653986470,1653986470);
INSERT INTO player_score VALUES('503c2945a',73,'4c505c99e','33fd18ed8',2000,838,1653516992,1653516992);
INSERT INTO player_score VALUES('53b0e283d',73,'4c505c99e','3e1745789',12540,1231,1653609762,1653609762);
INSERT INTO player_score VALUES('638cf3f59',73,'4c505c99e','41850af16',640332,1644,1654035491,1654035491);
INSERT INTO player_score VALUES('4dbe5ce68',73,'4c505c99e','42347febb',220704,995,1653450114,1653450114);
INSERT INTO player_score VALUES('637710ed9',73,'4c505c99e','44b69e43e',3876,1509,1654033196,1654033196);
INSERT INTO player_score VALUES('61d0d13dc',73,'4c505c99e','4ada2d983',44400,1534,1653988920,1653988920);
INSERT INTO player_score VALUES('62c42a97d',73,'4c505c99e','4c78b3bf5',22185,1680,1654014437,1654014437);
INSERT INTO player_score VALUES('638f19482',73,'4c505c99e','4fee1098d',125928,1448,1654035716,1654035716);
INSERT INTO player_score VALUES('552c68b9b',73,'4c505c99e','5168e2202',244032,1116,1653649558,1653649558);
INSERT INTO player_score VALUES('637730ac7',73,'4c505c99e','57f3583ef',439356,1470,1654033209,1654033209);
INSERT INTO player_score VALUES('63a98dc1d',73,'4c505c99e','5a7f074b7',143260,1719,1654038490,1654038490);
INSERT INTO player_score VALUES('630a148ba',73,'4c505c99e','5ee58bf52',33605,1479,1654021768,1654021768);
INSERT INTO player_score VALUES('4d7f4e506',73,'4cd03d69c','305a96759',47058,1065,1653443502,1653443502);
INSERT INTO player_score VALUES('520597537',73,'4cd03d69c','323cbf15a',249444,1052,1653564957,1653564957);
INSERT INTO player_score VALUES('638485c49',73,'4cd03d69c','32b6bb203',37584,1466,1654034607,1654034607);
INSERT INTO player_score VALUES('576bb8fcf',73,'4cd03d69c','33fd18ed8',3192,1090,1653709884,1653709884);
INSERT INTO player_score VALUES('52cfc2aed',73,'4cd03d69c','3e1745789',120472,1180,1653586156,1653586156);
INSERT INTO player_score VALUES('62ab8873d',73,'4cd03d69c','41850af16',48852,1611,1654011854,1654011854);
INSERT INTO player_score VALUES('4dd03e872',73,'4cd03d69c','42347febb',46305,1002,1653451989,1653451989);
INSERT INTO player_score VALUES('61e35b526',73,'4cd03d69c','44b69e43e',77760,1419,1653990864,1653990864);
INSERT INTO player_score VALUES('62c1dbc31',73,'4cd03d69c','46d79fbd6',4340,1417,1654014195,1654014195);
INSERT INTO player_score VALUES('6127c74d5',73,'4cd03d69c','4ada2d983',23100,1489,1653971195,1653971195);
INSERT INTO player_score VALUES('63afd9137',73,'4cd03d69c','4fee1098d',22477,1458,1654039150,1654039150);
INSERT INTO player_score VALUES('622445f84',73,'4cd03d69c','57f3583ef',1520,1320,1653997671,1653997671);
INSERT INTO player_score VALUES('620b66cc5',73,'4cd03d69c','5a7f074b7',12922,1422,1653995063,1653995063);
INSERT INTO player_score VALUES('6304015ef',73,'4cd03d69c','5ee58bf52',28560,1473,1654021131,1654021131);
INSERT INTO player_score VALUES('4c449ccac',73,'4cd225b3c','305a96759',90774,1012,1653410504,1653410504);
INSERT INTO player_score VALUES('51a32e709',73,'4cd225b3c','323cbf15a',103740,1042,1653554638,1653554638);
INSERT INTO player_score VALUES('5436f8ae2',73,'4cd225b3c','3e1745789',107712,1260,1653623822,1653623822);
INSERT INTO player_score VALUES('62993dd55',73,'4cd225b3c','41850af16',4624,1606,1654009936,1654009936);
INSERT INTO player_score VALUES('4e79f5cb0',73,'4cd225b3c','42347febb',7200,1055,1653469785,1653469785);
INSERT INTO player_score VALUES('62ff0bd7e',73,'4cd225b3c','44b69e43e',0,1483,1654020611,1654020611);
INSERT INTO player_score VALUES('639089f08',73,'4cd225b3c','4ada2d983',589000,1649,1654035867,1654035867);
INSERT INTO player_score VALUES('621ca74d4',73,'4cd225b3c','4c78b3bf5',8960,1629,1653996872,1653996872);
INSERT INTO player_score VALUES('5f405626d',73,'4cd225b3c','4fee1098d',113256,1140,1653920083,1653920083);
INSERT INTO player_score VALUES('54dbf505d',73,'4cd225b3c','5168e2202',207900,1028,1653641122,1653641122);
INSERT INTO player_score VALUES('630147202',73,'4cd225b3c','5a7f074b7',10260,1603,1654020845,1654020845);
INSERT INTO player_score VALUES('4df368024',73,'4d631d87e','305a96759',59800,1086,1653455676,1653455676);
INSERT INTO player_score VALUES('523142855',73,'4d631d87e','323cbf15a',92150,1054,1653569536,1653569536);
INSERT INTO player_score VALUES('63c0bf3ec',73,'4d631d87e','32b6bb203',165760,1472,1654040922,1654040922);
INSERT INTO player_score VALUES('56cef0495',73,'4d631d87e','33fd18ed8',8648,1070,1653693444,1653693444);
INSERT INTO player_score VALUES('5074e52d2',73,'4d631d87e','3e1745789',2464,1056,1653522941,1653522941);
INSERT INTO player_score VALUES('62e03ba92',73,'4d631d87e','41850af16',17280,1621,1654017380,1654017380);
INSERT INTO player_score VALUES('4e9caa14b',73,'4d631d87e','42347febb',7776,1065,1653473424,1653473424);
INSERT INTO player_score VALUES('613e4de8b',73,'4d631d87e','44b69e43e',282948,1386,1653973557,1653973557);
INSERT INTO player_score VALUES('6105c53de',73,'4d631d87e','46d79fbd6',112996,1333,1653967629,1653967629);
INSERT INTO player_score VALUES('630200ab6',73,'4d631d87e','4ada2d983',34888,1605,1654020921,1654020921);
INSERT INTO player_score VALUES('630d21cd2',73,'4d631d87e','4c78b3bf5',207792,1703,1654022088,1654022088);
INSERT INTO player_score VALUES('61641ba66',73,'4d631d87e','4fee1098d',54684,1302,1653977521,1653977521);
INSERT INTO player_score VALUES('54dd6f6f6',73,'4d631d87e','5168e2202',230391,1033,1653641277,1653641277);
INSERT INTO player_score VALUES('622a51d27',73,'4d631d87e','57f3583ef',574940,1323,1653998305,1653998305);
INSERT INTO player_score VALUES('63ae4b1c8',73,'4d631d87e','5a7f074b7',30272,1724,1654038987,1654038987);
INSERT INTO player_score VALUES('62f06365c',73,'4d631d87e','5ee58bf52',185535,1442,1654019074,1654019074);
INSERT INTO player_score VALUES('4d41dc57f',73,'4e0fb617d','305a96759',30912,1060,1653437059,1653437059);
INSERT INTO player_score VALUES('626eed4f0',73,'4e0fb617d','32b6bb203',518616,1443,1654005499,1654005499);
INSERT INTO player_score VALUES('5872f2410',73,'4e0fb617d','33fd18ed8',252791,1125,1653737485,1653737485);
INSERT INTO player_score VALUES('617d8d4fa',73,'4e0fb617d','41850af16',972,1546,1653980189,1653980189);
INSERT INTO player_score VALUES('4dd71294a',73,'4e0fb617d','42347febb',25696,1004,1653452705,1653452705);
INSERT INTO player_score VALUES('5fcb1fef0',73,'4e0fb617d','44b69e43e',3456,1302,1653934636,1653934636);
INSERT INTO player_score VALUES('63027abca',73,'4e0fb617d','46d79fbd6',83490,1426,1654020971,1654020971);
INSERT INTO player_score VALUES('625f24c50',73,'4e0fb617d','4ada2d983',23688,1572,1654003844,1654003844);
INSERT INTO player_score VALUES('62ee14938',73,'4e0fb617d','4c78b3bf5',4029,1691,1654018832,1654018832);
INSERT INTO player_score VALUES('63a90eca2',73,'4e0fb617d','4fee1098d',395760,1456,1654038438,1654038438);
INSERT INTO player_score VALUES('552245852',73,'4e0fb617d','5168e2202',2160,1110,1653648495,1653648495);
INSERT INTO player_score VALUES('61d58c2b2',73,'4e0fb617d','57f3583ef',1281,1278,1653989416,1653989416);
INSERT INTO player_score VALUES('634a2faf3',73,'4e0fb617d','5a7f074b7',128484,1653,1654028490,1654028490);
INSERT INTO player_score VALUES('62f35aae5',73,'4e0fb617d','5ee58bf52',17437,1449,1654019385,1654019385);
INSERT INTO player_score VALUES('4c7ec20ef',73,'4e3e8e446','305a96759',93744,1027,1653416601,1653416601);
INSERT INTO player_score VALUES('524119b18',73,'4e3e8e446','323cbf15a',117300,1057,1653571197,1653571197);
INSERT INTO player_score VALUES('568541f9e',73,'4e3e8e446','33fd18ed8',34891,1059,1653685718,1653685718);
INSERT INTO player_score VALUES('5398fc59a',73,'4e3e8e446','3e1745789',100800,1226,1653607256,1653607256);
INSERT INTO player_score VALUES('61ee35a53',73,'4e3e8e446','41850af16',13020,1575,1653992002,1653992002);
INSERT INTO player_score VALUES('4eb277210',73,'4e3e8e446','42347febb',227292,1074,1653475710,1653475710);
INSERT INTO player_score VALUES('62fb67397',73,'4e3e8e446','44b69e43e',39882,1480,1654020229,1654020229);
INSERT INTO player_score VALUES('62e3aa929',73,'4e3e8e446','46d79fbd6',5032,1422,1654017740,1654017740);
INSERT INTO player_score VALUES('631b06edd',73,'4e3e8e446','4ada2d983',108192,1614,1654023545,1654023545);
INSERT INTO player_score VALUES('62a9372c2',73,'4e3e8e446','4c78b3bf5',0,1668,1654011611,1654011611);
INSERT INTO player_score VALUES('61775a67d',73,'4e3e8e446','4fee1098d',317422,1309,1653979539,1653979539);
INSERT INTO player_score VALUES('54f1b0fa9',73,'4e3e8e446','5168e2202',39780,1056,1653643401,1653643401);
INSERT INTO player_score VALUES('6315640ae',73,'4e3e8e446','57f3583ef',25080,1431,1654022954,1654022954);
INSERT INTO player_score VALUES('63b90f76a',73,'4e3e8e446','5a7f074b7',58996,1736,1654040116,1654040116);
INSERT INTO player_score VALUES('63059df7b',73,'4e3e8e446','5ee58bf52',37240,1476,1654021300,1654021300);
INSERT INTO player_score VALUES('50c3709b4',73,'514897888','323cbf15a',129200,1012,1653531177,1653531177);
INSERT INTO player_score VALUES('6139dea80',73,'514897888','32b6bb203',191400,1390,1653973092,1653973092);
INSERT INTO player_score VALUES('593a01ba4',73,'514897888','33fd18ed8',288000,1151,1653758358,1653758358);
INSERT INTO player_score VALUES('53fc743ba',73,'514897888','3e1745789',19712,1250,1653617686,1653617686);
INSERT INTO player_score VALUES('61d2d1eba',73,'514897888','41850af16',88200,1568,1653989130,1653989130);
INSERT INTO player_score VALUES('62a06ea7a',73,'514897888','44b69e43e',290928,1463,1654010690,1654010690);
INSERT INTO player_score VALUES('610969df2',73,'514897888','46d79fbd6',164312,1334,1653968011,1653968011);
INSERT INTO player_score VALUES('5e5be997d',73,'514897888','4ada2d983',2376,1316,1653896131,1653896131);
INSERT INTO player_score VALUES('62c93d6f2',73,'514897888','4c78b3bf5',73125,1683,1654014969,1654014969);
INSERT INTO player_score VALUES('54f9289b1',73,'514897888','5168e2202',126126,1067,1653644184,1653644184);
INSERT INTO player_score VALUES('638d46f74',73,'514897888','57f3583ef',432768,1481,1654035525,1654035525);
INSERT INTO player_score VALUES('63b52b5df',73,'514897888','5a7f074b7',85248,1732,1654039708,1654039708);
INSERT INTO player_score VALUES('62e75dd46',73,'514897888','5ee58bf52',75164,1427,1654018128,1654018128);
INSERT INTO player_score VALUES('523a6f255',73,'51a0c7331','323cbf15a',222024,1055,1653570498,1653570498);
INSERT INTO player_score VALUES('611d119ba',73,'51a0c7331','32b6bb203',32775,1381,1653970072,1653970072);
INSERT INTO player_score VALUES('584e8413f',73,'51a0c7331','33fd18ed8',51520,1122,1653733665,1653733665);
INSERT INTO player_score VALUES('53183d5d1',73,'51a0c7331','3e1745789',38976,1198,1653593756,1653593756);
INSERT INTO player_score VALUES('6278632d5',73,'51a0c7331','41850af16',668656,1602,1654006491,1654006491);
INSERT INTO player_score VALUES('613ba4bfb',73,'51a0c7331','46d79fbd6',33488,1343,1653973278,1653973278);
INSERT INTO player_score VALUES('61fcb493b',73,'51a0c7331','4ada2d983',291249,1546,1653993522,1653993522);
INSERT INTO player_score VALUES('628065f67',73,'51a0c7331','4c78b3bf5',43624,1653,1654007331,1654007331);
INSERT INTO player_score VALUES('60233734c',73,'51a0c7331','4fee1098d',93150,1217,1653943873,1653943873);
INSERT INTO player_score VALUES('549c2a716',73,'51a0c7331','5168e2202',442176,950,1653634433,1653634433);
INSERT INTO player_score VALUES('63aff65ea',73,'51a0c7331','57f3583ef',13310,1501,1654039162,1654039162);
INSERT INTO player_score VALUES('63b2b57ef',73,'51a0c7331','5a7f074b7',214830,1729,1654039450,1654039450);
INSERT INTO player_score VALUES('628540a65',73,'51eb4027b','32b6bb203',20618,1446,1654007840,1654007840);
INSERT INTO player_score VALUES('550eb3bf7',73,'51eb4027b','33fd18ed8',12450,1011,1653646443,1653646443);
INSERT INTO player_score VALUES('52dc631ac',73,'51eb4027b','3e1745789',87308,1182,1653587480,1653587480);
INSERT INTO player_score VALUES('613249bae',73,'51eb4027b','41850af16',127832,1534,1653972297,1653972297);
INSERT INTO player_score VALUES('6347c5fe8',73,'51eb4027b','44b69e43e',22113,1497,1654028237,1654028237);
INSERT INTO player_score VALUES('623b15d56',73,'51eb4027b','46d79fbd6',37884,1388,1654000063,1654000063);
INSERT INTO player_score VALUES('61b984de6',73,'51eb4027b','4ada2d983',365146,1523,1653986477,1653986477);
INSERT INTO player_score VALUES('62efe6e08',73,'51eb4027b','4c78b3bf5',99072,1693,1654019023,1654019023);
INSERT INTO player_score VALUES('6234de070',73,'51eb4027b','4fee1098d',11613,1363,1653999411,1653999411);
INSERT INTO player_score VALUES('55132cc33',73,'51eb4027b','5168e2202',20102,1094,1653646912,1653646912);
INSERT INTO player_score VALUES('639f63344',73,'51eb4027b','57f3583ef',0,1489,1654037424,1654037424);
INSERT INTO player_score VALUES('6333205e0',73,'51eb4027b','5a7f074b7',40800,1641,1654026072,1654026072);
INSERT INTO player_score VALUES('62f33af07',73,'51eb4027b','5ee58bf52',4680,1448,1654019372,1654019372);
INSERT INTO player_score VALUES('6195589ec',73,'52803bcc8','32b6bb203',363096,1405,1653982684,1653982684);
INSERT INTO player_score VALUES('59312cfa2',73,'52803bcc8','33fd18ed8',58560,1149,1653757432,1653757432);
INSERT INTO player_score VALUES('6306e78c6',73,'52803bcc8','41850af16',168300,1626,1654021435,1654021435);
INSERT INTO player_score VALUES('62cf09cc3',73,'52803bcc8','46d79fbd6',23040,1418,1654015577,1654015577);
INSERT INTO player_score VALUES('6245b0a8c',73,'52803bcc8','4ada2d983',61380,1567,1654001175,1654001175);
INSERT INTO player_score VALUES('63bd4b755',73,'52803bcc8','4c78b3bf5',12798,1748,1654040560,1654040560);
INSERT INTO player_score VALUES('63688f8c7',73,'52803bcc8','4fee1098d',0,1436,1654031675,1654031675);
INSERT INTO player_score VALUES('5527d4d98',73,'52803bcc8','5168e2202',185256,1113,1653649078,1653649078);
INSERT INTO player_score VALUES('62b20e5fb',73,'52803bcc8','57f3583ef',122636,1383,1654012538,1654012538);
INSERT INTO player_score VALUES('639a68c8d',73,'52803bcc8','5a7f074b7',231504,1711,1654036902,1654036902);
INSERT INTO player_score VALUES('62f698c2e',73,'52803bcc8','5ee58bf52',208772,1454,1654019725,1654019725);
INSERT INTO player_score VALUES('62639b5e0',73,'54d0fd65e','32b6bb203',22785,1439,1654004312,1654004312);
INSERT INTO player_score VALUES('57c2ab4f0',73,'54d0fd65e','33fd18ed8',33696,1102,1653719001,1653719001);
INSERT INTO player_score VALUES('5f84de18d',73,'54d0fd65e','41850af16',0,1462,1653927269,1653927269);
INSERT INTO player_score VALUES('62000ff79',73,'54d0fd65e','44b69e43e',1000,1430,1653993874,1653993874);
INSERT INTO player_score VALUES('5e52e6765',73,'54d0fd65e','46d79fbd6',31328,1198,1653895186,1653895186);
INSERT INTO player_score VALUES('635948698',73,'54d0fd65e','4ada2d983',75012,1640,1654030073,1654030073);
INSERT INTO player_score VALUES('6205cdadd',73,'54d0fd65e','4c78b3bf5',298350,1619,1653994476,1653994476);
INSERT INTO player_score VALUES('638387dc3',73,'54d0fd65e','4fee1098d',59185,1445,1654034503,1654034503);
INSERT INTO player_score VALUES('54d89c148',73,'54d0fd65e','5168e2202',45000,1026,1653640771,1653640771);
INSERT INTO player_score VALUES('6396b5865',73,'54d0fd65e','57f3583ef',136640,1483,1654036514,1654036514);
INSERT INTO player_score VALUES('624297382',73,'54d0fd65e','5ee58bf52',411600,1185,1654000850,1654000850);
INSERT INTO player_score VALUES('601d3ee29',73,'5768c69a2','32b6bb203',211640,1354,1653943247,1653943247);
INSERT INTO player_score VALUES('58c89fd78',73,'5768c69a2','33fd18ed8',423936,1135,1653746469,1653746469);
INSERT INTO player_score VALUES('63582fa7d',73,'5768c69a2','41850af16',269500,1640,1654029958,1654029958);
INSERT INTO player_score VALUES('61e8c60e6',73,'5768c69a2','44b69e43e',33366,1423,1653991432,1653991432);
INSERT INTO player_score VALUES('63ae1f2d5',73,'5768c69a2','46d79fbd6',189635,1458,1654038969,1654038969);
INSERT INTO player_score VALUES('62047f366',73,'5768c69a2','4ada2d983',11502,1550,1653994339,1653994339);
INSERT INTO player_score VALUES('623c3acd1',73,'5768c69a2','4c78b3bf5',183330,1637,1654000183,1654000183);
INSERT INTO player_score VALUES('62cba989a',73,'5768c69a2','4fee1098d',76500,1409,1654015223,1654015223);
INSERT INTO player_score VALUES('6354f197e',73,'5768c69a2','5a7f074b7',72800,1661,1654029618,1654029618);
INSERT INTO player_score VALUES('630cbdb3f',73,'5768c69a2','5ee58bf52',38080,1482,1654022047,1654022047);
INSERT INTO player_score VALUES('5ad994724',73,'579158573','32b6bb203',21945,1202,1653801934,1653801934);
INSERT INTO player_score VALUES('58b870c52',73,'579158573','33fd18ed8',77854,1131,1653744772,1653744772);
INSERT INTO player_score VALUES('5f5732353',73,'579158573','41850af16',7020,1451,1653922480,1653922480);
INSERT INTO player_score VALUES('629186b9b',73,'579158573','44b69e43e',7100,1461,1654009127,1654009127);
INSERT INTO player_score VALUES('60baa1674',73,'579158573','46d79fbd6',13120,1322,1653959750,1653959750);
INSERT INTO player_score VALUES('62a156943',73,'579158573','4ada2d983',50375,1583,1654010785,1654010785);
INSERT INTO player_score VALUES('63ba4f4a4',73,'579158573','4c78b3bf5',18876,1747,1654040247,1654040247);
INSERT INTO player_score VALUES('63bbfa8a3',73,'579158573','4fee1098d',10440,1461,1654040422,1654040422);
INSERT INTO player_score VALUES('6330b1cd9',73,'579158573','57f3583ef',17836,1441,1654025817,1654025817);
INSERT INTO player_score VALUES('6373bf557',73,'579158573','5a7f074b7',426388,1685,1654032848,1654032848);
INSERT INTO player_score VALUES('6306c07fd',73,'579158573','5ee58bf52',15400,1477,1654021419,1654021419);
INSERT INTO player_score VALUES('556f6eea2',73,'58b1a4110','33fd18ed8',262236,1025,1653656586,1653656586);
INSERT INTO player_score VALUES('61ee13795',73,'58b1a4110','41850af16',77220,1574,1653991988,1653991988);
INSERT INTO player_score VALUES('6216b8bee',73,'58b1a4110','44b69e43e',16592,1433,1653996250,1653996250);
INSERT INTO player_score VALUES('62af5b721',73,'58b1a4110','46d79fbd6',260073,1413,1654012255,1654012255);
INSERT INTO player_score VALUES('6331fdd15',73,'58b1a4110','4ada2d983',13944,1620,1654025953,1654025953);
INSERT INTO player_score VALUES('634610fff',73,'58b1a4110','4c78b3bf5',9072,1719,1654028058,1654028058);
INSERT INTO player_score VALUES('61f932254',73,'58b1a4110','57f3583ef',390260,1296,1653993154,1653993154);
INSERT INTO player_score VALUES('6393ddfb5',73,'58b1a4110','5a7f074b7',252000,1707,1654036216,1654036216);
INSERT INTO player_score VALUES('62c43e223',73,'58b1a4110','5ee58bf52',89782,1367,1654014445,1654014445);
INSERT INTO player_score VALUES('634bb3d94',73,'5991f93f6','32b6bb203',127820,1461,1654028649,1654028649);
INSERT INTO player_score VALUES('6245d7bc5',73,'5991f93f6','41850af16',56637,1589,1654001191,1654001191);
INSERT INTO player_score VALUES('63568bbc0',73,'5991f93f6','44b69e43e',9900,1501,1654029786,1654029786);
INSERT INTO player_score VALUES('62b15c25a',73,'5991f93f6','46d79fbd6',133569,1415,1654012465,1654012465);
INSERT INTO player_score VALUES('6339cae62',73,'5991f93f6','4ada2d983',22736,1624,1654026771,1654026771);
INSERT INTO player_score VALUES('62b5c4158',73,'5991f93f6','4c78b3bf5',65880,1673,1654012927,1654012927);
INSERT INTO player_score VALUES('638f7128f',73,'5991f93f6','4fee1098d',15904,1449,1654035752,1654035752);
INSERT INTO player_score VALUES('62c9d9ab2',73,'5991f93f6','57f3583ef',13616,1391,1654015033,1654015033);
INSERT INTO player_score VALUES('635a24265',73,'5991f93f6','5a7f074b7',48807,1668,1654030163,1654030163);
INSERT INTO player_score VALUES('62fdf315f',73,'5991f93f6','5ee58bf52',17460,1463,1654020496,1654020496);
INSERT INTO player_score VALUES('635740675',73,'59a01688a','32b6bb203',354816,1463,1654029860,1654029860);
INSERT INTO player_score VALUES('60fad013e',73,'59a01688a','41850af16',284557,1525,1653966480,1653966480);
INSERT INTO player_score VALUES('63c2fa878',73,'59a01688a','44b69e43e',30912,1521,1654041156,1654041156);
INSERT INTO player_score VALUES('62126bac9',73,'59a01688a','46d79fbd6',17680,1382,1653995799,1653995799);
INSERT INTO player_score VALUES('61935cd11',73,'59a01688a','4ada2d983',27300,1511,1653982476,1653982476);
INSERT INTO player_score VALUES('62fbfe95b',73,'59a01688a','4c78b3bf5',0,1697,1654020291,1654020291);
INSERT INTO player_score VALUES('634b06853',73,'59a01688a','4fee1098d',36941,1429,1654028578,1654028578);
INSERT INTO player_score VALUES('6275eadbe',73,'59a01688a','57f3583ef',50960,1352,1654006232,1654006232);
INSERT INTO player_score VALUES('63acda79f',73,'59a01688a','5a7f074b7',102492,1722,1654038836,1654038836);
INSERT INTO player_score VALUES('626825772',73,'59a01688a','5ee58bf52',122016,1231,1654004788,1654004788);
INSERT INTO player_score VALUES('63b3717c1',73,'59c92e904','32b6bb203',76405,1470,1654039527,1654039527);
INSERT INTO player_score VALUES('627168116',73,'59c92e904','41850af16',106400,1600,1654005759,1654005759);
INSERT INTO player_score VALUES('632ba16b6',73,'59c92e904','44b69e43e',22440,1492,1654025286,1654025286);
INSERT INTO player_score VALUES('6340a160a',73,'59c92e904','46d79fbd6',33108,1432,1654027488,1654027488);
INSERT INTO player_score VALUES('6339a6492',73,'59c92e904','4ada2d983',341120,1623,1654026756,1654026756);
INSERT INTO player_score VALUES('61f33282e',73,'59c92e904','4c78b3bf5',25056,1611,1653992525,1653992525);
INSERT INTO player_score VALUES('634203679',73,'59c92e904','4fee1098d',59400,1428,1654027633,1654027633);
INSERT INTO player_score VALUES('63b679d7b',73,'59c92e904','57f3583ef',555,1503,1654039845,1654039845);
INSERT INTO player_score VALUES('6339eaa0f',73,'59c92e904','5a7f074b7',51714,1643,1654026784,1654026784);
INSERT INTO player_score VALUES('62bbe5e66',73,'59c92e904','5ee58bf52',536640,1357,1654013570,1654013570);
INSERT INTO player_score VALUES('6339de707',73,'5a8024ee6','32b6bb203',85963,1460,1654026779,1654026779);
INSERT INTO player_score VALUES('61a216589',73,'5a8024ee6','41850af16',253968,1553,1653984020,1653984020);
INSERT INTO player_score VALUES('638fb7f9c',73,'5a8024ee6','44b69e43e',417216,1511,1654035781,1654035781);
INSERT INTO player_score VALUES('6200481ee',73,'5a8024ee6','46d79fbd6',154350,1378,1653993897,1653993897);
INSERT INTO player_score VALUES('61c24af8b',73,'5a8024ee6','4ada2d983',37200,1524,1653987397,1653987397);
INSERT INTO player_score VALUES('60119c5b3',73,'5a8024ee6','4c78b3bf5',22344,1465,1653942027,1653942027);
INSERT INTO player_score VALUES('635b7c657',73,'5a8024ee6','4fee1098d',162032,1434,1654030304,1654030304);
INSERT INTO player_score VALUES('629591e3d',73,'5a8024ee6','57f3583ef',119700,1370,1654009551,1654009551);
INSERT INTO player_score VALUES('63a754e33',73,'5a8024ee6','5a7f074b7',98098,1718,1654038257,1654038257);
INSERT INTO player_score VALUES('62e35ee1b',73,'5a8024ee6','5ee58bf52',42630,1418,1654017709,1654017709);
INSERT INTO player_score VALUES('62df080b9',73,'5a841c8de','32b6bb203',7500,1455,1654017254,1654017254);
INSERT INTO player_score VALUES('6245abc8c',73,'5a841c8de','41850af16',102168,1588,1654001173,1654001173);
INSERT INTO player_score VALUES('5f4033f91',73,'5a841c8de','44b69e43e',29160,1268,1653920069,1653920069);
INSERT INTO player_score VALUES('63c11e771',73,'5a841c8de','46d79fbd6',163200,1464,1654040961,1654040961);
INSERT INTO player_score VALUES('635edca35',73,'5a841c8de','4ada2d983',52416,1641,1654030658,1654030658);
INSERT INTO player_score VALUES('5ffc1b016',73,'5a841c8de','4c78b3bf5',4480,1455,1653939772,1653939772);
INSERT INTO player_score VALUES('612ee706b',73,'5a841c8de','4fee1098d',458367,1288,1653971942,1653971942);
INSERT INTO player_score VALUES('63471b1b7',73,'5a841c8de','5a7f074b7',2750,1650,1654028167,1654028167);
INSERT INTO player_score VALUES('62dee0f6f',73,'5a841c8de','5ee58bf52',261888,1407,1654017238,1654017238);
INSERT INTO player_score VALUES('63435b9e5',73,'5b8ac0e29','41850af16',249375,1638,1654027774,1654027774);
INSERT INTO player_score VALUES('63bf3b0e2',73,'5b8ac0e29','44b69e43e',226800,1520,1654040763,1654040763);
INSERT INTO player_score VALUES('609fe6285',73,'5b8ac0e29','46d79fbd6',5508,1316,1653956947,1653956947);
INSERT INTO player_score VALUES('6374da895',73,'5b8ac0e29','4ada2d983',65472,1644,1654032964,1654032964);
INSERT INTO player_score VALUES('612128f77',73,'5b8ac0e29','4c78b3bf5',36736,1543,1653970501,1653970501);
INSERT INTO player_score VALUES('63577b018',73,'5b8ac0e29','4fee1098d',60200,1433,1654029884,1654029884);
INSERT INTO player_score VALUES('626893514',73,'5b8ac0e29','5a7f074b7',2226,1499,1654004833,1654004833);
INSERT INTO player_score VALUES('6291fe5bd',73,'5b8ac0e29','5ee58bf52',96096,1300,1654009176,1654009176);
INSERT INTO player_score VALUES('58a017de4',73,'5baee5d0a','32b6bb203',27528,1142,1653742219,1653742219);
INSERT INTO player_score VALUES('62b399de7',73,'5baee5d0a','44b69e43e',18389,1466,1654012700,1654012700);
INSERT INTO player_score VALUES('61dfddc32',73,'5baee5d0a','46d79fbd6',166500,1373,1653990498,1653990498);
INSERT INTO player_score VALUES('629836280',73,'5baee5d0a','4ada2d983',49392,1580,1654009828,1654009828);
INSERT INTO player_score VALUES('6256eeb91',73,'5baee5d0a','4c78b3bf5',46200,1645,1654002983,1654002983);
INSERT INTO player_score VALUES('63aeca110',73,'5baee5d0a','4fee1098d',7680,1457,1654039039,1654039039);
INSERT INTO player_score VALUES('63105618c',73,'5baee5d0a','57f3583ef',106624,1429,1654022424,1654022424);
INSERT INTO player_score VALUES('636db109a',73,'5baee5d0a','5a7f074b7',773500,1682,1654032213,1654032213);
INSERT INTO player_score VALUES('62f8a8161',73,'5baee5d0a','5ee58bf52',73710,1457,1654019941,1654019941);
INSERT INTO player_score VALUES('6153db7be',73,'5bbbde21c','32b6bb203',15360,1395,1653975817,1653975817);
INSERT INTO player_score VALUES('639728447',73,'5bbbde21c','41850af16',39312,1646,1654036561,1654036561);
INSERT INTO player_score VALUES('630c153fc',73,'5bbbde21c','44b69e43e',42560,1486,1654021978,1654021978);
INSERT INTO player_score VALUES('61bf90b77',73,'5bbbde21c','46d79fbd6',6545,1367,1653987111,1653987111);
INSERT INTO player_score VALUES('63b735d6a',73,'5bbbde21c','4ada2d983',159120,1654,1654039922,1654039922);
INSERT INTO player_score VALUES('5e851795b',73,'5bbbde21c','4c78b3bf5',11592,1345,1653900449,1653900449);
INSERT INTO player_score VALUES('5fafb9c53',73,'5bbbde21c','4fee1098d',95739,1183,1653931763,1653931763);
INSERT INTO player_score VALUES('62d9281e3',73,'5bbbde21c','5a7f074b7',2295,1575,1654016638,1654016638);
INSERT INTO player_score VALUES('62bbb9f54',73,'5bbbde21c','5ee58bf52',82026,1356,1654013552,1654013552);
INSERT INTO player_score VALUES('614f8e6b5',73,'5d2a9a6b1','32b6bb203',46284,1393,1653975366,1653975366);
INSERT INTO player_score VALUES('62a5139dc',73,'5d2a9a6b1','41850af16',109120,1609,1654011177,1654011177);
INSERT INTO player_score VALUES('63022f0f4',73,'5d2a9a6b1','44b69e43e',20736,1484,1654020940,1654020940);
INSERT INTO player_score VALUES('62073e590',73,'5d2a9a6b1','46d79fbd6',43125,1379,1653994627,1653994627);
INSERT INTO player_score VALUES('63c4db7d3',73,'5d2a9a6b1','4ada2d983',168960,1655,1654041353,1654041353);
INSERT INTO player_score VALUES('6388c6a20',73,'5d2a9a6b1','4c78b3bf5',73414,1732,1654035053,1654035053);
INSERT INTO player_score VALUES('622ca7fc2',73,'5d2a9a6b1','4fee1098d',256355,1361,1653998550,1653998550);
INSERT INTO player_score VALUES('637cf5b9a',73,'5d2a9a6b1','57f3583ef',23738,1474,1654033814,1654033814);
INSERT INTO player_score VALUES('63b69c057',73,'5d2a9a6b1','5a7f074b7',532,1733,1654039859,1654039859);
INSERT INTO player_score VALUES('62e633f90',73,'5d2a9a6b1','5ee58bf52',160160,1423,1654018006,1654018006);
INSERT INTO player_score VALUES('5c0990471',73,'5e2dd4b59','32b6bb203',62054,1244,1653833809,1653833809);
INSERT INTO player_score VALUES('5c429f360',73,'5e2dd4b59','41850af16',44625,1291,1653839792,1653839792);
INSERT INTO player_score VALUES('6384b4267',73,'5e2dd4b59','44b69e43e',606300,1510,1654034626,1654034626);
INSERT INTO player_score VALUES('6213b5403',73,'5e2dd4b59','46d79fbd6',57600,1383,1653995934,1653995934);
INSERT INTO player_score VALUES('630ff9585',73,'5e2dd4b59','4c78b3bf5',224224,1706,1654022386,1654022386);
INSERT INTO player_score VALUES('61b8d9fa8',73,'5e2dd4b59','4fee1098d',4275,1328,1653986407,1653986407);
INSERT INTO player_score VALUES('622186dd0',73,'5e2dd4b59','57f3583ef',5616,1318,1653997383,1653997383);
INSERT INTO player_score VALUES('631426ab8',73,'5e2dd4b59','5a7f074b7',65773,1620,1654022824,1654022824);
INSERT INTO player_score VALUES('6301ed250',73,'5e2dd4b59','5ee58bf52',225750,1469,1654020913,1654020913);
INSERT INTO player_score VALUES('618499826',73,'5e638d297','32b6bb203',4048,1403,1653980928,1653980928);
INSERT INTO player_score VALUES('63a31dcae',73,'5e638d297','41850af16',126480,1649,1654037815,1654037815);
INSERT INTO player_score VALUES('63c3526ab',73,'5e638d297','44b69e43e',49192,1522,1654041192,1654041192);
INSERT INTO player_score VALUES('639112a4a',73,'5e638d297','46d79fbd6',23232,1454,1654035923,1654035923);
INSERT INTO player_score VALUES('633ae88da',73,'5e638d297','4ada2d983',258048,1625,1654026888,1654026888);
INSERT INTO player_score VALUES('63aa781b6',73,'5e638d297','4c78b3bf5',262548,1741,1654038586,1654038586);
INSERT INTO player_score VALUES('61c26d25f',73,'5e638d297','57f3583ef',3808,1265,1653987411,1653987411);
INSERT INTO player_score VALUES('62239d854',73,'5e638d297','5a7f074b7',135432,1443,1653997602,1653997602);
INSERT INTO player_score VALUES('6093ce73a',73,'60ae56729','32b6bb203',22800,1366,1653955679,1653955679);
INSERT INTO player_score VALUES('5ee1a08b8',73,'60ae56729','41850af16',0,1424,1653910152,1653910152);
INSERT INTO player_score VALUES('63afb955d',73,'60ae56729','44b69e43e',143550,1517,1654039137,1654039137);
INSERT INTO player_score VALUES('6288e53f2',73,'60ae56729','46d79fbd6',83720,1407,1654008222,1654008222);
INSERT INTO player_score VALUES('63484013f',73,'60ae56729','4ada2d983',61824,1633,1654028287,1654028287);
INSERT INTO player_score VALUES('63933a6b1',73,'60ae56729','4c78b3bf5',235683,1737,1654036149,1654036149);
INSERT INTO player_score VALUES('6216ee73d',73,'60ae56729','4fee1098d',193844,1355,1653996272,1653996272);
INSERT INTO player_score VALUES('62e9bdbbe',73,'60ae56729','57f3583ef',9338,1410,1654018377,1654018377);
INSERT INTO player_score VALUES('634bac8c5',73,'60ae56729','5a7f074b7',684335,1654,1654028646,1654028646);
INSERT INTO player_score VALUES('62b1fad3b',73,'60ae56729','5ee58bf52',624,1344,1654012530,1654012530);
INSERT INTO player_score VALUES('62bf9e0bb',73,'612a9ed8c','41850af16',27540,1617,1654013960,1654013960);
INSERT INTO player_score VALUES('626195c5a',73,'612a9ed8c','44b69e43e',10296,1454,1654004100,1654004100);
INSERT INTO player_score VALUES('6387fe709',73,'612a9ed8c','46d79fbd6',175770,1451,1654034971,1654034971);
INSERT INTO player_score VALUES('5d1c1de9a',73,'612a9ed8c','4ada2d983',47424,1230,1653862598,1653862598);
INSERT INTO player_score VALUES('62835fae2',73,'612a9ed8c','4c78b3bf5',127182,1655,1654007643,1654007643);
INSERT INTO player_score VALUES('6307f8ff8',73,'612a9ed8c','5a7f074b7',0,1606,1654021547,1654021547);
INSERT INTO player_score VALUES('630465760',73,'612a9ed8c','5ee58bf52',237303,1475,1654021172,1654021172);
INSERT INTO player_score VALUES('617389d6b',73,'61ee38146','32b6bb203',141610,1399,1653979139,1653979139);
INSERT INTO player_score VALUES('5fcfebf48',73,'61ee38146','41850af16',12300,1470,1653935139,1653935139);
INSERT INTO player_score VALUES('638feb3c2',73,'61ee38146','44b69e43e',420888,1512,1654035802,1654035802);
INSERT INTO player_score VALUES('63c5d4865',73,'61ee38146','46d79fbd6',9020,1466,1654041455,1654041455);
INSERT INTO player_score VALUES('637c8cbeb',73,'61ee38146','4ada2d983',36960,1646,1654033771,1654033771);
INSERT INTO player_score VALUES('6387d27b9',73,'61ee38146','4c78b3bf5',53865,1731,1654034953,1654034953);
INSERT INTO player_score VALUES('624b9f3ab',73,'61ee38146','4fee1098d',98175,1370,1654001797,1654001797);
INSERT INTO player_score VALUES('63b6be349',73,'61ee38146','57f3583ef',18870,1504,1654039873,1654039873);
INSERT INTO player_score VALUES('63c1f2df5',73,'61ee38146','5a7f074b7',26600,1740,1654041048,1654041048);
INSERT INTO player_score VALUES('6304482c1',73,'61ee38146','5ee58bf52',279864,1474,1654021160,1654021160);
INSERT INTO player_score VALUES('6224549ff',73,'624043837','32b6bb203',49680,1428,1653997677,1653997677);
INSERT INTO player_score VALUES('621b16e9b',73,'624043837','41850af16',162792,1580,1653996708,1653996708);
INSERT INTO player_score VALUES('62489e307',73,'624043837','44b69e43e',1530,1450,1654001482,1654001482);
INSERT INTO player_score VALUES('5f7e50d79',73,'624043837','46d79fbd6',13806,1257,1653926582,1653926582);
INSERT INTO player_score VALUES('63897b4ab',73,'624043837','4c78b3bf5',2100,1733,1654035127,1654035127);
INSERT INTO player_score VALUES('63520dd60',73,'624043837','4fee1098d',218736,1431,1654029315,1654029315);
INSERT INTO player_score VALUES('62bec7339',73,'624043837','57f3583ef',9000,1388,1654013872,1654013872);
INSERT INTO player_score VALUES('61ad74825',73,'624043837','5a7f074b7',2886,1356,1653985212,1653985212);
INSERT INTO player_score VALUES('630b60936',73,'624043837','5ee58bf52',106200,1481,1654021904,1654021904);
INSERT INTO player_score VALUES('627a79d92',73,'62468ed2d','32b6bb203',67221,1445,1654006710,1654006710);
INSERT INTO player_score VALUES('6306af691',73,'62468ed2d','41850af16',77408,1625,1654021412,1654021412);
INSERT INTO player_score VALUES('61de7e35f',73,'62468ed2d','44b69e43e',89112,1417,1653990354,1653990354);
INSERT INTO player_score VALUES('636fbb804',73,'62468ed2d','46d79fbd6',479925,1440,1654032427,1654032427);
INSERT INTO player_score VALUES('63369de68',73,'62468ed2d','4ada2d983',6336,1622,1654026438,1654026438);
INSERT INTO player_score VALUES('63819d226',73,'62468ed2d','4c78b3bf5',118349,1727,1654034302,1654034302);
INSERT INTO player_score VALUES('6392e0147',73,'62468ed2d','4fee1098d',24900,1450,1654036112,1654036112);
INSERT INTO player_score VALUES('63baedfda',73,'62468ed2d','57f3583ef',284321,1505,1654040312,1654040312);
INSERT INTO player_score VALUES('63083124f',73,'62468ed2d','5a7f074b7',48906,1607,1654021570,1654021570);
INSERT INTO player_score VALUES('62f64a9fe',73,'62468ed2d','5ee58bf52',66560,1452,1654019693,1654019693);
COMMIT;
