
BEGIN;
CREATE TABLE IF NOT EXISTS competition (
  id VARCHAR(255) NOT NULL PRIMARY KEY,
  tenant_id BIGINT NOT NULL,
  title TEXT NOT NULL,
  finished_at BIGINT NULL,
  created_at BIGINT NOT NULL,
  updated_at BIGINT NOT NULL
);
INSERT INTO competition VALUES('27ae98981',75,'鏡整骨院',NULL,1652428406,1653530584);
INSERT INTO competition VALUES('2ef4b6445',75,'ブランデー工場杯',NULL,1652623663,1653834210);
INSERT INTO competition VALUES('3929e4dc0',75,'ブルーベリーフォビア vol.1',NULL,1652897675,1653561978);
INSERT INTO competition VALUES('3bd4f90b5',75,'大人用ポーク神社杯',NULL,1652969301,1653982819);
INSERT INTO competition VALUES('3c5cdf0f8',75,'第6回 ブルーベリーエンジニア',1653703766,1652983551,1653703766);
INSERT INTO competition VALUES('4103de18a',75,'山の浦和だもの杯',1653796322,1653108436,1653796322);
INSERT INTO competition VALUES('42aa1197b',75,'もやし単推し #9',NULL,1653152707,1653454249);
INSERT INTO competition VALUES('5152654c4',75,'第5回 ソフトウェア.go',1653661592,1653546167,1653661592);
INSERT INTO competition VALUES('553d1b9d5',75,'苦み工房カップ',NULL,1653651309,1653993206);
INSERT INTO competition VALUES('5761209b2',75,'非同期中野組 #9',NULL,1653708773,1653769758);
INSERT INTO competition VALUES('58f0ab4fa',75,'IPAだらけ #2',NULL,1653750668,1654018646);
INSERT INTO competition VALUES('5aa9ad3ff',75,'第2回 コーヒーゲート',1654030049,1653796911,1654030049);
INSERT INTO competition VALUES('5b63f7af0',75,'魔のワインテクノロジーズ vol.4',NULL,1653816445,1653871868);
INSERT INTO competition VALUES('5cb275915',75,'大統一大根は命より重い #4',NULL,1653851519,1653951351);
INSERT INTO competition VALUES('6372a1b11',75,'二子玉川イーツカップ',NULL,1654032731,1654033718);
CREATE TABLE IF NOT EXISTS player (
  id VARCHAR(255) NOT NULL PRIMARY KEY,
  tenant_id BIGINT NOT NULL,
  display_name TEXT NOT NULL,
  is_disqualified BOOLEAN NOT NULL,
  created_at BIGINT NOT NULL,
  updated_at BIGINT NOT NULL
);
INSERT INTO player VALUES('1e5f22961',75,'Gladyce Haag',0,1652178482,1652344529);
INSERT INTO player VALUES('1f68b94c2',75,'Lambert Mraz',0,1652206331,1653311926);
INSERT INTO player VALUES('1f8245d51',75,'Ms. Ollie Weimann I',0,1652209010,1652648660);
INSERT INTO player VALUES('1f93fdf47',75,'Zachery Bartell',1,1652210868,1652571568);
INSERT INTO player VALUES('1fbcaa8f8',75,'Lee Haag',0,1652215133,1652994840);
INSERT INTO player VALUES('204d2fa21',75,'Ms. Katelin Watsica Sr.',0,1652230287,1653742303);
INSERT INTO player VALUES('20ccc7357',75,'Fausto Willms',0,1652243666,1652960523);
INSERT INTO player VALUES('21a71a50a',75,'Mr. Eugene Boehm IV',0,1652266559,1652825228);
INSERT INTO player VALUES('23d49c7ae',75,'Abdiel Macejkovic',1,1652325018,1654002682);
INSERT INTO player VALUES('2439060e2',75,'Camryn O"Reilly',0,1652335547,1653082043);
INSERT INTO player VALUES('2486c1f50',75,'Ms. Loyce Wehner Jr.',0,1652343698,1653121183);
INSERT INTO player VALUES('24a84c5f2',75,'Helena Greenfelder',0,1652347215,1652864233);
INSERT INTO player VALUES('255b21a3b',75,'Jefferey Hagenes',1,1652365967,1653348330);
INSERT INTO player VALUES('25675432e',75,'Ms. Chanelle Hyatt MD',0,1652367246,1653522034);
INSERT INTO player VALUES('259437e20',75,'Jamie Schoen',0,1652371953,1653733654);
INSERT INTO player VALUES('25c99fc35',75,'Ellsworth Toy',0,1652377553,1652776398);
INSERT INTO player VALUES('2685eae3e',75,'Adolf Smith',0,1652397297,1653457664);
INSERT INTO player VALUES('26cd89d9c',75,'Lessie Gottlieb',0,1652404807,1653097151);
INSERT INTO player VALUES('26e98eb6c',75,'Madonna Brown',0,1652407745,1652507804);
INSERT INTO player VALUES('2781d2302',75,'Eloy Kuphal DDS',1,1652423711,1652871083);
INSERT INTO player VALUES('28af92ba0',75,'Chad Ferry',0,1652455352,1653823378);
INSERT INTO player VALUES('294ce1b72',75,'Alexys Rodriguez MD',0,1652471847,1654025180);
INSERT INTO player VALUES('29b4e1416',75,'Mattie Ritchie',0,1652482752,1652488096);
INSERT INTO player VALUES('29cf70945',75,'Delpha Lemke',0,1652485537,1652498561);
INSERT INTO player VALUES('29dbffe9d',75,'Ressie Robel',0,1652486854,1653791084);
INSERT INTO player VALUES('2a47733ed',75,'Shawna Dicki',0,1652498121,1653740240);
INSERT INTO player VALUES('2ae62b913',75,'Ms. Kamille Walter DDS',0,1652514764,1653736906);
INSERT INTO player VALUES('2b8ad26ed',75,'Salvador Moore',1,1652532029,1653589238);
INSERT INTO player VALUES('2ba6bc6ff',75,'Violet Bernier',0,1652534956,1652565350);
INSERT INTO player VALUES('2d10dff29',75,'Lauryn Rolfson V',1,1652572929,1652928141);
INSERT INTO player VALUES('2d950b669',75,'Ms. Tiara Zemlak V',0,1652586788,1652806063);
INSERT INTO player VALUES('2e3794472',75,'Mr. Colt Cormier',0,1652603831,1652669874);
INSERT INTO player VALUES('2ea45afab',75,'Lemuel Ullrich',0,1652615237,1652713537);
INSERT INTO player VALUES('2ecdd7157',75,'Freida Larson',0,1652619587,1652719948);
INSERT INTO player VALUES('2efd3a6f9',75,'Rolando Krajcik',1,1652624556,1652719943);
INSERT INTO player VALUES('2f98c8366',75,'Iliana Lesch',0,1652640867,1652770081);
INSERT INTO player VALUES('2fb337c83',75,'Alisa Mitchell',0,1652643639,1652982193);
INSERT INTO player VALUES('3071553a6',75,'Ms. Palma Thiel II',0,1652663574,1653959929);
INSERT INTO player VALUES('3083e1c42',75,'Greyson Kunde',0,1652665519,1652984311);
INSERT INTO player VALUES('31034fd62',75,'Gay Welch PhD',0,1652678881,1652683897);
INSERT INTO player VALUES('311d40762',75,'Mr. Ansley Breitenberg',1,1652681601,1652699807);
INSERT INTO player VALUES('313e5a904',75,'Adonis Jerde',0,1652685072,1653773406);
INSERT INTO player VALUES('31c8d3cc8',75,'Omer Rogahn MD',0,1652699592,1652795996);
INSERT INTO player VALUES('32dca6276',75,'Ms. Shana Mosciski',0,1652728514,1653284053);
INSERT INTO player VALUES('32f358b43',75,'Hiram Stokes',0,1652730894,1652996433);
INSERT INTO player VALUES('333a47ddf',75,'Ms. Sandra Shanahan PhD',0,1652738332,1653958104);
INSERT INTO player VALUES('347179651',75,'Eino Medhurst',0,1652770963,1653914405);
INSERT INTO player VALUES('3532007f5',75,'Mabel Lesch',1,1652791151,1653919219);
INSERT INTO player VALUES('36df9f6b1',75,'Bo Yost',0,1652836200,1653187949);
INSERT INTO player VALUES('36e4c5c65',75,'Ms. Liana Friesen',0,1652836740,1652853420);
INSERT INTO player VALUES('37697ed5a',75,'Ms. Cleora Vandervort DVM',0,1652850657,1653726632);
INSERT INTO player VALUES('386e5f804',75,'Ms. Kiera Hirthe',0,1652878012,1653471275);
INSERT INTO player VALUES('3913f810a',75,'Ms. Nella Anderson I',0,1652895376,1654028553);
INSERT INTO player VALUES('391ef9745',75,'Ms. Holly Will',0,1652896530,1653241426);
INSERT INTO player VALUES('3a5d4ab94',75,'Mr. Jake Waters Jr.',0,1652929908,1653558781);
INSERT INTO player VALUES('3a5f21e64',75,'Gabrielle Friesen I',0,1652930101,1653505107);
INSERT INTO player VALUES('3a5f293cb',75,'Peggie Mante',0,1652930104,1653696006);
INSERT INTO player VALUES('3a761661f',75,'Ms. Felicia Bashirian MD',0,1652932508,1654030835);
INSERT INTO player VALUES('3a83753c1',75,'Mr. Gaston Schiller',0,1652933910,1653298980);
INSERT INTO player VALUES('3b3252d85',75,'Elda Bins',0,1652952246,1653200846);
INSERT INTO player VALUES('3e14d204c',75,'Oliver Koepp',0,1653029683,1653952065);
INSERT INTO player VALUES('3e4bd681b',75,'Donnell Effertz',0,1653035452,1653565840);
INSERT INTO player VALUES('3eda14144',75,'Freddy Fadel',0,1653050367,1653561882);
INSERT INTO player VALUES('3f10ef083',75,'Jett Greenholt',0,1653056119,1653870823);
INSERT INTO player VALUES('3fc9f9a4b',75,'Hallie Bartoletti',0,1653075522,1653669634);
INSERT INTO player VALUES('429ef558a',75,'Korey Prosacco',0,1653151542,1653509271);
INSERT INTO player VALUES('43e39940c',75,'Sydnie Hamill',0,1653185583,1653396048);
INSERT INTO player VALUES('43fd36e0e',75,'Reid Kulas',1,1653188269,1653500420);
INSERT INTO player VALUES('45d3ce14c',75,'Sylvia Schamberger',0,1653237614,1653939975);
INSERT INTO player VALUES('48d07fca4',75,'Angelita Rutherford DDS',1,1653317798,1653604727);
INSERT INTO player VALUES('49b45ebc3',75,'Mr. Braden Paucek',0,1653341692,1653845145);
INSERT INTO player VALUES('4a2658002',75,'Mr. Enoch Auer DVM',0,1653353643,1653390487);
INSERT INTO player VALUES('4b29617b2',75,'Giuseppe Gutkowski',0,1653380805,1654003734);
INSERT INTO player VALUES('4bfaf83e5',75,'Mr. Roman Bins',0,1653402782,1653732853);
INSERT INTO player VALUES('4cb56c336',75,'Ms. Winifred Pfannerstill MD',0,1653422333,1653896823);
INSERT INTO player VALUES('4cf7a54f6',75,'Royal Huels',0,1653429277,1653990246);
INSERT INTO player VALUES('4d6837ac8',75,'Ms. Ashley Langworth I',0,1653441081,1653989979);
INSERT INTO player VALUES('4d6be87dd',75,'Pietro Stamm',0,1653441468,1653541616);
INSERT INTO player VALUES('4d6db85ef',75,'Mr. D"angelo Schaden Sr.',0,1653441658,1653853877);
INSERT INTO player VALUES('4d99d16c4',75,'Madie Kulas',0,1653446282,1653985120);
INSERT INTO player VALUES('4f4878034',75,'Eric Erdman',0,1653491439,1653529343);
INSERT INTO player VALUES('51adcbbb3',75,'Randal Kertzmann PhD',0,1653555751,1653946962);
INSERT INTO player VALUES('51ba49f59',75,'Camylle Baumbach',0,1653557061,1653872833);
INSERT INTO player VALUES('521e1746d',75,'Demario Sanford',0,1653567526,1654002074);
INSERT INTO player VALUES('5235f3ae6',75,'Mr. Tommie Dickinson Jr.',0,1653570028,1654041298);
INSERT INTO player VALUES('52755f077',75,'Nicolette D"Amore',0,1653576678,1653600208);
INSERT INTO player VALUES('528ed8055',75,'Ms. Ruth Blick',0,1653579349,1653605175);
INSERT INTO player VALUES('54ffbf9e6',75,'Ms. Alexane Dach',0,1653644875,1653934013);
INSERT INTO player VALUES('561f40b2f',75,'Mr. Adrian Rosenbaum DVM',0,1653675022,1653846437);
INSERT INTO player VALUES('564105b6b',75,'Mr. Darien Gaylord',0,1653678563,1653867735);
INSERT INTO player VALUES('56e1bebae',75,'Herman Baumbach',0,1653695416,1653766939);
INSERT INTO player VALUES('573862ea4',75,'Alba Carroll',0,1653704501,1653888104);
INSERT INTO player VALUES('57d4859eb',75,'Ms. Lia Donnelly',0,1653720873,1653953588);
INSERT INTO player VALUES('58013d5e9',75,'Mr. Chesley Lynch I',0,1653725562,1653742451);
INSERT INTO player VALUES('5960b4f10',75,'Mr. Fletcher Olson',0,1653762416,1653802998);
INSERT INTO player VALUES('59854f145',75,'Delphine Smith',0,1653766254,1653838880);
INSERT INTO player VALUES('5a0729413',75,'Ms. Vergie Leuschke II',0,1653779870,1653906651);
INSERT INTO player VALUES('5aa632265',75,'Isaiah Luettgen',0,1653796546,1653892107);
INSERT INTO player VALUES('5b08b0fbc',75,'Yolanda Eichmann',0,1653806874,1653878196);
INSERT INTO player VALUES('5bcad2405',75,'Justus Rosenbaum',0,1653827230,1653986716);
INSERT INTO player VALUES('5bff1eec5',75,'Mr. Leo Abernathy DDS',0,1653832714,1653837103);
INSERT INTO player VALUES('5d1ac81ab',75,'Mr. Domenic Lakin DDS',0,1653862458,1653996066);
INSERT INTO player VALUES('5d691b64b',75,'Rafaela Batz DVM',0,1653870671,1654021440);
INSERT INTO player VALUES('5eb528435',75,'Mr. Jedediah Kihn PhD',0,1653905489,1653908015);
INSERT INTO player VALUES('5ee444d23',75,'Katelin Hamill',0,1653910429,1653956093);
INSERT INTO player VALUES('5ee4adca2',75,'Haylee Kozey Jr.',1,1653910472,1653927135);
INSERT INTO player VALUES('5efc7b8b4',75,'Trey Toy DDS',1,1653912968,1653974059);
INSERT INTO player VALUES('5ff49e7c6',75,'Ms. Annetta Stracke',0,1653938987,1653966444);
INSERT INTO player VALUES('603dcdd95',75,'Ms. Yolanda Jenkins II',0,1653946661,1654038932);
INSERT INTO player VALUES('60accd5e8',75,'Dorris Crist',0,1653958300,1654005228);
INSERT INTO player VALUES('60cb0d85d',75,'Mr. Fletcher Bechtelar',0,1653961472,1654003781);
INSERT INTO player VALUES('60cde02e2',75,'Elza Nader',0,1653961768,1653999249);
INSERT INTO player VALUES('619b9c9ee',75,'Ambrose Reinger I',0,1653983341,1654027364);
INSERT INTO player VALUES('61fd88f96',75,'Malinda Spencer',1,1653993609,1654011994);
INSERT INTO player VALUES('62b1bdcb2',75,'Jabari Williamson',0,1654012505,1654040140);
INSERT INTO player VALUES('632cb2d9a',75,'Ms. Chelsie Mayer IV',0,1654025398,1654041290);
CREATE TABLE IF NOT EXISTS player_score (
                              id VARCHAR(255) NOT NULL PRIMARY KEY,
                              tenant_id BIGINT NOT NULL,
                              player_id VARCHAR(255) NOT NULL,
                              competition_id VARCHAR(255) NOT NULL,
                              score BIGINT NOT NULL,
                              row_num BIGINT NOT NULL,
                              created_at BIGINT NOT NULL,
                              updated_at BIGINT NOT NULL
);
INSERT INTO player_score VALUES('62a5e592a',75,'1e5f22961','27ae98981',23828,2244,1654011263,1654011263);
INSERT INTO player_score VALUES('633a9a68d',75,'1e5f22961','2ef4b6445',60078,2145,1654026856,1654026856);
INSERT INTO player_score VALUES('60dbffe70',75,'1e5f22961','3929e4dc0',31175,1989,1653963249,1653963249);
INSERT INTO player_score VALUES('635174052',75,'1e5f22961','3bd4f90b5',181226,2018,1654029252,1654029252);
INSERT INTO player_score VALUES('5668700cf',75,'1e5f22961','3c5cdf0f8',5320,1570,1653682696,1653682696);
INSERT INTO player_score VALUES('59248f00d',75,'1e5f22961','4103de18a',69984,1648,1653756109,1653756109);
INSERT INTO player_score VALUES('5fe2ba6c2',75,'1e5f22961','42aa1197b',32640,1839,1653937111,1653937111);
INSERT INTO player_score VALUES('5565f4292',75,'1e5f22961','5152654c4',2760,1543,1653655592,1653655592);
INSERT INTO player_score VALUES('632ea2725',75,'1e5f22961','553d1b9d5',27720,1940,1654025601,1654025601);
INSERT INTO player_score VALUES('6382b0ffb',75,'1e5f22961','5761209b2',34200,2033,1654034415,1654034415);
INSERT INTO player_score VALUES('634c046dd',75,'1e5f22961','58f0ab4fa',38720,2062,1654028682,1654028682);
INSERT INTO player_score VALUES('631624ea7',75,'1e5f22961','5aa9ad3ff',225225,2074,1654023033,1654023033);
INSERT INTO player_score VALUES('63b864907',75,'1e5f22961','5b63f7af0',10804,2265,1654040046,1654040046);
INSERT INTO player_score VALUES('63c14314b',75,'1e5f22961','5cb275915',4275,2073,1654040976,1654040976);
INSERT INTO player_score VALUES('63c5a13bc',75,'1e5f22961','6372a1b11',78988,2126,1654041434,1654041434);
INSERT INTO player_score VALUES('5f80d55f1',75,'1f68b94c2','27ae98981',90896,2147,1653926846,1653926846);
INSERT INTO player_score VALUES('630b9d9c1',75,'1f68b94c2','2ef4b6445',33480,2137,1654021929,1654021929);
INSERT INTO player_score VALUES('5ccf625ad',75,'1f68b94c2','3929e4dc0',437920,1804,1653854552,1653854552);
INSERT INTO player_score VALUES('632e9d955',75,'1f68b94c2','3bd4f90b5',17385,2015,1654025599,1654025599);
INSERT INTO player_score VALUES('56d2be68e',75,'1f68b94c2','3c5cdf0f8',1872,1602,1653693843,1653693843);
INSERT INTO player_score VALUES('58ea192e0',75,'1f68b94c2','4103de18a',417384,1626,1653749979,1653749979);
INSERT INTO player_score VALUES('5fa293107',75,'1f68b94c2','42aa1197b',115150,1824,1653930384,1653930384);
INSERT INTO player_score VALUES('55185a6fc',75,'1f68b94c2','5152654c4',23296,1430,1653647455,1653647455);
INSERT INTO player_score VALUES('637534dc0',75,'1f68b94c2','553d1b9d5',13432,1976,1654033001,1654033001);
INSERT INTO player_score VALUES('63a977c89',75,'1f68b94c2','5761209b2',328104,2064,1654038481,1654038481);
INSERT INTO player_score VALUES('62f5519ba',75,'1f68b94c2','58f0ab4fa',19200,1997,1654019591,1654019591);
INSERT INTO player_score VALUES('62e44e225',75,'1f68b94c2','5aa9ad3ff',169400,2029,1654017807,1654017807);
INSERT INTO player_score VALUES('6381abc82',75,'1f68b94c2','5b63f7af0',512488,2213,1654034308,1654034308);
INSERT INTO player_score VALUES('63c703411',75,'1f68b94c2','6372a1b11',69120,2156,1654041579,1654041579);
INSERT INTO player_score VALUES('610a60744',75,'1f8245d51','2ef4b6445',54834,2059,1653968112,1653968112);
INSERT INTO player_score VALUES('5ccdfb77d',75,'1f8245d51','3929e4dc0',104044,1803,1653854405,1653854405);
INSERT INTO player_score VALUES('608545bcc',75,'1f8245d51','3bd4f90b5',12432,1879,1653954155,1653954155);
INSERT INTO player_score VALUES('5611ee09e',75,'1f8245d51','3c5cdf0f8',5292,1553,1653673625,1653673625);
INSERT INTO player_score VALUES('59f48e130',75,'1f8245d51','4103de18a',37152,1713,1653777919,1653777919);
INSERT INTO player_score VALUES('631a12c62',75,'1f8245d51','42aa1197b',338200,2026,1654023445,1654023445);
INSERT INTO player_score VALUES('559da86cc',75,'1f8245d51','5152654c4',9408,1628,1653661433,1653661433);
INSERT INTO player_score VALUES('628f37e8a',75,'1f8245d51','553d1b9d5',184000,1863,1654008885,1654008885);
INSERT INTO player_score VALUES('6275fe653',75,'1f8245d51','5761209b2',134332,1871,1654006240,1654006240);
INSERT INTO player_score VALUES('6360a52d8',75,'1f8245d51','58f0ab4fa',2911,2073,1654030845,1654030845);
INSERT INTO player_score VALUES('61eb40cd6',75,'1f8245d51','5aa9ad3ff',213759,1773,1653991692,1653991692);
INSERT INTO player_score VALUES('638435309',75,'1f8245d51','5cb275915',3431,1988,1654034574,1654034574);
INSERT INTO player_score VALUES('63b5686b1',75,'1f8245d51','6372a1b11',585,1728,1654039733,1654039733);
INSERT INTO player_score VALUES('5e3b1d96f',75,'1f93fdf47','27ae98981',25380,2113,1653892692,1653892692);
INSERT INTO player_score VALUES('5eadc42f1',75,'1f93fdf47','2ef4b6445',134162,1966,1653904714,1653904714);
INSERT INTO player_score VALUES('624bf4a9d',75,'1f93fdf47','3929e4dc0',128000,2062,1654001832,1654001832);
INSERT INTO player_score VALUES('56c8a4f3f',75,'1f93fdf47','3c5cdf0f8',227304,1598,1653692784,1653692784);
INSERT INTO player_score VALUES('5a9b296fc',75,'1f93fdf47','4103de18a',5922,1743,1653795389,1653795389);
INSERT INTO player_score VALUES('639be8158',75,'1f93fdf47','42aa1197b',15200,2059,1654037059,1654037059);
INSERT INTO player_score VALUES('5597c1310',75,'1f93fdf47','5152654c4',95400,1619,1653660814,1653660814);
INSERT INTO player_score VALUES('620b50d39',75,'1f93fdf47','553d1b9d5',80352,1781,1653995054,1653995054);
INSERT INTO player_score VALUES('635b6186e',75,'1f93fdf47','5761209b2',7644,2007,1654030293,1654030293);
INSERT INTO player_score VALUES('6367cc3d5',75,'1f93fdf47','58f0ab4fa',48230,2080,1654031595,1654031595);
INSERT INTO player_score VALUES('6076c45ee',75,'1f93fdf47','5aa9ad3ff',5372,1397,1653952634,1653952634);
INSERT INTO player_score VALUES('63a47fcc1',75,'1f93fdf47','5cb275915',21164,2031,1654037960,1654037960);
INSERT INTO player_score VALUES('63c70a958',75,'1f93fdf47','6372a1b11',9184,2157,1654041582,1654041582);
INSERT INTO player_score VALUES('5cef57828',75,'1fbcaa8f8','27ae98981',16965,2062,1653857903,1653857903);
INSERT INTO player_score VALUES('5efd3c696',75,'1fbcaa8f8','2ef4b6445',349600,1982,1653913047,1653913047);
INSERT INTO player_score VALUES('619acaa75',75,'1fbcaa8f8','3929e4dc0',0,2019,1653983255,1653983255);
INSERT INTO player_score VALUES('635e8c16b',75,'1fbcaa8f8','3bd4f90b5',62640,2021,1654030625,1654030625);
INSERT INTO player_score VALUES('596ba7b1c',75,'1fbcaa8f8','4103de18a',145800,1675,1653763564,1653763564);
INSERT INTO player_score VALUES('63ad03fc0',75,'1fbcaa8f8','42aa1197b',18236,2063,1654038853,1654038853);
INSERT INTO player_score VALUES('55830f58f',75,'1fbcaa8f8','5152654c4',182520,1593,1653658644,1653658644);
INSERT INTO player_score VALUES('622e02a90',75,'1fbcaa8f8','553d1b9d5',38976,1798,1653998692,1653998692);
INSERT INTO player_score VALUES('63220e406',75,'1fbcaa8f8','5761209b2',228,1975,1654024282,1654024282);
INSERT INTO player_score VALUES('63bdef070',75,'1fbcaa8f8','58f0ab4fa',124608,2143,1654040627,1654040627);
INSERT INTO player_score VALUES('62b84b09d',75,'1fbcaa8f8','5aa9ad3ff',0,1998,1654013192,1654013192);
INSERT INTO player_score VALUES('639a469c7',75,'1fbcaa8f8','5b63f7af0',76032,2238,1654036888,1654036888);
INSERT INTO player_score VALUES('639701334',75,'1fbcaa8f8','5cb275915',348812,2018,1654036545,1654036545);
INSERT INTO player_score VALUES('63c05d95c',75,'1fbcaa8f8','6372a1b11',19803,1980,1654040882,1654040882);
INSERT INTO player_score VALUES('5934d19a6',75,'204d2fa21','27ae98981',6825,1928,1653757814,1653757814);
INSERT INTO player_score VALUES('6338ea487',75,'204d2fa21','2ef4b6445',38532,2144,1654026679,1654026679);
INSERT INTO player_score VALUES('63960d101',75,'204d2fa21','3bd4f90b5',246512,2032,1654036445,1654036445);
INSERT INTO player_score VALUES('56c2720b5',75,'204d2fa21','3c5cdf0f8',84360,1595,1653692134,1653692134);
INSERT INTO player_score VALUES('59aaaef02',75,'204d2fa21','4103de18a',26100,1694,1653770173,1653770173);
INSERT INTO player_score VALUES('62a5b4bc6',75,'204d2fa21','42aa1197b',133285,2000,1654011243,1654011243);
INSERT INTO player_score VALUES('558e1a7a2',75,'204d2fa21','5152654c4',60480,1607,1653659802,1653659802);
INSERT INTO player_score VALUES('6381bf4ff',75,'204d2fa21','553d1b9d5',456,1987,1654034316,1654034316);
INSERT INTO player_score VALUES('63b456fb4',75,'204d2fa21','58f0ab4fa',47040,2134,1654039621,1654039621);
INSERT INTO player_score VALUES('6330bb8f4',75,'204d2fa21','5aa9ad3ff',30039,2110,1654025821,1654025821);
INSERT INTO player_score VALUES('633ca4e3d',75,'204d2fa21','5b63f7af0',2025,2132,1654027070,1654027070);
INSERT INTO player_score VALUES('6351089bf',75,'204d2fa21','5cb275915',7708,1937,1654029208,1654029208);
INSERT INTO player_score VALUES('63c2743e9',75,'204d2fa21','6372a1b11',401280,2042,1654041101,1654041101);
INSERT INTO player_score VALUES('637e9733d',75,'20ccc7357','27ae98981',550290,2275,1654033985,1654033985);
INSERT INTO player_score VALUES('5f324511b',75,'20ccc7357','2ef4b6445',18270,1990,1653918608,1653918608);
INSERT INTO player_score VALUES('6142da753',75,'20ccc7357','3929e4dc0',22842,2007,1653974034,1653974034);
INSERT INTO player_score VALUES('62b92938d',75,'20ccc7357','3bd4f90b5',13090,1983,1654013283,1654013283);
INSERT INTO player_score VALUES('56eafa011',75,'20ccc7357','3c5cdf0f8',82320,1611,1653696384,1653696384);
INSERT INTO player_score VALUES('58f17861b',75,'20ccc7357','4103de18a',598500,1629,1653750752,1653750752);
INSERT INTO player_score VALUES('5583429ea',75,'20ccc7357','5152654c4',6952,1594,1653658665,1653658665);
INSERT INTO player_score VALUES('638dd972e',75,'20ccc7357','553d1b9d5',18375,1999,1654035585,1654035585);
INSERT INTO player_score VALUES('63c1988a1',75,'20ccc7357','58f0ab4fa',85680,2145,1654041011,1654041011);
INSERT INTO player_score VALUES('6329306ad',75,'20ccc7357','5aa9ad3ff',0,2097,1654025030,1654025030);
INSERT INTO player_score VALUES('62c5a022f',75,'20ccc7357','5b63f7af0',306720,2022,1654014590,1654014590);
INSERT INTO player_score VALUES('63b4e495c',75,'20ccc7357','5cb275915',199200,2057,1654039679,1654039679);
INSERT INTO player_score VALUES('63c16a27d',75,'20ccc7357','6372a1b11',4257,2011,1654040992,1654040992);
INSERT INTO player_score VALUES('62a37be34',75,'21a71a50a','27ae98981',136620,2243,1654011010,1654011010);
INSERT INTO player_score VALUES('60b0f8425',75,'21a71a50a','2ef4b6445',92070,2045,1653958737,1653958737);
INSERT INTO player_score VALUES('60126be4b',75,'21a71a50a','3929e4dc0',117425,1963,1653942112,1653942112);
INSERT INTO player_score VALUES('56eb8ef1c',75,'21a71a50a','3c5cdf0f8',1932,1614,1653696445,1653696445);
INSERT INTO player_score VALUES('58680bb8c',75,'21a71a50a','4103de18a',53157,1596,1653736342,1653736342);
INSERT INTO player_score VALUES('5f7090599',75,'21a71a50a','42aa1197b',267540,1812,1653925140,1653925140);
INSERT INTO player_score VALUES('55476107a',75,'21a71a50a','5152654c4',77372,1494,1653652386,1653652386);
INSERT INTO player_score VALUES('63aba94d4',75,'21a71a50a','5761209b2',59400,2066,1654038711,1654038711);
INSERT INTO player_score VALUES('61bc29247',75,'21a71a50a','58f0ab4fa',132300,1748,1653986754,1653986754);
INSERT INTO player_score VALUES('6343f7dee',75,'21a71a50a','5aa9ad3ff',23100,2125,1654027838,1654027838);
INSERT INTO player_score VALUES('62d8e3c63',75,'21a71a50a','5b63f7af0',150588,2039,1654016610,1654016610);
INSERT INTO player_score VALUES('631bddc52',75,'21a71a50a','5cb275915',13230,1893,1654023633,1654023633);
INSERT INTO player_score VALUES('63c55ce40',75,'21a71a50a','6372a1b11',178752,2121,1654041406,1654041406);
INSERT INTO player_score VALUES('619f9e04a',75,'23d49c7ae','27ae98981',122208,2213,1653983761,1653983761);
INSERT INTO player_score VALUES('63bd7ebab',75,'23d49c7ae','2ef4b6445',81003,2165,1654040581,1654040581);
INSERT INTO player_score VALUES('5ddae3cf2',75,'23d49c7ae','3929e4dc0',107880,1858,1653882602,1653882602);
INSERT INTO player_score VALUES('61b8b2e7d',75,'23d49c7ae','3bd4f90b5',58500,1932,1653986391,1653986391);
INSERT INTO player_score VALUES('572289a77',75,'23d49c7ae','3c5cdf0f8',112880,1623,1653702210,1653702210);
INSERT INTO player_score VALUES('59a978e08',75,'23d49c7ae','4103de18a',7584,1693,1653770046,1653770046);
INSERT INTO player_score VALUES('601665f44',75,'23d49c7ae','42aa1197b',9204,1856,1653942529,1653942529);
INSERT INTO player_score VALUES('558389693',75,'23d49c7ae','5152654c4',71064,1596,1653658694,1653658694);
INSERT INTO player_score VALUES('637d21ac2',75,'23d49c7ae','5761209b2',112896,2031,1654033832,1654033832);
INSERT INTO player_score VALUES('62f370a37',75,'23d49c7ae','5aa9ad3ff',70848,2036,1654019394,1654019394);
INSERT INTO player_score VALUES('63a4c42b2',75,'23d49c7ae','5b63f7af0',24,2248,1654037988,1654037988);
INSERT INTO player_score VALUES('639a21fc8',75,'23d49c7ae','5cb275915',120042,2020,1654036873,1654036873);
INSERT INTO player_score VALUES('63c6cffd0',75,'23d49c7ae','6372a1b11',53998,2154,1654041558,1654041558);
INSERT INTO player_score VALUES('60e91a608',75,'2439060e2','27ae98981',45961,2187,1653964623,1653964623);
INSERT INTO player_score VALUES('615f261ca',75,'2439060e2','2ef4b6445',96256,2068,1653977001,1653977001);
INSERT INTO player_score VALUES('5f6a22d48',75,'2439060e2','3929e4dc0',51840,1925,1653924466,1653924466);
INSERT INTO player_score VALUES('59363d5e4',75,'2439060e2','4103de18a',285039,1655,1653757963,1653757963);
INSERT INTO player_score VALUES('611119a45',75,'2439060e2','42aa1197b',24320,1915,1653968817,1653968817);
INSERT INTO player_score VALUES('55709654a',75,'2439060e2','5152654c4',6300,1559,1653656707,1653656707);
INSERT INTO player_score VALUES('62aaca04a',75,'2439060e2','553d1b9d5',53592,1877,1654011776,1654011776);
INSERT INTO player_score VALUES('639d257aa',75,'2439060e2','5761209b2',5680,2054,1654037189,1654037189);
INSERT INTO player_score VALUES('63b5fd54a',75,'2439060e2','58f0ab4fa',200,2135,1654039794,1654039794);
INSERT INTO player_score VALUES('631700a71',75,'2439060e2','5aa9ad3ff',330880,2076,1654023123,1654023123);
INSERT INTO player_score VALUES('633416f33',75,'2439060e2','5b63f7af0',30960,2124,1654026173,1654026173);
INSERT INTO player_score VALUES('63b6cf4c7',75,'2439060e2','5cb275915',96031,2059,1654039880,1654039880);
INSERT INTO player_score VALUES('63c5224b6',75,'2439060e2','6372a1b11',79794,2115,1654041382,1654041382);
INSERT INTO player_score VALUES('624039c03',75,'2486c1f50','27ae98981',82320,2231,1654000602,1654000602);
INSERT INTO player_score VALUES('62b2c094a',75,'2486c1f50','2ef4b6445',379162,2122,1654012611,1654012611);
INSERT INTO player_score VALUES('632d2cea1',75,'2486c1f50','3929e4dc0',4092,2096,1654025448,1654025448);
INSERT INTO player_score VALUES('6285a7301',75,'2486c1f50','3bd4f90b5',82156,1973,1654007882,1654007882);
INSERT INTO player_score VALUES('571ddfcba',75,'2486c1f50','3c5cdf0f8',26334,1622,1653701721,1653701721);
INSERT INTO player_score VALUES('5a8f49e5a',75,'2486c1f50','4103de18a',13600,1738,1653794144,1653794144);
INSERT INTO player_score VALUES('63728e28d',75,'2486c1f50','42aa1197b',0,2045,1654032723,1654032723);
INSERT INTO player_score VALUES('558e5516a',75,'2486c1f50','5152654c4',547008,1608,1653659826,1653659826);
INSERT INTO player_score VALUES('638920f40',75,'2486c1f50','553d1b9d5',149040,1992,1654035090,1654035090);
INSERT INTO player_score VALUES('623f236c8',75,'2486c1f50','5761209b2',131936,1836,1654000488,1654000488);
INSERT INTO player_score VALUES('6388b0a89',75,'2486c1f50','58f0ab4fa',28665,2109,1654035044,1654035044);
INSERT INTO player_score VALUES('631cd6c94',75,'2486c1f50','5aa9ad3ff',27930,2086,1654023735,1654023735);
INSERT INTO player_score VALUES('639f7e11c',75,'2486c1f50','5cb275915',276500,2025,1654037435,1654037435);
INSERT INTO player_score VALUES('63c4c3165',75,'2486c1f50','6372a1b11',8064,2105,1654041343,1654041343);
INSERT INTO player_score VALUES('634214795',75,'24a84c5f2','27ae98981',53475,2268,1654027640,1654027640);
INSERT INTO player_score VALUES('61fb158c4',75,'24a84c5f2','2ef4b6445',268632,2089,1653993352,1653993352);
INSERT INTO player_score VALUES('61e1a1705',75,'24a84c5f2','3929e4dc0',43200,2037,1653990683,1653990683);
INSERT INTO player_score VALUES('623e8c0f7',75,'24a84c5f2','3bd4f90b5',233600,1963,1654000426,1654000426);
INSERT INTO player_score VALUES('56b630d5e',75,'24a84c5f2','3c5cdf0f8',30132,1590,1653690849,1653690849);
INSERT INTO player_score VALUES('5a91804e4',75,'24a84c5f2','4103de18a',21150,1739,1653794376,1653794376);
INSERT INTO player_score VALUES('63a8b6e76',75,'24a84c5f2','42aa1197b',89670,2061,1654038402,1654038402);
INSERT INTO player_score VALUES('559f07faa',75,'24a84c5f2','5152654c4',162800,1630,1653661577,1653661577);
INSERT INTO player_score VALUES('6389dcf12',75,'24a84c5f2','553d1b9d5',133980,1995,1654035167,1654035167);
INSERT INTO player_score VALUES('63c66e534',75,'24a84c5f2','5761209b2',261900,2082,1654041518,1654041518);
INSERT INTO player_score VALUES('635893c2d',75,'24a84c5f2','5aa9ad3ff',169388,2143,1654029999,1654029999);
INSERT INTO player_score VALUES('62fe2658d',75,'24a84c5f2','5cb275915',76704,1856,1654020517,1654020517);
INSERT INTO player_score VALUES('63c6a1960',75,'24a84c5f2','6372a1b11',7488,2148,1654041539,1654041539);
INSERT INTO player_score VALUES('6393b959a',75,'255b21a3b','27ae98981',19800,2278,1654036201,1654036201);
INSERT INTO player_score VALUES('637010f02',75,'255b21a3b','2ef4b6445',282534,2155,1654032462,1654032462);
INSERT INTO player_score VALUES('625fd220b',75,'255b21a3b','3929e4dc0',249849,2068,1654003915,1654003915);
INSERT INTO player_score VALUES('5ce26dd60',75,'255b21a3b','3bd4f90b5',33600,1713,1653856549,1653856549);
INSERT INTO player_score VALUES('55b14b447',75,'255b21a3b','3c5cdf0f8',69090,1521,1653663492,1653663492);
INSERT INTO player_score VALUES('5a0ff9209',75,'255b21a3b','4103de18a',162855,1716,1653780794,1653780794);
INSERT INTO player_score VALUES('625830fc2',75,'255b21a3b','42aa1197b',24057,1977,1654003115,1654003115);
INSERT INTO player_score VALUES('559b2b368',75,'255b21a3b','5152654c4',74382,1623,1653661172,1653661172);
INSERT INTO player_score VALUES('62c93af85',75,'255b21a3b','5761209b2',84490,1924,1654014968,1654014968);
INSERT INTO player_score VALUES('639ec9674',75,'255b21a3b','58f0ab4fa',15360,2120,1654037361,1654037361);
INSERT INTO player_score VALUES('633dc0160',75,'255b21a3b','5aa9ad3ff',39368,2120,1654027186,1654027186);
INSERT INTO player_score VALUES('629cd3cd3',75,'255b21a3b','5b63f7af0',158270,1985,1654010312,1654010312);
INSERT INTO player_score VALUES('63b8dea7a',75,'255b21a3b','5cb275915',116610,2064,1654040096,1654040096);
INSERT INTO player_score VALUES('63c5ea7cd',75,'255b21a3b','6372a1b11',160875,2135,1654041464,1654041464);
INSERT INTO player_score VALUES('627991e7f',75,'25675432e','27ae98981',676992,2240,1654006615,1654006615);
INSERT INTO player_score VALUES('636938043',75,'25675432e','2ef4b6445',7560,2153,1654031744,1654031744);
INSERT INTO player_score VALUES('60c8fbb7f',75,'25675432e','3929e4dc0',124740,1986,1653961255,1653961255);
INSERT INTO player_score VALUES('54631df35',75,'25675432e','3c5cdf0f8',114954,1439,1653628451,1653628451);
INSERT INTO player_score VALUES('5573fdec7',75,'25675432e','4103de18a',50752,1414,1653657064,1653657064);
INSERT INTO player_score VALUES('6389d0c07',75,'25675432e','42aa1197b',115995,2054,1654035162,1654035162);
INSERT INTO player_score VALUES('5583a4416',75,'25675432e','5152654c4',634752,1597,1653658705,1653658705);
INSERT INTO player_score VALUES('62c40119a',75,'25675432e','553d1b9d5',17856,1886,1654014420,1654014420);
INSERT INTO player_score VALUES('62f986448',75,'25675432e','5761209b2',101728,1955,1654020032,1654020032);
INSERT INTO player_score VALUES('62d491cf7',75,'25675432e','58f0ab4fa',83810,1980,1654016157,1654016157);
INSERT INTO player_score VALUES('630f5aa19',75,'25675432e','5aa9ad3ff',2756,2066,1654022321,1654022321);
INSERT INTO player_score VALUES('638b834fe',75,'25675432e','5b63f7af0',86621,2221,1654035340,1654035340);
INSERT INTO player_score VALUES('62bd764c5',75,'25675432e','5cb275915',241015,1791,1654013734,1654013734);
INSERT INTO player_score VALUES('63c140a64',75,'25675432e','6372a1b11',144000,2006,1654040975,1654040975);
INSERT INTO player_score VALUES('59e203fcd',75,'259437e20','27ae98981',136950,1948,1653775975,1653775975);
INSERT INTO player_score VALUES('5bc155110',75,'259437e20','2ef4b6445',46740,1843,1653826235,1653826235);
INSERT INTO player_score VALUES('5f42a0156',75,'259437e20','3929e4dc0',44880,1918,1653920323,1653920323);
INSERT INTO player_score VALUES('62de4e802',75,'259437e20','3bd4f90b5',118854,1989,1654017178,1654017178);
INSERT INTO player_score VALUES('550e0b4a6',75,'259437e20','3c5cdf0f8',241395,1486,1653646374,1653646374);
INSERT INTO player_score VALUES('58bfd9be3',75,'259437e20','4103de18a',276900,1622,1653745549,1653745549);
INSERT INTO player_score VALUES('621fd449a',75,'259437e20','42aa1197b',107156,1968,1653997205,1653997205);
INSERT INTO player_score VALUES('553ad691e',75,'259437e20','5152654c4',0,1476,1653651071,1653651071);
INSERT INTO player_score VALUES('639f2148f',75,'259437e20','553d1b9d5',15345,2009,1654037397,1654037397);
INSERT INTO player_score VALUES('6389654f8',75,'259437e20','5761209b2',151552,2040,1654035118,1654035118);
INSERT INTO player_score VALUES('62b1f3801',75,'259437e20','58f0ab4fa',495,1951,1654012527,1654012527);
INSERT INTO player_score VALUES('62d6b7201',75,'259437e20','5aa9ad3ff',21567,2017,1654016382,1654016382);
INSERT INTO player_score VALUES('637dfaf6d',75,'259437e20','5b63f7af0',209300,2209,1654033921,1654033921);
INSERT INTO player_score VALUES('639fd5f68',75,'259437e20','5cb275915',11020,2026,1654037471,1654037471);
INSERT INTO player_score VALUES('63c59c5d2',75,'259437e20','6372a1b11',115668,2125,1654041432,1654041432);
INSERT INTO player_score VALUES('624d5b900',75,'25c99fc35','27ae98981',47025,2232,1654001979,1654001979);
INSERT INTO player_score VALUES('5d6e04b4d',75,'25c99fc35','2ef4b6445',186660,1906,1653871186,1653871186);
INSERT INTO player_score VALUES('5e68b1122',75,'25c99fc35','3929e4dc0',166023,1884,1653897471,1653897471);
INSERT INTO player_score VALUES('595528685',75,'25c99fc35','4103de18a',0,1669,1653761205,1653761205);
INSERT INTO player_score VALUES('6329eed82',75,'25c99fc35','42aa1197b',27720,2032,1654025108,1654025108);
INSERT INTO player_score VALUES('62b11ca84',75,'25c99fc35','553d1b9d5',377720,1880,1654012439,1654012439);
INSERT INTO player_score VALUES('61d00b7da',75,'25c99fc35','5761209b2',163614,1761,1653988839,1653988839);
INSERT INTO player_score VALUES('6347ef847',75,'25c99fc35','58f0ab4fa',6734,2056,1654028254,1654028254);
INSERT INTO player_score VALUES('62c82bf98',75,'25c99fc35','5aa9ad3ff',56050,2005,1654014857,1654014857);
INSERT INTO player_score VALUES('62c7d41a2',75,'25c99fc35','5b63f7af0',107892,2024,1654014821,1654014821);
INSERT INTO player_score VALUES('63be1d69a',75,'25c99fc35','5cb275915',163372,2071,1654040646,1654040646);
INSERT INTO player_score VALUES('63c711e49',75,'25c99fc35','6372a1b11',21147,2158,1654041585,1654041585);
INSERT INTO player_score VALUES('6270f070b',75,'2685eae3e','27ae98981',39528,2239,1654005710,1654005710);
INSERT INTO player_score VALUES('628e41523',75,'2685eae3e','3929e4dc0',329,2073,1654008784,1654008784);
INSERT INTO player_score VALUES('61d02170d',75,'2685eae3e','3bd4f90b5',33288,1940,1653988848,1653988848);
INSERT INTO player_score VALUES('56d4e8973',75,'2685eae3e','3c5cdf0f8',36120,1604,1653694070,1653694070);
INSERT INTO player_score VALUES('5a779e4ed',75,'2685eae3e','4103de18a',768,1735,1653791662,1653791662);
INSERT INTO player_score VALUES('6349713ee',75,'2685eae3e','42aa1197b',178560,2038,1654028412,1654028412);
INSERT INTO player_score VALUES('5570ce7be',75,'2685eae3e','5152654c4',8811,1560,1653656730,1653656730);
INSERT INTO player_score VALUES('6354b96d6',75,'2685eae3e','553d1b9d5',68320,1957,1654029595,1654029595);
INSERT INTO player_score VALUES('6377aac0c',75,'2685eae3e','5761209b2',58900,2026,1654033259,1654033259);
INSERT INTO player_score VALUES('634a96398',75,'2685eae3e','58f0ab4fa',2070,2061,1654028532,1654028532);
INSERT INTO player_score VALUES('6347ed135',75,'2685eae3e','5aa9ad3ff',7056,2134,1654028253,1654028253);
INSERT INTO player_score VALUES('631c7ee60',75,'2685eae3e','5b63f7af0',104576,2104,1654023699,1654023699);
INSERT INTO player_score VALUES('63b12edc0',75,'2685eae3e','5cb275915',81900,2051,1654039290,1654039290);
INSERT INTO player_score VALUES('63c49e766',75,'2685eae3e','6372a1b11',14100,2100,1654041328,1654041328);
INSERT INTO player_score VALUES('61b6508de',75,'26cd89d9c','27ae98981',95760,2216,1653986141,1653986141);
INSERT INTO player_score VALUES('5932630a3',75,'26cd89d9c','2ef4b6445',72192,1756,1653757559,1653757559);
INSERT INTO player_score VALUES('629083f0b',75,'26cd89d9c','3929e4dc0',5810,2074,1654009021,1654009021);
INSERT INTO player_score VALUES('62eab44e5',75,'26cd89d9c','3bd4f90b5',76797,1996,1654018478,1654018478);
INSERT INTO player_score VALUES('572f4eb2b',75,'26cd89d9c','3c5cdf0f8',4320,1624,1653703549,1653703549);
INSERT INTO player_score VALUES('562de9213',75,'26cd89d9c','4103de18a',48608,1457,1653676559,1653676559);
INSERT INTO player_score VALUES('60253a55a',75,'26cd89d9c','42aa1197b',28028,1858,1653944084,1653944084);
INSERT INTO player_score VALUES('558efd8a3',75,'26cd89d9c','5152654c4',108336,1609,1653659895,1653659895);
INSERT INTO player_score VALUES('63c0934c1',75,'26cd89d9c','553d1b9d5',525,2024,1654040904,1654040904);
INSERT INTO player_score VALUES('623a21ae8',75,'26cd89d9c','5761209b2',401200,1831,1653999963,1653999963);
INSERT INTO player_score VALUES('6371cfba1',75,'26cd89d9c','58f0ab4fa',49896,2090,1654032645,1654032645);
INSERT INTO player_score VALUES('629aa728b',75,'26cd89d9c','5aa9ad3ff',88320,1967,1654010084,1654010084);
INSERT INTO player_score VALUES('637565b37',75,'26cd89d9c','5b63f7af0',195130,2199,1654033021,1654033021);
INSERT INTO player_score VALUES('63bdc0a4e',75,'26cd89d9c','5cb275915',49837,2069,1654040608,1654040608);
INSERT INTO player_score VALUES('625a4c890',75,'26e98eb6c','27ae98981',430144,2235,1654003336,1654003336);
INSERT INTO player_score VALUES('630b9d9c2',75,'26e98eb6c','2ef4b6445',176250,2136,1654021929,1654021929);
INSERT INTO player_score VALUES('61e8caeba',75,'26e98eb6c','3929e4dc0',83700,2041,1653991434,1653991434);
INSERT INTO player_score VALUES('63b5aa54e',75,'26e98eb6c','3bd4f90b5',466716,2041,1654039760,1654039760);
INSERT INTO player_score VALUES('552e1b4cb',75,'26e98eb6c','3c5cdf0f8',51120,1493,1653649736,1653649736);
INSERT INTO player_score VALUES('63227254c',75,'26e98eb6c','42aa1197b',279720,2029,1654024323,1654024323);
INSERT INTO player_score VALUES('62fb9f624',75,'26e98eb6c','553d1b9d5',608190,1919,1654020252,1654020252);
INSERT INTO player_score VALUES('638923678',75,'26e98eb6c','58f0ab4fa',86700,2111,1654035091,1654035091);
INSERT INTO player_score VALUES('63354f6f2',75,'26e98eb6c','5aa9ad3ff',134976,2114,1654026301,1654026301);
INSERT INTO player_score VALUES('634fdec17',75,'26e98eb6c','5b63f7af0',7047,2152,1654029086,1654029086);
INSERT INTO player_score VALUES('63b3ac158',75,'26e98eb6c','5cb275915',45056,2056,1654039551,1654039551);
INSERT INTO player_score VALUES('63c49e767',75,'26e98eb6c','6372a1b11',420784,2101,1654041328,1654041328);
INSERT INTO player_score VALUES('61f568eb7',75,'2781d2302','27ae98981',5200,2222,1653992757,1653992757);
INSERT INTO player_score VALUES('5df9e7440',75,'2781d2302','2ef4b6445',47888,1931,1653885854,1653885854);
INSERT INTO player_score VALUES('621ccbeb3',75,'2781d2302','3bd4f90b5',225040,1953,1653996887,1653996887);
INSERT INTO player_score VALUES('565461c14',75,'2781d2302','3c5cdf0f8',11016,1565,1653680593,1653680593);
INSERT INTO player_score VALUES('59bdcdf2d',75,'2781d2302','4103de18a',8736,1702,1653772178,1653772178);
INSERT INTO player_score VALUES('628c14ae6',75,'2781d2302','42aa1197b',62100,1991,1654008556,1654008556);
INSERT INTO player_score VALUES('559838cfd',75,'2781d2302','5152654c4',26640,1621,1653660863,1653660863);
INSERT INTO player_score VALUES('62aad3c8a',75,'2781d2302','553d1b9d5',17424,1878,1654011780,1654011780);
INSERT INTO player_score VALUES('63a001e93',75,'2781d2302','5761209b2',2750,2056,1654037489,1654037489);
INSERT INTO player_score VALUES('631e9ce20',75,'2781d2302','58f0ab4fa',35017,2032,1654023921,1654023921);
INSERT INTO player_score VALUES('63563d9f8',75,'2781d2302','5aa9ad3ff',89760,2139,1654029754,1654029754);
INSERT INTO player_score VALUES('6353e0261',75,'2781d2302','5b63f7af0',10527,2156,1654029506,1654029506);
INSERT INTO player_score VALUES('60f61c785',75,'2781d2302','5cb275915',22400,1280,1653965987,1653965987);
INSERT INTO player_score VALUES('63c053d15',75,'2781d2302','6372a1b11',201096,1978,1654040878,1654040878);
INSERT INTO player_score VALUES('62c3451a5',75,'28af92ba0','27ae98981',233280,2249,1654014343,1654014343);
INSERT INTO player_score VALUES('6197bfdda',75,'28af92ba0','2ef4b6445',110760,2079,1653982936,1653982936);
INSERT INTO player_score VALUES('62e5ab42b',75,'28af92ba0','3bd4f90b5',54395,1994,1654017950,1654017950);
INSERT INTO player_score VALUES('54e22f41a',75,'28af92ba0','3c5cdf0f8',121471,1477,1653641775,1653641775);
INSERT INTO player_score VALUES('59d26eb94',75,'28af92ba0','4103de18a',284355,1704,1653774341,1653774341);
INSERT INTO player_score VALUES('626caf912',75,'28af92ba0','42aa1197b',23120,1982,1654005264,1654005264);
INSERT INTO player_score VALUES('55497f00a',75,'28af92ba0','5152654c4',3069,1499,1653652608,1653652608);
INSERT INTO player_score VALUES('63539207b',75,'28af92ba0','553d1b9d5',501642,1956,1654029474,1654029474);
INSERT INTO player_score VALUES('63b75a744',75,'28af92ba0','5761209b2',0,2073,1654039937,1654039937);
INSERT INTO player_score VALUES('6385861e6',75,'28af92ba0','58f0ab4fa',17986,2104,1654034712,1654034712);
INSERT INTO player_score VALUES('62988e0c2',75,'28af92ba0','5aa9ad3ff',331500,1964,1654009864,1654009864);
INSERT INTO player_score VALUES('62f433f7b',75,'28af92ba0','5b63f7af0',35530,2068,1654019474,1654019474);
INSERT INTO player_score VALUES('63a8c58fa',75,'28af92ba0','5cb275915',70200,2034,1654038408,1654038408);
INSERT INTO player_score VALUES('63c089865',75,'28af92ba0','6372a1b11',12852,1987,1654040900,1654040900);
INSERT INTO player_score VALUES('62eeda577',75,'294ce1b72','27ae98981',121056,2259,1654018913,1654018913);
INSERT INTO player_score VALUES('63694dfbc',75,'294ce1b72','2ef4b6445',79866,2154,1654031753,1654031753);
INSERT INTO player_score VALUES('60f0157c1',75,'294ce1b72','3929e4dc0',1425,1995,1653965355,1653965355);
INSERT INTO player_score VALUES('63be66ac1',75,'294ce1b72','3bd4f90b5',135880,2043,1654040676,1654040676);
INSERT INTO player_score VALUES('54874070f',75,'294ce1b72','3c5cdf0f8',24070,1451,1653632240,1653632240);
INSERT INTO player_score VALUES('59da4a70b',75,'294ce1b72','4103de18a',244944,1706,1653775165,1653775165);
INSERT INTO player_score VALUES('60a20b747',75,'294ce1b72','42aa1197b',214200,1878,1653957172,1653957172);
INSERT INTO player_score VALUES('559ba0682',75,'294ce1b72','5152654c4',182280,1624,1653661220,1653661220);
INSERT INTO player_score VALUES('6397e4447',75,'294ce1b72','553d1b9d5',38478,2004,1654036638,1654036638);
INSERT INTO player_score VALUES('63637a471',75,'294ce1b72','5761209b2',121500,2018,1654031142,1654031142);
INSERT INTO player_score VALUES('6321cc526',75,'294ce1b72','58f0ab4fa',510300,2035,1654024255,1654024255);
INSERT INTO player_score VALUES('62803c73d',75,'294ce1b72','5aa9ad3ff',352,1943,1654007314,1654007314);
INSERT INTO player_score VALUES('63435e148',75,'294ce1b72','5b63f7af0',64638,2138,1654027775,1654027775);
INSERT INTO player_score VALUES('63afe5483',75,'294ce1b72','5cb275915',208120,2047,1654039155,1654039155);
INSERT INTO player_score VALUES('63c586624',75,'294ce1b72','6372a1b11',27720,2124,1654041423,1654041423);
INSERT INTO player_score VALUES('5f3057e77',75,'29b4e1416','27ae98981',38080,2139,1653918406,1653918406);
INSERT INTO player_score VALUES('5edd5d3f0',75,'29b4e1416','2ef4b6445',103488,1974,1653909705,1653909705);
INSERT INTO player_score VALUES('633bb32dc',75,'29b4e1416','3929e4dc0',23760,2099,1654026971,1654026971);
INSERT INTO player_score VALUES('615ad4269',75,'29b4e1416','3bd4f90b5',74088,1914,1653976548,1653976548);
INSERT INTO player_score VALUES('566d98d73',75,'29b4e1416','3c5cdf0f8',4725,1572,1653683237,1653683237);
INSERT INTO player_score VALUES('59485c086',75,'29b4e1416','4103de18a',90459,1663,1653759863,1653759863);
INSERT INTO player_score VALUES('60d978e8d',75,'29b4e1416','42aa1197b',160512,1895,1653962984,1653962984);
INSERT INTO player_score VALUES('550595c07',75,'29b4e1416','5152654c4',354016,1399,1653645487,1653645487);
INSERT INTO player_score VALUES('62df33f92',75,'29b4e1416','553d1b9d5',35000,1903,1654017272,1654017272);
INSERT INTO player_score VALUES('62f930cf3',75,'29b4e1416','5aa9ad3ff',38640,2043,1654019997,1654019997);
INSERT INTO player_score VALUES('637710eda',75,'29b4e1416','5b63f7af0',11880,2201,1654033196,1654033196);
INSERT INTO player_score VALUES('637967149',75,'29b4e1416','5cb275915',124700,1976,1654033441,1654033441);
INSERT INTO player_score VALUES('63c6b51eb',75,'29b4e1416','6372a1b11',148764,2152,1654041547,1654041547);
INSERT INTO player_score VALUES('609cbb9d1',75,'29cf70945','27ae98981',480244,2173,1653956615,1653956615);
INSERT INTO player_score VALUES('5df885423',75,'29cf70945','2ef4b6445',102168,1930,1653885709,1653885709);
INSERT INTO player_score VALUES('611abb78a',75,'29cf70945','3929e4dc0',37752,2002,1653969827,1653969827);
INSERT INTO player_score VALUES('6323cd055',75,'29cf70945','3bd4f90b5',75072,2011,1654024465,1654024465);
INSERT INTO player_score VALUES('54a448175',75,'29cf70945','3c5cdf0f8',136080,1460,1653635284,1653635284);
INSERT INTO player_score VALUES('57df7fa8f',75,'29cf70945','4103de18a',139860,1561,1653722024,1653722024);
INSERT INTO player_score VALUES('607b07a91',75,'29cf70945','42aa1197b',52920,1871,1653953081,1653953081);
INSERT INTO player_score VALUES('5597de7b7',75,'29cf70945','5152654c4',3192,1620,1653660826,1653660826);
INSERT INTO player_score VALUES('6389802ca',75,'29cf70945','553d1b9d5',190476,1994,1654035129,1654035129);
INSERT INTO player_score VALUES('6356a4294',75,'29cf70945','5761209b2',57420,2004,1654029796,1654029796);
INSERT INTO player_score VALUES('63b7be8d0',75,'29cf70945','58f0ab4fa',149760,2139,1654039978,1654039978);
INSERT INTO player_score VALUES('63950080f',75,'29cf70945','5cb275915',334464,2012,1654036335,1654036335);
INSERT INTO player_score VALUES('63c0f2813',75,'29cf70945','6372a1b11',499800,1998,1654040943,1654040943);
INSERT INTO player_score VALUES('61698dafe',75,'29dbffe9d','3929e4dc0',626808,2013,1653978092,1653978092);
INSERT INTO player_score VALUES('56bc3a3cd',75,'29dbffe9d','3c5cdf0f8',16878,1594,1653691482,1653691482);
INSERT INTO player_score VALUES('5a180a8e4',75,'29dbffe9d','4103de18a',7680,1718,1653781640,1653781640);
INSERT INTO player_score VALUES('61d7c293a',75,'29dbffe9d','42aa1197b',113734,1953,1653989648,1653989648);
INSERT INTO player_score VALUES('54ed972e9',75,'29dbffe9d','5152654c4',32832,1370,1653642971,1653642971);
INSERT INTO player_score VALUES('63c193a52',75,'29dbffe9d','553d1b9d5',111435,2026,1654041009,1654041009);
INSERT INTO player_score VALUES('63b403f95',75,'29dbffe9d','5761209b2',8820,2071,1654039587,1654039587);
INSERT INTO player_score VALUES('63b61f84c',75,'29dbffe9d','58f0ab4fa',89600,2136,1654039808,1654039808);
INSERT INTO player_score VALUES('629476ac5',75,'29dbffe9d','5aa9ad3ff',783,1956,1654009435,1654009435);
INSERT INTO player_score VALUES('6391c4e28',75,'29dbffe9d','5b63f7af0',93912,2232,1654035996,1654035996);
INSERT INTO player_score VALUES('63a9c3741',75,'29dbffe9d','5cb275915',3168,2036,1654038512,1654038512);
INSERT INTO player_score VALUES('63c5c84c5',75,'29dbffe9d','6372a1b11',134400,2132,1654041450,1654041450);
INSERT INTO player_score VALUES('5ea9ffd2f',75,'2a47733ed','27ae98981',15936,2125,1653904319,1653904319);
INSERT INTO player_score VALUES('60cf115b4',75,'2a47733ed','2ef4b6445',410326,2049,1653961893,1653961893);
INSERT INTO player_score VALUES('6399e2828',75,'2a47733ed','3bd4f90b5',44100,2034,1654036847,1654036847);
INSERT INTO player_score VALUES('550a50b4f',75,'2a47733ed','3c5cdf0f8',113696,1483,1653645983,1653645983);
INSERT INTO player_score VALUES('5a426e98b',75,'2a47733ed','4103de18a',129580,1724,1653786085,1653786085);
INSERT INTO player_score VALUES('619fc9f7a',75,'2a47733ed','42aa1197b',14432,1946,1653983779,1653983779);
INSERT INTO player_score VALUES('557af1b1a',75,'2a47733ed','5152654c4',85272,1577,1653657793,1653657793);
INSERT INTO player_score VALUES('638feb3c3',75,'2a47733ed','5761209b2',49640,2044,1654035802,1654035802);
INSERT INTO player_score VALUES('631d0ef3e',75,'2a47733ed','58f0ab4fa',253825,2031,1654023758,1654023758);
INSERT INTO player_score VALUES('63165f85e',75,'2a47733ed','5b63f7af0',33660,2097,1654023057,1654023057);
INSERT INTO player_score VALUES('62c8d9563',75,'2a47733ed','5cb275915',174720,1800,1654014928,1654014928);
INSERT INTO player_score VALUES('63c6648ca',75,'2a47733ed','6372a1b11',53568,2140,1654041514,1654041514);
INSERT INTO player_score VALUES('60c1422f1',75,'2ae62b913','27ae98981',59280,2178,1653960445,1653960445);
INSERT INTO player_score VALUES('626c57b22',75,'2ae62b913','3929e4dc0',46851,2070,1654005228,1654005228);
INSERT INTO player_score VALUES('5cfe68ee6',75,'2ae62b913','3bd4f90b5',211876,1718,1653859483,1653859483);
INSERT INTO player_score VALUES('52fa8ad36',75,'2ae62b913','3c5cdf0f8',20235,1348,1653590642,1653590642);
INSERT INTO player_score VALUES('59a8a9594',75,'2ae62b913','4103de18a',283465,1692,1653769961,1653769961);
INSERT INTO player_score VALUES('63b0a623e',75,'2ae62b913','42aa1197b',19866,2065,1654039234,1654039234);
INSERT INTO player_score VALUES('55615416d',75,'2ae62b913','5152654c4',17472,1533,1653655107,1653655107);
INSERT INTO player_score VALUES('6221427ef',75,'2ae62b913','58f0ab4fa',52920,1826,1653997355,1653997355);
INSERT INTO player_score VALUES('6351b5ef6',75,'2ae62b913','5aa9ad3ff',69888,2137,1654029279,1654029279);
INSERT INTO player_score VALUES('6344411cf',75,'2ae62b913','5b63f7af0',10260,2140,1654027868,1654027868);
INSERT INTO player_score VALUES('6382766a6',75,'2ae62b913','5cb275915',34500,1986,1654034391,1654034391);
INSERT INTO player_score VALUES('63c2632a6',75,'2ae62b913','6372a1b11',118800,2040,1654041094,1654041094);
INSERT INTO player_score VALUES('4e278d998',75,'2b8ad26ed','27ae98981',253800,1509,1653461144,1653461144);
INSERT INTO player_score VALUES('5e1ef1aa8',75,'2b8ad26ed','2ef4b6445',0,1937,1653889738,1653889738);
INSERT INTO player_score VALUES('62d5d411b',75,'2b8ad26ed','3929e4dc0',48598,2082,1654016289,1654016289);
INSERT INTO player_score VALUES('632756c79',75,'2b8ad26ed','3bd4f90b5',92400,2013,1654024836,1654024836);
INSERT INTO player_score VALUES('519b8d515',75,'2b8ad26ed','3c5cdf0f8',332112,1278,1653553838,1653553838);
INSERT INTO player_score VALUES('5a068d022',75,'2b8ad26ed','4103de18a',93670,1715,1653779806,1653779806);
INSERT INTO player_score VALUES('6052b7da2',75,'2b8ad26ed','42aa1197b',55488,1864,1653948854,1653948854);
INSERT INTO player_score VALUES('5585d8388',75,'2b8ad26ed','5152654c4',577600,1599,1653658936,1653658936);
INSERT INTO player_score VALUES('63711d7c8',75,'2b8ad26ed','553d1b9d5',6720,1974,1654032572,1654032572);
INSERT INTO player_score VALUES('637170803',75,'2b8ad26ed','5761209b2',59584,2024,1654032606,1654032606);
INSERT INTO player_score VALUES('63b8ed4ab',75,'2b8ad26ed','58f0ab4fa',136416,2140,1654040102,1654040102);
INSERT INTO player_score VALUES('6300c5b9d',75,'2b8ad26ed','5aa9ad3ff',41610,2048,1654020792,1654020792);
INSERT INTO player_score VALUES('63ac51c22',75,'2b8ad26ed','6372a1b11',70560,1502,1654038780,1654038780);
INSERT INTO player_score VALUES('638695186',75,'2ba6bc6ff','27ae98981',53040,2277,1654034823,1654034823);
INSERT INTO player_score VALUES('630813d6e',75,'2ba6bc6ff','2ef4b6445',105984,2135,1654021558,1654021558);
INSERT INTO player_score VALUES('63aeca111',75,'2ba6bc6ff','3929e4dc0',6370,2110,1654039039,1654039039);
INSERT INTO player_score VALUES('624651cbd',75,'2ba6bc6ff','3bd4f90b5',138240,1966,1654001241,1654001241);
INSERT INTO player_score VALUES('5649b3630',75,'2ba6bc6ff','3c5cdf0f8',138069,1563,1653679473,1653679473);
INSERT INTO player_score VALUES('5a4d0700a',75,'2ba6bc6ff','4103de18a',20000,1727,1653787196,1653787196);
INSERT INTO player_score VALUES('60d38f414',75,'2ba6bc6ff','42aa1197b',49368,1894,1653962364,1653962364);
INSERT INTO player_score VALUES('557dd5744',75,'2ba6bc6ff','5152654c4',258704,1582,1653658096,1653658096);
INSERT INTO player_score VALUES('6194e5de1',75,'2ba6bc6ff','553d1b9d5',688644,1705,1653982637,1653982637);
INSERT INTO player_score VALUES('636e65b27',75,'2ba6bc6ff','58f0ab4fa',44520,2086,1654032287,1654032287);
INSERT INTO player_score VALUES('63468b0e2',75,'2ba6bc6ff','5aa9ad3ff',0,2132,1654028108,1654028108);
INSERT INTO player_score VALUES('6385ad2b6',75,'2ba6bc6ff','5b63f7af0',7410,2216,1654034728,1654034728);
INSERT INTO player_score VALUES('637d3ef92',75,'2ba6bc6ff','5cb275915',53200,1981,1654033844,1654033844);
INSERT INTO player_score VALUES('63c5be885',75,'2ba6bc6ff','6372a1b11',80784,2130,1654041446,1654041446);
INSERT INTO player_score VALUES('627ddefb6',75,'2d10dff29','27ae98981',186000,2241,1654007066,1654007066);
INSERT INTO player_score VALUES('63436a464',75,'2d10dff29','2ef4b6445',40986,2147,1654027780,1654027780);
INSERT INTO player_score VALUES('6302031b4',75,'2d10dff29','3929e4dc0',118144,2089,1654020922,1654020922);
INSERT INTO player_score VALUES('63230261a',75,'2d10dff29','3bd4f90b5',554400,2010,1654024382,1654024382);
INSERT INTO player_score VALUES('570ac3396',75,'2d10dff29','3c5cdf0f8',14640,1618,1653699717,1653699717);
INSERT INTO player_score VALUES('584bd1297',75,'2d10dff29','4103de18a',333000,1585,1653733382,1653733382);
INSERT INTO player_score VALUES('62b5cdd44',75,'2d10dff29','42aa1197b',259350,2004,1654012931,1654012931);
INSERT INTO player_score VALUES('5592d2fc7',75,'2d10dff29','5152654c4',251658,1615,1653660297,1653660297);
INSERT INTO player_score VALUES('61fe27ae6',75,'2d10dff29','553d1b9d5',393198,1768,1653993674,1653993674);
INSERT INTO player_score VALUES('637a453c5',75,'2d10dff29','5761209b2',2475,2029,1654033532,1654033532);
INSERT INTO player_score VALUES('63ab25767',75,'2d10dff29','58f0ab4fa',294686,2127,1654038657,1654038657);
INSERT INTO player_score VALUES('633780f4a',75,'2d10dff29','5aa9ad3ff',328104,2116,1654026531,1654026531);
INSERT INTO player_score VALUES('6392e0148',75,'2d10dff29','5b63f7af0',3840,2233,1654036112,1654036112);
INSERT INTO player_score VALUES('63b2f4f6d',75,'2d10dff29','5cb275915',85995,2055,1654039476,1654039476);
INSERT INTO player_score VALUES('63bf389c6',75,'2d10dff29','6372a1b11',3515,1956,1654040762,1654040762);
INSERT INTO player_score VALUES('6393a5d1e',75,'2d950b669','2ef4b6445',184080,2160,1654036193,1654036193);
INSERT INTO player_score VALUES('618851a6b',75,'2d950b669','3bd4f90b5',114576,1922,1653981318,1653981318);
INSERT INTO player_score VALUES('550b537ea',75,'2d950b669','3c5cdf0f8',15345,1484,1653646089,1653646089);
INSERT INTO player_score VALUES('59a77d0fa',75,'2d950b669','4103de18a',63162,1691,1653769838,1653769838);
INSERT INTO player_score VALUES('6302cdc2c',75,'2d950b669','42aa1197b',13680,2020,1654021005,1654021005);
INSERT INTO player_score VALUES('618452b5e',75,'2d950b669','553d1b9d5',47104,1699,1653980899,1653980899);
INSERT INTO player_score VALUES('6378707df',75,'2d950b669','5761209b2',80388,2028,1654033340,1654033340);
INSERT INTO player_score VALUES('62fa27636',75,'2d950b669','58f0ab4fa',456402,2003,1654020098,1654020098);
INSERT INTO player_score VALUES('630c635bd',75,'2d950b669','5aa9ad3ff',147060,2062,1654022010,1654022010);
INSERT INTO player_score VALUES('635518a80',75,'2d950b669','5b63f7af0',5415,2158,1654029634,1654029634);
INSERT INTO player_score VALUES('63a997845',75,'2d950b669','5cb275915',176256,2035,1654038494,1654038494);
INSERT INTO player_score VALUES('63c4a353a',75,'2d950b669','6372a1b11',9744,2102,1654041330,1654041330);
INSERT INTO player_score VALUES('5f3fa8cde',75,'2e3794472','27ae98981',359100,2141,1653920012,1653920012);
INSERT INTO player_score VALUES('62908b41a',75,'2e3794472','2ef4b6445',17640,2115,1654009024,1654009024);
INSERT INTO player_score VALUES('615497771',75,'2e3794472','3929e4dc0',266000,2010,1653975894,1653975894);
INSERT INTO player_score VALUES('6071ee91d',75,'2e3794472','3bd4f90b5',105825,1874,1653952127,1653952127);
INSERT INTO player_score VALUES('531d7743a',75,'2e3794472','3c5cdf0f8',163856,1360,1653594304,1653594304);
INSERT INTO player_score VALUES('63b79ed39',75,'2e3794472','42aa1197b',5225,2066,1654039965,1654039965);
INSERT INTO player_score VALUES('554fb45c5',75,'2e3794472','5152654c4',8775,1511,1653653259,1653653259);
INSERT INTO player_score VALUES('63882f449',75,'2e3794472','553d1b9d5',136528,1991,1654034991,1654034991);
INSERT INTO player_score VALUES('63b131503',75,'2e3794472','5761209b2',61500,2069,1654039291,1654039291);
INSERT INTO player_score VALUES('635f2ac53',75,'2e3794472','58f0ab4fa',41040,2072,1654030690,1654030690);
INSERT INTO player_score VALUES('632bc6065',75,'2e3794472','5aa9ad3ff',204288,2105,1654025301,1654025301);
INSERT INTO player_score VALUES('6377ad2e1',75,'2e3794472','5b63f7af0',145728,2202,1654033260,1654033260);
INSERT INTO player_score VALUES('63a01cbe5',75,'2e3794472','5cb275915',32256,2027,1654037500,1654037500);
INSERT INTO player_score VALUES('63be3f9b3',75,'2e3794472','6372a1b11',108388,1934,1654040660,1654040660);
INSERT INTO player_score VALUES('61d6cbfff',75,'2ea45afab','27ae98981',104076,2218,1653989547,1653989547);
INSERT INTO player_score VALUES('575124cb6',75,'2ea45afab','2ef4b6445',283860,1677,1653707097,1653707097);
INSERT INTO player_score VALUES('618a65e28',75,'2ea45afab','3929e4dc0',101184,2017,1653981536,1653981536);
INSERT INTO player_score VALUES('610f11a06',75,'2ea45afab','3bd4f90b5',30456,1894,1653968604,1653968604);
INSERT INTO player_score VALUES('56f1c6bce',75,'2ea45afab','3c5cdf0f8',8432,1615,1653697097,1653697097);
INSERT INTO player_score VALUES('598bc8ca5',75,'2ea45afab','4103de18a',401388,1683,1653766933,1653766933);
INSERT INTO player_score VALUES('5fed74fde',75,'2ea45afab','42aa1197b',147560,1844,1653938236,1653938236);
INSERT INTO player_score VALUES('5580c5675',75,'2ea45afab','5152654c4',202536,1588,1653658404,1653658404);
INSERT INTO player_score VALUES('63555f755',75,'2ea45afab','553d1b9d5',12012,1958,1654029663,1654029663);
INSERT INTO player_score VALUES('62d3df96e',75,'2ea45afab','5761209b2',18705,1932,1654016084,1654016084);
INSERT INTO player_score VALUES('630aa494c',75,'2ea45afab','5aa9ad3ff',55440,2057,1654021827,1654021827);
INSERT INTO player_score VALUES('638dfe133',75,'2ea45afab','5cb275915',12800,1999,1654035600,1654035600);
INSERT INTO player_score VALUES('63c6696f5',75,'2ea45afab','6372a1b11',131400,2142,1654041516,1654041516);
INSERT INTO player_score VALUES('62cc7b82e',75,'2ecdd7157','27ae98981',0,2251,1654015309,1654015309);
INSERT INTO player_score VALUES('63469e97a',75,'2ecdd7157','2ef4b6445',291600,2148,1654028116,1654028116);
INSERT INTO player_score VALUES('624e87d9c',75,'2ecdd7157','3929e4dc0',191100,2063,1654002102,1654002102);
INSERT INTO player_score VALUES('63aaadd40',75,'2ecdd7157','3bd4f90b5',0,2040,1654038608,1654038608);
INSERT INTO player_score VALUES('56315a78c',75,'2ecdd7157','3c5cdf0f8',273504,1558,1653676920,1653676920);
INSERT INTO player_score VALUES('594b97ac3',75,'2ecdd7157','4103de18a',16523,1664,1653760202,1653760202);
INSERT INTO player_score VALUES('62ea6d865',75,'2ecdd7157','42aa1197b',7760,2014,1654018449,1654018449);
INSERT INTO player_score VALUES('553dd04b3',75,'2ecdd7157','5152654c4',33768,1483,1653651383,1653651383);
INSERT INTO player_score VALUES('63303a29a',75,'2ecdd7157','553d1b9d5',43365,1942,1654025768,1654025768);
INSERT INTO player_score VALUES('63a826dc3',75,'2ecdd7157','5761209b2',267720,2062,1654038343,1654038343);
INSERT INTO player_score VALUES('6358a749f',75,'2ecdd7157','58f0ab4fa',159885,2067,1654030007,1654030007);
INSERT INTO player_score VALUES('62fda7650',75,'2ecdd7157','5aa9ad3ff',376376,2046,1654020465,1654020465);
INSERT INTO player_score VALUES('63ae9bb20',75,'2ecdd7157','5b63f7af0',333684,2255,1654039020,1654039020);
INSERT INTO player_score VALUES('63c394589',75,'2ecdd7157','6372a1b11',82485,2074,1654041219,1654041219);
INSERT INTO player_score VALUES('55229fda1',75,'2efd3a6f9','27ae98981',10350,1780,1653648532,1653648532);
INSERT INTO player_score VALUES('63342f5be',75,'2efd3a6f9','2ef4b6445',36210,2141,1654026183,1654026183);
INSERT INTO player_score VALUES('5f7ac986f',75,'2efd3a6f9','3929e4dc0',32076,1928,1653926212,1653926212);
INSERT INTO player_score VALUES('630844acb',75,'2efd3a6f9','3bd4f90b5',182952,2004,1654021578,1654021578);
INSERT INTO player_score VALUES('56b00f028',75,'2efd3a6f9','3c5cdf0f8',114840,1585,1653690206,1653690206);
INSERT INTO player_score VALUES('57c5c2519',75,'2efd3a6f9','4103de18a',8500,1558,1653719325,1653719325);
INSERT INTO player_score VALUES('558759f65',75,'2efd3a6f9','5152654c4',26320,1600,1653659094,1653659094);
INSERT INTO player_score VALUES('6112cc35c',75,'2efd3a6f9','553d1b9d5',754,1641,1653968995,1653968995);
INSERT INTO player_score VALUES('634bee720',75,'2efd3a6f9','5761209b2',18816,2000,1654028673,1654028673);
INSERT INTO player_score VALUES('638705662',75,'2efd3a6f9','58f0ab4fa',564300,2106,1654034869,1654034869);
INSERT INTO player_score VALUES('635739175',75,'2efd3a6f9','5aa9ad3ff',47940,2142,1654029857,1654029857);
INSERT INTO player_score VALUES('638fb3149',75,'2efd3a6f9','5b63f7af0',52272,2225,1654035779,1654035779);
INSERT INTO player_score VALUES('6392b692f',75,'2efd3a6f9','5cb275915',135135,2008,1654036095,1654036095);
INSERT INTO player_score VALUES('63c2cc257',75,'2efd3a6f9','6372a1b11',49140,2052,1654041137,1654041137);
INSERT INTO player_score VALUES('63aa44db1',75,'2f98c8366','27ae98981',351726,2281,1654038565,1654038565);
INSERT INTO player_score VALUES('62a2c4c86',75,'2f98c8366','2ef4b6445',28200,2117,1654010935,1654010935);
INSERT INTO player_score VALUES('63744a79a',75,'2f98c8366','3929e4dc0',60424,2103,1654032905,1654032905);
INSERT INTO player_score VALUES('5e2e820d2',75,'2f98c8366','3bd4f90b5',8649,1767,1653891370,1653891370);
INSERT INTO player_score VALUES('56ba0d990',75,'2f98c8366','3c5cdf0f8',16146,1591,1653691254,1653691254);
INSERT INTO player_score VALUES('59dce0121',75,'2f98c8366','4103de18a',360000,1708,1653775436,1653775436);
INSERT INTO player_score VALUES('636b2a10d',75,'2f98c8366','42aa1197b',223944,2041,1654031948,1654031948);
INSERT INTO player_score VALUES('63ae83471',75,'2f98c8366','553d1b9d5',61074,2014,1654039010,1654039010);
INSERT INTO player_score VALUES('63a582991',75,'2f98c8366','5761209b2',95680,2058,1654038066,1654038066);
INSERT INTO player_score VALUES('630bee2d1',75,'2f98c8366','5aa9ad3ff',21240,2059,1654021962,1654021962);
INSERT INTO player_score VALUES('63580d79a',75,'2f98c8366','5b63f7af0',183610,2165,1654029944,1654029944);
INSERT INTO player_score VALUES('6391b8a8f',75,'2f98c8366','5cb275915',40572,2007,1654035991,1654035991);
INSERT INTO player_score VALUES('63c3e9c97',75,'2f98c8366','6372a1b11',24570,2084,1654041254,1654041254);
INSERT INTO player_score VALUES('581b1f598',75,'2fb337c83','27ae98981',29406,1887,1653728276,1653728276);
INSERT INTO player_score VALUES('637cebf33',75,'2fb337c83','2ef4b6445',29450,2156,1654033810,1654033810);
INSERT INTO player_score VALUES('632d40762',75,'2fb337c83','3929e4dc0',33264,2097,1654025456,1654025456);
INSERT INTO player_score VALUES('5b90cf2be',75,'2fb337c83','3bd4f90b5',71176,1633,1653821147,1653821147);
INSERT INTO player_score VALUES('6398289c9',75,'2fb337c83','42aa1197b',104975,2058,1654036666,1654036666);
INSERT INTO player_score VALUES('5551e372e',75,'2fb337c83','5152654c4',39368,1515,1653653488,1653653488);
INSERT INTO player_score VALUES('633138112',75,'2fb337c83','5761209b2',3332,1982,1654025872,1654025872);
INSERT INTO player_score VALUES('626cc7fd3',75,'2fb337c83','58f0ab4fa',29939,1887,1654005274,1654005274);
INSERT INTO player_score VALUES('63571e387',75,'2fb337c83','5aa9ad3ff',230,2141,1654029846,1654029846);
INSERT INTO player_score VALUES('632466d58',75,'2fb337c83','5b63f7af0',20976,2111,1654024528,1654024528);
INSERT INTO player_score VALUES('63582d363',75,'2fb337c83','5cb275915',28050,1944,1654029957,1654029957);
INSERT INTO player_score VALUES('63c5afe5b',75,'2fb337c83','6372a1b11',274626,2128,1654041440,1654041440);
INSERT INTO player_score VALUES('5cb8bc01f',75,'3071553a6','27ae98981',534798,2054,1653852177,1653852177);
INSERT INTO player_score VALUES('61eeafb80',75,'3071553a6','3bd4f90b5',1288,1946,1653992052,1653992052);
INSERT INTO player_score VALUES('517e5c2bb',75,'3071553a6','3c5cdf0f8',306240,1272,1653550777,1653550777);
INSERT INTO player_score VALUES('57a6adc47',75,'3071553a6','4103de18a',4290,1551,1653716066,1653716066);
INSERT INTO player_score VALUES('60058e714',75,'3071553a6','42aa1197b',2940,1851,1653940763,1653940763);
INSERT INTO player_score VALUES('558bd7df8',75,'3071553a6','5152654c4',334800,1605,1653659565,1653659565);
INSERT INTO player_score VALUES('636536a2b',75,'3071553a6','5761209b2',5700,2020,1654031324,1654031324);
INSERT INTO player_score VALUES('62842cbfa',75,'3071553a6','58f0ab4fa',35742,1903,1654007727,1654007727);
INSERT INTO player_score VALUES('625f5f5e2',75,'3071553a6','5aa9ad3ff',248976,1909,1654003868,1654003868);
INSERT INTO player_score VALUES('62f3adab9',75,'3071553a6','5b63f7af0',85120,2065,1654019419,1654019419);
INSERT INTO player_score VALUES('63b0ad7a8',75,'3071553a6','5cb275915',7038,2048,1654039237,1654039237);
INSERT INTO player_score VALUES('63c341548',75,'3071553a6','6372a1b11',0,2064,1654041185,1654041185);
INSERT INTO player_score VALUES('602a2d6dc',75,'3083e1c42','27ae98981',31892,2160,1653944603,1653944603);
INSERT INTO player_score VALUES('61c163093',75,'3083e1c42','2ef4b6445',11468,2082,1653987302,1653987302);
INSERT INTO player_score VALUES('61cdfc253',75,'3083e1c42','3929e4dc0',22050,2030,1653988623,1653988623);
INSERT INTO player_score VALUES('61f599bb7',75,'3083e1c42','3bd4f90b5',105600,1948,1653992777,1653992777);
INSERT INTO player_score VALUES('55f16b4b2',75,'3083e1c42','3c5cdf0f8',816,1545,1653670216,1653670216);
INSERT INTO player_score VALUES('585a17ef2',75,'3083e1c42','4103de18a',275600,1591,1653734879,1653734879);
INSERT INTO player_score VALUES('636b53909',75,'3083e1c42','42aa1197b',20900,2042,1654031965,1654031965);
INSERT INTO player_score VALUES('554148f7d',75,'3083e1c42','5152654c4',49856,1485,1653651747,1653651747);
INSERT INTO player_score VALUES('63155f2d1',75,'3083e1c42','5761209b2',185562,1967,1654022952,1654022952);
INSERT INTO player_score VALUES('630440d7b',75,'3083e1c42','58f0ab4fa',120744,2012,1654021157,1654021157);
INSERT INTO player_score VALUES('632aecbd2',75,'3083e1c42','5aa9ad3ff',50048,2100,1654025212,1654025212);
INSERT INTO player_score VALUES('63b0cd37d',75,'3083e1c42','5b63f7af0',165900,2258,1654039250,1654039250);
INSERT INTO player_score VALUES('63b10cb09',75,'3083e1c42','5cb275915',23436,2050,1654039276,1654039276);
INSERT INTO player_score VALUES('63c1d0b17',75,'3083e1c42','6372a1b11',635835,2021,1654041034,1654041034);
INSERT INTO player_score VALUES('60c8d4a99',75,'31034fd62','27ae98981',66528,2183,1653961239,1653961239);
INSERT INTO player_score VALUES('611c24c76',75,'31034fd62','2ef4b6445',529200,2062,1653969975,1653969975);
INSERT INTO player_score VALUES('6330ec660',75,'31034fd62','3929e4dc0',324720,2098,1654025841,1654025841);
INSERT INTO player_score VALUES('6380cb295',75,'31034fd62','3bd4f90b5',46575,2028,1654034216,1654034216);
INSERT INTO player_score VALUES('56eb14e0b',75,'31034fd62','3c5cdf0f8',64800,1612,1653696395,1653696395);
INSERT INTO player_score VALUES('599dbdf0c',75,'31034fd62','4103de18a',220088,1688,1653768816,1653768816);
INSERT INTO player_score VALUES('6175c5210',75,'31034fd62','42aa1197b',87120,1932,1653979373,1653979373);
INSERT INTO player_score VALUES('554c3e248',75,'31034fd62','5152654c4',190820,1504,1653652896,1653652896);
INSERT INTO player_score VALUES('626d16206',75,'31034fd62','553d1b9d5',222300,1842,1654005306,1654005306);
INSERT INTO player_score VALUES('61c3eee50',75,'31034fd62','5761209b2',20880,1749,1653987569,1653987569);
INSERT INTO player_score VALUES('638f2f3ed',75,'31034fd62','58f0ab4fa',0,2115,1654035725,1654035725);
INSERT INTO player_score VALUES('62b263cf3',75,'31034fd62','5aa9ad3ff',58696,1992,1654012573,1654012573);
INSERT INTO player_score VALUES('63c22fe37',75,'31034fd62','6372a1b11',95200,2035,1654041073,1654041073);
INSERT INTO player_score VALUES('637df6152',75,'311d40762','27ae98981',35650,2274,1654033919,1654033919);
INSERT INTO player_score VALUES('62d0d4c7b',75,'311d40762','2ef4b6445',248976,2128,1654015765,1654015765);
INSERT INTO player_score VALUES('6296ccd45',75,'311d40762','3929e4dc0',13160,2075,1654009680,1654009680);
INSERT INTO player_score VALUES('62b5b7dd6',75,'311d40762','3bd4f90b5',6320,1981,1654012922,1654012922);
INSERT INTO player_score VALUES('56d2d1ed4',75,'311d40762','3c5cdf0f8',20176,1603,1653693851,1653693851);
INSERT INTO player_score VALUES('6112d86e5',75,'311d40762','42aa1197b',32240,1917,1653969000,1653969000);
INSERT INTO player_score VALUES('558944b41',75,'311d40762','5152654c4',327712,1602,1653659295,1653659295);
INSERT INTO player_score VALUES('632d53f98',75,'311d40762','553d1b9d5',5760,1938,1654025464,1654025464);
INSERT INTO player_score VALUES('63954c2e5',75,'311d40762','5761209b2',124200,2048,1654036366,1654036366);
INSERT INTO player_score VALUES('6389a9ab0',75,'311d40762','58f0ab4fa',12749,2112,1654035146,1654035146);
INSERT INTO player_score VALUES('62324869f',75,'311d40762','5aa9ad3ff',79920,1862,1653999140,1653999140);
INSERT INTO player_score VALUES('63b434cb9',75,'311d40762','5b63f7af0',21252,2262,1654039607,1654039607);
INSERT INTO player_score VALUES('62e257355',75,'311d40762','5cb275915',129456,1824,1654017601,1654017601);
INSERT INTO player_score VALUES('63c3f86eb',75,'311d40762','6372a1b11',5226,2085,1654041260,1654041260);
INSERT INTO player_score VALUES('62f693df3',75,'313e5a904','27ae98981',402948,2261,1654019723,1654019723);
INSERT INTO player_score VALUES('62096fdda',75,'313e5a904','2ef4b6445',95030,2092,1653994857,1653994857);
INSERT INTO player_score VALUES('618c2bfe9',75,'313e5a904','3bd4f90b5',6270,1923,1653981722,1653981722);
INSERT INTO player_score VALUES('5462d2468',75,'313e5a904','3c5cdf0f8',137588,1438,1653628420,1653628420);
INSERT INTO player_score VALUES('5a98a006e',75,'313e5a904','4103de18a',31122,1742,1653795123,1653795123);
INSERT INTO player_score VALUES('62cc63193',75,'313e5a904','42aa1197b',235340,2009,1654015299,1654015299);
INSERT INTO player_score VALUES('55919a7f4',75,'313e5a904','5152654c4',122543,1613,1653660169,1653660169);
INSERT INTO player_score VALUES('630da59eb',75,'313e5a904','553d1b9d5',644644,1923,1654022142,1654022142);
INSERT INTO player_score VALUES('6341b2d61',75,'313e5a904','5761209b2',215488,1994,1654027600,1654027600);
INSERT INTO player_score VALUES('63c72f2f1',75,'313e5a904','58f0ab4fa',6804,2148,1654041597,1654041597);
INSERT INTO player_score VALUES('631ba59bb',75,'313e5a904','5aa9ad3ff',72726,2083,1654023610,1654023610);
INSERT INTO player_score VALUES('63c04047d',75,'313e5a904','6372a1b11',169092,1976,1654040870,1654040870);
INSERT INTO player_score VALUES('636590f6b',75,'31c8d3cc8','27ae98981',110880,2272,1654031361,1654031361);
INSERT INTO player_score VALUES('6210b435f',75,'31c8d3cc8','2ef4b6445',24300,2095,1653995619,1653995619);
INSERT INTO player_score VALUES('623df98f6',75,'31c8d3cc8','3929e4dc0',66297,2060,1654000366,1654000366);
INSERT INTO player_score VALUES('607d4cb94',75,'31c8d3cc8','3bd4f90b5',269620,1876,1653953319,1653953319);
INSERT INTO player_score VALUES('56caddceb',75,'31c8d3cc8','3c5cdf0f8',127204,1599,1653693017,1653693017);
INSERT INTO player_score VALUES('595224ef5',75,'31c8d3cc8','4103de18a',60475,1668,1653760889,1653760889);
INSERT INTO player_score VALUES('611187810',75,'31c8d3cc8','42aa1197b',32120,1916,1653968862,1653968862);
INSERT INTO player_score VALUES('558857e06',75,'31c8d3cc8','5152654c4',96390,1601,1653659198,1653659198);
INSERT INTO player_score VALUES('6326762ba',75,'31c8d3cc8','553d1b9d5',430,1936,1654024744,1654024744);
INSERT INTO player_score VALUES('63ba19959',75,'31c8d3cc8','5761209b2',4872,2075,1654040225,1654040225);
INSERT INTO player_score VALUES('63afc31a9',75,'31c8d3cc8','58f0ab4fa',32850,2130,1654039141,1654039141);
INSERT INTO player_score VALUES('62a06c35e',75,'31c8d3cc8','5aa9ad3ff',7875,1974,1654010689,1654010689);
INSERT INTO player_score VALUES('63c727dbf',75,'31c8d3cc8','5b63f7af0',1600,2275,1654041594,1654041594);
INSERT INTO player_score VALUES('63c1d31e9',75,'31c8d3cc8','6372a1b11',110124,2022,1654041035,1654041035);
INSERT INTO player_score VALUES('5d23b2d2d',75,'32dca6276','27ae98981',2880,2071,1653863393,1653863393);
INSERT INTO player_score VALUES('605bd5d77',75,'32dca6276','2ef4b6445',53578,2036,1653949810,1653949810);
INSERT INTO player_score VALUES('6102194d8',75,'32dca6276','3929e4dc0',17936,1997,1653967244,1653967244);
INSERT INTO player_score VALUES('6340a3d56',75,'32dca6276','3bd4f90b5',76560,2016,1654027489,1654027489);
INSERT INTO player_score VALUES('56b0535a8',75,'32dca6276','3c5cdf0f8',230496,1586,1653690234,1653690234);
INSERT INTO player_score VALUES('598e54a60',75,'32dca6276','4103de18a',33370,1684,1653767200,1653767200);
INSERT INTO player_score VALUES('632e62f8a',75,'32dca6276','42aa1197b',67673,2034,1654025575,1654025575);
INSERT INTO player_score VALUES('558be6887',75,'32dca6276','5152654c4',137144,1606,1653659571,1653659571);
INSERT INTO player_score VALUES('612dd8071',75,'32dca6276','553d1b9d5',89250,1654,1653971831,1653971831);
INSERT INTO player_score VALUES('62971fd62',75,'32dca6276','5761209b2',178622,1894,1654009714,1654009714);
INSERT INTO player_score VALUES('6363de62a',75,'32dca6276','58f0ab4fa',532000,2075,1654031183,1654031183);
INSERT INTO player_score VALUES('6295e2766',75,'32dca6276','5aa9ad3ff',19096,1961,1654009584,1654009584);
INSERT INTO player_score VALUES('62906df71',75,'32dca6276','5b63f7af0',41262,1976,1654009012,1654009012);
INSERT INTO player_score VALUES('635b4dffc',75,'32dca6276','5cb275915',76032,1947,1654030285,1654030285);
INSERT INTO player_score VALUES('63be754db',75,'32dca6276','6372a1b11',121212,1939,1654040682,1654040682);
INSERT INTO player_score VALUES('5debd3c06',75,'32f358b43','27ae98981',17360,2099,1653884378,1653884378);
INSERT INTO player_score VALUES('5ed33c73a',75,'32f358b43','2ef4b6445',9240,1973,1653908643,1653908643);
INSERT INTO player_score VALUES('62083ead8',75,'32f358b43','3929e4dc0',127872,2052,1653994732,1653994732);
INSERT INTO player_score VALUES('623917940',75,'32f358b43','3bd4f90b5',140600,1961,1653999854,1653999854);
INSERT INTO player_score VALUES('4e76f9a0b',75,'32f358b43','3c5cdf0f8',19800,1082,1653469472,1653469472);
INSERT INTO player_score VALUES('5a4c1a2e5',75,'32f358b43','4103de18a',124839,1726,1653787099,1653787099);
INSERT INTO player_score VALUES('639115197',75,'32f358b43','42aa1197b',6474,2056,1654035924,1654035924);
INSERT INTO player_score VALUES('555cb6708',75,'32f358b43','5152654c4',185920,1526,1653654623,1653654623);
INSERT INTO player_score VALUES('63be3f9b2',75,'32f358b43','553d1b9d5',141960,2022,1654040660,1654040660);
INSERT INTO player_score VALUES('6207bfb8b',75,'32f358b43','5761209b2',7560,1805,1653994680,1653994680);
INSERT INTO player_score VALUES('635998fbc',75,'32f358b43','58f0ab4fa',221400,2069,1654030106,1654030106);
INSERT INTO player_score VALUES('632b13d10',75,'32f358b43','5aa9ad3ff',48256,2102,1654025228,1654025228);
INSERT INTO player_score VALUES('63ac14b50',75,'32f358b43','5b63f7af0',106260,2253,1654038755,1654038755);
INSERT INTO player_score VALUES('63916819f',75,'32f358b43','5cb275915',469920,2006,1654035958,1654035958);
INSERT INTO player_score VALUES('63c716c48',75,'32f358b43','6372a1b11',82992,2159,1654041587,1654041587);
INSERT INTO player_score VALUES('5ec2dc900',75,'333a47ddf','27ae98981',2640,2128,1653906926,1653906926);
INSERT INTO player_score VALUES('618adb13c',75,'333a47ddf','2ef4b6445',9180,2077,1653981584,1653981584);
INSERT INTO player_score VALUES('611a4644e',75,'333a47ddf','3929e4dc0',145200,2001,1653969779,1653969779);
INSERT INTO player_score VALUES('5f463fcfb',75,'333a47ddf','3bd4f90b5',300424,1818,1653920703,1653920703);
INSERT INTO player_score VALUES('549318ac6',75,'333a47ddf','3c5cdf0f8',0,1454,1653633482,1653633482);
INSERT INTO player_score VALUES('632fc76ca',75,'333a47ddf','42aa1197b',7104,2035,1654025721,1654025721);
INSERT INTO player_score VALUES('558f074c8',75,'333a47ddf','5152654c4',16185,1610,1653659899,1653659899);
INSERT INTO player_score VALUES('6364efd3e',75,'333a47ddf','553d1b9d5',458052,1967,1654031295,1654031295);
INSERT INTO player_score VALUES('63b1dc33a',75,'333a47ddf','5761209b2',96768,2070,1654039361,1654039361);
INSERT INTO player_score VALUES('6324a64dc',75,'333a47ddf','5aa9ad3ff',12870,2094,1654024554,1654024554);
INSERT INTO player_score VALUES('63841300d',75,'333a47ddf','5b63f7af0',40320,2215,1654034560,1654034560);
INSERT INTO player_score VALUES('63c5f6afe',75,'333a47ddf','6372a1b11',124320,2137,1654041469,1654041469);
INSERT INTO player_score VALUES('60b3dc061',75,'347179651','27ae98981',10800,2176,1653959040,1653959040);
INSERT INTO player_score VALUES('62611bb43',75,'347179651','2ef4b6445',0,2104,1654004050,1654004050);
INSERT INTO player_score VALUES('58961e278',75,'347179651','3929e4dc0',124956,1624,1653741173,1653741173);
INSERT INTO player_score VALUES('5e612fb06',75,'347179651','3bd4f90b5',0,1782,1653896684,1653896684);
INSERT INTO player_score VALUES('5a36a502d',75,'347179651','4103de18a',2436,1721,1653784849,1653784849);
INSERT INTO player_score VALUES('5ffeb09fb',75,'347179651','42aa1197b',35235,1849,1653940043,1653940043);
INSERT INTO player_score VALUES('558576944',75,'347179651','5152654c4',146452,1598,1653658896,1653658896);
INSERT INTO player_score VALUES('6260d75a9',75,'347179651','553d1b9d5',149952,1833,1654004022,1654004022);
INSERT INTO player_score VALUES('638b80dd2',75,'347179651','5761209b2',34320,2042,1654035339,1654035339);
INSERT INTO player_score VALUES('630f55c08',75,'347179651','58f0ab4fa',204732,2020,1654022319,1654022319);
INSERT INTO player_score VALUES('631c619d7',75,'347179651','5aa9ad3ff',36064,2085,1654023687,1654023687);
INSERT INTO player_score VALUES('6362fdc4c',75,'347179651','5b63f7af0',115805,2184,1654031091,1654031091);
INSERT INTO player_score VALUES('63aeb8fa8',75,'347179651','5cb275915',147840,2045,1654039032,1654039032);
INSERT INTO player_score VALUES('63c4f3eac',75,'347179651','6372a1b11',19488,2111,1654041363,1654041363);
INSERT INTO player_score VALUES('61e797502',75,'3532007f5','27ae98981',168480,2221,1653991308,1653991308);
INSERT INTO player_score VALUES('62899c5dc',75,'3532007f5','2ef4b6445',234600,2112,1654008297,1654008297);
INSERT INTO player_score VALUES('5dbc24b45',75,'3532007f5','3929e4dc0',42189,1850,1653879378,1653879378);
INSERT INTO player_score VALUES('621f68dc8',75,'3532007f5','3bd4f90b5',585,1954,1653997161,1653997161);
INSERT INTO player_score VALUES('55a101589',75,'3532007f5','3c5cdf0f8',40185,1516,1653661784,1653661784);
INSERT INTO player_score VALUES('586f88388',75,'3532007f5','4103de18a',51030,1598,1653737127,1653737127);
INSERT INTO player_score VALUES('5ba6a5fe3',75,'3532007f5','42aa1197b',1224,1586,1653823437,1653823437);
INSERT INTO player_score VALUES('55623e78b',75,'3532007f5','5152654c4',189216,1535,1653655203,1653655203);
INSERT INTO player_score VALUES('6356400b7',75,'3532007f5','553d1b9d5',3520,1959,1654029755,1654029755);
INSERT INTO player_score VALUES('6253bf4af',75,'3532007f5','5761209b2',10512,1848,1654002649,1654002649);
INSERT INTO player_score VALUES('636464a94',75,'3532007f5','58f0ab4fa',1225,2076,1654031238,1654031238);
INSERT INTO player_score VALUES('63419316a',75,'3532007f5','5aa9ad3ff',247104,2123,1654027587,1654027587);
INSERT INTO player_score VALUES('63b5d8b8c',75,'3532007f5','5b63f7af0',8670,2263,1654039779,1654039779);
INSERT INTO player_score VALUES('63b820361',75,'3532007f5','5cb275915',28320,2063,1654040018,1654040018);
INSERT INTO player_score VALUES('63c5b9a66',75,'3532007f5','6372a1b11',1638,2129,1654041444,1654041444);
INSERT INTO player_score VALUES('6312cc008',75,'36df9f6b1','27ae98981',1428,2263,1654022682,1654022682);
INSERT INTO player_score VALUES('63a1aab4f',75,'36df9f6b1','2ef4b6445',4032,2162,1654037663,1654037663);
INSERT INTO player_score VALUES('62b43b009',75,'36df9f6b1','3929e4dc0',87360,2078,1654012766,1654012766);
INSERT INTO player_score VALUES('63ba039aa',75,'36df9f6b1','3bd4f90b5',29988,2042,1654040216,1654040216);
INSERT INTO player_score VALUES('5941c9e67',75,'36df9f6b1','4103de18a',667945,1660,1653759174,1653759174);
INSERT INTO player_score VALUES('5f3a12237',75,'36df9f6b1','42aa1197b',49680,1795,1653919426,1653919426);
INSERT INTO player_score VALUES('5562c4baf',75,'36df9f6b1','5152654c4',284832,1537,1653655258,1653655258);
INSERT INTO player_score VALUES('633029126',75,'36df9f6b1','553d1b9d5',55776,1941,1654025761,1654025761);
INSERT INTO player_score VALUES('631dcaec9',75,'36df9f6b1','5761209b2',179424,1973,1654023835,1654023835);
INSERT INTO player_score VALUES('628cfa305',75,'36df9f6b1','58f0ab4fa',34816,1909,1654008650,1654008650);
INSERT INTO player_score VALUES('633a11b29',75,'36df9f6b1','5aa9ad3ff',65170,2117,1654026800,1654026800);
INSERT INTO player_score VALUES('63a0156d1',75,'36df9f6b1','5b63f7af0',276000,2245,1654037497,1654037497);
INSERT INTO player_score VALUES('627564952',75,'36df9f6b1','5cb275915',166896,1716,1654006177,1654006177);
INSERT INTO player_score VALUES('612eb150b',75,'36e4c5c65','27ae98981',10220,2202,1653971920,1653971920);
INSERT INTO player_score VALUES('62c6a07bf',75,'36e4c5c65','2ef4b6445',31234,2125,1654014695,1654014695);
INSERT INTO player_score VALUES('61e9e6240',75,'36e4c5c65','3929e4dc0',10640,2042,1653991550,1653991550);
INSERT INTO player_score VALUES('5d272df1d',75,'36e4c5c65','3bd4f90b5',13230,1725,1653863758,1653863758);
INSERT INTO player_score VALUES('62a90b3eb',75,'36e4c5c65','42aa1197b',32208,2001,1654011593,1654011593);
INSERT INTO player_score VALUES('5562d847e',75,'36e4c5c65','5152654c4',124754,1539,1653655266,1653655266);
INSERT INTO player_score VALUES('636527f78',75,'36e4c5c65','553d1b9d5',17020,1968,1654031318,1654031318);
INSERT INTO player_score VALUES('623472978',75,'36e4c5c65','5761209b2',15708,1829,1653999367,1653999367);
INSERT INTO player_score VALUES('6367570b5',75,'36e4c5c65','58f0ab4fa',23660,2079,1654031547,1654031547);
INSERT INTO player_score VALUES('632294841',75,'36e4c5c65','5aa9ad3ff',670464,2091,1654024337,1654024337);
INSERT INTO player_score VALUES('63246e270',75,'36e4c5c65','5b63f7af0',24140,2112,1654024531,1654024531);
INSERT INTO player_score VALUES('63b7c36e9',75,'36e4c5c65','5cb275915',610236,2061,1654039980,1654039980);
INSERT INTO player_score VALUES('63c68b9b8',75,'36e4c5c65','6372a1b11',88608,2145,1654041530,1654041530);
INSERT INTO player_score VALUES('5adbad8c9',75,'37697ed5a','27ae98981',72345,1991,1653802154,1653802154);
INSERT INTO player_score VALUES('5d91ad1fe',75,'37697ed5a','2ef4b6445',146160,1912,1653874925,1653874925);
INSERT INTO player_score VALUES('61b3bfd66',75,'37697ed5a','3929e4dc0',414720,2025,1653985872,1653985872);
INSERT INTO player_score VALUES('627243ce2',75,'37697ed5a','3bd4f90b5',104832,1971,1654005849,1654005849);
INSERT INTO player_score VALUES('567f3fe1e',75,'37697ed5a','3c5cdf0f8',8366,1576,1653685088,1653685088);
INSERT INTO player_score VALUES('5822eed99',75,'37697ed5a','4103de18a',220545,1577,1653729095,1653729095);
INSERT INTO player_score VALUES('6284a462d',75,'37697ed5a','42aa1197b',2820,1989,1654007776,1654007776);
INSERT INTO player_score VALUES('55507eff7',75,'37697ed5a','5152654c4',59290,1512,1653653342,1653653342);
INSERT INTO player_score VALUES('63bf49b7d',75,'37697ed5a','5761209b2',193050,2078,1654040769,1654040769);
INSERT INTO player_score VALUES('62d55a014',75,'37697ed5a','58f0ab4fa',100920,1981,1654016239,1654016239);
INSERT INTO player_score VALUES('63b9ba5c7',75,'37697ed5a','5b63f7af0',429225,2266,1654040186,1654040186);
INSERT INTO player_score VALUES('63bfb51f5',75,'37697ed5a','5cb275915',6720,2072,1654040813,1654040813);
INSERT INTO player_score VALUES('63c71e1cb',75,'37697ed5a','6372a1b11',53760,2160,1654041590,1654041590);
INSERT INTO player_score VALUES('62c1a8848',75,'386e5f804','27ae98981',144976,2248,1654014174,1654014174);
INSERT INTO player_score VALUES('600d73ea2',75,'386e5f804','2ef4b6445',171600,2025,1653941591,1653941591);
INSERT INTO player_score VALUES('5cf1b4fc7',75,'386e5f804','3929e4dc0',636768,1810,1653858151,1653858151);
INSERT INTO player_score VALUES('63556936d',75,'386e5f804','3bd4f90b5',186004,2019,1654029667,1654029667);
INSERT INTO player_score VALUES('5718ccf77',75,'386e5f804','3c5cdf0f8',19344,1620,1653701189,1653701189);
INSERT INTO player_score VALUES('5914ba42b',75,'386e5f804','4103de18a',72128,1642,1653754449,1653754449);
INSERT INTO player_score VALUES('62a92d68e',75,'386e5f804','42aa1197b',79050,2002,1654011607,1654011607);
INSERT INTO player_score VALUES('6385ad2b5',75,'386e5f804','5761209b2',24288,2036,1654034728,1654034728);
INSERT INTO player_score VALUES('63c2855b4',75,'386e5f804','58f0ab4fa',100880,2146,1654041108,1654041108);
INSERT INTO player_score VALUES('635912b40',75,'386e5f804','5b63f7af0',12136,2167,1654030051,1654030051);
INSERT INTO player_score VALUES('638bdb336',75,'386e5f804','5cb275915',54612,1995,1654035376,1654035376);
INSERT INTO player_score VALUES('63c2150a8',75,'386e5f804','6372a1b11',118456,2031,1654041062,1654041062);
INSERT INTO player_score VALUES('5e1786413',75,'3913f810a','27ae98981',56580,2106,1653888960,1653888960);
INSERT INTO player_score VALUES('60530ad9d',75,'3913f810a','2ef4b6445',13064,2034,1653948888,1653948888);
INSERT INTO player_score VALUES('62e280b66',75,'3913f810a','3929e4dc0',13674,2085,1654017618,1654017618);
INSERT INTO player_score VALUES('5329dd171',75,'3913f810a','3c5cdf0f8',25575,1365,1653595604,1653595604);
INSERT INTO player_score VALUES('59d7d48c2',75,'3913f810a','4103de18a',5576,1705,1653774907,1653774907);
INSERT INTO player_score VALUES('61f8b8122',75,'3913f810a','42aa1197b',236880,1960,1653993104,1653993104);
INSERT INTO player_score VALUES('5564fd93b',75,'3913f810a','5152654c4',258552,1542,1653655491,1653655491);
INSERT INTO player_score VALUES('6388df0d3',75,'3913f810a','5761209b2',740,2038,1654035063,1654035063);
INSERT INTO player_score VALUES('62a274386',75,'3913f810a','58f0ab4fa',54720,1936,1654010902,1654010902);
INSERT INTO player_score VALUES('632352f06',75,'3913f810a','5aa9ad3ff',142506,2093,1654024415,1654024415);
INSERT INTO player_score VALUES('6397d80d9',75,'3913f810a','5b63f7af0',260924,2236,1654036633,1654036633);
INSERT INTO player_score VALUES('62e223ed0',75,'3913f810a','5cb275915',101520,1823,1654017580,1654017580);
INSERT INTO player_score VALUES('63b16be55',75,'3913f810a','6372a1b11',73950,1618,1654039315,1654039315);
INSERT INTO player_score VALUES('5c5b0ba3c',75,'391ef9745','27ae98981',639900,2040,1653842353,1653842353);
INSERT INTO player_score VALUES('629a6f020',75,'391ef9745','2ef4b6445',284400,2116,1654010061,1654010061);
INSERT INTO player_score VALUES('60cdcca0b',75,'391ef9745','3929e4dc0',73656,1987,1653961760,1653961760);
INSERT INTO player_score VALUES('62c735678',75,'391ef9745','3bd4f90b5',38016,1986,1654014756,1654014756);
INSERT INTO player_score VALUES('55e0348d4',75,'391ef9745','3c5cdf0f8',15400,1536,1653668411,1653668411);
INSERT INTO player_score VALUES('593f4cb5e',75,'391ef9745','4103de18a',307840,1659,1653758913,1653758913);
INSERT INTO player_score VALUES('5b7cc0e82',75,'391ef9745','42aa1197b',2924,1574,1653819044,1653819044);
INSERT INTO player_score VALUES('5595d40a5',75,'391ef9745','5152654c4',75816,1616,1653660612,1653660612);
INSERT INTO player_score VALUES('6357f784d',75,'391ef9745','553d1b9d5',680,1961,1654029935,1654029935);
INSERT INTO player_score VALUES('63a61c66f',75,'391ef9745','5761209b2',9114,2060,1654038129,1654038129);
INSERT INTO player_score VALUES('62aa2b548',75,'391ef9745','58f0ab4fa',169750,1940,1654011711,1654011711);
INSERT INTO player_score VALUES('63c61b529',75,'391ef9745','5b63f7af0',125460,2274,1654041484,1654041484);
INSERT INTO player_score VALUES('62f18fad8',75,'391ef9745','5cb275915',32775,1842,1654019197,1654019197);
INSERT INTO player_score VALUES('63c681dac',75,'391ef9745','6372a1b11',56595,2144,1654041526,1654041526);
INSERT INTO player_score VALUES('616abedb0',75,'3a5d4ab94','27ae98981',4959,2209,1653978217,1653978217);
INSERT INTO player_score VALUES('603209295',75,'3a5d4ab94','2ef4b6445',31304,2030,1653945427,1653945427);
INSERT INTO player_score VALUES('62dc8861c',75,'3a5d4ab94','3929e4dc0',68250,2084,1654016992,1654016992);
INSERT INTO player_score VALUES('608085ee7',75,'3a5d4ab94','3bd4f90b5',193536,1877,1653953657,1653953657);
INSERT INTO player_score VALUES('56b59e58c',75,'3a5d4ab94','3c5cdf0f8',26496,1589,1653690789,1653690789);
INSERT INTO player_score VALUES('5930cb53a',75,'3a5d4ab94','4103de18a',151470,1652,1653757392,1653757392);
INSERT INTO player_score VALUES('6330131e7',75,'3a5d4ab94','42aa1197b',7548,2036,1654025752,1654025752);
INSERT INTO player_score VALUES('555602202',75,'3a5d4ab94','5152654c4',47520,1519,1653653920,1653653920);
INSERT INTO player_score VALUES('60c99317c',75,'3a5d4ab94','553d1b9d5',46150,1614,1653961317,1653961317);
INSERT INTO player_score VALUES('63376fde9',75,'3a5d4ab94','5761209b2',14952,1986,1654026524,1654026524);
INSERT INTO player_score VALUES('63b6b2038',75,'3a5d4ab94','58f0ab4fa',0,2137,1654039868,1654039868);
INSERT INTO player_score VALUES('622e0789c',75,'3a5d4ab94','5aa9ad3ff',3840,1858,1653998694,1653998694);
INSERT INTO player_score VALUES('63378d294',75,'3a5d4ab94','5b63f7af0',0,2128,1654026536,1654026536);
INSERT INTO player_score VALUES('63c5ef5d7',75,'3a5d4ab94','6372a1b11',58500,2136,1654041466,1654041466);
INSERT INTO player_score VALUES('62ceb1eb2',75,'3a5f21e64','27ae98981',112320,2252,1654015541,1654015541);
INSERT INTO player_score VALUES('6144fd55f',75,'3a5f21e64','2ef4b6445',1596,2064,1653974258,1653974258);
INSERT INTO player_score VALUES('61f99b21f',75,'3a5f21e64','3929e4dc0',584100,2047,1653993197,1653993197);
INSERT INTO player_score VALUES('56b07f511',75,'3a5f21e64','3c5cdf0f8',136323,1587,1653690252,1653690252);
INSERT INTO player_score VALUES('5f652fbce',75,'3a5f21e64','42aa1197b',126960,1805,1653923947,1653923947);
INSERT INTO player_score VALUES('54a4dd05c',75,'3a5f21e64','5152654c4',333396,1268,1653635345,1653635345);
INSERT INTO player_score VALUES('63755498a',75,'3a5f21e64','553d1b9d5',122672,1977,1654033014,1654033014);
INSERT INTO player_score VALUES('632f63514',75,'3a5f21e64','5aa9ad3ff',0,2109,1654025680,1654025680);
INSERT INTO player_score VALUES('638d61d3c',75,'3a5f21e64','5cb275915',88064,1997,1654035536,1654035536);
INSERT INTO player_score VALUES('63c4887ca',75,'3a5f21e64','6372a1b11',153300,2097,1654041319,1654041319);
INSERT INTO player_score VALUES('617445d0d',75,'3a5f293cb','27ae98981',412128,2210,1653979216,1653979216);
INSERT INTO player_score VALUES('6283ba007',75,'3a5f293cb','2ef4b6445',284592,2111,1654007680,1654007680);
INSERT INTO player_score VALUES('62c8a8808',75,'3a5f293cb','3929e4dc0',44800,2081,1654014908,1654014908);
INSERT INTO player_score VALUES('5ebb8e71f',75,'3a5f293cb','3bd4f90b5',272160,1799,1653906160,1653906160);
INSERT INTO player_score VALUES('56a85cca8',75,'3a5f293cb','3c5cdf0f8',9922,1582,1653689399,1653689399);
INSERT INTO player_score VALUES('56464e3e2',75,'3a5f293cb','4103de18a',156,1463,1653679117,1653679117);
INSERT INTO player_score VALUES('627126291',75,'3a5f293cb','42aa1197b',22724,1984,1654005732,1654005732);
INSERT INTO player_score VALUES('5596ad50b',75,'3a5f293cb','5152654c4',67184,1618,1653660701,1653660701);
INSERT INTO player_score VALUES('62619aaaa',75,'3a5f293cb','5761209b2',129,1855,1654004102,1654004102);
INSERT INTO player_score VALUES('62d9c9433',75,'3a5f293cb','58f0ab4fa',27650,1983,1654016704,1654016704);
INSERT INTO player_score VALUES('62f8db5ea',75,'3a5f293cb','5aa9ad3ff',19608,2042,1654019962,1654019962);
INSERT INTO player_score VALUES('61f2433ee',75,'3a5f293cb','5b63f7af0',396900,1802,1653992427,1653992427);
INSERT INTO player_score VALUES('63bb150ed',75,'3a5f293cb','5cb275915',27492,2067,1654040328,1654040328);
INSERT INTO player_score VALUES('63c12f8c5',75,'3a5f293cb','6372a1b11',61200,2002,1654040968,1654040968);
INSERT INTO player_score VALUES('5d5ffaf38',75,'3a761661f','27ae98981',67640,2083,1653869714,1653869714);
INSERT INTO player_score VALUES('637eaab9f',75,'3a761661f','2ef4b6445',415856,2157,1654033993,1654033993);
INSERT INTO player_score VALUES('606df6f4f',75,'3a761661f','3929e4dc0',12540,1973,1653951711,1653951711);
INSERT INTO player_score VALUES('62bbfe4c9',75,'3a761661f','3bd4f90b5',37440,1985,1654013580,1654013580);
INSERT INTO player_score VALUES('5516a3003',75,'3a761661f','3c5cdf0f8',116850,1489,1653647275,1653647275);
INSERT INTO player_score VALUES('59820e8d4',75,'3a761661f','4103de18a',62436,1680,1653765913,1653765913);
INSERT INTO player_score VALUES('6308d4ba2',75,'3a761661f','42aa1197b',794430,2023,1654021637,1654021637);
INSERT INTO player_score VALUES('6206eb578',75,'3a761661f','553d1b9d5',15048,1778,1653994593,1653994593);
INSERT INTO player_score VALUES('636ffd696',75,'3a761661f','5761209b2',94668,2023,1654032454,1654032454);
INSERT INTO player_score VALUES('63b783f75',75,'3a761661f','58f0ab4fa',13377,2138,1654039954,1654039954);
INSERT INTO player_score VALUES('629dc7f11',75,'3a761661f','5aa9ad3ff',38808,1971,1654010412,1654010412);
INSERT INTO player_score VALUES('63a110e78',75,'3a761661f','5b63f7af0',3300,2246,1654037600,1654037600);
INSERT INTO player_score VALUES('63be1af94',75,'3a761661f','5cb275915',5046,2070,1654040645,1654040645);
INSERT INTO player_score VALUES('63c4d90af',75,'3a761661f','6372a1b11',540000,2108,1654041352,1654041352);
INSERT INTO player_score VALUES('60f77c050',75,'3a83753c1','27ae98981',18720,2191,1653966131,1653966131);
INSERT INTO player_score VALUES('61f053a1a',75,'3a83753c1','2ef4b6445',172608,2088,1653992224,1653992224);
INSERT INTO player_score VALUES('62c9a8d85',75,'3a83753c1','3bd4f90b5',792,1987,1654015013,1654015013);
INSERT INTO player_score VALUES('5568bf80e',75,'3a83753c1','3c5cdf0f8',282408,1503,1653655885,1653655885);
INSERT INTO player_score VALUES('59e5afe9d',75,'3a83753c1','4103de18a',17024,1709,1653776360,1653776360);
INSERT INTO player_score VALUES('628d2b032',75,'3a83753c1','42aa1197b',8960,1992,1654008670,1654008670);
INSERT INTO player_score VALUES('5528def70',75,'3a83753c1','5152654c4',0,1457,1653649187,1653649187);
INSERT INTO player_score VALUES('63335d62c',75,'3a83753c1','553d1b9d5',7200,1945,1654026097,1654026097);
INSERT INTO player_score VALUES('6334f0365',75,'3a83753c1','5761209b2',202768,1984,1654026262,1654026262);
INSERT INTO player_score VALUES('6387622f2',75,'3a83753c1','58f0ab4fa',473121,2107,1654034907,1654034907);
INSERT INTO player_score VALUES('6254a9aab',75,'3a83753c1','5aa9ad3ff',113367,1901,1654002745,1654002745);
INSERT INTO player_score VALUES('63acae835',75,'3a83753c1','5b63f7af0',49140,2254,1654038818,1654038818);
INSERT INTO player_score VALUES('6144797fd',75,'3b3252d85','27ae98981',48552,2206,1653974204,1653974204);
INSERT INTO player_score VALUES('631acc52b',75,'3b3252d85','2ef4b6445',133400,2138,1654023521,1654023521);
INSERT INTO player_score VALUES('62644d91d',75,'3b3252d85','3bd4f90b5',271440,1969,1654004385,1654004385);
INSERT INTO player_score VALUES('56eb656c5',75,'3b3252d85','3c5cdf0f8',61272,1613,1653696428,1653696428);
INSERT INTO player_score VALUES('59f0dd3f1',75,'3b3252d85','4103de18a',445627,1711,1653777532,1653777532);
INSERT INTO player_score VALUES('60425cd69',75,'3b3252d85','42aa1197b',114000,1863,1653947139,1653947139);
INSERT INTO player_score VALUES('55926791c',75,'3b3252d85','5152654c4',456000,1614,1653660253,1653660253);
INSERT INTO player_score VALUES('61e1f46f2',75,'3b3252d85','553d1b9d5',229696,1753,1653990717,1653990717);
INSERT INTO player_score VALUES('625dc7aaf',75,'3b3252d85','5761209b2',98696,1853,1654003701,1654003701);
INSERT INTO player_score VALUES('6345af546',75,'3b3252d85','5aa9ad3ff',346896,2127,1654028018,1654028018);
INSERT INTO player_score VALUES('639cd9c95',75,'3b3252d85','5b63f7af0',93786,2241,1654037158,1654037158);
INSERT INTO player_score VALUES('6353d8d44',75,'3b3252d85','5cb275915',343332,1941,1654029503,1654029503);
INSERT INTO player_score VALUES('62d738868',75,'3e14d204c','27ae98981',3200,2254,1654016435,1654016435);
INSERT INTO player_score VALUES('5b9f270ff',75,'3e14d204c','2ef4b6445',4928,1838,1653822651,1653822651);
INSERT INTO player_score VALUES('637683553',75,'3e14d204c','3929e4dc0',2646,2104,1654033138,1654033138);
INSERT INTO player_score VALUES('62f6d8387',75,'3e14d204c','3bd4f90b5',133300,1999,1654019751,1654019751);
INSERT INTO player_score VALUES('56d8e78a6',75,'3e14d204c','3c5cdf0f8',554400,1608,1653694489,1653694489);
INSERT INTO player_score VALUES('595a73637',75,'3e14d204c','4103de18a',0,1670,1653761760,1653761760);
INSERT INTO player_score VALUES('619a509a1',75,'3e14d204c','42aa1197b',132480,1945,1653983205,1653983205);
INSERT INTO player_score VALUES('55766eede',75,'3e14d204c','5152654c4',24570,1569,1653657320,1653657320);
INSERT INTO player_score VALUES('639c1dcc7',75,'3e14d204c','553d1b9d5',349272,2008,1654037081,1654037081);
INSERT INTO player_score VALUES('638306753',75,'3e14d204c','5761209b2',695970,2035,1654034450,1654034450);
INSERT INTO player_score VALUES('6343014e0',75,'3e14d204c','58f0ab4fa',114816,2054,1654027737,1654027737);
INSERT INTO player_score VALUES('63169c8d1',75,'3e14d204c','5aa9ad3ff',430992,2075,1654023082,1654023082);
INSERT INTO player_score VALUES('63c5f4400',75,'3e14d204c','5b63f7af0',74800,2273,1654041468,1654041468);
INSERT INTO player_score VALUES('6271d10a6',75,'3e14d204c','5cb275915',78182,1710,1654005802,1654005802);
INSERT INTO player_score VALUES('63acae836',75,'3e14d204c','6372a1b11',68541,1510,1654038818,1654038818);
INSERT INTO player_score VALUES('639a5062c',75,'3e4bd681b','27ae98981',194832,2279,1654036892,1654036892);
INSERT INTO player_score VALUES('61c798619',75,'3e4bd681b','2ef4b6445',106260,2083,1653987953,1653987953);
INSERT INTO player_score VALUES('60558cf30',75,'3e4bd681b','3929e4dc0',480,1969,1653949151,1653949151);
INSERT INTO player_score VALUES('62fd545fb',75,'3e4bd681b','3bd4f90b5',1197,2002,1654020431,1654020431);
INSERT INTO player_score VALUES('5584d7e45',75,'3e4bd681b','3c5cdf0f8',19980,1507,1653658831,1653658831);
INSERT INTO player_score VALUES('53cc43c9b',75,'3e4bd681b','4103de18a',232576,1301,1653612633,1653612633);
INSERT INTO player_score VALUES('6313bdb0b',75,'3e4bd681b','42aa1197b',9752,2025,1654022781,1654022781);
INSERT INTO player_score VALUES('556e366e9',75,'3e4bd681b','5152654c4',67228,1555,1653656458,1653656458);
INSERT INTO player_score VALUES('63291f554',75,'3e4bd681b','5761209b2',216132,1978,1654025023,1654025023);
INSERT INTO player_score VALUES('62b29e67b',75,'3e4bd681b','58f0ab4fa',44200,1954,1654012597,1654012597);
INSERT INTO player_score VALUES('633e59e18',75,'3e4bd681b','5aa9ad3ff',6880,2121,1654027249,1654027249);
INSERT INTO player_score VALUES('63bdad1a7',75,'3e4bd681b','5b63f7af0',5576,2268,1654040600,1654040600);
INSERT INTO player_score VALUES('635f9d843',75,'3e4bd681b','5cb275915',15984,1951,1654030737,1654030737);
INSERT INTO player_score VALUES('63c276b3c',75,'3e4bd681b','6372a1b11',16200,2044,1654041102,1654041102);
INSERT INTO player_score VALUES('635ddc4a9',75,'3eda14144','27ae98981',3510,2271,1654030553,1654030553);
INSERT INTO player_score VALUES('6167ffbac',75,'3eda14144','2ef4b6445',92736,2072,1653977929,1653977929);
INSERT INTO player_score VALUES('63bc8340a',75,'3eda14144','3929e4dc0',459900,2113,1654040478,1654040478);
INSERT INTO player_score VALUES('56b36f449',75,'3eda14144','3c5cdf0f8',202368,1588,1653690560,1653690560);
INSERT INTO player_score VALUES('593479b6a',75,'3eda14144','4103de18a',330,1653,1653757778,1653757778);
INSERT INTO player_score VALUES('61617c408',75,'3eda14144','42aa1197b',8160,1928,1653977246,1653977246);
INSERT INTO player_score VALUES('5571d898e',75,'3eda14144','5152654c4',249645,1561,1653656839,1653656839);
INSERT INTO player_score VALUES('627c49b68',75,'3eda14144','553d1b9d5',81900,1854,1654006900,1654006900);
INSERT INTO player_score VALUES('6327a0073',75,'3eda14144','5761209b2',564975,1977,1654024866,1654024866);
INSERT INTO player_score VALUES('612e3c203',75,'3eda14144','58f0ab4fa',52535,1648,1653971872,1653971872);
INSERT INTO player_score VALUES('62d011773',75,'3eda14144','5aa9ad3ff',20398,2013,1654015685,1654015685);
INSERT INTO player_score VALUES('627586c4a',75,'3eda14144','5b63f7af0',51680,1931,1654006191,1654006191);
INSERT INTO player_score VALUES('63798bb4f',75,'3eda14144','5cb275915',2112,1977,1654033456,1654033456);
INSERT INTO player_score VALUES('63c43099f',75,'3eda14144','6372a1b11',44352,2092,1654041283,1654041283);
INSERT INTO player_score VALUES('5836a05c5',75,'3f10ef083','27ae98981',14620,1890,1653731160,1653731160);
INSERT INTO player_score VALUES('638e8e1ff',75,'3f10ef083','2ef4b6445',14964,2159,1654035659,1654035659);
INSERT INTO player_score VALUES('5d50ff800',75,'3f10ef083','3929e4dc0',94350,1824,1653868143,1653868143);
INSERT INTO player_score VALUES('54660909f',75,'3f10ef083','3c5cdf0f8',9728,1441,1653628757,1653628757);
INSERT INTO player_score VALUES('5a96c663d',75,'3f10ef083','4103de18a',249318,1740,1653794929,1653794929);
INSERT INTO player_score VALUES('6377e7c4c',75,'3f10ef083','42aa1197b',38130,2048,1654033284,1654033284);
INSERT INTO player_score VALUES('55999fb3d',75,'3f10ef083','5152654c4',1428,1622,1653661010,1653661010);
INSERT INTO player_score VALUES('63988563c',75,'3f10ef083','553d1b9d5',5330,2005,1654036704,1654036704);
INSERT INTO player_score VALUES('63a5a4c1f',75,'3f10ef083','5761209b2',401280,2059,1654038080,1654038080);
INSERT INTO player_score VALUES('6378bea20',75,'3f10ef083','58f0ab4fa',52260,2095,1654033372,1654033372);
INSERT INTO player_score VALUES('632c4ec01',75,'3f10ef083','5aa9ad3ff',203550,2106,1654025357,1654025357);
INSERT INTO player_score VALUES('62b6ce31c',75,'3f10ef083','5b63f7af0',2250,2008,1654013036,1654013036);
INSERT INTO player_score VALUES('637d7991b',75,'3f10ef083','5cb275915',13376,1983,1654033868,1654033868);
INSERT INTO player_score VALUES('63c6a8ecb',75,'3f10ef083','6372a1b11',15168,2150,1654041542,1654041542);
INSERT INTO player_score VALUES('634995dd4',75,'3fc9f9a4b','27ae98981',13728,2269,1654028427,1654028427);
INSERT INTO player_score VALUES('5fb1e1854',75,'3fc9f9a4b','3929e4dc0',529200,1945,1653931989,1653931989);
INSERT INTO player_score VALUES('6037d0a75',75,'3fc9f9a4b','3bd4f90b5',0,1860,1653946033,1653946033);
INSERT INTO player_score VALUES('56d663044',75,'3fc9f9a4b','3c5cdf0f8',21080,1605,1653694225,1653694225);
INSERT INTO player_score VALUES('59ac46a4e',75,'3fc9f9a4b','4103de18a',480,1695,1653770340,1653770340);
INSERT INTO player_score VALUES('557656836',75,'3fc9f9a4b','5152654c4',1653,1568,1653657310,1653657310);
INSERT INTO player_score VALUES('6399cc8be',75,'3fc9f9a4b','553d1b9d5',127300,2006,1654036838,1654036838);
INSERT INTO player_score VALUES('63bb26262',75,'3fc9f9a4b','5761209b2',92400,2076,1654040335,1654040335);
INSERT INTO player_score VALUES('6352c282a',75,'3fc9f9a4b','58f0ab4fa',207483,2064,1654029389,1654029389);
INSERT INTO player_score VALUES('61125e581',75,'3fc9f9a4b','5aa9ad3ff',6048,1566,1653968950,1653968950);
INSERT INTO player_score VALUES('62d666901',75,'3fc9f9a4b','5b63f7af0',45474,2036,1654016349,1654016349);
INSERT INTO player_score VALUES('62c124ac5',75,'3fc9f9a4b','5cb275915',372099,1794,1654014120,1654014120);
INSERT INTO player_score VALUES('63c385ae6',75,'3fc9f9a4b','6372a1b11',485384,2071,1654041213,1654041213);
INSERT INTO player_score VALUES('6356f4bb6',75,'429ef558a','2ef4b6445',19430,2151,1654029829,1654029829);
INSERT INTO player_score VALUES('5e3c7843b',75,'429ef558a','3bd4f90b5',816,1773,1653892834,1653892834);
INSERT INTO player_score VALUES('56c782699',75,'429ef558a','3c5cdf0f8',78300,1596,1653692665,1653692665);
INSERT INTO player_score VALUES('59ff96c57',75,'429ef558a','4103de18a',144666,1714,1653779076,1653779076);
INSERT INTO player_score VALUES('63ae1cb98',75,'429ef558a','553d1b9d5',112024,2013,1654038968,1654038968);
INSERT INTO player_score VALUES('62ad62137',75,'429ef558a','5761209b2',115362,1910,1654012048,1654012048);
INSERT INTO player_score VALUES('6396fc51a',75,'429ef558a','58f0ab4fa',4602,2118,1654036543,1654036543);
INSERT INTO player_score VALUES('62888fcbe',75,'429ef558a','5aa9ad3ff',288300,1949,1654008187,1654008187);
INSERT INTO player_score VALUES('6390bd346',75,'429ef558a','5b63f7af0',177684,2227,1654035888,1654035888);
INSERT INTO player_score VALUES('63c43f3e8',75,'429ef558a','5cb275915',55272,2076,1654041289,1654041289);
INSERT INTO player_score VALUES('63c4d42b1',75,'429ef558a','6372a1b11',288320,2106,1654041350,1654041350);
INSERT INTO player_score VALUES('57df6c235',75,'43e39940c','2ef4b6445',33712,1701,1653722016,1653722016);
INSERT INTO player_score VALUES('600b84514',75,'43e39940c','3929e4dc0',254800,1961,1653941388,1653941388);
INSERT INTO player_score VALUES('61659aeea',75,'43e39940c','3bd4f90b5',232155,1916,1653977678,1653977678);
INSERT INTO player_score VALUES('55c528b75',75,'43e39940c','3c5cdf0f8',206400,1524,1653665575,1653665575);
INSERT INTO player_score VALUES('5a44c4bdc',75,'43e39940c','4103de18a',0,1725,1653786330,1653786330);
INSERT INTO player_score VALUES('552fa1ec8',75,'43e39940c','5152654c4',97170,1467,1653649896,1653649896);
INSERT INTO player_score VALUES('62d66b74b',75,'43e39940c','553d1b9d5',473850,1894,1654016351,1654016351);
INSERT INTO player_score VALUES('635dd9d9f',75,'43e39940c','5761209b2',113216,2011,1654030552,1654030552);
INSERT INTO player_score VALUES('62fc5dca8',75,'43e39940c','58f0ab4fa',240800,2006,1654020330,1654020330);
INSERT INTO player_score VALUES('634f40131',75,'43e39940c','5aa9ad3ff',96831,2135,1654029021,1654029021);
INSERT INTO player_score VALUES('6332ed155',75,'43e39940c','5b63f7af0',51600,2121,1654026051,1654026051);
INSERT INTO player_score VALUES('63b20827f',75,'43e39940c','5cb275915',16376,2052,1654039379,1654039379);
INSERT INTO player_score VALUES('63bf362f4',75,'43e39940c','6372a1b11',19440,1955,1654040761,1654040761);
INSERT INTO player_score VALUES('5e696aa14',75,'43fd36e0e','27ae98981',5440,2118,1653897547,1653897547);
INSERT INTO player_score VALUES('5fa220518',75,'43fd36e0e','3929e4dc0',18954,1941,1653930337,1653930337);
INSERT INTO player_score VALUES('56dc651c0',75,'43fd36e0e','3c5cdf0f8',13585,1610,1653694855,1653694855);
INSERT INTO player_score VALUES('5658918c5',75,'43fd36e0e','4103de18a',158112,1470,1653681032,1653681032);
INSERT INTO player_score VALUES('61848ade6',75,'43fd36e0e','42aa1197b',12880,1938,1653980922,1653980922);
INSERT INTO player_score VALUES('557e1eb12',75,'43fd36e0e','5152654c4',23800,1583,1653658126,1653658126);
INSERT INTO player_score VALUES('63c0452be',75,'43fd36e0e','553d1b9d5',62370,2023,1654040872,1654040872);
INSERT INTO player_score VALUES('635c2e9aa',75,'43fd36e0e','5761209b2',37620,2009,1654030377,1654030377);
INSERT INTO player_score VALUES('62e84aa5c',75,'43fd36e0e','58f0ab4fa',263340,1992,1654018225,1654018225);
INSERT INTO player_score VALUES('63319c2b4',75,'43fd36e0e','5aa9ad3ff',42978,2111,1654025913,1654025913);
INSERT INTO player_score VALUES('6352c4f17',75,'43fd36e0e','5b63f7af0',577490,2154,1654029390,1654029390);
INSERT INTO player_score VALUES('63c151bb0',75,'43fd36e0e','6372a1b11',8662,2008,1654040982,1654040982);
INSERT INTO player_score VALUES('633f04cc5',75,'45d3ce14c','27ae98981',120384,2267,1654027319,1654027319);
INSERT INTO player_score VALUES('54f37bf5b',75,'45d3ce14c','2ef4b6445',10830,1584,1653643589,1653643589);
INSERT INTO player_score VALUES('625a257c2',75,'45d3ce14c','3929e4dc0',426000,2065,1654003320,1654003320);
INSERT INTO player_score VALUES('61c6cb4d8',75,'45d3ce14c','3bd4f90b5',29484,1938,1653987869,1653987869);
INSERT INTO player_score VALUES('571aed69b',75,'45d3ce14c','3c5cdf0f8',238260,1621,1653701412,1653701412);
INSERT INTO player_score VALUES('59900e893',75,'45d3ce14c','4103de18a',14405,1685,1653767381,1653767381);
INSERT INTO player_score VALUES('6297d6ee7',75,'45d3ce14c','42aa1197b',244305,1996,1654009789,1654009789);
INSERT INTO player_score VALUES('558f5f338',75,'45d3ce14c','5152654c4',62560,1611,1653659935,1653659935);
INSERT INTO player_score VALUES('6314bb9ae',75,'45d3ce14c','553d1b9d5',280800,1929,1654022885,1654022885);
INSERT INTO player_score VALUES('61ee751e0',75,'45d3ce14c','5761209b2',1596,1781,1653992028,1653992028);
INSERT INTO player_score VALUES('62b313958',75,'45d3ce14c','5aa9ad3ff',40986,1993,1654012645,1654012645);
INSERT INTO player_score VALUES('62ba976e8',75,'45d3ce14c','5b63f7af0',23226,2012,1654013433,1654013433);
INSERT INTO player_score VALUES('6326e8e73',75,'45d3ce14c','5cb275915',90300,1900,1654024791,1654024791);
INSERT INTO player_score VALUES('63c6c3c4f',75,'45d3ce14c','6372a1b11',603720,2153,1654041553,1654041553);
INSERT INTO player_score VALUES('62810e6a3',75,'48d07fca4','27ae98981',358848,2242,1654007400,1654007400);
INSERT INTO player_score VALUES('63565125e',75,'48d07fca4','3929e4dc0',64680,2100,1654029762,1654029762);
INSERT INTO player_score VALUES('61c529d86',75,'48d07fca4','3bd4f90b5',64350,1937,1653987698,1653987698);
INSERT INTO player_score VALUES('566333b69',75,'48d07fca4','3c5cdf0f8',80189,1568,1653682147,1653682147);
INSERT INTO player_score VALUES('570d69f02',75,'48d07fca4','4103de18a',2220,1518,1653699995,1653699995);
INSERT INTO player_score VALUES('63722a0f1',75,'48d07fca4','42aa1197b',3960,2044,1654032682,1654032682);
INSERT INTO player_score VALUES('556b32f2c',75,'48d07fca4','5152654c4',0,1552,1653656142,1653656142);
INSERT INTO player_score VALUES('63426ed01',75,'48d07fca4','553d1b9d5',35150,1951,1654027677,1654027677);
INSERT INTO player_score VALUES('63aa251d6',75,'48d07fca4','5761209b2',2046,2065,1654038552,1654038552);
INSERT INTO player_score VALUES('637c04054',75,'48d07fca4','58f0ab4fa',29584,2098,1654033715,1654033715);
INSERT INTO player_score VALUES('6263bd882',75,'48d07fca4','5aa9ad3ff',6552,1913,1654004326,1654004326);
INSERT INTO player_score VALUES('639dfc528',75,'48d07fca4','5b63f7af0',0,2243,1654037277,1654037277);
INSERT INTO player_score VALUES('63c727dc0',75,'48d07fca4','6372a1b11',179820,2161,1654041594,1654041594);
INSERT INTO player_score VALUES('555fe850e',75,'49b45ebc3','27ae98981',1128,1793,1653654958,1653654958);
INSERT INTO player_score VALUES('63be66ac0',75,'49b45ebc3','2ef4b6445',77760,2166,1654040676,1654040676);
INSERT INTO player_score VALUES('621d745fc',75,'49b45ebc3','3929e4dc0',3003,2056,1653996956,1653996956);
INSERT INTO player_score VALUES('639a3f48f',75,'49b45ebc3','3bd4f90b5',89182,2035,1654036885,1654036885);
INSERT INTO player_score VALUES('56baaebb4',75,'49b45ebc3','3c5cdf0f8',78120,1592,1653691320,1653691320);
INSERT INTO player_score VALUES('5a2d00bf4',75,'49b45ebc3','4103de18a',67925,1720,1653783838,1653783838);
INSERT INTO player_score VALUES('638376c4c',75,'49b45ebc3','42aa1197b',3657,2052,1654034496,1654034496);
INSERT INTO player_score VALUES('551fd961a',75,'49b45ebc3','5152654c4',4758,1442,1653648241,1653648241);
INSERT INTO player_score VALUES('6381b7fb9',75,'49b45ebc3','553d1b9d5',12831,1986,1654034313,1654034313);
INSERT INTO player_score VALUES('5dbe2f2e2',75,'49b45ebc3','5761209b2',27115,1073,1653879592,1653879592);
INSERT INTO player_score VALUES('630a1217e',75,'49b45ebc3','5aa9ad3ff',25584,2056,1654021767,1654021767);
INSERT INTO player_score VALUES('63bb87c8e',75,'49b45ebc3','5b63f7af0',264600,2267,1654040375,1654040375);
INSERT INTO player_score VALUES('62e848361',75,'49b45ebc3','5cb275915',269568,1832,1654018224,1654018224);
INSERT INTO player_score VALUES('62192c2ee',75,'4a2658002','27ae98981',234900,2227,1653996507,1653996507);
INSERT INTO player_score VALUES('5fb81e36d',75,'4a2658002','2ef4b6445',209950,2009,1653932643,1653932643);
INSERT INTO player_score VALUES('5e3ccdbb3',75,'4a2658002','3929e4dc0',1122,1871,1653892869,1653892869);
INSERT INTO player_score VALUES('62312fa55',75,'4a2658002','3bd4f90b5',399360,1957,1653999025,1653999025);
INSERT INTO player_score VALUES('56c86ccd7',75,'4a2658002','3c5cdf0f8',26726,1597,1653692761,1653692761);
INSERT INTO player_score VALUES('592b2fc4f',75,'4a2658002','4103de18a',52164,1651,1653756804,1653756804);
INSERT INTO player_score VALUES('629546357',75,'4a2658002','42aa1197b',44289,1994,1654009520,1654009520);
INSERT INTO player_score VALUES('558f6dd57',75,'4a2658002','5152654c4',4176,1612,1653659941,1653659941);
INSERT INTO player_score VALUES('637fa6352',75,'4a2658002','553d1b9d5',29070,1984,1654034096,1654034096);
INSERT INTO player_score VALUES('63b94a12c',75,'4a2658002','5761209b2',357000,2074,1654040140,1654040140);
INSERT INTO player_score VALUES('62857b3ad',75,'4a2658002','58f0ab4fa',4104,1906,1654007864,1654007864);
INSERT INTO player_score VALUES('62b1f866d',75,'4a2658002','5aa9ad3ff',499200,1990,1654012529,1654012529);
INSERT INTO player_score VALUES('63759b636',75,'4a2658002','5b63f7af0',79040,2200,1654033043,1654033043);
INSERT INTO player_score VALUES('63663e4bb',75,'4a2658002','5cb275915',234900,1957,1654031432,1654031432);
INSERT INTO player_score VALUES('63c4357ca',75,'4a2658002','6372a1b11',157500,2093,1654041285,1654041285);
INSERT INTO player_score VALUES('639ee442f',75,'4b29617b2','27ae98981',3500,2280,1654037372,1654037372);
INSERT INTO player_score VALUES('62fd6579d',75,'4b29617b2','2ef4b6445',6318,2132,1654020438,1654020438);
INSERT INTO player_score VALUES('62bf1553e',75,'4b29617b2','3929e4dc0',4720,2080,1654013904,1654013904);
INSERT INTO player_score VALUES('6068c6d05',75,'4b29617b2','3bd4f90b5',6675,1870,1653951167,1653951167);
INSERT INTO player_score VALUES('5710f1429',75,'4b29617b2','3c5cdf0f8',11088,1619,1653700365,1653700365);
INSERT INTO player_score VALUES('59012af3d',75,'4b29617b2','4103de18a',57600,1632,1653752398,1653752398);
INSERT INTO player_score VALUES('5a4e83da9',75,'4b29617b2','42aa1197b',194398,1488,1653787352,1653787352);
INSERT INTO player_score VALUES('55737c867',75,'4b29617b2','5152654c4',19090,1563,1653657011,1653657011);
INSERT INTO player_score VALUES('638db9b98',75,'4b29617b2','553d1b9d5',3212,1998,1654035572,1654035572);
INSERT INTO player_score VALUES('63a93849e',75,'4b29617b2','5761209b2',60588,2063,1654038455,1654038455);
INSERT INTO player_score VALUES('63341e44d',75,'4b29617b2','58f0ab4fa',140,2045,1654026176,1654026176);
INSERT INTO player_score VALUES('63558dd4b',75,'4b29617b2','5aa9ad3ff',54180,2138,1654029682,1654029682);
INSERT INTO player_score VALUES('62f7f84dc',75,'4b29617b2','5b63f7af0',169764,2074,1654019869,1654019869);
INSERT INTO player_score VALUES('63b4b3c0e',75,'4b29617b2','6372a1b11',462528,1712,1654039659,1654039659);
INSERT INTO player_score VALUES('528f71d8d',75,'4bfaf83e5','27ae98981',22750,1687,1653579412,1653579412);
INSERT INTO player_score VALUES('618f5417e',75,'4bfaf83e5','2ef4b6445',8840,2078,1653982053,1653982053);
INSERT INTO player_score VALUES('61b239336',75,'4bfaf83e5','3929e4dc0',627264,2024,1653985712,1653985712);
INSERT INTO player_score VALUES('62e597b6c',75,'4bfaf83e5','3bd4f90b5',167310,1993,1654017942,1654017942);
INSERT INTO player_score VALUES('56ace6e74',75,'4bfaf83e5','3c5cdf0f8',35328,1583,1653689875,1653689875);
INSERT INTO player_score VALUES('59dbe49aa',75,'4bfaf83e5','4103de18a',49950,1707,1653775333,1653775333);
INSERT INTO player_score VALUES('627a7c4bd',75,'4bfaf83e5','42aa1197b',98592,1988,1654006711,1654006711);
INSERT INTO player_score VALUES('5578fac88',75,'4bfaf83e5','5152654c4',156114,1574,1653657587,1653657587);
INSERT INTO player_score VALUES('63a6c7491',75,'4bfaf83e5','553d1b9d5',9280,2012,1654038199,1654038199);
INSERT INTO player_score VALUES('62aaa2f25',75,'4bfaf83e5','5761209b2',164475,1908,1654011760,1654011760);
INSERT INTO player_score VALUES('63b44ac1f',75,'4bfaf83e5','58f0ab4fa',42900,2133,1654039616,1654039616);
INSERT INTO player_score VALUES('6345e027c',75,'4bfaf83e5','5aa9ad3ff',171503,2130,1654028038,1654028038);
INSERT INTO player_score VALUES('634d07357',75,'4bfaf83e5','5b63f7af0',3180,2150,1654028788,1654028788);
INSERT INTO player_score VALUES('63c4fb37f',75,'4bfaf83e5','5cb275915',72688,2077,1654041366,1654041366);
INSERT INTO player_score VALUES('63c4db7d4',75,'4bfaf83e5','6372a1b11',8379,2109,1654041353,1654041353);
INSERT INTO player_score VALUES('6384e769b',75,'4cb56c336','27ae98981',102850,2276,1654034647,1654034647);
INSERT INTO player_score VALUES('623dfe70e',75,'4cb56c336','2ef4b6445',73000,2099,1654000368,1654000368);
INSERT INTO player_score VALUES('6200bd4de',75,'4cb56c336','3929e4dc0',42394,2048,1653993945,1653993945);
INSERT INTO player_score VALUES('631940cfe',75,'4cb56c336','3bd4f90b5',144720,2008,1654023359,1654023359);
INSERT INTO player_score VALUES('568ef4df8',75,'4cb56c336','3c5cdf0f8',34960,1579,1653686735,1653686735);
INSERT INTO player_score VALUES('53a6abc50',75,'4cb56c336','4103de18a',9360,1286,1653608691,1653608691);
INSERT INTO player_score VALUES('632c401ad',75,'4cb56c336','42aa1197b',100926,2033,1654025351,1654025351);
INSERT INTO player_score VALUES('5568f7a4d',75,'4cb56c336','5152654c4',593560,1546,1653655908,1653655908);
INSERT INTO player_score VALUES('63a1309fd',75,'4cb56c336','553d1b9d5',22250,2010,1654037613,1654037613);
INSERT INTO player_score VALUES('63151acde',75,'4cb56c336','5761209b2',28120,1966,1654022924,1654022924);
INSERT INTO player_score VALUES('636e8f31e',75,'4cb56c336','58f0ab4fa',118184,2088,1654032304,1654032304);
INSERT INTO player_score VALUES('6350f02fb',75,'4cb56c336','5aa9ad3ff',8512,2136,1654029198,1654029198);
INSERT INTO player_score VALUES('638c7c541',75,'4cb56c336','5b63f7af0',386152,2224,1654035442,1654035442);
INSERT INTO player_score VALUES('63c147f78',75,'4cb56c336','5cb275915',0,2074,1654040978,1654040978);
INSERT INTO player_score VALUES('63c3e0057',75,'4cb56c336','6372a1b11',64416,2081,1654041250,1654041250);
INSERT INTO player_score VALUES('62d0efa15',75,'4cf7a54f6','27ae98981',277400,2253,1654015776,1654015776);
INSERT INTO player_score VALUES('628d129a2',75,'4cf7a54f6','2ef4b6445',56763,2114,1654008660,1654008660);
INSERT INTO player_score VALUES('54d7c7aed',75,'4cf7a54f6','3929e4dc0',92800,1425,1653640684,1653640684);
INSERT INTO player_score VALUES('612241be4',75,'4cf7a54f6','3bd4f90b5',15504,1901,1653970616,1653970616);
INSERT INTO player_score VALUES('55e8fd1a8',75,'4cf7a54f6','3c5cdf0f8',77280,1542,1653669332,1653669332);
INSERT INTO player_score VALUES('59b1bb251',75,'4cf7a54f6','4103de18a',325360,1696,1653770912,1653770912);
INSERT INTO player_score VALUES('63a048b5f',75,'4cf7a54f6','42aa1197b',9207,2060,1654037518,1654037518);
INSERT INTO player_score VALUES('559d86413',75,'4cf7a54f6','5152654c4',29216,1627,1653661419,1653661419);
INSERT INTO player_score VALUES('6311d7dae',75,'4cf7a54f6','553d1b9d5',349125,1926,1654022582,1654022582);
INSERT INTO player_score VALUES('63b58a984',75,'4cf7a54f6','5761209b2',44676,2072,1654039747,1654039747);
INSERT INTO player_score VALUES('63bd02340',75,'4cf7a54f6','58f0ab4fa',5160,2142,1654040530,1654040530);
INSERT INTO player_score VALUES('631a21709',75,'4cf7a54f6','5b63f7af0',78660,2102,1654023451,1654023451);
INSERT INTO player_score VALUES('63c45a18d',75,'4cf7a54f6','6372a1b11',42570,2096,1654041300,1654041300);
INSERT INTO player_score VALUES('6176eef99',75,'4d6837ac8','27ae98981',32736,2211,1653979495,1653979495);
INSERT INTO player_score VALUES('5b1350b9e',75,'4d6837ac8','2ef4b6445',13310,1816,1653807988,1653807988);
INSERT INTO player_score VALUES('637c01957',75,'4d6837ac8','3929e4dc0',348600,2106,1654033714,1654033714);
INSERT INTO player_score VALUES('63a6a51db',75,'4d6837ac8','3bd4f90b5',48000,2038,1654038185,1654038185);
INSERT INTO player_score VALUES('55f3dc4c7',75,'4d6837ac8','3c5cdf0f8',8360,1547,1653670472,1653670472);
INSERT INTO player_score VALUES('5a6302737',75,'4d6837ac8','4103de18a',273735,1733,1653789501,1653789501);
INSERT INTO player_score VALUES('61efeaa8e',75,'4d6837ac8','42aa1197b',38448,1958,1653992181,1653992181);
INSERT INTO player_score VALUES('558b8750d',75,'4d6837ac8','5152654c4',121296,1604,1653659532,1653659532);
INSERT INTO player_score VALUES('631afd25c',75,'4d6837ac8','553d1b9d5',8294,1931,1654023541,1654023541);
INSERT INTO player_score VALUES('63777509f',75,'4d6837ac8','58f0ab4fa',43200,2093,1654033237,1654033237);
INSERT INTO player_score VALUES('62c55e395',75,'4d6837ac8','5b63f7af0',13110,2021,1654014563,1654014563);
INSERT INTO player_score VALUES('63c25e4b8',75,'4d6837ac8','5cb275915',85536,2075,1654041092,1654041092);
INSERT INTO player_score VALUES('63c01badb',75,'4d6837ac8','6372a1b11',141470,1973,1654040855,1654040855);
INSERT INTO player_score VALUES('6148c423f',75,'4d6be87dd','2ef4b6445',409464,2065,1653974654,1653974654);
INSERT INTO player_score VALUES('63c14314a',75,'4d6be87dd','3929e4dc0',112359,2114,1654040976,1654040976);
INSERT INTO player_score VALUES('614bdd975',75,'4d6be87dd','3bd4f90b5',17784,1909,1653974979,1653974979);
INSERT INTO player_score VALUES('561ef9e5b',75,'4d6be87dd','3c5cdf0f8',756,1554,1653674993,1653674993);
INSERT INTO player_score VALUES('5a3c76489',75,'4d6be87dd','4103de18a',0,1723,1653785459,1653785459);
INSERT INTO player_score VALUES('63738c0f8',75,'4d6be87dd','42aa1197b',0,2046,1654032827,1654032827);
INSERT INTO player_score VALUES('54d23ac9f',75,'4d6be87dd','5152654c4',327228,1329,1653640102,1653640102);
INSERT INTO player_score VALUES('626b26840',75,'4d6be87dd','553d1b9d5',36096,1841,1654005103,1654005103);
INSERT INTO player_score VALUES('63c06757e',75,'4d6be87dd','5761209b2',142416,2079,1654040886,1654040886);
INSERT INTO player_score VALUES('638e426d1',75,'4d6be87dd','58f0ab4fa',570392,2114,1654035628,1654035628);
INSERT INTO player_score VALUES('62171312e',75,'4d6be87dd','5aa9ad3ff',298716,1830,1653996287,1653996287);
INSERT INTO player_score VALUES('635a6fd3f',75,'4d6be87dd','5b63f7af0',9842,2168,1654030194,1654030194);
INSERT INTO player_score VALUES('63b2c4238',75,'4d6be87dd','5cb275915',12810,2054,1654039456,1654039456);
INSERT INTO player_score VALUES('63c5a6227',75,'4d6be87dd','6372a1b11',776160,2127,1654041436,1654041436);
INSERT INTO player_score VALUES('5c02b001d',75,'4d6db85ef','2ef4b6445',341040,1853,1653833088,1653833088);
INSERT INTO player_score VALUES('618613ece',75,'4d6db85ef','3929e4dc0',3115,2016,1653981083,1653981083);
INSERT INTO player_score VALUES('63797f7ea',75,'4d6db85ef','3bd4f90b5',227664,2027,1654033451,1654033451);
INSERT INTO player_score VALUES('56d6e1f9c',75,'4d6db85ef','3c5cdf0f8',3344,1606,1653694277,1653694277);
INSERT INTO player_score VALUES('5a97dcb76',75,'4d6db85ef','4103de18a',10350,1741,1653795043,1653795043);
INSERT INTO player_score VALUES('606ab66e2',75,'4d6db85ef','42aa1197b',22500,1869,1653951370,1653951370);
INSERT INTO player_score VALUES('553d5d8d7',75,'4d6db85ef','5152654c4',181116,1482,1653651336,1653651336);
INSERT INTO player_score VALUES('639315c78',75,'4d6db85ef','553d1b9d5',373824,2002,1654036134,1654036134);
INSERT INTO player_score VALUES('61b439e50',75,'4d6db85ef','5761209b2',23460,1742,1653985922,1653985922);
INSERT INTO player_score VALUES('6390d80c7',75,'4d6db85ef','58f0ab4fa',46728,2117,1654035899,1654035899);
INSERT INTO player_score VALUES('62d535640',75,'4d6db85ef','5aa9ad3ff',120736,2016,1654016224,1654016224);
INSERT INTO player_score VALUES('637c8569c',75,'4d6db85ef','5b63f7af0',15561,2207,1654033768,1654033768);
INSERT INTO player_score VALUES('633439200',75,'4d6db85ef','5cb275915',172608,1911,1654026187,1654026187);
INSERT INTO player_score VALUES('63bb01864',75,'4d6db85ef','6372a1b11',43624,1856,1654040320,1654040320);
INSERT INTO player_score VALUES('613ff6b62',75,'4d99d16c4','27ae98981',575960,2204,1653973731,1653973731);
INSERT INTO player_score VALUES('63a2818dc',75,'4d99d16c4','2ef4b6445',387072,2163,1654037751,1654037751);
INSERT INTO player_score VALUES('6026a88a7',75,'4d99d16c4','3929e4dc0',148896,1966,1653944234,1653944234);
INSERT INTO player_score VALUES('61a5ac4cd',75,'4d99d16c4','3bd4f90b5',376200,1929,1653984396,1653984396);
INSERT INTO player_score VALUES('565d033ae',75,'4d99d16c4','3c5cdf0f8',239324,1567,1653681498,1653681498);
INSERT INTO player_score VALUES('59b446fcf',75,'4d99d16c4','4103de18a',15288,1697,1653771179,1653771179);
INSERT INTO player_score VALUES('58ffbcbd1',75,'4d99d16c4','42aa1197b',20520,1397,1653752248,1653752248);
INSERT INTO player_score VALUES('5581bbfe1',75,'4d99d16c4','5152654c4',233618,1591,1653658505,1653658505);
INSERT INTO player_score VALUES('6299c8fce',75,'4d99d16c4','553d1b9d5',15045,1869,1654009993,1654009993);
INSERT INTO player_score VALUES('639538abc',75,'4d99d16c4','5761209b2',89100,2047,1654036358,1654036358);
INSERT INTO player_score VALUES('63522b258',75,'4d99d16c4','58f0ab4fa',37950,2063,1654029327,1654029327);
INSERT INTO player_score VALUES('6356d4fe4',75,'4d99d16c4','5aa9ad3ff',465,2140,1654029816,1654029816);
INSERT INTO player_score VALUES('6347952db',75,'4d99d16c4','5b63f7af0',125550,2143,1654028217,1654028217);
INSERT INTO player_score VALUES('63a9ecf71',75,'4d99d16c4','5cb275915',135102,2037,1654038529,1654038529);
INSERT INTO player_score VALUES('63c6d4def',75,'4d99d16c4','6372a1b11',14875,2155,1654041560,1654041560);
INSERT INTO player_score VALUES('635d930f5',75,'4f4878034','27ae98981',73470,2270,1654030523,1654030523);
INSERT INTO player_score VALUES('6071e73f5',75,'4f4878034','2ef4b6445',58650,2039,1653952124,1653952124);
INSERT INTO player_score VALUES('5fe2b7fb7',75,'4f4878034','3929e4dc0',73320,1952,1653937110,1653937110);
INSERT INTO player_score VALUES('62a1edf44',75,'4f4878034','3bd4f90b5',88800,1979,1654010847,1654010847);
INSERT INTO player_score VALUES('5492025bb',75,'4f4878034','3c5cdf0f8',111300,1453,1653633368,1653633368);
INSERT INTO player_score VALUES('5a5ac2a14',75,'4f4878034','4103de18a',14355,1729,1653788636,1653788636);
INSERT INTO player_score VALUES('55784afc5',75,'4f4878034','5152654c4',27090,1573,1653657515,1653657515);
INSERT INTO player_score VALUES('61a41e5d2',75,'4f4878034','553d1b9d5',0,1717,1653984233,1653984233);
INSERT INTO player_score VALUES('61f6c1272',75,'4f4878034','5761209b2',3864,1794,1653992898,1653992898);
INSERT INTO player_score VALUES('63adee5c8',75,'4f4878034','58f0ab4fa',0,2129,1654038949,1654038949);
INSERT INTO player_score VALUES('62f2ef41b',75,'4f4878034','5aa9ad3ff',8736,2035,1654019341,1654019341);
INSERT INTO player_score VALUES('633c8c759',75,'4f4878034','5b63f7af0',315153,2131,1654027060,1654027060);
INSERT INTO player_score VALUES('636e26391',75,'4f4878034','5cb275915',18768,1964,1654032261,1654032261);
INSERT INTO player_score VALUES('63bc8823d',75,'4f4878034','6372a1b11',20648,1892,1654040480,1654040480);
INSERT INTO player_score VALUES('62a77d4a3',75,'51adcbbb3','27ae98981',9680,2245,1654011430,1654011430);
INSERT INTO player_score VALUES('62a41345c',75,'51adcbbb3','2ef4b6445',347700,2118,1654011072,1654011072);
INSERT INTO player_score VALUES('61f5c3404',75,'51adcbbb3','3929e4dc0',51744,2045,1653992794,1653992794);
INSERT INTO player_score VALUES('6156033e0',75,'51adcbbb3','3bd4f90b5',10176,1912,1653976043,1653976043);
INSERT INTO player_score VALUES('56d7683d5',75,'51adcbbb3','3c5cdf0f8',144279,1607,1653694332,1653694332);
INSERT INTO player_score VALUES('589cb2bae',75,'51adcbbb3','4103de18a',210375,1612,1653741863,1653741863);
INSERT INTO player_score VALUES('63a9d21ba',75,'51adcbbb3','42aa1197b',93280,2062,1654038518,1654038518);
INSERT INTO player_score VALUES('54e9257d7',75,'51adcbbb3','5152654c4',10656,1362,1653642505,1653642505);
INSERT INTO player_score VALUES('63673c30e',75,'51adcbbb3','553d1b9d5',24534,1969,1654031536,1654031536);
INSERT INTO player_score VALUES('633f359f2',75,'51adcbbb3','5761209b2',7965,1991,1654027339,1654027339);
INSERT INTO player_score VALUES('624e1c6f2',75,'51adcbbb3','5aa9ad3ff',294840,1896,1654002058,1654002058);
INSERT INTO player_score VALUES('62b7bb01f',75,'51adcbbb3','5b63f7af0',0,2009,1654013133,1654013133);
INSERT INTO player_score VALUES('62d8f9bef',75,'51adcbbb3','5cb275915',172800,1815,1654016619,1654016619);
INSERT INTO player_score VALUES('6258d4942',75,'51ba49f59','27ae98981',33276,2234,1654003182,1654003182);
INSERT INTO player_score VALUES('633ac178d',75,'51ba49f59','2ef4b6445',228536,2146,1654026872,1654026872);
INSERT INTO player_score VALUES('61b136663',75,'51ba49f59','3929e4dc0',212160,2023,1653985606,1653985606);
INSERT INTO player_score VALUES('5f1c0f0a4',75,'51ba49f59','3bd4f90b5',12240,1811,1653916279,1653916279);
INSERT INTO player_score VALUES('553589285',75,'51ba49f59','3c5cdf0f8',129195,1494,1653650515,1653650515);
INSERT INTO player_score VALUES('5a79bebff',75,'51ba49f59','4103de18a',72360,1736,1653791885,1653791885);
INSERT INTO player_score VALUES('557a445f6',75,'51ba49f59','5152654c4',300656,1576,1653657722,1653657722);
INSERT INTO player_score VALUES('636facd83',75,'51ba49f59','553d1b9d5',135792,1972,1654032421,1654032421);
INSERT INTO player_score VALUES('63ae0e16b',75,'51ba49f59','5761209b2',92192,2068,1654038962,1654038962);
INSERT INTO player_score VALUES('6282d486d',75,'51ba49f59','58f0ab4fa',12320,1900,1654007586,1654007586);
INSERT INTO player_score VALUES('62d31eba7',75,'51ba49f59','5aa9ad3ff',197955,2014,1654016005,1654016005);
INSERT INTO player_score VALUES('63904a745',75,'51ba49f59','5b63f7af0',20672,2226,1654035841,1654035841);
INSERT INTO player_score VALUES('63b245330',75,'51ba49f59','5cb275915',38760,2053,1654039404,1654039404);
INSERT INTO player_score VALUES('632d84d12',75,'521e1746d','27ae98981',120,2265,1654025484,1654025484);
INSERT INTO player_score VALUES('60fc9b110',75,'521e1746d','2ef4b6445',19740,2057,1653966668,1653966668);
INSERT INTO player_score VALUES('58bd63e07',75,'521e1746d','3929e4dc0',9300,1631,1653745291,1653745291);
INSERT INTO player_score VALUES('59bcd27de',75,'521e1746d','4103de18a',539,1701,1653772075,1653772075);
INSERT INTO player_score VALUES('55613baec',75,'521e1746d','5152654c4',89280,1532,1653655097,1653655097);
INSERT INTO player_score VALUES('63b2e3e45',75,'521e1746d','553d1b9d5',304722,2019,1654039469,1654039469);
INSERT INTO player_score VALUES('63c343c4e',75,'521e1746d','5761209b2',5472,2081,1654041186,1654041186);
INSERT INTO player_score VALUES('63b927e0b',75,'521e1746d','58f0ab4fa',2628,2141,1654040126,1654040126);
INSERT INTO player_score VALUES('635b8d7a2',75,'521e1746d','5b63f7af0',31500,2169,1654030311,1654030311);
INSERT INTO player_score VALUES('63c622a3c',75,'521e1746d','5cb275915',4263,2079,1654041487,1654041487);
INSERT INTO player_score VALUES('63c301dea',75,'521e1746d','6372a1b11',672111,2058,1654041159,1654041159);
INSERT INTO player_score VALUES('55db21b76',75,'5235f3ae6','27ae98981',26980,1809,1653667879,1653667879);
INSERT INTO player_score VALUES('6360f5bf9',75,'5235f3ae6','2ef4b6445',2046,2152,1654030878,1654030878);
INSERT INTO player_score VALUES('6071f8560',75,'5235f3ae6','3929e4dc0',114810,1976,1653952131,1653952131);
INSERT INTO player_score VALUES('61bb48871',75,'5235f3ae6','3bd4f90b5',17200,1934,1653986662,1653986662);
INSERT INTO player_score VALUES('56ceda4fc',75,'5235f3ae6','3c5cdf0f8',428076,1601,1653693435,1653693435);
INSERT INTO player_score VALUES('5a104e8de',75,'5235f3ae6','4103de18a',93568,1717,1653780829,1653780829);
INSERT INTO player_score VALUES('637f18991',75,'5235f3ae6','42aa1197b',49500,2049,1654034038,1654034038);
INSERT INTO player_score VALUES('559e66dcc',75,'5235f3ae6','5152654c4',41664,1629,1653661511,1653661511);
INSERT INTO player_score VALUES('625c410a1',75,'5235f3ae6','553d1b9d5',173712,1829,1654003541,1654003541);
INSERT INTO player_score VALUES('631bc0792',75,'5235f3ae6','5761209b2',10452,1972,1654023621,1654023621);
INSERT INTO player_score VALUES('6283e384b',75,'5235f3ae6','58f0ab4fa',186300,1902,1654007697,1654007697);
INSERT INTO player_score VALUES('62a607c0c',75,'5235f3ae6','5aa9ad3ff',86640,1982,1654011277,1654011277);
INSERT INTO player_score VALUES('63877825d',75,'5235f3ae6','5b63f7af0',3900,2218,1654034916,1654034916);
INSERT INTO player_score VALUES('63c60f1aa',75,'5235f3ae6','5cb275915',349680,2078,1654041479,1654041479);
INSERT INTO player_score VALUES('63c5c0ff0',75,'5235f3ae6','6372a1b11',152456,2131,1654041447,1654041447);
INSERT INTO player_score VALUES('5f10c94f6',75,'52755f077','27ae98981',4200,2135,1653915097,1653915097);
INSERT INTO player_score VALUES('5f33fc89a',75,'52755f077','2ef4b6445',263169,1991,1653918788,1653918788);
INSERT INTO player_score VALUES('63c1a24b4',75,'52755f077','3929e4dc0',132704,2116,1654041015,1654041015);
INSERT INTO player_score VALUES('626baa584',75,'52755f077','3bd4f90b5',74700,1970,1654005157,1654005157);
INSERT INTO player_score VALUES('55fbbce6f',75,'52755f077','3c5cdf0f8',103200,1550,1653671298,1653671298);
INSERT INTO player_score VALUES('599b4cf12',75,'52755f077','4103de18a',272844,1686,1653768560,1653768560);
INSERT INTO player_score VALUES('631b94846',75,'52755f077','553d1b9d5',39984,1933,1654023603,1654023603);
INSERT INTO player_score VALUES('639d6764f',75,'52755f077','5761209b2',253116,2055,1654037216,1654037216);
INSERT INTO player_score VALUES('63c6b51ea',75,'52755f077','58f0ab4fa',51120,2147,1654041547,1654041547);
INSERT INTO player_score VALUES('62c89765f',75,'52755f077','5aa9ad3ff',259515,2006,1654014901,1654014901);
INSERT INTO player_score VALUES('63c2f333d',75,'52755f077','5b63f7af0',110880,2271,1654041153,1654041153);
INSERT INTO player_score VALUES('63b0b73dc',75,'52755f077','5cb275915',56160,2049,1654039241,1654039241);
INSERT INTO player_score VALUES('63c3db21b',75,'52755f077','6372a1b11',686280,2080,1654041248,1654041248);
INSERT INTO player_score VALUES('614097daa',75,'528ed8055','27ae98981',258390,2205,1653973797,1653973797);
INSERT INTO player_score VALUES('62b75205a',75,'528ed8055','2ef4b6445',82368,2123,1654013090,1654013090);
INSERT INTO player_score VALUES('5c076d672',75,'528ed8055','3929e4dc0',75950,1774,1653833585,1653833585);
INSERT INTO player_score VALUES('63a235de2',75,'528ed8055','3bd4f90b5',420693,2036,1654037720,1654037720);
INSERT INTO player_score VALUES('5680e15c0',75,'528ed8055','3c5cdf0f8',24300,1577,1653685259,1653685259);
INSERT INTO player_score VALUES('5a6466e05',75,'528ed8055','4103de18a',183122,1734,1653789647,1653789647);
INSERT INTO player_score VALUES('5520ed43c',75,'528ed8055','5152654c4',2820,1446,1653648354,1653648354);
INSERT INTO player_score VALUES('638134263',75,'528ed8055','553d1b9d5',7455,1985,1654034259,1654034259);
INSERT INTO player_score VALUES('62f9fde72',75,'528ed8055','58f0ab4fa',212784,2002,1654020081,1654020081);
INSERT INTO player_score VALUES('6345c06ec',75,'528ed8055','5aa9ad3ff',153032,2128,1654028025,1654028025);
INSERT INTO player_score VALUES('638744e3f',75,'528ed8055','5b63f7af0',24651,2217,1654034895,1654034895);
INSERT INTO player_score VALUES('60b6e1eea',75,'54ffbf9e6','27ae98981',93240,2177,1653959357,1653959357);
INSERT INTO player_score VALUES('606b1a889',75,'54ffbf9e6','2ef4b6445',126480,2038,1653951411,1653951411);
INSERT INTO player_score VALUES('5a4a31e6b',75,'54ffbf9e6','3929e4dc0',542376,1685,1653786899,1653786899);
INSERT INTO player_score VALUES('5c69bb65b',75,'54ffbf9e6','3bd4f90b5',75240,1684,1653843893,1653843893);
INSERT INTO player_score VALUES('5678e5eb8',75,'54ffbf9e6','3c5cdf0f8',88160,1574,1653684422,1653684422);
INSERT INTO player_score VALUES('5b0f172aa',75,'54ffbf9e6','42aa1197b',54033,1544,1653807545,1653807545);
INSERT INTO player_score VALUES('559c52a30',75,'54ffbf9e6','5152654c4',17430,1625,1653661293,1653661293);
INSERT INTO player_score VALUES('6364475ab',75,'54ffbf9e6','553d1b9d5',13104,1966,1654031226,1654031226);
INSERT INTO player_score VALUES('6388e1790',75,'54ffbf9e6','5761209b2',63936,2039,1654035064,1654035064);
INSERT INTO player_score VALUES('62a1da6a2',75,'54ffbf9e6','58f0ab4fa',243600,1935,1654010839,1654010839);
INSERT INTO player_score VALUES('632b18b0f',75,'54ffbf9e6','5aa9ad3ff',1890,2103,1654025230,1654025230);
INSERT INTO player_score VALUES('635fb37f8',75,'54ffbf9e6','5b63f7af0',42978,2176,1654030746,1654030746);
INSERT INTO player_score VALUES('63ab31ad8',75,'54ffbf9e6','5cb275915',147186,2040,1654038662,1654038662);
INSERT INTO player_score VALUES('63bf97d38',75,'54ffbf9e6','6372a1b11',145928,1968,1654040801,1654040801);
INSERT INTO player_score VALUES('5c2de1257',75,'561f40b2f','27ae98981',270864,2034,1653837617,1653837617);
INSERT INTO player_score VALUES('617f4c195',75,'561f40b2f','2ef4b6445',99360,2075,1653980372,1653980372);
INSERT INTO player_score VALUES('638b7e705',75,'561f40b2f','3929e4dc0',70518,2108,1654035338,1654035338);
INSERT INTO player_score VALUES('63a91fe03',75,'561f40b2f','3bd4f90b5',82992,2039,1654038445,1654038445);
INSERT INTO player_score VALUES('56afea5f1',75,'561f40b2f','3c5cdf0f8',234738,1584,1653690191,1653690191);
INSERT INTO player_score VALUES('628b319fd',75,'561f40b2f','42aa1197b',161476,1990,1654008463,1654008463);
INSERT INTO player_score VALUES('63bd553b7',75,'561f40b2f','553d1b9d5',42032,2021,1654040564,1654040564);
INSERT INTO player_score VALUES('63ae01e4e',75,'561f40b2f','5761209b2',118496,2067,1654038957,1654038957);
INSERT INTO player_score VALUES('63aaf7146',75,'561f40b2f','58f0ab4fa',87584,2126,1654038638,1654038638);
INSERT INTO player_score VALUES('6327e944b',75,'561f40b2f','5aa9ad3ff',36120,2095,1654024896,1654024896);
INSERT INTO player_score VALUES('63a1af971',75,'561f40b2f','5b63f7af0',556160,2247,1654037665,1654037665);
INSERT INTO player_score VALUES('63482055d',75,'561f40b2f','5cb275915',91732,1923,1654028274,1654028274);
INSERT INTO player_score VALUES('5f7ef1fdb',75,'564105b6b','27ae98981',14850,2146,1653926648,1653926648);
INSERT INTO player_score VALUES('61df48d73',75,'564105b6b','2ef4b6445',779000,2084,1653990437,1653990437);
INSERT INTO player_score VALUES('6073d466d',75,'564105b6b','3929e4dc0',31232,1977,1653952326,1653952326);
INSERT INTO player_score VALUES('6380eae8d',75,'564105b6b','3bd4f90b5',31744,2029,1654034229,1654034229);
INSERT INTO player_score VALUES('56f9210ef',75,'564105b6b','3c5cdf0f8',197800,1616,1653697868,1653697868);
INSERT INTO player_score VALUES('59b6edb20',75,'564105b6b','4103de18a',10164,1698,1653771457,1653771457);
INSERT INTO player_score VALUES('636ffd695',75,'564105b6b','42aa1197b',87986,2043,1654032454,1654032454);
INSERT INTO player_score VALUES('62289f443',75,'564105b6b','553d1b9d5',84825,1795,1653998127,1653998127);
INSERT INTO player_score VALUES('6314d8e59',75,'564105b6b','5761209b2',16800,1965,1654022897,1654022897);
INSERT INTO player_score VALUES('638f5651b',75,'564105b6b','58f0ab4fa',44957,2116,1654035741,1654035741);
INSERT INTO player_score VALUES('6335c70f3',75,'564105b6b','5aa9ad3ff',47250,2115,1654026350,1654026350);
INSERT INTO player_score VALUES('62ec312f6',75,'564105b6b','5cb275915',249600,1835,1654018634,1654018634);
INSERT INTO player_score VALUES('63c6b51ec',75,'564105b6b','6372a1b11',69782,2151,1654041547,1654041547);
INSERT INTO player_score VALUES('5c97ed92a',75,'56e1bebae','27ae98981',252,2048,1653848737,1653848737);
INSERT INTO player_score VALUES('6387b7a1c',75,'56e1bebae','2ef4b6445',12342,2158,1654034942,1654034942);
INSERT INTO player_score VALUES('5dbbbbb9d',75,'56e1bebae','3929e4dc0',87248,1849,1653879335,1653879335);
INSERT INTO player_score VALUES('60daaefc7',75,'56e1bebae','3bd4f90b5',84150,1884,1653963111,1653963111);
INSERT INTO player_score VALUES('54b131bfc',75,'56e1bebae','3c5cdf0f8',41760,1463,1653636638,1653636638);
INSERT INTO player_score VALUES('593be51df',75,'56e1bebae','4103de18a',14760,1658,1653758556,1653758556);
INSERT INTO player_score VALUES('631d3871b',75,'56e1bebae','42aa1197b',628660,2027,1654023775,1654023775);
INSERT INTO player_score VALUES('620c0099a',75,'56e1bebae','5761209b2',170280,1811,1653995126,1653995126);
INSERT INTO player_score VALUES('61d6bd564',75,'56e1bebae','58f0ab4fa',42075,1776,1653989541,1653989541);
INSERT INTO player_score VALUES('62dbd3b95',75,'56e1bebae','5aa9ad3ff',6370,2023,1654016918,1654016918);
INSERT INTO player_score VALUES('639b3fa2f',75,'56e1bebae','5b63f7af0',71944,2240,1654036990,1654036990);
INSERT INTO player_score VALUES('63b6e0615',75,'56e1bebae','5cb275915',62400,2060,1654039887,1654039887);
INSERT INTO player_score VALUES('63c38f74f',75,'56e1bebae','6372a1b11',451724,2073,1654041217,1654041217);
INSERT INTO player_score VALUES('60910a6dc',75,'573862ea4','27ae98981',14756,2169,1653955389,1653955389);
INSERT INTO player_score VALUES('6112dd4f0',75,'573862ea4','2ef4b6445',69300,2061,1653969002,1653969002);
INSERT INTO player_score VALUES('638ee6013',75,'573862ea4','3929e4dc0',0,2109,1654035695,1654035695);
INSERT INTO player_score VALUES('62183a7ac',75,'573862ea4','3bd4f90b5',455544,1952,1653996408,1653996408);
INSERT INTO player_score VALUES('5947f7f3b',75,'573862ea4','4103de18a',163800,1662,1653759822,1653759822);
INSERT INTO player_score VALUES('63bcdb26a',75,'573862ea4','42aa1197b',4995,2067,1654040514,1654040514);
INSERT INTO player_score VALUES('630feab28',75,'573862ea4','553d1b9d5',5828,1924,1654022380,1654022380);
INSERT INTO player_score VALUES('635afafcf',75,'573862ea4','5761209b2',43624,2006,1654030251,1654030251);
INSERT INTO player_score VALUES('636cedb77',75,'573862ea4','58f0ab4fa',38,2085,1654032133,1654032133);
INSERT INTO player_score VALUES('633462a1e',75,'573862ea4','5aa9ad3ff',104544,2113,1654026204,1654026204);
INSERT INTO player_score VALUES('63b21e209',75,'573862ea4','5b63f7af0',37604,2259,1654039388,1654039388);
INSERT INTO player_score VALUES('62c1be794',75,'573862ea4','5cb275915',19656,1796,1654014183,1654014183);
INSERT INTO player_score VALUES('63c67a893',75,'573862ea4','6372a1b11',185535,2143,1654041523,1654041523);
INSERT INTO player_score VALUES('633456679',75,'57d4859eb','27ae98981',33180,2266,1654026199,1654026199);
INSERT INTO player_score VALUES('63b314b5e',75,'57d4859eb','2ef4b6445',84099,2164,1654039489,1654039489);
INSERT INTO player_score VALUES('623afaf71',75,'57d4859eb','3929e4dc0',541440,2059,1654000052,1654000052);
INSERT INTO player_score VALUES('62e45cc59',75,'57d4859eb','3bd4f90b5',25344,1992,1654017813,1654017813);
INSERT INTO player_score VALUES('635addafb',75,'57d4859eb','42aa1197b',589498,2040,1654030239,1654030239);
INSERT INTO player_score VALUES('637c04053',75,'57d4859eb','553d1b9d5',8360,1982,1654033715,1654033715);
INSERT INTO player_score VALUES('63c301de9',75,'57d4859eb','5761209b2',63162,2080,1654041159,1654041159);
INSERT INTO player_score VALUES('630884269',75,'57d4859eb','58f0ab4fa',216,2015,1654021604,1654021604);
INSERT INTO player_score VALUES('627cf49b7',75,'57d4859eb','5aa9ad3ff',50430,1935,1654006970,1654006970);
INSERT INTO player_score VALUES('6220dbf68',75,'57d4859eb','5b63f7af0',3900,1851,1653997313,1653997313);
INSERT INTO player_score VALUES('637eaf9cc',75,'57d4859eb','5cb275915',133570,1984,1654033995,1654033995);
INSERT INTO player_score VALUES('63c43ccc5',75,'57d4859eb','6372a1b11',91676,2094,1654041288,1654041288);
INSERT INTO player_score VALUES('6250fdbae',75,'58013d5e9','2ef4b6445',182400,2102,1654002360,1654002360);
INSERT INTO player_score VALUES('5e5298549',75,'58013d5e9','3929e4dc0',313038,1880,1653895154,1653895154);
INSERT INTO player_score VALUES('63a34c30c',75,'58013d5e9','3bd4f90b5',105985,2037,1654037834,1654037834);
INSERT INTO player_score VALUES('62309843a',75,'58013d5e9','42aa1197b',214368,1972,1653998963,1653998963);
INSERT INTO player_score VALUES('63114f218',75,'58013d5e9','5761209b2',110112,1963,1654022526,1654022526);
INSERT INTO player_score VALUES('635a109ca',75,'58013d5e9','58f0ab4fa',61776,2070,1654030155,1654030155);
INSERT INTO player_score VALUES('631e2f047',75,'58013d5e9','5aa9ad3ff',192000,2088,1654023876,1654023876);
INSERT INTO player_score VALUES('63b0950d3',75,'58013d5e9','5b63f7af0',233280,2257,1654039227,1654039227);
INSERT INTO player_score VALUES('63b9711f9',75,'58013d5e9','5cb275915',22185,2065,1654040156,1654040156);
INSERT INTO player_score VALUES('63b2e8c2e',75,'58013d5e9','6372a1b11',353970,1665,1654039471,1654039471);
INSERT INTO player_score VALUES('61e35401a',75,'5960b4f10','27ae98981',238510,2220,1653990861,1653990861);
INSERT INTO player_score VALUES('6395fe676',75,'5960b4f10','2ef4b6445',46683,2161,1654036439,1654036439);
INSERT INTO player_score VALUES('5da253d27',75,'5960b4f10','3929e4dc0',51992,1842,1653876671,1653876671);
INSERT INTO player_score VALUES('6203aace9',75,'5960b4f10','3bd4f90b5',632610,1950,1653994252,1653994252);
INSERT INTO player_score VALUES('58ed721e3',75,'5960b4f10','4103de18a',23575,1628,1653750330,1653750330);
INSERT INTO player_score VALUES('6252c3d34',75,'5960b4f10','42aa1197b',196416,1976,1654002546,1654002546);
INSERT INTO player_score VALUES('639531575',75,'5960b4f10','553d1b9d5',285882,2003,1654036355,1654036355);
INSERT INTO player_score VALUES('6291b7903',75,'5960b4f10','5761209b2',264771,1888,1654009147,1654009147);
INSERT INTO player_score VALUES('63b1e387b',75,'5960b4f10','58f0ab4fa',188136,2131,1654039364,1654039364);
INSERT INTO player_score VALUES('6281ec939',75,'5960b4f10','5b63f7af0',14400,1954,1654007491,1654007491);
INSERT INTO player_score VALUES('634b8f3a7',75,'5960b4f10','5cb275915',48576,1930,1654028634,1654028634);
INSERT INTO player_score VALUES('63c6a67c8',75,'5960b4f10','6372a1b11',186900,2149,1654041541,1654041541);
INSERT INTO player_score VALUES('62f5b0d1d',75,'59854f145','27ae98981',418760,2260,1654019630,1654019630);
INSERT INTO player_score VALUES('634c01fb0',75,'59854f145','2ef4b6445',66066,2149,1654028681,1654028681);
INSERT INTO player_score VALUES('63b60e6f0',75,'59854f145','3929e4dc0',48576,2112,1654039801,1654039801);
INSERT INTO player_score VALUES('5a5e896b4',75,'59854f145','4103de18a',17340,1730,1653789032,1653789032);
INSERT INTO player_score VALUES('63bf33bcb',75,'59854f145','42aa1197b',321024,2068,1654040760,1654040760);
INSERT INTO player_score VALUES('61d6fa600',75,'59854f145','553d1b9d5',1386,1743,1653989566,1653989566);
INSERT INTO player_score VALUES('633a38c20',75,'59854f145','5761209b2',0,1988,1654026816,1654026816);
INSERT INTO player_score VALUES('62ec7f4d1',75,'59854f145','58f0ab4fa',2205,1994,1654018666,1654018666);
INSERT INTO player_score VALUES('633a5af30',75,'59854f145','5aa9ad3ff',87232,2118,1654026830,1654026830);
INSERT INTO player_score VALUES('6361db3df',75,'59854f145','5b63f7af0',129168,2179,1654030972,1654030972);
INSERT INTO player_score VALUES('637efb4fe',75,'59854f145','5cb275915',583020,1985,1654034026,1654034026);
INSERT INTO player_score VALUES('63c54476e',75,'59854f145','6372a1b11',23400,2118,1654041396,1654041396);
INSERT INTO player_score VALUES('61de59973',75,'5a0729413','27ae98981',76250,2219,1653990339,1653990339);
INSERT INTO player_score VALUES('610f4ea76',75,'5a0729413','2ef4b6445',151900,2060,1653968629,1653968629);
INSERT INTO player_score VALUES('62134284e',75,'5a0729413','3929e4dc0',356184,2054,1653995887,1653995887);
INSERT INTO player_score VALUES('612bf715b',75,'5a0729413','3bd4f90b5',217800,1903,1653971634,1653971634);
INSERT INTO player_score VALUES('5aa324e6a',75,'5a0729413','4103de18a',98280,1744,1653796226,1653796226);
INSERT INTO player_score VALUES('6105e01b0',75,'5a0729413','42aa1197b',259541,1911,1653967640,1653967640);
INSERT INTO player_score VALUES('63ae8d0b8',75,'5a0729413','553d1b9d5',57072,2015,1654039014,1654039014);
INSERT INTO player_score VALUES('603082864',75,'5a0729413','5761209b2',6624,1503,1653945267,1653945267);
INSERT INTO player_score VALUES('632937bc6',75,'5a0729413','58f0ab4fa',255360,2038,1654025033,1654025033);
INSERT INTO player_score VALUES('631287a41',75,'5a0729413','5aa9ad3ff',2256,2071,1654022654,1654022654);
INSERT INTO player_score VALUES('6380e8798',75,'5a0729413','5b63f7af0',103968,2211,1654034228,1654034228);
INSERT INTO player_score VALUES('63a213ace',75,'5a0729413','5cb275915',53125,2028,1654037706,1654037706);
INSERT INTO player_score VALUES('63c533637',75,'5a0729413','6372a1b11',213200,2116,1654041389,1654041389);
INSERT INTO player_score VALUES('5d4e76165',75,'5aa632265','27ae98981',69696,2079,1653867877,1653867877);
INSERT INTO player_score VALUES('6001b1a76',75,'5aa632265','2ef4b6445',1081,2022,1653940358,1653940358);
INSERT INTO player_score VALUES('631ac292f',75,'5aa632265','3929e4dc0',972,2094,1654023517,1654023517);
INSERT INTO player_score VALUES('631ef2575',75,'5aa632265','3bd4f90b5',91390,2009,1654023956,1654023956);
INSERT INTO player_score VALUES('617783e85',75,'5aa632265','42aa1197b',6800,1933,1653979556,1653979556);
INSERT INTO player_score VALUES('6387deb1b',75,'5aa632265','553d1b9d5',28520,1990,1654034958,1654034958);
INSERT INTO player_score VALUES('62952dcb6',75,'5aa632265','58f0ab4fa',84320,1921,1654009510,1654009510);
INSERT INTO player_score VALUES('627d0f76d',75,'5aa632265','5aa9ad3ff',9976,1937,1654006981,1654006981);
INSERT INTO player_score VALUES('636625e1d',75,'5aa632265','5b63f7af0',457520,2189,1654031422,1654031422);
INSERT INTO player_score VALUES('6390e4426',75,'5aa632265','5cb275915',27072,2004,1654035904,1654035904);
INSERT INTO player_score VALUES('63bb6cf0b',75,'5aa632265','6372a1b11',1460,1868,1654040364,1654040364);
INSERT INTO player_score VALUES('60da1a0ca',75,'5b08b0fbc','27ae98981',4275,2185,1653963050,1653963050);
INSERT INTO player_score VALUES('62a63fe74',75,'5b08b0fbc','2ef4b6445',353912,2119,1654011300,1654011300);
INSERT INTO player_score VALUES('63773f519',75,'5b08b0fbc','3929e4dc0',559399,2105,1654033215,1654033215);
INSERT INTO player_score VALUES('638dd4912',75,'5b08b0fbc','3bd4f90b5',83328,2031,1654035583,1654035583);
INSERT INTO player_score VALUES('63b2145be',75,'5b08b0fbc','553d1b9d5',40066,2017,1654039384,1654039384);
INSERT INTO player_score VALUES('638b41629',75,'5b08b0fbc','5761209b2',10185,2041,1654035313,1654035313);
INSERT INTO player_score VALUES('6248b90a5',75,'5b08b0fbc','58f0ab4fa',83904,1861,1654001493,1654001493);
INSERT INTO player_score VALUES('633bb8111',75,'5b08b0fbc','5aa9ad3ff',6956,2119,1654026973,1654026973);
INSERT INTO player_score VALUES('63c25484c',75,'5b08b0fbc','5b63f7af0',3713,2270,1654041088,1654041088);
INSERT INTO player_score VALUES('637666072',75,'5b08b0fbc','5cb275915',176528,1973,1654033126,1654033126);
INSERT INTO player_score VALUES('63bd41b0c',75,'5b08b0fbc','6372a1b11',603,1908,1654040556,1654040556);
INSERT INTO player_score VALUES('6204d98b9',75,'5bcad2405','27ae98981',62496,2224,1653994376,1653994376);
INSERT INTO player_score VALUES('63c196139',75,'5bcad2405','3929e4dc0',185328,2115,1654041010,1654041010);
INSERT INTO player_score VALUES('6372d011a',75,'5bcad2405','3bd4f90b5',2250,2024,1654032750,1654032750);
INSERT INTO player_score VALUES('629ceea7e',75,'5bcad2405','42aa1197b',35987,1997,1654010323,1654010323);
INSERT INTO player_score VALUES('63c415be5',75,'5bcad2405','553d1b9d5',139712,2027,1654041272,1654041272);
INSERT INTO player_score VALUES('62aefc3c2',75,'5bcad2405','5761209b2',68600,1912,1654012216,1654012216);
INSERT INTO player_score VALUES('62e51656e',75,'5bcad2405','58f0ab4fa',3634,1990,1654017889,1654017889);
INSERT INTO player_score VALUES('63110fa8e',75,'5bcad2405','5aa9ad3ff',20448,2070,1654022500,1654022500);
INSERT INTO player_score VALUES('6279a0910',75,'5bcad2405','5b63f7af0',0,1939,1654006621,1654006621);
INSERT INTO player_score VALUES('63a21fe13',75,'5bcad2405','5cb275915',185895,2029,1654037711,1654037711);
INSERT INTO player_score VALUES('63c666fee',75,'5bcad2405','6372a1b11',75348,2141,1654041515,1654041515);
INSERT INTO player_score VALUES('6320d3497',75,'5bff1eec5','2ef4b6445',2730,2140,1654024153,1654024153);
INSERT INTO player_score VALUES('6301c3a32',75,'5bff1eec5','3929e4dc0',248430,2088,1654020896,1654020896);
INSERT INTO player_score VALUES('6385a3665',75,'5bff1eec5','42aa1197b',16206,2053,1654034724,1654034724);
INSERT INTO player_score VALUES('633dbb361',75,'5bff1eec5','5761209b2',47652,1990,1654027184,1654027184);
INSERT INTO player_score VALUES('63bf29f87',75,'5bff1eec5','58f0ab4fa',140530,2144,1654040756,1654040756);
INSERT INTO player_score VALUES('636a6e154',75,'5bff1eec5','5b63f7af0',34200,2193,1654031871,1654031871);
INSERT INTO player_score VALUES('636241ca4',75,'5bff1eec5','5cb275915',2976,1955,1654031014,1654031014);
INSERT INTO player_score VALUES('63c4441d9',75,'5bff1eec5','6372a1b11',11178,2095,1654041291,1654041291);
INSERT INTO player_score VALUES('62e217b86',75,'5d1ac81ab','27ae98981',68040,2255,1654017575,1654017575);
INSERT INTO player_score VALUES('62cd4b04d',75,'5d1ac81ab','2ef4b6445',22372,2127,1654015394,1654015394);
INSERT INTO player_score VALUES('5fc475630',75,'5d1ac81ab','3929e4dc0',130032,1946,1653933937,1653933937);
INSERT INTO player_score VALUES('6306aa888',75,'5d1ac81ab','42aa1197b',159300,2022,1654021410,1654021410);
INSERT INTO player_score VALUES('6380119cb',75,'5d1ac81ab','5761209b2',98230,2032,1654034140,1654034140);
INSERT INTO player_score VALUES('63ab4c82b',75,'5d1ac81ab','5b63f7af0',47872,2251,1654038673,1654038673);
INSERT INTO player_score VALUES('63a4d0606',75,'5d1ac81ab','5cb275915',41760,2032,1654037993,1654037993);
INSERT INTO player_score VALUES('63c1542ca',75,'5d1ac81ab','6372a1b11',50116,2009,1654040983,1654040983);
INSERT INTO player_score VALUES('5e9151786',75,'5d691b64b','27ae98981',105840,2121,1653901731,1653901731);
INSERT INTO player_score VALUES('63562efa7',75,'5d691b64b','2ef4b6445',31050,2150,1654029748,1654029748);
INSERT INTO player_score VALUES('63af37f28',75,'5d691b64b','3929e4dc0',2442,2111,1654039084,1654039084);
INSERT INTO player_score VALUES('6399cc8bd',75,'5d691b64b','3bd4f90b5',135520,2033,1654036838,1654036838);
INSERT INTO player_score VALUES('610cdda97',75,'5d691b64b','42aa1197b',76440,1913,1653968373,1653968373);
INSERT INTO player_score VALUES('63a593aec',75,'5d691b64b','553d1b9d5',46800,2011,1654038073,1654038073);
INSERT INTO player_score VALUES('636d4f5f7',75,'5d691b64b','5761209b2',421848,2022,1654032173,1654032173);
INSERT INTO player_score VALUES('62a064e3c',75,'5d691b64b','58f0ab4fa',67392,1933,1654010686,1654010686);
INSERT INTO player_score VALUES('632f3eb3b',75,'5d691b64b','5aa9ad3ff',50008,2108,1654025665,1654025665);
INSERT INTO player_score VALUES('6390ee04a',75,'5d691b64b','5b63f7af0',8775,2228,1654035908,1654035908);
INSERT INTO player_score VALUES('63946922a',75,'5d691b64b','5cb275915',27160,2010,1654036273,1654036273);
INSERT INTO player_score VALUES('63bcaa51b',75,'5d691b64b','6372a1b11',255024,1895,1654040494,1654040494);
INSERT INTO player_score VALUES('5da28bfb4',75,'5eb528435','27ae98981',67200,2089,1653876694,1653876694);
INSERT INTO player_score VALUES('620cc65a9',75,'5eb528435','2ef4b6445',78300,2094,1653995207,1653995207);
INSERT INTO player_score VALUES('61d1e03a7',75,'5eb528435','3929e4dc0',19845,2031,1653989031,1653989031);
INSERT INTO player_score VALUES('632e6a4c4',75,'5eb528435','3bd4f90b5',99792,2014,1654025578,1654025578);
INSERT INTO player_score VALUES('62d2b82d0',75,'5eb528435','42aa1197b',82080,2011,1654015963,1654015963);
INSERT INTO player_score VALUES('63ba765d9',75,'5eb528435','553d1b9d5',4050,2020,1654040263,1654040263);
INSERT INTO player_score VALUES('631e5135d',75,'5eb528435','5761209b2',129504,1974,1654023890,1654023890);
INSERT INTO player_score VALUES('62b060af5',75,'5eb528435','58f0ab4fa',88536,1950,1654012362,1654012362);
INSERT INTO player_score VALUES('62462d2aa',75,'5eb528435','5aa9ad3ff',123975,1886,1654001226,1654001226);
INSERT INTO player_score VALUES('63b2e8c2b',75,'5eb528435','5b63f7af0',168168,2260,1654039471,1654039471);
INSERT INTO player_score VALUES('63ae28f02',75,'5eb528435','5cb275915',57408,2044,1654038973,1654038973);
INSERT INTO player_score VALUES('63c504fdc',75,'5eb528435','6372a1b11',24225,2113,1654041370,1654041370);
INSERT INTO player_score VALUES('6062a28d8',75,'5ee444d23','27ae98981',338580,2163,1653950523,1653950523);
INSERT INTO player_score VALUES('5f5b9a209',75,'5ee444d23','2ef4b6445',5434,1993,1653922942,1653922942);
INSERT INTO player_score VALUES('624299a3d',75,'5ee444d23','3929e4dc0',206976,2061,1654000851,1654000851);
INSERT INTO player_score VALUES('5f6bd7d5e',75,'5ee444d23','42aa1197b',28120,1809,1653924645,1653924645);
INSERT INTO player_score VALUES('6294c25f6',75,'5ee444d23','553d1b9d5',240,1866,1654009466,1654009466);
INSERT INTO player_score VALUES('63a73c792',75,'5ee444d23','5761209b2',14520,2061,1654038247,1654038247);
INSERT INTO player_score VALUES('62e31cf2f',75,'5ee444d23','58f0ab4fa',38016,1988,1654017682,1654017682);
INSERT INTO player_score VALUES('6345d8d97',75,'5ee444d23','5aa9ad3ff',1782,2129,1654028035,1654028035);
INSERT INTO player_score VALUES('634cec5e1',75,'5ee444d23','5b63f7af0',104663,2149,1654028777,1654028777);
INSERT INTO player_score VALUES('6343767b2',75,'5ee444d23','5cb275915',165360,1920,1654027785,1654027785);
INSERT INTO player_score VALUES('63ba6a266',75,'5ee444d23','6372a1b11',1020,1839,1654040258,1654040258);
INSERT INTO player_score VALUES('62355cfb2',75,'5ee4adca2','27ae98981',11552,2230,1653999463,1653999463);
INSERT INTO player_score VALUES('633822188',75,'5ee4adca2','2ef4b6445',48034,2143,1654026597,1654026597);
INSERT INTO player_score VALUES('5f12c51e7',75,'5ee4adca2','3bd4f90b5',336420,1810,1653915305,1653915305);
INSERT INTO player_score VALUES('61e0667d9',75,'5ee4adca2','42aa1197b',38269,1956,1653990554,1653990554);
INSERT INTO player_score VALUES('62e0037de',75,'5ee4adca2','553d1b9d5',56644,1904,1654017357,1654017357);
INSERT INTO player_score VALUES('6385af9ce',75,'5ee4adca2','5761209b2',34410,2037,1654034729,1654034729);
INSERT INTO player_score VALUES('6299eb2c1',75,'5ee4adca2','5aa9ad3ff',249900,1966,1654010007,1654010007);
INSERT INTO player_score VALUES('6315d45b2',75,'5ee4adca2','5b63f7af0',409728,2095,1654023000,1654023000);
INSERT INTO player_score VALUES('63bbc9b88',75,'5ee4adca2','5cb275915',29232,2068,1654040402,1654040402);
INSERT INTO player_score VALUES('63c2c25e6',75,'5ee4adca2','6372a1b11',0,2049,1654041133,1654041133);
INSERT INTO player_score VALUES('5e9fbf51a',75,'5efc7b8b4','27ae98981',112530,2122,1653903244,1653903244);
INSERT INTO player_score VALUES('62e2aa369',75,'5efc7b8b4','2ef4b6445',212784,2130,1654017635,1654017635);
INSERT INTO player_score VALUES('5e3dfc74a',75,'5efc7b8b4','3929e4dc0',24960,1873,1653892993,1653892993);
INSERT INTO player_score VALUES('60f0d8ce8',75,'5efc7b8b4','3bd4f90b5',255680,1890,1653965435,1653965435);
INSERT INTO player_score VALUES('630938d15',75,'5efc7b8b4','553d1b9d5',0,1921,1654021678,1654021678);
INSERT INTO player_score VALUES('63bba789e',75,'5efc7b8b4','5761209b2',320320,2077,1654040388,1654040388);
INSERT INTO player_score VALUES('637b51cd4',75,'5efc7b8b4','58f0ab4fa',34800,2097,1654033642,1654033642);
INSERT INTO player_score VALUES('632b0048e',75,'5efc7b8b4','5aa9ad3ff',316480,2101,1654025220,1654025220);
INSERT INTO player_score VALUES('63c2261ef',75,'5efc7b8b4','5b63f7af0',131008,2269,1654041069,1654041069);
INSERT INTO player_score VALUES('63b66da19',75,'5efc7b8b4','5cb275915',67080,2058,1654039840,1654039840);
INSERT INTO player_score VALUES('6376af489',75,'5ff49e7c6','27ae98981',201960,2273,1654033156,1654033156);
INSERT INTO player_score VALUES('625d91f3c',75,'5ff49e7c6','2ef4b6445',116622,2103,1654003679,1654003679);
INSERT INTO player_score VALUES('630805355',75,'5ff49e7c6','3929e4dc0',234060,2090,1654021552,1654021552);
INSERT INTO player_score VALUES('6377072e3',75,'5ff49e7c6','3bd4f90b5',178002,2026,1654033192,1654033192);
INSERT INTO player_score VALUES('639725d3b',75,'5ff49e7c6','42aa1197b',8442,2057,1654036560,1654036560);
INSERT INTO player_score VALUES('62d7de89e',75,'5ff49e7c6','553d1b9d5',170240,1897,1654016503,1654016503);
INSERT INTO player_score VALUES('63985e563',75,'5ff49e7c6','5761209b2',593560,2050,1654036688,1654036688);
INSERT INTO player_score VALUES('62732e2db',75,'5ff49e7c6','58f0ab4fa',50274,1892,1654005945,1654005945);
INSERT INTO player_score VALUES('6322d8df7',75,'5ff49e7c6','5aa9ad3ff',311576,2092,1654024365,1654024365);
INSERT INTO player_score VALUES('63b3765c3',75,'5ff49e7c6','5b63f7af0',39032,2261,1654039529,1654039529);
INSERT INTO player_score VALUES('630d948c9',75,'5ff49e7c6','5cb275915',75168,1874,1654022135,1654022135);
INSERT INTO player_score VALUES('63c21c5ef',75,'5ff49e7c6','6372a1b11',51750,2033,1654041065,1654041065);
INSERT INTO player_score VALUES('61276f6ce',75,'603dcdd95','27ae98981',484,2199,1653971159,1653971159);
INSERT INTO player_score VALUES('615581d8f',75,'603dcdd95','2ef4b6445',324558,2066,1653975990,1653975990);
INSERT INTO player_score VALUES('5fd09e309',75,'603dcdd95','3929e4dc0',519010,1949,1653935212,1653935212);
INSERT INTO player_score VALUES('5e5d7c6b1',75,'603dcdd95','3bd4f90b5',90160,1780,1653896296,1653896296);
INSERT INTO player_score VALUES('62f342446',75,'603dcdd95','42aa1197b',245098,2018,1654019375,1654019375);
INSERT INTO player_score VALUES('6360745e1',75,'603dcdd95','553d1b9d5',69498,1965,1654030825,1654030825);
INSERT INTO player_score VALUES('63161d9b6',75,'603dcdd95','5761209b2',16236,1969,1654023030,1654023030);
INSERT INTO player_score VALUES('62f62fc6f',75,'603dcdd95','58f0ab4fa',108446,1998,1654019682,1654019682);
INSERT INTO player_score VALUES('6318985c3',75,'603dcdd95','5aa9ad3ff',139019,2081,1654023290,1654023290);
INSERT INTO player_score VALUES('62ea355d8',75,'603dcdd95','5b63f7af0',38480,2059,1654018426,1654018426);
INSERT INTO player_score VALUES('63c586625',75,'603dcdd95','6372a1b11',37296,2123,1654041423,1654041423);
INSERT INTO player_score VALUES('63b0afe78',75,'60accd5e8','27ae98981',475456,2282,1654039238,1654039238);
INSERT INTO player_score VALUES('5de7fe4c6',75,'60accd5e8','2ef4b6445',7866,1926,1653883976,1653883976);
INSERT INTO player_score VALUES('60d66bad3',75,'60accd5e8','3929e4dc0',43993,1988,1653962664,1653962664);
INSERT INTO player_score VALUES('614d77c04',75,'60accd5e8','3bd4f90b5',22050,1910,1653975147,1653975147);
INSERT INTO player_score VALUES('63b01fe2b',75,'60accd5e8','42aa1197b',49104,2064,1654039179,1654039179);
INSERT INTO player_score VALUES('63b22f396',75,'60accd5e8','553d1b9d5',554400,2018,1654039395,1654039395);
INSERT INTO player_score VALUES('6340ad9ab',75,'60accd5e8','5761209b2',57564,1993,1654027493,1654027493);
INSERT INTO player_score VALUES('63888726a',75,'60accd5e8','58f0ab4fa',143956,2108,1654035027,1654035027);
INSERT INTO player_score VALUES('62cc4aa97',75,'60accd5e8','5aa9ad3ff',49572,2008,1654015289,1654015289);
INSERT INTO player_score VALUES('63c5b4c96',75,'60accd5e8','5b63f7af0',387849,2272,1654041442,1654041442);
INSERT INTO player_score VALUES('638a23bcf',75,'60accd5e8','5cb275915',65604,1992,1654035196,1654035196);
INSERT INTO player_score VALUES('63c69f246',75,'60accd5e8','6372a1b11',201960,2146,1654041538,1654041538);
INSERT INTO player_score VALUES('631e5888c',75,'60cb0d85d','27ae98981',88722,2264,1654023893,1654023893);
INSERT INTO player_score VALUES('620b1b196',75,'60cb0d85d','2ef4b6445',5500,2093,1653995032,1653995032);
INSERT INTO player_score VALUES('636a97957',75,'60cb0d85d','3929e4dc0',21360,2101,1654031888,1654031888);
INSERT INTO player_score VALUES('6325eb02d',75,'60cb0d85d','3bd4f90b5',362208,2012,1654024687,1654024687);
INSERT INTO player_score VALUES('60a893d42',75,'60cb0d85d','42aa1197b',390456,1880,1653957857,1653957857);
INSERT INTO player_score VALUES('639b4bd57',75,'60cb0d85d','553d1b9d5',144704,2007,1654036995,1654036995);
INSERT INTO player_score VALUES('634a67d64',75,'60cb0d85d','5761209b2',128520,1996,1654028513,1654028513);
INSERT INTO player_score VALUES('632cb7be2',75,'60cb0d85d','58f0ab4fa',279279,2041,1654025400,1654025400);
INSERT INTO player_score VALUES('62a03199f',75,'60cb0d85d','5aa9ad3ff',71400,1973,1654010665,1654010665);
INSERT INTO player_score VALUES('63a5f5575',75,'60cb0d85d','5b63f7af0',136345,2249,1654038113,1654038113);
INSERT INTO player_score VALUES('63ab675e4',75,'60cb0d85d','5cb275915',246480,2041,1654038684,1654038684);
INSERT INTO player_score VALUES('63c29b51c',75,'60cb0d85d','6372a1b11',119070,2045,1654041117,1654041117);
INSERT INTO player_score VALUES('62b950444',75,'60cde02e2','3bd4f90b5',2304,1984,1654013299,1654013299);
INSERT INTO player_score VALUES('6210ddb52',75,'60cde02e2','42aa1197b',23400,1964,1653995636,1653995636);
INSERT INTO player_score VALUES('636b62348',75,'60cde02e2','553d1b9d5',44226,1971,1654031971,1654031971);
INSERT INTO player_score VALUES('639418908',75,'60cde02e2','5761209b2',2520,2046,1654036240,1654036240);
INSERT INTO player_score VALUES('62af9d5dc',75,'60cde02e2','58f0ab4fa',67424,1949,1654012282,1654012282);
INSERT INTO player_score VALUES('632a221b9',75,'60cde02e2','5b63f7af0',85848,2116,1654025129,1654025129);
INSERT INTO player_score VALUES('63b7ea811',75,'60cde02e2','5cb275915',104400,2062,1654039996,1654039996);
INSERT INTO player_score VALUES('63c312efb',75,'60cde02e2','6372a1b11',459938,2059,1654041166,1654041166);
INSERT INTO player_score VALUES('5e8af50b1',75,'619b9c9ee','27ae98981',176792,2120,1653901064,1653901064);
INSERT INTO player_score VALUES('62c9eac39',75,'619b9c9ee','2ef4b6445',23940,2126,1654015040,1654015040);
INSERT INTO player_score VALUES('6202bdfce',75,'619b9c9ee','3929e4dc0',10450,2049,1653994155,1653994155);
INSERT INTO player_score VALUES('600148ab9',75,'619b9c9ee','3bd4f90b5',33712,1847,1653940315,1653940315);
INSERT INTO player_score VALUES('612dff1bc',75,'619b9c9ee','42aa1197b',87696,1922,1653971847,1653971847);
INSERT INTO player_score VALUES('627c33bcc',75,'619b9c9ee','553d1b9d5',121296,1853,1654006891,1654006891);
INSERT INTO player_score VALUES('61da55c47',75,'619b9c9ee','5761209b2',18772,1769,1653989918,1653989918);
INSERT INTO player_score VALUES('637c12af3',75,'619b9c9ee','58f0ab4fa',86688,2099,1654033721,1654033721);
INSERT INTO player_score VALUES('62c1e7faf',75,'619b9c9ee','5b63f7af0',28567,2018,1654014200,1654014200);
INSERT INTO player_score VALUES('6373bf558',75,'619b9c9ee','5cb275915',41405,1970,1654032848,1654032848);
INSERT INTO player_score VALUES('63c4d42b2',75,'619b9c9ee','6372a1b11',124200,2107,1654041350,1654041350);
INSERT INTO player_score VALUES('5fdb05c29',75,'61fd88f96','27ae98981',352512,2153,1653936303,1653936303);
INSERT INTO player_score VALUES('62de499e1',75,'61fd88f96','2ef4b6445',35868,2129,1654017176,1654017176);
INSERT INTO player_score VALUES('62ef609cd',75,'61fd88f96','3929e4dc0',224280,2087,1654018968,1654018968);
INSERT INTO player_score VALUES('6386b9b9c',75,'61fd88f96','3bd4f90b5',25392,2030,1654034838,1654034838);
INSERT INTO player_score VALUES('6380b5357',75,'61fd88f96','42aa1197b',448920,2051,1654034207,1654034207);
INSERT INTO player_score VALUES('63c1801df',75,'61fd88f96','553d1b9d5',166944,2025,1654041001,1654041001);
INSERT INTO player_score VALUES('630af0448',75,'61fd88f96','5761209b2',1694,1961,1654021858,1654021858);
INSERT INTO player_score VALUES('636b1b683',75,'61fd88f96','58f0ab4fa',0,2083,1654031942,1654031942);
INSERT INTO player_score VALUES('6345f3af9',75,'61fd88f96','5aa9ad3ff',106821,2131,1654028046,1654028046);
INSERT INTO player_score VALUES('635dfc066',75,'61fd88f96','5b63f7af0',0,2173,1654030566,1654030566);
INSERT INTO player_score VALUES('636957c25',75,'61fd88f96','5cb275915',115620,1959,1654031757,1654031757);
INSERT INTO player_score VALUES('63b09c62a',75,'61fd88f96','6372a1b11',7700,1601,1654039230,1654039230);
INSERT INTO player_score VALUES('62c4827c8',75,'62b1bdcb2','27ae98981',220,2250,1654014473,1654014473);
INSERT INTO player_score VALUES('5b6543b92',75,'62b1bdcb2','2ef4b6445',5916,1824,1653816581,1653816581);
INSERT INTO player_score VALUES('6267b52b3',75,'62b1bdcb2','3929e4dc0',84018,2069,1654004742,1654004742);
INSERT INTO player_score VALUES('6195059ed',75,'62b1bdcb2','3bd4f90b5',12948,1926,1653982650,1653982650);
INSERT INTO player_score VALUES('636fb42ce',75,'62b1bdcb2','553d1b9d5',27608,1973,1654032424,1654032424);
INSERT INTO player_score VALUES('639137462',75,'62b1bdcb2','5761209b2',48300,2045,1654035938,1654035938);
INSERT INTO player_score VALUES('63b227e62',75,'62b1bdcb2','58f0ab4fa',100233,2132,1654039392,1654039392);
INSERT INTO player_score VALUES('639112a4b',75,'62b1bdcb2','5b63f7af0',156195,2229,1654035923,1654035923);
INSERT INTO player_score VALUES('631978f6a',75,'62b1bdcb2','5cb275915',663,1890,1654023382,1654023382);
INSERT INTO player_score VALUES('63c25bd8b',75,'62b1bdcb2','6372a1b11',204768,2038,1654041091,1654041091);
INSERT INTO player_score VALUES('630bfa635',75,'632cb2d9a','27ae98981',7905,2262,1654021967,1654021967);
INSERT INTO player_score VALUES('62af78bb9',75,'632cb2d9a','2ef4b6445',0,2121,1654012267,1654012267);
INSERT INTO player_score VALUES('6204ef849',75,'632cb2d9a','3929e4dc0',1612,2051,1653994385,1653994385);
INSERT INTO player_score VALUES('61d8ca416',75,'632cb2d9a','3bd4f90b5',7360,1942,1653989756,1653989756);
INSERT INTO player_score VALUES('634775714',75,'632cb2d9a','42aa1197b',33600,2037,1654028204,1654028204);
INSERT INTO player_score VALUES('626b1a4e7',75,'632cb2d9a','553d1b9d5',547274,1840,1654005098,1654005098);
INSERT INTO player_score VALUES('639bab0c8',75,'632cb2d9a','5761209b2',182700,2052,1654037034,1654037034);
INSERT INTO player_score VALUES('636cae3ed',75,'632cb2d9a','58f0ab4fa',94874,2084,1654032107,1654032107);
INSERT INTO player_score VALUES('634596ed6',75,'632cb2d9a','5aa9ad3ff',64170,2126,1654028008,1654028008);
INSERT INTO player_score VALUES('637d13032',75,'632cb2d9a','5b63f7af0',359832,2208,1654033826,1654033826);
INSERT INTO player_score VALUES('632aafb91',75,'632cb2d9a','5cb275915',34782,1902,1654025187,1654025187);
INSERT INTO player_score VALUES('63c6a1961',75,'632cb2d9a','6372a1b11',118404,2147,1654041539,1654041539);
COMMIT;
