
BEGIN;
CREATE TABLE IF NOT EXISTS competition (
  id VARCHAR(255) NOT NULL PRIMARY KEY,
  tenant_id BIGINT NOT NULL,
  title TEXT NOT NULL,
  finished_at BIGINT NULL,
  created_at BIGINT NOT NULL,
  updated_at BIGINT NOT NULL
);
INSERT INTO competition VALUES('1f9082d8b',77,'第6回 あの浦和！',NULL,1652210503,1653491210);
INSERT INTO competition VALUES('25fb7ddec',77,'第6回 Protocolできた',1652920674,1652382782,1652920674);
INSERT INTO competition VALUES('2600efecc',77,'すももはバランスいい大会',1653397560,1652383353,1653397560);
INSERT INTO competition VALUES('2b95463ac',77,'トーフ人生杯',NULL,1652533125,1653206120);
INSERT INTO competition VALUES('37c98cabf',77,'徹底的おにぎり食べたいカップ',NULL,1652860729,1653708371);
INSERT INTO competition VALUES('3acad4b7a',77,'週末ブルーベリーシティ vol.5',1653349574,1652941394,1653349574);
INSERT INTO competition VALUES('3bf962554',77,'品川過激派',NULL,1652973119,1653182408);
INSERT INTO competition VALUES('3f14fca2c',77,'三軒茶屋（仮）大会',1653726355,1653056544,1653726355);
INSERT INTO competition VALUES('4330fe9b1',77,'西アロエ大好きカップ',NULL,1653166855,1653872285);
INSERT INTO competition VALUES('49cba6394',77,'おじさん.java',1653587639,1653344133,1653587639);
INSERT INTO competition VALUES('4a335a137',77,'第8回 CPU整骨院',NULL,1653355007,1653943316);
INSERT INTO competition VALUES('4b20c4df3',77,'第1回 ハリガネアラート組合',1653948991,1653379902,1653948991);
INSERT INTO competition VALUES('4ef22466e',77,'空からリゾット会杯',1653500869,1653482387,1653500869);
INSERT INTO competition VALUES('5016e6b08',77,'第2回 焼酎乗り過ごし',1653656318,1653513085,1653656318);
INSERT INTO competition VALUES('50a87fa05',77,'トンポーローボックス',1653831283,1653528352,1653831283);
INSERT INTO competition VALUES('567a25bb5',77,'ロージー企画 #3',1654025089,1653684553,1654025089);
INSERT INTO competition VALUES('608ef638e',77,'第1回 エビ小屋',NULL,1653955171,1653957578);
INSERT INTO competition VALUES('637bfcb49',77,'みかんさん',1654034345,1654033712,1654034345);
CREATE TABLE IF NOT EXISTS player (
  id VARCHAR(255) NOT NULL PRIMARY KEY,
  tenant_id BIGINT NOT NULL,
  display_name TEXT NOT NULL,
  is_disqualified BOOLEAN NOT NULL,
  created_at BIGINT NOT NULL,
  updated_at BIGINT NOT NULL
);
INSERT INTO player VALUES('1f7ce752d',77,'Athena Wisozk',0,1652208447,1653665515);
INSERT INTO player VALUES('1fb6a87c4',77,'Kim Erdman',0,1652214503,1653220367);
INSERT INTO player VALUES('20137aaee',77,'Simeon Murazik',0,1652224236,1653154032);
INSERT INTO player VALUES('2013c17e7',77,'Mr. Lukas Pacocha',0,1652224265,1652700108);
INSERT INTO player VALUES('2089de4f4',77,'Duane Hayes',0,1652236650,1652515294);
INSERT INTO player VALUES('209c1f250',77,'Ms. Shanna Wehner IV',0,1652238564,1653087182);
INSERT INTO player VALUES('212048278',77,'Mr. Adonis Paucek DDS',0,1652252422,1652762817);
INSERT INTO player VALUES('21cab68b2',77,'Mikayla Brakus DDS',0,1652270293,1653058485);
INSERT INTO player VALUES('235e6741a',77,'Mr. Eldon Stark DDS',0,1652312623,1653219627);
INSERT INTO player VALUES('2360a28ba',77,'Mr. David Dibbert DDS',0,1652312857,1652762955);
INSERT INTO player VALUES('241f4d957',77,'Noel Hahn',1,1652332850,1653285621);
INSERT INTO player VALUES('24d0815a9',77,'Sibyl Monahan',0,1652351431,1652845044);
INSERT INTO player VALUES('25892f309',77,'Evans West',0,1652370796,1652493153);
INSERT INTO player VALUES('25b3933d6',77,'Stanford Kling',1,1652375241,1653668555);
INSERT INTO player VALUES('25d89171d',77,'Mohammed Dickinson',1,1652379120,1652950152);
INSERT INTO player VALUES('268f7e11e',77,'Lorna Kirlin',0,1652398301,1653640410);
INSERT INTO player VALUES('26b3a56cc',77,'Lera Walsh',0,1652402092,1652816880);
INSERT INTO player VALUES('27aea4ce2',77,'Elouise Turcotte PhD',0,1652428411,1653610273);
INSERT INTO player VALUES('27c1d9cb5',77,'Alexie Harris',0,1652430425,1653275834);
INSERT INTO player VALUES('27d10af6d',77,'Ms. Filomena Herman',0,1652432018,1653456652);
INSERT INTO player VALUES('2839080d6',77,'Jaquan Beier V',0,1652442922,1653058767);
INSERT INTO player VALUES('29411d061',77,'Juanita Wintheiser',0,1652470613,1652849151);
INSERT INTO player VALUES('2a175177f',77,'Angela Goyette III',0,1652493074,1653058857);
INSERT INTO player VALUES('2bc266f24',77,'Ebba Kertzmann',0,1652537857,1653433975);
INSERT INTO player VALUES('2c02c671d',77,'Pietro Gottlieb',1,1652544607,1652952292);
INSERT INTO player VALUES('2c247ccfc',77,'Mack Hirthe',0,1652548142,1653632007);
INSERT INTO player VALUES('2c2d84d1e',77,'Ruby West DVM',1,1652549089,1652833433);
INSERT INTO player VALUES('2c4bdd63e',77,'Molly Barton',0,1652552271,1653179490);
INSERT INTO player VALUES('2c5dd01aa',77,'Ewald Strosin IV',0,1652554153,1653254941);
INSERT INTO player VALUES('2d763b374',77,'Mr. Manley Zieme V',0,1652583557,1653971615);
INSERT INTO player VALUES('2da1f9f33',77,'Vern Roberts',0,1652588144,1653168952);
INSERT INTO player VALUES('2eae17a46',77,'Misael Stokes IV',0,1652616258,1653573651);
INSERT INTO player VALUES('2f42eead5',77,'Mr. Cody Schamberger V',1,1652631865,1653425780);
INSERT INTO player VALUES('2f9a2ca5c',77,'Adell O"Conner',0,1652641013,1653576803);
INSERT INTO player VALUES('303728a6c',77,'Mr. Ryann Mayer V',0,1652657474,1653441446);
INSERT INTO player VALUES('304872e87',77,'Santa Jast',0,1652659287,1653836199);
INSERT INTO player VALUES('31120e3fe',77,'Chelsey Streich',0,1652680427,1653204215);
INSERT INTO player VALUES('31c8e9c48',77,'Haylie Steuber DDS',0,1652699601,1653973057);
INSERT INTO player VALUES('32e4a67cd',77,'Jessika Ledner',0,1652729353,1653203485);
INSERT INTO player VALUES('33feba673',77,'Laura Koelpin',0,1652758931,1653864594);
INSERT INTO player VALUES('34f2274d9',77,'Deron Mills',0,1652784456,1654019155);
INSERT INTO player VALUES('36d9e1b25',77,'Akeem Fadel',0,1652835598,1653195795);
INSERT INTO player VALUES('36de906be',77,'Maddison Brown V',0,1652836089,1653640262);
INSERT INTO player VALUES('370f953d6',77,'Ephraim Von',0,1652841229,1652982167);
INSERT INTO player VALUES('375b3597d',77,'Alta Robel IV',0,1652849159,1653017575);
INSERT INTO player VALUES('379e850a2',77,'Jermaine Marks II',0,1652856217,1653362953);
INSERT INTO player VALUES('383d4c057',77,'Cali Schmitt',0,1652872866,1653323892);
INSERT INTO player VALUES('38582222d',77,'Melisa Konopelski',0,1652875680,1653096646);
INSERT INTO player VALUES('38bc0f33f',77,'Chelsie Dickinson',0,1652886158,1653490336);
INSERT INTO player VALUES('38bd872df',77,'Maude Schroeder',1,1652886312,1652992004);
INSERT INTO player VALUES('3961c9f08',77,'Rhoda Bailey',0,1652903536,1653782033);
INSERT INTO player VALUES('3bf4bae91',77,'Elissa Kshlerin DDS',0,1652972631,1653593555);
INSERT INTO player VALUES('3daa68d00',77,'Johnathon Ferry',0,1653018525,1653065481);
INSERT INTO player VALUES('3e7a0d8bd',77,'Candice Keeling',0,1653040298,1653914887);
INSERT INTO player VALUES('3e909debe',77,'Jett Smith',0,1653042664,1653263534);
INSERT INTO player VALUES('3e9c9370c',77,'Krystal Kunze',0,1653043918,1653111120);
INSERT INTO player VALUES('4041f7694',77,'Buster Stoltenberg',0,1653088104,1653384850);
INSERT INTO player VALUES('417bef63e',77,'Ernestine Kohler',0,1653121026,1653940996);
INSERT INTO player VALUES('420231846',77,'Ms. Taya Schamberger PhD',0,1653135104,1653398117);
INSERT INTO player VALUES('43160b300',77,'Abelardo Rohan',0,1653164029,1653353240);
INSERT INTO player VALUES('44a992687',77,'Dianna Smith',0,1653206342,1653478906);
INSERT INTO player VALUES('47f8769d3',77,'Mr. Santino Koelpin DDS',0,1653295145,1653983563);
INSERT INTO player VALUES('484f7ee4a',77,'Eriberto Schmitt PhD',0,1653304271,1653903281);
INSERT INTO player VALUES('4948519c2',77,'Martina Cormier',0,1653330362,1653749110);
INSERT INTO player VALUES('4a4f886f1',77,'Ryan Ward',0,1653357962,1653410414);
INSERT INTO player VALUES('4bdb8961b',77,'Yvonne Quitzon',0,1653399486,1653570475);
INSERT INTO player VALUES('4d412efd6',77,'Marie Satterfield',0,1653436988,1653638952);
INSERT INTO player VALUES('4d84cf035',77,'Mr. Carson Ruecker',0,1653444079,1654030011);
INSERT INTO player VALUES('4f428976b',77,'Vesta Cremin',0,1653490817,1653559226);
INSERT INTO player VALUES('508b6bc96',77,'Hollis Roob',0,1653525303,1653898933);
INSERT INTO player VALUES('51d171b73',77,'Susie Simonis',0,1653559489,1653796459);
INSERT INTO player VALUES('5229de6dd',77,'Isaias Hamill',0,1653568761,1653887290);
INSERT INTO player VALUES('52ffbfd96',77,'Ms. Ettie Jacobi',0,1653591188,1653749203);
INSERT INTO player VALUES('537c0d1e9',77,'Ms. Chanelle Ruecker',0,1653604222,1653709692);
INSERT INTO player VALUES('548675cd5',77,'Hosea Hilpert',0,1653632157,1653735371);
INSERT INTO player VALUES('54a211adf',77,'Arturo Kuvalis',0,1653635052,1653635366);
INSERT INTO player VALUES('5612d11bb',77,'Janice Jenkins',0,1653673718,1653767984);
INSERT INTO player VALUES('561da1a93',77,'Laverna Little III',0,1653674852,1653914211);
INSERT INTO player VALUES('5645b46e3',77,'Kylee Romaguera III',0,1653679054,1653817540);
INSERT INTO player VALUES('56b1bf254',77,'Jada Willms',0,1653690383,1653911934);
INSERT INTO player VALUES('56c801621',77,'Opal Reynolds',0,1653692717,1653883221);
INSERT INTO player VALUES('575936377',77,'Jennings Goldner',0,1653707943,1653977323);
INSERT INTO player VALUES('57c35b16b',77,'Mr. Humberto Schamberger',0,1653719073,1653838206);
INSERT INTO player VALUES('5843d0d16',77,'Ms. Janet Johnson',0,1653732543,1653966807);
INSERT INTO player VALUES('58d3afdfc',77,'Kayli Zemlak',0,1653747629,1653783953);
INSERT INTO player VALUES('590e93921',77,'Mr. Emerald Dooley III',0,1653753804,1653959234);
INSERT INTO player VALUES('5949b4491',77,'Dashawn Rohan',0,1653760004,1653787276);
INSERT INTO player VALUES('59b6fece6',77,'Pasquale Satterfield Jr.',0,1653771464,1653897048);
INSERT INTO player VALUES('59de161f1',77,'Mr. Skylar Hermiston',0,1653775563,1653916154);
INSERT INTO player VALUES('59fe0b424',77,'Royce Waters',0,1653778914,1653955578);
INSERT INTO player VALUES('5aace8e70',77,'Benedict Abbott',0,1653797250,1653917468);
INSERT INTO player VALUES('5aeadc449',77,'Ms. Nelle Halvorson',0,1653803746,1653988363);
INSERT INTO player VALUES('5b820491f',77,'Mable Mueller',0,1653819596,1653895910);
INSERT INTO player VALUES('5be6e0dc7',77,'Mr. Charley Von',0,1653830172,1654007654);
INSERT INTO player VALUES('5c79b24fc',77,'Fausto Langworth',1,1653845567,1653946530);
INSERT INTO player VALUES('5ccac997e',77,'Mr. Jerrold Huels',0,1653854070,1653951147);
INSERT INTO player VALUES('5cd9ced1d',77,'Lucas Price',1,1653855645,1653956599);
INSERT INTO player VALUES('5d397fe4a',77,'Mr. Jamey Hills',0,1653865679,1653891089);
INSERT INTO player VALUES('5d6b2f9a1',77,'Jaeden Stark',0,1653870889,1653932630);
INSERT INTO player VALUES('5e073292c',77,'Bonita Barton',0,1653887248,1653904941);
INSERT INTO player VALUES('619eff51f',77,'Earline Hettinger V',1,1653983696,1654030141);
INSERT INTO player VALUES('62da3e765',77,'Melany Barrows',0,1654016752,1654020372);
INSERT INTO player VALUES('63a23d2d7',77,'Garrick Wilkinson',0,1654037723,1654039906);
CREATE TABLE IF NOT EXISTS IF NOT EXISTS player_score (
                              id VARCHAR(255) NOT NULL PRIMARY KEY,
                              tenant_id BIGINT NOT NULL,
                              player_id VARCHAR(255) NOT NULL,
                              competition_id VARCHAR(255) NOT NULL,
                              score BIGINT NOT NULL,
                              row_num BIGINT NOT NULL,
                              created_at BIGINT NOT NULL,
                              updated_at BIGINT NOT NULL
);
INSERT INTO player_score VALUES('608ee7910',77,'1f7ce752d','1f9082d8b',546840,1797,1653955165,1653955165);
INSERT INTO player_score VALUES('38f13c7c2',77,'1f7ce752d','25fb7ddec',31740,883,1652891734,1652891734);
INSERT INTO player_score VALUES('627538a05',77,'1f7ce752d','2b95463ac',135720,1907,1654006159,1654006159);
INSERT INTO player_score VALUES('63a13a643',77,'1f7ce752d','37c98cabf',185640,1770,1654037617,1654037617);
INSERT INTO player_score VALUES('48a3d6ac6',77,'1f7ce752d','3acad4b7a',54120,1097,1653313115,1653313115);
INSERT INTO player_score VALUES('606d7ce29',77,'1f7ce752d','3bf962554',5704,1788,1653951661,1653951661);
INSERT INTO player_score VALUES('57af0870b',77,'1f7ce752d','3f14fca2c',217250,1463,1653716942,1653716942);
INSERT INTO player_score VALUES('632043421',77,'1f7ce752d','4330fe9b1',211816,1783,1654024094,1654024094);
INSERT INTO player_score VALUES('51e2779ff',77,'1f7ce752d','49cba6394',168665,1141,1653561274,1653561274);
INSERT INTO player_score VALUES('633b36a8d',77,'1f7ce752d','4a335a137',34038,1960,1654026920,1654026920);
INSERT INTO player_score VALUES('6011a3aff',77,'1f7ce752d','4b20c4df3',23400,1889,1653942030,1653942030);
INSERT INTO player_score VALUES('4fa087f57',77,'1f7ce752d','4ef22466e',74844,1292,1653500673,1653500673);
INSERT INTO player_score VALUES('5550976d7',77,'1f7ce752d','5016e6b08',28224,1268,1653653352,1653653352);
INSERT INTO player_score VALUES('5ae0ffd85',77,'1f7ce752d','50a87fa05',391937,1578,1653802712,1653802712);
INSERT INTO player_score VALUES('61e22c950',77,'1f7ce752d','567a25bb5',248508,1820,1653990740,1653990740);
INSERT INTO player_score VALUES('6350454db',77,'1f7ce752d','608ef638e',42282,1495,1654029128,1654029128);
INSERT INTO player_score VALUES('6381df0ad',77,'1f7ce752d','637bfcb49',186300,1766,1654034329,1654034329);
INSERT INTO player_score VALUES('60df0844f',77,'1fb6a87c4','1f9082d8b',32490,1806,1653963567,1653963567);
INSERT INTO player_score VALUES('39c2f7de4',77,'1fb6a87c4','25fb7ddec',39520,919,1652913726,1652913726);
INSERT INTO player_score VALUES('4728e0824',77,'1fb6a87c4','2600efecc',80000,1034,1653273378,1653273378);
INSERT INTO player_score VALUES('61b0e5dac',77,'1fb6a87c4','2b95463ac',207389,1884,1653985573,1653985573);
INSERT INTO player_score VALUES('5de3a28fa',77,'1fb6a87c4','37c98cabf',141960,1553,1653883519,1653883519);
INSERT INTO player_score VALUES('490a3c0ea',77,'1fb6a87c4','3acad4b7a',142358,1117,1653323852,1653323852);
INSERT INTO player_score VALUES('625a27ebb',77,'1fb6a87c4','3bf962554',11844,1872,1654003321,1654003321);
INSERT INTO player_score VALUES('54e18459e',77,'1fb6a87c4','3f14fca2c',25600,1299,1653641705,1653641705);
INSERT INTO player_score VALUES('622c5ebba',77,'1fb6a87c4','4330fe9b1',98496,1727,1653998520,1653998520);
INSERT INTO player_score VALUES('52cc626f5',77,'1fb6a87c4','49cba6394',11408,1268,1653585802,1653585802);
INSERT INTO player_score VALUES('61ba28722',77,'1fb6a87c4','4a335a137',207700,1824,1653986544,1653986544);
INSERT INTO player_score VALUES('5f6c852df',77,'1fb6a87c4','4b20c4df3',114304,1830,1653924716,1653924716);
INSERT INTO player_score VALUES('4f9dd9e9b',77,'1fb6a87c4','4ef22466e',42126,1263,1653500392,1653500392);
INSERT INTO player_score VALUES('541315af4',77,'1fb6a87c4','5016e6b08',178752,974,1653620059,1653620059);
INSERT INTO player_score VALUES('5be8e8e60',77,'1fb6a87c4','50a87fa05',3055,1732,1653830385,1653830385);
INSERT INTO player_score VALUES('62a07d498',77,'1fb6a87c4','567a25bb5',111766,1927,1654010696,1654010696);
INSERT INTO player_score VALUES('63bbdfb20',77,'1fb6a87c4','608ef638e',324000,1755,1654040411,1654040411);
INSERT INTO player_score VALUES('6381fecb1',77,'1fb6a87c4','637bfcb49',285760,1797,1654034342,1654034342);
INSERT INTO player_score VALUES('60a366266',77,'20137aaee','1f9082d8b',23715,1802,1653957314,1653957314);
INSERT INTO player_score VALUES('498ad1898',77,'20137aaee','2600efecc',144627,1124,1653337335,1653337335);
INSERT INTO player_score VALUES('635878e59',77,'20137aaee','2b95463ac',6768,1941,1654029988,1654029988);
INSERT INTO player_score VALUES('62bdcbbe6',77,'20137aaee','37c98cabf',199656,1732,1654013769,1654013769);
INSERT INTO player_score VALUES('48eb7cf57',77,'20137aaee','3acad4b7a',117180,1112,1653320628,1653320628);
INSERT INTO player_score VALUES('62ddb23ff',77,'20137aaee','3bf962554',2262,1897,1654017114,1654017114);
INSERT INTO player_score VALUES('6095ddc97',77,'20137aaee','4330fe9b1',102168,1643,1653955895,1653955895);
INSERT INTO player_score VALUES('52a637ec9',77,'20137aaee','49cba6394',115776,1243,1653581800,1653581800);
INSERT INTO player_score VALUES('5fdea09bf',77,'20137aaee','4b20c4df3',2394,1867,1653936681,1653936681);
INSERT INTO player_score VALUES('4f955831b',77,'20137aaee','4ef22466e',517590,1200,1653499500,1653499500);
INSERT INTO player_score VALUES('54b9da8b8',77,'20137aaee','5016e6b08',30096,1143,1653637546,1653637546);
INSERT INTO player_score VALUES('5ba56b0e4',77,'20137aaee','50a87fa05',229500,1704,1653823308,1653823308);
INSERT INTO player_score VALUES('62bbc3b97',77,'20137aaee','567a25bb5',56280,1947,1654013556,1654013556);
INSERT INTO player_score VALUES('63c30e122',77,'20137aaee','608ef638e',6916,1768,1654041164,1654041164);
INSERT INTO player_score VALUES('6381c1c25',77,'20137aaee','637bfcb49',29580,1726,1654034317,1654034317);
INSERT INTO player_score VALUES('62c0133c5',77,'2013c17e7','1f9082d8b',24843,1875,1654014008,1654014008);
INSERT INTO player_score VALUES('39796bc2b',77,'2013c17e7','25fb7ddec',4224,912,1652906014,1652906014);
INSERT INTO player_score VALUES('452f8dbae',77,'2013c17e7','2600efecc',31416,971,1653220391,1653220391);
INSERT INTO player_score VALUES('62904e3ca',77,'2013c17e7','2b95463ac',353912,1912,1654008999,1654008999);
INSERT INTO player_score VALUES('616a759fb',77,'2013c17e7','37c98cabf',17952,1690,1653978187,1653978187);
INSERT INTO player_score VALUES('49e11b648',77,'2013c17e7','3acad4b7a',105966,1170,1653346383,1653346383);
INSERT INTO player_score VALUES('6054d367c',77,'2013c17e7','3bf962554',212040,1782,1653949075,1653949075);
INSERT INTO player_score VALUES('57e87de85',77,'2013c17e7','3f14fca2c',5780,1477,1653722967,1653722967);
INSERT INTO player_score VALUES('603143679',77,'2013c17e7','4330fe9b1',6710,1623,1653945346,1653945346);
INSERT INTO player_score VALUES('51be3a480',77,'2013c17e7','49cba6394',104463,1120,1653557474,1653557474);
INSERT INTO player_score VALUES('627a74f5e',77,'2013c17e7','4a335a137',151008,1888,1654006708,1654006708);
INSERT INTO player_score VALUES('5ec7b9af5',77,'2013c17e7','4b20c4df3',4588,1763,1653907436,1653907436);
INSERT INTO player_score VALUES('4f9f03c3c',77,'2013c17e7','4ef22466e',35112,1272,1653500514,1653500514);
INSERT INTO player_score VALUES('5561ce2a8',77,'2013c17e7','5016e6b08',82992,1284,1653655157,1653655157);
INSERT INTO player_score VALUES('5afb7e13d',77,'2013c17e7','50a87fa05',45900,1594,1653805490,1653805490);
INSERT INTO player_score VALUES('629153731',77,'2013c17e7','567a25bb5',344,1918,1654009106,1654009106);
INSERT INTO player_score VALUES('638ba09d4',77,'2013c17e7','608ef638e',61248,1657,1654035352,1654035352);
INSERT INTO player_score VALUES('6381d2d85',77,'2013c17e7','637bfcb49',223600,1755,1654034324,1654034324);
INSERT INTO player_score VALUES('3951f537e',77,'2089de4f4','25fb7ddec',19096,902,1652901876,1652901876);
INSERT INTO player_score VALUES('4b937c8db',77,'2089de4f4','2600efecc',2632,1188,1653391931,1653391931);
INSERT INTO player_score VALUES('62b4a66f1',77,'2089de4f4','2b95463ac',0,1919,1654012810,1654012810);
INSERT INTO player_score VALUES('62f98b264',77,'2089de4f4','37c98cabf',32980,1738,1654020034,1654020034);
INSERT INTO player_score VALUES('49ef90901',77,'2089de4f4','3acad4b7a',823200,1173,1653347899,1653347899);
INSERT INTO player_score VALUES('6397961f7',77,'2089de4f4','3bf962554',7040,1934,1654036606,1654036606);
INSERT INTO player_score VALUES('5575fc2cc',77,'2089de4f4','3f14fca2c',117530,1332,1653657273,1653657273);
INSERT INTO player_score VALUES('6360b3d59',77,'2089de4f4','4330fe9b1',47040,1789,1654030851,1654030851);
INSERT INTO player_score VALUES('512c81957',77,'2089de4f4','49cba6394',25944,1041,1653542194,1653542194);
INSERT INTO player_score VALUES('63c2aed79',77,'2089de4f4','4a335a137',166656,1997,1654041125,1654041125);
INSERT INTO player_score VALUES('5ccf0ce61',77,'2089de4f4','4b20c4df3',34056,1598,1653854517,1653854517);
INSERT INTO player_score VALUES('4fa130691',77,'2089de4f4','4ef22466e',20160,1295,1653500742,1653500742);
INSERT INTO player_score VALUES('5bba32e50',77,'2089de4f4','50a87fa05',119438,1715,1653825487,1653825487);
INSERT INTO player_score VALUES('61d1ea002',77,'2089de4f4','567a25bb5',14600,1812,1653989035,1653989035);
INSERT INTO player_score VALUES('639ae54d1',77,'2089de4f4','608ef638e',37584,1690,1654036953,1654036953);
INSERT INTO player_score VALUES('638203a9a',77,'2089de4f4','637bfcb49',139968,1804,1654034344,1654034344);
INSERT INTO player_score VALUES('60f7835c3',77,'209c1f250','1f9082d8b',557760,1810,1653966134,1653966134);
INSERT INTO player_score VALUES('39e5f2f3f',77,'209c1f250','25fb7ddec',52687,925,1652917394,1652917394);
INSERT INTO player_score VALUES('44b21697c',77,'209c1f250','2600efecc',16632,957,1653207235,1653207235);
INSERT INTO player_score VALUES('60a3e2a6e',77,'209c1f250','2b95463ac',179568,1847,1653957365,1653957365);
INSERT INTO player_score VALUES('49a40fefa',77,'209c1f250','3acad4b7a',74360,1157,1653339982,1653339982);
INSERT INTO player_score VALUES('5feec857e',77,'209c1f250','3bf962554',86130,1759,1653938375,1653938375);
INSERT INTO player_score VALUES('56df550e7',77,'209c1f250','3f14fca2c',8100,1424,1653695163,1653695163);
INSERT INTO player_score VALUES('6324a3dc2',77,'209c1f250','4330fe9b1',20900,1784,1654024553,1654024553);
INSERT INTO player_score VALUES('51f9820a6',77,'209c1f250','49cba6394',0,1152,1653563690,1653563690);
INSERT INTO player_score VALUES('62ddf4268',77,'209c1f250','4a335a137',131175,1924,1654017141,1654017141);
INSERT INTO player_score VALUES('5fc8019a0',77,'209c1f250','4b20c4df3',47250,1857,1653934309,1653934309);
INSERT INTO player_score VALUES('4f9e3b92d',77,'209c1f250','4ef22466e',54670,1265,1653500432,1653500432);
INSERT INTO player_score VALUES('551d26769',77,'209c1f250','5016e6b08',2883,1222,1653647958,1653647958);
INSERT INTO player_score VALUES('598372fbf',77,'209c1f250','50a87fa05',0,1380,1653766059,1653766059);
INSERT INTO player_score VALUES('62ad2ecd6',77,'209c1f250','567a25bb5',117450,1934,1654012027,1654012027);
INSERT INTO player_score VALUES('63ac8c597',77,'209c1f250','608ef638e',166320,1727,1654038804,1654038804);
INSERT INTO player_score VALUES('611c2c1cb',77,'212048278','1f9082d8b',7392,1813,1653969978,1653969978);
INSERT INTO player_score VALUES('6309588fe',77,'212048278','2b95463ac',9680,1928,1654021691,1654021691);
INSERT INTO player_score VALUES('6184ea15b',77,'212048278','37c98cabf',55188,1693,1653980961,1653980961);
INSERT INTO player_score VALUES('49a56f835',77,'212048278','3acad4b7a',911493,1158,1653340126,1653340126);
INSERT INTO player_score VALUES('631da6503',77,'212048278','3bf962554',205578,1909,1654023820,1654023820);
INSERT INTO player_score VALUES('5628d3dbf',77,'212048278','3f14fca2c',707712,1372,1653676026,1653676026);
INSERT INTO player_score VALUES('62f8f3c78',77,'212048278','4330fe9b1',54000,1771,1654019972,1654019972);
INSERT INTO player_score VALUES('5284f92f3',77,'212048278','49cba6394',507276,1226,1653578314,1653578314);
INSERT INTO player_score VALUES('62e438274',77,'212048278','4a335a137',96832,1926,1654017798,1654017798);
INSERT INTO player_score VALUES('5fff89e5e',77,'212048278','4b20c4df3',1045,1885,1653940132,1653940132);
INSERT INTO player_score VALUES('4f936b024',77,'212048278','4ef22466e',30888,1175,1653499298,1653499298);
INSERT INTO player_score VALUES('5511706cf',77,'212048278','5016e6b08',10452,1212,1653646730,1653646730);
INSERT INTO player_score VALUES('5b4cfbe73',77,'212048278','50a87fa05',48555,1649,1653814035,1653814035);
INSERT INTO player_score VALUES('61770013a',77,'212048278','567a25bb5',242990,1760,1653979502,1653979502);
INSERT INTO player_score VALUES('63bbbd7fb',77,'212048278','608ef638e',80262,1754,1654040397,1654040397);
INSERT INTO player_score VALUES('61a8b4ae7',77,'21cab68b2','1f9082d8b',47005,1833,1653984714,1653984714);
INSERT INTO player_score VALUES('39d92de8c',77,'21cab68b2','25fb7ddec',217000,924,1652916055,1652916055);
INSERT INTO player_score VALUES('4b9a6de4f',77,'21cab68b2','2600efecc',238620,1190,1653392659,1653392659);
INSERT INTO player_score VALUES('5f0217185',77,'21cab68b2','2b95463ac',269700,1797,1653913556,1653913556);
INSERT INTO player_score VALUES('63a6e4981',77,'21cab68b2','37c98cabf',1248,1771,1654038211,1654038211);
INSERT INTO player_score VALUES('48c1d9c80',77,'21cab68b2','3acad4b7a',30240,1106,1653316262,1653316262);
INSERT INTO player_score VALUES('626417de0',77,'21cab68b2','3bf962554',8323,1873,1654004363,1654004363);
INSERT INTO player_score VALUES('568ff2cb8',77,'21cab68b2','3f14fca2c',58464,1400,1653686839,1653686839);
INSERT INTO player_score VALUES('62dd1fc09',77,'21cab68b2','4330fe9b1',9288,1768,1654017054,1654017054);
INSERT INTO player_score VALUES('62fb14380',77,'21cab68b2','4a335a137',53625,1936,1654020195,1654020195);
INSERT INTO player_score VALUES('5d48da896',77,'21cab68b2','4b20c4df3',96746,1641,1653867289,1653867289);
INSERT INTO player_score VALUES('4fa071fd7',77,'21cab68b2','4ef22466e',256854,1291,1653500664,1653500664);
INSERT INTO player_score VALUES('555b40e90',77,'21cab68b2','5016e6b08',23316,1276,1653654470,1653654470);
INSERT INTO player_score VALUES('6254199eb',77,'21cab68b2','567a25bb5',5832,1885,1654002686,1654002686);
INSERT INTO player_score VALUES('6390c4888',77,'21cab68b2','608ef638e',235791,1671,1654035891,1654035891);
INSERT INTO player_score VALUES('6381983e5',77,'21cab68b2','637bfcb49',52640,1667,1654034300,1654034300);
INSERT INTO player_score VALUES('6336ff925',77,'235e6741a','1f9082d8b',28710,1881,1654026478,1654026478);
INSERT INTO player_score VALUES('3994fdde3',77,'235e6741a','25fb7ddec',127160,914,1652908905,1652908905);
INSERT INTO player_score VALUES('487034e93',77,'235e6741a','2600efecc',48600,1077,1653307701,1653307701);
INSERT INTO player_score VALUES('5be66e1e2',77,'235e6741a','2b95463ac',165126,1705,1653830125,1653830125);
INSERT INTO player_score VALUES('6044870b3',77,'235e6741a','37c98cabf',0,1645,1653947366,1653947366);
INSERT INTO player_score VALUES('625489ec4',77,'235e6741a','3bf962554',37620,1870,1654002732,1654002732);
INSERT INTO player_score VALUES('631dd2419',77,'235e6741a','4330fe9b1',44460,1779,1654023838,1654023838);
INSERT INTO player_score VALUES('636728adb',77,'235e6741a','4a335a137',110400,1970,1654031528,1654031528);
INSERT INTO player_score VALUES('5fe67ec7f',77,'235e6741a','4b20c4df3',410130,1871,1653937506,1653937506);
INSERT INTO player_score VALUES('4f9d7d22c',77,'235e6741a','4ef22466e',39600,1256,1653500354,1653500354);
INSERT INTO player_score VALUES('55698c943',77,'235e6741a','5016e6b08',106080,1294,1653655969,1653655969);
INSERT INTO player_score VALUES('5a9abb923',77,'235e6741a','50a87fa05',24360,1538,1653795344,1653795344);
INSERT INTO player_score VALUES('6292f00c6',77,'235e6741a','567a25bb5',334800,1920,1654009275,1654009275);
INSERT INTO player_score VALUES('63916337a',77,'235e6741a','608ef638e',69331,1673,1654035956,1654035956);
INSERT INTO player_score VALUES('6381e17bc',77,'235e6741a','637bfcb49',105894,1767,1654034330,1654034330);
INSERT INTO player_score VALUES('39e9c1111',77,'2360a28ba','25fb7ddec',7236,927,1652917793,1652917793);
INSERT INTO player_score VALUES('49972d987',77,'2360a28ba','2600efecc',266256,1126,1653338631,1653338631);
INSERT INTO player_score VALUES('633bb8112',77,'2360a28ba','2b95463ac',0,1936,1654026973,1654026973);
INSERT INTO player_score VALUES('623d4759e',77,'2360a28ba','37c98cabf',37584,1716,1654000293,1654000293);
INSERT INTO player_score VALUES('489a8f32d',77,'2360a28ba','3acad4b7a',32890,1094,1653312142,1653312142);
INSERT INTO player_score VALUES('5b920f015',77,'2360a28ba','3bf962554',432,1560,1653821278,1653821278);
INSERT INTO player_score VALUES('57e79d4df',77,'2360a28ba','3f14fca2c',72708,1476,1653722875,1653722875);
INSERT INTO player_score VALUES('623a4d9dc',77,'2360a28ba','4330fe9b1',48960,1730,1653999981,1653999981);
INSERT INTO player_score VALUES('52ac26781',77,'2360a28ba','49cba6394',49800,1247,1653582422,1653582422);
INSERT INTO player_score VALUES('62f6434ee',77,'2360a28ba','4a335a137',31752,1935,1654019690,1654019690);
INSERT INTO player_score VALUES('4f8cccaf0',77,'2360a28ba','4ef22466e',9882,1122,1653498604,1653498604);
INSERT INTO player_score VALUES('544184e37',77,'2360a28ba','5016e6b08',178524,1024,1653624928,1653624928);
INSERT INTO player_score VALUES('5b48e21ad',77,'2360a28ba','50a87fa05',104760,1642,1653813605,1653813605);
INSERT INTO player_score VALUES('62ff10ba0',77,'2360a28ba','567a25bb5',153340,1986,1654020613,1654020613);
INSERT INTO player_score VALUES('639e199ae',77,'2360a28ba','608ef638e',79800,1700,1654037289,1654037289);
INSERT INTO player_score VALUES('5ac27dcbc',77,'241f4d957','1f9082d8b',36234,1634,1653799513,1653799513);
INSERT INTO player_score VALUES('4982746e3',77,'241f4d957','2600efecc',6192,1121,1653336458,1653336458);
INSERT INTO player_score VALUES('63829625c',77,'241f4d957','2b95463ac',5720,1945,1654034404,1654034404);
INSERT INTO player_score VALUES('6391cc306',77,'241f4d957','37c98cabf',107996,1766,1654035999,1654035999);
INSERT INTO player_score VALUES('4976cd04b',77,'241f4d957','3acad4b7a',31104,1144,1653335236,1653335236);
INSERT INTO player_score VALUES('563892a32',77,'241f4d957','3f14fca2c',43890,1377,1653677677,1653677677);
INSERT INTO player_score VALUES('624aea90b',77,'241f4d957','4330fe9b1',86940,1732,1654001723,1654001723);
INSERT INTO player_score VALUES('52aff97a5',77,'241f4d957','49cba6394',178,1249,1653582823,1653582823);
INSERT INTO player_score VALUES('61200dc22',77,'241f4d957','4a335a137',172864,1778,1653970385,1653970385);
INSERT INTO player_score VALUES('5facaef67',77,'241f4d957','4b20c4df3',16554,1849,1653931444,1653931444);
INSERT INTO player_score VALUES('4f9f8a0e8',77,'241f4d957','4ef22466e',479906,1280,1653500569,1653500569);
INSERT INTO player_score VALUES('5522394b7',77,'241f4d957','5016e6b08',16280,1226,1653648490,1653648490);
INSERT INTO player_score VALUES('5b788c3d3',77,'241f4d957','50a87fa05',56880,1676,1653818603,1653818603);
INSERT INTO player_score VALUES('630e70452',77,'241f4d957','567a25bb5',22230,1997,1654022225,1654022225);
INSERT INTO player_score VALUES('639cd0060',77,'241f4d957','608ef638e',52650,1693,1654037154,1654037154);
INSERT INTO player_score VALUES('638171328',77,'241f4d957','637bfcb49',4770,1627,1654034284,1654034284);
INSERT INTO player_score VALUES('634a60817',77,'24d0815a9','1f9082d8b',14208,1884,1654028510,1654028510);
INSERT INTO player_score VALUES('39ca01a3d',77,'24d0815a9','25fb7ddec',0,920,1652914464,1652914464);
INSERT INTO player_score VALUES('48a1aa0b9',77,'24d0815a9','2600efecc',10800,1090,1653312887,1653312887);
INSERT INTO player_score VALUES('630c3c4af',77,'24d0815a9','2b95463ac',69984,1929,1654021994,1654021994);
INSERT INTO player_score VALUES('5cd4d6d92',77,'24d0815a9','37c98cabf',91840,1507,1653855124,1653855124);
INSERT INTO player_score VALUES('49dd2ff7f',77,'24d0815a9','3acad4b7a',26622,1167,1653345972,1653345972);
INSERT INTO player_score VALUES('637144912',77,'24d0815a9','3bf962554',73500,1924,1654032588,1654032588);
INSERT INTO player_score VALUES('567320de0',77,'24d0815a9','3f14fca2c',197274,1390,1653683817,1653683817);
INSERT INTO player_score VALUES('52a8ead86',77,'24d0815a9','49cba6394',104788,1245,1653582083,1653582083);
INSERT INTO player_score VALUES('5e5775745',77,'24d0815a9','4b20c4df3',3450,1722,1653895664,1653895664);
INSERT INTO player_score VALUES('4f9c841f6',77,'24d0815a9','4ef22466e',286672,1248,1653500252,1653500252);
INSERT INTO player_score VALUES('55661658e',77,'24d0815a9','5016e6b08',25380,1291,1653655606,1653655606);
INSERT INTO player_score VALUES('5a4621df1',77,'24d0815a9','50a87fa05',14534,1484,1653786473,1653786473);
INSERT INTO player_score VALUES('63a026837',77,'24d0815a9','608ef638e',43148,1707,1654037504,1654037504);
INSERT INTO player_score VALUES('6381c6a2a',77,'24d0815a9','637bfcb49',25575,1733,1654034319,1654034319);
INSERT INTO player_score VALUES('634a34920',77,'25892f309','1f9082d8b',26180,1883,1654028492,1654028492);
INSERT INTO player_score VALUES('38a951d6e',77,'25892f309','25fb7ddec',618570,865,1652884193,1652884193);
INSERT INTO player_score VALUES('495a0ea1a',77,'25892f309','2600efecc',0,1116,1653332222,1653332222);
INSERT INTO player_score VALUES('63b04e43b',77,'25892f309','2b95463ac',18354,1952,1654039198,1654039198);
INSERT INTO player_score VALUES('5c1530595',77,'25892f309','37c98cabf',85848,1476,1653835028,1653835028);
INSERT INTO player_score VALUES('6373342d3',77,'25892f309','3bf962554',106743,1925,1654032791,1654032791);
INSERT INTO player_score VALUES('561d5114c',77,'25892f309','3f14fca2c',18360,1369,1653674819,1653674819);
INSERT INTO player_score VALUES('6344e2425',77,'25892f309','4330fe9b1',245456,1785,1654027934,1654027934);
INSERT INTO player_score VALUES('5291af912',77,'25892f309','49cba6394',1036,1233,1653579647,1653579647);
INSERT INTO player_score VALUES('63075a4f2',77,'25892f309','4a335a137',41160,1939,1654021482,1654021482);
INSERT INTO player_score VALUES('4f9c868f2',77,'25892f309','4ef22466e',57456,1249,1653500253,1653500253);
INSERT INTO player_score VALUES('59e19d6f6',77,'25892f309','50a87fa05',18900,1429,1653775933,1653775933);
INSERT INTO player_score VALUES('62f28d99b',77,'25892f309','567a25bb5',30492,1978,1654019301,1654019301);
INSERT INTO player_score VALUES('632e87992',77,'25892f309','608ef638e',15800,1424,1654025590,1654025590);
INSERT INTO player_score VALUES('6381cb819',77,'25892f309','637bfcb49',41760,1744,1654034321,1654034321);
INSERT INTO player_score VALUES('623380e77',77,'25b3933d6','1f9082d8b',92120,1851,1653999268,1653999268);
INSERT INTO player_score VALUES('39e8d1d53',77,'25b3933d6','25fb7ddec',92480,926,1652917695,1652917695);
INSERT INTO player_score VALUES('4aee03b6d',77,'25b3933d6','2600efecc',392040,1169,1653374580,1653374580);
INSERT INTO player_score VALUES('631f39239',77,'25b3933d6','37c98cabf',288960,1743,1654023985,1654023985);
INSERT INTO player_score VALUES('44fa43257',77,'25b3933d6','3acad4b7a',18200,805,1653214803,1653214803);
INSERT INTO player_score VALUES('5ad357c5d',77,'25b3933d6','3bf962554',5976,1523,1653801280,1653801280);
INSERT INTO player_score VALUES('575e8d6af',77,'25b3933d6','3f14fca2c',181838,1446,1653708503,1653708503);
INSERT INTO player_score VALUES('618a01ca1',77,'25b3933d6','4330fe9b1',21060,1702,1653981495,1653981495);
INSERT INTO player_score VALUES('52b76c360',77,'25b3933d6','49cba6394',294840,1254,1653583604,1653583604);
INSERT INTO player_score VALUES('603f6590c',77,'25b3933d6','4b20c4df3',73800,1898,1653946828,1653946828);
INSERT INTO player_score VALUES('4f9f2ad5e',77,'25b3933d6','4ef22466e',43952,1275,1653500530,1653500530);
INSERT INTO player_score VALUES('554b7fb34',77,'25b3933d6','5016e6b08',199155,1265,1653652818,1653652818);
INSERT INTO player_score VALUES('5b94519ce',77,'25b3933d6','50a87fa05',166012,1698,1653821515,1653821515);
INSERT INTO player_score VALUES('60e817991',77,'25b3933d6','567a25bb5',104500,1658,1653964517,1653964517);
INSERT INTO player_score VALUES('63bee329a',77,'25b3933d6','608ef638e',398820,1760,1654040727,1654040727);
INSERT INTO player_score VALUES('6381cb81a',77,'25b3933d6','637bfcb49',208791,1743,1654034321,1654034321);
INSERT INTO player_score VALUES('62447a988',77,'25d89171d','1f9082d8b',102144,1854,1654001048,1654001048);
INSERT INTO player_score VALUES('3a01c96ef',77,'25d89171d','25fb7ddec',0,931,1652920313,1652920313);
INSERT INTO player_score VALUES('4b434374f',77,'25d89171d','2600efecc',694200,1178,1653383519,1653383519);
INSERT INTO player_score VALUES('61d311660',77,'25d89171d','2b95463ac',119769,1887,1653989156,1653989156);
INSERT INTO player_score VALUES('62da79089',77,'25d89171d','37c98cabf',78694,1735,1654016776,1654016776);
INSERT INTO player_score VALUES('49fa8aa02',77,'25d89171d','3acad4b7a',145416,1178,1653349050,1653349050);
INSERT INTO player_score VALUES('626f7ae73',77,'25d89171d','3bf962554',77280,1874,1654005557,1654005557);
INSERT INTO player_score VALUES('57f3c1373',77,'25d89171d','3f14fca2c',495616,1480,1653724148,1653724148);
INSERT INTO player_score VALUES('6123be961',77,'25d89171d','4330fe9b1',66150,1675,1653970772,1653970772);
INSERT INTO player_score VALUES('52dbe90bd',77,'25d89171d','49cba6394',2400,1273,1653587430,1653587430);
INSERT INTO player_score VALUES('61ae4b587',77,'25d89171d','4a335a137',171312,1821,1653985300,1653985300);
INSERT INTO player_score VALUES('5ff37e68a',77,'25d89171d','4b20c4df3',122322,1880,1653938869,1653938869);
INSERT INTO player_score VALUES('4fa1b6b22',77,'25d89171d','4ef22466e',611226,1300,1653500797,1653500797);
INSERT INTO player_score VALUES('555ad09b5',77,'25d89171d','5016e6b08',70490,1275,1653654424,1653654424);
INSERT INTO player_score VALUES('5be607980',77,'25d89171d','50a87fa05',40851,1731,1653830083,1653830083);
INSERT INTO player_score VALUES('61f73b365',77,'25d89171d','567a25bb5',98208,1833,1653992948,1653992948);
INSERT INTO player_score VALUES('63a1ca711',77,'25d89171d','608ef638e',46464,1709,1654037676,1654037676);
INSERT INTO player_score VALUES('6381eb3ed',77,'25d89171d','637bfcb49',31800,1774,1654034334,1654034334);
INSERT INTO player_score VALUES('5f6fc0d42',77,'268f7e11e','1f9082d8b',468468,1769,1653925055,1653925055);
INSERT INTO player_score VALUES('39f5994d7',77,'268f7e11e','25fb7ddec',14168,929,1652919035,1652919035);
INSERT INTO player_score VALUES('482564152',77,'268f7e11e','2600efecc',151470,1069,1653299856,1653299856);
INSERT INTO player_score VALUES('5d104d055',77,'268f7e11e','2b95463ac',0,1737,1653861359,1653861359);
INSERT INTO player_score VALUES('5cf1c12fb',77,'268f7e11e','37c98cabf',404544,1515,1653858156,1653858156);
INSERT INTO player_score VALUES('49deb6990',77,'268f7e11e','3acad4b7a',5712,1169,1653346132,1653346132);
INSERT INTO player_score VALUES('6186dc21e',77,'268f7e11e','3bf962554',370461,1830,1653981165,1653981165);
INSERT INTO player_score VALUES('579c2193c',77,'268f7e11e','3f14fca2c',43092,1458,1653714960,1653714960);
INSERT INTO player_score VALUES('617f42510',77,'268f7e11e','4330fe9b1',193830,1700,1653980368,1653980368);
INSERT INTO player_score VALUES('5fab5b996',77,'268f7e11e','4a335a137',27936,1674,1653931305,1653931305);
INSERT INTO player_score VALUES('5f8e47c09',77,'268f7e11e','4b20c4df3',65660,1840,1653928256,1653928256);
INSERT INTO player_score VALUES('4f98fccda',77,'268f7e11e','4ef22466e',203580,1226,1653499882,1653499882);
INSERT INTO player_score VALUES('54fe71278',77,'268f7e11e','5016e6b08',11172,1199,1653644738,1653644738);
INSERT INTO player_score VALUES('5ba1c18d7',77,'268f7e11e','50a87fa05',7540,1702,1653822924,1653822924);
INSERT INTO player_score VALUES('62ae49ffa',77,'268f7e11e','567a25bb5',684,1936,1654012143,1654012143);
INSERT INTO player_score VALUES('63b63cceb',77,'268f7e11e','608ef638e',285430,1744,1654039820,1654039820);
INSERT INTO player_score VALUES('6381f022a',77,'268f7e11e','637bfcb49',12420,1780,1654034336,1654034336);
INSERT INTO player_score VALUES('60db501f0',77,'26b3a56cc','1f9082d8b',449692,1805,1653963177,1653963177);
INSERT INTO player_score VALUES('393db61b3',77,'26b3a56cc','25fb7ddec',204972,897,1652899753,1652899753);
INSERT INTO player_score VALUES('4afbf77d0',77,'26b3a56cc','2600efecc',396480,1171,1653376043,1653376043);
INSERT INTO player_score VALUES('629eea747',77,'26b3a56cc','2b95463ac',204600,1915,1654010531,1654010531);
INSERT INTO player_score VALUES('60b27a04b',77,'26b3a56cc','37c98cabf',18360,1662,1653958895,1653958895);
INSERT INTO player_score VALUES('47cf7490c',77,'26b3a56cc','3acad4b7a',71050,1026,1653290845,1653290845);
INSERT INTO player_score VALUES('5e766561f',77,'26b3a56cc','3bf962554',0,1693,1653898908,1653898908);
INSERT INTO player_score VALUES('57ed0ceb6',77,'26b3a56cc','3f14fca2c',62720,1479,1653723445,1653723445);
INSERT INTO player_score VALUES('636ed8700',77,'26b3a56cc','4330fe9b1',5600,1790,1654032334,1654032334);
INSERT INTO player_score VALUES('52d68cf62',77,'26b3a56cc','49cba6394',178640,1272,1653586868,1653586868);
INSERT INTO player_score VALUES('61feb2d4e',77,'26b3a56cc','4a335a137',336490,1846,1653993731,1653993731);
INSERT INTO player_score VALUES('5e58dec8c',77,'26b3a56cc','4b20c4df3',366597,1724,1653895812,1653895812);
INSERT INTO player_score VALUES('4f91ac3fb',77,'26b3a56cc','4ef22466e',82944,1162,1653499115,1653499115);
INSERT INTO player_score VALUES('55556ac36',77,'26b3a56cc','5016e6b08',14630,1271,1653653858,1653653858);
INSERT INTO player_score VALUES('6093286b9',77,'26b3a56cc','567a25bb5',23780,1612,1653955611,1653955611);
INSERT INTO player_score VALUES('6366bfaeb',77,'26b3a56cc','608ef638e',191884,1558,1654031485,1654031485);
INSERT INTO player_score VALUES('6381e65cc',77,'26b3a56cc','637bfcb49',588240,1770,1654034332,1654034332);
INSERT INTO player_score VALUES('61dff14e3',77,'27aea4ce2','1f9082d8b',589248,1840,1653990506,1653990506);
INSERT INTO player_score VALUES('49a77c69c',77,'27aea4ce2','2600efecc',0,1129,1653340341,1653340341);
INSERT INTO player_score VALUES('632444a83',77,'27aea4ce2','2b95463ac',161994,1931,1654024514,1654024514);
INSERT INTO player_score VALUES('62bfdd839',77,'27aea4ce2','37c98cabf',241758,1733,1654013986,1654013986);
INSERT INTO player_score VALUES('499ac871d',77,'27aea4ce2','3acad4b7a',346122,1155,1653339009,1653339009);
INSERT INTO player_score VALUES('5fe76e054',77,'27aea4ce2','3bf962554',191268,1758,1653937604,1653937604);
INSERT INTO player_score VALUES('568312e49',77,'27aea4ce2','3f14fca2c',97008,1396,1653685489,1653685489);
INSERT INTO player_score VALUES('63a5eb928',77,'27aea4ce2','4330fe9b1',5481,1809,1654038109,1654038109);
INSERT INTO player_score VALUES('61af77a0c',77,'27aea4ce2','4a335a137',288,1822,1653985423,1653985423);
INSERT INTO player_score VALUES('5fb0400b4',77,'27aea4ce2','4b20c4df3',97092,1850,1653931818,1653931818);
INSERT INTO player_score VALUES('4f97f51f6',77,'27aea4ce2','4ef22466e',21300,1217,1653499774,1653499774);
INSERT INTO player_score VALUES('547205e0c',77,'27aea4ce2','5016e6b08',2304,1076,1653630014,1653630014);
INSERT INTO player_score VALUES('5ba9ae5e6',77,'27aea4ce2','50a87fa05',204050,1706,1653823755,1653823755);
INSERT INTO player_score VALUES('6248834fa',77,'27aea4ce2','567a25bb5',418071,1877,1654001471,1654001471);
INSERT INTO player_score VALUES('63bf4746a',77,'27aea4ce2','608ef638e',18800,1763,1654040768,1654040768);
INSERT INTO player_score VALUES('5ebd7449e',77,'27c1d9cb5','1f9082d8b',19800,1752,1653906359,1653906359);
INSERT INTO player_score VALUES('37b84264f',77,'27c1d9cb5','25fb7ddec',21896,817,1652858916,1652858916);
INSERT INTO player_score VALUES('4b587e06a',77,'27c1d9cb5','2600efecc',163944,1181,1653385745,1653385745);
INSERT INTO player_score VALUES('63b380220',77,'27c1d9cb5','2b95463ac',0,1954,1654039533,1654039533);
INSERT INTO player_score VALUES('493b6a658',77,'27c1d9cb5','3acad4b7a',124832,1127,1653329009,1653329009);
INSERT INTO player_score VALUES('628615075',77,'27c1d9cb5','3bf962554',72675,1879,1654007927,1654007927);
INSERT INTO player_score VALUES('57050f43c',77,'27c1d9cb5','3f14fca2c',134871,1430,1653699119,1653699119);
INSERT INTO player_score VALUES('600d0fd1b',77,'27c1d9cb5','4330fe9b1',35420,1616,1653941550,1653941550);
INSERT INTO player_score VALUES('5f24589ee',77,'27c1d9cb5','4b20c4df3',378632,1801,1653917148,1653917148);
INSERT INTO player_score VALUES('4fa18f9ee',77,'27c1d9cb5','4ef22466e',10080,1298,1653500781,1653500781);
INSERT INTO player_score VALUES('5547af248',77,'27c1d9cb5','5016e6b08',220932,1260,1653652418,1653652418);
INSERT INTO player_score VALUES('5bead8815',77,'27c1d9cb5','50a87fa05',176249,1734,1653830588,1653830588);
INSERT INTO player_score VALUES('6312fa612',77,'27c1d9cb5','567a25bb5',132480,1999,1654022701,1654022701);
INSERT INTO player_score VALUES('63c19137c',77,'27c1d9cb5','608ef638e',209484,1767,1654041008,1654041008);
INSERT INTO player_score VALUES('6381cdf61',77,'27c1d9cb5','637bfcb49',219600,1747,1654034322,1654034322);
INSERT INTO player_score VALUES('5169722c1',77,'27d10af6d','1f9082d8b',2040,1388,1653548584,1653548584);
INSERT INTO player_score VALUES('39f0f93af',77,'27d10af6d','25fb7ddec',19440,928,1652918550,1652918550);
INSERT INTO player_score VALUES('49fae763e',77,'27d10af6d','2600efecc',58310,1142,1653349088,1653349088);
INSERT INTO player_score VALUES('58f79a34a',77,'27d10af6d','2b95463ac',286848,1607,1653751395,1653751395);
INSERT INTO player_score VALUES('61e7d1e51',77,'27d10af6d','37c98cabf',5746,1706,1653991332,1653991332);
INSERT INTO player_score VALUES('49f68e190',77,'27d10af6d','3acad4b7a',4992,1175,1653348632,1653348632);
INSERT INTO player_score VALUES('62be9db1c',77,'27d10af6d','3bf962554',11200,1889,1654013855,1654013855);
INSERT INTO player_score VALUES('56fb63ae9',77,'27d10af6d','3f14fca2c',261324,1429,1653698105,1653698105);
INSERT INTO player_score VALUES('52c745d4a',77,'27d10af6d','49cba6394',27225,1265,1653585266,1653585266);
INSERT INTO player_score VALUES('63219b7b8',77,'27d10af6d','4a335a137',281050,1952,1654024235,1654024235);
INSERT INTO player_score VALUES('5efcc73d3',77,'27d10af6d','4b20c4df3',55872,1784,1653912999,1653912999);
INSERT INTO player_score VALUES('4f970ac40',77,'27d10af6d','4ef22466e',63756,1212,1653499678,1653499678);
INSERT INTO player_score VALUES('556bc2f98',77,'27d10af6d','5016e6b08',428452,1302,1653656201,1653656201);
INSERT INTO player_score VALUES('5b8462070',77,'27d10af6d','50a87fa05',34398,1685,1653819844,1653819844);
INSERT INTO player_score VALUES('62f110bce',77,'27d10af6d','567a25bb5',6720,1976,1654019145,1654019145);
INSERT INTO player_score VALUES('630f0a169',77,'27d10af6d','608ef638e',902,1371,1654022288,1654022288);
INSERT INTO player_score VALUES('6381f503b',77,'27d10af6d','637bfcb49',12768,1787,1654034338,1654034338);
INSERT INTO player_score VALUES('5e21e8f1d',77,'2839080d6','1f9082d8b',13608,1730,1653890049,1653890049);
INSERT INTO player_score VALUES('3991bfc63',77,'2839080d6','25fb7ddec',220320,913,1652908565,1652908565);
INSERT INTO player_score VALUES('4bb87ac7a',77,'2839080d6','2600efecc',17632,1191,1653395810,1653395810);
INSERT INTO player_score VALUES('634bb64c4',77,'2839080d6','2b95463ac',302580,1940,1654028650,1654028650);
INSERT INTO player_score VALUES('630e619d0',77,'2839080d6','37c98cabf',670972,1741,1654022219,1654022219);
INSERT INTO player_score VALUES('4894f8866',77,'2839080d6','3acad4b7a',114080,1093,1653311556,1653311556);
INSERT INTO player_score VALUES('555813ed3',77,'2839080d6','3f14fca2c',382536,1327,1653654137,1653654137);
INSERT INTO player_score VALUES('52607506b',77,'2839080d6','49cba6394',49572,1206,1653574485,1653574485);
INSERT INTO player_score VALUES('63af97291',77,'2839080d6','4a335a137',2660,1988,1654039123,1654039123);
INSERT INTO player_score VALUES('5f7ca3283',77,'2839080d6','4b20c4df3',120900,1833,1653926406,1653926406);
INSERT INTO player_score VALUES('4fa249296',77,'2839080d6','4ef22466e',70702,1301,1653500857,1653500857);
INSERT INTO player_score VALUES('556cb722e',77,'2839080d6','5016e6b08',140400,1305,1653656301,1653656301);
INSERT INTO player_score VALUES('5b50e26c9',77,'2839080d6','50a87fa05',882090,1651,1653814444,1653814444);
INSERT INTO player_score VALUES('622b32716',77,'2839080d6','567a25bb5',23400,1861,1653998397,1653998397);
INSERT INTO player_score VALUES('6377db903',77,'2839080d6','608ef638e',572,1594,1654033279,1654033279);
INSERT INTO player_score VALUES('63819f928',77,'2839080d6','637bfcb49',582582,1680,1654034303,1654034303);
INSERT INTO player_score VALUES('61bce7924',77,'29411d061','1f9082d8b',2160,1835,1653986832,1653986832);
INSERT INTO player_score VALUES('384ad941a',77,'29411d061','25fb7ddec',200860,849,1652874287,1652874287);
INSERT INTO player_score VALUES('4a2f22fac',77,'29411d061','2600efecc',67620,1146,1653354565,1653354565);
INSERT INTO player_score VALUES('62fffb1ae',77,'29411d061','2b95463ac',336474,1927,1654020709,1654020709);
INSERT INTO player_score VALUES('636d0621c',77,'29411d061','37c98cabf',648,1761,1654032143,1654032143);
INSERT INTO player_score VALUES('49630f4e4',77,'29411d061','3acad4b7a',543685,1139,1653333166,1653333166);
INSERT INTO player_score VALUES('61dd2ada0',77,'29411d061','3bf962554',87892,1853,1653990215,1653990215);
INSERT INTO player_score VALUES('609dc3487',77,'29411d061','4330fe9b1',82410,1645,1653956723,1653956723);
INSERT INTO player_score VALUES('526a11f7e',77,'29411d061','49cba6394',2352,1212,1653575493,1653575493);
INSERT INTO player_score VALUES('63aacd92a',77,'29411d061','4a335a137',106920,1987,1654038621,1654038621);
INSERT INTO player_score VALUES('5fd94489e',77,'29411d061','4b20c4df3',108664,1864,1653936119,1653936119);
INSERT INTO player_score VALUES('554877570',77,'29411d061','5016e6b08',20000,1261,1653652500,1653652500);
INSERT INTO player_score VALUES('5ba694e69',77,'29411d061','50a87fa05',2185,1705,1653823430,1653823430);
INSERT INTO player_score VALUES('63c63fed4',77,'29411d061','608ef638e',73720,1774,1654041499,1654041499);
INSERT INTO player_score VALUES('540694fff',77,'2a175177f','1f9082d8b',14790,1465,1653618748,1653618748);
INSERT INTO player_score VALUES('378459d3d',77,'2a175177f','25fb7ddec',20680,807,1652853473,1652853473);
INSERT INTO player_score VALUES('5fab36fce',77,'2a175177f','37c98cabf',33660,1628,1653931290,1653931290);
INSERT INTO player_score VALUES('4929530aa',77,'2a175177f','3acad4b7a',34440,1125,1653327112,1653327112);
INSERT INTO player_score VALUES('5dd37fb79',77,'2a175177f','3bf962554',25326,1663,1653881827,1653881827);
INSERT INTO player_score VALUES('57b859b1b',77,'2a175177f','3f14fca2c',96480,1467,1653717919,1653717919);
INSERT INTO player_score VALUES('63a525d45',77,'2a175177f','4330fe9b1',25800,1808,1654038028,1654038028);
INSERT INTO player_score VALUES('52a03f967',77,'2a175177f','49cba6394',238050,1239,1653581174,1653581174);
INSERT INTO player_score VALUES('62b8e748d',77,'2a175177f','4a335a137',29970,1910,1654013256,1654013256);
INSERT INTO player_score VALUES('604c170fc',77,'2a175177f','4b20c4df3',145464,1904,1653948159,1653948159);
INSERT INTO player_score VALUES('4f94a864d',77,'2a175177f','4ef22466e',117992,1190,1653499428,1653499428);
INSERT INTO player_score VALUES('5569ce7f4',77,'2a175177f','5016e6b08',11610,1297,1653655996,1653655996);
INSERT INTO player_score VALUES('5ad83270c',77,'2a175177f','50a87fa05',0,1574,1653801789,1653801789);
INSERT INTO player_score VALUES('6256a7eed',77,'2a175177f','567a25bb5',192192,1887,1654002954,1654002954);
INSERT INTO player_score VALUES('63abd7b0f',77,'2a175177f','608ef638e',133056,1726,1654038730,1654038730);
INSERT INTO player_score VALUES('6382013ac',77,'2a175177f','637bfcb49',5694,1802,1654034343,1654034343);
INSERT INTO player_score VALUES('395461560',77,'2bc266f24','25fb7ddec',6208,903,1652902130,1652902130);
INSERT INTO player_score VALUES('4b1904025',77,'2bc266f24','2600efecc',14448,1174,1653379089,1653379089);
INSERT INTO player_score VALUES('62c10eb5a',77,'2bc266f24','2b95463ac',83581,1921,1654014111,1654014111);
INSERT INTO player_score VALUES('617027230',77,'2bc266f24','37c98cabf',58480,1691,1653978784,1653978784);
INSERT INTO player_score VALUES('49d8e0717',77,'2bc266f24','3acad4b7a',45214,1166,1653345520,1653345520);
INSERT INTO player_score VALUES('639f71dcd',77,'2bc266f24','3bf962554',170,1937,1654037430,1654037430);
INSERT INTO player_score VALUES('5801387c9',77,'2bc266f24','3f14fca2c',312576,1484,1653725560,1653725560);
INSERT INTO player_score VALUES('636f35378',77,'2bc266f24','4330fe9b1',84388,1791,1654032372,1654032372);
INSERT INTO player_score VALUES('51eeb8d3f',77,'2bc266f24','49cba6394',58590,1150,1653562559,1653562559);
INSERT INTO player_score VALUES('62f26b6a0',77,'2bc266f24','4a335a137',774300,1932,1654019287,1654019287);
INSERT INTO player_score VALUES('5f077f5ee',77,'2bc266f24','4b20c4df3',175956,1787,1653914123,1653914123);
INSERT INTO player_score VALUES('4f93047d3',77,'2bc266f24','4ef22466e',5076,1171,1653499256,1653499256);
INSERT INTO player_score VALUES('55640be38',77,'2bc266f24','5016e6b08',229755,1289,1653655392,1653655392);
INSERT INTO player_score VALUES('5bcd43402',77,'2bc266f24','50a87fa05',233892,1720,1653827486,1653827486);
INSERT INTO player_score VALUES('608423360',77,'2bc266f24','567a25bb5',108750,1601,1653954036,1653954036);
INSERT INTO player_score VALUES('63c415be6',77,'2bc266f24','608ef638e',124500,1770,1654041272,1654041272);
INSERT INTO player_score VALUES('6381a206c',77,'2bc266f24','637bfcb49',114855,1686,1654034304,1654034304);
INSERT INTO player_score VALUES('62afeb7b9',77,'2c02c671d','1f9082d8b',9324,1866,1654012314,1654012314);
INSERT INTO player_score VALUES('38e90b4eb',77,'2c02c671d','25fb7ddec',92664,880,1652890875,1652890875);
INSERT INTO player_score VALUES('4ae106831',77,'2c02c671d','2600efecc',465760,1165,1653373218,1653373218);
INSERT INTO player_score VALUES('61fd77e84',77,'2c02c671d','2b95463ac',516912,1894,1653993602,1653993602);
INSERT INTO player_score VALUES('633eeed17',77,'2c02c671d','37c98cabf',41454,1750,1654027310,1654027310);
INSERT INTO player_score VALUES('49c093c1c',77,'2c02c671d','3acad4b7a',0,1162,1653342972,1653342972);
INSERT INTO player_score VALUES('63920bab3',77,'2c02c671d','3bf962554',378,1931,1654036025,1654036025);
INSERT INTO player_score VALUES('57b5192e2',77,'2c02c671d','3f14fca2c',22792,1466,1653717578,1653717578);
INSERT INTO player_score VALUES('63bc04518',77,'2c02c671d','4330fe9b1',77248,1815,1654040426,1654040426);
INSERT INTO player_score VALUES('5284d7004',77,'2c02c671d','49cba6394',495670,1225,1653578300,1653578300);
INSERT INTO player_score VALUES('63c5de49c',77,'2c02c671d','4a335a137',82560,1998,1654041459,1654041459);
INSERT INTO player_score VALUES('602b0e0b4',77,'2c02c671d','4b20c4df3',96288,1895,1653944695,1653944695);
INSERT INTO player_score VALUES('4fa1aa7b0',77,'2c02c671d','4ef22466e',93500,1299,1653500792,1653500792);
INSERT INTO player_score VALUES('556b9e5b5',77,'2c02c671d','5016e6b08',186240,1301,1653656186,1653656186);
INSERT INTO player_score VALUES('5b2813a69',77,'2c02c671d','50a87fa05',110925,1615,1653810165,1653810165);
INSERT INTO player_score VALUES('616dc9ad3',77,'2c02c671d','567a25bb5',18700,1754,1653978536,1653978536);
INSERT INTO player_score VALUES('63c410dcf',77,'2c02c671d','608ef638e',26320,1769,1654041270,1654041270);
INSERT INTO player_score VALUES('638203a9b',77,'2c02c671d','637bfcb49',67947,1805,1654034344,1654034344);
INSERT INTO player_score VALUES('6160155b9',77,'2c247ccfc','1f9082d8b',17200,1824,1653977099,1653977099);
INSERT INTO player_score VALUES('394b91776',77,'2c247ccfc','25fb7ddec',278460,900,1652901206,1652901206);
INSERT INTO player_score VALUES('4576ed344',77,'2c247ccfc','2600efecc',0,982,1653227875,1653227875);
INSERT INTO player_score VALUES('62241ee86',77,'2c247ccfc','2b95463ac',52800,1899,1653997655,1653997655);
INSERT INTO player_score VALUES('608a2f0ef',77,'2c247ccfc','37c98cabf',255200,1656,1653954670,1653954670);
INSERT INTO player_score VALUES('4870486db',77,'2c247ccfc','3acad4b7a',48708,1076,1653307709,1653307709);
INSERT INTO player_score VALUES('6162d20ab',77,'2c247ccfc','3bf962554',74240,1824,1653977386,1653977386);
INSERT INTO player_score VALUES('57c2a66c1',77,'2c247ccfc','3f14fca2c',75460,1470,1653718999,1653718999);
INSERT INTO player_score VALUES('61df21c81',77,'2c247ccfc','4330fe9b1',47730,1714,1653990421,1653990421);
INSERT INTO player_score VALUES('52c0bd7b1',77,'2c247ccfc','49cba6394',108000,1256,1653584581,1653584581);
INSERT INTO player_score VALUES('639337f6d',77,'2c247ccfc','4a335a137',133584,1978,1654036148,1654036148);
INSERT INTO player_score VALUES('5f8aca333',77,'2c247ccfc','4b20c4df3',37800,1835,1653927890,1653927890);
INSERT INTO player_score VALUES('552173895',77,'2c247ccfc','5016e6b08',12384,1225,1653648409,1653648409);
INSERT INTO player_score VALUES('5b9dfd332',77,'2c247ccfc','50a87fa05',141504,1701,1653822529,1653822529);
INSERT INTO player_score VALUES('62ae897e2',77,'2c247ccfc','567a25bb5',599104,1937,1654012169,1654012169);
INSERT INTO player_score VALUES('63a288df1',77,'2c247ccfc','608ef638e',23250,1712,1654037754,1654037754);
INSERT INTO player_score VALUES('6381eb3ee',77,'2c247ccfc','637bfcb49',604494,1775,1654034334,1654034334);
INSERT INTO player_score VALUES('373a44fcf',77,'2c2d84d1e','25fb7ddec',183330,796,1652845705,1652845705);
INSERT INTO player_score VALUES('4672c0f91',77,'2c2d84d1e','2600efecc',76560,1014,1653254281,1653254281);
INSERT INTO player_score VALUES('617440f39',77,'2c2d84d1e','2b95463ac',218834,1875,1653979214,1653979214);
INSERT INTO player_score VALUES('494b885f5',77,'2c2d84d1e','3acad4b7a',972,1132,1653330699,1653330699);
INSERT INTO player_score VALUES('5662028b6',77,'2c2d84d1e','3f14fca2c',596410,1388,1653682022,1653682022);
INSERT INTO player_score VALUES('6250af9b1',77,'2c2d84d1e','4330fe9b1',213180,1734,1654002328,1654002328);
INSERT INTO player_score VALUES('529a844d3',77,'2c2d84d1e','49cba6394',0,1236,1653580573,1653580573);
INSERT INTO player_score VALUES('631457802',77,'2c2d84d1e','4a335a137',22140,1949,1654022844,1654022844);
INSERT INTO player_score VALUES('5fef3157d',77,'2c2d84d1e','4b20c4df3',169360,1879,1653938418,1653938418);
INSERT INTO player_score VALUES('4f9896416',77,'2c2d84d1e','4ef22466e',2520,1220,1653499840,1653499840);
INSERT INTO player_score VALUES('555f6e3f4',77,'2c2d84d1e','5016e6b08',96900,1281,1653654908,1653654908);
INSERT INTO player_score VALUES('5b9ae6326',77,'2c2d84d1e','50a87fa05',57960,1700,1653822205,1653822205);
INSERT INTO player_score VALUES('6247c0017',77,'2c2d84d1e','567a25bb5',160834,1876,1654001391,1654001391);
INSERT INTO player_score VALUES('639442171',77,'2c2d84d1e','608ef638e',279720,1677,1654036257,1654036257);
INSERT INTO player_score VALUES('63813b7c4',77,'2c2d84d1e','637bfcb49',406980,1571,1654034262,1654034262);
INSERT INTO player_score VALUES('5ff960c46',77,'2c4bdd63e','1f9082d8b',45144,1784,1653939486,1653939486);
INSERT INTO player_score VALUES('38cdbd8d1',77,'2c4bdd63e','25fb7ddec',0,876,1652888012,1652888012);
INSERT INTO player_score VALUES('48c20d0e6',77,'2c4bdd63e','2600efecc',306229,1095,1653316283,1653316283);
INSERT INTO player_score VALUES('626f145fb',77,'2c4bdd63e','2b95463ac',26496,1906,1654005515,1654005515);
INSERT INTO player_score VALUES('633a90a72',77,'2c4bdd63e','37c98cabf',182094,1748,1654026852,1654026852);
INSERT INTO player_score VALUES('4991465e5',77,'2c4bdd63e','3acad4b7a',117576,1153,1653338012,1653338012);
INSERT INTO player_score VALUES('5b996e356',77,'2c4bdd63e','3bf962554',8450,1563,1653822051,1653822051);
INSERT INTO player_score VALUES('5796ca659',77,'2c4bdd63e','3f14fca2c',558360,1457,1653714400,1653714400);
INSERT INTO player_score VALUES('5e0b08054',77,'2c4bdd63e','4330fe9b1',52360,1518,1653887650,1653887650);
INSERT INTO player_score VALUES('52b1cbcad',77,'2c4bdd63e','49cba6394',368358,1252,1653583014,1653583014);
INSERT INTO player_score VALUES('63a810e34',77,'2c4bdd63e','4a335a137',55800,1986,1654038334,1654038334);
INSERT INTO player_score VALUES('5eaea4c93',77,'2c4bdd63e','4b20c4df3',198198,1755,1653904806,1653904806);
INSERT INTO player_score VALUES('5569a4fe6',77,'2c4bdd63e','5016e6b08',1625,1295,1653655979,1653655979);
INSERT INTO player_score VALUES('5b7d50f02',77,'2c4bdd63e','50a87fa05',384480,1680,1653819103,1653819103);
INSERT INTO player_score VALUES('62f4c6708',77,'2c4bdd63e','567a25bb5',257796,1982,1654019534,1654019534);
INSERT INTO player_score VALUES('6398cea49',77,'2c4bdd63e','608ef638e',21294,1685,1654036734,1654036734);
INSERT INTO player_score VALUES('6382061a3',77,'2c4bdd63e','637bfcb49',39886,1808,1654034345,1654034345);
INSERT INTO player_score VALUES('5ebd60c42',77,'2c5dd01aa','1f9082d8b',35685,1751,1653906351,1653906351);
INSERT INTO player_score VALUES('397052a8a',77,'2c5dd01aa','25fb7ddec',230958,909,1652905060,1652905060);
INSERT INTO player_score VALUES('606c111e1',77,'2c5dd01aa','2b95463ac',23400,1841,1653951512,1653951512);
INSERT INTO player_score VALUES('63658e84f',77,'2c5dd01aa','37c98cabf',560196,1756,1654031360,1654031360);
INSERT INTO player_score VALUES('610bd38c6',77,'2c5dd01aa','3bf962554',51680,1812,1653968264,1653968264);
INSERT INTO player_score VALUES('560164a84',77,'2c5dd01aa','3f14fca2c',89760,1356,1653671891,1653671891);
INSERT INTO player_score VALUES('6101b5333',77,'2c5dd01aa','4330fe9b1',21672,1667,1653967203,1653967203);
INSERT INTO player_score VALUES('636ee4a5f',77,'2c5dd01aa','4a335a137',68900,1972,1654032339,1654032339);
INSERT INTO player_score VALUES('5f782541f',77,'2c5dd01aa','4b20c4df3',27160,1832,1653925935,1653925935);
INSERT INTO player_score VALUES('4fa12b871',77,'2c5dd01aa','4ef22466e',102912,1294,1653500740,1653500740);
INSERT INTO player_score VALUES('54f016d26',77,'2c5dd01aa','5016e6b08',67896,1186,1653643233,1653643233);
INSERT INTO player_score VALUES('5b8c33fa6',77,'2c5dd01aa','50a87fa05',55440,1694,1653820664,1653820664);
INSERT INTO player_score VALUES('6302317e0',77,'2c5dd01aa','567a25bb5',108810,1990,1654020941,1654020941);
INSERT INTO player_score VALUES('63b501dd8',77,'2c5dd01aa','608ef638e',100646,1741,1654039691,1654039691);
INSERT INTO player_score VALUES('6381e8cf9',77,'2c5dd01aa','637bfcb49',568800,1772,1654034333,1654034333);
INSERT INTO player_score VALUES('615db575d',77,'2d763b374','1f9082d8b',0,1823,1653976850,1653976850);
INSERT INTO player_score VALUES('4ae2b433a',77,'2d763b374','2600efecc',52650,1166,1653373394,1653373394);
INSERT INTO player_score VALUES('56fab8c4f',77,'2d763b374','2b95463ac',221676,1523,1653698035,1653698035);
INSERT INTO player_score VALUES('610f97e4e',77,'2d763b374','37c98cabf',184240,1678,1653968659,1653968659);
INSERT INTO player_score VALUES('4913886c0',77,'2d763b374','3acad4b7a',246928,1119,1653324827,1653324827);
INSERT INTO player_score VALUES('62a3c796b',77,'2d763b374','3bf962554',316712,1885,1654011041,1654011041);
INSERT INTO player_score VALUES('57def9646',77,'2d763b374','3f14fca2c',5358,1473,1653721969,1653721969);
INSERT INTO player_score VALUES('63948b51c',77,'2d763b374','4330fe9b1',6216,1800,1654036287,1654036287);
INSERT INTO player_score VALUES('52a5fadf1',77,'2d763b374','49cba6394',55447,1242,1653581775,1653581775);
INSERT INTO player_score VALUES('602eeacca',77,'2d763b374','4b20c4df3',135520,1896,1653945100,1653945100);
INSERT INTO player_score VALUES('4f9edcb67',77,'2d763b374','4ef22466e',0,1269,1653500498,1653500498);
INSERT INTO player_score VALUES('5562aec6a',77,'2d763b374','5016e6b08',202752,1285,1653655249,1653655249);
INSERT INTO player_score VALUES('5bdfb75f4',77,'2d763b374','50a87fa05',69144,1728,1653829421,1653829421);
INSERT INTO player_score VALUES('62d530833',77,'2d763b374','567a25bb5',356356,1958,1654016222,1654016222);
INSERT INTO player_score VALUES('63a2336f1',77,'2d763b374','608ef638e',4452,1711,1654037719,1654037719);
INSERT INTO player_score VALUES('63817d656',77,'2d763b374','637bfcb49',1680,1641,1654034289,1654034289);
INSERT INTO player_score VALUES('3977d8ec7',77,'2da1f9f33','25fb7ddec',562464,911,1652905849,1652905849);
INSERT INTO player_score VALUES('619dd5798',77,'2da1f9f33','2b95463ac',511104,1878,1653983574,1653983574);
INSERT INTO player_score VALUES('62a7f4ec8',77,'2da1f9f33','37c98cabf',54684,1730,1654011479,1654011479);
INSERT INTO player_score VALUES('62d736148',77,'2da1f9f33','3bf962554',392920,1894,1654016434,1654016434);
INSERT INTO player_score VALUES('5637cf52f',77,'2da1f9f33','3f14fca2c',219492,1376,1653677597,1653677597);
INSERT INTO player_score VALUES('60bdf7e95',77,'2da1f9f33','4330fe9b1',26460,1650,1653960100,1653960100);
INSERT INTO player_score VALUES('5219ca375',77,'2da1f9f33','49cba6394',169200,1164,1653567075,1653567075);
INSERT INTO player_score VALUES('616fe53b5',77,'2da1f9f33','4a335a137',115024,1802,1653978757,1653978757);
INSERT INTO player_score VALUES('602984f65',77,'2da1f9f33','4b20c4df3',36722,1894,1653944534,1653944534);
INSERT INTO player_score VALUES('4fa05e739',77,'2da1f9f33','4ef22466e',198000,1289,1653500656,1653500656);
INSERT INTO player_score VALUES('5524c79b0',77,'2da1f9f33','5016e6b08',62400,1230,1653648758,1653648758);
INSERT INTO player_score VALUES('5b90d6807',77,'2da1f9f33','50a87fa05',23520,1697,1653821150,1653821150);
INSERT INTO player_score VALUES('61f25e1b3',77,'2da1f9f33','567a25bb5',232323,1829,1653992438,1653992438);
INSERT INTO player_score VALUES('6382013ad',77,'2da1f9f33','637bfcb49',119364,1799,1654034343,1654034343);
INSERT INTO player_score VALUES('63b01d6e8',77,'2eae17a46','1f9082d8b',100533,1892,1654039178,1654039178);
INSERT INTO player_score VALUES('484cdf7e5',77,'2eae17a46','2600efecc',8400,1076,1653303996,1653303996);
INSERT INTO player_score VALUES('5f19d3bee',77,'2eae17a46','37c98cabf',151164,1606,1653916045,1653916045);
INSERT INTO player_score VALUES('481895427',77,'2eae17a46','3acad4b7a',244215,1050,1653298513,1653298513);
INSERT INTO player_score VALUES('54fb61749',77,'2eae17a46','3f14fca2c',434160,1309,1653644417,1653644417);
INSERT INTO player_score VALUES('5fc4f6cab',77,'2eae17a46','4330fe9b1',92016,1597,1653933990,1653933990);
INSERT INTO player_score VALUES('52644327f',77,'2eae17a46','49cba6394',157248,1209,1653574884,1653574884);
INSERT INTO player_score VALUES('5f9a226dd',77,'2eae17a46','4a335a137',62310,1671,1653929499,1653929499);
INSERT INTO player_score VALUES('5f18b61bf',77,'2eae17a46','4b20c4df3',7140,1798,1653915928,1653915928);
INSERT INTO player_score VALUES('4f9898b48',77,'2eae17a46','4ef22466e',239382,1221,1653499841,1653499841);
INSERT INTO player_score VALUES('556bec7a8',77,'2eae17a46','5016e6b08',376607,1304,1653656218,1653656218);
INSERT INTO player_score VALUES('5b2d6d4b7',77,'2eae17a46','50a87fa05',15120,1620,1653810726,1653810726);
INSERT INTO player_score VALUES('6321a2d13',77,'2eae17a46','567a25bb5',44944,2014,1654024238,1654024238);
INSERT INTO player_score VALUES('63af098fa',77,'2eae17a46','608ef638e',223074,1732,1654039065,1654039065);
INSERT INTO player_score VALUES('6381dc9a6',77,'2eae17a46','637bfcb49',38220,1763,1654034328,1654034328);
INSERT INTO player_score VALUES('382caf192',77,'2f42eead5','25fb7ddec',348174,843,1652871124,1652871124);
INSERT INTO player_score VALUES('4aab9ea32',77,'2f42eead5','2600efecc',212352,1161,1653367618,1653367618);
INSERT INTO player_score VALUES('5f036591a',77,'2f42eead5','2b95463ac',18241,1798,1653913693,1653913693);
INSERT INTO player_score VALUES('639346a09',77,'2f42eead5','37c98cabf',12936,1767,1654036154,1654036154);
INSERT INTO player_score VALUES('48d0564a2',77,'2f42eead5','3acad4b7a',28080,1108,1653317781,1653317781);
INSERT INTO player_score VALUES('638e649dd',77,'2f42eead5','3bf962554',122220,1930,1654035642,1654035642);
INSERT INTO player_score VALUES('56aa64cc3',77,'2f42eead5','3f14fca2c',0,1412,1653689612,1653689612);
INSERT INTO player_score VALUES('631fe198c',77,'2f42eead5','4330fe9b1',56160,1782,1654024054,1654024054);
INSERT INTO player_score VALUES('51d7bf793',77,'2f42eead5','49cba6394',47558,1135,1653560150,1653560150);
INSERT INTO player_score VALUES('639c474cc',77,'2f42eead5','4a335a137',73964,1981,1654037098,1654037098);
INSERT INTO player_score VALUES('602479775',77,'2f42eead5','4b20c4df3',30080,1893,1653944005,1653944005);
INSERT INTO player_score VALUES('4fa0b3e6f',77,'2f42eead5','4ef22466e',28917,1293,1653500691,1653500691);
INSERT INTO player_score VALUES('551364ea8',77,'2f42eead5','5016e6b08',72688,1214,1653646935,1653646935);
INSERT INTO player_score VALUES('5bd76677b',77,'2f42eead5','50a87fa05',174240,1724,1653828549,1653828549);
INSERT INTO player_score VALUES('6275add33',77,'2f42eead5','567a25bb5',343656,1896,1654006207,1654006207);
INSERT INTO player_score VALUES('63819f929',77,'2f42eead5','637bfcb49',1488,1681,1654034303,1654034303);
INSERT INTO player_score VALUES('6200df7cd',77,'2f9a2ca5c','1f9082d8b',95418,1846,1653993959,1653993959);
INSERT INTO player_score VALUES('3969c2f47',77,'2f9a2ca5c','25fb7ddec',25970,906,1652904372,1652904372);
INSERT INTO player_score VALUES('61f2b5fe6',77,'2f9a2ca5c','2b95463ac',200896,1891,1653992474,1653992474);
INSERT INTO player_score VALUES('5c37b1571',77,'2f9a2ca5c','37c98cabf',223344,1484,1653838646,1653838646);
INSERT INTO player_score VALUES('495d3e121',77,'2f9a2ca5c','3acad4b7a',130500,1137,1653332556,1653332556);
INSERT INTO player_score VALUES('6074b7752',77,'2f9a2ca5c','3bf962554',90528,1790,1653952419,1653952419);
INSERT INTO player_score VALUES('5567f74dc',77,'2f9a2ca5c','3f14fca2c',57120,1330,1653655803,1653655803);
INSERT INTO player_score VALUES('63a46762c',77,'2f9a2ca5c','4330fe9b1',178432,1806,1654037950,1654037950);
INSERT INTO player_score VALUES('52c35a6b0',77,'2f9a2ca5c','49cba6394',368940,1260,1653584855,1653584855);
INSERT INTO player_score VALUES('61269891e',77,'2f9a2ca5c','4a335a137',25773,1783,1653971071,1653971071);
INSERT INTO player_score VALUES('5fc79147d',77,'2f9a2ca5c','4b20c4df3',11466,1856,1653934263,1653934263);
INSERT INTO player_score VALUES('4f81847de',77,'2f9a2ca5c','4ef22466e',20111,1046,1653497421,1653497421);
INSERT INTO player_score VALUES('556bccc2a',77,'2f9a2ca5c','5016e6b08',197964,1303,1653656205,1653656205);
INSERT INTO player_score VALUES('5b1785600',77,'2f9a2ca5c','50a87fa05',140400,1608,1653808429,1653808429);
INSERT INTO player_score VALUES('6328300f8',77,'2f9a2ca5c','567a25bb5',169785,2015,1654024925,1654024925);
INSERT INTO player_score VALUES('63a82bbc8',77,'2f9a2ca5c','608ef638e',178035,1722,1654038345,1654038345);
INSERT INTO player_score VALUES('638195d06',77,'2f9a2ca5c','637bfcb49',252121,1665,1654034299,1654034299);
INSERT INTO player_score VALUES('5ba162586',77,'303728a6c','1f9082d8b',35200,1660,1653822885,1653822885);
INSERT INTO player_score VALUES('37fd6698f',77,'303728a6c','25fb7ddec',252486,832,1652866166,1652866166);
INSERT INTO player_score VALUES('4b4ffc4b0',77,'303728a6c','2600efecc',555660,1180,1653384853,1653384853);
INSERT INTO player_score VALUES('61aea0caa',77,'303728a6c','37c98cabf',25092,1700,1653985335,1653985335);
INSERT INTO player_score VALUES('49638e454',77,'303728a6c','3acad4b7a',64480,1140,1653333218,1653333218);
INSERT INTO player_score VALUES('627d42be7',77,'303728a6c','3bf962554',377844,1877,1654007002,1654007002);
INSERT INTO player_score VALUES('56a5f31e4',77,'303728a6c','3f14fca2c',21000,1410,1653689146,1653689146);
INSERT INTO player_score VALUES('63b788d5c',77,'303728a6c','4330fe9b1',171749,1814,1654039956,1654039956);
INSERT INTO player_score VALUES('601ca0316',77,'303728a6c','4b20c4df3',33534,1890,1653943182,1653943182);
INSERT INTO player_score VALUES('4f9c55baa',77,'303728a6c','4ef22466e',74550,1247,1653500233,1653500233);
INSERT INTO player_score VALUES('55590a833',77,'303728a6c','5016e6b08',37600,1273,1653654238,1653654238);
INSERT INTO player_score VALUES('5becf8ed7',77,'303728a6c','50a87fa05',24424,1737,1653830811,1653830811);
INSERT INTO player_score VALUES('631f4559a',77,'303728a6c','567a25bb5',210366,2012,1654023990,1654023990);
INSERT INTO player_score VALUES('6399a7ea2',77,'303728a6c','608ef638e',4214,1686,1654036823,1654036823);
INSERT INTO player_score VALUES('6381a6e31',77,'303728a6c','637bfcb49',41216,1697,1654034306,1654034306);
INSERT INTO player_score VALUES('5b41bd782',77,'304872e87','1f9082d8b',60480,1651,1653812856,1653812856);
INSERT INTO player_score VALUES('4996f3036',77,'304872e87','2600efecc',120393,1125,1653338607,1653338607);
INSERT INTO player_score VALUES('60631069c',77,'304872e87','2b95463ac',49275,1838,1653950568,1653950568);
INSERT INTO player_score VALUES('61c518bb4',77,'304872e87','37c98cabf',37600,1704,1653987691,1653987691);
INSERT INTO player_score VALUES('49dd94113',77,'304872e87','3acad4b7a',25160,1168,1653346013,1653346013);
INSERT INTO player_score VALUES('61a9adb48',77,'304872e87','3bf962554',33930,1841,1653984816,1653984816);
INSERT INTO player_score VALUES('57ffc2f19',77,'304872e87','3f14fca2c',52650,1483,1653725407,1653725407);
INSERT INTO player_score VALUES('621fb21c6',77,'304872e87','4330fe9b1',169650,1725,1653997191,1653997191);
INSERT INTO player_score VALUES('52647b4f6',77,'304872e87','49cba6394',45318,1210,1653574907,1653574907);
INSERT INTO player_score VALUES('5e2b32e00',77,'304872e87','4a335a137',289800,1569,1653891023,1653891023);
INSERT INTO player_score VALUES('6034cf96b',77,'304872e87','4b20c4df3',195238,1897,1653945718,1653945718);
INSERT INTO player_score VALUES('4f8d1fae6',77,'304872e87','4ef22466e',19488,1124,1653498638,1653498638);
INSERT INTO player_score VALUES('555df643e',77,'304872e87','5016e6b08',19320,1279,1653654754,1653654754);
INSERT INTO player_score VALUES('5b8bb5090',77,'304872e87','50a87fa05',651035,1692,1653820612,1653820612);
INSERT INTO player_score VALUES('62888d5a8',77,'304872e87','567a25bb5',230640,1911,1654008186,1654008186);
INSERT INTO player_score VALUES('638a08e4b',77,'304872e87','608ef638e',54270,1648,1654035185,1654035185);
INSERT INTO player_score VALUES('6381b3199',77,'304872e87','637bfcb49',18032,1710,1654034311,1654034311);
INSERT INTO player_score VALUES('5ece50b4c',77,'31120e3fe','1f9082d8b',63147,1754,1653908127,1653908127);
INSERT INTO player_score VALUES('39bf35f62',77,'31120e3fe','25fb7ddec',41616,918,1652913332,1652913332);
INSERT INTO player_score VALUES('48e5fc45d',77,'31120e3fe','2600efecc',308550,1102,1653320051,1653320051);
INSERT INTO player_score VALUES('6348512b6',77,'31120e3fe','2b95463ac',4257,1939,1654028294,1654028294);
INSERT INTO player_score VALUES('636c899f4',77,'31120e3fe','37c98cabf',74048,1759,1654032092,1654032092);
INSERT INTO player_score VALUES('489f58c5a',77,'31120e3fe','3acad4b7a',144480,1096,1653312644,1653312644);
INSERT INTO player_score VALUES('637f1b07a',77,'31120e3fe','3bf962554',77910,1927,1654034039,1654034039);
INSERT INTO player_score VALUES('5663425d8',77,'31120e3fe','3f14fca2c',143451,1389,1653682153,1653682153);
INSERT INTO player_score VALUES('631d2eaf5',77,'31120e3fe','4330fe9b1',20580,1778,1654023771,1654023771);
INSERT INTO player_score VALUES('52ca02862',77,'31120e3fe','49cba6394',49364,1266,1653585553,1653585553);
INSERT INTO player_score VALUES('62f288b54',77,'31120e3fe','4a335a137',8360,1933,1654019299,1654019299);
INSERT INTO player_score VALUES('5fc2ddb05',77,'31120e3fe','4b20c4df3',50344,1852,1653933770,1653933770);
INSERT INTO player_score VALUES('4f9da1c5f',77,'31120e3fe','4ef22466e',230338,1258,1653500369,1653500369);
INSERT INTO player_score VALUES('55291c004',77,'31120e3fe','5016e6b08',72324,1233,1653649212,1653649212);
INSERT INTO player_score VALUES('630799c81',77,'31120e3fe','567a25bb5',8091,1994,1654021508,1654021508);
INSERT INTO player_score VALUES('63c43f3e9',77,'31120e3fe','608ef638e',6831,1771,1654041289,1654041289);
INSERT INTO player_score VALUES('63724006a',77,'31c8e9c48','1f9082d8b',204732,1886,1654032691,1654032691);
INSERT INTO player_score VALUES('396c0804a',77,'31c8e9c48','25fb7ddec',321900,908,1652904610,1652904610);
INSERT INTO player_score VALUES('4b6cd0a63',77,'31c8e9c48','2600efecc',25200,1184,1653387876,1653387876);
INSERT INTO player_score VALUES('5bc1e9fa0',77,'31c8e9c48','2b95463ac',69300,1701,1653826296,1653826296);
INSERT INTO player_score VALUES('62666b8fc',77,'31c8e9c48','37c98cabf',35112,1721,1654004607,1654004607);
INSERT INTO player_score VALUES('56851ae9e',77,'31c8e9c48','3f14fca2c',17400,1397,1653685702,1653685702);
INSERT INTO player_score VALUES('62e84d133',77,'31c8e9c48','4330fe9b1',296400,1770,1654018226,1654018226);
INSERT INTO player_score VALUES('52a79c5f7',77,'31c8e9c48','49cba6394',5544,1244,1653581946,1653581946);
INSERT INTO player_score VALUES('62eb2e666',77,'31c8e9c48','4a335a137',23188,1929,1654018528,1654018528);
INSERT INTO player_score VALUES('4f94dbae2',77,'31c8e9c48','4ef22466e',46452,1191,1653499449,1653499449);
INSERT INTO player_score VALUES('5522a72c2',77,'31c8e9c48','5016e6b08',2255,1227,1653648535,1653648535);
INSERT INTO player_score VALUES('5b540cfd6',77,'31c8e9c48','50a87fa05',96976,1653,1653814776,1653814776);
INSERT INTO player_score VALUES('61a2a8d0a',77,'31c8e9c48','567a25bb5',92120,1792,1653984080,1653984080);
INSERT INTO player_score VALUES('6381da287',77,'31c8e9c48','637bfcb49',221400,1762,1654034327,1654034327);
INSERT INTO player_score VALUES('5dd311db0',77,'32e4a67cd','1f9082d8b',18512,1721,1653881782,1653881782);
INSERT INTO player_score VALUES('39d47a4de',77,'32e4a67cd','25fb7ddec',199424,923,1652915562,1652915562);
INSERT INTO player_score VALUES('49e0cad42',77,'32e4a67cd','2600efecc',36309,1139,1653346350,1653346350);
INSERT INTO player_score VALUES('63b024c17',77,'32e4a67cd','2b95463ac',133570,1951,1654039181,1654039181);
INSERT INTO player_score VALUES('5fa0ea449',77,'32e4a67cd','37c98cabf',312910,1624,1653930210,1653930210);
INSERT INTO player_score VALUES('491ad1ac3',77,'32e4a67cd','3acad4b7a',26220,1121,1653325591,1653325591);
INSERT INTO player_score VALUES('58dbdc295',77,'32e4a67cd','3bf962554',107844,1424,1653748486,1653748486);
INSERT INTO player_score VALUES('564e2c6b5',77,'32e4a67cd','3f14fca2c',8232,1386,1653679942,1653679942);
INSERT INTO player_score VALUES('6268b7f11',77,'32e4a67cd','4330fe9b1',148230,1741,1654004848,1654004848);
INSERT INTO player_score VALUES('523537b11',77,'32e4a67cd','49cba6394',423108,1183,1653569951,1653569951);
INSERT INTO player_score VALUES('622d0c12d',77,'32e4a67cd','4a335a137',33920,1863,1653998591,1653998591);
INSERT INTO player_score VALUES('5fecdb330',77,'32e4a67cd','4b20c4df3',16926,1878,1653938173,1653938173);
INSERT INTO player_score VALUES('555c1ca51',77,'32e4a67cd','5016e6b08',121220,1277,1653654560,1653654560);
INSERT INTO player_score VALUES('59a2fcb86',77,'32e4a67cd','50a87fa05',94284,1393,1653769366,1653769366);
INSERT INTO player_score VALUES('5f5361a23',77,'32e4a67cd','567a25bb5',293328,1401,1653922080,1653922080);
INSERT INTO player_score VALUES('6381c914d',77,'32e4a67cd','637bfcb49',25480,1736,1654034320,1654034320);
INSERT INTO player_score VALUES('5fad612ff',77,'33feba673','1f9082d8b',28700,1775,1653931517,1653931517);
INSERT INTO player_score VALUES('391e7cefe',77,'33feba673','25fb7ddec',14364,891,1652896479,1652896479);
INSERT INTO player_score VALUES('4b6c4a635',77,'33feba673','2600efecc',155925,1183,1653387821,1653387821);
INSERT INTO player_score VALUES('6279c2be0',77,'33feba673','2b95463ac',146412,1909,1654006635,1654006635);
INSERT INTO player_score VALUES('61b7d24f8',77,'33feba673','37c98cabf',23030,1701,1653986299,1653986299);
INSERT INTO player_score VALUES('48942691f',77,'33feba673','3acad4b7a',123354,1092,1653311470,1653311470);
INSERT INTO player_score VALUES('63600dd33',77,'33feba673','3bf962554',2862,1918,1654030783,1654030783);
INSERT INTO player_score VALUES('56ee11061',77,'33feba673','3f14fca2c',56640,1428,1653696708,1653696708);
INSERT INTO player_score VALUES('62da7b79d',77,'33feba673','4330fe9b1',125324,1767,1654016777,1654016777);
INSERT INTO player_score VALUES('524618fa7',77,'33feba673','49cba6394',377856,1187,1653571721,1653571721);
INSERT INTO player_score VALUES('62be40ea6',77,'33feba673','4a335a137',259647,1912,1654013817,1654013817);
INSERT INTO player_score VALUES('5e479210d',77,'33feba673','4b20c4df3',370944,1716,1653893998,1653893998);
INSERT INTO player_score VALUES('4f95730c3',77,'33feba673','4ef22466e',74866,1201,1653499511,1653499511);
INSERT INTO player_score VALUES('556418195',77,'33feba673','5016e6b08',60060,1290,1653655397,1653655397);
INSERT INTO player_score VALUES('5b6382810',77,'33feba673','50a87fa05',402480,1663,1653816397,1653816397);
INSERT INTO player_score VALUES('6249b20eb',77,'33feba673','567a25bb5',102600,1878,1654001595,1654001595);
INSERT INTO player_score VALUES('6380a1ada',77,'33feba673','608ef638e',87360,1628,1654034199,1654034199);
INSERT INTO player_score VALUES('6381c1c28',77,'33feba673','637bfcb49',31671,1730,1654034317,1654034317);
INSERT INTO player_score VALUES('3a0402423',77,'34f2274d9','25fb7ddec',18000,932,1652920546,1652920546);
INSERT INTO player_score VALUES('4a948a6e3',77,'34f2274d9','2600efecc',44000,1158,1653365198,1653365198);
INSERT INTO player_score VALUES('63466dc48',77,'34f2274d9','2b95463ac',156774,1938,1654028096,1654028096);
INSERT INTO player_score VALUES('5d81596ea',77,'34f2274d9','37c98cabf',21658,1536,1653873213,1653873213);
INSERT INTO player_score VALUES('49cf8a521',77,'34f2274d9','3acad4b7a',14094,1165,1653344541,1653344541);
INSERT INTO player_score VALUES('63a03a0ac',77,'34f2274d9','3bf962554',40280,1938,1654037512,1654037512);
INSERT INTO player_score VALUES('638a65a81',77,'34f2274d9','4330fe9b1',0,1796,1654035223,1654035223);
INSERT INTO player_score VALUES('630cb17f4',77,'34f2274d9','4a335a137',50880,1944,1654022042,1654022042);
INSERT INTO player_score VALUES('5dd186561',77,'34f2274d9','4b20c4df3',223650,1683,1653881620,1653881620);
INSERT INTO player_score VALUES('554c9fcb6',77,'34f2274d9','5016e6b08',65490,1266,1653652936,1653652936);
INSERT INTO player_score VALUES('5b7f0383d',77,'34f2274d9','50a87fa05',96255,1681,1653819281,1653819281);
INSERT INTO player_score VALUES('631e895c7',77,'34f2274d9','567a25bb5',22330,2011,1654023913,1654023913);
INSERT INTO player_score VALUES('63ae3c78b',77,'34f2274d9','608ef638e',67760,1730,1654038981,1654038981);
INSERT INTO player_score VALUES('6380dc44a',77,'34f2274d9','637bfcb49',0,1448,1654034223,1654034223);
INSERT INTO player_score VALUES('623c6b9dc',77,'36d9e1b25','1f9082d8b',126540,1852,1654000203,1654000203);
INSERT INTO player_score VALUES('383a12d1c',77,'36d9e1b25','25fb7ddec',45600,846,1652872528,1652872528);
INSERT INTO player_score VALUES('4b0699a7c',77,'36d9e1b25','2600efecc',76875,1172,1653377158,1653377158);
INSERT INTO player_score VALUES('61fbdb4e7',77,'36d9e1b25','2b95463ac',21294,1893,1653993433,1653993433);
INSERT INTO player_score VALUES('61527bea6',77,'36d9e1b25','37c98cabf',79488,1685,1653975673,1653975673);
INSERT INTO player_score VALUES('49f82d26a',77,'36d9e1b25','3acad4b7a',132132,1176,1653348802,1653348802);
INSERT INTO player_score VALUES('6215dd02b',77,'36d9e1b25','3bf962554',6360,1862,1653996160,1653996160);
INSERT INTO player_score VALUES('553145d6b',77,'36d9e1b25','3f14fca2c',327186,1316,1653650068,1653650068);
INSERT INTO player_score VALUES('639ee1d0e',77,'36d9e1b25','4330fe9b1',9464,1804,1654037371,1654037371);
INSERT INTO player_score VALUES('5b9a1dfe8',77,'36d9e1b25','4a335a137',179200,1357,1653822123,1653822123);
INSERT INTO player_score VALUES('5fd06ae81',77,'36d9e1b25','4b20c4df3',275940,1860,1653935191,1653935191);
INSERT INTO player_score VALUES('4f950a0e5',77,'36d9e1b25','4ef22466e',42032,1193,1653499468,1653499468);
INSERT INTO player_score VALUES('556740316',77,'36d9e1b25','5016e6b08',198900,1292,1653655728,1653655728);
INSERT INTO player_score VALUES('5b7cea65b',77,'36d9e1b25','50a87fa05',3828,1679,1653819061,1653819061);
INSERT INTO player_score VALUES('62e507af9',77,'36d9e1b25','567a25bb5',28025,1970,1654017883,1654017883);
INSERT INTO player_score VALUES('638bb1b43',77,'36d9e1b25','608ef638e',7566,1658,1654035359,1654035359);
INSERT INTO player_score VALUES('6381f503d',77,'36d9e1b25','637bfcb49',99840,1785,1654034338,1654034338);
INSERT INTO player_score VALUES('6124f9898',77,'36de906be','1f9082d8b',0,1814,1653970901,1653970901);
INSERT INTO player_score VALUES('36039ea11',77,'36de906be','25fb7ddec',83640,749,1652813131,1652813131);
INSERT INTO player_score VALUES('4b99997e9',77,'36de906be','2600efecc',0,1189,1653392572,1653392572);
INSERT INTO player_score VALUES('62c20f0db',77,'36de906be','2b95463ac',85680,1922,1654014216,1654014216);
INSERT INTO player_score VALUES('635f9d844',77,'36de906be','37c98cabf',95319,1754,1654030737,1654030737);
INSERT INTO player_score VALUES('49bc1364c',77,'36de906be','3acad4b7a',26975,1160,1653342500,1653342500);
INSERT INTO player_score VALUES('619bf4835',77,'36de906be','3bf962554',84816,1834,1653983377,1653983377);
INSERT INTO player_score VALUES('54ad85ce5',77,'36de906be','3f14fca2c',48800,1279,1653636253,1653636253);
INSERT INTO player_score VALUES('63ac0fd8b',77,'36de906be','4330fe9b1',44640,1811,1654038753,1654038753);
INSERT INTO player_score VALUES('516c9f267',77,'36de906be','49cba6394',32940,1081,1653548917,1653548917);
INSERT INTO player_score VALUES('6048d68ae',77,'36de906be','4a335a137',10476,1719,1653947818,1653947818);
INSERT INTO player_score VALUES('5e6ba1088',77,'36de906be','4b20c4df3',284026,1734,1653897779,1653897779);
INSERT INTO player_score VALUES('4f9ef2b0d',77,'36de906be','4ef22466e',274805,1271,1653500507,1653500507);
INSERT INTO player_score VALUES('55449a937',77,'36de906be','5016e6b08',114972,1256,1653652095,1653652095);
INSERT INTO player_score VALUES('5b84c61e8',77,'36de906be','50a87fa05',170829,1687,1653819885,1653819885);
INSERT INTO player_score VALUES('62de89163',77,'36de906be','567a25bb5',249920,1965,1654017202,1654017202);
INSERT INTO player_score VALUES('63bd553b8',77,'36de906be','608ef638e',20304,1757,1654040564,1654040564);
INSERT INTO player_score VALUES('63815da65',77,'36de906be','637bfcb49',22272,1602,1654034276,1654034276);
INSERT INTO player_score VALUES('5e5cd184f',77,'370f953d6','1f9082d8b',2185,1740,1653896226,1653896226);
INSERT INTO player_score VALUES('38b5d283b',77,'370f953d6','25fb7ddec',16520,869,1652885504,1652885504);
INSERT INTO player_score VALUES('4a4edb191',77,'370f953d6','2600efecc',35200,1150,1653357891,1653357891);
INSERT INTO player_score VALUES('5e8abce60',77,'370f953d6','2b95463ac',3870,1786,1653901041,1653901041);
INSERT INTO player_score VALUES('61ff73b4e',77,'370f953d6','37c98cabf',7906,1711,1653993810,1653993810);
INSERT INTO player_score VALUES('49488752b',77,'370f953d6','3acad4b7a',17160,1131,1653330384,1653330384);
INSERT INTO player_score VALUES('5bb00fabf',77,'370f953d6','3bf962554',3564,1566,1653824424,1653824424);
INSERT INTO player_score VALUES('577b447fe',77,'370f953d6','3f14fca2c',99792,1454,1653711514,1653711514);
INSERT INTO player_score VALUES('626722ada',77,'370f953d6','4330fe9b1',6000,1740,1654004682,1654004682);
INSERT INTO player_score VALUES('52a149b5e',77,'370f953d6','49cba6394',195305,1240,1653581283,1653581283);
INSERT INTO player_score VALUES('634aa26ef',77,'370f953d6','4a335a137',62604,1964,1654028537,1654028537);
INSERT INTO player_score VALUES('5f72c44e6',77,'370f953d6','4b20c4df3',7888,1831,1653925371,1653925371);
INSERT INTO player_score VALUES('4fa05e73a',77,'370f953d6','4ef22466e',170660,1290,1653500656,1653500656);
INSERT INTO player_score VALUES('53f632a81',77,'370f953d6','5016e6b08',64350,942,1653617030,1653617030);
INSERT INTO player_score VALUES('58d18cfd6',77,'370f953d6','50a87fa05',10956,1272,1653747405,1653747405);
INSERT INTO player_score VALUES('6301f6e92',77,'370f953d6','567a25bb5',91800,1989,1654020917,1654020917);
INSERT INTO player_score VALUES('63b7d4898',77,'370f953d6','608ef638e',2958,1747,1654039987,1654039987);
INSERT INTO player_score VALUES('6381453a7',77,'370f953d6','637bfcb49',205900,1581,1654034266,1654034266);
INSERT INTO player_score VALUES('5d1514267',77,'375b3597d','1f9082d8b',18396,1705,1653861860,1653861860);
INSERT INTO player_score VALUES('399d2543b',77,'375b3597d','25fb7ddec',92008,915,1652909760,1652909760);
INSERT INTO player_score VALUES('4aa91a1fc',77,'375b3597d','2600efecc',41625,1160,1653367354,1653367354);
INSERT INTO player_score VALUES('62ff418e8',77,'375b3597d','2b95463ac',24336,1925,1654020633,1654020633);
INSERT INTO player_score VALUES('4881ad908',77,'375b3597d','3acad4b7a',208065,1084,1653309533,1653309533);
INSERT INTO player_score VALUES('6332a8b88',77,'375b3597d','3bf962554',42042,1912,1654026023,1654026023);
INSERT INTO player_score VALUES('57b490776',77,'375b3597d','3f14fca2c',3780,1465,1653717522,1653717522);
INSERT INTO player_score VALUES('5e3ffd28f',77,'375b3597d','4330fe9b1',1449,1529,1653893203,1653893203);
INSERT INTO player_score VALUES('521fc286a',77,'375b3597d','49cba6394',257446,1167,1653567701,1653567701);
INSERT INTO player_score VALUES('61235a814',77,'375b3597d','4a335a137',26624,1781,1653970731,1653970731);
INSERT INTO player_score VALUES('5e1b6f3b8',77,'375b3597d','4b20c4df3',143336,1703,1653889370,1653889370);
INSERT INTO player_score VALUES('4f9513d40',77,'375b3597d','4ef22466e',10220,1195,1653499472,1653499472);
INSERT INTO player_score VALUES('5562baf6a',77,'375b3597d','5016e6b08',10710,1286,1653655254,1653655254);
INSERT INTO player_score VALUES('5b1a0ec7c',77,'375b3597d','50a87fa05',42612,1609,1653808695,1653808695);
INSERT INTO player_score VALUES('6301ab39f',77,'375b3597d','567a25bb5',44712,1988,1654020886,1654020886);
INSERT INTO player_score VALUES('6381b589f',77,'375b3597d','637bfcb49',0,1711,1654034312,1654034312);
INSERT INTO player_score VALUES('61be89105',77,'379e850a2','1f9082d8b',672,1837,1653987003,1653987003);
INSERT INTO player_score VALUES('39347fb53',77,'379e850a2','25fb7ddec',190836,896,1652898787,1652898787);
INSERT INTO player_score VALUES('4a3e03906',77,'379e850a2','2600efecc',92500,1149,1653356125,1653356125);
INSERT INTO player_score VALUES('6095ea01d',77,'379e850a2','2b95463ac',159477,1845,1653955900,1653955900);
INSERT INTO player_score VALUES('486a32d2c',77,'379e850a2','3acad4b7a',383520,1074,1653307071,1653307071);
INSERT INTO player_score VALUES('633235fe1',77,'379e850a2','3bf962554',181104,1911,1654025976,1654025976);
INSERT INTO player_score VALUES('566152c0e',77,'379e850a2','3f14fca2c',1500,1387,1653681950,1653681950);
INSERT INTO player_score VALUES('631fae550',77,'379e850a2','4330fe9b1',131670,1781,1654024033,1654024033);
INSERT INTO player_score VALUES('52d23b039',77,'379e850a2','49cba6394',2652,1271,1653586415,1653586415);
INSERT INTO player_score VALUES('635a6d658',77,'379e850a2','4a335a137',132848,1968,1654030193,1654030193);
INSERT INTO player_score VALUES('5ff3f8791',77,'379e850a2','4b20c4df3',302064,1881,1653938919,1653938919);
INSERT INTO player_score VALUES('4f9343f75',77,'379e850a2','4ef22466e',158862,1174,1653499282,1653499282);
INSERT INTO player_score VALUES('5bc0fab9a',77,'379e850a2','50a87fa05',95472,1717,1653826198,1653826198);
INSERT INTO player_score VALUES('6319f30e4',77,'379e850a2','567a25bb5',89180,2006,1654023432,1654023432);
INSERT INTO player_score VALUES('6328b8c5d',77,'383d4c057','1f9082d8b',0,1879,1654024981,1654024981);
INSERT INTO player_score VALUES('39b730bcd',77,'383d4c057','25fb7ddec',2508,916,1652912491,1652912491);
INSERT INTO player_score VALUES('61aaed855',77,'383d4c057','2b95463ac',3772,1882,1653984947,1653984947);
INSERT INTO player_score VALUES('6313dfe05',77,'383d4c057','37c98cabf',5264,1742,1654022795,1654022795);
INSERT INTO player_score VALUES('497c72593',77,'383d4c057','3acad4b7a',26047,1145,1653335828,1653335828);
INSERT INTO player_score VALUES('62f5e6888',77,'383d4c057','3bf962554',187792,1901,1654019652,1654019652);
INSERT INTO player_score VALUES('574b4ea90',77,'383d4c057','3f14fca2c',71920,1443,1653706485,1653706485);
INSERT INTO player_score VALUES('6277b848a',77,'383d4c057','4330fe9b1',149184,1744,1654006421,1654006421);
INSERT INTO player_score VALUES('63a3c3cdd',77,'383d4c057','4a335a137',142884,1984,1654037883,1654037883);
INSERT INTO player_score VALUES('5f5ec71d0',77,'383d4c057','4b20c4df3',43200,1823,1653923275,1653923275);
INSERT INTO player_score VALUES('4f9592c91',77,'383d4c057','4ef22466e',46368,1202,1653499524,1653499524);
INSERT INTO player_score VALUES('553a44182',77,'383d4c057','5016e6b08',358530,1248,1653651011,1653651011);
INSERT INTO player_score VALUES('5bdf5f7ad',77,'383d4c057','50a87fa05',0,1727,1653829385,1653829385);
INSERT INTO player_score VALUES('62be98d2f',77,'383d4c057','567a25bb5',44206,1949,1654013853,1654013853);
INSERT INTO player_score VALUES('63acbabab',77,'383d4c057','608ef638e',21627,1728,1654038823,1654038823);
INSERT INTO player_score VALUES('63809093d',77,'383d4c057','637bfcb49',50094,1369,1654034192,1654034192);
INSERT INTO player_score VALUES('60833b456',77,'38582222d','1f9082d8b',24924,1795,1653953941,1653953941);
INSERT INTO player_score VALUES('390648a99',77,'38582222d','25fb7ddec',81075,887,1652893941,1652893941);
INSERT INTO player_score VALUES('5d6fe81b4',77,'38582222d','2b95463ac',269178,1744,1653871384,1653871384);
INSERT INTO player_score VALUES('627622ffc',77,'38582222d','37c98cabf',98642,1723,1654006255,1654006255);
INSERT INTO player_score VALUES('47c78a2fd',77,'38582222d','3acad4b7a',64042,1022,1653290015,1653290015);
INSERT INTO player_score VALUES('618d75919',77,'38582222d','3bf962554',29835,1832,1653981857,1653981857);
INSERT INTO player_score VALUES('55e2fafef',77,'38582222d','3f14fca2c',76368,1351,1653668702,1653668702);
INSERT INTO player_score VALUES('5f742b33b',77,'38582222d','4330fe9b1',510948,1583,1653925518,1653925518);
INSERT INTO player_score VALUES('52d1446e1',77,'38582222d','49cba6394',41580,1270,1653586314,1653586314);
INSERT INTO player_score VALUES('62d01658b',77,'38582222d','4a335a137',27560,1917,1654015687,1654015687);
INSERT INTO player_score VALUES('5ff776076',77,'38582222d','4b20c4df3',12600,1883,1653939285,1653939285);
INSERT INTO player_score VALUES('4fa0264f1',77,'38582222d','4ef22466e',6800,1286,1653500633,1653500633);
INSERT INTO player_score VALUES('55352ed00',77,'38582222d','5016e6b08',68870,1245,1653650478,1653650478);
INSERT INTO player_score VALUES('5b6916b6b',77,'38582222d','50a87fa05',25584,1668,1653816982,1653816982);
INSERT INTO player_score VALUES('62edf9b7c',77,'38582222d','567a25bb5',401280,1974,1654018821,1654018821);
INSERT INTO player_score VALUES('6382061a4',77,'38582222d','637bfcb49',7140,1807,1654034345,1654034345);
INSERT INTO player_score VALUES('5c8200ca7',77,'38bc0f33f','1f9082d8b',34560,1689,1653846438,1653846438);
INSERT INTO player_score VALUES('37f834076',77,'38bc0f33f','25fb7ddec',418992,830,1652865621,1652865621);
INSERT INTO player_score VALUES('4b73234d8',77,'38bc0f33f','2600efecc',56700,1185,1653388539,1653388539);
INSERT INTO player_score VALUES('63ab58bb9',77,'38bc0f33f','2b95463ac',1540,1949,1654038678,1654038678);
INSERT INTO player_score VALUES('639d9d18f',77,'38bc0f33f','37c98cabf',151810,1769,1654037238,1654037238);
INSERT INTO player_score VALUES('497feb060',77,'38bc0f33f','3acad4b7a',57960,1147,1653336192,1653336192);
INSERT INTO player_score VALUES('605f165b1',77,'38bc0f33f','3bf962554',0,1784,1653950151,1653950151);
INSERT INTO player_score VALUES('5709cf15c',77,'38bc0f33f','3f14fca2c',9960,1432,1653699617,1653699617);
INSERT INTO player_score VALUES('6256b1ae6',77,'38bc0f33f','4330fe9b1',158417,1737,1654002958,1654002958);
INSERT INTO player_score VALUES('528a4428e',77,'38bc0f33f','49cba6394',147888,1229,1653578869,1653578869);
INSERT INTO player_score VALUES('61ad7210c',77,'38bc0f33f','4a335a137',936,1820,1653985211,1653985211);
INSERT INTO player_score VALUES('5ef989269',77,'38bc0f33f','4b20c4df3',396704,1782,1653912659,1653912659);
INSERT INTO player_score VALUES('4f968e3f5',77,'38bc0f33f','4ef22466e',7020,1210,1653499627,1653499627);
INSERT INTO player_score VALUES('553d3b5f6',77,'38bc0f33f','5016e6b08',16170,1253,1653651322,1653651322);
INSERT INTO player_score VALUES('5b3afcf87',77,'38bc0f33f','50a87fa05',134400,1633,1653812148,1653812148);
INSERT INTO player_score VALUES('627669ce0',77,'38bc0f33f','567a25bb5',19712,1897,1654006284,1654006284);
INSERT INTO player_score VALUES('63b7e0bea',77,'38bc0f33f','608ef638e',4898,1748,1654039992,1654039992);
INSERT INTO player_score VALUES('6381f503e',77,'38bc0f33f','637bfcb49',112761,1788,1654034338,1654034338);
INSERT INTO player_score VALUES('638df9322',77,'38bd872df','1f9082d8b',0,1888,1654035598,1654035598);
INSERT INTO player_score VALUES('394711235',77,'38bd872df','25fb7ddec',74725,899,1652900734,1652900734);
INSERT INTO player_score VALUES('48142d55f',77,'38bd872df','2600efecc',142416,1067,1653298051,1653298051);
INSERT INTO player_score VALUES('6149a24ed',77,'38bd872df','2b95463ac',49383,1865,1653974745,1653974745);
INSERT INTO player_score VALUES('46d6c8e6d',77,'38bd872df','3acad4b7a',117645,953,1653264770,1653264770);
INSERT INTO player_score VALUES('60c71100c',77,'38bd872df','3bf962554',5520,1805,1653961054,1653961054);
INSERT INTO player_score VALUES('52ab9dc14',77,'38bd872df','49cba6394',279015,1246,1653582366,1653582366);
INSERT INTO player_score VALUES('634de2eec',77,'38bd872df','4a335a137',7200,1966,1654028878,1654028878);
INSERT INTO player_score VALUES('604b192b6',77,'38bd872df','4b20c4df3',1008,1902,1653948055,1653948055);
INSERT INTO player_score VALUES('4f9eb334d',77,'38bd872df','4ef22466e',150660,1267,1653500481,1653500481);
INSERT INTO player_score VALUES('553b24b12',77,'38bd872df','5016e6b08',771538,1249,1653651103,1653651103);
INSERT INTO player_score VALUES('5b808a21d',77,'38bd872df','50a87fa05',40736,1682,1653819441,1653819441);
INSERT INTO player_score VALUES('638c10e9c',77,'38bd872df','608ef638e',130560,1659,1654035398,1654035398);
INSERT INTO player_score VALUES('6381a473f',77,'38bd872df','637bfcb49',394632,1691,1654034305,1654034305);
INSERT INTO player_score VALUES('62bbe3739',77,'3961c9f08','1f9082d8b',110732,1870,1654013569,1654013569);
INSERT INTO player_score VALUES('4bbd7a111',77,'3961c9f08','2600efecc',26625,1192,1653396334,1653396334);
INSERT INTO player_score VALUES('5af09c6e8',77,'3961c9f08','2b95463ac',27104,1668,1653804349,1653804349);
INSERT INTO player_score VALUES('62ef8a1c4',77,'3961c9f08','37c98cabf',60528,1737,1654018985,1654018985);
INSERT INTO player_score VALUES('48483a8b0',77,'3961c9f08','3acad4b7a',47424,1063,1653303509,1653303509);
INSERT INTO player_score VALUES('6393ca739',77,'3961c9f08','3bf962554',92872,1932,1654036208,1654036208);
INSERT INTO player_score VALUES('540fd2b9d',77,'3961c9f08','3f14fca2c',195804,1239,1653619717,1653619717);
INSERT INTO player_score VALUES('6290a3ace',77,'3961c9f08','4330fe9b1',0,1750,1654009034,1654009034);
INSERT INTO player_score VALUES('5276e3360',77,'3961c9f08','49cba6394',18900,1219,1653576837,1653576837);
INSERT INTO player_score VALUES('623808940',77,'3961c9f08','4a335a137',2314,1866,1653999743,1653999743);
INSERT INTO player_score VALUES('4f9f4a906',77,'3961c9f08','4ef22466e',322137,1278,1653500543,1653500543);
INSERT INTO player_score VALUES('552eadc52',77,'3961c9f08','5016e6b08',26136,1240,1653649796,1653649796);
INSERT INTO player_score VALUES('5be1fc70e',77,'3961c9f08','50a87fa05',16940,1729,1653829659,1653829659);
INSERT INTO player_score VALUES('6304e1fb3',77,'3961c9f08','567a25bb5',16016,1991,1654021223,1654021223);
INSERT INTO player_score VALUES('63c550ad6',77,'3961c9f08','608ef638e',3300,1772,1654041401,1654041401);
INSERT INTO player_score VALUES('6381e65cd',77,'3961c9f08','637bfcb49',142912,1771,1654034332,1654034332);
INSERT INTO player_score VALUES('62bea7747',77,'3bf4bae91','1f9082d8b',16368,1873,1654013859,1654013859);
INSERT INTO player_score VALUES('4951b1840',77,'3bf4bae91','2600efecc',9315,1114,1653331345,1653331345);
INSERT INTO player_score VALUES('5d9d3e8b7',77,'3bf4bae91','2b95463ac',3640,1751,1653876138,1653876138);
INSERT INTO player_score VALUES('633be8e70',77,'3bf4bae91','37c98cabf',7020,1749,1654026993,1654026993);
INSERT INTO player_score VALUES('49f99679b',77,'3bf4bae91','3acad4b7a',118895,1177,1653348950,1653348950);
INSERT INTO player_score VALUES('6257f1875',77,'3bf4bae91','3bf962554',294216,1871,1654003089,1654003089);
INSERT INTO player_score VALUES('578788238',77,'3bf4bae91','3f14fca2c',57584,1455,1653712800,1653712800);
INSERT INTO player_score VALUES('604aefa7a',77,'3bf4bae91','4330fe9b1',0,1629,1653948038,1653948038);
INSERT INTO player_score VALUES('63675bee8',77,'3bf4bae91','4a335a137',688842,1971,1654031549,1654031549);
INSERT INTO player_score VALUES('5d46befef',77,'3bf4bae91','4b20c4df3',45600,1640,1653867068,1653867068);
INSERT INTO player_score VALUES('5523743fa',77,'3bf4bae91','5016e6b08',420,1228,1653648619,1653648619);
INSERT INTO player_score VALUES('5b04a5d5a',77,'3bf4bae91','50a87fa05',229172,1598,1653806450,1653806450);
INSERT INTO player_score VALUES('6313c9e65',77,'3bf4bae91','567a25bb5',1440,2001,1654022786,1654022786);
INSERT INTO player_score VALUES('6381fc56e',77,'3bf4bae91','637bfcb49',119952,1795,1654034341,1654034341);
INSERT INTO player_score VALUES('632ad9372',77,'3daa68d00','1f9082d8b',501270,1880,1654025204,1654025204);
INSERT INTO player_score VALUES('45d136036',77,'3daa68d00','2600efecc',22815,997,1653237342,1653237342);
INSERT INTO player_score VALUES('5550e7fd9',77,'3daa68d00','2b95463ac',216450,1457,1653653385,1653653385);
INSERT INTO player_score VALUES('487b31664',77,'3daa68d00','3acad4b7a',1452,1080,1653308853,1653308853);
INSERT INTO player_score VALUES('5648c423f',77,'3daa68d00','3f14fca2c',142100,1385,1653679375,1653679375);
INSERT INTO player_score VALUES('6292f4f29',77,'3daa68d00','4330fe9b1',310464,1752,1654009277,1654009277);
INSERT INTO player_score VALUES('5245e82a0',77,'3daa68d00','49cba6394',84150,1186,1653571701,1653571701);
INSERT INTO player_score VALUES('5d3e581dc',77,'3daa68d00','4a335a137',7360,1492,1653866187,1653866187);
INSERT INTO player_score VALUES('5f26f31eb',77,'3daa68d00','4b20c4df3',1136,1802,1653917421,1653917421);
INSERT INTO player_score VALUES('4fa16fe20',77,'3daa68d00','4ef22466e',125706,1296,1653500768,1653500768);
INSERT INTO player_score VALUES('54f301e89',77,'3daa68d00','5016e6b08',440550,1187,1653643539,1653643539);
INSERT INTO player_score VALUES('5b328ec1f',77,'3daa68d00','50a87fa05',289050,1627,1653811264,1653811264);
INSERT INTO player_score VALUES('610a25da7',77,'3daa68d00','567a25bb5',153664,1676,1653968088,1653968088);
INSERT INTO player_score VALUES('639da1fdd',77,'3daa68d00','608ef638e',4800,1697,1654037240,1654037240);
INSERT INTO player_score VALUES('6381d2d86',77,'3daa68d00','637bfcb49',21087,1752,1654034324,1654034324);
INSERT INTO player_score VALUES('634ce2988',77,'3e7a0d8bd','1f9082d8b',50760,1885,1654028773,1654028773);
INSERT INTO player_score VALUES('49f57f1e6',77,'3e7a0d8bd','2600efecc',45360,1141,1653348521,1653348521);
INSERT INTO player_score VALUES('614c4de38',77,'3e7a0d8bd','2b95463ac',112554,1867,1653975025,1653975025);
INSERT INTO player_score VALUES('5b57a7d42',77,'3e7a0d8bd','37c98cabf',19712,1447,1653815154,1653815154);
INSERT INTO player_score VALUES('466871d3c',77,'3e7a0d8bd','3acad4b7a',336700,923,1653253200,1653253200);
INSERT INTO player_score VALUES('6280b1a3e',77,'3e7a0d8bd','3bf962554',119070,1878,1654007362,1654007362);
INSERT INTO player_score VALUES('57eccafbf',77,'3e7a0d8bd','3f14fca2c',165110,1478,1653723418,1653723418);
INSERT INTO player_score VALUES('6351878dc',77,'3e7a0d8bd','4330fe9b1',66000,1788,1654029260,1654029260);
INSERT INTO player_score VALUES('52c57d4cf',77,'3e7a0d8bd','49cba6394',9504,1261,1653585079,1653585079);
INSERT INTO player_score VALUES('6394caca2',77,'3e7a0d8bd','4a335a137',94380,1979,1654036313,1654036313);
INSERT INTO player_score VALUES('5eeaf43b2',77,'3e7a0d8bd','4b20c4df3',21560,1776,1653911130,1653911130);
INSERT INTO player_score VALUES('556a01c4e',77,'3e7a0d8bd','5016e6b08',24640,1298,1653656017,1653656017);
INSERT INTO player_score VALUES('5b845f98d',77,'3e7a0d8bd','50a87fa05',45494,1684,1653819843,1653819843);
INSERT INTO player_score VALUES('6286c9b40',77,'3e7a0d8bd','567a25bb5',26730,1909,1654008001,1654008001);
INSERT INTO player_score VALUES('63bf18e2c',77,'3e7a0d8bd','608ef638e',255150,1761,1654040749,1654040749);
INSERT INTO player_score VALUES('6381f503f',77,'3e7a0d8bd','637bfcb49',56028,1789,1654034338,1654034338);
INSERT INTO player_score VALUES('5e1f33980',77,'3e909debe','1f9082d8b',242208,1728,1653889765,1653889765);
INSERT INTO player_score VALUES('49d27cb6b',77,'3e909debe','2600efecc',30544,1137,1653344850,1653344850);
INSERT INTO player_score VALUES('635fa9b66',77,'3e909debe','2b95463ac',10080,1942,1654030742,1654030742);
INSERT INTO player_score VALUES('62f9d9480',77,'3e909debe','37c98cabf',5472,1739,1654020066,1654020066);
INSERT INTO player_score VALUES('49e276132',77,'3e909debe','3acad4b7a',171080,1171,1653346525,1653346525);
INSERT INTO player_score VALUES('638aa2b1a',77,'3e909debe','3bf962554',13330,1928,1654035248,1654035248);
INSERT INTO player_score VALUES('56e90f4a6',77,'3e909debe','3f14fca2c',261954,1426,1653696183,1653696183);
INSERT INTO player_score VALUES('628547f6e',77,'3e909debe','4330fe9b1',575280,1747,1654007843,1654007843);
INSERT INTO player_score VALUES('512b8d717',77,'3e909debe','49cba6394',133056,1040,1653542094,1653542094);
INSERT INTO player_score VALUES('63b282395',77,'3e909debe','4a335a137',323640,1990,1654039429,1654039429);
INSERT INTO player_score VALUES('5f9c0364f',77,'3e909debe','4b20c4df3',119000,1843,1653929696,1653929696);
INSERT INTO player_score VALUES('4f9f3e5d6',77,'3e909debe','4ef22466e',236739,1277,1653500538,1653500538);
INSERT INTO player_score VALUES('55527fb2d',77,'3e909debe','5016e6b08',67925,1269,1653653552,1653653552);
INSERT INTO player_score VALUES('5bdd1a709',77,'3e909debe','50a87fa05',78336,1726,1653829147,1653829147);
INSERT INTO player_score VALUES('6314ca3f0',77,'3e909debe','567a25bb5',60900,2002,1654022891,1654022891);
INSERT INTO player_score VALUES('63863ac36',77,'3e909debe','608ef638e',24150,1643,1654034786,1654034786);
INSERT INTO player_score VALUES('6380c8bb7',77,'3e909debe','637bfcb49',310500,1425,1654034215,1654034215);
INSERT INTO player_score VALUES('5b809daeb',77,'3e9c9370c','1f9082d8b',85932,1655,1653819449,1653819449);
INSERT INTO player_score VALUES('4af2819ee',77,'3e9c9370c','2600efecc',15264,1170,1653375051,1653375051);
INSERT INTO player_score VALUES('5e24f3c10',77,'3e9c9370c','2b95463ac',229614,1771,1653890368,1653890368);
INSERT INTO player_score VALUES('6154299d1',77,'3e9c9370c','37c98cabf',27608,1686,1653975849,1653975849);
INSERT INTO player_score VALUES('497df413c',77,'3e9c9370c','3acad4b7a',36015,1146,1653335986,1653335986);
INSERT INTO player_score VALUES('6244734ad',77,'3e9c9370c','3bf962554',21840,1869,1654001045,1654001045);
INSERT INTO player_score VALUES('55373e29f',77,'3e9c9370c','3f14fca2c',22968,1317,1653650694,1653650694);
INSERT INTO player_score VALUES('620d6ece3',77,'3e9c9370c','4330fe9b1',21736,1720,1653995276,1653995276);
INSERT INTO player_score VALUES('62a0ba555',77,'3e9c9370c','4a335a137',647400,1899,1654010721,1654010721);
INSERT INTO player_score VALUES('5ed6d74e6',77,'3e9c9370c','4b20c4df3',446400,1772,1653909021,1653909021);
INSERT INTO player_score VALUES('4fa1884e4',77,'3e9c9370c','4ef22466e',17956,1297,1653500778,1653500778);
INSERT INTO player_score VALUES('5563af1e3',77,'3e9c9370c','5016e6b08',87516,1287,1653655354,1653655354);
INSERT INTO player_score VALUES('5b2d57507',77,'3e9c9370c','50a87fa05',241536,1619,1653810717,1653810717);
INSERT INTO player_score VALUES('637af9e89',77,'3e9c9370c','608ef638e',980100,1604,1654033606,1654033606);
INSERT INTO player_score VALUES('638203a9c',77,'3e9c9370c','637bfcb49',52800,1803,1654034344,1654034344);
INSERT INTO player_score VALUES('612feeb3e',77,'4041f7694','1f9082d8b',11952,1818,1653972050,1653972050);
INSERT INTO player_score VALUES('638661d5e',77,'4041f7694','2b95463ac',114036,1946,1654034802,1654034802);
INSERT INTO player_score VALUES('629f49aae',77,'4041f7694','37c98cabf',16200,1728,1654010570,1654010570);
INSERT INTO player_score VALUES('4919c2a91',77,'4041f7694','3acad4b7a',1548,1120,1653325480,1653325480);
INSERT INTO player_score VALUES('61ed7c18c',77,'4041f7694','3bf962554',58838,1857,1653991926,1653991926);
INSERT INTO player_score VALUES('63ae61167',77,'4041f7694','4330fe9b1',292658,1813,1654038996,1654038996);
INSERT INTO player_score VALUES('527267c2d',77,'4041f7694','49cba6394',4650,1215,1653576367,1653576367);
INSERT INTO player_score VALUES('5ff60a451',77,'4041f7694','4b20c4df3',162748,1882,1653939136,1653939136);
INSERT INTO player_score VALUES('4f9f78f70',77,'4041f7694','4ef22466e',504,1279,1653500562,1653500562);
INSERT INTO player_score VALUES('543c65db6',77,'4041f7694','5016e6b08',23408,1018,1653624391,1653624391);
INSERT INTO player_score VALUES('5bc13a313',77,'4041f7694','50a87fa05',664332,1718,1653826224,1653826224);
INSERT INTO player_score VALUES('617b399ac',77,'4041f7694','567a25bb5',301665,1766,1653979945,1653979945);
INSERT INTO player_score VALUES('63804c358',77,'4041f7694','608ef638e',124100,1627,1654034164,1654034164);
INSERT INTO player_score VALUES('6381c6a2b',77,'4041f7694','637bfcb49',32868,1734,1654034319,1654034319);
INSERT INTO player_score VALUES('6296e058c',77,'417bef63e','1f9082d8b',177331,1860,1654009688,1654009688);
INSERT INTO player_score VALUES('49bee12b7',77,'417bef63e','2600efecc',14535,1135,1653342794,1653342794);
INSERT INTO player_score VALUES('62891d666',77,'417bef63e','2b95463ac',243984,1911,1654008245,1654008245);
INSERT INTO player_score VALUES('49bfe1885',77,'417bef63e','3acad4b7a',141056,1161,1653342899,1653342899);
INSERT INTO player_score VALUES('5eb9d96e2',77,'417bef63e','3bf962554',439900,1704,1653905981,1653905981);
INSERT INTO player_score VALUES('57957bec0',77,'417bef63e','3f14fca2c',56916,1456,1653714263,1653714263);
INSERT INTO player_score VALUES('630dc55c3',77,'417bef63e','4330fe9b1',152640,1775,1654022155,1654022155);
INSERT INTO player_score VALUES('52826ae3b',77,'417bef63e','49cba6394',38808,1224,1653578046,1653578046);
INSERT INTO player_score VALUES('63a6102fb',77,'417bef63e','4a335a137',700245,1985,1654038124,1654038124);
INSERT INTO player_score VALUES('5fc313602',77,'417bef63e','4b20c4df3',129276,1853,1653933792,1653933792);
INSERT INTO player_score VALUES('4f9cd9945',77,'417bef63e','4ef22466e',1159,1251,1653500287,1653500287);
INSERT INTO player_score VALUES('5aaf63a75',77,'417bef63e','50a87fa05',257040,1548,1653797510,1653797510);
INSERT INTO player_score VALUES('632152432',77,'417bef63e','567a25bb5',198000,2013,1654024205,1654024205);
INSERT INTO player_score VALUES('63aceb909',77,'417bef63e','608ef638e',20400,1729,1654038843,1654038843);
INSERT INTO player_score VALUES('61afa8797',77,'420231846','1f9082d8b',160704,1834,1653985443,1653985443);
INSERT INTO player_score VALUES('47ae4bcde',77,'420231846','2600efecc',8932,1050,1653287368,1653287368);
INSERT INTO player_score VALUES('62b14d7b2',77,'420231846','2b95463ac',28413,1918,1654012459,1654012459);
INSERT INTO player_score VALUES('6044c4126',77,'420231846','37c98cabf',29376,1646,1653947391,1653947391);
INSERT INTO player_score VALUES('48b40d147',77,'420231846','3acad4b7a',129978,1100,1653314815,1653314815);
INSERT INTO player_score VALUES('62f83a383',77,'420231846','3bf962554',54720,1902,1654019896,1654019896);
INSERT INTO player_score VALUES('5803121a2',77,'420231846','3f14fca2c',204820,1485,1653725754,1653725754);
INSERT INTO player_score VALUES('63a389391',77,'420231846','4330fe9b1',362007,1805,1654037859,1654037859);
INSERT INTO player_score VALUES('52c5c8f73',77,'420231846','49cba6394',1872,1263,1653585110,1653585110);
INSERT INTO player_score VALUES('63c136e1c',77,'420231846','4a335a137',93632,1996,1654040971,1654040971);
INSERT INTO player_score VALUES('60414b657',77,'420231846','4b20c4df3',293460,1899,1653947027,1653947027);
INSERT INTO player_score VALUES('4f8e004f9',77,'420231846','4ef22466e',201840,1132,1653498730,1653498730);
INSERT INTO player_score VALUES('552dc8485',77,'420231846','5016e6b08',131208,1238,1653649702,1653649702);
INSERT INTO player_score VALUES('5a566958c',77,'420231846','50a87fa05',163593,1494,1653788180,1653788180);
INSERT INTO player_score VALUES('62e64ed26',77,'420231846','567a25bb5',397575,1971,1654018017,1654018017);
INSERT INTO player_score VALUES('6381d063e',77,'420231846','637bfcb49',46690,1748,1654034323,1654034323);
INSERT INTO player_score VALUES('5d938935c',77,'43160b300','1f9082d8b',3720,1719,1653875120,1653875120);
INSERT INTO player_score VALUES('4b87fc363',77,'43160b300','2600efecc',39273,1187,1653390725,1653390725);
INSERT INTO player_score VALUES('6076a49d8',77,'43160b300','2b95463ac',9690,1842,1653952621,1653952621);
INSERT INTO player_score VALUES('62a2e6f9f',77,'43160b300','37c98cabf',158688,1729,1654010949,1654010949);
INSERT INTO player_score VALUES('49f10fd91',77,'43160b300','3acad4b7a',12000,1174,1653348056,1653348056);
INSERT INTO player_score VALUES('6272ec43d',77,'43160b300','3bf962554',234300,1875,1654005918,1654005918);
INSERT INTO player_score VALUES('57f584df5',77,'43160b300','3f14fca2c',169575,1481,1653724333,1653724333);
INSERT INTO player_score VALUES('6376c05f4',77,'43160b300','4330fe9b1',52038,1794,1654033163,1654033163);
INSERT INTO player_score VALUES('52cffd444',77,'43160b300','49cba6394',264792,1269,1653586180,1653586180);
INSERT INTO player_score VALUES('5df1bfd9c',77,'43160b300','4a335a137',103320,1543,1653884999,1653884999);
INSERT INTO player_score VALUES('5fea03a4b',77,'43160b300','4b20c4df3',80300,1875,1653937875,1653937875);
INSERT INTO player_score VALUES('4f9eb8170',77,'43160b300','4ef22466e',105908,1268,1653500483,1653500483);
INSERT INTO player_score VALUES('5537939ee',77,'43160b300','5016e6b08',103224,1247,1653650729,1653650729);
INSERT INTO player_score VALUES('5aeee017c',77,'43160b300','50a87fa05',97713,1586,1653804167,1653804167);
INSERT INTO player_score VALUES('61e98bce4',77,'43160b300','567a25bb5',105600,1822,1653991513,1653991513);
INSERT INTO player_score VALUES('63ae4fffe',77,'43160b300','608ef638e',67977,1731,1654038989,1654038989);
INSERT INTO player_score VALUES('5ef6218ea',77,'44a992687','1f9082d8b',129456,1759,1653912302,1653912302);
INSERT INTO player_score VALUES('4a31547bc',77,'44a992687','2600efecc',4680,1147,1653354795,1653354795);
INSERT INTO player_score VALUES('5dd9d9b14',77,'44a992687','2b95463ac',393600,1762,1653882493,1653882493);
INSERT INTO player_score VALUES('613bcbd1f',77,'44a992687','37c98cabf',676200,1683,1653973294,1653973294);
INSERT INTO player_score VALUES('4981349b6',77,'44a992687','3acad4b7a',0,1148,1653336327,1653336327);
INSERT INTO player_score VALUES('617d2934e',77,'44a992687','3bf962554',227850,1828,1653980148,1653980148);
INSERT INTO player_score VALUES('5677b72e4',77,'44a992687','3f14fca2c',432180,1393,1653684298,1653684298);
INSERT INTO player_score VALUES('6350936bf',77,'44a992687','4330fe9b1',11232,1787,1654029160,1654029160);
INSERT INTO player_score VALUES('5230c5ff6',77,'44a992687','49cba6394',283500,1180,1653569485,1653569485);
INSERT INTO player_score VALUES('612eac720',77,'44a992687','4a335a137',249480,1786,1653971918,1653971918);
INSERT INTO player_score VALUES('5ecd860fa',77,'44a992687','4b20c4df3',21440,1767,1653908044,1653908044);
INSERT INTO player_score VALUES('4f9f349bc',77,'44a992687','4ef22466e',6804,1276,1653500534,1653500534);
INSERT INTO player_score VALUES('54c65dacc',77,'44a992687','5016e6b08',79050,1153,1653638858,1653638858);
INSERT INTO player_score VALUES('5b8520756',77,'44a992687','50a87fa05',13068,1688,1653819922,1653819922);
INSERT INTO player_score VALUES('631365cc3',77,'44a992687','567a25bb5',14725,2000,1654022745,1654022745);
INSERT INTO player_score VALUES('63c6b51ed',77,'44a992687','608ef638e',380000,1776,1654041547,1654041547);
INSERT INTO player_score VALUES('6381d7bb4',77,'44a992687','637bfcb49',29750,1761,1654034326,1654034326);
INSERT INTO player_score VALUES('612e4857e',77,'47f8769d3','1f9082d8b',268128,1817,1653971877,1653971877);
INSERT INTO player_score VALUES('4b87933f4',77,'47f8769d3','2600efecc',182115,1186,1653390682,1653390682);
INSERT INTO player_score VALUES('607d6a058',77,'47f8769d3','2b95463ac',260,1843,1653953331,1653953331);
INSERT INTO player_score VALUES('6399e9d50',77,'47f8769d3','37c98cabf',11529,1768,1654036850,1654036850);
INSERT INTO player_score VALUES('49ee9edc6',77,'47f8769d3','3acad4b7a',5040,1172,1653347800,1653347800);
INSERT INTO player_score VALUES('61e6be093',77,'47f8769d3','3bf962554',26273,1854,1653991219,1653991219);
INSERT INTO player_score VALUES('561873f6c',77,'47f8769d3','3f14fca2c',8832,1366,1653674309,1653674309);
INSERT INTO player_score VALUES('62cafc367',77,'47f8769d3','4330fe9b1',61864,1761,1654015152,1654015152);
INSERT INTO player_score VALUES('529b934e8',77,'47f8769d3','49cba6394',73840,1237,1653580684,1653580684);
INSERT INTO player_score VALUES('63b046f10',77,'47f8769d3','4a335a137',51072,1989,1654039195,1654039195);
INSERT INTO player_score VALUES('5db36ad33',77,'47f8769d3','4b20c4df3',332856,1673,1653878463,1653878463);
INSERT INTO player_score VALUES('4f9d1deda',77,'47f8769d3','4ef22466e',237006,1255,1653500315,1653500315);
INSERT INTO player_score VALUES('554d2d666',77,'47f8769d3','5016e6b08',185220,1267,1653652994,1653652994);
INSERT INTO player_score VALUES('5b3033bec',77,'47f8769d3','50a87fa05',73710,1622,1653811017,1653811017);
INSERT INTO player_score VALUES('62d742485',77,'47f8769d3','567a25bb5',147936,1959,1654016439,1654016439);
INSERT INTO player_score VALUES('63b9982e3',77,'47f8769d3','608ef638e',105780,1751,1654040172,1654040172);
INSERT INTO player_score VALUES('6381a6e34',77,'47f8769d3','637bfcb49',63504,1696,1654034306,1654034306);
INSERT INTO player_score VALUES('61e31213d',77,'484f7ee4a','1f9082d8b',57239,1842,1653990834,1653990834);
INSERT INTO player_score VALUES('492bf4e0b',77,'484f7ee4a','2600efecc',24255,1110,1653327388,1653327388);
INSERT INTO player_score VALUES('6013eb334',77,'484f7ee4a','2b95463ac',44100,1828,1653942269,1653942269);
INSERT INTO player_score VALUES('617e04ef9',77,'484f7ee4a','37c98cabf',16368,1692,1653980238,1653980238);
INSERT INTO player_score VALUES('49c466bdc',77,'484f7ee4a','3acad4b7a',84680,1163,1653343373,1653343373);
INSERT INTO player_score VALUES('61757bdfa',77,'484f7ee4a','3bf962554',4864,1827,1653979343,1653979343);
INSERT INTO player_score VALUES('5644e27e3',77,'484f7ee4a','3f14fca2c',19125,1382,1653678968,1653678968);
INSERT INTO player_score VALUES('630dacf75',77,'484f7ee4a','4330fe9b1',146160,1774,1654022145,1654022145);
INSERT INTO player_score VALUES('524c88ecf',77,'484f7ee4a','49cba6394',0,1190,1653572396,1653572396);
INSERT INTO player_score VALUES('6256db30c',77,'484f7ee4a','4a335a137',397232,1876,1654002975,1654002975);
INSERT INTO player_score VALUES('5e0ad7305',77,'484f7ee4a','4b20c4df3',6935,1698,1653887630,1653887630);
INSERT INTO player_score VALUES('4f965afa0',77,'484f7ee4a','4ef22466e',190983,1207,1653499606,1653499606);
INSERT INTO player_score VALUES('54ac12b9c',77,'484f7ee4a','5016e6b08',141858,1127,1653636101,1653636101);
INSERT INTO player_score VALUES('5bd29f51e',77,'484f7ee4a','50a87fa05',177536,1722,1653828048,1653828048);
INSERT INTO player_score VALUES('62c0fb293',77,'484f7ee4a','567a25bb5',7800,1951,1654014103,1654014103);
INSERT INTO player_score VALUES('63bb71d45',77,'484f7ee4a','608ef638e',275310,1753,1654040366,1654040366);
INSERT INTO player_score VALUES('63815da67',77,'484f7ee4a','637bfcb49',150960,1604,1654034276,1654034276);
INSERT INTO player_score VALUES('6393b6e8e',77,'4948519c2','1f9082d8b',28500,1889,1654036200,1654036200);
INSERT INTO player_score VALUES('49c6f9ed9',77,'4948519c2','2600efecc',30222,1136,1653343643,1653343643);
INSERT INTO player_score VALUES('5ebe0e1a5',77,'4948519c2','2b95463ac',16800,1794,1653906422,1653906422);
INSERT INTO player_score VALUES('6265cf542',77,'4948519c2','37c98cabf',32300,1720,1654004543,1654004543);
INSERT INTO player_score VALUES('491f59524',77,'4948519c2','3acad4b7a',163240,1123,1653326066,1653326066);
INSERT INTO player_score VALUES('628d8f1a6',77,'4948519c2','3bf962554',2250,1880,1654008711,1654008711);
INSERT INTO player_score VALUES('567953c52',77,'4948519c2','3f14fca2c',160356,1394,1653684467,1653684467);
INSERT INTO player_score VALUES('63bd29451',77,'4948519c2','4330fe9b1',165550,1816,1654040546,1654040546);
INSERT INTO player_score VALUES('52ca53153',77,'4948519c2','49cba6394',660,1267,1653585586,1653585586);
INSERT INTO player_score VALUES('62965c83f',77,'4948519c2','4a335a137',14256,1896,1654009634,1654009634);
INSERT INTO player_score VALUES('5fc48dce2',77,'4948519c2','4b20c4df3',164346,1854,1653933947,1653933947);
INSERT INTO player_score VALUES('4fa008fda',77,'4948519c2','4ef22466e',27608,1284,1653500621,1653500621);
INSERT INTO player_score VALUES('54d314134',77,'4948519c2','5016e6b08',33970,1164,1653640191,1653640191);
INSERT INTO player_score VALUES('5bb98ce0d',77,'4948519c2','50a87fa05',79534,1714,1653825419,1653825419);
INSERT INTO player_score VALUES('6298f2229',77,'4948519c2','567a25bb5',79488,1924,1654009905,1654009905);
INSERT INTO player_score VALUES('63be5a72a',77,'4948519c2','608ef638e',33228,1759,1654040671,1654040671);
INSERT INTO player_score VALUES('60947bc71',77,'4a4f886f1','1f9082d8b',0,1798,1653955750,1653955750);
INSERT INTO player_score VALUES('63bc2dcea',77,'4a4f886f1','2b95463ac',570360,1955,1654040443,1654040443);
INSERT INTO player_score VALUES('61ecaa22f',77,'4a4f886f1','37c98cabf',54000,1707,1653991840,1653991840);
INSERT INTO player_score VALUES('63c2d5e9d',77,'4a4f886f1','3bf962554',722502,1939,1654041141,1654041141);
INSERT INTO player_score VALUES('577a99943',77,'4a4f886f1','3f14fca2c',33820,1453,1653711444,1653711444);
INSERT INTO player_score VALUES('60cab59e6',77,'4a4f886f1','4330fe9b1',0,1653,1653961436,1653961436);
INSERT INTO player_score VALUES('52494117e',77,'4a4f886f1','49cba6394',249000,1189,1653572052,1653572052);
INSERT INTO player_score VALUES('6232019d0',77,'4a4f886f1','4a335a137',11050,1864,1653999111,1653999111);
INSERT INTO player_score VALUES('5ff9aa016',77,'4a4f886f1','4b20c4df3',28275,1884,1653939516,1653939516);
INSERT INTO player_score VALUES('4f8d2977c',77,'4a4f886f1','4ef22466e',0,1125,1653498642,1653498642);
INSERT INTO player_score VALUES('553b94fe8',77,'4a4f886f1','5016e6b08',55080,1250,1653651149,1653651149);
INSERT INTO player_score VALUES('5ae1b9665',77,'4a4f886f1','50a87fa05',24552,1580,1653802788,1653802788);
INSERT INTO player_score VALUES('631296471',77,'4a4f886f1','567a25bb5',49500,1998,1654022660,1654022660);
INSERT INTO player_score VALUES('639d7fcfe',77,'4a4f886f1','608ef638e',19642,1696,1654037226,1654037226);
INSERT INTO player_score VALUES('617aff052',77,'4bdb8961b','1f9082d8b',446600,1825,1653979921,1653979921);
INSERT INTO player_score VALUES('61fab1720',77,'4bdb8961b','2b95463ac',64260,1892,1653993311,1653993311);
INSERT INTO player_score VALUES('623d62360',77,'4bdb8961b','37c98cabf',23940,1717,1654000304,1654000304);
INSERT INTO player_score VALUES('5f063aa85',77,'4bdb8961b','3bf962554',275400,1724,1653913990,1653913990);
INSERT INTO player_score VALUES('57ba705da',77,'4bdb8961b','3f14fca2c',89182,1468,1653718138,1653718138);
INSERT INTO player_score VALUES('5e791d2a0',77,'4bdb8961b','4330fe9b1',4770,1536,1653899193,1653899193);
INSERT INTO player_score VALUES('527de815d',77,'4bdb8961b','49cba6394',3895,1221,1653577573,1653577573);
INSERT INTO player_score VALUES('62a108750',77,'4bdb8961b','4a335a137',19656,1900,1654010753,1654010753);
INSERT INTO player_score VALUES('4f9f98b2e',77,'4bdb8961b','4ef22466e',59850,1281,1653500575,1653500575);
INSERT INTO player_score VALUES('555e41f29',77,'4bdb8961b','5016e6b08',149124,1280,1653654785,1653654785);
INSERT INTO player_score VALUES('5bb0ba93b',77,'4bdb8961b','50a87fa05',21384,1708,1653824494,1653824494);
INSERT INTO player_score VALUES('6221a909d',77,'4bdb8961b','567a25bb5',156288,1858,1653997397,1653997397);
INSERT INTO player_score VALUES('637877d38',77,'4bdb8961b','608ef638e',1216,1595,1654033343,1654033343);
INSERT INTO player_score VALUES('63819d227',77,'4bdb8961b','637bfcb49',2184,1678,1654034302,1654034302);
INSERT INTO player_score VALUES('55adb06c2',77,'4d412efd6','1f9082d8b',0,1517,1653663114,1653663114);
INSERT INTO player_score VALUES('61681f770',77,'4d412efd6','2b95463ac',49896,1874,1653977942,1653977942);
INSERT INTO player_score VALUES('602a71cb7',77,'4d412efd6','3bf962554',95718,1775,1653944631,1653944631);
INSERT INTO player_score VALUES('57b285fd1',77,'4d412efd6','3f14fca2c',69160,1464,1653717308,1653717308);
INSERT INTO player_score VALUES('62255289a',77,'4d412efd6','4330fe9b1',220524,1726,1653997781,1653997781);
INSERT INTO player_score VALUES('52b629f0e',77,'4d412efd6','49cba6394',570240,1253,1653583472,1653583472);
INSERT INTO player_score VALUES('637fe0cdb',77,'4d412efd6','4a335a137',7488,1976,1654034120,1654034120);
INSERT INTO player_score VALUES('5fd98673f',77,'4d412efd6','4b20c4df3',262990,1865,1653936146,1653936146);
INSERT INTO player_score VALUES('4f9dadf7a',77,'4d412efd6','4ef22466e',15785,1260,1653500374,1653500374);
INSERT INTO player_score VALUES('554b22f23',77,'4d412efd6','5016e6b08',180320,1264,1653652780,1653652780);
INSERT INTO player_score VALUES('5b7082235',77,'4d412efd6','50a87fa05',9200,1674,1653817760,1653817760);
INSERT INTO player_score VALUES('631d757cd',77,'4d412efd6','567a25bb5',32538,2010,1654023800,1654023800);
INSERT INTO player_score VALUES('638203a9d',77,'4d412efd6','637bfcb49',10368,1806,1654034344,1654034344);
INSERT INTO player_score VALUES('62f08595e',77,'4d84cf035','1f9082d8b',28080,1876,1654019088,1654019088);
INSERT INTO player_score VALUES('60dbf3ad0',77,'4d84cf035','2b95463ac',204600,1853,1653963244,1653963244);
INSERT INTO player_score VALUES('635e69e52',77,'4d84cf035','37c98cabf',72633,1753,1654030611,1654030611);
INSERT INTO player_score VALUES('62a09d057',77,'4d84cf035','3bf962554',97350,1884,1654010709,1654010709);
INSERT INTO player_score VALUES('54305f3ed',77,'4d84cf035','3f14fca2c',408030,1247,1653623130,1653623130);
INSERT INTO player_score VALUES('62fac615b',77,'4d84cf035','4330fe9b1',529032,1772,1654020163,1654020163);
INSERT INTO player_score VALUES('51783a59e',77,'4d84cf035','49cba6394',154008,1090,1653550134,1653550134);
INSERT INTO player_score VALUES('6164b0912',77,'4d84cf035','4a335a137',1232,1797,1653977582,1653977582);
INSERT INTO player_score VALUES('6049ef50a',77,'4d84cf035','4b20c4df3',64800,1901,1653947933,1653947933);
INSERT INTO player_score VALUES('4f97d563d',77,'4d84cf035','4ef22466e',91732,1215,1653499761,1653499761);
INSERT INTO player_score VALUES('555d440cb',77,'4d84cf035','5016e6b08',13500,1278,1653654681,1653654681);
INSERT INTO player_score VALUES('5b3890d7d',77,'4d84cf035','50a87fa05',190920,1630,1653811894,1653811894);
INSERT INTO player_score VALUES('62f4e6314',77,'4d84cf035','567a25bb5',60775,1983,1654019547,1654019547);
INSERT INTO player_score VALUES('637cc4e35',77,'4d84cf035','608ef638e',1620,1609,1654033794,1654033794);
INSERT INTO player_score VALUES('6381d2d87',77,'4d84cf035','637bfcb49',297297,1750,1654034324,1654034324);
INSERT INTO player_score VALUES('5d7890e85',77,'4f428976b','1f9082d8b',82524,1716,1653872292,1653872292);
INSERT INTO player_score VALUES('5f0a6a712',77,'4f428976b','2b95463ac',2820,1799,1653914429,1653914429);
INSERT INTO player_score VALUES('636b62349',77,'4f428976b','3bf962554',270750,1922,1654031971,1654031971);
INSERT INTO player_score VALUES('55f09475d',77,'4f428976b','3f14fca2c',731500,1354,1653670128,1653670128);
INSERT INTO player_score VALUES('529841b5c',77,'4f428976b','49cba6394',1440,1235,1653580336,1653580336);
INSERT INTO player_score VALUES('624c9ab07',77,'4f428976b','4a335a137',2196,1872,1654001900,1654001900);
INSERT INTO player_score VALUES('5ebc62dc9',77,'4f428976b','4b20c4df3',188404,1759,1653906247,1653906247);
INSERT INTO player_score VALUES('4f9aca3d2',77,'4f428976b','4ef22466e',12948,1237,1653500071,1653500071);
INSERT INTO player_score VALUES('5569c72a1',77,'4f428976b','5016e6b08',21600,1296,1653655993,1653655993);
INSERT INTO player_score VALUES('5bc42a259',77,'4f428976b','50a87fa05',10530,1719,1653826532,1653826532);
INSERT INTO player_score VALUES('61df6fe76',77,'4f428976b','567a25bb5',78884,1818,1653990453,1653990453);
INSERT INTO player_score VALUES('63a6fd036',77,'4f428976b','608ef638e',467016,1718,1654038221,1654038221);
INSERT INTO player_score VALUES('638147adb',77,'4f428976b','637bfcb49',104490,1582,1654034267,1654034267);
INSERT INTO player_score VALUES('618dd4c84',77,'508b6bc96','1f9082d8b',157168,1829,1653981896,1653981896);
INSERT INTO player_score VALUES('5eb52f96e',77,'508b6bc96','2b95463ac',248248,1792,1653905492,1653905492);
INSERT INTO player_score VALUES('5fdbdf0a0',77,'508b6bc96','37c98cabf',980,1635,1653936392,1653936392);
INSERT INTO player_score VALUES('629fa4023',77,'508b6bc96','3bf962554',123970,1883,1654010607,1654010607);
INSERT INTO player_score VALUES('57fce1a56',77,'508b6bc96','3f14fca2c',85484,1482,1653725105,1653725105);
INSERT INTO player_score VALUES('62d9f7a58',77,'508b6bc96','4330fe9b1',28158,1766,1654016723,1654016723);
INSERT INTO player_score VALUES('634c2b7c3',77,'508b6bc96','4a335a137',186150,1965,1654028698,1654028698);
INSERT INTO player_score VALUES('5f06690ba',77,'508b6bc96','4b20c4df3',30914,1785,1653914009,1653914009);
INSERT INTO player_score VALUES('55119c5d9',77,'508b6bc96','5016e6b08',121072,1213,1653646748,1653646748);
INSERT INTO player_score VALUES('5a69132c2',77,'508b6bc96','50a87fa05',390,1506,1653790137,1653790137);
INSERT INTO player_score VALUES('63b1f22dd',77,'508b6bc96','608ef638e',72765,1737,1654039370,1654039370);
INSERT INTO player_score VALUES('6381983e9',77,'508b6bc96','637bfcb49',51084,1668,1654034300,1654034300);
INSERT INTO player_score VALUES('5f87c6b92',77,'51d171b73','1f9082d8b',392040,1772,1653927574,1653927574);
INSERT INTO player_score VALUES('624b5ada3',77,'51d171b73','2b95463ac',534000,1902,1654001769,1654001769);
INSERT INTO player_score VALUES('61bcc2f5b',77,'51d171b73','37c98cabf',10240,1702,1653986817,1653986817);
INSERT INTO player_score VALUES('5fa3a4841',77,'51d171b73','3bf962554',501760,1749,1653930496,1653930496);
INSERT INTO player_score VALUES('571d2b207',77,'51d171b73','3f14fca2c',174600,1433,1653701647,1653701647);
INSERT INTO player_score VALUES('6169c0f6b',77,'51d171b73','4330fe9b1',196176,1694,1653978113,1653978113);
INSERT INTO player_score VALUES('52c12dc6a',77,'51d171b73','49cba6394',73656,1258,1653584627,1653584627);
INSERT INTO player_score VALUES('619d98713',77,'51d171b73','4a335a137',163680,1813,1653983549,1653983549);
INSERT INTO player_score VALUES('5d6184055',77,'51d171b73','4b20c4df3',438372,1651,1653869875,1653869875);
INSERT INTO player_score VALUES('5b6deef64',77,'51d171b73','50a87fa05',282072,1672,1653817490,1653817490);
INSERT INTO player_score VALUES('62dd1fc0a',77,'51d171b73','567a25bb5',413343,1962,1654017054,1654017054);
INSERT INTO player_score VALUES('63c5ef5d8',77,'51d171b73','608ef638e',110670,1773,1654041466,1654041466);
INSERT INTO player_score VALUES('6382013b0',77,'51d171b73','637bfcb49',73440,1801,1654034343,1654034343);
INSERT INTO player_score VALUES('5e315726b',77,'5229de6dd','1f9082d8b',70122,1734,1653891667,1653891667);
INSERT INTO player_score VALUES('59c743d4e',77,'5229de6dd','2b95463ac',27176,1629,1653773170,1653773170);
INSERT INTO player_score VALUES('5fd67453a',77,'5229de6dd','37c98cabf',89760,1634,1653935824,1653935824);
INSERT INTO player_score VALUES('6202920a1',77,'5229de6dd','3bf962554',76146,1859,1653994137,1653994137);
INSERT INTO player_score VALUES('54504a9eb',77,'5229de6dd','3f14fca2c',143412,1255,1653626477,1653626477);
INSERT INTO player_score VALUES('63955865e',77,'5229de6dd','4330fe9b1',127008,1801,1654036371,1654036371);
INSERT INTO player_score VALUES('5228c3372',77,'5229de6dd','49cba6394',640,1174,1653568645,1653568645);
INSERT INTO player_score VALUES('63baf0709',77,'5229de6dd','4a335a137',66550,1993,1654040313,1654040313);
INSERT INTO player_score VALUES('5fe58aa3a',77,'5229de6dd','4b20c4df3',12495,1870,1653937406,1653937406);
INSERT INTO player_score VALUES('5563f377e',77,'5229de6dd','5016e6b08',253800,1288,1653655382,1653655382);
INSERT INTO player_score VALUES('5be251e2b',77,'5229de6dd','50a87fa05',155820,1730,1653829694,1653829694);
INSERT INTO player_score VALUES('619154cd7',77,'5229de6dd','567a25bb5',46683,1779,1653982263,1653982263);
INSERT INTO player_score VALUES('63b3765c4',77,'5229de6dd','608ef638e',94350,1739,1654039529,1654039529);
INSERT INTO player_score VALUES('63b2b57f1',77,'52ffbfd96','2b95463ac',286160,1953,1654039450,1654039450);
INSERT INTO player_score VALUES('6327c9863',77,'52ffbfd96','37c98cabf',511190,1744,1654024883,1654024883);
INSERT INTO player_score VALUES('5fb5c0bed',77,'52ffbfd96','3bf962554',47600,1754,1653932395,1653932395);
INSERT INTO player_score VALUES('57a0b0938',77,'52ffbfd96','3f14fca2c',87837,1460,1653715438,1653715438);
INSERT INTO player_score VALUES('62cd1f160',77,'52ffbfd96','4330fe9b1',42160,1762,1654015376,1654015376);
INSERT INTO player_score VALUES('63c036863',77,'52ffbfd96','4a335a137',58080,1995,1654040866,1654040866);
INSERT INTO player_score VALUES('5ef28b9be',77,'52ffbfd96','4b20c4df3',187968,1778,1653911926,1653911926);
INSERT INTO player_score VALUES('55611e60f',77,'52ffbfd96','5016e6b08',187880,1283,1653655085,1653655085);
INSERT INTO player_score VALUES('5b872fcf4',77,'52ffbfd96','50a87fa05',111972,1689,1653820138,1653820138);
INSERT INTO player_score VALUES('62f3d9a1d',77,'52ffbfd96','567a25bb5',448,1981,1654019437,1654019437);
INSERT INTO player_score VALUES('63c016c83',77,'52ffbfd96','608ef638e',33250,1765,1654040853,1654040853);
INSERT INTO player_score VALUES('6381983ea',77,'52ffbfd96','637bfcb49',483210,1673,1654034300,1654034300);
INSERT INTO player_score VALUES('61be24f69',77,'537c0d1e9','1f9082d8b',40824,1836,1653986962,1653986962);
INSERT INTO player_score VALUES('58c7a6d44',77,'537c0d1e9','2b95463ac',45795,1597,1653746367,1653746367);
INSERT INTO player_score VALUES('5d9152cc9',77,'537c0d1e9','37c98cabf',119712,1541,1653874888,1653874888);
INSERT INTO player_score VALUES('62ea1cf05',77,'537c0d1e9','3bf962554',50616,1900,1654018416,1654018416);
INSERT INTO player_score VALUES('57e4d1f82',77,'537c0d1e9','3f14fca2c',565110,1475,1653722582,1653722582);
INSERT INTO player_score VALUES('62d3bfd73',77,'537c0d1e9','4330fe9b1',69000,1764,1654016071,1654016071);
INSERT INTO player_score VALUES('63bfead7e',77,'537c0d1e9','4a335a137',77952,1994,1654040835,1654040835);
INSERT INTO player_score VALUES('5cb6880db',77,'537c0d1e9','4b20c4df3',33792,1589,1653851946,1653851946);
INSERT INTO player_score VALUES('628d03f05',77,'537c0d1e9','567a25bb5',461648,1915,1654008654,1654008654);
INSERT INTO player_score VALUES('6349120b6',77,'537c0d1e9','608ef638e',19200,1478,1654028373,1654028373);
INSERT INTO player_score VALUES('6381a9588',77,'537c0d1e9','637bfcb49',17600,1699,1654034307,1654034307);
INSERT INTO player_score VALUES('5d18f83e1',77,'548675cd5','1f9082d8b',98686,1707,1653862268,1653862268);
INSERT INTO player_score VALUES('6360d123c',77,'548675cd5','37c98cabf',4740,1755,1654030863,1654030863);
INSERT INTO player_score VALUES('5547091f1',77,'548675cd5','3f14fca2c',169344,1321,1653652350,1653652350);
INSERT INTO player_score VALUES('630643fc1',77,'548675cd5','4a335a137',165888,1937,1654021368,1654021368);
INSERT INTO player_score VALUES('5f0978bc7',77,'548675cd5','4b20c4df3',699273,1790,1653914330,1653914330);
INSERT INTO player_score VALUES('55255c865',77,'548675cd5','5016e6b08',399750,1231,1653648819,1653648819);
INSERT INTO player_score VALUES('5b07760e3',77,'548675cd5','50a87fa05',0,1600,1653806745,1653806745);
INSERT INTO player_score VALUES('62e18a1d4',77,'548675cd5','567a25bb5',7800,1969,1654017517,1654017517);
INSERT INTO player_score VALUES('6381f9e6e',77,'548675cd5','637bfcb49',15675,1792,1654034340,1654034340);
INSERT INTO player_score VALUES('62a5de3ef',77,'54a211adf','1f9082d8b',492156,1864,1654011260,1654011260);
INSERT INTO player_score VALUES('62103a22f',77,'54a211adf','2b95463ac',691840,1895,1653995569,1653995569);
INSERT INTO player_score VALUES('61116ca72',77,'54a211adf','37c98cabf',8190,1679,1653968851,1653968851);
INSERT INTO player_score VALUES('634dc3374',77,'54a211adf','3bf962554',389090,1913,1654028865,1654028865);
INSERT INTO player_score VALUES('558f752b4',77,'54a211adf','3f14fca2c',225990,1335,1653659944,1653659944);
INSERT INTO player_score VALUES('5fa186874',77,'54a211adf','4b20c4df3',124950,1845,1653930274,1653930274);
INSERT INTO player_score VALUES('54b4e2925',77,'54a211adf','5016e6b08',286254,1138,1653637025,1653637025);
INSERT INTO player_score VALUES('5b31a1efb',77,'54a211adf','50a87fa05',6400,1625,1653811167,1653811167);
INSERT INTO player_score VALUES('631d55c05',77,'54a211adf','567a25bb5',6936,2009,1654023787,1654023787);
INSERT INTO player_score VALUES('638f82403',77,'54a211adf','608ef638e',355488,1668,1654035759,1654035759);
INSERT INTO player_score VALUES('63815da68',77,'54a211adf','637bfcb49',73920,1603,1654034276,1654034276);
INSERT INTO player_score VALUES('62b4b5120',77,'5612d11bb','1f9082d8b',107880,1868,1654012816,1654012816);
INSERT INTO player_score VALUES('5f0e1b40a',77,'5612d11bb','2b95463ac',109725,1801,1653914816,1653914816);
INSERT INTO player_score VALUES('60ea02540',77,'5612d11bb','37c98cabf',103845,1672,1653964718,1653964718);
INSERT INTO player_score VALUES('638dea89d',77,'5612d11bb','3bf962554',52900,1929,1654035592,1654035592);
INSERT INTO player_score VALUES('57a6bc6c3',77,'5612d11bb','3f14fca2c',34751,1462,1653716072,1653716072);
INSERT INTO player_score VALUES('62544ce93',77,'5612d11bb','4330fe9b1',22736,1736,1654002707,1654002707);
INSERT INTO player_score VALUES('633e3f0a0',77,'5612d11bb','4a335a137',237575,1961,1654027238,1654027238);
INSERT INTO player_score VALUES('604c122fe',77,'5612d11bb','4b20c4df3',221760,1903,1653948157,1653948157);
INSERT INTO player_score VALUES('5b2964949',77,'5612d11bb','50a87fa05',369369,1617,1653810303,1653810303);
INSERT INTO player_score VALUES('62156a45b',77,'5612d11bb','567a25bb5',8372,1847,1653996113,1653996113);
INSERT INTO player_score VALUES('638164fa3',77,'5612d11bb','637bfcb49',2016,1613,1654034279,1654034279);
INSERT INTO player_score VALUES('5c40eca22',77,'561da1a93','1f9082d8b',36096,1677,1653839614,1653839614);
INSERT INTO player_score VALUES('639427379',77,'561da1a93','2b95463ac',150696,1948,1654036246,1654036246);
INSERT INTO player_score VALUES('6308890bd',77,'561da1a93','37c98cabf',122670,1740,1654021606,1654021606);
INSERT INTO player_score VALUES('57c6af202',77,'561da1a93','3f14fca2c',153900,1472,1653719422,1653719422);
INSERT INTO player_score VALUES('628d1c5a7',77,'561da1a93','4330fe9b1',174582,1749,1654008664,1654008664);
INSERT INTO player_score VALUES('62068c1f0',77,'561da1a93','4a335a137',378895,1850,1653994554,1653994554);
INSERT INTO player_score VALUES('5f5c254a2',77,'561da1a93','4b20c4df3',125136,1822,1653922999,1653922999);
INSERT INTO player_score VALUES('5b314ef16',77,'561da1a93','50a87fa05',0,1624,1653811133,1653811133);
INSERT INTO player_score VALUES('628a362cf',77,'561da1a93','567a25bb5',176904,1912,1654008360,1654008360);
INSERT INTO player_score VALUES('63a45b311',77,'561da1a93','608ef638e',71910,1715,1654037945,1654037945);
INSERT INTO player_score VALUES('6381f5040',77,'561da1a93','637bfcb49',88616,1790,1654034338,1654034338);
INSERT INTO player_score VALUES('5c9c8dac4',77,'5645b46e3','1f9082d8b',24570,1695,1653849222,1653849222);
INSERT INTO player_score VALUES('636c9842f',77,'5645b46e3','2b95463ac',100,1943,1654032098,1654032098);
INSERT INTO player_score VALUES('637835e8a',77,'5645b46e3','37c98cabf',5700,1764,1654033316,1654033316);
INSERT INTO player_score VALUES('62c45b6cf',77,'5645b46e3','3bf962554',1350,1891,1654014457,1654014457);
INSERT INTO player_score VALUES('57626f0f4',77,'5645b46e3','3f14fca2c',143472,1447,1653708910,1653708910);
INSERT INTO player_score VALUES('631ded198',77,'5645b46e3','4330fe9b1',483740,1780,1654023849,1654023849);
INSERT INTO player_score VALUES('6056ea135',77,'5645b46e3','4a335a137',333684,1724,1653949294,1653949294);
INSERT INTO player_score VALUES('604debd1b',77,'5645b46e3','4b20c4df3',10488,1905,1653948351,1653948351);
INSERT INTO player_score VALUES('5bcf5ecf0',77,'5645b46e3','50a87fa05',16356,1721,1653827707,1653827707);
INSERT INTO player_score VALUES('62f88acc9',77,'5645b46e3','567a25bb5',62304,1984,1654019929,1654019929);
INSERT INTO player_score VALUES('639ec2107',77,'5645b46e3','608ef638e',89562,1702,1654037358,1654037358);
INSERT INTO player_score VALUES('5e48c0ce8',77,'56b1bf254','1f9082d8b',214272,1737,1653894122,1653894122);
INSERT INTO player_score VALUES('5f8bca8d9',77,'56b1bf254','2b95463ac',282308,1812,1653927995,1653927995);
INSERT INTO player_score VALUES('5ceed61be',77,'56b1bf254','37c98cabf',20832,1514,1653857850,1653857850);
INSERT INTO player_score VALUES('6007129cf',77,'56b1bf254','3bf962554',440640,1766,1653940922,1653940922);
INSERT INTO player_score VALUES('57e310c1d',77,'56b1bf254','3f14fca2c',34176,1474,1653722398,1653722398);
INSERT INTO player_score VALUES('62841e1bb',77,'56b1bf254','4330fe9b1',106704,1746,1654007721,1654007721);
INSERT INTO player_score VALUES('62cad5265',77,'56b1bf254','4a335a137',672300,1915,1654015136,1654015136);
INSERT INTO player_score VALUES('5d43af4cb',77,'56b1bf254','4b20c4df3',47952,1638,1653866747,1653866747);
INSERT INTO player_score VALUES('5bd9c6606',77,'56b1bf254','50a87fa05',552916,1725,1653828798,1653828798);
INSERT INTO player_score VALUES('62ba1877d',77,'56b1bf254','567a25bb5',99076,1946,1654013381,1654013381);
INSERT INTO player_score VALUES('63a35fb4d',77,'56b1bf254','608ef638e',50310,1713,1654037842,1654037842);
INSERT INTO player_score VALUES('6381b7fbc',77,'56b1bf254','637bfcb49',8295,1716,1654034313,1654034313);
INSERT INTO player_score VALUES('5f221603a',77,'56c801621','1f9082d8b',15312,1761,1653916911,1653916911);
INSERT INTO player_score VALUES('629a409b0',77,'56c801621','2b95463ac',120156,1914,1654010042,1654010042);
INSERT INTO player_score VALUES('5329bd586',77,'56c801621','3f14fca2c',400,1177,1653595591,1653595591);
INSERT INTO player_score VALUES('633032d9e',77,'56c801621','4a335a137',76560,1957,1654025765,1654025765);
INSERT INTO player_score VALUES('5e8bc4927',77,'56c801621','4b20c4df3',8932,1743,1653901149,1653901149);
INSERT INTO player_score VALUES('5bb812743',77,'56c801621','50a87fa05',534600,1713,1653825264,1653825264);
INSERT INTO player_score VALUES('6305c9eb0',77,'56c801621','567a25bb5',0,1993,1654021318,1654021318);
INSERT INTO player_score VALUES('63b5fae5f',77,'56c801621','608ef638e',41832,1743,1654039793,1654039793);
INSERT INTO player_score VALUES('6080d6803',77,'575936377','1f9082d8b',6624,1793,1653953690,1653953690);
INSERT INTO player_score VALUES('5fe772eb5',77,'575936377','2b95463ac',4550,1820,1653937606,1653937606);
INSERT INTO player_score VALUES('636cf297f',77,'575936377','37c98cabf',0,1760,1654032135,1654032135);
INSERT INTO player_score VALUES('57bf99284',77,'575936377','3f14fca2c',424545,1469,1653718679,1653718679);
INSERT INTO player_score VALUES('6178f9711',77,'575936377','4a335a137',48048,1804,1653979709,1653979709);
INSERT INTO player_score VALUES('60435fa31',77,'575936377','4b20c4df3',22950,1900,1653947245,1653947245);
INSERT INTO player_score VALUES('5b78baa13',77,'575936377','50a87fa05',174018,1677,1653818622,1653818622);
INSERT INTO player_score VALUES('622f5875b',77,'575936377','567a25bb5',96000,1863,1653998832,1653998832);
INSERT INTO player_score VALUES('6381f9e6f',77,'575936377','637bfcb49',10800,1793,1654034340,1654034340);
INSERT INTO player_score VALUES('5fb003066',77,'57c35b16b','1f9082d8b',4154,1776,1653931793,1653931793);
INSERT INTO player_score VALUES('638c6dae1',77,'57c35b16b','2b95463ac',193930,1947,1654035436,1654035436);
INSERT INTO player_score VALUES('6365edbcf',77,'57c35b16b','3bf962554',9450,1920,1654031399,1654031399);
INSERT INTO player_score VALUES('574634845',77,'57c35b16b','3f14fca2c',470470,1442,1653705950,1653705950);
INSERT INTO player_score VALUES('5ba00efbe',77,'57c35b16b','4330fe9b1',1296,1393,1653822746,1653822746);
INSERT INTO player_score VALUES('63413b2f4',77,'57c35b16b','4a335a137',556920,1962,1654027551,1654027551);
INSERT INTO player_score VALUES('5fe89a530',77,'57c35b16b','4b20c4df3',62640,1874,1653937727,1653937727);
INSERT INTO player_score VALUES('5bb198bd4',77,'57c35b16b','50a87fa05',188848,1709,1653824585,1653824585);
INSERT INTO player_score VALUES('62d494430',77,'57c35b16b','567a25bb5',218595,1957,1654016158,1654016158);
INSERT INTO player_score VALUES('639b29a6e',77,'57c35b16b','608ef638e',181838,1692,1654036981,1654036981);
INSERT INTO player_score VALUES('6381df0af',77,'57c35b16b','637bfcb49',195510,1764,1654034329,1654034329);
INSERT INTO player_score VALUES('639fe97f0',77,'5843d0d16','1f9082d8b',388360,1890,1654037479,1654037479);
INSERT INTO player_score VALUES('615259c00',77,'5843d0d16','2b95463ac',16400,1868,1653975659,1653975659);
INSERT INTO player_score VALUES('613e309d8',77,'5843d0d16','37c98cabf',52200,1684,1653973545,1653973545);
INSERT INTO player_score VALUES('63a2818dd',77,'5843d0d16','4a335a137',9344,1983,1654037751,1654037751);
INSERT INTO player_score VALUES('600447499',77,'5843d0d16','4b20c4df3',163392,1886,1653940629,1653940629);
INSERT INTO player_score VALUES('5b4bde414',77,'5843d0d16','50a87fa05',41366,1648,1653813918,1653813918);
INSERT INTO player_score VALUES('631c41dd0',77,'5843d0d16','567a25bb5',245100,2008,1654023674,1654023674);
INSERT INTO player_score VALUES('63bd63dc8',77,'5843d0d16','608ef638e',6478,1758,1654040570,1654040570);
INSERT INTO player_score VALUES('5e7eebfdb',77,'58d3afdfc','1f9082d8b',16464,1743,1653899802,1653899802);
INSERT INTO player_score VALUES('5aae68339',77,'58d3afdfc','2b95463ac',199080,1654,1653797407,1653797407);
INSERT INTO player_score VALUES('5f187b81a',77,'58d3afdfc','37c98cabf',49680,1605,1653915904,1653915904);
INSERT INTO player_score VALUES('63067e935',77,'58d3afdfc','3bf962554',187425,1906,1654021392,1654021392);
INSERT INTO player_score VALUES('60d4cca2f',77,'58d3afdfc','4330fe9b1',272160,1657,1653962494,1653962494);
INSERT INTO player_score VALUES('61852e6dc',77,'58d3afdfc','4a335a137',1660,1806,1653980989,1653980989);
INSERT INTO player_score VALUES('5f8065128',77,'58d3afdfc','4b20c4df3',21624,1834,1653926800,1653926800);
INSERT INTO player_score VALUES('5bd5d1350',77,'58d3afdfc','50a87fa05',19992,1723,1653828383,1653828383);
INSERT INTO player_score VALUES('617f75983',77,'58d3afdfc','567a25bb5',422499,1769,1653980389,1653980389);
INSERT INTO player_score VALUES('6381fecb2',77,'58d3afdfc','637bfcb49',81760,1796,1654034342,1654034342);
INSERT INTO player_score VALUES('63a821fbf',77,'590e93921','1f9082d8b',3186,1891,1654038341,1654038341);
INSERT INTO player_score VALUES('62a963223',77,'590e93921','2b95463ac',185658,1917,1654011629,1654011629);
INSERT INTO player_score VALUES('61083b226',77,'590e93921','37c98cabf',465010,1677,1653967887,1653967887);
INSERT INTO player_score VALUES('618952020',77,'590e93921','3bf962554',349920,1831,1653981423,1653981423);
INSERT INTO player_score VALUES('626af33fc',77,'590e93921','4330fe9b1',359100,1743,1654005082,1654005082);
INSERT INTO player_score VALUES('61f535a4d',77,'590e93921','4a335a137',28224,1842,1653992736,1653992736);
INSERT INTO player_score VALUES('5ea3183f1',77,'590e93921','4b20c4df3',70686,1753,1653903595,1653903595);
INSERT INTO player_score VALUES('5bee7839e',77,'590e93921','50a87fa05',4920,1738,1653830968,1653830968);
INSERT INTO player_score VALUES('62f132ecb',77,'590e93921','567a25bb5',24455,1977,1654019159,1654019159);
INSERT INTO player_score VALUES('63bbff6b2',77,'590e93921','608ef638e',418600,1756,1654040424,1654040424);
INSERT INTO player_score VALUES('6381d063f',77,'590e93921','637bfcb49',16740,1749,1654034323,1654034323);
INSERT INTO player_score VALUES('62f6fa6a1',77,'5949b4491','1f9082d8b',16416,1877,1654019765,1654019765);
INSERT INTO player_score VALUES('6378cd449',77,'5949b4491','2b95463ac',243846,1944,1654033378,1654033378);
INSERT INTO player_score VALUES('61250d134',77,'5949b4491','37c98cabf',384592,1681,1653970909,1653970909);
INSERT INTO player_score VALUES('639e4ce34',77,'5949b4491','3bf962554',302400,1936,1654037310,1654037310);
INSERT INTO player_score VALUES('63a4b0a2f',77,'5949b4491','4330fe9b1',35532,1807,1654037980,1654037980);
INSERT INTO player_score VALUES('63bad0b25',77,'5949b4491','4a335a137',94400,1992,1654040300,1654040300);
INSERT INTO player_score VALUES('5fd992a90',77,'5949b4491','4b20c4df3',378873,1866,1653936151,1653936151);
INSERT INTO player_score VALUES('6253df088',77,'5949b4491','567a25bb5',122304,1884,1654002662,1654002662);
INSERT INTO player_score VALUES('63b8f49e6',77,'5949b4491','608ef638e',94860,1749,1654040105,1654040105);
INSERT INTO player_score VALUES('6381d5489',77,'5949b4491','637bfcb49',5110,1758,1654034325,1654034325);
INSERT INTO player_score VALUES('5723ae9b9',77,'59b6fece6','1f9082d8b',47432,1559,1653702330,1653702330);
INSERT INTO player_score VALUES('62b53196a',77,'59b6fece6','2b95463ac',4896,1920,1654012867,1654012867);
INSERT INTO player_score VALUES('63aa5fb61',77,'59b6fece6','37c98cabf',249750,1772,1654038576,1654038576);
INSERT INTO player_score VALUES('6168b1f22',77,'59b6fece6','3bf962554',183168,1825,1653978002,1653978002);
INSERT INTO player_score VALUES('62542d26e',77,'59b6fece6','4a335a137',34104,1874,1654002694,1654002694);
INSERT INTO player_score VALUES('5f6122282',77,'59b6fece6','4b20c4df3',4840,1826,1653923522,1653923522);
INSERT INTO player_score VALUES('5beba0b0a',77,'59b6fece6','50a87fa05',23400,1736,1653830670,1653830670);
INSERT INTO player_score VALUES('62d9281e4',77,'59b6fece6','567a25bb5',345060,1960,1654016638,1654016638);
INSERT INTO player_score VALUES('636a77d79',77,'59b6fece6','608ef638e',7686,1568,1654031875,1654031875);
INSERT INTO player_score VALUES('6381e8cfa',77,'59b6fece6','637bfcb49',33024,1773,1654034333,1654034333);
INSERT INTO player_score VALUES('5e4c656ba',77,'59de161f1','1f9082d8b',42476,1738,1653894504,1653894504);
INSERT INTO player_score VALUES('62a681d28',77,'59de161f1','2b95463ac',30420,1916,1654011327,1654011327);
INSERT INTO player_score VALUES('637726e5f',77,'59de161f1','3bf962554',11760,1926,1654033205,1654033205);
INSERT INTO player_score VALUES('635d03023',77,'59de161f1','4a335a137',0,1969,1654030464,1654030464);
INSERT INTO player_score VALUES('5f3c2db3e',77,'59de161f1','4b20c4df3',65688,1811,1653919647,1653919647);
INSERT INTO player_score VALUES('5bc076e4a',77,'59de161f1','50a87fa05',45580,1716,1653826144,1653826144);
INSERT INTO player_score VALUES('62de92d7d',77,'59de161f1','567a25bb5',128516,1966,1654017206,1654017206);
INSERT INTO player_score VALUES('63b09ed62',77,'59de161f1','608ef638e',371025,1734,1654039231,1654039231);
INSERT INTO player_score VALUES('6381f9e70',77,'59de161f1','637bfcb49',32850,1794,1654034340,1654034340);
INSERT INTO player_score VALUES('617c96b8e',77,'59fe0b424','1f9082d8b',157356,1826,1653980088,1653980088);
INSERT INTO player_score VALUES('63c2f0c40',77,'59fe0b424','2b95463ac',241536,1956,1654041152,1654041152);
INSERT INTO player_score VALUES('5fdc34803',77,'59fe0b424','37c98cabf',6734,1636,1653936427,1653936427);
INSERT INTO player_score VALUES('62dc3f270',77,'59fe0b424','3bf962554',4650,1896,1654016962,1654016962);
INSERT INTO player_score VALUES('60808fb17',77,'59fe0b424','4330fe9b1',534600,1636,1653953661,1653953661);
INSERT INTO player_score VALUES('63273227d',77,'59fe0b424','4a335a137',198,1955,1654024821,1654024821);
INSERT INTO player_score VALUES('5acf761a2',77,'59fe0b424','50a87fa05',191100,1568,1653800873,1653800873);
INSERT INTO player_score VALUES('62febdb83',77,'59fe0b424','567a25bb5',34629,1985,1654020579,1654020579);
INSERT INTO player_score VALUES('630b14e1f',77,'59fe0b424','608ef638e',119700,1364,1654021873,1654021873);
INSERT INTO player_score VALUES('63819ab1a',77,'59fe0b424','637bfcb49',0,1675,1654034301,1654034301);
INSERT INTO player_score VALUES('60e1d87a4',77,'5aace8e70','1f9082d8b',15312,1807,1653963862,1653963862);
INSERT INTO player_score VALUES('5fbdbc309',77,'5aace8e70','2b95463ac',2720,1818,1653933232,1653933232);
INSERT INTO player_score VALUES('606396b23',77,'5aace8e70','37c98cabf',34944,1649,1653950623,1653950623);
INSERT INTO player_score VALUES('6020ed42d',77,'5aace8e70','3bf962554',66420,1772,1653943633,1653943633);
INSERT INTO player_score VALUES('6373083b1',77,'5aace8e70','4330fe9b1',61056,1792,1654032773,1654032773);
INSERT INTO player_score VALUES('61f568eb8',77,'5aace8e70','4a335a137',165816,1843,1653992757,1653992757);
INSERT INTO player_score VALUES('5e9747593',77,'5aace8e70','4b20c4df3',225400,1749,1653902356,1653902356);
INSERT INTO player_score VALUES('5bb76c713',77,'5aace8e70','50a87fa05',224664,1711,1653825196,1653825196);
INSERT INTO player_score VALUES('62f2fde40',77,'5aace8e70','567a25bb5',236600,1979,1654019347,1654019347);
INSERT INTO player_score VALUES('6397ee038',77,'5aace8e70','608ef638e',247665,1683,1654036642,1654036642);
INSERT INTO player_score VALUES('6381cb81d',77,'5aace8e70','637bfcb49',226460,1742,1654034321,1654034321);
INSERT INTO player_score VALUES('61a14bb32',77,'5aeadc449','1f9082d8b',24840,1830,1653983937,1653983937);
INSERT INTO player_score VALUES('63ac7db58',77,'5aeadc449','2b95463ac',782595,1950,1654038798,1654038798);
INSERT INTO player_score VALUES('62b7658f1',77,'5aeadc449','37c98cabf',6600,1731,1654013098,1654013098);
INSERT INTO player_score VALUES('619c6e96d',77,'5aeadc449','3bf962554',81498,1835,1653983427,1653983427);
INSERT INTO player_score VALUES('62c869074',77,'5aeadc449','4330fe9b1',8096,1760,1654014882,1654014882);
INSERT INTO player_score VALUES('62eabe16d',77,'5aeadc449','4a335a137',87120,1928,1654018482,1654018482);
INSERT INTO player_score VALUES('601e923e1',77,'5aeadc449','4b20c4df3',146657,1891,1653943386,1653943386);
INSERT INTO player_score VALUES('5a9d75cfe',77,'5aeadc449','50a87fa05',77280,1540,1653795630,1653795630);
INSERT INTO player_score VALUES('62dfbcb4a',77,'5aeadc449','567a25bb5',102410,1967,1654017328,1654017328);
INSERT INTO player_score VALUES('637f5f66f',77,'5aeadc449','608ef638e',7227,1622,1654034067,1654034067);
INSERT INTO player_score VALUES('6381f022d',77,'5aeadc449','637bfcb49',54760,1779,1654034336,1654034336);
INSERT INTO player_score VALUES('629e22434',77,'5b820491f','1f9082d8b',138225,1863,1654010449,1654010449);
INSERT INTO player_score VALUES('62d002d39',77,'5b820491f','2b95463ac',82524,1923,1654015679,1654015679);
INSERT INTO player_score VALUES('5c0606812',77,'5b820491f','37c98cabf',28152,1473,1653833438,1653833438);
INSERT INTO player_score VALUES('63955d495',77,'5b820491f','3bf962554',308352,1933,1654036373,1654036373);
INSERT INTO player_score VALUES('639673990',77,'5b820491f','4330fe9b1',127488,1802,1654036487,1654036487);
INSERT INTO player_score VALUES('639924161',77,'5b820491f','4a335a137',5760,1980,1654036769,1654036769);
INSERT INTO player_score VALUES('5fa188f53',77,'5b820491f','4b20c4df3',26928,1846,1653930275,1653930275);
INSERT INTO player_score VALUES('5bb789bcf',77,'5b820491f','50a87fa05',17388,1712,1653825208,1653825208);
INSERT INTO player_score VALUES('63a6fd037',77,'5b820491f','608ef638e',432,1717,1654038221,1654038221);
INSERT INTO player_score VALUES('6381b0ac5',77,'5b820491f','637bfcb49',0,1709,1654034310,1654034310);
INSERT INTO player_score VALUES('5cd3614dd',77,'5be6e0dc7','1f9082d8b',0,1699,1653854971,1653854971);
INSERT INTO player_score VALUES('629c5e9d7',77,'5be6e0dc7','37c98cabf',305520,1727,1654010264,1654010264);
INSERT INTO player_score VALUES('6120a2b14',77,'5be6e0dc7','3bf962554',1800,1816,1653970446,1653970446);
INSERT INTO player_score VALUES('6176615e8',77,'5be6e0dc7','4a335a137',180180,1803,1653979437,1653979437);
INSERT INTO player_score VALUES('5d3df192b',77,'5be6e0dc7','4b20c4df3',2592,1634,1653866145,1653866145);
INSERT INTO player_score VALUES('5bb7232f7',77,'5be6e0dc7','50a87fa05',156672,1710,1653825166,1653825166);
INSERT INTO player_score VALUES('61c5cd6a7',77,'5be6e0dc7','567a25bb5',46956,1809,1653987765,1653987765);
INSERT INTO player_score VALUES('63bf3d7d1',77,'5be6e0dc7','608ef638e',1092,1762,1654040764,1654040764);
INSERT INTO player_score VALUES('6381983ec',77,'5be6e0dc7','637bfcb49',34650,1672,1654034300,1654034300);
INSERT INTO player_score VALUES('633eddbbc',77,'5c79b24fc','1f9082d8b',20280,1882,1654027303,1654027303);
INSERT INTO player_score VALUES('6341b2d62',77,'5c79b24fc','2b95463ac',6175,1937,1654027600,1654027600);
INSERT INTO player_score VALUES('5f8fb86cc',77,'5c79b24fc','37c98cabf',7350,1621,1653928407,1653928407);
INSERT INTO player_score VALUES('61a0aa917',77,'5c79b24fc','3bf962554',54180,1836,1653983871,1653983871);
INSERT INTO player_score VALUES('611c5ceec',77,'5c79b24fc','4330fe9b1',4158,1674,1653969998,1653969998);
INSERT INTO player_score VALUES('62b593416',77,'5c79b24fc','4a335a137',5828,1905,1654012907,1654012907);
INSERT INTO player_score VALUES('5fd6aa075',77,'5c79b24fc','4b20c4df3',2208,1861,1653935846,1653935846);
INSERT INTO player_score VALUES('639f6a88d',77,'5c79b24fc','608ef638e',19584,1703,1654037427,1654037427);
INSERT INTO player_score VALUES('6381a9589',77,'5c79b24fc','637bfcb49',172480,1698,1654034307,1654034307);
INSERT INTO player_score VALUES('5f3ab8292',77,'5ccac997e','1f9082d8b',92204,1764,1653919494,1653919494);
INSERT INTO player_score VALUES('616364893',77,'5ccac997e','2b95463ac',148798,1873,1653977446,1653977446);
INSERT INTO player_score VALUES('633083676',77,'5ccac997e','37c98cabf',134190,1746,1654025798,1654025798);
INSERT INTO player_score VALUES('5f5507fde',77,'5ccac997e','3bf962554',0,1735,1653922253,1653922253);
INSERT INTO player_score VALUES('603ddeee6',77,'5ccac997e','4330fe9b1',127488,1626,1653946668,1653946668);
INSERT INTO player_score VALUES('639de3e74',77,'5ccac997e','4a335a137',365472,1982,1654037267,1654037267);
INSERT INTO player_score VALUES('60112e847',77,'5ccac997e','4b20c4df3',111074,1888,1653941982,1653941982);
INSERT INTO player_score VALUES('631a6d1b4',77,'5ccac997e','567a25bb5',21373,2007,1654023482,1654023482);
INSERT INTO player_score VALUES('63b91baf3',77,'5ccac997e','608ef638e',530796,1750,1654040121,1654040121);
INSERT INTO player_score VALUES('6381d548a',77,'5ccac997e','637bfcb49',684,1757,1654034325,1654034325);
INSERT INTO player_score VALUES('626a03fa7',77,'5cd9ced1d','1f9082d8b',136080,1857,1654004984,1654004984);
INSERT INTO player_score VALUES('5dcf23fd2',77,'5cd9ced1d','2b95463ac',57408,1759,1653881370,1653881370);
INSERT INTO player_score VALUES('63b13631f',77,'5cd9ced1d','37c98cabf',11400,1773,1654039293,1654039293);
INSERT INTO player_score VALUES('6186a66c0',77,'5cd9ced1d','3bf962554',64350,1829,1653981143,1653981143);
INSERT INTO player_score VALUES('6199949df',77,'5cd9ced1d','4330fe9b1',33840,1703,1653983128,1653983128);
INSERT INTO player_score VALUES('63087cd55',77,'5cd9ced1d','4a335a137',5487,1940,1654021601,1654021601);
INSERT INTO player_score VALUES('6253a1ff2',77,'5cd9ced1d','567a25bb5',4785,1883,1654002637,1654002637);
INSERT INTO player_score VALUES('637c12af4',77,'5cd9ced1d','608ef638e',258066,1607,1654033721,1654033721);
INSERT INTO player_score VALUES('6376e9de5',77,'5d397fe4a','1f9082d8b',52920,1887,1654033180,1654033180);
INSERT INTO player_score VALUES('5b26a0900',77,'5d397fe4a','2b95463ac',146575,1674,1653810013,1653810013);
INSERT INTO player_score VALUES('6354b96d7',77,'5d397fe4a','37c98cabf',125440,1752,1654029595,1654029595);
INSERT INTO player_score VALUES('5f720fa18',77,'5d397fe4a','3bf962554',539220,1742,1653925297,1653925297);
INSERT INTO player_score VALUES('6269b84cb',77,'5d397fe4a','4330fe9b1',0,1742,1654004953,1654004953);
INSERT INTO player_score VALUES('626e70cb2',77,'5d397fe4a','4a335a137',4590,1883,1654005448,1654005448);
INSERT INTO player_score VALUES('5f5040d91',77,'5d397fe4a','4b20c4df3',384930,1819,1653921752,1653921752);
INSERT INTO player_score VALUES('62c16de8b',77,'5d397fe4a','567a25bb5',66690,1952,1654014150,1654014150);
INSERT INTO player_score VALUES('63853cdb0',77,'5d397fe4a','608ef638e',92004,1640,1654034682,1654034682);
INSERT INTO player_score VALUES('6380bef44',77,'5d397fe4a','637bfcb49',151200,1413,1654034211,1654034211);
INSERT INTO player_score VALUES('53fc40f36',77,'5d6b2f9a1','1f9082d8b',85813,1464,1653617665,1653617665);
INSERT INTO player_score VALUES('61be2ebb3',77,'5d6b2f9a1','2b95463ac',71638,1886,1653986966,1653986966);
INSERT INTO player_score VALUES('5fbcea407',77,'5d6b2f9a1','37c98cabf',9230,1632,1653933146,1653933146);
INSERT INTO player_score VALUES('5cedfa64a',77,'5d6b2f9a1','3bf962554',138600,1627,1653857760,1653857760);
INSERT INTO player_score VALUES('639206cc0',77,'5d6b2f9a1','4330fe9b1',50286,1799,1654036023,1654036023);
INSERT INTO player_score VALUES('637922b9e',77,'5d6b2f9a1','4a335a137',17920,1975,1654033413,1654033413);
INSERT INTO player_score VALUES('5fec6391c',77,'5d6b2f9a1','4b20c4df3',75544,1877,1653938124,1653938124);
INSERT INTO player_score VALUES('625d156fa',77,'5d6b2f9a1','567a25bb5',6048,1888,1654003628,1654003628);
INSERT INTO player_score VALUES('6381edb21',77,'5d6b2f9a1','637bfcb49',25600,1776,1654034335,1654034335);
INSERT INTO player_score VALUES('60e2cf0fd',77,'5e073292c','1f9082d8b',3036,1808,1653963963,1653963963);
INSERT INTO player_score VALUES('57810e6b7',77,'5e073292c','2b95463ac',11704,1545,1653712121,1653712121);
INSERT INTO player_score VALUES('5e5515887',77,'5e073292c','37c98cabf',550525,1568,1653895415,1653895415);
INSERT INTO player_score VALUES('62b15e970',77,'5e073292c','3bf962554',220332,1887,1654012466,1654012466);
INSERT INTO player_score VALUES('600c2a52b',77,'5e073292c','4330fe9b1',100096,1615,1653941456,1653941456);
INSERT INTO player_score VALUES('6122972c6',77,'5e073292c','4a335a137',409920,1780,1653970651,1653970651);
INSERT INTO player_score VALUES('5f2c05f39',77,'5e073292c','4b20c4df3',293700,1805,1653917953,1653917953);
INSERT INTO player_score VALUES('6305c026c',77,'5e073292c','567a25bb5',93960,1992,1654021314,1654021314);
INSERT INTO player_score VALUES('6398bffa6',77,'5e073292c','608ef638e',495936,1684,1654036728,1654036728);
INSERT INTO player_score VALUES('6381d7bb5',77,'5e073292c','637bfcb49',27360,1759,1654034326,1654034326);
INSERT INTO player_score VALUES('624237fb8',77,'619eff51f','1f9082d8b',270480,1853,1654000811,1654000811);
INSERT INTO player_score VALUES('60d7cb398',77,'619eff51f','2b95463ac',30160,1852,1653962808,1653962808);
INSERT INTO player_score VALUES('626f9f88a',77,'619eff51f','37c98cabf',13200,1722,1654005572,1654005572);
INSERT INTO player_score VALUES('62fa0efe8',77,'619eff51f','3bf962554',377692,1904,1654020088,1654020088);
INSERT INTO player_score VALUES('62d646d10',77,'619eff51f','4330fe9b1',0,1765,1654016336,1654016336);
INSERT INTO player_score VALUES('6384c53a9',77,'619eff51f','4a335a137',564,1977,1654034633,1654034633);
INSERT INTO player_score VALUES('61775cd9e',77,'619eff51f','567a25bb5',157905,1761,1653979540,1653979540);
INSERT INTO player_score VALUES('63c689308',77,'619eff51f','608ef638e',2760,1775,1654041529,1654041529);
INSERT INTO player_score VALUES('6381a206f',77,'619eff51f','637bfcb49',299520,1688,1654034304,1654034304);
INSERT INTO player_score VALUES('61dd74165',77,'62da3e765','1f9082d8b',121176,1839,1653990245,1653990245);
INSERT INTO player_score VALUES('6029f2d6f',77,'62da3e765','2b95463ac',435456,1833,1653944579,1653944579);
INSERT INTO player_score VALUES('611232643',77,'62da3e765','37c98cabf',212850,1680,1653968932,1653968932);
INSERT INTO player_score VALUES('635e2a6b1',77,'62da3e765','3bf962554',18810,1917,1654030585,1654030585);
INSERT INTO player_score VALUES('62654b7ef',77,'62da3e765','4330fe9b1',161840,1739,1654004489,1654004489);
INSERT INTO player_score VALUES('634f5fcec',77,'62da3e765','4a335a137',156780,1967,1654029034,1654029034);
INSERT INTO player_score VALUES('62c6ee99e',77,'62da3e765','567a25bb5',7590,1954,1654014727,1654014727);
INSERT INTO player_score VALUES('639fd1143',77,'62da3e765','608ef638e',12040,1704,1654037469,1654037469);
INSERT INTO player_score VALUES('6381edb22',77,'62da3e765','637bfcb49',18260,1778,1654034335,1654034335);
INSERT INTO player_score VALUES('5fe439b47',77,'63a23d2d7','1f9082d8b',45356,1781,1653937268,1653937268);
INSERT INTO player_score VALUES('5ffaa0932',77,'63a23d2d7','2b95463ac',415896,1825,1653939617,1653939617);
INSERT INTO player_score VALUES('60d3e4b25',77,'63a23d2d7','37c98cabf',26800,1671,1653962399,1653962399);
INSERT INTO player_score VALUES('60d3bb330',77,'63a23d2d7','3bf962554',218790,1806,1653962382,1653962382);
INSERT INTO player_score VALUES('63acbf9d3',77,'63a23d2d7','4330fe9b1',29920,1812,1654038825,1654038825);
INSERT INTO player_score VALUES('630b5e21c',77,'63a23d2d7','4a335a137',113088,1942,1654021903,1654021903);
INSERT INTO player_score VALUES('636372f81',77,'63a23d2d7','608ef638e',24768,1551,1654031139,1654031139);
COMMIT;
