
BEGIN;
CREATE TABLE IF NOT EXISTS competition (
  id VARCHAR(255) NOT NULL PRIMARY KEY,
  tenant_id BIGINT NOT NULL,
  title TEXT NOT NULL,
  finished_at BIGINT NULL,
  created_at BIGINT NOT NULL,
  updated_at BIGINT NOT NULL
);
INSERT INTO competition VALUES('235516022',78,'第5回 相撲の会',1652811649,1652311646,1652811649);
INSERT INTO competition VALUES('28d0b69f4',78,'豆腐BETTER #7',NULL,1652458827,1653471284);
INSERT INTO competition VALUES('2c11085a7',78,'ヤバすももボックス',NULL,1652546102,1653358217);
INSERT INTO competition VALUES('307698de4',78,'大盛りトマト野郎大会',1652711641,1652664126,1652711641);
INSERT INTO competition VALUES('3167b6f15',78,'キレ小屋 #7',1652990057,1652689409,1652990057);
INSERT INTO competition VALUES('390632ace',78,'新しい焼酎不足 #3',1653246265,1652893932,1653246265);
INSERT INTO competition VALUES('3f725ee06',78,'りんご丼 vol.5',1653270869,1653066336,1653270869);
INSERT INTO competition VALUES('4c523fffa',78,'ビストロ川口屋さん',NULL,1653411934,1653997530);
INSERT INTO competition VALUES('4cfb00add',78,'第6回 パッションフルーツ企画',NULL,1653429629,1653695593);
INSERT INTO competition VALUES('512ed5466',78,'浸透不足カップ',NULL,1653542438,1653637882);
INSERT INTO competition VALUES('5419e4d89',78,'オンコールゲートカップ',NULL,1653620773,1653630013);
INSERT INTO competition VALUES('556a43b0e',78,'第5カスタード会 #0',1653804694,1653656044,1653804694);
CREATE TABLE IF NOT EXISTS player (
  id VARCHAR(255) NOT NULL PRIMARY KEY,
  tenant_id BIGINT NOT NULL,
  display_name TEXT NOT NULL,
  is_disqualified BOOLEAN NOT NULL,
  created_at BIGINT NOT NULL,
  updated_at BIGINT NOT NULL
);
INSERT INTO player VALUES('1fee88af1',78,'Albina Harber',0,1652220362,1652634793);
INSERT INTO player VALUES('204e37506',78,'Ms. Deborah Tremblay DVM',0,1652230395,1652793320);
INSERT INTO player VALUES('2087c52ff',78,'Josiane Schaefer',0,1652236430,1652863147);
INSERT INTO player VALUES('2187ab73f',78,'Barney Hammes',0,1652263263,1653210965);
INSERT INTO player VALUES('21b663e59',78,'Ms. Adell Barrows V',0,1652268162,1653807621);
INSERT INTO player VALUES('223a9b8e7',78,'Quentin Gleason',0,1652282026,1653555509);
INSERT INTO player VALUES('22b0396c3',78,'Delphia Swift Sr.',0,1652294359,1652554884);
INSERT INTO player VALUES('231b12ee1',78,'Lew Swaniawski',0,1652305563,1653645549);
INSERT INTO player VALUES('24fab4908',78,'Fredrick Harber DVM',1,1652355856,1653046955);
INSERT INTO player VALUES('256d3ddab',78,'Madie Williamson',0,1652367866,1653018802);
INSERT INTO player VALUES('2603439f8',78,'Marguerite Farrell Sr.',0,1652383597,1653578869);
INSERT INTO player VALUES('2644a859d',78,'Mr. Randy Yundt',0,1652390454,1653227099);
INSERT INTO player VALUES('2840589e6',78,'Novella Greenfelder',0,1652443689,1653912863);
INSERT INTO player VALUES('2883577de',78,'Ms. Brittany Bogan II',0,1652450714,1652640276);
INSERT INTO player VALUES('28b3b16cf',78,'Ms. Blanche Lakin',0,1652455784,1652693654);
INSERT INTO player VALUES('28c134e49',78,'Mr. Christophe Leannon PhD',0,1652457201,1653260763);
INSERT INTO player VALUES('29757d3a5',78,'Humberto Mosciski',0,1652476105,1654018578);
INSERT INTO player VALUES('299526b30',78,'Yvonne Kuhlman',0,1652479425,1653388968);
INSERT INTO player VALUES('2a9ab9965',78,'Giles Hickle',0,1652506853,1653503111);
INSERT INTO player VALUES('2ad9ad4e6',78,'Asia Muller',0,1652513454,1652532782);
INSERT INTO player VALUES('2b32dd5a1',78,'Meredith Dickens',0,1652522806,1653961268);
INSERT INTO player VALUES('2c629c241',78,'Ms. Myrtie Beatty DVM',0,1652554656,1652967263);
INSERT INTO player VALUES('2c9a37f87',78,'Hudson West DVM',0,1652560487,1653294400);
INSERT INTO player VALUES('2ca2978a6',78,'Reece Hegmann',0,1652561365,1653645693);
INSERT INTO player VALUES('2cb417811',78,'Emory Gutkowski',0,1652563200,1653398076);
INSERT INTO player VALUES('2cd3558d2',78,'Celestine Heidenreich PhD',0,1652566476,1653522279);
INSERT INTO player VALUES('2ec4ddb6b',78,'Cyril Swaniawski',0,1652618646,1653328596);
INSERT INTO player VALUES('2f2e9e7ad',78,'Olga Ankunding',0,1652629735,1653229180);
INSERT INTO player VALUES('303249148',78,'Jalon Orn',0,1652656963,1653673661);
INSERT INTO player VALUES('309c112ca',78,'Ms. Rosetta Hansen',0,1652668055,1653488266);
INSERT INTO player VALUES('30af218af',78,'Edd Yundt',0,1652670054,1653059950);
INSERT INTO player VALUES('331435c8a',78,'Mallie Tremblay',0,1652734340,1653796209);
INSERT INTO player VALUES('33c8941a8',78,'Mr. Linwood Tremblay',0,1652753253,1653401485);
INSERT INTO player VALUES('33fb6b390',78,'Dave Lockman MD',0,1652758584,1654013294);
INSERT INTO player VALUES('34297657f',78,'Eleazar Smith',0,1652763412,1653124557);
INSERT INTO player VALUES('345554cdd',78,'Imogene Ernser',0,1652768012,1653957710);
INSERT INTO player VALUES('346dfbd6a',78,'Claudie Johnston',0,1652770597,1653446772);
INSERT INTO player VALUES('35a19ebab',78,'Julian Sawayn',1,1652802855,1653203041);
INSERT INTO player VALUES('3722e0375',78,'Tina Schimmel',1,1652843252,1652846865);
INSERT INTO player VALUES('3758fcbf3',78,'Deven Feil V',0,1652848926,1653774606);
INSERT INTO player VALUES('3984a069e',78,'Ms. Winona Roob DVM',1,1652907189,1652985956);
INSERT INTO player VALUES('3a2fa8977',78,'Glen Macejkovic',0,1652925123,1652928559);
INSERT INTO player VALUES('3b3cabc43',78,'Sheldon Deckow',0,1652953331,1653789723);
INSERT INTO player VALUES('3be2d6d66',78,'Arch Heidenreich',1,1652970755,1653634935);
INSERT INTO player VALUES('3c0681b44',78,'Dion Yost',0,1652974495,1653236521);
INSERT INTO player VALUES('3ca49b52a',78,'Mr. Judah Blick I',0,1652991073,1653552772);
INSERT INTO player VALUES('3d1ad08fd',78,'Bartholome Lockman',0,1653003468,1653641474);
INSERT INTO player VALUES('3d2ddc0be',78,'Mr. Ignatius Rau',0,1653005465,1653900324);
INSERT INTO player VALUES('3d37c71bf',78,'Mr. Jettie Wehner',1,1653006505,1653235475);
INSERT INTO player VALUES('3e6b25a01',78,'Ms. Ethyl Hane III',0,1653038735,1653537869);
INSERT INTO player VALUES('3f74005f6',78,'Mr. Dayton Metz DVM',0,1653066507,1653333868);
INSERT INTO player VALUES('401d55fc2',78,'Verlie Zemlak',1,1653084263,1653505330);
INSERT INTO player VALUES('40776def5',78,'Tara Conn',0,1653093710,1653245852);
INSERT INTO player VALUES('40ba26025',78,'Ivory Barrows',0,1653100706,1653453813);
INSERT INTO player VALUES('40e78ffe7',78,'Ms. Halie Stroman',0,1653105468,1653250392);
INSERT INTO player VALUES('42415af2d',78,'Georgette Brakus',0,1653141727,1653267760);
INSERT INTO player VALUES('439f3ad2e',78,'Jovany Bernier',0,1653178414,1653524642);
INSERT INTO player VALUES('4470a3341',78,'Madisyn Goyette',0,1653200372,1653513318);
INSERT INTO player VALUES('46176ba5a',78,'Bradly Kris DDS',0,1653244704,1653783478);
INSERT INTO player VALUES('4693cc736',78,'Bethany Lynch',0,1653257746,1653367682);
INSERT INTO player VALUES('46bf61ada',78,'Felicia Prosacco',0,1653262316,1653775614);
INSERT INTO player VALUES('46c7954ce',78,'William Orn',0,1653263176,1654031573);
INSERT INTO player VALUES('47835a275',78,'Santos McClure',0,1653282865,1653980038);
INSERT INTO player VALUES('4955402ac',78,'Alberto Sawayn',0,1653331718,1653603744);
INSERT INTO player VALUES('49d0687c0',78,'Mr. Clair Wehner Sr.',0,1653344632,1654011073);
INSERT INTO player VALUES('4a4442b1c',78,'Mr. Clark Miller DVM',0,1653356780,1653816522);
INSERT INTO player VALUES('4b1e712ad',78,'Mr. Hollis Zulauf I',0,1653379658,1654039142);
INSERT INTO player VALUES('4b7ba9e9a',78,'Mertie Gutmann I',0,1653389433,1653851912);
INSERT INTO player VALUES('4b7d1f780',78,'Wyatt Stokes',0,1653389586,1653631779);
INSERT INTO player VALUES('4b834fefa',78,'Ora Lang',0,1653390235,1653998173);
INSERT INTO player VALUES('4c97383e5',78,'Gerhard Rodriguez',0,1653419166,1653608450);
INSERT INTO player VALUES('4c9d0983d',78,'Mr. Terrill Marquardt',0,1653419776,1653782537);
INSERT INTO player VALUES('4e6d18597',78,'Cole Huels I',1,1653468436,1654023197);
INSERT INTO player VALUES('4e8539185',78,'Ms. Daphne Friesen',0,1653470966,1653691225);
INSERT INTO player VALUES('4e89ea467',78,'Milan Russel',0,1653471458,1654013394);
INSERT INTO player VALUES('4eaff50aa',78,'Jamaal Brakus III',0,1653475447,1653855868);
INSERT INTO player VALUES('4f7ab2e5d',78,'Mr. Lance Hammes',0,1653496706,1653656222);
INSERT INTO player VALUES('50816d32f',78,'Jaycee Cruickshank',0,1653524255,1653779141);
INSERT INTO player VALUES('50fd4ca13',78,'Aaron Kunde',0,1653537244,1653987163);
INSERT INTO player VALUES('5135034f8',78,'Mr. Gardner Oberbrunner',1,1653543086,1653989315);
INSERT INTO player VALUES('51b545c93',78,'Drake Stark',0,1653556535,1653581938);
INSERT INTO player VALUES('52455cfcf',78,'Rachelle VonRueden',0,1653571644,1653579559);
INSERT INTO player VALUES('525060d4c',78,'Arturo Bosco',0,1653572799,1653742689);
INSERT INTO player VALUES('5260861f1',78,'Rebekah Bosco',0,1653574492,1653882282);
INSERT INTO player VALUES('52f05417a',78,'Mattie Renner',0,1653589571,1653919718);
INSERT INTO player VALUES('53fbe42d1',78,'Lily Braun',0,1653617627,1653778907);
INSERT INTO player VALUES('54684454c',78,'Mr. Maximilian Thompson',0,1653628991,1653981912);
INSERT INTO player VALUES('558b603f7',78,'Carolanne Koss Jr.',0,1653659516,1653789005);
INSERT INTO player VALUES('562aa3ba7',78,'Elaina Runte',0,1653676216,1653756490);
INSERT INTO player VALUES('56eb8a0e2',78,'Kasandra Bernhard',0,1653696443,1653989748);
INSERT INTO player VALUES('56f082059',78,'Mr. Chaim Anderson',0,1653696964,1653936365);
INSERT INTO player VALUES('57f82441d',78,'Pink Strosin',0,1653724608,1653735445);
INSERT INTO player VALUES('587af2998',78,'Rozella Bergstrom II',1,1653738324,1653805367);
INSERT INTO player VALUES('59350c322',78,'Mr. Brendan Stokes',0,1653757838,1653972832);
INSERT INTO player VALUES('5948ac9c8',78,'Chase Rogahn',0,1653759896,1654006234);
INSERT INTO player VALUES('59699106c',78,'Leif Boehm',0,1653763345,1653773174);
INSERT INTO player VALUES('5985abd80',78,'Kolby Bernhard',0,1653766292,1653919305);
INSERT INTO player VALUES('5a518c3c8',78,'Ms. Alysha Schumm Sr.',0,1653787670,1653927485);
INSERT INTO player VALUES('5a6d874c3',78,'Mr. Clyde Price',0,1653790604,1653958992);
INSERT INTO player VALUES('5a7052a72',78,'Ms. Eliane Hettinger',0,1653790897,1653921974);
INSERT INTO player VALUES('5a71dbb23',78,'Thora Mertz',0,1653791058,1653965509);
INSERT INTO player VALUES('5a7bcbaa4',78,'Ms. Ellie Cremin MD',0,1653792100,1653877568);
INSERT INTO player VALUES('5a8b8f4df',78,'Abbigail Greenholt',0,1653793753,1653893494);
INSERT INTO player VALUES('5aa6cbf77',78,'Sylvester Predovic III',0,1653796609,1653954894);
INSERT INTO player VALUES('5b156eb83',78,'Verner Willms',1,1653808210,1653857489);
INSERT INTO player VALUES('5b32d0ac1',78,'Bo Gutkowski PhD',0,1653811291,1653817218);
INSERT INTO player VALUES('5c4f33693',78,'Ms. Elta Trantow',1,1653841111,1653880923);
INSERT INTO player VALUES('5c50a40ea',78,'Adela Lockman',0,1653841262,1653899499);
INSERT INTO player VALUES('5c84a29e4',78,'Ms. Mittie Grimes II',1,1653846714,1653924461);
INSERT INTO player VALUES('5e2a48858',78,'Ms. Brianne Witting',0,1653890927,1653940846);
INSERT INTO player VALUES('5e3d280ee',78,'Kay Goyette',0,1653892906,1654014290);
INSERT INTO player VALUES('5e5cc7c03',78,'Tina Olson Jr.',0,1653896222,1654032829);
INSERT INTO player VALUES('5e7754a0d',78,'Carolina Miller',0,1653899006,1653911998);
INSERT INTO player VALUES('5f3e83d74',78,'Ms. Summer Terry',0,1653919892,1653955291);
INSERT INTO player VALUES('5f5625a55',78,'Dillan Rodriguez',0,1653922370,1654003436);
INSERT INTO player VALUES('5f5793da0',78,'Mr. Al Morissette',1,1653922520,1653944523);
INSERT INTO player VALUES('5f5d7d85f',78,'Khalil Reichel Jr.',0,1653923140,1653927942);
INSERT INTO player VALUES('5f8bca8da',78,'Mr. Jarrett Gorczany II',0,1653927995,1654001986);
INSERT INTO player VALUES('61bddbb9b',78,'Izabella Blanda',0,1653986932,1653994150);
INSERT INTO player VALUES('61e44a943',78,'Tate Price',1,1653990962,1654031388);
INSERT INTO player VALUES('63360ddb7',78,'Moises Bergnaum',1,1654026379,1654035771);
INSERT INTO player VALUES('63ad1c632',78,'Ms. Genesis Mertz',0,1654038863,1654041495);
CREATE TABLE IF NOT EXISTS player_score (
                              id VARCHAR(255) NOT NULL PRIMARY KEY,
                              tenant_id BIGINT NOT NULL,
                              player_id VARCHAR(255) NOT NULL,
                              competition_id VARCHAR(255) NOT NULL,
                              score BIGINT NOT NULL,
                              row_num BIGINT NOT NULL,
                              created_at BIGINT NOT NULL,
                              updated_at BIGINT NOT NULL
);
INSERT INTO player_score VALUES('623b295cd',78,'1fee88af1','28d0b69f4',207483,2178,1654000071,1654000071);
INSERT INTO player_score VALUES('3231dfe19',78,'1fee88af1','307698de4',254880,545,1652710607,1652710607);
INSERT INTO player_score VALUES('3bbf29879',78,'1fee88af1','3167b6f15',339570,765,1652967014,1652967014);
INSERT INTO player_score VALUES('448e38778',78,'1fee88af1','390632ace',0,1007,1653203474,1653203474);
INSERT INTO player_score VALUES('6234c59f4',78,'1fee88af1','4c523fffa',6413,2102,1653999401,1653999401);
INSERT INTO player_score VALUES('6257a0f14',78,'1fee88af1','4cfb00add',72576,2032,1654003056,1654003056);
INSERT INTO player_score VALUES('639a1aadb',78,'1fee88af1','512ed5466',12943,2372,1654036870,1654036870);
INSERT INTO player_score VALUES('628b5643d',78,'1fee88af1','5419e4d89',128316,2112,1654008478,1654008478);
INSERT INTO player_score VALUES('5aa7d8838',78,'1fee88af1','556a43b0e',2520,1827,1653796719,1653796719);
INSERT INTO player_score VALUES('358208c82',78,'204e37506','235516022',9372,560,1652799543,1652799543);
INSERT INTO player_score VALUES('609cf14f6',78,'204e37506','28d0b69f4',18816,2115,1653956637,1653956637);
INSERT INTO player_score VALUES('59ecef60e',78,'204e37506','2c11085a7',0,1690,1653777120,1653777120);
INSERT INTO player_score VALUES('32092e642',78,'204e37506','307698de4',55440,499,1652706340,1652706340);
INSERT INTO player_score VALUES('3c77167e2',78,'204e37506','3167b6f15',728064,819,1652986300,1652986300);
INSERT INTO player_score VALUES('45a5a3378',78,'204e37506','390632ace',32712,1098,1653232773,1653232773);
INSERT INTO player_score VALUES('46c5b6c65',78,'204e37506','3f725ee06',266560,1151,1653262980,1653262980);
INSERT INTO player_score VALUES('62394d44c',78,'204e37506','4c523fffa',42900,2104,1653999876,1653999876);
INSERT INTO player_score VALUES('6327174b6',78,'204e37506','512ed5466',12740,2306,1654024810,1654024810);
INSERT INTO player_score VALUES('62c501702',78,'204e37506','5419e4d89',53244,2148,1654014525,1654014525);
INSERT INTO player_score VALUES('5ae340060',78,'204e37506','556a43b0e',7917,1915,1653802948,1653802948);
INSERT INTO player_score VALUES('33b116e7c',78,'2087c52ff','235516022',26880,498,1652750790,1652750790);
INSERT INTO player_score VALUES('321ac93d0',78,'2087c52ff','307698de4',516200,521,1652708186,1652708186);
INSERT INTO player_score VALUES('3bf43231e',78,'2087c52ff','3167b6f15',9709,785,1652972575,1652972575);
INSERT INTO player_score VALUES('46ef6d7e2',78,'2087c52ff','3f725ee06',8160,1178,1653267354,1653267354);
INSERT INTO player_score VALUES('628660b78',78,'2087c52ff','4c523fffa',53130,2130,1654007958,1654007958);
INSERT INTO player_score VALUES('637133796',78,'2087c52ff','4cfb00add',4797,2140,1654032581,1654032581);
INSERT INTO player_score VALUES('606adb098',78,'2087c52ff','512ed5466',294,1952,1653951385,1653951385);
INSERT INTO player_score VALUES('611c0ed00',78,'2087c52ff','5419e4d89',5104,1916,1653969966,1653969966);
INSERT INTO player_score VALUES('5aed2b17e',78,'2087c52ff','556a43b0e',4522,1922,1653803988,1653803988);
INSERT INTO player_score VALUES('35e1c611c',78,'2187ab73f','235516022',444,568,1652809582,1652809582);
INSERT INTO player_score VALUES('602de0b31',78,'2187ab73f','28d0b69f4',13034,2096,1653944991,1653944991);
INSERT INTO player_score VALUES('62afc1ff4',78,'2187ab73f','2c11085a7',38352,2010,1654012297,1654012297);
INSERT INTO player_score VALUES('3b98a243c',78,'2187ab73f','3167b6f15',16974,747,1652962974,1652962974);
INSERT INTO player_score VALUES('470c248d3',78,'2187ab73f','3f725ee06',365750,1195,1653270365,1653270365);
INSERT INTO player_score VALUES('636484659',78,'2187ab73f','4c523fffa',103936,2227,1654031251,1654031251);
INSERT INTO player_score VALUES('63434cf8e',78,'2187ab73f','4cfb00add',38940,2120,1654027768,1654027768);
INSERT INTO player_score VALUES('62beb88db',78,'2187ab73f','5419e4d89',5076,2145,1654013866,1654013866);
INSERT INTO player_score VALUES('5ad88cc5c',78,'2187ab73f','556a43b0e',64080,1903,1653801826,1653801826);
INSERT INTO player_score VALUES('34e48687f',78,'21b663e59','235516022',9840,538,1652783027,1652783027);
INSERT INTO player_score VALUES('611ce0c89',78,'21b663e59','28d0b69f4',35700,2134,1653970052,1653970052);
INSERT INTO player_score VALUES('6050298da',78,'21b663e59','2c11085a7',16632,1927,1653948586,1653948586);
INSERT INTO player_score VALUES('3223ee8d3',78,'21b663e59','307698de4',54538,533,1652709145,1652709145);
INSERT INTO player_score VALUES('3c9a18e42',78,'21b663e59','3167b6f15',44100,829,1652989971,1652989971);
INSERT INTO player_score VALUES('45fece5d2',78,'21b663e59','390632ace',231539,1121,1653242123,1653242123);
INSERT INTO player_score VALUES('46dc6e37a',78,'21b663e59','3f725ee06',187110,1162,1653265362,1653265362);
INSERT INTO player_score VALUES('63096c155',78,'21b663e59','4c523fffa',236504,2188,1654021699,1654021699);
INSERT INTO player_score VALUES('629367b26',78,'21b663e59','4cfb00add',71680,2047,1654009324,1654009324);
INSERT INTO player_score VALUES('603860ade',78,'21b663e59','5419e4d89',10660,1795,1653946092,1653946092);
INSERT INTO player_score VALUES('5a76f369a',78,'21b663e59','556a43b0e',28860,1757,1653791592,1653791592);
INSERT INTO player_score VALUES('61f513760',78,'223a9b8e7','28d0b69f4',26660,2169,1653992722,1653992722);
INSERT INTO player_score VALUES('54ec91f3c',78,'223a9b8e7','2c11085a7',148304,1528,1653642864,1653642864);
INSERT INTO player_score VALUES('31fc07b31',78,'223a9b8e7','307698de4',2756,480,1652704961,1652704961);
INSERT INTO player_score VALUES('4576a3f5e',78,'223a9b8e7','390632ace',106650,1083,1653227845,1653227845);
INSERT INTO player_score VALUES('468111898',78,'223a9b8e7','3f725ee06',76570,1102,1653255782,1653255782);
INSERT INTO player_score VALUES('616b6270c',78,'223a9b8e7','4c523fffa',0,2014,1653978284,1653978284);
INSERT INTO player_score VALUES('61b23e176',78,'223a9b8e7','4cfb00add',23460,1968,1653985714,1653985714);
INSERT INTO player_score VALUES('6336fd1ec',78,'223a9b8e7','512ed5466',243504,2314,1654026477,1654026477);
INSERT INTO player_score VALUES('63819d22a',78,'223a9b8e7','5419e4d89',240264,2250,1654034302,1654034302);
INSERT INTO player_score VALUES('352f41600',78,'22b0396c3','235516022',441000,546,1652790863,1652790863);
INSERT INTO player_score VALUES('633b1960c',78,'22b0396c3','2c11085a7',173826,2032,1654026908,1654026908);
INSERT INTO player_score VALUES('3233bbf31',78,'22b0396c3','307698de4',42588,546,1652710802,1652710802);
INSERT INTO player_score VALUES('3c5832c54',78,'22b0396c3','3167b6f15',9009,811,1652983061,1652983061);
INSERT INTO player_score VALUES('46dff7fad',78,'22b0396c3','3f725ee06',91200,1166,1653265733,1653265733);
INSERT INTO player_score VALUES('63b4dfb4b',78,'22b0396c3','4c523fffa',4026,2261,1654039677,1654039677);
INSERT INTO player_score VALUES('62647717c',78,'22b0396c3','4cfb00add',16974,2036,1654004402,1654004402);
INSERT INTO player_score VALUES('634a740b1',78,'22b0396c3','5419e4d89',221000,2219,1654028518,1654028518);
INSERT INTO player_score VALUES('5ac24a850',78,'22b0396c3','556a43b0e',23780,1867,1653799492,1653799492);
INSERT INTO player_score VALUES('33202b4c5',78,'231b12ee1','235516022',8064,485,1652735594,1652735594);
INSERT INTO player_score VALUES('618d1b3f7',78,'231b12ee1','28d0b69f4',19488,2156,1653981820,1653981820);
INSERT INTO player_score VALUES('5d5880e2c',78,'231b12ee1','2c11085a7',88536,1819,1653868930,1653868930);
INSERT INTO player_score VALUES('3219eb137',78,'231b12ee1','307698de4',150784,520,1652708095,1652708095);
INSERT INTO player_score VALUES('3c8e54312',78,'231b12ee1','3167b6f15',9648,825,1652988737,1652988737);
INSERT INTO player_score VALUES('4484ac9e7',78,'231b12ee1','390632ace',194688,1005,1653202473,1653202473);
INSERT INTO player_score VALUES('46c2cbb52',78,'231b12ee1','3f725ee06',64080,1148,1653262674,1653262674);
INSERT INTO player_score VALUES('63414c490',78,'231b12ee1','4c523fffa',51660,2213,1654027558,1654027558);
INSERT INTO player_score VALUES('632a83c6a',78,'231b12ee1','4cfb00add',173910,2106,1654025169,1654025169);
INSERT INTO player_score VALUES('623867c67',78,'231b12ee1','512ed5466',6552,2173,1653999782,1653999782);
INSERT INTO player_score VALUES('62485c44e',78,'231b12ee1','5419e4d89',24864,2075,1654001455,1654001455);
INSERT INTO player_score VALUES('62cf77a8a',78,'24fab4908','28d0b69f4',111264,2202,1654015622,1654015622);
INSERT INTO player_score VALUES('60ebad8dc',78,'24fab4908','2c11085a7',10212,1949,1653964893,1653964893);
INSERT INTO player_score VALUES('322195f52',78,'24fab4908','307698de4',78678,531,1652708899,1652708899);
INSERT INTO player_score VALUES('3c2df35c7',78,'24fab4908','3167b6f15',512640,800,1652978631,1652978631);
INSERT INTO player_score VALUES('45e67cc7c',78,'24fab4908','390632ace',338884,1117,1653239573,1653239573);
INSERT INTO player_score VALUES('635410f88',78,'24fab4908','4c523fffa',315360,2219,1654029526,1654029526);
INSERT INTO player_score VALUES('632d19629',78,'24fab4908','4cfb00add',3680,2109,1654025440,1654025440);
INSERT INTO player_score VALUES('63443eb11',78,'24fab4908','512ed5466',3024,2323,1654027867,1654027867);
INSERT INTO player_score VALUES('33ba87e4d',78,'256d3ddab','235516022',147136,500,1652751780,1652751780);
INSERT INTO player_score VALUES('55c43e580',78,'256d3ddab','28d0b69f4',61013,1738,1653665479,1653665479);
INSERT INTO player_score VALUES('32003778e',78,'256d3ddab','307698de4',72930,487,1652705400,1652705400);
INSERT INTO player_score VALUES('3c818a471',78,'256d3ddab','3167b6f15',446688,823,1652987396,1652987396);
INSERT INTO player_score VALUES('440c1ec8a',78,'256d3ddab','390632ace',72036,965,1653189832,1653189832);
INSERT INTO player_score VALUES('46b37d422',78,'256d3ddab','3f725ee06',90112,1135,1653261069,1653261069);
INSERT INTO player_score VALUES('6332d4acb',78,'256d3ddab','4c523fffa',92160,2206,1654026041,1654026041);
INSERT INTO player_score VALUES('632294842',78,'256d3ddab','4cfb00add',170200,2105,1654024337,1654024337);
INSERT INTO player_score VALUES('63755e5f1',78,'256d3ddab','512ed5466',0,2357,1654033018,1654033018);
INSERT INTO player_score VALUES('63ad4d37a',78,'256d3ddab','5419e4d89',233600,2274,1654038883,1654038883);
INSERT INTO player_score VALUES('5a5e7fa9e',78,'256d3ddab','556a43b0e',43824,1722,1653789028,1653789028);
INSERT INTO player_score VALUES('34836e936',78,'2603439f8','235516022',16380,525,1652772846,1652772846);
INSERT INTO player_score VALUES('57a7192f3',78,'2603439f8','28d0b69f4',50440,1815,1653716110,1653716110);
INSERT INTO player_score VALUES('6051adb95',78,'2603439f8','2c11085a7',72200,1928,1653948745,1653948745);
INSERT INTO player_score VALUES('3237b8754',78,'2603439f8','307698de4',55176,550,1652711220,1652711220);
INSERT INTO player_score VALUES('3ad89efc1',78,'2603439f8','3167b6f15',62208,696,1652942840,1652942840);
INSERT INTO player_score VALUES('450893b12',78,'2603439f8','390632ace',87420,1045,1653216304,1653216304);
INSERT INTO player_score VALUES('46569ed84',78,'2603439f8','3f725ee06',24864,1071,1653251331,1653251331);
INSERT INTO player_score VALUES('639bc5e6b',78,'2603439f8','4c523fffa',307458,2246,1654037045,1654037045);
INSERT INTO player_score VALUES('63a76d519',78,'2603439f8','4cfb00add',19440,2153,1654038267,1654038267);
INSERT INTO player_score VALUES('629ebc155',78,'2603439f8','512ed5466',84196,2228,1654010512,1654010512);
INSERT INTO player_score VALUES('629884495',78,'2603439f8','5419e4d89',2112,2120,1654009860,1654009860);
INSERT INTO player_score VALUES('5ad259ddf',78,'2603439f8','556a43b0e',5130,1890,1653801176,1653801176);
INSERT INTO player_score VALUES('35c59542d',78,'2644a859d','235516022',23100,566,1652806626,1652806626);
INSERT INTO player_score VALUES('62c083875',78,'2644a859d','28d0b69f4',55125,2199,1654014054,1654014054);
INSERT INTO player_score VALUES('636cf2980',78,'2644a859d','2c11085a7',23808,2041,1654032135,1654032135);
INSERT INTO player_score VALUES('31a0f1d6f',78,'2644a859d','307698de4',178560,377,1652695410,1652695410);
INSERT INTO player_score VALUES('3c02ce70d',78,'2644a859d','3167b6f15',30340,790,1652974107,1652974107);
INSERT INTO player_score VALUES('454aef027',78,'2644a859d','390632ace',104832,1067,1653223262,1653223262);
INSERT INTO player_score VALUES('4703bdaf2',78,'2644a859d','3f725ee06',9450,1191,1653269484,1653269484);
INSERT INTO player_score VALUES('629c21926',78,'2644a859d','4c523fffa',408,2140,1654010239,1654010239);
INSERT INTO player_score VALUES('636523172',78,'2644a859d','512ed5466',21567,2346,1654031316,1654031316);
INSERT INTO player_score VALUES('62ebb71ea',78,'2644a859d','5419e4d89',227304,2167,1654018584,1654018584);
INSERT INTO player_score VALUES('5ae29ee31',78,'2644a859d','556a43b0e',351726,1914,1653802882,1653802882);
INSERT INTO player_score VALUES('358243632',78,'2840589e6','235516022',58050,561,1652799567,1652799567);
INSERT INTO player_score VALUES('57df33ff5',78,'2840589e6','28d0b69f4',117760,1825,1653721993,1653721993);
INSERT INTO player_score VALUES('5e7e067fe',78,'2840589e6','2c11085a7',306180,1862,1653899708,1653899708);
INSERT INTO player_score VALUES('323589606',78,'2840589e6','307698de4',143616,548,1652710991,1652710991);
INSERT INTO player_score VALUES('3bc5db643',78,'2840589e6','3167b6f15',65268,768,1652967716,1652967716);
INSERT INTO player_score VALUES('45f6d7cce',78,'2840589e6','390632ace',91760,1118,1653241288,1653241288);
INSERT INTO player_score VALUES('46963623d',78,'2840589e6','3f725ee06',70122,1112,1653257999,1653257999);
INSERT INTO player_score VALUES('5e4b2329f',78,'2840589e6','4c523fffa',149040,1694,1653894372,1653894372);
INSERT INTO player_score VALUES('61a58c958',78,'2840589e6','4cfb00add',10332,1965,1653984383,1653984383);
INSERT INTO player_score VALUES('63c185004',78,'2840589e6','512ed5466',95850,2396,1654041003,1654041003);
INSERT INTO player_score VALUES('637827442',78,'2840589e6','5419e4d89',35280,2243,1654033310,1654033310);
INSERT INTO player_score VALUES('5ad8019e2',78,'2840589e6','556a43b0e',118252,1900,1653801769,1653801769);
INSERT INTO player_score VALUES('33e351cf3',78,'2883577de','235516022',1260,506,1652756057,1652756057);
INSERT INTO player_score VALUES('613b56a44',78,'2883577de','28d0b69f4',143782,2138,1653973246,1653973246);
INSERT INTO player_score VALUES('63897b4ac',78,'2883577de','2c11085a7',4130,2044,1654035127,1654035127);
INSERT INTO player_score VALUES('323065742',78,'2883577de','307698de4',2304,542,1652710452,1652710452);
INSERT INTO player_score VALUES('3c159f556',78,'2883577de','3167b6f15',6336,795,1652976080,1652976080);
INSERT INTO player_score VALUES('45bc31237',78,'2883577de','390632ace',10230,1105,1653235138,1653235138);
INSERT INTO player_score VALUES('470a57230',78,'2883577de','3f725ee06',156621,1194,1653270176,1653270176);
INSERT INTO player_score VALUES('6334dcb0d',78,'2883577de','4c523fffa',61425,2207,1654026254,1654026254);
INSERT INTO player_score VALUES('6335b116d',78,'2883577de','4cfb00add',17052,2114,1654026341,1654026341);
INSERT INTO player_score VALUES('63974320f',78,'2883577de','512ed5466',137904,2371,1654036572,1654036572);
INSERT INTO player_score VALUES('639ef2e7b',78,'2883577de','5419e4d89',57408,2270,1654037378,1654037378);
INSERT INTO player_score VALUES('5add4c983',78,'2883577de','556a43b0e',100098,1907,1653802324,1653802324);
INSERT INTO player_score VALUES('60ca7897a',78,'28b3b16cf','28d0b69f4',2610,2126,1653961411,1653961411);
INSERT INTO player_score VALUES('637a05c74',78,'28b3b16cf','2c11085a7',2320,2043,1654033506,1654033506);
INSERT INTO player_score VALUES('3218ef997',78,'28b3b16cf','307698de4',35055,517,1652707992,1652707992);
INSERT INTO player_score VALUES('3c1b904f4',78,'28b3b16cf','3167b6f15',293656,797,1652976703,1652976703);
INSERT INTO player_score VALUES('4618e129e',78,'28b3b16cf','390632ace',77520,1128,1653244857,1653244857);
INSERT INTO player_score VALUES('634131713',78,'28b3b16cf','4c523fffa',243939,2212,1654027547,1654027547);
INSERT INTO player_score VALUES('6361e7756',78,'28b3b16cf','512ed5466',425600,2343,1654030977,1654030977);
INSERT INTO player_score VALUES('63c57c9f5',78,'28b3b16cf','5419e4d89',114550,2287,1654041419,1654041419);
INSERT INTO player_score VALUES('5ab6ace32',78,'28b3b16cf','556a43b0e',359073,1849,1653798274,1653798274);
INSERT INTO player_score VALUES('356d15042',78,'28c134e49','235516022',0,558,1652797346,1652797346);
INSERT INTO player_score VALUES('62ee42f86',78,'28c134e49','28d0b69f4',534600,2205,1654018851,1654018851);
INSERT INTO player_score VALUES('5f79cba05',78,'28c134e49','2c11085a7',57330,1900,1653926108,1653926108);
INSERT INTO player_score VALUES('320d2875b',78,'28c134e49','307698de4',80360,505,1652706757,1652706757);
INSERT INTO player_score VALUES('3c0ae9a1d',78,'28c134e49','3167b6f15',81420,793,1652974957,1652974957);
INSERT INTO player_score VALUES('45cd804fe',78,'28c134e49','390632ace',214200,1109,1653236953,1653236953);
INSERT INTO player_score VALUES('465ebeead',78,'28c134e49','3f725ee06',106932,1075,1653252183,1653252183);
INSERT INTO player_score VALUES('63aaa412f',78,'28c134e49','4c523fffa',62622,2256,1654038604,1654038604);
INSERT INTO player_score VALUES('634049804',78,'28c134e49','4cfb00add',166320,2117,1654027452,1654027452);
INSERT INTO player_score VALUES('6364c1712',78,'28c134e49','512ed5466',759,2345,1654031276,1654031276);
INSERT INTO player_score VALUES('6378fba8a',78,'28c134e49','5419e4d89',21888,2246,1654033397,1654033397);
INSERT INTO player_score VALUES('5a92ec105',78,'28c134e49','556a43b0e',485792,1793,1653794525,1653794525);
INSERT INTO player_score VALUES('34b230c76',78,'29757d3a5','235516022',5100,531,1652777749,1652777749);
INSERT INTO player_score VALUES('6288ef074',78,'29757d3a5','28d0b69f4',18972,2189,1654008226,1654008226);
INSERT INTO player_score VALUES('62dcf15cf',78,'29757d3a5','2c11085a7',124270,2018,1654017035,1654017035);
INSERT INTO player_score VALUES('32216ee6d',78,'29757d3a5','307698de4',0,530,1652708883,1652708883);
INSERT INTO player_score VALUES('3c35ca306',78,'29757d3a5','3167b6f15',108186,801,1652979453,1652979453);
INSERT INTO player_score VALUES('458dd0990',78,'29757d3a5','390632ace',143560,1088,1653230275,1653230275);
INSERT INTO player_score VALUES('46a86104b',78,'29757d3a5','3f725ee06',2400,1129,1653259904,1653259904);
INSERT INTO player_score VALUES('61fc703ab',78,'29757d3a5','4c523fffa',610038,2080,1653993494,1653993494);
INSERT INTO player_score VALUES('5c99f80b1',78,'29757d3a5','4cfb00add',97416,1495,1653848951,1653848951);
INSERT INTO player_score VALUES('63557cc14',78,'29757d3a5','512ed5466',177156,2339,1654029675,1654029675);
INSERT INTO player_score VALUES('627afdafb',78,'29757d3a5','5419e4d89',216576,2101,1654006764,1654006764);
INSERT INTO player_score VALUES('5acfdf180',78,'29757d3a5','556a43b0e',1200,1888,1653800916,1653800916);
INSERT INTO player_score VALUES('34fd9b6bc',78,'299526b30','235516022',32130,542,1652785657,1652785657);
INSERT INTO player_score VALUES('5baf4297e',78,'299526b30','28d0b69f4',14161,1947,1653824340,1653824340);
INSERT INTO player_score VALUES('3228df341',78,'299526b30','307698de4',183260,539,1652709663,1652709663);
INSERT INTO player_score VALUES('3c58d3e78',78,'299526b30','3167b6f15',0,812,1652983127,1652983127);
INSERT INTO player_score VALUES('45af0f562',78,'299526b30','390632ace',58604,1103,1653233761,1653233761);
INSERT INTO player_score VALUES('46d2b185d',78,'299526b30','3f725ee06',1519,1154,1653264341,1653264341);
INSERT INTO player_score VALUES('616107115',78,'299526b30','4c523fffa',1344,2006,1653977198,1653977198);
INSERT INTO player_score VALUES('63781b0a6',78,'299526b30','4cfb00add',22113,2141,1654033305,1654033305);
INSERT INTO player_score VALUES('621fb48c1',78,'299526b30','512ed5466',39672,2165,1653997192,1653997192);
INSERT INTO player_score VALUES('621d0b654',78,'299526b30','5419e4d89',165347,2054,1653996913,1653996913);
INSERT INTO player_score VALUES('5ad527a0e',78,'299526b30','556a43b0e',110670,1896,1653801470,1653801470);
INSERT INTO player_score VALUES('33bc30b7b',78,'2a9ab9965','235516022',323736,501,1652751954,1652751954);
INSERT INTO player_score VALUES('62ca53bd0',78,'2a9ab9965','28d0b69f4',11200,2201,1654015083,1654015083);
INSERT INTO player_score VALUES('5f6a14315',78,'2a9ab9965','2c11085a7',210490,1895,1653924460,1653924460);
INSERT INTO player_score VALUES('3228bd014',78,'2a9ab9965','307698de4',200784,538,1652709649,1652709649);
INSERT INTO player_score VALUES('3bb3b083f',78,'2a9ab9965','3167b6f15',90945,761,1652965811,1652965811);
INSERT INTO player_score VALUES('4421324ad',78,'2a9ab9965','390632ace',40500,974,1653192042,1653192042);
INSERT INTO player_score VALUES('46df609cd',78,'2a9ab9965','3f725ee06',177600,1165,1653265671,1653265671);
INSERT INTO player_score VALUES('620943eb9',78,'2a9ab9965','4c523fffa',161820,2086,1653994839,1653994839);
INSERT INTO player_score VALUES('62c8ea6aa',78,'2a9ab9965','4cfb00add',171600,2073,1654014935,1654014935);
INSERT INTO player_score VALUES('63bb659c8',78,'2a9ab9965','512ed5466',9918,2393,1654040361,1654040361);
INSERT INTO player_score VALUES('61abd7e4b',78,'2a9ab9965','5419e4d89',66748,1988,1653985043,1653985043);
INSERT INTO player_score VALUES('5ab08b135',78,'2a9ab9965','556a43b0e',135044,1839,1653797631,1653797631);
INSERT INTO player_score VALUES('35f4ddc2d',78,'2ad9ad4e6','235516022',193732,570,1652811584,1652811584);
INSERT INTO player_score VALUES('60c5794b2',78,'2ad9ad4e6','28d0b69f4',77616,2123,1653960887,1653960887);
INSERT INTO player_score VALUES('5f2d8c91c',78,'2ad9ad4e6','2c11085a7',36720,1889,1653918113,1653918113);
INSERT INTO player_score VALUES('3c7767116',78,'2ad9ad4e6','3167b6f15',6880,820,1652986333,1652986333);
INSERT INTO player_score VALUES('46158aaca',78,'2ad9ad4e6','390632ace',5952,1126,1653244507,1653244507);
INSERT INTO player_score VALUES('46ef8fac5',78,'2ad9ad4e6','3f725ee06',258622,1180,1653267368,1653267368);
INSERT INTO player_score VALUES('638decfbb',78,'2ad9ad4e6','4c523fffa',47376,2243,1654035593,1654035593);
INSERT INTO player_score VALUES('6312aeb48',78,'2ad9ad4e6','4cfb00add',3648,2098,1654022670,1654022670);
INSERT INTO player_score VALUES('630b21180',78,'2ad9ad4e6','512ed5466',62160,2282,1654021878,1654021878);
INSERT INTO player_score VALUES('633580431',78,'2ad9ad4e6','5419e4d89',54405,2206,1654026321,1654026321);
INSERT INTO player_score VALUES('5af1e3936',78,'2ad9ad4e6','556a43b0e',205000,1928,1653804483,1653804483);
INSERT INTO player_score VALUES('34ef2b218',78,'2b32dd5a1','235516022',46956,539,1652784143,1652784143);
INSERT INTO player_score VALUES('6335d0d79',78,'2b32dd5a1','28d0b69f4',122430,2213,1654026354,1654026354);
INSERT INTO player_score VALUES('62c5c9a4b',78,'2b32dd5a1','2c11085a7',98078,2015,1654014607,1654014607);
INSERT INTO player_score VALUES('323549e8e',78,'2b32dd5a1','307698de4',97152,547,1652710965,1652710965);
INSERT INTO player_score VALUES('3c3ed9895',78,'2b32dd5a1','3167b6f15',27720,804,1652980403,1652980403);
INSERT INTO player_score VALUES('455316653',78,'2b32dd5a1','390632ace',24192,1070,1653224117,1653224117);
INSERT INTO player_score VALUES('46804956d',78,'2b32dd5a1','3f725ee06',602454,1100,1653255700,1653255700);
INSERT INTO player_score VALUES('62e22b446',78,'2b32dd5a1','512ed5466',325728,2262,1654017583,1654017583);
INSERT INTO player_score VALUES('5fa763fd1',78,'2b32dd5a1','5419e4d89',437400,1698,1653930889,1653930889);
INSERT INTO player_score VALUES('5ad3be4af',78,'2b32dd5a1','556a43b0e',67518,1892,1653801322,1653801322);
INSERT INTO player_score VALUES('358d1b460',78,'2c629c241','235516022',92352,563,1652800704,1652800704);
INSERT INTO player_score VALUES('5596ca9d8',78,'2c629c241','28d0b69f4',123904,1730,1653660713,1653660713);
INSERT INTO player_score VALUES('63108bd01',78,'2c629c241','2c11085a7',68040,2026,1654022446,1654022446);
INSERT INTO player_score VALUES('3237daa6e',78,'2c629c241','307698de4',206400,551,1652711234,1652711234);
INSERT INTO player_score VALUES('3c3d7c650',78,'2c629c241','3167b6f15',205344,803,1652980260,1652980260);
INSERT INTO player_score VALUES('45f9a0aea',78,'2c629c241','390632ace',50787,1120,1653241580,1653241580);
INSERT INTO player_score VALUES('46d2f855b',78,'2c629c241','3f725ee06',27072,1155,1653264370,1653264370);
INSERT INTO player_score VALUES('6232c759b',78,'2c629c241','4c523fffa',308880,2100,1653999192,1653999192);
INSERT INTO player_score VALUES('6341009a1',78,'2c629c241','4cfb00add',16875,2118,1654027527,1654027527);
INSERT INTO player_score VALUES('63c23e8e3',78,'2c629c241','512ed5466',292656,2397,1654041079,1654041079);
INSERT INTO player_score VALUES('63842ddfa',78,'2c629c241','5419e4d89',156195,2254,1654034571,1654034571);
INSERT INTO player_score VALUES('5af373fb2',78,'2c629c241','556a43b0e',290904,1931,1653804647,1653804647);
INSERT INTO player_score VALUES('6170ece3a',78,'2c9a37f87','28d0b69f4',28860,2151,1653978865,1653978865);
INSERT INTO player_score VALUES('61e89c881',78,'2c9a37f87','2c11085a7',264516,1986,1653991415,1653991415);
INSERT INTO player_score VALUES('3ba377b18',78,'2c9a37f87','3167b6f15',351945,754,1652964110,1652964110);
INSERT INTO player_score VALUES('458a57eb0',78,'2c9a37f87','390632ace',243984,1087,1653229911,1653229911);
INSERT INTO player_score VALUES('62e1100d1',78,'2c9a37f87','4c523fffa',105336,2169,1654017467,1654017467);
INSERT INTO player_score VALUES('63af9c0a9',78,'2c9a37f87','4cfb00add',508956,2155,1654039125,1654039125);
INSERT INTO player_score VALUES('63a9c3742',78,'2c9a37f87','512ed5466',253270,2383,1654038512,1654038512);
INSERT INTO player_score VALUES('6182a507e',78,'2c9a37f87','5419e4d89',3596,1969,1653980723,1653980723);
INSERT INTO player_score VALUES('5acc1d2ad',78,'2c9a37f87','556a43b0e',64750,1884,1653800522,1653800522);
INSERT INTO player_score VALUES('2eaf52980',78,'2ca2978a6','235516022',253561,352,1652616387,1652616387);
INSERT INTO player_score VALUES('6145cf4ae',78,'2ca2978a6','28d0b69f4',715792,2140,1653974344,1653974344);
INSERT INTO player_score VALUES('60df58d4a',78,'2ca2978a6','2c11085a7',24192,1947,1653963600,1653963600);
INSERT INTO player_score VALUES('32195d79d',78,'2ca2978a6','307698de4',341,519,1652708037,1652708037);
INSERT INTO player_score VALUES('3bf1cfd68',78,'2ca2978a6','3167b6f15',196098,784,1652972325,1652972325);
INSERT INTO player_score VALUES('46f60bd66',78,'2ca2978a6','3f725ee06',83106,1183,1653268048,1653268048);
INSERT INTO player_score VALUES('62c0f6496',78,'2ca2978a6','4c523fffa',633178,2154,1654014101,1654014101);
INSERT INTO player_score VALUES('618be2bf6',78,'2ca2978a6','4cfb00add',462800,1954,1653981692,1653981692);
INSERT INTO player_score VALUES('624682a1b',78,'2ca2978a6','512ed5466',16560,2181,1654001261,1654001261);
INSERT INTO player_score VALUES('62d8848c8',78,'2ca2978a6','5419e4d89',325600,2159,1654016571,1654016571);
INSERT INTO player_score VALUES('5ac42b7cf',78,'2ca2978a6','556a43b0e',191520,1871,1653799689,1653799689);
INSERT INTO player_score VALUES('61ebc2326',78,'2cb417811','28d0b69f4',40050,2168,1653991745,1653991745);
INSERT INTO player_score VALUES('62b0ff5d7',78,'2cb417811','2c11085a7',19032,2012,1654012427,1654012427);
INSERT INTO player_score VALUES('3220959b7',78,'2cb417811','307698de4',102410,529,1652708794,1652708794);
INSERT INTO player_score VALUES('3c2ce1eb7',78,'2cb417811','3167b6f15',25116,799,1652978519,1652978519);
INSERT INTO player_score VALUES('450239bae',78,'2cb417811','390632ace',10296,1043,1653215638,1653215638);
INSERT INTO player_score VALUES('46e523337',78,'2cb417811','3f725ee06',518000,1170,1653266275,1653266275);
INSERT INTO player_score VALUES('62cb9ae3d',78,'2cb417811','4c523fffa',78936,2155,1654015217,1654015217);
INSERT INTO player_score VALUES('5f259fc61',78,'2cb417811','4cfb00add',5976,1731,1653917282,1653917282);
INSERT INTO player_score VALUES('6342d2ec0',78,'2cb417811','512ed5466',780864,2322,1654027718,1654027718);
INSERT INTO player_score VALUES('619f7213e',78,'2cb417811','5419e4d89',247506,1985,1653983743,1653983743);
INSERT INTO player_score VALUES('5af114111',78,'2cb417811','556a43b0e',17325,1924,1653804398,1653804398);
INSERT INTO player_score VALUES('60d41a67f',78,'2cd3558d2','28d0b69f4',97960,2128,1653962421,1653962421);
INSERT INTO player_score VALUES('61c51b2c6',78,'2cd3558d2','2c11085a7',1680,1984,1653987692,1653987692);
INSERT INTO player_score VALUES('321f62024',78,'2cd3558d2','307698de4',6300,527,1652708668,1652708668);
INSERT INTO player_score VALUES('3c81c26e0',78,'2cd3558d2','3167b6f15',0,824,1652987419,1652987419);
INSERT INTO player_score VALUES('4588bdc2d',78,'2cd3558d2','390632ace',1260,1086,1653229743,1653229743);
INSERT INTO player_score VALUES('46f23db65',78,'2cd3558d2','3f725ee06',0,1181,1653267649,1653267649);
INSERT INTO player_score VALUES('61a2228a5',78,'2cd3558d2','4c523fffa',1071,2036,1653984025,1653984025);
INSERT INTO player_score VALUES('632b42352',78,'2cd3558d2','4cfb00add',85680,2108,1654025247,1654025247);
INSERT INTO player_score VALUES('6376464b4',78,'2cd3558d2','512ed5466',182160,2358,1654033113,1654033113);
INSERT INTO player_score VALUES('633623d83',78,'2cd3558d2','5419e4d89',10209,2207,1654026388,1654026388);
INSERT INTO player_score VALUES('5aeb00e5a',78,'2cd3558d2','556a43b0e',63180,1919,1653803761,1653803761);
INSERT INTO player_score VALUES('35d411c36',78,'2ec4ddb6b','235516022',40768,567,1652808145,1652808145);
INSERT INTO player_score VALUES('61d66090f',78,'2ec4ddb6b','28d0b69f4',595840,2166,1653989503,1653989503);
INSERT INTO player_score VALUES('6200719fb',78,'2ec4ddb6b','2c11085a7',156975,1993,1653993914,1653993914);
INSERT INTO player_score VALUES('321e7a0dc',78,'2ec4ddb6b','307698de4',115498,525,1652708573,1652708573);
INSERT INTO player_score VALUES('3c40f02e3',78,'2ec4ddb6b','3167b6f15',52096,805,1652980622,1652980622);
INSERT INTO player_score VALUES('447eca45a',78,'2ec4ddb6b','390632ace',98400,1002,1653201856,1653201856);
INSERT INTO player_score VALUES('46fed1edd',78,'2ec4ddb6b','3f725ee06',64800,1187,1653268968,1653268968);
INSERT INTO player_score VALUES('630c858ac',78,'2ec4ddb6b','4c523fffa',110160,2191,1654022024,1654022024);
INSERT INTO player_score VALUES('623af1340',78,'2ec4ddb6b','4cfb00add',217360,2020,1654000048,1654000048);
INSERT INTO player_score VALUES('63aae5fab',78,'2ec4ddb6b','512ed5466',748743,2384,1654038631,1654038631);
INSERT INTO player_score VALUES('629a123b2',78,'2ec4ddb6b','5419e4d89',111264,2123,1654010023,1654010023);
INSERT INTO player_score VALUES('5a5ba5aa2',78,'2ec4ddb6b','556a43b0e',118320,1714,1653788729,1653788729);
INSERT INTO player_score VALUES('353955f15',78,'2f2e9e7ad','235516022',65340,548,1652791920,1652791920);
INSERT INTO player_score VALUES('615b5f4e1',78,'2f2e9e7ad','28d0b69f4',296780,2145,1653976605,1653976605);
INSERT INTO player_score VALUES('6302f4cfe',78,'2f2e9e7ad','2c11085a7',96256,2024,1654021021,1654021021);
INSERT INTO player_score VALUES('3c9135806',78,'2f2e9e7ad','3167b6f15',27864,826,1652989039,1652989039);
INSERT INTO player_score VALUES('4614067c5',78,'2f2e9e7ad','390632ace',46332,1125,1653244348,1653244348);
INSERT INTO player_score VALUES('470cf4158',78,'2f2e9e7ad','3f725ee06',0,1196,1653270450,1653270450);
INSERT INTO player_score VALUES('635df99b1',78,'2f2e9e7ad','512ed5466',3542,2341,1654030565,1654030565);
INSERT INTO player_score VALUES('6358c976a',78,'2f2e9e7ad','5419e4d89',2478,2227,1654030021,1654030021);
INSERT INTO player_score VALUES('5a5da8cf8',78,'2f2e9e7ad','556a43b0e',226460,1721,1653788940,1653788940);
INSERT INTO player_score VALUES('355f9b4fc',78,'303249148','235516022',214500,555,1652795933,1652795933);
INSERT INTO player_score VALUES('5a4d7e9e3',78,'303249148','28d0b69f4',141588,1894,1653787245,1653787245);
INSERT INTO player_score VALUES('5d6351727',78,'303249148','2c11085a7',262675,1821,1653870064,1653870064);
INSERT INTO player_score VALUES('323b61f72',78,'303249148','307698de4',27768,552,1652711604,1652711604);
INSERT INTO player_score VALUES('3bfb0d92d',78,'303249148','3167b6f15',35840,788,1652973294,1652973294);
INSERT INTO player_score VALUES('45aa25fe8',78,'303249148','390632ace',157194,1100,1653233246,1653233246);
INSERT INTO player_score VALUES('6359c9cf9',78,'303249148','4c523fffa',77280,2221,1654030126,1654030126);
INSERT INTO player_score VALUES('639b6e04c',78,'303249148','4cfb00add',3744,2150,1654037009,1654037009);
INSERT INTO player_score VALUES('6355819d5',78,'303249148','5419e4d89',17388,2225,1654029677,1654029677);
INSERT INTO player_score VALUES('5aacb32d9',78,'303249148','556a43b0e',89640,1834,1653797228,1653797228);
INSERT INTO player_score VALUES('34ce41d8b',78,'309c112ca','235516022',3408,533,1652780692,1652780692);
INSERT INTO player_score VALUES('627014b5b',78,'309c112ca','28d0b69f4',319600,2185,1654005620,1654005620);
INSERT INTO player_score VALUES('5c001f48e',78,'309c112ca','2c11085a7',8568,1760,1653832819,1653832819);
INSERT INTO player_score VALUES('322341360',78,'309c112ca','307698de4',19764,532,1652709074,1652709074);
INSERT INTO player_score VALUES('3c7d11438',78,'309c112ca','3167b6f15',17380,822,1652986927,1652986927);
INSERT INTO player_score VALUES('4601be527',78,'309c112ca','390632ace',81000,1122,1653242431,1653242431);
INSERT INTO player_score VALUES('46ee599e7',78,'309c112ca','3f725ee06',176328,1177,1653267241,1653267241);
INSERT INTO player_score VALUES('62e6eb137',78,'309c112ca','4c523fffa',20646,2172,1654018081,1654018081);
INSERT INTO player_score VALUES('634c32d0f',78,'309c112ca','4cfb00add',143888,2127,1654028701,1654028701);
INSERT INTO player_score VALUES('61d885e0a',78,'309c112ca','512ed5466',350880,2137,1653989728,1653989728);
INSERT INTO player_score VALUES('637dc2cfb',78,'309c112ca','5419e4d89',106812,2249,1654033898,1654033898);
INSERT INTO player_score VALUES('35bf45119',78,'30af218af','235516022',50232,565,1652805964,1652805964);
INSERT INTO player_score VALUES('6383aeea5',78,'30af218af','28d0b69f4',141680,2217,1654034519,1654034519);
INSERT INTO player_score VALUES('517c4a633',78,'30af218af','2c11085a7',90288,1414,1653550560,1653550560);
INSERT INTO player_score VALUES('321e8d9ae',78,'30af218af','307698de4',67732,526,1652708581,1652708581);
INSERT INTO player_score VALUES('3c6166bc2',78,'30af218af','3167b6f15',41328,815,1652984026,1652984026);
INSERT INTO player_score VALUES('46096baa3',78,'30af218af','390632ace',69030,1123,1653243236,1653243236);
INSERT INTO player_score VALUES('46f347d40',78,'30af218af','3f725ee06',68544,1182,1653267758,1653267758);
INSERT INTO player_score VALUES('62654b7f0',78,'30af218af','4c523fffa',311025,2117,1654004489,1654004489);
INSERT INTO player_score VALUES('63439158c',78,'30af218af','4cfb00add',12798,2121,1654027796,1654027796);
INSERT INTO player_score VALUES('60ee21003',78,'30af218af','512ed5466',185745,2014,1653965150,1653965150);
INSERT INTO player_score VALUES('6355b9ca4',78,'30af218af','5419e4d89',292857,2226,1654029700,1654029700);
INSERT INTO player_score VALUES('5ae0c2d00',78,'30af218af','556a43b0e',20812,1911,1653802687,1653802687);
INSERT INTO player_score VALUES('354d30f68',78,'331435c8a','235516022',20000,550,1652794002,1652794002);
INSERT INTO player_score VALUES('61a33dbd7',78,'331435c8a','28d0b69f4',85500,2158,1653984141,1653984141);
INSERT INTO player_score VALUES('3bdaec797',78,'331435c8a','3167b6f15',56580,775,1652969925,1652969925);
INSERT INTO player_score VALUES('46689672a',78,'331435c8a','3f725ee06',35672,1084,1653253215,1653253215);
INSERT INTO player_score VALUES('6388a470b',78,'331435c8a','4c523fffa',0,2241,1654035039,1654035039);
INSERT INTO player_score VALUES('634e1d86f',78,'331435c8a','4cfb00add',12825,2130,1654028902,1654028902);
INSERT INTO player_score VALUES('63416994c',78,'331435c8a','512ed5466',2652,2321,1654027570,1654027570);
INSERT INTO player_score VALUES('6381e8cfb',78,'331435c8a','5419e4d89',54036,2253,1654034333,1654034333);
INSERT INTO player_score VALUES('35577b3f0',78,'33c8941a8','235516022',119770,552,1652795081,1652795081);
INSERT INTO player_score VALUES('623180348',78,'33c8941a8','28d0b69f4',16100,2176,1653999058,1653999058);
INSERT INTO player_score VALUES('460d65b9a',78,'33c8941a8','390632ace',266021,1124,1653243653,1653243653);
INSERT INTO player_score VALUES('46bfde30a',78,'33c8941a8','3f725ee06',295488,1145,1653262367,1653262367);
INSERT INTO player_score VALUES('63a81f892',78,'33c8941a8','4c523fffa',73656,2255,1654038340,1654038340);
INSERT INTO player_score VALUES('60646b1b6',78,'33c8941a8','4cfb00add',135235,1848,1653950710,1653950710);
INSERT INTO player_score VALUES('63204a96a',78,'33c8941a8','512ed5466',77503,2301,1654024097,1654024097);
INSERT INTO player_score VALUES('6288e2d01',78,'33c8941a8','5419e4d89',5848,2109,1654008221,1654008221);
INSERT INTO player_score VALUES('34d5814c8',78,'33fb6b390','235516022',523740,534,1652781452,1652781452);
INSERT INTO player_score VALUES('6180f2760',78,'33fb6b390','28d0b69f4',8100,2153,1653980545,1653980545);
INSERT INTO player_score VALUES('58e8aaf8a',78,'33fb6b390','2c11085a7',6016,1648,1653749829,1653749829);
INSERT INTO player_score VALUES('3c6cd5fce',78,'33fb6b390','3167b6f15',59682,817,1652985225,1652985225);
INSERT INTO player_score VALUES('46204a243',78,'33fb6b390','390632ace',486563,1130,1653245634,1653245634);
INSERT INTO player_score VALUES('47011e494',78,'33fb6b390','3f725ee06',8900,1190,1653269209,1653269209);
INSERT INTO player_score VALUES('639dba63b',78,'33fb6b390','4c523fffa',30996,2248,1654037250,1654037250);
INSERT INTO player_score VALUES('636475c09',78,'33fb6b390','4cfb00add',71604,2138,1654031245,1654031245);
INSERT INTO player_score VALUES('62d1c67ca',78,'33fb6b390','512ed5466',86920,2254,1654015864,1654015864);
INSERT INTO player_score VALUES('625bc2124',78,'33fb6b390','5419e4d89',36792,2083,1654003489,1654003489);
INSERT INTO player_score VALUES('5a9aca384',78,'33fb6b390','556a43b0e',270864,1808,1653795350,1653795350);
INSERT INTO player_score VALUES('60d98c768',78,'34297657f','28d0b69f4',7260,2130,1653962992,1653962992);
INSERT INTO player_score VALUES('6335d8273',78,'34297657f','2c11085a7',178192,2030,1654026357,1654026357);
INSERT INTO player_score VALUES('3be453b43',78,'34297657f','3167b6f15',0,781,1652970911,1652970911);
INSERT INTO player_score VALUES('45f79b1e3',78,'34297657f','390632ace',117300,1119,1653241368,1653241368);
INSERT INTO player_score VALUES('46dbd1f66',78,'34297657f','3f725ee06',297540,1161,1653265298,1653265298);
INSERT INTO player_score VALUES('63a5fa3a6',78,'34297657f','4c523fffa',196196,2253,1654038115,1654038115);
INSERT INTO player_score VALUES('639ea73a4',78,'34297657f','4cfb00add',518562,2151,1654037347,1654037347);
INSERT INTO player_score VALUES('63b1d0007',78,'34297657f','512ed5466',21168,2388,1654039356,1654039356);
INSERT INTO player_score VALUES('637c7933d',78,'34297657f','5419e4d89',132800,2248,1654033763,1654033763);
INSERT INTO player_score VALUES('5ad845faf',78,'34297657f','556a43b0e',197030,1901,1653801797,1653801797);
INSERT INTO player_score VALUES('355b7f137',78,'345554cdd','235516022',37500,554,1652795502,1652795502);
INSERT INTO player_score VALUES('630677421',78,'345554cdd','28d0b69f4',391068,2207,1654021389,1654021389);
INSERT INTO player_score VALUES('6129ad256',78,'345554cdd','2c11085a7',5712,1959,1653971394,1653971394);
INSERT INTO player_score VALUES('3c661ccbd',78,'345554cdd','3167b6f15',359600,816,1652984520,1652984520);
INSERT INTO player_score VALUES('462457bdf',78,'345554cdd','390632ace',83230,1131,1653246059,1653246059);
INSERT INTO player_score VALUES('47056b605',78,'345554cdd','3f725ee06',78660,1192,1653269660,1653269660);
INSERT INTO player_score VALUES('63a0c2c45',78,'345554cdd','4c523fffa',258400,2250,1654037568,1654037568);
INSERT INTO player_score VALUES('633c39732',78,'345554cdd','4cfb00add',111150,2115,1654027026,1654027026);
INSERT INTO player_score VALUES('63856b3fe',78,'345554cdd','512ed5466',46057,2365,1654034701,1654034701);
INSERT INTO player_score VALUES('635e9f9aa',78,'345554cdd','5419e4d89',221130,2231,1654030633,1654030633);
INSERT INTO player_score VALUES('5a8e338e9',78,'345554cdd','556a43b0e',83448,1785,1653794030,1653794030);
INSERT INTO player_score VALUES('356c0ae5e',78,'346dfbd6a','235516022',0,557,1652797237,1652797237);
INSERT INTO player_score VALUES('60cc7bb66',78,'346dfbd6a','28d0b69f4',277242,2127,1653961622,1653961622);
INSERT INTO player_score VALUES('624c4a1bc',78,'346dfbd6a','2c11085a7',523740,1999,1654001867,1654001867);
INSERT INTO player_score VALUES('38de22590',78,'346dfbd6a','3167b6f15',12444,544,1652889731,1652889731);
INSERT INTO player_score VALUES('444dd412f',78,'346dfbd6a','390632ace',22080,994,1653196722,1653196722);
INSERT INTO player_score VALUES('46d46ddf9',78,'346dfbd6a','3f725ee06',24050,1156,1653264523,1653264523);
INSERT INTO player_score VALUES('63c3cc7c3',78,'346dfbd6a','4c523fffa',468,2264,1654041242,1654041242);
INSERT INTO player_score VALUES('637c12afa',78,'346dfbd6a','4cfb00add',79872,2142,1654033721,1654033721);
INSERT INTO player_score VALUES('637fdbebb',78,'346dfbd6a','512ed5466',201204,2360,1654034118,1654034118);
INSERT INTO player_score VALUES('639de8c91',78,'346dfbd6a','5419e4d89',562212,2268,1654037269,1654037269);
INSERT INTO player_score VALUES('5a880a683',78,'346dfbd6a','556a43b0e',128160,1782,1653793384,1653793384);
INSERT INTO player_score VALUES('35ab3458a',78,'35a19ebab','235516022',60996,564,1652803860,1652803860);
INSERT INTO player_score VALUES('6068a2358',78,'35a19ebab','28d0b69f4',172224,2108,1653951152,1653951152);
INSERT INTO player_score VALUES('6212a3d16',78,'35a19ebab','2c11085a7',17248,1994,1653995822,1653995822);
INSERT INTO player_score VALUES('3c9307d06',78,'35a19ebab','3167b6f15',45312,828,1652989230,1652989230);
INSERT INTO player_score VALUES('4616c80e0',78,'35a19ebab','390632ace',44220,1127,1653244637,1653244637);
INSERT INTO player_score VALUES('46e983d40',78,'35a19ebab','3f725ee06',5616,1173,1653266734,1653266734);
INSERT INTO player_score VALUES('6365c6aa3',78,'35a19ebab','4c523fffa',0,2229,1654031383,1654031383);
INSERT INTO player_score VALUES('5fcefcb2c',78,'35a19ebab','4cfb00add',313344,1791,1653935041,1653935041);
INSERT INTO player_score VALUES('63477cc26',78,'35a19ebab','512ed5466',207200,2328,1654028207,1654028207);
INSERT INTO player_score VALUES('638dc3799',78,'35a19ebab','5419e4d89',151656,2259,1654035576,1654035576);
INSERT INTO player_score VALUES('5aab1b776',78,'35a19ebab','556a43b0e',431649,1830,1653797061,1653797061);
INSERT INTO player_score VALUES('62d76e393',78,'3722e0375','28d0b69f4',10962,2204,1654016457,1654016457);
INSERT INTO player_score VALUES('61b0535a4',78,'3722e0375','2c11085a7',279188,1981,1653985513,1653985513);
INSERT INTO player_score VALUES('46e03ec43',78,'3722e0375','3f725ee06',57040,1167,1653265762,1653265762);
INSERT INTO player_score VALUES('631cecc21',78,'3722e0375','4c523fffa',17892,2196,1654023744,1654023744);
INSERT INTO player_score VALUES('625327f0b',78,'3722e0375','4cfb00add',296700,2028,1654002587,1654002587);
INSERT INTO player_score VALUES('6318e40de',78,'3722e0375','512ed5466',135408,2294,1654023321,1654023321);
INSERT INTO player_score VALUES('5ac7b05e3',78,'3722e0375','556a43b0e',284130,1876,1653800058,1653800058);
INSERT INTO player_score VALUES('63b697277',78,'3758fcbf3','28d0b69f4',232,2222,1654039857,1654039857);
INSERT INTO player_score VALUES('634646b39',78,'3758fcbf3','2c11085a7',6555,2034,1654028080,1654028080);
INSERT INTO player_score VALUES('3be645c01',78,'3758fcbf3','3167b6f15',32242,782,1652971115,1652971115);
INSERT INTO player_score VALUES('45dda80bd',78,'3758fcbf3','390632ace',365638,1114,1653238647,1653238647);
INSERT INTO player_score VALUES('46e060f04',78,'3758fcbf3','3f725ee06',47424,1168,1653265776,1653265776);
INSERT INTO player_score VALUES('62a8b0e5b',78,'3758fcbf3','4cfb00add',271656,2058,1654011556,1654011556);
INSERT INTO player_score VALUES('6351b5ef7',78,'3758fcbf3','512ed5466',65286,2334,1654029279,1654029279);
INSERT INTO player_score VALUES('623c0ed55',78,'3758fcbf3','5419e4d89',22425,2069,1654000165,1654000165);
INSERT INTO player_score VALUES('5aa104780',78,'3758fcbf3','556a43b0e',34848,1823,1653796003,1653796003);
INSERT INTO player_score VALUES('626ea8f3c',78,'3984a069e','28d0b69f4',477848,2184,1654005471,1654005471);
INSERT INTO player_score VALUES('5fc1ceaca',78,'3984a069e','2c11085a7',148500,1908,1653933659,1653933659);
INSERT INTO player_score VALUES('3bc7de8d2',78,'3984a069e','3167b6f15',10185,769,1652967927,1652967927);
INSERT INTO player_score VALUES('45bd5d6fd',78,'3984a069e','390632ace',90099,1107,1653235261,1653235261);
INSERT INTO player_score VALUES('46fdd402b',78,'3984a069e','3f725ee06',201756,1186,1653268864,1653268864);
INSERT INTO player_score VALUES('635c16338',78,'3984a069e','4c523fffa',70080,2222,1654030367,1654030367);
INSERT INTO player_score VALUES('6314d6719',78,'3984a069e','4cfb00add',386880,2099,1654022896,1654022896);
INSERT INTO player_score VALUES('633cb86ab',78,'3984a069e','512ed5466',69972,2318,1654027078,1654027078);
INSERT INTO player_score VALUES('63a09461b',78,'3984a069e','5419e4d89',223872,2271,1654037549,1654037549);
INSERT INTO player_score VALUES('5a9c75795',78,'3984a069e','556a43b0e',2176,1813,1653795525,1653795525);
INSERT INTO player_score VALUES('6167af2ab',78,'3a2fa8977','28d0b69f4',84630,2147,1653977896,1653977896);
INSERT INTO player_score VALUES('626f2cc76',78,'3a2fa8977','2c11085a7',0,2003,1654005525,1654005525);
INSERT INTO player_score VALUES('3c4753f1b',78,'3a2fa8977','3167b6f15',499488,806,1652981292,1652981292);
INSERT INTO player_score VALUES('461ba52e1',78,'3a2fa8977','390632ace',3600,1129,1653245147,1653245147);
INSERT INTO player_score VALUES('469b52b78',78,'3a2fa8977','3f725ee06',9504,1118,1653258535,1653258535);
INSERT INTO player_score VALUES('63c4357cb',78,'3a2fa8977','4c523fffa',80736,2265,1654041285,1654041285);
INSERT INTO player_score VALUES('63b2f0165',78,'3a2fa8977','512ed5466',90288,2389,1654039474,1654039474);
INSERT INTO player_score VALUES('618a65e29',78,'3a2fa8977','5419e4d89',22050,1972,1653981536,1653981536);
INSERT INTO player_score VALUES('5ac703031',78,'3a2fa8977','556a43b0e',0,1874,1653799987,1653799987);
INSERT INTO player_score VALUES('63bb150ef',78,'3b3cabc43','28d0b69f4',52700,2225,1654040328,1654040328);
INSERT INTO player_score VALUES('63b175a95',78,'3b3cabc43','2c11085a7',6480,2047,1654039319,1654039319);
INSERT INTO player_score VALUES('3c13248d8',78,'3b3cabc43','3167b6f15',220,794,1652975820,1652975820);
INSERT INTO player_score VALUES('45bd36624',78,'3b3cabc43','390632ace',47775,1106,1653235245,1653235245);
INSERT INTO player_score VALUES('46c82caac',78,'3b3cabc43','3f725ee06',5828,1152,1653263238,1653263238);
INSERT INTO player_score VALUES('6382c218f',78,'3b3cabc43','4c523fffa',134442,2239,1654034422,1654034422);
INSERT INTO player_score VALUES('609b0b77d',78,'3b3cabc43','4cfb00add',15680,1872,1653956438,1653956438);
INSERT INTO player_score VALUES('628a648fb',78,'3b3cabc43','512ed5466',354816,2215,1654008379,1654008379);
INSERT INTO player_score VALUES('63b155f1d',78,'3b3cabc43','5419e4d89',195000,2275,1654039306,1654039306);
INSERT INTO player_score VALUES('5ae1d6b07',78,'3b3cabc43','556a43b0e',198152,1912,1653802800,1653802800);
INSERT INTO player_score VALUES('5efadc810',78,'3be2d6d66','28d0b69f4',16074,2053,1653912798,1653912798);
INSERT INTO player_score VALUES('63364606d',78,'3be2d6d66','2c11085a7',202215,2031,1654026402,1654026402);
INSERT INTO player_score VALUES('62dd641b9',78,'3be2d6d66','4c523fffa',76700,2167,1654017082,1654017082);
INSERT INTO player_score VALUES('62d3805ee',78,'3be2d6d66','4cfb00add',1672,2076,1654016045,1654016045);
INSERT INTO player_score VALUES('5f7b264e3',78,'3be2d6d66','512ed5466',76800,1847,1653926250,1653926250);
INSERT INTO player_score VALUES('5a554bb24',78,'3be2d6d66','556a43b0e',336600,1707,1653788063,1653788063);
INSERT INTO player_score VALUES('607cba3b6',78,'3c0681b44','28d0b69f4',307200,2110,1653953259,1653953259);
INSERT INTO player_score VALUES('5f02a242f',78,'3c0681b44','2c11085a7',1804,1881,1653913613,1653913613);
INSERT INTO player_score VALUES('3c5f687de',78,'3c0681b44','3167b6f15',211232,814,1652983817,1652983817);
INSERT INTO player_score VALUES('45e54e0d2',78,'3c0681b44','390632ace',116850,1116,1653239449,1653239449);
INSERT INTO player_score VALUES('462960cd3',78,'3c0681b44','3f725ee06',9345,1037,1653246587,1653246587);
INSERT INTO player_score VALUES('624b0cbe3',78,'3c0681b44','4c523fffa',162564,2110,1654001737,1654001737);
INSERT INTO player_score VALUES('6394b9b76',78,'3c0681b44','4cfb00add',161622,2148,1654036306,1654036306);
INSERT INTO player_score VALUES('6270a4c3b',78,'3c0681b44','5419e4d89',350336,2093,1654005679,1654005679);
INSERT INTO player_score VALUES('5af2453e8',78,'3c0681b44','556a43b0e',203546,1929,1653804523,1653804523);
INSERT INTO player_score VALUES('5accef262',78,'3ca49b52a','2c11085a7',63612,1729,1653800608,1653800608);
INSERT INTO player_score VALUES('4624f8ddb',78,'3ca49b52a','390632ace',314699,1132,1653246125,1653246125);
INSERT INTO player_score VALUES('470e428eb',78,'3ca49b52a','3f725ee06',14220,1197,1653270587,1653270587);
INSERT INTO player_score VALUES('6242888e8',78,'3ca49b52a','4c523fffa',23142,2105,1654000844,1654000844);
INSERT INTO player_score VALUES('629969c69',78,'3ca49b52a','4cfb00add',115320,2051,1654009954,1654009954);
INSERT INTO player_score VALUES('63a5199c2',78,'3ca49b52a','512ed5466',77163,2379,1654038023,1654038023);
INSERT INTO player_score VALUES('63b76dff6',78,'3ca49b52a','5419e4d89',0,2279,1654039945,1654039945);
INSERT INTO player_score VALUES('5a9712165',78,'3ca49b52a','556a43b0e',6750,1801,1653794960,1653794960);
INSERT INTO player_score VALUES('61b70a1b4',78,'3d1ad08fd','28d0b69f4',329230,2162,1653986217,1653986217);
INSERT INTO player_score VALUES('607ed3580',78,'3d1ad08fd','2c11085a7',4968,1936,1653953479,1653953479);
INSERT INTO player_score VALUES('462592afb',78,'3d1ad08fd','390632ace',127512,1133,1653246188,1653246188);
INSERT INTO player_score VALUES('46a66a153',78,'3d1ad08fd','3f725ee06',16640,1126,1653259698,1653259698);
INSERT INTO player_score VALUES('6378162c8',78,'3d1ad08fd','4c523fffa',12150,2235,1654033303,1654033303);
INSERT INTO player_score VALUES('603f9b471',78,'3d1ad08fd','4cfb00add',171600,1835,1653946850,1653946850);
INSERT INTO player_score VALUES('63c28f1d3',78,'3d1ad08fd','512ed5466',169818,2398,1654041112,1654041112);
INSERT INTO player_score VALUES('5ab173022',78,'3d1ad08fd','556a43b0e',675120,1843,1653797726,1653797726);
INSERT INTO player_score VALUES('616fcf3ea',78,'3d2ddc0be','28d0b69f4',28,2149,1653978748,1653978748);
INSERT INTO player_score VALUES('5b791eba2',78,'3d2ddc0be','2c11085a7',424080,1742,1653818663,1653818663);
INSERT INTO player_score VALUES('43b4b9c0e',78,'3d2ddc0be','390632ace',110880,935,1653180668,1653180668);
INSERT INTO player_score VALUES('46fd9bddc',78,'3d2ddc0be','3f725ee06',0,1185,1653268841,1653268841);
INSERT INTO player_score VALUES('6036e8b67',78,'3d2ddc0be','4c523fffa',116688,1888,1653945938,1653945938);
INSERT INTO player_score VALUES('621b1e3b8',78,'3d2ddc0be','4cfb00add',17298,2009,1653996711,1653996711);
INSERT INTO player_score VALUES('6371a1581',78,'3d2ddc0be','512ed5466',7900,2356,1654032626,1654032626);
INSERT INTO player_score VALUES('6316dc088',78,'3d2ddc0be','5419e4d89',393120,2192,1654023108,1654023108);
INSERT INTO player_score VALUES('5addba756',78,'3d2ddc0be','556a43b0e',58656,1908,1653802369,1653802369);
INSERT INTO player_score VALUES('5d7951c5f',78,'3d37c71bf','28d0b69f4',143782,2005,1653872371,1653872371);
INSERT INTO player_score VALUES('622d83b42',78,'3d37c71bf','2c11085a7',17710,1997,1653998640,1653998640);
INSERT INTO player_score VALUES('454d84a25',78,'3d37c71bf','390632ace',1092,1068,1653223533,1653223533);
INSERT INTO player_score VALUES('469f8765b',78,'3d37c71bf','3f725ee06',109824,1121,1653258976,1653258976);
INSERT INTO player_score VALUES('62e60806f',78,'3d37c71bf','4c523fffa',17520,2171,1654017988,1654017988);
INSERT INTO player_score VALUES('62a5de3f0',78,'3d37c71bf','4cfb00add',508640,2057,1654011260,1654011260);
INSERT INTO player_score VALUES('62f721762',78,'3d37c71bf','512ed5466',20736,2272,1654019781,1654019781);
INSERT INTO player_score VALUES('610ca7f4b',78,'3d37c71bf','5419e4d89',43500,1906,1653968351,1653968351);
INSERT INTO player_score VALUES('5af0496ee',78,'3d37c71bf','556a43b0e',586080,1923,1653804315,1653804315);
INSERT INTO player_score VALUES('6259d27a0',78,'3e6b25a01','28d0b69f4',168498,2181,1654003286,1654003286);
INSERT INTO player_score VALUES('45dbb11c6',78,'3e6b25a01','390632ace',57330,1113,1653238441,1653238441);
INSERT INTO player_score VALUES('470a34f64',78,'3e6b25a01','3f725ee06',47328,1193,1653270162,1653270162);
INSERT INTO player_score VALUES('635eb5949',78,'3e6b25a01','4cfb00add',20976,2136,1654030642,1654030642);
INSERT INTO player_score VALUES('6297112f7',78,'3e6b25a01','512ed5466',3420,2224,1654009708,1654009708);
INSERT INTO player_score VALUES('638e05631',78,'3e6b25a01','5419e4d89',0,2260,1654035603,1654035603);
INSERT INTO player_score VALUES('5acd5a903',78,'3e6b25a01','556a43b0e',55022,1885,1653800652,1653800652);
INSERT INTO player_score VALUES('458793e5f',78,'3f74005f6','3f725ee06',432,944,1653229621,1653229621);
INSERT INTO player_score VALUES('63ae74a00',78,'3f74005f6','4c523fffa',12672,2259,1654039004,1654039004);
INSERT INTO player_score VALUES('61e20cd7b',78,'3f74005f6','4cfb00add',38720,1991,1653990727,1653990727);
INSERT INTO player_score VALUES('6324a64dd',78,'3f74005f6','512ed5466',56640,2304,1654024554,1654024554);
INSERT INTO player_score VALUES('63389e9cd',78,'3f74005f6','5419e4d89',160341,2211,1654026648,1654026648);
INSERT INTO player_score VALUES('5ae98b595',78,'3f74005f6','556a43b0e',330813,1918,1653803608,1653803608);
INSERT INTO player_score VALUES('5d29cd52f',78,'401d55fc2','28d0b69f4',269610,1996,1653864033,1653864033);
INSERT INTO player_score VALUES('638b5eb1b',78,'401d55fc2','2c11085a7',37920,2045,1654035325,1654035325);
INSERT INTO player_score VALUES('45924249d',78,'401d55fc2','390632ace',0,1089,1653230741,1653230741);
INSERT INTO player_score VALUES('464146f8a',78,'401d55fc2','3f725ee06',164008,1058,1653249093,1653249093);
INSERT INTO player_score VALUES('62f7a7bf2',78,'401d55fc2','4c523fffa',10672,2180,1654019836,1654019836);
INSERT INTO player_score VALUES('62526bf14',78,'401d55fc2','4cfb00add',125496,2026,1654002510,1654002510);
INSERT INTO player_score VALUES('6382d5a0e',78,'401d55fc2','512ed5466',177408,2362,1654034430,1654034430);
INSERT INTO player_score VALUES('636fec50c',78,'401d55fc2','5419e4d89',34237,2239,1654032447,1654032447);
INSERT INTO player_score VALUES('5ac095822',78,'401d55fc2','556a43b0e',19152,1865,1653799313,1653799313);
INSERT INTO player_score VALUES('61694201b',78,'40776def5','28d0b69f4',109620,2148,1653978061,1653978061);
INSERT INTO player_score VALUES('622a80378',78,'40776def5','2c11085a7',800,1996,1653998324,1653998324);
INSERT INTO player_score VALUES('44a0d614e',78,'40776def5','390632ace',123516,1014,1653205426,1653205426);
INSERT INTO player_score VALUES('466466a97',78,'40776def5','3f725ee06',4176,1082,1653252776,1653252776);
INSERT INTO player_score VALUES('5ea2f39ed',78,'40776def5','4cfb00add',89600,1680,1653903580,1653903580);
INSERT INTO player_score VALUES('638b7235c',78,'40776def5','512ed5466',0,2367,1654035333,1654035333);
INSERT INTO player_score VALUES('62b00b39e',78,'40776def5','5419e4d89',131544,2137,1654012327,1654012327);
INSERT INTO player_score VALUES('6013ba5b1',78,'40ba26025','28d0b69f4',9600,2091,1653942249,1653942249);
INSERT INTO player_score VALUES('60b52f5d7',78,'40ba26025','2c11085a7',34580,1940,1653959179,1653959179);
INSERT INTO player_score VALUES('456e494e7',78,'40ba26025','390632ace',1035,1080,1653226969,1653226969);
INSERT INTO player_score VALUES('470027b7f',78,'40ba26025','3f725ee06',31200,1188,1653269108,1653269108);
INSERT INTO player_score VALUES('6124670e8',78,'40ba26025','4c523fffa',480066,1973,1653970841,1653970841);
INSERT INTO player_score VALUES('610c41683',78,'40ba26025','4cfb00add',28182,1908,1653968309,1653968309);
INSERT INTO player_score VALUES('637e49176',78,'40ba26025','512ed5466',443040,2359,1654033953,1654033953);
INSERT INTO player_score VALUES('60d35986d',78,'40ba26025','5419e4d89',268272,1878,1653962342,1653962342);
INSERT INTO player_score VALUES('5a844d632',78,'40ba26025','556a43b0e',10656,1780,1653792992,1653792992);
INSERT INTO player_score VALUES('5625da256',78,'40e78ffe7','28d0b69f4',0,1756,1653675714,1653675714);
INSERT INTO player_score VALUES('5308f1594',78,'40e78ffe7','2c11085a7',77760,1467,1653592152,1653592152);
INSERT INTO player_score VALUES('4518b1aa4',78,'40e78ffe7','390632ace',8880,1048,1653217994,1653217994);
INSERT INTO player_score VALUES('46a2e2c1a',78,'40e78ffe7','3f725ee06',55800,1124,1653259328,1653259328);
INSERT INTO player_score VALUES('62e3726b8',78,'40e78ffe7','4cfb00add',0,2083,1654017717,1654017717);
INSERT INTO player_score VALUES('626e6497a',78,'40e78ffe7','512ed5466',37410,2198,1654005443,1654005443);
INSERT INTO player_score VALUES('6330ffe94',78,'40e78ffe7','5419e4d89',97755,2204,1654025849,1654025849);
INSERT INTO player_score VALUES('5a4412819',78,'40e78ffe7','556a43b0e',126672,1676,1653786257,1653786257);
INSERT INTO player_score VALUES('6319768b5',78,'42415af2d','28d0b69f4',255528,2209,1654023381,1654023381);
INSERT INTO player_score VALUES('62dc83807',78,'42415af2d','2c11085a7',54405,2017,1654016990,1654016990);
INSERT INTO player_score VALUES('45d18b745',78,'42415af2d','390632ace',1224,1111,1653237377,1653237377);
INSERT INTO player_score VALUES('46fa5b550',78,'42415af2d','3f725ee06',45260,1184,1653268500,1653268500);
INSERT INTO player_score VALUES('637539c05',78,'42415af2d','4c523fffa',189904,2234,1654033003,1654033003);
INSERT INTO player_score VALUES('61f089592',78,'42415af2d','4cfb00add',392840,1996,1653992246,1653992246);
INSERT INTO player_score VALUES('634506df6',78,'42415af2d','512ed5466',0,2325,1654027949,1654027949);
INSERT INTO player_score VALUES('63b340a67',78,'42415af2d','5419e4d89',3264,2276,1654039507,1654039507);
INSERT INTO player_score VALUES('6272fae6f',78,'439f3ad2e','28d0b69f4',12087,2188,1654005924,1654005924);
INSERT INTO player_score VALUES('5a25b5122',78,'439f3ad2e','2c11085a7',117648,1701,1653783073,1653783073);
INSERT INTO player_score VALUES('4545229e2',78,'439f3ad2e','390632ace',78720,1065,1653222654,1653222654);
INSERT INTO player_score VALUES('63c2632a7',78,'439f3ad2e','4c523fffa',0,2263,1654041094,1654041094);
INSERT INTO player_score VALUES('5ef164306',78,'439f3ad2e','4cfb00add',237650,1712,1653911805,1653911805);
INSERT INTO player_score VALUES('636b4c3fe',78,'439f3ad2e','5419e4d89',2112,2238,1654031962,1654031962);
INSERT INTO player_score VALUES('5af19ccb3',78,'439f3ad2e','556a43b0e',299628,1926,1653804454,1653804454);
INSERT INTO player_score VALUES('614245864',78,'4470a3341','28d0b69f4',28536,2139,1653973973,1653973973);
INSERT INTO player_score VALUES('573ee8d59',78,'4470a3341','2c11085a7',312000,1603,1653705185,1653705185);
INSERT INTO player_score VALUES('4567d4793',78,'4470a3341','390632ace',7221,1074,1653226292,1653226292);
INSERT INTO player_score VALUES('46253acd7',78,'4470a3341','3f725ee06',16380,1034,1653246152,1653246152);
INSERT INTO player_score VALUES('62d4880ec',78,'4470a3341','4c523fffa',32538,2160,1654016153,1654016153);
INSERT INTO player_score VALUES('625d108fe',78,'4470a3341','4cfb00add',244800,2034,1654003626,1654003626);
INSERT INTO player_score VALUES('62fae3643',78,'4470a3341','512ed5466',143412,2273,1654020175,1654020175);
INSERT INTO player_score VALUES('63a922541',78,'4470a3341','5419e4d89',2805,2272,1654038446,1654038446);
INSERT INTO player_score VALUES('5ac8f50f9',78,'4470a3341','556a43b0e',8832,1879,1653800191,1653800191);
INSERT INTO player_score VALUES('5818ba8a3',78,'46176ba5a','28d0b69f4',15470,1833,1653728025,1653728025);
INSERT INTO player_score VALUES('6367ac83a',78,'46176ba5a','2c11085a7',348160,2040,1654031582,1654031582);
INSERT INTO player_score VALUES('44b61a690',78,'46176ba5a','390632ace',16575,1025,1653207656,1653207656);
INSERT INTO player_score VALUES('464f0c5f3',78,'46176ba5a','3f725ee06',59400,1067,1653250537,1653250537);
INSERT INTO player_score VALUES('63c48d603',78,'46176ba5a','4c523fffa',135135,2266,1654041321,1654041321);
INSERT INTO player_score VALUES('632025f54',78,'46176ba5a','512ed5466',42400,2300,1654024082,1654024082);
INSERT INTO player_score VALUES('62f6434ef',78,'46176ba5a','5419e4d89',79488,2172,1654019690,1654019690);
INSERT INTO player_score VALUES('5a2c9ca82',78,'46176ba5a','556a43b0e',99792,1638,1653783797,1653783797);
INSERT INTO player_score VALUES('5e77dd5bf',78,'4693cc736','28d0b69f4',869,2033,1653899062,1653899062);
INSERT INTO player_score VALUES('5f489383b',78,'4693cc736','2c11085a7',33488,1892,1653920947,1653920947);
INSERT INTO player_score VALUES('46ea95433',78,'4693cc736','3f725ee06',35629,1174,1653266846,1653266846);
INSERT INTO player_score VALUES('60b6d82d8',78,'4693cc736','4c523fffa',9361,1934,1653959353,1653959353);
INSERT INTO player_score VALUES('63a1728d2',78,'4693cc736','4cfb00add',9204,2152,1654037640,1654037640);
INSERT INTO player_score VALUES('62d700626',78,'4693cc736','512ed5466',12045,2258,1654016412,1654016412);
INSERT INTO player_score VALUES('6314fd816',78,'4693cc736','5419e4d89',209808,2189,1654022912,1654022912);
INSERT INTO player_score VALUES('5ae5284d7',78,'4693cc736','556a43b0e',151700,1916,1653803148,1653803148);
INSERT INTO player_score VALUES('5f85d4ae9',78,'46bf61ada','28d0b69f4',39528,2069,1653927370,1653927370);
INSERT INTO player_score VALUES('5f7ed71dd',78,'46bf61ada','2c11085a7',2340,1901,1653926637,1653926637);
INSERT INTO player_score VALUES('47002a275',78,'46bf61ada','3f725ee06',716539,1189,1653269109,1653269109);
INSERT INTO player_score VALUES('62bc3407e',78,'46bf61ada','4cfb00add',64896,2071,1654013602,1654013602);
INSERT INTO player_score VALUES('63a6e4982',78,'46bf61ada','512ed5466',260712,2382,1654038211,1654038211);
INSERT INTO player_score VALUES('62fe76e73',78,'46bf61ada','5419e4d89',76860,2175,1654020550,1654020550);
INSERT INTO player_score VALUES('5af138afb',78,'46bf61ada','556a43b0e',112746,1925,1653804413,1653804413);
INSERT INTO player_score VALUES('618ecb62b',78,'46c7954ce','28d0b69f4',47073,2157,1653981997,1653981997);
INSERT INTO player_score VALUES('60439553d',78,'46c7954ce','2c11085a7',40608,1925,1653947267,1653947267);
INSERT INTO player_score VALUES('46e8ccb65',78,'46c7954ce','3f725ee06',14190,1172,1653266659,1653266659);
INSERT INTO player_score VALUES('621f83b82',78,'46c7954ce','4c523fffa',76296,2095,1653997172,1653997172);
INSERT INTO player_score VALUES('628e1cb3b',78,'46c7954ce','4cfb00add',16368,2044,1654008769,1654008769);
INSERT INTO player_score VALUES('63a400d7c',78,'46c7954ce','512ed5466',61074,2377,1654037908,1654037908);
INSERT INTO player_score VALUES('6148fc4ad',78,'46c7954ce','5419e4d89',123888,1937,1653974677,1653974677);
INSERT INTO player_score VALUES('5a52a019e',78,'46c7954ce','556a43b0e',451230,1700,1653787783,1653787783);
INSERT INTO player_score VALUES('63993a0ed',78,'47835a275','28d0b69f4',452907,2220,1654036778,1654036778);
INSERT INTO player_score VALUES('62503f4e9',78,'47835a275','2c11085a7',211185,2000,1654002282,1654002282);
INSERT INTO player_score VALUES('62dae477d',78,'47835a275','4c523fffa',432,2164,1654016820,1654016820);
INSERT INTO player_score VALUES('612643222',78,'47835a275','4cfb00add',596994,1919,1653971036,1653971036);
INSERT INTO player_score VALUES('6346d6bed',78,'47835a275','512ed5466',202240,2327,1654028139,1654028139);
INSERT INTO player_score VALUES('638eb5311',78,'47835a275','5419e4d89',33600,2261,1654035675,1654035675);
INSERT INTO player_score VALUES('5aa28d887',78,'47835a275','556a43b0e',150150,1824,1653796164,1653796164);
INSERT INTO player_score VALUES('63ba7db0e',78,'4955402ac','28d0b69f4',20640,2224,1654040266,1654040266);
INSERT INTO player_score VALUES('614002eb0',78,'4955402ac','4c523fffa',552,1986,1653973736,1653973736);
INSERT INTO player_score VALUES('5e1927be7',78,'4955402ac','4cfb00add',29760,1635,1653889131,1653889131);
INSERT INTO player_score VALUES('63388d875',78,'4955402ac','5419e4d89',79430,2210,1654026641,1654026641);
INSERT INTO player_score VALUES('5ad558765',78,'4955402ac','556a43b0e',9300,1897,1653801490,1653801490);
INSERT INTO player_score VALUES('628c4cd7f',78,'49d0687c0','28d0b69f4',1080,2191,1654008579,1654008579);
INSERT INTO player_score VALUES('63c2261f0',78,'49d0687c0','2c11085a7',55440,2050,1654041069,1654041069);
INSERT INTO player_score VALUES('61f847c67',78,'49d0687c0','4c523fffa',38192,2078,1653993058,1653993058);
INSERT INTO player_score VALUES('62ebb23bd',78,'49d0687c0','512ed5466',14580,2265,1654018582,1654018582);
INSERT INTO player_score VALUES('63c1bab7b',78,'49d0687c0','5419e4d89',27825,2285,1654041025,1654041025);
INSERT INTO player_score VALUES('5a82f7998',78,'49d0687c0','556a43b0e',32400,1777,1653792852,1653792852);
INSERT INTO player_score VALUES('602e9a401',78,'4a4442b1c','2c11085a7',37260,1922,1653945067,1653945067);
INSERT INTO player_score VALUES('634df40a9',78,'4a4442b1c','4cfb00add',249920,2129,1654028885,1654028885);
INSERT INTO player_score VALUES('63b90f76b',78,'4a4442b1c','512ed5466',262353,2391,1654040116,1654040116);
INSERT INTO player_score VALUES('62cdb190d',78,'4a4442b1c','5419e4d89',65170,2154,1654015436,1654015436);
INSERT INTO player_score VALUES('5adf6f791',78,'4a4442b1c','556a43b0e',17520,1909,1653802548,1653802548);
INSERT INTO player_score VALUES('608eb92ea',78,'4b1e712ad','28d0b69f4',20034,2113,1653955146,1653955146);
INSERT INTO player_score VALUES('632701531',78,'4b1e712ad','2c11085a7',103544,2028,1654024801,1654024801);
INSERT INTO player_score VALUES('5f9292663',78,'4b1e712ad','4c523fffa',46956,1822,1653928706,1653928706);
INSERT INTO player_score VALUES('62035cade',78,'4b1e712ad','4cfb00add',2912,2000,1653994220,1653994220);
INSERT INTO player_score VALUES('6388bf4cc',78,'4b1e712ad','512ed5466',10788,2366,1654035050,1654035050);
INSERT INTO player_score VALUES('631a6d1b5',78,'4b1e712ad','5419e4d89',36960,2193,1654023482,1654023482);
INSERT INTO player_score VALUES('5ad8793a7',78,'4b1e712ad','556a43b0e',409200,1902,1653801818,1653801818);
INSERT INTO player_score VALUES('628a86bcb',78,'4b7ba9e9a','28d0b69f4',32076,2190,1654008393,1654008393);
INSERT INTO player_score VALUES('60bdebb3c',78,'4b7ba9e9a','2c11085a7',260400,1941,1653960095,1653960095);
INSERT INTO player_score VALUES('62b0e481b',78,'4b7ba9e9a','4c523fffa',57375,2148,1654012416,1654012416);
INSERT INTO player_score VALUES('622795285',78,'4b7ba9e9a','4cfb00add',144300,2015,1653998018,1653998018);
INSERT INTO player_score VALUES('6354ef227',78,'4b7ba9e9a','512ed5466',393624,2338,1654029617,1654029617);
INSERT INTO player_score VALUES('63787562a',78,'4b7ba9e9a','5419e4d89',26970,2244,1654033342,1654033342);
INSERT INTO player_score VALUES('5a7e5c621',78,'4b7ba9e9a','556a43b0e',229376,1770,1653792369,1653792369);
INSERT INTO player_score VALUES('62c6c51a0',78,'4b7d1f780','28d0b69f4',20240,2200,1654014710,1654014710);
INSERT INTO player_score VALUES('5e1c99174',78,'4b7d1f780','2c11085a7',6992,1838,1653889492,1653889492);
INSERT INTO player_score VALUES('63350150e',78,'4b7d1f780','4c523fffa',40296,2208,1654026269,1654026269);
INSERT INTO player_score VALUES('62e43d092',78,'4b7d1f780','4cfb00add',63000,2084,1654017800,1654017800);
INSERT INTO player_score VALUES('626e8e159',78,'4b7d1f780','512ed5466',240768,2199,1654005460,1654005460);
INSERT INTO player_score VALUES('62a58dad6',78,'4b7d1f780','5419e4d89',592800,2131,1654011227,1654011227);
INSERT INTO player_score VALUES('5ae235ed4',78,'4b7d1f780','556a43b0e',58880,1913,1653802839,1653802839);
INSERT INTO player_score VALUES('6272b1a76',78,'4b834fefa','28d0b69f4',145607,2187,1654005894,1654005894);
INSERT INTO player_score VALUES('6086572b8',78,'4b834fefa','2c11085a7',169920,1937,1653954267,1653954267);
INSERT INTO player_score VALUES('5fcf08e80',78,'4b834fefa','4c523fffa',21824,1847,1653935046,1653935046);
INSERT INTO player_score VALUES('638da8a26',78,'4b834fefa','4cfb00add',7052,2144,1654035565,1654035565);
INSERT INTO player_score VALUES('63c114b21',78,'4b834fefa','512ed5466',12544,2395,1654040957,1654040957);
INSERT INTO player_score VALUES('638c86195',78,'4b834fefa','5419e4d89',62250,2258,1654035446,1654035446);
INSERT INTO player_score VALUES('5acbd3f08',78,'4b834fefa','556a43b0e',43890,1883,1653800492,1653800492);
INSERT INTO player_score VALUES('60d9544df',78,'4c97383e5','28d0b69f4',164862,2129,1653962969,1653962969);
INSERT INTO player_score VALUES('614c664ff',78,'4c97383e5','2c11085a7',14308,1964,1653975035,1653975035);
INSERT INTO player_score VALUES('63449de6a',78,'4c97383e5','4c523fffa',4884,2215,1654027906,1654027906);
INSERT INTO player_score VALUES('6142b0f37',78,'4c97383e5','4cfb00add',84816,1929,1653974017,1653974017);
INSERT INTO player_score VALUES('630305e62',78,'4c97383e5','512ed5466',13120,2279,1654021028,1654021028);
INSERT INTO player_score VALUES('635f480f4',78,'4c97383e5','5419e4d89',101568,2233,1654030702,1654030702);
INSERT INTO player_score VALUES('5a9b8634b',78,'4c97383e5','556a43b0e',503010,1809,1653795427,1653795427);
INSERT INTO player_score VALUES('62171cd4d',78,'4c9d0983d','28d0b69f4',41280,2173,1653996291,1653996291);
INSERT INTO player_score VALUES('6375b6412',78,'4c9d0983d','2c11085a7',3960,2042,1654033054,1654033054);
INSERT INTO player_score VALUES('639cf9863',78,'4c9d0983d','4c523fffa',82350,2247,1654037171,1654037171);
INSERT INTO player_score VALUES('63bc4b1aa',78,'4c9d0983d','4cfb00add',15732,2157,1654040455,1654040455);
INSERT INTO player_score VALUES('6307d1ecb',78,'4c9d0983d','512ed5466',52500,2281,1654021531,1654021531);
INSERT INTO player_score VALUES('63c0b5783',78,'4c9d0983d','5419e4d89',196830,2284,1654040918,1654040918);
INSERT INTO player_score VALUES('5abc0dda1',78,'4c9d0983d','556a43b0e',6205,1858,1653798838,1653798838);
INSERT INTO player_score VALUES('6361109a5',78,'4e6d18597','28d0b69f4',101790,2216,1654030889,1654030889);
INSERT INTO player_score VALUES('634de0823',78,'4e6d18597','2c11085a7',525600,2037,1654028877,1654028877);
INSERT INTO player_score VALUES('63b96ead4',78,'4e6d18597','4c523fffa',197400,2262,1654040155,1654040155);
INSERT INTO player_score VALUES('632edd0dd',78,'4e6d18597','4cfb00add',80784,2110,1654025625,1654025625);
INSERT INTO player_score VALUES('630b71a87',78,'4e6d18597','512ed5466',534336,2283,1654021911,1654021911);
INSERT INTO player_score VALUES('638bc056c',78,'4e6d18597','5419e4d89',8526,2257,1654035365,1654035365);
INSERT INTO player_score VALUES('5ab118ae0',78,'4e6d18597','556a43b0e',7875,1840,1653797689,1653797689);
INSERT INTO player_score VALUES('5be4db4d5',78,'4e8539185','28d0b69f4',1880,1958,1653829960,1653829960);
INSERT INTO player_score VALUES('62ec339d0',78,'4e8539185','4c523fffa',160704,2174,1654018635,1654018635);
INSERT INTO player_score VALUES('6346b9719',78,'4e8539185','4cfb00add',7000,2122,1654028127,1654028127);
INSERT INTO player_score VALUES('601af4f44',78,'4e8539185','512ed5466',1440,1917,1653943007,1653943007);
INSERT INTO player_score VALUES('638eefc59',78,'4e8539185','5419e4d89',12012,2262,1654035699,1654035699);
INSERT INTO player_score VALUES('631a3c460',78,'4e89ea467','28d0b69f4',9480,2210,1654023462,1654023462);
INSERT INTO player_score VALUES('611572eca',78,'4e89ea467','2c11085a7',437502,1956,1653969273,1653969273);
INSERT INTO player_score VALUES('639ee1d0f',78,'4e89ea467','4c523fffa',158688,2249,1654037371,1654037371);
INSERT INTO player_score VALUES('6330c7c7c',78,'4e89ea467','4cfb00add',26568,2112,1654025826,1654025826);
INSERT INTO player_score VALUES('6245f295a',78,'4e89ea467','512ed5466',36288,2180,1654001202,1654001202);
INSERT INTO player_score VALUES('6395140c6',78,'4e89ea467','5419e4d89',260304,2264,1654036343,1654036343);
INSERT INTO player_score VALUES('5af33e45c',78,'4e89ea467','556a43b0e',33250,1930,1653804625,1653804625);
INSERT INTO player_score VALUES('60536ef64',78,'4eaff50aa','28d0b69f4',340692,2104,1653948929,1653948929);
INSERT INTO player_score VALUES('5f863170e',78,'4eaff50aa','2c11085a7',7600,1903,1653927408,1653927408);
INSERT INTO player_score VALUES('638139085',78,'4eaff50aa','4c523fffa',48174,2237,1654034261,1654034261);
INSERT INTO player_score VALUES('63bd2bb67',78,'4eaff50aa','4cfb00add',113988,2158,1654040547,1654040547);
INSERT INTO player_score VALUES('63c10399d',78,'4eaff50aa','512ed5466',33150,2394,1654040950,1654040950);
INSERT INTO player_score VALUES('5ab81b1c6',78,'4eaff50aa','556a43b0e',593892,1854,1653798424,1653798424);
INSERT INTO player_score VALUES('6080f3c80',78,'4f7ab2e5d','28d0b69f4',3864,2112,1653953702,1653953702);
INSERT INTO player_score VALUES('5f38becb3',78,'4f7ab2e5d','2c11085a7',11096,1890,1653919287,1653919287);
INSERT INTO player_score VALUES('63a691965',78,'4f7ab2e5d','4c523fffa',4950,2254,1654038177,1654038177);
INSERT INTO player_score VALUES('614c37ea3',78,'4f7ab2e5d','4cfb00add',400400,1933,1653975016,1653975016);
INSERT INTO player_score VALUES('63a17ec41',78,'4f7ab2e5d','512ed5466',26208,2376,1654037645,1654037645);
INSERT INTO player_score VALUES('631cafb87',78,'4f7ab2e5d','5419e4d89',3150,2194,1654023719,1654023719);
INSERT INTO player_score VALUES('6291d74bc',78,'50816d32f','28d0b69f4',112832,2193,1654009160,1654009160);
INSERT INTO player_score VALUES('62bd6a126',78,'50816d32f','2c11085a7',12213,2013,1654013729,1654013729);
INSERT INTO player_score VALUES('61e029747',78,'50816d32f','4c523fffa',473280,2067,1653990529,1653990529);
INSERT INTO player_score VALUES('62ac2c01a',78,'50816d32f','4cfb00add',4560,2061,1654011921,1654011921);
INSERT INTO player_score VALUES('62b1414b4',78,'50816d32f','512ed5466',229944,2240,1654012454,1654012454);
INSERT INTO player_score VALUES('63439d8e7',78,'50816d32f','5419e4d89',37206,2213,1654027801,1654027801);
INSERT INTO player_score VALUES('6385b20cb',78,'50fd4ca13','28d0b69f4',89838,2218,1654034730,1654034730);
INSERT INTO player_score VALUES('61acf31c0',78,'50fd4ca13','2c11085a7',19536,1980,1653985159,1653985159);
INSERT INTO player_score VALUES('62f712d2a',78,'50fd4ca13','4c523fffa',0,2179,1654019775,1654019775);
INSERT INTO player_score VALUES('61f5fdd33',78,'50fd4ca13','4cfb00add',456672,1997,1653992818,1653992818);
INSERT INTO player_score VALUES('62f679006',78,'50fd4ca13','512ed5466',116800,2270,1654019712,1654019712);
INSERT INTO player_score VALUES('62b177013',78,'50fd4ca13','5419e4d89',589475,2140,1654012476,1654012476);
INSERT INTO player_score VALUES('5ac4269c1',78,'50fd4ca13','556a43b0e',175560,1870,1653799687,1653799687);
INSERT INTO player_score VALUES('5b570e07e',78,'5135034f8','28d0b69f4',1575,1931,1653815091,1653815091);
INSERT INTO player_score VALUES('58f984f06',78,'5135034f8','2c11085a7',111370,1653,1653751596,1653751596);
INSERT INTO player_score VALUES('6322a3291',78,'5135034f8','4c523fffa',4136,2198,1654024343,1654024343);
INSERT INTO player_score VALUES('624358144',78,'5135034f8','4cfb00add',62400,2023,1654000929,1654000929);
INSERT INTO player_score VALUES('6369ccf21',78,'5135034f8','512ed5466',12173,2350,1654031805,1654031805);
INSERT INTO player_score VALUES('60cf904d1',78,'5135034f8','5419e4d89',218612,1875,1653961945,1653961945);
INSERT INTO player_score VALUES('5aca8574f',78,'5135034f8','556a43b0e',473688,1880,1653800355,1653800355);
INSERT INTO player_score VALUES('5f11fa77d',78,'51b545c93','28d0b69f4',11200,2056,1653915222,1653915222);
INSERT INTO player_score VALUES('5fd16b45f',78,'51b545c93','2c11085a7',16401,1912,1653935296,1653935296);
INSERT INTO player_score VALUES('636f6fd14',78,'51b545c93','4c523fffa',197780,2232,1654032396,1654032396);
INSERT INTO player_score VALUES('61d81ce98',78,'51b545c93','4cfb00add',13824,1984,1653989685,1653989685);
INSERT INTO player_score VALUES('63ba34735',78,'51b545c93','512ed5466',92800,2392,1654040236,1654040236);
INSERT INTO player_score VALUES('62d83670a',78,'51b545c93','5419e4d89',49300,2157,1654016539,1654016539);
INSERT INTO player_score VALUES('5aec6556b',78,'51b545c93','556a43b0e',17820,1921,1653803907,1653803907);
INSERT INTO player_score VALUES('6001cc85d',78,'52455cfcf','28d0b69f4',492993,2089,1653940369,1653940369);
INSERT INTO player_score VALUES('62e8609ef',78,'52455cfcf','2c11085a7',357200,2022,1654018234,1654018234);
INSERT INTO player_score VALUES('5f6f8d903',78,'52455cfcf','4c523fffa',704168,1810,1653925034,1653925034);
INSERT INTO player_score VALUES('634ed7141',78,'52455cfcf','4cfb00add',145350,2131,1654028978,1654028978);
INSERT INTO player_score VALUES('62a71931b',78,'52455cfcf','512ed5466',227760,2233,1654011389,1654011389);
INSERT INTO player_score VALUES('624c0d136',78,'52455cfcf','5419e4d89',42240,2077,1654001842,1654001842);
INSERT INTO player_score VALUES('5acb1a61d',78,'52455cfcf','556a43b0e',481140,1882,1653800416,1653800416);
INSERT INTO player_score VALUES('63c644d0e',78,'525060d4c','28d0b69f4',24140,2227,1654041501,1654041501);
INSERT INTO player_score VALUES('5e3c6730d',78,'525060d4c','2c11085a7',88830,1846,1653892827,1653892827);
INSERT INTO player_score VALUES('62bb7a7b2',78,'525060d4c','4c523fffa',23400,2153,1654013526,1654013526);
INSERT INTO player_score VALUES('62e7e8fa5',78,'525060d4c','4cfb00add',167608,2085,1654018185,1654018185);
INSERT INTO player_score VALUES('62ab4b665',78,'525060d4c','512ed5466',36162,2237,1654011829,1654011829);
INSERT INTO player_score VALUES('63befb954',78,'525060d4c','5419e4d89',44620,2281,1654040737,1654040737);
INSERT INTO player_score VALUES('5ab124e27',78,'525060d4c','556a43b0e',70644,1841,1653797694,1653797694);
INSERT INTO player_score VALUES('5cd522846',78,'5260861f1','28d0b69f4',2960,1986,1653855155,1653855155);
INSERT INTO player_score VALUES('61b9e1a83',78,'5260861f1','2c11085a7',32940,1983,1653986515,1653986515);
INSERT INTO player_score VALUES('61d0fd2d6',78,'5260861f1','4c523fffa',191114,2056,1653988938,1653988938);
INSERT INTO player_score VALUES('639ef0784',78,'5260861f1','512ed5466',314500,2374,1654037377,1654037377);
INSERT INTO player_score VALUES('639520413',78,'5260861f1','5419e4d89',419832,2265,1654036348,1654036348);
INSERT INTO player_score VALUES('5a52ce7f3',78,'5260861f1','556a43b0e',46750,1701,1653787802,1653787802);
INSERT INTO player_score VALUES('618399277',78,'52f05417a','28d0b69f4',354078,2154,1653980823,1653980823);
INSERT INTO player_score VALUES('6296c3100',78,'52f05417a','2c11085a7',67940,2007,1654009676,1654009676);
INSERT INTO player_score VALUES('62b558a57',78,'52f05417a','4cfb00add',143336,2066,1654012883,1654012883);
INSERT INTO player_score VALUES('61595e9ca',78,'52f05417a','512ed5466',22792,2066,1653976395,1653976395);
INSERT INTO player_score VALUES('62fde951f',78,'52f05417a','5419e4d89',104052,2174,1654020492,1654020492);
INSERT INTO player_score VALUES('5acf00ef7',78,'52f05417a','556a43b0e',347490,1887,1653800825,1653800825);
INSERT INTO player_score VALUES('5be12cea5',78,'53fbe42d1','28d0b69f4',304500,1957,1653829574,1653829574);
INSERT INTO player_score VALUES('62b7dd2f6',78,'53fbe42d1','4cfb00add',154752,2068,1654013147,1654013147);
INSERT INTO player_score VALUES('6368e9e24',78,'53fbe42d1','512ed5466',43680,2348,1654031712,1654031712);
INSERT INTO player_score VALUES('63b3e43d8',78,'53fbe42d1','5419e4d89',76096,2277,1654039574,1654039574);
INSERT INTO player_score VALUES('5ae841c42',78,'53fbe42d1','556a43b0e',178560,1917,1653803473,1653803473);
INSERT INTO player_score VALUES('6395d759e',78,'54684454c','28d0b69f4',225680,2219,1654036423,1654036423);
INSERT INTO player_score VALUES('5fdd8f2d8',78,'54684454c','2c11085a7',7938,1915,1653936569,1653936569);
INSERT INTO player_score VALUES('61ecb8c69',78,'54684454c','4cfb00add',9570,1994,1653991846,1653991846);
INSERT INTO player_score VALUES('638352274',78,'54684454c','512ed5466',22962,2363,1654034481,1654034481);
INSERT INTO player_score VALUES('6325142b1',78,'54684454c','5419e4d89',5984,2199,1654024599,1654024599);
INSERT INTO player_score VALUES('5abcb16cb',78,'54684454c','556a43b0e',67704,1860,1653798905,1653798905);
INSERT INTO player_score VALUES('62fe4d676',78,'558b603f7','28d0b69f4',269568,2206,1654020533,1654020533);
INSERT INTO player_score VALUES('62ea7c2a8',78,'558b603f7','2c11085a7',265050,2023,1654018455,1654018455);
INSERT INTO player_score VALUES('61cfa2806',78,'558b603f7','4c523fffa',138996,2055,1653988796,1653988796);
INSERT INTO player_score VALUES('62cc93e7b',78,'558b603f7','512ed5466',76464,2250,1654015319,1654015319);
INSERT INTO player_score VALUES('63245a9cc',78,'558b603f7','5419e4d89',170569,2198,1654024523,1654024523);
INSERT INTO player_score VALUES('5aab27ac5',78,'558b603f7','556a43b0e',4185,1831,1653797066,1653797066);
INSERT INTO player_score VALUES('5f5a815be',78,'562aa3ba7','28d0b69f4',60060,2066,1653922827,1653922827);
INSERT INTO player_score VALUES('6028515cb',78,'562aa3ba7','4c523fffa',73926,1879,1653944408,1653944408);
INSERT INTO player_score VALUES('62f0e4cc5',78,'562aa3ba7','4cfb00add',93984,2089,1654019127,1654019127);
INSERT INTO player_score VALUES('633043ef6',78,'562aa3ba7','512ed5466',30932,2311,1654025772,1654025772);
INSERT INTO player_score VALUES('5aec03abc',78,'562aa3ba7','556a43b0e',235980,1920,1653803867,1653803867);
INSERT INTO player_score VALUES('63bccc816',78,'56eb8a0e2','28d0b69f4',361920,2226,1654040508,1654040508);
INSERT INTO player_score VALUES('62aa3c6b0',78,'56eb8a0e2','2c11085a7',185328,2009,1654011718,1654011718);
INSERT INTO player_score VALUES('60ba9ef74',78,'56eb8a0e2','4c523fffa',490,1936,1653959749,1653959749);
INSERT INTO player_score VALUES('6351d5aea',78,'56eb8a0e2','4cfb00add',1394,2134,1654029292,1654029292);
INSERT INTO player_score VALUES('62fb9f625',78,'56eb8a0e2','512ed5466',229710,2274,1654020252,1654020252);
INSERT INTO player_score VALUES('62c6a7cdc',78,'56eb8a0e2','5419e4d89',27225,2150,1654014698,1654014698);
INSERT INTO player_score VALUES('59d419f97',78,'56eb8a0e2','556a43b0e',427042,1514,1653774516,1653774516);
INSERT INTO player_score VALUES('61839b9a0',78,'56f082059','28d0b69f4',206550,2155,1653980824,1653980824);
INSERT INTO player_score VALUES('621ca2671',78,'56f082059','2c11085a7',541440,1995,1653996870,1653996870);
INSERT INTO player_score VALUES('62fe0b7d7',78,'56f082059','4c523fffa',125280,2182,1654020506,1654020506);
INSERT INTO player_score VALUES('634a8ee19',78,'56f082059','4cfb00add',383616,2125,1654028529,1654028529);
INSERT INTO player_score VALUES('61e6bb952',78,'56f082059','512ed5466',69564,2142,1653991218,1653991218);
INSERT INTO player_score VALUES('63996ae2e',78,'56f082059','5419e4d89',70560,2267,1654036798,1654036798);
INSERT INTO player_score VALUES('5af1c64c9',78,'56f082059','556a43b0e',39648,1927,1653804471,1653804471);
INSERT INTO player_score VALUES('5a7152fbb',78,'57f82441d','28d0b69f4',298656,1900,1653791002,1653791002);
INSERT INTO player_score VALUES('58b251675',78,'57f82441d','2c11085a7',24528,1639,1653744130,1653744130);
INSERT INTO player_score VALUES('633fa85d8',78,'57f82441d','4c523fffa',153700,2211,1654027386,1654027386);
INSERT INTO player_score VALUES('62b0d5db8',78,'57f82441d','4cfb00add',287560,2065,1654012410,1654012410);
INSERT INTO player_score VALUES('621af7284',78,'57f82441d','512ed5466',122550,2163,1653996695,1653996695);
INSERT INTO player_score VALUES('6310fe923',78,'57f82441d','5419e4d89',80066,2185,1654022493,1654022493);
INSERT INTO player_score VALUES('5ad9ddac9',78,'57f82441d','556a43b0e',441600,1904,1653801964,1653801964);
INSERT INTO player_score VALUES('61122d87b',78,'587af2998','28d0b69f4',35520,2133,1653968930,1653968930);
INSERT INTO player_score VALUES('633bd55d8',78,'587af2998','2c11085a7',21344,2033,1654026985,1654026985);
INSERT INTO player_score VALUES('633057778',78,'587af2998','4c523fffa',68244,2204,1654025780,1654025780);
INSERT INTO player_score VALUES('638b96d68',78,'587af2998','4cfb00add',57792,2143,1654035348,1654035348);
INSERT INTO player_score VALUES('6200ebacc',78,'587af2998','5419e4d89',147840,2034,1653993964,1653993964);
INSERT INTO player_score VALUES('5a9767869',78,'587af2998','556a43b0e',45920,1802,1653794995,1653794995);
INSERT INTO player_score VALUES('63ba39512',78,'59350c322','28d0b69f4',19656,2223,1654040238,1654040238);
INSERT INTO player_score VALUES('62a6c6307',78,'59350c322','2c11085a7',341040,2008,1654011355,1654011355);
INSERT INTO player_score VALUES('613c6a830',78,'59350c322','4c523fffa',279006,1981,1653973359,1653973359);
INSERT INTO player_score VALUES('63abc6963',78,'59350c322','4cfb00add',122220,2154,1654038723,1654038723);
INSERT INTO player_score VALUES('63adcc2e6',78,'59350c322','512ed5466',34827,2386,1654038935,1654038935);
INSERT INTO player_score VALUES('622c01f74',78,'59350c322','5419e4d89',145607,2062,1653998482,1653998482);
INSERT INTO player_score VALUES('5abce9938',78,'59350c322','556a43b0e',316712,1861,1653798928,1653798928);
INSERT INTO player_score VALUES('62d61d530',78,'5948ac9c8','28d0b69f4',49761,2203,1654016319,1654016319);
INSERT INTO player_score VALUES('635f0b0a6',78,'5948ac9c8','4c523fffa',83160,2225,1654030677,1654030677);
INSERT INTO player_score VALUES('6354925f4',78,'5948ac9c8','4cfb00add',5544,2135,1654029579,1654029579);
INSERT INTO player_score VALUES('631e4ec66',78,'5948ac9c8','512ed5466',22116,2297,1654023889,1654023889);
INSERT INTO player_score VALUES('635a4da9a',78,'5948ac9c8','5419e4d89',235984,2229,1654030180,1654030180);
INSERT INTO player_score VALUES('62d80597e',78,'59699106c','4c523fffa',79143,2161,1654016519,1654016519);
INSERT INTO player_score VALUES('628f616a8',78,'59699106c','4cfb00add',547304,2045,1654008902,1654008902);
INSERT INTO player_score VALUES('634f5124a',78,'59699106c','512ed5466',310992,2333,1654029028,1654029028);
INSERT INTO player_score VALUES('636760d31',78,'59699106c','5419e4d89',1980,2236,1654031551,1654031551);
INSERT INTO player_score VALUES('5a7883cca',78,'59699106c','556a43b0e',104976,1762,1653791756,1653791756);
INSERT INTO player_score VALUES('5b72ac574',78,'5985abd80','28d0b69f4',78302,1938,1653817987,1653817987);
INSERT INTO player_score VALUES('6247b3cc2',78,'5985abd80','2c11085a7',106596,1998,1654001386,1654001386);
INSERT INTO player_score VALUES('6353c2d68',78,'5985abd80','4c523fffa',56880,2218,1654029494,1654029494);
INSERT INTO player_score VALUES('630de2aa7',78,'5985abd80','4cfb00add',98900,2097,1654022167,1654022167);
INSERT INTO player_score VALUES('62ac160c3',78,'5985abd80','512ed5466',506880,2238,1654011912,1654011912);
INSERT INTO player_score VALUES('5ac827ff7',78,'5985abd80','556a43b0e',21147,1878,1653800107,1653800107);
INSERT INTO player_score VALUES('63a696770',78,'5a518c3c8','28d0b69f4',64512,2221,1654038179,1654038179);
INSERT INTO player_score VALUES('60cfa3d24',78,'5a518c3c8','2c11085a7',6555,1944,1653961953,1653961953);
INSERT INTO player_score VALUES('63a137f20',78,'5a518c3c8','4c523fffa',15979,2251,1654037616,1654037616);
INSERT INTO player_score VALUES('621aba1ee',78,'5a518c3c8','4cfb00add',185328,2008,1653996670,1653996670);
INSERT INTO player_score VALUES('639deb380',78,'5a518c3c8','5419e4d89',667554,2269,1654037270,1654037270);
INSERT INTO player_score VALUES('5a4da81f1',78,'5a518c3c8','556a43b0e',13167,1697,1653787262,1653787262);
INSERT INTO player_score VALUES('6221734fe',78,'5a6d874c3','28d0b69f4',43095,2174,1653997375,1653997375);
INSERT INTO player_score VALUES('5c3d124fc',78,'5a6d874c3','2c11085a7',27260,1774,1653839210,1653839210);
INSERT INTO player_score VALUES('616bf27be',78,'5a6d874c3','4cfb00add',164736,1940,1653978343,1653978343);
INSERT INTO player_score VALUES('637161d97',78,'5a6d874c3','512ed5466',76608,2355,1654032600,1654032600);
INSERT INTO player_score VALUES('63bf75a90',78,'5a6d874c3','5419e4d89',67860,2282,1654040787,1654040787);
INSERT INTO player_score VALUES('60ac29cd3',78,'5a7052a72','28d0b69f4',174720,2117,1653958233,1653958233);
INSERT INTO player_score VALUES('5e2e4ecac',78,'5a7052a72','2c11085a7',21105,1841,1653891349,1653891349);
INSERT INTO player_score VALUES('635ccaddf',78,'5a7052a72','4c523fffa',216000,2224,1654030441,1654030441);
INSERT INTO player_score VALUES('63a1728d3',78,'5a7052a72','512ed5466',8400,2375,1654037640,1654037640);
INSERT INTO player_score VALUES('620cf24a0',78,'5a7052a72','5419e4d89',6588,2038,1653995225,1653995225);
INSERT INTO player_score VALUES('5ad605cab',78,'5a7052a72','556a43b0e',11880,1898,1653801561,1653801561);
INSERT INTO player_score VALUES('600e1ecf7',78,'5a71dbb23','28d0b69f4',22302,2090,1653941661,1653941661);
INSERT INTO player_score VALUES('639f32636',78,'5a71dbb23','2c11085a7',107016,2046,1654037404,1654037404);
INSERT INTO player_score VALUES('62372a67f',78,'5a71dbb23','4c523fffa',36570,2103,1653999652,1653999652);
INSERT INTO player_score VALUES('6306c2ed7',78,'5a71dbb23','4cfb00add',1435,2094,1654021420,1654021420);
INSERT INTO player_score VALUES('6334fee1e',78,'5a71dbb23','512ed5466',193492,2313,1654026268,1654026268);
INSERT INTO player_score VALUES('6108a900b',78,'5a71dbb23','5419e4d89',290904,1905,1653967932,1653967932);
INSERT INTO player_score VALUES('5adaa853c',78,'5a71dbb23','556a43b0e',70560,1906,1653802047,1653802047);
INSERT INTO player_score VALUES('615409dda',78,'5a7bcbaa4','28d0b69f4',12800,2143,1653975836,1653975836);
INSERT INTO player_score VALUES('5e3d0d2fc',78,'5a7bcbaa4','2c11085a7',23310,1847,1653892895,1653892895);
INSERT INTO player_score VALUES('62480e20e',78,'5a7bcbaa4','4c523fffa',97200,2107,1654001423,1654001423);
INSERT INTO player_score VALUES('62a9e6f46',78,'5a7bcbaa4','4cfb00add',296148,2060,1654011683,1654011683);
INSERT INTO player_score VALUES('6305c777d',78,'5a7bcbaa4','512ed5466',134640,2280,1654021317,1654021317);
INSERT INTO player_score VALUES('633fbbe79',78,'5a7bcbaa4','5419e4d89',49708,2212,1654027394,1654027394);
INSERT INTO player_score VALUES('62c083876',78,'5a8b8f4df','28d0b69f4',46632,2198,1654014054,1654014054);
INSERT INTO player_score VALUES('62dee0f70',78,'5a8b8f4df','2c11085a7',21777,2020,1654017238,1654017238);
INSERT INTO player_score VALUES('63996fc80',78,'5a8b8f4df','4c523fffa',20020,2245,1654036800,1654036800);
INSERT INTO player_score VALUES('5e3505854',78,'5a8b8f4df','4cfb00add',11704,1641,1653892053,1653892053);
INSERT INTO player_score VALUES('635e5b3f3',78,'5a8b8f4df','512ed5466',16188,2342,1654030605,1654030605);
INSERT INTO player_score VALUES('63c561c61',78,'5a8b8f4df','5419e4d89',37000,2286,1654041408,1654041408);
INSERT INTO player_score VALUES('5a753233e',78,'5a8b8f4df','556a43b0e',18900,1753,1653791408,1653791408);
INSERT INTO player_score VALUES('62b4ed378',78,'5aa6cbf77','28d0b69f4',435456,2197,1654012839,1654012839);
INSERT INTO player_score VALUES('5a13fa81f',78,'5aa6cbf77','2c11085a7',12236,1697,1653781214,1653781214);
INSERT INTO player_score VALUES('63c7208e5',78,'5aa6cbf77','4c523fffa',4725,2267,1654041591,1654041591);
INSERT INTO player_score VALUES('6342e18d2',78,'5aa6cbf77','4cfb00add',73554,2119,1654027724,1654027724);
INSERT INTO player_score VALUES('62fe8a73d',78,'5aa6cbf77','512ed5466',0,2276,1654020558,1654020558);
INSERT INTO player_score VALUES('62b9ea152',78,'5aa6cbf77','5419e4d89',39897,2142,1654013362,1654013362);
INSERT INTO player_score VALUES('5a98c9887',78,'5aa6cbf77','556a43b0e',6936,1805,1653795140,1653795140);
INSERT INTO player_score VALUES('5ed034154',78,'5b156eb83','28d0b69f4',46464,2045,1653908325,1653908325);
INSERT INTO player_score VALUES('624866065',78,'5b156eb83','4c523fffa',7392,2108,1654001459,1654001459);
INSERT INTO player_score VALUES('634b23cfb',78,'5b156eb83','4cfb00add',126336,2126,1654028590,1654028590);
INSERT INTO player_score VALUES('635647624',78,'5b156eb83','512ed5466',10800,2340,1654029758,1654029758);
INSERT INTO player_score VALUES('6345bb8d2',78,'5b156eb83','5419e4d89',292695,2215,1654028023,1654028023);
INSERT INTO player_score VALUES('5ea4d2256',78,'5b32d0ac1','28d0b69f4',162435,2039,1653903776,1653903776);
INSERT INTO player_score VALUES('5f1c5d2a6',78,'5b32d0ac1','2c11085a7',325360,1886,1653916311,1653916311);
INSERT INTO player_score VALUES('6346ad3b6',78,'5b32d0ac1','4c523fffa',75072,2216,1654028122,1654028122);
INSERT INTO player_score VALUES('6201041a3',78,'5b32d0ac1','4cfb00add',264,1999,1653993974,1653993974);
INSERT INTO player_score VALUES('639ec6f3a',78,'5b32d0ac1','512ed5466',8160,2373,1654037360,1654037360);
INSERT INTO player_score VALUES('63beab05a',78,'5b32d0ac1','5419e4d89',87969,2280,1654040704,1654040704);
INSERT INTO player_score VALUES('612fb68f3',78,'5c4f33693','28d0b69f4',608304,2135,1653972027,1653972027);
INSERT INTO player_score VALUES('6346d1df2',78,'5c4f33693','2c11085a7',16800,2035,1654028137,1654028137);
INSERT INTO player_score VALUES('63141f565',78,'5c4f33693','4c523fffa',0,2195,1654022821,1654022821);
INSERT INTO player_score VALUES('6382543b1',78,'5c4f33693','512ed5466',16830,2361,1654034377,1654034377);
INSERT INTO player_score VALUES('638b8aa44',78,'5c4f33693','5419e4d89',92655,2256,1654035343,1654035343);
INSERT INTO player_score VALUES('61fff78b1',78,'5c50a40ea','28d0b69f4',36270,2170,1653993864,1653993864);
INSERT INTO player_score VALUES('62e4186ae',78,'5c50a40ea','2c11085a7',8640,2021,1654017785,1654017785);
INSERT INTO player_score VALUES('638abb205',78,'5c50a40ea','4c523fffa',467784,2242,1654035258,1654035258);
INSERT INTO player_score VALUES('62fa5d1ba',78,'5c50a40ea','4cfb00add',61152,2091,1654020120,1654020120);
INSERT INTO player_score VALUES('63a4082c2',78,'5c50a40ea','512ed5466',12400,2378,1654037911,1654037911);
INSERT INTO player_score VALUES('6315640af',78,'5c50a40ea','5419e4d89',168540,2190,1654022954,1654022954);
INSERT INTO player_score VALUES('6044f272e',78,'5c84a29e4','28d0b69f4',31460,2100,1653947410,1653947410);
INSERT INTO player_score VALUES('61f784738',78,'5c84a29e4','2c11085a7',55440,1992,1653992978,1653992978);
INSERT INTO player_score VALUES('634f36494',78,'5c84a29e4','4c523fffa',68640,2217,1654029017,1654029017);
INSERT INTO player_score VALUES('60bc6ed7d',78,'5c84a29e4','4cfb00add',160050,1888,1653959939,1653959939);
INSERT INTO player_score VALUES('62fd3987a',78,'5c84a29e4','512ed5466',742995,2275,1654020420,1654020420);
INSERT INTO player_score VALUES('639767bc3',78,'5c84a29e4','5419e4d89',49980,2266,1654036587,1654036587);
INSERT INTO player_score VALUES('6067e6390',78,'5e2a48858','28d0b69f4',63270,2107,1653951075,1653951075);
INSERT INTO player_score VALUES('63618ab06',78,'5e2a48858','2c11085a7',15876,2039,1654030939,1654030939);
INSERT INTO player_score VALUES('629650506',78,'5e2a48858','4c523fffa',163666,2136,1654009629,1654009629);
INSERT INTO player_score VALUES('61e29a753',78,'5e2a48858','4cfb00add',155316,1993,1653990785,1653990785);
INSERT INTO player_score VALUES('63851aad4',78,'5e2a48858','512ed5466',330615,2364,1654034668,1654034668);
INSERT INTO player_score VALUES('63ac82973',78,'5e2a48858','5419e4d89',7904,2273,1654038800,1654038800);
INSERT INTO player_score VALUES('5cff11652',78,'5e3d280ee','28d0b69f4',76440,1992,1653859552,1653859552);
INSERT INTO player_score VALUES('5fc95eb97',78,'5e3d280ee','2c11085a7',21483,1910,1653934452,1653934452);
INSERT INTO player_score VALUES('63a1ea2ec',78,'5e3d280ee','4c523fffa',2052,2252,1654037689,1654037689);
INSERT INTO player_score VALUES('62dbc9f63',78,'5e3d280ee','4cfb00add',187000,2079,1654016914,1654016914);
INSERT INTO player_score VALUES('61473b118',78,'5e3d280ee','512ed5466',116560,2056,1653974493,1653974493);
INSERT INTO player_score VALUES('627d51651',78,'5e3d280ee','5419e4d89',21648,2104,1654007008,1654007008);
INSERT INTO player_score VALUES('5b46f9cfc',78,'5e5cc7c03','28d0b69f4',52800,1927,1653813405,1653813405);
INSERT INTO player_score VALUES('6185ea702',78,'5e5cc7c03','2c11085a7',162816,1974,1653981066,1653981066);
INSERT INTO player_score VALUES('637ac6a41',78,'5e5cc7c03','4c523fffa',322560,2236,1654033585,1654033585);
INSERT INTO player_score VALUES('6313daf95',78,'5e5cc7c03','512ed5466',6076,2288,1654022793,1654022793);
INSERT INTO player_score VALUES('627ad69c4',78,'5e5cc7c03','5419e4d89',136344,2100,1654006748,1654006748);
INSERT INTO player_score VALUES('5db96f5b8',78,'5e7754a0d','28d0b69f4',69174,2012,1653879094,1653879094);
INSERT INTO player_score VALUES('5f516f96c',78,'5e7754a0d','2c11085a7',16,1893,1653921876,1653921876);
INSERT INTO player_score VALUES('606a91ccf',78,'5e7754a0d','4c523fffa',20904,1903,1653951355,1653951355);
INSERT INTO player_score VALUES('5f3945128',78,'5e7754a0d','4cfb00add',7480,1739,1653919342,1653919342);
INSERT INTO player_score VALUES('636db379e',78,'5e7754a0d','512ed5466',199500,2352,1654032214,1654032214);
INSERT INTO player_score VALUES('63134d64e',78,'5e7754a0d','5419e4d89',19440,2186,1654022735,1654022735);
INSERT INTO player_score VALUES('61e6b4437',78,'5f3e83d74','28d0b69f4',561744,2167,1653991215,1653991215);
INSERT INTO player_score VALUES('6381f773c',78,'5f3e83d74','4c523fffa',114240,2238,1654034339,1654034339);
INSERT INTO player_score VALUES('6315863db',78,'5f3e83d74','4cfb00add',19140,2100,1654022968,1654022968);
INSERT INTO player_score VALUES('62bc31944',78,'5f3e83d74','512ed5466',24624,2241,1654013601,1654013601);
INSERT INTO player_score VALUES('6338332dc',78,'5f3e83d74','5419e4d89',20460,2209,1654026604,1654026604);
INSERT INTO player_score VALUES('5acc63f74',78,'5f5625a55','28d0b69f4',53460,1908,1653800551,1653800551);
INSERT INTO player_score VALUES('6352f5c4a',78,'5f5625a55','2c11085a7',73346,2038,1654029410,1654029410);
INSERT INTO player_score VALUES('62a524b1d',78,'5f5625a55','4c523fffa',25488,2143,1654011184,1654011184);
INSERT INTO player_score VALUES('60cf7f37e',78,'5f5625a55','4cfb00add',221697,1893,1653961938,1653961938);
INSERT INTO player_score VALUES('6161ddeb5',78,'5f5625a55','512ed5466',57960,2070,1653977286,1653977286);
INSERT INTO player_score VALUES('63b75f566',78,'5f5625a55','5419e4d89',6580,2278,1654039939,1654039939);
INSERT INTO player_score VALUES('5d68f1df6',78,'5f5793da0','2c11085a7',166152,1822,1653870654,1653870654);
INSERT INTO player_score VALUES('62a208ccf',78,'5f5793da0','4c523fffa',28518,2142,1654010858,1654010858);
INSERT INTO player_score VALUES('6393d917e',78,'5f5793da0','4cfb00add',53508,2147,1654036214,1654036214);
INSERT INTO player_score VALUES('63479ef33',78,'5f5793da0','512ed5466',87552,2330,1654028221,1654028221);
INSERT INTO player_score VALUES('62ce21dea',78,'5f5793da0','5419e4d89',28710,2155,1654015482,1654015482);
INSERT INTO player_score VALUES('63397f3a7',78,'5f5d7d85f','28d0b69f4',140768,2214,1654026740,1654026740);
INSERT INTO player_score VALUES('6266cd399',78,'5f5d7d85f','2c11085a7',174636,2002,1654004647,1654004647);
INSERT INTO player_score VALUES('6332bc40e',78,'5f5d7d85f','4c523fffa',429867,2205,1654026031,1654026031);
INSERT INTO player_score VALUES('6199af77f',78,'5f5d7d85f','512ed5466',4224,2105,1653983139,1653983139);
INSERT INTO player_score VALUES('61612e1ef',78,'5f5d7d85f','5419e4d89',19116,1952,1653977214,1653977214);
INSERT INTO player_score VALUES('6177de3dc',78,'5f8bca8da','28d0b69f4',32400,2152,1653979593,1653979593);
INSERT INTO player_score VALUES('60c55e6ca',78,'5f8bca8da','2c11085a7',61200,1943,1653960876,1653960876);
INSERT INTO player_score VALUES('63b278774',78,'5f8bca8da','4c523fffa',78736,2260,1654039425,1654039425);
INSERT INTO player_score VALUES('607f328f0',78,'5f8bca8da','4cfb00add',178488,1858,1653953518,1653953518);
INSERT INTO player_score VALUES('634b438e7',78,'5f8bca8da','5419e4d89',47736,2220,1654028603,1654028603);
INSERT INTO player_score VALUES('635e788e0',78,'61bddbb9b','28d0b69f4',20800,2215,1654030617,1654030617);
INSERT INTO player_score VALUES('6346f67b8',78,'61bddbb9b','2c11085a7',13580,2036,1654028152,1654028152);
INSERT INTO player_score VALUES('6357f02e8',78,'61bddbb9b','4c523fffa',18200,2220,1654029932,1654029932);
INSERT INTO player_score VALUES('634db9725',78,'61bddbb9b','4cfb00add',9310,2128,1654028861,1654028861);
INSERT INTO player_score VALUES('63abba608',78,'61bddbb9b','512ed5466',187488,2385,1654038718,1654038718);
INSERT INTO player_score VALUES('632eebb1a',78,'61bddbb9b','5419e4d89',2280,2202,1654025631,1654025631);
INSERT INTO player_score VALUES('62666440c',78,'61e44a943','28d0b69f4',63000,2182,1654004604,1654004604);
INSERT INTO player_score VALUES('545e768d7',78,'61e44a943','2c11085a7',36024,1515,1653627963,1653627963);
INSERT INTO player_score VALUES('634499061',78,'61e44a943','4c523fffa',42300,2214,1654027904,1654027904);
INSERT INTO player_score VALUES('6397dcee5',78,'61e44a943','4cfb00add',396244,2149,1654036635,1654036635);
INSERT INTO player_score VALUES('631ce08ff',78,'61e44a943','512ed5466',72,2295,1654023739,1654023739);
INSERT INTO player_score VALUES('636536a2c',78,'61e44a943','5419e4d89',211848,2234,1654031324,1654031324);
INSERT INTO player_score VALUES('63bb2fe77',78,'63360ddb7','2c11085a7',3816,2049,1654040339,1654040339);
INSERT INTO player_score VALUES('63ae74a01',78,'63360ddb7','4c523fffa',56304,2258,1654039004,1654039004);
INSERT INTO player_score VALUES('619235688',78,'63360ddb7','4cfb00add',68640,1955,1653982355,1653982355);
INSERT INTO player_score VALUES('631ed508b',78,'63360ddb7','512ed5466',176880,2298,1654023944,1654023944);
INSERT INTO player_score VALUES('6375374c2',78,'63360ddb7','5419e4d89',77760,2242,1654033002,1654033002);
INSERT INTO player_score VALUES('60a6365cd',78,'63ad1c632','28d0b69f4',18720,2116,1653957609,1653957609);
INSERT INTO player_score VALUES('5d69a8fcf',78,'63ad1c632','2c11085a7',8450,1823,1653870729,1653870729);
INSERT INTO player_score VALUES('639928f66',78,'63ad1c632','4c523fffa',40000,2244,1654036771,1654036771);
INSERT INTO player_score VALUES('63498738e',78,'63ad1c632','4cfb00add',38850,2124,1654028421,1654028421);
INSERT INTO player_score VALUES('63a54a71a',78,'63ad1c632','512ed5466',65208,2380,1654038043,1654038043);
INSERT INTO player_score VALUES('63bf95654',78,'63ad1c632','5419e4d89',96750,2283,1654040800,1654040800);
COMMIT;
