
BEGIN;
CREATE TABLE IF NOT EXISTS competition (
  id VARCHAR(255) NOT NULL PRIMARY KEY,
  tenant_id BIGINT NOT NULL,
  title TEXT NOT NULL,
  finished_at BIGINT NULL,
  created_at BIGINT NOT NULL,
  updated_at BIGINT NOT NULL
);
INSERT INTO competition VALUES('307b11e39',81,'第3回 新卒Protocol組',NULL,1652664595,1652835424);
INSERT INTO competition VALUES('62e725ae2',81,'事実上ブランデー合衆国 vol.1',1654033805,1654018105,1654033805);
CREATE TABLE IF NOT EXISTS player (
  id VARCHAR(255) NOT NULL PRIMARY KEY,
  tenant_id BIGINT NOT NULL,
  display_name TEXT NOT NULL,
  is_disqualified BOOLEAN NOT NULL,
  created_at BIGINT NOT NULL,
  updated_at BIGINT NOT NULL
);
INSERT INTO player VALUES('221a2c56e',81,'Mr. Emanuel Douglas PhD',0,1652278625,1652862647);
INSERT INTO player VALUES('228ef0e9c',81,'Weldon Collins',0,1652290869,1652877213);
INSERT INTO player VALUES('231016701',81,'Napoleon Conn',0,1652304411,1653215252);
INSERT INTO player VALUES('2437d7506',81,'Ms. Autumn Veum',0,1652335423,1653642454);
INSERT INTO player VALUES('251e02a8f',81,'Ona Brakus',0,1652359558,1652624327);
INSERT INTO player VALUES('25e826b52',81,'Cloyd Schuppe',0,1652380754,1653395331);
INSERT INTO player VALUES('25e961a85',81,'Tara Moen',0,1652380883,1653288273);
INSERT INTO player VALUES('26703b243',81,'Ms. Cora Runolfsson V',1,1652395023,1654036398);
INSERT INTO player VALUES('26a3c20bf',81,'Lura Mante',0,1652400426,1652703730);
INSERT INTO player VALUES('27d12ab30',81,'Morris Morissette',0,1652432031,1653375594);
INSERT INTO player VALUES('281223fc7',81,'Cristal Nader',0,1652438844,1653095804);
INSERT INTO player VALUES('2826e95e8',81,'Reagan Boyle',0,1652441022,1652797464);
INSERT INTO player VALUES('288a661f7',81,'Dominic Schneider I',0,1652451454,1652780758);
INSERT INTO player VALUES('29b9c5b69',81,'Kellie Purdy',0,1652483265,1653518007);
INSERT INTO player VALUES('29c0444a6',81,'Rocky Howell I',0,1652483946,1653296603);
INSERT INTO player VALUES('2a26ae8ef',81,'Brenda Bradtke',0,1652494685,1653704377);
INSERT INTO player VALUES('2a3bdf5fc',81,'Ana Wilkinson',0,1652496907,1653425679);
INSERT INTO player VALUES('2a74e4866',81,'Lurline Wyman',0,1652502886,1653436070);
INSERT INTO player VALUES('2aeb4a9a6',81,'Chandler Beatty',0,1652515301,1653397040);
INSERT INTO player VALUES('2b416aef4',81,'Eugene Rolfson',0,1652524332,1653852848);
INSERT INTO player VALUES('2bd84edd5',81,'Ova Frami II',0,1652540154,1652862575);
INSERT INTO player VALUES('2bf8fb1dd',81,'Mustafa Langworth',0,1652543580,1652689079);
INSERT INTO player VALUES('2d5888aee',81,'Salvador Lesch Jr.',0,1652580443,1652709780);
INSERT INTO player VALUES('2dd19302d',81,'Zoe Schmitt',0,1652593135,1653567160);
INSERT INTO player VALUES('2de04a1c2',81,'Seamus Kassulke',0,1652594678,1653145907);
INSERT INTO player VALUES('2e753bfca',81,'George Rice',0,1652610296,1653139402);
INSERT INTO player VALUES('2ec7bf081',81,'Hector Reilly DDS',0,1652618948,1652825071);
INSERT INTO player VALUES('2eda10f95',81,'Archibald Dickinson PhD',1,1652620869,1653834336);
INSERT INTO player VALUES('2f00c42f7',81,'Levi Moen',0,1652624927,1653791368);
INSERT INTO player VALUES('2f2e1f84d',81,'Ms. Evangeline Smitham',0,1652629683,1652800432);
INSERT INTO player VALUES('2f67e3208',81,'Otto Gleichner',0,1652635740,1653181151);
INSERT INTO player VALUES('2f72917c1',81,'Margaretta Ruecker',0,1652636860,1653791626);
INSERT INTO player VALUES('2fc5fa07e',81,'Walter Johns',0,1652645606,1653865371);
INSERT INTO player VALUES('3086d909e',81,'Ariane Fahey',0,1652665830,1653807078);
INSERT INTO player VALUES('311586ea2',81,'Savion Langworth',0,1652680791,1653799495);
INSERT INTO player VALUES('316d3052e',81,'Darian Conroy MD',0,1652689983,1653073687);
INSERT INTO player VALUES('31c1351d7',81,'Mr. Laurel Conn',0,1652698793,1653677281);
INSERT INTO player VALUES('31cf0924f',81,'Virginia Herman',0,1652700243,1653101312);
INSERT INTO player VALUES('32022e671',81,'Jerad Bernier',0,1652705606,1653453141);
INSERT INTO player VALUES('331a35697',81,'Ms. Lauriane Bogan',0,1652734969,1653736997);
INSERT INTO player VALUES('333d2b9f7',81,'Alda Mann',0,1652738635,1653150036);
INSERT INTO player VALUES('339fca335',81,'Nathanael Bauch',0,1652748976,1653021374);
INSERT INTO player VALUES('34181fdc9',81,'Josefina Graham MD',0,1652761594,1652939436);
INSERT INTO player VALUES('34704d1af',81,'Mohamed Yundt',0,1652770840,1653770576);
INSERT INTO player VALUES('3545e7bac',81,'Brandon Douglas',0,1652793238,1653613734);
INSERT INTO player VALUES('358b838ee',81,'Seth Hegmann DDS',0,1652800537,1652841163);
INSERT INTO player VALUES('35ebdf818',81,'Obie Herman IV',0,1652810641,1653438183);
INSERT INTO player VALUES('371e86ed4',81,'Savanna Sipes',1,1652842796,1653469827);
INSERT INTO player VALUES('3731221e6',81,'Marguerite Schultz',0,1652844747,1653890846);
INSERT INTO player VALUES('37a5cbd83',81,'Ofelia Kunze',0,1652856980,1653018795);
INSERT INTO player VALUES('388c23220',81,'Bernita Nolan',0,1652881133,1653898036);
INSERT INTO player VALUES('389238bf0',81,'Jerel Hamill',0,1652881771,1653030955);
INSERT INTO player VALUES('38bd7887f',81,'Ms. Juana Kerluke',0,1652886306,1653951607);
INSERT INTO player VALUES('390e04a16',81,'Pasquale Little',0,1652894752,1654007256);
INSERT INTO player VALUES('391b6fb2d',81,'Deion Schmeler',0,1652896159,1653753827);
INSERT INTO player VALUES('39cf258ff',81,'Harley Bauch Jr.',1,1652915003,1653672956);
INSERT INTO player VALUES('39ee9e33b',81,'Elise Heller',0,1652918303,1653169656);
INSERT INTO player VALUES('3a1bf4a11',81,'Ms. Gerda Padberg',0,1652923057,1653582362);
INSERT INTO player VALUES('3a8101c6c',81,'Ms. Dasia Okuneva II',0,1652933653,1653413150);
INSERT INTO player VALUES('3ac6daa38',81,'Arthur Ernser',0,1652940977,1653436291);
INSERT INTO player VALUES('3ae5ea4d3',81,'Gideon Quitzon',0,1652944234,1653274426);
INSERT INTO player VALUES('3d1fa176e',81,'Zion Kling',0,1653003973,1653014453);
INSERT INTO player VALUES('3d335086d',81,'Estella Bartell',0,1653006037,1654003670);
INSERT INTO player VALUES('3dc2abc16',81,'Deondre Lynch II',0,1653021069,1653526426);
INSERT INTO player VALUES('3deaef5f2',81,'Darwin Torp',1,1653025291,1653593792);
INSERT INTO player VALUES('3e10fc96e',81,'Stefan Larkin',0,1653029281,1653164548);
INSERT INTO player VALUES('3e7480a78',81,'Clifton Kling',0,1653039716,1653840636);
INSERT INTO player VALUES('3ed9c865b',81,'Ms. Nya Maggio',0,1653050336,1653766442);
INSERT INTO player VALUES('3f976e306',81,'Brigitte Dietrich',0,1653070222,1653437450);
INSERT INTO player VALUES('4045860f4',81,'Electa Pacocha',0,1653088477,1653361228);
INSERT INTO player VALUES('4083a2f3e',81,'Ms. Carole Cassin IV',0,1653094990,1653139689);
INSERT INTO player VALUES('40eff6de1',81,'Mr. Dedrick Adams',1,1653106349,1653110637);
INSERT INTO player VALUES('4119beaf0',81,'Alta Ebert',0,1653110730,1654014475);
INSERT INTO player VALUES('415f580f3',81,'Alan Kreiger',0,1653118028,1653855340);
INSERT INTO player VALUES('4185c47b6',81,'Mr. Jeramy Heathcote PhD',0,1653122057,1653577555);
INSERT INTO player VALUES('425675c83',81,'Conrad O"Reilly',0,1653143940,1653221571);
INSERT INTO player VALUES('43001bf65',81,'Mr. Garrick Keebler',0,1653161729,1653350202);
INSERT INTO player VALUES('43270c35d',81,'Mathew Bartoletti',1,1653165812,1654025537);
INSERT INTO player VALUES('432cc7812',81,'Hertha Ritchie',1,1653166413,1653796422);
INSERT INTO player VALUES('4392c1762',81,'Tianna Baumbach II',0,1653177106,1653778959);
INSERT INTO player VALUES('442427223',81,'Rose Wyman',0,1653192352,1653576751);
INSERT INTO player VALUES('44fc3c850',81,'Jakob Heaney',0,1653215010,1653792987);
INSERT INTO player VALUES('450285676',81,'Naomi Torphy',0,1653215669,1653976418);
INSERT INTO player VALUES('4510fa91f',81,'Arlene Wilderman',0,1653217185,1653717213);
INSERT INTO player VALUES('4568c145a',81,'Mr. Raymundo Reinger',0,1653226389,1653729628);
INSERT INTO player VALUES('45729b442',81,'Patrick Crooks',0,1653227422,1653981650);
INSERT INTO player VALUES('468f90764',81,'Sierra Mills',0,1653257302,1653470985);
INSERT INTO player VALUES('46c8effbd',81,'Rosario West',0,1653263318,1653396940);
INSERT INTO player VALUES('474d1dde1',81,'Sabrina Toy',0,1653277178,1653447785);
INSERT INTO player VALUES('47dff1c43',81,'Sigmund Trantow',0,1653292574,1653675066);
INSERT INTO player VALUES('495a68f81',81,'Mr. Kenton Koepp',0,1653332259,1653528971);
INSERT INTO player VALUES('4a4c28287',81,'Kiarra Zemlak',0,1653357608,1653714484);
INSERT INTO player VALUES('4a83c8e45',81,'Claudine Kessler',0,1653363441,1653835141);
INSERT INTO player VALUES('4adb5c518',81,'Tanner Torphy',0,1653372624,1653770213);
INSERT INTO player VALUES('4b5ed58b6',81,'Delaney Swift',0,1653386410,1653447695);
INSERT INTO player VALUES('4be824eb4',81,'Kathleen Jenkins',0,1653400808,1653864384);
INSERT INTO player VALUES('4c625df9f',81,'Karlee Hodkiewicz',0,1653413624,1653616333);
INSERT INTO player VALUES('4c8b14598',81,'Ms. Vernie Brown V',1,1653417893,1653524482);
INSERT INTO player VALUES('4cefbaefa',81,'Antoinette Von',0,1653428447,1653821198);
INSERT INTO player VALUES('4d9e71806',81,'Barry Jaskolski',0,1653446767,1653835776);
INSERT INTO player VALUES('4e167b7f3',81,'Osbaldo Schmitt DDS',0,1653459354,1653715431);
INSERT INTO player VALUES('4e7b073b8',81,'Bridget Ratke',0,1653469897,1653615753);
INSERT INTO player VALUES('4e84d0210',81,'Meggie Okuneva V',0,1653470923,1653910700);
INSERT INTO player VALUES('4e8892060',81,'Lyla VonRueden V',0,1653471317,1653988063);
INSERT INTO player VALUES('4e9068df9',81,'Jordon Eichmann Sr.',0,1653472139,1653719433);
INSERT INTO player VALUES('4e978fed9',81,'Mckenna Walsh',0,1653472889,1653481147);
INSERT INTO player VALUES('4ea69791b',81,'Heidi Waelchi',0,1653474465,1653978631);
INSERT INTO player VALUES('4f1b7e581',81,'Kamille Zemlak',0,1653486723,1653774130);
INSERT INTO player VALUES('5017aedf2',81,'Myrtice Rowe I',0,1653513167,1653890635);
INSERT INTO player VALUES('5139f1845',81,'Mr. Marlin Mann',0,1653543603,1653881276);
INSERT INTO player VALUES('544831e11',81,'Franz Beier',0,1653625628,1653638483);
INSERT INTO player VALUES('54626469e',81,'Ms. Elsie Koch V',0,1653628375,1653694949);
INSERT INTO player VALUES('5507e4937',81,'Octavia Klein',1,1653645729,1653758968);
INSERT INTO player VALUES('556b26be5',81,'Kristoffer Windler',1,1653656137,1653803457);
INSERT INTO player VALUES('569ed8440',81,'Lizeth Abshire',0,1653688401,1654029661);
INSERT INTO player VALUES('5702bb8d2',81,'Lacy Marvin',1,1653698875,1653731577);
INSERT INTO player VALUES('5763ee5d4',81,'Preston McLaughlin',0,1653709067,1653723770);
INSERT INTO player VALUES('5827433f6',81,'Mr. Obie Hilpert',0,1653729549,1653830391);
INSERT INTO player VALUES('5963f579c',81,'Mr. Adonis Collins Jr.',0,1653762757,1653902787);
INSERT INTO player VALUES('5a09ead4e',81,'Efrain Witting',0,1653780159,1653873532);
INSERT INTO player VALUES('5a890ac4c',81,'Tiffany Kerluke',0,1653793489,1653978557);
INSERT INTO player VALUES('5aff44e0f',81,'Adriana Wuckert Sr.',0,1653805886,1654040184);
INSERT INTO player VALUES('5ca6e909f',81,'Deshaun Witting',0,1653850308,1653943388);
INSERT INTO player VALUES('5d0f34416',81,'Vita Kshlerin',0,1653861244,1653893570);
INSERT INTO player VALUES('5d1e67dac',81,'Magnolia Marvin',0,1653862838,1654018470);
INSERT INTO player VALUES('5d344fc1f',81,'Kaci Zboncak',0,1653865135,1654035242);
INSERT INTO player VALUES('5d5edd530',81,'Maci Walker Jr.',0,1653869597,1653884769);
INSERT INTO player VALUES('5e90008d2',81,'Arlene Dickinson',0,1653901593,1653930347);
INSERT INTO player VALUES('5ec87cfd6',81,'Constance Lueilwitz',0,1653907516,1653963278);
INSERT INTO player VALUES('5fc0bd410',81,'Mr. Zachary Hoppe',0,1653933547,1653972303);
INSERT INTO player VALUES('6017700f8',81,'Christop Berge II',0,1653942638,1654014135);
INSERT INTO player VALUES('601d7bebf',81,'Sunny Cassin',0,1653943272,1653979620);
INSERT INTO player VALUES('60490eb58',81,'Reece Pollich DVM',0,1653947841,1654012200);
INSERT INTO player VALUES('60b556710',81,'Isabell Stiedemann',0,1653959195,1654002216);
INSERT INTO player VALUES('619519246',81,'Ms. Isabelle Morissette',1,1653982658,1654041189);
INSERT INTO player VALUES('6200b1161',81,'Ned Feeney',0,1653993940,1654019307);
INSERT INTO player VALUES('620f83096',81,'Loyal Stokes',0,1653995494,1654036910);
INSERT INTO player VALUES('62855defe',81,'Maudie Runolfsdottir',0,1654007852,1654019581);
INSERT INTO player VALUES('62f67de45',81,'Marty Ebert',0,1654019714,1654021432);
CREATE TABLE IF NOT EXISTS IF NOT EXISTS player_score (
                              id VARCHAR(255) NOT NULL PRIMARY KEY,
                              tenant_id BIGINT NOT NULL,
                              player_id VARCHAR(255) NOT NULL,
                              competition_id VARCHAR(255) NOT NULL,
                              score BIGINT NOT NULL,
                              row_num BIGINT NOT NULL,
                              created_at BIGINT NOT NULL,
                              updated_at BIGINT NOT NULL
);
INSERT INTO player_score VALUES('63a0a7ebf',81,'221a2c56e','307b11e39',232750,2490,1654037557,1654037557);
INSERT INTO player_score VALUES('6379538e8',81,'221a2c56e','62e725ae2',192920,2583,1654033433,1654033433);
INSERT INTO player_score VALUES('5d5a46ffe',81,'228ef0e9c','307b11e39',165312,2208,1653869116,1653869116);
INSERT INTO player_score VALUES('6373b3216',81,'228ef0e9c','62e725ae2',46280,2484,1654032843,1654032843);
INSERT INTO player_score VALUES('6168971ac',81,'231016701','307b11e39',32760,2387,1653977991,1653977991);
INSERT INTO player_score VALUES('637a3427d',81,'231016701','62e725ae2',32984,2597,1654033525,1654033525);
INSERT INTO player_score VALUES('61d292721',81,'2437d7506','307b11e39',77805,2410,1653989104,1653989104);
INSERT INTO player_score VALUES('63b916cde',81,'251e02a8f','307b11e39',34320,2492,1654040119,1654040119);
INSERT INTO player_score VALUES('6377db904',81,'251e02a8f','62e725ae2',29700,2554,1654033279,1654033279);
INSERT INTO player_score VALUES('6373c436f',81,'25e826b52','62e725ae2',20230,2486,1654032850,1654032850);
INSERT INTO player_score VALUES('609393dc5',81,'25e961a85','307b11e39',0,2344,1653955655,1653955655);
INSERT INTO player_score VALUES('637ae65ff',81,'25e961a85','62e725ae2',343200,2609,1654033598,1654033598);
INSERT INTO player_score VALUES('626c3f43e',81,'26703b243','307b11e39',0,2442,1654005218,1654005218);
INSERT INTO player_score VALUES('6378d97c6',81,'26703b243','62e725ae2',26488,2576,1654033383,1654033383);
INSERT INTO player_score VALUES('5dfdbcb34',81,'26a3c20bf','307b11e39',12180,2237,1653886256,1653886256);
INSERT INTO player_score VALUES('637552271',81,'26a3c20bf','62e725ae2',58497,2509,1654033013,1654033013);
INSERT INTO player_score VALUES('62c6302aa',81,'27d12ab30','307b11e39',43008,2460,1654014649,1654014649);
INSERT INTO player_score VALUES('63698d78b',81,'27d12ab30','62e725ae2',75152,2330,1654031779,1654031779);
INSERT INTO player_score VALUES('634ad3425',81,'281223fc7','307b11e39',65712,2484,1654028557,1654028557);
INSERT INTO player_score VALUES('636798f92',81,'281223fc7','62e725ae2',71456,2297,1654031574,1654031574);
INSERT INTO player_score VALUES('6326b8184',81,'2826e95e8','307b11e39',20735,2479,1654024771,1654024771);
INSERT INTO player_score VALUES('637cc277b',81,'2826e95e8','62e725ae2',37926,2639,1654033793,1654033793);
INSERT INTO player_score VALUES('637b0fe3a',81,'288a661f7','62e725ae2',163836,2613,1654033615,1654033615);
INSERT INTO player_score VALUES('62268d7a9',81,'29b9c5b69','307b11e39',38325,2426,1653997910,1653997910);
INSERT INTO player_score VALUES('637c74527',81,'29b9c5b69','62e725ae2',92928,2633,1654033761,1654033761);
INSERT INTO player_score VALUES('5fa888f1c',81,'29c0444a6','307b11e39',0,2315,1653931009,1653931009);
INSERT INTO player_score VALUES('6375e4a28',81,'29c0444a6','62e725ae2',100130,2524,1654033073,1654033073);
INSERT INTO player_score VALUES('63b05ce5a',81,'2a26ae8ef','307b11e39',31920,2491,1654039204,1654039204);
INSERT INTO player_score VALUES('63780c636',81,'2a26ae8ef','62e725ae2',37674,2561,1654033299,1654033299);
INSERT INTO player_score VALUES('5d6ed91b7',81,'2a3bdf5fc','307b11e39',28728,2211,1653871273,1653871273);
INSERT INTO player_score VALUES('636896e3b',81,'2a3bdf5fc','62e725ae2',50688,2318,1654031678,1654031678);
INSERT INTO player_score VALUES('625cc74d0',81,'2a74e4866','307b11e39',2160,2438,1654003596,1654003596);
INSERT INTO player_score VALUES('6376d3e72',81,'2a74e4866','62e725ae2',195444,2537,1654033171,1654033171);
INSERT INTO player_score VALUES('5f71142d6',81,'2aeb4a9a6','307b11e39',47124,2304,1653925194,1653925194);
INSERT INTO player_score VALUES('6147ab5e1',81,'2b416aef4','307b11e39',227386,2377,1653974539,1653974539);
INSERT INTO player_score VALUES('637b96268',81,'2b416aef4','62e725ae2',59840,2621,1654033670,1654033670);
INSERT INTO player_score VALUES('61c928c88',81,'2bd84edd5','307b11e39',450120,2405,1653988117,1653988117);
INSERT INTO player_score VALUES('63795d537',81,'2bd84edd5','62e725ae2',51170,2584,1654033437,1654033437);
INSERT INTO player_score VALUES('62a0f27df',81,'2bf8fb1dd','307b11e39',318725,2447,1654010744,1654010744);
INSERT INTO player_score VALUES('637661265',81,'2bf8fb1dd','62e725ae2',282072,2530,1654033124,1654033124);
INSERT INTO player_score VALUES('6229f9ef9',81,'2d5888aee','307b11e39',103208,2427,1653998269,1653998269);
INSERT INTO player_score VALUES('62c157f12',81,'2dd19302d','307b11e39',0,2458,1654014141,1654014141);
INSERT INTO player_score VALUES('6378a632d',81,'2dd19302d','62e725ae2',78540,2572,1654033362,1654033362);
INSERT INTO player_score VALUES('5f2dc4b8e',81,'2de04a1c2','307b11e39',185220,2294,1653918136,1653918136);
INSERT INTO player_score VALUES('63781ff05',81,'2de04a1c2','62e725ae2',277816,2563,1654033307,1654033307);
INSERT INTO player_score VALUES('637adf0ef',81,'2e753bfca','62e725ae2',41454,2607,1654033595,1654033595);
INSERT INTO player_score VALUES('5c4a38fde',81,'2ec7bf081','307b11e39',49416,2160,1653840589,1653840589);
INSERT INTO player_score VALUES('63884a1d1',81,'2eda10f95','307b11e39',43648,2489,1654035002,1654035002);
INSERT INTO player_score VALUES('6378d49a7',81,'2eda10f95','62e725ae2',280500,2575,1654033381,1654033381);
INSERT INTO player_score VALUES('62e4704e7',81,'2f00c42f7','307b11e39',44400,2468,1654017821,1654017821);
INSERT INTO player_score VALUES('637907dce',81,'2f00c42f7','62e725ae2',281050,2579,1654033402,1654033402);
INSERT INTO player_score VALUES('5f0914a76',81,'2f2e1f84d','307b11e39',369750,2285,1653914289,1653914289);
INSERT INTO player_score VALUES('637a58c98',81,'2f2e1f84d','62e725ae2',41250,2599,1654033540,1654033540);
INSERT INTO player_score VALUES('620bab26c',81,'2f67e3208','307b11e39',226044,2421,1653995091,1653995091);
INSERT INTO player_score VALUES('6378707e0',81,'2f67e3208','62e725ae2',155636,2569,1654033340,1654033340);
INSERT INTO player_score VALUES('60e3d92d9',81,'2f72917c1','307b11e39',28730,2360,1653964072,1653964072);
INSERT INTO player_score VALUES('63777ece5',81,'2f72917c1','62e725ae2',46872,2547,1654033241,1654033241);
INSERT INTO player_score VALUES('61e1ed1a6',81,'2fc5fa07e','307b11e39',4680,2414,1653990714,1653990714);
INSERT INTO player_score VALUES('6366d5a72',81,'2fc5fa07e','62e725ae2',170,2283,1654031494,1654031494);
INSERT INTO player_score VALUES('5d3fab7a1',81,'3086d909e','307b11e39',7752,2202,1653866326,1653866326);
INSERT INTO player_score VALUES('6375a2ba6',81,'3086d909e','62e725ae2',75264,2517,1654033046,1654033046);
INSERT INTO player_score VALUES('6351c224b',81,'311586ea2','307b11e39',26980,2485,1654029284,1654029284);
INSERT INTO player_score VALUES('6221beffc',81,'316d3052e','307b11e39',151110,2424,1653997406,1653997406);
INSERT INTO player_score VALUES('637249cd3',81,'316d3052e','62e725ae2',71253,2462,1654032695,1654032695);
INSERT INTO player_score VALUES('62b44e888',81,'31c1351d7','307b11e39',63112,2452,1654012774,1654012774);
INSERT INTO player_score VALUES('63760bb69',81,'31c1351d7','62e725ae2',70200,2526,1654033089,1654033089);
INSERT INTO player_score VALUES('6377e5577',81,'31cf0924f','62e725ae2',1364,2555,1654033283,1654033283);
INSERT INTO player_score VALUES('636500e92',81,'32022e671','307b11e39',3876,2487,1654031302,1654031302);
INSERT INTO player_score VALUES('609816a32',81,'331a35697','307b11e39',117450,2345,1653956128,1653956128);
INSERT INTO player_score VALUES('637794c2c',81,'331a35697','62e725ae2',12558,2548,1654033250,1654033250);
INSERT INTO player_score VALUES('614bb6883',81,'333d2b9f7','307b11e39',204573,2379,1653974963,1653974963);
INSERT INTO player_score VALUES('63796714b',81,'333d2b9f7','62e725ae2',63612,2585,1654033441,1654033441);
INSERT INTO player_score VALUES('5e58f4bd6',81,'339fca335','307b11e39',193452,2261,1653895821,1653895821);
INSERT INTO player_score VALUES('637696dfe',81,'339fca335','62e725ae2',17280,2532,1654033146,1654033146);
INSERT INTO player_score VALUES('62400b5ce',81,'34181fdc9','307b11e39',530348,2430,1654000583,1654000583);
INSERT INTO player_score VALUES('637c7ba69',81,'34181fdc9','62e725ae2',134160,2635,1654033764,1654033764);
INSERT INTO player_score VALUES('603bf6a87',81,'34704d1af','307b11e39',42750,2333,1653946468,1653946468);
INSERT INTO player_score VALUES('62bd31ede',81,'3545e7bac','307b11e39',67200,2455,1654013706,1654013706);
INSERT INTO player_score VALUES('6378c380a',81,'3545e7bac','62e725ae2',28704,2573,1654033374,1654033374);
INSERT INTO player_score VALUES('61035b942',81,'358b838ee','307b11e39',570,2367,1653967376,1653967376);
INSERT INTO player_score VALUES('637b3bd26',81,'358b838ee','62e725ae2',15552,2614,1654033633,1654033633);
INSERT INTO player_score VALUES('62d412db5',81,'35ebdf818','307b11e39',122496,2465,1654016105,1654016105);
INSERT INTO player_score VALUES('636e4115a',81,'35ebdf818','62e725ae2',829920,2393,1654032272,1654032272);
INSERT INTO player_score VALUES('580f13d61',81,'371e86ed4','307b11e39',6336,1965,1653727013,1653727013);
INSERT INTO player_score VALUES('637105157',81,'371e86ed4','62e725ae2',31356,2440,1654032562,1654032562);
INSERT INTO player_score VALUES('637591a2b',81,'3731221e6','62e725ae2',176928,2516,1654033039,1654033039);
INSERT INTO player_score VALUES('636f24216',81,'37a5cbd83','62e725ae2',2484,2413,1654032365,1654032365);
INSERT INTO player_score VALUES('61f53a84e',81,'388c23220','307b11e39',43890,2417,1653992738,1653992738);
INSERT INTO player_score VALUES('637b8ed4e',81,'388c23220','62e725ae2',216999,2620,1654033667,1654033667);
INSERT INTO player_score VALUES('6375dd530',81,'389238bf0','62e725ae2',65520,2523,1654033070,1654033070);
INSERT INTO player_score VALUES('5ff494b79',81,'38bd7887f','307b11e39',64032,2324,1653938983,1653938983);
INSERT INTO player_score VALUES('6379d27d5',81,'38bd7887f','62e725ae2',0,2590,1654033485,1654033485);
INSERT INTO player_score VALUES('60f6b6477',81,'390e04a16','307b11e39',14820,2364,1653966050,1653966050);
INSERT INTO player_score VALUES('637c7933e',81,'390e04a16','62e725ae2',150568,2634,1654033763,1654033763);
INSERT INTO player_score VALUES('5f3129e15',81,'391b6fb2d','307b11e39',0,2295,1653918492,1653918492);
INSERT INTO player_score VALUES('637a69e0b',81,'391b6fb2d','62e725ae2',225828,2602,1654033547,1654033547);
INSERT INTO player_score VALUES('62406d042',81,'39cf258ff','307b11e39',387040,2431,1654000623,1654000623);
INSERT INTO player_score VALUES('637c4fb7a',81,'39cf258ff','62e725ae2',158976,2631,1654033746,1654033746);
INSERT INTO player_score VALUES('63370e39e',81,'39ee9e33b','307b11e39',128250,2481,1654026484,1654026484);
INSERT INTO player_score VALUES('637b80324',81,'39ee9e33b','62e725ae2',99876,2618,1654033661,1654033661);
INSERT INTO player_score VALUES('5fe340b42',81,'3a1bf4a11','307b11e39',8352,2323,1653937166,1653937166);
INSERT INTO player_score VALUES('637caa081',81,'3a1bf4a11','62e725ae2',37200,2637,1654033783,1654033783);
INSERT INTO player_score VALUES('5e6fb8635',81,'3a8101c6c','307b11e39',144652,2263,1653898208,1653898208);
INSERT INTO player_score VALUES('63798bb51',81,'3a8101c6c','62e725ae2',267890,2589,1654033456,1654033456);
INSERT INTO player_score VALUES('626254346',81,'3ac6daa38','307b11e39',9072,2440,1654004178,1654004178);
INSERT INTO player_score VALUES('635f89f98',81,'3ac6daa38','62e725ae2',17100,2153,1654030729,1654030729);
INSERT INTO player_score VALUES('60fabefcf',81,'3ae5ea4d3','307b11e39',28140,2366,1653966473,1653966473);
INSERT INTO player_score VALUES('6279acc2b',81,'3d1fa176e','307b11e39',312000,2443,1654006626,1654006626);
INSERT INTO player_score VALUES('6375f5bca',81,'3d1fa176e','62e725ae2',2301,2525,1654033080,1654033080);
INSERT INTO player_score VALUES('6170d6ede',81,'3d335086d','307b11e39',329472,2389,1653978856,1653978856);
INSERT INTO player_score VALUES('636148c07',81,'3d335086d','62e725ae2',19908,2171,1654030912,1654030912);
INSERT INTO player_score VALUES('6378cd44a',81,'3dc2abc16','62e725ae2',374400,2574,1654033378,1654033378);
INSERT INTO player_score VALUES('6183218b7',81,'3e10fc96e','307b11e39',23760,2394,1653980774,1653980774);
INSERT INTO player_score VALUES('637b850f9',81,'3e10fc96e','62e725ae2',14880,2619,1654033663,1654033663);
INSERT INTO player_score VALUES('5fb951d25',81,'3e7480a78','307b11e39',39886,2317,1653932769,1653932769);
INSERT INTO player_score VALUES('62ca82228',81,'3ed9c865b','307b11e39',83104,2461,1654015102,1654015102);
INSERT INTO player_score VALUES('63622e403',81,'3ed9c865b','62e725ae2',201544,2192,1654031006,1654031006);
INSERT INTO player_score VALUES('594aa11aa',81,'3f976e306','307b11e39',33120,2021,1653760101,1653760101);
INSERT INTO player_score VALUES('637b51cd6',81,'3f976e306','62e725ae2',1750,2615,1654033642,1654033642);
INSERT INTO player_score VALUES('633966ca8',81,'4045860f4','307b11e39',26970,2482,1654026730,1654026730);
INSERT INTO player_score VALUES('637c21529',81,'4045860f4','62e725ae2',50440,2630,1654033727,1654033727);
INSERT INTO player_score VALUES('5f279b93b',81,'4083a2f3e','307b11e39',22032,2291,1653917490,1653917490);
INSERT INTO player_score VALUES('63740affa',81,'4083a2f3e','62e725ae2',39600,2493,1654032879,1654032879);
INSERT INTO player_score VALUES('62d2ce28e',81,'40eff6de1','307b11e39',259308,2464,1654015972,1654015972);
INSERT INTO player_score VALUES('637aba700',81,'40eff6de1','62e725ae2',14042,2606,1654033580,1654033580);
INSERT INTO player_score VALUES('637473fce',81,'4119beaf0','62e725ae2',218268,2500,1654032922,1654032922);
INSERT INTO player_score VALUES('630db1d6b',81,'415f580f3','307b11e39',4140,2473,1654022147,1654022147);
INSERT INTO player_score VALUES('6372ade51',81,'415f580f3','62e725ae2',318240,2465,1654032736,1654032736);
INSERT INTO player_score VALUES('625131028',81,'4185c47b6','307b11e39',179493,2434,1654002381,1654002381);
INSERT INTO player_score VALUES('60b500fcd',81,'425675c83','307b11e39',28224,2351,1653959160,1653959160);
INSERT INTO player_score VALUES('637560cdd',81,'425675c83','62e725ae2',46400,2511,1654033019,1654033019);
INSERT INTO player_score VALUES('62ab21e9c',81,'43001bf65','307b11e39',2484,2448,1654011812,1654011812);
INSERT INTO player_score VALUES('63785333d',81,'43001bf65','62e725ae2',8134,2567,1654033328,1654033328);
INSERT INTO player_score VALUES('62c28438e',81,'43270c35d','307b11e39',13608,2459,1654014264,1654014264);
INSERT INTO player_score VALUES('637bbac63',81,'43270c35d','62e725ae2',488880,2623,1654033685,1654033685);
INSERT INTO player_score VALUES('610bcc39e',81,'432cc7812','307b11e39',80512,2368,1653968261,1653968261);
INSERT INTO player_score VALUES('637bbac64',81,'432cc7812','62e725ae2',111232,2622,1654033685,1654033685);
INSERT INTO player_score VALUES('624879912',81,'4392c1762','307b11e39',5676,2432,1654001467,1654001467);
INSERT INTO player_score VALUES('637b088f1',81,'4392c1762','62e725ae2',36176,2611,1654033612,1654033612);
INSERT INTO player_score VALUES('614a1ecec',81,'442427223','307b11e39',9984,2378,1653974796,1653974796);
INSERT INTO player_score VALUES('637211a16',81,'442427223','62e725ae2',8245,2455,1654032672,1654032672);
INSERT INTO player_score VALUES('619d51a34',81,'44fc3c850','307b11e39',197030,2398,1653983520,1653983520);
INSERT INTO player_score VALUES('61feed6e4',81,'450285676','307b11e39',1430,2418,1653993755,1653993755);
INSERT INTO player_score VALUES('6379dc448',81,'450285676','62e725ae2',94080,2591,1654033489,1654033489);
INSERT INTO player_score VALUES('62b0fa7ae',81,'4510fa91f','307b11e39',233376,2451,1654012425,1654012425);
INSERT INTO player_score VALUES('637a601d3',81,'4510fa91f','62e725ae2',155382,2600,1654033543,1654033543);
INSERT INTO player_score VALUES('602699e96',81,'4568c145a','307b11e39',298775,2330,1653944228,1653944228);
INSERT INTO player_score VALUES('636c2a65f',81,'4568c145a','62e725ae2',9900,2361,1654032053,1654032053);
INSERT INTO player_score VALUES('6215eba6e',81,'45729b442','307b11e39',246480,2422,1653996166,1653996166);
INSERT INTO player_score VALUES('636c1bc43',81,'45729b442','62e725ae2',264576,2360,1654032047,1654032047);
INSERT INTO player_score VALUES('5b3d6df46',81,'468f90764','307b11e39',1600,2108,1653812404,1653812404);
INSERT INTO player_score VALUES('636a903d0',81,'468f90764','62e725ae2',178640,2341,1654031885,1654031885);
INSERT INTO player_score VALUES('5db569124',81,'46c8effbd','307b11e39',33696,2227,1653878672,1653878672);
INSERT INTO player_score VALUES('6379f23ed',81,'46c8effbd','62e725ae2',4356,2592,1654033498,1654033498);
INSERT INTO player_score VALUES('5fa6528e5',81,'474d1dde1','307b11e39',376512,2314,1653930777,1653930777);
INSERT INTO player_score VALUES('636ff3a5a',81,'474d1dde1','62e725ae2',2537,2429,1654032450,1654032450);
INSERT INTO player_score VALUES('637a95cec',81,'47dff1c43','62e725ae2',296460,2604,1654033565,1654033565);
INSERT INTO player_score VALUES('5c3ef8221',81,'495a68f81','307b11e39',140483,2156,1653839409,1653839409);
INSERT INTO player_score VALUES('637459245',81,'495a68f81','62e725ae2',672,2498,1654032911,1654032911);
INSERT INTO player_score VALUES('62c0615a7',81,'4a4c28287','307b11e39',35200,2456,1654014040,1654014040);
INSERT INTO player_score VALUES('637353ea5',81,'4a4c28287','62e725ae2',130662,2476,1654032804,1654032804);
INSERT INTO player_score VALUES('62b021341',81,'4a83c8e45','307b11e39',51450,2449,1654012336,1654012336);
INSERT INTO player_score VALUES('636eff812',81,'4a83c8e45','62e725ae2',58464,2408,1654032350,1654032350);
INSERT INTO player_score VALUES('61d08a6b8',81,'4adb5c518','307b11e39',3496,2409,1653988891,1653988891);
INSERT INTO player_score VALUES('637c103ea',81,'4adb5c518','62e725ae2',638166,2627,1654033720,1654033720);
INSERT INTO player_score VALUES('62b093f32',81,'4b5ed58b6','307b11e39',67424,2450,1654012383,1654012383);
INSERT INTO player_score VALUES('63743bd61',81,'4b5ed58b6','62e725ae2',3255,2496,1654032899,1654032899);
INSERT INTO player_score VALUES('63728e28e',81,'4be824eb4','62e725ae2',45144,2464,1654032723,1654032723);
INSERT INTO player_score VALUES('5e12fc283',81,'4c625df9f','307b11e39',8840,2242,1653888484,1653888484);
INSERT INTO player_score VALUES('6373b3217',81,'4c625df9f','62e725ae2',126170,2483,1654032843,1654032843);
INSERT INTO player_score VALUES('62bb3fded',81,'4c8b14598','307b11e39',1456,2454,1654013502,1654013502);
INSERT INTO player_score VALUES('637c0195d',81,'4c8b14598','62e725ae2',8400,2626,1654033714,1654033714);
INSERT INTO player_score VALUES('5f1d589e8',81,'4cefbaefa','307b11e39',84318,2288,1653916414,1653916414);
INSERT INTO player_score VALUES('637c59778',81,'4cefbaefa','62e725ae2',7623,2632,1654033750,1654033750);
INSERT INTO player_score VALUES('637582fe7',81,'4d9e71806','62e725ae2',138069,2515,1654033033,1654033033);
INSERT INTO player_score VALUES('6375c274f',81,'4e167b7f3','62e725ae2',19228,2520,1654033059,1654033059);
INSERT INTO player_score VALUES('614618865',81,'4e7b073b8','307b11e39',175392,2376,1653974374,1653974374);
INSERT INTO player_score VALUES('62f84dc15',81,'4e84d0210','307b11e39',35280,2472,1654019904,1654019904);
INSERT INTO player_score VALUES('63776db27',81,'4e84d0210','62e725ae2',32120,2543,1654033234,1654033234);
INSERT INTO player_score VALUES('6256b9043',81,'4e8892060','307b11e39',1053,2435,1654002961,1654002961);
INSERT INTO player_score VALUES('637bfcb4c',81,'4e8892060','62e725ae2',27440,2625,1654033712,1654033712);
INSERT INTO player_score VALUES('62cb31e75',81,'4e9068df9','307b11e39',809622,2462,1654015174,1654015174);
INSERT INTO player_score VALUES('637ae8d19',81,'4e9068df9','62e725ae2',168300,2610,1654033599,1654033599);
INSERT INTO player_score VALUES('635f592b0',81,'4e978fed9','307b11e39',1272,2486,1654030709,1654030709);
INSERT INTO player_score VALUES('61b998662',81,'4ea69791b','307b11e39',35640,2402,1653986485,1653986485);
INSERT INTO player_score VALUES('6373e665e',81,'4ea69791b','62e725ae2',250,2487,1654032864,1654032864);
INSERT INTO player_score VALUES('612739b27',81,'4f1b7e581','307b11e39',59280,2372,1653971137,1653971137);
INSERT INTO player_score VALUES('637440b8f',81,'4f1b7e581','62e725ae2',34776,2497,1654032901,1654032901);
INSERT INTO player_score VALUES('5dcf462ac',81,'5017aedf2','307b11e39',100500,2230,1653881384,1653881384);
INSERT INTO player_score VALUES('637bd0c16',81,'5017aedf2','62e725ae2',196812,2624,1654033694,1654033694);
INSERT INTO player_score VALUES('61e54af0f',81,'5139f1845','307b11e39',24206,2415,1653991067,1653991067);
INSERT INTO player_score VALUES('6377fdbf4',81,'5139f1845','62e725ae2',32208,2559,1654033293,1654033293);
INSERT INTO player_score VALUES('63812f439',81,'544831e11','307b11e39',40320,2488,1654034257,1654034257);
INSERT INTO player_score VALUES('637986d33',81,'544831e11','62e725ae2',187264,2587,1654033454,1654033454);
INSERT INTO player_score VALUES('631b3f126',81,'54626469e','307b11e39',27183,2476,1654023568,1654023568);
INSERT INTO player_score VALUES('637b0b02c',81,'54626469e','62e725ae2',29120,2612,1654033613,1654033613);
INSERT INTO player_score VALUES('62eb83d8d',81,'5507e4937','307b11e39',130944,2470,1654018563,1654018563);
INSERT INTO player_score VALUES('637a2a659',81,'5507e4937','62e725ae2',336600,2595,1654033521,1654033521);
INSERT INTO player_score VALUES('603fb61f7',81,'556b26be5','307b11e39',1512,2335,1653946861,1653946861);
INSERT INTO player_score VALUES('637177d23',81,'556b26be5','62e725ae2',239424,2443,1654032609,1654032609);
INSERT INTO player_score VALUES('61d821c9f',81,'569ed8440','307b11e39',214032,2412,1653989687,1653989687);
INSERT INTO player_score VALUES('637c856a1',81,'569ed8440','62e725ae2',139062,2636,1654033768,1654033768);
INSERT INTO player_score VALUES('5fc6b0aee',81,'5702bb8d2','307b11e39',448224,2319,1653934171,1653934171);
INSERT INTO player_score VALUES('6376a580f',81,'5702bb8d2','62e725ae2',44992,2533,1654033152,1654033152);
INSERT INTO player_score VALUES('62d83dc04',81,'5763ee5d4','307b11e39',468832,2467,1654016542,1654016542);
INSERT INTO player_score VALUES('63783104f',81,'5763ee5d4','62e725ae2',113664,2565,1654033314,1654033314);
INSERT INTO player_score VALUES('62cc0650d',81,'5827433f6','307b11e39',133056,2463,1654015261,1654015261);
INSERT INTO player_score VALUES('6377072e4',81,'5827433f6','62e725ae2',39606,2538,1654033192,1654033192);
INSERT INTO player_score VALUES('5cf0f1a7a',81,'5963f579c','307b11e39',138320,2192,1653858071,1653858071);
INSERT INTO player_score VALUES('637a8e7e0',81,'5963f579c','62e725ae2',124320,2603,1654033562,1654033562);
INSERT INTO player_score VALUES('63437197d',81,'5a09ead4e','307b11e39',6480,2483,1654027783,1654027783);
INSERT INTO player_score VALUES('637b7dc10',81,'5a09ead4e','62e725ae2',192000,2617,1654033660,1654033660);
INSERT INTO player_score VALUES('6319879cf',81,'5a890ac4c','307b11e39',16296,2475,1654023388,1654023388);
INSERT INTO player_score VALUES('6377f8dc8',81,'5a890ac4c','62e725ae2',9828,2558,1654033291,1654033291);
INSERT INTO player_score VALUES('60dd33800',81,'5aff44e0f','307b11e39',0,2359,1653963375,1653963375);
INSERT INTO player_score VALUES('637c1c6f1',81,'5aff44e0f','62e725ae2',22776,2628,1654033725,1654033725);
INSERT INTO player_score VALUES('6261712a7',81,'5ca6e909f','307b11e39',12096,2439,1654004085,1654004085);
INSERT INTO player_score VALUES('63622e404',81,'5ca6e909f','62e725ae2',316602,2193,1654031006,1654031006);
INSERT INTO player_score VALUES('59cacd982',81,'5d0f34416','307b11e39',34398,2045,1653773541,1653773541);
INSERT INTO player_score VALUES('6377e7c4d',81,'5d0f34416','62e725ae2',52326,2556,1654033284,1654033284);
INSERT INTO player_score VALUES('600a0ec53',81,'5d1e67dac','307b11e39',294150,2325,1653941235,1653941235);
INSERT INTO player_score VALUES('6376464b5',81,'5d1e67dac','62e725ae2',92070,2529,1654033113,1654033113);
INSERT INTO player_score VALUES('61b54400d',81,'5d344fc1f','307b11e39',7268,2401,1653986031,1653986031);
INSERT INTO player_score VALUES('637420f8b',81,'5d344fc1f','62e725ae2',76609,2494,1654032888,1654032888);
INSERT INTO player_score VALUES('607202194',81,'5d5edd530','307b11e39',33553,2340,1653952135,1653952135);
INSERT INTO player_score VALUES('6379f23ee',81,'5d5edd530','62e725ae2',17168,2593,1654033498,1654033498);
INSERT INTO player_score VALUES('636f9e309',81,'5e90008d2','62e725ae2',2544,2423,1654032415,1654032415);
INSERT INTO player_score VALUES('57ef434f8',81,'5ec87cfd6','307b11e39',52560,1961,1653723677,1653723677);
INSERT INTO player_score VALUES('637a676e4',81,'5ec87cfd6','62e725ae2',69498,2601,1654033546,1654033546);
INSERT INTO player_score VALUES('63225ecd4',81,'5fc0bd410','307b11e39',6072,2477,1654024315,1654024315);
INSERT INTO player_score VALUES('63791b62e',81,'5fc0bd410','62e725ae2',129150,2580,1654033410,1654033410);
INSERT INTO player_score VALUES('6324fe33e',81,'6017700f8','307b11e39',38688,2478,1654024590,1654024590);
INSERT INTO player_score VALUES('635a43e4a',81,'6017700f8','62e725ae2',17200,2054,1654030176,1654030176);
INSERT INTO player_score VALUES('61a40ad51',81,'601d7bebf','307b11e39',73080,2399,1653984225,1653984225);
INSERT INTO player_score VALUES('6365df15c',81,'601d7bebf','62e725ae2',429300,2262,1654031393,1654031393);
INSERT INTO player_score VALUES('61de34f41',81,'60490eb58','307b11e39',34176,2413,1653990324,1653990324);
INSERT INTO player_score VALUES('637cac7b0',81,'60490eb58','62e725ae2',66528,2638,1654033784,1654033784);
INSERT INTO player_score VALUES('62b7854c6',81,'60b556710','307b11e39',57798,2453,1654013111,1654013111);
INSERT INTO player_score VALUES('636d6a3e0',81,'60b556710','62e725ae2',57040,2377,1654032184,1654032184);
INSERT INTO player_score VALUES('631090b34',81,'619519246','307b11e39',189696,2474,1654022448,1654022448);
INSERT INTO player_score VALUES('637c1ee2d',81,'619519246','62e725ae2',88452,2629,1654033726,1654033726);
INSERT INTO player_score VALUES('62ef74225',81,'6200b1161','307b11e39',4032,2471,1654018976,1654018976);
INSERT INTO player_score VALUES('636fd65af',81,'6200b1161','62e725ae2',2856,2427,1654032438,1654032438);
INSERT INTO player_score VALUES('5d2fafaf5',81,'620f83096','307b11e39',17290,2200,1653864650,1653864650);
INSERT INTO player_score VALUES('63792a082',81,'620f83096','62e725ae2',90528,2582,1654033416,1654033416);
INSERT INTO player_score VALUES('60c1841b2',81,'62855defe','307b11e39',128700,2353,1653960472,1653960472);
INSERT INTO player_score VALUES('636f10966',81,'62855defe','62e725ae2',22185,2410,1654032357,1654032357);
INSERT INTO player_score VALUES('6375c2750',81,'62f67de45','62e725ae2',68160,2519,1654033059,1654033059);
COMMIT;
