
BEGIN;
CREATE TABLE IF NOT EXISTS competition (
  id VARCHAR(255) NOT NULL PRIMARY KEY,
  tenant_id BIGINT NOT NULL,
  title TEXT NOT NULL,
  finished_at BIGINT NULL,
  created_at BIGINT NOT NULL,
  updated_at BIGINT NOT NULL
);
INSERT INTO competition VALUES('250ae3a48',85,'第5回 モリス（仮）',NULL,1652357553,1652539238);
INSERT INTO competition VALUES('317eeae51',85,'甘口チャーシューIS杯',1653685494,1652691842,1653685494);
INSERT INTO competition VALUES('34ccaf028',85,'究極のfastちゃん',1652981177,1652780527,1652981177);
INSERT INTO competition VALUES('3998e467a',85,'第9回 丸腰青山一丁目夜会',1653358292,1652909314,1653358292);
INSERT INTO competition VALUES('3be9a8712',85,'のびるクライアント道場カップ',1653391045,1652971470,1653391045);
INSERT INTO competition VALUES('3e22bc0b6',85,'メロン人生杯',NULL,1653031142,1653543095);
INSERT INTO competition VALUES('3e332a95e',85,'家田中カップ',NULL,1653032865,1653174302);
INSERT INTO competition VALUES('41fe76e96',85,'フィッシュMIX vol.3',NULL,1653134713,1653225043);
INSERT INTO competition VALUES('43d3fcb03',85,'マスクド年収キック大会',NULL,1653183946,1653254252);
INSERT INTO competition VALUES('49df924f8',85,'北桃館 #3',1653441722,1653346222,1653441722);
INSERT INTO competition VALUES('4a1f2c0e9',85,'ハーでごめん #6',NULL,1653352891,1653902405);
INSERT INTO competition VALUES('4af3a1b4b',85,'川口本舗 #0',1653887920,1653375169,1653887920);
INSERT INTO competition VALUES('4e5010b43',85,'ウェブスケール東京PERFECT #7',NULL,1653465392,1653562999);
INSERT INTO competition VALUES('59bd9d218',85,'会えるホイコーロークラブ杯',NULL,1653772158,1653966325);
INSERT INTO competition VALUES('5d92bc1ce',85,'無職クラッシャー杯',1654011881,1653875036,1654011881);
INSERT INTO competition VALUES('5fde045e3',85,'第1回 新宿役場',NULL,1653936617,1653955339);
INSERT INTO competition VALUES('61afcd13a',85,'スーパー薔薇の日',1653991534,1653985458,1653991534);
INSERT INTO competition VALUES('61b024fba',85,'大盛り川越派出所杯',NULL,1653985494,1654037923);
INSERT INTO competition VALUES('638caf9ca',85,'コクざんまいカップ',NULL,1654035463,1654037798);
CREATE TABLE IF NOT EXISTS player (
  id VARCHAR(255) NOT NULL PRIMARY KEY,
  tenant_id BIGINT NOT NULL,
  display_name TEXT NOT NULL,
  is_disqualified BOOLEAN NOT NULL,
  created_at BIGINT NOT NULL,
  updated_at BIGINT NOT NULL
);
INSERT INTO player VALUES('231fd52f5',85,'August Dickinson',0,1652306062,1652671429);
INSERT INTO player VALUES('24a26a062',85,'Ms. Birdie Abbott',0,1652346598,1653812204);
INSERT INTO player VALUES('250e9bcd1',85,'Michel Bergstrom',0,1652357943,1652894237);
INSERT INTO player VALUES('26fc0c990',85,'Tianna Ortiz',0,1652409684,1652527055);
INSERT INTO player VALUES('295d92316',85,'Mr. Harold Casper',0,1652473597,1653020611);
INSERT INTO player VALUES('2bab2bb18',85,'Mr. Friedrich Corkery PhD',0,1652535421,1652951512);
INSERT INTO player VALUES('2c02e14b1',85,'Ms. Elta Hagenes IV',0,1652544618,1653096124);
INSERT INTO player VALUES('313543eae',85,'Ms. Hailee Heller',0,1652684119,1653171437);
INSERT INTO player VALUES('319498350',85,'Leatha Stehr Sr.',1,1652694115,1653620019);
INSERT INTO player VALUES('32816e16c',85,'Erin Klein Sr.',1,1652718949,1653409007);
INSERT INTO player VALUES('34f15f167',85,'Mr. Joel Hermann',0,1652784374,1653172070);
INSERT INTO player VALUES('3534e1d28',85,'Pattie Borer',0,1652791453,1653028781);
INSERT INTO player VALUES('3a9d5e880',85,'Leslie Lehner DVM',0,1652936627,1653023561);
INSERT INTO player VALUES('3eb0f99c1',85,'Alek Torp',0,1653046057,1653525686);
INSERT INTO player VALUES('3f3b09d66',85,'Mr. Rollin Hammes',0,1653060534,1653312905);
INSERT INTO player VALUES('40ed26a61',85,'Rodrick Denesik PhD',0,1653106054,1653971722);
INSERT INTO player VALUES('428572992',85,'Amber Kohler V',0,1653148867,1653408247);
INSERT INTO player VALUES('444ec3559',85,'Mr. Daren Labadie V',0,1653196820,1653630647);
INSERT INTO player VALUES('46628a990',85,'Darius Bins',0,1653252581,1653699018);
INSERT INTO player VALUES('474ac2d73',85,'Austen Lindgren',1,1653276931,1653362629);
INSERT INTO player VALUES('48b6c26d4',85,'Janice Stehr',0,1653315099,1653689170);
INSERT INTO player VALUES('4a7891cee',85,'Ms. Gilda Jones',0,1653362265,1654038840);
INSERT INTO player VALUES('4aebf942c',85,'Monique Luettgen',0,1653374366,1653630146);
INSERT INTO player VALUES('4d0d10b8b',85,'Timmy Ritchie',0,1653431523,1653482629);
INSERT INTO player VALUES('5b0cd4920',85,'Orion Aufderhar',0,1653807308,1653951091);
INSERT INTO player VALUES('5b6061b8a',85,'Geo Heaney',0,1653816069,1654011986);
INSERT INTO player VALUES('5ba2567e4',85,'Werner Gutkowski',0,1653822985,1654005264);
INSERT INTO player VALUES('5ddbabfc3',85,'Melisa Mann',0,1653882684,1653910957);
INSERT INTO player VALUES('5de49e08f',85,'Ari Rice III',0,1653883622,1653938219);
INSERT INTO player VALUES('615acf446',85,'Fatima Hills',0,1653976546,1654024968);
INSERT INTO player VALUES('630e46c47',85,'Ms. Amalia Bosco',0,1654022208,1654034106);
INSERT INTO player VALUES('632ebade8',85,'Jedediah Jerde',0,1654025611,1654032568);
CREATE TABLE IF NOT EXISTS player_score (
                              id VARCHAR(255) NOT NULL PRIMARY KEY,
                              tenant_id BIGINT NOT NULL,
                              player_id VARCHAR(255) NOT NULL,
                              competition_id VARCHAR(255) NOT NULL,
                              score BIGINT NOT NULL,
                              row_num BIGINT NOT NULL,
                              created_at BIGINT NOT NULL,
                              updated_at BIGINT NOT NULL
);
INSERT INTO player_score VALUES('5bf3ecb58',85,'231fd52f5','250ae3a48',62475,531,1653831540,1653831540);
INSERT INTO player_score VALUES('5612437c6',85,'231fd52f5','317eeae51',6160,527,1653673660,1653673660);
INSERT INTO player_score VALUES('3c421eee6',85,'231fd52f5','34ccaf028',146025,187,1652980746,1652980746);
INSERT INTO player_score VALUES('471d1e460',85,'231fd52f5','3998e467a',283452,332,1653272145,1653272145);
INSERT INTO player_score VALUES('4b30a843e',85,'231fd52f5','3be9a8712',271188,426,1653381568,1653381568);
INSERT INTO player_score VALUES('610a0d72c',85,'231fd52f5','3e22bc0b6',177450,577,1653968078,1653968078);
INSERT INTO player_score VALUES('60f3e12bb',85,'231fd52f5','3e332a95e',28800,512,1653965753,1653965753);
INSERT INTO player_score VALUES('4d4692615',85,'231fd52f5','49df924f8',7826,452,1653437553,1653437553);
INSERT INTO player_score VALUES('6228c8c1a',85,'231fd52f5','4a1f2c0e9',7968,515,1653998144,1653998144);
INSERT INTO player_score VALUES('5d0b9bd4c',85,'231fd52f5','4af3a1b4b',46620,514,1653860867,1653860867);
INSERT INTO player_score VALUES('6357d557c',85,'231fd52f5','4e5010b43',0,613,1654029921,1654029921);
INSERT INTO player_score VALUES('63bc80d05',85,'231fd52f5','59bd9d218',111996,617,1654040477,1654040477);
INSERT INTO player_score VALUES('624d1e888',85,'231fd52f5','5d92bc1ce',2560,442,1654001954,1654001954);
INSERT INTO player_score VALUES('63a81d150',85,'231fd52f5','5fde045e3',15652,564,1654038339,1654038339);
INSERT INTO player_score VALUES('61e9b7bc1',85,'231fd52f5','61afcd13a',65572,550,1653991531,1653991531);
INSERT INTO player_score VALUES('63c031a73',85,'231fd52f5','61b024fba',50400,558,1654040864,1654040864);
INSERT INTO player_score VALUES('63c457a62',85,'231fd52f5','638caf9ca',19698,605,1654041299,1654041299);
INSERT INTO player_score VALUES('60e4a3d0a',85,'24a26a062','250ae3a48',11616,580,1653964155,1653964155);
INSERT INTO player_score VALUES('5660155d1',85,'24a26a062','317eeae51',156000,530,1653681820,1653681820);
INSERT INTO player_score VALUES('3c244ca5f',85,'24a26a062','34ccaf028',9514,184,1652977619,1652977619);
INSERT INTO player_score VALUES('49f79aabe',85,'24a26a062','3998e467a',83160,400,1653348742,1653348742);
INSERT INTO player_score VALUES('4b4e78165',85,'24a26a062','3be9a8712',78432,429,1653384694,1653384694);
INSERT INTO player_score VALUES('61bf2a2fc',85,'24a26a062','3e22bc0b6',476765,586,1653987069,1653987069);
INSERT INTO player_score VALUES('63473fb66',85,'24a26a062','3e332a95e',23142,555,1654028182,1654028182);
INSERT INTO player_score VALUES('6091c66f8',85,'24a26a062','41fe76e96',51428,532,1653955466,1653955466);
INSERT INTO player_score VALUES('63a5431c2',85,'24a26a062','43d3fcb03',19950,606,1654038040,1654038040);
INSERT INTO player_score VALUES('4cf52cffc',85,'24a26a062','49df924f8',203796,406,1653429018,1653429018);
INSERT INTO player_score VALUES('629d049ca',85,'24a26a062','4a1f2c0e9',47523,529,1654010332,1654010332);
INSERT INTO player_score VALUES('5c9463d3b',85,'24a26a062','4af3a1b4b',197625,503,1653848366,1653848366);
INSERT INTO player_score VALUES('63902845e',85,'24a26a062','4e5010b43',240975,618,1654035827,1654035827);
INSERT INTO player_score VALUES('637a7af41',85,'24a26a062','59bd9d218',6603,600,1654033554,1654033554);
INSERT INTO player_score VALUES('628006bf5',85,'24a26a062','5d92bc1ce',259440,458,1654007292,1654007292);
INSERT INTO player_score VALUES('6395a8fa3',85,'24a26a062','5fde045e3',6324,553,1654036404,1654036404);
INSERT INTO player_score VALUES('61e672579',85,'24a26a062','61afcd13a',240,511,1653991188,1653991188);
INSERT INTO player_score VALUES('63bd3cd09',85,'24a26a062','61b024fba',0,555,1654040554,1654040554);
INSERT INTO player_score VALUES('63c518881',85,'24a26a062','638caf9ca',28302,619,1654041378,1654041378);
INSERT INTO player_score VALUES('5e019e585',85,'250e9bcd1','250ae3a48',244800,557,1653886663,1653886663);
INSERT INTO player_score VALUES('54fd44d97',85,'250e9bcd1','317eeae51',353808,503,1653644615,1653644615);
INSERT INTO player_score VALUES('3bb0a346a',85,'250e9bcd1','34ccaf028',39780,179,1652965491,1652965491);
INSERT INTO player_score VALUES('4a1f1af62',85,'250e9bcd1','3998e467a',44880,403,1653352884,1653352884);
INSERT INTO player_score VALUES('4af780e7e',85,'250e9bcd1','3be9a8712',59013,417,1653375575,1653375575);
INSERT INTO player_score VALUES('60c406300',85,'250e9bcd1','3e22bc0b6',795150,566,1653960735,1653960735);
INSERT INTO player_score VALUES('61131cc9c',85,'250e9bcd1','3e332a95e',453220,515,1653969028,1653969028);
INSERT INTO player_score VALUES('6209c54cb',85,'250e9bcd1','41fe76e96',676400,553,1653994892,1653994892);
INSERT INTO player_score VALUES('623c0512d',85,'250e9bcd1','43d3fcb03',181818,591,1654000161,1654000161);
INSERT INTO player_score VALUES('4d6d8edf3',85,'250e9bcd1','49df924f8',21168,475,1653441641,1653441641);
INSERT INTO player_score VALUES('6354ad3c5',85,'250e9bcd1','4a1f2c0e9',79716,556,1654029590,1654029590);
INSERT INTO player_score VALUES('5d0e0f44d',85,'250e9bcd1','4af3a1b4b',14136,515,1653861124,1653861124);
INSERT INTO player_score VALUES('62457fd62',85,'250e9bcd1','4e5010b43',31740,590,1654001155,1654001155);
INSERT INTO player_score VALUES('6301cd66f',85,'250e9bcd1','59bd9d218',157528,565,1654020900,1654020900);
INSERT INTO player_score VALUES('629cd63e8',85,'250e9bcd1','5d92bc1ce',284256,467,1654010313,1654010313);
INSERT INTO player_score VALUES('63a2e3344',85,'250e9bcd1','5fde045e3',161700,560,1654037791,1654037791);
INSERT INTO player_score VALUES('61e5439a4',85,'250e9bcd1','61afcd13a',533610,502,1653991064,1653991064);
INSERT INTO player_score VALUES('63ae0451e',85,'250e9bcd1','61b024fba',15105,542,1654038958,1654038958);
INSERT INTO player_score VALUES('63c1e9179',85,'250e9bcd1','638caf9ca',213521,574,1654041044,1654041044);
INSERT INTO player_score VALUES('51d3e7935',85,'26fc0c990','317eeae51',8051,461,1653559747,1653559747);
INSERT INTO player_score VALUES('3bd5c6190',85,'26fc0c990','34ccaf028',409584,181,1652969385,1652969385);
INSERT INTO player_score VALUES('49fddea79',85,'26fc0c990','3998e467a',112700,401,1653349399,1653349399);
INSERT INTO player_score VALUES('49372230c',85,'26fc0c990','3be9a8712',196315,365,1653328560,1653328560);
INSERT INTO player_score VALUES('60e08ee53',85,'26fc0c990','3e22bc0b6',228480,572,1653963727,1653963727);
INSERT INTO player_score VALUES('62bd40967',85,'26fc0c990','3e332a95e',0,544,1654013712,1654013712);
INSERT INTO player_score VALUES('60a9683e5',85,'26fc0c990','41fe76e96',195050,533,1653957944,1653957944);
INSERT INTO player_score VALUES('6280ffc3f',85,'26fc0c990','43d3fcb03',60102,596,1654007394,1654007394);
INSERT INTO player_score VALUES('4d674ade2',85,'26fc0c990','49df924f8',4410,469,1653440984,1653440984);
INSERT INTO player_score VALUES('5ded4943d',85,'26fc0c990','4af3a1b4b',1122,535,1653884531,1653884531);
INSERT INTO player_score VALUES('630a2813f',85,'26fc0c990','4e5010b43',116014,604,1654021776,1654021776);
INSERT INTO player_score VALUES('63baf070b',85,'26fc0c990','59bd9d218',81075,616,1654040313,1654040313);
INSERT INTO player_score VALUES('638f58c2f',85,'26fc0c990','5fde045e3',93456,546,1654035742,1654035742);
INSERT INTO player_score VALUES('635f9d846',85,'26fc0c990','61b024fba',108360,459,1654030737,1654030737);
INSERT INTO player_score VALUES('62e165810',85,'295d92316','250ae3a48',0,606,1654017502,1654017502);
INSERT INTO player_score VALUES('561b44317',85,'295d92316','317eeae51',29232,528,1653674604,1653674604);
INSERT INTO player_score VALUES('49ab56bed',85,'295d92316','3998e467a',370944,389,1653340745,1653340745);
INSERT INTO player_score VALUES('4b350dc15',85,'295d92316','3be9a8712',82644,427,1653382029,1653382029);
INSERT INTO player_score VALUES('61a7aa8e0',85,'295d92316','3e22bc0b6',74646,583,1653984605,1653984605);
INSERT INTO player_score VALUES('63845761f',85,'295d92316','3e332a95e',24192,558,1654034588,1654034588);
INSERT INTO player_score VALUES('623ed7bf1',85,'295d92316','43d3fcb03',150414,592,1654000457,1654000457);
INSERT INTO player_score VALUES('4d36c9deb',85,'295d92316','49df924f8',0,445,1653435898,1653435898);
INSERT INTO player_score VALUES('63c71baa1',85,'295d92316','4a1f2c0e9',103488,568,1654041589,1654041589);
INSERT INTO player_score VALUES('63a874f8b',85,'295d92316','4e5010b43',69006,620,1654038375,1654038375);
INSERT INTO player_score VALUES('6390cbdad',85,'295d92316','59bd9d218',92120,609,1654035894,1654035894);
INSERT INTO player_score VALUES('62a74a026',85,'295d92316','5d92bc1ce',0,472,1654011409,1654011409);
INSERT INTO player_score VALUES('63a344d93',85,'295d92316','5fde045e3',252560,561,1654037831,1654037831);
INSERT INTO player_score VALUES('61e2fc1b1',85,'295d92316','61afcd13a',561330,476,1653990825,1653990825);
INSERT INTO player_score VALUES('63aac3cfe',85,'295d92316','61b024fba',106920,539,1654038617,1654038617);
INSERT INTO player_score VALUES('63c4cf47e',85,'295d92316','638caf9ca',209760,613,1654041348,1654041348);
INSERT INTO player_score VALUES('60acf6e05',85,'2bab2bb18','250ae3a48',165360,576,1653958317,1653958317);
INSERT INTO player_score VALUES('548ca8b8b',85,'2bab2bb18','317eeae51',4176,494,1653632807,1653632807);
INSERT INTO player_score VALUES('4a34f1c99',85,'2bab2bb18','3998e467a',49700,406,1653355174,1653355174);
INSERT INTO player_score VALUES('636405758',85,'2bab2bb18','3e22bc0b6',12096,615,1654031199,1654031199);
INSERT INTO player_score VALUES('6336aa1b8',85,'2bab2bb18','41fe76e96',22512,573,1654026443,1654026443);
INSERT INTO player_score VALUES('639f85638',85,'2bab2bb18','43d3fcb03',750720,605,1654037438,1654037438);
INSERT INTO player_score VALUES('4d6926eb8',85,'2bab2bb18','49df924f8',793800,470,1653441179,1653441179);
INSERT INTO player_score VALUES('5d3635989',85,'2bab2bb18','4af3a1b4b',1680,519,1653865334,1653865334);
INSERT INTO player_score VALUES('63aa7d02c',85,'2bab2bb18','4e5010b43',6840,621,1654038588,1654038588);
INSERT INTO player_score VALUES('623c225dd',85,'2bab2bb18','5d92bc1ce',5850,431,1654000173,1654000173);
INSERT INTO player_score VALUES('63abb57e7',85,'2bab2bb18','5fde045e3',0,566,1654038716,1654038716);
INSERT INTO player_score VALUES('61e824e9c',85,'2bab2bb18','61afcd13a',94116,529,1653991366,1653991366);
INSERT INTO player_score VALUES('63979b044',85,'2bab2bb18','61b024fba',47709,523,1654036608,1654036608);
INSERT INTO player_score VALUES('63c5c84c6',85,'2bab2bb18','638caf9ca',42336,629,1654041450,1654041450);
INSERT INTO player_score VALUES('6291bee13',85,'2c02e14b1','250ae3a48',429828,603,1654009150,1654009150);
INSERT INTO player_score VALUES('53b1c0b29',85,'2c02e14b1','317eeae51',507870,487,1653609853,1653609853);
INSERT INTO player_score VALUES('3b99324ee',85,'2c02e14b1','34ccaf028',238000,178,1652963033,1652963033);
INSERT INTO player_score VALUES('485b46055',85,'2c02e14b1','3998e467a',37584,358,1653305506,1653305506);
INSERT INTO player_score VALUES('4b3e21f71',85,'2c02e14b1','3be9a8712',622440,428,1653382981,1653382981);
INSERT INTO player_score VALUES('634bdd5a3',85,'2c02e14b1','3e22bc0b6',0,613,1654028666,1654028666);
INSERT INTO player_score VALUES('6090a173b',85,'2c02e14b1','3e332a95e',32637,505,1653955346,1653955346);
INSERT INTO player_score VALUES('60514c173',85,'2c02e14b1','41fe76e96',423462,526,1653948705,1653948705);
INSERT INTO player_score VALUES('631485e4a',85,'2c02e14b1','43d3fcb03',131631,603,1654022863,1654022863);
INSERT INTO player_score VALUES('4d60c75fa',85,'2c02e14b1','49df924f8',148512,465,1653440301,1653440301);
INSERT INTO player_score VALUES('620f682d9',85,'2c02e14b1','4a1f2c0e9',17316,512,1653995483,1653995483);
INSERT INTO player_score VALUES('5a643d621',85,'2c02e14b1','4af3a1b4b',490200,434,1653789630,1653789630);
INSERT INTO player_score VALUES('63364d57f',85,'2c02e14b1','4e5010b43',855,611,1654026405,1654026405);
INSERT INTO player_score VALUES('62b3a883b',85,'2c02e14b1','59bd9d218',7182,545,1654012706,1654012706);
INSERT INTO player_score VALUES('63bd2bb68',85,'2c02e14b1','5fde045e3',358092,575,1654040547,1654040547);
INSERT INTO player_score VALUES('61e94c537',85,'2c02e14b1','61afcd13a',20064,544,1653991487,1653991487);
INSERT INTO player_score VALUES('63b9c1afa',85,'2c02e14b1','61b024fba',120900,551,1654040189,1654040189);
INSERT INTO player_score VALUES('63c6696f6',85,'2c02e14b1','638caf9ca',2737,633,1654041516,1654041516);
INSERT INTO player_score VALUES('6292ae227',85,'313543eae','250ae3a48',240,604,1654009248,1654009248);
INSERT INTO player_score VALUES('5523a5127',85,'313543eae','317eeae51',60060,506,1653648639,1653648639);
INSERT INTO player_score VALUES('3b26c8bce',85,'313543eae','34ccaf028',87381,170,1652951036,1652951036);
INSERT INTO player_score VALUES('494ab3f7e',85,'313543eae','3998e467a',321678,380,1653330612,1653330612);
INSERT INTO player_score VALUES('63b881dc1',85,'313543eae','3e22bc0b6',0,619,1654040058,1654040058);
INSERT INTO player_score VALUES('63b282396',85,'313543eae','41fe76e96',48048,578,1654039429,1654039429);
INSERT INTO player_score VALUES('62d92d038',85,'313543eae','43d3fcb03',131544,601,1654016640,1654016640);
INSERT INTO player_score VALUES('4d6de92f6',85,'313543eae','49df924f8',235060,476,1653441678,1653441678);
INSERT INTO player_score VALUES('6374989b8',85,'313543eae','4a1f2c0e9',58500,560,1654032937,1654032937);
INSERT INTO player_score VALUES('5d3465ba8',85,'313543eae','4af3a1b4b',38760,517,1653865144,1653865144);
INSERT INTO player_score VALUES('63c4ca655',85,'313543eae','4e5010b43',84630,622,1654041346,1654041346);
INSERT INTO player_score VALUES('63bcc52ab',85,'313543eae','59bd9d218',33180,619,1654040505,1654040505);
INSERT INTO player_score VALUES('62a655dd5',85,'313543eae','5d92bc1ce',178752,471,1654011309,1654011309);
INSERT INTO player_score VALUES('63ab4a123',85,'313543eae','5fde045e3',7680,565,1654038672,1654038672);
INSERT INTO player_score VALUES('61e850d92',85,'313543eae','61afcd13a',173550,530,1653991384,1653991384);
INSERT INTO player_score VALUES('63b325cd5',85,'313543eae','61b024fba',196020,545,1654039496,1654039496);
INSERT INTO player_score VALUES('63c722fc3',85,'313543eae','638caf9ca',2484,642,1654041592,1654041592);
INSERT INTO player_score VALUES('62d5ca530',85,'319498350','250ae3a48',31284,605,1654016285,1654016285);
INSERT INTO player_score VALUES('563ad53bf',85,'319498350','317eeae51',67896,529,1653677914,1653677914);
INSERT INTO player_score VALUES('49f1a2582',85,'319498350','3998e467a',36888,399,1653348116,1653348116);
INSERT INTO player_score VALUES('4aa645069',85,'319498350','3be9a8712',225170,406,1653367057,1653367057);
INSERT INTO player_score VALUES('600968bf8',85,'319498350','3e22bc0b6',0,553,1653941167,1653941167);
INSERT INTO player_score VALUES('62b5c1a2b',85,'319498350','3e332a95e',1764,543,1654012926,1654012926);
INSERT INTO player_score VALUES('6018c8502',85,'319498350','41fe76e96',1260,523,1653942779,1653942779);
INSERT INTO player_score VALUES('63c466502',85,'319498350','43d3fcb03',334818,608,1654041305,1654041305);
INSERT INTO player_score VALUES('4d061ceb8',85,'319498350','49df924f8',41500,421,1653430794,1653430794);
INSERT INTO player_score VALUES('639159737',85,'319498350','4a1f2c0e9',90880,562,1654035952,1654035952);
INSERT INTO player_score VALUES('5dec048e5',85,'319498350','4af3a1b4b',17595,534,1653884398,1653884398);
INSERT INTO player_score VALUES('637e37fae',85,'319498350','4e5010b43',49166,616,1654033946,1654033946);
INSERT INTO player_score VALUES('637e9c189',85,'319498350','59bd9d218',141036,602,1654033987,1654033987);
INSERT INTO player_score VALUES('626d22543',85,'319498350','5d92bc1ce',253800,452,1654005311,1654005311);
INSERT INTO player_score VALUES('63a3beee9',85,'319498350','5fde045e3',31248,562,1654037881,1654037881);
INSERT INTO player_score VALUES('61e51c8e7',85,'319498350','61afcd13a',287,501,1653991048,1653991048);
INSERT INTO player_score VALUES('63c49c04c',85,'319498350','638caf9ca',74382,609,1654041327,1654041327);
INSERT INTO player_score VALUES('620767d7f',85,'32816e16c','250ae3a48',83616,596,1653994644,1653994644);
INSERT INTO player_score VALUES('567788caf',85,'32816e16c','317eeae51',90992,531,1653684279,1653684279);
INSERT INTO player_score VALUES('3c45a15de',85,'32816e16c','34ccaf028',32330,188,1652981114,1652981114);
INSERT INTO player_score VALUES('49b4f3aea',85,'32816e16c','3998e467a',140250,391,1653341753,1653341753);
INSERT INTO player_score VALUES('4b6218830',85,'32816e16c','3be9a8712',0,431,1653386752,1653386752);
INSERT INTO player_score VALUES('6193aaee1',85,'32816e16c','3e22bc0b6',5130,582,1653982508,1653982508);
INSERT INTO player_score VALUES('637aa6e66',85,'32816e16c','3e332a95e',308096,557,1654033572,1654033572);
INSERT INTO player_score VALUES('62b4620f5',85,'32816e16c','41fe76e96',218638,569,1654012782,1654012782);
INSERT INTO player_score VALUES('5ebbabc1a',85,'32816e16c','43d3fcb03',105000,515,1653906172,1653906172);
INSERT INTO player_score VALUES('4d54814b8',85,'32816e16c','49df924f8',28944,459,1653439014,1653439014);
INSERT INTO player_score VALUES('63284fcd9',85,'32816e16c','4a1f2c0e9',358560,548,1654024938,1654024938);
INSERT INTO player_score VALUES('5ca9e0511',85,'32816e16c','4af3a1b4b',38012,505,1653850619,1653850619);
INSERT INTO player_score VALUES('6101f994f',85,'32816e16c','4e5010b43',26040,563,1653967231,1653967231);
INSERT INTO player_score VALUES('63b2b09aa',85,'32816e16c','59bd9d218',45360,614,1654039448,1654039448);
INSERT INTO player_score VALUES('62a7626c3',85,'32816e16c','5d92bc1ce',14040,473,1654011419,1654011419);
INSERT INTO player_score VALUES('63acbf9d4',85,'32816e16c','5fde045e3',19836,568,1654038825,1654038825);
INSERT INTO player_score VALUES('61e85830a',85,'32816e16c','61afcd13a',199392,531,1653991387,1653991387);
INSERT INTO player_score VALUES('63aefd5c4',85,'32816e16c','61b024fba',114155,543,1654039060,1654039060);
INSERT INTO player_score VALUES('63c3af322',85,'32816e16c','638caf9ca',11880,596,1654041230,1654041230);
INSERT INTO player_score VALUES('5b4d4793a',85,'34f15f167','250ae3a48',596300,523,1653814066,1653814066);
INSERT INTO player_score VALUES('55eadb989',85,'34f15f167','317eeae51',195840,525,1653669528,1653669528);
INSERT INTO player_score VALUES('39983bf36',85,'34f15f167','34ccaf028',415548,121,1652909245,1652909245);
INSERT INTO player_score VALUES('4b15d4973',85,'34f15f167','3be9a8712',70470,421,1653378755,1653378755);
INSERT INTO player_score VALUES('6254b0fe7',85,'34f15f167','3e332a95e',18054,536,1654002748,1654002748);
INSERT INTO player_score VALUES('61fe31711',85,'34f15f167','41fe76e96',233358,552,1653993678,1653993678);
INSERT INTO player_score VALUES('5d62e394d',85,'34f15f167','43d3fcb03',176400,491,1653870019,1653870019);
INSERT INTO player_score VALUES('4d4d862c2',85,'34f15f167','49df924f8',60060,456,1653438282,1653438282);
INSERT INTO player_score VALUES('6307d941f',85,'34f15f167','4a1f2c0e9',89232,541,1654021534,1654021534);
INSERT INTO player_score VALUES('5ce4eb0e5',85,'34f15f167','4af3a1b4b',377568,508,1653856810,1653856810);
INSERT INTO player_score VALUES('631689031',85,'34f15f167','4e5010b43',55845,605,1654023074,1654023074);
INSERT INTO player_score VALUES('639be3342',85,'34f15f167','59bd9d218',487060,611,1654037057,1654037057);
INSERT INTO player_score VALUES('6233faf7c',85,'34f15f167','5d92bc1ce',113696,426,1653999318,1653999318);
INSERT INTO player_score VALUES('63b591ec3',85,'34f15f167','5fde045e3',810,572,1654039750,1654039750);
INSERT INTO player_score VALUES('61e227b30',85,'34f15f167','61afcd13a',111962,467,1653990738,1653990738);
INSERT INTO player_score VALUES('63b6b46f0',85,'34f15f167','61b024fba',44352,548,1654039869,1654039869);
INSERT INTO player_score VALUES('63c5b4c98',85,'34f15f167','638caf9ca',37288,628,1654041442,1654041442);
INSERT INTO player_score VALUES('62919cb41',85,'3534e1d28','250ae3a48',81312,602,1654009136,1654009136);
INSERT INTO player_score VALUES('56792f2a4',85,'3534e1d28','317eeae51',187572,532,1653684452,1653684452);
INSERT INTO player_score VALUES('3c390f96e',85,'3534e1d28','34ccaf028',19575,186,1652979796,1652979796);
INSERT INTO player_score VALUES('49e0be9a8',85,'3534e1d28','3998e467a',33440,395,1653346345,1653346345);
INSERT INTO player_score VALUES('4b801ba0f',85,'3534e1d28','3be9a8712',248400,434,1653389899,1653389899);
INSERT INTO player_score VALUES('63453c933',85,'3534e1d28','3e22bc0b6',485460,612,1654027971,1654027971);
INSERT INTO player_score VALUES('5cb2a6676',85,'3534e1d28','3e332a95e',67628,446,1653851539,1653851539);
INSERT INTO player_score VALUES('5e63ec613',85,'3534e1d28','41fe76e96',35525,496,1653896971,1653896971);
INSERT INTO player_score VALUES('6009bbc2a',85,'3534e1d28','43d3fcb03',1085,550,1653941201,1653941201);
INSERT INTO player_score VALUES('4d6b64ab1',85,'3534e1d28','49df924f8',82251,474,1653441414,1653441414);
INSERT INTO player_score VALUES('60d4fb052',85,'3534e1d28','4a1f2c0e9',137200,484,1653962513,1653962513);
INSERT INTO player_score VALUES('5dc407bdd',85,'3534e1d28','4af3a1b4b',174200,529,1653880205,1653880205);
INSERT INTO player_score VALUES('6277569d8',85,'3534e1d28','4e5010b43',19040,594,1654006381,1654006381);
INSERT INTO player_score VALUES('61cf286c4',85,'3534e1d28','59bd9d218',206584,489,1653988746,1653988746);
INSERT INTO player_score VALUES('639da1fde',85,'3534e1d28','5fde045e3',612304,557,1654037240,1654037240);
INSERT INTO player_score VALUES('61e419c2c',85,'3534e1d28','61afcd13a',182160,491,1653990942,1653990942);
INSERT INTO player_score VALUES('63c4357cc',85,'3534e1d28','61b024fba',218550,563,1654041285,1654041285);
INSERT INTO player_score VALUES('63434cf8f',85,'3a9d5e880','250ae3a48',58464,609,1654027768,1654027768);
INSERT INTO player_score VALUES('55db242d8',85,'3a9d5e880','317eeae51',28864,523,1653667880,1653667880);
INSERT INTO player_score VALUES('3b96de993',85,'3a9d5e880','34ccaf028',126126,177,1652962789,1652962789);
INSERT INTO player_score VALUES('49d021af2',85,'3a9d5e880','3998e467a',524799,394,1653344603,1653344603);
INSERT INTO player_score VALUES('497fb2db7',85,'3a9d5e880','3be9a8712',47616,371,1653336169,1653336169);
INSERT INTO player_score VALUES('61c6317ff',85,'3a9d5e880','3e22bc0b6',10332,587,1653987806,1653987806);
INSERT INTO player_score VALUES('63363eb2e',85,'3a9d5e880','3e332a95e',9800,554,1654026399,1654026399);
INSERT INTO player_score VALUES('63b897d79',85,'3a9d5e880','41fe76e96',530964,579,1654040067,1654040067);
INSERT INTO player_score VALUES('5d9d632b8',85,'3a9d5e880','43d3fcb03',121380,494,1653876153,1653876153);
INSERT INTO player_score VALUES('4d4dccf7c',85,'3a9d5e880','49df924f8',176792,457,1653438311,1653438311);
INSERT INTO player_score VALUES('63a49f876',85,'3a9d5e880','4a1f2c0e9',196416,565,1654037973,1654037973);
INSERT INTO player_score VALUES('5c1498fac',85,'3a9d5e880','4af3a1b4b',585714,486,1653834966,1653834966);
INSERT INTO player_score VALUES('636ab4dd8',85,'3a9d5e880','4e5010b43',380800,614,1654031900,1654031900);
INSERT INTO player_score VALUES('635ca15cf',85,'3a9d5e880','59bd9d218',126730,588,1654030424,1654030424);
INSERT INTO player_score VALUES('63b44ac20',85,'3a9d5e880','5fde045e3',506250,571,1654039616,1654039616);
INSERT INTO player_score VALUES('61e6f62fc',85,'3a9d5e880','61afcd13a',620400,519,1653991242,1653991242);
INSERT INTO player_score VALUES('63c2f333f',85,'3a9d5e880','61b024fba',9471,560,1654041153,1654041153);
INSERT INTO player_score VALUES('63c602e40',85,'3a9d5e880','638caf9ca',48216,632,1654041474,1654041474);
INSERT INTO player_score VALUES('6196a988f',85,'3eb0f99c1','250ae3a48',1430,589,1653982822,1653982822);
INSERT INTO player_score VALUES('55c4740df',85,'3eb0f99c1','317eeae51',6720,520,1653665501,1653665501);
INSERT INTO player_score VALUES('499f83629',85,'3eb0f99c1','3998e467a',47580,386,1653339505,1653339505);
INSERT INTO player_score VALUES('4a8caeb73',85,'3eb0f99c1','3be9a8712',391104,403,1653364374,1653364374);
INSERT INTO player_score VALUES('606cb98ea',85,'3eb0f99c1','3e22bc0b6',60534,560,1653951581,1653951581);
INSERT INTO player_score VALUES('5e7854fb0',85,'3eb0f99c1','3e332a95e',46800,476,1653899111,1653899111);
INSERT INTO player_score VALUES('624dd59e0',85,'3eb0f99c1','41fe76e96',49764,560,1654002029,1654002029);
INSERT INTO player_score VALUES('6231d3379',85,'3eb0f99c1','43d3fcb03',346484,590,1653999092,1653999092);
INSERT INTO player_score VALUES('4d6941c96',85,'3eb0f99c1','49df924f8',368460,471,1653441190,1653441190);
INSERT INTO player_score VALUES('629437376',85,'3eb0f99c1','4a1f2c0e9',480000,528,1654009409,1654009409);
INSERT INTO player_score VALUES('5b72c9a27',85,'3eb0f99c1','4af3a1b4b',416000,467,1653817999,1653817999);
INSERT INTO player_score VALUES('60c56aa61',85,'3eb0f99c1','4e5010b43',26496,553,1653960881,1653960881);
INSERT INTO player_score VALUES('638b59cef',85,'3eb0f99c1','59bd9d218',2679,605,1654035323,1654035323);
INSERT INTO player_score VALUES('629512efb',85,'3eb0f99c1','5d92bc1ce',55080,464,1654009499,1654009499);
INSERT INTO player_score VALUES('61e80eeed',85,'3eb0f99c1','61afcd13a',38280,528,1653991357,1653991357);
INSERT INTO player_score VALUES('63c1eb8ab',85,'3eb0f99c1','638caf9ca',240768,575,1654041045,1654041045);
INSERT INTO player_score VALUES('63b340a68',85,'3f3b09d66','250ae3a48',71200,610,1654039507,1654039507);
INSERT INTO player_score VALUES('56811bf88',85,'3f3b09d66','317eeae51',4230,533,1653685283,1653685283);
INSERT INTO player_score VALUES('4b4e9a497',85,'3f3b09d66','3be9a8712',451605,430,1653384708,1653384708);
INSERT INTO player_score VALUES('62954b14a',85,'3f3b09d66','3e22bc0b6',346500,598,1654009522,1654009522);
INSERT INTO player_score VALUES('638ef2379',85,'3f3b09d66','3e332a95e',43200,560,1654035700,1654035700);
INSERT INTO player_score VALUES('63ac8021b',85,'3f3b09d66','43d3fcb03',35420,607,1654038799,1654038799);
INSERT INTO player_score VALUES('4d19b6030',85,'3f3b09d66','49df924f8',730,432,1653432849,1653432849);
INSERT INTO player_score VALUES('623bcf5b4',85,'3f3b09d66','4a1f2c0e9',214312,518,1654000139,1654000139);
INSERT INTO player_score VALUES('5e066cd1c',85,'3f3b09d66','4af3a1b4b',170316,538,1653887167,1653887167);
INSERT INTO player_score VALUES('615409ddb',85,'3f3b09d66','4e5010b43',354375,570,1653975836,1653975836);
INSERT INTO player_score VALUES('63bcb1a29',85,'3f3b09d66','59bd9d218',2400,618,1654040497,1654040497);
INSERT INTO player_score VALUES('629f7810d',85,'3f3b09d66','5d92bc1ce',303400,468,1654010589,1654010589);
INSERT INTO player_score VALUES('6388bcdf1',85,'3f3b09d66','5fde045e3',541728,538,1654035049,1654035049);
INSERT INTO player_score VALUES('61e7ecbf8',85,'3f3b09d66','61afcd13a',48552,527,1653991343,1653991343);
INSERT INTO player_score VALUES('63bb39a8e',85,'3f3b09d66','61b024fba',52500,553,1654040343,1654040343);
INSERT INTO player_score VALUES('63c3881fc',85,'3f3b09d66','638caf9ca',2800,594,1654041214,1654041214);
INSERT INTO player_score VALUES('61a34512e',85,'40ed26a61','250ae3a48',129472,591,1653984144,1653984144);
INSERT INTO player_score VALUES('555eaaf13',85,'40ed26a61','317eeae51',17955,510,1653654828,1653654828);
INSERT INTO player_score VALUES('49aac1cc9',85,'40ed26a61','3998e467a',5984,388,1653340684,1653340684);
INSERT INTO player_score VALUES('4b7e2e71c',85,'40ed26a61','3be9a8712',438600,433,1653389697,1653389697);
INSERT INTO player_score VALUES('63828ed1f',85,'40ed26a61','3e22bc0b6',650,616,1654034401,1654034401);
INSERT INTO player_score VALUES('61c103d14',85,'40ed26a61','41fe76e96',378000,549,1653987263,1653987263);
INSERT INTO player_score VALUES('5f9582597',85,'40ed26a61','43d3fcb03',50160,538,1653929014,1653929014);
INSERT INTO player_score VALUES('4d305c5d3',85,'40ed26a61','49df924f8',38610,442,1653435224,1653435224);
INSERT INTO player_score VALUES('635eb8063',85,'40ed26a61','4a1f2c0e9',71188,558,1654030643,1654030643);
INSERT INTO player_score VALUES('5c45cc313',85,'40ed26a61','4af3a1b4b',209040,491,1653840125,1653840125);
INSERT INTO player_score VALUES('6371fe1e2',85,'40ed26a61','4e5010b43',107415,615,1654032664,1654032664);
INSERT INTO player_score VALUES('627028428',85,'40ed26a61','59bd9d218',81770,532,1654005628,1654005628);
INSERT INTO player_score VALUES('63c629f71',85,'40ed26a61','5fde045e3',247776,580,1654041490,1654041490);
INSERT INTO player_score VALUES('63a8a840c',85,'40ed26a61','61b024fba',93500,535,1654038396,1654038396);
INSERT INTO player_score VALUES('63c69f247',85,'40ed26a61','638caf9ca',15184,638,1654041538,1654041538);
INSERT INTO player_score VALUES('62011c842',85,'428572992','250ae3a48',17850,595,1653993984,1653993984);
INSERT INTO player_score VALUES('55e4fbb5b',85,'428572992','317eeae51',164472,524,1653668912,1653668912);
INSERT INTO player_score VALUES('49e4fa95d',85,'428572992','3998e467a',2058,398,1653346789,1653346789);
INSERT INTO player_score VALUES('4a549b434',85,'428572992','3be9a8712',65688,396,1653358494,1653358494);
INSERT INTO player_score VALUES('5fb0fe7ac',85,'428572992','3e22bc0b6',2304,546,1653931896,1653931896);
INSERT INTO player_score VALUES('63b6d911e',85,'428572992','3e332a95e',0,562,1654039884,1654039884);
INSERT INTO player_score VALUES('6337417db',85,'428572992','41fe76e96',701568,574,1654026505,1654026505);
INSERT INTO player_score VALUES('4d5ac5474',85,'428572992','49df924f8',15040,461,1653439671,1653439671);
INSERT INTO player_score VALUES('639b95162',85,'428572992','4a1f2c0e9',34848,563,1654037025,1654037025);
INSERT INTO player_score VALUES('5dd4dcd82',85,'428572992','4af3a1b4b',10780,530,1653881970,1653881970);
INSERT INTO player_score VALUES('5fe8bef20',85,'428572992','4e5010b43',0,524,1653937742,1653937742);
INSERT INTO player_score VALUES('633c5e122',85,'428572992','59bd9d218',321552,581,1654027041,1654027041);
INSERT INTO player_score VALUES('61b439e51',85,'428572992','5d92bc1ce',10608,388,1653985922,1653985922);
INSERT INTO player_score VALUES('63c13951b',85,'428572992','5fde045e3',98784,578,1654040972,1654040972);
INSERT INTO player_score VALUES('61e727044',85,'428572992','61afcd13a',5046,522,1653991262,1653991262);
INSERT INTO player_score VALUES('63b5dd9af',85,'428572992','61b024fba',335134,546,1654039781,1654039781);
INSERT INTO player_score VALUES('63c40235c',85,'428572992','638caf9ca',185130,601,1654041264,1654041264);
INSERT INTO player_score VALUES('61fa68330',85,'444ec3559','250ae3a48',470547,594,1653993281,1653993281);
INSERT INTO player_score VALUES('5481d0daf',85,'444ec3559','317eeae51',54332,493,1653631670,1653631670);
INSERT INTO player_score VALUES('49c43d3c4',85,'444ec3559','3998e467a',61425,393,1653343356,1653343356);
INSERT INTO player_score VALUES('4b2ac3788',85,'444ec3559','3be9a8712',23166,423,1653380950,1653380950);
INSERT INTO player_score VALUES('630e6b650',85,'444ec3559','3e22bc0b6',9840,609,1654022223,1654022223);
INSERT INTO player_score VALUES('618f31eb4',85,'444ec3559','3e332a95e',39200,520,1653982039,1653982039);
INSERT INTO player_score VALUES('627ac3149',85,'444ec3559','41fe76e96',12480,564,1654006740,1654006740);
INSERT INTO player_score VALUES('627a3f411',85,'444ec3559','43d3fcb03',36270,595,1654006686,1654006686);
INSERT INTO player_score VALUES('4d6a6e13f',85,'444ec3559','49df924f8',49680,472,1653441313,1653441313);
INSERT INTO player_score VALUES('6320ff412',85,'444ec3559','4a1f2c0e9',188136,545,1654024171,1654024171);
INSERT INTO player_score VALUES('5c78a5c66',85,'444ec3559','4af3a1b4b',57024,499,1653845457,1653845457);
INSERT INTO player_score VALUES('6335ac383',85,'444ec3559','4e5010b43',55000,610,1654026339,1654026339);
INSERT INTO player_score VALUES('6363cfb9f',85,'444ec3559','59bd9d218',140300,595,1654031177,1654031177);
INSERT INTO player_score VALUES('62a56defe',85,'444ec3559','5d92bc1ce',71487,470,1654011214,1654011214);
INSERT INTO player_score VALUES('63723d968',85,'444ec3559','5fde045e3',146475,518,1654032690,1654032690);
INSERT INTO player_score VALUES('61e6b926b',85,'444ec3559','61afcd13a',0,516,1653991217,1653991217);
INSERT INTO player_score VALUES('638658118',85,'444ec3559','61b024fba',325748,503,1654034798,1654034798);
INSERT INTO player_score VALUES('63c705aea',85,'444ec3559','638caf9ca',203196,641,1654041580,1654041580);
INSERT INTO player_score VALUES('568976a41',85,'46628a990','250ae3a48',332310,470,1653686159,1653686159);
INSERT INTO player_score VALUES('54c3295af',85,'46628a990','317eeae51',299754,499,1653638522,1653638522);
INSERT INTO player_score VALUES('49ac28afe',85,'46628a990','3998e467a',118800,390,1653340831,1653340831);
INSERT INTO player_score VALUES('4b29b6eaf',85,'46628a990','3be9a8712',207060,422,1653380840,1653380840);
INSERT INTO player_score VALUES('62a633b41',85,'46628a990','3e22bc0b6',38220,603,1654011295,1654011295);
INSERT INTO player_score VALUES('6320bfc18',85,'46628a990','3e332a95e',216810,550,1654024145,1654024145);
INSERT INTO player_score VALUES('6242cf5f3',85,'46628a990','41fe76e96',10824,557,1654000873,1654000873);
INSERT INTO player_score VALUES('602738998',85,'46628a990','43d3fcb03',200200,555,1653944293,1653944293);
INSERT INTO player_score VALUES('4d5fae9c5',85,'46628a990','49df924f8',45936,463,1653440186,1653440186);
INSERT INTO player_score VALUES('63bc415a7',85,'46628a990','4a1f2c0e9',58349,567,1654040451,1654040451);
INSERT INTO player_score VALUES('5db399373',85,'46628a990','4af3a1b4b',611000,527,1653878482,1653878482);
INSERT INTO player_score VALUES('63a152d0f',85,'46628a990','4e5010b43',99528,619,1654037627,1654037627);
INSERT INTO player_score VALUES('63c3f11ba',85,'46628a990','59bd9d218',159720,620,1654041257,1654041257);
INSERT INTO player_score VALUES('6287f11d7',85,'46628a990','5d92bc1ce',99876,460,1654008122,1654008122);
INSERT INTO player_score VALUES('638217366',85,'46628a990','5fde045e3',382812,530,1654034352,1654034352);
INSERT INTO player_score VALUES('61e93b389',85,'46628a990','61afcd13a',6693,543,1653991480,1653991480);
INSERT INTO player_score VALUES('63b445e21',85,'46628a990','638caf9ca',27520,421,1654039614,1654039614);
INSERT INTO player_score VALUES('5e6f6f271',85,'474ac2d73','250ae3a48',28644,564,1653898178,1653898178);
INSERT INTO player_score VALUES('54cc4eacd',85,'474ac2d73','317eeae51',3060,502,1653639481,1653639481);
INSERT INTO player_score VALUES('4a2a5211a',85,'474ac2d73','3998e467a',59904,405,1653354060,1653354060);
INSERT INTO player_score VALUES('4ad82a729',85,'474ac2d73','3be9a8712',3132,413,1653372289,1653372289);
INSERT INTO player_score VALUES('6239793c2',85,'474ac2d73','3e22bc0b6',4576,592,1653999894,1653999894);
INSERT INTO player_score VALUES('62a379746',85,'474ac2d73','41fe76e96',239760,567,1654011009,1654011009);
INSERT INTO player_score VALUES('61c1e46cb',85,'474ac2d73','43d3fcb03',7956,580,1653987355,1653987355);
INSERT INTO player_score VALUES('4d5fe4528',85,'474ac2d73','49df924f8',4356,464,1653440208,1653440208);
INSERT INTO player_score VALUES('62ac04f1f',85,'474ac2d73','4a1f2c0e9',75168,531,1654011905,1654011905);
INSERT INTO player_score VALUES('5d7ad3842',85,'474ac2d73','4af3a1b4b',103411,523,1653872529,1653872529);
INSERT INTO player_score VALUES('630831251',85,'474ac2d73','59bd9d218',145800,566,1654021570,1654021570);
INSERT INTO player_score VALUES('625369db1',85,'474ac2d73','5d92bc1ce',34650,444,1654002614,1654002614);
INSERT INTO player_score VALUES('63410cd20',85,'474ac2d73','5fde045e3',77792,489,1654027532,1654027532);
INSERT INTO player_score VALUES('61e9190df',85,'474ac2d73','61afcd13a',8832,540,1653991466,1653991466);
INSERT INTO player_score VALUES('63c312efc',85,'474ac2d73','61b024fba',407862,561,1654041166,1654041166);
INSERT INTO player_score VALUES('63c55a72b',85,'474ac2d73','638caf9ca',121635,625,1654041405,1654041405);
INSERT INTO player_score VALUES('5e42f46c6',85,'48b6c26d4','250ae3a48',0,560,1653893514,1653893514);
INSERT INTO player_score VALUES('51d8f58ad',85,'48b6c26d4','317eeae51',194532,463,1653560277,1653560277);
INSERT INTO player_score VALUES('49e445eea',85,'48b6c26d4','3998e467a',205000,397,1653346715,1653346715);
INSERT INTO player_score VALUES('4aebdbf4c',85,'48b6c26d4','3be9a8712',1216,415,1653374354,1653374354);
INSERT INTO player_score VALUES('629e9ec8b',85,'48b6c26d4','3e22bc0b6',123256,600,1654010500,1654010500);
INSERT INTO player_score VALUES('628e7e5be',85,'48b6c26d4','3e332a95e',3696,540,1654008809,1654008809);
INSERT INTO player_score VALUES('610d9c17b',85,'48b6c26d4','41fe76e96',383724,540,1653968451,1653968451);
INSERT INTO player_score VALUES('62cd859cc',85,'48b6c26d4','43d3fcb03',199500,599,1654015418,1654015418);
INSERT INTO player_score VALUES('4d6b3b298',85,'48b6c26d4','49df924f8',571912,473,1653441397,1653441397);
INSERT INTO player_score VALUES('5abf9eed1',85,'48b6c26d4','4a1f2c0e9',101500,355,1653799212,1653799212);
INSERT INTO player_score VALUES('5deb9442d',85,'48b6c26d4','4af3a1b4b',662400,533,1653884352,1653884352);
INSERT INTO player_score VALUES('61f020609',85,'48b6c26d4','4e5010b43',5202,585,1653992203,1653992203);
INSERT INTO player_score VALUES('624b75b52',85,'48b6c26d4','5d92bc1ce',6278,441,1654001780,1654001780);
INSERT INTO player_score VALUES('61e8d9918',85,'48b6c26d4','61afcd13a',1705,538,1653991440,1653991440);
INSERT INTO player_score VALUES('63a780d7e',85,'48b6c26d4','61b024fba',86508,534,1654038275,1654038275);
INSERT INTO player_score VALUES('63c058b4d',85,'48b6c26d4','638caf9ca',117180,564,1654040880,1654040880);
INSERT INTO player_score VALUES('63c689309',85,'4a7891cee','250ae3a48',132500,611,1654041529,1654041529);
INSERT INTO player_score VALUES('55bba1c27',85,'4a7891cee','317eeae51',125125,518,1653664576,1653664576);
INSERT INTO player_score VALUES('4ae418a82',85,'4a7891cee','3be9a8712',50830,414,1653373540,1653373540);
INSERT INTO player_score VALUES('60671e056',85,'4a7891cee','3e22bc0b6',0,559,1653950993,1653950993);
INSERT INTO player_score VALUES('62c6880e7',85,'4a7891cee','3e332a95e',33540,545,1654014685,1654014685);
INSERT INTO player_score VALUES('6255410b1',85,'4a7891cee','41fe76e96',221850,562,1654002807,1654002807);
INSERT INTO player_score VALUES('61e870993',85,'4a7891cee','43d3fcb03',142674,582,1653991397,1653991397);
INSERT INTO player_score VALUES('4d42d7d03',85,'4a7891cee','49df924f8',4200,450,1653437162,1653437162);
INSERT INTO player_score VALUES('628fccd5a',85,'4a7891cee','4a1f2c0e9',98280,525,1654008946,1654008946);
INSERT INTO player_score VALUES('5da002913',85,'4a7891cee','4af3a1b4b',552096,525,1653876428,1653876428);
INSERT INTO player_score VALUES('61d2be66b',85,'4a7891cee','4e5010b43',847392,579,1653989122,1653989122);
INSERT INTO player_score VALUES('635ef29ff',85,'4a7891cee','59bd9d218',95940,592,1654030667,1654030667);
INSERT INTO player_score VALUES('6232b1605',85,'4a7891cee','5d92bc1ce',6480,425,1653999183,1653999183);
INSERT INTO player_score VALUES('6386cd418',85,'4a7891cee','5fde045e3',714780,536,1654034846,1654034846);
INSERT INTO player_score VALUES('61e997fe8',85,'4a7891cee','61afcd13a',27675,549,1653991518,1653991518);
INSERT INTO player_score VALUES('63ba91351',85,'4a7891cee','61b024fba',47880,552,1654040274,1654040274);
INSERT INTO player_score VALUES('63c6c1556',85,'4a7891cee','638caf9ca',116280,639,1654041552,1654041552);
INSERT INTO player_score VALUES('5e4900470',85,'4aebf942c','250ae3a48',236763,561,1653894148,1653894148);
INSERT INTO player_score VALUES('55c4915a4',85,'4aebf942c','317eeae51',4620,521,1653665513,1653665513);
INSERT INTO player_score VALUES('4afbb3222',85,'4aebf942c','3be9a8712',131712,418,1653376015,1653376015);
INSERT INTO player_score VALUES('63a7ffce9',85,'4aebf942c','3e22bc0b6',312800,618,1654038327,1654038327);
INSERT INTO player_score VALUES('633b78939',85,'4aebf942c','41fe76e96',107272,575,1654026947,1654026947);
INSERT INTO player_score VALUES('622ebea26',85,'4aebf942c','43d3fcb03',4320,589,1653998769,1653998769);
INSERT INTO player_score VALUES('63468fee9',85,'4aebf942c','4a1f2c0e9',1080,553,1654028110,1654028110);
INSERT INTO player_score VALUES('5c96f971e',85,'4aebf942c','4af3a1b4b',864864,504,1653848637,1653848637);
INSERT INTO player_score VALUES('627b902e4',85,'4aebf942c','4e5010b43',24354,596,1654006824,1654006824);
INSERT INTO player_score VALUES('62854f483',85,'4aebf942c','5d92bc1ce',32928,459,1654007846,1654007846);
INSERT INTO player_score VALUES('63c09f81c',85,'4aebf942c','5fde045e3',4563,577,1654040909,1654040909);
INSERT INTO player_score VALUES('61e96e827',85,'4aebf942c','61afcd13a',78242,547,1653991501,1653991501);
INSERT INTO player_score VALUES('63c5495d5',85,'4aebf942c','638caf9ca',1620,623,1654041398,1654041398);
INSERT INTO player_score VALUES('5d9277c21',85,'4d0d10b8b','250ae3a48',27690,549,1653875008,1653875008);
INSERT INTO player_score VALUES('5405fd9f2',85,'4d0d10b8b','317eeae51',6750,489,1653618686,1653618686);
INSERT INTO player_score VALUES('60f643874',85,'4d0d10b8b','3e22bc0b6',24282,574,1653966003,1653966003);
INSERT INTO player_score VALUES('63b46cf34',85,'4d0d10b8b','3e332a95e',317226,561,1654039630,1654039630);
INSERT INTO player_score VALUES('624a5a836',85,'4d0d10b8b','41fe76e96',64906,559,1654001664,1654001664);
INSERT INTO player_score VALUES('6209ddba8',85,'4d0d10b8b','43d3fcb03',54880,583,1653994902,1653994902);
INSERT INTO player_score VALUES('4d541ac11',85,'4d0d10b8b','49df924f8',0,458,1653438972,1653438972);
INSERT INTO player_score VALUES('5df622e70',85,'4d0d10b8b','4af3a1b4b',228160,536,1653885459,1653885459);
INSERT INTO player_score VALUES('5ea6d066c',85,'4d0d10b8b','4e5010b43',786315,481,1653903985,1653903985);
INSERT INTO player_score VALUES('635f7192a',85,'4d0d10b8b','59bd9d218',22848,593,1654030719,1654030719);
INSERT INTO player_score VALUES('61cd95966',85,'4d0d10b8b','5d92bc1ce',546364,396,1653988581,1653988581);
INSERT INTO player_score VALUES('639f56fde',85,'4d0d10b8b','5fde045e3',107640,559,1654037419,1654037419);
INSERT INTO player_score VALUES('61e97ab58',85,'4d0d10b8b','61afcd13a',19488,548,1653991506,1653991506);
INSERT INTO player_score VALUES('63bf7815f',85,'4d0d10b8b','61b024fba',125400,556,1654040788,1654040788);
INSERT INTO player_score VALUES('63c55800c',85,'4d0d10b8b','638caf9ca',56420,624,1654041404,1654041404);
INSERT INTO player_score VALUES('62fb14381',85,'5b0cd4920','250ae3a48',174447,607,1654020195,1654020195);
INSERT INTO player_score VALUES('632d825c7',85,'5b0cd4920','3e22bc0b6',126360,610,1654025483,1654025483);
INSERT INTO player_score VALUES('63250a674',85,'5b0cd4920','3e332a95e',17420,551,1654024595,1654024595);
INSERT INTO player_score VALUES('5f5d16fc0',85,'5b0cd4920','41fe76e96',27783,514,1653923098,1653923098);
INSERT INTO player_score VALUES('6321c76da',85,'5b0cd4920','4a1f2c0e9',195200,546,1654024253,1654024253);
INSERT INTO player_score VALUES('5dacaf305',85,'5b0cd4920','4af3a1b4b',48472,526,1653877757,1653877757);
INSERT INTO player_score VALUES('633b0f9c2',85,'5b0cd4920','4e5010b43',6880,612,1654026904,1654026904);
INSERT INTO player_score VALUES('639ea73a5',85,'5b0cd4920','59bd9d218',221805,612,1654037347,1654037347);
INSERT INTO player_score VALUES('629f92ee0',85,'5b0cd4920','5d92bc1ce',54720,469,1654010600,1654010600);
INSERT INTO player_score VALUES('63c46da0d',85,'5b0cd4920','5fde045e3',676,579,1654041308,1654041308);
INSERT INTO player_score VALUES('61e8beba2',85,'5b0cd4920','61afcd13a',0,535,1653991429,1653991429);
INSERT INTO player_score VALUES('639f65a6f',85,'5b0cd4920','61b024fba',12096,526,1654037425,1654037425);
INSERT INTO player_score VALUES('63c52c0e9',85,'5b0cd4920','638caf9ca',45942,620,1654041386,1654041386);
INSERT INTO player_score VALUES('620ee6c7d',85,'5b6061b8a','250ae3a48',3038,598,1653995430,1653995430);
INSERT INTO player_score VALUES('63a660c50',85,'5b6061b8a','3e22bc0b6',103740,617,1654038157,1654038157);
INSERT INTO player_score VALUES('61fc1101c',85,'5b6061b8a','3e332a95e',199864,530,1653993455,1653993455);
INSERT INTO player_score VALUES('5c5e8ba20',85,'5b6061b8a','41fe76e96',12420,457,1653842720,1653842720);
INSERT INTO player_score VALUES('620ee1e58',85,'5b6061b8a','43d3fcb03',190512,584,1653995428,1653995428);
INSERT INTO player_score VALUES('63abc1b55',85,'5b6061b8a','4a1f2c0e9',184690,566,1654038721,1654038721);
INSERT INTO player_score VALUES('5dea03e09',85,'5b6061b8a','4af3a1b4b',93092,532,1653884188,1653884188);
INSERT INTO player_score VALUES('617a1e691',85,'5b6061b8a','4e5010b43',21360,573,1653979829,1653979829);
INSERT INTO player_score VALUES('637e0c0d5',85,'5b6061b8a','59bd9d218',66600,601,1654033928,1654033928);
INSERT INTO player_score VALUES('627036e36',85,'5b6061b8a','5d92bc1ce',211680,453,1654005634,1654005634);
INSERT INTO player_score VALUES('637f3faa4',85,'5b6061b8a','5fde045e3',20075,528,1654034054,1654034054);
INSERT INTO player_score VALUES('61e895396',85,'5b6061b8a','61afcd13a',33264,534,1653991412,1653991412);
INSERT INTO player_score VALUES('63819f92b',85,'5b6061b8a','61b024fba',257890,497,1654034303,1654034303);
INSERT INTO player_score VALUES('63c68e101',85,'5b6061b8a','638caf9ca',16005,636,1654041531,1654041531);
INSERT INTO player_score VALUES('5dcdbd18b',85,'5ba2567e4','250ae3a48',1008,552,1653881223,1653881223);
INSERT INTO player_score VALUES('63524fbe8',85,'5ba2567e4','3e22bc0b6',288666,614,1654029342,1654029342);
INSERT INTO player_score VALUES('63851d228',85,'5ba2567e4','3e332a95e',90988,559,1654034669,1654034669);
INSERT INTO player_score VALUES('5f6691bd4',85,'5ba2567e4','41fe76e96',281248,515,1653924092,1653924092);
INSERT INTO player_score VALUES('62d446203',85,'5ba2567e4','43d3fcb03',490820,600,1654016126,1654016126);
INSERT INTO player_score VALUES('638a85683',85,'5ba2567e4','4a1f2c0e9',198559,561,1654035236,1654035236);
INSERT INTO player_score VALUES('5e50e0dfd',85,'5ba2567e4','4e5010b43',100,472,1653894974,1653894974);
INSERT INTO player_score VALUES('624e5e58b',85,'5ba2567e4','59bd9d218',110880,525,1654002085,1654002085);
INSERT INTO player_score VALUES('629995b8d',85,'5ba2567e4','5d92bc1ce',55440,465,1654009972,1654009972);
INSERT INTO player_score VALUES('61e92541b',85,'5ba2567e4','61afcd13a',21021,542,1653991471,1653991471);
INSERT INTO player_score VALUES('63c4be316',85,'5ba2567e4','61b024fba',185310,564,1654041341,1654041341);
INSERT INTO player_score VALUES('63c68b9ba',85,'5ba2567e4','638caf9ca',559000,634,1654041530,1654041530);
INSERT INTO player_score VALUES('633935fc3',85,'5ddbabfc3','250ae3a48',155496,608,1654026710,1654026710);
INSERT INTO player_score VALUES('616f1342a',85,'5ddbabfc3','3e22bc0b6',2964,581,1653978671,1653978671);
INSERT INTO player_score VALUES('6369aabf9',85,'5ddbabfc3','3e332a95e',101088,556,1654031791,1654031791);
INSERT INTO player_score VALUES('6253b7fc6',85,'5ddbabfc3','41fe76e96',79800,561,1654002646,1654002646);
INSERT INTO player_score VALUES('60efe23b2',85,'5ddbabfc3','43d3fcb03',105910,570,1653965334,1653965334);
INSERT INTO player_score VALUES('639ef5555',85,'5ddbabfc3','4a1f2c0e9',452986,564,1654037379,1654037379);
INSERT INTO player_score VALUES('5e0369571',85,'5ddbabfc3','4af3a1b4b',49280,537,1653886851,1653886851);
INSERT INTO player_score VALUES('5e9bd3e64',85,'5ddbabfc3','4e5010b43',110670,479,1653902833,1653902833);
INSERT INTO player_score VALUES('638d4216a',85,'5ddbabfc3','59bd9d218',155708,607,1654035523,1654035523);
INSERT INTO player_score VALUES('6241723de',85,'5ddbabfc3','5d92bc1ce',46230,437,1654000730,1654000730);
INSERT INTO player_score VALUES('63a612a4a',85,'5ddbabfc3','5fde045e3',127400,563,1654038125,1654038125);
INSERT INTO player_score VALUES('61e8c39c0',85,'5ddbabfc3','61afcd13a',70080,536,1653991431,1653991431);
INSERT INTO player_score VALUES('63c42e275',85,'5ddbabfc3','61b024fba',17112,562,1654041282,1654041282);
INSERT INTO player_score VALUES('63c69cb60',85,'5ddbabfc3','638caf9ca',54332,637,1654041537,1654041537);
INSERT INTO player_score VALUES('620e285e3',85,'5de49e08f','250ae3a48',97173,597,1653995352,1653995352);
INSERT INTO player_score VALUES('6221ed617',85,'5de49e08f','3e22bc0b6',148410,590,1653997425,1653997425);
INSERT INTO player_score VALUES('6256f60b4',85,'5de49e08f','3e332a95e',15808,537,1654002986,1654002986);
INSERT INTO player_score VALUES('625512a97',85,'5de49e08f','43d3fcb03',110929,593,1654002788,1654002788);
INSERT INTO player_score VALUES('6357761f7',85,'5de49e08f','4a1f2c0e9',130200,557,1654029882,1654029882);
INSERT INTO player_score VALUES('5d8098940',85,'5de49e08f','4af3a1b4b',279496,524,1653873134,1653873134);
INSERT INTO player_score VALUES('627b13a5d',85,'5de49e08f','4e5010b43',38315,595,1654006773,1654006773);
INSERT INTO player_score VALUES('638fd0634',85,'5de49e08f','59bd9d218',28272,608,1654035791,1654035791);
INSERT INTO player_score VALUES('626b12fb0',85,'5de49e08f','5d92bc1ce',162800,451,1654005095,1654005095);
INSERT INTO player_score VALUES('63b897d7a',85,'5de49e08f','5fde045e3',32775,574,1654040067,1654040067);
INSERT INTO player_score VALUES('61e95fdd4',85,'5de49e08f','61afcd13a',220590,545,1653991495,1653991495);
INSERT INTO player_score VALUES('63b6a83f5',85,'5de49e08f','61b024fba',54604,547,1654039864,1654039864);
INSERT INTO player_score VALUES('63c48fceb',85,'5de49e08f','638caf9ca',117600,608,1654041322,1654041322);
INSERT INTO player_score VALUES('6210fd743',85,'615acf446','250ae3a48',6118,599,1653995649,1653995649);
INSERT INTO player_score VALUES('61b75d1d0',85,'615acf446','3e22bc0b6',240,584,1653986251,1653986251);
INSERT INTO player_score VALUES('61b73d5e7',85,'615acf446','3e332a95e',11280,526,1653986238,1653986238);
INSERT INTO player_score VALUES('60f8506ef',85,'615acf446','41fe76e96',122304,539,1653966218,1653966218);
INSERT INTO player_score VALUES('6313ee85a',85,'615acf446','43d3fcb03',58056,602,1654022801,1654022801);
INSERT INTO player_score VALUES('636ffaf60',85,'615acf446','4a1f2c0e9',1053,559,1654032453,1654032453);
INSERT INTO player_score VALUES('63c6314c6',85,'615acf446','4e5010b43',12040,623,1654041493,1654041493);
INSERT INTO player_score VALUES('630e86404',85,'615acf446','59bd9d218',208000,567,1654022234,1654022234);
INSERT INTO player_score VALUES('6245628a7',85,'615acf446','5d92bc1ce',66990,438,1654001143,1654001143);
INSERT INTO player_score VALUES('636ba423f',85,'615acf446','5fde045e3',0,514,1654031998,1654031998);
INSERT INTO player_score VALUES('61e95fdd5',85,'615acf446','61afcd13a',6804,546,1653991495,1653991495);
INSERT INTO player_score VALUES('63b253d92',85,'615acf446','61b024fba',156465,544,1654039410,1654039410);
INSERT INTO player_score VALUES('63c5e80ac',85,'615acf446','638caf9ca',29792,631,1654041463,1654041463);
INSERT INTO player_score VALUES('618e080d9',85,'630e46c47','250ae3a48',423284,587,1653981917,1653981917);
INSERT INTO player_score VALUES('60f8a3706',85,'630e46c47','3e22bc0b6',121056,575,1653966252,1653966252);
INSERT INTO player_score VALUES('5f6931218',85,'630e46c47','3e332a95e',3654,489,1653924367,1653924367);
INSERT INTO player_score VALUES('631acc52d',85,'630e46c47','41fe76e96',202368,570,1654023521,1654023521);
INSERT INTO player_score VALUES('632f9b79d',85,'630e46c47','43d3fcb03',262558,604,1654025703,1654025703);
INSERT INTO player_score VALUES('5f842e4e3',85,'630e46c47','4a1f2c0e9',94905,463,1653927197,1653927197);
INSERT INTO player_score VALUES('6239067c1',85,'630e46c47','4e5010b43',76832,589,1653999847,1653999847);
INSERT INTO player_score VALUES('63acac145',85,'630e46c47','5fde045e3',17298,567,1654038817,1654038817);
INSERT INTO player_score VALUES('63bb7e073',85,'630e46c47','61b024fba',13524,554,1654040371,1654040371);
INSERT INTO player_score VALUES('63c3d3d13',85,'630e46c47','638caf9ca',56400,597,1654041245,1654041245);
INSERT INTO player_score VALUES('5b0089975',85,'632ebade8','250ae3a48',345363,517,1653806019,1653806019);
INSERT INTO player_score VALUES('62ae2a47a',85,'632ebade8','3e22bc0b6',22752,605,1654012130,1654012130);
INSERT INTO player_score VALUES('62999f7b4',85,'632ebade8','41fe76e96',6612,566,1654009976,1654009976);
INSERT INTO player_score VALUES('6036feae2',85,'632ebade8','43d3fcb03',72200,558,1653945947,1653945947);
INSERT INTO player_score VALUES('62f2d9472',85,'632ebade8','4a1f2c0e9',95448,539,1654019332,1654019332);
INSERT INTO player_score VALUES('63930e73d',85,'632ebade8','59bd9d218',464940,610,1654036131,1654036131);
INSERT INTO player_score VALUES('63b5c79fd',85,'632ebade8','5fde045e3',265320,573,1654039772,1654039772);
INSERT INTO player_score VALUES('63c57c9f9',85,'632ebade8','638caf9ca',139080,626,1654041419,1654041419);
COMMIT;
