
BEGIN;
CREATE TABLE IF NOT EXISTS competition (
  id VARCHAR(255) NOT NULL PRIMARY KEY,
  tenant_id BIGINT NOT NULL,
  title TEXT NOT NULL,
  finished_at BIGINT NULL,
  created_at BIGINT NOT NULL,
  updated_at BIGINT NOT NULL
);
INSERT INTO competition VALUES('39edc75cd',86,'高速東京整骨院杯',1653506083,1652918215,1653506083);
INSERT INTO competition VALUES('3b6f87cb0',86,'第1回 朝までゆず党',NULL,1652958664,1653306438);
INSERT INTO competition VALUES('3d1408b55',86,'埼玉の豆腐家',1653521384,1653002757,1653521384);
INSERT INTO competition VALUES('4570fc372',86,'レモンから始めるXSUCON杯',NULL,1653227252,1653474012);
INSERT INTO competition VALUES('481feab23',86,'C10Kの如し',1653792396,1653299282,1653792396);
INSERT INTO competition VALUES('4c546a31e',86,'第3回 I/O甘み組',NULL,1653412161,1654024049);
INSERT INTO competition VALUES('5574312f7',86,'blazinglyTHAN杯',NULL,1653657085,1653679201);
INSERT INTO competition VALUES('5975708f0',86,'第1回 アメリカンチェリー方式',NULL,1653764590,1653973497);
INSERT INTO competition VALUES('5e0141977',86,'やわらかめピーマン日記カップ',1653946340,1653886625,1653946340);
INSERT INTO competition VALUES('6139ed4ef',86,'エンジョイ始末書なら負けない',1654000391,1653973098,1654000391);
CREATE TABLE IF NOT EXISTS player (
  id VARCHAR(255) NOT NULL PRIMARY KEY,
  tenant_id BIGINT NOT NULL,
  display_name TEXT NOT NULL,
  is_disqualified BOOLEAN NOT NULL,
  created_at BIGINT NOT NULL,
  updated_at BIGINT NOT NULL
);
INSERT INTO player VALUES('2325adc78',86,'Mr. Christop Graham',0,1652306675,1653395231);
INSERT INTO player VALUES('2380c136f',86,'Trace Greenfelder',0,1652316225,1653877119);
INSERT INTO player VALUES('23a083183',86,'Ms. Dina Lind II',0,1652319555,1653739285);
INSERT INTO player VALUES('23f45bef8',86,'Delmer Goyette',0,1652328347,1654006411);
INSERT INTO player VALUES('24a25b63f',86,'Jerry Bogisich',0,1652346592,1653467224);
INSERT INTO player VALUES('2742200d1',86,'Robert Hodkiewicz',0,1652417032,1653548365);
INSERT INTO player VALUES('2742275f5',86,'Liam Haley',0,1652417035,1652936156);
INSERT INTO player VALUES('27ffe8086',86,'Ms. Jeanie Boehm',0,1652436932,1653672241);
INSERT INTO player VALUES('2839cb5f6',86,'Oswald Thompson',0,1652443002,1653331149);
INSERT INTO player VALUES('283a5687f',86,'Sammy Lakin',0,1652443059,1653192249);
INSERT INTO player VALUES('285cb7cd7',86,'Ms. Katrina Keeling',1,1652446664,1653330885);
INSERT INTO player VALUES('2a19bd937',86,'Mr. Camden Pagac Jr.',0,1652493328,1653078995);
INSERT INTO player VALUES('2a6a3fedd',86,'Alice Hilpert',0,1652501770,1653691102);
INSERT INTO player VALUES('2aba4f8af',86,'Elvis Gorczany',0,1652510165,1652669309);
INSERT INTO player VALUES('2ad40a750',86,'Magnolia Waelchi',0,1652512863,1653586943);
INSERT INTO player VALUES('2c368f4ae',86,'Clovis O"Kon',0,1652550037,1652824403);
INSERT INTO player VALUES('2d2ef4275',86,'Bridie Purdy',0,1652576083,1653515815);
INSERT INTO player VALUES('2d5a5afcf',86,'Ms. Joannie Heidenreich Jr.',0,1652580634,1652961330);
INSERT INTO player VALUES('2dd96013c',86,'Sonia Frami DVM',0,1652593953,1653193822);
INSERT INTO player VALUES('2ddb87d6c',86,'Selmer Crooks',0,1652594179,1652722585);
INSERT INTO player VALUES('2f12cf54c',86,'Marco Reynolds',0,1652626819,1653607358);
INSERT INTO player VALUES('2fe2f096f',86,'Deonte Bauch',0,1652648643,1653881122);
INSERT INTO player VALUES('2ffb1b19c',86,'Danny Lindgren',0,1652651177,1652750448);
INSERT INTO player VALUES('305007d31',86,'Nona Senger',0,1652660082,1653666947);
INSERT INTO player VALUES('30cafa72e',86,'Zelma Reichert',0,1652672974,1652964094);
INSERT INTO player VALUES('30cc2e122',86,'Christine Kutch',0,1652673100,1653869110);
INSERT INTO player VALUES('310cafb8c',86,'Torrance Schroeder',0,1652679864,1653498804);
INSERT INTO player VALUES('3196d3819',86,'Reed Pouros',0,1652694349,1653596694);
INSERT INTO player VALUES('31d6c03fa',86,'May Morissette',0,1652701052,1653775159);
INSERT INTO player VALUES('32c149c2e',86,'Ford McDermott',0,1652725645,1653916827);
INSERT INTO player VALUES('33b8eb4c5',86,'Eloy Osinski',0,1652751611,1653052460);
INSERT INTO player VALUES('33d57b517',86,'Mr. Amparo Mueller I',0,1652754606,1653556900);
INSERT INTO player VALUES('33e404059',86,'Mr. Ernie Raynor',0,1652756130,1653687742);
INSERT INTO player VALUES('3431213c0',86,'Ms. Alessia Kemmer I',0,1652764216,1653683087);
INSERT INTO player VALUES('34e67fe7d',86,'Murphy Boyer',0,1652783234,1653766940);
INSERT INTO player VALUES('3551b14d7',86,'Jazmyn Oberbrunner',0,1652794474,1653720042);
INSERT INTO player VALUES('35dbd2a07',86,'Abigayle Stroman',0,1652808958,1654033445);
INSERT INTO player VALUES('35dc84da9',86,'Ms. Nayeli Schmeler Sr.',0,1652809031,1653100480);
INSERT INTO player VALUES('366c29519',86,'Amara Treutel',0,1652824093,1653516298);
INSERT INTO player VALUES('369eecec2',86,'Harrison Abernathy PhD',0,1652829416,1653162139);
INSERT INTO player VALUES('3720c7199',86,'Elenora DuBuque',0,1652843032,1653645034);
INSERT INTO player VALUES('382da33b6',86,'Lily Ullrich',0,1652871224,1653698686);
INSERT INTO player VALUES('38928e33a',86,'Ari Maggio',0,1652881806,1653572041);
INSERT INTO player VALUES('39551d543',86,'Jordi Torphy DDS',0,1652902207,1653446421);
INSERT INTO player VALUES('396859a3f',86,'Darren Welch Sr.',0,1652904224,1652975849);
INSERT INTO player VALUES('3990c1e34',86,'Ms. Irma Powlowski MD',1,1652908461,1653958794);
INSERT INTO player VALUES('3a06c163e',86,'Mr. Forest Bruen',0,1652920834,1653910502);
INSERT INTO player VALUES('3b342a0a2',86,'Grayson Halvorson II',0,1652952439,1653773659);
INSERT INTO player VALUES('3b5d7a344',86,'Gerard Cartwright',0,1652956771,1653971585);
INSERT INTO player VALUES('3ca2368c1',86,'Amos Hintz',0,1652990822,1653639188);
INSERT INTO player VALUES('3cf6effb2',86,'Orlando Towne MD',0,1652999706,1653907786);
INSERT INTO player VALUES('3df970c16',86,'Mr. Connor Brown',0,1653026812,1653410197);
INSERT INTO player VALUES('3e74a2d25',86,'Claire Kuhic',0,1653039730,1653256401);
INSERT INTO player VALUES('3ee3fa3e5',86,'Hugh Beer',0,1653051405,1653956000);
INSERT INTO player VALUES('3eff5436c',86,'Priscilla Dickinson V',0,1653054273,1653066734);
INSERT INTO player VALUES('3f4e80c0f',86,'Ms. Candida Altenwerth',0,1653062575,1653310724);
INSERT INTO player VALUES('3f68a7159',86,'Ardith Moen',0,1653065317,1653308787);
INSERT INTO player VALUES('3feb9eea3',86,'Eloise White',0,1653079050,1653786540);
INSERT INTO player VALUES('4099e2be5',86,'Shea Feeney',0,1653097323,1653141279);
INSERT INTO player VALUES('413fac230',86,'Destiny Kling',0,1653114707,1653216317);
INSERT INTO player VALUES('416557b46',86,'Mr. Jaren Waters',0,1653118657,1653784506);
INSERT INTO player VALUES('4194b3bb2',86,'Maureen Upton',0,1653123623,1654036950);
INSERT INTO player VALUES('429299472',86,'Marcelino Orn',0,1653150246,1653506318);
INSERT INTO player VALUES('42f1c1a0a',86,'Ms. Joanny Welch PhD',0,1653160224,1653210063);
INSERT INTO player VALUES('4367a3daf',86,'Ms. Alexanne Ritchie',0,1653172585,1653198632);
INSERT INTO player VALUES('43fe23afb',86,'Mr. Brian Kertzmann II',0,1653188366,1653994995);
INSERT INTO player VALUES('441167552',86,'Ms. Name Marvin',1,1653190386,1653554159);
INSERT INTO player VALUES('44ef7ecc2',86,'Mr. Garrick Hoppe PhD',0,1653213674,1653608517);
INSERT INTO player VALUES('45094d3ed',86,'Hester Streich',0,1653216380,1653342511);
INSERT INTO player VALUES('4516ff19b',86,'Eleazar Willms',0,1653217816,1653816642);
INSERT INTO player VALUES('454bcd2ce',86,'Mr. Mike Tromp',0,1653223353,1653503889);
INSERT INTO player VALUES('4619f29b5',86,'Ms. Cecile Altenwerth',0,1653244969,1653943850);
INSERT INTO player VALUES('468c21938',86,'Judd Howe',1,1653256942,1653310009);
INSERT INTO player VALUES('46c3c99d4',86,'Ivah Raynor PhD',0,1653262778,1653732202);
INSERT INTO player VALUES('46d1016a3',86,'Thomas Treutel',0,1653264164,1653923638);
INSERT INTO player VALUES('470dd242a',86,'Josefa Kihn',0,1653270541,1653543742);
INSERT INTO player VALUES('492601710',86,'Chyna Spinka',0,1653326764,1653571817);
INSERT INTO player VALUES('49dc4f5c4',86,'Alexandrine Schmeler',0,1653345880,1653697648);
INSERT INTO player VALUES('4a382d6d9',86,'Alycia Mann',0,1653355513,1653422418);
INSERT INTO player VALUES('4a5149a24',86,'Emory Von',0,1653358146,1653618677);
INSERT INTO player VALUES('4a548065b',86,'Seth Larkin',0,1653358483,1653581701);
INSERT INTO player VALUES('4a56a0d38',86,'Ms. Meda Zemlak',0,1653358706,1653876466);
INSERT INTO player VALUES('4afb3df05',86,'Deion Schowalter',1,1653375967,1653906552);
INSERT INTO player VALUES('4b20f0d4f',86,'Florence Okuneva',0,1653379920,1653704575);
INSERT INTO player VALUES('4ba892835',86,'Oren Kohler',0,1653394142,1653856294);
INSERT INTO player VALUES('4c8e2dce9',86,'Ewald Murray',0,1653418218,1653473403);
INSERT INTO player VALUES('4c90de486',86,'Hosea Parisian',0,1653418500,1653436885);
INSERT INTO player VALUES('4d27f7ed4',86,'Summer Hessel',0,1653434344,1653962638);
INSERT INTO player VALUES('4d4738688',86,'Estella Jerde',1,1653437621,1653722437);
INSERT INTO player VALUES('4d7b03b12',86,'Ms. Annamae McGlynn',0,1653443052,1653563251);
INSERT INTO player VALUES('4e7ba108a',86,'Beverly Fay',0,1653469960,1653498886);
INSERT INTO player VALUES('4e959ddd3',86,'Carlie Russel',0,1653472685,1653916102);
INSERT INTO player VALUES('4e9e247ce',86,'Johnathon Strosin',0,1653473579,1653750150);
INSERT INTO player VALUES('4f025d398',86,'Marielle Mohr',0,1653484088,1653602430);
INSERT INTO player VALUES('4f7846c87',86,'Maiya Hickle',0,1653496452,1654036832);
INSERT INTO player VALUES('5046e8bd3',86,'Javon Lebsack',0,1653518119,1653599144);
INSERT INTO player VALUES('50765f996',86,'Aleen Lesch',1,1653523096,1653834584);
INSERT INTO player VALUES('5120083b2',86,'Mr. Valentin Kling IV',1,1653540886,1653733066);
INSERT INTO player VALUES('516d51628',86,'Candace Kuhlman',0,1653548990,1653991379);
INSERT INTO player VALUES('518c77045',86,'Aiden Borer',0,1653552256,1653906660);
INSERT INTO player VALUES('53672a73c',86,'Mr. Davion Jenkins',0,1653602032,1653762685);
INSERT INTO player VALUES('5399718b6',86,'Bettye Reinger',0,1653607304,1654019594);
INSERT INTO player VALUES('539df6c69',86,'Mr. Ladarius O"Conner Jr.',0,1653607778,1653894782);
INSERT INTO player VALUES('53bb6282e',86,'Ms. Kimberly Thompson Jr.',0,1653610863,1653741693);
INSERT INTO player VALUES('541045747',86,'Sally Armstrong',0,1653619764,1653711755);
INSERT INTO player VALUES('543922e4b',86,'Macy Rohan',0,1653624049,1653703804);
INSERT INTO player VALUES('5507ac6f0',86,'Keara Lindgren DVM',1,1653645706,1653692283);
INSERT INTO player VALUES('552da61b1',86,'Ms. Francesca Schaden DDS',0,1653649688,1654008651);
INSERT INTO player VALUES('558f4ba9e',86,'Demetrius Strosin',0,1653659927,1653980472);
INSERT INTO player VALUES('55bf7e88c',86,'Ms. Ottilie Grimes DDS',0,1653664981,1653747792);
INSERT INTO player VALUES('56d0376ce',86,'Margot Pfeffer V',0,1653693578,1653999114);
INSERT INTO player VALUES('56e7a8690',86,'Presley Dibbert Jr.',0,1653696036,1653952995);
INSERT INTO player VALUES('571be3fb2',86,'Mya Donnelly',0,1653701513,1653760440);
INSERT INTO player VALUES('57450834c',86,'Hayden Konopelski',0,1653705827,1653908306);
INSERT INTO player VALUES('575612fea',86,'Gene White',0,1653707614,1653770706);
INSERT INTO player VALUES('5796ea221',86,'Sedrick Schinner MD',0,1653714413,1653777030);
INSERT INTO player VALUES('57eb222cc',86,'Jayce Wisozk',0,1653723244,1653944469);
INSERT INTO player VALUES('58c542066',86,'Gisselle Nader II',0,1653746116,1653766800);
INSERT INTO player VALUES('59ce108d4',86,'Gabe Stanton',0,1653773883,1654024170);
INSERT INTO player VALUES('59d2209a5',86,'Steve Mann',0,1653774309,1654023118);
INSERT INTO player VALUES('5a3b8be52',86,'Mr. Cornell Mertz',0,1653785363,1653937342);
INSERT INTO player VALUES('5b979be88',86,'Dax Beahan',0,1653821860,1653948640);
INSERT INTO player VALUES('5c8699897',86,'Tate Sawayn',0,1653846920,1654015700);
INSERT INTO player VALUES('5d0f518d4',86,'Sheila Waters',0,1653861256,1653871630);
INSERT INTO player VALUES('5da517d6e',86,'Ms. Arlene Kreiger MD',0,1653876961,1653964076);
INSERT INTO player VALUES('5daaf54d2',86,'Henri Vandervort PhD',1,1653877576,1653954700);
INSERT INTO player VALUES('5db65d368',86,'Terry Pfeffer',0,1653878772,1653976850);
INSERT INTO player VALUES('5df896575',86,'Ms. Brianne Schultz',0,1653885716,1653998386);
INSERT INTO player VALUES('5f01aba99',86,'Mr. Aric Hills II',0,1653913512,1654011674);
INSERT INTO player VALUES('5f1cde8f5',86,'Nona Howell',1,1653916364,1653991871);
INSERT INTO player VALUES('5f8348d11',86,'Jeanette Kiehn',0,1653927103,1653944839);
INSERT INTO player VALUES('5f99c0c94',86,'Chris Hettinger',0,1653929459,1653967856);
INSERT INTO player VALUES('5fa46f27e',86,'Mr. Tristin Krajcik I',0,1653930579,1653950024);
INSERT INTO player VALUES('5fd4a6e84',86,'Everardo Lind',0,1653935635,1653981339);
INSERT INTO player VALUES('60bacfcd2',86,'Dewayne Armstrong V',0,1653959769,1653989227);
INSERT INTO player VALUES('610009f6b',86,'Wilson Lang',1,1653967028,1654009092);
INSERT INTO player VALUES('616e39f7a',86,'Mr. Camden White V',0,1653978582,1653986725);
INSERT INTO player VALUES('62bb7cec9',86,'Ms. Thora Little',0,1654013527,1654020014);
INSERT INTO player VALUES('62f3a1797',86,'Cristian Haag II',0,1654019414,1654032436);
CREATE TABLE IF NOT EXISTS IF NOT EXISTS "player_score" (
                              id VARCHAR(255) NOT NULL PRIMARY KEY,
                              tenant_id BIGINT NOT NULL,
                              player_id VARCHAR(255) NOT NULL,
                              competition_id VARCHAR(255) NOT NULL,
                              score BIGINT NOT NULL,
                              row_num BIGINT NOT NULL,
                              created_at BIGINT NOT NULL,
                              updated_at BIGINT NOT NULL
);
INSERT INTO player_score VALUES('4cec339dc',86,'2325adc78','39edc75cd',88578,1545,1653428077,1653428077);
INSERT INTO player_score VALUES('635185214',86,'2325adc78','3b6f87cb0',5346,2673,1654029259,1654029259);
INSERT INTO player_score VALUES('4f548fb49',86,'2325adc78','3d1408b55',18096,1569,1653492707,1653492707);
INSERT INTO player_score VALUES('5f9b8951b',86,'2325adc78','4570fc372',106392,2312,1653929646,1653929646);
INSERT INTO player_score VALUES('59fc0a956',86,'2325adc78','481feab23',277200,2229,1653778704,1653778704);
INSERT INTO player_score VALUES('6333b2d6c',86,'2325adc78','4c546a31e',337212,2726,1654026132,1654026132);
INSERT INTO player_score VALUES('633a5610c',86,'2325adc78','5574312f7',68640,2448,1654026828,1654026828);
INSERT INTO player_score VALUES('6396d7b72',86,'2325adc78','5975708f0',34645,2564,1654036528,1654036528);
INSERT INTO player_score VALUES('603544c90',86,'2325adc78','5e0141977',578088,2533,1653945766,1653945766);
INSERT INTO player_score VALUES('6236e1291',86,'2325adc78','6139ed4ef',64821,2375,1653999622,1653999622);
INSERT INTO player_score VALUES('4fbf3ad69',86,'2380c136f','39edc75cd',21250,1753,1653503892,1653503892);
INSERT INTO player_score VALUES('6362f6707',86,'2380c136f','3b6f87cb0',5340,2678,1654031088,1654031088);
INSERT INTO player_score VALUES('4ffa4598b',86,'2380c136f','3d1408b55',564,1630,1653510083,1653510083);
INSERT INTO player_score VALUES('636489466',86,'2380c136f','4570fc372',5082,2639,1654031253,1654031253);
INSERT INTO player_score VALUES('592007568',86,'2380c136f','481feab23',85374,2126,1653755634,1653755634);
INSERT INTO player_score VALUES('637b766f1',86,'2380c136f','4c546a31e',210,2765,1654033657,1654033657);
INSERT INTO player_score VALUES('628c7daa9',86,'2380c136f','5574312f7',3588,2310,1654008599,1654008599);
INSERT INTO player_score VALUES('63c586626',86,'2380c136f','5975708f0',173565,2597,1654041423,1654041423);
INSERT INTO player_score VALUES('601c3c1a7',86,'2380c136f','5e0141977',392312,2422,1653943141,1653943141);
INSERT INTO player_score VALUES('623d2eef8',86,'2380c136f','6139ed4ef',141360,2442,1654000283,1654000283);
INSERT INTO player_score VALUES('4e9c6f7bf',86,'23a083183','39edc75cd',216376,1658,1653473400,1653473400);
INSERT INTO player_score VALUES('5c789e743',86,'23a083183','3b6f87cb0',31752,2206,1653845454,1653845454);
INSERT INTO player_score VALUES('4f8c7c1df',86,'23a083183','3d1408b55',69020,1590,1653498571,1653498571);
INSERT INTO player_score VALUES('6210046be',86,'23a083183','4570fc372',31720,2518,1653995547,1653995547);
INSERT INTO player_score VALUES('5a788b1ff',86,'23a083183','481feab23',83640,2291,1653791759,1653791759);
INSERT INTO player_score VALUES('625231573',86,'23a083183','4c546a31e',101520,2629,1654002486,1654002486);
INSERT INTO player_score VALUES('63c0feb82',86,'23a083183','5574312f7',95400,2556,1654040948,1654040948);
INSERT INTO player_score VALUES('6353d8d46',86,'23a083183','5975708f0',84180,2493,1654029503,1654029503);
INSERT INTO player_score VALUES('602d8db0f',86,'23a083183','5e0141977',32760,2495,1653944957,1653944957);
INSERT INTO player_score VALUES('62350c684',86,'23a083183','6139ed4ef',31939,2345,1653999430,1653999430);
INSERT INTO player_score VALUES('4f5dc1374',86,'23f45bef8','39edc75cd',29260,1712,1653493671,1653493671);
INSERT INTO player_score VALUES('629aa998d',86,'23f45bef8','3b6f87cb0',46368,2619,1654010085,1654010085);
INSERT INTO player_score VALUES('4f3d34b6a',86,'23f45bef8','3d1408b55',187612,1555,1653490258,1653490258);
INSERT INTO player_score VALUES('5f603ca7b',86,'23f45bef8','4570fc372',94325,2294,1653923428,1653923428);
INSERT INTO player_score VALUES('5a4cf3792',86,'23f45bef8','481feab23',819868,2271,1653787188,1653787188);
INSERT INTO player_score VALUES('616a33b4f',86,'23f45bef8','4c546a31e',281960,2534,1653978160,1653978160);
INSERT INTO player_score VALUES('623f71887',86,'23f45bef8','5574312f7',112112,2249,1654000520,1654000520);
INSERT INTO player_score VALUES('63a63e91f',86,'23f45bef8','5975708f0',116864,2576,1654038143,1654038143);
INSERT INTO player_score VALUES('602bd3cbf',86,'23f45bef8','5e0141977',194688,2486,1653944776,1653944776);
INSERT INTO player_score VALUES('6236a41d7',86,'23f45bef8','6139ed4ef',224070,2366,1653999597,1653999597);
INSERT INTO player_score VALUES('4f83b3973',86,'24a25b63f','39edc75cd',63000,1729,1653497650,1653497650);
INSERT INTO player_score VALUES('62fa95439',86,'24a25b63f','3b6f87cb0',37584,2650,1654020143,1654020143);
INSERT INTO player_score VALUES('4f06f11b7',86,'24a25b63f','3d1408b55',9520,1539,1653484568,1653484568);
INSERT INTO player_score VALUES('61f19375f',86,'24a25b63f','4c546a31e',26136,2583,1653992355,1653992355);
INSERT INTO player_score VALUES('63adf0cc5',86,'24a25b63f','5574312f7',108810,2549,1654038950,1654038950);
INSERT INTO player_score VALUES('62a492382',86,'24a25b63f','5975708f0',314388,2325,1654011124,1654011124);
INSERT INTO player_score VALUES('603a579ff',86,'24a25b63f','5e0141977',106650,2549,1653946298,1653946298);
INSERT INTO player_score VALUES('623da68ea',86,'24a25b63f','6139ed4ef',133848,2446,1654000332,1654000332);
INSERT INTO player_score VALUES('618430860',86,'2742200d1','3b6f87cb0',50094,2554,1653980885,1653980885);
INSERT INTO player_score VALUES('621a5aebc',86,'2742200d1','4570fc372',509952,2523,1653996631,1653996631);
INSERT INTO player_score VALUES('590544beb',86,'2742200d1','481feab23',5984,2112,1653752828,1653752828);
INSERT INTO player_score VALUES('6253f9e24',86,'2742200d1','4c546a31e',444,2630,1654002673,1654002673);
INSERT INTO player_score VALUES('63a665a67',86,'2742200d1','5975708f0',254016,2578,1654038159,1654038159);
INSERT INTO player_score VALUES('602541a97',86,'2742200d1','5e0141977',281400,2467,1653944087,1653944087);
INSERT INTO player_score VALUES('623a1f3df',86,'2742200d1','6139ed4ef',60480,2412,1653999962,1653999962);
INSERT INTO player_score VALUES('4e91d7144',86,'2742275f5','39edc75cd',7182,1654,1653472289,1653472289);
INSERT INTO player_score VALUES('63872ee88',86,'2742275f5','3b6f87cb0',211120,2689,1654034886,1654034886);
INSERT INTO player_score VALUES('4fc7364e1',86,'2742275f5','3d1408b55',522340,1617,1653504729,1653504729);
INSERT INTO player_score VALUES('5a60b60fb',86,'2742275f5','481feab23',56440,2279,1653789260,1653789260);
INSERT INTO player_score VALUES('63555f756',86,'2742275f5','5574312f7',0,2465,1654029663,1654029663);
INSERT INTO player_score VALUES('63598a565',86,'2742275f5','5975708f0',210,2501,1654030100,1654030100);
INSERT INTO player_score VALUES('623bb214b',86,'2742275f5','6139ed4ef',3920,2422,1654000127,1654000127);
INSERT INTO player_score VALUES('638049c4d',86,'27ffe8086','3b6f87cb0',430416,2687,1654034163,1654034163);
INSERT INTO player_score VALUES('4f2198d48',86,'27ffe8086','3d1408b55',170880,1548,1653487363,1653487363);
INSERT INTO player_score VALUES('634ed4a3a',86,'27ffe8086','4570fc372',319130,2627,1654028977,1654028977);
INSERT INTO player_score VALUES('58f66dec2',86,'27ffe8086','481feab23',40848,2104,1653751272,1653751272);
INSERT INTO player_score VALUES('63ab4c82c',86,'27ffe8086','4c546a31e',120582,2779,1654038673,1654038673);
INSERT INTO player_score VALUES('6387363f5',86,'27ffe8086','5574312f7',268920,2510,1654034889,1654034889);
INSERT INTO player_score VALUES('601c52136',86,'27ffe8086','5e0141977',59850,2424,1653943150,1653943150);
INSERT INTO player_score VALUES('621f3f5c6',86,'27ffe8086','6139ed4ef',323760,2160,1653997144,1653997144);
INSERT INTO player_score VALUES('4c09290f4',86,'2839cb5f6','39edc75cd',270840,1465,1653404270,1653404270);
INSERT INTO player_score VALUES('61cdb7c85',86,'2839cb5f6','3b6f87cb0',159500,2573,1653988595,1653988595);
INSERT INTO player_score VALUES('504b13a16',86,'2839cb5f6','3d1408b55',248724,1654,1653518556,1653518556);
INSERT INTO player_score VALUES('6362cf609',86,'2839cb5f6','4570fc372',20736,2638,1654031072,1654031072);
INSERT INTO player_score VALUES('59e0ae2fe',86,'2839cb5f6','481feab23',7728,2216,1653775835,1653775835);
INSERT INTO player_score VALUES('6187f7559',86,'2839cb5f6','4c546a31e',14310,2542,1653981281,1653981281);
INSERT INTO player_score VALUES('6336d87e7',86,'2839cb5f6','5574312f7',5824,2444,1654026462,1654026462);
INSERT INTO player_score VALUES('6359ceb42',86,'2839cb5f6','5975708f0',114608,2502,1654030128,1654030128);
INSERT INTO player_score VALUES('601269712',86,'2839cb5f6','5e0141977',82368,2377,1653942111,1653942111);
INSERT INTO player_score VALUES('6228f9992',86,'2839cb5f6','6139ed4ef',12000,2249,1653998164,1653998164);
INSERT INTO player_score VALUES('4fd40edd7',86,'283a5687f','39edc75cd',209583,1759,1653506076,1653506076);
INSERT INTO player_score VALUES('60f1ea3b5',86,'283a5687f','3b6f87cb0',206427,2510,1653965547,1653965547);
INSERT INTO player_score VALUES('4fc125923',86,'283a5687f','3d1408b55',61677,1614,1653504093,1653504093);
INSERT INTO player_score VALUES('62cccc0e9',86,'283a5687f','4570fc372',89100,2581,1654015342,1654015342);
INSERT INTO player_score VALUES('59ce0e1b7',86,'283a5687f','481feab23',85470,2210,1653773882,1653773882);
INSERT INTO player_score VALUES('62641f2e9',86,'283a5687f','4c546a31e',52200,2638,1654004366,1654004366);
INSERT INTO player_score VALUES('63b2f2869',86,'283a5687f','5574312f7',1056,2550,1654039475,1654039475);
INSERT INTO player_score VALUES('63854df2f',86,'283a5687f','5975708f0',75000,2547,1654034689,1654034689);
INSERT INTO player_score VALUES('4dfabd6ed',86,'285cb7cd7','39edc75cd',171120,1617,1653456445,1653456445);
INSERT INTO player_score VALUES('4fe503b25',86,'285cb7cd7','3d1408b55',122508,1624,1653507854,1653507854);
INSERT INTO player_score VALUES('6348dec5f',86,'285cb7cd7','4570fc372',390000,2625,1654028352,1654028352);
INSERT INTO player_score VALUES('5a20c9531',86,'285cb7cd7','481feab23',124950,2245,1653782557,1653782557);
INSERT INTO player_score VALUES('62a8e90b5',86,'285cb7cd7','4c546a31e',580,2665,1654011579,1654011579);
INSERT INTO player_score VALUES('638a3c27a',86,'285cb7cd7','5574312f7',126480,2514,1654035206,1654035206);
INSERT INTO player_score VALUES('636d3bd9c',86,'285cb7cd7','5975708f0',67392,2525,1654032165,1654032165);
INSERT INTO player_score VALUES('5ff1df5cd',86,'285cb7cd7','5e0141977',298150,2229,1653938699,1653938699);
INSERT INTO player_score VALUES('623ddc470',86,'285cb7cd7','6139ed4ef',257040,2448,1654000354,1654000354);
INSERT INTO player_score VALUES('4f40382f7',86,'2a19bd937','39edc75cd',241570,1700,1653490574,1653490574);
INSERT INTO player_score VALUES('629822a29',86,'2a19bd937','3b6f87cb0',0,2618,1654009820,1654009820);
INSERT INTO player_score VALUES('4fcd72f99',86,'2a19bd937','3d1408b55',18480,1620,1653505383,1653505383);
INSERT INTO player_score VALUES('63b16be56',86,'2a19bd937','4570fc372',10353,2660,1654039315,1654039315);
INSERT INTO player_score VALUES('63586f233',86,'2a19bd937','4c546a31e',87120,2749,1654029984,1654029984);
INSERT INTO player_score VALUES('6130505c6',86,'2a19bd937','5574312f7',18204,2040,1653972090,1653972090);
INSERT INTO player_score VALUES('6347d7165',86,'2a19bd937','5975708f0',16704,2483,1654028244,1654028244);
INSERT INTO player_score VALUES('6007632ec',86,'2a19bd937','5e0141977',243648,2327,1653940955,1653940955);
INSERT INTO player_score VALUES('62236cb2f',86,'2a19bd937','6139ed4ef',202664,2191,1653997582,1653997582);
INSERT INTO player_score VALUES('4fbf1d8d4',86,'2a6a3fedd','39edc75cd',60912,1752,1653503880,1653503880);
INSERT INTO player_score VALUES('619b81c7a',86,'2a6a3fedd','3b6f87cb0',70200,2558,1653983330,1653983330);
INSERT INTO player_score VALUES('627a0236e',86,'2a6a3fedd','4570fc372',3276,2555,1654006661,1654006661);
INSERT INTO player_score VALUES('59b7c218c',86,'2a6a3fedd','481feab23',131856,2187,1653771544,1653771544);
INSERT INTO player_score VALUES('63a0db2d9',86,'2a6a3fedd','4c546a31e',376125,2776,1654037578,1654037578);
INSERT INTO player_score VALUES('629c6acf2',86,'2a6a3fedd','5574312f7',101250,2326,1654010269,1654010269);
INSERT INTO player_score VALUES('63bc3ee74',86,'2a6a3fedd','5975708f0',92736,2589,1654040450,1654040450);
INSERT INTO player_score VALUES('6003ecf4c',86,'2a6a3fedd','5e0141977',67000,2313,1653940592,1653940592);
INSERT INTO player_score VALUES('6235d70b4',86,'2a6a3fedd','6139ed4ef',238392,2354,1653999513,1653999513);
INSERT INTO player_score VALUES('4f45880b3',86,'2aba4f8af','39edc75cd',170314,1704,1653491131,1653491131);
INSERT INTO player_score VALUES('63c647427',86,'2aba4f8af','3b6f87cb0',97760,2702,1654041502,1654041502);
INSERT INTO player_score VALUES('4eb2af483',86,'2aba4f8af','3d1408b55',7020,1513,1653475733,1653475733);
INSERT INTO player_score VALUES('629f5850e',86,'2aba4f8af','4570fc372',15600,2571,1654010576,1654010576);
INSERT INTO player_score VALUES('59869d874',86,'2aba4f8af','481feab23',175950,2170,1653766391,1653766391);
INSERT INTO player_score VALUES('60e73489a',86,'2aba4f8af','4c546a31e',110080,2476,1653964424,1653964424);
INSERT INTO player_score VALUES('61b3609c5',86,'2aba4f8af','5574312f7',17280,2139,1653985833,1653985833);
INSERT INTO player_score VALUES('62a8568f6',86,'2aba4f8af','5975708f0',36096,2331,1654011519,1654011519);
INSERT INTO player_score VALUES('6009b6e10',86,'2aba4f8af','5e0141977',198360,2336,1653941199,1653941199);
INSERT INTO player_score VALUES('623aeec43',86,'2aba4f8af','6139ed4ef',144256,2418,1654000047,1654000047);
INSERT INTO player_score VALUES('4f878694a',86,'2ad40a750','39edc75cd',213840,1732,1653498051,1653498051);
INSERT INTO player_score VALUES('62690885e',86,'2ad40a750','3b6f87cb0',158400,2609,1654004881,1654004881);
INSERT INTO player_score VALUES('4e8b560b9',86,'2ad40a750','3d1408b55',57036,1502,1653471607,1653471607);
INSERT INTO player_score VALUES('6356623a6',86,'2ad40a750','4570fc372',63936,2628,1654029769,1654029769);
INSERT INTO player_score VALUES('5a45f3793',86,'2ad40a750','481feab23',76245,2267,1653786454,1653786454);
INSERT INTO player_score VALUES('630b6f398',86,'2ad40a750','4c546a31e',39060,2708,1654021910,1654021910);
INSERT INTO player_score VALUES('63ac0884a',86,'2ad40a750','5574312f7',28130,2547,1654038750,1654038750);
INSERT INTO player_score VALUES('6390b371f',86,'2ad40a750','5975708f0',28644,2559,1654035884,1654035884);
INSERT INTO player_score VALUES('602e66fbe',86,'2ad40a750','5e0141977',44992,2498,1653945046,1653945046);
INSERT INTO player_score VALUES('623bfdc11',86,'2ad40a750','6139ed4ef',309504,2424,1654000158,1654000158);
INSERT INTO player_score VALUES('4ee55ceba',86,'2c368f4ae','39edc75cd',396552,1681,1653481047,1653481047);
INSERT INTO player_score VALUES('5f0156373',86,'2c368f4ae','3b6f87cb0',221774,2396,1653913477,1653913477);
INSERT INTO player_score VALUES('4f94be5d8',86,'2c368f4ae','3d1408b55',39494,1592,1653499437,1653499437);
INSERT INTO player_score VALUES('5eb397df9',86,'2c368f4ae','4570fc372',0,2233,1653905325,1653905325);
INSERT INTO player_score VALUES('598dae9cc',86,'2c368f4ae','481feab23',7296,2175,1653767132,1653767132);
INSERT INTO player_score VALUES('622f9cd18',86,'2c368f4ae','4c546a31e',62712,2617,1653998860,1653998860);
INSERT INTO player_score VALUES('636b7aa02',86,'2c368f4ae','5574312f7',5360,2484,1654031981,1654031981);
INSERT INTO player_score VALUES('6392bde7e',86,'2c368f4ae','5975708f0',106856,2561,1654036098,1654036098);
INSERT INTO player_score VALUES('6030cbc5e',86,'2c368f4ae','5e0141977',34020,2511,1653945297,1653945297);
INSERT INTO player_score VALUES('4f956e258',86,'2d2ef4275','39edc75cd',163680,1740,1653499509,1653499509);
INSERT INTO player_score VALUES('4f5ed78dc',86,'2d2ef4275','3d1408b55',129792,1573,1653493785,1653493785);
INSERT INTO player_score VALUES('62fa2c462',86,'2d2ef4275','4570fc372',10920,2601,1654020100,1654020100);
INSERT INTO player_score VALUES('595872b13',86,'2d2ef4275','481feab23',111150,2149,1653761550,1653761550);
INSERT INTO player_score VALUES('626dc3769',86,'2d2ef4275','4c546a31e',2940,2644,1654005377,1654005377);
INSERT INTO player_score VALUES('6272a304d',86,'2d2ef4275','5574312f7',125244,2290,1654005888,1654005888);
INSERT INTO player_score VALUES('633c915b6',86,'2d2ef4275','5975708f0',198450,2465,1654027062,1654027062);
INSERT INTO player_score VALUES('623c7f27c',86,'2d2ef4275','6139ed4ef',164900,2433,1654000211,1654000211);
INSERT INTO player_score VALUES('4f43eb777',86,'2d5a5afcf','39edc75cd',44820,1702,1653490962,1653490962);
INSERT INTO player_score VALUES('632b95352',86,'2d5a5afcf','3b6f87cb0',458640,2664,1654025281,1654025281);
INSERT INTO player_score VALUES('503f2cc1f',86,'2d5a5afcf','3d1408b55',19992,1649,1653517308,1653517308);
INSERT INTO player_score VALUES('60630433f',86,'2d5a5afcf','4570fc372',726750,2383,1653950563,1653950563);
INSERT INTO player_score VALUES('586e4d4c1',86,'2d5a5afcf','481feab23',4200,2033,1653736998,1653736998);
INSERT INTO player_score VALUES('63c73413c',86,'2d5a5afcf','4c546a31e',141912,2788,1654041599,1654041599);
INSERT INTO player_score VALUES('625d21a32',86,'2d5a5afcf','5574312f7',432,2272,1654003633,1654003633);
INSERT INTO player_score VALUES('6016c799d',86,'2d5a5afcf','5e0141977',495864,2399,1653942569,1653942569);
INSERT INTO player_score VALUES('622c5766e',86,'2d5a5afcf','6139ed4ef',104328,2274,1653998517,1653998517);
INSERT INTO player_score VALUES('4fc4e027a',86,'2dd96013c','39edc75cd',232128,1756,1653504484,1653504484);
INSERT INTO player_score VALUES('5065d8a5d',86,'2dd96013c','3d1408b55',489600,1661,1653521363,1653521363);
INSERT INTO player_score VALUES('6183525ab',86,'2dd96013c','4570fc372',359910,2477,1653980794,1653980794);
INSERT INTO player_score VALUES('58d66539c',86,'2dd96013c','481feab23',47888,2085,1653747913,1653747913);
INSERT INTO player_score VALUES('632f4606c',86,'2dd96013c','4c546a31e',47430,2720,1654025668,1654025668);
INSERT INTO player_score VALUES('6261f4fe4',86,'2dd96013c','5574312f7',257580,2277,1654004139,1654004139);
INSERT INTO player_score VALUES('629adcde0',86,'2dd96013c','5975708f0',64050,2315,1654010106,1654010106);
INSERT INTO player_score VALUES('602586064',86,'2dd96013c','5e0141977',543213,2468,1653944115,1653944115);
INSERT INTO player_score VALUES('6322ec679',86,'2ddb87d6c','3b6f87cb0',4368,2662,1654024373,1654024373);
INSERT INTO player_score VALUES('4d6589a11',86,'2ddb87d6c','3d1408b55',2300,1420,1653440800,1653440800);
INSERT INTO player_score VALUES('623889f91',86,'2ddb87d6c','4570fc372',79380,2534,1653999796,1653999796);
INSERT INTO player_score VALUES('5a3698cd6',86,'2ddb87d6c','481feab23',101024,2252,1653784844,1653784844);
INSERT INTO player_score VALUES('62e7fef74',86,'2ddb87d6c','4c546a31e',284004,2692,1654018194,1654018194);
INSERT INTO player_score VALUES('63495b480',86,'2ddb87d6c','5574312f7',446976,2455,1654028403,1654028403);
INSERT INTO player_score VALUES('63b39d6c9',86,'2ddb87d6c','5975708f0',20790,2584,1654039545,1654039545);
INSERT INTO player_score VALUES('601545de6',86,'2ddb87d6c','5e0141977',9240,2395,1653942411,1653942411);
INSERT INTO player_score VALUES('6238bfb05',86,'2ddb87d6c','6139ed4ef',265106,2397,1653999818,1653999818);
INSERT INTO player_score VALUES('4f96b06b7',86,'2f12cf54c','39edc75cd',11288,1741,1653499641,1653499641);
INSERT INTO player_score VALUES('637300e80',86,'2f12cf54c','3b6f87cb0',1323,2683,1654032770,1654032770);
INSERT INTO player_score VALUES('4fed43825',86,'2f12cf54c','3d1408b55',9396,1626,1653508719,1653508719);
INSERT INTO player_score VALUES('5fe15d4b0',86,'2f12cf54c','4570fc372',55440,2339,1653936968,1653936968);
INSERT INTO player_score VALUES('59f98126c',86,'2f12cf54c','481feab23',68552,2226,1653778438,1653778438);
INSERT INTO player_score VALUES('638b37a22',86,'2f12cf54c','5574312f7',114816,2515,1654035309,1654035309);
INSERT INTO player_score VALUES('637cb641e',86,'2f12cf54c','5975708f0',105225,2542,1654033788,1654033788);
INSERT INTO player_score VALUES('6029ce35e',86,'2f12cf54c','5e0141977',73872,2480,1653944564,1653944564);
INSERT INTO player_score VALUES('62265ca48',86,'2f12cf54c','6139ed4ef',784,2226,1653997890,1653997890);
INSERT INTO player_score VALUES('4bf68b73a',86,'2fe2f096f','39edc75cd',65175,1457,1653402318,1653402318);
INSERT INTO player_score VALUES('6344857e2',86,'2fe2f096f','3b6f87cb0',56800,2670,1654027896,1654027896);
INSERT INTO player_score VALUES('505a16657',86,'2fe2f096f','3d1408b55',5850,1660,1653520130,1653520130);
INSERT INTO player_score VALUES('6300ca9b6',86,'2fe2f096f','4570fc372',45240,2604,1654020794,1654020794);
INSERT INTO player_score VALUES('597b83c19',86,'2fe2f096f','481feab23',558558,2163,1653765227,1653765227);
INSERT INTO player_score VALUES('63503b86e',86,'2fe2f096f','4c546a31e',113760,2741,1654029124,1654029124);
INSERT INTO player_score VALUES('63aa9a4a7',86,'2fe2f096f','5574312f7',248325,2544,1654038600,1654038600);
INSERT INTO player_score VALUES('601010db2',86,'2fe2f096f','5e0141977',27702,2363,1653941865,1653941865);
INSERT INTO player_score VALUES('621a22c09',86,'2fe2f096f','6139ed4ef',58292,2114,1653996608,1653996608);
INSERT INTO player_score VALUES('4dad21440',86,'2ffb1b19c','39edc75cd',366600,1599,1653448307,1653448307);
INSERT INTO player_score VALUES('62cff90e1',86,'2ffb1b19c','3b6f87cb0',18768,2635,1654015675,1654015675);
INSERT INTO player_score VALUES('50534c1d3',86,'2ffb1b19c','3d1408b55',519354,1657,1653519418,1653519418);
INSERT INTO player_score VALUES('62f726587',86,'2ffb1b19c','4570fc372',284856,2599,1654019783,1654019783);
INSERT INTO player_score VALUES('598791ac1',86,'2ffb1b19c','481feab23',7875,2172,1653766491,1653766491);
INSERT INTO player_score VALUES('610f33cab',86,'2ffb1b19c','4c546a31e',25974,2492,1653968618,1653968618);
INSERT INTO player_score VALUES('62eccd6ca',86,'2ffb1b19c','5574312f7',43296,2383,1654018698,1654018698);
INSERT INTO player_score VALUES('6338b220b',86,'2ffb1b19c','5975708f0',128128,2461,1654026656,1654026656);
INSERT INTO player_score VALUES('601f83f34',86,'2ffb1b19c','5e0141977',395010,2435,1653943485,1653943485);
INSERT INTO player_score VALUES('623df7227',86,'2ffb1b19c','6139ed4ef',131456,2449,1654000365,1654000365);
INSERT INTO player_score VALUES('4f7b0859f',86,'305007d31','39edc75cd',341248,1727,1653496741,1653496741);
INSERT INTO player_score VALUES('6320c7158',86,'305007d31','4570fc372',17640,2611,1654024148,1654024148);
INSERT INTO player_score VALUES('5900f05bd',86,'305007d31','481feab23',44135,2110,1653752374,1653752374);
INSERT INTO player_score VALUES('632faf029',86,'305007d31','4c546a31e',1400,2723,1654025711,1654025711);
INSERT INTO player_score VALUES('6382e1d60',86,'305007d31','5574312f7',2520,2504,1654034435,1654034435);
INSERT INTO player_score VALUES('6378421af',86,'305007d31','5975708f0',80514,2536,1654033321,1654033321);
INSERT INTO player_score VALUES('6039e74da',86,'305007d31','5e0141977',196037,2546,1653946252,1653946252);
INSERT INTO player_score VALUES('4f7b6ee2f',86,'30cafa72e','39edc75cd',4400,1728,1653496783,1653496783);
INSERT INTO player_score VALUES('633010a7c',86,'30cafa72e','3b6f87cb0',3294,2666,1654025751,1654025751);
INSERT INTO player_score VALUES('4ddab730d',86,'30cafa72e','3d1408b55',136826,1452,1653453087,1653453087);
INSERT INTO player_score VALUES('630c76e67',86,'30cafa72e','4570fc372',295488,2607,1654022018,1654022018);
INSERT INTO player_score VALUES('5a284ab55',86,'30cafa72e','481feab23',109573,2248,1653783344,1653783344);
INSERT INTO player_score VALUES('634fa1b71',86,'30cafa72e','4c546a31e',195908,2740,1654029061,1654029061);
INSERT INTO player_score VALUES('627f0663e',86,'30cafa72e','5574312f7',1100,2297,1654007187,1654007187);
INSERT INTO player_score VALUES('62a52e76a',86,'30cafa72e','5975708f0',278160,2328,1654011188,1654011188);
INSERT INTO player_score VALUES('60231c59e',86,'30cafa72e','5e0141977',1188,2453,1653943862,1653943862);
INSERT INTO player_score VALUES('62378e7e5',86,'30cafa72e','6139ed4ef',12696,2382,1653999693,1653999693);
INSERT INTO player_score VALUES('4efbed472',86,'30cc2e122','39edc75cd',181764,1685,1653483413,1653483413);
INSERT INTO player_score VALUES('62b569bbd',86,'30cc2e122','3b6f87cb0',246400,2630,1654012890,1654012890);
INSERT INTO player_score VALUES('50330dba4',86,'30cc2e122','3d1408b55',22295,1645,1653516037,1653516037);
INSERT INTO player_score VALUES('635f7671e',86,'30cc2e122','4570fc372',2880,2635,1654030721,1654030721);
INSERT INTO player_score VALUES('59967997d',86,'30cc2e122','481feab23',78302,2178,1653768054,1653768054);
INSERT INTO player_score VALUES('624ed5fa7',86,'30cc2e122','4c546a31e',84058,2628,1654002134,1654002134);
INSERT INTO player_score VALUES('6145309d2',86,'30cc2e122','5574312f7',205065,2055,1653974279,1653974279);
INSERT INTO player_score VALUES('630094e85',86,'30cc2e122','5975708f0',0,2413,1654020772,1654020772);
INSERT INTO player_score VALUES('6023065d8',86,'30cc2e122','5e0141977',39576,2452,1653943853,1653943853);
INSERT INTO player_score VALUES('623c09f57',86,'30cc2e122','6139ed4ef',212352,2425,1654000163,1654000163);
INSERT INTO player_score VALUES('56e34077f',86,'310cafb8c','3b6f87cb0',11088,1815,1653695574,1653695574);
INSERT INTO player_score VALUES('4eefd804e',86,'310cafb8c','3d1408b55',0,1535,1653482146,1653482146);
INSERT INTO player_score VALUES('639fd1144',86,'310cafb8c','4570fc372',26325,2656,1654037469,1654037469);
INSERT INTO player_score VALUES('589f289b3',86,'310cafb8c','481feab23',213840,2060,1653742121,1653742121);
INSERT INTO player_score VALUES('62fdbaeca',86,'310cafb8c','4c546a31e',77740,2701,1654020473,1654020473);
INSERT INTO player_score VALUES('632cf4c5b',86,'310cafb8c','5574312f7',33306,2437,1654025425,1654025425);
INSERT INTO player_score VALUES('62c15a5f8',86,'310cafb8c','5975708f0',197064,2352,1654014142,1654014142);
INSERT INTO player_score VALUES('60236f585',86,'310cafb8c','5e0141977',544635,2454,1653943896,1653943896);
INSERT INTO player_score VALUES('6227337db',86,'310cafb8c','6139ed4ef',35154,2238,1653997978,1653997978);
INSERT INTO player_score VALUES('4eaebc8b3',86,'3196d3819','39edc75cd',25830,1663,1653475319,1653475319);
INSERT INTO player_score VALUES('5fa0889c7',86,'3196d3819','3b6f87cb0',6745,2425,1653930170,1653930170);
INSERT INTO player_score VALUES('4fd3c32d5',86,'3196d3819','3d1408b55',105264,1621,1653506045,1653506045);
INSERT INTO player_score VALUES('62935909f',86,'3196d3819','4570fc372',22560,2566,1654009318,1654009318);
INSERT INTO player_score VALUES('5a78c346c',86,'3196d3819','481feab23',400113,2292,1653791782,1653791782);
INSERT INTO player_score VALUES('62098d2b5',86,'3196d3819','4c546a31e',176814,2597,1653994869,1653994869);
INSERT INTO player_score VALUES('63a841b5b',86,'3196d3819','5574312f7',300200,2543,1654038354,1654038354);
INSERT INTO player_score VALUES('633b3919c',86,'3196d3819','5975708f0',72756,2463,1654026921,1654026921);
INSERT INTO player_score VALUES('603817719',86,'3196d3819','5e0141977',22680,2540,1653946062,1653946062);
INSERT INTO player_score VALUES('6236c16c3',86,'3196d3819','6139ed4ef',3864,2369,1653999609,1653999609);
INSERT INTO player_score VALUES('4f70bb9e0',86,'31d6c03fa','39edc75cd',387376,1720,1653495661,1653495661);
INSERT INTO player_score VALUES('612e12a24',86,'31d6c03fa','3b6f87cb0',13600,2528,1653971855,1653971855);
INSERT INTO player_score VALUES('5054ba55c',86,'31d6c03fa','3d1408b55',175070,1658,1653519568,1653519568);
INSERT INTO player_score VALUES('635c7f2c3',86,'31d6c03fa','4570fc372',12410,2632,1654030410,1654030410);
INSERT INTO player_score VALUES('5a6ea9d4c',86,'31d6c03fa','481feab23',46800,2287,1653790723,1653790723);
INSERT INTO player_score VALUES('5f7ae6d53',86,'31d6c03fa','4c546a31e',23184,2286,1653926224,1653926224);
INSERT INTO player_score VALUES('628266a5b',86,'31d6c03fa','5574312f7',3570,2302,1654007541,1654007541);
INSERT INTO player_score VALUES('602379211',86,'31d6c03fa','5e0141977',2436,2455,1653943900,1653943900);
INSERT INTO player_score VALUES('622f4eada',86,'31d6c03fa','6139ed4ef',221340,2302,1653998828,1653998828);
INSERT INTO player_score VALUES('4f097cf5b',86,'32c149c2e','39edc75cd',51888,1687,1653484835,1653484835);
INSERT INTO player_score VALUES('61a5dab0c',86,'32c149c2e','3b6f87cb0',2064,2561,1653984415,1653984415);
INSERT INTO player_score VALUES('4c8bcde3a',86,'32c149c2e','3d1408b55',142128,1339,1653417969,1653417969);
INSERT INTO player_score VALUES('627a5c901',86,'32c149c2e','4570fc372',7216,2556,1654006698,1654006698);
INSERT INTO player_score VALUES('5a4d6637f',86,'32c149c2e','481feab23',57456,2272,1653787235,1653787235);
INSERT INTO player_score VALUES('60abd6ccb',86,'32c149c2e','4c546a31e',19760,2438,1653958199,1653958199);
INSERT INTO player_score VALUES('637d3ef99',86,'32c149c2e','5574312f7',48111,2501,1654033844,1654033844);
INSERT INTO player_score VALUES('639315c79',86,'32c149c2e','5975708f0',57591,2562,1654036134,1654036134);
INSERT INTO player_score VALUES('600c0f761',86,'32c149c2e','5e0141977',140616,2345,1653941445,1653941445);
INSERT INTO player_score VALUES('5f4d1da15',86,'33b8eb4c5','3b6f87cb0',116380,2412,1653921423,1653921423);
INSERT INTO player_score VALUES('4f76090a5',86,'33b8eb4c5','3d1408b55',9072,1582,1653496217,1653496217);
INSERT INTO player_score VALUES('594dfc7a5',86,'33b8eb4c5','481feab23',9576,2144,1653760453,1653760453);
INSERT INTO player_score VALUES('60d3c281b',86,'33b8eb4c5','4c546a31e',232407,2461,1653962385,1653962385);
INSERT INTO player_score VALUES('63437b5d6',86,'33b8eb4c5','5975708f0',466650,2474,1654027787,1654027787);
INSERT INTO player_score VALUES('603a3cc38',86,'33b8eb4c5','5e0141977',114988,2548,1653946287,1653946287);
INSERT INTO player_score VALUES('622fd9d62',86,'33b8eb4c5','6139ed4ef',75888,2304,1653998885,1653998885);
INSERT INTO player_score VALUES('4fa1be051',86,'33d57b517','39edc75cd',59892,1745,1653500800,1653500800);
INSERT INTO player_score VALUES('62d45c1bc',86,'33d57b517','3b6f87cb0',45276,2636,1654016135,1654016135);
INSERT INTO player_score VALUES('4ecb8c06d',86,'33d57b517','3d1408b55',20706,1523,1653478340,1653478340);
INSERT INTO player_score VALUES('63b57e5fa',86,'33d57b517','4570fc372',40560,2663,1654039742,1654039742);
INSERT INTO player_score VALUES('631a683c8',86,'33d57b517','4c546a31e',99792,2712,1654023480,1654023480);
INSERT INTO player_score VALUES('629853713',86,'33d57b517','5574312f7',20286,2321,1654009840,1654009840);
INSERT INTO player_score VALUES('636926ead',86,'33d57b517','5975708f0',30090,2520,1654031737,1654031737);
INSERT INTO player_score VALUES('6031ff62d',86,'33d57b517','5e0141977',9504,2520,1653945423,1653945423);
INSERT INTO player_score VALUES('6235e5b31',86,'33d57b517','6139ed4ef',153135,2355,1653999519,1653999519);
INSERT INTO player_score VALUES('4e24b3a1e',86,'33e404059','39edc75cd',392700,1627,1653460845,1653460845);
INSERT INTO player_score VALUES('63818c0ce',86,'33e404059','3b6f87cb0',19992,2688,1654034295,1654034295);
INSERT INTO player_score VALUES('4fc8c6b1d',86,'33e404059','3d1408b55',153720,1619,1653504893,1653504893);
INSERT INTO player_score VALUES('62d7bc5f5',86,'33e404059','4570fc372',346500,2588,1654016489,1654016489);
INSERT INTO player_score VALUES('59a474b10',86,'33e404059','481feab23',204672,2181,1653769520,1653769520);
INSERT INTO player_score VALUES('63a07e67b',86,'33e404059','4c546a31e',189720,2775,1654037540,1654037540);
INSERT INTO player_score VALUES('635f1c21b',86,'33e404059','5574312f7',350464,2474,1654030684,1654030684);
INSERT INTO player_score VALUES('636c4f04b',86,'33e404059','5975708f0',41515,2522,1654032068,1654032068);
INSERT INTO player_score VALUES('602daafb8',86,'33e404059','5e0141977',6786,2496,1653944969,1653944969);
INSERT INTO player_score VALUES('62343a734',86,'33e404059','6139ed4ef',4554,2337,1653999344,1653999344);
INSERT INTO player_score VALUES('4f60853bb',86,'3431213c0','39edc75cd',405072,1715,1653493961,1653493961);
INSERT INTO player_score VALUES('635d4c40f',86,'3431213c0','3b6f87cb0',1674,2677,1654030494,1654030494);
INSERT INTO player_score VALUES('50400ae7a',86,'3431213c0','3d1408b55',9792,1650,1653517399,1653517399);
INSERT INTO player_score VALUES('6314fb103',86,'3431213c0','4570fc372',960,2610,1654022911,1654022911);
INSERT INTO player_score VALUES('5a61f1017',86,'3431213c0','481feab23',33800,2280,1653789389,1653789389);
INSERT INTO player_score VALUES('63af2e2c3',86,'3431213c0','4c546a31e',277500,2780,1654039080,1654039080);
INSERT INTO player_score VALUES('63b93418c',86,'3431213c0','5574312f7',196272,2552,1654040131,1654040131);
INSERT INTO player_score VALUES('635af3ac3',86,'3431213c0','5975708f0',5508,2506,1654030248,1654030248);
INSERT INTO player_score VALUES('601e94ae8',86,'3431213c0','5e0141977',373428,2433,1653943387,1653943387);
INSERT INTO player_score VALUES('622ed70df',86,'3431213c0','6139ed4ef',39585,2295,1653998779,1653998779);
INSERT INTO player_score VALUES('4f895dca4',86,'34e67fe7d','39edc75cd',11928,1733,1653498244,1653498244);
INSERT INTO player_score VALUES('617efb884',86,'34e67fe7d','3b6f87cb0',290224,2552,1653980339,1653980339);
INSERT INTO player_score VALUES('4f92c020d',86,'34e67fe7d','3d1408b55',116640,1591,1653499228,1653499228);
INSERT INTO player_score VALUES('633bf5162',86,'34e67fe7d','4570fc372',132480,2621,1654026998,1654026998);
INSERT INTO player_score VALUES('63a4368cc',86,'34e67fe7d','4c546a31e',1575,2778,1654037930,1654037930);
INSERT INTO player_score VALUES('61c0f79eb',86,'34e67fe7d','5574312f7',263160,2148,1653987258,1653987258);
INSERT INTO player_score VALUES('6343bad8e',86,'34e67fe7d','5975708f0',49104,2475,1654027813,1654027813);
INSERT INTO player_score VALUES('602cd425b',86,'34e67fe7d','5e0141977',15840,2490,1653944881,1653944881);
INSERT INTO player_score VALUES('623d44ea3',86,'34e67fe7d','6139ed4ef',210535,2443,1654000292,1654000292);
INSERT INTO player_score VALUES('4f867a0b4',86,'3551b14d7','39edc75cd',129024,1731,1653497941,1653497941);
INSERT INTO player_score VALUES('630e444f6',86,'3551b14d7','3b6f87cb0',33696,2659,1654022207,1654022207);
INSERT INTO player_score VALUES('5002d5f7b',86,'3551b14d7','3d1408b55',504900,1632,1653510981,1653510981);
INSERT INTO player_score VALUES('62cc60a83',86,'3551b14d7','4570fc372',19440,2580,1654015298,1654015298);
INSERT INTO player_score VALUES('597ff7dfa',86,'3551b14d7','481feab23',450500,2165,1653765694,1653765694);
INSERT INTO player_score VALUES('621ee294b',86,'3551b14d7','4c546a31e',105468,2610,1653997106,1653997106);
INSERT INTO player_score VALUES('63bf49b7e',86,'3551b14d7','5574312f7',13195,2554,1654040769,1654040769);
INSERT INTO player_score VALUES('6266d6fe8',86,'3551b14d7','5975708f0',8840,2262,1654004651,1654004651);
INSERT INTO player_score VALUES('6013c9002',86,'3551b14d7','5e0141977',110808,2383,1653942255,1653942255);
INSERT INTO player_score VALUES('621c5b9b9',86,'3551b14d7','6139ed4ef',23100,2142,1653996841,1653996841);
INSERT INTO player_score VALUES('4bd4f2607',86,'35dbd2a07','39edc75cd',31806,1442,1653398795,1653398795);
INSERT INTO player_score VALUES('636444ead',86,'35dbd2a07','3b6f87cb0',94572,2679,1654031225,1654031225);
INSERT INTO player_score VALUES('4f5e143f0',86,'35dbd2a07','3d1408b55',120615,1572,1653493705,1653493705);
INSERT INTO player_score VALUES('62f6f7f92',86,'35dbd2a07','4570fc372',7938,2597,1654019764,1654019764);
INSERT INTO player_score VALUES('5a73d9f50',86,'35dbd2a07','481feab23',102960,2290,1653791267,1653791267);
INSERT INTO player_score VALUES('63802eeab',86,'35dbd2a07','4c546a31e',162582,2766,1654034152,1654034152);
INSERT INTO player_score VALUES('630746c84',86,'35dbd2a07','5574312f7',111569,2407,1654021474,1654021474);
INSERT INTO player_score VALUES('62cd1ca0d',86,'35dbd2a07','5975708f0',203136,2362,1654015375,1654015375);
INSERT INTO player_score VALUES('5fe2034ef',86,'35dbd2a07','5e0141977',173448,2168,1653937036,1653937036);
INSERT INTO player_score VALUES('622c0bb64',86,'35dbd2a07','6139ed4ef',2280,2271,1653998486,1653998486);
INSERT INTO player_score VALUES('4d0fed20f',86,'35dc84da9','39edc75cd',39744,1557,1653431823,1653431823);
INSERT INTO player_score VALUES('5b34f38d4',86,'35dc84da9','3b6f87cb0',334152,2111,1653811515,1653811515);
INSERT INTO player_score VALUES('4fffa4169',86,'35dc84da9','3d1408b55',116550,1631,1653510646,1653510646);
INSERT INTO player_score VALUES('6253e65dd',86,'35dc84da9','4570fc372',79200,2544,1654002665,1654002665);
INSERT INTO player_score VALUES('591aed30c',86,'35dc84da9','481feab23',361080,2123,1653755099,1653755099);
INSERT INTO player_score VALUES('6337688c9',86,'35dc84da9','4c546a31e',27840,2728,1654026521,1654026521);
INSERT INTO player_score VALUES('637462e73',86,'35dc84da9','5574312f7',248400,2493,1654032915,1654032915);
INSERT INTO player_score VALUES('6390f2e76',86,'35dc84da9','5975708f0',653864,2560,1654035910,1654035910);
INSERT INTO player_score VALUES('602dc0f6b',86,'35dc84da9','5e0141977',52768,2497,1653944978,1653944978);
INSERT INTO player_score VALUES('623abdedf',86,'35dc84da9','6139ed4ef',412160,2417,1654000027,1654000027);
INSERT INTO player_score VALUES('4f759b2d8',86,'366c29519','39edc75cd',252560,1724,1653496172,1653496172);
INSERT INTO player_score VALUES('62f54563f',86,'366c29519','3b6f87cb0',36036,2645,1654019586,1654019586);
INSERT INTO player_score VALUES('4fb730bc0',86,'366c29519','3d1408b55',14490,1611,1653503049,1653503049);
INSERT INTO player_score VALUES('61f998ad7',86,'366c29519','4570fc372',317900,2512,1653993196,1653993196);
INSERT INTO player_score VALUES('5882df663',86,'366c29519','481feab23',85680,2045,1653739155,1653739155);
INSERT INTO player_score VALUES('607eff49a',86,'366c29519','4c546a31e',178425,2419,1653953497,1653953497);
INSERT INTO player_score VALUES('639346a0a',86,'366c29519','5574312f7',66150,2520,1654036154,1654036154);
INSERT INTO player_score VALUES('62f7dd774',86,'366c29519','5975708f0',16284,2400,1654019858,1654019858);
INSERT INTO player_score VALUES('60319182b',86,'366c29519','5e0141977',196650,2517,1653945378,1653945378);
INSERT INTO player_score VALUES('62381e891',86,'366c29519','6139ed4ef',160000,2390,1653999752,1653999752);
INSERT INTO player_score VALUES('6210b1c5b',86,'369eecec2','3b6f87cb0',286209,2583,1653995618,1653995618);
INSERT INTO player_score VALUES('6386d9788',86,'369eecec2','4570fc372',15812,2646,1654034851,1654034851);
INSERT INTO player_score VALUES('584f5fcd8',86,'369eecec2','481feab23',73632,2019,1653733755,1653733755);
INSERT INTO player_score VALUES('6344e7261',86,'369eecec2','4c546a31e',132480,2736,1654027936,1654027936);
INSERT INTO player_score VALUES('634db6ff6',86,'369eecec2','5574312f7',50622,2457,1654028860,1654028860);
INSERT INTO player_score VALUES('636879980',86,'369eecec2','5975708f0',62160,2517,1654031666,1654031666);
INSERT INTO player_score VALUES('601861c4d',86,'369eecec2','5e0141977',602,2403,1653942737,1653942737);
INSERT INTO player_score VALUES('62358b5f2',86,'369eecec2','6139ed4ef',14280,2351,1653999482,1653999482);
INSERT INTO player_score VALUES('4eeeae287',86,'3720c7199','39edc75cd',88407,1684,1653482024,1653482024);
INSERT INTO player_score VALUES('638d90394',86,'3720c7199','3b6f87cb0',83850,2691,1654035555,1654035555);
INSERT INTO player_score VALUES('50059c6de',86,'3720c7199','3d1408b55',1738,1634,1653511272,1653511272);
INSERT INTO player_score VALUES('5f3340894',86,'3720c7199','4570fc372',71176,2273,1653918711,1653918711);
INSERT INTO player_score VALUES('5a001d0f6',86,'3720c7199','481feab23',382976,2231,1653779131,1653779131);
INSERT INTO player_score VALUES('6213364cd',86,'3720c7199','4c546a31e',200508,2604,1653995882,1653995882);
INSERT INTO player_score VALUES('6359e98fb',86,'3720c7199','5574312f7',130130,2469,1654030139,1654030139);
INSERT INTO player_score VALUES('63b1bc777',86,'3720c7199','5975708f0',6138,2582,1654039348,1654039348);
INSERT INTO player_score VALUES('6039c03db',86,'3720c7199','5e0141977',425292,2545,1653946236,1653946236);
INSERT INTO player_score VALUES('4fd18cc58',86,'382da33b6','39edc75cd',20350,1758,1653505813,1653505813);
INSERT INTO player_score VALUES('639fee5f2',86,'382da33b6','3b6f87cb0',376200,2694,1654037481,1654037481);
INSERT INTO player_score VALUES('4e82b972f',86,'382da33b6','3d1408b55',3240,1499,1653470704,1653470704);
INSERT INTO player_score VALUES('60993b9c2',86,'382da33b6','4570fc372',41216,2396,1653956248,1653956248);
INSERT INTO player_score VALUES('5a7dac9b2',86,'382da33b6','481feab23',40404,2294,1653792297,1653792297);
INSERT INTO player_score VALUES('6119dfba0',86,'382da33b6','4c546a31e',47348,2499,1653969737,1653969737);
INSERT INTO player_score VALUES('639b9788d',86,'382da33b6','5574312f7',77517,2526,1654037026,1654037026);
INSERT INTO player_score VALUES('6369d6b1a',86,'382da33b6','5975708f0',7200,2521,1654031809,1654031809);
INSERT INTO player_score VALUES('601cf3362',86,'382da33b6','5e0141977',21624,2425,1653943216,1653943216);
INSERT INTO player_score VALUES('62294062f',86,'382da33b6','6139ed4ef',371070,2253,1653998193,1653998193);
INSERT INTO player_score VALUES('4fb4ebb07',86,'38928e33a','39edc75cd',297,1749,1653502811,1653502811);
INSERT INTO player_score VALUES('624c0aa4d',86,'38928e33a','3b6f87cb0',148428,2598,1654001841,1654001841);
INSERT INTO player_score VALUES('4ed92f3ec',86,'38928e33a','3d1408b55',241488,1526,1653479770,1653479770);
INSERT INTO player_score VALUES('60a4b7100',86,'38928e33a','4570fc372',13728,2402,1653957452,1653957452);
INSERT INTO player_score VALUES('61baf318d',86,'38928e33a','5574312f7',201760,2143,1653986627,1653986627);
INSERT INTO player_score VALUES('639c649b8',86,'38928e33a','5975708f0',211653,2567,1654037110,1654037110);
INSERT INTO player_score VALUES('6027c6357',86,'38928e33a','5e0141977',113400,2473,1653944351,1653944351);
INSERT INTO player_score VALUES('63a439021',86,'39551d543','3b6f87cb0',147840,2695,1654037931,1654037931);
INSERT INTO player_score VALUES('4fadf300f',86,'39551d543','3d1408b55',98496,1605,1653502080,1653502080);
INSERT INTO player_score VALUES('63b80cad8',86,'39551d543','4570fc372',52920,2664,1654040010,1654040010);
INSERT INTO player_score VALUES('5a6d874c4',86,'39551d543','481feab23',47952,2285,1653790604,1653790604);
INSERT INTO player_score VALUES('6231bd3f3',86,'39551d543','4c546a31e',376960,2618,1653999083,1653999083);
INSERT INTO player_score VALUES('63963de17',86,'39551d543','5975708f0',95880,2563,1654036465,1654036465);
INSERT INTO player_score VALUES('603404f67',86,'39551d543','5e0141977',51471,2528,1653945635,1653945635);
INSERT INTO player_score VALUES('622630b34',86,'39551d543','6139ed4ef',3808,2224,1653997872,1653997872);
INSERT INTO player_score VALUES('4f41dc1e3',86,'396859a3f','39edc75cd',9324,1701,1653490746,1653490746);
INSERT INTO player_score VALUES('623e82488',86,'396859a3f','3b6f87cb0',13398,2595,1654000422,1654000422);
INSERT INTO player_score VALUES('4f4451fc9',86,'396859a3f','3d1408b55',0,1558,1653491004,1653491004);
INSERT INTO player_score VALUES('617b1ec09',86,'396859a3f','4570fc372',107136,2473,1653979934,1653979934);
INSERT INTO player_score VALUES('5a0ae165d',86,'396859a3f','481feab23',130305,2239,1653780260,1653780260);
INSERT INTO player_score VALUES('629517d33',86,'396859a3f','4c546a31e',438372,2657,1654009501,1654009501);
INSERT INTO player_score VALUES('6365bce91',86,'396859a3f','5574312f7',75504,2481,1654031379,1654031379);
INSERT INTO player_score VALUES('601233bcc',86,'396859a3f','5e0141977',106272,2376,1653942089,1653942089);
INSERT INTO player_score VALUES('623c5f679',86,'396859a3f','6139ed4ef',301860,2429,1654000198,1654000198);
INSERT INTO player_score VALUES('4f162e7a4',86,'3990c1e34','39edc75cd',248850,1692,1653486166,1653486166);
INSERT INTO player_score VALUES('62d7f4851',86,'3990c1e34','3b6f87cb0',223110,2639,1654016512,1654016512);
INSERT INTO player_score VALUES('505739fc2',86,'3990c1e34','3d1408b55',16428,1659,1653519830,1653519830);
INSERT INTO player_score VALUES('5f18ff580',86,'3990c1e34','4570fc372',52136,2263,1653915958,1653915958);
INSERT INTO player_score VALUES('597b2bd9c',86,'3990c1e34','481feab23',79920,2161,1653765191,1653765191);
INSERT INTO player_score VALUES('630fb4fa6',86,'3990c1e34','4c546a31e',78720,2710,1654022358,1654022358);
INSERT INTO player_score VALUES('63a46eb55',86,'3990c1e34','5574312f7',25284,2536,1654037953,1654037953);
INSERT INTO player_score VALUES('638d2256a',86,'3990c1e34','5975708f0',14760,2554,1654035510,1654035510);
INSERT INTO player_score VALUES('602d817cd',86,'3990c1e34','5e0141977',84656,2494,1653944952,1653944952);
INSERT INTO player_score VALUES('62289f444',86,'3990c1e34','6139ed4ef',75840,2246,1653998127,1653998127);
INSERT INTO player_score VALUES('629d6644a',86,'3a06c163e','3b6f87cb0',14535,2622,1654010372,1654010372);
INSERT INTO player_score VALUES('4f537bd5f',86,'3a06c163e','3d1408b55',42300,1567,1653492594,1653492594);
INSERT INTO player_score VALUES('619860fbd',86,'3a06c163e','4570fc372',23944,2486,1653983002,1653983002);
INSERT INTO player_score VALUES('58f387b88',86,'3a06c163e','481feab23',44982,2103,1653750968,1653750968);
INSERT INTO player_score VALUES('614e892fc',86,'3a06c163e','4c546a31e',619520,2524,1653975259,1653975259);
INSERT INTO player_score VALUES('63c2ee507',86,'3a06c163e','5574312f7',17864,2558,1654041151,1654041151);
INSERT INTO player_score VALUES('5ffb728a7',86,'3a06c163e','5e0141977',5168,2279,1653939703,1653939703);
INSERT INTO player_score VALUES('6239d86fd',86,'3a06c163e','6139ed4ef',35776,2409,1653999933,1653999933);
INSERT INTO player_score VALUES('4f1f20818',86,'3b342a0a2','39edc75cd',124867,1695,1653487104,1653487104);
INSERT INTO player_score VALUES('632dc92c6',86,'3b342a0a2','3b6f87cb0',169012,2665,1654025512,1654025512);
INSERT INTO player_score VALUES('4f52ebcb9',86,'3b342a0a2','3d1408b55',249480,1566,1653492535,1653492535);
INSERT INTO player_score VALUES('634a8c725',86,'3b342a0a2','4570fc372',5760,2626,1654028528,1654028528);
INSERT INTO player_score VALUES('5a68bdb74',86,'3b342a0a2','481feab23',43560,2283,1653790102,1653790102);
INSERT INTO player_score VALUES('63bbbff39',86,'3b342a0a2','4c546a31e',141375,2783,1654040398,1654040398);
INSERT INTO player_score VALUES('63a76d51c',86,'3b342a0a2','5574312f7',50431,2542,1654038267,1654038267);
INSERT INTO player_score VALUES('62c93d6f4',86,'3b342a0a2','5975708f0',353280,2359,1654014969,1654014969);
INSERT INTO player_score VALUES('602781d96',86,'3b342a0a2','5e0141977',126126,2471,1653944323,1653944323);
INSERT INTO player_score VALUES('6225f1378',86,'3b342a0a2','6139ed4ef',159732,2221,1653997846,1653997846);
INSERT INTO player_score VALUES('4f92439e9',86,'3b5d7a344','39edc75cd',253134,1738,1653499177,1653499177);
INSERT INTO player_score VALUES('5fd9ef703',86,'3b5d7a344','3b6f87cb0',302412,2450,1653936189,1653936189);
INSERT INTO player_score VALUES('501728988',86,'3b5d7a344','3d1408b55',67260,1637,1653513112,1653513112);
INSERT INTO player_score VALUES('630b2fc03',86,'3b5d7a344','4570fc372',375830,2606,1654021884,1654021884);
INSERT INTO player_score VALUES('5a3beb1d3',86,'3b5d7a344','481feab23',2112,2254,1653785402,1653785402);
INSERT INTO player_score VALUES('62d9f2c3f',86,'3b5d7a344','4c546a31e',135408,2683,1654016721,1654016721);
INSERT INTO player_score VALUES('636fa5822',86,'3b5d7a344','5574312f7',46872,2488,1654032418,1654032418);
INSERT INTO player_score VALUES('60384ab6f',86,'3b5d7a344','5e0141977',72520,2541,1653946083,1653946083);
INSERT INTO player_score VALUES('623c81994',86,'3b5d7a344','6139ed4ef',2046,2434,1654000212,1654000212);
INSERT INTO player_score VALUES('4ee18c5c0',86,'3ca2368c1','39edc75cd',231240,1678,1653480647,1653480647);
INSERT INTO player_score VALUES('63b3d3207',86,'3ca2368c1','3b6f87cb0',36855,2697,1654039567,1654039567);
INSERT INTO player_score VALUES('4c34ecb14',86,'3ca2368c1','3d1408b55',33488,1306,1653408859,1653408859);
INSERT INTO player_score VALUES('62772aad5',86,'3ca2368c1','4570fc372',58500,2554,1654006363,1654006363);
INSERT INTO player_score VALUES('5a423b550',86,'3ca2368c1','481feab23',97500,2262,1653786064,1653786064);
INSERT INTO player_score VALUES('6389df630',86,'3ca2368c1','4c546a31e',135360,2768,1654035168,1654035168);
INSERT INTO player_score VALUES('62b1e4dc8',86,'3ca2368c1','5574312f7',17472,2341,1654012521,1654012521);
INSERT INTO player_score VALUES('628faaa77',86,'3ca2368c1','5975708f0',53856,2305,1654008932,1654008932);
INSERT INTO player_score VALUES('6030d7f63',86,'3ca2368c1','5e0141977',441180,2512,1653945302,1653945302);
INSERT INTO player_score VALUES('623285730',86,'3ca2368c1','6139ed4ef',67200,2320,1653999165,1653999165);
INSERT INTO player_score VALUES('4f8ca32bd',86,'3cf6effb2','39edc75cd',41472,1735,1653498587,1653498587);
INSERT INTO player_score VALUES('6378c10f5',86,'3cf6effb2','3b6f87cb0',164340,2685,1654033373,1654033373);
INSERT INTO player_score VALUES('4ec1e7c67',86,'3cf6effb2','3d1408b55',138180,1519,1653477329,1653477329);
INSERT INTO player_score VALUES('61ab9fc15',86,'3cf6effb2','4570fc372',7616,2493,1653985020,1653985020);
INSERT INTO player_score VALUES('605a0fbb3',86,'3cf6effb2','4c546a31e',614295,2396,1653949624,1653949624);
INSERT INTO player_score VALUES('62c4875e5',86,'3cf6effb2','5574312f7',19800,2352,1654014475,1654014475);
INSERT INTO player_score VALUES('62d2b0dcc',86,'3cf6effb2','5975708f0',131936,2366,1654015960,1654015960);
INSERT INTO player_score VALUES('603163251',86,'3cf6effb2','5e0141977',463275,2516,1653945359,1653945359);
INSERT INTO player_score VALUES('6231914bf',86,'3cf6effb2','6139ed4ef',97240,2314,1653999065,1653999065);
INSERT INTO player_score VALUES('4f5ef74b9',86,'3df970c16','39edc75cd',27225,1714,1653493798,1653493798);
INSERT INTO player_score VALUES('617644130',86,'3df970c16','3b6f87cb0',152515,2547,1653979425,1653979425);
INSERT INTO player_score VALUES('4fa08cd45',86,'3df970c16','3d1408b55',117150,1599,1653500675,1653500675);
INSERT INTO player_score VALUES('61ab82717',86,'3df970c16','4570fc372',226044,2492,1653985008,1653985008);
INSERT INTO player_score VALUES('57edbf1f5',86,'3df970c16','481feab23',13090,1977,1653723518,1653723518);
INSERT INTO player_score VALUES('60e42c2bc',86,'3df970c16','4c546a31e',7372,2473,1653964106,1653964106);
INSERT INTO player_score VALUES('637b40b8d',86,'3df970c16','5574312f7',756,2499,1654033635,1654033635);
INSERT INTO player_score VALUES('62b7f0b87',86,'3df970c16','5975708f0',391680,2343,1654013155,1654013155);
INSERT INTO player_score VALUES('623b70258',86,'3df970c16','6139ed4ef',452400,2421,1654000100,1654000100);
INSERT INTO player_score VALUES('4d22a80b5',86,'3e74a2d25','39edc75cd',17850,1567,1653433787,1653433787);
INSERT INTO player_score VALUES('63b984ab3',86,'3e74a2d25','3b6f87cb0',31620,2698,1654040164,1654040164);
INSERT INTO player_score VALUES('4fb32ce97',86,'3e74a2d25','3d1408b55',29920,1608,1653502628,1653502628);
INSERT INTO player_score VALUES('638a1036a',86,'3e74a2d25','4570fc372',31200,2648,1654035188,1654035188);
INSERT INTO player_score VALUES('5a62e0437',86,'3e74a2d25','481feab23',1650,2281,1653789487,1653789487);
INSERT INTO player_score VALUES('60ef6d078',86,'3e74a2d25','4c546a31e',112320,2480,1653965286,1653965286);
INSERT INTO player_score VALUES('63b6d911f',86,'3e74a2d25','5574312f7',18144,2551,1654039884,1654039884);
INSERT INTO player_score VALUES('6336a05c1',86,'3e74a2d25','5975708f0',240570,2459,1654026439,1654026439);
INSERT INTO player_score VALUES('6239dd50f',86,'3e74a2d25','6139ed4ef',71060,2410,1653999935,1653999935);
INSERT INTO player_score VALUES('4fc44dad2',86,'3ee3fa3e5','39edc75cd',37440,1755,1653504424,1653504424);
INSERT INTO player_score VALUES('6117034e8',86,'3ee3fa3e5','3b6f87cb0',175890,2520,1653969437,1653969437);
INSERT INTO player_score VALUES('4fb478f01',86,'3ee3fa3e5','3d1408b55',128340,1609,1653502764,1653502764);
INSERT INTO player_score VALUES('61dae35d2',86,'3ee3fa3e5','4570fc372',94848,2508,1653989976,1653989976);
INSERT INTO player_score VALUES('57de201b0',86,'3ee3fa3e5','481feab23',848,1969,1653721880,1653721880);
INSERT INTO player_score VALUES('62679cbc2',86,'3ee3fa3e5','4c546a31e',1404,2641,1654004732,1654004732);
INSERT INTO player_score VALUES('6209b9183',86,'3ee3fa3e5','5975708f0',9796,2151,1653994887,1653994887);
INSERT INTO player_score VALUES('60372d11c',86,'3ee3fa3e5','5e0141977',5280,2537,1653945966,1653945966);
INSERT INTO player_score VALUES('623716def',86,'3ee3fa3e5','6139ed4ef',77350,2378,1653999644,1653999644);
INSERT INTO player_score VALUES('4d9a5a27f',86,'3eff5436c','39edc75cd',142100,1593,1653446338,1653446338);
INSERT INTO player_score VALUES('61f58d896',86,'3eff5436c','3b6f87cb0',34314,2579,1653992772,1653992772);
INSERT INTO player_score VALUES('4e5bae55c',86,'3eff5436c','3d1408b55',688500,1485,1653466610,1653466610);
INSERT INTO player_score VALUES('637434837',86,'3eff5436c','4c546a31e',10800,2761,1654032896,1654032896);
INSERT INTO player_score VALUES('638526e49',86,'3eff5436c','5574312f7',276184,2507,1654034673,1654034673);
INSERT INTO player_score VALUES('6309a9226',86,'3eff5436c','5975708f0',1872,2422,1654021724,1654021724);
INSERT INTO player_score VALUES('6022dcdf5',86,'3eff5436c','5e0141977',4125,2451,1653943836,1653943836);
INSERT INTO player_score VALUES('622851228',86,'3eff5436c','6139ed4ef',5940,2244,1653998095,1653998095);
INSERT INTO player_score VALUES('4d663e4cd',86,'3f4e80c0f','39edc75cd',50050,1582,1653440874,1653440874);
INSERT INTO player_score VALUES('5e58f4bd7',86,'3f4e80c0f','3b6f87cb0',233496,2350,1653895821,1653895821);
INSERT INTO player_score VALUES('4ef48ba13',86,'3f4e80c0f','3d1408b55',249480,1536,1653482639,1653482639);
INSERT INTO player_score VALUES('61529e176',86,'3f4e80c0f','4570fc372',99840,2460,1653975687,1653975687);
INSERT INTO player_score VALUES('59b887dc6',86,'3f4e80c0f','481feab23',111520,2189,1653771625,1653771625);
INSERT INTO player_score VALUES('6291648e0',86,'3f4e80c0f','4c546a31e',236880,2656,1654009113,1654009113);
INSERT INTO player_score VALUES('6386448cd',86,'3f4e80c0f','5574312f7',23115,2508,1654034790,1654034790);
INSERT INTO player_score VALUES('62f9493b3',86,'3f4e80c0f','5975708f0',82250,2404,1654020007,1654020007);
INSERT INTO player_score VALUES('62394ad57',86,'3f4e80c0f','6139ed4ef',2625,2403,1653999875,1653999875);
INSERT INTO player_score VALUES('4f7918bf5',86,'3f68a7159','39edc75cd',38628,1726,1653496538,1653496538);
INSERT INTO player_score VALUES('637a628aa',86,'3f68a7159','3b6f87cb0',312417,2686,1654033544,1654033544);
INSERT INTO player_score VALUES('4d086bc0b',86,'3f68a7159','3d1408b55',17100,1387,1653431036,1653431036);
INSERT INTO player_score VALUES('6359d3926',86,'3f68a7159','4570fc372',114026,2631,1654030130,1654030130);
INSERT INTO player_score VALUES('5a3cc1f6e',86,'3f68a7159','481feab23',14076,2258,1653785490,1653785490);
INSERT INTO player_score VALUES('62fbc3fc3',86,'3f68a7159','4c546a31e',28905,2700,1654020267,1654020267);
INSERT INTO player_score VALUES('63be24bfe',86,'3f68a7159','5574312f7',6720,2553,1654040649,1654040649);
INSERT INTO player_score VALUES('630df8a51',86,'3f68a7159','5975708f0',4800,2429,1654022176,1654022176);
INSERT INTO player_score VALUES('6030e1bd3',86,'3f68a7159','5e0141977',9588,2513,1653945306,1653945306);
INSERT INTO player_score VALUES('6233660ad',86,'3f68a7159','6139ed4ef',237762,2327,1653999257,1653999257);
INSERT INTO player_score VALUES('4ed1c1614',86,'3feb9eea3','39edc75cd',840,1674,1653478991,1653478991);
INSERT INTO player_score VALUES('5fbb0bbab',86,'3feb9eea3','3b6f87cb0',32175,2435,1653932950,1653932950);
INSERT INTO player_score VALUES('5021c5e35',86,'3feb9eea3','3d1408b55',29304,1639,1653514225,1653514225);
INSERT INTO player_score VALUES('639e14b9e',86,'3feb9eea3','4570fc372',274176,2654,1654037287,1654037287);
INSERT INTO player_score VALUES('5a02e112c',86,'3feb9eea3','481feab23',16430,2232,1653779421,1653779421);
INSERT INTO player_score VALUES('6392379d5',86,'3feb9eea3','5574312f7',32130,2519,1654036043,1654036043);
INSERT INTO player_score VALUES('633077321',86,'3feb9eea3','5975708f0',6660,2455,1654025793,1654025793);
INSERT INTO player_score VALUES('6019c8a5d',86,'3feb9eea3','5e0141977',39672,2406,1653942884,1653942884);
INSERT INTO player_score VALUES('623dade26',86,'3feb9eea3','6139ed4ef',199578,2447,1654000335,1654000335);
INSERT INTO player_score VALUES('4fc655b26',86,'4099e2be5','39edc75cd',64258,1757,1653504637,1653504637);
INSERT INTO player_score VALUES('61241b5df',86,'4099e2be5','3b6f87cb0',36432,2524,1653970810,1653970810);
INSERT INTO player_score VALUES('50089b075',86,'4099e2be5','3d1408b55',11648,1635,1653511586,1653511586);
INSERT INTO player_score VALUES('608c23901',86,'4099e2be5','4570fc372',208320,2390,1653954875,1653954875);
INSERT INTO player_score VALUES('5a04eb869',86,'4099e2be5','481feab23',381672,2236,1653779635,1653779635);
INSERT INTO player_score VALUES('62993b606',86,'4099e2be5','4c546a31e',13530,2659,1654009935,1654009935);
INSERT INTO player_score VALUES('62f18379c',86,'4099e2be5','5574312f7',152928,2386,1654019192,1654019192);
INSERT INTO player_score VALUES('6356d4fe5',86,'4099e2be5','5975708f0',23760,2497,1654029816,1654029816);
INSERT INTO player_score VALUES('602097cfe',86,'4099e2be5','5e0141977',85680,2443,1653943598,1653943598);
INSERT INTO player_score VALUES('6237fecfb',86,'4099e2be5','6139ed4ef',344925,2389,1653999739,1653999739);
INSERT INTO player_score VALUES('4f943334d',86,'413fac230','39edc75cd',1365,1739,1653499380,1653499380);
INSERT INTO player_score VALUES('6395a413f',86,'413fac230','4570fc372',124080,2652,1654036402,1654036402);
INSERT INTO player_score VALUES('580f7a623',86,'413fac230','481feab23',80808,1993,1653727055,1653727055);
INSERT INTO player_score VALUES('630685e78',86,'413fac230','4c546a31e',39184,2704,1654021395,1654021395);
INSERT INTO player_score VALUES('63272d44b',86,'413fac230','5574312f7',27000,2430,1654024819,1654024819);
INSERT INTO player_score VALUES('62b2ea178',86,'413fac230','5975708f0',159390,2340,1654012628,1654012628);
INSERT INTO player_score VALUES('602c94a7b',86,'413fac230','5e0141977',2444,2489,1653944855,1653944855);
INSERT INTO player_score VALUES('6238b857c',86,'413fac230','6139ed4ef',18620,2396,1653999815,1653999815);
INSERT INTO player_score VALUES('4f78f41b5',86,'416557b46','39edc75cd',8174,1725,1653496523,1653496523);
INSERT INTO player_score VALUES('630fa8c1a',86,'416557b46','3b6f87cb0',12180,2660,1654022353,1654022353);
INSERT INTO player_score VALUES('50232cc43',86,'416557b46','3d1408b55',108928,1641,1653514372,1653514372);
INSERT INTO player_score VALUES('609942eee',86,'416557b46','4570fc372',104832,2397,1653956251,1653956251);
INSERT INTO player_score VALUES('5a4452000',86,'416557b46','481feab23',17556,2265,1653786283,1653786283);
INSERT INTO player_score VALUES('6327a0074',86,'416557b46','4c546a31e',133770,2715,1654024866,1654024866);
INSERT INTO player_score VALUES('639e8eca6',86,'416557b46','5574312f7',168168,2529,1654037337,1654037337);
INSERT INTO player_score VALUES('63740affc',86,'416557b46','5975708f0',15125,2531,1654032879,1654032879);
INSERT INTO player_score VALUES('6030b5cbc',86,'416557b46','5e0141977',127680,2510,1653945288,1653945288);
INSERT INTO player_score VALUES('62374c977',86,'416557b46','6139ed4ef',178200,2379,1653999666,1653999666);
INSERT INTO player_score VALUES('4f57c8e5f',86,'4194b3bb2','39edc75cd',24510,1710,1653493045,1653493045);
INSERT INTO player_score VALUES('633eaf593',86,'4194b3bb2','3b6f87cb0',12600,2669,1654027284,1654027284);
INSERT INTO player_score VALUES('4f32d475e',86,'4194b3bb2','3d1408b55',516040,1553,1653489170,1653489170);
INSERT INTO player_score VALUES('62f71545c',86,'4194b3bb2','4570fc372',112880,2598,1654019776,1654019776);
INSERT INTO player_score VALUES('59a5ea3ba',86,'4194b3bb2','481feab23',14508,2182,1653769673,1653769673);
INSERT INTO player_score VALUES('60e660249',86,'4194b3bb2','4c546a31e',232800,2475,1653964337,1653964337);
INSERT INTO player_score VALUES('6323f4137',86,'4194b3bb2','5574312f7',66528,2428,1654024481,1654024481);
INSERT INTO player_score VALUES('62f994e7a',86,'4194b3bb2','5975708f0',40420,2405,1654020038,1654020038);
INSERT INTO player_score VALUES('6012bc746',86,'4194b3bb2','5e0141977',87552,2379,1653942145,1653942145);
INSERT INTO player_score VALUES('6235bea14',86,'4194b3bb2','6139ed4ef',12480,2353,1653999503,1653999503);
INSERT INTO player_score VALUES('4f978262a',86,'429299472','39edc75cd',245284,1742,1653499727,1653499727);
INSERT INTO player_score VALUES('5fe21467a',86,'429299472','3b6f87cb0',48720,2451,1653937043,1653937043);
INSERT INTO player_score VALUES('503db9a5c',86,'429299472','3d1408b55',24480,1647,1653517156,1653517156);
INSERT INTO player_score VALUES('60ebb9c29',86,'429299472','4570fc372',126960,2428,1653964898,1653964898);
INSERT INTO player_score VALUES('5a3c7b282',86,'429299472','481feab23',7020,2257,1653785461,1653785461);
INSERT INTO player_score VALUES('631d55c08',86,'429299472','4c546a31e',4312,2713,1654023787,1654023787);
INSERT INTO player_score VALUES('6231ff27a',86,'429299472','5574312f7',32571,2239,1653999110,1653999110);
INSERT INTO player_score VALUES('63620c128',86,'429299472','5975708f0',9000,2512,1654030992,1654030992);
INSERT INTO player_score VALUES('60341d5d5',86,'429299472','5e0141977',666,2530,1653945645,1653945645);
INSERT INTO player_score VALUES('622ec389a',86,'429299472','6139ed4ef',0,2294,1653998771,1653998771);
INSERT INTO player_score VALUES('4fb0f67fa',86,'42f1c1a0a','39edc75cd',65142,1748,1653502396,1653502396);
INSERT INTO player_score VALUES('5eeb78117',86,'42f1c1a0a','3b6f87cb0',197568,2385,1653911184,1653911184);
INSERT INTO player_score VALUES('4f57f26a5',86,'42f1c1a0a','3d1408b55',15812,1570,1653493062,1653493062);
INSERT INTO player_score VALUES('635e7afd5',86,'42f1c1a0a','4570fc372',82320,2633,1654030618,1654030618);
INSERT INTO player_score VALUES('592a763bf',86,'42f1c1a0a','481feab23',180198,2134,1653756728,1653756728);
INSERT INTO player_score VALUES('61e0c344c',86,'42f1c1a0a','4c546a31e',115920,2574,1653990592,1653990592);
INSERT INTO player_score VALUES('63adc74a1',86,'42f1c1a0a','5574312f7',318364,2548,1654038933,1654038933);
INSERT INTO player_score VALUES('5fe231b39',86,'42f1c1a0a','5e0141977',94,2170,1653937055,1653937055);
INSERT INTO player_score VALUES('623c61dbc',86,'42f1c1a0a','6139ed4ef',12408,2430,1654000199,1654000199);
INSERT INTO player_score VALUES('6274d488d',86,'4367a3daf','3b6f87cb0',67392,2612,1654006118,1654006118);
INSERT INTO player_score VALUES('4fa64f6fd',86,'4367a3daf','3d1408b55',25704,1602,1653501279,1653501279);
INSERT INTO player_score VALUES('632693756',86,'4367a3daf','4570fc372',191345,2613,1654024756,1654024756);
INSERT INTO player_score VALUES('5a6dc6c9b',86,'4367a3daf','481feab23',28080,2286,1653790630,1653790630);
INSERT INTO player_score VALUES('62e1b132a',86,'4367a3daf','4c546a31e',249688,2688,1654017533,1654017533);
INSERT INTO player_score VALUES('6250a8464',86,'4367a3daf','5574312f7',21150,2258,1654002325,1654002325);
INSERT INTO player_score VALUES('630c8f50e',86,'4367a3daf','5975708f0',417105,2426,1654022028,1654022028);
INSERT INTO player_score VALUES('60340284a',86,'4367a3daf','5e0141977',222222,2527,1653945634,1653945634);
INSERT INTO player_score VALUES('621465070',86,'4367a3daf','6139ed4ef',17955,2067,1653996006,1653996006);
INSERT INTO player_score VALUES('4d22e2a81',86,'43fe23afb','39edc75cd',499954,1569,1653433811,1653433811);
INSERT INTO player_score VALUES('5ff298ea7',86,'43fe23afb','3b6f87cb0',709555,2456,1653938775,1653938775);
INSERT INTO player_score VALUES('618a4d7ab',86,'43fe23afb','4570fc372',12150,2480,1653981526,1653981526);
INSERT INTO player_score VALUES('59c07e6ca',86,'43fe23afb','481feab23',374220,2196,1653772460,1653772460);
INSERT INTO player_score VALUES('63c167b5c',86,'43fe23afb','4c546a31e',32400,2786,1654040991,1654040991);
INSERT INTO player_score VALUES('6382eb9cf',86,'43fe23afb','5574312f7',303996,2505,1654034439,1654034439);
INSERT INTO player_score VALUES('62880bfa4',86,'43fe23afb','5975708f0',29904,2290,1654008133,1654008133);
INSERT INTO player_score VALUES('602ff75d9',86,'43fe23afb','5e0141977',33600,2505,1653945210,1653945210);
INSERT INTO player_score VALUES('623d279ad',86,'43fe23afb','6139ed4ef',516675,2441,1654000280,1654000280);
INSERT INTO player_score VALUES('4ee4860f8',86,'441167552','39edc75cd',183960,1679,1653480959,1653480959);
INSERT INTO player_score VALUES('63bd7764b',86,'441167552','3b6f87cb0',93912,2699,1654040578,1654040578);
INSERT INTO player_score VALUES('504aaf885',86,'441167552','3d1408b55',9724,1653,1653518515,1653518515);
INSERT INTO player_score VALUES('617493f66',86,'441167552','4570fc372',0,2468,1653979248,1653979248);
INSERT INTO player_score VALUES('5a6a99ceb',86,'441167552','481feab23',15953,2284,1653790297,1653790297);
INSERT INTO player_score VALUES('6375d8707',86,'441167552','4c546a31e',223344,2763,1654033068,1654033068);
INSERT INTO player_score VALUES('63bddb7ef',86,'441167552','5975708f0',11286,2591,1654040619,1654040619);
INSERT INTO player_score VALUES('5fe7a14ab',86,'441167552','5e0141977',27528,2191,1653937625,1653937625);
INSERT INTO player_score VALUES('623d586fa',86,'441167552','6139ed4ef',945,2445,1654000300,1654000300);
INSERT INTO player_score VALUES('4f8c96fb2',86,'44ef7ecc2','39edc75cd',24336,1734,1653498582,1653498582);
INSERT INTO player_score VALUES('62173c950',86,'44ef7ecc2','3b6f87cb0',31977,2585,1653996304,1653996304);
INSERT INTO player_score VALUES('504b865cb',86,'44ef7ecc2','3d1408b55',187880,1655,1653518603,1653518603);
INSERT INTO player_score VALUES('611ce819d',86,'44ef7ecc2','4570fc372',12420,2441,1653970055,1653970055);
INSERT INTO player_score VALUES('59cb11f30',86,'44ef7ecc2','481feab23',0,2208,1653773569,1653773569);
INSERT INTO player_score VALUES('6355337f6',86,'44ef7ecc2','4c546a31e',12384,2745,1654029645,1654029645);
INSERT INTO player_score VALUES('639f03fcc',86,'44ef7ecc2','5574312f7',101706,2530,1654037385,1654037385);
INSERT INTO player_score VALUES('62f894925',86,'44ef7ecc2','5975708f0',89376,2402,1654019933,1654019933);
INSERT INTO player_score VALUES('623921580',86,'44ef7ecc2','6139ed4ef',51888,2401,1653999858,1653999858);
INSERT INTO player_score VALUES('4e3cb9883',86,'45094d3ed','39edc75cd',2967,1633,1653463364,1653463364);
INSERT INTO player_score VALUES('6371ab178',86,'45094d3ed','3b6f87cb0',99792,2681,1654032630,1654032630);
INSERT INTO player_score VALUES('50242d222',86,'45094d3ed','3d1408b55',65025,1642,1653514477,1653514477);
INSERT INTO player_score VALUES('5900ede98',86,'45094d3ed','481feab23',7068,2109,1653752373,1653752373);
INSERT INTO player_score VALUES('6255d1145',86,'45094d3ed','5574312f7',17028,2263,1654002866,1654002866);
INSERT INTO player_score VALUES('63bdb1ff5',86,'45094d3ed','5975708f0',1748,2590,1654040602,1654040602);
INSERT INTO player_score VALUES('5fcf12ad1',86,'45094d3ed','5e0141977',507840,2079,1653935050,1653935050);
INSERT INTO player_score VALUES('4e94544a3',86,'4516ff19b','39edc75cd',173628,1656,1653472550,1653472550);
INSERT INTO player_score VALUES('630290b6f',86,'4516ff19b','3b6f87cb0',12528,2654,1654020980,1654020980);
INSERT INTO player_score VALUES('504098870',86,'4516ff19b','3d1408b55',139664,1651,1653517457,1653517457);
INSERT INTO player_score VALUES('63c37beff',86,'4516ff19b','4570fc372',0,2667,1654041209,1654041209);
INSERT INTO player_score VALUES('59b84fb6c',86,'4516ff19b','481feab23',95480,2188,1653771602,1653771602);
INSERT INTO player_score VALUES('62afff052',86,'4516ff19b','4c546a31e',256608,2668,1654012322,1654012322);
INSERT INTO player_score VALUES('61fc6401b',86,'4516ff19b','5574312f7',495040,2194,1653993489,1653993489);
INSERT INTO player_score VALUES('62cff1bd1',86,'4516ff19b','5975708f0',6237,2364,1654015672,1654015672);
INSERT INTO player_score VALUES('6038ac5bf',86,'4516ff19b','5e0141977',56610,2543,1653946123,1653946123);
INSERT INTO player_score VALUES('6236e87b8',86,'4516ff19b','6139ed4ef',19908,2376,1653999625,1653999625);
INSERT INTO player_score VALUES('4f6f6f991',86,'454bcd2ce','39edc75cd',163513,1718,1653495525,1653495525);
INSERT INTO player_score VALUES('62ac04f20',86,'454bcd2ce','3b6f87cb0',41472,2626,1654011905,1654011905);
INSERT INTO player_score VALUES('4dd0966e6',86,'454bcd2ce','3d1408b55',42656,1451,1653452025,1653452025);
INSERT INTO player_score VALUES('5a6fe4c8f',86,'454bcd2ce','481feab23',353970,2289,1653790852,1653790852);
INSERT INTO player_score VALUES('628d15080',86,'454bcd2ce','4c546a31e',79254,2655,1654008661,1654008661);
INSERT INTO player_score VALUES('63a6a9fed',86,'454bcd2ce','5574312f7',113022,2539,1654038187,1654038187);
INSERT INTO player_score VALUES('625c17849',86,'454bcd2ce','5975708f0',2640,2249,1654003524,1654003524);
INSERT INTO player_score VALUES('6033aaa34',86,'454bcd2ce','5e0141977',76704,2526,1653945598,1653945598);
INSERT INTO player_score VALUES('623c421d4',86,'454bcd2ce','6139ed4ef',51545,2427,1654000186,1654000186);
INSERT INTO player_score VALUES('4f70132a7',86,'4619f29b5','39edc75cd',66250,1719,1653495592,1653495592);
INSERT INTO player_score VALUES('62570994c',86,'4619f29b5','3b6f87cb0',46128,2601,1654002994,1654002994);
INSERT INTO player_score VALUES('4fab9f516',86,'4619f29b5','3d1408b55',0,1604,1653501836,1653501836);
INSERT INTO player_score VALUES('63267b104',86,'4619f29b5','4570fc372',149408,2612,1654024746,1654024746);
INSERT INTO player_score VALUES('59c032c18',86,'4619f29b5','481feab23',617463,2195,1653772429,1653772429);
INSERT INTO player_score VALUES('6358544a5',86,'4619f29b5','4c546a31e',36480,2748,1654029973,1654029973);
INSERT INTO player_score VALUES('6337a5942',86,'4619f29b5','5574312f7',444444,2445,1654026546,1654026546);
INSERT INTO player_score VALUES('636c98431',86,'4619f29b5','5975708f0',6160,2523,1654032098,1654032098);
INSERT INTO player_score VALUES('602ee5ebb',86,'4619f29b5','5e0141977',149688,2500,1653945098,1653945098);
INSERT INTO player_score VALUES('6238fa45d',86,'4619f29b5','6139ed4ef',12600,2399,1653999842,1653999842);
INSERT INTO player_score VALUES('636625e1e',86,'468c21938','3b6f87cb0',0,2680,1654031422,1654031422);
INSERT INTO player_score VALUES('4f7cb878a',86,'468c21938','3d1408b55',55100,1584,1653496918,1653496918);
INSERT INTO player_score VALUES('638f89961',86,'468c21938','4570fc372',1920,2650,1654035762,1654035762);
INSERT INTO player_score VALUES('58d1526a8',86,'468c21938','481feab23',358386,2082,1653747381,1653747381);
INSERT INTO player_score VALUES('6260efc57',86,'468c21938','4c546a31e',191520,2636,1654004032,1654004032);
INSERT INTO player_score VALUES('62472b172',86,'468c21938','5975708f0',17226,2220,1654001330,1654001330);
INSERT INTO player_score VALUES('60213dd4f',86,'468c21938','5e0141977',82940,2445,1653943666,1653943666);
INSERT INTO player_score VALUES('623773a75',86,'468c21938','6139ed4ef',319410,2380,1653999682,1653999682);
INSERT INTO player_score VALUES('4fbcee785',86,'46c3c99d4','39edc75cd',34410,1751,1653503651,1653503651);
INSERT INTO player_score VALUES('604f68acd',86,'46c3c99d4','3b6f87cb0',73472,2474,1653948507,1653948507);
INSERT INTO player_score VALUES('4f490cee6',86,'46c3c99d4','3d1408b55',164160,1564,1653491500,1653491500);
INSERT INTO player_score VALUES('63756f767',86,'46c3c99d4','4570fc372',668800,2644,1654033025,1654033025);
INSERT INTO player_score VALUES('5a7e2e01b',86,'46c3c99d4','481feab23',25200,2295,1653792350,1653792350);
INSERT INTO player_score VALUES('6327174b7',86,'46c3c99d4','4c546a31e',6480,2714,1654024810,1654024810);
INSERT INTO player_score VALUES('61b8f2673',86,'46c3c99d4','5574312f7',161070,2142,1653986417,1653986417);
INSERT INTO player_score VALUES('63be929ae',86,'46c3c99d4','5975708f0',5112,2592,1654040694,1654040694);
INSERT INTO player_score VALUES('60238a35e',86,'46c3c99d4','5e0141977',189189,2456,1653943907,1653943907);
INSERT INTO player_score VALUES('623d22b9e',86,'46c3c99d4','6139ed4ef',23541,2440,1654000278,1654000278);
INSERT INTO player_score VALUES('4fb949da1',86,'46d1016a3','39edc75cd',81312,1750,1653503269,1653503269);
INSERT INTO player_score VALUES('62f5540d0',86,'46d1016a3','3b6f87cb0',73304,2646,1654019592,1654019592);
INSERT INTO player_score VALUES('6371d2282',86,'46d1016a3','4570fc372',0,2642,1654032646,1654032646);
INSERT INTO player_score VALUES('57a7cb6d5',86,'46d1016a3','481feab23',11424,1939,1653716183,1653716183);
INSERT INTO player_score VALUES('639c3ff88',86,'46d1016a3','4c546a31e',32292,2772,1654037095,1654037095);
INSERT INTO player_score VALUES('62f72daf7',86,'46d1016a3','5574312f7',10560,2391,1654019786,1654019786);
INSERT INTO player_score VALUES('639a52d41',86,'46d1016a3','5975708f0',220675,2566,1654036893,1654036893);
INSERT INTO player_score VALUES('601218e05',86,'46d1016a3','5e0141977',151606,2374,1653942078,1653942078);
INSERT INTO player_score VALUES('623bef1dd',86,'46d1016a3','6139ed4ef',201856,2423,1654000152,1654000152);
INSERT INTO player_score VALUES('4f7273158',86,'470dd242a','39edc75cd',208800,1721,1653495841,1653495841);
INSERT INTO player_score VALUES('6320ce6a5',86,'470dd242a','3b6f87cb0',2760,2661,1654024151,1654024151);
INSERT INTO player_score VALUES('4f7d572a6',86,'470dd242a','3d1408b55',28224,1585,1653496983,1653496983);
INSERT INTO player_score VALUES('5e8fcfba8',86,'470dd242a','4570fc372',429828,2221,1653901573,1653901573);
INSERT INTO player_score VALUES('59c4f5021',86,'470dd242a','481feab23',26790,2203,1653772928,1653772928);
INSERT INTO player_score VALUES('6155621df',86,'470dd242a','4c546a31e',150450,2527,1653975977,1653975977);
INSERT INTO player_score VALUES('63c66e536',86,'470dd242a','5574312f7',97290,2560,1654041518,1654041518);
INSERT INTO player_score VALUES('63b6e0616',86,'470dd242a','5975708f0',12000,2587,1654039887,1654039887);
INSERT INTO player_score VALUES('6029c6e16',86,'470dd242a','5e0141977',199420,2478,1653944561,1653944561);
INSERT INTO player_score VALUES('6232326c9',86,'470dd242a','6139ed4ef',74359,2316,1653999131,1653999131);
INSERT INTO player_score VALUES('4fc330051',86,'492601710','39edc75cd',187550,1754,1653504307,1653504307);
INSERT INTO player_score VALUES('62a9fa7b8',86,'492601710','3b6f87cb0',27846,2625,1654011691,1654011691);
INSERT INTO player_score VALUES('4cd39dabc',86,'492601710','3d1408b55',6160,1369,1653425499,1653425499);
INSERT INTO player_score VALUES('633b7b09a',86,'492601710','4570fc372',0,2620,1654026948,1654026948);
INSERT INTO player_score VALUES('63798e26e',86,'492601710','5574312f7',1848,2498,1654033457,1654033457);
INSERT INTO player_score VALUES('63179ce45',86,'492601710','5975708f0',4368,2438,1654023187,1654023187);
INSERT INTO player_score VALUES('602f67528',86,'492601710','5e0141977',0,2503,1653945151,1653945151);
INSERT INTO player_score VALUES('620706316',86,'492601710','6139ed4ef',6555,1947,1653994604,1653994604);
INSERT INTO player_score VALUES('4f4caa3be',86,'49dc4f5c4','39edc75cd',87932,1707,1653491879,1653491879);
INSERT INTO player_score VALUES('4ee24ac83',86,'49dc4f5c4','3d1408b55',86450,1527,1653480725,1653480725);
INSERT INTO player_score VALUES('5ea0f07c3',86,'49dc4f5c4','4570fc372',60632,2230,1653903369,1653903369);
INSERT INTO player_score VALUES('57d7e84cc',86,'49dc4f5c4','481feab23',239598,1964,1653721228,1653721228);
INSERT INTO player_score VALUES('60c1a6495',86,'49dc4f5c4','4c546a31e',2548,2451,1653960486,1653960486);
INSERT INTO player_score VALUES('637bc6fd4',86,'49dc4f5c4','5574312f7',336856,2500,1654033690,1654033690);
INSERT INTO player_score VALUES('6360a52da',86,'49dc4f5c4','5975708f0',19656,2511,1654030845,1654030845);
INSERT INTO player_score VALUES('603566f6f',86,'49dc4f5c4','5e0141977',11904,2535,1653945780,1653945780);
INSERT INTO player_score VALUES('621df0e07',86,'49dc4f5c4','6139ed4ef',267954,2149,1653997007,1653997007);
INSERT INTO player_score VALUES('4cfec0289',86,'4a382d6d9','39edc75cd',183675,1550,1653430022,1653430022);
INSERT INTO player_score VALUES('61e8a16a0',86,'4a382d6d9','3b6f87cb0',146944,2574,1653991417,1653991417);
INSERT INTO player_score VALUES('4fc88c183',86,'4a382d6d9','3d1408b55',78624,1618,1653504869,1653504869);
INSERT INTO player_score VALUES('5f24da01e',86,'4a382d6d9','4570fc372',0,2267,1653917201,1653917201);
INSERT INTO player_score VALUES('5a46d1a53',86,'4a382d6d9','481feab23',216,2268,1653786545,1653786545);
INSERT INTO player_score VALUES('62a39e149',86,'4a382d6d9','5574312f7',1200,2334,1654011024,1654011024);
INSERT INTO player_score VALUES('6317f73db',86,'4a382d6d9','5975708f0',12480,2439,1654023224,1654023224);
INSERT INTO player_score VALUES('602fdef58',86,'4a382d6d9','5e0141977',119140,2504,1653945200,1653945200);
INSERT INTO player_score VALUES('6232aa10f',86,'4a382d6d9','6139ed4ef',409190,2323,1653999180,1653999180);
INSERT INTO player_score VALUES('4eec977ee',86,'4a5149a24','39edc75cd',12096,1683,1653481805,1653481805);
INSERT INTO player_score VALUES('617c6fac7',86,'4a5149a24','3b6f87cb0',0,2550,1653980072,1653980072);
INSERT INTO player_score VALUES('4eeb616e8',86,'4a5149a24','3d1408b55',17952,1532,1653481678,1653481678);
INSERT INTO player_score VALUES('60490eb59',86,'4a5149a24','4570fc372',33600,2374,1653947841,1653947841);
INSERT INTO player_score VALUES('5a565ab1c',86,'4a5149a24','481feab23',32250,2273,1653788174,1653788174);
INSERT INTO player_score VALUES('602b0b9be',86,'4a5149a24','4c546a31e',8052,2370,1653944694,1653944694);
INSERT INTO player_score VALUES('636f9bbfe',86,'4a5149a24','5574312f7',77952,2487,1654032414,1654032414);
INSERT INTO player_score VALUES('62ad86b46',86,'4a5149a24','5975708f0',49280,2335,1654012063,1654012063);
INSERT INTO player_score VALUES('6029c6e17',86,'4a5149a24','5e0141977',14904,2479,1653944561,1653944561);
INSERT INTO player_score VALUES('4a2889864',86,'4a548065b','39edc75cd',110403,1305,1653353873,1653353873);
INSERT INTO player_score VALUES('627930450',86,'4a548065b','3b6f87cb0',182325,2613,1654006575,1654006575);
INSERT INTO player_score VALUES('5026993d9',86,'4a548065b','3d1408b55',147343,1643,1653514731,1653514731);
INSERT INTO player_score VALUES('630969a2b',86,'4a548065b','4570fc372',4900,2605,1654021698,1654021698);
INSERT INTO player_score VALUES('5a42c19d4',86,'4a548065b','481feab23',433473,2263,1653786119,1653786119);
INSERT INTO player_score VALUES('63427fe48',86,'4a548065b','4c546a31e',59200,2734,1654027684,1654027684);
INSERT INTO player_score VALUES('620a1abf8',86,'4a548065b','5574312f7',45750,2205,1653994927,1653994927);
INSERT INTO player_score VALUES('63b2404bf',86,'4a548065b','5975708f0',716539,2583,1654039402,1654039402);
INSERT INTO player_score VALUES('601a4c7b3',86,'4a548065b','5e0141977',170016,2409,1653942938,1653942938);
INSERT INTO player_score VALUES('62367f816',86,'4a548065b','6139ed4ef',330,2361,1653999582,1653999582);
INSERT INTO player_score VALUES('4e11e2b8d',86,'4a56a0d38','39edc75cd',23760,1620,1653458872,1653458872);
INSERT INTO player_score VALUES('6391a0414',86,'4a56a0d38','3b6f87cb0',122958,2693,1654035981,1654035981);
INSERT INTO player_score VALUES('63ab2a553',86,'4a56a0d38','4570fc372',62745,2658,1654038659,1654038659);
INSERT INTO player_score VALUES('59fac5df9',86,'4a56a0d38','481feab23',0,2228,1653778571,1653778571);
INSERT INTO player_score VALUES('62b46483a',86,'4a56a0d38','4c546a31e',115200,2669,1654012783,1654012783);
INSERT INTO player_score VALUES('637f92aa9',86,'4a56a0d38','5574312f7',111780,2502,1654034088,1654034088);
INSERT INTO player_score VALUES('6155d9c00',86,'4a56a0d38','5975708f0',38760,1988,1653976026,1653976026);
INSERT INTO player_score VALUES('60355abf6',86,'4a56a0d38','5e0141977',56144,2534,1653945775,1653945775);
INSERT INTO player_score VALUES('6238a25f7',86,'4a56a0d38','6139ed4ef',34030,2395,1653999806,1653999806);
INSERT INTO player_score VALUES('4f4e70574',86,'4afb3df05','39edc75cd',73788,1708,1653492065,1653492065);
INSERT INTO player_score VALUES('624c6ebc0',86,'4afb3df05','3b6f87cb0',207900,2599,1654001882,1654001882);
INSERT INTO player_score VALUES('4f9b444d2',86,'4afb3df05','3d1408b55',52000,1594,1653500121,1653500121);
INSERT INTO player_score VALUES('6225b1c15',86,'4afb3df05','4570fc372',3400,2529,1653997820,1653997820);
INSERT INTO player_score VALUES('633ac178f',86,'4afb3df05','4c546a31e',8820,2730,1654026872,1654026872);
INSERT INTO player_score VALUES('639f32638',86,'4afb3df05','5574312f7',14640,2532,1654037404,1654037404);
INSERT INTO player_score VALUES('62216bfee',86,'4afb3df05','5975708f0',334400,2180,1653997372,1653997372);
INSERT INTO player_score VALUES('5fae83b44',86,'4afb3df05','5e0141977',164160,1952,1653931636,1653931636);
INSERT INTO player_score VALUES('6232067c7',86,'4afb3df05','6139ed4ef',44603,2315,1653999113,1653999113);
INSERT INTO player_score VALUES('608b67945',86,'4b20f0d4f','3b6f87cb0',311922,2485,1653954798,1653954798);
INSERT INTO player_score VALUES('4fe12e3e8',86,'4b20f0d4f','3d1408b55',6000,1622,1653507452,1653507452);
INSERT INTO player_score VALUES('62f143ff1',86,'4b20f0d4f','4570fc372',182600,2596,1654019166,1654019166);
INSERT INTO player_score VALUES('58e752b9a',86,'4b20f0d4f','481feab23',24360,2094,1653749688,1653749688);
INSERT INTO player_score VALUES('6247fd0e0',86,'4b20f0d4f','4c546a31e',0,2625,1654001416,1654001416);
INSERT INTO player_score VALUES('6395cb25f',86,'4b20f0d4f','5574312f7',206550,2522,1654036418,1654036418);
INSERT INTO player_score VALUES('638583a8d',86,'4b20f0d4f','5975708f0',317696,2549,1654034711,1654034711);
INSERT INTO player_score VALUES('600b0caf1',86,'4b20f0d4f','5e0141977',104995,2341,1653941339,1653941339);
INSERT INTO player_score VALUES('63ad8f222',86,'4ba892835','3b6f87cb0',17280,2696,1654038910,1654038910);
INSERT INTO player_score VALUES('611566b49',86,'4ba892835','4570fc372',58695,2437,1653969268,1653969268);
INSERT INTO player_score VALUES('59b0dcf86',86,'4ba892835','481feab23',40626,2186,1653770821,1653770821);
INSERT INTO player_score VALUES('63333655c',86,'4ba892835','4c546a31e',58806,2725,1654026081,1654026081);
INSERT INTO player_score VALUES('639f066ff',86,'4ba892835','5574312f7',99750,2531,1654037386,1654037386);
INSERT INTO player_score VALUES('63c64e98b',86,'4ba892835','5975708f0',41760,2598,1654041505,1654041505);
INSERT INTO player_score VALUES('600338471',86,'4ba892835','5e0141977',342720,2310,1653940518,1653940518);
INSERT INTO player_score VALUES('6233fd6ab',86,'4ba892835','6139ed4ef',66960,2334,1653999319,1653999319);
INSERT INTO player_score VALUES('4d62cf65d',86,'4c8e2dce9','39edc75cd',0,1581,1653440514,1653440514);
INSERT INTO player_score VALUES('62b1ee9db',86,'4c8e2dce9','3b6f87cb0',598975,2628,1654012525,1654012525);
INSERT INTO player_score VALUES('633a4ebeb',86,'4c8e2dce9','4570fc372',31620,2619,1654026825,1654026825);
INSERT INTO player_score VALUES('5a09d4d83',86,'4c8e2dce9','481feab23',14144,2237,1653780150,1653780150);
INSERT INTO player_score VALUES('62f6d35a3',86,'4c8e2dce9','4c546a31e',43092,2699,1654019749,1654019749);
INSERT INTO player_score VALUES('6307e5782',86,'4c8e2dce9','5574312f7',4488,2408,1654021539,1654021539);
INSERT INTO player_score VALUES('63a121f8e',86,'4c8e2dce9','5975708f0',304590,2572,1654037607,1654037607);
INSERT INTO player_score VALUES('60212f305',86,'4c8e2dce9','5e0141977',86400,2444,1653943660,1653943660);
INSERT INTO player_score VALUES('623ce33e8',86,'4c8e2dce9','6139ed4ef',23520,2437,1654000252,1654000252);
INSERT INTO player_score VALUES('4c743abc4',86,'4c90de486','39edc75cd',197568,1510,1653415497,1653415497);
INSERT INTO player_score VALUES('638edc3fc',86,'4c90de486','3b6f87cb0',531300,2692,1654035691,1654035691);
INSERT INTO player_score VALUES('50389a9b5',86,'4c90de486','3d1408b55',770040,1646,1653516619,1653516619);
INSERT INTO player_score VALUES('632d31ca8',86,'4c90de486','4570fc372',157872,2616,1654025450,1654025450);
INSERT INTO player_score VALUES('596559ec2',86,'4c90de486','481feab23',0,2155,1653762903,1653762903);
INSERT INTO player_score VALUES('63714e513',86,'4c90de486','4c546a31e',20424,2760,1654032592,1654032592);
INSERT INTO player_score VALUES('633844458',86,'4c90de486','5574312f7',125928,2446,1654026611,1654026611);
INSERT INTO player_score VALUES('639f76bdc',86,'4c90de486','5975708f0',57720,2570,1654037432,1654037432);
INSERT INTO player_score VALUES('602f16bee',86,'4c90de486','5e0141977',51255,2502,1653945118,1653945118);
INSERT INTO player_score VALUES('6234aac2e',86,'4c90de486','6139ed4ef',12100,2341,1653999390,1653999390);
INSERT INTO player_score VALUES('4f9f45b1b',86,'4d27f7ed4','39edc75cd',54145,1744,1653500541,1653500541);
INSERT INTO player_score VALUES('6223a74a2',86,'4d27f7ed4','3b6f87cb0',2380,2590,1653997606,1653997606);
INSERT INTO player_score VALUES('4cb021369',86,'4d27f7ed4','3d1408b55',16644,1355,1653421778,1653421778);
INSERT INTO player_score VALUES('632c8e39a',86,'4d27f7ed4','4570fc372',38000,2615,1654025383,1654025383);
INSERT INTO player_score VALUES('59bd5da6c',86,'4d27f7ed4','481feab23',32550,2193,1653772132,1653772132);
INSERT INTO player_score VALUES('63a2e5a77',86,'4d27f7ed4','4c546a31e',7800,2777,1654037792,1654037792);
INSERT INTO player_score VALUES('6257f3f39',86,'4d27f7ed4','5574312f7',16758,2264,1654003090,1654003090);
INSERT INTO player_score VALUES('63b4a9fa8',86,'4d27f7ed4','5975708f0',252288,2586,1654039655,1654039655);
INSERT INTO player_score VALUES('60204e964',86,'4d27f7ed4','5e0141977',157620,2441,1653943568,1653943568);
INSERT INTO player_score VALUES('623a639a3',86,'4d27f7ed4','6139ed4ef',0,2414,1653999990,1653999990);
INSERT INTO player_score VALUES('4eb94d9ce',86,'4d4738688','39edc75cd',66144,1666,1653476427,1653476427);
INSERT INTO player_score VALUES('623595203',86,'4d4738688','3b6f87cb0',48510,2593,1653999486,1653999486);
INSERT INTO player_score VALUES('4e207efa4',86,'4d4738688','3d1408b55',56160,1474,1653460404,1653460404);
INSERT INTO player_score VALUES('5b77b7da0',86,'4d4738688','4570fc372',27984,1955,1653818516,1653818516);
INSERT INTO player_score VALUES('5a3c78b4a',86,'4d4738688','481feab23',319792,2256,1653785460,1653785460);
INSERT INTO player_score VALUES('6357f2a2c',86,'4d4738688','4c546a31e',209880,2747,1654029933,1654029933);
INSERT INTO player_score VALUES('63a759c70',86,'4d4738688','5574312f7',146280,2541,1654038259,1654038259);
INSERT INTO player_score VALUES('6250c594e',86,'4d4738688','5975708f0',187514,2233,1654002337,1654002337);
INSERT INTO player_score VALUES('600abc1bd',86,'4d4738688','5e0141977',0,2340,1653941306,1653941306);
INSERT INTO player_score VALUES('62365ae05',86,'4d4738688','6139ed4ef',168000,2360,1653999567,1653999567);
INSERT INTO player_score VALUES('4fac8e912',86,'4d7b03b12','39edc75cd',94464,1747,1653501934,1653501934);
INSERT INTO player_score VALUES('61becfd8e',86,'4d7b03b12','3b6f87cb0',80730,2567,1653987032,1653987032);
INSERT INTO player_score VALUES('4ec8d6a85',86,'4d7b03b12','3d1408b55',65700,1520,1653478056,1653478056);
INSERT INTO player_score VALUES('63b4e225e',86,'4d7b03b12','4570fc372',40334,2661,1654039678,1654039678);
INSERT INTO player_score VALUES('597963510',86,'4d7b03b12','481feab23',19360,2160,1653765004,1653765004);
INSERT INTO player_score VALUES('6331f6806',86,'4d7b03b12','4c546a31e',593782,2724,1654025950,1654025950);
INSERT INTO player_score VALUES('638e0084b',86,'4d7b03b12','5574312f7',479400,2517,1654035601,1654035601);
INSERT INTO player_score VALUES('62e7f532f',86,'4d7b03b12','5975708f0',95040,2380,1654018190,1654018190);
INSERT INTO player_score VALUES('603126190',86,'4d7b03b12','5e0141977',78120,2515,1653945334,1653945334);
INSERT INTO player_score VALUES('622e4972b',86,'4d7b03b12','6139ed4ef',614196,2287,1653998721,1653998721);
INSERT INTO player_score VALUES('4bf4ca373',86,'4e7ba108a','39edc75cd',156672,1455,1653402134,1653402134);
INSERT INTO player_score VALUES('635cc5f88',86,'4e7ba108a','3b6f87cb0',148694,2676,1654030439,1654030439);
INSERT INTO player_score VALUES('623d2eef7',86,'4e7ba108a','4570fc372',193536,2536,1654000283,1654000283);
INSERT INTO player_score VALUES('5a67fa676',86,'4e7ba108a','481feab23',402696,2282,1653790022,1653790022);
INSERT INTO player_score VALUES('635f480f5',86,'4e7ba108a','4c546a31e',1020,2752,1654030702,1654030702);
INSERT INTO player_score VALUES('63c022fc3',86,'4e7ba108a','5574312f7',376680,2555,1654040858,1654040858);
INSERT INTO player_score VALUES('633b1e416',86,'4e7ba108a','5975708f0',24024,2462,1654026910,1654026910);
INSERT INTO player_score VALUES('6007177e6',86,'4e7ba108a','5e0141977',34300,2325,1653940924,1653940924);
INSERT INTO player_score VALUES('6237b3206',86,'4e7ba108a','6139ed4ef',521088,2385,1653999708,1653999708);
INSERT INTO player_score VALUES('4db3235df',86,'4e959ddd3','39edc75cd',135360,1601,1653448937,1653448937);
INSERT INTO player_score VALUES('619f39ed9',86,'4e959ddd3','3b6f87cb0',992,2559,1653983720,1653983720);
INSERT INTO player_score VALUES('4f8aee2ab',86,'4e959ddd3','3d1408b55',264422,1589,1653498408,1653498408);
INSERT INTO player_score VALUES('614bdb27b',86,'4e959ddd3','4570fc372',12160,2459,1653974978,1653974978);
INSERT INTO player_score VALUES('5a34f752c',86,'4e959ddd3','481feab23',69776,2251,1653784673,1653784673);
INSERT INTO player_score VALUES('639a8afad',86,'4e959ddd3','4c546a31e',159616,2771,1654036916,1654036916);
INSERT INTO player_score VALUES('6390b1004',86,'4e959ddd3','5574312f7',8932,2518,1654035883,1654035883);
INSERT INTO player_score VALUES('638fedae6',86,'4e959ddd3','5975708f0',107445,2558,1654035803,1654035803);
INSERT INTO player_score VALUES('60340ebc9',86,'4e959ddd3','5e0141977',115878,2529,1653945639,1653945639);
INSERT INTO player_score VALUES('623697ec9',86,'4e959ddd3','6139ed4ef',75544,2364,1653999592,1653999592);
INSERT INTO player_score VALUES('4f3ce9077',86,'4e9e247ce','39edc75cd',572760,1699,1653490227,1653490227);
INSERT INTO player_score VALUES('60565ee5a',86,'4e9e247ce','3b6f87cb0',118992,2475,1653949237,1653949237);
INSERT INTO player_score VALUES('50469f79d',86,'4e9e247ce','3d1408b55',52675,1652,1653518089,1653518089);
INSERT INTO player_score VALUES('639f521d1',86,'4e9e247ce','4570fc372',0,2655,1654037417,1654037417);
INSERT INTO player_score VALUES('5819d34e1',86,'4e9e247ce','481feab23',380742,1998,1653728140,1653728140);
INSERT INTO player_score VALUES('6398cea4a',86,'4e9e247ce','4c546a31e',0,2769,1654036734,1654036734);
INSERT INTO player_score VALUES('634319b66',86,'4e9e247ce','5975708f0',365638,2473,1654027747,1654027747);
INSERT INTO player_score VALUES('623c5f67a',86,'4e9e247ce','6139ed4ef',29760,2428,1654000198,1654000198);
INSERT INTO player_score VALUES('4f43fefdc',86,'4f025d398','39edc75cd',97020,1703,1653490970,1653490970);
INSERT INTO player_score VALUES('6266d48cb',86,'4f025d398','3b6f87cb0',57000,2607,1654004650,1654004650);
INSERT INTO player_score VALUES('4d0d8fab3',86,'4f025d398','3d1408b55',289440,1390,1653431575,1653431575);
INSERT INTO player_score VALUES('61948dfa5',86,'4f025d398','4570fc372',19866,2484,1653982601,1653982601);
INSERT INTO player_score VALUES('63c193a54',86,'4f025d398','4c546a31e',13072,2787,1654041009,1654041009);
INSERT INTO player_score VALUES('6323a384b',86,'4f025d398','5574312f7',74052,2426,1654024448,1654024448);
INSERT INTO player_score VALUES('637d28fed',86,'4f025d398','5975708f0',30976,2543,1654033835,1654033835);
INSERT INTO player_score VALUES('6035277ac',86,'4f025d398','5e0141977',63700,2532,1653945754,1653945754);
INSERT INTO player_score VALUES('622e50ca2',86,'4f025d398','6139ed4ef',534336,2288,1653998724,1653998724);
INSERT INTO player_score VALUES('4de099890',86,'4f7846c87','39edc75cd',105600,1610,1653453704,1653453704);
INSERT INTO player_score VALUES('62e02cffd',86,'4f7846c87','3b6f87cb0',206460,2640,1654017374,1654017374);
INSERT INTO player_score VALUES('4fe2385d6',86,'4f7846c87','3d1408b55',3700,1623,1653507561,1653507561);
INSERT INTO player_score VALUES('6362afa61',86,'4f7846c87','4570fc372',12276,2637,1654031059,1654031059);
INSERT INTO player_score VALUES('5a6f76ea2',86,'4f7846c87','481feab23',617500,2288,1653790807,1653790807);
INSERT INTO player_score VALUES('62df7fabe',86,'4f7846c87','4c546a31e',2176,2687,1654017303,1654017303);
INSERT INTO player_score VALUES('632c3658e',86,'4f7846c87','5574312f7',0,2435,1654025347,1654025347);
INSERT INTO player_score VALUES('62cd5e8c2',86,'4f7846c87','5975708f0',82160,2363,1654015402,1654015402);
INSERT INTO player_score VALUES('603a61617',86,'4f7846c87','5e0141977',49608,2550,1653946302,1653946302);
INSERT INTO player_score VALUES('623d18f47',86,'4f7846c87','6139ed4ef',312312,2439,1654000274,1654000274);
INSERT INTO player_score VALUES('635b220c8',86,'5046e8bd3','3b6f87cb0',14762,2675,1654030267,1654030267);
INSERT INTO player_score VALUES('5052335b3',86,'5046e8bd3','3d1408b55',137280,1656,1653519303,1653519303);
INSERT INTO player_score VALUES('630f05314',86,'5046e8bd3','4570fc372',91728,2608,1654022286,1654022286);
INSERT INTO player_score VALUES('59ea3eec4',86,'5046e8bd3','481feab23',109956,2222,1653776838,1653776838);
INSERT INTO player_score VALUES('62f2d6d96',86,'5046e8bd3','4c546a31e',282150,2696,1654019331,1654019331);
INSERT INTO player_score VALUES('638c972fc',86,'5046e8bd3','5574312f7',132912,2516,1654035453,1654035453);
INSERT INTO player_score VALUES('633d2b26d',86,'5046e8bd3','5975708f0',322560,2469,1654027125,1654027125);
INSERT INTO player_score VALUES('62355f686',86,'5046e8bd3','6139ed4ef',184437,2349,1653999464,1653999464);
INSERT INTO player_score VALUES('621ff6757',86,'50765f996','3b6f87cb0',153729,2588,1653997219,1653997219);
INSERT INTO player_score VALUES('5d5d3965e',86,'50765f996','4570fc372',8008,2126,1653869425,1653869425);
INSERT INTO player_score VALUES('58a710892',86,'50765f996','481feab23',148800,2063,1653742950,1653742950);
INSERT INTO player_score VALUES('61f504cd2',86,'50765f996','4c546a31e',18360,2585,1653992716,1653992716);
INSERT INTO player_score VALUES('639c0cb38',86,'50765f996','5574312f7',165726,2527,1654037074,1654037074);
INSERT INTO player_score VALUES('602b4d85c',86,'50765f996','5e0141977',174240,2483,1653944721,1653944721);
INSERT INTO player_score VALUES('6235e5b32',86,'50765f996','6139ed4ef',178920,2356,1653999519,1653999519);
INSERT INTO player_score VALUES('62f261a91',86,'5120083b2','3b6f87cb0',0,2644,1654019283,1654019283);
INSERT INTO player_score VALUES('5a1713f57',86,'5120083b2','481feab23',288000,2241,1653781539,1653781539);
INSERT INTO player_score VALUES('6351544c7',86,'5120083b2','4c546a31e',152190,2743,1654029239,1654029239);
INSERT INTO player_score VALUES('63704b8a8',86,'5120083b2','5574312f7',151424,2489,1654032486,1654032486);
INSERT INTO player_score VALUES('6344c0167',86,'5120083b2','5975708f0',111936,2479,1654027920,1654027920);
INSERT INTO player_score VALUES('622686257',86,'5120083b2','6139ed4ef',85932,2230,1653997907,1653997907);
INSERT INTO player_score VALUES('61a0ad03f',86,'516d51628','3b6f87cb0',63180,2560,1653983872,1653983872);
INSERT INTO player_score VALUES('5a5f40845',86,'516d51628','481feab23',217404,2277,1653789107,1653789107);
INSERT INTO player_score VALUES('63bd21f67',86,'516d51628','4c546a31e',12474,2784,1654040543,1654040543);
INSERT INTO player_score VALUES('630f164b8',86,'516d51628','5574312f7',140448,2410,1654022293,1654022293);
INSERT INTO player_score VALUES('6375fd0f3',86,'516d51628','5975708f0',112332,2534,1654033083,1654033083);
INSERT INTO player_score VALUES('6031dac0b',86,'516d51628','5e0141977',84050,2519,1653945408,1653945408);
INSERT INTO player_score VALUES('622fb7aae',86,'516d51628','6139ed4ef',9990,2303,1653998871,1653998871);
INSERT INTO player_score VALUES('62fb477a0',86,'518c77045','3b6f87cb0',90000,2651,1654020216,1654020216);
INSERT INTO player_score VALUES('58e966f2e',86,'518c77045','481feab23',288575,2098,1653749906,1653749906);
INSERT INTO player_score VALUES('62e46ddcf',86,'518c77045','5574312f7',5760,2377,1654017820,1654017820);
INSERT INTO player_score VALUES('63ae5ea51',86,'518c77045','5975708f0',312832,2580,1654038995,1654038995);
INSERT INTO player_score VALUES('6030409df',86,'518c77045','5e0141977',213528,2507,1653945240,1653945240);
INSERT INTO player_score VALUES('623cf1e2a',86,'518c77045','6139ed4ef',83750,2438,1654000258,1654000258);
INSERT INTO player_score VALUES('61c7407e2',86,'53672a73c','3b6f87cb0',37152,2570,1653987917,1653987917);
INSERT INTO player_score VALUES('61c664c8c',86,'53672a73c','4570fc372',423360,2503,1653987827,1653987827);
INSERT INTO player_score VALUES('62dbbb4c7',86,'53672a73c','4c546a31e',118496,2685,1654016908,1654016908);
INSERT INTO player_score VALUES('629f50fe2',86,'53672a73c','5574312f7',92736,2329,1654010573,1654010573);
INSERT INTO player_score VALUES('62f1096b3',86,'53672a73c','5975708f0',307152,2393,1654019142,1654019142);
INSERT INTO player_score VALUES('5fdd39b68',86,'53672a73c','5e0141977',115200,2145,1653936534,1653936534);
INSERT INTO player_score VALUES('622200edc',86,'53672a73c','6139ed4ef',10790,2179,1653997433,1653997433);
INSERT INTO player_score VALUES('5cac22eb6',86,'5399718b6','3b6f87cb0',12920,2219,1653850856,1653850856);
INSERT INTO player_score VALUES('63938d6a2',86,'5399718b6','4570fc372',252252,2651,1654036183,1654036183);
INSERT INTO player_score VALUES('596c688e4',86,'5399718b6','481feab23',18060,2157,1653763643,1653763643);
INSERT INTO player_score VALUES('633c719ef',86,'5399718b6','4c546a31e',40950,2731,1654027049,1654027049);
INSERT INTO player_score VALUES('6312b6045',86,'5399718b6','5574312f7',115710,2412,1654022673,1654022673);
INSERT INTO player_score VALUES('6347cfc34',86,'5399718b6','5975708f0',86735,2482,1654028241,1654028241);
INSERT INTO player_score VALUES('6030b5cbd',86,'5399718b6','5e0141977',285175,2509,1653945288,1653945288);
INSERT INTO player_score VALUES('6236fc05b',86,'5399718b6','6139ed4ef',114057,2377,1653999633,1653999633);
INSERT INTO player_score VALUES('634ae1e4f',86,'539df6c69','3b6f87cb0',56550,2671,1654028563,1654028563);
INSERT INTO player_score VALUES('638dcfb2b',86,'539df6c69','4570fc372',5916,2649,1654035581,1654035581);
INSERT INTO player_score VALUES('5a0ed1b63',86,'539df6c69','481feab23',142688,2240,1653780673,1653780673);
INSERT INTO player_score VALUES('639de8c92',86,'539df6c69','4c546a31e',0,2773,1654037269,1654037269);
INSERT INTO player_score VALUES('6299e8b82',86,'539df6c69','5574312f7',65016,2323,1654010006,1654010006);
INSERT INTO player_score VALUES('63c410dd0',86,'539df6c69','5975708f0',0,2596,1654041270,1654041270);
INSERT INTO player_score VALUES('5ffd70cd9',86,'539df6c69','5e0141977',58500,2286,1653939912,1653939912);
INSERT INTO player_score VALUES('622c946ea',86,'539df6c69','6139ed4ef',0,2276,1653998542,1653998542);
INSERT INTO player_score VALUES('5f4adb03b',86,'53bb6282e','3b6f87cb0',66528,2411,1653921186,1653921186);
INSERT INTO player_score VALUES('6288c313a',86,'53bb6282e','4570fc372',70876,2562,1654008208,1654008208);
INSERT INTO player_score VALUES('588044e3e',86,'53bb6282e','481feab23',97384,2040,1653738882,1653738882);
INSERT INTO player_score VALUES('621c9ff84',86,'53bb6282e','4c546a31e',197800,2608,1653996869,1653996869);
INSERT INTO player_score VALUES('6358b10b4',86,'53bb6282e','5574312f7',465300,2466,1654030011,1654030011);
INSERT INTO player_score VALUES('6333958c2',86,'53bb6282e','5975708f0',94185,2458,1654026120,1654026120);
INSERT INTO player_score VALUES('602784493',86,'53bb6282e','5e0141977',33048,2472,1653944324,1653944324);
INSERT INTO player_score VALUES('6238e44c0',86,'53bb6282e','6139ed4ef',50225,2398,1653999833,1653999833);
INSERT INTO player_score VALUES('5df09391d',86,'541045747','3b6f87cb0',117000,2315,1653884876,1653884876);
INSERT INTO player_score VALUES('62a19fd09',86,'541045747','4570fc372',46102,2572,1654010815,1654010815);
INSERT INTO player_score VALUES('592da0c97',86,'541045747','481feab23',45472,2135,1653757060,1653757060);
INSERT INTO player_score VALUES('63c00a95f',86,'541045747','5975708f0',63437,2593,1654040848,1654040848);
INSERT INTO player_score VALUES('602f05a86',86,'541045747','5e0141977',154440,2501,1653945111,1653945111);
INSERT INTO player_score VALUES('623c0ed56',86,'541045747','6139ed4ef',0,2426,1654000165,1654000165);
INSERT INTO player_score VALUES('63c61dc27',86,'543922e4b','3b6f87cb0',480102,2701,1654041485,1654041485);
INSERT INTO player_score VALUES('62ceddd82',86,'543922e4b','4570fc372',157920,2582,1654015559,1654015559);
INSERT INTO player_score VALUES('54cc2a0d7',86,'543922e4b','481feab23',269280,1564,1653639466,1653639466);
INSERT INTO player_score VALUES('62cf2e6a1',86,'543922e4b','5574312f7',287799,2362,1654015592,1654015592);
INSERT INTO player_score VALUES('623c66bd6',86,'543922e4b','6139ed4ef',168168,2431,1654000201,1654000201);
INSERT INTO player_score VALUES('624d78db5',86,'5507ac6f0','3b6f87cb0',21904,2600,1654001991,1654001991);
INSERT INTO player_score VALUES('61f797fa5',86,'5507ac6f0','4570fc372',79380,2511,1653992986,1653992986);
INSERT INTO player_score VALUES('5a7936059',86,'5507ac6f0','481feab23',11376,2293,1653791829,1653791829);
INSERT INTO player_score VALUES('61fd88f98',86,'5507ac6f0','4c546a31e',0,2592,1653993609,1653993609);
INSERT INTO player_score VALUES('63c2f3340',86,'5507ac6f0','5975708f0',30240,2594,1654041153,1654041153);
INSERT INTO player_score VALUES('5fd0bb7a3',86,'5507ac6f0','5e0141977',112700,2085,1653935224,1653935224);
INSERT INTO player_score VALUES('623971e90',86,'5507ac6f0','6139ed4ef',147204,2405,1653999891,1653999891);
INSERT INTO player_score VALUES('637462e72',86,'552da61b1','3b6f87cb0',27824,2684,1654032915,1654032915);
INSERT INTO player_score VALUES('63a0e4f3d',86,'552da61b1','4570fc372',36960,2657,1654037582,1654037582);
INSERT INTO player_score VALUES('5a5b9beb5',86,'552da61b1','481feab23',333984,2276,1653788725,1653788725);
INSERT INTO player_score VALUES('62bb36208',86,'552da61b1','4c546a31e',12636,2672,1654013498,1654013498);
INSERT INTO player_score VALUES('63c32dd01',86,'552da61b1','5975708f0',348600,2595,1654041177,1654041177);
INSERT INTO player_score VALUES('60328cfdc',86,'552da61b1','5e0141977',166419,2521,1653945481,1653945481);
INSERT INTO player_score VALUES('5efe8fc32',86,'558f4ba9e','3b6f87cb0',125424,2393,1653913186,1653913186);
INSERT INTO player_score VALUES('61601f239',86,'558f4ba9e','4570fc372',309386,2462,1653977103,1653977103);
INSERT INTO player_score VALUES('61fabda80',86,'558f4ba9e','4c546a31e',94000,2590,1653993316,1653993316);
INSERT INTO player_score VALUES('63a7219fe',86,'558f4ba9e','5574312f7',14400,2540,1654038236,1654038236);
INSERT INTO player_score VALUES('6348c65bb',86,'558f4ba9e','5975708f0',397320,2485,1654028342,1654028342);
INSERT INTO player_score VALUES('60306a1d3',86,'558f4ba9e','5e0141977',4914,2508,1653945257,1653945257);
INSERT INTO player_score VALUES('622e77d73',86,'558f4ba9e','6139ed4ef',37576,2292,1653998740,1653998740);
INSERT INTO player_score VALUES('6334cb99a',86,'55bf7e88c','3b6f87cb0',20328,2667,1654026247,1654026247);
INSERT INTO player_score VALUES('5fd66a8e4',86,'55bf7e88c','4570fc372',18240,2330,1653935820,1653935820);
INSERT INTO player_score VALUES('58eda7d58',86,'55bf7e88c','481feab23',65688,2101,1653750352,1653750352);
INSERT INTO player_score VALUES('63ba20eab',86,'55bf7e88c','4c546a31e',61152,2781,1654040228,1654040228);
INSERT INTO player_score VALUES('636ebd944',86,'55bf7e88c','5574312f7',47628,2486,1654032323,1654032323);
INSERT INTO player_score VALUES('63a64d37c',86,'55bf7e88c','5975708f0',96148,2577,1654038149,1654038149);
INSERT INTO player_score VALUES('6032dffbd',86,'55bf7e88c','5e0141977',195615,2522,1653945515,1653945515);
INSERT INTO player_score VALUES('62361b661',86,'55bf7e88c','6139ed4ef',41064,2357,1653999541,1653999541);
INSERT INTO player_score VALUES('63b4ee54c',86,'56d0376ce','4570fc372',193200,2662,1654039683,1654039683);
INSERT INTO player_score VALUES('596f33e20',86,'56d0376ce','481feab23',99900,2158,1653763936,1653763936);
INSERT INTO player_score VALUES('63063f180',86,'56d0376ce','4c546a31e',89503,2703,1654021366,1654021366);
INSERT INTO player_score VALUES('6333c1801',86,'56d0376ce','5574312f7',148830,2443,1654026138,1654026138);
INSERT INTO player_score VALUES('62ee47d8e',86,'56d0376ce','5975708f0',40887,2388,1654018853,1654018853);
INSERT INTO player_score VALUES('602a40f89',86,'56d0376ce','5e0141977',316480,2481,1653944611,1653944611);
INSERT INTO player_score VALUES('60060af2e',86,'56e7a8690','3b6f87cb0',233772,2460,1653940814,1653940814);
INSERT INTO player_score VALUES('61926ffda',86,'56e7a8690','4570fc372',0,2482,1653982379,1653982379);
INSERT INTO player_score VALUES('582d3440b',86,'56e7a8690','481feab23',25740,2002,1653730172,1653730172);
INSERT INTO player_score VALUES('639a04b39',86,'56e7a8690','4c546a31e',323988,2770,1654036861,1654036861);
INSERT INTO player_score VALUES('633d0dddb',86,'56e7a8690','5574312f7',274890,2451,1654027113,1654027113);
INSERT INTO player_score VALUES('6357bce90',86,'56e7a8690','5975708f0',423940,2498,1654029911,1654029911);
INSERT INTO player_score VALUES('60242b580',86,'56e7a8690','5e0141977',16380,2459,1653943973,1653943973);
INSERT INTO player_score VALUES('622ed9800',86,'56e7a8690','6139ed4ef',21240,2296,1653998780,1653998780);
INSERT INTO player_score VALUES('615669cb8',86,'571be3fb2','3b6f87cb0',9912,2539,1653976085,1653976085);
INSERT INTO player_score VALUES('607a02736',86,'571be3fb2','4570fc372',1116,2387,1653952974,1653952974);
INSERT INTO player_score VALUES('5a492ca8a',86,'571be3fb2','481feab23',0,2269,1653786792,1653786792);
INSERT INTO player_score VALUES('62d697640',86,'571be3fb2','4c546a31e',341315,2681,1654016369,1654016369);
INSERT INTO player_score VALUES('6372fe717',86,'571be3fb2','5574312f7',342144,2492,1654032769,1654032769);
INSERT INTO player_score VALUES('637bb854c',86,'571be3fb2','5975708f0',285660,2541,1654033684,1654033684);
INSERT INTO player_score VALUES('6031aed35',86,'571be3fb2','5e0141977',325473,2518,1653945390,1653945390);
INSERT INTO player_score VALUES('62314f625',86,'571be3fb2','6139ed4ef',331170,2312,1653999038,1653999038);
INSERT INTO player_score VALUES('62b6d7f48',86,'57450834c','3b6f87cb0',45360,2631,1654013040,1654013040);
INSERT INTO player_score VALUES('63c1fc9e4',86,'57450834c','4570fc372',32923,2666,1654041052,1654041052);
INSERT INTO player_score VALUES('5a44cc0e8',86,'57450834c','481feab23',252945,2266,1653786333,1653786333);
INSERT INTO player_score VALUES('63bfcb1b2',86,'57450834c','4c546a31e',59724,2785,1654040822,1654040822);
INSERT INTO player_score VALUES('63a3ed502',86,'57450834c','5574312f7',10164,2535,1654037900,1654037900);
INSERT INTO player_score VALUES('601d7e593',86,'57450834c','5e0141977',242925,2431,1653943273,1653943273);
INSERT INTO player_score VALUES('622624813',86,'57450834c','6139ed4ef',64680,2223,1653997867,1653997867);
INSERT INTO player_score VALUES('607e51f60',86,'575612fea','3b6f87cb0',3480,2483,1653953426,1653953426);
INSERT INTO player_score VALUES('62e871b2b',86,'575612fea','4570fc372',176220,2591,1654018241,1654018241);
INSERT INTO player_score VALUES('5a60b3a10',86,'575612fea','481feab23',76342,2278,1653789259,1653789259);
INSERT INTO player_score VALUES('62dce79a2',86,'575612fea','4c546a31e',6216,2686,1654017031,1654017031);
INSERT INTO player_score VALUES('63a65219f',86,'575612fea','5574312f7',99636,2538,1654038151,1654038151);
INSERT INTO player_score VALUES('603318274',86,'575612fea','5e0141977',192660,2523,1653945538,1653945538);
INSERT INTO player_score VALUES('6236ab760',86,'575612fea','6139ed4ef',138180,2367,1653999600,1653999600);
INSERT INTO player_score VALUES('611228a65',86,'5796ea221','3b6f87cb0',183352,2519,1653968928,1653968928);
INSERT INTO player_score VALUES('63c65106d',86,'5796ea221','4570fc372',255024,2668,1654041506,1654041506);
INSERT INTO player_score VALUES('58336e7d3',86,'5796ea221','481feab23',24600,2005,1653730825,1653730825);
INSERT INTO player_score VALUES('632fac931',86,'5796ea221','4c546a31e',6688,2722,1654025710,1654025710);
INSERT INTO player_score VALUES('63c3092fc',86,'5796ea221','5574312f7',129675,2559,1654041162,1654041162);
INSERT INTO player_score VALUES('63b434cba',86,'5796ea221','5975708f0',255150,2585,1654039607,1654039607);
INSERT INTO player_score VALUES('5ffdab659',86,'5796ea221','5e0141977',4698,2287,1653939936,1653939936);
INSERT INTO player_score VALUES('623c77d5a',86,'5796ea221','6139ed4ef',60775,2432,1654000208,1654000208);
INSERT INTO player_score VALUES('62194e5c4',86,'57eb222cc','4570fc372',207690,2521,1653996521,1653996521);
INSERT INTO player_score VALUES('5a4cbdbf5',86,'57eb222cc','481feab23',179400,2270,1653787166,1653787166);
INSERT INTO player_score VALUES('6365c1c7f',86,'57eb222cc','4c546a31e',1540,2756,1654031381,1654031381);
INSERT INTO player_score VALUES('638a0675e',86,'57eb222cc','5574312f7',3888,2513,1654035184,1654035184);
INSERT INTO player_score VALUES('633706e17',86,'57eb222cc','5975708f0',68796,2460,1654026481,1654026481);
INSERT INTO player_score VALUES('603803eb1',86,'57eb222cc','5e0141977',44688,2539,1653946054,1653946054);
INSERT INTO player_score VALUES('622577258',86,'57eb222cc','6139ed4ef',37310,2217,1653997796,1653997796);
INSERT INTO player_score VALUES('62f7ffa2c',86,'58c542066','3b6f87cb0',287584,2647,1654019872,1654019872);
INSERT INTO player_score VALUES('63691845e',86,'58c542066','4570fc372',5655,2640,1654031731,1654031731);
INSERT INTO player_score VALUES('575253890',86,'58c542066','481feab23',21320,1884,1653707221,1653707221);
INSERT INTO player_score VALUES('60f4b0b3e',86,'58c542066','4c546a31e',58800,2482,1653965838,1653965838);
INSERT INTO player_score VALUES('620eee1d9',86,'58c542066','5574312f7',65520,2209,1653995433,1653995433);
INSERT INTO player_score VALUES('63a42cc9f',86,'58c542066','5975708f0',110376,2573,1654037926,1654037926);
INSERT INTO player_score VALUES('602d0285d',86,'58c542066','5e0141977',6600,2493,1653944900,1653944900);
INSERT INTO player_score VALUES('61f5ad46e',86,'58c542066','6139ed4ef',288120,1798,1653992785,1653992785);
INSERT INTO player_score VALUES('613be1cbf',86,'59ce108d4','3b6f87cb0',9792,2532,1653973303,1653973303);
INSERT INTO player_score VALUES('63afaf922',86,'59ce108d4','4570fc372',1170,2659,1654039133,1654039133);
INSERT INTO player_score VALUES('59c9e81d0',86,'59ce108d4','481feab23',57408,2207,1653773447,1653773447);
INSERT INTO player_score VALUES('62e379ba7',86,'59ce108d4','4c546a31e',271206,2689,1654017720,1654017720);
INSERT INTO player_score VALUES('631ec3f6b',86,'59ce108d4','5574312f7',11385,2421,1654023937,1654023937);
INSERT INTO player_score VALUES('637b93ba8',86,'59ce108d4','5975708f0',175890,2540,1654033669,1654033669);
INSERT INTO player_score VALUES('601b47f1d',86,'59ce108d4','5e0141977',135240,2415,1653943041,1653943041);
INSERT INTO player_score VALUES('6371b9c03',86,'59d2209a5','3b6f87cb0',0,2682,1654032636,1654032636);
INSERT INTO player_score VALUES('617a9aead',86,'59d2209a5','4570fc372',36540,2471,1653979880,1653979880);
INSERT INTO player_score VALUES('578e2407d',86,'59d2209a5','481feab23',305520,1921,1653713493,1653713493);
INSERT INTO player_score VALUES('6255bb1d9',86,'59d2209a5','4c546a31e',244818,2631,1654002857,1654002857);
INSERT INTO player_score VALUES('63830194b',86,'59d2209a5','5574312f7',6992,2506,1654034448,1654034448);
INSERT INTO player_score VALUES('63a62fef6',86,'59d2209a5','5975708f0',316800,2574,1654038137,1654038137);
INSERT INTO player_score VALUES('60246862c',86,'59d2209a5','5e0141977',10864,2463,1653943998,1653943998);
INSERT INTO player_score VALUES('622b0b5f5',86,'59d2209a5','6139ed4ef',15795,2263,1653998381,1653998381);
INSERT INTO player_score VALUES('63042fc14',86,'5a3b8be52','3b6f87cb0',66470,2655,1654021150,1654021150);
INSERT INTO player_score VALUES('6360f5bfa',86,'5a3b8be52','4570fc372',29016,2636,1654030878,1654030878);
INSERT INTO player_score VALUES('59f08f1e8',86,'5a3b8be52','481feab23',111360,2223,1653777500,1653777500);
INSERT INTO player_score VALUES('63023b46c',86,'5a3b8be52','4c546a31e',9027,2702,1654020945,1654020945);
INSERT INTO player_score VALUES('6376ddad4',86,'5a3b8be52','5574312f7',7150,2496,1654033175,1654033175);
INSERT INTO player_score VALUES('63a0f39ba',86,'5a3b8be52','5975708f0',11250,2571,1654037588,1654037588);
INSERT INTO player_score VALUES('603592e86',86,'5a3b8be52','5e0141977',9720,2536,1653945798,1653945798);
INSERT INTO player_score VALUES('62267ed47',86,'5a3b8be52','6139ed4ef',27552,2229,1653997904,1653997904);
INSERT INTO player_score VALUES('5e0b73741',86,'5b979be88','3b6f87cb0',49140,2328,1653887694,1653887694);
INSERT INTO player_score VALUES('5faa083f4',86,'5b979be88','4570fc372',232560,2318,1653931166,1653931166);
INSERT INTO player_score VALUES('62a0f007f',86,'5b979be88','4c546a31e',126850,2663,1654010743,1654010743);
INSERT INTO player_score VALUES('629881d7f',86,'5b979be88','5975708f0',27692,2312,1654009859,1654009859);
INSERT INTO player_score VALUES('601d4d885',86,'5b979be88','5e0141977',127764,2428,1653943253,1653943253);
INSERT INTO player_score VALUES('623d4c398',86,'5b979be88','6139ed4ef',5427,2444,1654000295,1654000295);
INSERT INTO player_score VALUES('62615da2b',86,'5c8699897','3b6f87cb0',612540,2603,1654004077,1654004077);
INSERT INTO player_score VALUES('634881fb0',86,'5c8699897','4570fc372',37944,2624,1654028314,1654028314);
INSERT INTO player_score VALUES('61f62273e',86,'5c8699897','4c546a31e',211680,2588,1653992833,1653992833);
INSERT INTO player_score VALUES('63072bec7',86,'5c8699897','5574312f7',22968,2406,1654021463,1654021463);
INSERT INTO player_score VALUES('63b724be8',86,'5c8699897','5975708f0',66368,2588,1654039915,1654039915);
INSERT INTO player_score VALUES('5ffb33127',86,'5c8699897','5e0141977',54912,2278,1653939677,1653939677);
INSERT INTO player_score VALUES('63880d15b',86,'5d0f518d4','4570fc372',0,2647,1654034977,1654034977);
INSERT INTO player_score VALUES('639e2ab35',86,'5d0f518d4','4c546a31e',404928,2774,1654037296,1654037296);
INSERT INTO player_score VALUES('6318ce11e',86,'5d0f518d4','5574312f7',253748,2415,1654023312,1654023312);
INSERT INTO player_score VALUES('63029ceb3',86,'5d0f518d4','5975708f0',22382,2416,1654020985,1654020985);
INSERT INTO player_score VALUES('6037c1fc7',86,'5d0f518d4','5e0141977',19780,2538,1653946027,1653946027);
INSERT INTO player_score VALUES('622775663',86,'5d0f518d4','6139ed4ef',2660,2240,1653998005,1653998005);
INSERT INTO player_score VALUES('5d784a1c4',86,'5da517d6e','3b6f87cb0',30380,2282,1653872263,1653872263);
INSERT INTO player_score VALUES('62df00b59',86,'5da517d6e','4570fc372',184140,2589,1654017251,1654017251);
INSERT INTO player_score VALUES('62c8c0e9c',86,'5da517d6e','4c546a31e',268800,2676,1654014918,1654014918);
INSERT INTO player_score VALUES('624a050f2',86,'5da517d6e','5574312f7',146880,2254,1654001629,1654001629);
INSERT INTO player_score VALUES('63857c5a0',86,'5da517d6e','5975708f0',249795,2548,1654034708,1654034708);
INSERT INTO player_score VALUES('602ce05b4',86,'5da517d6e','5e0141977',203130,2492,1653944886,1653944886);
INSERT INTO player_score VALUES('6239aa0ce',86,'5da517d6e','6139ed4ef',8448,2407,1653999914,1653999914);
INSERT INTO player_score VALUES('627b99ede',86,'5daaf54d2','3b6f87cb0',18216,2614,1654006828,1654006828);
INSERT INTO player_score VALUES('6240aeec1',86,'5daaf54d2','4570fc372',88270,2538,1654000650,1654000650);
INSERT INTO player_score VALUES('634c7c104',86,'5daaf54d2','4c546a31e',391248,2739,1654028731,1654028731);
INSERT INTO player_score VALUES('6353fb025',86,'5daaf54d2','5574312f7',456,2463,1654029517,1654029517);
INSERT INTO player_score VALUES('639d564bd',86,'5daaf54d2','5975708f0',1445,2568,1654037209,1654037209);
INSERT INTO player_score VALUES('601a6004c',86,'5daaf54d2','5e0141977',20790,2410,1653942946,1653942946);
INSERT INTO player_score VALUES('5cdedcbfb',86,'5db65d368','3b6f87cb0',49296,2235,1653856175,1653856175);
INSERT INTO player_score VALUES('63ba6061f',86,'5db65d368','4c546a31e',16200,2782,1654040254,1654040254);
INSERT INTO player_score VALUES('63c173e88',86,'5db65d368','5574312f7',17856,2557,1654040996,1654040996);
INSERT INTO player_score VALUES('601d2dcd0',86,'5db65d368','5e0141977',59800,2427,1653943240,1653943240);
INSERT INTO player_score VALUES('622c5766f',86,'5db65d368','6139ed4ef',3192,2273,1653998517,1653998517);
INSERT INTO player_score VALUES('62f881058',86,'5df896575','3b6f87cb0',330,2648,1654019925,1654019925);
INSERT INTO player_score VALUES('637d9e2e7',86,'5df896575','4570fc372',90304,2645,1654033883,1654033883);
INSERT INTO player_score VALUES('6360a52d9',86,'5df896575','4c546a31e',13728,2753,1654030845,1654030845);
INSERT INTO player_score VALUES('625c76bc5',86,'5df896575','5975708f0',678900,2251,1654003563,1654003563);
INSERT INTO player_score VALUES('603a070da',86,'5df896575','5e0141977',18200,2547,1653946265,1653946265);
INSERT INTO player_score VALUES('6212533f0',86,'5df896575','6139ed4ef',27132,2050,1653995789,1653995789);
INSERT INTO player_score VALUES('618b52b31',86,'5f01aba99','3b6f87cb0',10296,2555,1653981633,1653981633);
INSERT INTO player_score VALUES('5f36f15e8',86,'5f01aba99','4570fc372',0,2277,1653919098,1653919098);
INSERT INTO player_score VALUES('62ea50385',86,'5f01aba99','4c546a31e',43747,2693,1654018437,1654018437);
INSERT INTO player_score VALUES('62de36163',86,'5f01aba99','5574312f7',28812,2369,1654017168,1654017168);
INSERT INTO player_score VALUES('635bd9299',86,'5f01aba99','5975708f0',436304,2507,1654030342,1654030342);
INSERT INTO player_score VALUES('601f8b431',86,'5f01aba99','5e0141977',65481,2437,1653943488,1653943488);
INSERT INTO player_score VALUES('627e67b62',86,'5f1cde8f5','4570fc372',658533,2558,1654007122,1654007122);
INSERT INTO player_score VALUES('63503b86f',86,'5f1cde8f5','5975708f0',11256,2491,1654029124,1654029124);
INSERT INTO player_score VALUES('6223b8615',86,'5f1cde8f5','6139ed4ef',23040,2194,1653997613,1653997613);
INSERT INTO player_score VALUES('633bd2edc',86,'5f8348d11','3b6f87cb0',231000,2668,1654026984,1654026984);
INSERT INTO player_score VALUES('620b7f31d',86,'5f8348d11','4570fc372',53592,2516,1653995073,1653995073);
INSERT INTO player_score VALUES('6200f7e6f',86,'5f8348d11','4c546a31e',113568,2594,1653993969,1653993969);
INSERT INTO player_score VALUES('63270638d',86,'5f8348d11','5975708f0',90288,2449,1654024803,1654024803);
INSERT INTO player_score VALUES('602733b60',86,'5f8348d11','5e0141977',95931,2469,1653944291,1653944291);
INSERT INTO player_score VALUES('6236a41d8',86,'5f8348d11','6139ed4ef',206360,2365,1653999597,1653999597);
INSERT INTO player_score VALUES('62e9a0726',86,'5f99c0c94','3b6f87cb0',0,2641,1654018365,1654018365);
INSERT INTO player_score VALUES('60ef6d077',86,'5f99c0c94','4570fc372',15288,2429,1653965286,1653965286);
INSERT INTO player_score VALUES('6355ea9c6',86,'5f99c0c94','4c546a31e',338778,2746,1654029720,1654029720);
INSERT INTO player_score VALUES('60f13a779',86,'5f99c0c94','5574312f7',401544,1999,1653965475,1653965475);
INSERT INTO player_score VALUES('639f65a70',86,'5f99c0c94','5975708f0',148994,2569,1654037425,1654037425);
INSERT INTO player_score VALUES('6033a34ed',86,'5f99c0c94','5e0141977',52800,2525,1653945595,1653945595);
INSERT INTO player_score VALUES('6237b7fe7',86,'5f99c0c94','6139ed4ef',69597,2387,1653999710,1653999710);
INSERT INTO player_score VALUES('62b1d635f',86,'5fa46f27e','3b6f87cb0',269280,2627,1654012515,1654012515);
INSERT INTO player_score VALUES('61d619c3c',86,'5fa46f27e','4570fc372',0,2505,1653989474,1653989474);
INSERT INTO player_score VALUES('632d1e46e',86,'5fa46f27e','4c546a31e',154008,2717,1654025442,1654025442);
INSERT INTO player_score VALUES('6394bc256',86,'5fa46f27e','5574312f7',72576,2521,1654036307,1654036307);
INSERT INTO player_score VALUES('6398a2b2c',86,'5fa46f27e','5975708f0',28600,2565,1654036716,1654036716);
INSERT INTO player_score VALUES('601e700de',86,'5fa46f27e','5e0141977',385764,2432,1653943372,1653943372);
INSERT INTO player_score VALUES('6239dfc15',86,'5fa46f27e','6139ed4ef',8946,2411,1653999936,1653999936);
INSERT INTO player_score VALUES('61ad39e88',86,'5fd4a6e84','3b6f87cb0',21894,2564,1653985188,1653985188);
INSERT INTO player_score VALUES('617b101cc',86,'5fd4a6e84','4570fc372',364500,2472,1653979928,1653979928);
INSERT INTO player_score VALUES('636bbc8dc',86,'5fd4a6e84','4c546a31e',260756,2758,1654032008,1654032008);
INSERT INTO player_score VALUES('636194732',86,'5fd4a6e84','5574312f7',47850,2476,1654030943,1654030943);
INSERT INTO player_score VALUES('6366eba46',86,'5fd4a6e84','5975708f0',163680,2516,1654031503,1654031503);
INSERT INTO player_score VALUES('5ff56e042',86,'5fd4a6e84','5e0141977',93960,2249,1653939072,1653939072);
INSERT INTO player_score VALUES('623cb74f5',86,'5fd4a6e84','6139ed4ef',62192,2435,1654000234,1654000234);
INSERT INTO player_score VALUES('626742682',86,'60bacfcd2','3b6f87cb0',108000,2608,1654004695,1654004695);
INSERT INTO player_score VALUES('5d63d0679',86,'60bacfcd2','4570fc372',349272,2128,1653870116,1653870116);
INSERT INTO player_score VALUES('6030b0eb0',86,'60bacfcd2','4c546a31e',246915,2373,1653945286,1653945286);
INSERT INTO player_score VALUES('6397dcee6',86,'60bacfcd2','5574312f7',57024,2524,1654036635,1654036635);
INSERT INTO player_score VALUES('6379538e9',86,'60bacfcd2','5975708f0',2436,2538,1654033433,1654033433);
INSERT INTO player_score VALUES('5dfc92d7e',86,'610009f6b','3b6f87cb0',9315,2322,1653886134,1653886134);
INSERT INTO player_score VALUES('62e789c5c',86,'610009f6b','4c546a31e',96064,2691,1654018146,1654018146);
INSERT INTO player_score VALUES('63590dd49',86,'610009f6b','5574312f7',143153,2467,1654030049,1654030049);
INSERT INTO player_score VALUES('638fae351',86,'610009f6b','5975708f0',2700,2557,1654035777,1654035777);
INSERT INTO player_score VALUES('6237824a8',86,'610009f6b','6139ed4ef',232458,2381,1653999688,1653999688);
INSERT INTO player_score VALUES('62701c0ae',86,'616e39f7a','3b6f87cb0',810,2611,1654005623,1654005623);
INSERT INTO player_score VALUES('62966d9e5',86,'616e39f7a','4570fc372',23296,2567,1654009641,1654009641);
INSERT INTO player_score VALUES('62d48329c',86,'616e39f7a','4c546a31e',13392,2680,1654016151,1654016151);
INSERT INTO player_score VALUES('635d00948',86,'616e39f7a','5574312f7',71040,2471,1654030463,1654030463);
INSERT INTO player_score VALUES('635d73528',86,'616e39f7a','5975708f0',79488,2508,1654030510,1654030510);
INSERT INTO player_score VALUES('6228a9037',86,'616e39f7a','6139ed4ef',24948,2247,1653998131,1653998131);
INSERT INTO player_score VALUES('629d3f3a2',86,'62bb7cec9','3b6f87cb0',4128,2621,1654010356,1654010356);
INSERT INTO player_score VALUES('62b9af7d6',86,'62bb7cec9','4570fc372',101343,2576,1654013338,1654013338);
INSERT INTO player_score VALUES('612a44810',86,'62bb7cec9','4c546a31e',733824,2508,1653971456,1653971456);
INSERT INTO player_score VALUES('63c0bf3ee',86,'62f3a1797','3b6f87cb0',56376,2700,1654040922,1654040922);
INSERT INTO player_score VALUES('63bb6cf0d',86,'62f3a1797','4570fc372',266,2665,1654040364,1654040364);
INSERT INTO player_score VALUES('61112d2be',86,'62f3a1797','4c546a31e',9016,2494,1653968825,1653968825);
INSERT INTO player_score VALUES('630d948cc',86,'62f3a1797','5574312f7',92256,2409,1654022135,1654022135);
INSERT INTO player_score VALUES('636470dd2',86,'62f3a1797','5975708f0',555822,2513,1654031243,1654031243);
COMMIT;
