
BEGIN;
CREATE TABLE IF NOT EXISTS competition (
  id VARCHAR(255) NOT NULL PRIMARY KEY,
  tenant_id BIGINT NOT NULL,
  title TEXT NOT NULL,
  finished_at BIGINT NULL,
  created_at BIGINT NOT NULL,
  updated_at BIGINT NOT NULL
);
INSERT INTO competition VALUES('259da18ca',88,'第3回 広尾鎮魂歌',NULL,1652372940,1653274636);
INSERT INTO competition VALUES('267069859',88,'エフェクティブNAT.py #3',NULL,1652395042,1653410857);
INSERT INTO competition VALUES('29f124825',88,'池袋ドーナツ vol.9',NULL,1652489071,1652784294);
INSERT INTO competition VALUES('2b7e961ed',88,'大統一青山一丁目百貨店大会',1653044854,1652530746,1653044854);
INSERT INTO competition VALUES('30427f7c6',88,'マルチNATオペレーションズ杯',NULL,1652658663,1653068452);
INSERT INTO competition VALUES('30ca43564',88,'デブオプス食堂 vol.2',NULL,1652672899,1653074730);
INSERT INTO competition VALUES('31213cf6d',88,'Cache-Controlの楽園 #1',NULL,1652682019,1652735493);
INSERT INTO competition VALUES('3a6136240',88,'手仕込みじゃがいもネイティブ大会',1653501525,1652930319,1653501525);
INSERT INTO competition VALUES('3ab243a51',88,'第2回 スパゲッティ風',NULL,1652938818,1653559252);
INSERT INTO competition VALUES('3e9de6cdc',88,'麻婆fastの晩餐 #1',NULL,1653044057,1653137080);
INSERT INTO competition VALUES('3fd52e4ef',88,'ロック上野委員会 #8',1653550286,1653076697,1653550286);
INSERT INTO competition VALUES('4b0abfa95',88,'第9回 スピリチュアルデータベース.php',1653865767,1653377593,1653865767);
INSERT INTO competition VALUES('508cb2f27',88,'立川連合大会',NULL,1653525437,1653527362);
INSERT INTO competition VALUES('529de971e',88,'パエリア穏健派 vol.5',NULL,1653580929,1653861642);
INSERT INTO competition VALUES('5415cb0b8',88,'丸腰ドラゴンフルーツヒーローズカップ',1654020014,1653620343,1654020014);
INSERT INTO competition VALUES('601ee7aed',88,'ようこそみたらししてもろて vol.3',1654034355,1653943421,1654034355);
INSERT INTO competition VALUES('60ffccec1',88,'マネージド枝豆ネイティブ杯',NULL,1653967003,1653983835);
INSERT INTO competition VALUES('6347c870a',88,'運用店 #4',NULL,1654028238,1654035222);
INSERT INTO competition VALUES('63b122a81',88,'Dr.無課金はバランスいい杯',NULL,1654039285,1654039471);
CREATE TABLE IF NOT EXISTS player (
  id VARCHAR(255) NOT NULL PRIMARY KEY,
  tenant_id BIGINT NOT NULL,
  display_name TEXT NOT NULL,
  is_disqualified BOOLEAN NOT NULL,
  created_at BIGINT NOT NULL,
  updated_at BIGINT NOT NULL
);
INSERT INTO player VALUES('2d277051b',88,'Geovanni Schmidt V',1,1652575295,1653937109);
INSERT INTO player VALUES('2d9750777',88,'Ms. Shakira Pfannerstill DVM',0,1652587026,1652865411);
INSERT INTO player VALUES('2e788d988',88,'Mr. Elton DuBuque DVM',0,1652610644,1653498883);
INSERT INTO player VALUES('323e7ddd6',88,'Jackie Bechtelar',0,1652711930,1653826014);
INSERT INTO player VALUES('392c4254b',88,'Garrison Murray',1,1652897923,1653746541);
INSERT INTO player VALUES('3fe2d3f01',88,'Ms. Berniece Weber',0,1653078128,1653926322);
INSERT INTO player VALUES('4046fb979',88,'Olga Franecki',0,1653088630,1653511026);
INSERT INTO player VALUES('41b765903',88,'Jaren Ankunding',0,1653127261,1653721000);
INSERT INTO player VALUES('42045461d',88,'Garrick Bednar',0,1653135328,1653947469);
INSERT INTO player VALUES('420fe5ce5',88,'Loma Hills',0,1653136541,1653253405);
INSERT INTO player VALUES('428f3de89',88,'Izabella Conn',1,1653149894,1653152382);
INSERT INTO player VALUES('438f61347',88,'Mr. Leland Cummerata',0,1653176752,1653649234);
INSERT INTO player VALUES('47e9abffa',88,'Mr. Rusty Walter I',1,1653293594,1653981047);
INSERT INTO player VALUES('48b1a8470',88,'Jaylen Schaefer',1,1653314564,1653671303);
INSERT INTO player VALUES('48fb06052',88,'Ross Hickle',1,1653322257,1653590525);
INSERT INTO player VALUES('4e65f62d0',88,'Mr. Scottie Bayer',0,1653467688,1653583860);
INSERT INTO player VALUES('4f9b7ee31',88,'Ms. Dovie Lemke DVM',0,1653500145,1653603129);
INSERT INTO player VALUES('5394687ac',88,'Ms. Thalia Larkin IV',0,1653606776,1653864523);
INSERT INTO player VALUES('54f245e99',88,'Nya Hickle',0,1653643462,1654029201);
INSERT INTO player VALUES('555af057a',88,'Ashtyn Sanford',0,1653654437,1653769179);
INSERT INTO player VALUES('57b0d36a6',88,'Adolph Upton',0,1653717130,1653928116);
INSERT INTO player VALUES('5d37708d5',88,'Mr. Kenyon Kessler Sr.',0,1653865463,1654028006);
INSERT INTO player VALUES('5d4e1bc29',88,'Ms. Myrtle Boehm',0,1653867840,1653997565);
INSERT INTO player VALUES('5e60d557c',88,'Audra Kirlin',0,1653896647,1653988682);
INSERT INTO player VALUES('63a810e35',88,'Mr. Kristofer Berge IV',0,1654038334,1654038467);
CREATE TABLE IF NOT EXISTS IF NOT EXISTS "player_score" (
                              id VARCHAR(255) NOT NULL PRIMARY KEY,
                              tenant_id BIGINT NOT NULL,
                              player_id VARCHAR(255) NOT NULL,
                              competition_id VARCHAR(255) NOT NULL,
                              score BIGINT NOT NULL,
                              row_num BIGINT NOT NULL,
                              created_at BIGINT NOT NULL,
                              updated_at BIGINT NOT NULL
);
INSERT INTO player_score VALUES('6318a221b',88,'2d277051b','259da18ca',101088,461,1654023294,1654023294);
INSERT INTO player_score VALUES('639b92a27',88,'2d277051b','267069859',645430,441,1654037024,1654037024);
INSERT INTO player_score VALUES('3dfdaf2ee',88,'2d277051b','2b7e961ed',9324,100,1653027257,1653027257);
INSERT INTO player_score VALUES('5cb021de3',88,'2d277051b','30427f7c6',11270,446,1653851275,1653851275);
INSERT INTO player_score VALUES('607ade2e6',88,'2d277051b','30ca43564',32660,406,1653953064,1653953064);
INSERT INTO player_score VALUES('628897248',88,'2d277051b','31213cf6d',6600,464,1654008190,1654008190);
INSERT INTO player_score VALUES('4d64ab755',88,'2d277051b','3a6136240',634500,307,1653440709,1653440709);
INSERT INTO player_score VALUES('62c097132',88,'2d277051b','3ab243a51',496800,464,1654014062,1654014062);
INSERT INTO player_score VALUES('62c08d4a8',88,'2d277051b','3e9de6cdc',46176,494,1654014058,1654014058);
INSERT INTO player_score VALUES('4f1308cd3',88,'2d277051b','3fd52e4ef',80500,307,1653485836,1653485836);
INSERT INTO player_score VALUES('5c7155352',88,'2d277051b','4b0abfa95',11640,416,1653844690,1653844690);
INSERT INTO player_score VALUES('60a65afcd',88,'2d277051b','508cb2f27',36162,439,1653957624,1653957624);
INSERT INTO player_score VALUES('62d568a55',88,'2d277051b','529de971e',153170,488,1654016245,1654016245);
INSERT INTO player_score VALUES('62cdc034e',88,'2d277051b','5415cb0b8',93651,450,1654015442,1654015442);
INSERT INTO player_score VALUES('63bda5cb0',88,'2d277051b','60ffccec1',299376,444,1654040597,1654040597);
INSERT INTO player_score VALUES('63c5706ba',88,'2d277051b','63b122a81',17100,423,1654041414,1654041414);
INSERT INTO player_score VALUES('627806667',88,'2d9750777','259da18ca',262080,455,1654006453,1654006453);
INSERT INTO player_score VALUES('610362e62',88,'2d9750777','267069859',7896,430,1653967379,1653967379);
INSERT INTO player_score VALUES('3e90cc4b1',88,'2d9750777','2b7e961ed',18522,105,1653042683,1653042683);
INSERT INTO player_score VALUES('624b6e662',88,'2d9750777','30427f7c6',13680,488,1654001777,1654001777);
INSERT INTO player_score VALUES('6268abc02',88,'2d9750777','30ca43564',76230,423,1654004843,1654004843);
INSERT INTO player_score VALUES('5f630ce03',88,'2d9750777','31213cf6d',117576,441,1653923723,1653923723);
INSERT INTO player_score VALUES('4e1b00b88',88,'2d9750777','3a6136240',309285,314,1653459828,1653459828);
INSERT INTO player_score VALUES('61757bdfb',88,'2d9750777','3ab243a51',159315,454,1653979343,1653979343);
INSERT INTO player_score VALUES('5bb8a2816',88,'2d9750777','3e9de6cdc',53872,395,1653825323,1653825323);
INSERT INTO player_score VALUES('513db3707',88,'2d9750777','3fd52e4ef',277823,348,1653543997,1653543997);
INSERT INTO player_score VALUES('61438caee',88,'2d9750777','508cb2f27',387600,454,1653974107,1653974107);
INSERT INTO player_score VALUES('62a9aecee',88,'2d9750777','529de971e',108376,486,1654011660,1654011660);
INSERT INTO player_score VALUES('62b8cc72e',88,'2d9750777','5415cb0b8',126225,448,1654013245,1654013245);
INSERT INTO player_score VALUES('63548629a',88,'2d9750777','601ee7aed',40508,456,1654029574,1654029574);
INSERT INTO player_score VALUES('63c538415',88,'2d9750777','60ffccec1',41454,450,1654041391,1654041391);
INSERT INTO player_score VALUES('63aa3d879',88,'2d9750777','6347c870a',17136,368,1654038562,1654038562);
INSERT INTO player_score VALUES('63c2966e1',88,'2d9750777','63b122a81',170640,370,1654041115,1654041115);
INSERT INTO player_score VALUES('62a5139df',88,'2e788d988','259da18ca',267806,456,1654011177,1654011177);
INSERT INTO player_score VALUES('6061fef9d',88,'2e788d988','267069859',87978,427,1653950456,1653950456);
INSERT INTO player_score VALUES('3dafac764',88,'2e788d988','2b7e961ed',57618,97,1653019077,1653019077);
INSERT INTO player_score VALUES('63233f6cc',88,'2e788d988','30427f7c6',12474,496,1654024407,1654024407);
INSERT INTO player_score VALUES('58b05cea9',88,'2e788d988','30ca43564',28609,340,1653743925,1653743925);
INSERT INTO player_score VALUES('62d20fb8c',88,'2e788d988','31213cf6d',7776,467,1654015894,1654015894);
INSERT INTO player_score VALUES('4c5829b02',88,'2e788d988','3a6136240',518320,290,1653412554,1653412554);
INSERT INTO player_score VALUES('5f9573b54',88,'2e788d988','3ab243a51',13160,432,1653929008,1653929008);
INSERT INTO player_score VALUES('637b8c668',88,'2e788d988','3e9de6cdc',19170,515,1654033666,1654033666);
INSERT INTO player_score VALUES('5a9644ff9',88,'2e788d988','4b0abfa95',16530,376,1653794876,1653794876);
INSERT INTO player_score VALUES('638920f42',88,'2e788d988','508cb2f27',117208,512,1654035090,1654035090);
INSERT INTO player_score VALUES('60d7d771f',88,'2e788d988','529de971e',285120,447,1653962813,1653962813);
INSERT INTO player_score VALUES('62e826041',88,'2e788d988','5415cb0b8',28968,453,1654018210,1654018210);
INSERT INTO player_score VALUES('635b729eb',88,'2e788d988','601ee7aed',102663,460,1654030300,1654030300);
INSERT INTO player_score VALUES('633d5bff3',88,'2e788d988','60ffccec1',4800,381,1654027145,1654027145);
INSERT INTO player_score VALUES('63be72db2',88,'2e788d988','6347c870a',223200,442,1654040681,1654040681);
INSERT INTO player_score VALUES('63c6389ec',88,'2e788d988','63b122a81',218700,448,1654041496,1654041496);
INSERT INTO player_score VALUES('604d79158',88,'323e7ddd6','267069859',0,425,1653948304,1653948304);
INSERT INTO player_score VALUES('63286aa58',88,'323e7ddd6','29f124825',204240,460,1654024949,1654024949);
INSERT INTO player_score VALUES('610459797',88,'323e7ddd6','30427f7c6',294000,477,1653967480,1653967480);
INSERT INTO player_score VALUES('62292f4ea',88,'323e7ddd6','30ca43564',187264,420,1653998186,1653998186);
INSERT INTO player_score VALUES('62e8a4fbb',88,'323e7ddd6','31213cf6d',80640,468,1654018262,1654018262);
INSERT INTO player_score VALUES('4f081d638',88,'323e7ddd6','3a6136240',588588,326,1653484691,1653484691);
INSERT INTO player_score VALUES('6389d0c08',88,'323e7ddd6','3ab243a51',23970,474,1654035162,1654035162);
INSERT INTO player_score VALUES('63644009b',88,'323e7ddd6','3e9de6cdc',2176,509,1654031223,1654031223);
INSERT INTO player_score VALUES('5051db737',88,'323e7ddd6','3fd52e4ef',3696,333,1653519267,1653519267);
INSERT INTO player_score VALUES('5ccb3c58b',88,'323e7ddd6','4b0abfa95',44352,431,1653854117,1653854117);
INSERT INTO player_score VALUES('635bf4041',88,'323e7ddd6','508cb2f27',126960,506,1654030353,1654030353);
INSERT INTO player_score VALUES('628e7977a',88,'323e7ddd6','529de971e',111540,485,1654008807,1654008807);
INSERT INTO player_score VALUES('62eb2e667',88,'323e7ddd6','5415cb0b8',30940,454,1654018528,1654018528);
INSERT INTO player_score VALUES('6322eed9d',88,'323e7ddd6','601ee7aed',66330,426,1654024374,1654024374);
INSERT INTO player_score VALUES('63afb2052',88,'323e7ddd6','60ffccec1',195048,430,1654039134,1654039134);
INSERT INTO player_score VALUES('63c0cde67',88,'323e7ddd6','6347c870a',26910,450,1654040928,1654040928);
INSERT INTO player_score VALUES('63c6e5f23',88,'323e7ddd6','63b122a81',21240,457,1654041567,1654041567);
INSERT INTO player_score VALUES('639e36ea6',88,'392c4254b','259da18ca',359744,467,1654037301,1654037301);
INSERT INTO player_score VALUES('637738021',88,'392c4254b','29f124825',15180,465,1654033212,1654033212);
INSERT INTO player_score VALUES('3e8985854',88,'392c4254b','2b7e961ed',2600,104,1653041920,1653041920);
INSERT INTO player_score VALUES('5ffaaa58a',88,'392c4254b','30427f7c6',75264,476,1653939621,1653939621);
INSERT INTO player_score VALUES('62c72ba62',88,'392c4254b','30ca43564',204792,427,1654014752,1654014752);
INSERT INTO player_score VALUES('4ea184bee',88,'392c4254b','3a6136240',213750,321,1653473933,1653473933);
INSERT INTO player_score VALUES('61df7739f',88,'392c4254b','3ab243a51',82810,457,1653990456,1653990456);
INSERT INTO player_score VALUES('63286aa59',88,'392c4254b','3e9de6cdc',164300,507,1654024949,1654024949);
INSERT INTO player_score VALUES('50aa5e241',88,'392c4254b','3fd52e4ef',9870,338,1653528548,1653528548);
INSERT INTO player_score VALUES('5cbbd7ea7',88,'392c4254b','4b0abfa95',96768,429,1653852503,1653852503);
INSERT INTO player_score VALUES('6371e0d16',88,'392c4254b','508cb2f27',40704,508,1654032652,1654032652);
INSERT INTO player_score VALUES('63a682f18',88,'392c4254b','529de971e',36859,510,1654038171,1654038171);
INSERT INTO player_score VALUES('62d2a716a',88,'392c4254b','5415cb0b8',104880,451,1654015956,1654015956);
INSERT INTO player_score VALUES('6340693e5',88,'392c4254b','601ee7aed',281556,446,1654027465,1654027465);
INSERT INTO player_score VALUES('63bfbee4a',88,'392c4254b','60ffccec1',401505,446,1654040817,1654040817);
INSERT INTO player_score VALUES('63b60bfab',88,'392c4254b','6347c870a',1920,413,1654039800,1654039800);
INSERT INTO player_score VALUES('5c17a639f',88,'3fe2d3f01','259da18ca',214620,409,1653835286,1653835286);
INSERT INTO player_score VALUES('6128156b8',88,'3fe2d3f01','29f124825',8694,446,1653971227,1653971227);
INSERT INTO player_score VALUES('637018445',88,'3fe2d3f01','30427f7c6',2700,498,1654032465,1654032465);
INSERT INTO player_score VALUES('58c55f51c',88,'3fe2d3f01','30ca43564',157248,342,1653746128,1653746128);
INSERT INTO player_score VALUES('625088891',88,'3fe2d3f01','31213cf6d',108288,463,1654002312,1654002312);
INSERT INTO player_score VALUES('4ca9cc1ac',88,'3fe2d3f01','3a6136240',10200,295,1653421114,1653421114);
INSERT INTO player_score VALUES('5d217eded',88,'3fe2d3f01','3ab243a51',72384,404,1653863162,1653863162);
INSERT INTO player_score VALUES('6373d7be9',88,'3fe2d3f01','3e9de6cdc',521136,511,1654032858,1654032858);
INSERT INTO player_score VALUES('515e6974f',88,'3fe2d3f01','3fd52e4ef',1767,350,1653547427,1653547427);
INSERT INTO player_score VALUES('5ccab3a01',88,'3fe2d3f01','4b0abfa95',554400,430,1653854061,1653854061);
INSERT INTO player_score VALUES('6250b6ec1',88,'3fe2d3f01','508cb2f27',0,477,1654002331,1654002331);
INSERT INTO player_score VALUES('62fd32352',88,'3fe2d3f01','529de971e',296496,492,1654020417,1654020417);
INSERT INTO player_score VALUES('624aa14d9',88,'3fe2d3f01','5415cb0b8',266256,433,1654001693,1654001693);
INSERT INTO player_score VALUES('62f261a92',88,'3fe2d3f01','601ee7aed',57798,395,1654019283,1654019283);
INSERT INTO player_score VALUES('63996ae2f',88,'3fe2d3f01','60ffccec1',21021,423,1654036798,1654036798);
INSERT INTO player_score VALUES('63c60f1ac',88,'3fe2d3f01','6347c870a',156975,467,1654041479,1654041479);
INSERT INTO player_score VALUES('63c51fd72',88,'3fe2d3f01','63b122a81',89760,416,1654041381,1654041381);
INSERT INTO player_score VALUES('62ae47912',88,'4046fb979','259da18ca',0,457,1654012142,1654012142);
INSERT INTO player_score VALUES('63456fdac',88,'4046fb979','267069859',324300,440,1654027992,1654027992);
INSERT INTO player_score VALUES('5e650c742',88,'4046fb979','29f124825',458731,425,1653897089,1653897089);
INSERT INTO player_score VALUES('61e975d1a',88,'4046fb979','30427f7c6',9504,484,1653991504,1653991504);
INSERT INTO player_score VALUES('6347b4eb4',88,'4046fb979','30ca43564',338660,431,1654028230,1654028230);
INSERT INTO player_score VALUES('615778c53',88,'4046fb979','31213cf6d',73710,455,1653976196,1653976196);
INSERT INTO player_score VALUES('4f5727c8b',88,'4046fb979','3a6136240',69420,331,1653492979,1653492979);
INSERT INTO player_score VALUES('5f54eab72',88,'4046fb979','3e9de6cdc',388680,449,1653922241,1653922241);
INSERT INTO player_score VALUES('5142ed536',88,'4046fb979','3fd52e4ef',430355,349,1653544545,1653544545);
INSERT INTO player_score VALUES('5d10174b7',88,'4046fb979','4b0abfa95',7998,435,1653861337,1653861337);
INSERT INTO player_score VALUES('6397f2e63',88,'4046fb979','508cb2f27',20384,514,1654036644,1654036644);
INSERT INTO player_score VALUES('5ff437f5f',88,'4046fb979','529de971e',44460,419,1653938945,1653938945);
INSERT INTO player_score VALUES('61078679f',88,'4046fb979','5415cb0b8',187812,404,1653967813,1653967813);
INSERT INTO player_score VALUES('636489467',88,'4046fb979','601ee7aed',529232,463,1654031253,1654031253);
INSERT INTO player_score VALUES('63b4792a2',88,'4046fb979','60ffccec1',3540,435,1654039635,1654039635);
INSERT INTO player_score VALUES('63bf86bd3',88,'4046fb979','6347c870a',50400,445,1654040794,1654040794);
INSERT INTO player_score VALUES('63c6cb19c',88,'4046fb979','63b122a81',175784,456,1654041556,1654041556);
INSERT INTO player_score VALUES('60ba53495',88,'41b765903','259da18ca',401856,442,1653959718,1653959718);
INSERT INTO player_score VALUES('605668aba',88,'41b765903','267069859',357504,426,1653949241,1653949241);
INSERT INTO player_score VALUES('6259a8f84',88,'41b765903','29f124825',64680,451,1654003269,1654003269);
INSERT INTO player_score VALUES('623d8e24d',88,'41b765903','30427f7c6',292950,487,1654000322,1654000322);
INSERT INTO player_score VALUES('6216a2c22',88,'41b765903','30ca43564',10384,418,1653996241,1653996241);
INSERT INTO player_score VALUES('637bfa404',88,'41b765903','31213cf6d',106560,472,1654033711,1654033711);
INSERT INTO player_score VALUES('4f3d32445',88,'41b765903','3a6136240',87505,328,1653490257,1653490257);
INSERT INTO player_score VALUES('62fba1cf4',88,'41b765903','3ab243a51',8064,468,1654020253,1654020253);
INSERT INTO player_score VALUES('6376639a3',88,'41b765903','3e9de6cdc',225090,512,1654033125,1654033125);
INSERT INTO player_score VALUES('507d66ec9',88,'41b765903','3fd52e4ef',43142,336,1653523833,1653523833);
INSERT INTO player_score VALUES('5ca8d3bed',88,'41b765903','4b0abfa95',89900,427,1653850509,1653850509);
INSERT INTO player_score VALUES('639cf4a78',88,'41b765903','508cb2f27',5610,516,1654037169,1654037169);
INSERT INTO player_score VALUES('621aa9092',88,'41b765903','529de971e',368010,477,1653996663,1653996663);
INSERT INTO player_score VALUES('62c9424fa',88,'41b765903','5415cb0b8',202852,449,1654014971,1654014971);
INSERT INTO player_score VALUES('637342cff',88,'41b765903','601ee7aed',474240,466,1654032797,1654032797);
INSERT INTO player_score VALUES('63873fff2',88,'41b765903','60ffccec1',139062,414,1654034893,1654034893);
INSERT INTO player_score VALUES('63be1d69b',88,'41b765903','6347c870a',35400,437,1654040646,1654040646);
INSERT INTO player_score VALUES('637761828',88,'42045461d','259da18ca',182400,463,1654033229,1654033229);
INSERT INTO player_score VALUES('6169335c4',88,'42045461d','267069859',10800,433,1653978055,1653978055);
INSERT INTO player_score VALUES('621d8f39e',88,'42045461d','29f124825',272800,449,1653996967,1653996967);
INSERT INTO player_score VALUES('63a9c3743',88,'42045461d','30427f7c6',9792,501,1654038512,1654038512);
INSERT INTO player_score VALUES('62ba88c6a',88,'42045461d','30ca43564',226527,426,1654013427,1654013427);
INSERT INTO player_score VALUES('63960d103',88,'42045461d','31213cf6d',4725,473,1654036445,1654036445);
INSERT INTO player_score VALUES('4f3bdc75d',88,'42045461d','3a6136240',35700,327,1653490117,1653490117);
INSERT INTO player_score VALUES('6377b9674',88,'42045461d','3ab243a51',35948,473,1654033265,1654033265);
INSERT INTO player_score VALUES('5e5f539d2',88,'42045461d','3e9de6cdc',61446,436,1653896489,1653896489);
INSERT INTO player_score VALUES('5172a13ce',88,'42045461d','3fd52e4ef',78000,351,1653549547,1653549547);
INSERT INTO player_score VALUES('5a0a256c9',88,'42045461d','4b0abfa95',217152,368,1653780183,1653780183);
INSERT INTO player_score VALUES('6328fab5b',88,'42045461d','508cb2f27',38502,503,1654025008,1654025008);
INSERT INTO player_score VALUES('63492a70d',88,'42045461d','529de971e',37240,503,1654028383,1654028383);
INSERT INTO player_score VALUES('637327f50',88,'42045461d','601ee7aed',92340,465,1654032786,1654032786);
INSERT INTO player_score VALUES('636500e94',88,'42045461d','60ffccec1',83600,398,1654031302,1654031302);
INSERT INTO player_score VALUES('63c43ccc6',88,'42045461d','6347c870a',303534,465,1654041288,1654041288);
INSERT INTO player_score VALUES('63c6e864f',88,'42045461d','63b122a81',262774,458,1654041568,1654041568);
INSERT INTO player_score VALUES('574ad4987',88,'420fe5ce5','259da18ca',26880,377,1653706435,1653706435);
INSERT INTO player_score VALUES('5ad023763',88,'420fe5ce5','267069859',207270,393,1653800944,1653800944);
INSERT INTO player_score VALUES('63591ee91',88,'420fe5ce5','29f124825',700,462,1654030056,1654030056);
INSERT INTO player_score VALUES('62e43d093',88,'420fe5ce5','30427f7c6',292068,493,1654017800,1654017800);
INSERT INTO player_score VALUES('62a0c8f8b',88,'420fe5ce5','30ca43564',46512,425,1654010727,1654010727);
INSERT INTO player_score VALUES('63478687e',88,'420fe5ce5','31213cf6d',23408,470,1654028211,1654028211);
INSERT INTO player_score VALUES('4f8aa9cf1',88,'420fe5ce5','3a6136240',40014,333,1653498380,1653498380);
INSERT INTO player_score VALUES('639d3de0e',88,'420fe5ce5','3ab243a51',43435,475,1654037199,1654037199);
INSERT INTO player_score VALUES('62ffe51fc',88,'420fe5ce5','3e9de6cdc',1458,503,1654020700,1654020700);
INSERT INTO player_score VALUES('50b178fd7',88,'420fe5ce5','3fd52e4ef',8640,339,1653529293,1653529293);
INSERT INTO player_score VALUES('5d1330c22',88,'420fe5ce5','4b0abfa95',4356,437,1653861662,1653861662);
INSERT INTO player_score VALUES('6326dcb5f',88,'420fe5ce5','508cb2f27',72590,501,1654024786,1654024786);
INSERT INTO player_score VALUES('63735da90',88,'420fe5ce5','529de971e',144144,506,1654032808,1654032808);
INSERT INTO player_score VALUES('62f14dc54',88,'420fe5ce5','5415cb0b8',71280,455,1654019170,1654019170);
INSERT INTO player_score VALUES('637637a6d',88,'420fe5ce5','601ee7aed',165984,470,1654033107,1654033107);
INSERT INTO player_score VALUES('63c348a84',88,'420fe5ce5','6347c870a',15744,460,1654041188,1654041188);
INSERT INTO player_score VALUES('63c703412',88,'420fe5ce5','63b122a81',103952,460,1654041579,1654041579);
INSERT INTO player_score VALUES('6357c1ca3',88,'428f3de89','259da18ca',348257,462,1654029913,1654029913);
INSERT INTO player_score VALUES('5d45385e4',88,'428f3de89','267069859',425600,409,1653866908,1653866908);
INSERT INTO player_score VALUES('6316ada3b',88,'428f3de89','29f124825',747600,458,1654023089,1654023089);
INSERT INTO player_score VALUES('6332e0dfc',88,'428f3de89','30427f7c6',624,497,1654026046,1654026046);
INSERT INTO player_score VALUES('5edba0e93',88,'428f3de89','31213cf6d',117000,434,1653909523,1653909523);
INSERT INTO player_score VALUES('4eb3b2128',88,'428f3de89','3a6136240',102900,322,1653475839,1653475839);
INSERT INTO player_score VALUES('63613539b',88,'428f3de89','3ab243a51',57132,472,1654030904,1654030904);
INSERT INTO player_score VALUES('5c339ee0d',88,'428f3de89','3e9de6cdc',34884,402,1653838219,1653838219);
INSERT INTO player_score VALUES('5107883d3',88,'428f3de89','3fd52e4ef',431272,346,1653538317,1653538317);
INSERT INTO player_score VALUES('5b740222d',88,'428f3de89','4b0abfa95',590226,391,1653818127,1653818127);
INSERT INTO player_score VALUES('63b365455',88,'428f3de89','508cb2f27',19564,518,1654039522,1654039522);
INSERT INTO player_score VALUES('63829142c',88,'428f3de89','529de971e',19096,507,1654034402,1654034402);
INSERT INTO player_score VALUES('629a7b33d',88,'428f3de89','5415cb0b8',1248,444,1654010066,1654010066);
INSERT INTO player_score VALUES('635739176',88,'428f3de89','601ee7aed',70434,457,1654029857,1654029857);
INSERT INTO player_score VALUES('63b77a318',88,'428f3de89','60ffccec1',52808,437,1654039950,1654039950);
INSERT INTO player_score VALUES('63c33a00e',88,'428f3de89','6347c870a',109802,459,1654041182,1654041182);
INSERT INTO player_score VALUES('63c719371',88,'428f3de89','63b122a81',24738,461,1654041588,1654041588);
INSERT INTO player_score VALUES('615444763',88,'438f61347','259da18ca',159588,446,1653975860,1653975860);
INSERT INTO player_score VALUES('62b5849b2',88,'438f61347','267069859',4176,438,1654012901,1654012901);
INSERT INTO player_score VALUES('622367d14',88,'438f61347','29f124825',14742,450,1653997580,1653997580);
INSERT INTO player_score VALUES('614406bd2',88,'438f61347','30427f7c6',44591,478,1653974157,1653974157);
INSERT INTO player_score VALUES('5e45b11d0',88,'438f61347','30ca43564',370370,389,1653893801,1653893801);
INSERT INTO player_score VALUES('5a3799270',88,'438f61347','31213cf6d',190548,384,1653784949,1653784949);
INSERT INTO player_score VALUES('4f8d07463',88,'438f61347','3a6136240',189000,334,1653498628,1653498628);
INSERT INTO player_score VALUES('631312c87',88,'438f61347','3ab243a51',136528,469,1654022711,1654022711);
INSERT INTO player_score VALUES('50fbf6d15',88,'438f61347','3fd52e4ef',0,345,1653537104,1653537104);
INSERT INTO player_score VALUES('5d1b0c7a2',88,'438f61347','4b0abfa95',0,438,1653862486,1653862486);
INSERT INTO player_score VALUES('638d90395',88,'438f61347','508cb2f27',74100,513,1654035555,1654035555);
INSERT INTO player_score VALUES('61e43bec6',88,'438f61347','529de971e',5852,473,1653990956,1653990956);
INSERT INTO player_score VALUES('629403efa',88,'438f61347','5415cb0b8',59136,443,1654009388,1654009388);
INSERT INTO player_score VALUES('635cf1ecc',88,'438f61347','601ee7aed',13328,461,1654030457,1654030457);
INSERT INTO player_score VALUES('63b421454',88,'438f61347','6347c870a',163296,405,1654039599,1654039599);
INSERT INTO player_score VALUES('63c6b2afc',88,'438f61347','63b122a81',288864,455,1654041546,1654041546);
INSERT INTO player_score VALUES('637b1251c',88,'47e9abffa','259da18ca',156492,465,1654033616,1654033616);
INSERT INTO player_score VALUES('615e1e701',88,'47e9abffa','267069859',18900,432,1653976893,1653976893);
INSERT INTO player_score VALUES('63afbbc7b',88,'47e9abffa','29f124825',486486,467,1654039138,1654039138);
INSERT INTO player_score VALUES('622e4e547',88,'47e9abffa','30427f7c6',182664,486,1653998723,1653998723);
INSERT INTO player_score VALUES('62d9b0d71',88,'47e9abffa','30ca43564',43890,428,1654016694,1654016694);
INSERT INTO player_score VALUES('63b5a5735',88,'47e9abffa','31213cf6d',71553,474,1654039758,1654039758);
INSERT INTO player_score VALUES('4d21d133c',88,'47e9abffa','3a6136240',68991,301,1653433699,1653433699);
INSERT INTO player_score VALUES('62e550e94',88,'47e9abffa','3ab243a51',358182,467,1654017913,1654017913);
INSERT INTO player_score VALUES('6390c2130',88,'47e9abffa','3e9de6cdc',688500,516,1654035890,1654035890);
INSERT INTO player_score VALUES('50edf6d9f',88,'47e9abffa','3fd52e4ef',3480,344,1653535636,1653535636);
INSERT INTO player_score VALUES('5bed497ff',88,'47e9abffa','4b0abfa95',624960,404,1653830844,1653830844);
INSERT INTO player_score VALUES('63604d4e8',88,'47e9abffa','508cb2f27',370,507,1654030809,1654030809);
INSERT INTO player_score VALUES('6222e3faf',88,'47e9abffa','529de971e',29070,479,1653997526,1653997526);
INSERT INTO player_score VALUES('606c3f7bd',88,'47e9abffa','5415cb0b8',490,381,1653951531,1653951531);
INSERT INTO player_score VALUES('6373a9593',88,'47e9abffa','601ee7aed',267618,467,1654032839,1654032839);
INSERT INTO player_score VALUES('636e4115c',88,'47e9abffa','60ffccec1',112000,403,1654032272,1654032272);
INSERT INTO player_score VALUES('63c3a7e1a',88,'47e9abffa','6347c870a',0,464,1654041227,1654041227);
INSERT INTO player_score VALUES('63c5d6f6f',88,'47e9abffa','63b122a81',6000,434,1654041456,1654041456);
INSERT INTO player_score VALUES('5f58042b0',88,'48b1a8470','259da18ca',95550,429,1653922566,1653922566);
INSERT INTO player_score VALUES('604065e8f',88,'48b1a8470','267069859',36260,424,1653946933,1653946933);
INSERT INTO player_score VALUES('5d7a87d4c',88,'48b1a8470','29f124825',41382,416,1653872498,1653872498);
INSERT INTO player_score VALUES('61663c11b',88,'48b1a8470','30ca43564',13440,413,1653977744,1653977744);
INSERT INTO player_score VALUES('62a14cce9',88,'48b1a8470','31213cf6d',611226,465,1654010781,1654010781);
INSERT INTO player_score VALUES('4c29d554d',88,'48b1a8470','3a6136240',100890,288,1653407696,1653407696);
INSERT INTO player_score VALUES('63c223b18',88,'48b1a8470','3ab243a51',4158,477,1654041068,1654041068);
INSERT INTO player_score VALUES('6378fba8b',88,'48b1a8470','3e9de6cdc',147420,514,1654033397,1654033397);
INSERT INTO player_score VALUES('5124072bc',88,'48b1a8470','3fd52e4ef',39950,347,1653541305,1653541305);
INSERT INTO player_score VALUES('5d12ffeb6',88,'48b1a8470','4b0abfa95',16704,436,1653861642,1653861642);
INSERT INTO player_score VALUES('5ecafca59',88,'48b1a8470','508cb2f27',58824,389,1653907778,1653907778);
INSERT INTO player_score VALUES('636eee6c7',88,'48b1a8470','529de971e',125664,505,1654032343,1654032343);
INSERT INTO player_score VALUES('613bb3650',88,'48b1a8470','5415cb0b8',48972,410,1653973284,1653973284);
INSERT INTO player_score VALUES('637574545',88,'48b1a8470','601ee7aed',0,469,1654033027,1654033027);
INSERT INTO player_score VALUES('638a940af',88,'48b1a8470','60ffccec1',384356,416,1654035242,1654035242);
INSERT INTO player_score VALUES('63be57ffb',88,'48b1a8470','6347c870a',136396,441,1654040670,1654040670);
INSERT INTO player_score VALUES('63c7256e8',88,'48b1a8470','63b122a81',21318,462,1654041593,1654041593);
INSERT INTO player_score VALUES('62c92ec90',88,'48fb06052','259da18ca',345184,458,1654014963,1654014963);
INSERT INTO player_score VALUES('61cb0e9c2',88,'48fb06052','267069859',34365,434,1653988316,1653988316);
INSERT INTO player_score VALUES('6194adbba',88,'48fb06052','30427f7c6',153357,479,1653982614,1653982614);
INSERT INTO player_score VALUES('60cc87f08',88,'48fb06052','30ca43564',3920,408,1653961627,1653961627);
INSERT INTO player_score VALUES('62ba669a9',88,'48fb06052','31213cf6d',21386,466,1654013413,1654013413);
INSERT INTO player_score VALUES('4c7bb9acf',88,'48fb06052','3a6136240',154280,292,1653416283,1653416283);
INSERT INTO player_score VALUES('622a2d386',88,'48fb06052','3ab243a51',57888,460,1653998290,1653998290);
INSERT INTO player_score VALUES('610ecfb49',88,'48fb06052','3e9de6cdc',1944,467,1653968577,1653968577);
INSERT INTO player_score VALUES('507d64789',88,'48fb06052','3fd52e4ef',57967,335,1653523832,1653523832);
INSERT INTO player_score VALUES('621ee294c',88,'48fb06052','508cb2f27',17755,471,1653997106,1653997106);
INSERT INTO player_score VALUES('61a8c5c4c',88,'48fb06052','529de971e',257400,466,1653984721,1653984721);
INSERT INTO player_score VALUES('626e4c2c5',88,'48fb06052','5415cb0b8',260820,436,1654005433,1654005433);
INSERT INTO player_score VALUES('637666074',88,'48fb06052','601ee7aed',57600,471,1654033126,1654033126);
INSERT INTO player_score VALUES('63c629f72',88,'48fb06052','60ffccec1',167388,451,1654041490,1654041490);
INSERT INTO player_score VALUES('63c37bf00',88,'48fb06052','6347c870a',143000,462,1654041209,1654041209);
INSERT INTO player_score VALUES('63c67cf7f',88,'48fb06052','63b122a81',17100,451,1654041524,1654041524);
INSERT INTO player_score VALUES('60835b069',88,'4e65f62d0','259da18ca',35100,440,1653953954,1653953954);
INSERT INTO player_score VALUES('5f36c0887',88,'4e65f62d0','267069859',24840,418,1653919078,1653919078);
INSERT INTO player_score VALUES('606e1e005',88,'4e65f62d0','29f124825',251940,441,1653951727,1653951727);
INSERT INTO player_score VALUES('5ff4cce44',88,'4e65f62d0','30427f7c6',12825,475,1653939006,1653939006);
INSERT INTO player_score VALUES('5cefb1d52',88,'4e65f62d0','30ca43564',97888,378,1653857940,1653857940);
INSERT INTO player_score VALUES('60e3ea40b',88,'4e65f62d0','31213cf6d',277200,453,1653964079,1653964079);
INSERT INTO player_score VALUES('4dd7cc220',88,'4e65f62d0','3a6136240',6080,310,1653452781,1653452781);
INSERT INTO player_score VALUES('6143b6304',88,'4e65f62d0','3ab243a51',64124,448,1653974124,1653974124);
INSERT INTO player_score VALUES('624667c5e',88,'4e65f62d0','3e9de6cdc',5904,489,1654001250,1654001250);
INSERT INTO player_score VALUES('50129e7ca',88,'4e65f62d0','3fd52e4ef',47058,326,1653512636,1653512636);
INSERT INTO player_score VALUES('597bd1dc3',88,'4e65f62d0','4b0abfa95',10370,355,1653765259,1653765259);
INSERT INTO player_score VALUES('621e7e7f6',88,'4e65f62d0','508cb2f27',24738,470,1653997065,1653997065);
INSERT INTO player_score VALUES('631bf14e9',88,'4e65f62d0','529de971e',40664,496,1654023641,1654023641);
INSERT INTO player_score VALUES('6060478a9',88,'4e65f62d0','5415cb0b8',187862,377,1653950276,1653950276);
INSERT INTO player_score VALUES('633cb38a3',88,'4e65f62d0','601ee7aed',109040,443,1654027076,1654027076);
INSERT INTO player_score VALUES('63c479d3f',88,'4e65f62d0','60ffccec1',7104,448,1654041313,1654041313);
INSERT INTO player_score VALUES('63c11723f',88,'4e65f62d0','6347c870a',96096,452,1654040958,1654040958);
INSERT INTO player_score VALUES('63c42e276',88,'4e65f62d0','63b122a81',10098,399,1654041282,1654041282);
INSERT INTO player_score VALUES('60a9cc53c',88,'4f9b7ee31','259da18ca',266560,441,1653957985,1653957985);
INSERT INTO player_score VALUES('636d0d76c',88,'4f9b7ee31','29f124825',13440,464,1654032146,1654032146);
INSERT INTO player_score VALUES('6251b9b74',88,'4f9b7ee31','30427f7c6',13872,489,1654002437,1654002437);
INSERT INTO player_score VALUES('63a442c55',88,'4f9b7ee31','30ca43564',43776,432,1654037935,1654037935);
INSERT INTO player_score VALUES('60cf841a3',88,'4f9b7ee31','31213cf6d',221840,452,1653961940,1653961940);
INSERT INTO player_score VALUES('4f5f95fb3',88,'4f9b7ee31','3a6136240',424908,332,1653493863,1653493863);
INSERT INTO player_score VALUES('615c5faa8',88,'4f9b7ee31','3ab243a51',5472,451,1653976710,1653976710);
INSERT INTO player_score VALUES('6378c380b',88,'4f9b7ee31','3e9de6cdc',57505,513,1654033374,1654033374);
INSERT INTO player_score VALUES('50d905837',88,'4f9b7ee31','3fd52e4ef',24380,343,1653533440,1653533440);
INSERT INTO player_score VALUES('5c99c4c38',88,'4f9b7ee31','4b0abfa95',11570,422,1653848930,1653848930);
INSERT INTO player_score VALUES('6239ff7e8',88,'4f9b7ee31','508cb2f27',170190,473,1653999949,1653999949);
INSERT INTO player_score VALUES('63a772323',88,'4f9b7ee31','529de971e',336864,511,1654038269,1654038269);
INSERT INTO player_score VALUES('62d334b19',88,'4f9b7ee31','5415cb0b8',49896,452,1654016014,1654016014);
INSERT INTO player_score VALUES('635aca2a9',88,'4f9b7ee31','601ee7aed',125960,459,1654030231,1654030231);
INSERT INTO player_score VALUES('63c48d604',88,'4f9b7ee31','60ffccec1',151200,449,1654041321,1654041321);
INSERT INTO player_score VALUES('63bf44d15',88,'4f9b7ee31','6347c870a',305280,444,1654040767,1654040767);
INSERT INTO player_score VALUES('63c62ed6d',88,'4f9b7ee31','63b122a81',728,445,1654041492,1654041492);
INSERT INTO player_score VALUES('62541e811',88,'5394687ac','259da18ca',151641,454,1654002688,1654002688);
INSERT INTO player_score VALUES('5a54d8f03',88,'5394687ac','267069859',236060,389,1653788016,1653788016);
INSERT INTO player_score VALUES('63606a979',88,'5394687ac','29f124825',413820,463,1654030821,1654030821);
INSERT INTO player_score VALUES('62ebfb7a4',88,'5394687ac','30427f7c6',18480,494,1654018612,1654018612);
INSERT INTO player_score VALUES('5ebc62dcb',88,'5394687ac','30ca43564',15080,395,1653906247,1653906247);
INSERT INTO player_score VALUES('606c111e2',88,'5394687ac','31213cf6d',0,447,1653951512,1653951512);
INSERT INTO player_score VALUES('5ddddff4c',88,'5394687ac','3ab243a51',22308,408,1653882915,1653882915);
INSERT INTO player_score VALUES('630d57828',88,'5394687ac','3e9de6cdc',16500,504,1654022110,1654022110);
INSERT INTO player_score VALUES('5c9ecb633',88,'5394687ac','4b0abfa95',315370,423,1653849457,1653849457);
INSERT INTO player_score VALUES('6386273fe',88,'5394687ac','508cb2f27',234584,511,1654034778,1654034778);
INSERT INTO player_score VALUES('6239e9885',88,'5394687ac','529de971e',4400,482,1653999940,1653999940);
INSERT INTO player_score VALUES('61b4a7c39',88,'5394687ac','5415cb0b8',137984,420,1653985967,1653985967);
INSERT INTO player_score VALUES('637f9519a',88,'5394687ac','601ee7aed',579600,473,1654034089,1654034089);
INSERT INTO player_score VALUES('631e33ebf',88,'5394687ac','60ffccec1',30528,371,1654023878,1654023878);
INSERT INTO player_score VALUES('63bd9e74a',88,'5394687ac','6347c870a',81340,435,1654040594,1654040594);
INSERT INTO player_score VALUES('63c65fac4',88,'5394687ac','63b122a81',218400,450,1654041512,1654041512);
INSERT INTO player_score VALUES('62cb91223',88,'54f245e99','29f124825',418656,453,1654015213,1654015213);
INSERT INTO player_score VALUES('63a06d4fd',88,'54f245e99','30427f7c6',272160,500,1654037533,1654037533);
INSERT INTO player_score VALUES('630ae683b',88,'54f245e99','30ca43564',23517,430,1654021854,1654021854);
INSERT INTO player_score VALUES('6275a19b7',88,'54f245e99','3ab243a51',60060,462,1654006202,1654006202);
INSERT INTO player_score VALUES('63bcd1610',88,'54f245e99','3e9de6cdc',271584,517,1654040510,1654040510);
INSERT INTO player_score VALUES('5d321e3cc',88,'54f245e99','4b0abfa95',329800,439,1653864905,1653864905);
INSERT INTO player_score VALUES('6385ad2b8',88,'54f245e99','508cb2f27',56511,510,1654034728,1654034728);
INSERT INTO player_score VALUES('62ef1c3ef',88,'54f245e99','529de971e',55296,491,1654018940,1654018940);
INSERT INTO player_score VALUES('6275781ec',88,'54f245e99','5415cb0b8',98280,438,1654006185,1654006185);
INSERT INTO player_score VALUES('637a3427e',88,'54f245e99','601ee7aed',252000,472,1654033525,1654033525);
INSERT INTO player_score VALUES('639611f2f',88,'54f245e99','60ffccec1',163680,422,1654036447,1654036447);
INSERT INTO player_score VALUES('63c69f248',88,'54f245e99','63b122a81',196794,453,1654041538,1654041538);
INSERT INTO player_score VALUES('60824241b',88,'555af057a','259da18ca',24682,439,1653953839,1653953839);
INSERT INTO player_score VALUES('603d1e0e9',88,'555af057a','29f124825',17920,438,1653946589,1653946589);
INSERT INTO player_score VALUES('62809bac2',88,'555af057a','30427f7c6',346500,492,1654007353,1654007353);
INSERT INTO player_score VALUES('616e43ba9',88,'555af057a','30ca43564',798,414,1653978586,1653978586);
INSERT INTO player_score VALUES('58c940fad',88,'555af057a','31213cf6d',156156,367,1653746535,1653746535);
INSERT INTO player_score VALUES('6314996b4',88,'555af057a','3ab243a51',81984,470,1654022871,1654022871);
INSERT INTO player_score VALUES('62eb6b6b6',88,'555af057a','3e9de6cdc',394052,501,1654018553,1654018553);
INSERT INTO player_score VALUES('5c2817363',88,'555af057a','4b0abfa95',2916,409,1653837010,1653837010);
INSERT INTO player_score VALUES('62ba901a5',88,'555af057a','508cb2f27',132055,489,1654013430,1654013430);
INSERT INTO player_score VALUES('6063d3bba',88,'555af057a','529de971e',58156,432,1653950648,1653950648);
INSERT INTO player_score VALUES('62821135f',88,'555af057a','5415cb0b8',19176,439,1654007506,1654007506);
INSERT INTO player_score VALUES('637541112',88,'555af057a','601ee7aed',7680,468,1654033006,1654033006);
INSERT INTO player_score VALUES('63c3f11bb',88,'555af057a','60ffccec1',32604,447,1654041257,1654041257);
INSERT INTO player_score VALUES('63c51135d',88,'555af057a','6347c870a',107310,466,1654041375,1654041375);
INSERT INTO player_score VALUES('62165987c',88,'57b0d36a6','259da18ca',136068,452,1653996211,1653996211);
INSERT INTO player_score VALUES('62dd30d7a',88,'57b0d36a6','267069859',14160,439,1654017061,1654017061);
INSERT INTO player_score VALUES('62f99eab6',88,'57b0d36a6','29f124825',603825,456,1654020042,1654020042);
INSERT INTO player_score VALUES('5f76fb6b1',88,'57b0d36a6','30427f7c6',209715,469,1653925813,1653925813);
INSERT INTO player_score VALUES('5eb603fd3',88,'57b0d36a6','30ca43564',4875,394,1653905579,1653905579);
INSERT INTO player_score VALUES('63a5d59b9',88,'57b0d36a6','3ab243a51',440,476,1654038100,1654038100);
INSERT INTO player_score VALUES('61d8529fc',88,'57b0d36a6','3e9de6cdc',36765,482,1653989707,1653989707);
INSERT INTO player_score VALUES('5be82ce4c',88,'57b0d36a6','4b0abfa95',266112,403,1653830308,1653830308);
INSERT INTO player_score VALUES('63b53ee97',88,'57b0d36a6','508cb2f27',46784,519,1654039716,1654039716);
INSERT INTO player_score VALUES('6383967fc',88,'57b0d36a6','529de971e',54528,508,1654034509,1654034509);
INSERT INTO player_score VALUES('61016e6bf',88,'57b0d36a6','5415cb0b8',26220,403,1653967174,1653967174);
INSERT INTO player_score VALUES('63394e611',88,'57b0d36a6','601ee7aed',133052,441,1654026720,1654026720);
INSERT INTO player_score VALUES('63b97d553',88,'57b0d36a6','60ffccec1',26624,439,1654040161,1654040161);
INSERT INTO player_score VALUES('63c686bb0',88,'57b0d36a6','6347c870a',15876,469,1654041528,1654041528);
INSERT INTO player_score VALUES('63c2e21ce',88,'57b0d36a6','63b122a81',10011,376,1654041146,1654041146);
INSERT INTO player_score VALUES('6387efc63',88,'5d37708d5','259da18ca',51850,466,1654034965,1654034965);
INSERT INTO player_score VALUES('5b56dd351',88,'5d37708d5','267069859',580608,396,1653815071,1653815071);
INSERT INTO player_score VALUES('62f19e56b',88,'5d37708d5','29f124825',45390,455,1654019203,1654019203);
INSERT INTO player_score VALUES('6257be3df',88,'5d37708d5','30427f7c6',28405,491,1654003068,1654003068);
INSERT INTO player_score VALUES('62efce760',88,'5d37708d5','31213cf6d',200900,469,1654019013,1654019013);
INSERT INTO player_score VALUES('613e4b76c',88,'5d37708d5','3ab243a51',15300,447,1653973556,1653973556);
INSERT INTO player_score VALUES('6371b9c04',88,'5d37708d5','3e9de6cdc',35260,510,1654032636,1654032636);
INSERT INTO player_score VALUES('5c6241592',88,'5d37708d5','4b0abfa95',103488,414,1653843109,1653843109);
INSERT INTO player_score VALUES('63795d538',88,'5d37708d5','508cb2f27',605900,509,1654033437,1654033437);
INSERT INTO player_score VALUES('639198ebd',88,'5d37708d5','529de971e',162540,509,1654035978,1654035978);
INSERT INTO player_score VALUES('6009be364',88,'5d37708d5','5415cb0b8',8584,368,1653941202,1653941202);
INSERT INTO player_score VALUES('6360c27b6',88,'5d37708d5','601ee7aed',94668,462,1654030857,1654030857);
INSERT INTO player_score VALUES('63bec853e',88,'5d37708d5','60ffccec1',45472,445,1654040716,1654040716);
INSERT INTO player_score VALUES('63bc8d056',88,'5d37708d5','6347c870a',5934,434,1654040482,1654040482);
INSERT INTO player_score VALUES('63c69f249',88,'5d37708d5','63b122a81',0,452,1654041538,1654041538);
INSERT INTO player_score VALUES('5cf6e5185',88,'5d4e1bc29','259da18ca',147420,415,1653858695,1653858695);
INSERT INTO player_score VALUES('6274e32cf',88,'5d4e1bc29','267069859',103200,437,1654006124,1654006124);
INSERT INTO player_score VALUES('6381b58a2',88,'5d4e1bc29','30427f7c6',26240,499,1654034312,1654034312);
INSERT INTO player_score VALUES('625e8fda5',88,'5d4e1bc29','30ca43564',24320,422,1654003783,1654003783);
INSERT INTO player_score VALUES('610ff4ab3',88,'5d4e1bc29','31213cf6d',341120,454,1653968697,1653968697);
INSERT INTO player_score VALUES('5facfaa88',88,'5d4e1bc29','3ab243a51',448074,433,1653931475,1653931475);
INSERT INTO player_score VALUES('61b5837ca',88,'5d4e1bc29','3e9de6cdc',28800,478,1653986057,1653986057);
INSERT INTO player_score VALUES('634dbbe2d',88,'5d4e1bc29','529de971e',182094,504,1654028862,1654028862);
INSERT INTO player_score VALUES('629e04fa7',88,'5d4e1bc29','5415cb0b8',5780,446,1654010437,1654010437);
INSERT INTO player_score VALUES('631b4b490',88,'5d4e1bc29','601ee7aed',302250,423,1654023573,1654023573);
INSERT INTO player_score VALUES('639330a58',88,'5d4e1bc29','60ffccec1',16192,420,1654036145,1654036145);
INSERT INTO player_score VALUES('63c36fbb1',88,'5d4e1bc29','6347c870a',103400,461,1654041204,1654041204);
INSERT INTO player_score VALUES('63c605590',88,'5d4e1bc29','63b122a81',26460,439,1654041475,1654041475);
INSERT INTO player_score VALUES('62e8df91d',88,'5e60d557c','259da18ca',356265,459,1654018286,1654018286);
INSERT INTO player_score VALUES('62050f3f4',88,'5e60d557c','267069859',13545,435,1653994398,1653994398);
INSERT INTO player_score VALUES('62c05c7bf',88,'5e60d557c','29f124825',58464,452,1654014038,1654014038);
INSERT INTO player_score VALUES('5c2160776',88,'5e60d557c','30427f7c6',12932,440,1653836306,1653836306);
INSERT INTO player_score VALUES('6106135d6',88,'5e60d557c','30ca43564',77430,409,1653967661,1653967661);
INSERT INTO player_score VALUES('5e81d9822',88,'5e60d557c','31213cf6d',1044,422,1653900109,1653900109);
INSERT INTO player_score VALUES('634e81a06',88,'5e60d557c','3ab243a51',31104,471,1654028943,1654028943);
INSERT INTO player_score VALUES('6255437d0',88,'5e60d557c','3e9de6cdc',238000,492,1654002808,1654002808);
INSERT INTO player_score VALUES('60a3ca3ca',88,'5e60d557c','529de971e',229140,442,1653957355,1653957355);
INSERT INTO player_score VALUES('626718ea7',88,'5e60d557c','5415cb0b8',147440,435,1654004678,1654004678);
INSERT INTO player_score VALUES('634c046de',88,'5e60d557c','601ee7aed',26676,453,1654028682,1654028682);
INSERT INTO player_score VALUES('63725d50b',88,'5e60d557c','60ffccec1',776970,405,1654032703,1654032703);
INSERT INTO player_score VALUES('63c301deb',88,'5e60d557c','6347c870a',32472,458,1654041159,1654041159);
INSERT INTO player_score VALUES('63c6585a3',88,'5e60d557c','63b122a81',393450,449,1654041509,1654041509);
INSERT INTO player_score VALUES('613384aca',88,'63a810e35','259da18ca',225720,444,1653972426,1653972426);
INSERT INTO player_score VALUES('5cf35676f',88,'63a810e35','267069859',308133,408,1653858322,1653858322);
INSERT INTO player_score VALUES('63397cc7f',88,'63a810e35','29f124825',175508,461,1654026739,1654026739);
INSERT INTO player_score VALUES('5e90a4209',88,'63a810e35','30427f7c6',377568,458,1653901660,1653901660);
INSERT INTO player_score VALUES('61c042f33',88,'63a810e35','30ca43564',40180,417,1653987184,1653987184);
INSERT INTO player_score VALUES('637161d98',88,'63a810e35','31213cf6d',476425,471,1654032600,1654032600);
INSERT INTO player_score VALUES('5efdca071',88,'63a810e35','3ab243a51',314160,425,1653913105,1653913105);
INSERT INTO player_score VALUES('61181c10e',88,'63a810e35','3e9de6cdc',42900,468,1653969552,1653969552);
INSERT INTO player_score VALUES('633c3be8e',88,'63a810e35','508cb2f27',42042,504,1654027027,1654027027);
INSERT INTO player_score VALUES('632932da9',88,'63a810e35','529de971e',109368,498,1654025031,1654025031);
INSERT INTO player_score VALUES('63c2c4d1e',88,'63a810e35','6347c870a',15120,457,1654041134,1654041134);
INSERT INTO player_score VALUES('63c703413',88,'63a810e35','63b122a81',135405,459,1654041579,1654041579);
COMMIT;
