
BEGIN;
CREATE TABLE IF NOT EXISTS competition (
  id VARCHAR(255) NOT NULL PRIMARY KEY,
  tenant_id BIGINT NOT NULL,
  title TEXT NOT NULL,
  finished_at BIGINT NULL,
  created_at BIGINT NOT NULL,
  updated_at BIGINT NOT NULL
);
INSERT INTO competition VALUES('1afd6fee9',9,'ラッキーおじさん本部杯',NULL,1652087707,1652327162);
INSERT INTO competition VALUES('1c59b5a77',9,'無限エール単推し杯',1653452891,1652124226,1653452891);
INSERT INTO competition VALUES('2b3b0c10d',9,'浦安乙女カップ',1653002630,1652523664,1653002630);
INSERT INTO competition VALUES('48c916d1e',9,'第6回 よく効くロードアベレージ組合',NULL,1653317021,1653963126);
INSERT INTO competition VALUES('56c97205b',9,'すももの世界 vol.2',1653898603,1653692868,1653898603);
INSERT INTO competition VALUES('5c1d6665a',9,'平面的代々木勢 vol.5',NULL,1653835889,1653845241);
INSERT INTO competition VALUES('5f0b15559',9,'ラガー小屋大会',NULL,1653914499,1654008556);
INSERT INTO competition VALUES('60a0c1de1',9,'おしゃれりんご入門 #1',NULL,1653957037,1654007192);
INSERT INTO competition VALUES('62d37def9',9,'第2回 カメラの世界',NULL,1654016044,1654020431);
CREATE TABLE IF NOT EXISTS player (
  id VARCHAR(255) NOT NULL PRIMARY KEY,
  tenant_id BIGINT NOT NULL,
  display_name TEXT NOT NULL,
  is_disqualified BOOLEAN NOT NULL,
  created_at BIGINT NOT NULL,
  updated_at BIGINT NOT NULL
);
INSERT INTO player VALUES('656ecc5d',9,'Kiel Schaefer',0,1651533376,1652504733);
INSERT INTO player VALUES('65f476db',9,'Brooklyn Bahringer',0,1651534252,1653395730);
INSERT INTO player VALUES('77af582a',9,'Katherine Gerhold PhD',0,1651563998,1652020302);
INSERT INTO player VALUES('7af66cb3',9,'Mr. Hayden Schowalter',0,1651569497,1651593072);
INSERT INTO player VALUES('83b2e7ac',9,'Lorenza Schimmel',0,1651584154,1652807489);
INSERT INTO player VALUES('8da1a163',9,'Greta Schaden',0,1651600818,1653971295);
INSERT INTO player VALUES('95ea9a08',9,'Adolphus Walker',0,1651614718,1652410146);
INSERT INTO player VALUES('cd4ebf42',9,'Joe Pfannerstill',0,1651707649,1653286011);
INSERT INTO player VALUES('d0c102a7',9,'Yesenia Hayes',0,1651713431,1651805772);
INSERT INTO player VALUES('dc404718',9,'Mr. Bennie Weber MD',0,1651732720,1653989324);
INSERT INTO player VALUES('10e0adc48',9,'Rodrigo Gibson',1,1651816256,1652190319);
INSERT INTO player VALUES('11c457014',9,'Caroline Gottlieb',1,1651840128,1652491685);
INSERT INTO player VALUES('12d2c5f9d',9,'Ottis Marquardt IV',0,1651868485,1653999616);
INSERT INTO player VALUES('140d10f11',9,'Leann Cremin',0,1651901441,1652006831);
INSERT INTO player VALUES('15f229837',9,'Mayra Barton',0,1651952307,1653174412);
INSERT INTO player VALUES('1608eaba5',9,'Martine Bartell',0,1651954693,1652552075);
INSERT INTO player VALUES('16fe4738e',9,'Mr. Terrance Crona',0,1651980421,1653917179);
INSERT INTO player VALUES('18610df97',9,'Rosalind Price',0,1652017622,1653227352);
INSERT INTO player VALUES('1a2fe92c4',9,'Stone Hirthe',0,1652066156,1652106563);
INSERT INTO player VALUES('1a4c7ba2c',9,'Randi Hodkiewicz MD',0,1652069152,1653285835);
INSERT INTO player VALUES('1ac2ff012',9,'Madie Harber',0,1652081579,1652568365);
INSERT INTO player VALUES('1b4d364de',9,'Roman Douglas',0,1652096072,1654016184);
INSERT INTO player VALUES('1b654385a',9,'Stefan Dibbert',0,1652098594,1653146238);
INSERT INTO player VALUES('1d43facba',9,'Clint Waelchi PhD',1,1652148791,1653190018);
INSERT INTO player VALUES('1eb584d45',9,'Adella Schowalter',0,1652187540,1653181995);
INSERT INTO player VALUES('1f0923152',9,'Cordell Hettinger',0,1652196308,1654009806);
INSERT INTO player VALUES('201c85216',9,'Lorena Keebler',0,1652225184,1652572464);
INSERT INTO player VALUES('21586f27c',9,'Mr. Salvador Bogisich',0,1652258310,1653143865);
INSERT INTO player VALUES('21c836e18',9,'Faustino Pfeffer',0,1652270031,1653391272);
INSERT INTO player VALUES('21fa6590b',9,'Ashley Rice',0,1652275293,1653805699);
INSERT INTO player VALUES('224bfe3cc',9,'Ms. Queenie Cassin',0,1652283849,1652839936);
INSERT INTO player VALUES('23aa90532',9,'Lexie Larkin',0,1652320609,1653960541);
INSERT INTO player VALUES('23ab2a263',9,'Meagan Considine',1,1652320672,1653127544);
INSERT INTO player VALUES('27a99469c',9,'Armand Roberts',0,1652427880,1653902233);
INSERT INTO player VALUES('2899afb65',9,'Ansley Zieme',1,1652453057,1652634115);
INSERT INTO player VALUES('28ff458df',9,'Nicolas Osinski II',0,1652463709,1653083566);
INSERT INTO player VALUES('294aa18e0',9,'Ms. Aryanna Schamberger IV',0,1652471611,1653126124);
INSERT INTO player VALUES('297bcfe48',9,'Jalen Becker',0,1652476768,1653679411);
INSERT INTO player VALUES('2a5e087c3',9,'Wilmer Hudson',0,1652500489,1653141672);
INSERT INTO player VALUES('2b260c16d',9,'Thad Kuphal PhD',0,1652521462,1652655956);
INSERT INTO player VALUES('2c4cc2de1',9,'Mr. Geovanny Walker',0,1652552365,1653020895);
INSERT INTO player VALUES('2cf8f9c72',9,'Mr. Isidro Hilpert',0,1652570423,1652607387);
INSERT INTO player VALUES('2d144ede8',9,'Mr. Kellen Botsford Sr.',0,1652573289,1652975595);
INSERT INTO player VALUES('2d3f91147',9,'Clay Feil',0,1652577825,1653775288);
INSERT INTO player VALUES('2e5db50a4',9,'Mr. Samir Muller',0,1652607829,1653308530);
INSERT INTO player VALUES('2ea6e6d16',9,'Verdie Klocko',0,1652615504,1653712212);
INSERT INTO player VALUES('3079e0b6c',9,'Jerald West',0,1652664470,1653119604);
INSERT INTO player VALUES('324804d47',9,'Mr. Devonte Kuvalis V',0,1652712929,1653052834);
INSERT INTO player VALUES('32e18a962',9,'Doris Barton',0,1652729027,1654036035);
INSERT INTO player VALUES('34ccfab3b',9,'Ms. Nelda Cassin',0,1652780558,1653561069);
INSERT INTO player VALUES('350be2380',9,'Jefferey Nitzsche Jr.',0,1652787154,1653300272);
INSERT INTO player VALUES('35202d87d',9,'Boyd Kozey',0,1652789282,1653639593);
INSERT INTO player VALUES('352d73f75',9,'Lilliana Gerlach',0,1652790674,1653242770);
INSERT INTO player VALUES('361ccbed4',9,'Matilde Zieme',0,1652815771,1653292326);
INSERT INTO player VALUES('36d4c0375',9,'Laisha Blick',1,1652835060,1653346578);
INSERT INTO player VALUES('370e815d7',9,'Mr. Jovany Kihn',0,1652841116,1652977097);
INSERT INTO player VALUES('37a5ff1ca',9,'Ms. Zelma Goodwin MD',0,1652857001,1653900733);
INSERT INTO player VALUES('38eb7c4da',9,'Ms. Tara Skiles',0,1652891131,1653818011);
INSERT INTO player VALUES('391b9e16c',9,'Alaina Towne Jr.',0,1652896178,1653922145);
INSERT INTO player VALUES('3935d580a',9,'Mr. Wilbert Miller Jr.',1,1652898927,1652977982);
INSERT INTO player VALUES('3965143d7',9,'Mr. Gerardo West Sr.',0,1652903881,1653274756);
INSERT INTO player VALUES('3c5ff885a',9,'Bell Doyle MD',0,1652983876,1653004780);
INSERT INTO player VALUES('3c7de5abc',9,'Ms. Lelah Aufderhar V',1,1652987014,1653644900);
INSERT INTO player VALUES('3e25e1b22',9,'Maybell Effertz',0,1653031472,1653801857);
INSERT INTO player VALUES('3e574a9ff',9,'Macey Ondricka',0,1653036653,1653079305);
INSERT INTO player VALUES('3e6aa920c',9,'Mr. Hermann Hickle',1,1653038684,1654010122);
INSERT INTO player VALUES('3e7870f52',9,'Adele Considine',1,1653040129,1653853328);
INSERT INTO player VALUES('3e7bc2932',9,'Vincent Kilback',0,1653040477,1653953571);
INSERT INTO player VALUES('3fef3ea8b',9,'Mariela Brakus',0,1653079430,1653779821);
INSERT INTO player VALUES('406e01d60',9,'Kenyon Kemmer',0,1653092722,1653191974);
INSERT INTO player VALUES('40fab6584',9,'Turner Nader IV',0,1653107476,1653390527);
INSERT INTO player VALUES('423534980',9,'Lambert Gibson III',0,1653140453,1653402660);
INSERT INTO player VALUES('4280fc02e',9,'Ms. Larissa Ruecker',0,1653148399,1653904699);
INSERT INTO player VALUES('42ece214a',9,'Mireya Dietrich',0,1653159713,1653670510);
INSERT INTO player VALUES('44f216ddb',9,'Mr. Ewald Herman',0,1653213946,1653939181);
INSERT INTO player VALUES('456cceded',9,'Ashton Mertz',0,1653226814,1653925022);
INSERT INTO player VALUES('46b4b34d1',9,'Mr. Reymundo Gutkowski Jr.',0,1653261196,1653741538);
INSERT INTO player VALUES('47c90bf07',9,'Bailey O"Keefe',0,1653290173,1653767883);
INSERT INTO player VALUES('48906bf96',9,'Coleman Wunsch III',0,1653311079,1653974304);
INSERT INTO player VALUES('48b2b261d',9,'Mr. Nicola Leuschke II',0,1653314673,1653433859);
INSERT INTO player VALUES('4ab9e08e5',9,'Mr. Jayde Tillman I',1,1653369113,1653895136);
INSERT INTO player VALUES('4abbbc9dc',9,'Lucius Rosenbaum',0,1653369308,1653473887);
INSERT INTO player VALUES('4c6c92474',9,'Oda Kemmer',0,1653414694,1653478224);
INSERT INTO player VALUES('4c963cca8',9,'Mr. Chance Beer',0,1653419063,1653770332);
INSERT INTO player VALUES('4c9677629',9,'Schuyler McLaughlin',0,1653419087,1654037692);
INSERT INTO player VALUES('4e56aa290',9,'Reanna Langosh',0,1653466084,1653821712);
INSERT INTO player VALUES('51a90be64',9,'Eddie Strosin',0,1653555253,1653790707);
INSERT INTO player VALUES('522ea8035',9,'Ms. Betty Zulauf',0,1653569263,1653871751);
INSERT INTO player VALUES('526861d9b',9,'Asha Schmidt',0,1653575316,1654018744);
INSERT INTO player VALUES('5367fc677',9,'Ms. Chanel Mante',0,1653602118,1653823588);
INSERT INTO player VALUES('55232fdfa',9,'Mr. Bartholome Spencer',0,1653648591,1653822170);
INSERT INTO player VALUES('569c58a01',9,'Eryn Mayert',0,1653688139,1653935766);
INSERT INTO player VALUES('56e339270',9,'Holly Boyer',0,1653695571,1653930682);
INSERT INTO player VALUES('575249c3a',9,'Kevin Larkin',0,1653707217,1653744337);
INSERT INTO player VALUES('586a50c8d',9,'Ms. Candice Hackett',1,1653736580,1654028045);
INSERT INTO player VALUES('5a7ad2a06',9,'Ms. Esta Stanton',0,1653791998,1653969344);
INSERT INTO player VALUES('5a98df829',9,'Graciela Borer',0,1653795149,1653895303);
INSERT INTO player VALUES('5d42941ad',9,'Mr. Wilmer Lehner',0,1653866631,1653907581);
INSERT INTO player VALUES('5d4736a0c',9,'Katelynn Waelchi',0,1653867117,1654019310);
INSERT INTO player VALUES('5e0c6c76c',9,'Deonte Toy',0,1653887796,1653980226);
INSERT INTO player VALUES('5f8a6b015',9,'Rex Metz Sr.',0,1653927851,1653977844);
INSERT INTO player VALUES('60133b672',9,'Jarrod Mueller',0,1653942197,1653999802);
INSERT INTO player VALUES('611e27ec3',9,'Matilde Kling',0,1653970186,1653978402);
INSERT INTO player VALUES('636c7886f',9,'Jewell Schowalter',0,1654032085,1654033422);
CREATE TABLE IF NOT EXISTS player_score (
                              id VARCHAR(255) NOT NULL PRIMARY KEY,
                              tenant_id BIGINT NOT NULL,
                              player_id VARCHAR(255) NOT NULL,
                              competition_id VARCHAR(255) NOT NULL,
                              score BIGINT NOT NULL,
                              row_num BIGINT NOT NULL,
                              created_at BIGINT NOT NULL,
                              updated_at BIGINT NOT NULL
);
INSERT INTO player_score VALUES('636f1cca7',9,'10e0adc48','1afd6fee9',167475,1864,1654032362,1654032362);
INSERT INTO player_score VALUES('4ce35ee1c',9,'10e0adc48','1c59b5a77',1540,1575,1653427151,1653427151);
INSERT INTO player_score VALUES('3cf2fd3c8',9,'10e0adc48','2b3b0c10d',46368,1227,1652999292,1652999292);
INSERT INTO player_score VALUES('6108d764b',9,'10e0adc48','48c916d1e',91494,1737,1653967951,1653967951);
INSERT INTO player_score VALUES('5e3d73bb4',9,'10e0adc48','56c97205b',918,1796,1653892937,1653892937);
INSERT INTO player_score VALUES('639f3e96f',9,'10e0adc48','60a0c1de1',532440,1749,1654037409,1654037409);
INSERT INTO player_score VALUES('63b22cc85',9,'10e0adc48','62d37def9',29584,1805,1654039394,1654039394);
INSERT INTO player_score VALUES('4d45c2dee',9,'11c457014','1c59b5a77',70560,1596,1653437468,1653437468);
INSERT INTO player_score VALUES('3bf336bb5',9,'11c457014','2b3b0c10d',190190,1152,1652972472,1652972472);
INSERT INTO player_score VALUES('624dd0bff',9,'11c457014','48c916d1e',25696,1827,1654002027,1654002027);
INSERT INTO player_score VALUES('638816d6b',9,'11c457014','5c1d6665a',33672,1816,1654034981,1654034981);
INSERT INTO player_score VALUES('63810f871',9,'11c457014','5f0b15559',6390,1834,1654034244,1654034244);
INSERT INTO player_score VALUES('63c561c5e',9,'11c457014','62d37def9',54036,1987,1654041408,1654041408);
INSERT INTO player_score VALUES('5dd5dd2d9',9,'12d2c5f9d','1afd6fee9',51030,1705,1653882075,1653882075);
INSERT INTO player_score VALUES('4d8705673',9,'12d2c5f9d','1c59b5a77',369765,1605,1653444311,1653444311);
INSERT INTO player_score VALUES('3cfa5c760',9,'12d2c5f9d','2b3b0c10d',540,1230,1653000065,1653000065);
INSERT INTO player_score VALUES('63a560660',9,'12d2c5f9d','48c916d1e',14058,1913,1654038052,1654038052);
INSERT INTO player_score VALUES('5dd85a663',9,'12d2c5f9d','56c97205b',64000,1705,1653882336,1653882336);
INSERT INTO player_score VALUES('63a62b08c',9,'12d2c5f9d','5c1d6665a',9072,1840,1654038135,1654038135);
INSERT INTO player_score VALUES('63b0ad7a5',9,'12d2c5f9d','5f0b15559',264404,1910,1654039237,1654039237);
INSERT INTO player_score VALUES('63bf2c6c5',9,'12d2c5f9d','62d37def9',21879,1927,1654040757,1654040757);
INSERT INTO player_score VALUES('5c160c137',9,'140d10f11','1afd6fee9',53248,1654,1653835118,1653835118);
INSERT INTO player_score VALUES('4bcc61fb6',9,'140d10f11','1c59b5a77',1512,1533,1653397897,1653397897);
INSERT INTO player_score VALUES('3b19d553c',9,'140d10f11','2b3b0c10d',83147,1092,1652949678,1652949678);
INSERT INTO player_score VALUES('63350b153',9,'140d10f11','48c916d1e',137200,1883,1654026273,1654026273);
INSERT INTO player_score VALUES('5e69c280b',9,'140d10f11','56c97205b',35178,1834,1653897583,1653897583);
INSERT INTO player_score VALUES('62adcfed1',9,'140d10f11','5c1d6665a',524799,1610,1654012093,1654012093);
INSERT INTO player_score VALUES('632bfe314',9,'140d10f11','5f0b15559',391510,1697,1654025324,1654025324);
INSERT INTO player_score VALUES('639449681',9,'140d10f11','60a0c1de1',35397,1710,1654036260,1654036260);
INSERT INTO player_score VALUES('637244e50',9,'15f229837','1afd6fee9',7980,1865,1654032693,1654032693);
INSERT INTO player_score VALUES('4d17a1c82',9,'15f229837','1c59b5a77',1890,1587,1653432631,1653432631);
INSERT INTO player_score VALUES('3cdbb0e4b',9,'15f229837','2b3b0c10d',256200,1215,1652996849,1652996849);
INSERT INTO player_score VALUES('63bf67023',9,'15f229837','48c916d1e',143820,1921,1654040781,1654040781);
INSERT INTO player_score VALUES('5e66c65bb',9,'15f229837','56c97205b',173880,1831,1653897270,1653897270);
INSERT INTO player_score VALUES('639647aa0',9,'15f229837','5f0b15559',47520,1866,1654036469,1654036469);
INSERT INTO player_score VALUES('63c3fd529',9,'15f229837','62d37def9',28224,1965,1654041262,1654041262);
INSERT INTO player_score VALUES('635ec43db',9,'1608eaba5','1afd6fee9',30429,1860,1654030648,1654030648);
INSERT INTO player_score VALUES('4d2778f59',9,'1608eaba5','1c59b5a77',158286,1592,1653434292,1653434292);
INSERT INTO player_score VALUES('3cdddb176',9,'1608eaba5','2b3b0c10d',14625,1217,1652997076,1652997076);
INSERT INTO player_score VALUES('62be60a76',9,'1608eaba5','48c916d1e',5112,1850,1654013830,1654013830);
INSERT INTO player_score VALUES('639b1d731',9,'1608eaba5','5c1d6665a',56700,1828,1654036976,1654036976);
INSERT INTO player_score VALUES('637c79336',9,'1608eaba5','5f0b15559',15840,1828,1654033763,1654033763);
INSERT INTO player_score VALUES('63817fd6a',9,'1608eaba5','60a0c1de1',124740,1667,1654034290,1654034290);
INSERT INTO player_score VALUES('63c0feb78',9,'1608eaba5','62d37def9',306000,1941,1654040948,1654040948);
INSERT INTO player_score VALUES('566f66465',9,'16fe4738e','1afd6fee9',0,1523,1653683426,1653683426);
INSERT INTO player_score VALUES('4b8f01156',9,'16fe4738e','1c59b5a77',15444,1525,1653391461,1653391461);
INSERT INTO player_score VALUES('3c7d8dc38',9,'16fe4738e','2b3b0c10d',13536,1187,1652986978,1652986978);
INSERT INTO player_score VALUES('635f25e60',9,'16fe4738e','48c916d1e',55419,1891,1654030688,1654030688);
INSERT INTO player_score VALUES('5e0db12de',9,'16fe4738e','56c97205b',186300,1760,1653887929,1653887929);
INSERT INTO player_score VALUES('63c162cff',9,'16fe4738e','5c1d6665a',175508,1862,1654040989,1654040989);
INSERT INTO player_score VALUES('6353e025e',9,'16fe4738e','5f0b15559',359996,1763,1654029506,1654029506);
INSERT INTO player_score VALUES('63ac4a6b2',9,'16fe4738e','60a0c1de1',115072,1789,1654038777,1654038777);
INSERT INTO player_score VALUES('63c437e95',9,'16fe4738e','62d37def9',355320,1967,1654041286,1654041286);
INSERT INTO player_score VALUES('62095501a',9,'18610df97','1afd6fee9',173880,1822,1653994846,1653994846);
INSERT INTO player_score VALUES('4d3582b9f',9,'18610df97','1c59b5a77',0,1594,1653435764,1653435764);
INSERT INTO player_score VALUES('3cddc78e4',9,'18610df97','2b3b0c10d',350,1216,1652997068,1652997068);
INSERT INTO player_score VALUES('613659c74',9,'18610df97','48c916d1e',30360,1751,1653972723,1653972723);
INSERT INTO player_score VALUES('5e34ada56',9,'18610df97','56c97205b',211968,1787,1653892017,1653892017);
INSERT INTO player_score VALUES('6364279e4',9,'18610df97','5c1d6665a',56760,1784,1654031213,1654031213);
INSERT INTO player_score VALUES('63bc7710b',9,'18610df97','5f0b15559',3920,1927,1654040473,1654040473);
INSERT INTO player_score VALUES('637800312',9,'18610df97','60a0c1de1',3276,1645,1654033294,1654033294);
INSERT INTO player_score VALUES('63b0706f8',9,'18610df97','62d37def9',421260,1791,1654039212,1654039212);
INSERT INTO player_score VALUES('638ed27ac',9,'1a2fe92c4','1afd6fee9',44950,1873,1654035687,1654035687);
INSERT INTO player_score VALUES('4ce1e2069',9,'1a2fe92c4','1c59b5a77',123728,1574,1653426995,1653426995);
INSERT INTO player_score VALUES('638c86192',9,'1a2fe92c4','48c916d1e',8280,1907,1654035446,1654035446);
INSERT INTO player_score VALUES('5e5a7b608',9,'1a2fe92c4','56c97205b',288,1824,1653895981,1653895981);
INSERT INTO player_score VALUES('639dc9099',9,'1a2fe92c4','5c1d6665a',89700,1831,1654037256,1654037256);
INSERT INTO player_score VALUES('63ab600d3',9,'1a2fe92c4','5f0b15559',86975,1897,1654038681,1654038681);
INSERT INTO player_score VALUES('63a27a36c',9,'1a2fe92c4','60a0c1de1',112320,1762,1654037748,1654037748);
INSERT INTO player_score VALUES('63af18339',9,'1a2fe92c4','62d37def9',76032,1786,1654039071,1654039071);
INSERT INTO player_score VALUES('607eebc66',9,'1a4c7ba2c','1afd6fee9',128898,1781,1653953489,1653953489);
INSERT INTO player_score VALUES('4c19b4e99',9,'1a4c7ba2c','1c59b5a77',387903,1548,1653406005,1653406005);
INSERT INTO player_score VALUES('3ccc340b9',9,'1a4c7ba2c','2b3b0c10d',35904,1209,1652995225,1652995225);
INSERT INTO player_score VALUES('624060cd2',9,'1a4c7ba2c','48c916d1e',17286,1824,1654000618,1654000618);
INSERT INTO player_score VALUES('5d8608297',9,'1a4c7ba2c','56c97205b',104576,1627,1653873704,1653873704);
INSERT INTO player_score VALUES('63c13e31f',9,'1a4c7ba2c','5c1d6665a',95700,1861,1654040974,1654040974);
INSERT INTO player_score VALUES('639597ddf',9,'1a4c7ba2c','5f0b15559',75905,1863,1654036397,1654036397);
INSERT INTO player_score VALUES('63b46811d',9,'1a4c7ba2c','60a0c1de1',22230,1804,1654039628,1654039628);
INSERT INTO player_score VALUES('63bab3644',9,'1a4c7ba2c','62d37def9',115292,1877,1654040288,1654040288);
INSERT INTO player_score VALUES('60f261dda',9,'1ac2ff012','1afd6fee9',62320,1793,1653965596,1653965596);
INSERT INTO player_score VALUES('4b93de360',9,'1ac2ff012','1c59b5a77',272160,1526,1653391971,1653391971);
INSERT INTO player_score VALUES('3c826fc38',9,'1ac2ff012','2b3b0c10d',0,1190,1652987490,1652987490);
INSERT INTO player_score VALUES('636106d92',9,'1ac2ff012','48c916d1e',120120,1893,1654030885,1654030885);
INSERT INTO player_score VALUES('62e497622',9,'1ac2ff012','5c1d6665a',27200,1671,1654017837,1654017837);
INSERT INTO player_score VALUES('634144f55',9,'1ac2ff012','5f0b15559',65520,1733,1654027555,1654027555);
INSERT INTO player_score VALUES('63831edcf',9,'1ac2ff012','60a0c1de1',53200,1670,1654034460,1654034460);
INSERT INTO player_score VALUES('63c5cd327',9,'1ac2ff012','62d37def9',55350,1990,1654041452,1654041452);
INSERT INTO player_score VALUES('62d3b617a',9,'1b4d364de','1afd6fee9',119560,1844,1654016067,1654016067);
INSERT INTO player_score VALUES('4be610af2',9,'1b4d364de','1c59b5a77',51150,1537,1653400590,1653400590);
INSERT INTO player_score VALUES('3cf096020',9,'1b4d364de','2b3b0c10d',62478,1226,1652999040,1652999040);
INSERT INTO player_score VALUES('638236efd',9,'1b4d364de','48c916d1e',32912,1904,1654034365,1654034365);
INSERT INTO player_score VALUES('5e492ea98',9,'1b4d364de','56c97205b',525696,1812,1653894167,1653894167);
INSERT INTO player_score VALUES('6301b28f1',9,'1b4d364de','5c1d6665a',144060,1698,1654020889,1654020889);
INSERT INTO player_score VALUES('63c00f783',9,'1b4d364de','5f0b15559',892584,1936,1654040850,1654040850);
INSERT INTO player_score VALUES('63661e8db',9,'1b4d364de','60a0c1de1',67830,1601,1654031419,1654031419);
INSERT INTO player_score VALUES('63c6ead31',9,'1b4d364de','62d37def9',94620,1998,1654041569,1654041569);
INSERT INTO player_score VALUES('4c27a8b21',9,'1b654385a','1c59b5a77',0,1549,1653407468,1653407468);
INSERT INTO player_score VALUES('3cc7791b1',9,'1b654385a','2b3b0c10d',3344,1206,1652994729,1652994729);
INSERT INTO player_score VALUES('6366eba41',9,'1b654385a','48c916d1e',48180,1897,1654031503,1654031503);
INSERT INTO player_score VALUES('5e4194e00',9,'1b654385a','56c97205b',21312,1803,1653893370,1653893370);
INSERT INTO player_score VALUES('62206ba7f',9,'1b654385a','5c1d6665a',6016,1478,1653997267,1653997267);
INSERT INTO player_score VALUES('63aa251d3',9,'1b654385a','5f0b15559',347490,1894,1654038552,1654038552);
INSERT INTO player_score VALUES('639778d82',9,'1b654385a','60a0c1de1',94464,1723,1654036594,1654036594);
INSERT INTO player_score VALUES('60664c0d5',9,'1d43facba','1afd6fee9',2448,1779,1653950907,1653950907);
INSERT INTO player_score VALUES('6207a9bfa',9,'1d43facba','48c916d1e',110160,1811,1653994671,1653994671);
INSERT INTO player_score VALUES('638360cb6',9,'1d43facba','5c1d6665a',68432,1811,1654034487,1654034487);
INSERT INTO player_score VALUES('633fa10b3',9,'1d43facba','5f0b15559',188496,1731,1654027383,1654027383);
INSERT INTO player_score VALUES('63b5d3d54',9,'1d43facba','62d37def9',3420,1832,1654039777,1654039777);
INSERT INTO player_score VALUES('60e3de0f9',9,'1eb584d45','1afd6fee9',91494,1791,1653964074,1653964074);
INSERT INTO player_score VALUES('4cd29603c',9,'1eb584d45','1c59b5a77',33480,1571,1653425391,1653425391);
INSERT INTO player_score VALUES('3c28e0861',9,'1eb584d45','2b3b0c10d',131250,1168,1652978099,1652978099);
INSERT INTO player_score VALUES('620a2212f',9,'1eb584d45','48c916d1e',1632,1812,1653994930,1653994930);
INSERT INTO player_score VALUES('5e4138188',9,'1eb584d45','56c97205b',470580,1802,1653893332,1653893332);
INSERT INTO player_score VALUES('639e06146',9,'1eb584d45','5c1d6665a',163371,1833,1654037281,1654037281);
INSERT INTO player_score VALUES('6397fa3da',9,'1eb584d45','5f0b15559',24570,1871,1654036647,1654036647);
INSERT INTO player_score VALUES('63a95595f',9,'1eb584d45','60a0c1de1',19698,1779,1654038467,1654038467);
INSERT INTO player_score VALUES('63b6fb402',9,'1eb584d45','62d37def9',200736,1840,1654039898,1654039898);
INSERT INTO player_score VALUES('637434834',9,'1f0923152','1afd6fee9',13580,1866,1654032896,1654032896);
INSERT INTO player_score VALUES('4b2af6bcf',9,'1f0923152','1c59b5a77',133584,1513,1653380971,1653380971);
INSERT INTO player_score VALUES('3ceddbc27',9,'1f0923152','2b3b0c10d',257184,1222,1652998754,1652998754);
INSERT INTO player_score VALUES('62d337228',9,'1f0923152','48c916d1e',107448,1855,1654016015,1654016015);
INSERT INTO player_score VALUES('5e648b122',9,'1f0923152','56c97205b',104468,1829,1653897036,1653897036);
INSERT INTO player_score VALUES('636087e43',9,'1f0923152','5c1d6665a',168055,1782,1654030833,1654030833);
INSERT INTO player_score VALUES('638920f3a',9,'1f0923152','5f0b15559',240366,1847,1654035090,1654035090);
INSERT INTO player_score VALUES('639570cd8',9,'1f0923152','60a0c1de1',112056,1717,1654036381,1654036381);
INSERT INTO player_score VALUES('63c63d81c',9,'1f0923152','62d37def9',82782,1991,1654041498,1654041498);
INSERT INTO player_score VALUES('63a1a0f29',9,'201c85216','1afd6fee9',64701,1874,1654037659,1654037659);
INSERT INTO player_score VALUES('4a68d5784',9,'201c85216','1c59b5a77',109208,1490,1653360615,1653360615);
INSERT INTO player_score VALUES('3d10be6ca',9,'201c85216','2b3b0c10d',313698,1234,1653002412,1653002412);
INSERT INTO player_score VALUES('6170cab51',9,'201c85216','48c916d1e',49280,1767,1653978851,1653978851);
INSERT INTO player_score VALUES('5e46300ef',9,'201c85216','56c97205b',134420,1809,1653893853,1653893853);
INSERT INTO player_score VALUES('6245c1c23',9,'201c85216','5c1d6665a',125400,1512,1654001182,1654001182);
INSERT INTO player_score VALUES('63c2261ea',9,'201c85216','5f0b15559',18576,1946,1654041069,1654041069);
INSERT INTO player_score VALUES('639bde541',9,'201c85216','60a0c1de1',500,1736,1654037055,1654037055);
INSERT INTO player_score VALUES('63a868c6e',9,'201c85216','62d37def9',91104,1731,1654038370,1654038370);
INSERT INTO player_score VALUES('5fa88411d',9,'21586f27c','1afd6fee9',530100,1753,1653931007,1653931007);
INSERT INTO player_score VALUES('4d6e6f7a0',9,'21586f27c','1c59b5a77',972,1603,1653441733,1653441733);
INSERT INTO player_score VALUES('3d116e39d',9,'21586f27c','2b3b0c10d',525252,1236,1653002484,1653002484);
INSERT INTO player_score VALUES('63aa67086',9,'21586f27c','48c916d1e',1908,1915,1654038579,1654038579);
INSERT INTO player_score VALUES('5d236e79e',9,'21586f27c','56c97205b',59640,1538,1653863365,1653863365);
INSERT INTO player_score VALUES('636e8a522',9,'21586f27c','5c1d6665a',71424,1793,1654032302,1654032302);
INSERT INTO player_score VALUES('63b63a5ca',9,'21586f27c','5f0b15559',166166,1920,1654039819,1654039819);
INSERT INTO player_score VALUES('63a493545',9,'21586f27c','60a0c1de1',257936,1768,1654037968,1654037968);
INSERT INTO player_score VALUES('63b21baf6',9,'21586f27c','62d37def9',7728,1802,1654039387,1654039387);
INSERT INTO player_score VALUES('614936e01',9,'21c836e18','1afd6fee9',296010,1803,1653974701,1653974701);
INSERT INTO player_score VALUES('4c3d3d97f',9,'21c836e18','1c59b5a77',37600,1551,1653409731,1653409731);
INSERT INTO player_score VALUES('3cebd6333',9,'21c836e18','2b3b0c10d',9400,1221,1652998542,1652998542);
INSERT INTO player_score VALUES('5f6fdbaf8',9,'21c836e18','48c916d1e',264384,1640,1653925066,1653925066);
INSERT INTO player_score VALUES('5e4bcb9c9',9,'21c836e18','56c97205b',89034,1814,1653894441,1653894441);
INSERT INTO player_score VALUES('63a5df5b6',9,'21c836e18','5f0b15559',7360,1887,1654038104,1654038104);
INSERT INTO player_score VALUES('63a266b04',9,'21c836e18','60a0c1de1',100800,1761,1654037740,1654037740);
INSERT INTO player_score VALUES('63c690810',9,'21c836e18','62d37def9',12160,1995,1654041532,1654041532);
INSERT INTO player_score VALUES('5e51ba294',9,'21fa6590b','1afd6fee9',22594,1718,1653895063,1653895063);
INSERT INTO player_score VALUES('47fefa143',9,'21fa6590b','1c59b5a77',8400,1415,1653295828,1653295828);
INSERT INTO player_score VALUES('3cbb8394d',9,'21fa6590b','2b3b0c10d',8866,1203,1652993475,1652993475);
INSERT INTO player_score VALUES('617408cc3',9,'21fa6590b','48c916d1e',172800,1771,1653979191,1653979191);
INSERT INTO player_score VALUES('5e5729c36',9,'21fa6590b','56c97205b',65120,1822,1653895633,1653895633);
INSERT INTO player_score VALUES('6364ade92',9,'21fa6590b','5c1d6665a',0,1785,1654031268,1654031268);
INSERT INTO player_score VALUES('63c1569d0',9,'21fa6590b','5f0b15559',18352,1942,1654040984,1654040984);
INSERT INTO player_score VALUES('6398f0d14',9,'21fa6590b','60a0c1de1',22407,1727,1654036748,1654036748);
INSERT INTO player_score VALUES('63c4bbc25',9,'21fa6590b','62d37def9',24541,1977,1654041340,1654041340);
INSERT INTO player_score VALUES('540371c37',9,'224bfe3cc','1afd6fee9',151800,1452,1653618419,1653618419);
INSERT INTO player_score VALUES('4be7f8fac',9,'224bfe3cc','1c59b5a77',210528,1538,1653400790,1653400790);
INSERT INTO player_score VALUES('3beb6c19e',9,'224bfe3cc','2b3b0c10d',205200,1151,1652971655,1652971655);
INSERT INTO player_score VALUES('60f91b0dc',9,'224bfe3cc','48c916d1e',6292,1734,1653966301,1653966301);
INSERT INTO player_score VALUES('63b22f391',9,'224bfe3cc','5c1d6665a',291708,1850,1654039395,1654039395);
INSERT INTO player_score VALUES('63b6839f0',9,'224bfe3cc','5f0b15559',70070,1921,1654039849,1654039849);
INSERT INTO player_score VALUES('63b2b09a2',9,'224bfe3cc','60a0c1de1',23184,1802,1654039448,1654039448);
INSERT INTO player_score VALUES('63c3f86e8',9,'224bfe3cc','62d37def9',2655,1964,1654041260,1654041260);
INSERT INTO player_score VALUES('5dd80c43f',9,'23aa90532','1afd6fee9',205282,1706,1653882304,1653882304);
INSERT INTO player_score VALUES('3b68102cf',9,'23aa90532','2b3b0c10d',112832,1113,1652957881,1652957881);
INSERT INTO player_score VALUES('62b76f4f3',9,'23aa90532','48c916d1e',6600,1847,1654013102,1654013102);
INSERT INTO player_score VALUES('5e4f0740e',9,'23aa90532','56c97205b',0,1818,1653894780,1653894780);
INSERT INTO player_score VALUES('63a61ed80',9,'23aa90532','5c1d6665a',109040,1838,1654038130,1654038130);
INSERT INTO player_score VALUES('63beef609',9,'23aa90532','5f0b15559',36080,1932,1654040732,1654040732);
INSERT INTO player_score VALUES('639c1b5c1',9,'23aa90532','60a0c1de1',68796,1737,1654037080,1654037080);
INSERT INTO player_score VALUES('627da6d51',9,'23ab2a263','1afd6fee9',508518,1837,1654007043,1654007043);
INSERT INTO player_score VALUES('4da439028',9,'23ab2a263','1c59b5a77',6132,1609,1653447373,1653447373);
INSERT INTO player_score VALUES('3a45d2676',9,'23ab2a263','2b3b0c10d',3828,1037,1652927447,1652927447);
INSERT INTO player_score VALUES('6332b4f15',9,'23ab2a263','48c916d1e',7700,1882,1654026028,1654026028);
INSERT INTO player_score VALUES('5da0b7370',9,'23ab2a263','56c97205b',34500,1654,1653876502,1653876502);
INSERT INTO player_score VALUES('623d4c396',9,'23ab2a263','5c1d6665a',452295,1504,1654000295,1654000295);
INSERT INTO player_score VALUES('639882f39',9,'23ab2a263','5f0b15559',441045,1873,1654036703,1654036703);
INSERT INTO player_score VALUES('63a440522',9,'23ab2a263','60a0c1de1',15750,1766,1654037934,1654037934);
INSERT INTO player_score VALUES('63beb4ca8',9,'23ab2a263','62d37def9',161460,1922,1654040708,1654040708);
INSERT INTO player_score VALUES('60b7dfd69',9,'27a99469c','1afd6fee9',148520,1788,1653959461,1653959461);
INSERT INTO player_score VALUES('4ce8ff50a',9,'27a99469c','1c59b5a77',0,1577,1653427741,1653427741);
INSERT INTO player_score VALUES('3ccaa3aa8',9,'27a99469c','2b3b0c10d',35525,1208,1652995061,1652995061);
INSERT INTO player_score VALUES('63b6134fa',9,'27a99469c','48c916d1e',154000,1919,1654039803,1654039803);
INSERT INTO player_score VALUES('5e3839da1',9,'27a99469c','56c97205b',262800,1791,1653892389,1653892389);
INSERT INTO player_score VALUES('63c196135',9,'27a99469c','5c1d6665a',10545,1863,1654041010,1654041010);
INSERT INTO player_score VALUES('637861dc3',9,'27a99469c','5f0b15559',40716,1825,1654033334,1654033334);
INSERT INTO player_score VALUES('63ab404e9',9,'27a99469c','60a0c1de1',50764,1784,1654038668,1654038668);
INSERT INTO player_score VALUES('63aed648a',9,'27a99469c','62d37def9',80106,1780,1654039044,1654039044);
INSERT INTO player_score VALUES('5c111b6cb',9,'2899afb65','1afd6fee9',13098,1651,1653834600,1653834600);
INSERT INTO player_score VALUES('4d5feba68',9,'2899afb65','1c59b5a77',63840,1600,1653440211,1653440211);
INSERT INTO player_score VALUES('3be8132b1',9,'2899afb65','2b3b0c10d',204972,1149,1652971304,1652971304);
INSERT INTO player_score VALUES('6003706e5',9,'2899afb65','48c916d1e',1488,1681,1653940541,1653940541);
INSERT INTO player_score VALUES('6321f5d45',9,'2899afb65','5c1d6665a',103488,1722,1654024272,1654024272);
INSERT INTO player_score VALUES('63ac19979',9,'2899afb65','5f0b15559',513000,1898,1654038757,1654038757);
INSERT INTO player_score VALUES('63c55a727',9,'2899afb65','60a0c1de1',38454,1829,1654041405,1654041405);
INSERT INTO player_score VALUES('63c034129',9,'2899afb65','62d37def9',142692,1937,1654040865,1654040865);
INSERT INTO player_score VALUES('6342ce0a4',9,'28ff458df','1afd6fee9',154,1857,1654027716,1654027716);
INSERT INTO player_score VALUES('4cfe23e9c',9,'28ff458df','1c59b5a77',427680,1583,1653429958,1653429958);
INSERT INTO player_score VALUES('3be015428',9,'28ff458df','2b3b0c10d',23584,1146,1652970466,1652970466);
INSERT INTO player_score VALUES('5e39e9fba',9,'28ff458df','56c97205b',26796,1793,1653892566,1653892566);
INSERT INTO player_score VALUES('63bd10d98',9,'28ff458df','5f0b15559',82863,1929,1654040536,1654040536);
INSERT INTO player_score VALUES('63ac0af28',9,'28ff458df','60a0c1de1',480700,1788,1654038751,1654038751);
INSERT INTO player_score VALUES('63b439ad3',9,'28ff458df','62d37def9',45880,1816,1654039609,1654039609);
INSERT INTO player_score VALUES('618d8b902',9,'294aa18e0','1afd6fee9',173160,1808,1653981866,1653981866);
INSERT INTO player_score VALUES('46994843d',9,'294aa18e0','1c59b5a77',66096,1373,1653258321,1653258321);
INSERT INTO player_score VALUES('3c874802f',9,'294aa18e0','2b3b0c10d',21853,1194,1652987998,1652987998);
INSERT INTO player_score VALUES('631eed773',9,'294aa18e0','48c916d1e',525888,1881,1654023954,1654023954);
INSERT INTO player_score VALUES('5d8f03fb2',9,'294aa18e0','56c97205b',17820,1637,1653874646,1653874646);
INSERT INTO player_score VALUES('63a988df3',9,'294aa18e0','5c1d6665a',27456,1844,1654038488,1654038488);
INSERT INTO player_score VALUES('63b42b08b',9,'294aa18e0','60a0c1de1',43160,1803,1654039603,1654039603);
INSERT INTO player_score VALUES('63c577bd2',9,'294aa18e0','62d37def9',41310,1989,1654041417,1654041417);
INSERT INTO player_score VALUES('5d37f9427',9,'297bcfe48','1afd6fee9',400526,1684,1653865519,1653865519);
INSERT INTO player_score VALUES('4b773357a',9,'297bcfe48','1c59b5a77',226594,1522,1653388965,1653388965);
INSERT INTO player_score VALUES('3c57e4a65',9,'297bcfe48','2b3b0c10d',22066,1176,1652983029,1652983029);
INSERT INTO player_score VALUES('620bfe262',9,'297bcfe48','48c916d1e',336474,1813,1653995125,1653995125);
INSERT INTO player_score VALUES('5dadec8fd',9,'297bcfe48','56c97205b',78016,1664,1653877887,1653877887);
INSERT INTO player_score VALUES('6359019c4',9,'297bcfe48','5c1d6665a',93840,1773,1654030044,1654030044);
INSERT INTO player_score VALUES('63bcc52a6',9,'297bcfe48','5f0b15559',11040,1928,1654040505,1654040505);
INSERT INTO player_score VALUES('634d814c0',9,'297bcfe48','60a0c1de1',1260,1545,1654028838,1654028838);
INSERT INTO player_score VALUES('63bef923b',9,'297bcfe48','62d37def9',27950,1925,1654040736,1654040736);
INSERT INTO player_score VALUES('5e2d227b6',9,'2a5e087c3','1afd6fee9',106488,1713,1653891226,1653891226);
INSERT INTO player_score VALUES('4dac65483',9,'2a5e087c3','1c59b5a77',12880,1610,1653448230,1653448230);
INSERT INTO player_score VALUES('3d0be3c38',9,'2a5e087c3','2b3b0c10d',164934,1233,1653001903,1653001903);
INSERT INTO player_score VALUES('629c8cff7',9,'2a5e087c3','48c916d1e',35340,1842,1654010283,1654010283);
INSERT INTO player_score VALUES('5e6306dd1',9,'2a5e087c3','56c97205b',0,1828,1653896877,1653896877);
INSERT INTO player_score VALUES('639aaf94a',9,'2a5e087c3','5c1d6665a',188680,1827,1654036931,1654036931);
INSERT INTO player_score VALUES('638195cfe',9,'2a5e087c3','5f0b15559',135000,1835,1654034299,1654034299);
INSERT INTO player_score VALUES('6393fdbb5',9,'2a5e087c3','60a0c1de1',66420,1708,1654036229,1654036229);
INSERT INTO player_score VALUES('63c2d37b0',9,'2a5e087c3','62d37def9',90090,1954,1654041140,1654041140);
INSERT INTO player_score VALUES('6239633ed',9,'2b260c16d','1afd6fee9',0,1828,1653999885,1653999885);
INSERT INTO player_score VALUES('46859e18e',9,'2b260c16d','1c59b5a77',84000,1370,1653256259,1653256259);
INSERT INTO player_score VALUES('3c71bcded',9,'2b260c16d','2b3b0c10d',7488,1185,1652985739,1652985739);
INSERT INTO player_score VALUES('613425cd4',9,'2b260c16d','48c916d1e',244800,1749,1653972492,1653972492);
INSERT INTO player_score VALUES('5db48121b',9,'2b260c16d','56c97205b',271400,1672,1653878577,1653878577);
INSERT INTO player_score VALUES('62e475352',9,'2b260c16d','5c1d6665a',7884,1670,1654017823,1654017823);
INSERT INTO player_score VALUES('63a23d2cd',9,'2b260c16d','5f0b15559',24395,1881,1654037723,1654037723);
INSERT INTO player_score VALUES('63a205055',9,'2b260c16d','60a0c1de1',218960,1759,1654037700,1654037700);
INSERT INTO player_score VALUES('63c38342b',9,'2b260c16d','62d37def9',153120,1960,1654041212,1654041212);
INSERT INTO player_score VALUES('6302a4404',9,'2c4cc2de1','1afd6fee9',28116,1847,1654020988,1654020988);
INSERT INTO player_score VALUES('48f794ad2',9,'2c4cc2de1','1c59b5a77',5365,1447,1653321896,1653321896);
INSERT INTO player_score VALUES('3720370de',9,'2c4cc2de1','2b3b0c10d',51888,821,1652842973,1652842973);
INSERT INTO player_score VALUES('63afd42e1',9,'2c4cc2de1','48c916d1e',246620,1917,1654039148,1654039148);
INSERT INTO player_score VALUES('5e6952323',9,'2c4cc2de1','56c97205b',274209,1832,1653897537,1653897537);
INSERT INTO player_score VALUES('620d42dca',9,'2c4cc2de1','5c1d6665a',46332,1459,1653995258,1653995258);
INSERT INTO player_score VALUES('637674b0d',9,'2c4cc2de1','5f0b15559',1104,1822,1654033132,1654033132);
INSERT INTO player_score VALUES('63272d449',9,'2c4cc2de1','60a0c1de1',36540,1457,1654024819,1654024819);
INSERT INTO player_score VALUES('63c52c0e6',9,'2c4cc2de1','62d37def9',58968,1984,1654041386,1654041386);
INSERT INTO player_score VALUES('630d1f588',9,'2cf8f9c72','1afd6fee9',233376,1850,1654022087,1654022087);
INSERT INTO player_score VALUES('4aeebd431',9,'2cf8f9c72','1c59b5a77',0,1506,1653374656,1653374656);
INSERT INTO player_score VALUES('3ce62bfd2',9,'2cf8f9c72','2b3b0c10d',74834,1219,1652997948,1652997948);
INSERT INTO player_score VALUES('636be60ed',9,'2cf8f9c72','48c916d1e',35090,1899,1654032025,1654032025);
INSERT INTO player_score VALUES('638b66048',9,'2cf8f9c72','5c1d6665a',135720,1817,1654035328,1654035328);
INSERT INTO player_score VALUES('63681cd1b',9,'2cf8f9c72','5f0b15559',126882,1798,1654031628,1654031628);
INSERT INTO player_score VALUES('63c6cffcc',9,'2cf8f9c72','60a0c1de1',61642,1834,1654041558,1654041558);
INSERT INTO player_score VALUES('63c4a0e6f',9,'2cf8f9c72','62d37def9',15795,1974,1654041329,1654041329);
INSERT INTO player_score VALUES('63bafa304',9,'2d144ede8','1afd6fee9',267806,1877,1654040317,1654040317);
INSERT INTO player_score VALUES('3b6352c8e',9,'2d144ede8','2b3b0c10d',16936,1110,1652957384,1652957384);
INSERT INTO player_score VALUES('62e9f5e48',9,'2d144ede8','48c916d1e',65758,1861,1654018400,1654018400);
INSERT INTO player_score VALUES('5dc651af3',9,'2d144ede8','56c97205b',368000,1687,1653880445,1653880445);
INSERT INTO player_score VALUES('637e24739',9,'2d144ede8','5c1d6665a',0,1805,1654033938,1654033938);
INSERT INTO player_score VALUES('6363819c1',9,'2d144ede8','5f0b15559',104780,1792,1654031145,1654031145);
INSERT INTO player_score VALUES('63b9c906b',9,'2d144ede8','60a0c1de1',81648,1818,1654040192,1654040192);
INSERT INTO player_score VALUES('63bc43c64',9,'2d144ede8','62d37def9',287280,1895,1654040452,1654040452);
INSERT INTO player_score VALUES('6269c47e7',9,'2d3f91147','1afd6fee9',0,1835,1654004958,1654004958);
INSERT INTO player_score VALUES('4dad1c618',9,'2d3f91147','1c59b5a77',580888,1611,1653448305,1653448305);
INSERT INTO player_score VALUES('3cf4ad619',9,'2d3f91147','2b3b0c10d',133110,1228,1652999469,1652999469);
INSERT INTO player_score VALUES('6202a8076',9,'2d3f91147','48c916d1e',76608,1809,1653994146,1653994146);
INSERT INTO player_score VALUES('5e06ac4bc',9,'2d3f91147','56c97205b',53016,1753,1653887193,1653887193);
INSERT INTO player_score VALUES('63b4807ba',9,'2d3f91147','5f0b15559',155400,1916,1654039638,1654039638);
INSERT INTO player_score VALUES('63ab84ada',9,'2d3f91147','60a0c1de1',114996,1785,1654038696,1654038696);
INSERT INTO player_score VALUES('63c673365',9,'2d3f91147','62d37def9',3135,1994,1654041520,1654041520);
INSERT INTO player_score VALUES('4d1c5082f',9,'2e5db50a4','1c59b5a77',43134,1591,1653433122,1653433122);
INSERT INTO player_score VALUES('3cb891315',9,'2e5db50a4','2b3b0c10d',10296,1202,1652993166,1652993166);
INSERT INTO player_score VALUES('61ff120d2',9,'2e5db50a4','48c916d1e',71820,1807,1653993770,1653993770);
INSERT INTO player_score VALUES('5e330e9a9',9,'2e5db50a4','56c97205b',152075,1786,1653891847,1653891847);
INSERT INTO player_score VALUES('63b12c6b6',9,'2e5db50a4','5c1d6665a',120,1849,1654039289,1654039289);
INSERT INTO player_score VALUES('631aec0ff',9,'2e5db50a4','5f0b15559',0,1678,1654023534,1654023534);
INSERT INTO player_score VALUES('63b71fdb2',9,'2e5db50a4','60a0c1de1',19530,1807,1654039913,1654039913);
INSERT INTO player_score VALUES('63b807cd5',9,'2e5db50a4','62d37def9',26544,1848,1654040008,1654040008);
INSERT INTO player_score VALUES('622e7cb9c',9,'2ea6e6d16','1afd6fee9',1410,1826,1653998742,1653998742);
INSERT INTO player_score VALUES('4aa47c76f',9,'2ea6e6d16','1c59b5a77',371176,1500,1653366870,1653366870);
INSERT INTO player_score VALUES('3b254e53a',9,'2ea6e6d16','2b3b0c10d',191160,1095,1652950881,1652950881);
INSERT INTO player_score VALUES('63157796d',9,'2ea6e6d16','48c916d1e',189,1878,1654022962,1654022962);
INSERT INTO player_score VALUES('5e40f3bbe',9,'2ea6e6d16','56c97205b',241101,1801,1653893304,1653893304);
INSERT INTO player_score VALUES('63af6b35e',9,'2ea6e6d16','5c1d6665a',55476,1848,1654039105,1654039105);
INSERT INTO player_score VALUES('63a554305',9,'2ea6e6d16','5f0b15559',566580,1886,1654038047,1654038047);
INSERT INTO player_score VALUES('63999460b',9,'2ea6e6d16','60a0c1de1',33264,1730,1654036815,1654036815);
INSERT INTO player_score VALUES('63c70f739',9,'2ea6e6d16','62d37def9',582800,2001,1654041584,1654041584);
INSERT INTO player_score VALUES('6220a15f5',9,'3079e0b6c','1afd6fee9',148200,1825,1653997289,1653997289);
INSERT INTO player_score VALUES('4d4a23787',9,'3079e0b6c','1c59b5a77',187600,1599,1653437927,1653437927);
INSERT INTO player_score VALUES('3c15e8935',9,'3079e0b6c','2b3b0c10d',288260,1164,1652976110,1652976110);
INSERT INTO player_score VALUES('62a9b3b28',9,'3079e0b6c','48c916d1e',85800,1844,1654011662,1654011662);
INSERT INTO player_score VALUES('5d7b17e31',9,'3079e0b6c','56c97205b',187200,1618,1653872557,1653872557);
INSERT INTO player_score VALUES('6395c6425',9,'3079e0b6c','5c1d6665a',2738,1823,1654036416,1654036416);
INSERT INTO player_score VALUES('63bb6f604',9,'3079e0b6c','5f0b15559',164025,1925,1654040365,1654040365);
INSERT INTO player_score VALUES('63abbcd1f',9,'3079e0b6c','60a0c1de1',731808,1787,1654038719,1654038719);
INSERT INTO player_score VALUES('63bb45e02',9,'3079e0b6c','62d37def9',231200,1885,1654040348,1654040348);
INSERT INTO player_score VALUES('63a3a4124',9,'324804d47','1afd6fee9',28080,1875,1654037870,1654037870);
INSERT INTO player_score VALUES('4dbb177b0',9,'324804d47','1c59b5a77',277290,1613,1653449771,1653449771);
INSERT INTO player_score VALUES('3cef3191e',9,'324804d47','2b3b0c10d',138380,1224,1652998894,1652998894);
INSERT INTO player_score VALUES('636a8b5e4',9,'324804d47','48c916d1e',119621,1898,1654031883,1654031883);
INSERT INTO player_score VALUES('5d93c63c8',9,'324804d47','56c97205b',303030,1642,1653875145,1653875145);
INSERT INTO player_score VALUES('63b7d219d',9,'324804d47','5c1d6665a',13056,1855,1654039986,1654039986);
INSERT INTO player_score VALUES('63c5bc1b6',9,'324804d47','5f0b15559',53300,1950,1654041445,1654041445);
INSERT INTO player_score VALUES('63b65a1c1',9,'324804d47','60a0c1de1',327600,1806,1654039832,1654039832);
INSERT INTO player_score VALUES('63b456fb0',9,'324804d47','62d37def9',244352,1817,1654039621,1654039621);
INSERT INTO player_score VALUES('5a6cdc692',9,'32e18a962','1afd6fee9',73720,1617,1653790534,1653790534);
INSERT INTO player_score VALUES('4b951b993',9,'32e18a962','1c59b5a77',109480,1527,1653392101,1653392101);
INSERT INTO player_score VALUES('3c9913a8d',9,'32e18a962','2b3b0c10d',47771,1198,1652989864,1652989864);
INSERT INTO player_score VALUES('6363f6c94',9,'32e18a962','48c916d1e',250240,1894,1654031193,1654031193);
INSERT INTO player_score VALUES('5da4659ce',9,'32e18a962','56c97205b',0,1658,1653876888,1653876888);
INSERT INTO player_score VALUES('62c86906d',9,'32e18a962','5c1d6665a',1755,1640,1654014882,1654014882);
INSERT INTO player_score VALUES('63ae9e207',9,'32e18a962','5f0b15559',13702,1904,1654039021,1654039021);
INSERT INTO player_score VALUES('63c59ecd9',9,'32e18a962','60a0c1de1',271932,1831,1654041433,1654041433);
INSERT INTO player_score VALUES('63bcb4174',9,'32e18a962','62d37def9',152352,1899,1654040498,1654040498);
INSERT INTO player_score VALUES('630f6e295',9,'34ccfab3b','1afd6fee9',88800,1851,1654022329,1654022329);
INSERT INTO player_score VALUES('4873581fb',9,'34ccfab3b','1c59b5a77',274560,1430,1653308030,1653308030);
INSERT INTO player_score VALUES('3af542851',9,'34ccfab3b','2b3b0c10d',57970,1085,1652945843,1652945843);
INSERT INTO player_score VALUES('6337bdfcc',9,'34ccfab3b','48c916d1e',97500,1884,1654026556,1654026556);
INSERT INTO player_score VALUES('5d7ccf543',9,'34ccfab3b','56c97205b',276640,1619,1653872737,1653872737);
INSERT INTO player_score VALUES('635c0518b',9,'34ccfab3b','5c1d6665a',61824,1777,1654030360,1654030360);
INSERT INTO player_score VALUES('63b035da9',9,'34ccfab3b','5f0b15559',6480,1908,1654039188,1654039188);
INSERT INTO player_score VALUES('637440b8c',9,'34ccfab3b','60a0c1de1',356000,1635,1654032901,1654032901);
INSERT INTO player_score VALUES('63ac87768',9,'34ccfab3b','62d37def9',6384,1766,1654038802,1654038802);
INSERT INTO player_score VALUES('5a9435a6e',9,'350be2380','1afd6fee9',76680,1620,1653794660,1653794660);
INSERT INTO player_score VALUES('4d6b623b3',9,'350be2380','1c59b5a77',15351,1602,1653441413,1653441413);
INSERT INTO player_score VALUES('3d10ea604',9,'350be2380','2b3b0c10d',240944,1235,1653002430,1653002430);
INSERT INTO player_score VALUES('62f420700',9,'350be2380','48c916d1e',18630,1868,1654019466,1654019466);
INSERT INTO player_score VALUES('5dfd5fefc',9,'350be2380','56c97205b',14820,1743,1653886218,1653886218);
INSERT INTO player_score VALUES('6366459b8',9,'350be2380','5c1d6665a',305970,1787,1654031435,1654031435);
INSERT INTO player_score VALUES('63bfb0416',9,'350be2380','5f0b15559',23040,1934,1654040811,1654040811);
INSERT INTO player_score VALUES('63acd0b43',9,'350be2380','60a0c1de1',19584,1790,1654038832,1654038832);
INSERT INTO player_score VALUES('63bfadd01',9,'350be2380','62d37def9',11592,1934,1654040810,1654040810);
INSERT INTO player_score VALUES('628785af4',9,'35202d87d','1afd6fee9',378675,1838,1654008078,1654008078);
INSERT INTO player_score VALUES('4c6607781',9,'35202d87d','1c59b5a77',438480,1559,1653414008,1653414008);
INSERT INTO player_score VALUES('3ce7c89ac',9,'35202d87d','2b3b0c10d',57970,1220,1652998117,1652998117);
INSERT INTO player_score VALUES('6306eee3f',9,'35202d87d','48c916d1e',132957,1871,1654021438,1654021438);
INSERT INTO player_score VALUES('5e60ce070',9,'35202d87d','56c97205b',752115,1827,1653896644,1653896644);
INSERT INTO player_score VALUES('6399d64bf',9,'35202d87d','5c1d6665a',326586,1826,1654036842,1654036842);
INSERT INTO player_score VALUES('63c0208a9',9,'35202d87d','5f0b15559',34365,1937,1654040857,1654040857);
INSERT INTO player_score VALUES('63a3e86f6',9,'35202d87d','60a0c1de1',61100,1764,1654037898,1654037898);
INSERT INTO player_score VALUES('63c6d74b2',9,'35202d87d','62d37def9',773808,1997,1654041561,1654041561);
INSERT INTO player_score VALUES('5b94da588',9,'352d73f75','1afd6fee9',7080,1638,1653821571,1653821571);
INSERT INTO player_score VALUES('4bc6e8a09',9,'352d73f75','1c59b5a77',9920,1531,1653397323,1653397323);
INSERT INTO player_score VALUES('3c41592af',9,'352d73f75','2b3b0c10d',29520,1172,1652980665,1652980665);
INSERT INTO player_score VALUES('5d1080493',9,'352d73f75','56c97205b',57304,1519,1653861380,1653861380);
INSERT INTO player_score VALUES('63b6d42dc',9,'352d73f75','5f0b15559',184275,1922,1654039882,1654039882);
INSERT INTO player_score VALUES('63afb204c',9,'352d73f75','60a0c1de1',21060,1797,1654039134,1654039134);
INSERT INTO player_score VALUES('63941d732',9,'352d73f75','62d37def9',104017,1569,1654036242,1654036242);
INSERT INTO player_score VALUES('623291a5b',9,'361ccbed4','1afd6fee9',34720,1827,1653999170,1653999170);
INSERT INTO player_score VALUES('4d637f2a3',9,'361ccbed4','1c59b5a77',90630,1601,1653440586,1653440586);
INSERT INTO player_score VALUES('3c82eeb9c',9,'361ccbed4','2b3b0c10d',163930,1191,1652987542,1652987542);
INSERT INTO player_score VALUES('6032f117c',9,'361ccbed4','48c916d1e',98496,1694,1653945522,1653945522);
INSERT INTO player_score VALUES('5e403f133',9,'361ccbed4','56c97205b',13776,1800,1653893230,1653893230);
INSERT INTO player_score VALUES('63bbc4d69',9,'361ccbed4','5c1d6665a',77697,1857,1654040400,1654040400);
INSERT INTO player_score VALUES('6386aff31',9,'361ccbed4','5f0b15559',142200,1842,1654034834,1654034834);
INSERT INTO player_score VALUES('63c415bdd',9,'361ccbed4','60a0c1de1',60736,1827,1654041272,1654041272);
INSERT INTO player_score VALUES('63c44de68',9,'361ccbed4','62d37def9',4524,1968,1654041295,1654041295);
INSERT INTO player_score VALUES('5e9600316',9,'36d4c0375','1afd6fee9',418320,1725,1653902222,1653902222);
INSERT INTO player_score VALUES('4d174503a',9,'36d4c0375','1c59b5a77',76375,1586,1653432593,1653432593);
INSERT INTO player_score VALUES('3c92d48aa',9,'36d4c0375','2b3b0c10d',10000,1197,1652989209,1652989209);
INSERT INTO player_score VALUES('62ef2ae5e',9,'36d4c0375','48c916d1e',18876,1863,1654018946,1654018946);
INSERT INTO player_score VALUES('5e329bdac',9,'36d4c0375','56c97205b',188180,1785,1653891800,1653891800);
INSERT INTO player_score VALUES('632a6676b',9,'36d4c0375','5c1d6665a',110565,1731,1654025157,1654025157);
INSERT INTO player_score VALUES('63b9404da',9,'36d4c0375','5f0b15559',54747,1924,1654040136,1654040136);
INSERT INTO player_score VALUES('63c031a70',9,'36d4c0375','60a0c1de1',322,1825,1654040864,1654040864);
INSERT INTO player_score VALUES('63c24ac25',9,'36d4c0375','62d37def9',257224,1949,1654041084,1654041084);
INSERT INTO player_score VALUES('4bea93778',9,'370e815d7','1c59b5a77',609168,1541,1653401063,1653401063);
INSERT INTO player_score VALUES('3cd72459b',9,'370e815d7','2b3b0c10d',164900,1211,1652996372,1652996372);
INSERT INTO player_score VALUES('5db219eb3',9,'370e815d7','56c97205b',154816,1669,1653878325,1653878325);
INSERT INTO player_score VALUES('63950080b',9,'370e815d7','5c1d6665a',0,1822,1654036335,1654036335);
INSERT INTO player_score VALUES('63b5c2bcd',9,'370e815d7','5f0b15559',28032,1918,1654039770,1654039770);
INSERT INTO player_score VALUES('63c5c0feb',9,'370e815d7','60a0c1de1',13440,1832,1654041447,1654041447);
INSERT INTO player_score VALUES('63c3770a8',9,'370e815d7','62d37def9',114660,1959,1654041207,1654041207);
INSERT INTO player_score VALUES('621e72463',9,'37a5ff1ca','1afd6fee9',7776,1824,1653997060,1653997060);
INSERT INTO player_score VALUES('482f937c9',9,'37a5ff1ca','1c59b5a77',419580,1422,1653300924,1653300924);
INSERT INTO player_score VALUES('3cc50cfe5',9,'37a5ff1ca','2b3b0c10d',810,1204,1652994475,1652994475);
INSERT INTO player_score VALUES('634610ffd',9,'37a5ff1ca','48c916d1e',14760,1887,1654028058,1654028058);
INSERT INTO player_score VALUES('5e6b30b5c',9,'37a5ff1ca','56c97205b',9690,1836,1653897733,1653897733);
INSERT INTO player_score VALUES('631661f44',9,'37a5ff1ca','5c1d6665a',233376,1714,1654023058,1654023058);
INSERT INTO player_score VALUES('63c082353',9,'37a5ff1ca','5f0b15559',124830,1939,1654040897,1654040897);
INSERT INTO player_score VALUES('63a14deed',9,'37a5ff1ca','60a0c1de1',90160,1755,1654037625,1654037625);
INSERT INTO player_score VALUES('63bd77645',9,'37a5ff1ca','62d37def9',11352,1908,1654040578,1654040578);
INSERT INTO player_score VALUES('60fa84661',9,'38eb7c4da','1afd6fee9',194996,1794,1653966449,1653966449);
INSERT INTO player_score VALUES('490d3d1be',9,'38eb7c4da','1c59b5a77',79380,1450,1653324167,1653324167);
INSERT INTO player_score VALUES('3bca7427d',9,'38eb7c4da','2b3b0c10d',26400,1141,1652968198,1652968198);
INSERT INTO player_score VALUES('638998975',9,'38eb7c4da','48c916d1e',0,1906,1654035139,1654035139);
INSERT INTO player_score VALUES('5e44fc74b',9,'38eb7c4da','56c97205b',170544,1806,1653893727,1653893727);
INSERT INTO player_score VALUES('6387622eb',9,'38eb7c4da','5c1d6665a',281952,1815,1654034907,1654034907);
INSERT INTO player_score VALUES('637ab58b3',9,'38eb7c4da','5f0b15559',28917,1827,1654033578,1654033578);
INSERT INTO player_score VALUES('636eaef05',9,'38eb7c4da','60a0c1de1',34944,1623,1654032317,1654032317);
INSERT INTO player_score VALUES('63ae526f6',9,'38eb7c4da','62d37def9',27170,1777,1654038990,1654038990);
INSERT INTO player_score VALUES('5ffa28f0b',9,'391b9e16c','1afd6fee9',47120,1763,1653939568,1653939568);
INSERT INTO player_score VALUES('49c9e7706',9,'391b9e16c','1c59b5a77',25830,1474,1653343950,1653343950);
INSERT INTO player_score VALUES('3d027a157',9,'391b9e16c','2b3b0c10d',165760,1232,1653000916,1653000916);
INSERT INTO player_score VALUES('6385db8cc',9,'391b9e16c','48c916d1e',121275,1905,1654034747,1654034747);
INSERT INTO player_score VALUES('5e5d94d2b',9,'391b9e16c','56c97205b',2065,1825,1653896306,1653896306);
INSERT INTO player_score VALUES('638f27ebf',9,'391b9e16c','5c1d6665a',310752,1820,1654035722,1654035722);
INSERT INTO player_score VALUES('635f71926',9,'391b9e16c','5f0b15559',10206,1783,1654030719,1654030719);
INSERT INTO player_score VALUES('63bb23b3a',9,'391b9e16c','62d37def9',70560,1883,1654040334,1654040334);
INSERT INTO player_score VALUES('6244d00d5',9,'3935d580a','1afd6fee9',45123,1833,1654001083,1654001083);
INSERT INTO player_score VALUES('4cf5da526',9,'3935d580a','1c59b5a77',23607,1580,1653429089,1653429089);
INSERT INTO player_score VALUES('3cff2fd13',9,'3935d580a','2b3b0c10d',62496,1231,1653000571,1653000571);
INSERT INTO player_score VALUES('6189a2939',9,'3935d580a','48c916d1e',30562,1780,1653981456,1653981456);
INSERT INTO player_score VALUES('5e4cee242',9,'3935d580a','56c97205b',43500,1817,1653894560,1653894560);
INSERT INTO player_score VALUES('63a617862',9,'3935d580a','5c1d6665a',147744,1837,1654038127,1654038127);
INSERT INTO player_score VALUES('63c162d00',9,'3935d580a','5f0b15559',187620,1944,1654040989,1654040989);
INSERT INTO player_score VALUES('63b89a473',9,'3935d580a','60a0c1de1',412335,1814,1654040068,1654040068);
INSERT INTO player_score VALUES('5f605c656',9,'3965143d7','1afd6fee9',394052,1745,1653923441,1653923441);
INSERT INTO player_score VALUES('472009577',9,'3965143d7','1c59b5a77',267168,1392,1653272451,1653272451);
INSERT INTO player_score VALUES('3c1bbc43b',9,'3965143d7','2b3b0c10d',12180,1166,1652976721,1652976721);
INSERT INTO player_score VALUES('62a5fb8a7',9,'3965143d7','48c916d1e',703000,1843,1654011272,1654011272);
INSERT INTO player_score VALUES('5e651d8de',9,'3965143d7','56c97205b',9020,1830,1653897096,1653897096);
INSERT INTO player_score VALUES('63b7dbdbf',9,'3965143d7','5c1d6665a',509760,1856,1654039990,1654039990);
INSERT INTO player_score VALUES('636028ab5',9,'3965143d7','60a0c1de1',194568,1590,1654030794,1654030794);
INSERT INTO player_score VALUES('63c348a7d',9,'3965143d7','62d37def9',165675,1958,1654041188,1654041188);
INSERT INTO player_score VALUES('4b6dbfe7d',9,'3c5ff885a','1c59b5a77',537768,1521,1653387974,1653387974);
INSERT INTO player_score VALUES('3c131fae9',9,'3c5ff885a','2b3b0c10d',33320,1163,1652975818,1652975818);
INSERT INTO player_score VALUES('629345834',9,'3c5ff885a','48c916d1e',44376,1840,1654009310,1654009310);
INSERT INTO player_score VALUES('5e6ac0672',9,'3c5ff885a','56c97205b',8816,1835,1653897687,1653897687);
INSERT INTO player_score VALUES('63a311976',9,'3c5ff885a','5c1d6665a',47190,1834,1654037810,1654037810);
INSERT INTO player_score VALUES('62cdf107f',9,'3c5ff885a','5f0b15559',6615,1548,1654015462,1654015462);
INSERT INTO player_score VALUES('63c4cf477',9,'3c5ff885a','62d37def9',73440,1979,1654041348,1654041348);
INSERT INTO player_score VALUES('608050355',9,'3c7de5abc','1afd6fee9',149408,1782,1653953635,1653953635);
INSERT INTO player_score VALUES('4d18259e7',9,'3c7de5abc','1c59b5a77',138069,1588,1653432685,1653432685);
INSERT INTO player_score VALUES('3c823c7dc',9,'3c7de5abc','2b3b0c10d',1590,1189,1652987469,1652987469);
INSERT INTO player_score VALUES('6184ad083',9,'3c7de5abc','48c916d1e',287280,1778,1653980936,1653980936);
INSERT INTO player_score VALUES('5de3ce864',9,'3c7de5abc','56c97205b',23400,1714,1653883537,1653883537);
INSERT INTO player_score VALUES('61b5ea07f',9,'3c7de5abc','5c1d6665a',35880,1379,1653986099,1653986099);
INSERT INTO player_score VALUES('63c0738d2',9,'3c7de5abc','5f0b15559',132825,1938,1654040891,1654040891);
INSERT INTO player_score VALUES('63c55f560',9,'3c7de5abc','60a0c1de1',306544,1830,1654041407,1654041407);
INSERT INTO player_score VALUES('6313a2d7f',9,'3e25e1b22','1afd6fee9',3036,1852,1654022770,1654022770);
INSERT INTO player_score VALUES('6118e9273',9,'3e25e1b22','48c916d1e',48165,1742,1653969636,1653969636);
INSERT INTO player_score VALUES('5e4a4017e',9,'3e25e1b22','56c97205b',505494,1813,1653894279,1653894279);
INSERT INTO player_score VALUES('639259c98',9,'3e25e1b22','5c1d6665a',190080,1821,1654036057,1654036057);
INSERT INTO player_score VALUES('639de8c8d',9,'3e25e1b22','60a0c1de1',22506,1740,1654037269,1654037269);
INSERT INTO player_score VALUES('63c649b13',9,'3e25e1b22','62d37def9',208494,1992,1654041503,1654041503);
INSERT INTO player_score VALUES('60c683691',9,'3e574a9ff','1afd6fee9',88396,1789,1653960996,1653960996);
INSERT INTO player_score VALUES('4d1b095dc',9,'3e574a9ff','1c59b5a77',11988,1589,1653432988,1653432988);
INSERT INTO player_score VALUES('5deabd689',9,'3e574a9ff','56c97205b',26129,1720,1653884264,1653884264);
INSERT INTO player_score VALUES('63aeb68dd',9,'3e574a9ff','5c1d6665a',22080,1847,1654039031,1654039031);
INSERT INTO player_score VALUES('639076689',9,'3e574a9ff','5f0b15559',174720,1857,1654035859,1654035859);
INSERT INTO player_score VALUES('63afd1bef',9,'3e574a9ff','60a0c1de1',184275,1798,1654039147,1654039147);
INSERT INTO player_score VALUES('63c4f8cbe',9,'3e574a9ff','62d37def9',275354,1982,1654041365,1654041365);
INSERT INTO player_score VALUES('61984b02a',9,'3e6aa920c','1afd6fee9',69930,1809,1653982993,1653982993);
INSERT INTO player_score VALUES('4b95785e2',9,'3e6aa920c','1c59b5a77',196272,1528,1653392139,1653392139);
INSERT INTO player_score VALUES('62ee4f295',9,'3e6aa920c','48c916d1e',124173,1862,1654018856,1654018856);
INSERT INTO player_score VALUES('5e50ed133',9,'3e6aa920c','56c97205b',1617,1820,1653894979,1653894979);
INSERT INTO player_score VALUES('634a7197c',9,'3e6aa920c','5c1d6665a',24108,1763,1654028517,1654028517);
INSERT INTO player_score VALUES('6374543e5',9,'3e6aa920c','5f0b15559',227430,1815,1654032909,1654032909);
INSERT INTO player_score VALUES('63b7f9278',9,'3e6aa920c','60a0c1de1',80352,1812,1654040002,1654040002);
INSERT INTO player_score VALUES('63be81825',9,'3e6aa920c','62d37def9',269325,1919,1654040687,1654040687);
INSERT INTO player_score VALUES('61b1e8a47',9,'3e7870f52','1afd6fee9',442224,1813,1653985679,1653985679);
INSERT INTO player_score VALUES('4ce53fd41',9,'3e7870f52','1c59b5a77',38080,1576,1653427348,1653427348);
INSERT INTO player_score VALUES('60e91f454',9,'3e7870f52','48c916d1e',411600,1730,1653964625,1653964625);
INSERT INTO player_score VALUES('5ca35a60b',9,'3e7870f52','56c97205b',11904,1418,1653849935,1653849935);
INSERT INTO player_score VALUES('62245bf12',9,'3e7870f52','5c1d6665a',179400,1481,1653997680,1653997680);
INSERT INTO player_score VALUES('62f6d3599',9,'3e7870f52','5f0b15559',11696,1615,1654019749,1654019749);
INSERT INTO player_score VALUES('63ad71d67',9,'3e7870f52','60a0c1de1',39858,1791,1654038898,1654038898);
INSERT INTO player_score VALUES('63c2f3337',9,'3e7870f52','62d37def9',176800,1956,1654041153,1654041153);
INSERT INTO player_score VALUES('4da3ab66f',9,'3e7bc2932','1c59b5a77',28560,1608,1653447315,1653447315);
INSERT INTO player_score VALUES('63c705ae6',9,'3e7bc2932','48c916d1e',27090,1924,1654041580,1654041580);
INSERT INTO player_score VALUES('5db09348d',9,'3e7bc2932','56c97205b',14400,1667,1653878165,1653878165);
INSERT INTO player_score VALUES('63aa14075',9,'3e7bc2932','5c1d6665a',520220,1845,1654038545,1654038545);
INSERT INTO player_score VALUES('6374ff28b',9,'3e7bc2932','5f0b15559',195840,1819,1654032979,1654032979);
INSERT INTO player_score VALUES('639117893',9,'3e7bc2932','60a0c1de1',27360,1697,1654035925,1654035925);
INSERT INTO player_score VALUES('63c4e2d28',9,'3e7bc2932','62d37def9',2940,1981,1654041356,1654041356);
INSERT INTO player_score VALUES('63865cf04',9,'3fef3ea8b','1afd6fee9',47520,1869,1654034800,1654034800);
INSERT INTO player_score VALUES('4bcaa814a',9,'3fef3ea8b','1c59b5a77',33488,1532,1653397716,1653397716);
INSERT INTO player_score VALUES('62aa30372',9,'3fef3ea8b','48c916d1e',150800,1845,1654011713,1654011713);
INSERT INTO player_score VALUES('5e4567dd9',9,'3fef3ea8b','56c97205b',4620,1807,1653893771,1653893771);
INSERT INTO player_score VALUES('635479f53',9,'3fef3ea8b','5c1d6665a',93366,1768,1654029569,1654029569);
INSERT INTO player_score VALUES('6395d4eb3',9,'3fef3ea8b','5f0b15559',52920,1864,1654036422,1654036422);
INSERT INTO player_score VALUES('6347e0da4',9,'3fef3ea8b','60a0c1de1',31040,1541,1654028248,1654028248);
INSERT INTO player_score VALUES('63bc0ba46',9,'3fef3ea8b','62d37def9',416988,1892,1654040429,1654040429);
INSERT INTO player_score VALUES('601dceebd',9,'406e01d60','1afd6fee9',143451,1767,1653943306,1653943306);
INSERT INTO player_score VALUES('4a3f5bcab',9,'406e01d60','1c59b5a77',16632,1486,1653356266,1653356266);
INSERT INTO player_score VALUES('63a349bc6',9,'406e01d60','48c916d1e',76956,1911,1654037833,1654037833);
INSERT INTO player_score VALUES('5e5dbe578',9,'406e01d60','56c97205b',215800,1826,1653896323,1653896323);
INSERT INTO player_score VALUES('63c2a030a',9,'406e01d60','5c1d6665a',4872,1866,1654041119,1654041119);
INSERT INTO player_score VALUES('639e5434c',9,'406e01d60','60a0c1de1',10032,1747,1654037313,1654037313);
INSERT INTO player_score VALUES('63c56df7b',9,'406e01d60','62d37def9',72240,1988,1654041413,1654041413);
INSERT INTO player_score VALUES('6380140f1',9,'40fab6584','1afd6fee9',151200,1868,1654034141,1654034141);
INSERT INTO player_score VALUES('636578873',9,'40fab6584','48c916d1e',47124,1896,1654031351,1654031351);
INSERT INTO player_score VALUES('5dbe3b603',9,'40fab6584','56c97205b',0,1681,1653879597,1653879597);
INSERT INTO player_score VALUES('634641d01',9,'40fab6584','5c1d6665a',58740,1758,1654028078,1654028078);
INSERT INTO player_score VALUES('63a86655f',9,'40fab6584','60a0c1de1',126280,1777,1654038369,1654038369);
INSERT INTO player_score VALUES('63b911ec3',9,'40fab6584','62d37def9',35650,1858,1654040117,1654040117);
INSERT INTO player_score VALUES('4c6251c6a',9,'423534980','1c59b5a77',487825,1558,1653413619,1653413619);
INSERT INTO player_score VALUES('63ad8cb45',9,'423534980','48c916d1e',56304,1916,1654038909,1654038909);
INSERT INTO player_score VALUES('5d76c37c8',9,'423534980','56c97205b',194880,1611,1653872103,1653872103);
INSERT INTO player_score VALUES('63bf81da8',9,'423534980','5c1d6665a',321210,1860,1654040792,1654040792);
INSERT INTO player_score VALUES('63ad9401c',9,'423534980','5f0b15559',60672,1902,1654038912,1654038912);
INSERT INTO player_score VALUES('63ba59100',9,'423534980','60a0c1de1',61992,1819,1654040251,1654040251);
INSERT INTO player_score VALUES('63c1bab78',9,'423534980','62d37def9',181536,1946,1654041025,1654041025);
INSERT INTO player_score VALUES('628dd3790',9,'4280fc02e','1afd6fee9',246384,1839,1654008739,1654008739);
INSERT INTO player_score VALUES('4d45ec611',9,'4280fc02e','1c59b5a77',0,1597,1653437485,1653437485);
INSERT INTO player_score VALUES('62b985fca',9,'4280fc02e','48c916d1e',52780,1848,1654013321,1654013321);
INSERT INTO player_score VALUES('5e0628750',9,'4280fc02e','56c97205b',684,1752,1653887139,1653887139);
INSERT INTO player_score VALUES('6374c6fda',9,'4280fc02e','5c1d6665a',35340,1799,1654032956,1654032956);
INSERT INTO player_score VALUES('63c189e27',9,'4280fc02e','5f0b15559',153972,1945,1654041005,1654041005);
INSERT INTO player_score VALUES('63a0638b9',9,'4280fc02e','60a0c1de1',411840,1753,1654037529,1654037529);
INSERT INTO player_score VALUES('63c48fce8',9,'4280fc02e','62d37def9',25480,1971,1654041322,1654041322);
INSERT INTO player_score VALUES('44009c01b',9,'42ece214a','1c59b5a77',0,1292,1653188625,1653188625);
INSERT INTO player_score VALUES('5fe855f3b',9,'42ece214a','48c916d1e',30240,1674,1653937699,1653937699);
INSERT INTO player_score VALUES('5e226a59a',9,'42ece214a','56c97205b',19440,1779,1653890102,1653890102);
INSERT INTO player_score VALUES('63c675a40',9,'42ece214a','5c1d6665a',376125,1869,1654041521,1654041521);
INSERT INTO player_score VALUES('63b7d219e',9,'42ece214a','60a0c1de1',88536,1811,1654039986,1654039986);
INSERT INTO player_score VALUES('62ddd94d4',9,'44f216ddb','1afd6fee9',2178,1845,1654017130,1654017130);
INSERT INTO player_score VALUES('4d47c392a',9,'44f216ddb','1c59b5a77',74734,1598,1653437678,1653437678);
INSERT INTO player_score VALUES('630445b77',9,'44f216ddb','48c916d1e',25410,1870,1654021159,1654021159);
INSERT INTO player_score VALUES('5e4c1267d',9,'44f216ddb','56c97205b',11760,1816,1653894470,1653894470);
INSERT INTO player_score VALUES('6386e0caa',9,'44f216ddb','5c1d6665a',364572,1814,1654034854,1654034854);
INSERT INTO player_score VALUES('6308a3e24',9,'44f216ddb','5f0b15559',0,1641,1654021617,1654021617);
INSERT INTO player_score VALUES('63c50ec1f',9,'44f216ddb','60a0c1de1',21518,1828,1654041374,1654041374);
INSERT INTO player_score VALUES('639837434',9,'44f216ddb','62d37def9',348894,1605,1654036672,1654036672);
INSERT INTO player_score VALUES('63871b632',9,'456cceded','1afd6fee9',145800,1870,1654034878,1654034878);
INSERT INTO player_score VALUES('4c4b538ae',9,'456cceded','1c59b5a77',82500,1554,1653411208,1653411208);
INSERT INTO player_score VALUES('63b3039f1',9,'456cceded','5c1d6665a',952,1851,1654039482,1654039482);
INSERT INTO player_score VALUES('639363eb2',9,'456cceded','5f0b15559',2904,1862,1654036166,1654036166);
INSERT INTO player_score VALUES('63b58a97f',9,'456cceded','60a0c1de1',16740,1805,1654039747,1654039747);
INSERT INTO player_score VALUES('63c690811',9,'456cceded','62d37def9',232578,1996,1654041532,1654041532);
INSERT INTO player_score VALUES('626fa1fa9',9,'46b4b34d1','1afd6fee9',656370,1836,1654005573,1654005573);
INSERT INTO player_score VALUES('4cdf059a6',9,'46b4b34d1','1c59b5a77',20328,1573,1653426695,1653426695);
INSERT INTO player_score VALUES('5f45dbb6a',9,'46b4b34d1','48c916d1e',0,1628,1653920662,1653920662);
INSERT INTO player_score VALUES('63b1314ff',9,'46b4b34d1','5f0b15559',80640,1911,1654039291,1654039291);
INSERT INTO player_score VALUES('63a48721c',9,'46b4b34d1','60a0c1de1',463404,1767,1654037963,1654037963);
INSERT INTO player_score VALUES('63b92a52a',9,'46b4b34d1','62d37def9',5040,1860,1654040127,1654040127);
INSERT INTO player_score VALUES('63359b1e1',9,'47c90bf07','1afd6fee9',48160,1855,1654026332,1654026332);
INSERT INTO player_score VALUES('4ceaaf73d',9,'47c90bf07','1c59b5a77',88452,1578,1653427918,1653427918);
INSERT INTO player_score VALUES('63a4a467d',9,'47c90bf07','48c916d1e',16744,1912,1654037975,1654037975);
INSERT INTO player_score VALUES('5e3d9faed',9,'47c90bf07','56c97205b',299975,1797,1653892955,1653892955);
INSERT INTO player_score VALUES('63bbf5aa0',9,'47c90bf07','5f0b15559',34944,1926,1654040420,1654040420);
INSERT INTO player_score VALUES('63a414614',9,'47c90bf07','60a0c1de1',104788,1765,1654037916,1654037916);
INSERT INTO player_score VALUES('63bf7cfd3',9,'47c90bf07','62d37def9',4655,1930,1654040790,1654040790);
INSERT INTO player_score VALUES('5bf909525',9,'48906bf96','1afd6fee9',57276,1648,1653832076,1653832076);
INSERT INTO player_score VALUES('4bfa0ddeb',9,'48906bf96','1c59b5a77',498332,1546,1653402686,1653402686);
INSERT INTO player_score VALUES('63926600c',9,'48906bf96','48c916d1e',115620,1909,1654036062,1654036062);
INSERT INTO player_score VALUES('5e03f6f12',9,'48906bf96','56c97205b',413,1750,1653886909,1653886909);
INSERT INTO player_score VALUES('63be495bb',9,'48906bf96','5c1d6665a',285120,1859,1654040664,1654040664);
INSERT INTO player_score VALUES('637e68d1e',9,'48906bf96','5f0b15559',145728,1832,1654033966,1654033966);
INSERT INTO player_score VALUES('63728e285',9,'48906bf96','60a0c1de1',427680,1632,1654032723,1654032723);
INSERT INTO player_score VALUES('63ba1c06b',9,'48906bf96','62d37def9',30504,1870,1654040226,1654040226);
INSERT INTO player_score VALUES('60ad49e41',9,'48b2b261d','1afd6fee9',177480,1785,1653958351,1653958351);
INSERT INTO player_score VALUES('4d6edfc62',9,'48b2b261d','1c59b5a77',25110,1604,1653441779,1653441779);
INSERT INTO player_score VALUES('5e3f32815',9,'48b2b261d','56c97205b',419832,1798,1653893120,1653893120);
INSERT INTO player_score VALUES('63b4c4d75',9,'48b2b261d','5c1d6665a',165600,1852,1654039666,1654039666);
INSERT INTO player_score VALUES('6369e2e8f',9,'48b2b261d','5f0b15559',25056,1803,1654031814,1654031814);
INSERT INTO player_score VALUES('63a82bbc2',9,'48b2b261d','62d37def9',121394,1730,1654038345,1654038345);
INSERT INTO player_score VALUES('4beff6ddf',9,'4ab9e08e5','1c59b5a77',725088,1544,1653401628,1653401628);
INSERT INTO player_score VALUES('63c120e73',9,'4ab9e08e5','48c916d1e',116960,1923,1654040962,1654040962);
INSERT INTO player_score VALUES('5dc2308de',9,'4ab9e08e5','56c97205b',313200,1684,1653880012,1653880012);
INSERT INTO player_score VALUES('62d629848',9,'4ab9e08e5','5c1d6665a',91368,1657,1654016324,1654016324);
INSERT INTO player_score VALUES('63c4d1b6e',9,'4ab9e08e5','5f0b15559',650,1948,1654041349,1654041349);
INSERT INTO player_score VALUES('639e0af89',9,'4ab9e08e5','60a0c1de1',2886,1742,1654037283,1654037283);
INSERT INTO player_score VALUES('6387cb26d',9,'4abbbc9dc','1afd6fee9',18460,1871,1654034950,1654034950);
INSERT INTO player_score VALUES('4dd8b6806',9,'4abbbc9dc','1c59b5a77',18720,1614,1653452877,1653452877);
INSERT INTO player_score VALUES('61ed0476f',9,'4abbbc9dc','48c916d1e',183150,1802,1653991877,1653991877);
INSERT INTO player_score VALUES('5e4fcd01e',9,'4abbbc9dc','56c97205b',284800,1819,1653894861,1653894861);
INSERT INTO player_score VALUES('634439cc8',9,'4abbbc9dc','5c1d6665a',199584,1756,1654027865,1654027865);
INSERT INTO player_score VALUES('63c4e05e7',9,'4abbbc9dc','5f0b15559',552000,1949,1654041355,1654041355);
INSERT INTO player_score VALUES('63c6d4de9',9,'4abbbc9dc','60a0c1de1',323232,1835,1654041560,1654041560);
INSERT INTO player_score VALUES('63c090db8',9,'4abbbc9dc','62d37def9',425256,1938,1654040903,1654040903);
INSERT INTO player_score VALUES('5efd65e86',9,'4c6c92474','1afd6fee9',180675,1737,1653913064,1653913064);
INSERT INTO player_score VALUES('3cea71bff',9,'4c6c92474','1c59b5a77',186200,1049,1652998396,1652998396);
INSERT INTO player_score VALUES('631e428dd',9,'4c6c92474','48c916d1e',4940,1880,1654023884,1654023884);
INSERT INTO player_score VALUES('5e3575d41',9,'4c6c92474','56c97205b',9408,1788,1653892099,1653892099);
INSERT INTO player_score VALUES('63b487caf',9,'4c6c92474','5f0b15559',144000,1917,1654039641,1654039641);
INSERT INTO player_score VALUES('63405d046',9,'4c6c92474','60a0c1de1',220780,1522,1654027460,1654027460);
INSERT INTO player_score VALUES('63b27393d',9,'4c6c92474','62d37def9',4788,1806,1654039423,1654039423);
INSERT INTO player_score VALUES('61f1df263',9,'4c963cca8','1afd6fee9',64856,1820,1653992386,1653992386);
INSERT INTO player_score VALUES('4db663de1',9,'4c963cca8','1c59b5a77',16512,1612,1653449278,1653449278);
INSERT INTO player_score VALUES('63a685608',9,'4c963cca8','48c916d1e',118524,1914,1654038172,1654038172);
INSERT INTO player_score VALUES('5dd7181c6',9,'4c963cca8','56c97205b',79200,1702,1653882204,1653882204);
INSERT INTO player_score VALUES('63c3240be',9,'4c963cca8','5c1d6665a',284928,1867,1654041173,1654041173);
INSERT INTO player_score VALUES('63c6b78db',9,'4c963cca8','5f0b15559',301760,1951,1654041548,1654041548);
INSERT INTO player_score VALUES('63b733658',9,'4c963cca8','60a0c1de1',252525,1808,1654039921,1654039921);
INSERT INTO player_score VALUES('5d83ca711',9,'4c9677629','1afd6fee9',0,1697,1653873469,1653873469);
INSERT INTO player_score VALUES('4d1c15eac',9,'4c9677629','1c59b5a77',114492,1590,1653433098,1653433098);
INSERT INTO player_score VALUES('617cb405f',9,'4c9677629','48c916d1e',15960,1774,1653980100,1653980100);
INSERT INTO player_score VALUES('5df8a01e1',9,'4c9677629','56c97205b',183150,1736,1653885720,1653885720);
INSERT INTO player_score VALUES('632c38c64',9,'4c9677629','60a0c1de1',59760,1475,1654025348,1654025348);
INSERT INTO player_score VALUES('63388ff38',9,'4e56aa290','1afd6fee9',4896,1856,1654026642,1654026642);
INSERT INTO player_score VALUES('6287770bc',9,'4e56aa290','48c916d1e',65250,1838,1654008072,1654008072);
INSERT INTO player_score VALUES('5de33e763',9,'4e56aa290','56c97205b',162162,1713,1653883478,1653883478);
INSERT INTO player_score VALUES('63c23c193',9,'4e56aa290','5c1d6665a',37620,1864,1654041078,1654041078);
INSERT INTO player_score VALUES('63b223018',9,'4e56aa290','5f0b15559',644,1913,1654039390,1654039390);
INSERT INTO player_score VALUES('6328d134f',9,'4e56aa290','60a0c1de1',0,1461,1654024991,1654024991);
INSERT INTO player_score VALUES('63b083fb1',9,'4e56aa290','62d37def9',392,1793,1654039220,1654039220);
INSERT INTO player_score VALUES('63282b2e8',9,'51a90be64','1afd6fee9',71280,1854,1654024923,1654024923);
INSERT INTO player_score VALUES('6175dffb8',9,'51a90be64','48c916d1e',201852,1772,1653979384,1653979384);
INSERT INTO player_score VALUES('5e1f5aaa9',9,'51a90be64','56c97205b',54516,1775,1653889781,1653889781);
INSERT INTO player_score VALUES('63c4ea250',9,'51a90be64','5c1d6665a',22126,1868,1654041359,1654041359);
INSERT INTO player_score VALUES('63a930f85',9,'51a90be64','5f0b15559',17982,1892,1654038452,1654038452);
INSERT INTO player_score VALUES('63bb6a7f9',9,'51a90be64','60a0c1de1',140624,1821,1654040363,1654040363);
INSERT INTO player_score VALUES('63bb08d5e',9,'51a90be64','62d37def9',81838,1882,1654040323,1654040323);
INSERT INTO player_score VALUES('63089c91c',9,'522ea8035','48c916d1e',15276,1873,1654021614,1654021614);
INSERT INTO player_score VALUES('5e4216405',9,'522ea8035','56c97205b',107730,1804,1653893423,1653893423);
INSERT INTO player_score VALUES('638354962',9,'522ea8035','5c1d6665a',143360,1810,1654034482,1654034482);
INSERT INTO player_score VALUES('63aa5fb5e',9,'522ea8035','60a0c1de1',104652,1782,1654038576,1654038576);
INSERT INTO player_score VALUES('63b969cef',9,'522ea8035','62d37def9',23040,1863,1654040153,1654040153);
INSERT INTO player_score VALUES('60e946569',9,'526861d9b','1afd6fee9',96807,1792,1653964641,1653964641);
INSERT INTO player_score VALUES('63c0a9483',9,'526861d9b','48c916d1e',856219,1922,1654040913,1654040913);
INSERT INTO player_score VALUES('5e2e11bd4',9,'526861d9b','56c97205b',104280,1784,1653891324,1653891324);
INSERT INTO player_score VALUES('62b52f267',9,'526861d9b','5c1d6665a',19044,1618,1654012866,1654012866);
INSERT INTO player_score VALUES('63bf7a881',9,'526861d9b','5f0b15559',6300,1933,1654040789,1654040789);
INSERT INTO player_score VALUES('63b753257',9,'526861d9b','60a0c1de1',4032,1809,1654039934,1654039934);
INSERT INTO player_score VALUES('63c535d59',9,'526861d9b','62d37def9',357696,1985,1654041390,1654041390);
INSERT INTO player_score VALUES('6243de5cf',9,'5367fc677','1afd6fee9',16878,1832,1654000984,1654000984);
INSERT INTO player_score VALUES('6186ab4f2',9,'5367fc677','48c916d1e',27608,1779,1653981145,1653981145);
INSERT INTO player_score VALUES('5db956ed6',9,'5367fc677','56c97205b',8976,1677,1653879084,1653879084);
INSERT INTO player_score VALUES('637044373',9,'5367fc677','5c1d6665a',62496,1794,1654032483,1654032483);
INSERT INTO player_score VALUES('63bd839b5',9,'5367fc677','5f0b15559',185640,1930,1654040583,1654040583);
INSERT INTO player_score VALUES('63b18e13d',9,'5367fc677','60a0c1de1',4998,1801,1654039329,1654039329);
INSERT INTO player_score VALUES('63be64389',9,'5367fc677','62d37def9',424536,1918,1654040675,1654040675);
INSERT INTO player_score VALUES('5c4068cc7',9,'55232fdfa','1afd6fee9',17380,1660,1653839560,1653839560);
INSERT INTO player_score VALUES('639bf6bca',9,'55232fdfa','48c916d1e',370175,1910,1654037065,1654037065);
INSERT INTO player_score VALUES('5cfa7b104',9,'55232fdfa','56c97205b',0,1494,1653859071,1653859071);
INSERT INTO player_score VALUES('63799f398',9,'55232fdfa','5c1d6665a',251370,1803,1654033464,1654033464);
INSERT INTO player_score VALUES('634d70306',9,'55232fdfa','5f0b15559',37120,1749,1654028831,1654028831);
INSERT INTO player_score VALUES('63c622a37',9,'55232fdfa','60a0c1de1',0,1833,1654041487,1654041487);
INSERT INTO player_score VALUES('63c3db21a',9,'55232fdfa','62d37def9',31248,1963,1654041248,1654041248);
INSERT INTO player_score VALUES('61c6d7878',9,'569c58a01','48c916d1e',300762,1791,1653987874,1653987874);
INSERT INTO player_score VALUES('5cc91bec3',9,'569c58a01','56c97205b',26112,1452,1653853894,1653853894);
INSERT INTO player_score VALUES('630861f82',9,'569c58a01','5c1d6665a',265980,1705,1654021590,1654021590);
INSERT INTO player_score VALUES('63c147f73',9,'569c58a01','5f0b15559',115413,1941,1654040978,1654040978);
INSERT INTO player_score VALUES('63b10cb02',9,'569c58a01','60a0c1de1',115456,1800,1654039276,1654039276);
INSERT INTO player_score VALUES('63c312ef8',9,'569c58a01','62d37def9',59780,1957,1654041166,1654041166);
INSERT INTO player_score VALUES('630907fa9',9,'56e339270','1afd6fee9',66240,1849,1654021658,1654021658);
INSERT INTO player_score VALUES('6007a2a5a',9,'56e339270','48c916d1e',48048,1684,1653940981,1653940981);
INSERT INTO player_score VALUES('5e6f32199',9,'56e339270','56c97205b',98280,1837,1653898153,1653898153);
INSERT INTO player_score VALUES('6397961f4',9,'56e339270','5c1d6665a',311832,1825,1654036606,1654036606);
INSERT INTO player_score VALUES('63b0691ca',9,'56e339270','5f0b15559',11375,1909,1654039209,1654039209);
INSERT INTO player_score VALUES('63ae1f2d2',9,'56e339270','60a0c1de1',68224,1793,1654038969,1654038969);
INSERT INTO player_score VALUES('63c402357',9,'56e339270','62d37def9',59904,1966,1654041264,1654041264);
INSERT INTO player_score VALUES('612aa62a0',9,'575249c3a','1afd6fee9',31025,1801,1653971496,1653971496);
INSERT INTO player_score VALUES('5e4018012',9,'575249c3a','56c97205b',1496,1799,1653893214,1653893214);
INSERT INTO player_score VALUES('632c31771',9,'575249c3a','5c1d6665a',14076,1733,1654025345,1654025345);
INSERT INTO player_score VALUES('6398a5223',9,'575249c3a','5f0b15559',73160,1874,1654036717,1654036717);
INSERT INTO player_score VALUES('63bba51a5',9,'575249c3a','60a0c1de1',50688,1822,1654040387,1654040387);
INSERT INTO player_score VALUES('63b2193ea',9,'575249c3a','62d37def9',101706,1801,1654039386,1654039386);
INSERT INTO player_score VALUES('62fc567c5',9,'586a50c8d','1afd6fee9',151200,1846,1654020327,1654020327);
INSERT INTO player_score VALUES('636dbd3f2',9,'586a50c8d','48c916d1e',16896,1900,1654032218,1654032218);
INSERT INTO player_score VALUES('5cebba366',9,'586a50c8d','56c97205b',68816,1482,1653857524,1653857524);
INSERT INTO player_score VALUES('63a62b08d',9,'586a50c8d','5c1d6665a',8190,1839,1654038135,1654038135);
INSERT INTO player_score VALUES('63aebddc4',9,'586a50c8d','5f0b15559',12555,1906,1654039034,1654039034);
INSERT INTO player_score VALUES('63ba5b7d5',9,'586a50c8d','60a0c1de1',27140,1820,1654040252,1654040252);
INSERT INTO player_score VALUES('63c4971f7',9,'586a50c8d','62d37def9',43680,1973,1654041325,1654041325);
INSERT INTO player_score VALUES('5f293a9d2',9,'5a7ad2a06','1afd6fee9',253980,1741,1653917660,1653917660);
INSERT INTO player_score VALUES('637c60cce',9,'5a7ad2a06','48c916d1e',463125,1903,1654033753,1654033753);
INSERT INTO player_score VALUES('5dc02afb8',9,'5a7ad2a06','56c97205b',152076,1683,1653879800,1653879800);
INSERT INTO player_score VALUES('63961bb57',9,'5a7ad2a06','5c1d6665a',0,1824,1654036451,1654036451);
INSERT INTO player_score VALUES('63b71fdb1',9,'5a7ad2a06','5f0b15559',261648,1923,1654039913,1654039913);
INSERT INTO player_score VALUES('63aee00c5',9,'5a7ad2a06','62d37def9',328640,1782,1654039048,1654039048);
INSERT INTO player_score VALUES('604da2973',9,'5a98df829','48c916d1e',290160,1699,1653948321,1653948321);
INSERT INTO player_score VALUES('5e1de51e1',9,'5a98df829','56c97205b',81090,1774,1653889628,1653889628);
INSERT INTO player_score VALUES('63a8c7fb6',9,'5a98df829','5c1d6665a',20358,1842,1654038409,1654038409);
INSERT INTO player_score VALUES('63ad2626b',9,'5a98df829','5f0b15559',305368,1901,1654038867,1654038867);
INSERT INTO player_score VALUES('6395c1632',9,'5a98df829','60a0c1de1',43168,1718,1654036414,1654036414);
INSERT INTO player_score VALUES('63c653784',9,'5a98df829','62d37def9',72980,1993,1654041507,1654041507);
INSERT INTO player_score VALUES('5d922250f',9,'5d42941ad','1afd6fee9',110880,1699,1653874973,1653874973);
INSERT INTO player_score VALUES('63b624655',9,'5d42941ad','48c916d1e',49096,1920,1654039810,1654039810);
INSERT INTO player_score VALUES('5e4c03c0f',9,'5d42941ad','56c97205b',1020,1815,1653894464,1653894464);
INSERT INTO player_score VALUES('626613ac4',9,'5d42941ad','5c1d6665a',63360,1536,1654004571,1654004571);
INSERT INTO player_score VALUES('62f6c4b4f',9,'5d42941ad','5f0b15559',589248,1614,1654019743,1654019743);
INSERT INTO player_score VALUES('63909143b',9,'5d42941ad','60a0c1de1',64900,1696,1654035870,1654035870);
INSERT INTO player_score VALUES('63bb06685',9,'5d42941ad','62d37def9',14850,1881,1654040322,1654040322);
INSERT INTO player_score VALUES('63430630a',9,'5d4736a0c','1afd6fee9',306000,1858,1654027739,1654027739);
INSERT INTO player_score VALUES('63b3f5513',9,'5d4736a0c','48c916d1e',411720,1918,1654039581,1654039581);
INSERT INTO player_score VALUES('5e52629ef',9,'5d4736a0c','56c97205b',12600,1821,1653895132,1653895132);
INSERT INTO player_score VALUES('632f0b6e6',9,'5d4736a0c','5c1d6665a',279461,1736,1654025644,1654025644);
INSERT INTO player_score VALUES('63c3a08ed',9,'5d4736a0c','5f0b15559',90880,1947,1654041224,1654041224);
INSERT INTO player_score VALUES('6394e0c65',9,'5d4736a0c','60a0c1de1',92664,1713,1654036322,1654036322);
INSERT INTO player_score VALUES('63c1590f9',9,'5d4736a0c','62d37def9',51888,1944,1654040985,1654040985);
INSERT INTO player_score VALUES('61134d9b1',9,'5e0c6c76c','1afd6fee9',28623,1798,1653969048,1653969048);
INSERT INTO player_score VALUES('5dee81c51',9,'5e0c6c76c','56c97205b',304640,1724,1653884659,1653884659);
INSERT INTO player_score VALUES('631eb7bf4',9,'5e0c6c76c','5c1d6665a',210000,1720,1654023932,1654023932);
INSERT INTO player_score VALUES('636257c32',9,'5e0c6c76c','5f0b15559',282576,1788,1654031023,1654031023);
INSERT INTO player_score VALUES('63c6f9794',9,'5e0c6c76c','62d37def9',5568,1999,1654041575,1654041575);
INSERT INTO player_score VALUES('636b7d0f3',9,'5f8a6b015','1afd6fee9',236640,1863,1654031982,1654031982);
INSERT INTO player_score VALUES('6373b0abd',9,'5f8a6b015','48c916d1e',76752,1901,1654032842,1654032842);
INSERT INTO player_score VALUES('63a5cbd66',9,'5f8a6b015','5c1d6665a',430920,1836,1654038096,1654038096);
INSERT INTO player_score VALUES('63c0c6927',9,'5f8a6b015','5f0b15559',1716,1940,1654040925,1654040925);
INSERT INTO player_score VALUES('638ca844c',9,'5f8a6b015','60a0c1de1',29920,1686,1654035460,1654035460);
INSERT INTO player_score VALUES('63bcf874c',9,'5f8a6b015','62d37def9',110,1902,1654040526,1654040526);
INSERT INTO player_score VALUES('63aabeed1',9,'60133b672','1afd6fee9',362208,1876,1654038615,1654038615);
INSERT INTO player_score VALUES('5e500ee94',9,'60133b672','48c916d1e',0,1548,1653894888,1653894888);
INSERT INTO player_score VALUES('62fab01f0',9,'60133b672','5c1d6665a',87912,1691,1654020154,1654020154);
INSERT INTO player_score VALUES('6397ac187',9,'60133b672','5f0b15559',473760,1869,1654036615,1654036615);
INSERT INTO player_score VALUES('63a660c42',9,'60133b672','60a0c1de1',16600,1772,1654038157,1654038157);
INSERT INTO player_score VALUES('63c4b6ddb',9,'60133b672','62d37def9',463680,1976,1654041338,1654041338);
INSERT INTO player_score VALUES('611bf3f63',9,'611e27ec3','1afd6fee9',50250,1800,1653969955,1653969955);
INSERT INTO player_score VALUES('63578c14e',9,'611e27ec3','48c916d1e',37224,1890,1654029891,1654029891);
INSERT INTO player_score VALUES('63781d7c8',9,'611e27ec3','5c1d6665a',511875,1802,1654033306,1654033306);
INSERT INTO player_score VALUES('635cef7c2',9,'611e27ec3','5f0b15559',300510,1782,1654030456,1654030456);
INSERT INTO player_score VALUES('63a72dd48',9,'611e27ec3','60a0c1de1',11760,1773,1654038241,1654038241);
INSERT INTO player_score VALUES('63c5272ba',9,'611e27ec3','62d37def9',6000,1983,1654041384,1654041384);
INSERT INTO player_score VALUES('62247e207',9,'636c7886f','48c916d1e',252735,1819,1653997694,1653997694);
INSERT INTO player_score VALUES('637efb4f6',9,'636c7886f','5c1d6665a',34749,1807,1654034026,1654034026);
INSERT INTO player_score VALUES('6346a1068',9,'636c7886f','5f0b15559',115500,1743,1654028117,1654028117);
INSERT INTO player_score VALUES('63af9728b',9,'636c7886f','60a0c1de1',3444,1796,1654039123,1654039123);
INSERT INTO player_score VALUES('63c4c3162',9,'636c7886f','62d37def9',162792,1978,1654041343,1654041343);
INSERT INTO player_score VALUES('445572c2f',9,'656ecc5d','1c59b5a77',16400,1302,1653197521,1653197521);
INSERT INTO player_score VALUES('3c84f44f7',9,'656ecc5d','2b3b0c10d',70080,1193,1652987754,1652987754);
INSERT INTO player_score VALUES('600723b35',9,'656ecc5d','48c916d1e',21373,1683,1653940929,1653940929);
INSERT INTO player_score VALUES('5e0904df6',9,'656ecc5d','56c97205b',236070,1758,1653887439,1653887439);
INSERT INTO player_score VALUES('63a3ba09b',9,'656ecc5d','60a0c1de1',19992,1763,1654037879,1654037879);
INSERT INTO player_score VALUES('63c128389',9,'656ecc5d','62d37def9',349200,1943,1654040965,1654040965);
INSERT INTO player_score VALUES('58479ef0f',9,'65f476db','1afd6fee9',1452,1568,1653732942,1653732942);
INSERT INTO player_score VALUES('3b1d35921',9,'65f476db','2b3b0c10d',60384,1093,1652950032,1652950032);
INSERT INTO player_score VALUES('637691f9c',9,'65f476db','48c916d1e',605150,1902,1654033144,1654033144);
INSERT INTO player_score VALUES('5e148a1d4',9,'65f476db','56c97205b',285956,1768,1653888647,1653888647);
INSERT INTO player_score VALUES('637ee070c',9,'65f476db','5c1d6665a',2068,1806,1654034015,1654034015);
INSERT INTO player_score VALUES('639804000',9,'65f476db','5f0b15559',62050,1872,1654036651,1654036651);
INSERT INTO player_score VALUES('63a9b7422',9,'65f476db','60a0c1de1',8360,1780,1654038507,1654038507);
INSERT INTO player_score VALUES('63c2e7017',9,'65f476db','62d37def9',83898,1955,1654041148,1654041148);
INSERT INTO player_score VALUES('5fbfc91c1',9,'77af582a','1afd6fee9',81872,1756,1653933447,1653933447);
INSERT INTO player_score VALUES('4c962bb3a',9,'77af582a','1c59b5a77',70070,1564,1653419056,1653419056);
INSERT INTO player_score VALUES('3c63eb46d',9,'77af582a','2b3b0c10d',120120,1178,1652984290,1652984290);
INSERT INTO player_score VALUES('62f3f20a7',9,'77af582a','48c916d1e',221676,1867,1654019447,1654019447);
INSERT INTO player_score VALUES('5e5a3e593',9,'77af582a','56c97205b',35112,1823,1653895956,1653895956);
INSERT INTO player_score VALUES('63c29dc16',9,'77af582a','5c1d6665a',0,1865,1654041118,1654041118);
INSERT INTO player_score VALUES('6375c4e61',9,'77af582a','5f0b15559',4656,1821,1654033060,1654033060);
INSERT INTO player_score VALUES('6389802c2',9,'77af582a','60a0c1de1',31104,1682,1654035129,1654035129);
INSERT INTO player_score VALUES('6376e4fbd',9,'7af66cb3','1afd6fee9',1944,1867,1654033178,1654033178);
INSERT INTO player_score VALUES('46419518d',9,'7af66cb3','1c59b5a77',420732,1360,1653249125,1653249125);
INSERT INTO player_score VALUES('3ce20d512',9,'7af66cb3','2b3b0c10d',269724,1218,1652997516,1652997516);
INSERT INTO player_score VALUES('5d525f146',9,'7af66cb3','56c97205b',74760,1582,1653868287,1653868287);
INSERT INTO player_score VALUES('63a95cea0',9,'7af66cb3','5c1d6665a',83496,1843,1654038470,1654038470);
INSERT INTO player_score VALUES('6374fcb4e',9,'7af66cb3','5f0b15559',145600,1818,1654032978,1654032978);
INSERT INTO player_score VALUES('63b8b2b02',9,'7af66cb3','60a0c1de1',29376,1815,1654040078,1654040078);
INSERT INTO player_score VALUES('63c468bb8',9,'7af66cb3','62d37def9',157441,1970,1654041306,1654041306);
INSERT INTO player_score VALUES('60241f25a',9,'83b2e7ac','1afd6fee9',132288,1768,1653943968,1653943968);
INSERT INTO player_score VALUES('4a111d69d',9,'83b2e7ac','1c59b5a77',538935,1482,1653351417,1653351417);
INSERT INTO player_score VALUES('3bf7e3060',9,'83b2e7ac','2b3b0c10d',468,1154,1652972962,1652972962);
INSERT INTO player_score VALUES('5bc1ec6bf',9,'83b2e7ac','48c916d1e',6192,1368,1653826297,1653826297);
INSERT INTO player_score VALUES('5e142fc42',9,'83b2e7ac','56c97205b',10350,1767,1653888610,1653888610);
INSERT INTO player_score VALUES('635882add',9,'83b2e7ac','5c1d6665a',227480,1771,1654029992,1654029992);
INSERT INTO player_score VALUES('633ad772a',9,'83b2e7ac','5f0b15559',23400,1724,1654026881,1654026881);
INSERT INTO player_score VALUES('63a4a6dcb',9,'83b2e7ac','60a0c1de1',485030,1770,1654037976,1654037976);
INSERT INTO player_score VALUES('63bbb14b5',9,'83b2e7ac','62d37def9',106764,1890,1654040392,1654040392);
INSERT INTO player_score VALUES('47f0e903b',9,'8da1a163','1c59b5a77',71552,1410,1653294353,1653294353);
INSERT INTO player_score VALUES('3cf7408dd',9,'8da1a163','2b3b0c10d',7695,1229,1652999739,1652999739);
INSERT INTO player_score VALUES('6364cda29',9,'8da1a163','48c916d1e',288600,1895,1654031281,1654031281);
INSERT INTO player_score VALUES('5e45d5bda',9,'8da1a163','56c97205b',48384,1808,1653893816,1653893816);
INSERT INTO player_score VALUES('635da1b2b',9,'8da1a163','5c1d6665a',68040,1779,1654030529,1654030529);
INSERT INTO player_score VALUES('63beb254e',9,'8da1a163','5f0b15559',40296,1931,1654040707,1654040707);
INSERT INTO player_score VALUES('6386e5ac7',9,'8da1a163','60a0c1de1',109824,1676,1654034856,1654034856);
INSERT INTO player_score VALUES('63c708238',9,'8da1a163','62d37def9',78078,2000,1654041581,1654041581);
INSERT INTO player_score VALUES('638a0dc8d',9,'95ea9a08','1afd6fee9',166056,1872,1654035187,1654035187);
INSERT INTO player_score VALUES('49cc42797',9,'95ea9a08','1c59b5a77',377982,1475,1653344197,1653344197);
INSERT INTO player_score VALUES('3b8a12371',9,'95ea9a08','2b3b0c10d',89466,1123,1652961447,1652961447);
INSERT INTO player_score VALUES('61567870f',9,'95ea9a08','48c916d1e',143956,1760,1653976091,1653976091);
INSERT INTO player_score VALUES('5e1936633',9,'95ea9a08','56c97205b',3240,1772,1653889137,1653889137);
INSERT INTO player_score VALUES('630057dfa',9,'95ea9a08','5c1d6665a',18720,1697,1654020747,1654020747);
INSERT INTO player_score VALUES('63ac2ab1c',9,'95ea9a08','5f0b15559',451350,1899,1654038764,1654038764);
INSERT INTO player_score VALUES('63becfa10',9,'95ea9a08','60a0c1de1',196196,1824,1654040719,1654040719);
INSERT INTO player_score VALUES('63c19d664',9,'95ea9a08','62d37def9',69120,1945,1654041013,1654041013);
INSERT INTO player_score VALUES('6323a5f64',9,'cd4ebf42','1afd6fee9',4370,1853,1654024449,1654024449);
INSERT INTO player_score VALUES('4ca1e90f2',9,'cd4ebf42','1c59b5a77',386568,1565,1653420287,1653420287);
INSERT INTO player_score VALUES('3cd850a4a',9,'cd4ebf42','2b3b0c10d',372287,1212,1652996495,1652996495);
INSERT INTO player_score VALUES('63a935d8a',9,'cd4ebf42','5f0b15559',18408,1893,1654038454,1654038454);
INSERT INTO player_score VALUES('637f95192',9,'cd4ebf42','60a0c1de1',114848,1662,1654034089,1654034089);
INSERT INTO player_score VALUES('63a97f177',9,'cd4ebf42','62d37def9',68040,1746,1654038484,1654038484);
INSERT INTO player_score VALUES('636aa15a3',9,'d0c102a7','1afd6fee9',8624,1862,1654031892,1654031892);
INSERT INTO player_score VALUES('46efa3310',9,'d0c102a7','1c59b5a77',703120,1390,1653267376,1653267376);
INSERT INTO player_score VALUES('3cd1b4bb1',9,'d0c102a7','2b3b0c10d',89148,1210,1652995802,1652995802);
INSERT INTO player_score VALUES('634c06e12',9,'d0c102a7','48c916d1e',687323,1888,1654028683,1654028683);
INSERT INTO player_score VALUES('5e44e4083',9,'d0c102a7','56c97205b',273600,1805,1653893717,1653893717);
INSERT INTO player_score VALUES('63a48721b',9,'d0c102a7','5c1d6665a',386904,1835,1654037963,1654037963);
INSERT INTO player_score VALUES('63378d291',9,'d0c102a7','5f0b15559',46872,1719,1654026536,1654026536);
INSERT INTO player_score VALUES('639ea9a7f',9,'d0c102a7','60a0c1de1',127092,1748,1654037348,1654037348);
INSERT INTO player_score VALUES('63bea892f',9,'d0c102a7','62d37def9',184110,1921,1654040703,1654040703);
INSERT INTO player_score VALUES('605aae6e6',9,'dc404718','1afd6fee9',90090,1773,1653949689,1653949689);
INSERT INTO player_score VALUES('4c48723f9',9,'dc404718','1c59b5a77',0,1553,1653410906,1653410906);
INSERT INTO player_score VALUES('3c322ce33',9,'dc404718','2b3b0c10d',9000,1169,1652979074,1652979074);
INSERT INTO player_score VALUES('630877f3e',9,'dc404718','48c916d1e',14256,1872,1654021599,1654021599);
INSERT INTO player_score VALUES('5ddf09d07',9,'dc404718','56c97205b',273240,1710,1653883037,1653883037);
INSERT INTO player_score VALUES('639c9a4d5',9,'dc404718','5c1d6665a',15272,1829,1654037132,1654037132);
INSERT INTO player_score VALUES('628660b75',9,'dc404718','5f0b15559',23142,1442,1654007958,1654007958);
INSERT INTO player_score VALUES('634750cf1',9,'dc404718','60a0c1de1',6804,1539,1654028189,1654028189);
COMMIT;
