
BEGIN;
CREATE TABLE IF NOT EXISTS competition (
  id VARCHAR(255) NOT NULL PRIMARY KEY,
  tenant_id BIGINT NOT NULL,
  title TEXT NOT NULL,
  finished_at BIGINT NULL,
  created_at BIGINT NOT NULL,
  updated_at BIGINT NOT NULL
);
INSERT INTO competition VALUES('2aeab81b3',90,'恵比寿ちゃん',1652868169,1652515241,1652868169);
INSERT INTO competition VALUES('3035f0235',90,'ビストロたんぽぽ屋さん #3',NULL,1652657346,1652700011);
INSERT INTO competition VALUES('3500867cb',90,'コクプリン杯',1653440283,1652785963,1653440283);
INSERT INTO competition VALUES('37d918278',90,'天才二子玉川勢カップ',NULL,1652862359,1653790694);
INSERT INTO competition VALUES('4b2f882fe',90,'たべられるラガー乃風 vol.1',NULL,1653381450,1653814085);
INSERT INTO competition VALUES('4bdfb444f',90,'藤沢タウン #8',1653657399,1653399923,1653657399);
INSERT INTO competition VALUES('52ee2290e',90,'自由が丘します',NULL,1653589341,1653596836);
CREATE TABLE IF NOT EXISTS player (
  id VARCHAR(255) NOT NULL PRIMARY KEY,
  tenant_id BIGINT NOT NULL,
  display_name TEXT NOT NULL,
  is_disqualified BOOLEAN NOT NULL,
  created_at BIGINT NOT NULL,
  updated_at BIGINT NOT NULL
);
INSERT INTO player VALUES('24eb158c7',90,'Elouise D"Amore',0,1652354218,1653373707);
INSERT INTO player VALUES('28598faf5',90,'Madalyn Ferry',1,1652446333,1653790330);
INSERT INTO player VALUES('2a299c105',90,'Mr. Arch Wuckert Jr.',0,1652494992,1653218044);
INSERT INTO player VALUES('2ac0ae669',90,'Ms. Clarabelle Thompson',0,1652510833,1653879503);
INSERT INTO player VALUES('2dcfb9634',90,'Mr. Mikel Kuvalis MD',0,1652592941,1654010168);
INSERT INTO player VALUES('2e391d5bc',90,'Mr. Karl Beatty I',0,1652603992,1653058356);
INSERT INTO player VALUES('2f336f624',90,'Ms. Kelli O"Conner',0,1652630240,1652954358);
INSERT INTO player VALUES('2faf33f55',90,'Ms. Burnice Parisian',0,1652643218,1653336425);
INSERT INTO player VALUES('30f34f25e',90,'Kenny Zulauf',0,1652677203,1653897728);
INSERT INTO player VALUES('330267a93',90,'Mr. Juwan Rosenbaum',0,1652732473,1653143814);
INSERT INTO player VALUES('33e8dc3e3',90,'Telly Durgan',0,1652756638,1653377708);
INSERT INTO player VALUES('34abd1ee9',90,'Adrain Schimmel',0,1652777081,1652814860);
INSERT INTO player VALUES('3572f4ecf',90,'Breanna Block',0,1652797962,1652805643);
INSERT INTO player VALUES('35798e60c',90,'Mr. Preston Cruickshank V',0,1652798654,1652812050);
INSERT INTO player VALUES('365e728f1',90,'Queenie Kautzer',0,1652822655,1653443105);
INSERT INTO player VALUES('370a8e9e6',90,'Reyna Luettgen I',0,1652840702,1653698811);
INSERT INTO player VALUES('3855c237b',90,'Geo O"Hara',0,1652875431,1653850767);
INSERT INTO player VALUES('3885c4423',90,'Mr. Tanner Kulas',0,1652880465,1653968934);
INSERT INTO player VALUES('3b0950cc0',90,'Ramona Daniel',0,1652947946,1654008148);
INSERT INTO player VALUES('3b5c13527',90,'Madalyn Mills DDS',1,1652956624,1653078446);
INSERT INTO player VALUES('3c6a4a228',90,'Harvey Kuhn',0,1652984958,1653665931);
INSERT INTO player VALUES('3c82f87ab',90,'Brennon Schimmel',0,1652987546,1653828673);
INSERT INTO player VALUES('3cc3335ae',90,'Antonio Carroll Sr.',0,1652994281,1653154096);
INSERT INTO player VALUES('3d429efec',90,'Dorothea Torphy',0,1653007642,1653837158);
INSERT INTO player VALUES('3e215ee76',90,'Felicita Fadel',0,1653030999,1653987526);
INSERT INTO player VALUES('3e9f88448',90,'Mr. Cleo Bruen',0,1653044228,1653428422);
INSERT INTO player VALUES('40fe40196',90,'Etha Yost',0,1653107847,1653626307);
INSERT INTO player VALUES('424092c2c',90,'Serena Runolfsdottir',0,1653141645,1653852079);
INSERT INTO player VALUES('42edc03cb',90,'Christine Torp I',0,1653159804,1653982312);
INSERT INTO player VALUES('43d56fc37',90,'Heloise Renner',0,1653184098,1653349505);
INSERT INTO player VALUES('455358539',90,'Ms. Ressie Cruickshank',0,1653224144,1654033935);
INSERT INTO player VALUES('45bdba383',90,'Mr. Weldon Bradtke',0,1653235299,1653871333);
INSERT INTO player VALUES('49e936974',90,'Margie Hilpert',0,1653347233,1653663069);
INSERT INTO player VALUES('4a4469bed',90,'Mr. Efren Corwin III',0,1653356796,1653489941);
INSERT INTO player VALUES('4cbd1e66a',90,'Godfrey Terry',0,1653423140,1653860456);
INSERT INTO player VALUES('4f1b7e582',90,'Kali Hackett',0,1653486723,1653932499);
INSERT INTO player VALUES('4fce894ca',90,'Mr. Roger Adams',0,1653505497,1653630002);
INSERT INTO player VALUES('507f0fbb9',90,'Brenna Barton Jr.',0,1653524007,1653573391);
INSERT INTO player VALUES('50e52bdae',90,'Theresia DuBuque',0,1653534714,1653591446);
INSERT INTO player VALUES('514a082ba',90,'Kenneth Gulgowski Sr.',0,1653545290,1653561988);
INSERT INTO player VALUES('51aa5a615',90,'Ms. Destiny Will V',0,1653555390,1653691393);
INSERT INTO player VALUES('51ae5bc48',90,'Janis Kassulke',1,1653555810,1653957430);
INSERT INTO player VALUES('52c5a6cb9',90,'Eliane Brekke',0,1653585096,1653787453);
INSERT INTO player VALUES('552ed4d6c',90,'Ms. Ella Purdy',0,1653649812,1653822474);
INSERT INTO player VALUES('55cd96f15',90,'Zachariah Hettinger DVM',0,1653666459,1653695045);
INSERT INTO player VALUES('55e4cd515',90,'Naomi Bartoletti IV',0,1653668893,1653773486);
INSERT INTO player VALUES('5744a41b8',90,'Ms. Greta Tremblay',0,1653705786,1653708992);
INSERT INTO player VALUES('57cf111d8',90,'Kimberly Cummerata',0,1653720301,1653752932);
INSERT INTO player VALUES('58969d1e2',90,'Eusebio Wehner',0,1653741225,1654018133);
INSERT INTO player VALUES('5994c7077',90,'Mr. Stanford Dare I',0,1653767876,1653784058);
INSERT INTO player VALUES('5994d33e9',90,'Ms. Yasmin Schultz III',0,1653767881,1653947855);
INSERT INTO player VALUES('5a07e05d3',90,'Sasha Gibson',0,1653779945,1653897055);
INSERT INTO player VALUES('5a096e51b',90,'Riley Renner PhD',0,1653780108,1653884282);
INSERT INTO player VALUES('5a828e998',90,'Humberto Balistreri',0,1653792809,1653935074);
INSERT INTO player VALUES('5bc9ecc5e',90,'Alden O"Kon',0,1653827136,1653897254);
INSERT INTO player VALUES('5c197fdb8',90,'Ms. Janae Larson',0,1653835480,1653985942);
INSERT INTO player VALUES('5d251c27b',90,'Amos Beahan',0,1653863541,1653890005);
INSERT INTO player VALUES('5f3dc088c',90,'Elisha O"Keefe DVM',0,1653919812,1654031652);
INSERT INTO player VALUES('6056970f3',90,'Jamar Streich',0,1653949260,1653968082);
INSERT INTO player VALUES('60763ba50',90,'Mr. Howell Lowe V',0,1653952578,1654002239);
INSERT INTO player VALUES('61095654a',90,'Miracle Nolan',0,1653968003,1653991636);
INSERT INTO player VALUES('6227337dd',90,'Jaida Bode MD',0,1653997978,1654024020);
INSERT INTO player VALUES('62ac88cd9',90,'Johnpaul Klocko',1,1654011959,1654022454);
CREATE TABLE IF NOT EXISTS IF NOT EXISTS "player_score" (
                              id VARCHAR(255) NOT NULL PRIMARY KEY,
                              tenant_id BIGINT NOT NULL,
                              player_id VARCHAR(255) NOT NULL,
                              competition_id VARCHAR(255) NOT NULL,
                              score BIGINT NOT NULL,
                              row_num BIGINT NOT NULL,
                              created_at BIGINT NOT NULL,
                              updated_at BIGINT NOT NULL
);
INSERT INTO player_score VALUES('36fd0d99f',90,'24eb158c7','2aeab81b3',289140,257,1652839286,1652839286);
INSERT INTO player_score VALUES('608e948ba',90,'24eb158c7','3035f0235',141360,1095,1653955131,1653955131);
INSERT INTO player_score VALUES('49cc95786',90,'24eb158c7','3500867cb',3542,454,1653344231,1653344231);
INSERT INTO player_score VALUES('5e944b2b6',90,'24eb158c7','37d918278',111860,955,1653902043,1653902043);
INSERT INTO player_score VALUES('62d54b5dd',90,'24eb158c7','4b2f882fe',471750,1267,1654016233,1654016233);
INSERT INTO player_score VALUES('554ba6c48',90,'24eb158c7','4bdfb444f',0,856,1653652834,1653652834);
INSERT INTO player_score VALUES('634da3774',90,'24eb158c7','52ee2290e',39600,1183,1654028852,1654028852);
INSERT INTO player_score VALUES('371f4f215',90,'28598faf5','2aeab81b3',11825,260,1652842878,1652842878);
INSERT INTO player_score VALUES('6258c5ea5',90,'28598faf5','3035f0235',114208,1131,1654003176,1654003176);
INSERT INTO player_score VALUES('62bed0f50',90,'28598faf5','37d918278',275200,1041,1654013876,1654013876);
INSERT INTO player_score VALUES('63097abe5',90,'28598faf5','4b2f882fe',0,1278,1654021705,1654021705);
INSERT INTO player_score VALUES('54a8cadd6',90,'28598faf5','4bdfb444f',50400,794,1653635757,1653635757);
INSERT INTO player_score VALUES('62ebb98d1',90,'28598faf5','52ee2290e',41385,1158,1654018585,1654018585);
INSERT INTO player_score VALUES('38060330c',90,'2a299c105','2aeab81b3',17784,278,1652867069,1652867069);
INSERT INTO player_score VALUES('5e683220c',90,'2a299c105','3035f0235',29120,1033,1653897419,1653897419);
INSERT INTO player_score VALUES('4ce0911d3',90,'2a299c105','3500867cb',11070,528,1653426857,1653426857);
INSERT INTO player_score VALUES('62f957dea',90,'2a299c105','37d918278',33768,1049,1654020013,1654020013);
INSERT INTO player_score VALUES('6289b9aad',90,'2a299c105','4b2f882fe',0,1249,1654008309,1654008309);
INSERT INTO player_score VALUES('54b819560',90,'2a299c105','4bdfb444f',71712,797,1653637362,1653637362);
INSERT INTO player_score VALUES('635747b98',90,'2a299c105','52ee2290e',136170,1188,1654029863,1654029863);
INSERT INTO player_score VALUES('373ef3b57',90,'2ac0ae669','2aeab81b3',13912,263,1652846196,1652846196);
INSERT INTO player_score VALUES('5eb2580f5',90,'2ac0ae669','3035f0235',98496,1041,1653905194,1653905194);
INSERT INTO player_score VALUES('4b94a8d84',90,'2ac0ae669','3500867cb',59800,494,1653392054,1653392054);
INSERT INTO player_score VALUES('62f883772',90,'2ac0ae669','37d918278',213840,1048,1654019926,1654019926);
INSERT INTO player_score VALUES('6254bfa87',90,'2ac0ae669','4b2f882fe',21808,1235,1654002754,1654002754);
INSERT INTO player_score VALUES('551b6543b',90,'2ac0ae669','4bdfb444f',202279,834,1653647774,1653647774);
INSERT INTO player_score VALUES('6295e7527',90,'2ac0ae669','52ee2290e',621,1142,1654009586,1654009586);
INSERT INTO player_score VALUES('37881bbb2',90,'2dcfb9634','2aeab81b3',97295,270,1652853867,1652853867);
INSERT INTO player_score VALUES('63abb30ec',90,'2dcfb9634','3035f0235',6370,1160,1654038715,1654038715);
INSERT INTO player_score VALUES('4bd2de23a',90,'2dcfb9634','3500867cb',67963,500,1653398577,1653398577);
INSERT INTO player_score VALUES('622daac4a',90,'2dcfb9634','37d918278',114000,1029,1653998656,1653998656);
INSERT INTO player_score VALUES('5511b9abc',90,'2dcfb9634','4bdfb444f',0,830,1653646760,1653646760);
INSERT INTO player_score VALUES('62436e0ed',90,'2dcfb9634','52ee2290e',57564,1121,1654000938,1654000938);
INSERT INTO player_score VALUES('36f3c88f4',90,'2e391d5bc','2aeab81b3',14904,256,1652838314,1652838314);
INSERT INTO player_score VALUES('627b07737',90,'2e391d5bc','3035f0235',8448,1134,1654006768,1654006768);
INSERT INTO player_score VALUES('4d293a30b',90,'2e391d5bc','3500867cb',46746,538,1653434476,1653434476);
INSERT INTO player_score VALUES('638d4216c',90,'2e391d5bc','4b2f882fe',75600,1309,1654035523,1654035523);
INSERT INTO player_score VALUES('5412a7d46',90,'2e391d5bc','4bdfb444f',163540,738,1653620014,1653620014);
INSERT INTO player_score VALUES('60098af07',90,'2e391d5bc','52ee2290e',2904,966,1653941181,1653941181);
INSERT INTO player_score VALUES('37a5606de',90,'2f336f624','2aeab81b3',318384,272,1652856936,1652856936);
INSERT INTO player_score VALUES('602ab8956',90,'2f336f624','3035f0235',9657,1082,1653944660,1653944660);
INSERT INTO player_score VALUES('630d5c632',90,'2f336f624','37d918278',318750,1051,1654022112,1654022112);
INSERT INTO player_score VALUES('62dd7ef6e',90,'2f336f624','4b2f882fe',110334,1272,1654017093,1654017093);
INSERT INTO player_score VALUES('553638ec6',90,'2f336f624','4bdfb444f',546,847,1653650587,1653650587);
INSERT INTO player_score VALUES('37ab78793',90,'2faf33f55','2aeab81b3',12393,273,1652857575,1652857575);
INSERT INTO player_score VALUES('638b28fa0',90,'2faf33f55','3035f0235',1833,1155,1654035303,1654035303);
INSERT INTO player_score VALUES('4ce062b93',90,'2faf33f55','3500867cb',264000,527,1653426838,1653426838);
INSERT INTO player_score VALUES('63936dacb',90,'2faf33f55','4b2f882fe',192000,1311,1654036170,1654036170);
INSERT INTO player_score VALUES('54fadb2de',90,'2faf33f55','4bdfb444f',40950,818,1653644362,1653644362);
INSERT INTO player_score VALUES('63832d847',90,'2faf33f55','52ee2290e',66297,1199,1654034466,1654034466);
INSERT INTO player_score VALUES('37726e6d1',90,'30f34f25e','2aeab81b3',236964,268,1652851594,1652851594);
INSERT INTO player_score VALUES('63852203f',90,'30f34f25e','3035f0235',101592,1154,1654034671,1654034671);
INSERT INTO player_score VALUES('620798aba',90,'30f34f25e','37d918278',195520,1025,1653994664,1653994664);
INSERT INTO player_score VALUES('6341b5427',90,'30f34f25e','4b2f882fe',868,1292,1654027601,1654027601);
INSERT INTO player_score VALUES('555eb994d',90,'30f34f25e','4bdfb444f',23375,863,1653654834,1653654834);
INSERT INTO player_score VALUES('61e36516d',90,'30f34f25e','52ee2290e',136,1078,1653990868,1653990868);
INSERT INTO player_score VALUES('630eafc0d',90,'330267a93','3035f0235',445480,1146,1654022251,1654022251);
INSERT INTO player_score VALUES('4d25d02b7',90,'330267a93','3500867cb',75313,537,1653434118,1653434118);
INSERT INTO player_score VALUES('5c3bf717c',90,'330267a93','37d918278',14280,891,1653839094,1653839094);
INSERT INTO player_score VALUES('627ed5956',90,'330267a93','4b2f882fe',12312,1247,1654007167,1654007167);
INSERT INTO player_score VALUES('553bde3e8',90,'330267a93','4bdfb444f',62422,850,1653651179,1653651179);
INSERT INTO player_score VALUES('62ec0a203',90,'330267a93','52ee2290e',18095,1159,1654018618,1654018618);
INSERT INTO player_score VALUES('37d6876ff',90,'33e8dc3e3','2aeab81b3',338724,276,1652862090,1652862090);
INSERT INTO player_score VALUES('638f257af',90,'33e8dc3e3','3035f0235',37044,1156,1654035721,1654035721);
INSERT INTO player_score VALUES('4c3b9e8b0',90,'33e8dc3e3','3500867cb',514865,509,1653409561,1653409561);
INSERT INTO player_score VALUES('63a89c0e1',90,'33e8dc3e3','37d918278',102600,1060,1654038391,1654038391);
INSERT INTO player_score VALUES('62cf41f24',90,'33e8dc3e3','4b2f882fe',38012,1264,1654015600,1654015600);
INSERT INTO player_score VALUES('55440cfb5',90,'33e8dc3e3','4bdfb444f',498400,854,1653652037,1653652037);
INSERT INTO player_score VALUES('634b52333',90,'33e8dc3e3','52ee2290e',228960,1182,1654028609,1654028609);
INSERT INTO player_score VALUES('37bd8fd19',90,'34abd1ee9','2aeab81b3',102564,275,1652859472,1652859472);
INSERT INTO player_score VALUES('62ae87086',90,'34abd1ee9','3035f0235',28704,1137,1654012168,1654012168);
INSERT INTO player_score VALUES('4c965ef6b',90,'34abd1ee9','3500867cb',454656,519,1653419077,1653419077);
INSERT INTO player_score VALUES('60c75f23f',90,'34abd1ee9','37d918278',49350,999,1653961086,1653961086);
INSERT INTO player_score VALUES('613e61739',90,'34abd1ee9','4b2f882fe',14592,1165,1653973565,1653973565);
INSERT INTO player_score VALUES('54d6dae15',90,'34abd1ee9','4bdfb444f',627,808,1653640587,1653640587);
INSERT INTO player_score VALUES('63b216ceb',90,'34abd1ee9','52ee2290e',17600,1203,1654039385,1654039385);
INSERT INTO player_score VALUES('3803d8fb3',90,'3572f4ecf','2aeab81b3',809088,277,1652866842,1652866842);
INSERT INTO player_score VALUES('4cbfcc70a',90,'3572f4ecf','3500867cb',26000,522,1653423421,1653423421);
INSERT INTO player_score VALUES('62a0ba557',90,'3572f4ecf','37d918278',11400,1038,1654010721,1654010721);
INSERT INTO player_score VALUES('63615eb9e',90,'3572f4ecf','4b2f882fe',78246,1300,1654030921,1654030921);
INSERT INTO player_score VALUES('556d0a22a',90,'3572f4ecf','4bdfb444f',17640,869,1653656335,1653656335);
INSERT INTO player_score VALUES('632778f58',90,'3572f4ecf','52ee2290e',61852,1177,1654024850,1654024850);
INSERT INTO player_score VALUES('5eb23ac1d',90,'35798e60c','3035f0235',307152,1040,1653905182,1653905182);
INSERT INTO player_score VALUES('4c5b71840',90,'35798e60c','3500867cb',55488,511,1653412898,1653412898);
INSERT INTO player_score VALUES('601e83945',90,'35798e60c','37d918278',58140,989,1653943380,1653943380);
INSERT INTO player_score VALUES('63265dbe4',90,'35798e60c','4b2f882fe',255192,1284,1654024734,1654024734);
INSERT INTO player_score VALUES('54ab5e0e9',90,'35798e60c','4bdfb444f',26082,795,1653636027,1653636027);
INSERT INTO player_score VALUES('61d159f33',90,'35798e60c','52ee2290e',8360,1074,1653988976,1653988976);
INSERT INTO player_score VALUES('6348fc11a',90,'365e728f1','3035f0235',179211,1149,1654028364,1654028364);
INSERT INTO player_score VALUES('4c99a1edc',90,'365e728f1','3500867cb',23760,520,1653419419,1653419419);
INSERT INTO player_score VALUES('63c39bada',90,'365e728f1','4b2f882fe',20945,1318,1654041222,1654041222);
INSERT INTO player_score VALUES('555fbc61c',90,'365e728f1','4bdfb444f',7371,864,1653654940,1653654940);
INSERT INTO player_score VALUES('376497f0b',90,'370a8e9e6','2aeab81b3',22800,267,1652850143,1652850143);
INSERT INTO player_score VALUES('639020f3d',90,'370a8e9e6','3035f0235',556010,1157,1654035824,1654035824);
INSERT INTO player_score VALUES('4c7103f91',90,'370a8e9e6','3500867cb',23180,515,1653415160,1653415160);
INSERT INTO player_score VALUES('5f0627217',90,'370a8e9e6','37d918278',5950,965,1653913982,1653913982);
INSERT INTO player_score VALUES('62b806ae3',90,'370a8e9e6','4b2f882fe',308,1260,1654013164,1654013164);
INSERT INTO player_score VALUES('554ff8bac',90,'370a8e9e6','4bdfb444f',318240,858,1653653287,1653653287);
INSERT INTO player_score VALUES('636a385f4',90,'370a8e9e6','52ee2290e',124080,1194,1654031849,1654031849);
INSERT INTO player_score VALUES('5fde30518',90,'3855c237b','3035f0235',126684,1070,1653936635,1653936635);
INSERT INTO player_score VALUES('4d192115b',90,'3855c237b','3500867cb',251160,535,1653432788,1653432788);
INSERT INTO player_score VALUES('61917487e',90,'3855c237b','37d918278',28158,1017,1653982276,1653982276);
INSERT INTO player_score VALUES('634baefc5',90,'3855c237b','4b2f882fe',4560,1296,1654028647,1654028647);
INSERT INTO player_score VALUES('5517c584a',90,'3855c237b','4bdfb444f',212058,833,1653647394,1653647394);
INSERT INTO player_score VALUES('636226ee0',90,'3855c237b','52ee2290e',138415,1191,1654031003,1654031003);
INSERT INTO player_score VALUES('6047acb4d',90,'3885c4423','3035f0235',394240,1083,1653947696,1653947696);
INSERT INTO player_score VALUES('607c8217e',90,'3885c4423','4b2f882fe',11000,1127,1653953236,1653953236);
INSERT INTO player_score VALUES('54e4aa071',90,'3885c4423','4bdfb444f',71280,810,1653642035,1653642035);
INSERT INTO player_score VALUES('6340fbbae',90,'3885c4423','52ee2290e',386384,1179,1654027525,1654027525);
INSERT INTO player_score VALUES('621261e7a',90,'3b0950cc0','3035f0235',353780,1125,1653995795,1653995795);
INSERT INTO player_score VALUES('4c1e9e3d5',90,'3b0950cc0','3500867cb',8550,504,1653406520,1653406520);
INSERT INTO player_score VALUES('62d417c10',90,'3b0950cc0','4b2f882fe',225008,1266,1654016107,1654016107);
INSERT INTO player_score VALUES('5562ebced',90,'3b0950cc0','4bdfb444f',125400,866,1653655274,1653655274);
INSERT INTO player_score VALUES('6217ace43',90,'3b0950cc0','52ee2290e',102638,1103,1653996350,1653996350);
INSERT INTO player_score VALUES('622432733',90,'3b5c13527','3035f0235',60939,1127,1653997663,1653997663);
INSERT INTO player_score VALUES('4cfc8ea58',90,'3b5c13527','3500867cb',202540,533,1653429792,1653429792);
INSERT INTO player_score VALUES('626594b80',90,'3b5c13527','37d918278',437760,1034,1654004519,1654004519);
INSERT INTO player_score VALUES('62e6191c9',90,'3b5c13527','4b2f882fe',194922,1275,1654017995,1654017995);
INSERT INTO player_score VALUES('550ee221a',90,'3b5c13527','4bdfb444f',150920,828,1653646462,1653646462);
INSERT INTO player_score VALUES('6305e4c2d',90,'3b5c13527','52ee2290e',46332,1164,1654021329,1654021329);
INSERT INTO player_score VALUES('5efb282fd',90,'3c6a4a228','3035f0235',89544,1050,1653912829,1653912829);
INSERT INTO player_score VALUES('4d5d20526',90,'3c6a4a228','3500867cb',15738,539,1653439918,1653439918);
INSERT INTO player_score VALUES('63c5cfa4c',90,'3c6a4a228','37d918278',64680,1062,1654041453,1654041453);
INSERT INTO player_score VALUES('630d1ce72',90,'3c6a4a228','4b2f882fe',744,1279,1654022086,1654022086);
INSERT INTO player_score VALUES('5567318fb',90,'3c6a4a228','4bdfb444f',181260,868,1653655722,1653655722);
INSERT INTO player_score VALUES('61fcfdd05',90,'3c6a4a228','52ee2290e',338688,1087,1653993552,1653993552);
INSERT INTO player_score VALUES('4ba0eef0c',90,'3c82f87ab','3500867cb',42294,497,1653393341,1653393341);
INSERT INTO player_score VALUES('634652e81',90,'3c82f87ab','4b2f882fe',0,1294,1654028085,1654028085);
INSERT INTO player_score VALUES('556d13e50',90,'3c82f87ab','4bdfb444f',47232,870,1653656339,1653656339);
INSERT INTO player_score VALUES('63adaedd2',90,'3c82f87ab','52ee2290e',147840,1202,1654038923,1654038923);
INSERT INTO player_score VALUES('60e8ff858',90,'3cc3335ae','3035f0235',24304,1100,1653964612,1653964612);
INSERT INTO player_score VALUES('4cf9dbb5e',90,'3cc3335ae','3500867cb',38584,532,1653429509,1653429509);
INSERT INTO player_score VALUES('61b26c794',90,'3cc3335ae','37d918278',205716,1018,1653985733,1653985733);
INSERT INTO player_score VALUES('634a19b35',90,'3cc3335ae','4b2f882fe',20160,1295,1654028481,1654028481);
INSERT INTO player_score VALUES('5554aeca0',90,'3cc3335ae','4bdfb444f',414640,860,1653653781,1653653781);
INSERT INTO player_score VALUES('5dab34c31',90,'3d429efec','3035f0235',374400,1019,1653877602,1653877602);
INSERT INTO player_score VALUES('4cda6cd6c',90,'3d429efec','3500867cb',294000,526,1653426213,1653426213);
INSERT INTO player_score VALUES('5da7a3aca',90,'3d429efec','37d918278',88400,929,1653877228,1653877228);
INSERT INTO player_score VALUES('63787f22f',90,'3d429efec','4b2f882fe',234000,1305,1654033346,1654033346);
INSERT INTO player_score VALUES('551dbdd7a',90,'3d429efec','4bdfb444f',136482,836,1653648020,1653648020);
INSERT INTO player_score VALUES('6382d333b',90,'3d429efec','52ee2290e',55272,1198,1654034429,1654034429);
INSERT INTO player_score VALUES('62d6d951b',90,'3e215ee76','3035f0235',20592,1141,1654016396,1654016396);
INSERT INTO player_score VALUES('48dcf926b',90,'3e215ee76','3500867cb',191552,437,1653319106,1653319106);
INSERT INTO player_score VALUES('62a494a9d',90,'3e215ee76','37d918278',205800,1040,1654011125,1654011125);
INSERT INTO player_score VALUES('63349370f',90,'3e215ee76','4b2f882fe',92950,1286,1654026224,1654026224);
INSERT INTO player_score VALUES('5551117f4',90,'3e215ee76','4bdfb444f',129228,859,1653653402,1653653402);
INSERT INTO player_score VALUES('6349f7852',90,'3e215ee76','52ee2290e',0,1181,1654028467,1654028467);
INSERT INTO player_score VALUES('629c24025',90,'3e9f88448','3035f0235',58765,1136,1654010240,1654010240);
INSERT INTO player_score VALUES('4cf25a548',90,'3e9f88448','3500867cb',87040,531,1653428722,1653428722);
INSERT INTO player_score VALUES('63592d902',90,'3e9f88448','37d918278',143208,1056,1654030062,1654030062);
INSERT INTO player_score VALUES('633ca751b',90,'3e9f88448','4b2f882fe',76798,1289,1654027071,1654027071);
INSERT INTO player_score VALUES('55614cc49',90,'3e9f88448','4bdfb444f',0,865,1653655104,1653655104);
INSERT INTO player_score VALUES('63767bff4',90,'3e9f88448','52ee2290e',319200,1196,1654033135,1654033135);
INSERT INTO player_score VALUES('606ffc878',90,'40fe40196','3035f0235',682560,1090,1653951923,1653951923);
INSERT INTO player_score VALUES('4c687fcc6',90,'40fe40196','3500867cb',30240,513,1653414267,1653414267);
INSERT INTO player_score VALUES('6214e18a4',90,'40fe40196','37d918278',46552,1027,1653996057,1653996057);
INSERT INTO player_score VALUES('626b5c3ad',90,'40fe40196','4b2f882fe',791350,1243,1654005125,1654005125);
INSERT INTO player_score VALUES('552443c0b',90,'40fe40196','4bdfb444f',64320,839,1653648704,1653648704);
INSERT INTO player_score VALUES('63baf5507',90,'40fe40196','52ee2290e',8700,1205,1654040315,1654040315);
INSERT INTO player_score VALUES('5990de0ed',90,'424092c2c','3035f0235',10500,926,1653767466,1653767466);
INSERT INTO player_score VALUES('4aa08c2e7',90,'424092c2c','3500867cb',38556,473,1653366457,1653366457);
INSERT INTO player_score VALUES('6228252f4',90,'424092c2c','37d918278',349600,1028,1653998077,1653998077);
INSERT INTO player_score VALUES('62d8848c9',90,'424092c2c','4b2f882fe',114708,1268,1654016571,1654016571);
INSERT INTO player_score VALUES('622c1f40d',90,'424092c2c','52ee2290e',226800,1112,1653998494,1653998494);
INSERT INTO player_score VALUES('5c286f1a6',90,'42edc03cb','3035f0235',3640,988,1653837046,1653837046);
INSERT INTO player_score VALUES('5f3588076',90,'42edc03cb','4b2f882fe',110880,1064,1653918950,1653918950);
INSERT INTO player_score VALUES('54752438e',90,'42edc03cb','4bdfb444f',522900,775,1653630341,1653630341);
INSERT INTO player_score VALUES('6351f7dab',90,'42edc03cb','52ee2290e',52668,1185,1654029306,1654029306);
INSERT INTO player_score VALUES('6242be473',90,'43d56fc37','3035f0235',7840,1129,1654000866,1654000866);
INSERT INTO player_score VALUES('4cca3405c',90,'43d56fc37','3500867cb',83968,524,1653424512,1653424512);
INSERT INTO player_score VALUES('6233cf043',90,'43d56fc37','37d918278',84788,1031,1653999300,1653999300);
INSERT INTO player_score VALUES('63bda5cb1',90,'43d56fc37','4b2f882fe',472140,1316,1654040597,1654040597);
INSERT INTO player_score VALUES('546b2f61b',90,'43d56fc37','4bdfb444f',403374,772,1653629297,1653629297);
INSERT INTO player_score VALUES('61a364cde',90,'43d56fc37','52ee2290e',3192,1060,1653984157,1653984157);
INSERT INTO player_score VALUES('63a5f0747',90,'455358539','3035f0235',120120,1158,1654038111,1654038111);
INSERT INTO player_score VALUES('6319ce696',90,'455358539','37d918278',286416,1053,1654023417,1654023417);
INSERT INTO player_score VALUES('637e1aafb',90,'455358539','4b2f882fe',33534,1307,1654033934,1654033934);
INSERT INTO player_score VALUES('556ed520c',90,'455358539','4bdfb444f',22080,871,1653656523,1653656523);
INSERT INTO player_score VALUES('62868a3b9',90,'455358539','52ee2290e',0,1137,1654007975,1654007975);
INSERT INTO player_score VALUES('60250bf52',90,'45bdba383','3035f0235',883500,1081,1653944065,1653944065);
INSERT INTO player_score VALUES('4d25a4394',90,'45bdba383','3500867cb',3120,536,1653434100,1653434100);
INSERT INTO player_score VALUES('5f980954b',90,'45bdba383','37d918278',104192,974,1653929279,1653929279);
INSERT INTO player_score VALUES('60cb25efd',90,'45bdba383','4b2f882fe',24990,1143,1653961482,1653961482);
INSERT INTO player_score VALUES('62d5f3ce9',90,'45bdba383','52ee2290e',60711,1154,1654016302,1654016302);
INSERT INTO player_score VALUES('61581027e',90,'49e936974','3035f0235',8928,1112,1653976258,1653976258);
INSERT INTO player_score VALUES('4c891d69e',90,'49e936974','3500867cb',121086,517,1653417687,1653417687);
INSERT INTO player_score VALUES('600ae59d5',90,'49e936974','37d918278',200640,986,1653941323,1653941323);
INSERT INTO player_score VALUES('63958459c',90,'49e936974','4b2f882fe',110044,1312,1654036389,1654036389);
INSERT INTO player_score VALUES('550c404dd',90,'49e936974','4bdfb444f',160863,827,1653646186,1653646186);
INSERT INTO player_score VALUES('62ca785a7',90,'4a4469bed','3035f0235',73008,1140,1654015098,1654015098);
INSERT INTO player_score VALUES('4c5249c6d',90,'4a4469bed','3500867cb',446706,510,1653411938,1653411938);
INSERT INTO player_score VALUES('554fca566',90,'4a4469bed','4bdfb444f',188496,857,1653653268,1653653268);
INSERT INTO player_score VALUES('633447c6a',90,'4a4469bed','52ee2290e',1504,1178,1654026193,1654026193);
INSERT INTO player_score VALUES('60ce3f61f',90,'4cbd1e66a','3035f0235',64610,1098,1653961807,1653961807);
INSERT INTO player_score VALUES('4c22713c7',90,'4cbd1e66a','3500867cb',561744,506,1653406921,1653406921);
INSERT INTO player_score VALUES('63a427e8a',90,'4cbd1e66a','37d918278',174406,1059,1654037924,1654037924);
INSERT INTO player_score VALUES('63aedd9c6',90,'4cbd1e66a','4b2f882fe',14060,1314,1654039047,1654039047);
INSERT INTO player_score VALUES('55425cd49',90,'4cbd1e66a','4bdfb444f',83520,852,1653651860,1653651860);
INSERT INTO player_score VALUES('620272505',90,'4cbd1e66a','52ee2290e',172569,1091,1653994124,1653994124);
INSERT INTO player_score VALUES('5fbb32c6f',90,'4f1b7e582','3035f0235',189543,1067,1653932966,1653932966);
INSERT INTO player_score VALUES('6247b63f2',90,'4f1b7e582','4b2f882fe',71280,1231,1654001387,1654001387);
INSERT INTO player_score VALUES('631def8f5',90,'4f1b7e582','52ee2290e',157638,1174,1654023850,1654023850);
INSERT INTO player_score VALUES('62bc7d43a',90,'4fce894ca','3035f0235',6336,1139,1654013632,1654013632);
INSERT INTO player_score VALUES('5f9ce8e18',90,'4fce894ca','37d918278',501735,975,1653929790,1653929790);
INSERT INTO player_score VALUES('61c8482b1',90,'4fce894ca','4b2f882fe',3477,1195,1653988025,1653988025);
INSERT INTO player_score VALUES('550a55924',90,'4fce894ca','4bdfb444f',87808,825,1653645985,1653645985);
INSERT INTO player_score VALUES('621f862b1',90,'4fce894ca','52ee2290e',55902,1106,1653997173,1653997173);
INSERT INTO player_score VALUES('610231bad',90,'507f0fbb9','3035f0235',308560,1104,1653967254,1653967254);
INSERT INTO player_score VALUES('631d81b10',90,'507f0fbb9','37d918278',68263,1054,1654023805,1654023805);
INSERT INTO player_score VALUES('635cc1185',90,'507f0fbb9','4b2f882fe',45760,1299,1654030437,1654030437);
INSERT INTO player_score VALUES('54e85117e',90,'507f0fbb9','4bdfb444f',21252,812,1653642418,1653642418);
INSERT INTO player_score VALUES('613d686a7',90,'507f0fbb9','52ee2290e',276640,1037,1653973463,1653973463);
INSERT INTO player_score VALUES('5d27e77b7',90,'50e52bdae','3035f0235',110262,1010,1653863834,1653863834);
INSERT INTO player_score VALUES('62124e5fd',90,'50e52bdae','37d918278',650760,1026,1653995787,1653995787);
INSERT INTO player_score VALUES('625f1b010',90,'50e52bdae','4b2f882fe',54080,1239,1654003840,1654003840);
INSERT INTO player_score VALUES('556594f5c',90,'50e52bdae','4bdfb444f',45100,867,1653655553,1653655553);
INSERT INTO player_score VALUES('62de5841a',90,'50e52bdae','52ee2290e',77952,1155,1654017182,1654017182);
INSERT INTO player_score VALUES('63a637435',90,'514a082ba','3035f0235',134640,1159,1654038140,1654038140);
INSERT INTO player_score VALUES('5e9119517',90,'514a082ba','37d918278',201474,954,1653901708,1653901708);
INSERT INTO player_score VALUES('634588463',90,'514a082ba','4b2f882fe',171667,1293,1654028002,1654028002);
INSERT INTO player_score VALUES('553e960cc',90,'514a082ba','4bdfb444f',166518,851,1653651464,1653651464);
INSERT INTO player_score VALUES('6373eb444',90,'51aa5a615','3035f0235',132182,1151,1654032866,1654032866);
INSERT INTO player_score VALUES('62e005f31',90,'51aa5a615','37d918278',38130,1045,1654017358,1654017358);
INSERT INTO player_score VALUES('636717974',90,'51aa5a615','4b2f882fe',270840,1302,1654031521,1654031521);
INSERT INTO player_score VALUES('550b1400d',90,'51aa5a615','4bdfb444f',49610,826,1653646063,1653646063);
INSERT INTO player_score VALUES('6183ca00e',90,'51aa5a615','52ee2290e',118320,1054,1653980843,1653980843);
INSERT INTO player_score VALUES('63b615c35',90,'51ae5bc48','3035f0235',440730,1161,1654039804,1654039804);
INSERT INTO player_score VALUES('6319bd52c',90,'51ae5bc48','4b2f882fe',16482,1281,1654023410,1654023410);
INSERT INTO player_score VALUES('5555a7cd6',90,'51ae5bc48','4bdfb444f',3132,861,1653653883,1653653883);
INSERT INTO player_score VALUES('638f7880f',90,'51ae5bc48','52ee2290e',418470,1200,1654035755,1654035755);
INSERT INTO player_score VALUES('62f104870',90,'52c5a6cb9','3035f0235',392832,1142,1654019140,1654019140);
INSERT INTO player_score VALUES('63adbb164',90,'52c5a6cb9','37d918278',348812,1061,1654038928,1654038928);
INSERT INTO player_score VALUES('60f3279fb',90,'52c5a6cb9','4b2f882fe',309396,1150,1653965677,1653965677);
INSERT INTO player_score VALUES('6249f3fb4',90,'52c5a6cb9','52ee2290e',92708,1123,1654001622,1654001622);
INSERT INTO player_score VALUES('62bb313b1',90,'552ed4d6c','3035f0235',116424,1138,1654013496,1654013496);
INSERT INTO player_score VALUES('600e06679',90,'552ed4d6c','37d918278',67620,987,1653941651,1653941651);
INSERT INTO player_score VALUES('62eeba97d',90,'552ed4d6c','4b2f882fe',65520,1277,1654018900,1654018900);
INSERT INTO player_score VALUES('541cc1452',90,'552ed4d6c','4bdfb444f',16800,740,1653621073,1653621073);
INSERT INTO player_score VALUES('621b45483',90,'552ed4d6c','52ee2290e',175500,1105,1653996727,1653996727);
INSERT INTO player_score VALUES('5d28ea462',90,'55cd96f15','3035f0235',386745,1011,1653863940,1653863940);
INSERT INTO player_score VALUES('638b093fc',90,'55cd96f15','37d918278',412566,1057,1654035290,1654035290);
INSERT INTO player_score VALUES('61f4836a3',90,'55cd96f15','4b2f882fe',3393,1208,1653992663,1653992663);
INSERT INTO player_score VALUES('63acfca3a',90,'55cd96f15','52ee2290e',61560,1201,1654038850,1654038850);
INSERT INTO player_score VALUES('618d201f5',90,'55e4cd515','3035f0235',39886,1115,1653981822,1653981822);
INSERT INTO player_score VALUES('629de7a9c',90,'55e4cd515','37d918278',255816,1037,1654010425,1654010425);
INSERT INTO player_score VALUES('63af4deb6',90,'55e4cd515','4b2f882fe',10336,1315,1654039093,1654039093);
INSERT INTO player_score VALUES('62c2eac43',90,'55e4cd515','52ee2290e',138460,1150,1654014306,1654014306);
INSERT INTO player_score VALUES('632213206',90,'5744a41b8','3035f0235',147436,1148,1654024284,1654024284);
INSERT INTO player_score VALUES('62040525b',90,'5744a41b8','37d918278',139320,1024,1653994289,1653994289);
INSERT INTO player_score VALUES('63a623b99',90,'5744a41b8','4b2f882fe',120681,1313,1654038132,1654038132);
INSERT INTO player_score VALUES('6143e7035',90,'5744a41b8','52ee2290e',162400,1041,1653974144,1653974144);
INSERT INTO player_score VALUES('6318f2b49',90,'57cf111d8','3035f0235',500337,1147,1654023327,1654023327);
INSERT INTO player_score VALUES('61b9f04dc',90,'57cf111d8','37d918278',401016,1021,1653986521,1653986521);
INSERT INTO player_score VALUES('633ea0af8',90,'57cf111d8','4b2f882fe',198152,1291,1654027278,1654027278);
INSERT INTO player_score VALUES('5fdb209dd',90,'57cf111d8','52ee2290e',0,955,1653936314,1653936314);
INSERT INTO player_score VALUES('60e0a4d90',90,'58969d1e2','3035f0235',211554,1099,1653963736,1653963736);
INSERT INTO player_score VALUES('61b6ef441',90,'58969d1e2','37d918278',222870,1020,1653986206,1653986206);
INSERT INTO player_score VALUES('6364204cd',90,'58969d1e2','4b2f882fe',162945,1301,1654031210,1654031210);
INSERT INTO player_score VALUES('62eda443d',90,'58969d1e2','52ee2290e',107970,1160,1654018786,1654018786);
INSERT INTO player_score VALUES('630cf36ae',90,'5994c7077','37d918278',24600,1050,1654022069,1654022069);
INSERT INTO player_score VALUES('638ebc80c',90,'5994c7077','4b2f882fe',42228,1310,1654035678,1654035678);
INSERT INTO player_score VALUES('63b26eaea',90,'5994c7077','52ee2290e',164164,1204,1654039421,1654039421);
INSERT INTO player_score VALUES('626ee116b',90,'5994d33e9','3035f0235',149937,1133,1654005494,1654005494);
INSERT INTO player_score VALUES('5de1451d7',90,'5994d33e9','37d918278',31860,939,1653883271,1653883271);
INSERT INTO player_score VALUES('628a9cb58',90,'5994d33e9','4b2f882fe',14965,1250,1654008402,1654008402);
INSERT INTO player_score VALUES('62cd06a8b',90,'5a07e05d3','37d918278',578754,1042,1654015366,1654015366);
INSERT INTO player_score VALUES('62dc997d6',90,'5a07e05d3','4b2f882fe',23520,1271,1654016999,1654016999);
INSERT INTO player_score VALUES('62a851ae9',90,'5a07e05d3','52ee2290e',55800,1145,1654011517,1654011517);
INSERT INTO player_score VALUES('5e32b1d79',90,'5a096e51b','37d918278',48800,948,1653891809,1653891809);
INSERT INTO player_score VALUES('6282e32bc',90,'5a096e51b','4b2f882fe',66044,1248,1654007592,1654007592);
INSERT INTO player_score VALUES('6353a31e9',90,'5a096e51b','52ee2290e',50925,1186,1654029481,1654029481);
INSERT INTO player_score VALUES('637fb747e',90,'5a828e998','3035f0235',9639,1153,1654034103,1654034103);
INSERT INTO player_score VALUES('60fb4f07a',90,'5a828e998','37d918278',113632,1003,1653966532,1653966532);
INSERT INTO player_score VALUES('622dd6b68',90,'5a828e998','4b2f882fe',54096,1223,1653998674,1653998674);
INSERT INTO player_score VALUES('616612901',90,'5a828e998','52ee2290e',50540,1048,1653977727,1653977727);
INSERT INTO player_score VALUES('63c171758',90,'5bc9ecc5e','3035f0235',324324,1162,1654040995,1654040995);
INSERT INTO player_score VALUES('62d08b89e',90,'5bc9ecc5e','37d918278',272412,1043,1654015735,1654015735);
INSERT INTO player_score VALUES('636d36f41',90,'5bc9ecc5e','52ee2290e',16185,1195,1654032163,1654032163);
INSERT INTO player_score VALUES('611e0aa44',90,'5c197fdb8','37d918278',60480,1005,1653970174,1653970174);
INSERT INTO player_score VALUES('6249358c4',90,'5c197fdb8','4b2f882fe',508200,1233,1654001544,1654001544);
INSERT INTO player_score VALUES('61af1388c',90,'5c197fdb8','52ee2290e',38540,1065,1653985382,1653985382);
INSERT INTO player_score VALUES('606c1fc10',90,'5d251c27b','3035f0235',119196,1089,1653951518,1653951518);
INSERT INTO player_score VALUES('5cc6cf8b4',90,'5d251c27b','37d918278',13912,904,1653853653,1653853653);
INSERT INTO player_score VALUES('63778b043',90,'5d251c27b','4b2f882fe',394800,1303,1654033246,1654033246);
INSERT INTO player_score VALUES('630870a11',90,'5d251c27b','52ee2290e',45584,1166,1654021596,1654021596);
INSERT INTO player_score VALUES('6211be53f',90,'5f3dc088c','3035f0235',63580,1124,1653995728,1653995728);
INSERT INTO player_score VALUES('5b94c1ebd',90,'5f3dc088c','37d918278',655914,871,1653821561,1653821561);
INSERT INTO player_score VALUES('6377fdbf6',90,'5f3dc088c','4b2f882fe',40590,1304,1654033293,1654033293);
INSERT INTO player_score VALUES('624213609',90,'5f3dc088c','52ee2290e',46440,1120,1654000796,1654000796);
INSERT INTO player_score VALUES('63553d41d',90,'6056970f3','3035f0235',418320,1150,1654029649,1654029649);
INSERT INTO player_score VALUES('625360186',90,'6056970f3','37d918278',104328,1033,1654002610,1654002610);
INSERT INTO player_score VALUES('63c0fc46c',90,'6056970f3','4b2f882fe',101178,1317,1654040947,1654040947);
INSERT INTO player_score VALUES('631019155',90,'6056970f3','52ee2290e',0,1169,1654022399,1654022399);
INSERT INTO player_score VALUES('61c1a7658',90,'60763ba50','3035f0235',115320,1120,1653987330,1653987330);
INSERT INTO player_score VALUES('5bb0da4f3',90,'60763ba50','37d918278',79560,874,1653824507,1653824507);
INSERT INTO player_score VALUES('638919a24',90,'60763ba50','4b2f882fe',176960,1308,1654035087,1654035087);
INSERT INTO player_score VALUES('62927d515',90,'60763ba50','52ee2290e',23040,1140,1654009228,1654009228);
INSERT INTO player_score VALUES('59cc65501',90,'61095654a','3035f0235',86814,933,1653773708,1653773708);
INSERT INTO player_score VALUES('638b13047',90,'61095654a','37d918278',770,1058,1654035294,1654035294);
INSERT INTO player_score VALUES('61789a3ad',90,'61095654a','4b2f882fe',8250,1178,1653979670,1653979670);
INSERT INTO player_score VALUES('63465caea',90,'61095654a','52ee2290e',637065,1180,1654028089,1654028089);
INSERT INTO player_score VALUES('630bb6049',90,'6227337dd','3035f0235',19584,1145,1654021939,1654021939);
INSERT INTO player_score VALUES('6182a9ea8',90,'6227337dd','37d918278',349440,1015,1653980725,1653980725);
INSERT INTO player_score VALUES('627217d7f',90,'6227337dd','52ee2290e',127452,1131,1654005831,1654005831);
INSERT INTO player_score VALUES('5fe56603c',90,'62ac88cd9','3035f0235',174174,1072,1653937391,1653937391);
INSERT INTO player_score VALUES('5dca53145',90,'62ac88cd9','37d918278',69750,937,1653880865,1653880865);
INSERT INTO player_score VALUES('61b6975d2',90,'62ac88cd9','4b2f882fe',96750,1189,1653986170,1653986170);
INSERT INTO player_score VALUES('6350dca89',90,'62ac88cd9','52ee2290e',54747,1184,1654029190,1654029190);
COMMIT;
