
BEGIN;
CREATE TABLE IF NOT EXISTS competition (
  id VARCHAR(255) NOT NULL PRIMARY KEY,
  tenant_id BIGINT NOT NULL,
  title TEXT NOT NULL,
  finished_at BIGINT NULL,
  created_at BIGINT NOT NULL,
  updated_at BIGINT NOT NULL
);
INSERT INTO competition VALUES('3a50a7d96',95,'MC品川部 vol.9',NULL,1652928583,1652985057);
INSERT INTO competition VALUES('47c5b08f4',95,'第1回 スターフルーツのプロ',NULL,1653289821,1653987638);
INSERT INTO competition VALUES('51495112a',95,'ココナッツ計画カップ',1653583734,1653545215,1653583734);
CREATE TABLE IF NOT EXISTS player (
  id VARCHAR(255) NOT NULL PRIMARY KEY,
  tenant_id BIGINT NOT NULL,
  display_name TEXT NOT NULL,
  is_disqualified BOOLEAN NOT NULL,
  created_at BIGINT NOT NULL,
  updated_at BIGINT NOT NULL
);
INSERT INTO player VALUES('268409eff',95,'Agnes Braun',0,1652397100,1653935020);
INSERT INTO player VALUES('2699e32f9',95,'Tristin Ferry',1,1652399391,1653884616);
INSERT INTO player VALUES('26ff435ab',95,'Kurtis Schmidt',0,1652410021,1653064946);
INSERT INTO player VALUES('28d79e33c',95,'Ms. Alia Green IV',0,1652459551,1653054667);
INSERT INTO player VALUES('295e7059e',95,'Ayla Kub',0,1652473688,1652548843);
INSERT INTO player VALUES('2a2e9dd2f',95,'Ludie Kreiger',0,1652495517,1653203225);
INSERT INTO player VALUES('2ac1e4721',95,'Carleton Kunde',0,1652510960,1653076572);
INSERT INTO player VALUES('2ac845be7',95,'Ms. Anabelle Veum II',0,1652511629,1653482672);
INSERT INTO player VALUES('2b376c55d',95,'Mr. Cleo Brekke MD',1,1652523284,1652651264);
INSERT INTO player VALUES('2bbdff052',95,'Kelsi Turner',0,1652537395,1652727745);
INSERT INTO player VALUES('2c3a8bcb0',95,'Jane Osinski PhD',0,1652550455,1653805795);
INSERT INTO player VALUES('2c924d994',95,'Jana Rogahn II',0,1652559657,1653328285);
INSERT INTO player VALUES('2d7479fd8',95,'Jerrold O"Reilly',0,1652583373,1653135152);
INSERT INTO player VALUES('2ddda0f22',95,'Llewellyn Casper',0,1652594399,1653491857);
INSERT INTO player VALUES('2ebfd719c',95,'Zion Veum',0,1652618119,1653544814);
INSERT INTO player VALUES('30e238233',95,'Karolann West',0,1652675411,1653591632);
INSERT INTO player VALUES('3122f6d87',95,'Mable Kunze',0,1652682200,1652699442);
INSERT INTO player VALUES('31d048faa',95,'Duncan Romaguera III',0,1652700374,1653863356);
INSERT INTO player VALUES('31fcde8cf',95,'Ms. Mckayla Crona III',0,1652705049,1653060490);
INSERT INTO player VALUES('324a7d25e',95,'Jamir Hudson',0,1652713188,1652971971);
INSERT INTO player VALUES('325b17a31',95,'Ms. Kaylee Greenholt',1,1652714929,1653151843);
INSERT INTO player VALUES('3283761e5',95,'Tiara Ritchie',0,1652719162,1653579721);
INSERT INTO player VALUES('32997b523',95,'Dayton Bradtke',0,1652721471,1653104461);
INSERT INTO player VALUES('32a8ac79c',95,'Ms. Ayana Barrows',0,1652723064,1653460154);
INSERT INTO player VALUES('33f206744',95,'Jamie Pollich',0,1652757599,1653432918);
INSERT INTO player VALUES('34ccb174e',95,'Americo Legros',0,1652780528,1653831273);
INSERT INTO player VALUES('35635d3c7',95,'Keith Kozey',0,1652796327,1653632669);
INSERT INTO player VALUES('357d4688f',95,'Mr. Enrique Parker',0,1652799044,1653701787);
INSERT INTO player VALUES('3635e344c',95,'Ebony Olson',0,1652818402,1653824417);
INSERT INTO player VALUES('365e75031',95,'Nora Morar',1,1652822656,1653484306);
INSERT INTO player VALUES('371c4ba65',95,'Rosa Senger',1,1652842562,1653657181);
INSERT INTO player VALUES('3767b8bb2',95,'Toy Toy',0,1652850471,1654015801);
INSERT INTO player VALUES('379c58668',95,'Nannie Dickens I',1,1652855989,1653728094);
INSERT INTO player VALUES('3861d50ed',95,'Aryanna Carroll',0,1652876697,1653235862);
INSERT INTO player VALUES('38818abc4',95,'Ms. Juliet Heathcote',0,1652880022,1653466263);
INSERT INTO player VALUES('38ea30443',95,'Rosendo Wilderman',0,1652890995,1653972304);
INSERT INTO player VALUES('3909ab584',95,'Clovis Rogahn',0,1652894296,1654006059);
INSERT INTO player VALUES('3a906ffb6',95,'Layla McDermott',0,1652935271,1653020341);
INSERT INTO player VALUES('3ab8bfcc3',95,'Jake Ortiz',0,1652939498,1653470162);
INSERT INTO player VALUES('3ad8534d8',95,'Janae Wyman',1,1652942809,1653693215);
INSERT INTO player VALUES('3ba11a36e',95,'Immanuel Kerluke',0,1652963862,1654012745);
INSERT INTO player VALUES('3c258c770',95,'Ms. Tianna Dibbert I',0,1652977750,1653446611);
INSERT INTO player VALUES('3c9598900',95,'Angelita Kuvalis DDS',0,1652989499,1653475628);
INSERT INTO player VALUES('3d82141b8',95,'Felix Considine',0,1653014296,1653633609);
INSERT INTO player VALUES('3d827d15c',95,'Anastasia Kiehn',0,1653014339,1653323773);
INSERT INTO player VALUES('3dc5c0541',95,'Gilberto Hodkiewicz',0,1653021392,1653718957);
INSERT INTO player VALUES('3dcb855dd',95,'Claudia Hintz',0,1653021997,1653341299);
INSERT INTO player VALUES('3dd782375',95,'Tristin Waters',0,1653023254,1653272728);
INSERT INTO player VALUES('3e104f3ff',95,'Maud Rogahn',0,1653029210,1653459404);
INSERT INTO player VALUES('3e3b1762c',95,'Marian Macejkovic',0,1653033696,1653389717);
INSERT INTO player VALUES('3ec1d120a',95,'Raegan Lemke Jr.',0,1653047823,1653779145);
INSERT INTO player VALUES('3f7a900e3',95,'Geraldine Roob III',0,1653067195,1653385655);
INSERT INTO player VALUES('3f82053ea',95,'Mr. Benton Kilback',0,1653067977,1653682851);
INSERT INTO player VALUES('3fc44a91a',95,'Jennings Baumbach',0,1653074926,1653108044);
INSERT INTO player VALUES('4091832ed',95,'Mr. Arno Bradtke III',0,1653096445,1653689919);
INSERT INTO player VALUES('4112979e6',95,'Mr. Jaden Erdman V',0,1653109980,1653843006);
INSERT INTO player VALUES('41b760ae0',95,'Ashly Monahan Sr.',0,1653127259,1653437288);
INSERT INTO player VALUES('41c146dce',95,'Ms. Lulu Swaniawski II',0,1653128297,1653203840);
INSERT INTO player VALUES('420253b04',95,'Ms. Maureen Stiedemann II',0,1653135118,1653383138);
INSERT INTO player VALUES('425c55ace',95,'Etha Feeney',0,1653144556,1653483874);
INSERT INTO player VALUES('42698b08e',95,'Darrel Kemmer',0,1653145941,1653471785);
INSERT INTO player VALUES('4270d4448',95,'Cornell Miller',0,1653146705,1653429392);
INSERT INTO player VALUES('4296da255',95,'Ariane Friesen',0,1653150692,1653257127);
INSERT INTO player VALUES('43033f2d5',95,'Theodora Erdman',0,1653162058,1653996270);
INSERT INTO player VALUES('437d5d608',95,'Juvenal Kessler Jr.',0,1653174863,1653877868);
INSERT INTO player VALUES('438acae37',95,'Loyal Ruecker',0,1653176271,1653777291);
INSERT INTO player VALUES('449a0e3dc',95,'Mr. Lawson Lebsack',0,1653204715,1653928755);
INSERT INTO player VALUES('44e24e57a',95,'Mr. Milo Kreiger III',0,1653212291,1653487011);
INSERT INTO player VALUES('45a29114f',95,'Minerva Wolf',0,1653232451,1653633146);
INSERT INTO player VALUES('481f9f03c',95,'Garry Casper',0,1653299251,1653560836);
INSERT INTO player VALUES('48644441d',95,'Mr. Darron O"Reilly II',0,1653306449,1653493357);
INSERT INTO player VALUES('48c009eda',95,'Janie Jast',0,1653316072,1653511850);
INSERT INTO player VALUES('4b4c357d9',95,'Fleta Osinski',0,1653384457,1653593935);
INSERT INTO player VALUES('4cf0af13f',95,'Ms. Valentina Pagac Jr.',0,1653428547,1653903172);
INSERT INTO player VALUES('4d433703a',95,'Vergie Bartell',0,1653437201,1653863773);
INSERT INTO player VALUES('4d565395d',95,'Mr. John Walter MD',1,1653439205,1653491826);
INSERT INTO player VALUES('4d6bd769e',95,'Geovanni Doyle',1,1653441461,1653793899);
INSERT INTO player VALUES('4d8d70786',95,'Kobe Rolfson',0,1653444984,1653819271);
INSERT INTO player VALUES('4dbc80d2f',95,'Ms. Elizabeth Glover III',0,1653449919,1653905139);
INSERT INTO player VALUES('4dc3b6884',95,'Emie Cartwright',0,1653450675,1653637990);
INSERT INTO player VALUES('4e50ec6a4',95,'Adrian Greenholt IV',0,1653465482,1654024271);
INSERT INTO player VALUES('4e995d586',95,'Janet Schulist DVM',1,1653473078,1653915269);
INSERT INTO player VALUES('4e99c8c51',95,'Lysanne Robel',0,1653473122,1653976357);
INSERT INTO player VALUES('4ec4b31a5',95,'Asia Stokes II',0,1653477622,1653718873);
INSERT INTO player VALUES('4ee0ba651',95,'Alberto Gaylord IV',0,1653480561,1653976985);
INSERT INTO player VALUES('4fdb7567a',95,'Liam Carroll I',0,1653506852,1653999296);
INSERT INTO player VALUES('501553da7',95,'Rosamond Roberts',0,1653512920,1654033285);
INSERT INTO player VALUES('50b48d905',95,'Athena Gerhold',0,1653529616,1653627298);
INSERT INTO player VALUES('5125fba8d',95,'Cleveland Hudson Sr.',1,1653541510,1653620216);
INSERT INTO player VALUES('5159eb8da',95,'Taurean Langworth',0,1653546956,1653747169);
INSERT INTO player VALUES('5177aa4e5',95,'Ms. Loraine Lang V',0,1653550075,1653930240);
INSERT INTO player VALUES('519987be8',95,'Mr. Junius O"Kon',0,1653553626,1653602219);
INSERT INTO player VALUES('51df03d22',95,'Nayeli Klein',1,1653560912,1653615322);
INSERT INTO player VALUES('529392f51',95,'Mr. Salvatore Breitenberg II',0,1653579845,1653705960);
INSERT INTO player VALUES('5322e9510',95,'Kiley Rau DVM',0,1653594875,1653597425);
INSERT INTO player VALUES('5343b06b4',95,'Ms. Tressie Pfeffer V',1,1653598312,1653632802);
INSERT INTO player VALUES('53661de53',95,'Della Greenfelder PhD',0,1653601922,1653701963);
INSERT INTO player VALUES('539401ee7',95,'Giovani Shields',0,1653606734,1653689282);
INSERT INTO player VALUES('53b830a32',95,'Mr. Johathan Bogan I',0,1653610528,1653762624);
INSERT INTO player VALUES('5487bf685',95,'Camron Lebsack',0,1653632292,1653757009);
INSERT INTO player VALUES('54c43d3cf',95,'Jaylen Veum',0,1653638635,1653699334);
INSERT INTO player VALUES('553de3d10',95,'Gia Stehr',0,1653651391,1653693771);
INSERT INTO player VALUES('56595c2d9',95,'Carroll Oberbrunner',0,1653681115,1653919260);
INSERT INTO player VALUES('56893e7c0',95,'Ms. Dayna Spencer',0,1653686136,1653862405);
INSERT INTO player VALUES('56f14f193',95,'Kayley Veum Jr.',0,1653697048,1653736429);
INSERT INTO player VALUES('583a40175',95,'Mr. Kelley Schuster PhD',1,1653731540,1653778611);
INSERT INTO player VALUES('5868e291b',95,'Jamey Hane',0,1653736430,1653972723);
INSERT INTO player VALUES('587e6662c',95,'Amie Pfannerstill',0,1653738686,1654026331);
INSERT INTO player VALUES('5922eff61',95,'Triston Dooley',0,1653755939,1653960330);
INSERT INTO player VALUES('59352499e',95,'Mr. Furman Hane Sr.',0,1653757848,1653880514);
INSERT INTO player VALUES('5a373ed16',95,'Jordane Gislason',0,1653784912,1653919375);
INSERT INTO player VALUES('5af585c11',95,'Jerome Gibson',0,1653804864,1653873426);
INSERT INTO player VALUES('5b4e6efb6',95,'Madonna Bernier',0,1653814187,1653980245);
INSERT INTO player VALUES('5b69fc352',95,'Torey Swift',0,1653817076,1653943163);
INSERT INTO player VALUES('5bb58906d',95,'Jovan Klein',0,1653824998,1653889128);
INSERT INTO player VALUES('5c425ad49',95,'Kelsie Gutmann',0,1653839764,1653898557);
INSERT INTO player VALUES('5c5031511',95,'Cecelia Prohaska',0,1653841215,1653864351);
INSERT INTO player VALUES('5c5cf8cd5',95,'Mr. Anthony Jakubowski',0,1653842555,1654020958);
INSERT INTO player VALUES('5ce307a6b',95,'Mekhi Raynor',0,1653856612,1653996856);
INSERT INTO player VALUES('5d073b3d4',95,'Ms. Billie Prosacco DDS',0,1653860408,1653874989);
INSERT INTO player VALUES('5d12e9f39',95,'Ms. Emmanuelle Doyle',0,1653861633,1653985743);
INSERT INTO player VALUES('5d4f54429',95,'Ned Bradtke',0,1653867968,1654032492);
INSERT INTO player VALUES('5f061aee0',95,'Ms. Karianne Schaefer DDS',0,1653913977,1653963038);
INSERT INTO player VALUES('5f61779b3',95,'Walton Sanford',0,1653923557,1653927682);
INSERT INTO player VALUES('5fc963987',95,'Fleta Abbott',0,1653934454,1653977546);
INSERT INTO player VALUES('5fceac20c',95,'Jadon Marks',0,1653935008,1654035536);
INSERT INTO player VALUES('5fd54596c',95,'Roselyn Wiegand Jr.',0,1653935700,1653975018);
INSERT INTO player VALUES('5fe94a192',95,'Ms. Roslyn Graham II',0,1653937799,1653996457);
INSERT INTO player VALUES('60f05015b',95,'Mr. Issac Runolfsdottir',0,1653965379,1654019234);
INSERT INTO player VALUES('6203b4964',95,'Jared Lindgren Sr.',0,1653994256,1654017779);
INSERT INTO player VALUES('62046e20c',95,'Mable Dach',0,1653994332,1654020171);
INSERT INTO player VALUES('621ce6c6a',95,'Mr. Dan Daugherty PhD',0,1653996898,1654028185);
INSERT INTO player VALUES('6278a039e',95,'Lucy Padberg',1,1654006516,1654009536);
INSERT INTO player VALUES('62cb25b17',95,'Omer Powlowski',0,1654015169,1654026932);
INSERT INTO player VALUES('634be992b',95,'Eileen Stiedemann III',0,1654028671,1654038910);
INSERT INTO player VALUES('6358f2fba',95,'Trent Bergnaum',0,1654030038,1654036032);
CREATE TABLE IF NOT EXISTS IF NOT EXISTS player_score (
                              id VARCHAR(255) NOT NULL PRIMARY KEY,
                              tenant_id BIGINT NOT NULL,
                              player_id VARCHAR(255) NOT NULL,
                              competition_id VARCHAR(255) NOT NULL,
                              score BIGINT NOT NULL,
                              row_num BIGINT NOT NULL,
                              created_at BIGINT NOT NULL,
                              updated_at BIGINT NOT NULL
);
INSERT INTO player_score VALUES('62e79addf',95,'268409eff','3a50a7d96',252252,2462,1654018153,1654018153);
INSERT INTO player_score VALUES('62ed3b4b2',95,'268409eff','47c5b08f4',156288,2599,1654018743,1654018743);
INSERT INTO player_score VALUES('52a443714',95,'268409eff','51495112a',242440,1649,1653581595,1653581595);
INSERT INTO player_score VALUES('6117cdf3d',95,'2699e32f9','3a50a7d96',24738,2338,1653969520,1653969520);
INSERT INTO player_score VALUES('632b47130',95,'2699e32f9','47c5b08f4',139944,2620,1654025249,1654025249);
INSERT INTO player_score VALUES('527f3de1c',95,'2699e32f9','51495112a',99308,1471,1653577713,1653577713);
INSERT INTO player_score VALUES('61dfa59be',95,'26ff435ab','3a50a7d96',306432,2386,1653990475,1653990475);
INSERT INTO player_score VALUES('62fcce1ac',95,'26ff435ab','47c5b08f4',299115,2601,1654020376,1654020376);
INSERT INTO player_score VALUES('52aecd320',95,'26ff435ab','51495112a',49104,1705,1653582700,1653582700);
INSERT INTO player_score VALUES('62ffa5a87',95,'28d79e33c','3a50a7d96',35112,2466,1654020674,1654020674);
INSERT INTO player_score VALUES('5ffb701b9',95,'28d79e33c','47c5b08f4',182320,2314,1653939702,1653939702);
INSERT INTO player_score VALUES('52b79348c',95,'28d79e33c','51495112a',8432,1748,1653583620,1653583620);
INSERT INTO player_score VALUES('6216aa15a',95,'295e7059e','3a50a7d96',91273,2404,1653996244,1653996244);
INSERT INTO player_score VALUES('6210290ee',95,'295e7059e','47c5b08f4',52479,2517,1653995562,1653995562);
INSERT INTO player_score VALUES('638c617be',95,'2a2e9dd2f','3a50a7d96',108402,2501,1654035431,1654035431);
INSERT INTO player_score VALUES('61fbdb4e9',95,'2a2e9dd2f','47c5b08f4',577280,2510,1653993433,1653993433);
INSERT INTO player_score VALUES('529f63e1f',95,'2a2e9dd2f','51495112a',42050,1629,1653581084,1653581084);
INSERT INTO player_score VALUES('52b5335f4',95,'2ac1e4721','51495112a',107500,1733,1653583371,1653583371);
INSERT INTO player_score VALUES('61c15e26d',95,'2ac845be7','3a50a7d96',522192,2377,1653987300,1653987300);
INSERT INTO player_score VALUES('62d5f15f1',95,'2ac845be7','47c5b08f4',1485,2588,1654016301,1654016301);
INSERT INTO player_score VALUES('52aec36da',95,'2ac845be7','51495112a',4500,1704,1653582696,1653582696);
INSERT INTO player_score VALUES('5ed2177cd',95,'2b376c55d','3a50a7d96',78430,2208,1653908523,1653908523);
INSERT INTO player_score VALUES('52b6907e3',95,'2b376c55d','51495112a',15190,1743,1653583514,1653583514);
INSERT INTO player_score VALUES('636dc6fea',95,'2bbdff052','3a50a7d96',3190,2493,1654032222,1654032222);
INSERT INTO player_score VALUES('52aa76579',95,'2bbdff052','51495112a',176640,1677,1653582245,1653582245);
INSERT INTO player_score VALUES('63a7415bb',95,'2c3a8bcb0','47c5b08f4',316128,2666,1654038249,1654038249);
INSERT INTO player_score VALUES('60997ff57',95,'2c924d994','3a50a7d96',41205,2310,1653956276,1653956276);
INSERT INTO player_score VALUES('52b117205',95,'2c924d994','51495112a',20240,1716,1653582940,1653582940);
INSERT INTO player_score VALUES('618dc144a',95,'2d7479fd8','3a50a7d96',23370,2365,1653981888,1653981888);
INSERT INTO player_score VALUES('6326d7d20',95,'2d7479fd8','47c5b08f4',405573,2616,1654024784,1654024784);
INSERT INTO player_score VALUES('52af7333b',95,'2d7479fd8','51495112a',903070,1708,1653582768,1653582768);
INSERT INTO player_score VALUES('634d4e045',95,'2ddda0f22','3a50a7d96',84420,2487,1654028817,1654028817);
INSERT INTO player_score VALUES('6389802cc',95,'2ddda0f22','47c5b08f4',266992,2659,1654035129,1654035129);
INSERT INTO player_score VALUES('529f63e20',95,'2ddda0f22','51495112a',99840,1628,1653581084,1653581084);
INSERT INTO player_score VALUES('629fe85e4',95,'2ebfd719c','3a50a7d96',560640,2442,1654010635,1654010635);
INSERT INTO player_score VALUES('62d14ed86',95,'2ebfd719c','47c5b08f4',42480,2585,1654015815,1654015815);
INSERT INTO player_score VALUES('527e05670',95,'2ebfd719c','51495112a',94300,1464,1653577585,1653577585);
INSERT INTO player_score VALUES('56d1e2ad9',95,'30e238233','3a50a7d96',19008,1707,1653693753,1653693753);
INSERT INTO player_score VALUES('61e015e94',95,'30e238233','47c5b08f4',196350,2494,1653990521,1653990521);
INSERT INTO player_score VALUES('52aca2faa',95,'30e238233','51495112a',204624,1688,1653582473,1653582473);
INSERT INTO player_score VALUES('62f8b6bcc',95,'3122f6d87','3a50a7d96',2520,2465,1654019947,1654019947);
INSERT INTO player_score VALUES('6352e23f8',95,'3122f6d87','47c5b08f4',375803,2638,1654029402,1654029402);
INSERT INTO player_score VALUES('52b742b87',95,'3122f6d87','51495112a',33300,1745,1653583587,1653583587);
INSERT INTO player_score VALUES('63182cf05',95,'31d048faa','47c5b08f4',146970,2612,1654023246,1654023246);
INSERT INTO player_score VALUES('52ae66a73',95,'31d048faa','51495112a',547865,1701,1653582658,1653582658);
INSERT INTO player_score VALUES('5f6431d37',95,'31fcde8cf','3a50a7d96',35840,2234,1653923843,1653923843);
INSERT INTO player_score VALUES('632f1a13c',95,'31fcde8cf','47c5b08f4',35490,2622,1654025650,1654025650);
INSERT INTO player_score VALUES('52ad52c20',95,'31fcde8cf','51495112a',3549,1692,1653582545,1653582545);
INSERT INTO player_score VALUES('634f44f0f',95,'324a7d25e','47c5b08f4',7896,2637,1654029023,1654029023);
INSERT INTO player_score VALUES('52b2b1460',95,'324a7d25e','51495112a',207168,1720,1653583108,1653583108);
INSERT INTO player_score VALUES('6006458b0',95,'325b17a31','47c5b08f4',183084,2321,1653940838,1653940838);
INSERT INTO player_score VALUES('52b57068a',95,'325b17a31','51495112a',215496,1735,1653583396,1653583396);
INSERT INTO player_score VALUES('5c40e06a4',95,'3283761e5','3a50a7d96',309838,2059,1653839609,1653839609);
INSERT INTO player_score VALUES('529df5a8a',95,'3283761e5','51495112a',627978,1618,1653580934,1653580934);
INSERT INTO player_score VALUES('6211a1082',95,'32997b523','3a50a7d96',69290,2402,1653995716,1653995716);
INSERT INTO player_score VALUES('602811e1e',95,'32997b523','47c5b08f4',23400,2332,1653944382,1653944382);
INSERT INTO player_score VALUES('52b00a8ee',95,'32997b523','51495112a',51597,1711,1653582830,1653582830);
INSERT INTO player_score VALUES('62c3b56ad',95,'32a8ac79c','3a50a7d96',197880,2457,1654014389,1654014389);
INSERT INTO player_score VALUES('52894b225',95,'32a8ac79c','51495112a',564160,1522,1653578767,1653578767);
INSERT INTO player_score VALUES('62c33675d',95,'33f206744','3a50a7d96',98098,2456,1654014337,1654014337);
INSERT INTO player_score VALUES('635db2cca',95,'33f206744','47c5b08f4',77490,2643,1654030536,1654030536);
INSERT INTO player_score VALUES('52a29a9f6',95,'33f206744','51495112a',228096,1643,1653581421,1653581421);
INSERT INTO player_score VALUES('62114e03a',95,'34ccb174e','3a50a7d96',137837,2401,1653995682,1653995682);
INSERT INTO player_score VALUES('6308eab11',95,'34ccb174e','47c5b08f4',180400,2604,1654021646,1654021646);
INSERT INTO player_score VALUES('5295b5d65',95,'34ccb174e','51495112a',0,1579,1653580069,1653580069);
INSERT INTO player_score VALUES('5d8df4f9a',95,'35635d3c7','3a50a7d96',19040,2134,1653874535,1653874535);
INSERT INTO player_score VALUES('622234312',95,'35635d3c7','47c5b08f4',13680,2521,1653997454,1653997454);
INSERT INTO player_score VALUES('52b15427b',95,'35635d3c7','51495112a',910800,1717,1653582965,1653582965);
INSERT INTO player_score VALUES('602fe1630',95,'357d4688f','3a50a7d96',161184,2285,1653945201,1653945201);
INSERT INTO player_score VALUES('62b7483f2',95,'357d4688f','47c5b08f4',2223,2572,1654013086,1654013086);
INSERT INTO player_score VALUES('528bf4497',95,'357d4688f','51495112a',49764,1536,1653579046,1653579046);
INSERT INTO player_score VALUES('62caeffca',95,'3635e344c','47c5b08f4',38016,2581,1654015147,1654015147);
INSERT INTO player_score VALUES('52b448fcb',95,'3635e344c','51495112a',172480,1727,1653583275,1653583275);
INSERT INTO player_score VALUES('608b76380',95,'365e75031','3a50a7d96',14256,2307,1653954804,1653954804);
INSERT INTO player_score VALUES('63696db97',95,'365e75031','47c5b08f4',29440,2647,1654031766,1654031766);
INSERT INTO player_score VALUES('52aea6203',95,'365e75031','51495112a',156672,1703,1653582684,1653582684);
INSERT INTO player_score VALUES('63adee5ca',95,'371c4ba65','3a50a7d96',72944,2507,1654038949,1654038949);
INSERT INTO player_score VALUES('62ba1609a',95,'371c4ba65','47c5b08f4',125488,2575,1654013380,1654013380);
INSERT INTO player_score VALUES('529ea7e49',95,'371c4ba65','51495112a',29946,1625,1653581007,1653581007);
INSERT INTO player_score VALUES('639658c00',95,'3767b8bb2','3a50a7d96',217899,2503,1654036476,1654036476);
INSERT INTO player_score VALUES('61ef868f1',95,'3767b8bb2','47c5b08f4',129200,2503,1653992140,1653992140);
INSERT INTO player_score VALUES('52b7c68af',95,'3767b8bb2','51495112a',2700,1749,1653583641,1653583641);
INSERT INTO player_score VALUES('62ad5ac30',95,'379c58668','3a50a7d96',61908,2450,1654012045,1654012045);
INSERT INTO player_score VALUES('623fe6bd5',95,'379c58668','47c5b08f4',21663,2533,1654000568,1654000568);
INSERT INTO player_score VALUES('52907714d',95,'379c58668','51495112a',254040,1559,1653579519,1653579519);
INSERT INTO player_score VALUES('63a3a1a3f',95,'3861d50ed','3a50a7d96',9112,2505,1654037869,1654037869);
INSERT INTO player_score VALUES('6395a4141',95,'3861d50ed','47c5b08f4',210000,2660,1654036402,1654036402);
INSERT INTO player_score VALUES('52b83e2c1',95,'3861d50ed','51495112a',196248,1750,1653583690,1653583690);
INSERT INTO player_score VALUES('6208634e0',95,'38818abc4','3a50a7d96',101232,2398,1653994747,1653994747);
INSERT INTO player_score VALUES('633c80438',95,'38818abc4','47c5b08f4',212430,2630,1654027055,1654027055);
INSERT INTO player_score VALUES('52b5076a7',95,'38818abc4','51495112a',125244,1732,1653583353,1653583353);
INSERT INTO player_score VALUES('62ec7cdbb',95,'38ea30443','3a50a7d96',57798,2464,1654018665,1654018665);
INSERT INTO player_score VALUES('6313376b2',95,'38ea30443','47c5b08f4',131625,2609,1654022726,1654022726);
INSERT INTO player_score VALUES('52add1b9e',95,'38ea30443','51495112a',130500,1697,1653582597,1653582597);
INSERT INTO player_score VALUES('626116d4f',95,'3909ab584','3a50a7d96',427616,2423,1654004048,1654004048);
INSERT INTO player_score VALUES('636ec27a2',95,'3909ab584','47c5b08f4',574574,2652,1654032325,1654032325);
INSERT INTO player_score VALUES('52a70c514',95,'3909ab584','51495112a',141911,1661,1653581887,1653581887);
INSERT INTO player_score VALUES('61a0d1a53',95,'3a906ffb6','3a50a7d96',199283,2370,1653983887,1653983887);
INSERT INTO player_score VALUES('52a87f698',95,'3a906ffb6','51495112a',3960,1667,1653582039,1653582039);
INSERT INTO player_score VALUES('63bfb51f7',95,'3ab8bfcc3','3a50a7d96',588,2510,1654040813,1654040813);
INSERT INTO player_score VALUES('6152f5fe3',95,'3ab8bfcc3','47c5b08f4',2278,2444,1653975723,1653975723);
INSERT INTO player_score VALUES('52a195685',95,'3ab8bfcc3','51495112a',486720,1639,1653581314,1653581314);
INSERT INTO player_score VALUES('63482a1ac',95,'3ad8534d8','3a50a7d96',17712,2485,1654028278,1654028278);
INSERT INTO player_score VALUES('61a0048ec',95,'3ad8534d8','47c5b08f4',33040,2472,1653983803,1653983803);
INSERT INTO player_score VALUES('52b5f91d2',95,'3ad8534d8','51495112a',129000,1739,1653583452,1653583452);
INSERT INTO player_score VALUES('60ee2ac31',95,'3ba11a36e','47c5b08f4',126400,2400,1653965154,1653965154);
INSERT INTO player_score VALUES('52b56915f',95,'3ba11a36e','51495112a',34000,1734,1653583393,1653583393);
INSERT INTO player_score VALUES('633c78f02',95,'3c258c770','3a50a7d96',175644,2482,1654027052,1654027052);
INSERT INTO player_score VALUES('61f153fd1',95,'3c258c770','47c5b08f4',89216,2505,1653992329,1653992329);
INSERT INTO player_score VALUES('52ac7225b',95,'3c258c770','51495112a',284088,1687,1653582453,1653582453);
INSERT INTO player_score VALUES('63b8c15ad',95,'3c9598900','3a50a7d96',3600,2509,1654040084,1654040084);
INSERT INTO player_score VALUES('636bd7695',95,'3c9598900','47c5b08f4',54379,2649,1654032019,1654032019);
INSERT INTO player_score VALUES('529bdefe5',95,'3c9598900','51495112a',75330,1613,1653580715,1653580715);
INSERT INTO player_score VALUES('638672ee2',95,'3d82141b8','3a50a7d96',156244,2498,1654034809,1654034809);
INSERT INTO player_score VALUES('624a92aab',95,'3d82141b8','47c5b08f4',64512,2536,1654001687,1654001687);
INSERT INTO player_score VALUES('52b2c25ca',95,'3d82141b8','51495112a',21252,1721,1653583115,1653583115);
INSERT INTO player_score VALUES('6216f835b',95,'3d827d15c','3a50a7d96',240160,2405,1653996276,1653996276);
INSERT INTO player_score VALUES('617de7a66',95,'3d827d15c','47c5b08f4',95160,2461,1653980226,1653980226);
INSERT INTO player_score VALUES('52b69f207',95,'3d827d15c','51495112a',709136,1744,1653583520,1653583520);
INSERT INTO player_score VALUES('60824992f',95,'3dc5c0541','3a50a7d96',6336,2303,1653953842,1653953842);
INSERT INTO player_score VALUES('61a6b8dd0',95,'3dc5c0541','47c5b08f4',5166,2473,1653984506,1653984506);
INSERT INTO player_score VALUES('52869d16f',95,'3dc5c0541','51495112a',172530,1514,1653578486,1653578486);
INSERT INTO player_score VALUES('6386e33c7',95,'3dcb855dd','3a50a7d96',67392,2499,1654034855,1654034855);
INSERT INTO player_score VALUES('62e6f74a6',95,'3dcb855dd','47c5b08f4',44772,2596,1654018086,1654018086);
INSERT INTO player_score VALUES('5296cc2d4',95,'3dcb855dd','51495112a',6240,1585,1653580183,1653580183);
INSERT INTO player_score VALUES('63558b61c',95,'3dd782375','3a50a7d96',15040,2488,1654029681,1654029681);
INSERT INTO player_score VALUES('637b5b92d',95,'3dd782375','47c5b08f4',76860,2656,1654033646,1654033646);
INSERT INTO player_score VALUES('52841fe22',95,'3dd782375','51495112a',7161,1500,1653578225,1653578225);
INSERT INTO player_score VALUES('624e214e9',95,'3e104f3ff','3a50a7d96',243540,2420,1654002060,1654002060);
INSERT INTO player_score VALUES('620c82012',95,'3e104f3ff','47c5b08f4',434214,2515,1653995179,1653995179);
INSERT INTO player_score VALUES('52b4ad16d',95,'3e104f3ff','51495112a',322525,1729,1653583316,1653583316);
INSERT INTO player_score VALUES('625ccc324',95,'3e3b1762c','3a50a7d96',235296,2422,1654003598,1654003598);
INSERT INTO player_score VALUES('6348c1761',95,'3e3b1762c','47c5b08f4',77025,2635,1654028340,1654028340);
INSERT INTO player_score VALUES('52ab28911',95,'3e3b1762c','51495112a',562496,1680,1653582318,1653582318);
INSERT INTO player_score VALUES('6304238d2',95,'3ec1d120a','3a50a7d96',46512,2468,1654021145,1654021145);
INSERT INTO player_score VALUES('62d5503dd',95,'3ec1d120a','47c5b08f4',195840,2587,1654016235,1654016235);
INSERT INTO player_score VALUES('52a4a9f96',95,'3ec1d120a','51495112a',0,1653,1653581637,1653581637);
INSERT INTO player_score VALUES('6282c0fcb',95,'3f7a900e3','3a50a7d96',43142,2434,1654007578,1654007578);
INSERT INTO player_score VALUES('6268b310c',95,'3f7a900e3','47c5b08f4',64980,2548,1654004846,1654004846);
INSERT INTO player_score VALUES('52b59508f',95,'3f7a900e3','51495112a',22022,1736,1653583411,1653583411);
INSERT INTO player_score VALUES('62b5451bb',95,'3f82053ea','3a50a7d96',144000,2452,1654012875,1654012875);
INSERT INTO player_score VALUES('63b7a1437',95,'3f82053ea','47c5b08f4',181116,2671,1654039966,1654039966);
INSERT INTO player_score VALUES('52a585b2a',95,'3f82053ea','51495112a',255500,1656,1653581727,1653581727);
INSERT INTO player_score VALUES('5d7459cab',95,'3fc44a91a','3a50a7d96',32538,2128,1653871850,1653871850);
INSERT INTO player_score VALUES('63b5722c3',95,'3fc44a91a','47c5b08f4',65280,2670,1654039737,1654039737);
INSERT INTO player_score VALUES('624451199',95,'4091832ed','3a50a7d96',36192,2417,1654001031,1654001031);
INSERT INTO player_score VALUES('5ec175af4',95,'4091832ed','47c5b08f4',22995,2206,1653906779,1653906779);
INSERT INTO player_score VALUES('52b42bb0d',95,'4091832ed','51495112a',50400,1725,1653583263,1653583263);
INSERT INTO player_score VALUES('622a459fb',95,'4112979e6','3a50a7d96',282150,2408,1653998300,1653998300);
INSERT INTO player_score VALUES('62d786a97',95,'4112979e6','47c5b08f4',68880,2589,1654016467,1654016467);
INSERT INTO player_score VALUES('52a8844e2',95,'4112979e6','51495112a',68526,1668,1653582041,1653582041);
INSERT INTO player_score VALUES('628059c42',95,'41b760ae0','3a50a7d96',48174,2433,1654007326,1654007326);
INSERT INTO player_score VALUES('62aeae1b9',95,'41b760ae0','47c5b08f4',64296,2571,1654012184,1654012184);
INSERT INTO player_score VALUES('528555f31',95,'41b760ae0','51495112a',51129,1509,1653578352,1653578352);
INSERT INTO player_score VALUES('60f229b60',95,'41c146dce','47c5b08f4',61335,2403,1653965573,1653965573);
INSERT INTO player_score VALUES('52b65fa7e',95,'41c146dce','51495112a',42525,1742,1653583494,1653583494);
INSERT INTO player_score VALUES('5e89427c1',95,'420253b04','3a50a7d96',30618,2191,1653900886,1653900886);
INSERT INTO player_score VALUES('61ece24bd',95,'420253b04','47c5b08f4',26880,2501,1653991863,1653991863);
INSERT INTO player_score VALUES('52b5e807d',95,'420253b04','51495112a',465310,1738,1653583445,1653583445);
INSERT INTO player_score VALUES('63150c275',95,'425c55ace','3a50a7d96',18720,2471,1654022918,1654022918);
INSERT INTO player_score VALUES('62ac99e0a',95,'425c55ace','47c5b08f4',17472,2570,1654011966,1654011966);
INSERT INTO player_score VALUES('61aa49f3b',95,'42698b08e','3a50a7d96',5180,2372,1653984880,1653984880);
INSERT INTO player_score VALUES('61abeb6bc',95,'42698b08e','47c5b08f4',432887,2476,1653985051,1653985051);
INSERT INTO player_score VALUES('52a312407',95,'42698b08e','51495112a',96350,1644,1653581470,1653581470);
INSERT INTO player_score VALUES('63151ace0',95,'4270d4448','3a50a7d96',16254,2472,1654022924,1654022924);
INSERT INTO player_score VALUES('6075cb556',95,'4270d4448','47c5b08f4',13020,2362,1653952532,1653952532);
INSERT INTO player_score VALUES('528326de1',95,'4270d4448','51495112a',11700,1495,1653578123,1653578123);
INSERT INTO player_score VALUES('61dbd029b',95,'4296da255','3a50a7d96',12480,2383,1653990073,1653990073);
INSERT INTO player_score VALUES('632aa8653',95,'4296da255','47c5b08f4',54868,2619,1654025184,1654025184);
INSERT INTO player_score VALUES('52ae4e3ad',95,'4296da255','51495112a',54560,1700,1653582648,1653582648);
INSERT INTO player_score VALUES('635c0518e',95,'43033f2d5','47c5b08f4',130536,2641,1654030360,1654030360);
INSERT INTO player_score VALUES('52a677640',95,'43033f2d5','51495112a',396000,1658,1653581826,1653581826);
INSERT INTO player_score VALUES('632994810',95,'437d5d608','47c5b08f4',182,2618,1654025071,1654025071);
INSERT INTO player_score VALUES('624843d79',95,'438acae37','3a50a7d96',306360,2418,1654001445,1654001445);
INSERT INTO player_score VALUES('62c7d68c1',95,'438acae37','47c5b08f4',452625,2580,1654014822,1654014822);
INSERT INTO player_score VALUES('632ed82bc',95,'449a0e3dc','3a50a7d96',229548,2478,1654025623,1654025623);
INSERT INTO player_score VALUES('628e24061',95,'449a0e3dc','47c5b08f4',288288,2565,1654008772,1654008772);
INSERT INTO player_score VALUES('52a83147b',95,'449a0e3dc','51495112a',77952,1666,1653582007,1653582007);
INSERT INTO player_score VALUES('639e1729e',95,'44e24e57a','3a50a7d96',34040,2504,1654037288,1654037288);
INSERT INTO player_score VALUES('63aa55f06',95,'44e24e57a','47c5b08f4',97200,2667,1654038572,1654038572);
INSERT INTO player_score VALUES('52a984a2a',95,'44e24e57a','51495112a',203742,1672,1653582146,1653582146);
INSERT INTO player_score VALUES('6321cec5b',95,'45a29114f','3a50a7d96',247776,2474,1654024256,1654024256);
INSERT INTO player_score VALUES('612ff39a0',95,'45a29114f','47c5b08f4',20350,2434,1653972052,1653972052);
INSERT INTO player_score VALUES('52b1c6e6b',95,'45a29114f','51495112a',9486,1718,1653583012,1653583012);
INSERT INTO player_score VALUES('62a960af7',95,'481f9f03c','3a50a7d96',14697,2448,1654011628,1654011628);
INSERT INTO player_score VALUES('5cbd1f0e2',95,'481f9f03c','47c5b08f4',14365,1999,1653852637,1653852637);
INSERT INTO player_score VALUES('52b112402',95,'481f9f03c','51495112a',201600,1715,1653582938,1653582938);
INSERT INTO player_score VALUES('61f5aad0a',95,'48644441d','3a50a7d96',418950,2389,1653992784,1653992784);
INSERT INTO player_score VALUES('6097dc088',95,'48644441d','47c5b08f4',140940,2373,1653956104,1653956104);
INSERT INTO player_score VALUES('52a9ae250',95,'48644441d','51495112a',4830,1673,1653582163,1653582163);
INSERT INTO player_score VALUES('6286d858e',95,'48c009eda','3a50a7d96',19459,2437,1654008007,1654008007);
INSERT INTO player_score VALUES('60ec894a0',95,'48c009eda','47c5b08f4',165600,2399,1653964983,1653964983);
INSERT INTO player_score VALUES('5294b09e3',95,'48c009eda','51495112a',170820,1576,1653579962,1653579962);
INSERT INTO player_score VALUES('636b930bc',95,'4b4c357d9','47c5b08f4',68499,2648,1654031991,1654031991);
INSERT INTO player_score VALUES('52a378c88',95,'4b4c357d9','51495112a',3773,1646,1653581512,1653581512);
INSERT INTO player_score VALUES('608815f32',95,'4cf0af13f','3a50a7d96',18216,2306,1653954450,1653954450);
INSERT INTO player_score VALUES('62f99eab8',95,'4cf0af13f','47c5b08f4',334490,2600,1654020042,1654020042);
INSERT INTO player_score VALUES('52b4c3105',95,'4cf0af13f','51495112a',10980,1730,1653583325,1653583325);
INSERT INTO player_score VALUES('631466280',95,'4d433703a','3a50a7d96',8019,2470,1654022850,1654022850);
INSERT INTO player_score VALUES('639952788',95,'4d433703a','47c5b08f4',85994,2661,1654036788,1654036788);
INSERT INTO player_score VALUES('52a0c0fdb',95,'4d433703a','51495112a',201474,1636,1653581227,1653581227);
INSERT INTO player_score VALUES('61359407a',95,'4d565395d','3a50a7d96',10672,2346,1653972642,1653972642);
INSERT INTO player_score VALUES('623c5a891',95,'4d565395d','47c5b08f4',35712,2531,1654000196,1654000196);
INSERT INTO player_score VALUES('6298fe587',95,'4d6bd769e','3a50a7d96',146916,2440,1654009910,1654009910);
INSERT INTO player_score VALUES('52ae4bcc0',95,'4d6bd769e','51495112a',45954,1699,1653582647,1653582647);
INSERT INTO player_score VALUES('61a8e30dc',95,'4d8d70786','3a50a7d96',9548,2371,1653984733,1653984733);
INSERT INTO player_score VALUES('63be88d78',95,'4d8d70786','47c5b08f4',310464,2675,1654040690,1654040690);
INSERT INTO player_score VALUES('52adbbbe9',95,'4d8d70786','51495112a',409200,1695,1653582588,1653582588);
INSERT INTO player_score VALUES('62e3c0864',95,'4dbc80d2f','47c5b08f4',2904,2594,1654017749,1654017749);
INSERT INTO player_score VALUES('52a24ef27',95,'4dbc80d2f','51495112a',35520,1640,1653581390,1653581390);
INSERT INTO player_score VALUES('621fb48c2',95,'4dc3b6884','3a50a7d96',152064,2406,1653997192,1653997192);
INSERT INTO player_score VALUES('61f94a8e6',95,'4dc3b6884','47c5b08f4',0,2507,1653993164,1653993164);
INSERT INTO player_score VALUES('52b7515dd',95,'4dc3b6884','51495112a',105,1746,1653583593,1653583593);
INSERT INTO player_score VALUES('62ba1877f',95,'4e50ec6a4','3a50a7d96',434889,2453,1654013381,1654013381);
INSERT INTO player_score VALUES('61a9005ee',95,'4e50ec6a4','47c5b08f4',115362,2475,1653984745,1653984745);
INSERT INTO player_score VALUES('52a8118a2',95,'4e50ec6a4','51495112a',5832,1665,1653581994,1653581994);
INSERT INTO player_score VALUES('5f06cd23d',95,'4e995d586','3a50a7d96',70551,2218,1653914050,1653914050);
INSERT INTO player_score VALUES('63763532a',95,'4e995d586','47c5b08f4',422100,2655,1654033106,1654033106);
INSERT INTO player_score VALUES('52a44d344',95,'4e995d586','51495112a',419490,1651,1653581599,1653581599);
INSERT INTO player_score VALUES('628b0f76d',95,'4e99c8c51','3a50a7d96',138408,2439,1654008449,1654008449);
INSERT INTO player_score VALUES('604ba451a',95,'4e99c8c51','47c5b08f4',0,2348,1653948112,1653948112);
INSERT INTO player_score VALUES('52ad09893',95,'4e99c8c51','51495112a',118440,1690,1653582515,1653582515);
INSERT INTO player_score VALUES('6388c431a',95,'4ec4b31a5','3a50a7d96',93960,2500,1654035052,1654035052);
INSERT INTO player_score VALUES('6380845d6',95,'4ec4b31a5','47c5b08f4',48564,2657,1654034187,1654034187);
INSERT INTO player_score VALUES('52b6425a6',95,'4ec4b31a5','51495112a',134160,1741,1653583482,1653583482);
INSERT INTO player_score VALUES('618fae6dd',95,'4ee0ba651','3a50a7d96',0,2366,1653982090,1653982090);
INSERT INTO player_score VALUES('628258015',95,'4ee0ba651','47c5b08f4',61740,2559,1654007535,1654007535);
INSERT INTO player_score VALUES('529ae86b1',95,'4ee0ba651','51495112a',104448,1608,1653580614,1653580614);
INSERT INTO player_score VALUES('622b08ee6',95,'4fdb7567a','3a50a7d96',32164,2409,1653998380,1653998380);
INSERT INTO player_score VALUES('60b8e513b',95,'4fdb7567a','47c5b08f4',2320,2387,1653959568,1653959568);
INSERT INTO player_score VALUES('52b773895',95,'4fdb7567a','51495112a',0,1747,1653583607,1653583607);
INSERT INTO player_score VALUES('638020430',95,'501553da7','3a50a7d96',28045,2497,1654034146,1654034146);
INSERT INTO player_score VALUES('5efa1ba0f',95,'501553da7','47c5b08f4',70395,2225,1653912719,1653912719);
INSERT INTO player_score VALUES('52a4fcfa4',95,'501553da7','51495112a',40754,1654,1653581671,1653581671);
INSERT INTO player_score VALUES('623e3b7e7',95,'50b48d905','3a50a7d96',259072,2415,1654000393,1654000393);
INSERT INTO player_score VALUES('63300e3bf',95,'50b48d905','47c5b08f4',799425,2623,1654025750,1654025750);
INSERT INTO player_score VALUES('52adca63a',95,'50b48d905','51495112a',32964,1696,1653582594,1653582594);
INSERT INTO player_score VALUES('632f3eb3e',95,'5125fba8d','3a50a7d96',261630,2479,1654025665,1654025665);
INSERT INTO player_score VALUES('61d97c78a',95,'5125fba8d','47c5b08f4',52258,2488,1653989829,1653989829);
INSERT INTO player_score VALUES('52b3acbfa',95,'5125fba8d','51495112a',64728,1723,1653583211,1653583211);
INSERT INTO player_score VALUES('620ae2f22',95,'5159eb8da','3a50a7d96',24816,2399,1653995009,1653995009);
INSERT INTO player_score VALUES('625d4d943',95,'5159eb8da','47c5b08f4',12600,2540,1654003651,1654003651);
INSERT INTO player_score VALUES('52abd858c',95,'5159eb8da','51495112a',89440,1682,1653582390,1653582390);
INSERT INTO player_score VALUES('613d1a4b1',95,'5177aa4e5','3a50a7d96',206500,2348,1653973431,1653973431);
INSERT INTO player_score VALUES('639c7f72c',95,'5177aa4e5','47c5b08f4',1248,2664,1654037121,1654037121);
INSERT INTO player_score VALUES('5295a7341',95,'5177aa4e5','51495112a',170798,1578,1653580063,1653580063);
INSERT INTO player_score VALUES('5bc4c8d53',95,'519987be8','3a50a7d96',181272,2018,1653826597,1653826597);
INSERT INTO player_score VALUES('6276d2cac',95,'519987be8','47c5b08f4',148596,2555,1654006327,1654006327);
INSERT INTO player_score VALUES('528584553',95,'519987be8','51495112a',61845,1510,1653578371,1653578371);
INSERT INTO player_score VALUES('618198791',95,'51df03d22','3a50a7d96',126672,2362,1653980613,1653980613);
INSERT INTO player_score VALUES('6355051bd',95,'51df03d22','47c5b08f4',0,2639,1654029626,1654029626);
INSERT INTO player_score VALUES('52a738435',95,'51df03d22','51495112a',43680,1663,1653581905,1653581905);
INSERT INTO player_score VALUES('6357cdff1',95,'529392f51','3a50a7d96',62322,2489,1654029918,1654029918);
INSERT INTO player_score VALUES('5d95c47d5',95,'529392f51','47c5b08f4',64232,2090,1653875354,1653875354);
INSERT INTO player_score VALUES('6277d5962',95,'5322e9510','3a50a7d96',369138,2430,1654006433,1654006433);
INSERT INTO player_score VALUES('6284bf400',95,'5322e9510','47c5b08f4',32912,2561,1654007787,1654007787);
INSERT INTO player_score VALUES('5fe591f27',95,'5343b06b4','3a50a7d96',191646,2263,1653937409,1653937409);
INSERT INTO player_score VALUES('620cb2d28',95,'53661de53','3a50a7d96',54720,2400,1653995199,1653995199);
INSERT INTO player_score VALUES('6347ed136',95,'53661de53','47c5b08f4',203770,2633,1654028253,1654028253);
INSERT INTO player_score VALUES('60dcbbdee',95,'539401ee7','3a50a7d96',302220,2322,1653963326,1653963326);
INSERT INTO player_score VALUES('6265f1804',95,'539401ee7','47c5b08f4',47940,2545,1654004557,1654004557);
INSERT INTO player_score VALUES('6203be59c',95,'53b830a32','3a50a7d96',193256,2395,1653994260,1653994260);
INSERT INTO player_score VALUES('633295344',95,'53b830a32','47c5b08f4',1824,2624,1654026015,1654026015);
INSERT INTO player_score VALUES('5b13a62c3',95,'5487bf685','3a50a7d96',635628,1977,1653808023,1653808023);
INSERT INTO player_score VALUES('636d32151',95,'5487bf685','47c5b08f4',18480,2651,1654032161,1654032161);
INSERT INTO player_score VALUES('62d64464e',95,'54c43d3cf','3a50a7d96',478648,2460,1654016335,1654016335);
INSERT INTO player_score VALUES('5ed6d26bc',95,'54c43d3cf','47c5b08f4',94116,2211,1653909019,1653909019);
INSERT INTO player_score VALUES('63282d9f2',95,'553de3d10','3a50a7d96',55440,2475,1654024924,1654024924);
INSERT INTO player_score VALUES('61d366d80',95,'553de3d10','47c5b08f4',427700,2486,1653989191,1653989191);
INSERT INTO player_score VALUES('636b9cd06',95,'56595c2d9','3a50a7d96',29036,2492,1654031995,1654031995);
INSERT INTO player_score VALUES('63bb2d78e',95,'56595c2d9','47c5b08f4',9114,2673,1654040338,1654040338);
INSERT INTO player_score VALUES('6276b30f4',95,'56893e7c0','3a50a7d96',289332,2429,1654006314,1654006314);
INSERT INTO player_score VALUES('62712b083',95,'56893e7c0','47c5b08f4',110556,2551,1654005734,1654005734);
INSERT INTO player_score VALUES('61fc4449c',95,'56f14f193','3a50a7d96',42480,2393,1653993476,1653993476);
INSERT INTO player_score VALUES('624f723b9',95,'56f14f193','47c5b08f4',67160,2539,1654002198,1654002198);
INSERT INTO player_score VALUES('63041c384',95,'583a40175','47c5b08f4',14896,2603,1654021142,1654021142);
INSERT INTO player_score VALUES('632bed16a',95,'5868e291b','47c5b08f4',89910,2621,1654025317,1654025317);
INSERT INTO player_score VALUES('62718f22a',95,'587e6662c','3a50a7d96',17850,2428,1654005775,1654005775);
INSERT INTO player_score VALUES('622325e78',95,'587e6662c','47c5b08f4',36864,2522,1653997553,1653997553);
INSERT INTO player_score VALUES('63c49240a',95,'5922eff61','3a50a7d96',464580,2511,1654041323,1654041323);
INSERT INTO player_score VALUES('611d7d062',95,'59352499e','3a50a7d96',221699,2339,1653970116,1653970116);
INSERT INTO player_score VALUES('627392458',95,'59352499e','47c5b08f4',233280,2553,1654005986,1654005986);
INSERT INTO player_score VALUES('633a4ebec',95,'5a373ed16','3a50a7d96',23296,2481,1654026825,1654026825);
INSERT INTO player_score VALUES('637046a7e',95,'5a373ed16','47c5b08f4',10752,2654,1654032484,1654032484);
INSERT INTO player_score VALUES('5fd9b7495',95,'5af585c11','3a50a7d96',1113,2260,1653936166,1653936166);
INSERT INTO player_score VALUES('5fc3331e9',95,'5af585c11','47c5b08f4',271656,2299,1653933805,1653933805);
INSERT INTO player_score VALUES('617027231',95,'5b4e6efb6','3a50a7d96',361200,2360,1653978784,1653978784);
INSERT INTO player_score VALUES('63c466503',95,'5b4e6efb6','47c5b08f4',153903,2677,1654041305,1654041305);
INSERT INTO player_score VALUES('61fa6f882',95,'5b69fc352','3a50a7d96',79856,2392,1653993284,1653993284);
INSERT INTO player_score VALUES('63ae17d93',95,'5b69fc352','47c5b08f4',0,2668,1654038966,1654038966);
INSERT INTO player_score VALUES('5e2ea43b8',95,'5bb58906d','3a50a7d96',10164,2167,1653891384,1653891384);
INSERT INTO player_score VALUES('621ae8860',95,'5bb58906d','47c5b08f4',11753,2520,1653996689,1653996689);
INSERT INTO player_score VALUES('5c833bb70',95,'5c425ad49','3a50a7d96',95880,2077,1653846567,1653846567);
INSERT INTO player_score VALUES('638162894',95,'5c425ad49','47c5b08f4',412776,2658,1654034278,1654034278);
INSERT INTO player_score VALUES('62d0d257a',95,'5c5031511','3a50a7d96',15600,2458,1654015764,1654015764);
INSERT INTO player_score VALUES('616d01787',95,'5c5031511','47c5b08f4',237699,2453,1653978454,1653978454);
INSERT INTO player_score VALUES('632c53a49',95,'5c5cf8cd5','3a50a7d96',171380,2477,1654025359,1654025359);
INSERT INTO player_score VALUES('63b27ae4a',95,'5c5cf8cd5','47c5b08f4',14175,2669,1654039426,1654039426);
INSERT INTO player_score VALUES('63030fad7',95,'5ce307a6b','3a50a7d96',218612,2467,1654021032,1654021032);
INSERT INTO player_score VALUES('628cbd245',95,'5ce307a6b','47c5b08f4',4970,2564,1654008625,1654008625);
INSERT INTO player_score VALUES('60b60b18c',95,'5d073b3d4','3a50a7d96',269696,2316,1653959269,1653959269);
INSERT INTO player_score VALUES('63b9e3df4',95,'5d073b3d4','47c5b08f4',36800,2672,1654040203,1654040203);
INSERT INTO player_score VALUES('638ccce87',95,'5d12e9f39','3a50a7d96',9016,2502,1654035475,1654035475);
INSERT INTO player_score VALUES('63be83f62',95,'5d12e9f39','47c5b08f4',173530,2674,1654040688,1654040688);
INSERT INTO player_score VALUES('5ddcbafc0',95,'5d4f54429','3a50a7d96',442773,2147,1653882795,1653882795);
INSERT INTO player_score VALUES('61fb131cd',95,'5d4f54429','47c5b08f4',178965,2508,1653993351,1653993351);
INSERT INTO player_score VALUES('611415cbe',95,'5f061aee0','3a50a7d96',82998,2337,1653969130,1653969130);
INSERT INTO player_score VALUES('634a93c8d',95,'5f061aee0','47c5b08f4',83328,2636,1654028531,1654028531);
INSERT INTO player_score VALUES('636a95210',95,'5f61779b3','3a50a7d96',292032,2491,1654031887,1654031887);
INSERT INTO player_score VALUES('62cca7748',95,'5f61779b3','47c5b08f4',58032,2582,1654015327,1654015327);
INSERT INTO player_score VALUES('61c47a0d5',95,'5fc963987','3a50a7d96',785603,2378,1653987626,1653987626);
INSERT INTO player_score VALUES('6399a579e',95,'5fc963987','47c5b08f4',90895,2662,1654036822,1654036822);
INSERT INTO player_score VALUES('63ae74a03',95,'5fceac20c','3a50a7d96',58900,2508,1654039004,1654039004);
INSERT INTO player_score VALUES('6368b6a04',95,'5fceac20c','47c5b08f4',143560,2646,1654031691,1654031691);
INSERT INTO player_score VALUES('60e294774',95,'5fd54596c','3a50a7d96',95040,2325,1653963939,1653963939);
INSERT INTO player_score VALUES('636388f0d',95,'5fe94a192','3a50a7d96',282282,2490,1654031148,1654031148);
INSERT INTO player_score VALUES('631de83c7',95,'5fe94a192','47c5b08f4',293301,2614,1654023847,1654023847);
INSERT INTO player_score VALUES('59db8f246',95,'60f05015b','3a50a7d96',67230,1888,1653775298,1653775298);
INSERT INTO player_score VALUES('628411e9c',95,'60f05015b','47c5b08f4',17028,2560,1654007716,1654007716);
INSERT INTO player_score VALUES('609aebbe7',95,'6203b4964','3a50a7d96',6468,2311,1653956425,1653956425);
INSERT INTO player_score VALUES('60651d541',95,'6203b4964','47c5b08f4',50592,2353,1653950783,1653950783);
INSERT INTO player_score VALUES('63a62fef8',95,'62046e20c','3a50a7d96',46644,2506,1654038137,1654038137);
INSERT INTO player_score VALUES('639e4ce36',95,'62046e20c','47c5b08f4',655040,2665,1654037310,1654037310);
INSERT INTO player_score VALUES('630c0428d',95,'621ce6c6a','3a50a7d96',21978,2469,1654021971,1654021971);
INSERT INTO player_score VALUES('5f9cf788b',95,'621ce6c6a','47c5b08f4',113620,2280,1653929796,1653929796);
INSERT INTO player_score VALUES('626a7e0f0',95,'6278a039e','3a50a7d96',129591,2427,1654005034,1654005034);
INSERT INTO player_score VALUES('63be99ed6',95,'6278a039e','47c5b08f4',13248,2676,1654040697,1654040697);
INSERT INTO player_score VALUES('6376c05f5',95,'62cb25b17','3a50a7d96',139650,2495,1654033163,1654033163);
INSERT INTO player_score VALUES('60b10209a',95,'62cb25b17','47c5b08f4',134640,2385,1653958741,1653958741);
INSERT INTO player_score VALUES('62a219e56',95,'634be992b','47c5b08f4',121500,2569,1654010865,1654010865);
INSERT INTO player_score VALUES('632bfe319',95,'6358f2fba','3a50a7d96',79488,2476,1654025324,1654025324);
INSERT INTO player_score VALUES('6239f5bfa',95,'6358f2fba','47c5b08f4',170000,2528,1653999945,1653999945);
COMMIT;
