
BEGIN;
CREATE TABLE IF NOT EXISTS competition (
  id VARCHAR(255) NOT NULL PRIMARY KEY,
  tenant_id BIGINT NOT NULL,
  title TEXT NOT NULL,
  finished_at BIGINT NULL,
  created_at BIGINT NOT NULL,
  updated_at BIGINT NOT NULL
);
INSERT INTO competition VALUES('35d73ec04',97,'ペペロンチーノ探偵 #2',1653546579,1652808478,1653546579);
INSERT INTO competition VALUES('361ddaf04',97,'新宿合衆国カップ',1653737547,1652815882,1653737547);
INSERT INTO competition VALUES('57d820757',97,'浦和.rb vol.4',1653797426,1653721251,1653797426);
INSERT INTO competition VALUES('5859486eb',97,'川口亭 vol.1',1653867068,1653734794,1653867068);
INSERT INTO competition VALUES('5b8fffa6c',97,'第3回 大統一たまプラーザシスターズ',1653936033,1653821062,1653936033);
INSERT INTO competition VALUES('5c1e8dca6',97,'第6回 今夜はメロン教室',NULL,1653836010,1653901627);
INSERT INTO competition VALUES('5ceb477ab',97,'第4回 激辛NAT連合',1653963447,1653857477,1653963447);
CREATE TABLE IF NOT EXISTS player (
  id VARCHAR(255) NOT NULL PRIMARY KEY,
  tenant_id BIGINT NOT NULL,
  display_name TEXT NOT NULL,
  is_disqualified BOOLEAN NOT NULL,
  created_at BIGINT NOT NULL,
  updated_at BIGINT NOT NULL
);
INSERT INTO player VALUES('2790ab741',97,'Sandrine Stark',0,1652425268,1653700135);
INSERT INTO player VALUES('27c76e057',97,'Mr. Vicente Johnson PhD',0,1652431010,1653005210);
INSERT INTO player VALUES('285e1c3a1',97,'Alexandrea Rutherford',0,1652446810,1653424607);
INSERT INTO player VALUES('2887084f4',97,'Kiara Schmidt',0,1652451101,1653095720);
INSERT INTO player VALUES('2a474e9b6',97,'Leonel Gutmann',0,1652498106,1653447802);
INSERT INTO player VALUES('2b2b263ef',97,'Gerardo Mante DVM',0,1652521997,1653540478);
INSERT INTO player VALUES('2b5884035',97,'Una Schulist',0,1652526754,1653134251);
INSERT INTO player VALUES('2bc4d09e0',97,'Luisa Gerhold',0,1652538110,1653736851);
INSERT INTO player VALUES('2bcf1aeac',97,'Laurianne O"Reilly',1,1652539189,1653788868);
INSERT INTO player VALUES('2bed080ca',97,'Name Bahringer',0,1652542327,1653412856);
INSERT INTO player VALUES('2c2fb8cb6',97,'Tony Pacocha',0,1652549320,1653804721);
INSERT INTO player VALUES('3061d380d',97,'Ms. Chaya Ward',0,1652661948,1653121610);
INSERT INTO player VALUES('31406ecbf',97,'Paris Rodriguez Sr.',0,1652685290,1652813241);
INSERT INTO player VALUES('3173dadc5',97,'Ms. Jewel Weimann',0,1652690682,1653677260);
INSERT INTO player VALUES('323bdc08b',97,'Frances Vandervort',0,1652711654,1653116153);
INSERT INTO player VALUES('32769ff83',97,'Lori Schaefer',0,1652717816,1652771402);
INSERT INTO player VALUES('32d99dc41',97,'Mr. Javon Nolan',0,1652728196,1653118944);
INSERT INTO player VALUES('34505f47a',97,'Kevin King',0,1652767492,1653901114);
INSERT INTO player VALUES('34574bba7',97,'Novella Moen',0,1652768218,1653845512);
INSERT INTO player VALUES('3470d844f',97,'Sandra Reynolds',0,1652770897,1652951248);
INSERT INTO player VALUES('35915e94d',97,'Krystel Klocko Jr.',0,1652801151,1653905358);
INSERT INTO player VALUES('367af65eb',97,'Kristy Von PhD',0,1652825645,1653800617);
INSERT INTO player VALUES('37061328b',97,'Judd Tromp',0,1652840232,1653272666);
INSERT INTO player VALUES('39536abfc',97,'Emmett Jenkins',0,1652902029,1653712652);
INSERT INTO player VALUES('3a206da82',97,'Frederique Boyer',0,1652923526,1653982903);
INSERT INTO player VALUES('3aa5774a0',97,'Willow Eichmann MD',0,1652937476,1653115467);
INSERT INTO player VALUES('3b4345387',97,'Darby Daugherty',0,1652954023,1653932341);
INSERT INTO player VALUES('3c6598f52',97,'Elyse Kirlin',0,1652984466,1654009859);
INSERT INTO player VALUES('3cb26ceb2',97,'Tara Ritchie DDS',0,1652992522,1653420906);
INSERT INTO player VALUES('3cb3cc7bb',97,'Magali Ullrich I',0,1652992666,1653004960);
INSERT INTO player VALUES('3cf76ef3d',97,'Ms. Josefina Stokes MD',0,1652999758,1653788034);
INSERT INTO player VALUES('3d63e9f35',97,'Maddison Heller IV',0,1653011133,1653573404);
INSERT INTO player VALUES('3d6d97f94',97,'Moriah Pacocha',0,1653012148,1653640571);
INSERT INTO player VALUES('3da0a25e6',97,'Allen Ebert',0,1653017500,1653497759);
INSERT INTO player VALUES('3da96874f',97,'Ms. Jeanne Mann',0,1653018420,1653689797);
INSERT INTO player VALUES('3dc34f500',97,'Myron Daugherty',0,1653021136,1653579616);
INSERT INTO player VALUES('3e0766f63',97,'Justen Dickens',0,1653028276,1653785073);
INSERT INTO player VALUES('3f3ab1f4b',97,'Destinee Cremin',0,1653060498,1653769240);
INSERT INTO player VALUES('41dafa727',97,'Onie Ward',0,1653130992,1653684918);
INSERT INTO player VALUES('42c1ff109',97,'Macey Eichmann',1,1653155216,1653496680);
INSERT INTO player VALUES('42da8db3d',97,'Ms. Genesis Fadel',0,1653157791,1653242662);
INSERT INTO player VALUES('42fde58ae',97,'Afton Sanford',0,1653161497,1653945834);
INSERT INTO player VALUES('434ef310c',97,'Chester Gerlach',1,1653169996,1653366894);
INSERT INTO player VALUES('4383e34da',97,'Ms. Dorothy Hintz',0,1653175547,1654026038);
INSERT INTO player VALUES('451cdf008',97,'Mateo Boyle',0,1653218432,1653656654);
INSERT INTO player VALUES('45c8c7cfb',97,'Crawford Gleichner',0,1653236458,1653464626);
INSERT INTO player VALUES('468e5a6c4',97,'Chandler Schultz',0,1653257175,1653348428);
INSERT INTO player VALUES('476d9bbef',97,'Angelina Green',0,1653280585,1653329121);
INSERT INTO player VALUES('490ac2556',97,'Soledad Koss',0,1653323907,1653574317);
INSERT INTO player VALUES('494507548',97,'Jon Bailey II',0,1653330017,1653981121);
INSERT INTO player VALUES('4948fef1e',97,'Donny Dickens PhD',0,1653330433,1653811246);
INSERT INTO player VALUES('496757817',97,'Dora Abbott',0,1653333615,1653550180);
INSERT INTO player VALUES('49727b145',97,'Imogene Stokes',1,1653334783,1654004907);
INSERT INTO player VALUES('4a0af1d48',97,'Rene Schroeder',0,1653350770,1653380050);
INSERT INTO player VALUES('4ad742883',97,'Mr. Hester Roob I',0,1653372194,1653435948);
INSERT INTO player VALUES('4b9879686',97,'Eve Quitzon',0,1653392454,1653789214);
INSERT INTO player VALUES('4c2e2e9ae',97,'Isobel Quigley',0,1653408152,1653724084);
INSERT INTO player VALUES('4d7940059',97,'Mattie Morar',0,1653442867,1653883112);
INSERT INTO player VALUES('4da137f47',97,'Dan Beahan Sr.',0,1653447058,1653811119);
INSERT INTO player VALUES('4e49948ba',97,'Marina Torp',0,1653464712,1654007551);
INSERT INTO player VALUES('4f2f9660f',97,'Rodrick O"Kon',0,1653488830,1653585751);
INSERT INTO player VALUES('508cc676e',97,'Addison Champlin',0,1653525445,1653654228);
INSERT INTO player VALUES('5213b229d',97,'Wilfrid Cassin',0,1653566436,1653899915);
INSERT INTO player VALUES('528f0187a',97,'Otis Gottlieb',0,1653579366,1653913836);
INSERT INTO player VALUES('52949d145',97,'Genevieve King',0,1653579954,1653819950);
INSERT INTO player VALUES('53dc50af9',97,'Ms. Alice Legros III',0,1653614316,1653838733);
INSERT INTO player VALUES('54883224f',97,'Ms. Naomie Stoltenberg',0,1653632339,1653964289);
INSERT INTO player VALUES('5516303dc',97,'Elisabeth Douglas',0,1653647228,1653665408);
INSERT INTO player VALUES('562b2a040',97,'Ms. Aliyah Schmitt',1,1653676271,1653988796);
INSERT INTO player VALUES('562e41036',97,'Lorena Hagenes',0,1653676595,1653879155);
INSERT INTO player VALUES('569636c95',97,'Enola Leuschke',0,1653687496,1653760091);
INSERT INTO player VALUES('56acdab3f',97,'Turner Bruen',0,1653689870,1653762453);
INSERT INTO player VALUES('5736ed5c9',97,'Roxane Fahey',0,1653704348,1653949904);
INSERT INTO player VALUES('574e4861a',97,'Baby Runolfsdottir II',0,1653706797,1653872112);
INSERT INTO player VALUES('57eb0c344',97,'Ms. Kavon Runte IV',0,1653723235,1653920555);
INSERT INTO player VALUES('582616f69',97,'Ms. Alanis Muller',0,1653729426,1653800238);
INSERT INTO player VALUES('58be3f98d',97,'Deron Dietrich',0,1653745381,1653820670);
INSERT INTO player VALUES('58e517711',97,'Marjorie Langosh',1,1653749454,1653779922);
INSERT INTO player VALUES('5908b6189',97,'Brenden Kshlerin',0,1653753189,1654013498);
INSERT INTO player VALUES('5980830a4',97,'Dawson Lockman',0,1653765751,1654026839);
INSERT INTO player VALUES('598e32748',97,'Margarita Goyette',0,1653767186,1653948704);
INSERT INTO player VALUES('59fc42bd6',97,'Rocky Ledner',0,1653778727,1653897379);
INSERT INTO player VALUES('5a4d57900',97,'Katelynn Lindgren',0,1653787229,1653930795);
INSERT INTO player VALUES('5a90e409d',97,'Ona Ortiz',0,1653794312,1653888813);
INSERT INTO player VALUES('5ab94eb8e',97,'Sincere Quigley',0,1653798550,1653939329);
INSERT INTO player VALUES('5b4a77603',97,'Jo Stamm',0,1653813771,1653880827);
INSERT INTO player VALUES('5b8d1bed0',97,'Omer Hirthe',0,1653820759,1654035073);
INSERT INTO player VALUES('5b963c596',97,'Quinn Kuphal',0,1653821716,1653862390);
INSERT INTO player VALUES('5ba79f076',97,'Ms. Ettie Bartoletti',0,1653823539,1653991350);
INSERT INTO player VALUES('5bbc275f4',97,'Ms. Alisha Hills DVM',0,1653825692,1653905925);
INSERT INTO player VALUES('5be27b623',97,'Stacy Hickle',0,1653829711,1653971950);
INSERT INTO player VALUES('5e97056e0',97,'Kennedy Weissnat',0,1653902329,1654019957);
INSERT INTO player VALUES('5f8cd237d',97,'Mr. Gilbert Mertz',0,1653928103,1653949258);
INSERT INTO player VALUES('6105d1749',97,'Ms. Kacie Walker Jr.',0,1653967634,1654013115);
INSERT INTO player VALUES('612f945d7',97,'Daija Lesch',0,1653972013,1653978972);
INSERT INTO player VALUES('618f78b71',97,'Coleman Jenkins Sr.',0,1653982068,1654018250);
INSERT INTO player VALUES('61ce84dc2',97,'Mr. Arthur Emard',0,1653988679,1653992700);
INSERT INTO player VALUES('6269c47ea',97,'Genoveva O"Reilly',0,1654004958,1654035992);
INSERT INTO player VALUES('62debeccf',97,'Lilla Muller II',1,1654017224,1654022338);
INSERT INTO player VALUES('631fa21f5',97,'Aylin Olson',0,1654024028,1654026829);
INSERT INTO player VALUES('63240c7ff',97,'Alene Stroman',0,1654024491,1654027175);
INSERT INTO player VALUES('633037bbd',97,'Luciano Franecki',0,1654025767,1654040423);
CREATE TABLE IF NOT EXISTS player_score (
                              id VARCHAR(255) NOT NULL PRIMARY KEY,
                              tenant_id BIGINT NOT NULL,
                              player_id VARCHAR(255) NOT NULL,
                              competition_id VARCHAR(255) NOT NULL,
                              score BIGINT NOT NULL,
                              row_num BIGINT NOT NULL,
                              created_at BIGINT NOT NULL,
                              updated_at BIGINT NOT NULL
);
INSERT INTO player_score VALUES('50be8265a',97,'2790ab741','35d73ec04',123066,1036,1653530660,1653530660);
INSERT INTO player_score VALUES('574b140dc',97,'2790ab741','361ddaf04',45580,1463,1653706461,1653706461);
INSERT INTO player_score VALUES('5a8100a8c',97,'2790ab741','57d820757',67716,1519,1653792646,1653792646);
INSERT INTO player_score VALUES('5f9b49d77',97,'2790ab741','5b8fffa6c',41760,1463,1653929620,1653929620);
INSERT INTO player_score VALUES('63b1a67ed',97,'2790ab741','5c1e8dca6',561330,2055,1654039339,1654039339);
INSERT INTO player_score VALUES('50a2a49e0',97,'27c76e057','35d73ec04',13650,1032,1653527738,1653527738);
INSERT INTO player_score VALUES('5802031e5',97,'27c76e057','361ddaf04',13440,1488,1653725643,1653725643);
INSERT INTO player_score VALUES('5a9ae0315',97,'27c76e057','57d820757',0,1581,1653795359,1653795359);
INSERT INTO player_score VALUES('5d30d7134',97,'27c76e057','5859486eb',14938,1685,1653864771,1653864771);
INSERT INTO player_score VALUES('5fc2c05fc',97,'27c76e057','5b8fffa6c',411600,1521,1653933758,1653933758);
INSERT INTO player_score VALUES('62808d08d',97,'27c76e057','5c1e8dca6',49920,1737,1654007347,1654007347);
INSERT INTO player_score VALUES('60b68a0cb',97,'27c76e057','5ceb477ab',103785,1747,1653959321,1653959321);
INSERT INTO player_score VALUES('4dc6c3c6a',97,'285e1c3a1','35d73ec04',38700,936,1653450995,1653450995);
INSERT INTO player_score VALUES('5a93cf1d2',97,'285e1c3a1','57d820757',114552,1564,1653794618,1653794618);
INSERT INTO player_score VALUES('5d2844426',97,'285e1c3a1','5859486eb',48216,1674,1653863872,1653863872);
INSERT INTO player_score VALUES('5f680c2aa',97,'285e1c3a1','5b8fffa6c',96052,1385,1653924247,1653924247);
INSERT INTO player_score VALUES('6393c5902',97,'285e1c3a1','5c1e8dca6',74752,2017,1654036206,1654036206);
INSERT INTO player_score VALUES('608af9b3c',97,'285e1c3a1','5ceb477ab',124108,1676,1653954753,1653954753);
INSERT INTO player_score VALUES('4f41424c3',97,'2887084f4','35d73ec04',950,982,1653490683,1653490683);
INSERT INTO player_score VALUES('550fc79ef',97,'2887084f4','361ddaf04',119952,1364,1653646556,1653646556);
INSERT INTO player_score VALUES('5a9fa9c88',97,'2887084f4','57d820757',7992,1588,1653795861,1653795861);
INSERT INTO player_score VALUES('5d3984c23',97,'2887084f4','5859486eb',125400,1701,1653865681,1653865681);
INSERT INTO player_score VALUES('5f98c54d3',97,'2887084f4','5b8fffa6c',0,1456,1653929356,1653929356);
INSERT INTO player_score VALUES('633063aaf',97,'2887084f4','5c1e8dca6',81120,1918,1654025785,1654025785);
INSERT INTO player_score VALUES('60d5aacf4',97,'2887084f4','5ceb477ab',125599,1808,1653962585,1653962585);
INSERT INTO player_score VALUES('4de8de3ec',97,'2a474e9b6','35d73ec04',6560,937,1653454571,1653454571);
INSERT INTO player_score VALUES('55d4046ed',97,'2a474e9b6','361ddaf04',87150,1403,1653667133,1653667133);
INSERT INTO player_score VALUES('5a7f863e1',97,'2a474e9b6','57d820757',183180,1516,1653792491,1653792491);
INSERT INTO player_score VALUES('5d14163e0',97,'2a474e9b6','5859486eb',0,1644,1653861756,1653861756);
INSERT INTO player_score VALUES('5fc4de5ff',97,'2a474e9b6','5b8fffa6c',129314,1526,1653933980,1653933980);
INSERT INTO player_score VALUES('6378c380c',97,'2a474e9b6','5c1e8dca6',151060,1987,1654033374,1654033374);
INSERT INTO player_score VALUES('60b9fb66f',97,'2a474e9b6','5ceb477ab',67068,1753,1653959682,1653959682);
INSERT INTO player_score VALUES('4e43cf807',97,'2b2b263ef','35d73ec04',22320,951,1653464107,1653464107);
INSERT INTO player_score VALUES('54e9c1bb1',97,'2b2b263ef','361ddaf04',19440,1359,1653642569,1653642569);
INSERT INTO player_score VALUES('5a7c12723',97,'2b2b263ef','57d820757',67900,1505,1653792129,1653792129);
INSERT INTO player_score VALUES('5d0eed744',97,'2b2b263ef','5859486eb',111848,1634,1653861215,1653861215);
INSERT INTO player_score VALUES('5f6fa86b6',97,'2b2b263ef','5b8fffa6c',218880,1400,1653925045,1653925045);
INSERT INTO player_score VALUES('6388d0614',97,'2b2b263ef','5c1e8dca6',80100,2008,1654035057,1654035057);
INSERT INTO player_score VALUES('600c60081',97,'2b2b263ef','5ceb477ab',55476,1459,1653941478,1653941478);
INSERT INTO player_score VALUES('513ac3794',97,'2b5884035','35d73ec04',135681,1049,1653543689,1653543689);
INSERT INTO player_score VALUES('57472ff89',97,'2b5884035','361ddaf04',7791,1462,1653706053,1653706053);
INSERT INTO player_score VALUES('5a88a91c8',97,'2b5884035','57d820757',320960,1537,1653793449,1653793449);
INSERT INTO player_score VALUES('5d07a1c79',97,'2b5884035','5859486eb',65968,1619,1653860450,1653860450);
INSERT INTO player_score VALUES('5f984179b',97,'2b5884035','5b8fffa6c',224640,1454,1653929302,1653929302);
INSERT INTO player_score VALUES('639a6dafb',97,'2b5884035','5c1e8dca6',8160,2025,1654036904,1654036904);
INSERT INTO player_score VALUES('60b4142b9',97,'2b5884035','5ceb477ab',2125,1739,1653959063,1653959063);
INSERT INTO player_score VALUES('51185ae3c',97,'2bc4d09e0','35d73ec04',13120,1045,1653540081,1653540081);
INSERT INTO player_score VALUES('5872c16a4',97,'2bc4d09e0','361ddaf04',42840,1506,1653737465,1653737465);
INSERT INTO player_score VALUES('5a78fde1d',97,'2bc4d09e0','57d820757',11340,1497,1653791806,1653791806);
INSERT INTO player_score VALUES('5d2d54a80',97,'2bc4d09e0','5859486eb',201275,1681,1653864403,1653864403);
INSERT INTO player_score VALUES('5fb06c012',97,'2bc4d09e0','5b8fffa6c',28158,1496,1653931836,1653931836);
INSERT INTO player_score VALUES('6327bd51d',97,'2bc4d09e0','5c1e8dca6',352350,1911,1654024878,1654024878);
INSERT INTO player_score VALUES('60d60522a',97,'2bc4d09e0','5ceb477ab',60750,1809,1653962622,1653962622);
INSERT INTO player_score VALUES('4e426146f',97,'2bcf1aeac','35d73ec04',344045,950,1653463957,1653463957);
INSERT INTO player_score VALUES('5718c0c54',97,'2bcf1aeac','361ddaf04',190275,1448,1653701184,1653701184);
INSERT INTO player_score VALUES('5a8db22ef',97,'2bcf1aeac','57d820757',59800,1548,1653793977,1653793977);
INSERT INTO player_score VALUES('5d3dd445c',97,'2bcf1aeac','5859486eb',125400,1704,1653866133,1653866133);
INSERT INTO player_score VALUES('5fd5eb9dc',97,'2bcf1aeac','5b8fffa6c',2010,1552,1653935768,1653935768);
INSERT INTO player_score VALUES('639b2e8e5',97,'2bcf1aeac','5c1e8dca6',19488,2026,1654036983,1654036983);
INSERT INTO player_score VALUES('60d7d4fe0',97,'2bcf1aeac','5ceb477ab',53280,1815,1653962812,1653962812);
INSERT INTO player_score VALUES('56a955cf6',97,'2bed080ca','361ddaf04',57960,1427,1653689501,1653689501);
INSERT INTO player_score VALUES('5a9a61403',97,'2bed080ca','57d820757',45864,1579,1653795307,1653795307);
INSERT INTO player_score VALUES('5cbdb3fa3',97,'2bed080ca','5859486eb',27824,1521,1653852698,1653852698);
INSERT INTO player_score VALUES('631dbc470',97,'2bed080ca','5c1e8dca6',7110,1888,1654023829,1654023829);
INSERT INTO player_score VALUES('60d0c17aa',97,'2bed080ca','5ceb477ab',11328,1796,1653962070,1653962070);
INSERT INTO player_score VALUES('507be52dd',97,'2c2fb8cb6','35d73ec04',444276,1028,1653523675,1653523675);
INSERT INTO player_score VALUES('57b15c256',97,'2c2fb8cb6','361ddaf04',51300,1481,1653717186,1653717186);
INSERT INTO player_score VALUES('5aaa97a27',97,'2c2fb8cb6','57d820757',7040,1608,1653797007,1653797007);
INSERT INTO player_score VALUES('5d3348183',97,'2c2fb8cb6','5859486eb',261888,1689,1653865027,1653865027);
INSERT INTO player_score VALUES('6391ac75c',97,'2c2fb8cb6','5c1e8dca6',84588,2015,1654035986,1654035986);
INSERT INTO player_score VALUES('60d6cd513',97,'2c2fb8cb6','5ceb477ab',169275,1813,1653962704,1653962704);
INSERT INTO player_score VALUES('5151f28a1',97,'3061d380d','35d73ec04',78840,1054,1653546120,1653546120);
INSERT INTO player_score VALUES('546009618',97,'3061d380d','361ddaf04',37908,1328,1653628128,1653628128);
INSERT INTO player_score VALUES('5ccc30795',97,'3061d380d','5859486eb',107325,1543,1653854217,1653854217);
INSERT INTO player_score VALUES('5f41df387',97,'3061d380d','5b8fffa6c',6624,1335,1653920244,1653920244);
INSERT INTO player_score VALUES('63a44efac',97,'3061d380d','5c1e8dca6',133770,2040,1654037940,1654037940);
INSERT INTO player_score VALUES('60d2a750f',97,'3061d380d','5ceb477ab',143276,1798,1653962269,1653962269);
INSERT INTO player_score VALUES('4e622327f',97,'31406ecbf','35d73ec04',16380,957,1653467287,1653467287);
INSERT INTO player_score VALUES('54de01ea0',97,'31406ecbf','361ddaf04',2415,1352,1653641337,1653641337);
INSERT INTO player_score VALUES('5a6bb2927',97,'31406ecbf','57d820757',3456,1464,1653790412,1653790412);
INSERT INTO player_score VALUES('5d383da10',97,'31406ecbf','5859486eb',143260,1698,1653865547,1653865547);
INSERT INTO player_score VALUES('5fa12ea3f',97,'31406ecbf','5b8fffa6c',135966,1478,1653930238,1653930238);
INSERT INTO player_score VALUES('63b9a94aa',97,'31406ecbf','5c1e8dca6',215824,2061,1654040179,1654040179);
INSERT INTO player_score VALUES('60d921046',97,'31406ecbf','5ceb477ab',22032,1817,1653962948,1653962948);
INSERT INTO player_score VALUES('5135230f2',97,'3173dadc5','35d73ec04',141372,1048,1653543099,1653543099);
INSERT INTO player_score VALUES('5788bbbe7',97,'3173dadc5','361ddaf04',49686,1476,1653712926,1653712926);
INSERT INTO player_score VALUES('5a8947ce0',97,'3173dadc5','57d820757',47685,1540,1653793514,1653793514);
INSERT INTO player_score VALUES('5ceda4f20',97,'3173dadc5','5859486eb',92796,1589,1653857725,1653857725);
INSERT INTO player_score VALUES('5f51328f7',97,'3173dadc5','5b8fffa6c',87822,1359,1653921851,1653921851);
INSERT INTO player_score VALUES('63b65efc7',97,'3173dadc5','5c1e8dca6',569430,2059,1654039834,1654039834);
INSERT INTO player_score VALUES('608abcaba',97,'3173dadc5','5ceb477ab',16356,1674,1653954728,1653954728);
INSERT INTO player_score VALUES('4f6fced21',97,'323bdc08b','35d73ec04',9504,990,1653495564,1653495564);
INSERT INTO player_score VALUES('574ef8264',97,'323bdc08b','361ddaf04',91104,1464,1653706869,1653706869);
INSERT INTO player_score VALUES('5d3672a18',97,'323bdc08b','5859486eb',9360,1695,1653865359,1653865359);
INSERT INTO player_score VALUES('5faf8dd1e',97,'323bdc08b','5b8fffa6c',109200,1495,1653931745,1653931745);
INSERT INTO player_score VALUES('624cbf4eb',97,'323bdc08b','5c1e8dca6',540540,1693,1654001915,1654001915);
INSERT INTO player_score VALUES('4fcea908d',97,'32769ff83','35d73ec04',214110,1006,1653505510,1653505510);
INSERT INTO player_score VALUES('586d2ac20',97,'32769ff83','361ddaf04',33300,1501,1653736879,1653736879);
INSERT INTO player_score VALUES('5a84b65c9',97,'32769ff83','57d820757',259594,1526,1653793035,1653793035);
INSERT INTO player_score VALUES('5d1488fcd',97,'32769ff83','5859486eb',365690,1646,1653861803,1653861803);
INSERT INTO player_score VALUES('5fcda95b7',97,'32769ff83','5b8fffa6c',171785,1541,1653934902,1653934902);
INSERT INTO player_score VALUES('63c6d9c15',97,'32769ff83','5c1e8dca6',124992,2079,1654041562,1654041562);
INSERT INTO player_score VALUES('60cef40b5',97,'32769ff83','5ceb477ab',4455,1787,1653961881,1653961881);
INSERT INTO player_score VALUES('50fe3be33',97,'32d99dc41','35d73ec04',61065,1044,1653537342,1653537342);
INSERT INTO player_score VALUES('58360de21',97,'32d99dc41','361ddaf04',36146,1495,1653731100,1653731100);
INSERT INTO player_score VALUES('5a92c500a',97,'32d99dc41','57d820757',45625,1561,1653794509,1653794509);
INSERT INTO player_score VALUES('6341b7b83',97,'32d99dc41','5c1e8dca6',106575,1941,1654027602,1654027602);
INSERT INTO player_score VALUES('607221d6f',97,'32d99dc41','5ceb477ab',4028,1633,1653952148,1653952148);
INSERT INTO player_score VALUES('50d10eeea',97,'34505f47a','35d73ec04',12212,1039,1653532605,1653532605);
INSERT INTO player_score VALUES('56ff93752',97,'34505f47a','361ddaf04',60698,1442,1653698544,1653698544);
INSERT INTO player_score VALUES('5a9bafb79',97,'34505f47a','57d820757',296820,1583,1653795444,1653795444);
INSERT INTO player_score VALUES('5d24f78c2',97,'34505f47a','5859486eb',464128,1670,1653863526,1653863526);
INSERT INTO player_score VALUES('63c13bc38',97,'34505f47a','5c1e8dca6',159600,2073,1654040973,1654040973);
INSERT INTO player_score VALUES('60cd465f2',97,'34505f47a','5ceb477ab',312984,1785,1653961705,1653961705);
INSERT INTO player_score VALUES('514d09376',97,'34574bba7','35d73ec04',9282,1053,1653545605,1653545605);
INSERT INTO player_score VALUES('55ea8fe96',97,'34574bba7','361ddaf04',32981,1407,1653669497,1653669497);
INSERT INTO player_score VALUES('5a7111115',97,'34574bba7','57d820757',292248,1478,1653790975,1653790975);
INSERT INTO player_score VALUES('5cc52e0ac',97,'34574bba7','5859486eb',8112,1534,1653853482,1653853482);
INSERT INTO player_score VALUES('5fc909418',97,'34574bba7','5b8fffa6c',36540,1530,1653934417,1653934417);
INSERT INTO player_score VALUES('6367c75ae',97,'34574bba7','5c1e8dca6',213180,1972,1654031593,1654031593);
INSERT INTO player_score VALUES('607cfe9da',97,'34574bba7','5ceb477ab',71680,1654,1653953287,1653953287);
INSERT INTO player_score VALUES('576736383',97,'3470d844f','361ddaf04',41496,1470,1653709411,1653709411);
INSERT INTO player_score VALUES('5a868d8c4',97,'3470d844f','57d820757',23426,1529,1653793228,1653793228);
INSERT INTO player_score VALUES('5ce2026d1',97,'3470d844f','5859486eb',157950,1577,1653856505,1653856505);
INSERT INTO player_score VALUES('5f8058db8',97,'3470d844f','5b8fffa6c',35696,1418,1653926795,1653926795);
INSERT INTO player_score VALUES('6396516bf',97,'3470d844f','5c1e8dca6',252174,2021,1654036473,1654036473);
INSERT INTO player_score VALUES('60d672fd3',97,'3470d844f','5ceb477ab',84249,1811,1653962667,1653962667);
INSERT INTO player_score VALUES('4e98a8ae6',97,'35915e94d','35d73ec04',3500,966,1653473004,1653473004);
INSERT INTO player_score VALUES('5a797a671',97,'35915e94d','57d820757',386900,1499,1653791857,1653791857);
INSERT INTO player_score VALUES('5d0c751c8',97,'35915e94d','5859486eb',162,1630,1653860956,1653860956);
INSERT INTO player_score VALUES('5fcb72f39',97,'35915e94d','5b8fffa6c',230454,1535,1653934670,1653934670);
INSERT INTO player_score VALUES('60d546b27',97,'35915e94d','5ceb477ab',47790,1805,1653962544,1653962544);
INSERT INTO player_score VALUES('4f9d958c6',97,'367af65eb','35d73ec04',648000,999,1653500364,1653500364);
INSERT INTO player_score VALUES('5648368af',97,'367af65eb','361ddaf04',34398,1413,1653679317,1653679317);
INSERT INTO player_score VALUES('5d4377296',97,'367af65eb','5859486eb',44462,1710,1653866724,1653866724);
INSERT INTO player_score VALUES('5fcb13b9d',97,'367af65eb','5b8fffa6c',126480,1534,1653934631,1653934631);
INSERT INTO player_score VALUES('637bee0c8',97,'367af65eb','5c1e8dca6',95418,1993,1654033706,1654033706);
INSERT INTO player_score VALUES('60d16c5e2',97,'367af65eb','5ceb477ab',21070,1797,1653962140,1653962140);
INSERT INTO player_score VALUES('5aaabc41f',97,'37061328b','57d820757',42160,1610,1653797022,1653797022);
INSERT INTO player_score VALUES('5fc96aef0',97,'37061328b','5b8fffa6c',601885,1531,1653934457,1653934457);
INSERT INTO player_score VALUES('60ca82591',97,'37061328b','5ceb477ab',93993,1779,1653961415,1653961415);
INSERT INTO player_score VALUES('4e237d8e8',97,'39536abfc','35d73ec04',206800,946,1653460718,1653460718);
INSERT INTO player_score VALUES('5776c693d',97,'39536abfc','361ddaf04',16590,1473,1653711043,1653711043);
INSERT INTO player_score VALUES('5aa41b7c6',97,'39536abfc','57d820757',165750,1602,1653796327,1653796327);
INSERT INTO player_score VALUES('5d211ac6c',97,'39536abfc','5859486eb',32384,1665,1653863121,1653863121);
INSERT INTO player_score VALUES('630679b34',97,'39536abfc','5c1e8dca6',3696,1863,1654021390,1654021390);
INSERT INTO player_score VALUES('60c8cd556',97,'39536abfc','5ceb477ab',494802,1773,1653961236,1653961236);
INSERT INTO player_score VALUES('507de84f1',97,'3a206da82','35d73ec04',1932,1029,1653523886,1653523886);
INSERT INTO player_score VALUES('571785d12',97,'3a206da82','361ddaf04',564060,1447,1653701055,1653701055);
INSERT INTO player_score VALUES('5a9731d18',97,'3a206da82','57d820757',60208,1575,1653794973,1653794973);
INSERT INTO player_score VALUES('5d27a8010',97,'3a206da82','5859486eb',68672,1672,1653863808,1653863808);
INSERT INTO player_score VALUES('5fb6b2706',97,'3a206da82','5b8fffa6c',0,1506,1653932494,1653932494);
INSERT INTO player_score VALUES('633679485',97,'3a206da82','5c1e8dca6',25517,1926,1654026423,1654026423);
INSERT INTO player_score VALUES('60ca0845d',97,'3a206da82','5ceb477ab',402201,1778,1653961365,1653961365);
INSERT INTO player_score VALUES('5085e1577',97,'3aa5774a0','35d73ec04',11232,1030,1653524722,1653524722);
INSERT INTO player_score VALUES('58708fe5e',97,'3aa5774a0','361ddaf04',497178,1505,1653737235,1653737235);
INSERT INTO player_score VALUES('5d15d508f',97,'3aa5774a0','5859486eb',20160,1647,1653861939,1653861939);
INSERT INTO player_score VALUES('6347f6d67',97,'3aa5774a0','5c1e8dca6',96866,1950,1654028257,1654028257);
INSERT INTO player_score VALUES('60cfc8739',97,'3aa5774a0','5ceb477ab',42742,1792,1653961968,1653961968);
INSERT INTO player_score VALUES('4f854b4a6',97,'3b4345387','35d73ec04',239855,993,1653497817,1653497817);
INSERT INTO player_score VALUES('586e2b1a4',97,'3b4345387','361ddaf04',0,1502,1653736984,1653736984);
INSERT INTO player_score VALUES('5a6ba17ae',97,'3b4345387','57d820757',135520,1463,1653790405,1653790405);
INSERT INTO player_score VALUES('5d45a8ab8',97,'3b4345387','5859486eb',253552,1713,1653866954,1653866954);
INSERT INTO player_score VALUES('62da5bc22',97,'3b4345387','5c1e8dca6',0,1817,1654016764,1654016764);
INSERT INTO player_score VALUES('60c91903c',97,'3b4345387','5ceb477ab',51744,1777,1653961267,1653961267);
INSERT INTO player_score VALUES('502adefe0',97,'3c6598f52','35d73ec04',86436,1017,1653515179,1653515179);
INSERT INTO player_score VALUES('5843f7e33',97,'3c6598f52','361ddaf04',0,1497,1653732559,1653732559);
INSERT INTO player_score VALUES('5a7aded65',97,'3c6598f52','57d820757',12432,1502,1653792003,1653792003);
INSERT INTO player_score VALUES('5cc83dbcf',97,'3c6598f52','5859486eb',79800,1538,1653853803,1653853803);
INSERT INTO player_score VALUES('5fd1c59a4',97,'3c6598f52','5b8fffa6c',5760,1548,1653935333,1653935333);
INSERT INTO player_score VALUES('632450dcc',97,'3c6598f52','5c1e8dca6',154224,1900,1654024519,1654024519);
INSERT INTO player_score VALUES('5fa40149d',97,'3c6598f52','5ceb477ab',571896,1283,1653930534,1653930534);
INSERT INTO player_score VALUES('4c6e84552',97,'3cb26ceb2','35d73ec04',402480,878,1653414898,1653414898);
INSERT INTO player_score VALUES('53d670c85',97,'3cb26ceb2','361ddaf04',45864,1301,1653613700,1653613700);
INSERT INTO player_score VALUES('5d387d190',97,'3cb26ceb2','5859486eb',214472,1699,1653865573,1653865573);
INSERT INTO player_score VALUES('63a780d7f',97,'3cb26ceb2','5c1e8dca6',204000,2044,1654038275,1654038275);
INSERT INTO player_score VALUES('60c72bdaf',97,'3cb26ceb2','5ceb477ab',55080,1772,1653961065,1653961065);
INSERT INTO player_score VALUES('513bf9897',97,'3cb3cc7bb','35d73ec04',47658,1050,1653543816,1653543816);
INSERT INTO player_score VALUES('5aaab4f12',97,'3cb3cc7bb','57d820757',377650,1609,1653797019,1653797019);
INSERT INTO player_score VALUES('5cfb43478',97,'3cb3cc7bb','5859486eb',170640,1603,1653859153,1653859153);
INSERT INTO player_score VALUES('5fcecbe33',97,'3cb3cc7bb','5b8fffa6c',4356,1544,1653935021,1653935021);
INSERT INTO player_score VALUES('63a2f6ba1',97,'3cb3cc7bb','5c1e8dca6',72800,2038,1654037799,1654037799);
INSERT INTO player_score VALUES('60a96aad9',97,'3cb3cc7bb','5ceb477ab',96965,1724,1653957945,1653957945);
INSERT INTO player_score VALUES('50e908a3d',97,'3cf76ef3d','35d73ec04',450,1042,1653535119,1653535119);
INSERT INTO player_score VALUES('5705dc592',97,'3cf76ef3d','361ddaf04',40656,1444,1653699203,1653699203);
INSERT INTO player_score VALUES('5aaa5d0d5',97,'3cf76ef3d','57d820757',187404,1607,1653796983,1653796983);
INSERT INTO player_score VALUES('5cc67050a',97,'3cf76ef3d','5859486eb',10320,1537,1653853614,1653853614);
INSERT INTO player_score VALUES('5faacb917',97,'3cf76ef3d','5b8fffa6c',5920,1490,1653931246,1653931246);
INSERT INTO player_score VALUES('639bdbe01',97,'3cf76ef3d','5c1e8dca6',112632,2030,1654037054,1654037054);
INSERT INTO player_score VALUES('60d7fe822',97,'3cf76ef3d','5ceb477ab',115000,1816,1653962829,1653962829);
INSERT INTO player_score VALUES('4e74ad40c',97,'3d63e9f35','35d73ec04',516,960,1653469231,1653469231);
INSERT INTO player_score VALUES('53fdfd4b1',97,'3d63e9f35','361ddaf04',3339,1312,1653617847,1653617847);
INSERT INTO player_score VALUES('5aa21d390',97,'3d63e9f35','57d820757',9425,1593,1653796118,1653796118);
INSERT INTO player_score VALUES('5ceb40227',97,'3d63e9f35','5859486eb',68400,1585,1653857474,1653857474);
INSERT INTO player_score VALUES('5fb5c32d7',97,'3d63e9f35','5b8fffa6c',3840,1505,1653932396,1653932396);
INSERT INTO player_score VALUES('63a9336a6',97,'3d63e9f35','5c1e8dca6',19608,2048,1654038453,1654038453);
INSERT INTO player_score VALUES('6081b71a3',97,'3d63e9f35','5ceb477ab',13770,1661,1653953782,1653953782);
INSERT INTO player_score VALUES('50bac07c2',97,'3d6d97f94','35d73ec04',95472,1035,1653530266,1653530266);
INSERT INTO player_score VALUES('5aa3a3d7e',97,'3d6d97f94','57d820757',221184,1598,1653796278,1653796278);
INSERT INTO player_score VALUES('5fcc97e84',97,'3d6d97f94','5b8fffa6c',112332,1538,1653934790,1653934790);
INSERT INTO player_score VALUES('638d113f6',97,'3d6d97f94','5c1e8dca6',5192,2011,1654035503,1654035503);
INSERT INTO player_score VALUES('60c4df798',97,'3d6d97f94','5ceb477ab',150350,1768,1653960824,1653960824);
INSERT INTO player_score VALUES('4e211da8a',97,'3da0a25e6','35d73ec04',672,945,1653460469,1653460469);
INSERT INTO player_score VALUES('586ed390c',97,'3da0a25e6','361ddaf04',133584,1503,1653737053,1653737053);
INSERT INTO player_score VALUES('5aa060e11',97,'3da0a25e6','57d820757',139664,1591,1653795936,1653795936);
INSERT INTO player_score VALUES('5d37ab250',97,'3da0a25e6','5859486eb',0,1697,1653865487,1653865487);
INSERT INTO player_score VALUES('633634eda',97,'3da0a25e6','5c1e8dca6',31746,1925,1654026395,1654026395);
INSERT INTO player_score VALUES('60d57c679',97,'3da0a25e6','5ceb477ab',113220,1807,1653962566,1653962566);
INSERT INTO player_score VALUES('584953f6a',97,'3da96874f','361ddaf04',9282,1499,1653733121,1653733121);
INSERT INTO player_score VALUES('5aad2ad34',97,'3da96874f','57d820757',648810,1614,1653797277,1653797277);
INSERT INTO player_score VALUES('5d3164b0a',97,'3da96874f','5859486eb',82944,1687,1653864829,1653864829);
INSERT INTO player_score VALUES('5fd403561',97,'3da96874f','5b8fffa6c',3780,1551,1653935568,1653935568);
INSERT INTO player_score VALUES('63ba65452',97,'3da96874f','5c1e8dca6',17732,2062,1654040256,1654040256);
INSERT INTO player_score VALUES('60c59909a',97,'3da96874f','5ceb477ab',117260,1769,1653960900,1653960900);
INSERT INTO player_score VALUES('57fecc5db',97,'3dc34f500','361ddaf04',31680,1486,1653725306,1653725306);
INSERT INTO player_score VALUES('5a92b6590',97,'3dc34f500','57d820757',186966,1560,1653794503,1653794503);
INSERT INTO player_score VALUES('5fb550716',97,'3dc34f500','5b8fffa6c',195349,1503,1653932349,1653932349);
INSERT INTO player_score VALUES('63bbbb10d',97,'3dc34f500','5c1e8dca6',21450,2065,1654040396,1654040396);
INSERT INTO player_score VALUES('606ca126d',97,'3dc34f500','5ceb477ab',175440,1616,1653951571,1653951571);
INSERT INTO player_score VALUES('4c91f496e',97,'3e0766f63','35d73ec04',369088,889,1653418614,1653418614);
INSERT INTO player_score VALUES('5823fb6b6',97,'3e0766f63','361ddaf04',49368,1493,1653729205,1653729205);
INSERT INTO player_score VALUES('5a9622ce8',97,'3e0766f63','57d820757',155496,1573,1653794862,1653794862);
INSERT INTO player_score VALUES('5d21a37e3',97,'3e0766f63','5859486eb',58400,1667,1653863177,1653863177);
INSERT INTO player_score VALUES('5f9fe9eea',97,'3e0766f63','5b8fffa6c',19840,1472,1653930105,1653930105);
INSERT INTO player_score VALUES('61fd4bf34',97,'3e0766f63','5c1e8dca6',187209,1605,1653993584,1653993584);
INSERT INTO player_score VALUES('607e26057',97,'3e0766f63','5ceb477ab',220800,1657,1653953408,1653953408);
INSERT INTO player_score VALUES('4dbd6651d',97,'3f3ab1f4b','35d73ec04',693,933,1653450013,1653450013);
INSERT INTO player_score VALUES('53bd65a29',97,'3f3ab1f4b','361ddaf04',76146,1292,1653611074,1653611074);
INSERT INTO player_score VALUES('5a9f8c7fa',97,'3f3ab1f4b','57d820757',36288,1587,1653795849,1653795849);
INSERT INTO player_score VALUES('5d1ca9113',97,'3f3ab1f4b','5859486eb',60630,1658,1653862655,1653862655);
INSERT INTO player_score VALUES('630807a49',97,'3f3ab1f4b','5c1e8dca6',135,1865,1654021553,1654021553);
INSERT INTO player_score VALUES('60cfa3d25',97,'3f3ab1f4b','5ceb477ab',53618,1791,1653961953,1653961953);
INSERT INTO player_score VALUES('4f257cee2',97,'41dafa727','35d73ec04',318246,978,1653487771,1653487771);
INSERT INTO player_score VALUES('545b6e2e4',97,'41dafa727','361ddaf04',122400,1327,1653627645,1653627645);
INSERT INTO player_score VALUES('5a984d04d',97,'41dafa727','57d820757',3480,1577,1653795089,1653795089);
INSERT INTO player_score VALUES('5d40788c5',97,'41dafa727','5859486eb',52316,1706,1653866410,1653866410);
INSERT INTO player_score VALUES('5fa211b12',97,'41dafa727','5b8fffa6c',150400,1480,1653930331,1653930331);
INSERT INTO player_score VALUES('63c1df564',97,'41dafa727','5c1e8dca6',19565,2074,1654041040,1654041040);
INSERT INTO player_score VALUES('60b5e8e93',97,'41dafa727','5ceb477ab',41600,1744,1653959255,1653959255);
INSERT INTO player_score VALUES('4e44694a4',97,'42c1ff109','35d73ec04',1404,952,1653464170,1653464170);
INSERT INTO player_score VALUES('57467669d',97,'42c1ff109','361ddaf04',15810,1460,1653705977,1653705977);
INSERT INTO player_score VALUES('5aa05992c',97,'42c1ff109','57d820757',21497,1590,1653795933,1653795933);
INSERT INTO player_score VALUES('5d3b91a83',97,'42c1ff109','5859486eb',14664,1702,1653865896,1653865896);
INSERT INTO player_score VALUES('5fc1b3d45',97,'42c1ff109','5b8fffa6c',116640,1520,1653933648,1653933648);
INSERT INTO player_score VALUES('638c37f88',97,'42c1ff109','5c1e8dca6',62208,2010,1654035414,1654035414);
INSERT INTO player_score VALUES('606025590',97,'42c1ff109','5ceb477ab',245098,1599,1653950262,1653950262);
INSERT INTO player_score VALUES('4f0cd5e28',97,'42da8db3d','35d73ec04',4186,975,1653485186,1653485186);
INSERT INTO player_score VALUES('577c2ede9',97,'42da8db3d','361ddaf04',8448,1475,1653711610,1653711610);
INSERT INTO player_score VALUES('5a92f5d23',97,'42da8db3d','57d820757',2808,1562,1653794529,1653794529);
INSERT INTO player_score VALUES('5d290041c',97,'42da8db3d','5859486eb',129010,1676,1653863949,1653863949);
INSERT INTO player_score VALUES('5f91b6a98',97,'42da8db3d','5b8fffa6c',358680,1440,1653928616,1653928616);
INSERT INTO player_score VALUES('63ab898d0',97,'42da8db3d','5c1e8dca6',60040,2050,1654038698,1654038698);
INSERT INTO player_score VALUES('6071b3fc2',97,'42da8db3d','5ceb477ab',10017,1631,1653952103,1653952103);
INSERT INTO player_score VALUES('4ed5b9005',97,'42fde58ae','35d73ec04',130720,971,1653479407,1653479407);
INSERT INTO player_score VALUES('57192c326',97,'42fde58ae','361ddaf04',59052,1449,1653701228,1653701228);
INSERT INTO player_score VALUES('5a9defe4e',97,'42fde58ae','57d820757',63960,1585,1653795680,1653795680);
INSERT INTO player_score VALUES('5c7381d6d',97,'42fde58ae','5859486eb',203112,1415,1653844918,1653844918);
INSERT INTO player_score VALUES('5fd3363c8',97,'42fde58ae','5b8fffa6c',122400,1550,1653935484,1653935484);
INSERT INTO player_score VALUES('639430ff8',97,'42fde58ae','5c1e8dca6',159960,2020,1654036250,1654036250);
INSERT INTO player_score VALUES('60a74cae6',97,'42fde58ae','5ceb477ab',21888,1722,1653957723,1653957723);
INSERT INTO player_score VALUES('50ae890d0',97,'434ef310c','35d73ec04',27090,1034,1653528985,1653528985);
INSERT INTO player_score VALUES('5556fd991',97,'434ef310c','361ddaf04',69687,1381,1653654023,1653654023);
INSERT INTO player_score VALUES('5a4b87b00',97,'434ef310c','57d820757',304920,1396,1653787039,1653787039);
INSERT INTO player_score VALUES('5fccd2801',97,'434ef310c','5b8fffa6c',326400,1539,1653934814,1653934814);
INSERT INTO player_score VALUES('62fa97b2f',97,'434ef310c','5c1e8dca6',21280,1853,1654020144,1654020144);
INSERT INTO player_score VALUES('60c0d1e12',97,'434ef310c','5ceb477ab',0,1763,1653960399,1653960399);
INSERT INTO player_score VALUES('4d75103f9',97,'4383e34da','35d73ec04',34320,920,1653442428,1653442428);
INSERT INTO player_score VALUES('5a996f8d0',97,'4383e34da','57d820757',70560,1578,1653795208,1653795208);
INSERT INTO player_score VALUES('5d3db2172',97,'4383e34da','5859486eb',44275,1703,1653866119,1653866119);
INSERT INTO player_score VALUES('5f3fb0256',97,'4383e34da','5b8fffa6c',3402,1331,1653920015,1653920015);
INSERT INTO player_score VALUES('637bc96ce',97,'4383e34da','5c1e8dca6',106488,1990,1654033691,1654033691);
INSERT INTO player_score VALUES('602b72202',97,'4383e34da','5ceb477ab',149600,1515,1653944736,1653944736);
INSERT INTO player_score VALUES('5790c0f97',97,'451cdf008','361ddaf04',20800,1477,1653713767,1653713767);
INSERT INTO player_score VALUES('5aa397a34',97,'451cdf008','57d820757',492030,1597,1653796273,1653796273);
INSERT INTO player_score VALUES('5fc51ddae',97,'451cdf008','5b8fffa6c',476520,1527,1653934006,1653934006);
INSERT INTO player_score VALUES('639e32066',97,'451cdf008','5c1e8dca6',5100,2032,1654037299,1654037299);
INSERT INTO player_score VALUES('60963a8ed',97,'451cdf008','5ceb477ab',52272,1694,1653955933,1653955933);
INSERT INTO player_score VALUES('4dc31a439',97,'45c8c7cfb','35d73ec04',119232,934,1653450611,1653450611);
INSERT INTO player_score VALUES('5756db345',97,'45c8c7cfb','361ddaf04',206388,1468,1653707696,1653707696);
INSERT INTO player_score VALUES('5a921a1a4',97,'45c8c7cfb','57d820757',64108,1557,1653794439,1653794439);
INSERT INTO player_score VALUES('5d3672a19',97,'45c8c7cfb','5859486eb',65360,1694,1653865359,1653865359);
INSERT INTO player_score VALUES('5fcef55e6',97,'45c8c7cfb','5b8fffa6c',16632,1545,1653935038,1653935038);
INSERT INTO player_score VALUES('639bd48f1',97,'45c8c7cfb','5c1e8dca6',12180,2029,1654037051,1654037051);
INSERT INTO player_score VALUES('60af9b231',97,'45c8c7cfb','5ceb477ab',179550,1736,1653958594,1653958594);
INSERT INTO player_score VALUES('4b978f097',97,'468e5a6c4','35d73ec04',98496,839,1653392358,1653392358);
INSERT INTO player_score VALUES('5872ed5bc',97,'468e5a6c4','361ddaf04',23520,1507,1653737483,1653737483);
INSERT INTO player_score VALUES('5aaa0c796',97,'468e5a6c4','57d820757',240786,1605,1653796950,1653796950);
INSERT INTO player_score VALUES('5cc5244c1',97,'468e5a6c4','5859486eb',2500,1533,1653853478,1653853478);
INSERT INTO player_score VALUES('5fbd07898',97,'468e5a6c4','5b8fffa6c',10200,1516,1653933158,1653933158);
INSERT INTO player_score VALUES('63c535d5d',97,'468e5a6c4','5c1e8dca6',10640,2078,1654041390,1654041390);
INSERT INTO player_score VALUES('607acaa46',97,'468e5a6c4','5ceb477ab',5440,1651,1653953056,1653953056);
INSERT INTO player_score VALUES('57455b396',97,'476d9bbef','361ddaf04',48840,1459,1653705861,1653705861);
INSERT INTO player_score VALUES('5a8cb1d3e',97,'476d9bbef','57d820757',168720,1546,1653793872,1653793872);
INSERT INTO player_score VALUES('5d2e1a684',97,'476d9bbef','5859486eb',192,1682,1653864484,1653864484);
INSERT INTO player_score VALUES('5f8084d1a',97,'476d9bbef','5b8fffa6c',9072,1419,1653926813,1653926813);
INSERT INTO player_score VALUES('639fb6378',97,'476d9bbef','5c1e8dca6',25200,2035,1654037458,1654037458);
INSERT INTO player_score VALUES('60a0c6c26',97,'476d9bbef','5ceb477ab',118992,1713,1653957039,1653957039);
INSERT INTO player_score VALUES('4fa37f393',97,'490ac2556','35d73ec04',165760,1000,1653500984,1653500984);
INSERT INTO player_score VALUES('565232adb',97,'490ac2556','361ddaf04',387296,1416,1653680364,1653680364);
INSERT INTO player_score VALUES('5a7abf16c',97,'490ac2556','57d820757',99450,1501,1653791990,1653791990);
INSERT INTO player_score VALUES('5d1422737',97,'490ac2556','5859486eb',9936,1645,1653861761,1653861761);
INSERT INTO player_score VALUES('630f5d15c',97,'490ac2556','5c1e8dca6',53222,1877,1654022322,1654022322);
INSERT INTO player_score VALUES('60a98f483',97,'490ac2556','5ceb477ab',7224,1725,1653957960,1653957960);
INSERT INTO player_score VALUES('51319bbaf',97,'494507548','35d73ec04',100800,1047,1653542729,1653542729);
INSERT INTO player_score VALUES('580166df5',97,'494507548','361ddaf04',12384,1487,1653725579,1653725579);
INSERT INTO player_score VALUES('5a819a780',97,'494507548','57d820757',155800,1522,1653792709,1653792709);
INSERT INTO player_score VALUES('5d2539766',97,'494507548','5859486eb',411600,1671,1653863553,1653863553);
INSERT INTO player_score VALUES('5fd0d1763',97,'494507548','5b8fffa6c',69300,1546,1653935233,1653935233);
INSERT INTO player_score VALUES('63b54d8f1',97,'494507548','5c1e8dca6',30530,2058,1654039722,1654039722);
INSERT INTO player_score VALUES('60d6a3d0a',97,'494507548','5ceb477ab',196812,1812,1653962687,1653962687);
INSERT INTO player_score VALUES('561a3a119',97,'4948fef1e','361ddaf04',58032,1410,1653674495,1653674495);
INSERT INTO player_score VALUES('5f9cdcaed',97,'4948fef1e','5b8fffa6c',61440,1467,1653929785,1653929785);
INSERT INTO player_score VALUES('638e0cb67',97,'4948fef1e','5c1e8dca6',42224,2013,1654035606,1654035606);
INSERT INTO player_score VALUES('604137de3',97,'4948fef1e','5ceb477ab',326106,1540,1653947019,1653947019);
INSERT INTO player_score VALUES('50e6de718',97,'496757817','35d73ec04',14100,1041,1653534892,1653534892);
INSERT INTO player_score VALUES('56f4354e0',97,'496757817','361ddaf04',0,1439,1653697352,1653697352);
INSERT INTO player_score VALUES('5a8d24915',97,'496757817','57d820757',107136,1547,1653793919,1653793919);
INSERT INTO player_score VALUES('5d3239198',97,'496757817','5859486eb',1280,1688,1653864916,1653864916);
INSERT INTO player_score VALUES('5fd227416',97,'496757817','5b8fffa6c',373626,1549,1653935373,1653935373);
INSERT INTO player_score VALUES('63a98dc1f',97,'496757817','5c1e8dca6',57190,2049,1654038490,1654038490);
INSERT INTO player_score VALUES('60bc0fa1b',97,'496757817','5ceb477ab',6860,1758,1653959900,1653959900);
INSERT INTO player_score VALUES('50774ee00',97,'49727b145','35d73ec04',10890,1027,1653523194,1653523194);
INSERT INTO player_score VALUES('586f79969',97,'49727b145','361ddaf04',165908,1504,1653737121,1653737121);
INSERT INTO player_score VALUES('5aa40582c',97,'49727b145','57d820757',224613,1600,1653796318,1653796318);
INSERT INTO player_score VALUES('5cf89c8be',97,'49727b145','5859486eb',13260,1601,1653858875,1653858875);
INSERT INTO player_score VALUES('5fc5ed60a',97,'49727b145','5b8fffa6c',101277,1528,1653934091,1653934091);
INSERT INTO player_score VALUES('63a909e7c',97,'49727b145','5c1e8dca6',218592,2047,1654038436,1654038436);
INSERT INTO player_score VALUES('4e46d0898',97,'4a0af1d48','361ddaf04',6438,1050,1653464422,1653464422);
INSERT INTO player_score VALUES('5a46ea115',97,'4a0af1d48','57d820757',17328,1382,1653786555,1653786555);
INSERT INTO player_score VALUES('5d40a6f2c',97,'4a0af1d48','5859486eb',0,1707,1653866429,1653866429);
INSERT INTO player_score VALUES('5fd6a5272',97,'4a0af1d48','5b8fffa6c',63720,1553,1653935844,1653935844);
INSERT INTO player_score VALUES('63991cc46',97,'4a0af1d48','5c1e8dca6',16875,2023,1654036766,1654036766);
INSERT INTO player_score VALUES('60cc5bf96',97,'4a0af1d48','5ceb477ab',97478,1782,1653961609,1653961609);
INSERT INTO player_score VALUES('4e64f0f07',97,'4ad742883','35d73ec04',204435,958,1653467581,1653467581);
INSERT INTO player_score VALUES('580aa2285',97,'4ad742883','361ddaf04',183222,1490,1653726547,1653726547);
INSERT INTO player_score VALUES('5d35094cf',97,'4ad742883','5859486eb',117180,1691,1653865211,1653865211);
INSERT INTO player_score VALUES('5fce76703',97,'4ad742883','5b8fffa6c',102555,1543,1653934986,1653934986);
INSERT INTO player_score VALUES('63c087177',97,'4ad742883','5c1e8dca6',702,2071,1654040899,1654040899);
INSERT INTO player_score VALUES('609c4b4f6',97,'4ad742883','5ceb477ab',117711,1702,1653956569,1653956569);
INSERT INTO player_score VALUES('514bf0751',97,'4b9879686','35d73ec04',353280,1051,1653545490,1653545490);
INSERT INTO player_score VALUES('54009a3a2',97,'4b9879686','361ddaf04',2352,1313,1653618121,1653618121);
INSERT INTO player_score VALUES('5a7434491',97,'4b9879686','57d820757',55176,1487,1653791304,1653791304);
INSERT INTO player_score VALUES('5cd39be95',97,'4b9879686','5859486eb',4140,1549,1653854995,1653854995);
INSERT INTO player_score VALUES('5f9fc2dac',97,'4b9879686','5b8fffa6c',352800,1470,1653930089,1653930089);
INSERT INTO player_score VALUES('63bda0e50',97,'4b9879686','5c1e8dca6',182062,2067,1654040595,1654040595);
INSERT INTO player_score VALUES('60c8f4660',97,'4b9879686','5ceb477ab',241362,1774,1653961252,1653961252);
INSERT INTO player_score VALUES('4f8351ef8',97,'4c2e2e9ae','35d73ec04',58590,992,1653497610,1653497610);
INSERT INTO player_score VALUES('546a86f20',97,'4c2e2e9ae','361ddaf04',27744,1330,1653629228,1653629228);
INSERT INTO player_score VALUES('5aaa0c797',97,'4c2e2e9ae','57d820757',208980,1606,1653796950,1653796950);
INSERT INTO player_score VALUES('5d44b2190',97,'4c2e2e9ae','5859486eb',36176,1711,1653866853,1653866853);
INSERT INTO player_score VALUES('5fc47a495',97,'4c2e2e9ae','5b8fffa6c',388056,1525,1653933939,1653933939);
INSERT INTO player_score VALUES('62892e7e2',97,'4c2e2e9ae','5c1e8dca6',81536,1742,1654008252,1654008252);
INSERT INTO player_score VALUES('609916fa8',97,'4c2e2e9ae','5ceb477ab',609840,1698,1653956233,1653956233);
INSERT INTO player_score VALUES('4fd5c654b',97,'4d7940059','35d73ec04',21168,1008,1653506256,1653506256);
INSERT INTO player_score VALUES('58310e947',97,'4d7940059','361ddaf04',11340,1494,1653730576,1653730576);
INSERT INTO player_score VALUES('5a969ce5a',97,'4d7940059','57d820757',78960,1574,1653794912,1653794912);
INSERT INTO player_score VALUES('5cf2142f1',97,'4d7940059','5859486eb',83638,1594,1653858190,1653858190);
INSERT INTO player_score VALUES('63c43f3ee',97,'4d7940059','5c1e8dca6',63427,2077,1654041289,1654041289);
INSERT INTO player_score VALUES('60622fcf9',97,'4d7940059','5ceb477ab',5800,1600,1653950476,1653950476);
INSERT INTO player_score VALUES('4fcc97415',97,'4da137f47','35d73ec04',113775,1005,1653505293,1653505293);
INSERT INTO player_score VALUES('565c3feaf',97,'4da137f47','361ddaf04',467606,1420,1653681418,1653681418);
INSERT INTO player_score VALUES('5a4e72c1a',97,'4da137f47','57d820757',26136,1401,1653787345,1653787345);
INSERT INTO player_score VALUES('5d2cd0d28',97,'4da137f47','5859486eb',177723,1679,1653864349,1653864349);
INSERT INTO player_score VALUES('5f45d9473',97,'4da137f47','5b8fffa6c',349713,1342,1653920661,1653920661);
INSERT INTO player_score VALUES('63a641051',97,'4da137f47','5c1e8dca6',104000,2042,1654038144,1654038144);
INSERT INTO player_score VALUES('60dafaa98',97,'4da137f47','5ceb477ab',42245,1819,1653963142,1653963142);
INSERT INTO player_score VALUES('58458f98d',97,'4e49948ba','361ddaf04',141696,1498,1653732726,1653732726);
INSERT INTO player_score VALUES('5a50c8e89',97,'4e49948ba','57d820757',178622,1404,1653787590,1653787590);
INSERT INTO player_score VALUES('5d4321b6d',97,'4e49948ba','5859486eb',183150,1709,1653866689,1653866689);
INSERT INTO player_score VALUES('5fc65b3ba',97,'4e49948ba','5b8fffa6c',106920,1529,1653934136,1653934136);
INSERT INTO player_score VALUES('637975ba0',97,'4e49948ba','5c1e8dca6',45100,1988,1654033447,1654033447);
INSERT INTO player_score VALUES('60cf2ea43',97,'4e49948ba','5ceb477ab',39858,1788,1653961905,1653961905);
INSERT INTO player_score VALUES('4d826a362',97,'4f2f9660f','35d73ec04',35154,923,1653443828,1653443828);
INSERT INTO player_score VALUES('57c068ad5',97,'4f2f9660f','361ddaf04',38400,1483,1653718764,1653718764);
INSERT INTO player_score VALUES('5a83b875d',97,'4f2f9660f','57d820757',117990,1524,1653792931,1653792931);
INSERT INTO player_score VALUES('5f88c7135',97,'4f2f9660f','5b8fffa6c',35360,1426,1653927679,1653927679);
INSERT INTO player_score VALUES('63ade4963',97,'4f2f9660f','5c1e8dca6',127920,2053,1654038945,1654038945);
INSERT INTO player_score VALUES('608d99168',97,'4f2f9660f','5ceb477ab',424512,1680,1653955028,1653955028);
INSERT INTO player_score VALUES('4e3ecb51f',97,'508cc676e','35d73ec04',325975,949,1653463581,1653463581);
INSERT INTO player_score VALUES('56c64c5ac',97,'508cc676e','361ddaf04',6264,1434,1653692538,1653692538);
INSERT INTO player_score VALUES('5a797f487',97,'508cc676e','57d820757',87480,1500,1653791859,1653791859);
INSERT INTO player_score VALUES('5fc9d8caf',97,'508cc676e','5b8fffa6c',591409,1532,1653934502,1653934502);
INSERT INTO player_score VALUES('63396e1ed',97,'508cc676e','5c1e8dca6',99528,1929,1654026733,1654026733);
INSERT INTO player_score VALUES('60c911b2e',97,'508cc676e','5ceb477ab',169100,1776,1653961264,1653961264);
INSERT INTO player_score VALUES('579ed95e0',97,'5213b229d','361ddaf04',182910,1478,1653715245,1653715245);
INSERT INTO player_score VALUES('5aa1ace8d',97,'5213b229d','57d820757',20520,1592,1653796072,1653796072);
INSERT INTO player_score VALUES('5d42aef7d',97,'5213b229d','5859486eb',53568,1708,1653866642,1653866642);
INSERT INTO player_score VALUES('5f8616966',97,'5213b229d','5b8fffa6c',65340,1424,1653927397,1653927397);
INSERT INTO player_score VALUES('60d4e5090',97,'5213b229d','5ceb477ab',40950,1804,1653962504,1653962504);
INSERT INTO player_score VALUES('56e7fb668',97,'528f0187a','361ddaf04',367200,1438,1653696070,1653696070);
INSERT INTO player_score VALUES('5a2f2af5e',97,'528f0187a','57d820757',15996,1326,1653784065,1653784065);
INSERT INTO player_score VALUES('5d27d668a',97,'528f0187a','5859486eb',34440,1673,1653863827,1653863827);
INSERT INTO player_score VALUES('5ed38a970',97,'528f0187a','5b8fffa6c',269376,1194,1653908675,1653908675);
INSERT INTO player_score VALUES('633458da9',97,'528f0187a','5c1e8dca6',85766,1922,1654026200,1654026200);
INSERT INTO player_score VALUES('608f1862d',97,'528f0187a','5ceb477ab',129108,1684,1653955185,1653955185);
INSERT INTO player_score VALUES('5772f875b',97,'52949d145','361ddaf04',2457,1472,1653710644,1653710644);
INSERT INTO player_score VALUES('5aadcbef9',97,'52949d145','57d820757',67473,1615,1653797343,1653797343);
INSERT INTO player_score VALUES('5d1985d81',97,'52949d145','5859486eb',26535,1651,1653862326,1653862326);
INSERT INTO player_score VALUES('638abd8e2',97,'52949d145','5c1e8dca6',15652,2009,1654035259,1654035259);
INSERT INTO player_score VALUES('608cd5c57',97,'52949d145','5ceb477ab',270336,1679,1653954948,1653954948);
INSERT INTO player_score VALUES('547eb7619',97,'53dc50af9','361ddaf04',60970,1336,1653631345,1653631345);
INSERT INTO player_score VALUES('5aacc6b60',97,'53dc50af9','57d820757',58344,1613,1653797236,1653797236);
INSERT INTO player_score VALUES('5d310a586',97,'53dc50af9','5859486eb',347424,1686,1653864792,1653864792);
INSERT INTO player_score VALUES('5f480fade',97,'53dc50af9','5b8fffa6c',52650,1346,1653920893,1653920893);
INSERT INTO player_score VALUES('63a6792d8',97,'53dc50af9','5c1e8dca6',248310,2043,1654038167,1654038167);
INSERT INTO player_score VALUES('608ee03f4',97,'53dc50af9','5ceb477ab',51480,1683,1653955162,1653955162);
INSERT INTO player_score VALUES('57abc7ebd',97,'54883224f','361ddaf04',9120,1480,1653716601,1653716601);
INSERT INTO player_score VALUES('5a9427004',97,'54883224f','57d820757',59976,1567,1653794654,1653794654);
INSERT INTO player_score VALUES('5cfc6d1c8',97,'54883224f','5859486eb',45570,1606,1653859275,1653859275);
INSERT INTO player_score VALUES('5fbd1b107',97,'54883224f','5b8fffa6c',83790,1517,1653933166,1653933166);
INSERT INTO player_score VALUES('6369220d2',97,'54883224f','5c1e8dca6',1860,1974,1654031735,1654031735);
INSERT INTO player_score VALUES('607101c28',97,'54883224f','5ceb477ab',0,1627,1653952030,1653952030);
INSERT INTO player_score VALUES('574710398',97,'5516303dc','361ddaf04',17388,1461,1653706040,1653706040);
INSERT INTO player_score VALUES('5a5e14393',97,'5516303dc','57d820757',29670,1437,1653788984,1653788984);
INSERT INTO player_score VALUES('5d374be89',97,'5516303dc','5859486eb',1944,1696,1653865448,1653865448);
INSERT INTO player_score VALUES('5fbbb42dd',97,'5516303dc','5b8fffa6c',20060,1514,1653933019,1653933019);
INSERT INTO player_score VALUES('633e37b6f',97,'5516303dc','5c1e8dca6',68600,1934,1654027235,1654027235);
INSERT INTO player_score VALUES('60d62ea19',97,'5516303dc','5ceb477ab',88695,1810,1653962639,1653962639);
INSERT INTO player_score VALUES('5690a2925',97,'562b2a040','361ddaf04',333060,1425,1653686911,1653686911);
INSERT INTO player_score VALUES('5a72cfda4',97,'562b2a040','57d820757',162032,1484,1653791158,1653791158);
INSERT INTO player_score VALUES('5ce8be0cd',97,'562b2a040','5859486eb',3510,1583,1653857211,1653857211);
INSERT INTO player_score VALUES('5ebd5bdda',97,'562b2a040','5b8fffa6c',167992,1163,1653906349,1653906349);
INSERT INTO player_score VALUES('63235a476',97,'562b2a040','5c1e8dca6',106500,1898,1654024418,1654024418);
INSERT INTO player_score VALUES('60cbe45cb',97,'562b2a040','5ceb477ab',40362,1781,1653961560,1653961560);
INSERT INTO player_score VALUES('554e76fe8',97,'562e41036','361ddaf04',4662,1379,1653653129,1653653129);
INSERT INTO player_score VALUES('5a7d8a6b4',97,'562e41036','57d820757',588240,1512,1653792283,1653792283);
INSERT INTO player_score VALUES('5d354dac5',97,'562e41036','5859486eb',169248,1692,1653865239,1653865239);
INSERT INTO player_score VALUES('5f940cd35',97,'562e41036','5b8fffa6c',91500,1443,1653928861,1653928861);
INSERT INTO player_score VALUES('630c3c4b2',97,'562e41036','5c1e8dca6',106640,1872,1654021994,1654021994);
INSERT INTO player_score VALUES('60af40cd5',97,'562e41036','5ceb477ab',10476,1734,1653958557,1653958557);
INSERT INTO player_score VALUES('583bb59de',97,'569636c95','361ddaf04',203796,1496,1653731693,1653731693);
INSERT INTO player_score VALUES('5a42a1dfa',97,'569636c95','57d820757',14520,1377,1653786106,1653786106);
INSERT INTO player_score VALUES('5d0b77380',97,'569636c95','5859486eb',44892,1627,1653860852,1653860852);
INSERT INTO player_score VALUES('5fcabbd3b',97,'569636c95','5b8fffa6c',10530,1533,1653934595,1653934595);
INSERT INTO player_score VALUES('62d8fe9d7',97,'569636c95','5c1e8dca6',50244,1816,1654016621,1654016621);
INSERT INTO player_score VALUES('6021cde35',97,'569636c95','5ceb477ab',52140,1500,1653943725,1653943725);
INSERT INTO player_score VALUES('580757dea',97,'56acdab3f','361ddaf04',129504,1489,1653726202,1653726202);
INSERT INTO player_score VALUES('5a5ea1d2f',97,'56acdab3f','57d820757',22059,1439,1653789042,1653789042);
INSERT INTO player_score VALUES('5c6ae05f4',97,'56acdab3f','5859486eb',12103,1406,1653844013,1653844013);
INSERT INTO player_score VALUES('5fb775c08',97,'56acdab3f','5b8fffa6c',313560,1509,1653932574,1653932574);
INSERT INTO player_score VALUES('6355b0038',97,'56acdab3f','5c1e8dca6',9600,1962,1654029696,1654029696);
INSERT INTO player_score VALUES('6095662a8',97,'56acdab3f','5ceb477ab',98658,1693,1653955846,1653955846);
INSERT INTO player_score VALUES('5380aac28',97,'5736ed5c9','361ddaf04',277200,1284,1653604706,1653604706);
INSERT INTO player_score VALUES('5cae71baf',97,'5736ed5c9','5859486eb',1980,1503,1653851098,1653851098);
INSERT INTO player_score VALUES('5fa4bd446',97,'5736ed5c9','5b8fffa6c',209380,1484,1653930611,1653930611);
INSERT INTO player_score VALUES('63c4182ea',97,'5736ed5c9','5c1e8dca6',35136,2076,1654041273,1654041273);
INSERT INTO player_score VALUES('60bc53fa9',97,'5736ed5c9','5ceb477ab',40040,1760,1653959928,1653959928);
INSERT INTO player_score VALUES('56f56b57e',97,'574e4861a','361ddaf04',51471,1440,1653697479,1653697479);
INSERT INTO player_score VALUES('5a9affeef',97,'574e4861a','57d820757',108186,1582,1653795372,1653795372);
INSERT INTO player_score VALUES('5cffa6500',97,'574e4861a','5859486eb',48510,1612,1653859613,1653859613);
INSERT INTO player_score VALUES('5fcb9ee50',97,'574e4861a','5b8fffa6c',39396,1536,1653934688,1653934688);
INSERT INTO player_score VALUES('6336b3df4',97,'574e4861a','5c1e8dca6',258258,1927,1654026447,1654026447);
INSERT INTO player_score VALUES('60d4724d2',97,'574e4861a','5ceb477ab',65520,1802,1653962457,1653962457);
INSERT INTO player_score VALUES('5a5365dce',97,'57eb0c344','57d820757',438900,1413,1653787864,1653787864);
INSERT INTO player_score VALUES('5d2d32755',97,'57eb0c344','5859486eb',20520,1680,1653864389,1653864389);
INSERT INTO player_score VALUES('5f89fd23e',97,'57eb0c344','5b8fffa6c',966,1429,1653927806,1653927806);
INSERT INTO player_score VALUES('60d96564a',97,'57eb0c344','5ceb477ab',372537,1818,1653962976,1653962976);
INSERT INTO player_score VALUES('5556ad086',97,'582616f69','361ddaf04',159250,1380,1653653990,1653653990);
INSERT INTO player_score VALUES('5d3f698d8',97,'582616f69','5859486eb',29440,1705,1653866299,1653866299);
INSERT INTO player_score VALUES('5fa68f956',97,'582616f69','5b8fffa6c',14007,1488,1653930802,1653930802);
INSERT INTO player_score VALUES('6399a7ea3',97,'582616f69','5c1e8dca6',19360,2024,1654036823,1654036823);
INSERT INTO player_score VALUES('602d5a6b3',97,'582616f69','5ceb477ab',38763,1520,1653944936,1653944936);
INSERT INTO player_score VALUES('5a94778f7',97,'58be3f98d','57d820757',109056,1568,1653794687,1653794687);
INSERT INTO player_score VALUES('5ce1132cc',97,'58be3f98d','5859486eb',146432,1572,1653856407,1653856407);
INSERT INTO player_score VALUES('5f9feeceb',97,'58be3f98d','5b8fffa6c',0,1473,1653930107,1653930107);
INSERT INTO player_score VALUES('638805c13',97,'58be3f98d','5c1e8dca6',104832,2006,1654034974,1654034974);
INSERT INTO player_score VALUES('5a71d460c',97,'58e517711','57d820757',117882,1480,1653791055,1653791055);
INSERT INTO player_score VALUES('5d2ec7bbe',97,'58e517711','5859486eb',304,1684,1653864555,1653864555);
INSERT INTO player_score VALUES('5fcd4f058',97,'58e517711','5b8fffa6c',46250,1540,1653934865,1653934865);
INSERT INTO player_score VALUES('638262e52',97,'58e517711','5c1e8dca6',7772,2000,1654034383,1654034383);
INSERT INTO player_score VALUES('6092bd01d',97,'58e517711','5ceb477ab',1395,1690,1653955567,1653955567);
INSERT INTO player_score VALUES('5aab6997a',97,'5908b6189','57d820757',76860,1612,1653797093,1653797093);
INSERT INTO player_score VALUES('5d128abf9',97,'5908b6189','5859486eb',292152,1639,1653861594,1653861594);
INSERT INTO player_score VALUES('5fb55f166',97,'5908b6189','5b8fffa6c',18522,1504,1653932355,1653932355);
INSERT INTO player_score VALUES('6383919ef',97,'5908b6189','5c1e8dca6',193440,2003,1654034507,1654034507);
INSERT INTO player_score VALUES('5a85c55de',97,'5980830a4','57d820757',144060,1527,1653793146,1653793146);
INSERT INTO player_score VALUES('5d0bca3b8',97,'5980830a4','5859486eb',478464,1628,1653860886,1653860886);
INSERT INTO player_score VALUES('63880f840',97,'5980830a4','5c1e8dca6',4704,2007,1654034978,1654034978);
INSERT INTO player_score VALUES('60af0ffba',97,'5980830a4','5ceb477ab',112608,1733,1653958537,1653958537);
INSERT INTO player_score VALUES('5a660acf9',97,'598e32748','57d820757',62208,1451,1653789819,1653789819);
INSERT INTO player_score VALUES('5cae40eab',97,'598e32748','5859486eb',32736,1502,1653851078,1653851078);
INSERT INTO player_score VALUES('5fce013d6',97,'598e32748','5b8fffa6c',18000,1542,1653934938,1653934938);
INSERT INTO player_score VALUES('637c9b62c',97,'598e32748','5c1e8dca6',26730,1995,1654033777,1654033777);
INSERT INTO player_score VALUES('60d06c063',97,'598e32748','5ceb477ab',57960,1795,1653962035,1653962035);
INSERT INTO player_score VALUES('59d13b1a9',97,'59fc42bd6','57d820757',3528,1110,1653774215,1653774215);
INSERT INTO player_score VALUES('5d28889ed',97,'59fc42bd6','5859486eb',47872,1675,1653863900,1653863900);
INSERT INTO player_score VALUES('5f67ca3fe',97,'59fc42bd6','5b8fffa6c',184800,1384,1653924220,1653924220);
INSERT INTO player_score VALUES('63bb8079d',97,'59fc42bd6','5c1e8dca6',48960,2063,1654040372,1654040372);
INSERT INTO player_score VALUES('60cd8f9c7',97,'59fc42bd6','5ceb477ab',90300,1786,1653961735,1653961735);
INSERT INTO player_score VALUES('5aab5af28',97,'5a4d57900','57d820757',552900,1611,1653797087,1653797087);
INSERT INTO player_score VALUES('5d36184bc',97,'5a4d57900','5859486eb',32640,1693,1653865322,1653865322);
INSERT INTO player_score VALUES('5fb9851ba',97,'5a4d57900','5b8fffa6c',120213,1513,1653932790,1653932790);
INSERT INTO player_score VALUES('63bf67029',97,'5a4d57900','5c1e8dca6',800,2070,1654040781,1654040781);
INSERT INTO player_score VALUES('60b7bb39b',97,'5a4d57900','5ceb477ab',223155,1750,1653959446,1653959446);
INSERT INTO player_score VALUES('5aa2507bc',97,'5a90e409d','57d820757',44457,1594,1653796139,1653796139);
INSERT INTO player_score VALUES('5cef2e024',97,'5a90e409d','5859486eb',23790,1592,1653857886,1653857886);
INSERT INTO player_score VALUES('5fc31845e',97,'5a90e409d','5b8fffa6c',64782,1523,1653933794,1653933794);
INSERT INTO player_score VALUES('60d038c0d',97,'5a90e409d','5ceb477ab',15375,1794,1653962014,1653962014);
INSERT INTO player_score VALUES('5cdcf2077',97,'5ab94eb8e','5859486eb',101332,1564,1653855974,1653855974);
INSERT INTO player_score VALUES('5edb8aebd',97,'5ab94eb8e','5b8fffa6c',13224,1203,1653909514,1653909514);
INSERT INTO player_score VALUES('63bf02eb1',97,'5ab94eb8e','5c1e8dca6',529984,2069,1654040740,1654040740);
INSERT INTO player_score VALUES('60b78cd77',97,'5ab94eb8e','5ceb477ab',20128,1748,1653959427,1653959427);
INSERT INTO player_score VALUES('5d294e5e0',97,'5b4a77603','5859486eb',62730,1677,1653863981,1653863981);
INSERT INTO player_score VALUES('5fc00fe6b',97,'5b4a77603','5b8fffa6c',39930,1519,1653933476,1653933476);
INSERT INTO player_score VALUES('6330ec661',97,'5b4a77603','5c1e8dca6',42120,1919,1654025841,1654025841);
INSERT INTO player_score VALUES('60d3c4f7b',97,'5b4a77603','5ceb477ab',58806,1800,1653962386,1653962386);
INSERT INTO player_score VALUES('5d2e4b3e0',97,'5b8d1bed0','5859486eb',1460,1683,1653864504,1653864504);
INSERT INTO player_score VALUES('5fd11f973',97,'5b8d1bed0','5b8fffa6c',6510,1547,1653935265,1653935265);
INSERT INTO player_score VALUES('6344571a4',97,'5b8d1bed0','5c1e8dca6',20196,1945,1654027877,1654027877);
INSERT INTO player_score VALUES('60bc2f5d2',97,'5b8d1bed0','5ceb477ab',154496,1759,1653959913,1653959913);
INSERT INTO player_score VALUES('5d38c3e74',97,'5b963c596','5859486eb',83300,1700,1653865602,1653865602);
INSERT INTO player_score VALUES('5f823282d',97,'5b963c596','5b8fffa6c',48576,1421,1653926989,1653926989);
INSERT INTO player_score VALUES('63b00021f',97,'5b963c596','5c1e8dca6',22176,2054,1654039166,1654039166);
INSERT INTO player_score VALUES('60a18a11d',97,'5b963c596','5ceb477ab',173826,1714,1653957119,1653957119);
INSERT INTO player_score VALUES('5d44d1d4c',97,'5ba79f076','5859486eb',348740,1712,1653866866,1653866866);
INSERT INTO player_score VALUES('5fc363f30',97,'5ba79f076','5b8fffa6c',65016,1524,1653933825,1653933825);
INSERT INTO player_score VALUES('63b71d6a7',97,'5ba79f076','5c1e8dca6',247680,2060,1654039912,1654039912);
INSERT INTO player_score VALUES('617339471',97,'5bbc275f4','5c1e8dca6',199680,1469,1653979106,1653979106);
INSERT INTO player_score VALUES('60ba1b228',97,'5bbc275f4','5ceb477ab',64512,1755,1653959695,1653959695);
INSERT INTO player_score VALUES('5d1de4042',97,'5be27b623','5859486eb',187850,1661,1653862784,1653862784);
INSERT INTO player_score VALUES('5f2e7bd65',97,'5be27b623','5b8fffa6c',81225,1303,1653918211,1653918211);
INSERT INTO player_score VALUES('63594fbe0',97,'5be27b623','5c1e8dca6',50700,1964,1654030076,1654030076);
INSERT INTO player_score VALUES('60cf3388b',97,'5be27b623','5ceb477ab',63000,1789,1653961907,1653961907);
INSERT INTO player_score VALUES('5fc2ec506',97,'5e97056e0','5b8fffa6c',303996,1522,1653933776,1653933776);
INSERT INTO player_score VALUES('63c20b49a',97,'5e97056e0','5c1e8dca6',22230,2075,1654041058,1654041058);
INSERT INTO player_score VALUES('60b54caac',97,'5e97056e0','5ceb477ab',152280,1743,1653959191,1653959191);
INSERT INTO player_score VALUES('5fa61f489',97,'5f8cd237d','5b8fffa6c',538447,1486,1653930756,1653930756);
INSERT INTO player_score VALUES('630133980',97,'5f8cd237d','5c1e8dca6',236874,1858,1654020837,1654020837);
INSERT INTO player_score VALUES('6091d2a00',97,'5f8cd237d','5ceb477ab',497664,1687,1653955471,1653955471);
INSERT INTO player_score VALUES('63670dd17',97,'6105d1749','5c1e8dca6',0,1970,1654031517,1654031517);
INSERT INTO player_score VALUES('61f5de175',97,'618f78b71','5c1e8dca6',223440,1593,1653992805,1653992805);
INSERT INTO player_score VALUES('63a841b5d',97,'61ce84dc2','5c1e8dca6',201042,2046,1654038354,1654038354);
INSERT INTO player_score VALUES('63a833108',97,'6269c47ea','5c1e8dca6',88,2045,1654038348,1654038348);
INSERT INTO player_score VALUES('63bc1cb9a',97,'62debeccf','5c1e8dca6',8960,2066,1654040436,1654040436);
INSERT INTO player_score VALUES('6335cbf2a',97,'631fa21f5','5c1e8dca6',31635,1924,1654026352,1654026352);
INSERT INTO player_score VALUES('62f8c7d65',97,'63240c7ff','5c1e8dca6',23625,1852,1654019954,1654019954);
INSERT INTO player_score VALUES('6392b6931',97,'633037bbd','5c1e8dca6',41580,2016,1654036095,1654036095);
COMMIT;
