
BEGIN;
CREATE TABLE IF NOT EXISTS competition (
  id VARCHAR(255) NOT NULL PRIMARY KEY,
  tenant_id BIGINT NOT NULL,
  title TEXT NOT NULL,
  finished_at BIGINT NULL,
  created_at BIGINT NOT NULL,
  updated_at BIGINT NOT NULL
);
INSERT INTO competition VALUES('3d56b97bc',99,'当たるビール物語 vol.7',NULL,1653009750,1653384773);
INSERT INTO competition VALUES('47cbcb110',99,'ロージー同好会',NULL,1653290461,1654000829);
INSERT INTO competition VALUES('54616dd46',99,'町田ラボ vol.2',1654029255,1653628274,1654029255);
INSERT INTO competition VALUES('596ceed7c',99,'ボルダリングだらけ杯',NULL,1653763698,1653868806);
CREATE TABLE IF NOT EXISTS player (
  id VARCHAR(255) NOT NULL PRIMARY KEY,
  tenant_id BIGINT NOT NULL,
  display_name TEXT NOT NULL,
  is_disqualified BOOLEAN NOT NULL,
  created_at BIGINT NOT NULL,
  updated_at BIGINT NOT NULL
);
INSERT INTO player VALUES('29343d220',99,'Susan Hodkiewicz IV',0,1652469263,1652787615);
INSERT INTO player VALUES('29c71fad1',99,'Walker McKenzie',0,1652484665,1653825610);
INSERT INTO player VALUES('2b1621655',99,'Tiffany Hoeger',0,1652519793,1652787771);
INSERT INTO player VALUES('2c756828e',99,'Roman Cremin',0,1652556627,1653624083);
INSERT INTO player VALUES('2d4b6e307',99,'Donnell Hayes',1,1652579069,1654013709);
INSERT INTO player VALUES('2dac220d1',99,'Wilson Hills',0,1652589209,1652833892);
INSERT INTO player VALUES('2f2406116',99,'Shany Hermiston Jr.',0,1652628624,1653343922);
INSERT INTO player VALUES('3041fe17a',99,'Liza Kassulke DDS',0,1652658610,1654015805);
INSERT INTO player VALUES('30fce2513',99,'Eriberto Weimann',1,1652678207,1653916158);
INSERT INTO player VALUES('31096f372',99,'Ms. Kaia Reynolds',0,1652679523,1653878067);
INSERT INTO player VALUES('31a6309c9',99,'Conner Kilback',0,1652695960,1652816856);
INSERT INTO player VALUES('33abb5f47',99,'Dayna Breitenberg MD',0,1652750226,1653438452);
INSERT INTO player VALUES('344e76fe5',99,'Destany Grant',0,1652767292,1653533871);
INSERT INTO player VALUES('35defd2a7',99,'Kay Becker',0,1652809290,1652975452);
INSERT INTO player VALUES('3613cb3e4',99,'Amelia D"Amore',0,1652814827,1653353919);
INSERT INTO player VALUES('36311c1d3',99,'Aletha Ankunding',0,1652817901,1653064127);
INSERT INTO player VALUES('37f5615ec',99,'Ms. Prudence Schmeler',0,1652865325,1653811780);
INSERT INTO player VALUES('384902101',99,'Aaron Larkin',0,1652874094,1653524727);
INSERT INTO player VALUES('385b60349',99,'Gregg Schiller I',0,1652876020,1653121654);
INSERT INTO player VALUES('38ead8bb5',99,'Mr. Joesph Kuhlman IV',0,1652891064,1654018826);
INSERT INTO player VALUES('392217ce1',99,'Fannie Waters I',0,1652896857,1653394480);
INSERT INTO player VALUES('39d9e0219',99,'Joaquin Shields DVM',0,1652916128,1652983376);
INSERT INTO player VALUES('3a2b0d656',99,'Concepcion Senger V',0,1652924640,1653427042);
INSERT INTO player VALUES('3c894d927',99,'Elliott Adams',0,1652988210,1653056463);
INSERT INTO player VALUES('3cae4209d',99,'Ms. Yasmine Murphy',0,1652992085,1653421717);
INSERT INTO player VALUES('3d1d7264d',99,'Kaylie Lindgren PhD',0,1653003744,1653606578);
INSERT INTO player VALUES('3da1a526d',99,'Ms. Jody Von',0,1653017606,1653404034);
INSERT INTO player VALUES('3e185bcbd',99,'Delores McKenzie',0,1653030054,1653531684);
INSERT INTO player VALUES('4045023ad',99,'Lavern Fay',0,1653088423,1653578509);
INSERT INTO player VALUES('42981c6bd',99,'Ms. Marge Wiegand',0,1653150824,1653858593);
INSERT INTO player VALUES('431b42a54',99,'Rachel Kiehn',0,1653164576,1653432705);
INSERT INTO player VALUES('4383cae3b',99,'Giovanny Brakus',0,1653175537,1653222234);
INSERT INTO player VALUES('43d5a3081',99,'Ms. Noelia Krajcik V',0,1653184119,1653193511);
INSERT INTO player VALUES('477380856',99,'Trycia Schmeler',1,1653281203,1653615046);
INSERT INTO player VALUES('47ac6ad5c',99,'Lorenz Breitenberg',0,1653287171,1653657171);
INSERT INTO player VALUES('47cc4c750',99,'Rebeka Moen',0,1653290514,1653835141);
INSERT INTO player VALUES('47cd14a4b',99,'Mr. Holden Erdman Sr.',0,1653290596,1653327754);
INSERT INTO player VALUES('4811bec68',99,'Ryleigh Frami DDS',0,1653297796,1653428179);
INSERT INTO player VALUES('486cf4661',99,'Demarcus Price',1,1653307360,1653997970);
INSERT INTO player VALUES('4914705ba',99,'Mr. William Weissnat',1,1653324922,1653782528);
INSERT INTO player VALUES('49f5a89a1',99,'Malinda McKenzie',0,1653348538,1653707725);
INSERT INTO player VALUES('4a4af96d5',99,'Toney Kuhlman',0,1653357484,1653572293);
INSERT INTO player VALUES('4a6ab66dc',99,'Lura Welch',1,1653360812,1653521134);
INSERT INTO player VALUES('4aa31a787',99,'Carlotta Raynor',1,1653366725,1653699211);
INSERT INTO player VALUES('4ac28e391',99,'Ms. Emilie Padberg Jr.',0,1653370023,1653511644);
INSERT INTO player VALUES('4af61042f',99,'Luella Pagac',0,1653375424,1653972701);
INSERT INTO player VALUES('4c189e991',99,'Ardella Feeney',0,1653405891,1653894814);
INSERT INTO player VALUES('4c73b6e40',99,'Mya Funk',0,1653415443,1653616271);
INSERT INTO player VALUES('4c7f60bf6',99,'Lorena Kuhic',1,1653416666,1653766992);
INSERT INTO player VALUES('4cb377b5d',99,'Hollie Price',0,1653422128,1653706678);
INSERT INTO player VALUES('4cba0c485',99,'Laverna Lind',0,1653422818,1653783364);
INSERT INTO player VALUES('4cc213ed7',99,'Ms. Novella Kautzer Sr.',0,1653423660,1653652895);
INSERT INTO player VALUES('4d1376e2b',99,'Harmon Franecki',0,1653432194,1653491817);
INSERT INTO player VALUES('4e3d2280d',99,'Angel McCullough',1,1653463407,1654032736);
INSERT INTO player VALUES('4ee96f680',99,'Rowena Jones',0,1653481474,1653713357);
INSERT INTO player VALUES('4ef19e20b',99,'Jayme McClure III',0,1653482332,1653537804);
INSERT INTO player VALUES('4f0109e18',99,'Lennie Strosin',0,1653483949,1653844803);
INSERT INTO player VALUES('501c4a17b',99,'Ms. Maudie Bayer',0,1653513650,1653905358);
INSERT INTO player VALUES('5140d6a88',99,'Mr. Emanuel Fritsch MD',0,1653544326,1653580579);
INSERT INTO player VALUES('514c59720',99,'Dee Kunze',0,1653545533,1653645654);
INSERT INTO player VALUES('51af302df',99,'Pansy Will',0,1653555897,1653918794);
INSERT INTO player VALUES('51c27d930',99,'Skyla Boyer',0,1653557921,1653873623);
INSERT INTO player VALUES('52517e795',99,'Evan Smith',0,1653572916,1653911886);
INSERT INTO player VALUES('52ff2398d',99,'Sammie Abbott',0,1653591124,1653983864);
INSERT INTO player VALUES('53cf9a4a8',99,'Janice Quigley',0,1653612983,1653723018);
INSERT INTO player VALUES('549e59870',99,'Einar Konopelski',0,1653634662,1653986396);
INSERT INTO player VALUES('56fc33316',99,'Ms. Liliana Fahey DVM',0,1653698190,1653814783);
INSERT INTO player VALUES('57cccc141',99,'Genesis Blanda III',0,1653720063,1653906390);
INSERT INTO player VALUES('585985740',99,'Reinhold Crona',0,1653734819,1653740439);
INSERT INTO player VALUES('58686aee8',99,'Corbin West',0,1653736381,1653920824);
INSERT INTO player VALUES('59e17db4d',99,'Gretchen Gerlach',0,1653775920,1654040648);
INSERT INTO player VALUES('59e28f20d',99,'Lucienne Blanda',0,1653776032,1653993249);
INSERT INTO player VALUES('5a4c7bd72',99,'Mr. Kevin Schultz',1,1653787139,1654018324);
INSERT INTO player VALUES('5ae030567',99,'Edd Jacobi I',0,1653802627,1653850888);
INSERT INTO player VALUES('5ae30f336',99,'Eloy Schaden',0,1653802928,1653809955);
INSERT INTO player VALUES('5b0d251fd',99,'Ms. Luz Block',0,1653807341,1653832979);
INSERT INTO player VALUES('5b310f787',99,'Alison Bartell',0,1653811107,1653811352);
INSERT INTO player VALUES('5cd1e2014',99,'Garrett Kshlerin I',0,1653854814,1653889653);
INSERT INTO player VALUES('5e7cf50e6',99,'Justus Hammes',0,1653899596,1653922340);
INSERT INTO player VALUES('5f135ee9c',99,'Ms. Sabrina Ankunding',1,1653915368,1653923772);
INSERT INTO player VALUES('5f4c9c3cc',99,'Mr. Cyrus Morissette',0,1653921370,1654034029);
INSERT INTO player VALUES('60af3e60a',99,'Ms. Sandrine O"Reilly Sr.',0,1653958556,1653992547);
INSERT INTO player VALUES('610781954',99,'Hulda Emard',0,1653967811,1654021778);
INSERT INTO player VALUES('61b552a9f',99,'Ms. Candice Roberts',0,1653986037,1654006548);
INSERT INTO player VALUES('61f8391fb',99,'Sunny Adams',0,1653993052,1654002486);
INSERT INTO player VALUES('6224522cd',99,'Ms. Nedra Schimmel',0,1653997676,1654023511);
INSERT INTO player VALUES('62bf525e3',99,'Michale Rolfson DVM',0,1654013929,1654018598);
INSERT INTO player VALUES('638bffd3a',99,'Jessika Pfeffer',1,1654035391,1654040959);
CREATE TABLE IF NOT EXISTS IF NOT EXISTS "player_score" (
                              id VARCHAR(255) NOT NULL PRIMARY KEY,
                              tenant_id BIGINT NOT NULL,
                              player_id VARCHAR(255) NOT NULL,
                              competition_id VARCHAR(255) NOT NULL,
                              score BIGINT NOT NULL,
                              row_num BIGINT NOT NULL,
                              created_at BIGINT NOT NULL,
                              updated_at BIGINT NOT NULL
);
INSERT INTO player_score VALUES('62fdac44b',99,'29343d220','3d56b97bc',205842,1406,1654020467,1654020467);
INSERT INTO player_score VALUES('635745495',99,'29343d220','47cbcb110',59532,1505,1654029862,1654029862);
INSERT INTO player_score VALUES('62ec1b369',99,'29343d220','54616dd46',6570,1568,1654018625,1654018625);
INSERT INTO player_score VALUES('632ce3aed',99,'29343d220','596ceed7c',597520,1596,1654025418,1654025418);
INSERT INTO player_score VALUES('60eb13c1f',99,'29c71fad1','3d56b97bc',133570,1338,1653964830,1653964830);
INSERT INTO player_score VALUES('61ee1faa0',99,'29c71fad1','47cbcb110',4410,1426,1653991993,1653991993);
INSERT INTO player_score VALUES('627dd7aa5',99,'29c71fad1','54616dd46',95304,1515,1654007063,1654007063);
INSERT INTO player_score VALUES('63bbd85e0',99,'29c71fad1','596ceed7c',15904,1671,1654040408,1654040408);
INSERT INTO player_score VALUES('619b6e3c4',99,'2b1621655','3d56b97bc',396000,1366,1653983322,1653983322);
INSERT INTO player_score VALUES('6333672a5',99,'2b1621655','47cbcb110',6272,1497,1654026101,1654026101);
INSERT INTO player_score VALUES('62c8be77c',99,'2b1621655','596ceed7c',31556,1529,1654014917,1654014917);
INSERT INTO player_score VALUES('627196748',99,'2c756828e','3d56b97bc',63000,1390,1654005778,1654005778);
INSERT INTO player_score VALUES('62ae38eb3',99,'2c756828e','47cbcb110',71280,1470,1654012136,1654012136);
INSERT INTO player_score VALUES('63278eeb7',99,'2c756828e','54616dd46',180908,1589,1654024859,1654024859);
INSERT INTO player_score VALUES('6395cd991',99,'2c756828e','596ceed7c',2992,1649,1654036419,1654036419);
INSERT INTO player_score VALUES('6118f55f9',99,'2d4b6e307','3d56b97bc',479808,1347,1653969641,1653969641);
INSERT INTO player_score VALUES('61d453ac3',99,'2d4b6e307','54616dd46',15552,1425,1653989288,1653989288);
INSERT INTO player_score VALUES('63a2cacc8',99,'2d4b6e307','596ceed7c',11640,1656,1654037781,1654037781);
INSERT INTO player_score VALUES('638a39ba2',99,'2dac220d1','3d56b97bc',5880,1427,1654035205,1654035205);
INSERT INTO player_score VALUES('635053f03',99,'2dac220d1','54616dd46',840,1606,1654029134,1654029134);
INSERT INTO player_score VALUES('62704f4fd',99,'2dac220d1','596ceed7c',11760,1470,1654005644,1654005644);
INSERT INTO player_score VALUES('60edb0b1d',99,'2f2406116','3d56b97bc',18144,1339,1653965104,1653965104);
INSERT INTO player_score VALUES('62c5b1359',99,'2f2406116','47cbcb110',103151,1477,1654014597,1654014597);
INSERT INTO player_score VALUES('6341ba242',99,'2f2406116','54616dd46',322920,1600,1654027603,1654027603);
INSERT INTO player_score VALUES('63702bc9f',99,'2f2406116','596ceed7c',77000,1632,1654032473,1654032473);
INSERT INTO player_score VALUES('6338b9733',99,'3041fe17a','3d56b97bc',67068,1418,1654026659,1654026659);
INSERT INTO player_score VALUES('5eea531e7',99,'3041fe17a','47cbcb110',21105,1266,1653911064,1653911064);
INSERT INTO player_score VALUES('602a7b8fe',99,'3041fe17a','54616dd46',129200,1243,1653944635,1653944635);
INSERT INTO player_score VALUES('63333b355',99,'3041fe17a','596ceed7c',275968,1598,1654026083,1654026083);
INSERT INTO player_score VALUES('62e745684',99,'30fce2513','3d56b97bc',18900,1404,1654018118,1654018118);
INSERT INTO player_score VALUES('62b2eef92',99,'30fce2513','47cbcb110',160200,1474,1654012630,1654012630);
INSERT INTO player_score VALUES('62666b900',99,'30fce2513','54616dd46',164736,1502,1654004607,1654004607);
INSERT INTO player_score VALUES('6295e4e7c',99,'30fce2513','596ceed7c',493430,1497,1654009585,1654009585);
INSERT INTO player_score VALUES('63385a422',99,'31096f372','47cbcb110',431680,1498,1654026620,1654026620);
INSERT INTO player_score VALUES('634733834',99,'31096f372','54616dd46',728,1602,1654028177,1654028177);
INSERT INTO player_score VALUES('63760940d',99,'31096f372','596ceed7c',191250,1639,1654033088,1654033088);
INSERT INTO player_score VALUES('6319f5797',99,'31a6309c9','3d56b97bc',238520,1412,1654023433,1654023433);
INSERT INTO player_score VALUES('62acaafa5',99,'31a6309c9','54616dd46',248676,1541,1654011973,1654011973);
INSERT INTO player_score VALUES('63c546e75',99,'31a6309c9','596ceed7c',32760,1677,1654041397,1654041397);
INSERT INTO player_score VALUES('6134b5dd6',99,'33abb5f47','3d56b97bc',7992,1352,1653972551,1653972551);
INSERT INTO player_score VALUES('6262a4c8f',99,'33abb5f47','47cbcb110',15708,1452,1654004211,1654004211);
INSERT INTO player_score VALUES('62e1546d1',99,'33abb5f47','54616dd46',44640,1562,1654017495,1654017495);
INSERT INTO player_score VALUES('630e6dd2e',99,'33abb5f47','596ceed7c',30888,1580,1654022224,1654022224);
INSERT INTO player_score VALUES('62c1000d5',99,'344e76fe5','3d56b97bc',136500,1399,1654014105,1654014105);
INSERT INTO player_score VALUES('6179b7dc6',99,'344e76fe5','47cbcb110',12180,1406,1653979787,1653979787);
INSERT INTO player_score VALUES('62d0cd749',99,'344e76fe5','54616dd46',10452,1555,1654015762,1654015762);
INSERT INTO player_score VALUES('63b04e43d',99,'344e76fe5','596ceed7c',91260,1666,1654039198,1654039198);
INSERT INTO player_score VALUES('5f127e4c9',99,'35defd2a7','3d56b97bc',291555,1275,1653915276,1653915276);
INSERT INTO player_score VALUES('6293fa2b3',99,'35defd2a7','47cbcb110',980,1462,1654009384,1654009384);
INSERT INTO player_score VALUES('61771fd0d',99,'35defd2a7','54616dd46',74970,1382,1653979515,1653979515);
INSERT INTO player_score VALUES('635cb4e1e',99,'35defd2a7','596ceed7c',13728,1623,1654030432,1654030432);
INSERT INTO player_score VALUES('618f393ae',99,'3613cb3e4','3d56b97bc',153615,1364,1653982042,1653982042);
INSERT INTO player_score VALUES('6395bc7ee',99,'3613cb3e4','47cbcb110',2001,1518,1654036412,1654036412);
INSERT INTO player_score VALUES('628a5d3d2',99,'3613cb3e4','54616dd46',42840,1518,1654008376,1654008376);
INSERT INTO player_score VALUES('63bc04519',99,'3613cb3e4','596ceed7c',123000,1672,1654040426,1654040426);
INSERT INTO player_score VALUES('61a172c61',99,'36311c1d3','3d56b97bc',26448,1368,1653983953,1653983953);
INSERT INTO player_score VALUES('629227dc9',99,'36311c1d3','47cbcb110',495000,1461,1654009193,1654009193);
INSERT INTO player_score VALUES('614d001d3',99,'36311c1d3','54616dd46',728,1366,1653975098,1653975098);
INSERT INTO player_score VALUES('62d8dc6f7',99,'36311c1d3','596ceed7c',242688,1538,1654016607,1654016607);
INSERT INTO player_score VALUES('60f8a0fd8',99,'37f5615ec','3d56b97bc',383732,1340,1653966251,1653966251);
INSERT INTO player_score VALUES('6363c1140',99,'37f5615ec','47cbcb110',124416,1507,1654031171,1654031171);
INSERT INTO player_score VALUES('6278a9f8c',99,'37f5615ec','54616dd46',1960,1512,1654006520,1654006520);
INSERT INTO player_score VALUES('638432c0d',99,'37f5615ec','596ceed7c',220400,1643,1654034573,1654034573);
INSERT INTO player_score VALUES('6337d66b8',99,'384902101','3d56b97bc',26320,1417,1654026566,1654026566);
INSERT INTO player_score VALUES('639ffd058',99,'384902101','47cbcb110',86765,1522,1654037487,1654037487);
INSERT INTO player_score VALUES('631a76e08',99,'384902101','54616dd46',316944,1582,1654023486,1654023486);
INSERT INTO player_score VALUES('6315f8fa4',99,'384902101','596ceed7c',213180,1587,1654023015,1654023015);
INSERT INTO player_score VALUES('62feb8d7a',99,'385b60349','3d56b97bc',690,1407,1654020577,1654020577);
INSERT INTO player_score VALUES('62d4b66ce',99,'385b60349','47cbcb110',34860,1479,1654016172,1654016172);
INSERT INTO player_score VALUES('6272463ba',99,'385b60349','54616dd46',56637,1508,1654005850,1654005850);
INSERT INTO player_score VALUES('636587302',99,'385b60349','596ceed7c',1656,1626,1654031357,1654031357);
INSERT INTO player_score VALUES('63b816712',99,'38ead8bb5','3d56b97bc',197392,1434,1654040014,1654040014);
INSERT INTO player_score VALUES('62b237dc4',99,'38ead8bb5','47cbcb110',48048,1473,1654012555,1654012555);
INSERT INTO player_score VALUES('62e52019b',99,'38ead8bb5','54616dd46',0,1563,1654017893,1654017893);
INSERT INTO player_score VALUES('6311f7958',99,'38ead8bb5','596ceed7c',327080,1581,1654022595,1654022595);
INSERT INTO player_score VALUES('635667201',99,'392217ce1','3d56b97bc',98400,1421,1654029771,1654029771);
INSERT INTO player_score VALUES('62eb5572f',99,'392217ce1','47cbcb110',130680,1487,1654018544,1654018544);
INSERT INTO player_score VALUES('62e823961',99,'392217ce1','54616dd46',3696,1564,1654018209,1654018209);
INSERT INTO player_score VALUES('63be3ab5a',99,'392217ce1','596ceed7c',35700,1675,1654040658,1654040658);
INSERT INTO player_score VALUES('637398437',99,'39d9e0219','47cbcb110',141174,1516,1654032832,1654032832);
INSERT INTO player_score VALUES('630d5782b',99,'39d9e0219','54616dd46',172856,1575,1654022110,1654022110);
INSERT INTO player_score VALUES('63aa44db3',99,'39d9e0219','596ceed7c',128592,1662,1654038565,1654038565);
INSERT INTO player_score VALUES('624ef825b',99,'3a2b0d656','3d56b97bc',5472,1387,1654002148,1654002148);
INSERT INTO player_score VALUES('62ec86a02',99,'3a2b0d656','47cbcb110',32912,1488,1654018669,1654018669);
INSERT INTO player_score VALUES('630e5cb9f',99,'3a2b0d656','54616dd46',197372,1577,1654022217,1654022217);
INSERT INTO player_score VALUES('625e6daf1',99,'3a2b0d656','596ceed7c',106029,1457,1654003769,1654003769);
INSERT INTO player_score VALUES('57efd5c98',99,'3c894d927','3d56b97bc',165464,1009,1653723737,1653723737);
INSERT INTO player_score VALUES('62a34ff0c',99,'3c894d927','54616dd46',5848,1533,1654010992,1654010992);
INSERT INTO player_score VALUES('62d7e36d6',99,'3c894d927','596ceed7c',230100,1537,1654016505,1654016505);
INSERT INTO player_score VALUES('637da7f47',99,'3cae4209d','3d56b97bc',33792,1425,1654033887,1654033887);
INSERT INTO player_score VALUES('62622f97a',99,'3cae4209d','47cbcb110',121068,1451,1654004163,1654004163);
INSERT INTO player_score VALUES('6265d6a29',99,'3cae4209d','54616dd46',24299,1500,1654004546,1654004546);
INSERT INTO player_score VALUES('6345db45e',99,'3cae4209d','596ceed7c',47740,1612,1654028036,1654028036);
INSERT INTO player_score VALUES('6217cc9d0',99,'3d1d7264d','3d56b97bc',74844,1380,1653996363,1653996363);
INSERT INTO player_score VALUES('63724eab4',99,'3d1d7264d','47cbcb110',7696,1515,1654032697,1654032697);
INSERT INTO player_score VALUES('63a815c50',99,'3d1d7264d','596ceed7c',326308,1660,1654038336,1654038336);
INSERT INTO player_score VALUES('6124dc3ae',99,'3da1a526d','3d56b97bc',3822,1350,1653970889,1653970889);
INSERT INTO player_score VALUES('63a6e97b2',99,'3da1a526d','47cbcb110',2964,1524,1654038213,1654038213);
INSERT INTO player_score VALUES('630609643',99,'3da1a526d','54616dd46',75240,1574,1654021344,1654021344);
INSERT INTO player_score VALUES('630ac1e3f',99,'3da1a526d','596ceed7c',135415,1576,1654021839,1654021839);
INSERT INTO player_score VALUES('636470dd3',99,'3e185bcbd','3d56b97bc',353976,1424,1654031243,1654031243);
INSERT INTO player_score VALUES('63518c6ee',99,'3e185bcbd','47cbcb110',144478,1503,1654029262,1654029262);
INSERT INTO player_score VALUES('62e9ee926',99,'3e185bcbd','54616dd46',12616,1566,1654018397,1654018397);
INSERT INTO player_score VALUES('63b4b3c10',99,'3e185bcbd','596ceed7c',51156,1667,1654039659,1654039659);
INSERT INTO player_score VALUES('5fa27aa91',99,'4045023ad','3d56b97bc',322560,1293,1653930374,1653930374);
INSERT INTO player_score VALUES('6257e7bf2',99,'4045023ad','54616dd46',602176,1492,1654003085,1654003085);
INSERT INTO player_score VALUES('61a3cdcc1',99,'42981c6bd','3d56b97bc',7566,1369,1653984200,1653984200);
INSERT INTO player_score VALUES('62feac9e4',99,'42981c6bd','54616dd46',43056,1571,1654020572,1654020572);
INSERT INTO player_score VALUES('62ffd8e95',99,'42981c6bd','596ceed7c',232320,1569,1654020695,1654020695);
INSERT INTO player_score VALUES('609e5f87d',99,'431b42a54','3d56b97bc',10168,1326,1653956787,1653956787);
INSERT INTO player_score VALUES('63081b2bd',99,'431b42a54','47cbcb110',39600,1493,1654021561,1654021561);
INSERT INTO player_score VALUES('62312ac19',99,'431b42a54','54616dd46',37200,1472,1653999023,1653999023);
INSERT INTO player_score VALUES('63bf0f1ee',99,'431b42a54','596ceed7c',8060,1676,1654040745,1654040745);
INSERT INTO player_score VALUES('5f1486567',99,'4383cae3b','47cbcb110',45724,1278,1653915489,1653915489);
INSERT INTO player_score VALUES('62de86a39',99,'4383cae3b','54616dd46',168480,1560,1654017201,1654017201);
INSERT INTO player_score VALUES('638e2ee6b',99,'4383cae3b','596ceed7c',19800,1646,1654035620,1654035620);
INSERT INTO player_score VALUES('6271dad32',99,'43d5a3081','3d56b97bc',175725,1391,1654005806,1654005806);
INSERT INTO player_score VALUES('612f30492',99,'43d5a3081','47cbcb110',5822,1383,1653971972,1653971972);
INSERT INTO player_score VALUES('6327f5792',99,'43d5a3081','54616dd46',80000,1590,1654024901,1654024901);
INSERT INTO player_score VALUES('639b4965c',99,'43d5a3081','596ceed7c',7426,1652,1654036994,1654036994);
INSERT INTO player_score VALUES('61c0a70f3',99,'477380856','3d56b97bc',10660,1373,1653987225,1653987225);
INSERT INTO player_score VALUES('63b833bd2',99,'477380856','47cbcb110',20160,1527,1654040026,1654040026);
INSERT INTO player_score VALUES('633b2a752',99,'477380856','54616dd46',125952,1596,1654026915,1654026915);
INSERT INTO player_score VALUES('63a183a5d',99,'477380856','596ceed7c',585200,1655,1654037647,1654037647);
INSERT INTO player_score VALUES('63633fb07',99,'47ac6ad5c','3d56b97bc',0,1423,1654031118,1654031118);
INSERT INTO player_score VALUES('6363f93c8',99,'47ac6ad5c','47cbcb110',455670,1508,1654031194,1654031194);
INSERT INTO player_score VALUES('61d07477c',99,'47cc4c750','3d56b97bc',1372,1375,1653988882,1653988882);
INSERT INTO player_score VALUES('6174d5de5',99,'47cc4c750','47cbcb110',27225,1405,1653979275,1653979275);
INSERT INTO player_score VALUES('63335fd69',99,'47cc4c750','54616dd46',142800,1595,1654026098,1654026098);
INSERT INTO player_score VALUES('627ef54cc',99,'47cd14a4b','3d56b97bc',0,1395,1654007180,1654007180);
INSERT INTO player_score VALUES('62e4d6d8b',99,'47cd14a4b','47cbcb110',37843,1485,1654017863,1654017863);
INSERT INTO player_score VALUES('62e8e2043',99,'47cd14a4b','596ceed7c',38400,1550,1654018287,1654018287);
INSERT INTO player_score VALUES('630c6f90a',99,'4811bec68','3d56b97bc',49504,1409,1654022015,1654022015);
INSERT INTO player_score VALUES('60417006c',99,'4811bec68','47cbcb110',140306,1334,1653947042,1653947042);
INSERT INTO player_score VALUES('61baa283a',99,'4811bec68','54616dd46',381600,1408,1653986594,1653986594);
INSERT INTO player_score VALUES('6336c4f94',99,'4811bec68','596ceed7c',483368,1602,1654026454,1654026454);
INSERT INTO player_score VALUES('6310b2e31',99,'486cf4661','3d56b97bc',109620,1410,1654022462,1654022462);
INSERT INTO player_score VALUES('62c10eb5b',99,'486cf4661','54616dd46',4750,1547,1654014111,1654014111);
INSERT INTO player_score VALUES('639b90356',99,'486cf4661','596ceed7c',554580,1653,1654037023,1654037023);
INSERT INTO player_score VALUES('5da086678',99,'4914705ba','3d56b97bc',54432,1216,1653876482,1653876482);
INSERT INTO player_score VALUES('62e039393',99,'4914705ba','47cbcb110',4880,1484,1654017379,1654017379);
INSERT INTO player_score VALUES('62ea48e6b',99,'4914705ba','54616dd46',180711,1567,1654018434,1654018434);
INSERT INTO player_score VALUES('632c4c4d3',99,'4914705ba','596ceed7c',16562,1595,1654025356,1654025356);
INSERT INTO player_score VALUES('63b594592',99,'49f5a89a1','3d56b97bc',68400,1432,1654039751,1654039751);
INSERT INTO player_score VALUES('631b92145',99,'49f5a89a1','47cbcb110',20280,1495,1654023602,1654023602);
INSERT INTO player_score VALUES('6329db4d6',99,'49f5a89a1','54616dd46',58351,1592,1654025100,1654025100);
INSERT INTO player_score VALUES('6365ae418',99,'49f5a89a1','596ceed7c',3570,1627,1654031373,1654031373);
INSERT INTO player_score VALUES('60e7f089c',99,'4a4af96d5','47cbcb110',125136,1366,1653964501,1653964501);
INSERT INTO player_score VALUES('62b9a0d4d',99,'4a4af96d5','54616dd46',4800,1545,1654013332,1654013332);
INSERT INTO player_score VALUES('6384500e3',99,'4a4af96d5','596ceed7c',183352,1644,1654034585,1654034585);
INSERT INTO player_score VALUES('6203751bc',99,'4a6ab66dc','3d56b97bc',45760,1379,1653994230,1653994230);
INSERT INTO player_score VALUES('626e510c4',99,'4a6ab66dc','47cbcb110',17290,1453,1654005435,1654005435);
INSERT INTO player_score VALUES('634c6fdb1',99,'4a6ab66dc','54616dd46',239040,1604,1654028726,1654028726);
INSERT INTO player_score VALUES('6231ee130',99,'4a6ab66dc','596ceed7c',227205,1433,1653999103,1653999103);
INSERT INTO player_score VALUES('6247e232f',99,'4aa31a787','47cbcb110',95265,1445,1654001405,1654001405);
INSERT INTO player_score VALUES('634018aa2',99,'4aa31a787','54616dd46',69720,1599,1654027432,1654027432);
INSERT INTO player_score VALUES('63a8ec9b0',99,'4aa31a787','596ceed7c',53040,1661,1654038424,1654038424);
INSERT INTO player_score VALUES('639461cfa',99,'4ac28e391','3d56b97bc',74550,1430,1654036270,1654036270);
INSERT INTO player_score VALUES('636578877',99,'4ac28e391','47cbcb110',38896,1509,1654031351,1654031351);
INSERT INTO player_score VALUES('635095df1',99,'4ac28e391','54616dd46',138840,1607,1654029161,1654029161);
INSERT INTO player_score VALUES('5ff9e7057',99,'4ac28e391','596ceed7c',99076,1067,1653939541,1653939541);
INSERT INTO player_score VALUES('6386cfb16',99,'4af61042f','3d56b97bc',5568,1426,1654034847,1654034847);
INSERT INTO player_score VALUES('629d2e222',99,'4af61042f','47cbcb110',619084,1465,1654010349,1654010349);
INSERT INTO player_score VALUES('60ae714b8',99,'4c189e991','47cbcb110',262727,1355,1653958472,1653958472);
INSERT INTO player_score VALUES('624ea2b2c',99,'4c189e991','54616dd46',89503,1487,1654002113,1654002113);
INSERT INTO player_score VALUES('63a8023c7',99,'4c189e991','596ceed7c',330176,1659,1654038328,1654038328);
INSERT INTO player_score VALUES('63480097d',99,'4c73b6e40','3d56b97bc',93600,1419,1654028261,1654028261);
INSERT INTO player_score VALUES('639751c72',99,'4c73b6e40','47cbcb110',34162,1520,1654036578,1654036578);
INSERT INTO player_score VALUES('62191d8b6',99,'4c73b6e40','54616dd46',53108,1459,1653996501,1653996501);
INSERT INTO player_score VALUES('62aa09219',99,'4c73b6e40','596ceed7c',37848,1509,1654011697,1654011697);
INSERT INTO player_score VALUES('634ae9384',99,'4c7f60bf6','54616dd46',68040,1603,1654028566,1654028566);
INSERT INTO player_score VALUES('631396a09',99,'4c7f60bf6','596ceed7c',1848,1584,1654022765,1654022765);
INSERT INTO player_score VALUES('63b833bd1',99,'4cb377b5d','3d56b97bc',1740,1435,1654040026,1654040026);
INSERT INTO player_score VALUES('63449b74d',99,'4cb377b5d','47cbcb110',12096,1501,1654027905,1654027905);
INSERT INTO player_score VALUES('62db28d63',99,'4cb377b5d','596ceed7c',202048,1539,1654016848,1654016848);
INSERT INTO player_score VALUES('56b702c9e',99,'4cba0c485','3d56b97bc',26640,952,1653690935,1653690935);
INSERT INTO player_score VALUES('62d71b37e',99,'4cba0c485','47cbcb110',88924,1481,1654016423,1654016423);
INSERT INTO player_score VALUES('631aa2d0f',99,'4cba0c485','54616dd46',323334,1583,1654023504,1654023504);
INSERT INTO player_score VALUES('62de2c51f',99,'4cba0c485','596ceed7c',430430,1543,1654017164,1654017164);
INSERT INTO player_score VALUES('63c117240',99,'4cc213ed7','47cbcb110',4050,1529,1654040958,1654040958);
INSERT INTO player_score VALUES('628a81da7',99,'4cc213ed7','54616dd46',287844,1519,1654008391,1654008391);
INSERT INTO player_score VALUES('63abf016b',99,'4cc213ed7','596ceed7c',244200,1664,1654038740,1654038740);
INSERT INTO player_score VALUES('62384a7b1',99,'4d1376e2b','3d56b97bc',178555,1384,1653999770,1653999770);
INSERT INTO player_score VALUES('62d867456',99,'4d1376e2b','47cbcb110',167040,1482,1654016559,1654016559);
INSERT INTO player_score VALUES('636fcc95b',99,'4d1376e2b','596ceed7c',462644,1630,1654032434,1654032434);
INSERT INTO player_score VALUES('60303946c',99,'4e3d2280d','3d56b97bc',70,1314,1653945237,1653945237);
INSERT INTO player_score VALUES('61a30a7ac',99,'4e3d2280d','47cbcb110',189728,1414,1653984120,1653984120);
INSERT INTO player_score VALUES('6254f2e99',99,'4e3d2280d','54616dd46',279456,1490,1654002775,1654002775);
INSERT INTO player_score VALUES('634fd2898',99,'4e3d2280d','596ceed7c',26460,1616,1654029081,1654029081);
INSERT INTO player_score VALUES('5fedfb459',99,'4ee96f680','3d56b97bc',179800,1306,1653938291,1653938291);
INSERT INTO player_score VALUES('62d6f1b8c',99,'4ee96f680','47cbcb110',106029,1480,1654016406,1654016406);
INSERT INTO player_score VALUES('6321fab48',99,'4ee96f680','54616dd46',62805,1587,1654024274,1654024274);
INSERT INTO player_score VALUES('63c6d9c16',99,'4ee96f680','596ceed7c',3744,1678,1654041562,1654041562);
INSERT INTO player_score VALUES('632f94250',99,'4ef19e20b','3d56b97bc',0,1415,1654025700,1654025700);
INSERT INTO player_score VALUES('62b02617b',99,'4ef19e20b','47cbcb110',60270,1472,1654012338,1654012338);
INSERT INTO player_score VALUES('62feac9e5',99,'4ef19e20b','54616dd46',145912,1572,1654020572,1654020572);
INSERT INTO player_score VALUES('63a375b17',99,'4ef19e20b','596ceed7c',893564,1658,1654037851,1654037851);
INSERT INTO player_score VALUES('6223321b7',99,'4f0109e18','47cbcb110',27324,1435,1653997558,1653997558);
INSERT INTO player_score VALUES('6226ef245',99,'4f0109e18','54616dd46',264480,1462,1653997950,1653997950);
INSERT INTO player_score VALUES('632a778c7',99,'4f0109e18','596ceed7c',315414,1594,1654025164,1654025164);
INSERT INTO player_score VALUES('6008a7e0f',99,'501c4a17b','3d56b97bc',21525,1310,1653941088,1653941088);
INSERT INTO player_score VALUES('60fb78865',99,'501c4a17b','47cbcb110',3330,1372,1653966549,1653966549);
INSERT INTO player_score VALUES('633b89ae8',99,'501c4a17b','54616dd46',44968,1597,1654026954,1654026954);
INSERT INTO player_score VALUES('63b530415',99,'501c4a17b','596ceed7c',25200,1668,1654039710,1654039710);
INSERT INTO player_score VALUES('62fa8df13',99,'5140d6a88','3d56b97bc',72468,1405,1654020140,1654020140);
INSERT INTO player_score VALUES('62a151b43',99,'5140d6a88','47cbcb110',159030,1467,1654010783,1654010783);
INSERT INTO player_score VALUES('6315333be',99,'5140d6a88','54616dd46',49400,1579,1654022934,1654022934);
INSERT INTO player_score VALUES('62e39495e',99,'5140d6a88','596ceed7c',61100,1547,1654017731,1654017731);
INSERT INTO player_score VALUES('632b8de28',99,'514c59720','3d56b97bc',198912,1414,1654025278,1654025278);
INSERT INTO player_score VALUES('63acc47e0',99,'514c59720','47cbcb110',51646,1525,1654038827,1654038827);
INSERT INTO player_score VALUES('6233d65d3',99,'514c59720','596ceed7c',322848,1435,1653999303,1653999303);
INSERT INTO player_score VALUES('624438b0a',99,'51af302df','3d56b97bc',22100,1386,1654001021,1654001021);
INSERT INTO player_score VALUES('60eb162fd',99,'51af302df','47cbcb110',187758,1367,1653964831,1653964831);
INSERT INTO player_score VALUES('625d6ae20',99,'51af302df','54616dd46',19716,1497,1654003663,1654003663);
INSERT INTO player_score VALUES('63a2ea883',99,'51af302df','596ceed7c',401500,1657,1654037794,1654037794);
INSERT INTO player_score VALUES('621d3273b',99,'51c27d930','47cbcb110',14740,1433,1653996929,1653996929);
INSERT INTO player_score VALUES('626cd4326',99,'51c27d930','54616dd46',108576,1504,1654005279,1654005279);
INSERT INTO player_score VALUES('62fabec4f',99,'51c27d930','596ceed7c',74256,1561,1654020160,1654020160);
INSERT INTO player_score VALUES('62b8462b1',99,'52517e795','3d56b97bc',131008,1398,1654013190,1654013190);
INSERT INTO player_score VALUES('617384f39',99,'52517e795','47cbcb110',147840,1404,1653979137,1653979137);
INSERT INTO player_score VALUES('610657b98',99,'52517e795','54616dd46',7392,1328,1653967689,1653967689);
INSERT INTO player_score VALUES('633ea5906',99,'52517e795','596ceed7c',166848,1610,1654027280,1654027280);
INSERT INTO player_score VALUES('616464e3c',99,'52ff2398d','3d56b97bc',47250,1362,1653977551,1653977551);
INSERT INTO player_score VALUES('6354be517',99,'52ff2398d','47cbcb110',752720,1504,1654029597,1654029597);
INSERT INTO player_score VALUES('634e18a84',99,'52ff2398d','54616dd46',9576,1605,1654028900,1654028900);
INSERT INTO player_score VALUES('63b5770d4',99,'52ff2398d','596ceed7c',123120,1669,1654039739,1654039739);
INSERT INTO player_score VALUES('63b6071a0',99,'53cf9a4a8','3d56b97bc',196384,1433,1654039798,1654039798);
INSERT INTO player_score VALUES('63482c8a4',99,'53cf9a4a8','47cbcb110',14553,1502,1654028279,1654028279);
INSERT INTO player_score VALUES('629da835a',99,'53cf9a4a8','54616dd46',26784,1531,1654010399,1654010399);
INSERT INTO player_score VALUES('62ce467c1',99,'53cf9a4a8','596ceed7c',58480,1534,1654015497,1654015497);
INSERT INTO player_score VALUES('5e5f7358e',99,'549e59870','3d56b97bc',63360,1245,1653896502,1653896502);
INSERT INTO player_score VALUES('62caa92f3',99,'549e59870','47cbcb110',320006,1478,1654015118,1654015118);
INSERT INTO player_score VALUES('6278d3797',99,'549e59870','54616dd46',174794,1513,1654006537,1654006537);
INSERT INTO player_score VALUES('63b969cf9',99,'549e59870','596ceed7c',43659,1670,1654040153,1654040153);
INSERT INTO player_score VALUES('60a3fd85c',99,'56fc33316','3d56b97bc',260832,1329,1653957376,1653957376);
INSERT INTO player_score VALUES('631d1b27d',99,'56fc33316','54616dd46',86400,1584,1654023763,1654023763);
INSERT INTO player_score VALUES('626e92fbb',99,'57cccc141','3d56b97bc',179400,1389,1654005462,1654005462);
INSERT INTO player_score VALUES('624639630',99,'57cccc141','47cbcb110',237360,1444,1654001231,1654001231);
INSERT INTO player_score VALUES('6228d76b7',99,'57cccc141','54616dd46',3465,1467,1653998150,1653998150);
INSERT INTO player_score VALUES('63391d913',99,'585985740','47cbcb110',214320,1499,1654026700,1654026700);
INSERT INTO player_score VALUES('6314a32ee',99,'585985740','54616dd46',1836,1578,1654022875,1654022875);
INSERT INTO player_score VALUES('62ec64734',99,'585985740','596ceed7c',49104,1554,1654018655,1654018655);
INSERT INTO player_score VALUES('617cd3c61',99,'58686aee8','47cbcb110',155306,1407,1653980113,1653980113);
INSERT INTO player_score VALUES('6202c2de9',99,'58686aee8','54616dd46',77314,1447,1653994157,1653994157);
INSERT INTO player_score VALUES('620961365',99,'58686aee8','596ceed7c',190568,1396,1653994851,1653994851);
INSERT INTO player_score VALUES('62f3fbcbb',99,'59e17db4d','47cbcb110',58032,1490,1654019451,1654019451);
INSERT INTO player_score VALUES('6343ce5fc',99,'59e17db4d','54616dd46',167164,1601,1654027821,1654027821);
INSERT INTO player_score VALUES('63685eb7a',99,'59e17db4d','596ceed7c',62622,1629,1654031655,1654031655);
INSERT INTO player_score VALUES('63b40667a',99,'59e28f20d','3d56b97bc',61824,1431,1654039588,1654039588);
INSERT INTO player_score VALUES('6160e270b',99,'59e28f20d','47cbcb110',363204,1400,1653977183,1653977183);
INSERT INTO player_score VALUES('6265e7bdd',99,'59e28f20d','54616dd46',333775,1501,1654004553,1654004553);
INSERT INTO player_score VALUES('6371d97bf',99,'59e28f20d','596ceed7c',95472,1634,1654032649,1654032649);
INSERT INTO player_score VALUES('62b9d8fd4',99,'5a4c7bd72','54616dd46',238784,1546,1654013355,1654013355);
INSERT INTO player_score VALUES('62e803d8f',99,'5a4c7bd72','596ceed7c',503712,1549,1654018196,1654018196);
INSERT INTO player_score VALUES('607ee2022',99,'5ae030567','3d56b97bc',107016,1323,1653953485,1653953485);
INSERT INTO player_score VALUES('639ad9169',99,'5ae030567','47cbcb110',0,1521,1654036948,1654036948);
INSERT INTO player_score VALUES('6321af08b',99,'5ae030567','54616dd46',84490,1586,1654024243,1654024243);
INSERT INTO player_score VALUES('637cb3d20',99,'5ae030567','596ceed7c',97500,1642,1654033787,1654033787);
INSERT INTO player_score VALUES('6356efd62',99,'5ae30f336','3d56b97bc',148716,1422,1654029827,1654029827);
INSERT INTO player_score VALUES('60ede8db9',99,'5ae30f336','47cbcb110',139392,1368,1653965127,1653965127);
INSERT INTO player_score VALUES('62d5467c4',99,'5ae30f336','54616dd46',150626,1556,1654016231,1654016231);
INSERT INTO player_score VALUES('635c00377',99,'5ae30f336','596ceed7c',110352,1622,1654030358,1654030358);
INSERT INTO player_score VALUES('63939c0e5',99,'5b0d251fd','3d56b97bc',105336,1429,1654036189,1654036189);
INSERT INTO player_score VALUES('6329e02e7',99,'5b0d251fd','47cbcb110',37000,1496,1654025102,1654025102);
INSERT INTO player_score VALUES('62a751583',99,'5b0d251fd','54616dd46',9792,1537,1654011412,1654011412);
INSERT INTO player_score VALUES('63bcf11e8',99,'5b0d251fd','596ceed7c',21056,1673,1654040523,1654040523);
INSERT INTO player_score VALUES('60fcf5635',99,'5b310f787','3d56b97bc',228150,1341,1653966705,1653966705);
INSERT INTO player_score VALUES('62e5a6600',99,'5b310f787','47cbcb110',350610,1486,1654017948,1654017948);
INSERT INTO player_score VALUES('62b58e5bf',99,'5b310f787','54616dd46',20736,1544,1654012905,1654012905);
INSERT INTO player_score VALUES('62beb3ac2',99,'5b310f787','596ceed7c',644840,1524,1654013864,1654013864);
INSERT INTO player_score VALUES('6207d0d53',99,'5cd1e2014','47cbcb110',7872,1431,1653994687,1653994687);
INSERT INTO player_score VALUES('62d8bcb3a',99,'5cd1e2014','54616dd46',53922,1557,1654016594,1654016594);
INSERT INTO player_score VALUES('63350b156',99,'5cd1e2014','596ceed7c',0,1600,1654026273,1654026273);
INSERT INTO player_score VALUES('5dd33405e',99,'5e7cf50e6','3d56b97bc',74496,1227,1653881796,1653881796);
INSERT INTO player_score VALUES('61bdad53c',99,'5e7cf50e6','47cbcb110',20468,1417,1653986913,1653986913);
INSERT INTO player_score VALUES('6261b3151',99,'5e7cf50e6','54616dd46',0,1499,1654004112,1654004112);
INSERT INTO player_score VALUES('63427893f',99,'5e7cf50e6','596ceed7c',189200,1611,1654027681,1654027681);
INSERT INTO player_score VALUES('5f5d196c1',99,'5f135ee9c','3d56b97bc',436128,1284,1653923099,1653923099);
INSERT INTO player_score VALUES('63a593af0',99,'5f135ee9c','47cbcb110',415044,1523,1654038073,1654038073);
INSERT INTO player_score VALUES('633f3cf24',99,'5f135ee9c','54616dd46',60918,1598,1654027342,1654027342);
INSERT INTO player_score VALUES('637970d68',99,'5f135ee9c','596ceed7c',374976,1641,1654033445,1654033445);
INSERT INTO player_score VALUES('6305db02b',99,'5f4c9c3cc','3d56b97bc',267444,1408,1654021325,1654021325);
INSERT INTO player_score VALUES('630c0de84',99,'5f4c9c3cc','47cbcb110',48060,1494,1654021975,1654021975);
INSERT INTO player_score VALUES('62356b9f1',99,'5f4c9c3cc','54616dd46',339450,1474,1653999469,1653999469);
INSERT INTO player_score VALUES('62ce503f2',99,'5f4c9c3cc','596ceed7c',25284,1535,1654015501,1654015501);
INSERT INTO player_score VALUES('625da098c',99,'60af3e60a','3d56b97bc',536640,1388,1654003685,1654003685);
INSERT INTO player_score VALUES('63be902b0',99,'60af3e60a','47cbcb110',90896,1528,1654040693,1654040693);
INSERT INTO player_score VALUES('6293d31cd',99,'60af3e60a','54616dd46',118358,1526,1654009368,1654009368);
INSERT INTO player_score VALUES('60c20cd32',99,'60af3e60a','596ceed7c',4920,1205,1653960528,1653960528);
INSERT INTO player_score VALUES('60bfec66d',99,'610781954','3d56b97bc',139104,1332,1653960305,1653960305);
INSERT INTO player_score VALUES('6254395d7',99,'610781954','54616dd46',293280,1489,1654002699,1654002699);
INSERT INTO player_score VALUES('638869dda',99,'610781954','596ceed7c',204820,1645,1654035015,1654035015);
INSERT INTO player_score VALUES('5f38de870',99,'61b552a9f','3d56b97bc',139062,1283,1653919300,1653919300);
INSERT INTO player_score VALUES('6259b2ba8',99,'61b552a9f','47cbcb110',20592,1449,1654003273,1654003273);
INSERT INTO player_score VALUES('632ca1c5b',99,'61b552a9f','54616dd46',215468,1593,1654025391,1654025391);
INSERT INTO player_score VALUES('63064b4dd',99,'61b552a9f','596ceed7c',132800,1571,1654021371,1654021371);
INSERT INTO player_score VALUES('623887869',99,'61f8391fb','3d56b97bc',35640,1385,1653999795,1653999795);
INSERT INTO player_score VALUES('63ad807de',99,'61f8391fb','47cbcb110',30544,1526,1654038904,1654038904);
INSERT INTO player_score VALUES('6202e9f36',99,'61f8391fb','54616dd46',82720,1448,1653994173,1653994173);
INSERT INTO player_score VALUES('63bd7ebad',99,'61f8391fb','596ceed7c',75684,1674,1654040581,1654040581);
INSERT INTO player_score VALUES('6369ca805',99,'6224522cd','47cbcb110',413250,1511,1654031804,1654031804);
INSERT INTO player_score VALUES('62f4bf203',99,'6224522cd','596ceed7c',46620,1560,1654019531,1654019531);
INSERT INTO player_score VALUES('632418b43',99,'62bf525e3','3d56b97bc',144480,1413,1654024496,1654024496);
INSERT INTO player_score VALUES('636a5cf87',99,'62bf525e3','47cbcb110',70080,1512,1654031864,1654031864);
INSERT INTO player_score VALUES('6373146b3',99,'62bf525e3','596ceed7c',4680,1636,1654032778,1654032778);
INSERT INTO player_score VALUES('61755c260',99,'638bffd3a','3d56b97bc',366860,1363,1653979330,1653979330);
INSERT INTO player_score VALUES('5ba8b0789',99,'638bffd3a','47cbcb110',255915,1071,1653823651,1653823651);
INSERT INTO player_score VALUES('63ac9fde9',99,'638bffd3a','596ceed7c',9450,1665,1654038812,1654038812);
COMMIT;
